date,step,model,params,delta,p_short,p_flat,p_long,mu_hat,position,realised_o2c,financing,calibration_skipped
2019-03-21,0,majority_baseline,{},0,0.2729545228,0.4601682731,0.2668772041,7.327375669e-05,0,-0.01401737609,1.84760274e-05,False
2019-03-22,0,majority_baseline,{},0,0.2729545228,0.4601682731,0.2668772041,7.327375669e-05,0,0.000609651319,1.825342466e-05,False
2019-03-25,0,majority_baseline,{},0,0.2729545228,0.4601682731,0.2668772041,7.327375669e-05,0,0.000462667283,1.825342466e-05,False
2019-03-26,0,majority_baseline,{},0,0.2729545228,0.4601682731,0.2668772041,7.327375669e-05,0,-0.005193666562,1.825342466e-05,False
2019-03-27,0,majority_baseline,{},0,0.2729545228,0.4601682731,0.2668772041,7.327375669e-05,0,0.001284056963,1.810502283e-05,False
2019-03-28,0,majority_baseline,{},0,0.2729545228,0.4601682731,0.2668772041,7.327375669e-05,0,0.0003186954712,1.803082192e-05,False
2019-03-29,0,majority_baseline,{},0,0.2729545228,0.4601682731,0.2668772041,7.327375669e-05,0,0.003968999875,1.780821918e-05,False
2019-04-01,0,majority_baseline,{},0,0.2729545228,0.4601682731,0.2668772041,7.327375669e-05,0,-0.0002447466589,1.803082192e-05,False
2019-04-02,0,majority_baseline,{},0,0.2729545228,0.4601682731,0.2668772041,7.327375669e-05,0,-0.003132374362,1.7956621e-05,False
2019-04-03,0,majority_baseline,{},0,0.2729545228,0.4601682731,0.2668772041,7.327375669e-05,0,0.001394775957,1.810502283e-05,False
2019-04-04,0,majority_baseline,{},0,0.2729545228,0.4601682731,0.2668772041,7.327375669e-05,0,0.002257550192,1.810502283e-05,False
2019-04-05,0,majority_baseline,{},0,0.2729545228,0.4601682731,0.2668772041,7.327375669e-05,0,0.002395009985,1.810502283e-05,False
2019-04-08,0,majority_baseline,{},0,0.2729545228,0.4601682731,0.2668772041,7.327375669e-05,0,-0.001425009338,1.803082192e-05,False
2019-04-09,0,majority_baseline,{},0,0.2729545228,0.4601682731,0.2668772041,7.327375669e-05,0,0.001807066573,1.7956621e-05,False
2019-04-10,0,majority_baseline,{},0,0.2729545228,0.4601682731,0.2668772041,7.327375669e-05,0,-0.00214657489,1.803082192e-05,False
2019-04-11,0,majority_baseline,{},0,0.2729545228,0.4601682731,0.2668772041,7.327375669e-05,0,0.0005517366678,1.803082192e-05,False
2019-04-12,0,majority_baseline,{},0,0.2729545228,0.4601682731,0.2668772041,7.327375669e-05,0,-0.0009302265395,1.810502283e-05,False
2019-04-15,0,majority_baseline,{},0,0.2729545228,0.4601682731,0.2668772041,7.327375669e-05,0,-0.002715272611,1.803082192e-05,False
2019-04-16,0,majority_baseline,{},0,0.2729545228,0.4601682731,0.2668772041,7.327375669e-05,0,-0.006691769917,1.803082192e-05,False
2019-04-17,0,majority_baseline,{},0,0.2729545228,0.4601682731,0.2668772041,7.327375669e-05,0,-0.0002758255876,1.810502283e-05,False
2019-04-18,0,majority_baseline,{},0,0.2729545228,0.4601682731,0.2668772041,7.327375669e-05,0,0.003803905843,1.7956621e-05,False
2019-04-22,1,majority_baseline,{},0,0.2533437135,0.4899967412,0.2566595453,0.0001437966281,0,0.007568502177,1.810502283e-05,False
2019-04-23,1,majority_baseline,{},0,0.2533437135,0.4899967412,0.2566595453,0.0001437966281,0,-0.001912625484,1.817922374e-05,False
2019-04-24,1,majority_baseline,{},0,0.2533437135,0.4899967412,0.2566595453,0.0001437966281,0,-0.0002396527039,1.810502283e-05,False
2019-04-25,1,majority_baseline,{},0,0.2533437135,0.4899967412,0.2566595453,0.0001437966281,0,0.004484756998,1.803082192e-05,False
2019-04-26,1,majority_baseline,{},0,0.2533437135,0.4899967412,0.2566595453,0.0001437966281,0,0.001226484177,1.7956621e-05,False
2019-04-29,1,majority_baseline,{},0,0.2533437135,0.4899967412,0.2566595453,0.0001437966281,0,0.001805849229,1.810502283e-05,False
2019-04-30,1,majority_baseline,{},0,0.2533437135,0.4899967412,0.2566595453,0.0001437966281,0,-0.009873790788,1.803082192e-05,False
2019-05-01,1,majority_baseline,{},0,0.2533437135,0.4899967412,0.2566595453,0.0001437966281,0,-0.001714207423,1.803082192e-05,False
2019-05-02,1,majority_baseline,{},0,0.2533437135,0.4899967412,0.2566595453,0.0001437966281,0,0.004132201856,1.832762557e-05,False
2019-05-03,1,majority_baseline,{},0,0.2533437135,0.4899967412,0.2566595453,0.0001437966281,0,0.0123422897,1.803082192e-05,False
2019-05-06,1,majority_baseline,{},0,0.2533437135,0.4899967412,0.2566595453,0.0001437966281,0,-0.007651219595,1.810502283e-05,False
2019-05-07,1,majority_baseline,{},0,0.2533437135,0.4899967412,0.2566595453,0.0001437966281,0,0,1.803082192e-05,False
2019-05-08,1,majority_baseline,{},0,0.2533437135,0.4899967412,0.2566595453,0.0001437966281,0,0.005013472186,1.803082192e-05,False
2019-05-09,1,majority_baseline,{},0,0.2533437135,0.4899967412,0.2566595453,0.0001437966281,0,0.008682904136,1.803082192e-05,False
2019-05-10,1,majority_baseline,{},0,0.2533437135,0.4899967412,0.2566595453,0.0001437966281,0,-0.005523787172,1.803082192e-05,False
2019-05-13,1,majority_baseline,{},0,0.2533437135,0.4899967412,0.2566595453,0.0001437966281,0,0.005000190671,1.788242009e-05,False
2019-05-14,1,majority_baseline,{},0,0.2533437135,0.4899967412,0.2566595453,0.0001437966281,0,0.01232288533,1.788242009e-05,False
2019-05-15,1,majority_baseline,{},0,0.2533437135,0.4899967412,0.2566595453,0.0001437966281,0,0.006507192374,1.7956621e-05,False
2019-05-16,1,majority_baseline,{},0,0.2533437135,0.4899967412,0.2566595453,0.0001437966281,0,0.002454870152,1.780821918e-05,False
2019-05-17,1,majority_baseline,{},0,0.2533437135,0.4899967412,0.2566595453,0.0001437966281,0,-0.0003871908782,1.773401826e-05,False
2019-05-20,1,majority_baseline,{},0,0.2533437135,0.4899967412,0.2566595453,0.0001437966281,0,0.002379117656,1.773401826e-05,False
2019-05-21,2,majority_baseline,{},0,0.2571518746,0.483197196,0.2596509294,0.0001753920369,0,0.0006305574926,1.773401826e-05,False
2019-05-22,2,majority_baseline,{},0,0.2571518746,0.483197196,0.2596509294,0.0001753920369,0,-0.00360216495,1.765981735e-05,False
2019-05-23,2,majority_baseline,{},0,0.2571518746,0.483197196,0.2596509294,0.0001753920369,0,-0.003383349301,1.758561644e-05,False
2019-05-24,2,majority_baseline,{},0,0.2571518746,0.483197196,0.2596509294,0.0001753920369,0,-0.01038539825,1.743721461e-05,False
2019-05-28,2,majority_baseline,{},0,0.2571518746,0.483197196,0.2596509294,0.0001753920369,0,-0.002294699308,1.758561644e-05,False
2019-05-29,2,majority_baseline,{},0,0.2571518746,0.483197196,0.2596509294,0.0001753920369,0,-0.0002865770761,1.758561644e-05,False
2019-05-30,2,majority_baseline,{},0,0.2571518746,0.483197196,0.2596509294,0.0001753920369,0,-0.003367208977,1.765981735e-05,False
2019-05-31,2,majority_baseline,{},0,0.2571518746,0.483197196,0.2596509294,0.0001753920369,0,-0.002687843638,1.743721461e-05,False
2019-06-03,2,majority_baseline,{},0,0.2571518746,0.483197196,0.2596509294,0.0001753920369,0,0.01230515209,1.743721461e-05,False
2019-06-04,2,majority_baseline,{},0,0.2571518746,0.483197196,0.2596509294,0.0001753920369,0,0.002231448764,1.743721461e-05,False
2019-06-05,2,majority_baseline,{},0,0.2571518746,0.483197196,0.2596509294,0.0001753920369,0,0.005330153611,1.743721461e-05,False
2019-06-06,2,majority_baseline,{},0,0.2571518746,0.483197196,0.2596509294,0.0001753920369,0,0.006015462825,1.728881279e-05,False
2019-06-07,2,majority_baseline,{},0,0.2571518746,0.483197196,0.2596509294,0.0001753920369,0,-0.001382292397,1.691780822e-05,False
2019-06-10,2,majority_baseline,{},0,0.2571518746,0.483197196,0.2596509294,0.0001753920369,0,-0.007182365316,1.699200913e-05,False
2019-06-11,2,majority_baseline,{},0,0.2571518746,0.483197196,0.2596509294,0.0001753920369,0,-0.0008661305372,1.684360731e-05,False
2019-06-12,2,majority_baseline,{},0,0.2571518746,0.483197196,0.2596509294,0.0001753920369,0,0.0006219512546,1.662100457e-05,False
2019-06-13,2,majority_baseline,{},0,0.2571518746,0.483197196,0.2596509294,0.0001753920369,0,0,1.625e-05,False
2019-06-14,2,majority_baseline,{},0,0.2571518746,0.483197196,0.2596509294,0.0001753920369,0,-0.0005180781187,1.632420091e-05,False
2019-06-17,2,majority_baseline,{},0,0.2571518746,0.483197196,0.2596509294,0.0001753920369,0,0.003466073504,1.654680365e-05,False
2019-06-18,2,majority_baseline,{},0,0.2571518746,0.483197196,0.2596509294,0.0001753920369,0,0.001743325209,1.647260274e-05,False
2019-06-19,2,majority_baseline,{},0,0.2571518746,0.483197196,0.2596509294,0.0001753920369,0,-0.0006081043424,1.617579909e-05,False
2019-06-20,3,majority_baseline,{},0,0.2469801536,0.4899595318,0.2630603146,0.0002737635809,0,-0.0004419982959,1.587899543e-05,False
2019-06-21,3,majority_baseline,{},0,0.2469801536,0.4899595318,0.2630603146,0.0002737635809,0,-0.002005221557,1.565639269e-05,False
2019-06-24,3,majority_baseline,{},0,0.2469801536,0.4899595318,0.2630603146,0.0002737635809,0,-0.0100102222,1.580479452e-05,False
2019-06-25,3,majority_baseline,{},0,0.2469801536,0.4899595318,0.2630603146,0.0002737635809,0,-0.00438731374,1.573059361e-05,False
2019-06-26,3,majority_baseline,{},0,0.2469801536,0.4899595318,0.2630603146,0.0002737635809,0,0.0006522347278,1.595319635e-05,False
2019-06-27,3,majority_baseline,{},0,0.2469801536,0.4899595318,0.2630603146,0.0002737635809,0,0.001435550663,1.587899543e-05,False
2019-06-28,3,majority_baseline,{},0,0.2469801536,0.4899595318,0.2630603146,0.0002737635809,0,-0.003438010879,1.573059361e-05,False
2019-07-01,3,majority_baseline,{},0,0.2469801536,0.4899595318,0.2630603146,0.0002737635809,0,0.002773950079,1.639840183e-05,False
2019-07-02,3,majority_baseline,{},0,0.2469801536,0.4899595318,0.2630603146,0.0002737635809,0,0.005451225176,8.789954338e-06,False
2019-07-03,3,majority_baseline,{},0,0.2469801536,0.4899595318,0.2630603146,0.0002737635809,0,0.003429226292,1.639840183e-05,False
2019-07-05,3,majority_baseline,{},0,0.2469801536,0.4899595318,0.2630603146,0.0002737635809,0,-0.0006397172043,1.654680365e-05,False
2019-07-08,3,majority_baseline,{},0,0.2469801536,0.4899595318,0.2630603146,0.0002737635809,0,0.005582979894,1.676940639e-05,False
2019-07-09,3,majority_baseline,{},0,0.2469801536,0.4899595318,0.2630603146,0.0002737635809,0,0.000804337671,1.676940639e-05,False
2019-07-10,3,majority_baseline,{},0,0.2469801536,0.4899595318,0.2630603146,0.0002737635809,0,-3.344161618e-05,1.632420091e-05,False
2019-07-11,3,majority_baseline,{},0,0.2469801536,0.4899595318,0.2630603146,0.0002737635809,0,0.002667960044,1.610159817e-05,False
2019-07-12,3,majority_baseline,{},0,0.2469801536,0.4899595318,0.2630603146,0.0002737635809,0,-0.001261929378,1.587899543e-05,False
2019-07-15,3,majority_baseline,{},0,0.2469801536,0.4899595318,0.2630603146,0.0002737635809,0,-0.002893714117,1.602739726e-05,False
2019-07-16,3,majority_baseline,{},0,0.2469801536,0.4899595318,0.2630603146,0.0002737635809,0,-0.006705620746,1.595319635e-05,False
2019-07-17,3,majority_baseline,{},0,0.2469801536,0.4899595318,0.2630603146,0.0002737635809,0,0.005518301886,1.587899543e-05,False
2019-07-18,3,majority_baseline,{},0,0.2469801536,0.4899595318,0.2630603146,0.0002737635809,0,-0.009565374627,1.521118721e-05,False
2019-07-19,3,majority_baseline,{},0,0.2469801536,0.4899595318,0.2630603146,0.0002737635809,0,0.0009744585089,1.528538813e-05,False
2019-07-22,4,majority_baseline,{},0,0.2467142722,0.486822886,0.2664628418,0.000283968327,0,0.002975142372,1.550799087e-05,False
2019-07-23,4,majority_baseline,{},0,0.2467142722,0.486822886,0.2664628418,0.000283968327,0,0.007520304608,1.528538813e-05,False
2019-07-24,4,majority_baseline,{},0,0.2467142722,0.486822886,0.2664628418,0.000283968327,0,-0.003123554658,1.558219178e-05,False
2019-07-25,4,majority_baseline,{},0,0.2467142722,0.486822886,0.2664628418,0.000283968327,0,0.004156137538,1.558219178e-05,False
2019-07-26,4,majority_baseline,{},0,0.2467142722,0.486822886,0.2664628418,0.000283968327,0,-0.001391325677,1.573059361e-05,False
2019-07-29,4,majority_baseline,{},0,0.2467142722,0.486822886,0.2664628418,0.000283968327,0,0.002700802138,1.573059361e-05,False
2019-07-30,4,majority_baseline,{},0,0.2467142722,0.486822886,0.2664628418,0.000283968327,0,-0.01182762748,1.543378995e-05,False
2019-07-31,4,majority_baseline,{},0,0.2467142722,0.486822886,0.2664628418,0.000283968327,0,-0.009274225956,1.543378995e-05,False
2019-08-01,4,majority_baseline,{},0,0.2467142722,0.486822886,0.2664628418,0.000283968327,0,-0.004185846474,1.535958904e-05,False
2019-08-02,4,majority_baseline,{},0,0.2467142722,0.486822886,0.2664628418,0.000283968327,0,-0.01482171915,1.528538813e-05,False
2019-08-05,4,majority_baseline,{},0,0.2467142722,0.486822886,0.2664628418,0.000283968327,0,0.006610416356,1.521118721e-05,False
2019-08-06,4,majority_baseline,{},0,0.2467142722,0.486822886,0.2664628418,0.000283968327,0,0.01255276835,1.521118721e-05,False
2019-08-07,4,majority_baseline,{},0,0.2467142722,0.486822886,0.2664628418,0.000283968327,0,0.01381120086,1.498858447e-05,False
2019-08-08,4,majority_baseline,{},0,0.2467142722,0.486822886,0.2664628418,0.000283968327,0,-0.003281124825,1.498858447e-05,False
2019-08-09,4,majority_baseline,{},0,0.2467142722,0.486822886,0.2664628418,0.000283968327,0,-0.006518085842,1.484018265e-05,False
2019-08-12,4,majority_baseline,{},0,0.2467142722,0.486822886,0.2664628418,0.000283968327,0,0.01671647213,1.484018265e-05,False
2019-08-13,4,majority_baseline,{},0,0.2467142722,0.486822886,0.2664628418,0.000283968327,0,-0.01447569448,1.484018265e-05,False
2019-08-14,4,majority_baseline,{},0,0.2467142722,0.486822886,0.2664628418,0.000283968327,0,-0.0008073962632,1.4543379e-05,False
2019-08-15,4,majority_baseline,{},0,0.2467142722,0.486822886,0.2664628418,0.000283968327,0,0.008272811349,1.417237443e-05,False
2019-08-16,4,majority_baseline,{},0,0.2467142722,0.486822886,0.2664628418,0.000283968327,0,0.0004790858891,1.387557078e-05,False
2019-08-19,4,majority_baseline,{},0,0.2467142722,0.486822886,0.2664628418,0.000283968327,0,-0.005757935031,1.439497717e-05,False
2019-08-20,5,majority_baseline,{},0,0.2598949326,0.4702065239,0.2698985435,0.0002008908374,0,-0.000102566931,1.439497717e-05,False
2019-08-21,5,majority_baseline,{},0,0.2598949326,0.4702065239,0.2698985435,0.0002008908374,0,-0.002967041529,1.461757991e-05,False
2019-08-22,5,majority_baseline,{},0,0.2598949326,0.4702065239,0.2698985435,0.0002008908374,0,-0.02086486665,1.484018265e-05,False
2019-08-23,5,majority_baseline,{},0,0.2598949326,0.4702065239,0.2698985435,0.0002008908374,0,0.002541201613,1.461757991e-05,False
2019-08-26,5,majority_baseline,{},0,0.2598949326,0.4702065239,0.2698985435,0.0002008908374,0,-0.009221569709,1.491438356e-05,False
2019-08-27,5,majority_baseline,{},0,0.2598949326,0.4702065239,0.2698985435,0.0002008908374,0,0.009610679646,1.469178082e-05,False
2019-08-28,5,majority_baseline,{},0,0.2598949326,0.4702065239,0.2698985435,0.0002008908374,0,0.002947982418,1.476598174e-05,False
2019-08-29,5,majority_baseline,{},0,0.2598949326,0.4702065239,0.2698985435,0.0002008908374,0,-0.00601586938,1.476598174e-05,False
2019-08-30,5,majority_baseline,{},0,0.2598949326,0.4702065239,0.2698985435,0.0002008908374,0,0.0005849982521,1.476598174e-05,False
2019-09-03,5,majority_baseline,{},0,0.2598949326,0.4702065239,0.2698985435,0.0002008908374,0,0.003070184153,1.469178082e-05,False
2019-09-04,5,majority_baseline,{},0,0.2598949326,0.4702065239,0.2698985435,0.0002008908374,0,0.003470463428,1.461757991e-05,False
2019-09-05,5,majority_baseline,{},0,0.2598949326,0.4702065239,0.2698985435,0.0002008908374,0,-0.0004025409508,1.461757991e-05,False
2019-09-06,5,majority_baseline,{},0,0.2598949326,0.4702065239,0.2698985435,0.0002008908374,0,-0.003142349639,1.4543379e-05,False
2019-09-09,5,majority_baseline,{},0,0.2598949326,0.4702065239,0.2698985435,0.0002008908374,0,0.002589519671,1.4543379e-05,False
2019-09-10,5,majority_baseline,{},0,0.2598949326,0.4702065239,0.2698985435,0.0002008908374,0,0.005963744338,1.446917808e-05,False
2019-09-11,5,majority_baseline,{},0,0.2598949326,0.4702065239,0.2698985435,0.0002008908374,0,0.0001328084059,1.4543379e-05,False
2019-09-12,5,majority_baseline,{},0,0.2598949326,0.4702065239,0.2698985435,0.0002008908374,0,-0.00228644197,1.446917808e-05,False
2019-09-13,5,majority_baseline,{},0,0.2598949326,0.4702065239,0.2698985435,0.0002008908374,0,0.001067260595,1.4543379e-05,False
2019-09-16,5,majority_baseline,{},0,0.2598949326,0.4702065239,0.2698985435,0.0002008908374,0,0.003267356766,1.476598174e-05,False
2019-09-17,5,majority_baseline,{},0,0.2598949326,0.4702065239,0.2698985435,0.0002008908374,0,0.002030070357,1.476598174e-05,False
2019-09-18,5,majority_baseline,{},0,0.2598949326,0.4702065239,0.2698985435,0.0002008908374,0,-0.001492429498,1.446917808e-05,False
2019-09-19,6,majority_baseline,{},0,0.2500238407,0.4933114141,0.2566647452,0.0001780742465,0,-0.006924978814,1.432077626e-05,False
2019-09-20,6,majority_baseline,{},0,0.2500238407,0.4933114141,0.2566647452,0.0001780742465,0,0.002218127056,1.417237443e-05,False
2019-09-23,6,majority_baseline,{},0,0.2500238407,0.4933114141,0.2566647452,0.0001780742465,0,-0.01182328073,1.439497717e-05,False
2019-09-24,6,majority_baseline,{},0,0.2500238407,0.4933114141,0.2566647452,0.0001780742465,0,0.005608878449,1.424657534e-05,False
2019-09-25,6,majority_baseline,{},0,0.2500238407,0.4933114141,0.2566647452,0.0001780742465,0,-0.002116738368,1.40239726e-05,False
2019-09-26,6,majority_baseline,{},0,0.2500238407,0.4933114141,0.2566647452,0.0001780742465,0,-0.008158992803,1.357876712e-05,False
2019-09-27,6,majority_baseline,{},0,0.2500238407,0.4933114141,0.2566647452,0.0001780742465,0,0.002702935204,1.335616438e-05,False
2019-09-30,6,majority_baseline,{},0,0.2500238407,0.4933114141,0.2566647452,0.0001780742465,0,-0.01511385802,1.394977169e-05,False
2019-10-01,6,majority_baseline,{},0,0.2500238407,0.4933114141,0.2566647452,0.0001780742465,0,-0.01180103738,1.350456621e-05,False
2019-10-02,6,majority_baseline,{},0,0.2500238407,0.4933114141,0.2566647452,0.0001780742465,0,0.009068537878,1.328196347e-05,False
2019-10-03,6,majority_baseline,{},0,0.2500238407,0.4933114141,0.2566647452,0.0001780742465,0,0.01102559349,1.261415525e-05,False
2019-10-04,6,majority_baseline,{},0,0.2500238407,0.4933114141,0.2566647452,0.0001780742465,0,-0.001328976066,1.268835616e-05,False
2019-10-07,6,majority_baseline,{},0,0.2500238407,0.4933114141,0.2566647452,0.0001780742465,0,-0.008624277072,1.298515982e-05,False
2019-10-08,6,majority_baseline,{},0,0.2500238407,0.4933114141,0.2566647452,0.0001780742465,0,0.001788440467,1.276255708e-05,False
2019-10-09,6,majority_baseline,{},0,0.2500238407,0.4933114141,0.2566647452,0.0001780742465,0,0.007074653583,1.253995434e-05,False
2019-10-10,6,majority_baseline,{},0,0.2500238407,0.4933114141,0.2566647452,0.0001780742465,0,3.378612164e-05,1.246575342e-05,False
2019-10-11,6,majority_baseline,{},0,0.2500238407,0.4933114141,0.2566647452,0.0001780742465,0,6.764951244e-05,1.246575342e-05,False
2019-10-14,6,majority_baseline,{},0,0.2500238407,0.4933114141,0.2566647452,0.0001780742465,0,0.005991244514,1.246575342e-05,False
2019-10-15,6,majority_baseline,{},0,0.2500238407,0.4933114141,0.2566647452,0.0001780742465,0,0.0001005422544,1.239155251e-05,False
2019-10-16,6,majority_baseline,{},0,0.2500238407,0.4933114141,0.2566647452,0.0001780742465,0,-0.001334736491,1.23173516e-05,False
2019-10-17,6,majority_baseline,{},0,0.2500238407,0.4933114141,0.2566647452,0.0001780742465,0,-0.002410530152,1.23173516e-05,False
2019-10-18,7,majority_baseline,{},0,0.2575885131,0.4858769043,0.2565345827,9.178037799e-05,0,0.00190360291,1.23173516e-05,False
2019-10-21,7,majority_baseline,{},0,0.2575885131,0.4858769043,0.2565345827,9.178037799e-05,0,-0.005223158273,1.239155251e-05,False
2019-10-22,7,majority_baseline,{},0,0.2575885131,0.4858769043,0.2565345827,9.178037799e-05,0,0.003849609572,1.224315068e-05,False
2019-10-23,7,majority_baseline,{},0,0.2575885131,0.4858769043,0.2565345827,9.178037799e-05,0,-0.001794585102,1.224315068e-05,False
2019-10-24,7,majority_baseline,{},0,0.2575885131,0.4858769043,0.2565345827,9.178037799e-05,0,0.006205431354,1.239155251e-05,False
2019-10-25,7,majority_baseline,{},0,0.2575885131,0.4858769043,0.2565345827,9.178037799e-05,0,0.001188305672,1.23173516e-05,False
2019-10-28,7,majority_baseline,{},0,0.2575885131,0.4858769043,0.2565345827,9.178037799e-05,0,0.0006930412137,1.224315068e-05,False
2019-10-29,7,majority_baseline,{},0,0.2575885131,0.4858769043,0.2565345827,9.178037799e-05,0,0.002339985904,1.209474886e-05,False
2019-10-30,7,majority_baseline,{},0,0.2575885131,0.4858769043,0.2565345827,9.178037799e-05,0,-0.00263051452,1.202054795e-05,False
2019-10-31,7,majority_baseline,{},0,0.2575885131,0.4858769043,0.2565345827,9.178037799e-05,0,0.004001053051,1.142694064e-05,False
2019-11-01,7,majority_baseline,{},0,0.2575885131,0.4858769043,0.2565345827,9.178037799e-05,0,-0.001559236591,1.127853881e-05,False
2019-11-04,7,majority_baseline,{},0,0.2575885131,0.4858769043,0.2565345827,9.178037799e-05,0,-0.001820597182,1.135273973e-05,False
2019-11-05,7,majority_baseline,{},0,0.2575885131,0.4858769043,0.2565345827,9.178037799e-05,0,0.0002280148552,1.157534247e-05,False
2019-11-06,7,majority_baseline,{},0,0.2575885131,0.4858769043,0.2565345827,9.178037799e-05,0,-0.001263942339,1.157534247e-05,False
2019-11-07,7,majority_baseline,{},0,0.2575885131,0.4858769043,0.2565345827,9.178037799e-05,0,0.003703751624,1.157534247e-05,False
2019-11-08,7,majority_baseline,{},0,0.2575885131,0.4858769043,0.2565345827,9.178037799e-05,0,0.003025153075,1.150114155e-05,False
2019-11-11,7,majority_baseline,{},0,0.2575885131,0.4858769043,0.2565345827,9.178037799e-05,0,0.0008097166434,1.150114155e-05,False
2019-11-12,7,majority_baseline,{},0,0.2575885131,0.4858769043,0.2565345827,9.178037799e-05,0,0.003864773671,1.179794521e-05,False
2019-11-13,7,majority_baseline,{},0,0.2575885131,0.4858769043,0.2565345827,9.178037799e-05,0,0.002461152465,1.164954338e-05,False
2019-11-14,7,majority_baseline,{},0,0.2575885131,0.4858769043,0.2565345827,9.178037799e-05,0,0.002475787948,1.164954338e-05,False
2019-11-15,7,majority_baseline,{},0,0.2575885131,0.4858769043,0.2565345827,9.178037799e-05,0,0.001572850949,1.164954338e-05,False
2019-11-18,8,majority_baseline,{},0,0.2473210145,0.496075636,0.2566033495,0.0001938564734,0,-0.002398618703,1.164954338e-05,False
2019-11-19,8,majority_baseline,{},0,0.2473210145,0.496075636,0.2566033495,0.0001938564734,0,-0.001638427664,1.164954338e-05,False
2019-11-20,8,majority_baseline,{},0,0.2473210145,0.496075636,0.2566033495,0.0001938564734,0,-0.001994356715,1.164954338e-05,False
2019-11-21,8,majority_baseline,{},0,0.2473210145,0.496075636,0.2566033495,0.0001938564734,0,-0.0004179012525,1.172374429e-05,False
2019-11-22,8,majority_baseline,{},0,0.2473210145,0.496075636,0.2566033495,0.0001938564734,0,0.004455362723,1.172374429e-05,False
2019-11-25,8,majority_baseline,{},0,0.2473210145,0.496075636,0.2566033495,0.0001938564734,0,0.002137720024,1.194634703e-05,False
2019-11-26,8,majority_baseline,{},0,0.2473210145,0.496075636,0.2566033495,0.0001938564734,0,0.002765409844,1.187214612e-05,False
2019-11-27,8,majority_baseline,{},0,0.2473210145,0.496075636,0.2566033495,0.0001938564734,0,-0.001746769555,6.47260274e-06,False
2019-11-29,8,majority_baseline,{},0,0.2473210145,0.496075636,0.2566033495,0.0001938564734,0,-0.00937722641,1.179794521e-05,False
2019-12-02,8,majority_baseline,{},0,0.2473210145,0.496075636,0.2566033495,0.0001938564734,0,0.002915904371,1.187214612e-05,False
2019-12-03,8,majority_baseline,{},0,0.2473210145,0.496075636,0.2566033495,0.0001938564734,0,0.002446022675,1.164954338e-05,False
2019-12-04,8,majority_baseline,{},0,0.2473210145,0.496075636,0.2566033495,0.0001938564734,0,-0.0006726514428,1.150114155e-05,False
2019-12-05,8,majority_baseline,{},0,0.2473210145,0.496075636,0.2566033495,0.0001938564734,0,0.002387622583,1.142694064e-05,False
2019-12-06,8,majority_baseline,{},0,0.2473210145,0.496075636,0.2566033495,0.0001938564734,0,-0.001780936138,1.135273973e-05,False
2019-12-09,8,majority_baseline,{},0,0.2473210145,0.496075636,0.2566033495,0.0001938564734,0,-0.0009241236488,1.142694064e-05,False
2019-12-10,8,majority_baseline,{},0,0.2473210145,0.496075636,0.2566033495,0.0001938564734,0,0.001241966051,1.157534247e-05,False
2019-12-11,8,majority_baseline,{},0,0.2473210145,0.496075636,0.2566033495,0.0001938564734,0,0.008587005932,1.164954338e-05,False
2019-12-12,8,majority_baseline,{},0,0.2473210145,0.496075636,0.2566033495,0.0001938564734,0,0.001420179387,1.157534247e-05,False
2019-12-13,8,majority_baseline,{},0,0.2473210145,0.496075636,0.2566033495,0.0001938564734,0,0.0008771339865,1.164954338e-05,False
2019-12-16,8,majority_baseline,{},0,0.2473210145,0.496075636,0.2566033495,0.0001938564734,0,-0.001094042642,1.164954338e-05,False
2019-12-17,8,majority_baseline,{},0,0.2473210145,0.496075636,0.2566033495,0.0001938564734,0,-0.001281261445,1.157534247e-05,False
2019-12-18,9,majority_baseline,{},0,0.2400649047,0.4999386309,0.2599964644,0.0002778066385,0,0.003439668798,1.157534247e-05,False
2019-12-19,9,majority_baseline,{},0,0.2400649047,0.4999386309,0.2599964644,0.0002778066385,0,0.0008425996902,1.164954338e-05,False
2019-12-20,9,majority_baseline,{},0,0.2400649047,0.4999386309,0.2599964644,0.0002778066385,0,-0.001150518303,1.172374429e-05,False
2019-12-23,9,majority_baseline,{},0,0.2400649047,0.4999386309,0.2599964644,0.0002778066385,0,-0.0007465402519,6.352739726e-06,False
2019-12-24,9,majority_baseline,{},0,0.2400649047,0.4999386309,0.2599964644,0.0002778066385,0,0.004010597079,1.172374429e-05,False
2019-12-26,9,majority_baseline,{},0,0.2400649047,0.4999386309,0.2599964644,0.0002778066385,0,-0.00271824594,1.172374429e-05,False
2019-12-27,9,majority_baseline,{},0,0.2400649047,0.4999386309,0.2599964644,0.0002778066385,0,-0.005790449476,1.164954338e-05,False
2019-12-30,9,majority_baseline,{},0,0.2400649047,0.4999386309,0.2599964644,0.0002778066385,0,0.00414933557,1.164954338e-05,False
2019-12-31,9,majority_baseline,{},0,0.2400649047,0.4999386309,0.2599964644,0.0002778066385,0,0.004110732873,1.150114155e-05,False
2020-01-02,9,majority_baseline,{},0,0.2400649047,0.4999386309,0.2599964644,0.0002778066385,0,0.003892140942,1.142694064e-05,False
2020-01-03,9,majority_baseline,{},0,0.2400649047,0.4999386309,0.2599964644,0.0002778066385,0,0.009828776123,1.127853881e-05,False
2020-01-06,9,majority_baseline,{},0,0.2400649047,0.4999386309,0.2599964644,0.0002778066385,0,-0.0008977092862,1.157534247e-05,False
2020-01-07,9,majority_baseline,{},0,0.2400649047,0.4999386309,0.2599964644,0.0002778066385,0,0.004675821535,1.142694064e-05,False
2020-01-08,9,majority_baseline,{},0,0.2400649047,0.4999386309,0.2599964644,0.0002778066385,0,0.001502300008,1.142694064e-05,False
2020-01-09,9,majority_baseline,{},0,0.2400649047,0.4999386309,0.2599964644,0.0002778066385,0,-0.004827574883,1.142694064e-05,False
2020-01-10,9,majority_baseline,{},0,0.2400649047,0.4999386309,0.2599964644,0.0002778066385,0,0.004779550374,1.142694064e-05,False
2020-01-13,9,majority_baseline,{},0,0.2400649047,0.4999386309,0.2599964644,0.0002778066385,0,-6.104084549e-05,1.164954338e-05,False
2020-01-14,9,majority_baseline,{},0,0.2400649047,0.4999386309,0.2599964644,0.0002778066385,0,0.00256604973,1.164954338e-05,False
2020-01-15,9,majority_baseline,{},0,0.2400649047,0.4999386309,0.2599964644,0.0002778066385,0,0.003700336902,1.164954338e-05,False
2020-01-16,9,majority_baseline,{},0,0.2400649047,0.4999386309,0.2599964644,0.0002778066385,0,0.0007536928732,1.150114155e-05,False
2020-01-17,9,majority_baseline,{},0,0.2400649047,0.4999386309,0.2599964644,0.0002778066385,0,0.001208806124,1.157534247e-05,False
2020-01-21,10,majority_baseline,{},0,0.2298857737,0.4999728388,0.2701413876,0.0004511844392,1,-0.002708866931,1.157534247e-05,False
2020-01-22,10,majority_baseline,{},0,0.2298857737,0.4999728388,0.2701413876,0.0004511844392,1,0.003296725543,1.150114155e-05,False
2020-01-23,10,majority_baseline,{},0,0.2298857737,0.4999728388,0.2701413876,0.0004511844392,1,-0.01103962663,1.150114155e-05,False
2020-01-24,10,majority_baseline,{},0,0.2298857737,0.4999728388,0.2701413876,0.0004511844392,1,0.001454977053,1.142694064e-05,False
2020-01-27,10,majority_baseline,{},0,0.2298857737,0.4999728388,0.2701413876,0.0004511844392,1,0.005629782272,1.150114155e-05,False
2020-01-28,10,majority_baseline,{},0,0.2298857737,0.4999728388,0.2701413876,0.0004511844392,1,-0.005359673973,1.164954338e-05,False
2020-01-29,10,majority_baseline,{},0,0.2298857737,0.4999728388,0.2701413876,0.0004511844392,1,0.01023556372,1.157534247e-05,False
2020-01-30,10,majority_baseline,{},0,0.2298857737,0.4999728388,0.2701413876,0.0004511844392,1,-0.01611617425,1.164954338e-05,False
2020-01-31,10,majority_baseline,{},0,0.2298857737,0.4999728388,0.2701413876,0.0004511844392,1,0.002381286401,1.150114155e-05,False
2020-02-03,10,majority_baseline,{},0,0.2298857737,0.4999728388,0.2701413876,0.0004511844392,1,0.003017619072,1.164954338e-05,False
2020-02-04,10,majority_baseline,{},0,0.2298857737,0.4999728388,0.2701413876,0.0004511844392,1,0.001775653254,1.164954338e-05,False
2020-02-05,10,majority_baseline,{},0,0.2298857737,0.4999728388,0.2701413876,0.0004511844392,1,0.0002096594754,1.164954338e-05,False
2020-02-06,10,majority_baseline,{},0,0.2298857737,0.4999728388,0.2701413876,0.0004511844392,1,-0.001862853997,1.164954338e-05,False
2020-02-07,10,majority_baseline,{},0,0.2298857737,0.4999728388,0.2701413876,0.0004511844392,1,0.01041566763,1.157534247e-05,False
2020-02-10,10,majority_baseline,{},0,0.2298857737,0.4999728388,0.2701413876,0.0004511844392,1,-0.002677278155,1.172374429e-05,False
2020-02-11,10,majority_baseline,{},0,0.2298857737,0.4999728388,0.2701413876,0.0004511844392,1,0.001751705429,1.164954338e-05,False
2020-02-12,10,majority_baseline,{},0,0.2298857737,0.4999728388,0.2701413876,0.0004511844392,1,0.003572953816,1.172374429e-05,False
2020-02-13,10,majority_baseline,{},0,0.2298857737,0.4999728388,0.2701413876,0.0004511844392,1,0.0002666479188,1.179794521e-05,False
2020-02-14,10,majority_baseline,{},0,0.2298857737,0.4999728388,0.2701413876,0.0004511844392,1,0.0006537733647,1.172374429e-05,False
2020-02-18,10,majority_baseline,{},0,0.2298857737,0.4999728388,0.2701413876,0.0004511844392,1,0.001628194387,1.172374429e-05,False
2020-02-19,10,majority_baseline,{},0,0.2298857737,0.4999728388,0.2701413876,0.0004511844392,1,-0.00233901231,1.172374429e-05,False
2020-02-20,11,majority_baseline,{},0,0.2265539795,0.5136157215,0.259830299,0.0004096312996,0,-0.005931946996,1.172374429e-05,False
2020-02-21,11,majority_baseline,{},0,0.2265539795,0.5136157215,0.259830299,0.0004096312996,0,-0.002228140101,1.157534247e-05,False
2020-02-24,11,majority_baseline,{},0,0.2265539795,0.5136157215,0.259830299,0.0004096312996,0,-0.03485215901,1.135273973e-05,False
2020-02-25,11,majority_baseline,{},0,0.2265539795,0.5136157215,0.259830299,0.0004096312996,0,-0.008530118777,1.135273973e-05,False
2020-02-26,11,majority_baseline,{},0,0.2265539795,0.5136157215,0.259830299,0.0004096312996,0,-0.02602626167,1.135273973e-05,False
2020-02-27,11,majority_baseline,{},0,0.2265539795,0.5136157215,0.259830299,0.0004096312996,0,0.02618634294,1.075913242e-05,False
2020-02-28,11,majority_baseline,{},0,0.2265539795,0.5136157215,0.259830299,0.0004096312996,1,0.03648437379,9.423515982e-06,False
2020-03-02,11,majority_baseline,{},0,0.2265539795,0.5136157215,0.259830299,0.0004096312996,1,-0.02991925613,8.384703196e-06,False
2020-03-03,11,majority_baseline,{},0,0.2265539795,0.5136157215,0.259830299,0.0004096312996,1,0.02201747773,7.049086758e-06,False
2020-03-04,11,majority_baseline,{},0,0.2265539795,0.5136157215,0.259830299,0.0004096312996,1,-0.008262900856,5.342465753e-06,False
2020-03-05,11,majority_baseline,{},0,0.2265539795,0.5136157215,0.259830299,0.0004096312996,1,0.0147023627,4.600456621e-06,False
2020-03-06,11,majority_baseline,{},0,0.2265539795,0.5136157215,0.259830299,0.0004096312996,1,-0.00388658498,3.339041096e-06,False
2020-03-09,11,majority_baseline,{},0,0.2265539795,0.5136157215,0.259830299,0.0004096312996,1,0.01327992756,2.448630137e-06,False
2020-03-10,11,majority_baseline,{},0,0.2265539795,0.5136157215,0.259830299,0.0004096312996,1,-0.02258648599,3.264840183e-06,False
2020-03-11,11,majority_baseline,{},0,0.2265539795,0.5136157215,0.259830299,0.0004096312996,1,-0.03082030989,3.116438356e-06,False
2020-03-12,11,majority_baseline,{},0,0.2265539795,0.5136157215,0.259830299,0.0004096312996,1,0.02368015151,2.448630137e-06,False
2020-03-13,11,majority_baseline,{},0,0.2265539795,0.5136157215,0.259830299,0.0004096312996,1,-0.005514497615,2.077625571e-06,False
2020-03-16,11,majority_baseline,{},0,0.2265539795,0.5136157215,0.259830299,0.0004096312996,1,0.03166833987,1.780821918e-06,False
2020-03-17,11,majority_baseline,{},0,0.2265539795,0.5136157215,0.259830299,0.0004096312996,1,0.0158730159,1.409817352e-06,False
2020-03-18,11,majority_baseline,{},0,0.2265539795,0.5136157215,0.259830299,0.0004096312996,1,0.005266434627,1.484018265e-07,False
2020-03-19,11,majority_baseline,{},0,0.2265539795,0.5136157215,0.259830299,0.0004096312996,1,-0.0566115361,2.96803653e-07,False
2020-03-20,12,majority_baseline,{},0,0.2136903748,0.5234772961,0.2628323292,0.0005172240766,1,-0.02296334407,3.710045662e-07,False
2020-03-23,12,majority_baseline,{},0,0.2136903748,0.5234772961,0.2628323292,0.0005172240766,1,0.03724083191,1.484018265e-07,False
2020-03-24,12,majority_baseline,{},0,0.2136903748,0.5234772961,0.2628323292,0.0005172240766,1,0.007840887758,7.420091324e-08,False
2020-03-25,12,majority_baseline,{},0,0.2136903748,0.5234772961,0.2628323292,0.0005172240766,1,0.04680990602,0,False
2020-03-26,12,majority_baseline,{},0,0.2136903748,0.5234772961,0.2628323292,0.0005172240766,1,0.0005922292756,0,False
2020-03-27,12,majority_baseline,{},0,0.2136903748,0.5234772961,0.2628323292,0.0005172240766,1,0.02326944485,2.226027397e-07,False
2020-03-30,12,majority_baseline,{},0,0.2136903748,0.5234772961,0.2628323292,0.0005172240766,1,-0.01078445479,8.904109589e-07,False
2020-03-31,12,majority_baseline,{},0,0.2136903748,0.5234772961,0.2628323292,0.0005172240766,1,-0.007379634893,8.162100457e-07,False
2020-04-01,12,majority_baseline,{},0,0.2136903748,0.5234772961,0.2628323292,0.0005172240766,1,0.02708103637,6.678082192e-07,False
2020-04-02,12,majority_baseline,{},0,0.2136903748,0.5234772961,0.2628323292,0.0005172240766,1,-0.01024881207,6.678082192e-07,False
2020-04-03,12,majority_baseline,{},0,0.2136903748,0.5234772961,0.2628323292,0.0005172240766,1,0.02722614441,7.420091324e-07,False
2020-04-06,12,majority_baseline,{},0,0.2136903748,0.5234772961,0.2628323292,0.0005172240766,1,-0.03311325954,1.113013699e-06,False
2020-04-07,12,majority_baseline,{},0,0.2136903748,0.5234772961,0.2628323292,0.0005172240766,1,0.0226526626,1.038812785e-06,False
2020-04-08,12,majority_baseline,{},0,0.2136903748,0.5234772961,0.2628323292,0.0005172240766,1,0.002233682719,1.632420091e-06,False
2020-04-09,12,majority_baseline,{},0,0.2136903748,0.5234772961,0.2628323292,0.0005172240766,1,-0.005340300908,1.855022831e-06,False
2020-04-13,12,majority_baseline,{},0,0.2136903748,0.5234772961,0.2628323292,0.0005172240766,1,0.01000070241,1.929223744e-06,False
2020-04-14,12,majority_baseline,{},0,0.2136903748,0.5234772961,0.2628323292,0.0005172240766,1,0.0006845205266,1.484018265e-06,False
2020-04-15,12,majority_baseline,{},0,0.2136903748,0.5234772961,0.2628323292,0.0005172240766,1,-0.0001790715433,1.038812785e-06,False
2020-04-16,12,majority_baseline,{},0,0.2136903748,0.5234772961,0.2628323292,0.0005172240766,1,0.00441519992,1.038812785e-06,False
2020-04-17,12,majority_baseline,{},0,0.2136903748,0.5234772961,0.2628323292,0.0005172240766,1,-0.003609175237,8.904109589e-07,False
2020-04-20,12,majority_baseline,{},0,0.2136903748,0.5234772961,0.2628323292,0.0005172240766,1,-0.01333430526,8.904109589e-07,False
2020-04-21,13,majority_baseline,{},0,0.2200413548,0.5232656961,0.2566929491,0.0005053891443,1,0.002694449333,8.162100457e-07,False
2020-04-22,13,majority_baseline,{},0,0.2200413548,0.5232656961,0.2566929491,0.0005053891443,1,-0.005026930281,8.904109589e-07,False
2020-04-23,13,majority_baseline,{},0,0.2200413548,0.5232656961,0.2566929491,0.0005053891443,1,0.007979161789,8.162100457e-07,False
2020-04-24,13,majority_baseline,{},0,0.2200413548,0.5232656961,0.2566929491,0.0005053891443,1,0.006769054127,8.904109589e-07,False
2020-04-27,13,majority_baseline,{},0,0.2200413548,0.5232656961,0.2566929491,0.0005053891443,1,-0.01817736976,8.904109589e-07,False
2020-04-28,13,majority_baseline,{},0,0.2200413548,0.5232656961,0.2566929491,0.0005053891443,1,0.005762675149,8.162100457e-07,False
2020-04-29,13,majority_baseline,{},0,0.2200413548,0.5232656961,0.2566929491,0.0005053891443,1,-0.004216449651,7.420091324e-07,False
2020-04-30,13,majority_baseline,{},0,0.2200413548,0.5232656961,0.2566929491,0.0005053891443,1,-0.008832459426,6.678082192e-07,False
2020-05-01,13,majority_baseline,{},0,0.2200413548,0.5232656961,0.2566929491,0.0005053891443,1,0.01008056273,8.904109589e-07,False
2020-05-04,13,majority_baseline,{},0,0.2200413548,0.5232656961,0.2566929491,0.0005053891443,1,-0.001569956006,9.646118721e-07,False
2020-05-05,13,majority_baseline,{},0,0.2200413548,0.5232656961,0.2566929491,0.0005053891443,1,-0.01315792414,9.646118721e-07,False
2020-05-06,13,majority_baseline,{},0,0.2200413548,0.5232656961,0.2566929491,0.0005053891443,1,-0.0002432922845,8.904109589e-07,False
2020-05-07,13,majority_baseline,{},0,0.2200413548,0.5232656961,0.2566929491,0.0005053891443,1,0.004637761813,8.162100457e-07,False
2020-05-08,13,majority_baseline,{},0,0.2200413548,0.5232656961,0.2566929491,0.0005053891443,1,0.007439566173,8.904109589e-07,False
2020-05-11,13,majority_baseline,{},0,0.2200413548,0.5232656961,0.2566929491,0.0005053891443,1,-0.02423498035,8.904109589e-07,False
2020-05-12,13,majority_baseline,{},0,0.2200413548,0.5232656961,0.2566929491,0.0005053891443,1,-0.01559110515,9.646118721e-07,False
2020-05-13,13,majority_baseline,{},0,0.2200413548,0.5232656961,0.2566929491,0.0005053891443,1,0.0215808885,9.646118721e-07,False
2020-05-14,13,majority_baseline,{},0,0.2200413548,0.5232656961,0.2566929491,0.0005053891443,1,0.01384709298,8.904109589e-07,False
2020-05-15,13,majority_baseline,{},0,0.2200413548,0.5232656961,0.2566929491,0.0005053891443,1,0.006654196601,8.904109589e-07,False
2020-05-18,13,majority_baseline,{},0,0.2200413548,0.5232656961,0.2566929491,0.0005053891443,1,-0.008085628723,9.646118721e-07,False
2020-05-19,13,majority_baseline,{},0,0.2200413548,0.5232656961,0.2566929491,0.0005053891443,1,0.003752232444,9.646118721e-07,False
2020-05-20,14,majority_baseline,{},0,0.2231485734,0.5268907988,0.2499606278,0.0004251317644,1,-0.006435538955,8.904109589e-07,False
2020-05-21,14,majority_baseline,{},0,0.2231485734,0.5268907988,0.2499606278,0.0004251317644,1,0.002953441029,8.904109589e-07,False
2020-05-22,14,majority_baseline,{},0,0.2231485734,0.5268907988,0.2499606278,0.0004251317644,1,-0.009439294233,8.904109589e-07,False
2020-05-26,14,majority_baseline,{},0,0.2231485734,0.5268907988,0.2499606278,0.0004251317644,1,0.004667031924,1.038812785e-06,False
2020-05-27,14,majority_baseline,{},0,0.2231485734,0.5268907988,0.2499606278,0.0004251317644,1,-0.005514500831,1.113013699e-06,False
2020-05-28,14,majority_baseline,{},0,0.2231485734,0.5268907988,0.2499606278,0.0004251317644,1,0.006149626141,1.113013699e-06,False
2020-05-29,14,majority_baseline,{},0,0.2231485734,0.5268907988,0.2499606278,0.0004251317644,1,0.006356605725,1.038812785e-06,False
2020-06-01,14,majority_baseline,{},0,0.2231485734,0.5268907988,0.2499606278,0.0004251317644,1,0.004991025636,1.038812785e-06,False
2020-06-02,14,majority_baseline,{},0,0.2231485734,0.5268907988,0.2499606278,0.0004251317644,1,0.006253231555,1.113013699e-06,False
2020-06-03,14,majority_baseline,{},0,0.2231485734,0.5268907988,0.2499606278,0.0004251317644,1,0.0008035741703,1.187214612e-06,False
2020-06-04,14,majority_baseline,{},0,0.2231485734,0.5268907988,0.2499606278,0.0004251317644,1,0.006651279127,1.113013699e-06,False
2020-06-05,14,majority_baseline,{},0,0.2231485734,0.5268907988,0.2499606278,0.0004251317644,1,0.009306136218,1.113013699e-06,False
2020-06-08,14,majority_baseline,{},0,0.2231485734,0.5268907988,0.2499606278,0.0004251317644,1,0.001529880627,1.261415525e-06,False
2020-06-09,14,majority_baseline,{},0,0.2231485734,0.5268907988,0.2499606278,0.0004251317644,1,-0.007529131057,1.409817352e-06,False
2020-06-10,14,majority_baseline,{},0,0.2231485734,0.5268907988,0.2499606278,0.0004251317644,1,-0.03483595466,1.261415525e-06,False
2020-06-11,14,majority_baseline,{},0,0.2231485734,0.5268907988,0.2499606278,0.0004251317644,1,-0.01307422412,1.261415525e-06,False
2020-06-12,14,majority_baseline,{},0,0.2231485734,0.5268907988,0.2499606278,0.0004251317644,1,0.03029997668,1.187214612e-06,False
2020-06-15,14,majority_baseline,{},0,0.2231485734,0.5268907988,0.2499606278,0.0004251317644,1,-0.007987889869,1.335616438e-06,False
2020-06-16,14,majority_baseline,{},0,0.2231485734,0.5268907988,0.2499606278,0.0004251317644,1,-0.007673459871,1.261415525e-06,False
2020-06-17,14,majority_baseline,{},0,0.2231485734,0.5268907988,0.2499606278,0.0004251317644,1,0.005709457657,1.261415525e-06,False
2020-06-18,14,majority_baseline,{},0,0.2231485734,0.5268907988,0.2499606278,0.0004251317644,1,-0.01760193086,1.187214612e-06,False
2020-06-19,15,majority_baseline,{},0,0.230240083,0.5160020359,0.2537578812,0.0003710062266,0,0.008539254488,1.113013699e-06,False
2020-06-22,15,majority_baseline,{},0,0.230240083,0.5160020359,0.2537578812,0.0003710062266,0,-0.004593455992,1.187214612e-06,False
2020-06-23,15,majority_baseline,{},0,0.230240083,0.5160020359,0.2537578812,0.0003710062266,0,-0.01855796581,1.187214612e-06,False
2020-06-24,15,majority_baseline,{},0,0.230240083,0.5160020359,0.2537578812,0.0003710062266,0,0.0127854644,1.113013699e-06,False
2020-06-25,15,majority_baseline,{},0,0.230240083,0.5160020359,0.2537578812,0.0003710062266,0,-0.01995693688,1.187214612e-06,False
2020-06-26,15,majority_baseline,{},0,0.230240083,0.5160020359,0.2537578812,0.0003710062266,0,0.01011906629,1.038812785e-06,False
2020-06-29,15,majority_baseline,{},0,0.230240083,0.5160020359,0.2537578812,0.0003710062266,0,0.01437545748,1.038812785e-06,False
2020-06-30,15,majority_baseline,{},0,0.230240083,0.5160020359,0.2537578812,0.0003710062266,0,0.00306871331,1.187214612e-06,False
2020-07-01,15,majority_baseline,{},0,0.230240083,0.5160020359,0.2537578812,0.0003710062266,0,-0.006396319011,1.038812785e-06,False
2020-07-02,15,majority_baseline,{},0,0.230240083,0.5160020359,0.2537578812,0.0003710062266,0,0.002149359165,1.038812785e-06,False
2020-07-06,15,majority_baseline,{},0,0.230240083,0.5160020359,0.2537578812,0.0003710062266,0,-0.005073264276,1.113013699e-06,False
2020-07-07,15,majority_baseline,{},0,0.230240083,0.5160020359,0.2537578812,0.0003710062266,0,0.004990328903,1.113013699e-06,False
2020-07-08,15,majority_baseline,{},0,0.230240083,0.5160020359,0.2537578812,0.0003710062266,0,-0.007764144218,1.113013699e-06,False
2020-07-09,15,majority_baseline,{},0,0.230240083,0.5160020359,0.2537578812,0.0003710062266,0,0.0104355536,9.646118721e-07,False
2020-07-10,15,majority_baseline,{},0,0.230240083,0.5160020359,0.2537578812,0.0003710062266,0,-0.01652456327,9.646118721e-07,False
2020-07-13,15,majority_baseline,{},0,0.230240083,0.5160020359,0.2537578812,0.0003710062266,0,0.01793816087,1.038812785e-06,False
2020-07-14,15,majority_baseline,{},0,0.230240083,0.5160020359,0.2537578812,0.0003710062266,0,-0.00173691123,1.113013699e-06,False
2020-07-15,15,majority_baseline,{},0,0.230240083,0.5160020359,0.2537578812,0.0003710062266,0,0.003127052024,1.187214612e-06,False
2020-07-16,15,majority_baseline,{},0,0.230240083,0.5160020359,0.2537578812,0.0003710062266,0,-0.000497091159,8.162100457e-07,False
2020-07-17,15,majority_baseline,{},0,0.230240083,0.5160020359,0.2537578812,0.0003710062266,0,0.008991116788,8.162100457e-07,False
2020-07-20,15,majority_baseline,{},0,0.230240083,0.5160020359,0.2537578812,0.0003710062266,0,-0.004411096397,9.646118721e-07,False
2020-07-21,16,majority_baseline,{},0,0.2234225527,0.5232646052,0.2533128421,0.0004368953091,1,0.006900345646,9.646118721e-07,False
2020-07-22,16,majority_baseline,{},0,0.2234225527,0.5232646052,0.2533128421,0.0004368953091,1,-0.01075140083,9.646118721e-07,False
2020-07-23,16,majority_baseline,{},0,0.2234225527,0.5232646052,0.2533128421,0.0004368953091,1,-0.0002181251832,8.904109589e-07,False
2020-07-24,16,majority_baseline,{},0,0.2234225527,0.5232646052,0.2533128421,0.0004368953091,1,0.004943557234,8.162100457e-07,False
2020-07-27,16,majority_baseline,{},0,0.2234225527,0.5232646052,0.2533128421,0.0004368953091,1,-0.00390776083,8.162100457e-07,False
2020-07-28,16,majority_baseline,{},0,0.2234225527,0.5232646052,0.2533128421,0.0004368953091,1,0.009313299713,8.162100457e-07,False
2020-07-29,16,majority_baseline,{},0,0.2234225527,0.5232646052,0.2533128421,0.0004368953091,1,0.006399495813,8.162100457e-07,False
2020-07-30,16,majority_baseline,{},0,0.2234225527,0.5232646052,0.2533128421,0.0004368953091,1,0.001902409054,6.678082192e-07,False
2020-07-31,16,majority_baseline,{},0,0.2234225527,0.5232646052,0.2533128421,0.0004368953091,1,0.00143153411,6.678082192e-07,False
2020-08-03,16,majority_baseline,{},0,0.2234225527,0.5232646052,0.2533128421,0.0004368953091,1,0.006710218733,7.420091324e-07,False
2020-08-04,16,majority_baseline,{},0,0.2234225527,0.5232646052,0.2533128421,0.0004368953091,1,0.001930745097,6.678082192e-07,False
2020-08-05,16,majority_baseline,{},0,0.2234225527,0.5232646052,0.2533128421,0.0004368953091,1,0.008597729675,7.420091324e-07,False
2020-08-06,16,majority_baseline,{},0,0.2234225527,0.5232646052,0.2533128421,0.0004368953091,1,0.003870644859,7.420091324e-07,False
2020-08-07,16,majority_baseline,{},0,0.2234225527,0.5232646052,0.2533128421,0.0004368953091,1,0.001522144788,7.420091324e-07,False
2020-08-10,16,majority_baseline,{},0,0.2234225527,0.5232646052,0.2533128421,0.0004368953091,1,-0.01202321,8.162100457e-07,False
2020-08-11,16,majority_baseline,{},0,0.2234225527,0.5232646052,0.2533128421,0.0004368953091,1,0.005962318253,8.162100457e-07,False
2020-08-12,16,majority_baseline,{},0,0.2234225527,0.5232646052,0.2533128421,0.0004368953091,1,0.0006535788955,8.162100457e-07,False
2020-08-13,16,majority_baseline,{},0,0.2234225527,0.5232646052,0.2533128421,0.0004368953091,1,0.001278180569,7.420091324e-07,False
2020-08-14,16,majority_baseline,{},0,0.2234225527,0.5232646052,0.2533128421,0.0004368953091,1,-8.876956065e-05,7.420091324e-07,False
2020-08-17,16,majority_baseline,{},0,0.2234225527,0.5232646052,0.2533128421,0.0004368953091,1,0.0008867361783,7.420091324e-07,False
2020-08-18,16,majority_baseline,{},0,0.2234225527,0.5232646052,0.2533128421,0.0004368953091,1,-0.005367871663,6.678082192e-07,False
2020-08-19,17,majority_baseline,{},0,0.2267363897,0.519681019,0.2535825912,0.0004285958946,1,0.008707101451,8.162100457e-07,False
2020-08-20,17,majority_baseline,{},0,0.2267363897,0.519681019,0.2535825912,0.0004285958946,1,0.004616470052,8.162100457e-07,False
2020-08-21,17,majority_baseline,{},0,0.2267363897,0.519681019,0.2535825912,0.0004285958946,1,0.00233841421,7.420091324e-07,False
2020-08-24,17,majority_baseline,{},0,0.2267363897,0.519681019,0.2535825912,0.0004285958946,1,0.001717452079,8.904109589e-07,False
2020-08-25,17,majority_baseline,{},0,0.2267363897,0.519681019,0.2535825912,0.0004285958946,1,0.008150590084,8.162100457e-07,False
2020-08-26,17,majority_baseline,{},0,0.2267363897,0.519681019,0.2535825912,0.0004285958946,1,-0.0005165510782,8.162100457e-07,False
2020-08-27,17,majority_baseline,{},0,0.2267363897,0.519681019,0.2535825912,0.0004285958946,1,0.003262317201,8.162100457e-07,False
2020-08-28,17,majority_baseline,{},0,0.2267363897,0.519681019,0.2535825912,0.0004285958946,1,-0.00296848428,7.420091324e-07,False
2020-08-31,17,majority_baseline,{},0,0.2267363897,0.519681019,0.2535825912,0.0004285958946,1,0.006824518878,8.162100457e-07,False
2020-09-01,17,majority_baseline,{},0,0.2267363897,0.519681019,0.2535825912,0.0004285958946,1,0.00854314884,8.904109589e-07,False
2020-09-02,17,majority_baseline,{},0,0.2267363897,0.519681019,0.2535825912,0.0004285958946,1,-0.02944890164,8.904109589e-07,False
2020-09-03,17,majority_baseline,{},0,0.2267363897,0.519681019,0.2535825912,0.0004285958946,1,-0.01028514567,8.162100457e-07,False
2020-09-04,17,majority_baseline,{},0,0.2267363897,0.519681019,0.2535825912,0.0004285958946,1,-0.01039470199,8.162100457e-07,False
2020-09-08,17,majority_baseline,{},0,0.2267363897,0.519681019,0.2535825912,0.0004285958946,1,0.006636115454,9.646118721e-07,False
2020-09-09,17,majority_baseline,{},0,0.2267363897,0.519681019,0.2535825912,0.0004285958946,1,-0.02319932262,8.904109589e-07,False
2020-09-10,17,majority_baseline,{},0,0.2267363897,0.519681019,0.2535825912,0.0004285958946,1,-0.005240931893,8.904109589e-07,False
2020-09-11,17,majority_baseline,{},0,0.2267363897,0.519681019,0.2535825912,0.0004285958946,1,0.002874162724,8.162100457e-07,False
2020-09-14,17,majority_baseline,{},0,0.2267363897,0.519681019,0.2535825912,0.0004285958946,1,-0.002784890043,8.162100457e-07,False
2020-09-15,17,majority_baseline,{},0,0.2267363897,0.519681019,0.2535825912,0.0004285958946,1,-0.007876789585,8.162100457e-07,False
2020-09-16,17,majority_baseline,{},0,0.2267363897,0.519681019,0.2535825912,0.0004285958946,1,0.006835348288,8.904109589e-07,False
2020-09-17,17,majority_baseline,{},0,0.2267363897,0.519681019,0.2535825912,0.0004285958946,1,-0.01407401172,6.678082192e-07,False
2020-09-18,18,majority_baseline,{},0,0.2401350786,0.5032559314,0.2566089901,0.0002929907827,0,0.003899260053,7.420091324e-07,False
2020-09-21,18,majority_baseline,{},0,0.2401350786,0.5032559314,0.2566089901,0.0002929907827,0,0.005265180625,7.420091324e-07,False
2020-09-22,18,majority_baseline,{},0,0.2401350786,0.5032559314,0.2566089901,0.0002929907827,0,-0.02496216196,7.420091324e-07,False
2020-09-23,18,majority_baseline,{},0,0.2401350786,0.5032559314,0.2566089901,0.0002929907827,0,0.007097934945,8.162100457e-07,False
2020-09-24,18,majority_baseline,{},0,0.2401350786,0.5032559314,0.2566089901,0.0002929907827,0,0.01906511456,7.420091324e-07,False
2020-09-25,18,majority_baseline,{},0,0.2401350786,0.5032559314,0.2566089901,0.0002929907827,0,0.002910993296,7.420091324e-07,False
2020-09-28,18,majority_baseline,{},0,0.2401350786,0.5032559314,0.2566089901,0.0002929907827,0,-0.004790867684,8.162100457e-07,False
2020-09-29,18,majority_baseline,{},0,0.2401350786,0.5032559314,0.2566089901,0.0002929907827,0,0.005403999865,6.678082192e-07,False
2020-09-30,18,majority_baseline,{},0,0.2401350786,0.5032559314,0.2566089901,0.0002929907827,0,-0.001924824102,7.420091324e-07,False
2020-10-01,18,majority_baseline,{},0,0.2401350786,0.5032559314,0.2566089901,0.0002929907827,0,0.006451564909,6.678082192e-07,False
2020-10-02,18,majority_baseline,{},0,0.2401350786,0.5032559314,0.2566089901,0.0002929907827,0,0.01100997527,6.678082192e-07,False
2020-10-05,18,majority_baseline,{},0,0.2401350786,0.5032559314,0.2566089901,0.0002929907827,0,-0.01465096903,7.420091324e-07,False
2020-10-06,18,majority_baseline,{},0,0.2401350786,0.5032559314,0.2566089901,0.0002929907827,0,0.007807922169,7.420091324e-07,False
2020-10-07,18,majority_baseline,{},0,0.2401350786,0.5032559314,0.2566089901,0.0002929907827,0,0.002712534935,7.420091324e-07,False
2020-10-08,18,majority_baseline,{},0,0.2401350786,0.5032559314,0.2566089901,0.0002929907827,0,0.003733095795,6.678082192e-07,False
2020-10-09,18,majority_baseline,{},0,0.2401350786,0.5032559314,0.2566089901,0.0002929907827,0,0.008123791734,7.420091324e-07,False
2020-10-12,18,majority_baseline,{},0,0.2401350786,0.5032559314,0.2566089901,0.0002929907827,0,-0.006103082452,7.420091324e-07,False
2020-10-13,18,majority_baseline,{},0,0.2401350786,0.5032559314,0.2566089901,0.0002929907827,0,-0.008039935526,8.162100457e-07,False
2020-10-14,18,majority_baseline,{},0,0.2401350786,0.5032559314,0.2566089901,0.0002929907827,0,0.01102676285,8.904109589e-07,False
2020-10-15,18,majority_baseline,{},0,0.2401350786,0.5032559314,0.2566089901,0.0002929907827,0,-0.004785599883,8.162100457e-07,False
2020-10-16,18,majority_baseline,{},0,0.2401350786,0.5032559314,0.2566089901,0.0002929907827,0,-0.01904484242,8.162100457e-07,False
2020-10-19,19,majority_baseline,{},0,0.2269502003,0.526326083,0.2467237167,0.0003517052809,0,-0.0002328845897,8.162100457e-07,False
2020-10-20,19,majority_baseline,{},0,0.2269502003,0.526326083,0.2467237167,0.0003517052809,0,-0.001747518822,7.420091324e-07,False
2020-10-21,19,majority_baseline,{},0,0.2269502003,0.526326083,0.2467237167,0.0003517052809,0,0.004811039045,7.420091324e-07,False
2020-10-22,19,majority_baseline,{},0,0.2269502003,0.526326083,0.2467237167,0.0003517052809,0,-0.0004335960253,6.678082192e-07,False
2020-10-23,19,majority_baseline,{},0,0.2269502003,0.526326083,0.2467237167,0.0003517052809,0,-0.008008623081,7.420091324e-07,False
2020-10-26,19,majority_baseline,{},0,0.2269502003,0.526326083,0.2467237167,0.0003517052809,0,-0.004532636151,8.162100457e-07,False
2020-10-27,19,majority_baseline,{},0,0.2269502003,0.526326083,0.2467237167,0.0003517052809,0,-0.01638061532,7.420091324e-07,False
2020-10-28,19,majority_baseline,{},0,0.2269502003,0.526326083,0.2467237167,0.0003517052809,0,0.009390985932,7.420091324e-07,False
2020-10-29,19,majority_baseline,{},0,0.2269502003,0.526326083,0.2467237167,0.0003517052809,0,-0.005300323732,6.678082192e-07,False
2020-10-30,19,majority_baseline,{},0,0.2269502003,0.526326083,0.2467237167,0.0003517052809,0,0,6.678082192e-07,False
2020-11-02,19,majority_baseline,{},0,0.2269502003,0.526326083,0.2467237167,0.0003517052809,0,0.007012485779,6.678082192e-07,False
2020-11-03,19,majority_baseline,{},0,0.2269502003,0.526326083,0.2467237167,0.0003517052809,0,0.007862534168,7.420091324e-07,False
2020-11-04,19,majority_baseline,{},0,0.2269502003,0.526326083,0.2467237167,0.0003517052809,0,0.002863360634,7.420091324e-07,False
2020-11-05,19,majority_baseline,{},0,0.2269502003,0.526326083,0.2467237167,0.0003517052809,0,0.0006573056747,7.420091324e-07,False
2020-11-06,19,majority_baseline,{},0,0.2269502003,0.526326083,0.2467237167,0.0003517052809,0,-0.02585378912,7.420091324e-07,False
2020-11-09,19,majority_baseline,{},0,0.2269502003,0.526326083,0.2467237167,0.0003517052809,0,0.001555965818,8.162100457e-07,False
2020-11-10,19,majority_baseline,{},0,0.2269502003,0.526326083,0.2467237167,0.0003517052809,0,0.0007576305686,7.420091324e-07,False
2020-11-11,19,majority_baseline,{},0,0.2269502003,0.526326083,0.2467237167,0.0003517052809,0,-0.006665153246,7.420091324e-07,False
2020-11-12,19,majority_baseline,{},0,0.2269502003,0.526326083,0.2467237167,0.0003517052809,0,0.007965820699,7.420091324e-07,False
2020-11-13,19,majority_baseline,{},0,0.2269502003,0.526326083,0.2467237167,0.0003517052809,0,0.004404665896,6.678082192e-07,False
2020-11-16,19,majority_baseline,{},0,0.2269502003,0.526326083,0.2467237167,0.0003517052809,0,0.001805689341,6.678082192e-07,False
2020-11-17,20,majority_baseline,{},0,0.2269274298,0.5195660447,0.2535065255,0.000384783679,0,-0.0128286964,6.678082192e-07,False
2020-11-18,20,majority_baseline,{},0,0.2269274298,0.5195660447,0.2535065255,0.000384783679,0,0.006130462765,6.678082192e-07,False
2020-11-19,20,majority_baseline,{},0,0.2269274298,0.5195660447,0.2535065255,0.000384783679,0,-0.00606996763,5.194063927e-07,False
2020-11-20,20,majority_baseline,{},0,0.2269274298,0.5195660447,0.2535065255,0.000384783679,0,0.00050378598,5.194063927e-07,False
2020-11-23,20,majority_baseline,{},0,0.2269274298,0.5195660447,0.2535065255,0.000384783679,0,0.008356264043,5.936073059e-07,False
2020-11-24,20,majority_baseline,{},0,0.2269274298,0.5195660447,0.2535065255,0.000384783679,0,-0.001294305501,6.678082192e-07,False
2020-11-25,20,majority_baseline,{},0,0.2269274298,0.5195660447,0.2535065255,0.000384783679,0,-0.000467191422,3.595890411e-07,False
2020-11-27,20,majority_baseline,{},0,0.2269274298,0.5195660447,0.2535065255,0.000384783679,0,-0.002122175844,6.678082192e-07,False
2020-11-30,20,majority_baseline,{},0,0.2269274298,0.5195660447,0.2535065255,0.000384783679,0,0.001230904203,5.936073059e-07,False
2020-12-01,20,majority_baseline,{},0,0.2269274298,0.5195660447,0.2535065255,0.000384783679,0,0.005399926591,6.678082192e-07,False
2020-12-02,20,majority_baseline,{},0,0.2269274298,0.5195660447,0.2535065255,0.000384783679,0,2.729856093e-05,6.678082192e-07,False
2020-12-03,20,majority_baseline,{},0,0.2269274298,0.5195660447,0.2535065255,0.000384783679,0,0.006887724042,5.936073059e-07,False
2020-12-04,20,majority_baseline,{},0,0.2269274298,0.5195660447,0.2535065255,0.000384783679,0,0.0001897114272,6.678082192e-07,False
2020-12-07,20,majority_baseline,{},0,0.2269274298,0.5195660447,0.2535065255,0.000384783679,0,0.006662711176,5.936073059e-07,False
2020-12-08,20,majority_baseline,{},0,0.2269274298,0.5195660447,0.2535065255,0.000384783679,0,-0.01086604478,6.678082192e-07,False
2020-12-09,20,majority_baseline,{},0,0.2269274298,0.5195660447,0.2535065255,0.000384783679,0,0.00372229758,5.936073059e-07,False
2020-12-10,20,majority_baseline,{},0,0.2269274298,0.5195660447,0.2535065255,0.000384783679,0,0.003836650893,5.936073059e-07,False
2020-12-11,20,majority_baseline,{},0,0.2269274298,0.5195660447,0.2535065255,0.000384783679,0,-0.01079647038,5.936073059e-07,False
2020-12-14,20,majority_baseline,{},0,0.2269274298,0.5195660447,0.2535065255,0.000384783679,0,0.00596081246,6.678082192e-07,False
2020-12-15,20,majority_baseline,{},0,0.2269274298,0.5195660447,0.2535065255,0.000384783679,0,0.0009464228209,5.936073059e-07,False
2020-12-16,20,majority_baseline,{},0,0.2269274298,0.5195660447,0.2535065255,0.000384783679,0,0.000806548922,6.678082192e-07,False
2020-12-17,21,majority_baseline,{},0,0.2269294349,0.5163575321,0.2567130329,0.0004110640211,1,-0.004825210922,5.936073059e-07,False
2020-12-18,21,majority_baseline,{},0,0.2269294349,0.5163575321,0.2567130329,0.0004110640211,1,0.007918415548,5.936073059e-07,False
2020-12-21,21,majority_baseline,{},0,0.2269294349,0.5163575321,0.2567130329,0.0004110640211,1,-0.002634369466,6.678082192e-07,False
2020-12-22,21,majority_baseline,{},0,0.2269294349,0.5163575321,0.2567130329,0.0004110640211,1,-0.001927857805,6.678082192e-07,False
2020-12-23,21,majority_baseline,{},0,0.2269294349,0.5163575321,0.2567130329,0.0004110640211,1,0.002499493339,3.595890411e-07,False
2020-12-24,21,majority_baseline,{},0,0.2269294349,0.5163575321,0.2567130329,0.0004110640211,1,0.001156784936,6.678082192e-07,False
2020-12-28,21,majority_baseline,{},0,0.2269294349,0.5163575321,0.2567130329,0.0004110640211,1,-0.006286632376,8.162100457e-07,False
2020-12-29,21,majority_baseline,{},0,0.2269294349,0.5163575321,0.2567130329,0.0004110640211,1,-0.0009400174989,7.420091324e-07,False
2020-12-30,21,majority_baseline,{},0,0.2269294349,0.5163575321,0.2567130329,0.0004110640211,1,0.005648518177,5.936073059e-07,False
2020-12-31,21,majority_baseline,{},0,0.2269294349,0.5163575321,0.2567130329,0.0004110640211,1,-0.01737227636,6.678082192e-07,False
2021-01-04,21,majority_baseline,{},0,0.2269294349,0.5163575321,0.2567130329,0.0004110640211,1,0.008774736114,6.678082192e-07,False
2021-01-05,21,majority_baseline,{},0,0.2269294349,0.5163575321,0.2567130329,0.0004110640211,1,0.01038650945,6.678082192e-07,False
2021-01-06,21,majority_baseline,{},0,0.2269294349,0.5163575321,0.2567130329,0.0004110640211,1,0.007976602047,6.678082192e-07,False
2021-01-07,21,majority_baseline,{},0,0.2269294349,0.5163575321,0.2567130329,0.0004110640211,1,0.001760459777,6.678082192e-07,False
2021-01-08,21,majority_baseline,{},0,0.2269294349,0.5163575321,0.2567130329,0.0004110640211,1,0.002223094905,5.936073059e-07,False
2021-01-11,21,majority_baseline,{},0,0.2269294349,0.5163575321,0.2567130329,0.0004110640211,1,-0.000316782234,5.936073059e-07,False
2021-01-12,21,majority_baseline,{},0,0.2269294349,0.5163575321,0.2567130329,0.0004110640211,1,0.002904766492,6.678082192e-07,False
2021-01-13,21,majority_baseline,{},0,0.2269294349,0.5163575321,0.2567130329,0.0004110640211,1,-0.0055965868,6.678082192e-07,False
2021-01-14,21,majority_baseline,{},0,0.2269294349,0.5163575321,0.2567130329,0.0004110640211,1,-0.002707552131,6.678082192e-07,False
2021-01-15,21,majority_baseline,{},0,0.2269294349,0.5163575321,0.2567130329,0.0004110640211,1,0.0008193624749,6.678082192e-07,False
2021-01-19,21,majority_baseline,{},0,0.2269294349,0.5163575321,0.2567130329,0.0004110640211,1,0.007294559164,6.678082192e-07,False
2021-01-20,22,majority_baseline,{},0,0.2399286854,0.4967452207,0.2633260939,0.0003445268667,0,-0.0006502121707,5.936073059e-07,False
2021-01-21,22,majority_baseline,{},0,0.2399286854,0.4967452207,0.2633260939,0.0003445268667,0,0.001648148939,6.678082192e-07,False
2021-01-22,22,majority_baseline,{},0,0.2399286854,0.4967452207,0.2633260939,0.0003445268667,0,0.001876615831,5.936073059e-07,False
2021-01-25,22,majority_baseline,{},0,0.2399286854,0.4967452207,0.2633260939,0.0003445268667,0,-0.004203303177,6.678082192e-07,False
2021-01-26,22,majority_baseline,{},0,0.2399286854,0.4967452207,0.2633260939,0.0003445268667,0,-0.01528062046,5.194063927e-07,False
2021-01-27,22,majority_baseline,{},0,0.2399286854,0.4967452207,0.2633260939,0.0003445268667,0,0.003374480533,5.936073059e-07,False
2021-01-28,22,majority_baseline,{},0,0.2399286854,0.4967452207,0.2633260939,0.0003445268667,0,-0.01480179305,5.194063927e-07,False
2021-01-29,22,majority_baseline,{},0,0.2399286854,0.4967452207,0.2633260939,0.0003445268667,0,0.006716284305,4.452054795e-07,False
2021-02-01,22,majority_baseline,{},0,0.2399286854,0.4967452207,0.2633260939,0.0003445268667,0,0.005004593607,5.194063927e-07,False
2021-02-02,22,majority_baseline,{},0,0.2399286854,0.4967452207,0.2633260939,0.0003445268667,0,-0.001542715905,5.194063927e-07,False
2021-02-03,22,majority_baseline,{},0,0.2399286854,0.4967452207,0.2633260939,0.0003445268667,0,0.008434330058,2.96803653e-07,False
2021-02-04,22,majority_baseline,{},0,0.2399286854,0.4967452207,0.2633260939,0.0003445268667,0,-0.001262289477,2.96803653e-07,False
2021-02-05,22,majority_baseline,{},0,0.2399286854,0.4967452207,0.2633260939,0.0003445268667,0,0.003185503173,2.226027397e-07,False
2021-02-08,22,majority_baseline,{},0,0.2399286854,0.4967452207,0.2633260939,0.0003445268667,0,0.001642705975,3.710045662e-07,False
2021-02-09,22,majority_baseline,{},0,0.2399286854,0.4967452207,0.2633260939,0.0003445268667,0,-0.005202510744,2.96803653e-07,False
2021-02-10,22,majority_baseline,{},0,0.2399286854,0.4967452207,0.2633260939,0.0003445268667,0,-0.001354664072,3.710045662e-07,False
2021-02-11,22,majority_baseline,{},0,0.2399286854,0.4967452207,0.2633260939,0.0003445268667,0,0.007156620545,3.710045662e-07,False
2021-02-12,22,majority_baseline,{},0,0.2399286854,0.4967452207,0.2633260939,0.0003445268667,0,-0.004213634889,2.96803653e-07,False
2021-02-16,22,majority_baseline,{},0,0.2399286854,0.4967452207,0.2633260939,0.0003445268667,0,0.005045851002,2.96803653e-07,False
2021-02-17,22,majority_baseline,{},0,0.2399286854,0.4967452207,0.2633260939,0.0003445268667,0,0.002900497642,2.96803653e-07,False
2021-02-18,22,majority_baseline,{},0,0.2399286854,0.4967452207,0.2633260939,0.0003445268667,0,-0.005203174239,2.226027397e-07,False
2021-02-19,23,majority_baseline,{},0,0.2400176214,0.5165592651,0.2434231135,0.0001943209282,0,-7.750416522e-05,2.96803653e-07,False
2021-02-22,23,majority_baseline,{},0,0.2400176214,0.5165592651,0.2434231135,0.0001943209282,0,0.007383133944,2.226027397e-07,False
2021-02-23,23,majority_baseline,{},0,0.2400176214,0.5165592651,0.2434231135,0.0001943209282,0,0.01408123269,2.96803653e-07,False
2021-02-24,23,majority_baseline,{},0,0.2400176214,0.5165592651,0.2434231135,0.0001943209282,0,-0.02069623478,2.226027397e-07,False
2021-02-25,23,majority_baseline,{},0,0.2400176214,0.5165592651,0.2434231135,0.0001943209282,0,-0.01038121681,2.96803653e-07,False
2021-02-26,23,majority_baseline,{},0,0.2400176214,0.5165592651,0.2434231135,0.0001943209282,0,0.01034775348,2.96803653e-07,False
2021-03-01,23,majority_baseline,{},0,0.2400176214,0.5165592651,0.2434231135,0.0001943209282,0,-0.008414136583,3.710045662e-07,False
2021-03-02,23,majority_baseline,{},0,0.2400176214,0.5165592651,0.2434231135,0.0001943209282,0,-0.01132739315,2.96803653e-07,False
2021-03-03,23,majority_baseline,{},0,0.2400176214,0.5165592651,0.2434231135,0.0001943209282,0,-0.01185664182,3.710045662e-07,False
2021-03-04,23,majority_baseline,{},0,0.2400176214,0.5165592651,0.2434231135,0.0001943209282,0,0.008332054488,2.96803653e-07,False
2021-03-05,23,majority_baseline,{},0,0.2400176214,0.5165592651,0.2434231135,0.0001943209282,0,-0.007643119637,2.96803653e-07,False
2021-03-08,23,majority_baseline,{},0,0.2400176214,0.5165592651,0.2434231135,0.0001943209282,0,0.003421037254,3.710045662e-07,False
2021-03-09,23,majority_baseline,{},0,0.2400176214,0.5165592651,0.2434231135,0.0001943209282,0,-0.0002823163075,3.710045662e-07,False
2021-03-10,23,majority_baseline,{},0,0.2400176214,0.5165592651,0.2434231135,0.0001943209282,0,0.003314350604,2.96803653e-07,False
2021-03-11,23,majority_baseline,{},0,0.2400176214,0.5165592651,0.2434231135,0.0001943209282,0,0.005075599293,2.96803653e-07,False
2021-03-12,23,majority_baseline,{},0,0.2400176214,0.5165592651,0.2434231135,0.0001943209282,0,0.00527481322,2.96803653e-07,False
2021-03-15,23,majority_baseline,{},0,0.2400176214,0.5165592651,0.2434231135,0.0001943209282,0,-0.002921408388,2.96803653e-07,False
2021-03-16,23,majority_baseline,{},0,0.2400176214,0.5165592651,0.2434231135,0.0001943209282,0,0.006919653724,1.484018265e-07,False
2021-03-17,23,majority_baseline,{},0,0.2400176214,0.5165592651,0.2434231135,0.0001943209282,0,-0.007604948251,1.484018265e-07,False
2021-03-18,23,majority_baseline,{},0,0.2400176214,0.5165592651,0.2434231135,0.0001943209282,0,-0.0010259412,7.420091324e-08,False
2021-03-19,23,majority_baseline,{},0,0.2400176214,0.5165592651,0.2434231135,0.0001943209282,0,0.00656359148,7.420091324e-08,False
2021-03-22,24,random_forest,"{'max_depth': 3, 'min_samples_leaf': 50}",0,0.2437724427,0.6163609151,0.1398666422,-0.0005913096186,-1,-0.0061493802,2.226027397e-07,False
2021-03-23,24,random_forest,"{'max_depth': 3, 'min_samples_leaf': 50}",0,0.265651212,0.5072792464,0.2270695416,-0.000175412744,0,-0.008900283943,7.420091324e-08,False
2021-03-24,24,random_forest,"{'max_depth': 3, 'min_samples_leaf': 50}",0,0.2804549511,0.4571474916,0.2623975573,-6.330900062e-05,0,0.009637807806,1.484018265e-07,False
2021-03-25,24,random_forest,"{'max_depth': 3, 'min_samples_leaf': 50}",0,0.2710991478,0.5041223465,0.2247785057,-0.0002435099207,0,0.01291796073,1.484018265e-07,False
2021-03-26,24,random_forest,"{'max_depth': 3, 'min_samples_leaf': 50}",0,0.2389037415,0.5713526538,0.1897436047,-0.0001884282998,0,0.00349899813,1.484018265e-07,False
2021-03-29,24,random_forest,"{'max_depth': 3, 'min_samples_leaf': 50}",0,0.2551578284,0.5258845256,0.218957646,-0.0001338123508,0,0.0007859580672,2.226027397e-07,False
2021-03-30,24,random_forest,"{'max_depth': 3, 'min_samples_leaf': 50}",0,0.2538406381,0.5295854946,0.2165738673,-0.0001383551808,0,0.002504148984,1.484018265e-07,False
2021-03-31,24,random_forest,"{'max_depth': 3, 'min_samples_leaf': 50}",0,0.2526648377,0.5319451049,0.2153900574,-0.0001356592823,0,0.005547167285,2.226027397e-07,False
2021-04-01,24,random_forest,"{'max_depth': 3, 'min_samples_leaf': 50}",0,0.205613223,0.6821202352,0.1122665418,-0.0004264513081,-1,0.007187810294,1.484018265e-07,False
2021-04-05,24,random_forest,"{'max_depth': 3, 'min_samples_leaf': 50}",0,0.2207482648,0.6502389511,0.1290127842,-0.0004503689508,-1,0.0008871878597,2.226027397e-07,False
2021-04-06,24,random_forest,"{'max_depth': 3, 'min_samples_leaf': 50}",0,0.2563746491,0.5343058314,0.2093195195,-0.0002142842836,0,0.00160120672,1.484018265e-07,False
2021-04-07,24,random_forest,"{'max_depth': 3, 'min_samples_leaf': 50}",0,0.2212347465,0.637970376,0.1407948775,-0.0003707342063,0,0.001446317536,1.484018265e-07,False
2021-04-08,24,random_forest,"{'max_depth': 3, 'min_samples_leaf': 50}",0,0.2215747316,0.6472663725,0.1311588959,-0.0004428674929,-1,0.007590723216,7.420091324e-08,False
2021-04-09,24,random_forest,"{'max_depth': 3, 'min_samples_leaf': 50}",0,0.2353432022,0.60562858,0.1590282179,-0.000374272946,0,0.001922863698,1.484018265e-07,False
2021-04-12,24,random_forest,"{'max_depth': 3, 'min_samples_leaf': 50}",0,0.2446904813,0.5527893795,0.2025201393,-0.0001519947714,0,0.003231809597,1.484018265e-07,False
2021-04-13,24,random_forest,"{'max_depth': 3, 'min_samples_leaf': 50}",0,0.2327457873,0.6094533512,0.1578008615,-0.0003583938559,0,-0.003342718201,2.226027397e-07,False
2021-04-14,24,random_forest,"{'max_depth': 3, 'min_samples_leaf': 50}",0,0.2572053684,0.5343252281,0.2084694034,-0.0002282489361,0,0.005148172626,1.484018265e-07,False
2021-04-15,24,random_forest,"{'max_depth': 3, 'min_samples_leaf': 50}",0,0.2451074626,0.5414650065,0.2134275309,-7.795520774e-05,0,2.398978227e-05,1.484018265e-07,False
2021-04-16,24,random_forest,"{'max_depth': 3, 'min_samples_leaf': 50}",0,0.2604558141,0.4659204673,0.2736237186,0.0002068087972,0,-0.002522505693,1.484018265e-07,False
2021-04-19,24,random_forest,"{'max_depth': 3, 'min_samples_leaf': 50}",0,0.2714031337,0.4611681987,0.2674286676,5.859181369e-05,0,-0.004203788846,1.484018265e-07,False
2021-04-20,24,random_forest,"{'max_depth': 3, 'min_samples_leaf': 50}",0,0.2635774801,0.4709987485,0.2654237714,0.0001185395223,0,0.01108113393,2.226027397e-07,False
2021-04-21,25,random_forest,"{'max_depth': 3, 'min_samples_leaf': 50}",0,0.2465851171,0.5137588916,0.2396559912,0.0001274262989,0,-0.008704286071,2.226027397e-07,False
2021-04-22,25,random_forest,"{'max_depth': 3, 'min_samples_leaf': 50}",0,0.2674488774,0.4018278192,0.3307233034,0.0005812958861,1,0.009373398844,2.226027397e-07,False
2021-04-23,25,random_forest,"{'max_depth': 3, 'min_samples_leaf': 50}",0,0.2460467826,0.5246839345,0.2292692828,5.824183705e-05,0,0.0004072032426,2.226027397e-07,False
2021-04-26,25,random_forest,"{'max_depth': 3, 'min_samples_leaf': 50}",0,0.2526978836,0.523852008,0.2234501084,-4.62901737e-05,0,-0.0009810345508,2.226027397e-07,False
2021-04-27,25,random_forest,"{'max_depth': 3, 'min_samples_leaf': 50}",0,0.2583755161,0.497944613,0.2436798709,4.466673944e-05,0,-0.0009813161256,7.420091324e-08,False
2021-04-28,25,random_forest,"{'max_depth': 3, 'min_samples_leaf': 50}",0,0.256873939,0.5075522488,0.2355738122,9.03660587e-07,0,-0.0006185995755,7.420091324e-08,False
2021-04-29,25,random_forest,"{'max_depth': 3, 'min_samples_leaf': 50}",0,0.2591789524,0.472830121,0.2679909267,0.0002109186129,0,-0.0007902140699,7.420091324e-08,False
2021-04-30,25,random_forest,"{'max_depth': 3, 'min_samples_leaf': 50}",0,0.2826283798,0.3919690951,0.3254025251,0.0003996509071,0,-0.002932504887,7.420091324e-08,False
2021-05-03,25,random_forest,"{'max_depth': 3, 'min_samples_leaf': 50}",0,0.2616643552,0.4904424277,0.2478932171,4.368524799e-05,0,-0.001081577991,2.96803653e-07,False
2021-05-04,25,random_forest,"{'max_depth': 3, 'min_samples_leaf': 50}",0,0.2849246116,0.4004015893,0.314673799,0.0003012061556,0,-0.0039053259,1.484018265e-07,False
2021-05-05,25,random_forest,"{'max_depth': 3, 'min_samples_leaf': 50}",0,0.2675455186,0.4750075275,0.2574469539,5.63708374e-05,0,0.007791695806,1.484018265e-07,False
2021-05-06,25,random_forest,"{'max_depth': 3, 'min_samples_leaf': 50}",0,0.2537092581,0.5135205869,0.232770155,1.079155009e-05,0,0.005310867877,1.484018265e-07,False
2021-05-07,25,random_forest,"{'max_depth': 3, 'min_samples_leaf': 50}",0,0.2484997198,0.5214468855,0.2300533948,4.064482062e-05,0,-0.01079289355,1.484018265e-07,False
2021-05-10,25,random_forest,"{'max_depth': 3, 'min_samples_leaf': 50}",0,0.2660608675,0.4282203248,0.3057188077,0.0004156150698,1,0.002686965372,1.484018265e-07,False
2021-05-11,25,random_forest,"{'max_depth': 3, 'min_samples_leaf': 50}",0,0.3134688304,0.3253890646,0.361142105,0.0003634854514,0,-0.01415268132,7.420091324e-08,False
2021-05-12,25,random_forest,"{'max_depth': 3, 'min_samples_leaf': 50}",0,0.3112904282,0.3159815875,0.3727279843,0.0004669451955,1,0.007885600436,1.484018265e-07,False
2021-05-13,25,random_forest,"{'max_depth': 3, 'min_samples_leaf': 50}",0,0.3108388355,0.3431626372,0.3459985273,0.0002800705753,0,0.008155647667,1.484018265e-07,False
2021-05-14,25,random_forest,"{'max_depth': 3, 'min_samples_leaf': 50}",0,0.2555978538,0.5124739057,0.2319282405,-1.30948761e-05,0,0.0003128971496,7.420091324e-08,False
2021-05-17,25,random_forest,"{'max_depth': 3, 'min_samples_leaf': 50}",0,0.262018579,0.4899126773,0.2480687437,4.158957514e-05,0,-0.009283274421,1.484018265e-07,False
2021-05-18,25,random_forest,"{'max_depth': 3, 'min_samples_leaf': 50}",0,0.2799641637,0.4327853414,0.2872504949,0.0001520226495,0,0.009682423494,1.484018265e-07,False
2021-05-19,25,random_forest,"{'max_depth': 3, 'min_samples_leaf': 50}",0,0.3102069068,0.3365617666,0.3532313265,0.0003377714012,0,0.008450731132,7.420091324e-08,False
2021-05-20,26,random_forest,"{'max_depth': 3, 'min_samples_leaf': 50}",0,0.2582335214,0.4836811129,0.2580853657,0.0001504012879,0,-0.004629723171,7.420091324e-08,False
2021-05-21,26,random_forest,"{'max_depth': 3, 'min_samples_leaf': 50}",0,0.2650742894,0.4390361219,0.2958895887,0.0003571314681,0,0.004384954911,7.420091324e-08,False
2021-05-24,26,random_forest,"{'max_depth': 3, 'min_samples_leaf': 50}",0,0.2457217982,0.5458360784,0.2084421234,-8.771470214e-05,0,-0.004972275243,1.484018265e-07,False
2021-05-25,26,random_forest,"{'max_depth': 3, 'min_samples_leaf': 50}",0,0.2439800583,0.5098177972,0.2462021446,0.0001998256776,0,0.0004775042153,1.484018265e-07,False
2021-05-26,26,random_forest,"{'max_depth': 3, 'min_samples_leaf': 50}",0,0.2436376336,0.5862059611,0.1701564052,-0.000342864051,0,-0.002094401892,1.484018265e-07,False
2021-05-27,26,random_forest,"{'max_depth': 3, 'min_samples_leaf': 50}",0,0.2510257453,0.5719975821,0.1769766726,-0.0003637391728,0,-0.002209166273,1.484018265e-07,False
2021-05-28,26,random_forest,"{'max_depth': 3, 'min_samples_leaf': 50}",0,0.2434328712,0.5330497362,0.2235173926,4.214594954e-05,0,-0.006862753582,7.420091324e-08,False
2021-06-01,26,random_forest,"{'max_depth': 3, 'min_samples_leaf': 50}",0,0.2497742208,0.5173168324,0.2329089468,4.962458388e-05,0,-9.517464844e-05,1.484018265e-07,False
2021-06-02,26,random_forest,"{'max_depth': 3, 'min_samples_leaf': 50}",0,0.2437424803,0.5602615042,0.1959960155,-0.0001583545432,0,0.002201706088,1.484018265e-07,False
2021-06-03,26,random_forest,"{'max_depth': 3, 'min_samples_leaf': 50}",0,0.2501735369,0.5521280901,0.197698373,-0.0002069240335,0,0.004396924697,1.484018265e-07,False
2021-06-04,26,random_forest,"{'max_depth': 3, 'min_samples_leaf': 50}",0,0.2234537393,0.6226748904,0.1538713703,-0.0002689816018,0,-0.0009465295482,1.484018265e-07,False
2021-06-07,26,random_forest,"{'max_depth': 3, 'min_samples_leaf': 50}",0,0.2346822125,0.5563605687,0.2089572188,2.033656698e-05,0,-0.001961633312,1.484018265e-07,False
2021-06-08,26,random_forest,"{'max_depth': 3, 'min_samples_leaf': 50}",0,0.236050827,0.507999198,0.2559499749,0.0003447569259,0,-0.003615479969,1.484018265e-07,False
2021-06-09,26,random_forest,"{'max_depth': 3, 'min_samples_leaf': 50}",0,0.2459235102,0.4914341632,0.2626423266,0.0002994777,0,0.001536774011,2.226027397e-07,False
2021-06-10,26,random_forest,"{'max_depth': 3, 'min_samples_leaf': 50}",0,0.2366151336,0.5197533126,0.2436315539,0.000250989725,0,0.0002592771351,2.226027397e-07,False
2021-06-11,26,random_forest,"{'max_depth': 3, 'min_samples_leaf': 50}",0,0.2378045031,0.5356230242,0.2265724726,0.0001172811796,0,0.001955604142,2.226027397e-07,False
2021-06-14,26,random_forest,"{'max_depth': 3, 'min_samples_leaf': 50}",0,0.2379195764,0.5361136716,0.225966752,0.0001118450097,0,-0.002209586852,2.226027397e-07,False
2021-06-15,26,random_forest,"{'max_depth': 3, 'min_samples_leaf': 50}",0,0.2393983703,0.5267101239,0.2338915059,0.0001547576775,0,-0.005934624187,2.226027397e-07,False
2021-06-16,26,random_forest,"{'max_depth': 3, 'min_samples_leaf': 50}",0,0.264215307,0.4278626938,0.3079219992,0.0004516308915,1,0.0007114279497,2.96803653e-07,False
2021-06-17,26,random_forest,"{'max_depth': 3, 'min_samples_leaf': 50}",0,0.2656992671,0.4281131062,0.3061876267,0.0004251525951,1,-0.005202673058,2.96803653e-07,False
2021-06-18,26,random_forest,"{'max_depth': 3, 'min_samples_leaf': 50}",0,0.2856281166,0.25563404,0.4587378434,0.001331918325,1,0.009740877175,3.710045662e-07,False
2021-06-21,27,random_forest,"{'max_depth': 3, 'min_samples_leaf': 50}",0,0.2883595338,0.4443670548,0.2672734115,-7.850517761e-05,0,0.005370035019,3.710045662e-07,False
2021-06-22,27,random_forest,"{'max_depth': 3, 'min_samples_leaf': 50}",0,0.2639985182,0.5029500331,0.2330514487,-9.507801416e-05,0,-0.001394164173,2.96803653e-07,False
2021-06-23,27,random_forest,"{'max_depth': 3, 'min_samples_leaf': 50}",0,0.2756343999,0.4940171948,0.2303484053,-0.000223743227,0,0.0004942254937,3.710045662e-07,False
2021-06-24,27,random_forest,"{'max_depth': 3, 'min_samples_leaf': 50}",0,0.2586160219,0.5298091822,0.211574796,-0.0001985133601,0,0.00166703797,3.710045662e-07,False
2021-06-25,27,random_forest,"{'max_depth': 3, 'min_samples_leaf': 50}",0,0.2598451753,0.5244376594,0.2157171653,-0.0001803567543,0,0.000702267865,4.452054795e-07,False
2021-06-28,27,random_forest,"{'max_depth': 3, 'min_samples_leaf': 50}",0,0.2574999013,0.5207665075,0.2217335912,-0.0001151920718,0,-0.0004206616373,3.710045662e-07,False
2021-06-29,27,random_forest,"{'max_depth': 3, 'min_samples_leaf': 50}",0,0.2610977603,0.5248784236,0.2140238161,-0.0002042623821,0,0.001989668037,2.96803653e-07,False
2021-06-30,27,random_forest,"{'max_depth': 3, 'min_samples_leaf': 50}",0,0.2431971517,0.5518103932,0.2049924551,-0.0001008945709,0,0.003637460146,3.710045662e-07,False
2021-07-01,27,random_forest,"{'max_depth': 3, 'min_samples_leaf': 50}",0,0.234431437,0.5918248616,0.1737437014,-0.0002426207498,0,0.004748969565,3.710045662e-07,False
2021-07-02,27,random_forest,"{'max_depth': 3, 'min_samples_leaf': 50}",0,0.2248290618,0.6053789273,0.1697920109,-0.000180768771,0,-0.001959532693,3.710045662e-07,False
2021-07-06,27,random_forest,"{'max_depth': 3, 'min_samples_leaf': 50}",0,0.2643135847,0.4390893433,0.2965970719,0.0003575856643,0,0.001844735063,3.710045662e-07,False
2021-07-07,27,random_forest,"{'max_depth': 3, 'min_samples_leaf': 50}",0,0.2661376132,0.4486532161,0.2852091707,0.0002588029917,0,0.004990938452,3.710045662e-07,False
2021-07-08,27,random_forest,"{'max_depth': 3, 'min_samples_leaf': 50}",0,0.3051828471,0.3680613672,0.3267557857,0.0001899792796,0,0.006912792745,4.452054795e-07,False
2021-07-09,27,random_forest,"{'max_depth': 3, 'min_samples_leaf': 50}",0,0.2607824691,0.4964342594,0.2427832715,4.904435053e-06,0,0.00378934368,4.452054795e-07,False
2021-07-12,27,random_forest,"{'max_depth': 3, 'min_samples_leaf': 50}",0,0.2678031723,0.4675946617,0.264602166,9.540759649e-05,0,-0.00148999153,3.710045662e-07,False
2021-07-13,27,random_forest,"{'max_depth': 3, 'min_samples_leaf': 50}",0,0.2621942317,0.5047140481,0.2330917201,-7.784338452e-05,0,-0.002652043211,3.710045662e-07,False
2021-07-14,27,random_forest,"{'max_depth': 3, 'min_samples_leaf': 50}",0,0.2618011974,0.4942774297,0.2439213729,3.496724191e-06,0,-0.0001379857829,4.452054795e-07,False
2021-07-15,27,random_forest,"{'max_depth': 3, 'min_samples_leaf': 50}",0,0.2665746518,0.4698221237,0.2636032245,9.978345722e-05,0,-0.01071079417,3.710045662e-07,False
2021-07-16,27,random_forest,"{'max_depth': 3, 'min_samples_leaf': 50}",0,0.3100436074,0.3082198493,0.3817365433,0.0005385395631,1,-0.002862575944,3.710045662e-07,False
2021-07-19,27,random_forest,"{'max_depth': 3, 'min_samples_leaf': 50}",0,0.3279915541,0.2495990771,0.4224093688,0.0006615967841,1,0.01263861334,3.710045662e-07,False
2021-07-20,27,random_forest,"{'max_depth': 3, 'min_samples_leaf': 50}",0,0.3452469394,0.3087912088,0.3459618517,-4.859553709e-05,0,0.005111697755,3.710045662e-07,False
2021-07-21,28,random_forest,"{'max_depth': 3, 'min_samples_leaf': 50}",0,0.2665258458,0.4700887988,0.2633853554,0.0001169521959,0,0.001656165217,3.710045662e-07,False
2021-07-22,28,random_forest,"{'max_depth': 3, 'min_samples_leaf': 50}",0,0.2631846828,0.4933057011,0.243509616,6.213535399e-06,0,0.005531206425,3.710045662e-07,False
2021-07-23,28,random_forest,"{'max_depth': 3, 'min_samples_leaf': 50}",0,0.2588776967,0.5019833397,0.2391389637,1.524979157e-05,0,0.003892448272,3.710045662e-07,False
2021-07-26,28,random_forest,"{'max_depth': 3, 'min_samples_leaf': 50}",0,0.257628087,0.5220380912,0.2203338218,-0.0001073902494,0,-0.002045858951,3.710045662e-07,False
2021-07-27,28,random_forest,"{'max_depth': 3, 'min_samples_leaf': 50}",0,0.2841487842,0.4052079104,0.3106433054,0.0002897914503,0,-0.001933238013,3.710045662e-07,False
2021-07-28,28,random_forest,"{'max_depth': 3, 'min_samples_leaf': 50}",0,0.2638130987,0.4771455973,0.2590413041,0.0001112781873,0,0.001887105127,3.710045662e-07,False
2021-07-29,28,random_forest,"{'max_depth': 3, 'min_samples_leaf': 50}",0,0.2632603168,0.4967929949,0.2399466883,-1.994225093e-05,0,0.001370158442,4.452054795e-07,False
2021-07-30,28,random_forest,"{'max_depth': 3, 'min_samples_leaf': 50}",0,0.2649246853,0.4775932047,0.2574821101,8.975210482e-05,0,-0.006245174188,4.452054795e-07,False
2021-08-02,28,random_forest,"{'max_depth': 3, 'min_samples_leaf': 50}",0,0.272256829,0.4304916711,0.2972515,0.0003052839557,0,0.006180985994,3.710045662e-07,False
2021-08-03,28,random_forest,"{'max_depth': 3, 'min_samples_leaf': 50}",0,0.2570926199,0.4880769769,0.2548304032,0.0001440127715,0,-0.001819063771,3.710045662e-07,False
2021-08-04,28,random_forest,"{'max_depth': 3, 'min_samples_leaf': 50}",0,0.2676196629,0.4505353438,0.2818449933,0.0002385804958,0,0.003498270265,3.710045662e-07,False
2021-08-05,28,random_forest,"{'max_depth': 3, 'min_samples_leaf': 50}",0,0.2592775099,0.5062381753,0.2344843148,-2.173370304e-05,0,0.0008821174673,3.710045662e-07,False
2021-08-06,28,random_forest,"{'max_depth': 3, 'min_samples_leaf': 50}",0,0.2562013907,0.5184072269,0.2253913824,-5.793130354e-05,0,-0.0007457998519,4.452054795e-07,False
2021-08-09,28,random_forest,"{'max_depth': 3, 'min_samples_leaf': 50}",0,0.2588323224,0.5091769986,0.231990679,-3.538410463e-05,0,0.0001581693428,4.452054795e-07,False
2021-08-10,28,random_forest,"{'max_depth': 3, 'min_samples_leaf': 50}",0,0.2477152601,0.5408470473,0.2114376926,-7.828409093e-05,0,-9.014583717e-05,3.710045662e-07,False
2021-08-11,28,random_forest,"{'max_depth': 3, 'min_samples_leaf': 50}",0,0.2439780331,0.5491238466,0.2068981203,-7.577952841e-05,0,0.003358708663,3.710045662e-07,False
2021-08-12,28,random_forest,"{'max_depth': 3, 'min_samples_leaf': 50}",0,0.2418587739,0.5503061883,0.2078350377,-4.928014421e-05,0,0.0007406294698,4.452054795e-07,False
2021-08-13,28,random_forest,"{'max_depth': 3, 'min_samples_leaf': 50}",0,0.2387559817,0.5686885446,0.1925554737,-0.0001294176394,0,0.005488948979,4.452054795e-07,False
2021-08-16,28,random_forest,"{'max_depth': 3, 'min_samples_leaf': 50}",0,0.2402775062,0.5430615491,0.2166609447,2.853960334e-05,0,-0.0004501657867,4.452054795e-07,False
2021-08-17,28,random_forest,"{'max_depth': 3, 'min_samples_leaf': 50}",0,0.2765449971,0.4183255479,0.3051294549,0.0003214751528,0,-0.008533499227,5.194063927e-07,False
2021-08-18,28,random_forest,"{'max_depth': 3, 'min_samples_leaf': 50}",0,0.3203254124,0.2493325087,0.4303420788,0.0008066443089,1,0.008228840931,5.194063927e-07,False
2021-08-19,29,random_forest,"{'max_depth': 3, 'min_samples_leaf': 50}",0,0.3454336766,0.1895402386,0.4650260849,0.0008262559309,1,0.007109861424,4.452054795e-07,False
2021-08-20,29,random_forest,"{'max_depth': 3, 'min_samples_leaf': 50}",0,0.2702605698,0.4407442919,0.2889951383,0.0002759230653,0,0.004717418633,3.710045662e-07,False
2021-08-23,29,random_forest,"{'max_depth': 3, 'min_samples_leaf': 50}",0,0.2359856541,0.5386316138,0.225382732,0.0001432243385,0,0,3.710045662e-07,False
2021-08-24,29,random_forest,"{'max_depth': 3, 'min_samples_leaf': 50}",0,0.2420319105,0.5441525569,0.2138155326,4.804627249e-06,0,0.001651137249,3.710045662e-07,False
2021-08-25,29,random_forest,"{'max_depth': 3, 'min_samples_leaf': 50}",0,0.2375462314,0.5551731959,0.2072805727,1.506724908e-07,0,-0.005238348739,4.452054795e-07,False
2021-08-26,29,random_forest,"{'max_depth': 3, 'min_samples_leaf': 50}",0,0.2654540337,0.4528594517,0.2816865146,0.0002687616484,0,0.007000368894,3.710045662e-07,False
2021-08-27,29,random_forest,"{'max_depth': 3, 'min_samples_leaf': 50}",0,0.2428930537,0.5020938539,0.2550130924,0.000289343229,0,0.00279399903,3.710045662e-07,False
2021-08-30,29,random_forest,"{'max_depth': 3, 'min_samples_leaf': 50}",0,0.2332403625,0.5442187862,0.2225408513,0.0001485964388,0,-0.001260715574,3.710045662e-07,False
2021-08-31,29,random_forest,"{'max_depth': 3, 'min_samples_leaf': 50}",0,0.2337387504,0.5569127211,0.2093485284,5.027552601e-05,0,-0.001679356873,2.96803653e-07,False
2021-09-01,29,random_forest,"{'max_depth': 3, 'min_samples_leaf': 50}",0,0.2159311005,0.6504207661,0.1336481333,-0.0003215392522,0,-0.0002867840016,3.710045662e-07,False
2021-09-02,29,random_forest,"{'max_depth': 3, 'min_samples_leaf': 50}",0,0.2194482154,0.6421905867,0.1383611979,-0.0003208076936,0,0.002433681932,3.710045662e-07,False
2021-09-03,29,random_forest,"{'max_depth': 3, 'min_samples_leaf': 50}",0,0.2307471686,0.566822917,0.2024299144,2.899018692e-05,0,-0.002761149493,3.710045662e-07,False
2021-09-07,29,random_forest,"{'max_depth': 3, 'min_samples_leaf': 50}",0,0.261219905,0.501859262,0.236920833,-9.719536508e-06,0,4.433247537e-05,3.710045662e-07,False
2021-09-08,29,random_forest,"{'max_depth': 3, 'min_samples_leaf': 50}",0,0.2613974986,0.4837456191,0.2548568822,0.0001159957571,0,-0.003816288276,3.710045662e-07,False
2021-09-09,29,random_forest,"{'max_depth': 3, 'min_samples_leaf': 50}",0,0.2999417553,0.3394087734,0.3606494713,0.0005084876488,1,-0.01241576364,2.96803653e-07,False
2021-09-10,29,random_forest,"{'max_depth': 3, 'min_samples_leaf': 50}",0,0.3108457186,0.2781794462,0.4109748352,0.0007643671211,1,-0.00459171712,3.710045662e-07,False
2021-09-13,29,random_forest,"{'max_depth': 3, 'min_samples_leaf': 50}",0,0.3176481056,0.2637480005,0.4186038939,0.0007552267742,1,-0.008814562437,4.452054795e-07,False
2021-09-14,29,random_forest,"{'max_depth': 3, 'min_samples_leaf': 50}",0,0.3157024543,0.2534633704,0.4308341753,0.0008601870261,1,0.007332125934,2.96803653e-07,False
2021-09-15,29,random_forest,"{'max_depth': 3, 'min_samples_leaf': 50}",0,0.2796899155,0.4101205488,0.3101895357,0.0003386619815,0,-0.0003353167204,2.96803653e-07,False
2021-09-16,29,random_forest,"{'max_depth': 3, 'min_samples_leaf': 50}",0,0.2942934279,0.3647360759,0.3409704962,0.000421316644,1,-0.007911578266,2.96803653e-07,False
2021-09-17,29,random_forest,"{'max_depth': 3, 'min_samples_leaf': 50}",0,0.3264398026,0.2112713888,0.4622888086,0.0009836116128,1,-0.001931558708,2.96803653e-07,False
2021-09-20,30,random_forest,"{'max_depth': 3, 'min_samples_leaf': 50}",0,0.3428882613,0.2153136882,0.4417980505,0.0006720841614,1,-0.006643286636,2.96803653e-07,False
2021-09-21,30,random_forest,"{'max_depth': 3, 'min_samples_leaf': 50}",0,0.3233501451,0.2381193334,0.4385305214,0.0008302946268,1,0.0041508945,2.226027397e-07,False
2021-09-22,30,random_forest,"{'max_depth': 3, 'min_samples_leaf': 50}",0,0.3133127259,0.3164243481,0.370262926,0.0004391825936,1,0.007570731953,2.226027397e-07,False
2021-09-23,30,random_forest,"{'max_depth': 3, 'min_samples_leaf': 50}",0,0.2493437981,0.5010200247,0.2496361773,0.0001773251527,0,0.005595327205,2.226027397e-07,False
2021-09-24,30,random_forest,"{'max_depth': 3, 'min_samples_leaf': 50}",0,0.2406628839,0.5349269097,0.2244102063,7.896206304e-05,0,-0.0003838731612,2.226027397e-07,False
2021-09-27,30,random_forest,"{'max_depth': 3, 'min_samples_leaf': 50}",0,0.2650366019,0.4822651855,0.2526982126,5.335654256e-05,0,-0.01357775082,2.96803653e-07,False
2021-09-28,30,random_forest,"{'max_depth': 3, 'min_samples_leaf': 50}",0,0.3313780899,0.26348385,0.4051380601,0.0005188733691,1,-0.001700384148,2.96803653e-07,False
2021-09-29,30,random_forest,"{'max_depth': 3, 'min_samples_leaf': 50}",0,0.3125573093,0.313440472,0.3740022187,0.0004727228464,1,-0.01577903438,2.96803653e-07,False
2021-09-30,30,random_forest,"{'max_depth': 3, 'min_samples_leaf': 50}",0,0.3203405008,0.2847618651,0.3948976341,0.0005486988381,1,0.007564107993,2.96803653e-07,False
2021-10-01,30,random_forest,"{'max_depth': 3, 'min_samples_leaf': 50}",0,0.2810908549,0.418912448,0.299996697,0.0002398511528,0,-0.01006925037,2.96803653e-07,False
2021-10-04,30,random_forest,"{'max_depth': 3, 'min_samples_leaf': 50}",0,0.2887020003,0.3718901341,0.3394078657,0.0004487774766,1,0.006647489501,2.96803653e-07,False
2021-10-05,30,random_forest,"{'max_depth': 3, 'min_samples_leaf': 50}",0,0.2659330601,0.4779469533,0.2561199866,6.930837008e-05,0,0.01311530055,2.96803653e-07,False
2021-10-06,30,random_forest,"{'max_depth': 3, 'min_samples_leaf': 50}",0,0.2593835491,0.4785215313,0.2620949195,0.0001725005654,0,0.0006158650527,2.96803653e-07,False
2021-10-07,30,random_forest,"{'max_depth': 3, 'min_samples_leaf': 50}",0,0.2423400963,0.5265492012,0.2311107025,0.0001109250785,0,-0.003686232993,3.710045662e-07,False
2021-10-08,30,random_forest,"{'max_depth': 3, 'min_samples_leaf': 50}",0,0.2437423983,0.5123200005,0.2439376012,0.0001889018089,0,-0.005650107894,3.710045662e-07,False
2021-10-11,30,random_forest,"{'max_depth': 3, 'min_samples_leaf': 50}",0,0.2528427972,0.497636405,0.2495207979,0.0001440221342,0,-0.004705438143,3.710045662e-07,False
2021-10-12,30,random_forest,"{'max_depth': 3, 'min_samples_leaf': 50}",0,0.2451065578,0.5165998638,0.2382935784,0.0001361976307,0,0.00108118347,4.452054795e-07,False
2021-10-13,30,random_forest,"{'max_depth': 3, 'min_samples_leaf': 50}",0,0.2422292377,0.5374158368,0.2203549255,3.565145796e-05,0,0.007789044267,3.710045662e-07,False
2021-10-14,30,random_forest,"{'max_depth': 3, 'min_samples_leaf': 50}",0,0.1967193347,0.6731524068,0.1301282585,-0.0001819165119,0,0.002518257757,3.710045662e-07,False
2021-10-15,30,random_forest,"{'max_depth': 3, 'min_samples_leaf': 50}",0,0.1951414906,0.6800244016,0.1248341078,-0.0002048252656,0,0.007252744983,3.710045662e-07,False
2021-10-18,30,random_forest,"{'max_depth': 3, 'min_samples_leaf': 50}",0,0.1889521013,0.6879459205,0.1231019783,-0.0001596512811,0,0.003831420302,4.452054795e-07,False
2021-10-19,31,random_forest,"{'max_depth': 3, 'min_samples_leaf': 50}",0,0.1899782051,0.7008561444,0.1091656505,-0.0002684252693,0,0.002837317035,3.710045662e-07,False
2021-10-20,31,random_forest,"{'max_depth': 3, 'min_samples_leaf': 50}",0,0.1820289313,0.7142364537,0.103734615,-0.0002330744198,0,0.004028615129,3.710045662e-07,False
2021-10-21,31,random_forest,"{'max_depth': 3, 'min_samples_leaf': 50}",0,0.1827326604,0.7116699316,0.1055974079,-0.0002263751309,0,-2.209025991e-05,4.452054795e-07,False
2021-10-22,31,random_forest,"{'max_depth': 3, 'min_samples_leaf': 50}",0,0.2063926084,0.6289935436,0.164613848,-2.682950243e-05,0,0.00279560854,4.452054795e-07,False
2021-10-25,31,random_forest,"{'max_depth': 3, 'min_samples_leaf': 50}",0,0.1862501729,0.7007787951,0.112971032,-0.0002066679088,0,-0.002712206269,4.452054795e-07,False
2021-10-26,31,random_forest,"{'max_depth': 3, 'min_samples_leaf': 50}",0,0.2091751649,0.611100346,0.179724489,5.474320665e-05,0,-0.005498980517,4.452054795e-07,False
2021-10-27,31,random_forest,"{'max_depth': 3, 'min_samples_leaf': 50}",0,0.2264976868,0.5405709476,0.2329313657,0.0002719476008,0,0.006279400836,4.452054795e-07,False
2021-10-28,31,random_forest,"{'max_depth': 3, 'min_samples_leaf': 50}",0,0.2314222979,0.5395376522,0.2290400499,0.0001984436165,0,0.007414405342,4.452054795e-07,False
2021-10-29,31,random_forest,"{'max_depth': 3, 'min_samples_leaf': 50}",0,0.2327992472,0.5261320803,0.2410686724,0.0002711775941,0,-0.0005648039399,3.710045662e-07,False
2021-11-01,31,random_forest,"{'max_depth': 3, 'min_samples_leaf': 50}",0,0.2447115974,0.5004475547,0.2548408479,0.00025826852,0,0.003650412225,3.710045662e-07,False
2021-11-02,31,random_forest,"{'max_depth': 3, 'min_samples_leaf': 50}",0,0.2525312656,0.4560437013,0.2914250331,0.000445686059,1,0.00741385977,3.710045662e-07,False
2021-11-03,31,random_forest,"{'max_depth': 3, 'min_samples_leaf': 50}",0,0.248490659,0.487405453,0.264103888,0.000288979338,0,0.003330794039,3.710045662e-07,False
2021-11-04,31,random_forest,"{'max_depth': 3, 'min_samples_leaf': 50}",0,0.2507288601,0.4916213006,0.2576498392,0.0002222490486,0,-0.001598192941,2.96803653e-07,False
2021-11-05,31,random_forest,"{'max_depth': 3, 'min_samples_leaf': 50}",0,0.2633281181,0.4224989457,0.3141729362,0.000506993577,1,-0.001639385899,3.710045662e-07,False
2021-11-08,31,random_forest,"{'max_depth': 3, 'min_samples_leaf': 50}",0,0.2830243367,0.4068024005,0.3101732629,0.000295253221,0,-0.004133645257,4.452054795e-07,False
2021-11-09,31,random_forest,"{'max_depth': 3, 'min_samples_leaf': 50}",0,0.2858308347,0.3515289708,0.3626401945,0.0006422823478,1,-0.004209784626,2.96803653e-07,False
2021-11-10,31,random_forest,"{'max_depth': 3, 'min_samples_leaf': 50}",0,0.2915009476,0.3207531678,0.3877458845,0.0007680683634,1,-0.003095381539,3.710045662e-07,False
2021-11-11,31,random_forest,"{'max_depth': 3, 'min_samples_leaf': 50}",0,0.2747459213,0.4363378607,0.288916218,0.0002211119666,0,0.004622450021,3.710045662e-07,False
2021-11-12,31,random_forest,"{'max_depth': 3, 'min_samples_leaf': 50}",0,0.247272602,0.5249322528,0.2277951453,4.208564938e-05,0,-0.002581986089,3.710045662e-07,False
2021-11-15,31,random_forest,"{'max_depth': 3, 'min_samples_leaf': 50}",0,0.2584324274,0.4970588268,0.2445087458,5.709914507e-05,0,0.004559573813,3.710045662e-07,False
2021-11-16,31,random_forest,"{'max_depth': 3, 'min_samples_leaf': 50}",0,0.2659160503,0.4526621111,0.2814218386,0.0002499831499,0,-0.001833657259,3.710045662e-07,False
2021-11-17,32,random_forest,"{'max_depth': 3, 'min_samples_leaf': 50}",0,0.3051186222,0.3862238499,0.3086575279,8.999154113e-05,0,0.001044285906,3.710045662e-07,False
2021-11-18,32,random_forest,"{'max_depth': 3, 'min_samples_leaf': 50}",0,0.3021785015,0.3683394239,0.3294820746,0.0002647350533,0,-0.001533124566,3.710045662e-07,False
2021-11-19,32,random_forest,"{'max_depth': 3, 'min_samples_leaf': 50}",0,0.2963747508,0.3605094444,0.3431158047,0.0004149729682,1,-0.007050494187,3.710045662e-07,False
2021-11-22,32,random_forest,"{'max_depth': 3, 'min_samples_leaf': 50}",0,0.3118796606,0.2682999122,0.4198204271,0.0008153328615,1,0.002076112315,3.710045662e-07,False
2021-11-23,32,random_forest,"{'max_depth': 3, 'min_samples_leaf': 50}",0,0.3112615775,0.3093071509,0.3794312716,0.0005348084408,1,0.007252295482,4.452054795e-07,False
2021-11-24,32,random_forest,"{'max_depth': 3, 'min_samples_leaf': 50}",0,0.3067512874,0.3451257075,0.3481230051,0.0003545969095,0,-0.007288997617,2.397260274e-07,False
2021-11-26,32,random_forest,"{'max_depth': 3, 'min_samples_leaf': 50}",0,0.3123532048,0.1762121594,0.5114346359,0.001460220115,1,0.001142066588,4.452054795e-07,False
2021-11-29,32,random_forest,"{'max_depth': 3, 'min_samples_leaf': 50}",0,0.3402749143,0.2485915931,0.4111334926,0.0004914451663,1,-0.01393939919,4.452054795e-07,False
2021-11-30,32,random_forest,"{'max_depth': 3, 'min_samples_leaf': 50}",0,0.3175359716,0.1553966231,0.5270674054,0.001523128202,1,-0.02413138896,3.710045662e-07,False
2021-12-01,32,random_forest,"{'max_depth': 3, 'min_samples_leaf': 50}",0,0.312031492,0.1699927733,0.5179757346,0.0015095484,1,0.01479817799,4.452054795e-07,False
2021-12-02,32,random_forest,"{'max_depth': 3, 'min_samples_leaf': 50}",0,0.329772101,0.2144999375,0.4557279615,0.0009045105626,1,-0.01252259468,3.710045662e-07,False
2021-12-03,32,random_forest,"{'max_depth': 3, 'min_samples_leaf': 50}",0,0.2950829906,0.2168909642,0.4880260452,0.001453873032,1,0.005831678847,4.452054795e-07,False
2021-12-06,32,random_forest,"{'max_depth': 3, 'min_samples_leaf': 50}",0,0.3091077449,0.3051746613,0.3857175938,0.0005992568365,1,0.008333143169,3.710045662e-07,False
2021-12-07,32,random_forest,"{'max_depth': 3, 'min_samples_leaf': 50}",0,0.2219175418,0.5739728542,0.204109604,0.0001177067388,0,0.001749470323,4.452054795e-07,False
2021-12-08,32,random_forest,"{'max_depth': 3, 'min_samples_leaf': 50}",0,0.212714186,0.6164612506,0.1708245634,-3.315802715e-05,0,-0.003844895406,5.194063927e-07,False
2021-12-09,32,random_forest,"{'max_depth': 3, 'min_samples_leaf': 50}",0,0.2435221101,0.5308780694,0.2255998204,7.041636374e-05,0,0.003217993701,4.452054795e-07,False
2021-12-10,32,random_forest,"{'max_depth': 3, 'min_samples_leaf': 50}",0,0.2002225062,0.6699692902,0.1298082035,-0.0002084354315,0,-0.007699004738,4.452054795e-07,False
2021-12-13,32,random_forest,"{'max_depth': 3, 'min_samples_leaf': 50}",0,0.2313520914,0.5345212494,0.2341266592,0.0002432757336,0,0.0005830162912,3.710045662e-07,False
2021-12-14,32,random_forest,"{'max_depth': 3, 'min_samples_leaf': 50}",0,0.2488348419,0.5069304843,0.2442346738,0.0001533993036,0,0.01549348861,3.710045662e-07,False
2021-12-15,32,random_forest,"{'max_depth': 3, 'min_samples_leaf': 50}",0,0.2202454543,0.5868694874,0.1928850583,5.360661166e-05,0,-0.01295045174,3.710045662e-07,False
2021-12-16,32,random_forest,"{'max_depth': 3, 'min_samples_leaf': 50}",0,0.2403473611,0.5286841807,0.2309684582,0.0001377927506,0,-0.003639893144,3.710045662e-07,False
2021-12-17,33,random_forest,"{'max_depth': 3, 'min_samples_leaf': 50}",0,0.2500241618,0.4609189141,0.2890569241,0.0004407718691,1,0.001100158402,3.710045662e-07,False
2021-12-20,33,random_forest,"{'max_depth': 3, 'min_samples_leaf': 50}",0,0.2581137706,0.4613003606,0.2805858687,0.0003051835893,0,0.009703260695,5.194063927e-07,False
2021-12-21,33,random_forest,"{'max_depth': 3, 'min_samples_leaf': 50}",0,0.2686706487,0.4948001235,0.2365292277,-0.0001069606431,0,0.01058794211,5.194063927e-07,False
2021-12-22,33,random_forest,"{'max_depth': 3, 'min_samples_leaf': 50}",0,0.2213516149,0.5990021433,0.1796462418,-7.23974797e-05,0,0.003946679692,5.936073059e-07,False
2021-12-23,33,random_forest,"{'max_depth': 3, 'min_samples_leaf': 50}",0,0.2100718612,0.6506134304,0.1393147084,-0.0002549601019,0,0.01101557486,5.194063927e-07,False
2021-12-27,33,random_forest,"{'max_depth': 3, 'min_samples_leaf': 50}",0,0.2076565717,0.6406091506,0.1517342777,-0.000143989863,0,-0.001779297681,4.452054795e-07,False
2021-12-28,33,random_forest,"{'max_depth': 3, 'min_samples_leaf': 50}",0,0.1944015366,0.6685784048,0.1370200587,-0.0001256140477,0,0.001048262026,4.452054795e-07,False
2021-12-29,33,random_forest,"{'max_depth': 3, 'min_samples_leaf': 50}",0,0.1835032613,0.7190352044,0.09746153426,-0.0003062144116,0,-0.003703448387,3.710045662e-07,False
2021-12-30,33,random_forest,"{'max_depth': 3, 'min_samples_leaf': 50}",0,0.233915272,0.5533210363,0.2127636917,4.681342246e-05,0,-0.001429701378,3.710045662e-07,False
2021-12-31,33,random_forest,"{'max_depth': 3, 'min_samples_leaf': 50}",0,0.2349696678,0.5542703138,0.2107600184,2.2729816e-05,0,0.002960326775,4.452054795e-07,False
2022-01-03,33,random_forest,"{'max_depth': 3, 'min_samples_leaf': 50}",0,0.2175237947,0.607751797,0.1747244082,-7.18846289e-05,0,-0.003484857453,5.936073059e-07,False
2022-01-04,33,random_forest,"{'max_depth': 3, 'min_samples_leaf': 50}",0,0.2335406156,0.5796209819,0.1868384025,-0.0001344706296,0,-0.01840053389,5.936073059e-07,False
2022-01-05,33,random_forest,"{'max_depth': 3, 'min_samples_leaf': 50}",0,0.2875698213,0.3815508392,0.3308793395,0.0003897442481,0,0.000106836705,6.678082192e-07,False
2022-01-06,33,random_forest,"{'max_depth': 3, 'min_samples_leaf': 50}",0,0.3040108609,0.3907903333,0.3051988058,5.385524675e-05,0,-0.00397481737,7.420091324e-07,False
2022-01-07,33,random_forest,"{'max_depth': 3, 'min_samples_leaf': 50}",0,0.3000130073,0.3960891337,0.303897859,8.175481881e-05,0,0.006073043906,7.420091324e-07,False
2022-01-10,33,random_forest,"{'max_depth': 3, 'min_samples_leaf': 50}",0,0.3096263927,0.3660654101,0.3243081973,0.0001378342091,0,0.009715600747,9.646118721e-07,False
2022-01-11,33,random_forest,"{'max_depth': 3, 'min_samples_leaf': 50}",0,0.2986288995,0.4165409437,0.2848301568,-4.127004168e-05,0,-0.001208692681,8.162100457e-07,False
2022-01-12,33,random_forest,"{'max_depth': 3, 'min_samples_leaf': 50}",0,0.2716856566,0.4925981745,0.2357161689,-0.0001407882488,0,-0.01622229112,8.904109589e-07,False
2022-01-13,33,random_forest,"{'max_depth': 3, 'min_samples_leaf': 50}",0,0.3197802395,0.2692022665,0.411017494,0.0006613960581,1,0.007654109575,8.904109589e-07,False
2022-01-14,33,random_forest,"{'max_depth': 3, 'min_samples_leaf': 50}",0,0.2992972185,0.3689799065,0.331722875,0.0002867168408,0,-0.007069213312,9.646118721e-07,False
2022-01-18,33,random_forest,"{'max_depth': 3, 'min_samples_leaf': 50}",0,0.3510262697,0.1764278089,0.4725459214,0.00080938448,1,-0.01392618861,1.187214612e-06,False
2022-01-19,34,random_forest,"{'max_depth': 3, 'min_samples_leaf': 50}",0,0.3896392126,0.1364080628,0.4739527246,0.0004558459397,1,-0.0154269974,1.261415525e-06,False
2022-01-20,34,random_forest,"{'max_depth': 3, 'min_samples_leaf': 50}",0,0.4012947222,0.1367944293,0.4619108484,0.0002609116162,0,-0.0170122689,1.261415525e-06,False
2022-01-21,34,random_forest,"{'max_depth': 3, 'min_samples_leaf': 50}",0,0.3760063722,0.1464336507,0.4775599772,0.0006088679189,1,0.01807744264,1.261415525e-06,False
2022-01-24,34,random_forest,"{'max_depth': 3, 'min_samples_leaf': 50}",0,0.400722808,0.145351105,0.453926087,0.00020910493,0,0.003255908456,1.409817352e-06,False
2022-01-25,34,random_forest,"{'max_depth': 3, 'min_samples_leaf': 50}",0,0.3940486818,0.1377693498,0.4681819684,0.0003734030835,0,-0.01665455677,1.409817352e-06,False
2022-01-26,34,random_forest,"{'max_depth': 3, 'min_samples_leaf': 50}",0,0.3598825611,0.1734618665,0.4666555725,0.0006812798184,1,-0.01601793317,1.409817352e-06,False
2022-01-27,34,random_forest,"{'max_depth': 3, 'min_samples_leaf': 50}",0,0.3206897717,0.2098172085,0.4694930197,0.001067289821,1,0.02142465508,1.484018265e-06,False
2022-01-28,34,random_forest,"{'max_depth': 3, 'min_samples_leaf': 50}",0,0.3396799215,0.2639878594,0.396332219,0.0003665175465,0,0.01964920137,1.409817352e-06,False
2022-01-31,34,random_forest,"{'max_depth': 3, 'min_samples_leaf': 50}",0,0.2308701047,0.527455026,0.2416748693,0.0002750009107,0,0.005036876647,1.632420091e-06,False
2022-02-01,34,random_forest,"{'max_depth': 3, 'min_samples_leaf': 50}",0,0.2141323344,0.5928031998,0.1930644657,8.32976148e-05,0,0.004061484282,1.409817352e-06,False
2022-02-02,34,random_forest,"{'max_depth': 3, 'min_samples_leaf': 50}",0,0.2075565292,0.6078221104,0.1846213603,8.423244416e-05,0,-0.009646315425,1.409817352e-06,False
2022-02-03,34,random_forest,"{'max_depth': 3, 'min_samples_leaf': 50}",0,0.2498398983,0.4897244766,0.2604356251,0.0002322576361,0,0.005264940176,1.484018265e-06,False
2022-02-04,34,random_forest,"{'max_depth': 3, 'min_samples_leaf': 50}",0,0.2460882468,0.5290098716,0.2249018816,1.296571729e-05,0,-0.005005450309,1.706621005e-06,False
2022-02-07,34,random_forest,"{'max_depth': 3, 'min_samples_leaf': 50}",0,0.2546066886,0.5458631473,0.1995301642,-0.0002480923234,0,0.009424017512,2.003424658e-06,False
2022-02-08,34,random_forest,"{'max_depth': 3, 'min_samples_leaf': 50}",0,0.220153704,0.6261006538,0.1537456422,-0.0002542733468,0,0.005096452903,1.855022831e-06,False
2022-02-09,34,random_forest,"{'max_depth': 3, 'min_samples_leaf': 50}",0,0.176131206,0.7242653097,0.09960348435,-0.0002309739041,0,-0.00447553729,1.929223744e-06,False
2022-02-10,34,random_forest,"{'max_depth': 3, 'min_samples_leaf': 50}",0,0.2639607619,0.5172160595,0.2188231786,-0.0001973032135,0,-0.01991502675,2.96803653e-06,False
2022-02-11,34,random_forest,"{'max_depth': 3, 'min_samples_leaf': 50}",0,0.2763331265,0.3935390055,0.330127868,0.0004838065369,1,-0.002045881976,2.671232877e-06,False
2022-02-14,34,random_forest,"{'max_depth': 3, 'min_samples_leaf': 50}",0,0.3362263801,0.3010418759,0.362731744,0.0001582794813,0,0.005341074605,3.190639269e-06,False
2022-02-15,34,random_forest,"{'max_depth': 3, 'min_samples_leaf': 50}",0,0.3252052101,0.3516368621,0.3231579278,-2.209422331e-05,0,0.006014492268,2.96803653e-06,False
2022-02-16,34,random_forest,"{'max_depth': 3, 'min_samples_leaf': 50}",0,0.2573735436,0.5139273519,0.2286991045,-6.516125654e-05,0,-0.01389829806,2.819634703e-06,False
2022-02-17,35,random_forest,"{'max_depth': 3, 'min_samples_leaf': 50}",0,0.2845605751,0.4146376634,0.3008017615,0.0001836472079,0,-0.007088412897,2.671232877e-06,False
2022-02-18,35,random_forest,"{'max_depth': 3, 'min_samples_leaf': 50}",0,0.281894578,0.4077923563,0.3103130657,0.0002776848857,0,-0.00537175494,2.597031963e-06,False
2022-02-22,35,random_forest,"{'max_depth': 3, 'min_samples_leaf': 50}",0,0.3347921197,0.2687873547,0.3964205256,0.0003990155017,0,-0.0247538284,2.74543379e-06,False
2022-02-23,35,random_forest,"{'max_depth': 3, 'min_samples_leaf': 50}",0,0.3298207277,0.2268112293,0.443368043,0.0007855898643,1,0.04204174793,2.52283105e-06,False
2022-02-24,35,random_forest,"{'max_depth': 3, 'min_samples_leaf': 50}",0,0.3646452032,0.2013612728,0.433993524,0.0003877902676,0,0.01894745201,2.374429224e-06,False
2022-02-25,35,random_forest,"{'max_depth': 3, 'min_samples_leaf': 50}",0,0.2502327371,0.5215638689,0.2282033939,-1.597985558e-05,0,0.01064742279,2.448630137e-06,False
2022-02-28,35,random_forest,"{'max_depth': 3, 'min_samples_leaf': 50}",0,0.3291108262,0.2876132848,0.383275889,0.0003578097345,0,-0.01163110859,2.597031963e-06,False
2022-03-01,35,random_forest,"{'max_depth': 3, 'min_samples_leaf': 50}",0,0.3382468672,0.1882640765,0.4734890563,0.0009235348611,1,0.01276688866,2.374429224e-06,False
2022-03-02,35,random_forest,"{'max_depth': 3, 'min_samples_leaf': 50}",0,0.3067326529,0.3753505673,0.3179167798,9.728605457e-05,0,-0.01080666058,2.52283105e-06,False
2022-03-03,35,random_forest,"{'max_depth': 3, 'min_samples_leaf': 50}",0,0.300288266,0.3436781471,0.3560335868,0.000433967206,1,0.0009728162022,2.819634703e-06,False
2022-03-04,35,random_forest,"{'max_depth': 3, 'min_samples_leaf': 50}",0,0.3099554414,0.3243538449,0.3656907137,0.0004121835312,1,-0.02808479994,2.52283105e-06,False
2022-03-07,35,random_forest,"{'max_depth': 3, 'min_samples_leaf': 50}",0,0.3491725811,0.1748151603,0.4760122586,0.0008382414286,1,-0.008031064025,2.819634703e-06,False
2022-03-08,35,random_forest,"{'max_depth': 3, 'min_samples_leaf': 50}",0,0.3510749684,0.2113096298,0.4376154018,0.0005425777461,1,0.005339391465,2.671232877e-06,False
2022-03-09,35,random_forest,"{'max_depth': 3, 'min_samples_leaf': 50}",0,0.3060027977,0.3688291455,0.3251680568,0.0001566342658,0,0.007005637915,2.819634703e-06,False
2022-03-10,35,random_forest,"{'max_depth': 3, 'min_samples_leaf': 50}",0,0.2785441071,0.4575224316,0.2639334612,-2.592064444e-05,0,-0.01880311089,2.893835616e-06,False
2022-03-11,35,random_forest,"{'max_depth': 3, 'min_samples_leaf': 50}",0,0.2715746567,0.4532980093,0.275127334,0.0001210649887,0,-0.009242354449,2.96803653e-06,False
2022-03-14,35,random_forest,"{'max_depth': 3, 'min_samples_leaf': 50}",0,0.2756317349,0.4481612162,0.2762070489,9.04250222e-05,0,0.01524650316,3.339041096e-06,False
2022-03-15,35,random_forest,"{'max_depth': 3, 'min_samples_leaf': 50}",0,0.2602511431,0.5193951426,0.2203537142,-0.0001676782125,0,0.01332894543,3.413242009e-06,False
2022-03-16,35,random_forest,"{'max_depth': 3, 'min_samples_leaf': 50}",0,0.2029274601,0.6364802931,0.1605922467,-5.656472666e-05,0,0.01725134581,3.264840183e-06,False
2022-03-17,35,random_forest,"{'max_depth': 3, 'min_samples_leaf': 50}",0,0.1925964556,0.670620456,0.1367830884,-0.0001308191559,0,0.01488581981,2.96803653e-06,False
2022-03-18,35,random_forest,"{'max_depth': 3, 'min_samples_leaf': 50}",0,0.1859761205,0.7171654494,0.09685843012,-0.0003567640081,0,0.0001125676708,3.116438356e-06,False
2022-03-21,36,lightgbm,"{'num_leaves': 7, 'learning_rate': 0.03, 'min_child_samples': 60}",0,0.358087456,0.3383035476,0.3036089964,-0.0004807373746,-1,0.008365879629,4.006849315e-06,False
2022-03-22,36,lightgbm,"{'num_leaves': 7, 'learning_rate': 0.03, 'min_child_samples': 60}",0,0.240704211,0.4999600911,0.2593356979,0.0003203866591,0,-0.006958930898,3.784246575e-06,False
2022-03-23,36,lightgbm,"{'num_leaves': 7, 'learning_rate': 0.03, 'min_child_samples': 60}",0,0.3782355402,0.4693794749,0.1523849849,-0.001797802414,-1,0.01020313885,3.710045662e-06,False
2022-03-24,36,lightgbm,"{'num_leaves': 7, 'learning_rate': 0.03, 'min_child_samples': 60}",0,0.184709423,0.6331906049,0.1820999721,0.0002857759837,0,0.003391255443,3.858447489e-06,False
2022-03-25,36,lightgbm,"{'num_leaves': 7, 'learning_rate': 0.03, 'min_child_samples': 60}",0,0.268645423,0.5083401499,0.2230144271,-0.0002183292911,0,0.008516582257,4.081050228e-06,False
2022-03-28,36,lightgbm,"{'num_leaves': 7, 'learning_rate': 0.03, 'min_child_samples': 60}",0,0.2172544432,0.5871934587,0.1955520981,7.240342018e-05,0,0.003325939636,4.377853881e-06,False
2022-03-29,36,lightgbm,"{'num_leaves': 7, 'learning_rate': 0.03, 'min_child_samples': 60}",0,0.3305450877,0.4688297073,0.200625205,-0.0009804592409,-1,-0.003562549676,4.081050228e-06,False
2022-03-30,36,lightgbm,"{'num_leaves': 7, 'learning_rate': 0.03, 'min_child_samples': 60}",0,0.3413050527,0.4429213021,0.2157736451,-0.000971529786,-1,-0.01364956603,4.081050228e-06,False
2022-03-31,36,lightgbm,"{'num_leaves': 7, 'learning_rate': 0.03, 'min_child_samples': 60}",0,0.2339858277,0.4674390039,0.2985751684,0.0006764839315,1,-0.0008603032223,3.858447489e-06,False
2022-04-01,36,lightgbm,"{'num_leaves': 7, 'learning_rate': 0.03, 'min_child_samples': 60}",0,0.2665192075,0.4498988973,0.2835818951,0.0002519635554,0,0.008099183036,3.932648402e-06,False
2022-04-04,36,lightgbm,"{'num_leaves': 7, 'learning_rate': 0.03, 'min_child_samples': 60}",0,0.2426746788,0.5877739533,0.1695513679,-0.000365396359,0,-0.00920434592,4.897260274e-06,False
2022-04-05,36,lightgbm,"{'num_leaves': 7, 'learning_rate': 0.03, 'min_child_samples': 60}",0,0.311970614,0.3433862824,0.3446431036,0.0002679394098,0,-0.0008280015737,4.823059361e-06,False
2022-04-06,36,lightgbm,"{'num_leaves': 7, 'learning_rate': 0.03, 'min_child_samples': 60}",0,0.279685314,0.2526184839,0.4676962021,0.00149261644,1,0.007136589092,4.971461187e-06,False
2022-04-07,36,lightgbm,"{'num_leaves': 7, 'learning_rate': 0.03, 'min_child_samples': 60}",0,0.3525796535,0.290513051,0.3569072955,-3.188031374e-05,0,-0.0008929032744,5.0456621e-06,False
2022-04-08,36,lightgbm,"{'num_leaves': 7, 'learning_rate': 0.03, 'min_child_samples': 60}",0,0.3582590735,0.3625200788,0.2792208477,-0.0006635166208,-1,-0.00943453647,5.194063927e-06,False
2022-04-11,36,lightgbm,"{'num_leaves': 7, 'learning_rate': 0.03, 'min_child_samples': 60}",0,0.2951271999,0.2749566411,0.4299161591,0.00106338537,1,-0.01081063957,5.71347032e-06,False
2022-04-12,36,lightgbm,"{'num_leaves': 7, 'learning_rate': 0.03, 'min_child_samples': 60}",0,0.3566317423,0.3315270528,0.311841205,-0.0004055851995,-1,0.01205396615,5.49086758e-06,False
2022-04-13,36,lightgbm,"{'num_leaves': 7, 'learning_rate': 0.03, 'min_child_samples': 60}",0,0.32618529,0.3918878067,0.2819269033,-0.000334675724,0,-0.01298608807,5.565068493e-06,False
2022-04-14,36,lightgbm,"{'num_leaves': 7, 'learning_rate': 0.03, 'min_child_samples': 60}",0,0.2611942224,0.3648870394,0.3739187381,0.0009741407137,1,0.002655625458,5.861872146e-06,False
2022-04-18,36,lightgbm,"{'num_leaves': 7, 'learning_rate': 0.03, 'min_child_samples': 60}",0,0.3449191507,0.3591512378,0.2959296115,-0.0004110124658,-1,0.01639798893,6.010273973e-06,False
2022-04-19,36,lightgbm,"{'num_leaves': 7, 'learning_rate': 0.03, 'min_child_samples': 60}",0,0.2771330766,0.4070316029,0.3158353205,0.0003893355845,0,-0.004945005652,6.010273973e-06,False
2022-04-20,37,lightgbm,"{'num_leaves': 7, 'learning_rate': 0.03, 'min_child_samples': 60}",0,0.2975534392,0.3973836008,0.30506296,0.0001167166339,0,-0.02336471849,6.084474886e-06,False
2022-04-21,37,lightgbm,"{'num_leaves': 7, 'learning_rate': 0.03, 'min_child_samples': 60}",0,0.3711485652,0.2691195094,0.3597319254,-0.0001847140327,0,-0.02487925422,6.158675799e-06,False
2022-04-22,37,lightgbm,"{'num_leaves': 7, 'learning_rate': 0.03, 'min_child_samples': 60}",0,0.4583883812,0.1566666172,0.3849450015,-0.0008379323925,-1,0.01142397675,6.158675799e-06,False
2022-04-25,37,lightgbm,"{'num_leaves': 7, 'learning_rate': 0.03, 'min_child_samples': 60}",0,0.2852626329,0.2815257197,0.4332116473,0.00119305753,1,-0.02284944881,6.752283105e-06,False
2022-04-26,37,lightgbm,"{'num_leaves': 7, 'learning_rate': 0.03, 'min_child_samples': 60}",0,0.3366491901,0.228360016,0.434990794,0.0007105963518,1,7.189810842e-05,6.158675799e-06,False
2022-04-27,37,lightgbm,"{'num_leaves': 7, 'learning_rate': 0.03, 'min_child_samples': 60}",0,0.3668090409,0.2080512008,0.4251397584,0.0003460002701,0,0.01307155952,6.084474886e-06,False
2022-04-28,37,lightgbm,"{'num_leaves': 7, 'learning_rate': 0.03, 'min_child_samples': 60}",0,0.3372901604,0.310159621,0.3525502186,8.826418563e-05,0,-0.02736135534,6.084474886e-06,False
2022-04-29,37,lightgbm,"{'num_leaves': 7, 'learning_rate': 0.03, 'min_child_samples': 60}",0,0.3571418596,0.2635871531,0.3792709872,9.644939183e-05,0,0.005848529707,6.307077626e-06,False
2022-05-02,37,lightgbm,"{'num_leaves': 7, 'learning_rate': 0.03, 'min_child_samples': 60}",0,0.4127113345,0.290069183,0.2972194826,-0.001052904549,-1,0.003301113506,6.678082192e-06,False
2022-05-03,37,lightgbm,"{'num_leaves': 7, 'learning_rate': 0.03, 'min_child_samples': 60}",0,0.3342989534,0.3863199241,0.2793811225,-0.0004297324669,-1,0.0287235335,6.752283105e-06,False
2022-05-04,37,lightgbm,"{'num_leaves': 7, 'learning_rate': 0.03, 'min_child_samples': 60}",0,0.2742123505,0.4031284335,0.322659216,0.0004734144539,1,-0.02529735136,6.603881279e-06,False
2022-05-05,37,lightgbm,"{'num_leaves': 7, 'learning_rate': 0.03, 'min_child_samples': 60}",0,0.2818655627,0.2561689084,0.4619655289,0.001440733329,1,0.0005837757186,6.307077626e-06,False
2022-05-06,37,lightgbm,"{'num_leaves': 7, 'learning_rate': 0.03, 'min_child_samples': 60}",0,0.3762648857,0.2178461819,0.4058889324,0.0001108960764,0,-0.01710686892,6.307077626e-06,False
2022-05-09,37,lightgbm,"{'num_leaves': 7, 'learning_rate': 0.03, 'min_child_samples': 60}",0,0.2306111024,0.1909468705,0.5784420271,0.002805744793,1,-0.01335012987,6.826484018e-06,False
2022-05-10,37,lightgbm,"{'num_leaves': 7, 'learning_rate': 0.03, 'min_child_samples': 60}",0,0.3207764302,0.2939739778,0.385249592,0.0004919726127,1,-0.01336450177,6.603881279e-06,False
2022-05-11,37,lightgbm,"{'num_leaves': 7, 'learning_rate': 0.03, 'min_child_samples': 60}",0,0.3137241661,0.2933877832,0.3928880507,0.0006170988929,1,0.007627709643,6.752283105e-06,False
2022-05-12,37,lightgbm,"{'num_leaves': 7, 'learning_rate': 0.03, 'min_child_samples': 60}",0,0.3359261679,0.2488706249,0.4152032071,0.0005696823838,1,0.01262889754,7.123287671e-06,False
2022-05-13,37,lightgbm,"{'num_leaves': 7, 'learning_rate': 0.03, 'min_child_samples': 60}",0,0.3230850969,0.3557919321,0.321122971,-9.573153114e-06,0,0.0002749770745,7.642694064e-06,False
2022-05-16,37,lightgbm,"{'num_leaves': 7, 'learning_rate': 0.03, 'min_child_samples': 60}",0,0.2490082715,0.4570323589,0.2939593696,0.0005020756756,1,0.004403140085,7.939497717e-06,False
2022-05-17,37,lightgbm,"{'num_leaves': 7, 'learning_rate': 0.03, 'min_child_samples': 60}",0,0.2550529638,0.5081461776,0.2368008586,1.656473065e-05,0,-0.02884761991,7.865296804e-06,False
2022-05-18,37,lightgbm,"{'num_leaves': 7, 'learning_rate': 0.03, 'min_child_samples': 60}",0,0.2949624338,0.3538016554,0.3512359108,0.0004868032959,1,0.002161485143,7.642694064e-06,False
2022-05-19,38,lightgbm,"{'num_leaves': 7, 'learning_rate': 0.03, 'min_child_samples': 60}",0,0.2352631628,0.5260088423,0.2387279949,0.0001646684252,0,-0.009205327691,7.79109589e-06,False
2022-05-20,38,lightgbm,"{'num_leaves': 7, 'learning_rate': 0.03, 'min_child_samples': 60}",0,0.2615481144,0.5229165175,0.2155353681,-0.000271966201,0,0.01041169718,7.642694064e-06,False
2022-05-23,38,lightgbm,"{'num_leaves': 7, 'learning_rate': 0.03, 'min_child_samples': 60}",0,0.2904604646,0.5146977905,0.1948417449,-0.0007159642714,-1,0.003388060508,7.939497717e-06,False
2022-05-24,38,lightgbm,"{'num_leaves': 7, 'learning_rate': 0.03, 'min_child_samples': 60}",0,0.3288302086,0.365555253,0.3056145384,-0.0002640674527,0,0.01289795727,7.865296804e-06,False
2022-05-25,38,lightgbm,"{'num_leaves': 7, 'learning_rate': 0.03, 'min_child_samples': 60}",0,0.268282443,0.5313601732,0.2003573838,-0.000453395023,-1,0.01665533888,7.865296804e-06,False
2022-05-26,38,lightgbm,"{'num_leaves': 7, 'learning_rate': 0.03, 'min_child_samples': 60}",0,0.2561160042,0.5646225033,0.1792614925,-0.0004910284659,-1,0.01801869537,7.939497717e-06,False
2022-05-27,38,lightgbm,"{'num_leaves': 7, 'learning_rate': 0.03, 'min_child_samples': 60}",0,0.1923074249,0.6450831027,0.1626094724,1.947690008e-05,0,-0.001499202332,8.01369863e-06,False
2022-05-31,38,lightgbm,"{'num_leaves': 7, 'learning_rate': 0.03, 'min_child_samples': 60}",0,0.2700379292,0.556577905,0.1733841658,-0.0006740409035,-1,-0.01344031808,8.607305936e-06,False
2022-06-01,38,lightgbm,"{'num_leaves': 7, 'learning_rate': 0.03, 'min_child_samples': 60}",0,0.2184729844,0.5517673189,0.2297596966,0.00026445529,0,0.01946656493,8.533105023e-06,False
2022-06-02,38,lightgbm,"{'num_leaves': 7, 'learning_rate': 0.03, 'min_child_samples': 60}",0,0.1904755125,0.6110530823,0.1984714051,0.000307830392,0,-0.004510148816,8.681506849e-06,False
2022-06-03,38,lightgbm,"{'num_leaves': 7, 'learning_rate': 0.03, 'min_child_samples': 60}",0,0.288364868,0.4635273534,0.2481077786,-0.0002939027474,0,-0.007208617222,8.978310502e-06,False
2022-06-06,38,lightgbm,"{'num_leaves': 7, 'learning_rate': 0.03, 'min_child_samples': 60}",0,0.2206150502,0.5271326521,0.2522522977,0.0004125118096,1,0.01872086273,9.349315068e-06,False
2022-06-07,38,lightgbm,"{'num_leaves': 7, 'learning_rate': 0.03, 'min_child_samples': 60}",0,0.2310946715,0.5321253788,0.2367799497,0.0001915400962,0,-0.006546980011,9.349315068e-06,False
2022-06-08,38,lightgbm,"{'num_leaves': 7, 'learning_rate': 0.03, 'min_child_samples': 60}",0,0.3011636402,0.4494718105,0.2493645493,-0.0004119908337,-1,-0.01929934534,9.497716895e-06,False
2022-06-09,38,lightgbm,"{'num_leaves': 7, 'learning_rate': 0.03, 'min_child_samples': 60}",0,0.2179628454,0.5650844546,0.2169527,0.0001730826338,0,-0.01286471094,9.646118721e-06,False
2022-06-10,38,lightgbm,"{'num_leaves': 7, 'learning_rate': 0.03, 'min_child_samples': 60}",0,0.2819812818,0.3788000957,0.3392186225,0.0004559238939,1,-0.01276821367,1.031392694e-05,False
2022-06-13,38,lightgbm,"{'num_leaves': 7, 'learning_rate': 0.03, 'min_child_samples': 60}",0,0.3864227074,0.2263704199,0.3872068728,-0.0002235206239,0,-0.007907684731,1.283675799e-05,False
2022-06-14,38,lightgbm,"{'num_leaves': 7, 'learning_rate': 0.03, 'min_child_samples': 60}",0,0.430427427,0.2314927699,0.338079803,-0.001032078776,-1,0.004876051805,1.357876712e-05,False
2022-06-15,38,lightgbm,"{'num_leaves': 7, 'learning_rate': 0.03, 'min_child_samples': 60}",0,0.3201372606,0.3329609253,0.3469018141,0.0001335249711,0,-0.0104181151,1.29109589e-05,False
2022-06-16,38,lightgbm,"{'num_leaves': 7, 'learning_rate': 0.03, 'min_child_samples': 60}",0,0.4298946642,0.1939308009,0.3761745349,-0.0007398562334,-1,0.000957499329,1.179794521e-05,False
2022-06-17,38,lightgbm,"{'num_leaves': 7, 'learning_rate': 0.03, 'min_child_samples': 60}",0,0.3648058375,0.3263788812,0.3088152814,-0.0005984966994,-1,0.008550895506,1.209474886e-05,False
2022-06-21,39,lightgbm,"{'num_leaves': 7, 'learning_rate': 0.03, 'min_child_samples': 60}",0,0.3229288229,0.4143670261,0.262704151,-0.0005267904217,-1,0.01017219659,1.261415525e-05,False
2022-06-22,39,lightgbm,"{'num_leaves': 7, 'learning_rate': 0.03, 'min_child_samples': 60}",0,0.2972062546,0.3889051424,0.313888603,0.0001218715604,0,0.003770132954,1.194634703e-05,False
2022-06-23,39,lightgbm,"{'num_leaves': 7, 'learning_rate': 0.03, 'min_child_samples': 60}",0,0.2902391027,0.4198880422,0.2898728551,7.970547365e-06,0,0.02275824026,1.224315068e-05,False
2022-06-24,39,lightgbm,"{'num_leaves': 7, 'learning_rate': 0.03, 'min_child_samples': 60}",0,0.2332908315,0.5157838834,0.2509252851,0.0002799586582,0,-0.006290734011,1.283675799e-05,False
2022-06-27,39,lightgbm,"{'num_leaves': 7, 'learning_rate': 0.03, 'min_child_samples': 60}",0,0.265486852,0.4957993245,0.2387138235,-0.0001355118479,0,-0.02454966747,1.328196347e-05,False
2022-06-28,39,lightgbm,"{'num_leaves': 7, 'learning_rate': 0.03, 'min_child_samples': 60}",0,0.2726545329,0.4581306626,0.2692148045,2.5963852e-05,0,-0.002334587202,1.328196347e-05,False
2022-06-29,39,lightgbm,"{'num_leaves': 7, 'learning_rate': 0.03, 'min_child_samples': 60}",0,0.3140699505,0.4460614728,0.2398685767,-0.0006127426789,-1,0.002684482741,1.320776256e-05,False
2022-06-30,39,lightgbm,"{'num_leaves': 7, 'learning_rate': 0.03, 'min_child_samples': 60}",0,0.3403737746,0.3834493897,0.2761768357,-0.0005983204661,-1,0.0124282788,1.276255708e-05,False
2022-07-01,39,lightgbm,"{'num_leaves': 7, 'learning_rate': 0.03, 'min_child_samples': 60}",0,0.2940365704,0.4346548333,0.2713085963,-0.0001719494804,0,0.01617533912,1.283675799e-05,False
2022-07-05,39,lightgbm,"{'num_leaves': 7, 'learning_rate': 0.03, 'min_child_samples': 60}",0,0.2625150082,0.4017086879,0.3357763039,0.0006362828521,1,0.002983472617,1.409817352e-05,False
2022-07-06,39,lightgbm,"{'num_leaves': 7, 'learning_rate': 0.03, 'min_child_samples': 60}",0,0.3314781993,0.3189641393,0.3495576614,5.16883278e-05,0,0.01004880321,1.409817352e-05,False
2022-07-07,39,lightgbm,"{'num_leaves': 7, 'learning_rate': 0.03, 'min_child_samples': 60}",0,0.3126112437,0.4289967929,0.2583919633,-0.0004565337209,-1,0.003615111966,1.446917808e-05,False
2022-07-08,39,lightgbm,"{'num_leaves': 7, 'learning_rate': 0.03, 'min_child_samples': 60}",0,0.3416454209,0.419443527,0.2389110521,-0.0008959473589,-1,-0.004198510014,1.469178082e-05,False
2022-07-11,39,lightgbm,"{'num_leaves': 7, 'learning_rate': 0.03, 'min_child_samples': 60}",0,0.3259415589,0.4384125277,0.2356459134,-0.000763797632,-1,-0.007350468861,1.617579909e-05,False
2022-07-12,39,lightgbm,"{'num_leaves': 7, 'learning_rate': 0.03, 'min_child_samples': 60}",0,0.2336475534,0.5212827705,0.2450696761,0.0002316224493,0,0.00994396264,1.647260274e-05,False
2022-07-13,39,lightgbm,"{'num_leaves': 7, 'learning_rate': 0.03, 'min_child_samples': 60}",0,0.3705322632,0.3717053371,0.2577623997,-0.001040829079,-1,0.01150937742,1.773401826e-05,False
2022-07-14,39,lightgbm,"{'num_leaves': 7, 'learning_rate': 0.03, 'min_child_samples': 60}",0,0.3210517138,0.4041748995,0.2747733867,-0.0004157387644,0,0.00674426145,1.780821918e-05,False
2022-07-15,39,lightgbm,"{'num_leaves': 7, 'learning_rate': 0.03, 'min_child_samples': 60}",0,0.2510511549,0.4952474577,0.2537013874,0.0001234958778,0,-0.0165559314,1.758561644e-05,False
2022-07-18,39,lightgbm,"{'num_leaves': 7, 'learning_rate': 0.03, 'min_child_samples': 60}",0,0.2760061912,0.4443048437,0.2796889651,7.250860628e-05,0,0.01603295357,1.855022831e-05,False
2022-07-19,39,lightgbm,"{'num_leaves': 7, 'learning_rate': 0.03, 'min_child_samples': 60}",0,0.2375695251,0.510613616,0.2518168589,0.0002439678898,0,0.005860289438,1.869863014e-05,False
2022-07-20,39,lightgbm,"{'num_leaves': 7, 'learning_rate': 0.03, 'min_child_samples': 60}",0,0.2185534841,0.5345822492,0.2468642667,0.0003963540378,0,0.01174651127,1.862442922e-05,False
2022-07-21,40,lightgbm,"{'num_leaves': 7, 'learning_rate': 0.03, 'min_child_samples': 60}",0,0.2259447919,0.4927684005,0.2812868075,0.0006345540146,1,-0.009600965087,1.840182648e-05,False
2022-07-22,40,lightgbm,"{'num_leaves': 7, 'learning_rate': 0.03, 'min_child_samples': 60}",0,0.2495996506,0.4974272293,0.25297312,0.0001774622152,0,-0.0004548140425,1.84760274e-05,False
2022-07-25,40,lightgbm,"{'num_leaves': 7, 'learning_rate': 0.03, 'min_child_samples': 60}",0,0.2714168152,0.4391488867,0.2894342981,0.0002385806311,0,-0.007490305174,1.944063927e-05,False
2022-07-26,40,lightgbm,"{'num_leaves': 7, 'learning_rate': 0.03, 'min_child_samples': 60}",0,0.2100807794,0.3832484456,0.406670775,0.001761825932,1,0.01693889697,1.892123288e-05,False
2022-07-27,40,lightgbm,"{'num_leaves': 7, 'learning_rate': 0.03, 'min_child_samples': 60}",0,0.2200682254,0.4030449819,0.3768867926,0.001431299513,1,0.01040083722,1.810502283e-05,False
2022-07-28,40,lightgbm,"{'num_leaves': 7, 'learning_rate': 0.03, 'min_child_samples': 60}",0,0.1865969109,0.5072538724,0.3061492167,0.001223368898,1,0.01081997089,1.7956621e-05,False
2022-07-29,40,lightgbm,"{'num_leaves': 7, 'learning_rate': 0.03, 'min_child_samples': 60}",0,0.241458693,0.5319811002,0.2265602069,5.585937236e-05,0,0.003959416263,1.788242009e-05,False
2022-08-01,40,lightgbm,"{'num_leaves': 7, 'learning_rate': 0.03, 'min_child_samples': 60}",0,0.267118757,0.3824002982,0.3504809448,0.0007528572986,1,-0.002590920727,1.899543379e-05,False
2022-08-02,40,lightgbm,"{'num_leaves': 7, 'learning_rate': 0.03, 'min_child_samples': 60}",0,0.2935449281,0.3878098134,0.3186452584,0.000240633985,0,0.01011461009,1.899543379e-05,False
2022-08-03,40,lightgbm,"{'num_leaves': 7, 'learning_rate': 0.03, 'min_child_samples': 60}",0,0.2515973298,0.4598545102,0.2885481601,0.0004317278685,1,-0.00048261618,1.869863014e-05,False
2022-08-04,40,lightgbm,"{'num_leaves': 7, 'learning_rate': 0.03, 'min_child_samples': 60}",0,0.2354423595,0.4423035783,0.3222540622,0.0008547392558,1,0.009300389463,1.855022831e-05,False
2022-08-05,40,lightgbm,"{'num_leaves': 7, 'learning_rate': 0.03, 'min_child_samples': 60}",0,0.2780955891,0.4604423948,0.2614620161,-4.45852872e-05,0,-0.005442528006,1.914383562e-05,False
2022-08-08,40,lightgbm,"{'num_leaves': 7, 'learning_rate': 0.03, 'min_child_samples': 60}",0,0.212174621,0.4187458082,0.3690795708,0.001450723454,1,-0.002110511595,1.966324201e-05,False
2022-08-09,40,lightgbm,"{'num_leaves': 7, 'learning_rate': 0.03, 'min_child_samples': 60}",0,0.2418961418,0.3579638086,0.4001400497,0.001390424727,1,0.002889325035,1.981164384e-05,False
2022-08-10,40,lightgbm,"{'num_leaves': 7, 'learning_rate': 0.03, 'min_child_samples': 60}",0,0.1836708174,0.5662948409,0.2500343418,0.0008200287028,1,-0.00709236634,1.966324201e-05,False
2022-08-11,40,lightgbm,"{'num_leaves': 7, 'learning_rate': 0.03, 'min_child_samples': 60}",0,0.1894975964,0.5383610871,0.2721413165,0.0009317664786,1,0.01201338125,1.944063927e-05,False
2022-08-12,40,lightgbm,"{'num_leaves': 7, 'learning_rate': 0.03, 'min_child_samples': 60}",0,0.2282021907,0.5373732288,0.2344245805,0.0002502853733,0,0.009628731924,1.951484018e-05,False
2022-08-15,40,lightgbm,"{'num_leaves': 7, 'learning_rate': 0.03, 'min_child_samples': 60}",0,0.2652081319,0.4483975086,0.2863943595,0.000277777755,0,0.004605712134,2.01826484e-05,False
2022-08-16,40,lightgbm,"{'num_leaves': 7, 'learning_rate': 0.03, 'min_child_samples': 60}",0,0.2818320878,0.4608207721,0.2573471401,-0.000114029138,0,0.001737433329,2.003424658e-05,False
2022-08-17,40,lightgbm,"{'num_leaves': 7, 'learning_rate': 0.03, 'min_child_samples': 60}",0,0.2514557908,0.428917483,0.3196267262,0.0006728932932,1,0.00241303777,1.988584475e-05,False
2022-08-18,40,lightgbm,"{'num_leaves': 7, 'learning_rate': 0.03, 'min_child_samples': 60}",0,0.3070550818,0.3599559484,0.3329889698,0.0002149597592,0,-0.006682658597,2.010844749e-05,False
2022-08-19,41,lightgbm,"{'num_leaves': 7, 'learning_rate': 0.03, 'min_child_samples': 60}",0,0.24146223,0.3879809215,0.3705568485,0.001197320929,1,-0.008871794308,2.033105023e-05,False
2022-08-22,41,lightgbm,"{'num_leaves': 7, 'learning_rate': 0.03, 'min_child_samples': 60}",0,0.3282650016,0.3084020886,0.3633329098,0.0002671319075,0,-0.001332012107,2.092465753e-05,False
2022-08-23,41,lightgbm,"{'num_leaves': 7, 'learning_rate': 0.03, 'min_child_samples': 60}",0,0.4136079646,0.2737956747,0.3125963607,-0.0009851697485,-1,0.003785465528,2.077625571e-05,False
2022-08-24,41,lightgbm,"{'num_leaves': 7, 'learning_rate': 0.03, 'min_child_samples': 60}",0,0.3626350343,0.3034830288,0.3338819369,-0.0003070100673,0,0.010283257,2.092465753e-05,False
2022-08-25,41,lightgbm,"{'num_leaves': 7, 'learning_rate': 0.03, 'min_child_samples': 60}",0,0.3011386261,0.4487267694,0.2501346045,-0.0003358812765,0,-0.03357260907,2.136986301e-05,False
2022-08-26,41,lightgbm,"{'num_leaves': 7, 'learning_rate': 0.03, 'min_child_samples': 60}",0,0.357658648,0.309114371,0.333226981,-0.000261958056,0,0.001069101588,2.144406393e-05,False
2022-08-29,41,lightgbm,"{'num_leaves': 7, 'learning_rate': 0.03, 'min_child_samples': 60}",0,0.3615358468,0.3556916306,0.2827725226,-0.0006915590235,-1,-0.01396561736,2.203767123e-05,False
2022-08-30,41,lightgbm,"{'num_leaves': 7, 'learning_rate': 0.03, 'min_child_samples': 60}",0,0.3636374912,0.3149059258,0.321456583,-0.0004132870071,0,-0.01187707872,2.203767123e-05,False
2022-08-31,41,lightgbm,"{'num_leaves': 7, 'learning_rate': 0.03, 'min_child_samples': 60}",0,0.2927531647,0.3713806084,0.335866227,0.0004121946194,0,0.008984699667,2.196347032e-05,False
2022-09-01,41,lightgbm,"{'num_leaves': 7, 'learning_rate': 0.03, 'min_child_samples': 60}",0,0.3262729108,0.3123522612,0.361374828,0.0002720392804,0,-0.02008596128,2.203767123e-05,False
2022-09-02,41,lightgbm,"{'num_leaves': 7, 'learning_rate': 0.03, 'min_child_samples': 60}",0,0.2980167842,0.3483193835,0.3536638323,0.0004969447992,1,-0.006028527697,2.181506849e-05,False
2022-09-06,41,lightgbm,"{'num_leaves': 7, 'learning_rate': 0.03, 'min_child_samples': 60}",0,0.2796106715,0.3365641583,0.3838251702,0.0009157980424,1,0.01882541367,2.255707763e-05,False
2022-09-07,41,lightgbm,"{'num_leaves': 7, 'learning_rate': 0.03, 'min_child_samples': 60}",0,0.261696021,0.4689392002,0.2693647788,0.0002102356855,0,0.01262042547,2.277968037e-05,False
2022-09-08,41,lightgbm,"{'num_leaves': 7, 'learning_rate': 0.03, 'min_child_samples': 60}",0,0.2664147275,0.4096114514,0.3239738211,0.0005854184971,1,0.009584386825,2.270547945e-05,False
2022-09-09,41,lightgbm,"{'num_leaves': 7, 'learning_rate': 0.03, 'min_child_samples': 60}",0,0.2546598594,0.5159200528,0.2294200878,-2.80943351e-05,0,0.005357410758,2.285388128e-05,False
2022-09-12,41,lightgbm,"{'num_leaves': 7, 'learning_rate': 0.03, 'min_child_samples': 60}",0,0.2866668598,0.4625834144,0.2507497257,-0.0001853612865,0,-0.02172555757,2.35216895e-05,False
2022-09-13,41,lightgbm,"{'num_leaves': 7, 'learning_rate': 0.03, 'min_child_samples': 60}",0,0.2872186375,0.3939255804,0.3188557821,0.0003362661323,0,0.0003295683194,2.433789954e-05,False
2022-09-14,41,lightgbm,"{'num_leaves': 7, 'learning_rate': 0.03, 'min_child_samples': 60}",0,0.3696397724,0.3418034254,0.2885568022,-0.0007284070976,-1,-0.007227189409,2.404109589e-05,False
2022-09-15,41,lightgbm,"{'num_leaves': 7, 'learning_rate': 0.03, 'min_child_samples': 60}",0,0.303639315,0.3769848276,0.3193758574,0.0001749040058,0,0.003696524244,2.389269406e-05,False
2022-09-16,41,lightgbm,"{'num_leaves': 7, 'learning_rate': 0.03, 'min_child_samples': 60}",0,0.2768686582,0.4649046261,0.2582267156,-2.879779527e-05,0,0.01645471132,2.374429224e-05,False
2022-09-19,41,lightgbm,"{'num_leaves': 7, 'learning_rate': 0.03, 'min_child_samples': 60}",0,0.2610569631,0.4417353117,0.2972077251,0.0004321946244,1,-0.002519091199,2.500570776e-05,False
2022-09-20,42,lightgbm,"{'num_leaves': 7, 'learning_rate': 0.03, 'min_child_samples': 60}",0,0.2982215244,0.4362069902,0.2655714855,-0.0002125352222,0,-0.02258416247,2.485730594e-05,False
2022-09-21,42,lightgbm,"{'num_leaves': 7, 'learning_rate': 0.03, 'min_child_samples': 60}",0,0.3351161014,0.3423783525,0.3225055461,-0.0001427037171,0,-0.006266890105,2.456050228e-05,False
2022-09-22,42,lightgbm,"{'num_leaves': 7, 'learning_rate': 0.03, 'min_child_samples': 60}",0,0.3124896907,0.417142139,0.2703681703,-0.0003202793181,0,-0.007096914406,2.441210046e-05,False
2022-09-23,42,lightgbm,"{'num_leaves': 7, 'learning_rate': 0.03, 'min_child_samples': 60}",0,0.3478278482,0.3085365525,0.3436355994,-0.0001067984944,0,-0.005731301406,2.404109589e-05,False
2022-09-26,42,lightgbm,"{'num_leaves': 7, 'learning_rate': 0.03, 'min_child_samples': 60}",0,0.3342046274,0.3783271889,0.2874681837,-0.0004075766274,0,-0.0126079677,2.515410959e-05,False
2022-09-27,42,lightgbm,"{'num_leaves': 7, 'learning_rate': 0.03, 'min_child_samples': 60}",0,0.3971895215,0.274973343,0.3278371355,-0.0007330080353,-1,0.01687796778,2.485730594e-05,False
2022-09-28,42,lightgbm,"{'num_leaves': 7, 'learning_rate': 0.03, 'min_child_samples': 60}",0,0.3303990617,0.3688954212,0.3007055172,-0.0002652520922,0,-0.01095932218,2.52283105e-05,False
2022-09-29,42,lightgbm,"{'num_leaves': 7, 'learning_rate': 0.03, 'min_child_samples': 60}",0,0.3572070058,0.3384255937,0.3043674004,-0.0005095536203,-1,-0.01276947289,2.493150685e-05,False
2022-09-30,42,lightgbm,"{'num_leaves': 7, 'learning_rate': 0.03, 'min_child_samples': 60}",0,0.3712055641,0.3258399783,0.3029544576,-0.000663140471,-1,0.01531516294,2.470890411e-05,False
2022-10-03,42,lightgbm,"{'num_leaves': 7, 'learning_rate': 0.03, 'min_child_samples': 60}",0,0.2754638767,0.382451519,0.3420846043,0.0006178642555,1,0.01495705539,2.567351598e-05,False
2022-10-04,42,lightgbm,"{'num_leaves': 7, 'learning_rate': 0.03, 'min_child_samples': 60}",0,0.2370749601,0.4586886616,0.3042363783,0.0007125869315,1,0.009909160915,2.559931507e-05,False
2022-10-05,42,lightgbm,"{'num_leaves': 7, 'learning_rate': 0.03, 'min_child_samples': 60}",0,0.2796697053,0.5002555341,0.2200747606,-0.0003796372337,0,-0.006442635947,2.567351598e-05,False
2022-10-06,42,lightgbm,"{'num_leaves': 7, 'learning_rate': 0.03, 'min_child_samples': 60}",0,0.2569838042,0.4897827178,0.2532334779,0.0001108008193,0,-0.01674930934,2.567351598e-05,False
2022-10-07,42,lightgbm,"{'num_leaves': 7, 'learning_rate': 0.03, 'min_child_samples': 60}",0,0.2957394726,0.4455507012,0.2587098262,-0.0002409531079,0,-0.01082537231,2.559931507e-05,False
2022-10-10,42,lightgbm,"{'num_leaves': 7, 'learning_rate': 0.03, 'min_child_samples': 60}",0,0.2830546487,0.454149533,0.2627958183,-7.982694978e-05,0,-0.00139571269,2.559931507e-05,False
2022-10-11,42,lightgbm,"{'num_leaves': 7, 'learning_rate': 0.03, 'min_child_samples': 60}",0,0.3115470223,0.4388780101,0.2495749675,-0.0004733797404,-1,-0.004495116474,2.723173516e-05,False
2022-10-12,42,lightgbm,"{'num_leaves': 7, 'learning_rate': 0.03, 'min_child_samples': 60}",0,0.3123852691,0.3948304215,0.2927843095,-0.0001438187595,0,0.04799407297,2.74543379e-05,False
2022-10-13,42,lightgbm,"{'num_leaves': 7, 'learning_rate': 0.03, 'min_child_samples': 60}",0,0.343369311,0.3788894727,0.2777412163,-0.0005769996492,-1,-0.02962958427,2.812214612e-05,False
2022-10-14,42,lightgbm,"{'num_leaves': 7, 'learning_rate': 0.03, 'min_child_samples': 60}",0,0.2974888396,0.3915157373,0.3109954231,0.0001503490676,0,0.007719561208,2.827054795e-05,False
2022-10-17,42,lightgbm,"{'num_leaves': 7, 'learning_rate': 0.03, 'min_child_samples': 60}",0,0.267678199,0.4831017773,0.2492200237,-2.94915192e-05,0,-0.01066297028,2.945776256e-05,False
2022-10-18,42,lightgbm,"{'num_leaves': 7, 'learning_rate': 0.03, 'min_child_samples': 60}",0,0.2451380224,0.5080620578,0.2467999198,0.0001810726936,0,-0.001327923029,2.997716895e-05,False
2022-10-19,43,lightgbm,"{'num_leaves': 7, 'learning_rate': 0.03, 'min_child_samples': 60}",0,0.3979560561,0.3579853962,0.2440585477,-0.001437960638,-1,-0.007118971557,3.019977169e-05,False
2022-10-20,43,lightgbm,"{'num_leaves': 7, 'learning_rate': 0.03, 'min_child_samples': 60}",0,0.2929459851,0.4437409944,0.2633130205,-0.0002047869884,0,0.02511506785,3.034817352e-05,False
2022-10-21,43,lightgbm,"{'num_leaves': 7, 'learning_rate': 0.03, 'min_child_samples': 60}",0,0.3054817424,0.4064702112,0.2880480464,-0.0001356507289,0,0.007927798961,3.034817352e-05,False
2022-10-24,43,lightgbm,"{'num_leaves': 7, 'learning_rate': 0.03, 'min_child_samples': 60}",0,0.2695308732,0.4568291852,0.2736399417,0.0001184720484,0,0.01618312179,3.086757991e-05,False
2022-10-25,43,lightgbm,"{'num_leaves': 7, 'learning_rate': 0.03, 'min_child_samples': 60}",0,0.3218410256,0.4354701324,0.242688842,-0.0006667661606,-1,0.00104814712,3.071917808e-05,False
2022-10-26,43,lightgbm,"{'num_leaves': 7, 'learning_rate': 0.03, 'min_child_samples': 60}",0,0.2650318913,0.4432350446,0.2917330642,0.0003095019879,0,-0.00806640128,3.049657534e-05,False
2022-10-27,43,lightgbm,"{'num_leaves': 7, 'learning_rate': 0.03, 'min_child_samples': 60}",0,0.2252461297,0.3166543577,0.4580995127,0.002049763311,1,0.02408717199,3.064497717e-05,False
2022-10-28,43,lightgbm,"{'num_leaves': 7, 'learning_rate': 0.03, 'min_child_samples': 60}",0,0.2531582545,0.4923766386,0.2544651069,0.0001332612631,0,-0.0005952049372,3.101598174e-05,False
2022-10-31,43,lightgbm,"{'num_leaves': 7, 'learning_rate': 0.03, 'min_child_samples': 60}",0,0.3697991232,0.4176112295,0.2125896473,-0.001400465001,-1,-0.01440515072,3.131278539e-05,False
2022-11-01,43,lightgbm,"{'num_leaves': 7, 'learning_rate': 0.03, 'min_child_samples': 60}",0,0.2451872945,0.4817022823,0.2731104232,0.0003643883484,0,-0.02352174758,3.13869863e-05,False
2022-11-02,43,lightgbm,"{'num_leaves': 7, 'learning_rate': 0.03, 'min_child_samples': 60}",0,0.281861126,0.3933982742,0.3247405997,0.000400723131,0,-0.001238300448,3.131278539e-05,False
2022-11-03,43,lightgbm,"{'num_leaves': 7, 'learning_rate': 0.03, 'min_child_samples': 60}",0,0.3433597788,0.3839116982,0.272728523,-0.0006474860109,-1,-0.001724121818,3.153538813e-05,False
2022-11-04,43,lightgbm,"{'num_leaves': 7, 'learning_rate': 0.03, 'min_child_samples': 60}",0,0.3211961343,0.3613732746,0.317430591,-6.198414227e-05,0,0.005930531086,3.123858447e-05,False
2022-11-07,43,lightgbm,"{'num_leaves': 7, 'learning_rate': 0.03, 'min_child_samples': 60}",0,0.3553693397,0.3847788776,0.2598517826,-0.0008739479841,-1,0.002335322191,3.183219178e-05,False
2022-11-08,43,lightgbm,"{'num_leaves': 7, 'learning_rate': 0.03, 'min_child_samples': 60}",0,0.3423140051,0.3876573322,0.2700286627,-0.0006583465367,-1,-0.0152659383,3.175799087e-05,False
2022-11-09,43,lightgbm,"{'num_leaves': 7, 'learning_rate': 0.03, 'min_child_samples': 60}",0,0.3023090744,0.4024038187,0.2952871069,-4.511456951e-05,0,0.01711123531,3.183219178e-05,False
2022-11-10,43,lightgbm,"{'num_leaves': 7, 'learning_rate': 0.03, 'min_child_samples': 60}",0,0.3495588474,0.3022838595,0.3481572931,-0.0001075341537,0,0.007381413776,3.175799087e-05,False
2022-11-11,43,lightgbm,"{'num_leaves': 7, 'learning_rate': 0.03, 'min_child_samples': 60}",0,0.2700469566,0.3653484549,0.3646045885,0.0008411551011,1,-0.003882439722,3.175799087e-05,False
2022-11-14,43,lightgbm,"{'num_leaves': 7, 'learning_rate': 0.03, 'min_child_samples': 60}",0,0.3094226569,0.3182522392,0.3723251039,0.0004983183415,1,-0.006630945171,3.220319635e-05,False
2022-11-15,43,lightgbm,"{'num_leaves': 7, 'learning_rate': 0.03, 'min_child_samples': 60}",0,0.2683588868,0.3147834257,0.4168576875,0.001276681059,1,-0.003351949799,3.198059361e-05,False
2022-11-16,43,lightgbm,"{'num_leaves': 7, 'learning_rate': 0.03, 'min_child_samples': 60}",0,0.278243895,0.2418502801,0.4799058249,0.001679674599,1,0.009680886407,3.205479452e-05,False
2022-11-17,44,lightgbm,"{'num_leaves': 7, 'learning_rate': 0.03, 'min_child_samples': 60}",0,0.3009219689,0.381615005,0.3174630261,0.0001663385427,0,-0.004299269704,3.205479452e-05,False
2022-11-18,44,lightgbm,"{'num_leaves': 7, 'learning_rate': 0.03, 'min_child_samples': 60}",0,0.2691728694,0.3937382245,0.3370889061,0.0006527787884,1,-0.0001267441673,3.220319635e-05,False
2022-11-21,44,lightgbm,"{'num_leaves': 7, 'learning_rate': 0.03, 'min_child_samples': 60}",0,0.2731924668,0.3864635787,0.3403439545,0.0006377278516,1,0.008244431675,3.272260274e-05,False
2022-11-22,44,lightgbm,"{'num_leaves': 7, 'learning_rate': 0.03, 'min_child_samples': 60}",0,0.3287569889,0.3879132284,0.2833297827,-0.0003973659256,0,0.007183145279,3.264840183e-05,False
2022-11-23,44,lightgbm,"{'num_leaves': 7, 'learning_rate': 0.03, 'min_child_samples': 60}",0,0.3026528444,0.3746396875,0.3227074681,0.0001910125892,0,0.001244307169,1.757990868e-05,False
2022-11-25,44,lightgbm,"{'num_leaves': 7, 'learning_rate': 0.03, 'min_child_samples': 60}",0,0.2594843055,0.4574007731,0.2831149214,0.0003150753247,0,-0.007968109211,3.272260274e-05,False
2022-11-28,44,lightgbm,"{'num_leaves': 7, 'learning_rate': 0.03, 'min_child_samples': 60}",0,0.2458178146,0.3201826538,0.4339995316,0.001679258891,1,-0.002070387145,3.272260274e-05,False
2022-11-29,44,lightgbm,"{'num_leaves': 7, 'learning_rate': 0.03, 'min_child_samples': 60}",0,0.336799253,0.2763237525,0.3868769944,0.0003592216665,0,0.0308225309,3.25e-05,False
2022-11-30,44,lightgbm,"{'num_leaves': 7, 'learning_rate': 0.03, 'min_child_samples': 60}",0,0.3678915183,0.3869067284,0.2452017533,-0.001109952803,-1,-0.003400406657,3.242579909e-05,False
2022-12-01,44,lightgbm,"{'num_leaves': 7, 'learning_rate': 0.03, 'min_child_samples': 60}",0,0.2375117532,0.5195217245,0.2429665223,0.0002161064585,0,0.01158484432,3.212899543e-05,False
2022-12-02,44,lightgbm,"{'num_leaves': 7, 'learning_rate': 0.03, 'min_child_samples': 60}",0,0.2378112896,0.5028131378,0.2593755726,0.0003460534579,0,-0.01079345407,3.220319635e-05,False
2022-12-05,44,lightgbm,"{'num_leaves': 7, 'learning_rate': 0.03, 'min_child_samples': 60}",0,0.3319160846,0.3262671612,0.3418167542,4.424334632e-05,0,-0.01399536002,3.235159817e-05,False
2022-12-06,44,lightgbm,"{'num_leaves': 7, 'learning_rate': 0.03, 'min_child_samples': 60}",0,0.1891300698,0.2332372337,0.5776326965,0.003428189769,1,0.0005598849445,3.242579909e-05,False
2022-12-07,44,lightgbm,"{'num_leaves': 7, 'learning_rate': 0.03, 'min_child_samples': 60}",0,0.2484807704,0.2237035692,0.5278156603,0.002412411719,1,0.002783761526,3.183219178e-05,False
2022-12-08,44,lightgbm,"{'num_leaves': 7, 'learning_rate': 0.03, 'min_child_samples': 60}",0,0.3364582691,0.329611716,0.3339300149,-6.652653203e-05,0,-0.004203179425,3.175799087e-05,False
2022-12-09,44,lightgbm,"{'num_leaves': 7, 'learning_rate': 0.03, 'min_child_samples': 60}",0,0.3650906872,0.3583153407,0.2765939721,-0.000826566915,-1,0.01228090384,3.198059361e-05,False
2022-12-12,44,lightgbm,"{'num_leaves': 7, 'learning_rate': 0.03, 'min_child_samples': 60}",0,0.296408556,0.4503732725,0.2532181715,-0.0003079896777,0,-0.02011115989,3.25e-05,False
2022-12-13,44,lightgbm,"{'num_leaves': 7, 'learning_rate': 0.03, 'min_child_samples': 60}",0,0.3093409768,0.4003611542,0.290297869,-0.0001406986913,0,-0.005502830013,3.227739726e-05,False
2022-12-14,44,lightgbm,"{'num_leaves': 7, 'learning_rate': 0.03, 'min_child_samples': 60}",0,0.262462206,0.3504327643,0.3871050297,0.001127465929,1,-0.01184373073,3.212899543e-05,False
2022-12-15,44,lightgbm,"{'num_leaves': 7, 'learning_rate': 0.03, 'min_child_samples': 60}",0,0.2527851171,0.3322843038,0.4149305791,0.00145282773,1,-0.004958730331,3.220319635e-05,False
2022-12-16,44,lightgbm,"{'num_leaves': 7, 'learning_rate': 0.03, 'min_child_samples': 60}",0,0.3034933053,0.3551157805,0.3413909143,0.0003338222916,0,-0.008996824145,3.198059361e-05,False
2022-12-19,45,lightgbm,"{'num_leaves': 7, 'learning_rate': 0.03, 'min_child_samples': 60}",0,0.3288203895,0.3947139406,0.2764656699,-0.0004648209077,-1,0.003454361756,3.242579909e-05,False
2022-12-20,45,lightgbm,"{'num_leaves': 7, 'learning_rate': 0.03, 'min_child_samples': 60}",0,0.3130304402,0.4105767705,0.2763927893,-0.0003025624049,0,0.007775632046,3.227739726e-05,False
2022-12-21,45,lightgbm,"{'num_leaves': 7, 'learning_rate': 0.03, 'min_child_samples': 60}",0,0.3654424077,0.3576672693,0.2768903231,-0.0008390590677,-1,-0.006082721957,3.212899543e-05,False
2022-12-22,45,lightgbm,"{'num_leaves': 7, 'learning_rate': 0.03, 'min_child_samples': 60}",0,0.3035088225,0.3930760675,0.30341511,1.679198863e-05,0,0.0085868822,3.227739726e-05,False
2022-12-23,45,lightgbm,"{'num_leaves': 7, 'learning_rate': 0.03, 'min_child_samples': 60}",0,0.3530417986,0.3829164571,0.2640417443,-0.0008163136541,-1,-0.003631271908,3.220319635e-05,False
2022-12-27,45,lightgbm,"{'num_leaves': 7, 'learning_rate': 0.03, 'min_child_samples': 60}",0,0.3283277568,0.4004690326,0.2712032106,-0.000502807808,-1,-0.01224656621,3.309360731e-05,False
2022-12-28,45,lightgbm,"{'num_leaves': 7, 'learning_rate': 0.03, 'min_child_samples': 60}",0,0.2644794732,0.4400236172,0.2954969097,0.0003545319698,0,0.01003608106,3.309360731e-05,False
2022-12-29,45,lightgbm,"{'num_leaves': 7, 'learning_rate': 0.03, 'min_child_samples': 60}",0,0.3655441019,0.3684779253,0.2659779728,-0.0009294143231,-1,0.004702548323,3.301940639e-05,False
2022-12-30,45,lightgbm,"{'num_leaves': 7, 'learning_rate': 0.03, 'min_child_samples': 60}",0,0.340446227,0.3981203067,0.2614334663,-0.0007077510682,-1,-0.009235860889,3.279680365e-05,False
2023-01-03,45,lightgbm,"{'num_leaves': 7, 'learning_rate': 0.03, 'min_child_samples': 60}",0,0.3110254552,0.4363001098,0.252674435,-0.0004759937244,-1,0.001513693488,3.36130137e-05,False
2023-01-04,45,lightgbm,"{'num_leaves': 7, 'learning_rate': 0.03, 'min_child_samples': 60}",0,0.3187947095,0.4051374457,0.2760678449,-0.000364673473,0,-0.006130138366,3.376141553e-05,False
2023-01-05,45,lightgbm,"{'num_leaves': 7, 'learning_rate': 0.03, 'min_child_samples': 60}",0,0.2893494984,0.4371087093,0.2735417923,-8.165352748e-05,0,0.01429654586,3.457762557e-05,False
2023-01-06,45,lightgbm,"{'num_leaves': 7, 'learning_rate': 0.03, 'min_child_samples': 60}",0,0.2807233031,0.3999605975,0.3193160994,0.0003819314046,0,-0.006429822583,3.465182648e-05,False
2023-01-09,45,lightgbm,"{'num_leaves': 7, 'learning_rate': 0.03, 'min_child_samples': 60}",0,0.2433912216,0.432833124,0.3237756544,0.0008034652763,1,0.008599061448,3.487442922e-05,False
2023-01-10,45,lightgbm,"{'num_leaves': 7, 'learning_rate': 0.03, 'min_child_samples': 60}",0,0.2692784244,0.4782379252,0.2524836504,-4.698304774e-05,0,0.008387879512,3.509703196e-05,False
2023-01-11,45,lightgbm,"{'num_leaves': 7, 'learning_rate': 0.03, 'min_child_samples': 60}",0,0.2396355208,0.50648032,0.2538841592,0.0002702107449,0,0.0007310308411,3.502283105e-05,False
2023-01-12,45,lightgbm,"{'num_leaves': 7, 'learning_rate': 0.03, 'min_child_samples': 60}",0,0.2410516496,0.415540619,0.3434077314,0.000988263658,1,0.01239775671,3.457762557e-05,False
2023-01-13,45,lightgbm,"{'num_leaves': 7, 'learning_rate': 0.03, 'min_child_samples': 60}",0,0.2896873545,0.4322627625,0.278049883,-4.82440211e-05,0,-0.001781825789,3.465182648e-05,False
2023-01-17,45,lightgbm,"{'num_leaves': 7, 'learning_rate': 0.03, 'min_child_samples': 60}",0,0.2904639481,0.4088595265,0.3006765254,0.0001289221848,0,-0.01884669392,3.494863014e-05,False
2023-01-18,45,lightgbm,"{'num_leaves': 7, 'learning_rate': 0.03, 'min_child_samples': 60}",0,0.2690042195,0.3823785331,0.3486172474,0.0007425999659,1,-0.001849113387,3.480022831e-05,False
2023-01-19,45,lightgbm,"{'num_leaves': 7, 'learning_rate': 0.03, 'min_child_samples': 60}",0,0.2985932033,0.3887692067,0.31263759,0.0001429674235,0,0.01481671047,3.494863014e-05,False
2023-01-20,46,lightgbm,"{'num_leaves': 7, 'learning_rate': 0.03, 'min_child_samples': 60}",0,0.3006964729,0.4269151093,0.2723884178,-0.0001953812372,0,0.009855827095,3.502283105e-05,False
2023-01-23,46,lightgbm,"{'num_leaves': 7, 'learning_rate': 0.03, 'min_child_samples': 60}",0,0.2546503371,0.4678157819,0.2775338811,0.0003227536688,0,0.003309284508,3.509703196e-05,False
2023-01-24,46,lightgbm,"{'num_leaves': 7, 'learning_rate': 0.03, 'min_child_samples': 60}",0,0.3187547893,0.411741171,0.2695040397,-0.0004057002537,0,0.01111249863,3.502283105e-05,False
2023-01-25,46,lightgbm,"{'num_leaves': 7, 'learning_rate': 0.03, 'min_child_samples': 60}",0,0.3093434989,0.4152728049,0.2753836962,-0.0002601391437,0,0.004018542635,3.502283105e-05,False
2023-01-26,46,lightgbm,"{'num_leaves': 7, 'learning_rate': 0.03, 'min_child_samples': 60}",0,0.2799871541,0.4434158083,0.2765970376,5.321295782e-05,0,0.00500418419,3.494863014e-05,False
2023-01-27,46,lightgbm,"{'num_leaves': 7, 'learning_rate': 0.03, 'min_child_samples': 60}",0,0.3173785213,0.4145580733,0.2680634054,-0.0004033115002,0,-0.005486572895,3.509703196e-05,False
2023-01-30,46,lightgbm,"{'num_leaves': 7, 'learning_rate': 0.03, 'min_child_samples': 60}",0,0.2669803141,0.460357719,0.2726619669,0.0001553075147,0,0.01333733721,3.502283105e-05,False
2023-01-31,46,lightgbm,"{'num_leaves': 7, 'learning_rate': 0.03, 'min_child_samples': 60}",0,0.268708486,0.4377368455,0.2935546685,0.000309074755,0,0.01379530739,3.487442922e-05,False
2023-02-01,46,lightgbm,"{'num_leaves': 7, 'learning_rate': 0.03, 'min_child_samples': 60}",0,0.3033265616,0.4277416299,0.2689318085,-0.0002509570296,0,0.004628099822,3.457762557e-05,False
2023-02-02,46,lightgbm,"{'num_leaves': 7, 'learning_rate': 0.03, 'min_child_samples': 60}",0,0.318566654,0.4137417788,0.2676915671,-0.0004186448654,0,0.001846521452,3.457762557e-05,False
2023-02-03,46,lightgbm,"{'num_leaves': 7, 'learning_rate': 0.03, 'min_child_samples': 60}",0,0.3125360067,0.4209042419,0.2665597514,-0.0003656183037,0,9.755724048e-05,3.487442922e-05,False
2023-02-06,46,lightgbm,"{'num_leaves': 7, 'learning_rate': 0.03, 'min_child_samples': 60}",0,0.3160275721,0.426977448,0.2569949799,-0.0004802737562,-1,0.0154572538,3.494863014e-05,False
2023-02-07,46,lightgbm,"{'num_leaves': 7, 'learning_rate': 0.03, 'min_child_samples': 60}",0,0.2912567581,0.4242575806,0.2844856613,1.549196568e-06,0,-0.006002979513,3.494863014e-05,False
2023-02-08,46,lightgbm,"{'num_leaves': 7, 'learning_rate': 0.03, 'min_child_samples': 60}",0,0.2762713935,0.4385013159,0.2852272906,0.0001625085869,0,-0.01766368399,3.502283105e-05,False
2023-02-09,46,lightgbm,"{'num_leaves': 7, 'learning_rate': 0.03, 'min_child_samples': 60}",0,0.3144913622,0.4102387165,0.2752699213,-0.0003142746661,0,0.005371367621,3.539383562e-05,False
2023-02-10,46,lightgbm,"{'num_leaves': 7, 'learning_rate': 0.03, 'min_child_samples': 60}",0,0.3047782658,0.415797078,0.2794246562,-0.0001797642266,0,0.01005574804,3.554223744e-05,False
2023-02-13,46,lightgbm,"{'num_leaves': 7, 'learning_rate': 0.03, 'min_child_samples': 60}",0,0.3226825518,0.4254318392,0.251885609,-0.000591021951,-1,0.003404397671,3.569063927e-05,False
2023-02-14,46,lightgbm,"{'num_leaves': 7, 'learning_rate': 0.03, 'min_child_samples': 60}",0,0.3441191531,0.3860341314,0.2698467155,-0.0006650147887,-1,0.008846118659,3.561643836e-05,False
2023-02-15,46,lightgbm,"{'num_leaves': 7, 'learning_rate': 0.03, 'min_child_samples': 60}",0,0.2742731626,0.4572558268,0.2684710106,4.551172127e-05,0,-0.001247608017,3.554223744e-05,False
2023-02-16,46,lightgbm,"{'num_leaves': 7, 'learning_rate': 0.03, 'min_child_samples': 60}",0,0.3025634622,0.4174587398,0.279977798,-0.000152331318,0,0.002955258428,3.591324201e-05,False
2023-02-17,46,lightgbm,"{'num_leaves': 7, 'learning_rate': 0.03, 'min_child_samples': 60}",0,0.3604647577,0.3775380062,0.2619972361,-0.0008984204695,-1,-0.009849653264,3.591324201e-05,False
2023-02-21,47,lightgbm,"{'num_leaves': 7, 'learning_rate': 0.03, 'min_child_samples': 60}",0,0.3246976821,0.409876958,0.2654253599,-0.0004673671081,-1,-0.002452894556,3.606164384e-05,False
2023-02-22,47,lightgbm,"{'num_leaves': 7, 'learning_rate': 0.03, 'min_child_samples': 60}",0,0.3124190627,0.4106938719,0.2768870655,-0.0002456544786,0,-0.002241243712,3.591324201e-05,False
2023-02-23,47,lightgbm,"{'num_leaves': 7, 'learning_rate': 0.03, 'min_child_samples': 60}",0,0.3320156121,0.3934350433,0.2745493446,-0.0004679843895,-1,0.002427776684,3.591324201e-05,False
2023-02-24,47,lightgbm,"{'num_leaves': 7, 'learning_rate': 0.03, 'min_child_samples': 60}",0,0.3572839755,0.3837666444,0.2589493801,-0.0008584094386,-1,-0.005351699676,3.606164384e-05,False
2023-02-27,47,lightgbm,"{'num_leaves': 7, 'learning_rate': 0.03, 'min_child_samples': 60}",0,0.3128387629,0.4055286366,0.2816326005,-0.0002108848586,0,-0.00244191324,3.628424658e-05,False
2023-02-28,47,lightgbm,"{'num_leaves': 7, 'learning_rate': 0.03, 'min_child_samples': 60}",0,0.2879721615,0.4139838915,0.298043947,0.0001820655422,0,-0.001694477514,3.621004566e-05,False
2023-03-01,47,lightgbm,"{'num_leaves': 7, 'learning_rate': 0.03, 'min_child_samples': 60}",0,0.3165656603,0.4026965626,0.2807377771,-0.000256879224,0,0.01306408521,3.635844749e-05,False
2023-03-02,47,lightgbm,"{'num_leaves': 7, 'learning_rate': 0.03, 'min_child_samples': 60}",0,0.3239277002,0.4045192805,0.2715530193,-0.0004088768212,0,0.01120815352,3.64326484e-05,False
2023-03-03,47,lightgbm,"{'num_leaves': 7, 'learning_rate': 0.03, 'min_child_samples': 60}",0,0.3106876556,0.4296039492,0.2597083952,-0.0003693214294,0,-0.001431888902,3.64326484e-05,False
2023-03-06,47,lightgbm,"{'num_leaves': 7, 'learning_rate': 0.03, 'min_child_samples': 60}",0,0.3018164694,0.4082490293,0.2899345013,-2.823729464e-05,0,-0.01520702294,3.658105023e-05,False
2023-03-07,47,lightgbm,"{'num_leaves': 7, 'learning_rate': 0.03, 'min_child_samples': 60}",0,0.2728455084,0.4388873922,0.2882670994,0.0002582151456,0,0.001330351589,3.739726027e-05,False
2023-03-08,47,lightgbm,"{'num_leaves': 7, 'learning_rate': 0.03, 'min_child_samples': 60}",0,0.3132779957,0.3988393097,0.2878826945,-0.0001639152043,0,-0.02046328335,3.75456621e-05,False
2023-03-09,47,lightgbm,"{'num_leaves': 7, 'learning_rate': 0.03, 'min_child_samples': 60}",0,0.2829501915,0.4235570761,0.2934927324,0.0001965864904,0,-0.01299262577,3.747146119e-05,False
2023-03-10,47,lightgbm,"{'num_leaves': 7, 'learning_rate': 0.03, 'min_child_samples': 60}",0,0.3063006498,0.3923332404,0.3013661098,1.953103125e-05,0,0.009297786367,3.717465753e-05,False
2023-03-13,47,lightgbm,"{'num_leaves': 7, 'learning_rate': 0.03, 'min_child_samples': 60}",0,0.3345939609,0.3721279386,0.2932781005,-0.0003403157351,0,0.003149836166,3.613584475e-05,False
2023-03-14,47,lightgbm,"{'num_leaves': 7, 'learning_rate': 0.03, 'min_child_samples': 60}",0,0.2871007867,0.3998754659,0.3130237474,0.0003145767317,0,0.008784845498,3.621004566e-05,False
2023-03-15,47,lightgbm,"{'num_leaves': 7, 'learning_rate': 0.03, 'min_child_samples': 60}",0,0.2869055696,0.3904228268,0.3226716036,0.000396129107,0,0.02401628112,3.524543379e-05,False
2023-03-16,47,lightgbm,"{'num_leaves': 7, 'learning_rate': 0.03, 'min_child_samples': 60}",0,0.2340294829,0.4368724759,0.3290980412,0.0009970059782,1,-0.008214259156,3.517123288e-05,False
2023-03-17,47,lightgbm,"{'num_leaves': 7, 'learning_rate': 0.03, 'min_child_samples': 60}",0,0.2719942901,0.4097970922,0.3182086177,0.0005138504147,1,0.007523036061,3.353881279e-05,False
2023-03-20,47,lightgbm,"{'num_leaves': 7, 'learning_rate': 0.03, 'min_child_samples': 60}",0,0.2708228341,0.4472437629,0.281933403,0.0002269639641,0,0.00420404171,3.569063927e-05,False
2023-03-21,47,lightgbm,"{'num_leaves': 7, 'learning_rate': 0.03, 'min_child_samples': 60}",0,0.2876193808,0.4431267101,0.2692539092,-5.160195959e-05,0,-0.01660277751,3.546803653e-05,False
2023-03-22,48,lightgbm,"{'num_leaves': 7, 'learning_rate': 0.03, 'min_child_samples': 30}",0,0.2950751964,0.4389146522,0.2660101514,-0.0001605043947,0,-0.004859608878,3.554223744e-05,False
2023-03-23,48,lightgbm,"{'num_leaves': 7, 'learning_rate': 0.03, 'min_child_samples': 30}",0,0.262345902,0.4188668776,0.3187872203,0.0006183523229,1,0.009978572192,3.509703196e-05,False
2023-03-24,48,lightgbm,"{'num_leaves': 7, 'learning_rate': 0.03, 'min_child_samples': 30}",0,0.2772483755,0.4507933607,0.2719582638,7.432528283e-05,0,-0.004094255361,3.517123288e-05,False
2023-03-27,48,lightgbm,"{'num_leaves': 7, 'learning_rate': 0.03, 'min_child_samples': 30}",0,0.3044783994,0.4418990989,0.2536225016,-0.0003612160208,0,-0.0004294991323,3.64326484e-05,False
2023-03-28,48,lightgbm,"{'num_leaves': 7, 'learning_rate': 0.03, 'min_child_samples': 30}",0,0.3067699168,0.4196671134,0.2735629697,-0.0002193966401,0,0.003550654875,3.561643836e-05,False
2023-03-29,48,lightgbm,"{'num_leaves': 7, 'learning_rate': 0.03, 'min_child_samples': 30}",0,0.3013344644,0.4283928275,0.2702727081,-0.0001901961401,0,-0.0009650922875,3.561643836e-05,False
2023-03-30,48,lightgbm,"{'num_leaves': 7, 'learning_rate': 0.03, 'min_child_samples': 30}",0,0.3058378626,0.4179981662,0.2761639712,-0.0001880948128,0,0.01168885214,3.687785388e-05,False
2023-03-31,48,lightgbm,"{'num_leaves': 7, 'learning_rate': 0.03, 'min_child_samples': 30}",0,0.3148688617,0.4473322295,0.2377989088,-0.0006007398516,-1,0.005136372917,3.598744292e-05,False
2023-04-03,48,lightgbm,"{'num_leaves': 7, 'learning_rate': 0.03, 'min_child_samples': 30}",0,0.313795826,0.4127966906,0.2734074834,-0.000293764642,0,-0.007166759777,3.635844749e-05,False
2023-04-04,48,lightgbm,"{'num_leaves': 7, 'learning_rate': 0.03, 'min_child_samples': 30}",0,0.2284268399,0.417714974,0.3538581861,0.001262492146,1,-0.0007599655469,3.621004566e-05,False
2023-04-05,48,lightgbm,"{'num_leaves': 7, 'learning_rate': 0.03, 'min_child_samples': 30}",0,0.2441715315,0.4015084685,0.35432,0.001102568453,1,0.005949341137,3.606164384e-05,False
2023-04-06,48,lightgbm,"{'num_leaves': 7, 'learning_rate': 0.03, 'min_child_samples': 30}",0,0.2666383522,0.4021349447,0.3312267032,0.0006770463819,1,0.007378077711,3.64326484e-05,False
2023-04-10,48,lightgbm,"{'num_leaves': 7, 'learning_rate': 0.03, 'min_child_samples': 30}",0,0.2944674164,0.4145254328,0.2910071509,5.347712638e-05,0,-0.001316259396,3.769406393e-05,False
2023-04-11,48,lightgbm,"{'num_leaves': 7, 'learning_rate': 0.03, 'min_child_samples': 30}",0,0.295376038,0.3979229456,0.3067010164,0.0001744017568,0,-0.009274789024,3.739726027e-05,False
2023-04-12,48,lightgbm,"{'num_leaves': 7, 'learning_rate': 0.03, 'min_child_samples': 30}",0,0.2725813445,0.423012605,0.3044060504,0.0003924236299,0,0.01048440466,3.724885845e-05,False
2023-04-13,48,lightgbm,"{'num_leaves': 7, 'learning_rate': 0.03, 'min_child_samples': 30}",0,0.2852419994,0.4642521453,0.2505058553,-0.0001870299002,0,-0.000847862592,3.784246575e-05,False
2023-04-14,48,lightgbm,"{'num_leaves': 7, 'learning_rate': 0.03, 'min_child_samples': 30}",0,0.3050463717,0.4455047256,0.2494489027,-0.0004017952334,0,0.003807278085,3.813926941e-05,False
2023-04-17,48,lightgbm,"{'num_leaves': 7, 'learning_rate': 0.03, 'min_child_samples': 30}",0,0.2848575407,0.4483249802,0.2668174791,-4.75240073e-05,0,-0.003296585822,3.86586758e-05,False
2023-04-18,48,lightgbm,"{'num_leaves': 7, 'learning_rate': 0.03, 'min_child_samples': 30}",0,0.291931509,0.4181851422,0.2898833488,7.051716859e-05,0,0.004657739827,3.858447489e-05,False
2023-04-19,48,lightgbm,"{'num_leaves': 7, 'learning_rate': 0.03, 'min_child_samples': 30}",0,0.3087604544,0.4240576362,0.2671819095,-0.0002931101791,0,0.001629370595,3.828767123e-05,False
2023-04-20,48,lightgbm,"{'num_leaves': 7, 'learning_rate': 0.03, 'min_child_samples': 30}",0,0.308689407,0.4246880708,0.2666225222,-0.0002970182697,0,2.428433527e-05,3.799086758e-05,False
2023-04-21,49,lightgbm,"{'num_leaves': 7, 'learning_rate': 0.03, 'min_child_samples': 30}",0,0.2798109228,0.4456187987,0.2745702785,8.440573625e-05,0,0.001553471369,3.813926941e-05,False
2023-04-24,49,lightgbm,"{'num_leaves': 7, 'learning_rate': 0.03, 'min_child_samples': 30}",0,0.2799781257,0.400930075,0.3190917993,0.0004517654022,1,-0.01096010551,3.858447489e-05,False
2023-04-25,49,lightgbm,"{'num_leaves': 7, 'learning_rate': 0.03, 'min_child_samples': 30}",0,0.2550439232,0.3766599157,0.3682961611,0.001118107278,1,-0.005802556821,3.799086758e-05,False
2023-04-26,49,lightgbm,"{'num_leaves': 7, 'learning_rate': 0.03, 'min_child_samples': 30}",0,0.2593505955,0.3725305221,0.3681188823,0.001072001614,1,0.01329239232,3.828767123e-05,False
2023-04-27,49,lightgbm,"{'num_leaves': 7, 'learning_rate': 0.03, 'min_child_samples': 30}",0,0.3366178148,0.4054554801,0.2579267051,-0.0006423411112,-1,0.01079006194,3.843607306e-05,False
2023-04-28,49,lightgbm,"{'num_leaves': 7, 'learning_rate': 0.03, 'min_child_samples': 30}",0,0.2880317758,0.4282095049,0.2837587193,7.537577177e-05,0,9.629699578e-05,3.784246575e-05,False
2023-05-01,49,lightgbm,"{'num_leaves': 7, 'learning_rate': 0.03, 'min_child_samples': 30}",0,0.3065640248,0.4421817503,0.2512542249,-0.0003861684711,0,-0.009475113491,3.910388128e-05,False
2023-05-02,49,lightgbm,"{'num_leaves': 7, 'learning_rate': 0.03, 'min_child_samples': 30}",0,0.2798047088,0.3918694339,0.3283258573,0.0005301150117,1,-0.008119400198,3.888127854e-05,False
2023-05-03,49,lightgbm,"{'num_leaves': 7, 'learning_rate': 0.03, 'min_child_samples': 30}",0,0.2628923519,0.4054178333,0.3316898148,0.0007332889984,1,-0.004423335297,3.902968037e-05,False
2023-05-04,49,lightgbm,"{'num_leaves': 7, 'learning_rate': 0.03, 'min_child_samples': 30}",0,0.2498813314,0.3708191699,0.3792994987,0.001262834283,1,0.0090973593,3.902968037e-05,False
2023-05-05,49,lightgbm,"{'num_leaves': 7, 'learning_rate': 0.03, 'min_child_samples': 30}",0,0.2894644343,0.4524472606,0.2580883051,-0.0001522858899,0,-0.000556967897,3.902968037e-05,False
2023-05-08,49,lightgbm,"{'num_leaves': 7, 'learning_rate': 0.03, 'min_child_samples': 30}",0,0.3546970684,0.4339132313,0.2113897002,-0.001215522755,-1,-0.0004864938863,3.940068493e-05,False
2023-05-09,49,lightgbm,"{'num_leaves': 7, 'learning_rate': 0.03, 'min_child_samples': 30}",0,0.3141727359,0.4731840878,0.2126431763,-0.0007851216218,-1,-0.002488640899,3.925228311e-05,False
2023-05-10,49,lightgbm,"{'num_leaves': 7, 'learning_rate': 0.03, 'min_child_samples': 30}",0,0.2909387985,0.3771301021,0.3319310994,0.0004446052859,1,0.0004369283018,3.888127854e-05,False
2023-05-11,49,lightgbm,"{'num_leaves': 7, 'learning_rate': 0.03, 'min_child_samples': 30}",0,0.3020680628,0.4247579688,0.2731739684,-0.0001578514069,0,-0.004426532309,3.858447489e-05,False
2023-05-12,49,lightgbm,"{'num_leaves': 7, 'learning_rate': 0.03, 'min_child_samples': 30}",0,0.3297218893,0.4488383096,0.2214398011,-0.0008733531082,-1,0.0019164729,3.895547945e-05,False
2023-05-15,49,lightgbm,"{'num_leaves': 7, 'learning_rate': 0.03, 'min_child_samples': 30}",0,0.3094001709,0.4296062718,0.2609935574,-0.0003348222839,0,-0.003909059761,3.86586758e-05,False
2023-05-16,49,lightgbm,"{'num_leaves': 7, 'learning_rate': 0.03, 'min_child_samples': 30}",0,0.3067603484,0.447483842,0.2457558096,-0.000433786245,0,0.006984369785,3.880707763e-05,False
2023-05-17,49,lightgbm,"{'num_leaves': 7, 'learning_rate': 0.03, 'min_child_samples': 30}",0,0.2945282396,0.4261135391,0.2793582213,-2.843708194e-05,0,0.01043629121,3.902968037e-05,False
2023-05-18,49,lightgbm,"{'num_leaves': 7, 'learning_rate': 0.03, 'min_child_samples': 30}",0,0.2641553516,0.4566323294,0.279212319,0.0002851494918,0,-0.00368902647,3.940068493e-05,False
2023-05-19,49,lightgbm,"{'num_leaves': 7, 'learning_rate': 0.03, 'min_child_samples': 30}",0,0.3408744106,0.4462607696,0.2128648199,-0.001060030438,-1,0.0003582884193,3.925228311e-05,False
2023-05-22,50,lightgbm,"{'num_leaves': 7, 'learning_rate': 0.03, 'min_child_samples': 30}",0,0.2671259502,0.4676936686,0.2651803812,0.0001373266886,0,-0.007168865409,4.006849315e-05,False
2023-05-23,50,lightgbm,"{'num_leaves': 7, 'learning_rate': 0.03, 'min_child_samples': 30}",0,0.2743262612,0.430198386,0.2954753529,0.0003151052458,0,-0.003224909344,3.962328767e-05,False
2023-05-24,50,lightgbm,"{'num_leaves': 7, 'learning_rate': 0.03, 'min_child_samples': 30}",0,0.2766000199,0.4050624477,0.3183375323,0.0004818832092,1,-0.0002169946437,3.984589041e-05,False
2023-05-25,50,lightgbm,"{'num_leaves': 7, 'learning_rate': 0.03, 'min_child_samples': 30}",0,0.3052790132,0.4001859289,0.2945350579,-1.22103102e-05,0,0.01129223167,3.992009132e-05,False
2023-05-26,50,lightgbm,"{'num_leaves': 7, 'learning_rate': 0.03, 'min_child_samples': 30}",0,0.2918332739,0.4450161975,0.2631505286,-0.0001345909896,0,-0.004383588943,3.962328767e-05,False
2023-05-30,50,lightgbm,"{'num_leaves': 7, 'learning_rate': 0.03, 'min_child_samples': 30}",0,0.2990259136,0.4227055385,0.2782685478,-8.302814384e-05,0,-0.001028001949,4.118150685e-05,False
2023-05-31,50,lightgbm,"{'num_leaves': 7, 'learning_rate': 0.03, 'min_child_samples': 30}",0,0.2783126442,0.4037365188,0.317950837,0.0004609878073,1,0.008921550589,4.095890411e-05,False
2023-06-01,50,lightgbm,"{'num_leaves': 7, 'learning_rate': 0.03, 'min_child_samples': 30}",0,0.2568447088,0.4395138685,0.3036414227,0.0005635017925,1,0.008056568749,4.081050228e-05,False
2023-06-02,50,lightgbm,"{'num_leaves': 7, 'learning_rate': 0.03, 'min_child_samples': 30}",0,0.225787838,0.5358367939,0.2383753681,0.0003409564206,0,-0.002755189723,4.081050228e-05,False
2023-06-05,50,lightgbm,"{'num_leaves': 7, 'learning_rate': 0.03, 'min_child_samples': 30}",0,0.2703965423,0.4677533667,0.261850091,7.585501297e-05,0,0.003187440679,4.051369863e-05,False
2023-06-06,50,lightgbm,"{'num_leaves': 7, 'learning_rate': 0.03, 'min_child_samples': 30}",0,0.2464814548,0.5150222656,0.2384962796,0.0001283653505,0,-0.004411387047,4.03652968e-05,False
2023-06-07,50,lightgbm,"{'num_leaves': 7, 'learning_rate': 0.03, 'min_child_samples': 30}",0,0.2753403047,0.4237046631,0.3009550322,0.0003502375092,0,0.005883478853,4.021689498e-05,False
2023-06-08,50,lightgbm,"{'num_leaves': 7, 'learning_rate': 0.03, 'min_child_samples': 30}",0,0.2743219505,0.4525214217,0.2731566277,0.0001294246395,0,-0.0001395420899,3.992009132e-05,False
2023-06-09,50,lightgbm,"{'num_leaves': 7, 'learning_rate': 0.03, 'min_child_samples': 30}",0,0.2677797743,0.4539292286,0.2782909971,0.0002396778774,0,0.006683315456,3.984589041e-05,False
2023-06-12,50,lightgbm,"{'num_leaves': 7, 'learning_rate': 0.03, 'min_child_samples': 30}",0,0.2731037814,0.4616613541,0.2652348644,7.607755423e-05,0,0.003078187029,4.006849315e-05,False
2023-06-13,50,lightgbm,"{'num_leaves': 7, 'learning_rate': 0.03, 'min_child_samples': 30}",0,0.2560354892,0.4605035632,0.2834609475,0.0004039227979,0,0.0003889681133,3.97716895e-05,False
2023-06-14,50,lightgbm,"{'num_leaves': 7, 'learning_rate': 0.03, 'min_child_samples': 30}",0,0.2693922405,0.4480865509,0.2825212086,0.0002582358517,0,0.01436990291,3.97716895e-05,False
2023-06-15,50,lightgbm,"{'num_leaves': 7, 'learning_rate': 0.03, 'min_child_samples': 30}",0,0.2956857856,0.4384638254,0.265850389,-0.0001518893229,0,-0.008035749138,3.954908676e-05,False
2023-06-16,50,lightgbm,"{'num_leaves': 7, 'learning_rate': 0.03, 'min_child_samples': 30}",0,0.2680520817,0.4752793238,0.2566685945,5.693649256e-05,0,-0.0006172578967,3.962328767e-05,False
2023-06-20,50,lightgbm,"{'num_leaves': 7, 'learning_rate': 0.03, 'min_child_samples': 30}",0,0.2728729829,0.4130839347,0.3140430824,0.0004846170429,1,-0.002797141484,3.999429224e-05,False
2023-06-21,50,lightgbm,"{'num_leaves': 7, 'learning_rate': 0.03, 'min_child_samples': 30}",0,0.2675101587,0.3993609491,0.3331288922,0.0006987939436,1,0.00589929131,4.006849315e-05,False
2023-06-22,51,lightgbm,"{'num_leaves': 7, 'learning_rate': 0.03, 'min_child_samples': 30}",0,0.2775706511,0.4698009782,0.2526283707,-6.031077287e-05,0,0.0006467529683,4.006849315e-05,False
2023-06-23,51,lightgbm,"{'num_leaves': 7, 'learning_rate': 0.03, 'min_child_samples': 30}",0,0.2433875439,0.4007436783,0.3558687778,0.001151000107,1,-0.002727550122,4.014269406e-05,False
2023-06-26,51,lightgbm,"{'num_leaves': 7, 'learning_rate': 0.03, 'min_child_samples': 30}",0,0.2739842348,0.3889114687,0.3371042964,0.0006798918608,1,0.008835450941,4.081050228e-05,False
2023-06-27,51,lightgbm,"{'num_leaves': 7, 'learning_rate': 0.03, 'min_child_samples': 30}",0,0.2745740397,0.4497150412,0.2757109192,0.0001626996086,0,0.003080167469,4.03652968e-05,False
2023-06-28,51,lightgbm,"{'num_leaves': 7, 'learning_rate': 0.03, 'min_child_samples': 30}",0,0.2639513242,0.4189529761,0.3170956997,0.0006165671069,1,0.004931631086,4.03652968e-05,False
2023-06-29,51,lightgbm,"{'num_leaves': 7, 'learning_rate': 0.03, 'min_child_samples': 30}",0,0.2952853597,0.4880486375,0.2166660028,-0.000542022248,-1,0.004168168647,4.051369863e-05,False
2023-06-30,51,lightgbm,"{'num_leaves': 7, 'learning_rate': 0.03, 'min_child_samples': 30}",0,0.2843806723,0.4544809125,0.2611384152,-5.954716294e-05,0,0.001964226355,2.169520548e-05,False
2023-07-03,51,lightgbm,"{'num_leaves': 7, 'learning_rate': 0.03, 'min_child_samples': 30}",0,0.2908129961,0.4750493497,0.2341376542,-0.0003505368663,0,0.002760745906,4.03652968e-05,False
2023-07-05,51,lightgbm,"{'num_leaves': 7, 'learning_rate': 0.03, 'min_child_samples': 30}",0,0.3460126944,0.4675909523,0.1863963533,-0.00131609056,-1,0.000546152198,4.03652968e-05,False
2023-07-06,51,lightgbm,"{'num_leaves': 7, 'learning_rate': 0.03, 'min_child_samples': 30}",0,0.308329196,0.439467237,0.252203567,-0.0003804002433,0,-0.0001824249283,4.051369863e-05,False
2023-07-07,51,lightgbm,"{'num_leaves': 7, 'learning_rate': 0.03, 'min_child_samples': 30}",0,0.326294643,0.4563717945,0.2173335624,-0.0008555978804,-1,0.003377632421,4.051369863e-05,False
2023-07-10,51,lightgbm,"{'num_leaves': 7, 'learning_rate': 0.03, 'min_child_samples': 30}",0,0.3016671801,0.4629282018,0.2354046181,-0.0004516952093,-1,0.004563467302,4.066210046e-05,False
2023-07-11,51,lightgbm,"{'num_leaves': 7, 'learning_rate': 0.03, 'min_child_samples': 30}",0,0.2744900896,0.4634177083,0.2620922021,5.018279883e-05,0,-0.0008289290548,4.073630137e-05,False
2023-07-12,51,lightgbm,"{'num_leaves': 7, 'learning_rate': 0.03, 'min_child_samples': 30}",0,0.2544240195,0.4435829148,0.3019930657,0.0005888828184,1,0.003706192604,4.058789954e-05,False
2023-07-13,51,lightgbm,"{'num_leaves': 7, 'learning_rate': 0.03, 'min_child_samples': 30}",0,0.2265008111,0.3916090536,0.3818901352,0.001541427898,1,-0.002663852464,4.058789954e-05,False
2023-07-14,51,lightgbm,"{'num_leaves': 7, 'learning_rate': 0.03, 'min_child_samples': 30}",0,0.2445910868,0.3946606141,0.360748299,0.00117923759,1,0.003807341839,4.073630137e-05,False
2023-07-17,51,lightgbm,"{'num_leaves': 7, 'learning_rate': 0.03, 'min_child_samples': 30}",0,0.2681127393,0.4181293501,0.3137579106,0.0005459514222,1,0.008190904398,4.073630137e-05,False
2023-07-18,51,lightgbm,"{'num_leaves': 7, 'learning_rate': 0.03, 'min_child_samples': 30}",0,0.3040909393,0.4590170648,0.2368919959,-0.0004642564644,-1,0.000417578621,4.073630137e-05,False
2023-07-19,51,lightgbm,"{'num_leaves': 7, 'learning_rate': 0.03, 'min_child_samples': 30}",0,0.3305220452,0.4749926037,0.1944853511,-0.001089324054,-1,-0.004381664936,4.073630137e-05,False
2023-07-20,51,lightgbm,"{'num_leaves': 7, 'learning_rate': 0.03, 'min_child_samples': 30}",0,0.2988063291,0.4913138375,0.2098798333,-0.000634755785,-1,-0.003921047801,4.073630137e-05,False
2023-07-21,51,lightgbm,"{'num_leaves': 7, 'learning_rate': 0.03, 'min_child_samples': 30}",0,0.3056022723,0.5118872318,0.1825104959,-0.0009325562259,-1,0.001830772,4.081050228e-05,False
2023-07-24,52,lightgbm,"{'num_leaves': 7, 'learning_rate': 0.03, 'min_child_samples': 30}",0,0.2758070825,0.4849686003,0.2392243171,-0.0001362536859,0,0.003348583391,4.08847032e-05,False
2023-07-25,52,lightgbm,"{'num_leaves': 7, 'learning_rate': 0.03, 'min_child_samples': 30}",0,0.2631386546,0.4633879161,0.2734734293,0.0002769656343,0,0.002288398642,4.08847032e-05,False
2023-07-26,52,lightgbm,"{'num_leaves': 7, 'learning_rate': 0.03, 'min_child_samples': 30}",0,0.2589677696,0.4563353623,0.284696868,0.0004125769978,0,-0.01422595716,4.08847032e-05,False
2023-07-27,52,lightgbm,"{'num_leaves': 7, 'learning_rate': 0.03, 'min_child_samples': 30}",0,0.2598155521,0.4886450994,0.2515393484,0.0001295989643,0,0.002281320916,4.08847032e-05,False
2023-07-28,52,lightgbm,"{'num_leaves': 7, 'learning_rate': 0.03, 'min_child_samples': 30}",0,0.2639203031,0.4974011103,0.2386785866,-1.887846382e-05,0,0.0008307750503,4.095890411e-05,False
2023-07-31,52,lightgbm,"{'num_leaves': 7, 'learning_rate': 0.03, 'min_child_samples': 30}",0,0.2810703663,0.5340417989,0.1848878348,-0.0006397052328,-1,0.0004603020096,4.118150685e-05,False
2023-08-01,52,lightgbm,"{'num_leaves': 7, 'learning_rate': 0.03, 'min_child_samples': 30}",0,0.2790665018,0.5085778487,0.2123556496,-0.0003919386994,0,-0.006883607424,4.110730594e-05,False
2023-08-02,52,lightgbm,"{'num_leaves': 7, 'learning_rate': 0.03, 'min_child_samples': 30}",0,0.248825521,0.4404615408,0.3107129383,0.0007317871965,1,0.001785527598,4.103310502e-05,False
2023-08-03,52,lightgbm,"{'num_leaves': 7, 'learning_rate': 0.03, 'min_child_samples': 30}",0,0.2661976115,0.4349134475,0.298888941,0.0004558399025,1,-0.008675017061,4.110730594e-05,False
2023-08-04,52,lightgbm,"{'num_leaves': 7, 'learning_rate': 0.03, 'min_child_samples': 30}",0,0.2567809121,0.4391730413,0.3040460466,0.0005950612296,1,0.004457221938,4.110730594e-05,False
2023-08-07,52,lightgbm,"{'num_leaves': 7, 'learning_rate': 0.03, 'min_child_samples': 30}",0,0.2502937815,0.4046140413,0.3450921772,0.001001122298,1,0.001495298675,4.125570776e-05,False
2023-08-08,52,lightgbm,"{'num_leaves': 7, 'learning_rate': 0.03, 'min_child_samples': 30}",0,0.264857717,0.4402059371,0.2949363459,0.0004368829251,0,-0.007304631596,4.132990868e-05,False
2023-08-09,52,lightgbm,"{'num_leaves': 7, 'learning_rate': 0.03, 'min_child_samples': 30}",0,0.2355814887,0.3787596028,0.3856589084,0.001487560277,1,-0.005087125543,4.118150685e-05,False
2023-08-10,52,lightgbm,"{'num_leaves': 7, 'learning_rate': 0.03, 'min_child_samples': 30}",0,0.2748951116,0.4165935906,0.3085112978,0.0004462516478,1,0.003784022865,4.110730594e-05,False
2023-08-11,52,lightgbm,"{'num_leaves': 7, 'learning_rate': 0.03, 'min_child_samples': 30}",0,0.2719294394,0.487032108,0.2410384526,-8.148465814e-05,0,0.007668030152,4.110730594e-05,False
2023-08-14,52,lightgbm,"{'num_leaves': 7, 'learning_rate': 0.03, 'min_child_samples': 30}",0,0.2514643112,0.5170122711,0.2315234177,4.965917753e-05,0,-0.007573833095,4.125570776e-05,False
2023-08-15,52,lightgbm,"{'num_leaves': 7, 'learning_rate': 0.03, 'min_child_samples': 30}",0,0.2559949403,0.4339039827,0.310101077,0.0006532090043,1,-0.006373405024,4.125570776e-05,False
2023-08-16,52,lightgbm,"{'num_leaves': 7, 'learning_rate': 0.03, 'min_child_samples': 30}",0,0.2465429879,0.3980629692,0.3553940429,0.001124802543,1,-0.01103906751,4.125570776e-05,False
2023-08-17,52,lightgbm,"{'num_leaves': 7, 'learning_rate': 0.03, 'min_child_samples': 30}",0,0.2560670706,0.4401060751,0.3038268543,0.0006005679185,1,0.007222477207,4.125570776e-05,False
2023-08-18,52,lightgbm,"{'num_leaves': 7, 'learning_rate': 0.03, 'min_child_samples': 30}",0,0.2651111428,0.4574933499,0.2773955074,0.0002891834179,0,0.004090980826,4.118150685e-05,False
2023-08-21,52,lightgbm,"{'num_leaves': 7, 'learning_rate': 0.03, 'min_child_samples': 30}",0,0.2459788328,0.4242592864,0.3297618807,0.0009185538691,1,-0.006867942352,4.132990868e-05,False
2023-08-22,53,lightgbm,"{'num_leaves': 7, 'learning_rate': 0.03, 'min_child_samples': 30}",0,0.301822858,0.385245382,0.31293176,0.0001869420487,0,0.008605575104,4.132990868e-05,False
2023-08-23,53,lightgbm,"{'num_leaves': 7, 'learning_rate': 0.03, 'min_child_samples': 30}",0,0.2605094918,0.4860328695,0.2534576387,0.0001205661974,0,-0.01754028162,4.132990868e-05,False
2023-08-24,53,lightgbm,"{'num_leaves': 7, 'learning_rate': 0.03, 'min_child_samples': 30}",0,0.2874364787,0.4203062906,0.2922572307,0.0001641239397,0,0.002940659551,4.140410959e-05,False
2023-08-25,53,lightgbm,"{'num_leaves': 7, 'learning_rate': 0.03, 'min_child_samples': 30}",0,0.3181351921,0.4352566064,0.2466082015,-0.0005266426324,-1,0.001175876237,4.162671233e-05,False
2023-08-28,53,lightgbm,"{'num_leaves': 7, 'learning_rate': 0.03, 'min_child_samples': 30}",0,0.2528143449,0.4465276186,0.3006580365,0.0005882769847,1,0.01470690138,4.140410959e-05,False
2023-08-29,53,lightgbm,"{'num_leaves': 7, 'learning_rate': 0.03, 'min_child_samples': 30}",0,0.2000337116,0.490070598,0.3098956903,0.001205486828,1,0.003336966855,4.125570776e-05,False
2023-08-30,53,lightgbm,"{'num_leaves': 7, 'learning_rate': 0.03, 'min_child_samples': 30}",0,0.2495414173,0.5779369162,0.1725216664,-0.0004337079888,0,-0.002878307909,4.125570776e-05,False
2023-08-31,53,lightgbm,"{'num_leaves': 7, 'learning_rate': 0.03, 'min_child_samples': 30}",0,0.2770667153,0.5076727215,0.2152605633,-0.0003638336861,0,-0.004369245398,4.125570776e-05,False
2023-09-01,53,lightgbm,"{'num_leaves': 7, 'learning_rate': 0.03, 'min_child_samples': 30}",0,0.2718444488,0.4823250686,0.2458304825,-5.847082522e-05,0,-0.003305794381,4.103310502e-05,False
2023-09-05,53,lightgbm,"{'num_leaves': 7, 'learning_rate': 0.03, 'min_child_samples': 30}",0,0.2804737457,0.5915497125,0.1279765418,-0.001117776057,-1,-0.004861714451,4.118150685e-05,False
2023-09-06,53,lightgbm,"{'num_leaves': 7, 'learning_rate': 0.03, 'min_child_samples': 30}",0,0.2711511071,0.5374645447,0.1913843482,-0.0004998694641,-1,0.003926837271,4.118150685e-05,False
2023-09-07,53,lightgbm,"{'num_leaves': 7, 'learning_rate': 0.03, 'min_child_samples': 30}",0,0.2834022867,0.4954267834,0.2211709299,-0.0003800993534,0,0.001393560754,4.103310502e-05,False
2023-09-08,53,lightgbm,"{'num_leaves': 7, 'learning_rate': 0.03, 'min_child_samples': 30}",0,0.2540505944,0.4568991234,0.2890502822,0.0004799824698,1,0.0004685480541,4.118150685e-05,False
2023-09-11,53,lightgbm,"{'num_leaves': 7, 'learning_rate': 0.03, 'min_child_samples': 30}",0,0.2932597034,0.4582817967,0.2484584999,-0.0002563740135,0,-0.002147940282,4.118150685e-05,False
2023-09-12,53,lightgbm,"{'num_leaves': 7, 'learning_rate': 0.03, 'min_child_samples': 30}",0,0.2742831319,0.4486573165,0.2770595516,0.0001737808723,0,0.0006499228203,4.125570776e-05,False
2023-09-13,53,lightgbm,"{'num_leaves': 7, 'learning_rate': 0.03, 'min_child_samples': 30}",0,0.2907680206,0.3936850048,0.3155469746,0.0003218207523,0,0.002872554505,4.118150685e-05,False
2023-09-14,53,lightgbm,"{'num_leaves': 7, 'learning_rate': 0.03, 'min_child_samples': 30}",0,0.240003545,0.4716262878,0.2883701672,0.0006183920065,1,-0.008431407352,4.118150685e-05,False
2023-09-15,53,lightgbm,"{'num_leaves': 7, 'learning_rate': 0.03, 'min_child_samples': 30}",0,0.2618420224,0.4727559213,0.2654020563,0.0002052985687,0,0.001309146102,4.125570776e-05,False
2023-09-18,53,lightgbm,"{'num_leaves': 7, 'learning_rate': 0.03, 'min_child_samples': 30}",0,0.3030903188,0.4333271179,0.2635825633,-0.0002325723147,0,6.776623798e-05,4.118150685e-05,False
2023-09-19,53,lightgbm,"{'num_leaves': 7, 'learning_rate': 0.03, 'min_child_samples': 30}",0,0.3235020155,0.4362072621,0.2402907225,-0.0006337049884,-1,-0.01209431099,4.110730594e-05,False
2023-09-20,53,lightgbm,"{'num_leaves': 7, 'learning_rate': 0.03, 'min_child_samples': 30}",0,0.2496984629,0.4555252689,0.2947762682,0.0005717695833,1,-0.00989212158,4.125570776e-05,False
2023-09-21,54,lightgbm,"{'num_leaves': 7, 'learning_rate': 0.03, 'min_child_samples': 30}",0,0.3210063661,0.3750200024,0.3039736315,-9.631413682e-05,0,-0.004694181514,4.132990868e-05,False
2023-09-22,54,lightgbm,"{'num_leaves': 7, 'learning_rate': 0.03, 'min_child_samples': 30}",0,0.2580749697,0.345631366,0.3962936643,0.001309027895,1,0.00713003572,4.125570776e-05,False
2023-09-25,54,lightgbm,"{'num_leaves': 7, 'learning_rate': 0.03, 'min_child_samples': 30}",0,0.3243544782,0.3621073434,0.3135381784,-5.180374404e-05,0,-0.007480928322,4.140410959e-05,False
2023-09-26,54,lightgbm,"{'num_leaves': 7, 'learning_rate': 0.03, 'min_child_samples': 30}",0,0.2661279815,0.3434586797,0.3904133388,0.00117808226,1,-0.002435103872,4.140410959e-05,False
2023-09-27,54,lightgbm,"{'num_leaves': 7, 'learning_rate': 0.03, 'min_child_samples': 30}",0,0.2731607994,0.3490265498,0.3778126508,0.001002214261,1,0.007144819841,4.140410959e-05,False
2023-09-28,54,lightgbm,"{'num_leaves': 7, 'learning_rate': 0.03, 'min_child_samples': 30}",0,0.2968421708,0.3683046602,0.334853169,0.0004056560943,0,-0.009706494245,4.125570776e-05,False
2023-09-29,54,lightgbm,"{'num_leaves': 7, 'learning_rate': 0.03, 'min_child_samples': 30}",0,0.2895241956,0.3535603557,0.3569154487,0.0006624049556,1,0.00161737034,4.118150685e-05,False
2023-10-02,54,lightgbm,"{'num_leaves': 7, 'learning_rate': 0.03, 'min_child_samples': 30}",0,0.2759852954,0.4039126117,0.3201020929,0.00049776846,1,-0.008163556381,4.170091324e-05,False
2023-10-03,54,lightgbm,"{'num_leaves': 7, 'learning_rate': 0.03, 'min_child_samples': 30}",0,0.2939270607,0.3705723547,0.3355005846,0.0004408525819,0,0.006136414097,4.170091324e-05,False
2023-10-04,54,lightgbm,"{'num_leaves': 7, 'learning_rate': 0.03, 'min_child_samples': 30}",0,0.293528559,0.329905004,0.376566437,0.000783301045,1,0.0003299430386,4.162671233e-05,False
2023-10-05,54,lightgbm,"{'num_leaves': 7, 'learning_rate': 0.03, 'min_child_samples': 30}",0,0.3240225163,0.3395673413,0.3364101424,0.0001400527032,0,0.01793968143,4.162671233e-05,False
2023-10-06,54,lightgbm,"{'num_leaves': 7, 'learning_rate': 0.03, 'min_child_samples': 30}",0,0.3583735021,0.4454975906,0.1961289073,-0.001367696192,-1,0.0110155343,4.177511416e-05,False
2023-10-09,54,lightgbm,"{'num_leaves': 7, 'learning_rate': 0.03, 'min_child_samples': 30}",0,0.2861408423,0.5370779043,0.1767812534,-0.0007871703593,-1,0.003695676238,4.177511416e-05,False
2023-10-10,54,lightgbm,"{'num_leaves': 7, 'learning_rate': 0.03, 'min_child_samples': 30}",0,0.3003737236,0.5020312047,0.1975950717,-0.0007614727379,-1,0.001560905105,4.162671233e-05,False
2023-10-11,54,lightgbm,"{'num_leaves': 7, 'learning_rate': 0.03, 'min_child_samples': 30}",0,0.2488860189,0.5906471199,0.1604668612,-0.0005399604639,-1,-0.007529485035,4.162671233e-05,False
2023-10-12,54,lightgbm,"{'num_leaves': 7, 'learning_rate': 0.03, 'min_child_samples': 30}",0,0.2757691786,0.4931918281,0.2310389933,-0.0002338621137,0,-0.008524600725,4.177511416e-05,False
2023-10-13,54,lightgbm,"{'num_leaves': 7, 'learning_rate': 0.03, 'min_child_samples': 30}",0,0.3088115426,0.4795682741,0.2116201833,-0.0007323474233,-1,0.005117332701,4.170091324e-05,False
2023-10-16,54,lightgbm,"{'num_leaves': 7, 'learning_rate': 0.03, 'min_child_samples': 30}",0,0.3004513199,0.4387899299,0.2607587502,-0.0002418240858,0,0.007416629515,4.162671233e-05,False
2023-10-17,54,lightgbm,"{'num_leaves': 7, 'learning_rate': 0.03, 'min_child_samples': 30}",0,0.2491953374,0.5385098035,0.2122948591,-0.0001160870357,0,-0.009166519058,4.170091324e-05,False
2023-10-18,54,lightgbm,"{'num_leaves': 7, 'learning_rate': 0.03, 'min_child_samples': 30}",0,0.2971676998,0.4331197738,0.2697125265,-0.0001344115217,0,-0.01048850063,4.162671233e-05,False
2023-10-19,54,lightgbm,"{'num_leaves': 7, 'learning_rate': 0.03, 'min_child_samples': 30}",0,0.2589902222,0.4514179953,0.2895917825,0.000420471172,0,-0.01124467915,4.155251142e-05,False
2023-10-20,55,lightgbm,"{'num_leaves': 7, 'learning_rate': 0.03, 'min_child_samples': 30}",0,0.2869580968,0.3713932778,0.3416486255,0.0005574823872,1,0.002025705203,4.140410959e-05,False
2023-10-23,55,lightgbm,"{'num_leaves': 7, 'learning_rate': 0.03, 'min_child_samples': 30}",0,0.268613117,0.3580396095,0.3733472735,0.001007518195,1,0.002318729469,4.140410959e-05,False
2023-10-24,55,lightgbm,"{'num_leaves': 7, 'learning_rate': 0.03, 'min_child_samples': 30}",0,0.3199617081,0.3298468657,0.3501914261,0.0002895067433,0,-0.01028710493,4.140410959e-05,False
2023-10-25,55,lightgbm,"{'num_leaves': 7, 'learning_rate': 0.03, 'min_child_samples': 30}",0,0.2977109556,0.3857209342,0.3165681102,0.0002399963773,0,-0.009364927985,4.14783105e-05,False
2023-10-26,55,lightgbm,"{'num_leaves': 7, 'learning_rate': 0.03, 'min_child_samples': 30}",0,0.2817904108,0.351263795,0.3669457942,0.0008194662903,1,-0.008474395272,4.14783105e-05,False
2023-10-27,55,lightgbm,"{'num_leaves': 7, 'learning_rate': 0.03, 'min_child_samples': 30}",0,0.2726998202,0.2952327447,0.4320674351,0.001450672316,1,0.004908595679,4.14783105e-05,False
2023-10-30,55,lightgbm,"{'num_leaves': 7, 'learning_rate': 0.03, 'min_child_samples': 30}",0,0.2808959396,0.3916860116,0.3274180487,0.0005021112569,1,0.004853716068,4.155251142e-05,False
2023-10-31,55,lightgbm,"{'num_leaves': 7, 'learning_rate': 0.03, 'min_child_samples': 30}",0,0.3096159391,0.465499352,0.2248847089,-0.0006395003611,-1,0.008253796301,4.14783105e-05,False
2023-11-01,55,lightgbm,"{'num_leaves': 7, 'learning_rate': 0.03, 'min_child_samples': 30}",0,0.2961179498,0.4088550454,0.2950270048,7.839064966e-05,0,0.009798920238,4.132990868e-05,False
2023-11-02,55,lightgbm,"{'num_leaves': 7, 'learning_rate': 0.03, 'min_child_samples': 30}",0,0.2624156083,0.6171876243,0.1203967674,-0.001018479572,-1,0.003578491285,4.110730594e-05,False
2023-11-03,55,lightgbm,"{'num_leaves': 7, 'learning_rate': 0.03, 'min_child_samples': 30}",0,0.2605978228,0.4749330752,0.264469102,0.0001903181985,0,0.0005052041061,4.103310502e-05,False
2023-11-06,55,lightgbm,"{'num_leaves': 7, 'learning_rate': 0.03, 'min_child_samples': 30}",0,0.2736990549,0.5111678604,0.2151330847,-0.0003516266533,0,0.002846037884,4.125570776e-05,False
2023-11-07,55,lightgbm,"{'num_leaves': 7, 'learning_rate': 0.03, 'min_child_samples': 30}",0,0.2623496696,0.5170170076,0.2206333228,-0.0001897701123,0,-0.0006856081405,4.118150685e-05,False
2023-11-08,55,lightgbm,"{'num_leaves': 7, 'learning_rate': 0.03, 'min_child_samples': 30}",0,0.2442303524,0.4384889313,0.3172807162,0.000794478789,1,-0.01046916605,4.110730594e-05,False
2023-11-09,55,lightgbm,"{'num_leaves': 7, 'learning_rate': 0.03, 'min_child_samples': 30}",0,0.2937538281,0.465741512,0.24050466,-0.0003477561632,0,0.01061969433,4.110730594e-05,False
2023-11-10,55,lightgbm,"{'num_leaves': 7, 'learning_rate': 0.03, 'min_child_samples': 30}",0,0.2560560004,0.6479404475,0.09600355202,-0.001154750916,-1,0.002185623578,4.103310502e-05,False
2023-11-13,55,lightgbm,"{'num_leaves': 7, 'learning_rate': 0.03, 'min_child_samples': 30}",0,0.2665490645,0.5098648484,0.2235860871,-0.0002084546891,0,0.005399721274,4.118150685e-05,False
2023-11-14,55,lightgbm,"{'num_leaves': 7, 'learning_rate': 0.03, 'min_child_samples': 30}",0,0.2492580043,0.6394803944,0.1112616012,-0.0009589745966,-1,-0.0009553059266,4.095890411e-05,False
2023-11-15,55,lightgbm,"{'num_leaves': 7, 'learning_rate': 0.03, 'min_child_samples': 30}",0,0.2587906511,0.6056585864,0.1355507624,-0.0008561113631,-1,0.00224836337,4.103310502e-05,False
2023-11-16,55,lightgbm,"{'num_leaves': 7, 'learning_rate': 0.03, 'min_child_samples': 30}",0,0.2674295236,0.5355284061,0.1970420703,-0.0004367608336,0,0.00122161149,4.08847032e-05,False
2023-11-17,55,lightgbm,"{'num_leaves': 7, 'learning_rate': 0.03, 'min_child_samples': 30}",0,0.2882152955,0.5187464521,0.1930382523,-0.0006830527513,-1,0.008279162342,4.081050228e-05,False
2023-11-20,56,lightgbm,"{'num_leaves': 7, 'learning_rate': 0.03, 'min_child_samples': 30}",0,0.235397814,0.4299165867,0.3346855993,0.001038379791,1,0.0001985885873,4.110730594e-05,False
2023-11-21,56,lightgbm,"{'num_leaves': 7, 'learning_rate': 0.03, 'min_child_samples': 30}",0,0.2466990435,0.5250475823,0.2282533742,4.560942798e-05,0,8.786759165e-05,4.103310502e-05,False
2023-11-22,56,lightgbm,"{'num_leaves': 7, 'learning_rate': 0.03, 'min_child_samples': 30}",0,0.2789477567,0.4381919622,0.282860281,0.0001638105797,0,0.0005053738466,2.21347032e-05,False
2023-11-24,56,lightgbm,"{'num_leaves': 7, 'learning_rate': 0.03, 'min_child_samples': 30}",0,0.2974121483,0.5372419882,0.1653458636,-0.0009938772026,-1,-0.0003738765573,4.110730594e-05,False
2023-11-27,56,lightgbm,"{'num_leaves': 7, 'learning_rate': 0.03, 'min_child_samples': 30}",0,0.2634725558,0.5659949443,0.1705325,-0.0006022305604,-1,0.001871930292,4.073630137e-05,False
2023-11-28,56,lightgbm,"{'num_leaves': 7, 'learning_rate': 0.03, 'min_child_samples': 30}",0,0.2305189563,0.3824694467,0.3870115971,0.001519499575,1,-0.00555618196,4.058789954e-05,False
2023-11-29,56,lightgbm,"{'num_leaves': 7, 'learning_rate': 0.03, 'min_child_samples': 30}",0,0.2148884333,0.4278426619,0.3572689048,0.001435232199,1,0.002019809819,4.043949772e-05,False
2023-11-30,56,lightgbm,"{'num_leaves': 7, 'learning_rate': 0.03, 'min_child_samples': 30}",0,0.2529632963,0.3674896765,0.3795470272,0.001227273096,1,0.007306354516,4.043949772e-05,False
2023-12-01,56,lightgbm,"{'num_leaves': 7, 'learning_rate': 0.03, 'min_child_samples': 30}",0,0.2274274999,0.2892316788,0.4833408213,0.002344657123,1,0.002392441495,4.029109589e-05,False
2023-12-04,56,lightgbm,"{'num_leaves': 7, 'learning_rate': 0.03, 'min_child_samples': 30}",0,0.2626354222,0.4927171447,0.2446474331,1.679200064e-05,0,0.00294336499,4.051369863e-05,False
2023-12-05,56,lightgbm,"{'num_leaves': 7, 'learning_rate': 0.03, 'min_child_samples': 30}",0,0.2450633898,0.4525265583,0.3024100518,0.0006731852943,1,-0.008827156715,4.043949772e-05,False
2023-12-06,56,lightgbm,"{'num_leaves': 7, 'learning_rate': 0.03, 'min_child_samples': 30}",0,0.2453121289,0.417663184,0.3370246871,0.0009557167386,1,0.002888987599,4.043949772e-05,False
2023-12-07,56,lightgbm,"{'num_leaves': 7, 'learning_rate': 0.03, 'min_child_samples': 30}",0,0.2262597282,0.3682995583,0.4054407135,0.001715071788,1,0.005989640209,4.03652968e-05,False
2023-12-08,56,lightgbm,"{'num_leaves': 7, 'learning_rate': 0.03, 'min_child_samples': 30}",0,0.2548237802,0.4857387194,0.2594375003,0.0002189147013,0,0.005003345311,4.03652968e-05,False
2023-12-11,56,lightgbm,"{'num_leaves': 7, 'learning_rate': 0.03, 'min_child_samples': 30}",0,0.25034332,0.4805217402,0.2691349398,0.0003448466376,0,0.005350607983,4.058789954e-05,False
2023-12-12,56,lightgbm,"{'num_leaves': 7, 'learning_rate': 0.03, 'min_child_samples': 30}",0,0.2407826789,0.4999626695,0.2592546516,0.0003617637243,0,0.01293894362,4.051369863e-05,False
2023-12-13,56,lightgbm,"{'num_leaves': 7, 'learning_rate': 0.03, 'min_child_samples': 30}",0,0.2582716984,0.5158566312,0.2258716704,-9.298362099e-05,0,-0.001037016167,4.03652968e-05,False
2023-12-14,56,lightgbm,"{'num_leaves': 7, 'learning_rate': 0.03, 'min_child_samples': 30}",0,0.2756746967,0.3533014269,0.3710238764,0.0009235824505,1,-0.000340803079,4.029109589e-05,False
2023-12-15,56,lightgbm,"{'num_leaves': 7, 'learning_rate': 0.03, 'min_child_samples': 30}",0,0.2453924697,0.2885325078,0.4660750226,0.002017758897,1,0.002101979429,4.03652968e-05,False
2023-12-18,56,lightgbm,"{'num_leaves': 7, 'learning_rate': 0.03, 'min_child_samples': 30}",0,0.2395053463,0.3685315608,0.3919630929,0.0014678924,1,0.004888573277,4.051369863e-05,False
2023-12-19,56,lightgbm,"{'num_leaves': 7, 'learning_rate': 0.03, 'min_child_samples': 30}",0,0.225221447,0.5460619201,0.2287166329,0.000270233606,0,-0.012026293,4.029109589e-05,False
2023-12-20,57,lightgbm,"{'num_leaves': 7, 'learning_rate': 0.03, 'min_child_samples': 30}",0,0.2858785211,0.535630125,0.1784913539,-0.0007516886069,-1,0.00290672294,4.03652968e-05,False
2023-12-21,57,lightgbm,"{'num_leaves': 7, 'learning_rate': 0.03, 'min_child_samples': 30}",0,0.3816110031,0.4237550509,0.194633946,-0.001600768966,-1,-0.0004431508728,4.021689498e-05,False
2023-12-22,57,lightgbm,"{'num_leaves': 7, 'learning_rate': 0.03, 'min_child_samples': 30}",0,0.3595241205,0.4268665789,0.2136093006,-0.001218724417,-1,0.003332812783,4.03652968e-05,False
2023-12-26,57,lightgbm,"{'num_leaves': 7, 'learning_rate': 0.03, 'min_child_samples': 30}",0,0.416276998,0.4140447052,0.1696782968,-0.002160817254,-1,0.002250562286,4.043949772e-05,False
2023-12-27,57,lightgbm,"{'num_leaves': 7, 'learning_rate': 0.03, 'min_child_samples': 30}",0,0.3356007594,0.4882835061,0.1761157345,-0.001280926809,-1,-0.0003984281493,4.03652968e-05,False
2023-12-28,57,lightgbm,"{'num_leaves': 7, 'learning_rate': 0.03, 'min_child_samples': 30}",0,0.3755782439,0.4816131783,0.1428085777,-0.001963915699,-1,-0.002476426926,4.043949772e-05,False
2023-12-29,57,lightgbm,"{'num_leaves': 7, 'learning_rate': 0.03, 'min_child_samples': 30}",0,0.3074117221,0.4505861293,0.2420021486,-0.0004516271947,-1,0.00103776319,4.006849315e-05,False
2024-01-02,57,lightgbm,"{'num_leaves': 7, 'learning_rate': 0.03, 'min_child_samples': 30}",0,0.2696516759,0.5009076066,0.2294407175,-0.0001675180936,0,-0.00348613864,4.051369863e-05,False
2024-01-03,57,lightgbm,"{'num_leaves': 7, 'learning_rate': 0.03, 'min_child_samples': 30}",0,0.2273303609,0.3916307888,0.3810388503,0.00150954783,1,-0.00217806742,4.066210046e-05,False
2024-01-04,57,lightgbm,"{'num_leaves': 7, 'learning_rate': 0.03, 'min_child_samples': 30}",0,0.2613405955,0.4857099425,0.2529494619,0.000110471853,0,0.0009198554094,4.066210046e-05,False
2024-01-05,57,lightgbm,"{'num_leaves': 7, 'learning_rate': 0.03, 'min_child_samples': 30}",0,0.2797232774,0.4984311525,0.2218455701,-0.0003330572435,0,0.01317168732,4.058789954e-05,False
2024-01-08,57,lightgbm,"{'num_leaves': 7, 'learning_rate': 0.03, 'min_child_samples': 30}",0,0.2831539799,0.5548240215,0.1620219987,-0.0008588136899,-1,0.004259668638,4.073630137e-05,False
2024-01-09,57,lightgbm,"{'num_leaves': 7, 'learning_rate': 0.03, 'min_child_samples': 30}",0,0.2878609283,0.5371017303,0.1750373414,-0.0008003371329,-1,0.005061569703,4.058789954e-05,False
2024-01-10,57,lightgbm,"{'num_leaves': 7, 'learning_rate': 0.03, 'min_child_samples': 30}",0,0.2347339077,0.5813582087,0.1839078837,-0.0001829310299,0,-0.002596348978,4.051369863e-05,False
2024-01-11,57,lightgbm,"{'num_leaves': 7, 'learning_rate': 0.03, 'min_child_samples': 30}",0,0.2510133396,0.5283292841,0.2206573763,-4.846417771e-05,0,-0.002427598434,4.051369863e-05,False
2024-01-12,57,lightgbm,"{'num_leaves': 7, 'learning_rate': 0.03, 'min_child_samples': 30}",0,0.2747822712,0.4509225136,0.2742952152,0.0001477129207,0,-0.0006943928303,4.043949772e-05,False
2024-01-16,57,lightgbm,"{'num_leaves': 7, 'learning_rate': 0.03, 'min_child_samples': 30}",0,0.2033296099,0.4337692808,0.3629011093,0.001606866735,1,0.0009961450731,4.043949772e-05,False
2024-01-17,57,lightgbm,"{'num_leaves': 7, 'learning_rate': 0.03, 'min_child_samples': 30}",0,0.2508478813,0.4744427583,0.2747093604,0.0003964866562,0,0.005231915801,4.058789954e-05,False
2024-01-18,57,lightgbm,"{'num_leaves': 7, 'learning_rate': 0.03, 'min_child_samples': 30}",0,0.283875438,0.4306550424,0.2854695196,0.0001461240931,0,0.01000732511,4.043949772e-05,False
2024-01-19,57,lightgbm,"{'num_leaves': 7, 'learning_rate': 0.03, 'min_child_samples': 30}",0,0.1915341118,0.6443935275,0.1640723607,9.729551913e-05,0,-0.001156995724,4.043949772e-05,False
2024-01-22,57,lightgbm,"{'num_leaves': 7, 'learning_rate': 0.03, 'min_child_samples': 30}",0,0.2384480739,0.5840516256,0.1775003005,-0.000273554532,0,0.00175611162,4.051369863e-05,False
2024-01-23,58,lightgbm,"{'num_leaves': 7, 'learning_rate': 0.03, 'min_child_samples': 30}",0,0.267804224,0.5861403727,0.1460554033,-0.0008154693547,-1,-0.004960912908,4.043949772e-05,False
2024-01-24,58,lightgbm,"{'num_leaves': 7, 'learning_rate': 0.03, 'min_child_samples': 30}",0,0.2344875795,0.471967524,0.2935448966,0.0007306574412,1,0.0009229505298,4.03652968e-05,False
2024-01-25,58,lightgbm,"{'num_leaves': 7, 'learning_rate': 0.03, 'min_child_samples': 30}",0,0.2739012592,0.4891345193,0.2369642215,-0.0001344657711,0,-0.0003691476343,4.03652968e-05,False
2024-01-26,58,lightgbm,"{'num_leaves': 7, 'learning_rate': 0.03, 'min_child_samples': 30}",0,0.2890893121,0.4665132469,0.244397441,-0.0002288025552,0,0.007258068876,4.03652968e-05,False
2024-01-29,58,lightgbm,"{'num_leaves': 7, 'learning_rate': 0.03, 'min_child_samples': 30}",0,0.2933424837,0.5415704366,0.1650870797,-0.0009206805331,-1,0.0006727355109,4.021689498e-05,False
2024-01-30,58,lightgbm,"{'num_leaves': 7, 'learning_rate': 0.03, 'min_child_samples': 30}",0,0.3685617448,0.4825596007,0.1488786545,-0.001821391274,-1,-0.01174735011,4.021689498e-05,False
2024-01-31,58,lightgbm,"{'num_leaves': 7, 'learning_rate': 0.03, 'min_child_samples': 30}",0,0.2488363088,0.3790261525,0.3721375387,0.00122669199,1,0.009429889476,4.021689498e-05,False
2024-02-01,58,lightgbm,"{'num_leaves': 7, 'learning_rate': 0.03, 'min_child_samples': 30}",0,0.1849012443,0.4013375587,0.413761197,0.002219955783,1,0.009598718036,4.021689498e-05,False
2024-02-02,58,lightgbm,"{'num_leaves': 7, 'learning_rate': 0.03, 'min_child_samples': 30}",0,0.2906397584,0.4891559226,0.220204319,-0.0004424397897,-1,-0.002329399358,4.029109589e-05,False
2024-02-05,58,lightgbm,"{'num_leaves': 7, 'learning_rate': 0.03, 'min_child_samples': 30}",0,0.2203546882,0.5925843107,0.1870610011,4.379661098e-06,0,0.0009321243875,4.021689498e-05,False
2024-02-06,58,lightgbm,"{'num_leaves': 7, 'learning_rate': 0.03, 'min_child_samples': 30}",0,0.2446173811,0.6345190933,0.1208635257,-0.0007846382746,-1,0.003647056246,4.03652968e-05,False
2024-02-07,58,lightgbm,"{'num_leaves': 7, 'learning_rate': 0.03, 'min_child_samples': 30}",0,0.2286976366,0.5446202567,0.2266821067,0.0002431179967,0,0.0004416807419,4.029109589e-05,False
2024-02-08,58,lightgbm,"{'num_leaves': 7, 'learning_rate': 0.03, 'min_child_samples': 30}",0,0.3111591986,0.5202910103,0.1685497911,-0.001074325895,-1,0.004731007722,4.03652968e-05,False
2024-02-09,58,lightgbm,"{'num_leaves': 7, 'learning_rate': 0.03, 'min_child_samples': 30}",0,0.2657153814,0.5535843732,0.1807002454,-0.0005108803636,-1,-0.0003791176498,4.03652968e-05,False
2024-02-12,58,lightgbm,"{'num_leaves': 7, 'learning_rate': 0.03, 'min_child_samples': 30}",0,0.2846062909,0.4665561717,0.2488375373,-0.0001467166345,0,-0.0009099797242,4.029109589e-05,False
2024-02-13,58,lightgbm,"{'num_leaves': 7, 'learning_rate': 0.03, 'min_child_samples': 30}",0,0.2594531602,0.4729161393,0.2676307005,0.0002638173084,0,0.003583000385,4.043949772e-05,False
2024-02-14,58,lightgbm,"{'num_leaves': 7, 'learning_rate': 0.03, 'min_child_samples': 30}",0,0.2708318666,0.5120135677,0.2171545656,-0.000265082819,0,0.005447738078,4.029109589e-05,False
2024-02-15,58,lightgbm,"{'num_leaves': 7, 'learning_rate': 0.03, 'min_child_samples': 30}",0,0.2271266902,0.5893533252,0.1835199845,-9.37320219e-05,0,-0.004365163092,4.029109589e-05,False
2024-02-16,58,lightgbm,"{'num_leaves': 7, 'learning_rate': 0.03, 'min_child_samples': 30}",0,0.2501583595,0.5337385876,0.2161030528,-6.254797306e-05,0,-0.001928778175,4.03652968e-05,False
2024-02-20,58,lightgbm,"{'num_leaves': 7, 'learning_rate': 0.03, 'min_child_samples': 30}",0,0.2794437574,0.4352761688,0.2852800737,0.0002039609462,0,0.00361305153,4.03652968e-05,False
2024-02-21,58,lightgbm,"{'num_leaves': 7, 'learning_rate': 0.03, 'min_child_samples': 30}",0,0.266814168,0.4469083912,0.2862774408,0.0003410974412,0,0.006924446385,4.03652968e-05,False
2024-02-22,59,lightgbm,"{'num_leaves': 7, 'learning_rate': 0.03, 'min_child_samples': 30}",0,0.2159381535,0.674817725,0.1092441215,-0.0005712665742,-1,-0.002788271205,4.043949772e-05,False
2024-02-23,59,lightgbm,"{'num_leaves': 7, 'learning_rate': 0.03, 'min_child_samples': 30}",0,0.2198595147,0.6367464306,0.1433940547,-0.0003332168559,0,-0.004544555539,4.051369863e-05,False
2024-02-26,59,lightgbm,"{'num_leaves': 7, 'learning_rate': 0.03, 'min_child_samples': 30}",0,0.2643282021,0.547031743,0.1886400549,-0.0004181452946,0,0.0004538789774,4.058789954e-05,False
2024-02-27,59,lightgbm,"{'num_leaves': 7, 'learning_rate': 0.03, 'min_child_samples': 30}",0,0.2367086172,0.6269770494,0.1363143335,-0.0005626032795,-1,0.001840427454,4.043949772e-05,False
2024-02-28,59,lightgbm,"{'num_leaves': 7, 'learning_rate': 0.03, 'min_child_samples': 30}",0,0.222837228,0.5448788797,0.2322838923,0.0003601005244,0,1.964164165e-05,4.043949772e-05,False
2024-02-29,59,lightgbm,"{'num_leaves': 7, 'learning_rate': 0.03, 'min_child_samples': 30}",0,0.2370594383,0.4835422236,0.2793983382,0.0005986967182,1,0.007603372525,4.043949772e-05,False
2024-03-01,59,lightgbm,"{'num_leaves': 7, 'learning_rate': 0.03, 'min_child_samples': 30}",0,0.2678707942,0.5113181558,0.2208110499,-0.0001923455845,0,0.0005272317852,4.021689498e-05,False
2024-03-04,59,lightgbm,"{'num_leaves': 7, 'learning_rate': 0.03, 'min_child_samples': 30}",0,0.3214877206,0.5174793411,0.1610329383,-0.001225548016,-1,-0.005997172995,4.066210046e-05,False
2024-03-05,59,lightgbm,"{'num_leaves': 7, 'learning_rate': 0.03, 'min_child_samples': 30}",0,0.2130790496,0.2881992579,0.4987216925,0.002628693584,1,-0.001566913892,4.058789954e-05,False
2024-03-06,59,lightgbm,"{'num_leaves': 7, 'learning_rate': 0.03, 'min_child_samples': 30}",0,0.2047900216,0.2833184613,0.5118915171,0.002820404858,1,0.003254438944,4.058789954e-05,False
2024-03-07,59,lightgbm,"{'num_leaves': 7, 'learning_rate': 0.03, 'min_child_samples': 30}",0,0.2591533567,0.5140189747,0.2268276687,-5.450308419e-05,0,-0.007255695032,4.058789954e-05,False
2024-03-08,59,lightgbm,"{'num_leaves': 7, 'learning_rate': 0.03, 'min_child_samples': 30}",0,0.2306121048,0.45455633,0.3148315652,0.0009528858328,1,0.001567128577,4.051369863e-05,False
2024-03-11,59,lightgbm,"{'num_leaves': 7, 'learning_rate': 0.03, 'min_child_samples': 30}",0,0.2482039765,0.3974433897,0.3543526338,0.001095314623,1,0.006485572137,4.066210046e-05,False
2024-03-12,59,lightgbm,"{'num_leaves': 7, 'learning_rate': 0.03, 'min_child_samples': 30}",0,0.2456650187,0.5886450327,0.1656899486,-0.0004147462372,0,-0.002204588414,4.066210046e-05,False
2024-03-13,59,lightgbm,"{'num_leaves': 7, 'learning_rate': 0.03, 'min_child_samples': 30}",0,0.239548859,0.5211413437,0.2393097974,0.0002469521758,0,-0.003907303346,4.066210046e-05,False
2024-03-14,59,lightgbm,"{'num_leaves': 7, 'learning_rate': 0.03, 'min_child_samples': 30}",0,0.2608295335,0.48724746,0.2519230065,0.0001327173011,0,-0.0007448008095,4.066210046e-05,False
2024-03-15,59,lightgbm,"{'num_leaves': 7, 'learning_rate': 0.03, 'min_child_samples': 30}",0,0.2731052504,0.4433130395,0.2835817101,0.0002653264562,0,-0.002217927268,4.066210046e-05,False
2024-03-18,59,lightgbm,"{'num_leaves': 7, 'learning_rate': 0.03, 'min_child_samples': 30}",0,0.2427819346,0.5010696791,0.2561483863,0.0003510826557,0,0.006951083398,4.066210046e-05,False
2024-03-19,59,lightgbm,"{'num_leaves': 7, 'learning_rate': 0.03, 'min_child_samples': 30}",0,0.2137685878,0.6572080834,0.1290233288,-0.0003881248522,0,0.009131901431,4.066210046e-05,False
2024-03-20,59,lightgbm,"{'num_leaves': 7, 'learning_rate': 0.03, 'min_child_samples': 30}",0,0.1893562965,0.708695097,0.1019486066,-0.0003597024051,0,-0.002273643836,4.058789954e-05,False
2024-03-21,59,lightgbm,"{'num_leaves': 7, 'learning_rate': 0.03, 'min_child_samples': 30}",0,0.2164095065,0.6458200179,0.1377704757,-0.0003438323825,0,-0.001723704599,4.066210046e-05,False
2024-03-22,60,logistic,"{'C': 0.01, 'class_weight': 'balanced'}",0,0.2606543002,0.4217428959,0.3176028039,0.0006692794715,1,-5.765349829e-05,4.051369863e-05,False
2024-03-25,60,logistic,"{'C': 0.01, 'class_weight': 'balanced'}",0,0.2531214793,0.4513361681,0.2955423526,0.0005658341004,1,-0.004642831278,4.051369863e-05,False
2024-03-26,60,logistic,"{'C': 0.01, 'class_weight': 'balanced'}",0,0.2242536739,0.4659049349,0.3098413912,0.0009750513075,1,0.002798414442,4.051369863e-05,False
2024-03-27,60,logistic,"{'C': 0.01, 'class_weight': 'balanced'}",0,0.2332707077,0.4434990228,0.3232302695,0.0009927677198,1,-0.0002676068811,4.043949772e-05,False
2024-03-28,60,logistic,"{'C': 0.01, 'class_weight': 'balanced'}",0,0.2300973649,0.4179916341,0.351911001,0.001258715509,1,-0.003188140958,4.051369863e-05,False
2024-04-01,60,logistic,"{'C': 0.01, 'class_weight': 'balanced'}",0,0.3246879772,0.3724174567,0.3028945662,-9.978991136e-05,0,0.001157835559,4.03652968e-05,False
2024-04-02,60,logistic,"{'C': 0.01, 'class_weight': 'balanced'}",0,0.2849212186,0.4366258996,0.2784528819,0.0001041477683,0,0.003264317554,4.021689498e-05,False
2024-04-03,60,logistic,"{'C': 0.01, 'class_weight': 'balanced'}",0,0.2817050946,0.4594617971,0.2588331082,-2.316700794e-05,0,-0.01996105559,4.021689498e-05,False
2024-04-04,60,logistic,"{'C': 0.01, 'class_weight': 'balanced'}",0,0.3413217301,0.3625756439,0.2961026259,-0.0003237863033,0,0.007716772009,4.014269406e-05,False
2024-04-05,60,logistic,"{'C': 0.01, 'class_weight': 'balanced'}",0,0.3596234594,0.4012934657,0.2390830749,-0.0009740969654,-1,-0.0008283804773,4.029109589e-05,False
2024-04-08,60,logistic,"{'C': 0.01, 'class_weight': 'balanced'}",0,0.3091492595,0.4370931847,0.2537575558,-0.0003427707168,0,-0.002267036852,4.029109589e-05,False
2024-04-09,60,logistic,"{'C': 0.01, 'class_weight': 'balanced'}",0,0.2899128847,0.4018660481,0.3082210672,0.000296181301,0,0.001246425733,4.029109589e-05,False
2024-04-10,60,logistic,"{'C': 0.01, 'class_weight': 'balanced'}",0,0.3667994916,0.3610476778,0.2721528305,-0.000777297837,-1,0.004498928313,4.043949772e-05,False
2024-04-11,60,logistic,"{'C': 0.01, 'class_weight': 'balanced'}",0,0.3267933511,0.4238461883,0.2493604606,-0.0005574897455,-1,-0.006843301453,4.043949772e-05,False
2024-04-12,60,logistic,"{'C': 0.01, 'class_weight': 'balanced'}",0,0.3511347992,0.3537646649,0.2951005359,-0.0004314406598,0,-0.02073261618,4.043949772e-05,False
2024-04-15,60,logistic,"{'C': 0.01, 'class_weight': 'balanced'}",0,0.4072192232,0.3120120633,0.2807687135,-0.00111685119,-1,-0.002792418104,4.043949772e-05,False
2024-04-16,60,logistic,"{'C': 0.01, 'class_weight': 'balanced'}",0,0.3738986139,0.3742806452,0.2518207409,-0.001014996174,-1,-0.0108684914,4.043949772e-05,False
2024-04-17,60,logistic,"{'C': 0.01, 'class_weight': 'balanced'}",0,0.3678018808,0.2754926768,0.3567054424,-9.827384599e-05,0,-0.004900637354,4.043949772e-05,False
2024-04-18,60,logistic,"{'C': 0.01, 'class_weight': 'balanced'}",0,0.3913850783,0.2792310947,0.329383827,-0.0005600616347,-1,-0.008569595376,4.051369863e-05,False
2024-04-19,60,logistic,"{'C': 0.01, 'class_weight': 'balanced'}",0,0.3612846882,0.2916743347,0.3470409771,-0.0001109764135,0,0.003796506231,4.043949772e-05,False
2024-04-22,60,logistic,"{'C': 0.01, 'class_weight': 'balanced'}",0,0.3153365353,0.3639291761,0.3207342886,0.0001404275487,0,0.007712533589,4.021689498e-05,False
2024-04-23,61,logistic,"{'C': 0.01, 'class_weight': 'balanced'}",0,0.2605437771,0.4304533541,0.3090028688,0.0005739431777,1,-0.002270202763,4.043949772e-05,False
2024-04-24,61,logistic,"{'C': 0.01, 'class_weight': 'balanced'}",0,0.2329654983,0.5274614105,0.2395730912,0.0002894283584,0,0.008634155268,4.051369863e-05,False
2024-04-25,61,logistic,"{'C': 0.01, 'class_weight': 'balanced'}",0,0.2911277317,0.4357237913,0.273148477,-2.797296099e-05,0,0.003772101558,4.058789954e-05,False
2024-04-26,61,logistic,"{'C': 0.01, 'class_weight': 'balanced'}",0,0.2814322847,0.4586973484,0.2598703669,-3.750871697e-05,0,-5.881077926e-05,4.051369863e-05,False
2024-04-29,61,logistic,"{'C': 0.01, 'class_weight': 'balanced'}",0,0.2349824609,0.5083841765,0.2566333626,0.0004076497507,0,-0.01293846672,4.043949772e-05,False
2024-04-30,61,logistic,"{'C': 0.01, 'class_weight': 'balanced'}",0,0.2773673033,0.3821129479,0.3405197488,0.0006594023375,1,-0.002054327724,4.051369863e-05,False
2024-05-01,61,logistic,"{'C': 0.01, 'class_weight': 'balanced'}",0,0.3085057438,0.2651109825,0.4263832737,0.001041381381,1,0.001745521999,4.051369863e-05,False
2024-05-02,61,logistic,"{'C': 0.01, 'class_weight': 'balanced'}",0,0.2171764276,0.41599225,0.3668313225,0.001484254397,1,0.0002543330536,4.051369863e-05,False
2024-05-03,61,logistic,"{'C': 0.01, 'class_weight': 'balanced'}",0,0.1892895581,0.4536374069,0.357073035,0.001687979791,1,0.005489065295,4.043949772e-05,False
2024-05-06,61,logistic,"{'C': 0.01, 'class_weight': 'balanced'}",0,0.1860845958,0.5329194617,0.2809959425,0.001102031074,1,-0.0008114671472,4.043949772e-05,False
2024-05-07,61,logistic,"{'C': 0.01, 'class_weight': 'balanced'}",0,0.1992005669,0.4953824364,0.3054169967,0.001167436055,1,0.003745667442,4.043949772e-05,False
2024-05-08,61,logistic,"{'C': 0.01, 'class_weight': 'balanced'}",0,0.1991213108,0.5489828056,0.2518958836,0.0007331329304,1,0.005392512378,4.043949772e-05,False
2024-05-09,61,logistic,"{'C': 0.01, 'class_weight': 'balanced'}",0,0.1825232753,0.5660945932,0.2513821315,0.0008974293883,1,-0.001858858155,4.051369863e-05,False
2024-05-10,61,logistic,"{'C': 0.01, 'class_weight': 'balanced'}",0,0.1879549499,0.5880718634,0.2239731867,0.000619471943,1,-0.003157578991,4.058789954e-05,False
2024-05-13,61,logistic,"{'C': 0.01, 'class_weight': 'balanced'}",0,0.1951801845,0.567631273,0.2371885425,0.000653570633,1,0.00420257238,4.043949772e-05,False
2024-05-14,61,logistic,"{'C': 0.01, 'class_weight': 'balanced'}",0,0.1920930275,0.5483071033,0.2595998692,0.0008671019438,1,0.00751195651,4.03652968e-05,False
2024-05-15,61,logistic,"{'C': 0.01, 'class_weight': 'balanced'}",0,0.1660372904,0.5963447426,0.237617967,0.0009528673767,1,-0.002245795952,4.043949772e-05,False
2024-05-16,61,logistic,"{'C': 0.01, 'class_weight': 'balanced'}",0,0.193320601,0.5762067927,0.2304726063,0.0006178475754,1,0.00121029234,4.043949772e-05,False
2024-05-17,61,logistic,"{'C': 0.01, 'class_weight': 'balanced'}",0,0.1827127599,0.5658026798,0.2514845603,0.0008963387942,1,0.0009252606648,4.051369863e-05,False
2024-05-20,61,logistic,"{'C': 0.01, 'class_weight': 'balanced'}",0,0.1836499109,0.6002172528,0.2161328363,0.0005994296152,1,0.00392978381,4.043949772e-05,False
2024-05-21,61,logistic,"{'C': 0.01, 'class_weight': 'balanced'}",0,0.1657818187,0.6243332737,0.2098849077,0.0007300005663,1,-0.001545288413,4.043949772e-05,False
2024-05-22,62,logistic,"{'C': 0.01, 'class_weight': 'balanced'}",0,0.1973130776,0.5555491322,0.2471377902,0.0007191430586,1,-0.0131341934,4.043949772e-05,False
2024-05-23,62,logistic,"{'C': 0.01, 'class_weight': 'balanced'}",0,0.2081650133,0.5113099186,0.2805250681,0.0008792246061,1,0.003012270415,4.051369863e-05,False
2024-05-24,62,logistic,"{'C': 0.01, 'class_weight': 'balanced'}",0,0.1906389357,0.563976213,0.2453848513,0.0007726577418,1,-0.0008675241439,4.051369863e-05,False
2024-05-28,62,logistic,"{'C': 0.01, 'class_weight': 'balanced'}",0,0.2072011341,0.5744180932,0.2183807727,0.0003861528177,0,0.000798932746,4.051369863e-05,False
2024-05-29,62,logistic,"{'C': 0.01, 'class_weight': 'balanced'}",0,0.2319793463,0.5491584187,0.218862235,0.0001387120891,0,-0.003641489609,4.051369863e-05,False
2024-05-30,62,logistic,"{'C': 0.01, 'class_weight': 'balanced'}",0,0.2447001314,0.4669457578,0.2883541108,0.0005719822228,1,0.007219328305,4.051369863e-05,False
2024-05-31,62,logistic,"{'C': 0.01, 'class_weight': 'balanced'}",0,0.2103097095,0.4133964112,0.3762938792,0.001632396086,1,-0.002306210957,4.051369863e-05,False
2024-06-03,62,logistic,"{'C': 0.01, 'class_weight': 'balanced'}",0,0.2086716165,0.4135162532,0.3778121303,0.001661297131,1,0.003665981408,4.095890411e-05,False
2024-06-04,62,logistic,"{'C': 0.01, 'class_weight': 'balanced'}",0,0.1719932812,0.4651814645,0.3628252544,0.00191207367,1,0.007347746045,4.095890411e-05,False
2024-06-05,62,logistic,"{'C': 0.01, 'class_weight': 'balanced'}",0,0.1540388108,0.4686181887,0.3773430005,0.00221166621,1,-0.0005981668449,4.08847032e-05,False
2024-06-06,62,logistic,"{'C': 0.01, 'class_weight': 'balanced'}",0,0.1424910371,0.5484648121,0.3090441508,0.001776151225,1,0.0006559170261,4.08847032e-05,False
2024-06-07,62,logistic,"{'C': 0.01, 'class_weight': 'balanced'}",0,0.1975294738,0.5237766639,0.2786938623,0.000972288218,1,0.004651300797,4.095890411e-05,False
2024-06-10,62,logistic,"{'C': 0.01, 'class_weight': 'balanced'}",0,0.1967562671,0.6066011237,0.1966426092,0.0003162025518,0,0.005392560765,4.095890411e-05,False
2024-06-11,62,logistic,"{'C': 0.01, 'class_weight': 'balanced'}",0,0.1807949795,0.6303415851,0.1888634354,0.0004151588446,0,-0.0004985314069,4.095890411e-05,False
2024-06-12,62,logistic,"{'C': 0.01, 'class_weight': 'balanced'}",0,0.2107419347,0.5328371742,0.2564208912,0.0006580435741,1,-0.001288800786,4.08847032e-05,False
2024-06-13,62,logistic,"{'C': 0.01, 'class_weight': 'balanced'}",0,0.1691390191,0.5866257055,0.2442352754,0.0009814391136,1,0.003512839057,4.08847032e-05,False
2024-06-14,62,logistic,"{'C': 0.01, 'class_weight': 'balanced'}",0,0.1572227983,0.5637321801,0.2790450216,0.001383978398,1,0.009260548721,4.08847032e-05,False
2024-06-17,62,logistic,"{'C': 0.01, 'class_weight': 'balanced'}",0,0.1882696221,0.5405772099,0.271153168,0.001005198524,1,0.002430764612,4.095890411e-05,False
2024-06-18,62,logistic,"{'C': 0.01, 'class_weight': 'balanced'}",0,0.1534846267,0.5913755358,0.2551398375,0.00122846437,1,-0.004440889584,4.081050228e-05,False
2024-06-20,62,logistic,"{'C': 0.01, 'class_weight': 'balanced'}",0,0.1992629489,0.504007134,0.2967299171,0.001100645942,1,0.000202030317,4.081050228e-05,False
2024-06-21,62,logistic,"{'C': 0.01, 'class_weight': 'balanced'}",0,0.1987809242,0.5198023569,0.2814167189,0.0009816265506,1,-0.002921071504,4.073630137e-05,False
2024-06-24,63,logistic,"{'C': 0.01, 'class_weight': 'balanced'}",0,0.203963026,0.5370326805,0.2590042936,0.0007524773064,1,0.001544195416,4.081050228e-05,False
2024-06-25,63,logistic,"{'C': 0.01, 'class_weight': 'balanced'}",0,0.1816614535,0.5656174512,0.2527210952,0.0009277514614,1,0.003347509106,4.073630137e-05,False
2024-06-26,63,logistic,"{'C': 0.01, 'class_weight': 'balanced'}",0,0.1791406715,0.6031294326,0.2177298959,0.0006715354493,1,0.001833617597,4.081050228e-05,False
2024-06-27,63,logistic,"{'C': 0.01, 'class_weight': 'balanced'}",0,0.1774303597,0.5974603966,0.2251092437,0.0007482749944,1,-0.005373204581,4.073630137e-05,False
2024-06-28,63,logistic,"{'C': 0.01, 'class_weight': 'balanced'}",0,0.211727062,0.5058542711,0.2824186669,0.0008623751188,1,-0.0005314554135,4.066210046e-05,False
2024-07-01,63,logistic,"{'C': 0.01, 'class_weight': 'balanced'}",0,0.2342482212,0.5423719307,0.2233798481,0.0001589100202,0,0.009766410593,4.058789954e-05,False
2024-07-02,63,logistic,"{'C': 0.01, 'class_weight': 'balanced'}",0,0.2104757111,0.6141818596,0.1753424293,1.288031096e-05,0,0.005048423497,2.185502283e-05,False
2024-07-03,63,logistic,"{'C': 0.01, 'class_weight': 'balanced'}",0,0.2134439669,0.5797843139,0.2067717193,0.0002358842232,0,0.005201433678,4.058789954e-05,False
2024-07-05,63,logistic,"{'C': 0.01, 'class_weight': 'balanced'}",0,0.1987104562,0.5721805846,0.2291089592,0.0005649597464,1,-0.0002880115357,4.051369863e-05,False
2024-07-08,63,logistic,"{'C': 0.01, 'class_weight': 'balanced'}",0,0.1623653505,0.6045739389,0.2330607106,0.0009648749165,1,-0.0007910013863,4.051369863e-05,False
2024-07-09,63,logistic,"{'C': 0.01, 'class_weight': 'balanced'}",0,0.1820033485,0.5452821077,0.2727145439,0.001085274268,1,0.00762920259,4.051369863e-05,False
2024-07-10,63,logistic,"{'C': 0.01, 'class_weight': 'balanced'}",0,0.1718576173,0.5889375717,0.239204811,0.0009182108659,1,-0.008834464966,4.051369863e-05,False
2024-07-11,63,logistic,"{'C': 0.01, 'class_weight': 'balanced'}",0,0.1843205597,0.4873977552,0.3282816851,0.001509227639,1,0.004232170712,4.03652968e-05,False
2024-07-12,63,logistic,"{'C': 0.01, 'class_weight': 'balanced'}",0,0.1732370238,0.5576933726,0.2690696036,0.001144709135,1,-0.0008896322095,4.029109589e-05,False
2024-07-15,63,logistic,"{'C': 0.01, 'class_weight': 'balanced'}",0,0.1942901725,0.5411071451,0.2646026824,0.0008955197717,1,0.00353543493,4.029109589e-05,False
2024-07-16,63,logistic,"{'C': 0.01, 'class_weight': 'balanced'}",0,0.1821130511,0.5527000299,0.265186919,0.001023551463,1,-0.003328534983,4.029109589e-05,False
2024-07-17,63,logistic,"{'C': 0.01, 'class_weight': 'balanced'}",0,0.2635093663,0.3568921153,0.3795985184,0.001120417637,1,-0.01047436319,4.029109589e-05,False
2024-07-18,63,logistic,"{'C': 0.01, 'class_weight': 'balanced'}",0,0.2806092654,0.4063108254,0.3130799092,0.0004116313872,0,-0.006209030799,4.029109589e-05,False
2024-07-19,63,logistic,"{'C': 0.01, 'class_weight': 'balanced'}",0,0.3381444243,0.3269757326,0.334879843,4.457814323e-06,0,0.002983769196,4.029109589e-05,False
2024-07-22,63,logistic,"{'C': 0.01, 'class_weight': 'balanced'}",0,0.2418154645,0.467749295,0.2904352405,0.0006221944738,1,-0.001370412986,4.029109589e-05,False
2024-07-23,63,logistic,"{'C': 0.01, 'class_weight': 'balanced'}",0,0.253883324,0.4450427968,0.3010738792,0.0005856349491,1,-0.01390155053,4.014269406e-05,False
2024-07-24,64,logistic,"{'C': 0.01, 'class_weight': 'balanced'}",0,0.3091482146,0.376713224,0.3141385613,0.0001231479946,0,-0.005430872014,4.006849315e-05,False
2024-07-25,64,logistic,"{'C': 0.01, 'class_weight': 'balanced'}",0,0.3203762521,0.3428715066,0.3367522414,0.0001904555864,0,0.003983132401,3.999429224e-05,False
2024-07-26,64,logistic,"{'C': 0.01, 'class_weight': 'balanced'}",0,0.3292307147,0.3814144164,0.2893548689,-0.0002785145643,0,-0.002307625462,3.992009132e-05,False
2024-07-29,64,logistic,"{'C': 0.01, 'class_weight': 'balanced'}",0,0.2874782507,0.3809201932,0.3316015561,0.0004822935226,1,-0.007798501971,4.014269406e-05,False
2024-07-30,64,logistic,"{'C': 0.01, 'class_weight': 'balanced'}",0,0.2816241164,0.3674900631,0.3508858205,0.0006958953638,1,0.003333485837,4.006849315e-05,False
2024-07-31,64,logistic,"{'C': 0.01, 'class_weight': 'balanced'}",0,0.2269195988,0.406184724,0.3668956772,0.001377853251,1,-0.01730097075,4.014269406e-05,False
2024-08-01,64,logistic,"{'C': 0.01, 'class_weight': 'balanced'}",0,0.2498336676,0.3150331556,0.4351331768,0.001691984928,1,-0.005319599848,3.984589041e-05,False
2024-08-02,64,logistic,"{'C': 0.01, 'class_weight': 'balanced'}",0,0.2394830761,0.3621956186,0.3983213053,0.001502164041,1,0.01121880648,3.925228311e-05,False
2024-08-05,64,logistic,"{'C': 0.01, 'class_weight': 'balanced'}",0,0.3378090635,0.2105579269,0.4516330097,0.0009333718708,1,0.005643183758,3.969748858e-05,False
2024-08-06,64,logistic,"{'C': 0.01, 'class_weight': 'balanced'}",0,0.325917508,0.2432991298,0.4307833622,0.000886899528,1,-0.018563018,3.962328767e-05,False
2024-08-07,64,logistic,"{'C': 0.01, 'class_weight': 'balanced'}",0,0.2766939196,0.2915477945,0.4317582859,0.001393041873,1,0.01286490343,3.962328767e-05,False
2024-08-08,64,logistic,"{'C': 0.01, 'class_weight': 'balanced'}",0,0.2527142247,0.4677612211,0.2795245542,0.0004174655088,0,0.00600213793,3.962328767e-05,False
2024-08-09,64,logistic,"{'C': 0.01, 'class_weight': 'balanced'}",0,0.2459452408,0.5527337442,0.201321015,-0.0001398786534,0,-0.001759612217,3.954908676e-05,False
2024-08-12,64,logistic,"{'C': 0.01, 'class_weight': 'balanced'}",0,0.2494893073,0.5354118171,0.2150988756,-6.549274086e-05,0,0.01026959995,3.954908676e-05,False
2024-08-13,64,logistic,"{'C': 0.01, 'class_weight': 'balanced'}",0,0.2144743933,0.5682481083,0.2172774984,0.0003064342669,0,0.001657961524,3.947488584e-05,False
2024-08-14,64,logistic,"{'C': 0.01, 'class_weight': 'balanced'}",0,0.1824786429,0.5862236307,0.2312977264,0.0007425651946,1,0.006496828571,3.947488584e-05,False
2024-08-15,64,logistic,"{'C': 0.01, 'class_weight': 'balanced'}",0,0.1774511537,0.5910187373,0.231530109,0.0007953233146,1,0.005241040861,3.962328767e-05,False
2024-08-16,64,logistic,"{'C': 0.01, 'class_weight': 'balanced'}",0,0.1704231904,0.6304265841,0.1991502255,0.0006073339132,1,0.008797081569,3.954908676e-05,False
2024-08-19,64,logistic,"{'C': 0.01, 'class_weight': 'balanced'}",0,0.1502891532,0.6364811749,0.2132296719,0.0009238507192,1,-0.000804814793,3.940068493e-05,False
2024-08-20,64,logistic,"{'C': 0.01, 'class_weight': 'balanced'}",0,0.2020292304,0.5689858753,0.2289848943,0.0005261250257,1,0.00151843726,3.925228311e-05,False
2024-08-21,64,logistic,"{'C': 0.01, 'class_weight': 'balanced'}",0,0.1741370596,0.6016097094,0.224253231,0.0007706373934,1,-0.01126995676,3.902968037e-05,False
2024-08-22,65,logistic,"{'C': 0.01, 'class_weight': 'balanced'}",0,0.2193143213,0.5214804244,0.2592052543,0.0005952407602,1,0.00464671315,3.917808219e-05,False
2024-08-23,65,logistic,"{'C': 0.01, 'class_weight': 'balanced'}",0,0.1991610381,0.5837590933,0.2170798685,0.0004618443329,1,-0.004243784565,3.895547945e-05,False
2024-08-26,65,logistic,"{'C': 0.01, 'class_weight': 'balanced'}",0,0.2189400513,0.5447167769,0.2363431717,0.0004157123185,0,0.003699811238,3.888127854e-05,False
2024-08-27,65,logistic,"{'C': 0.01, 'class_weight': 'balanced'}",0,0.1958709656,0.5675899804,0.2365390541,0.0006512497104,1,-0.005185285486,3.880707763e-05,False
2024-08-28,65,logistic,"{'C': 0.01, 'class_weight': 'balanced'}",0,0.2247940381,0.5419895919,0.2332163701,0.0003312682855,0,-0.003498102878,3.86586758e-05,False
2024-08-29,65,logistic,"{'C': 0.01, 'class_weight': 'balanced'}",0,0.2341587833,0.517524779,0.2483164376,0.00035737402,0,0.005189245216,3.873287671e-05,False
2024-08-30,65,logistic,"{'C': 0.01, 'class_weight': 'balanced'}",0,0.1950389012,0.5753532707,0.2296078281,0.0006041090538,1,-0.01496949725,3.86586758e-05,False
2024-09-03,65,logistic,"{'C': 0.01, 'class_weight': 'balanced'}",0,0.314844903,0.3652983112,0.3198567859,0.0001127163113,0,0.001363140714,3.851027397e-05,False
2024-09-04,65,logistic,"{'C': 0.01, 'class_weight': 'balanced'}",0,0.3088720916,0.3864826095,0.3046452989,5.131614295e-05,0,-0.002323565952,3.843607306e-05,False
2024-09-05,65,logistic,"{'C': 0.01, 'class_weight': 'balanced'}",0,0.2591695222,0.4302517542,0.3105787236,0.0006029779866,1,-0.01742011323,3.821347032e-05,False
2024-09-06,65,logistic,"{'C': 0.01, 'class_weight': 'balanced'}",0,0.291634461,0.3706995755,0.3376659635,0.0004909231506,1,0.003231338747,3.806506849e-05,False
2024-09-09,65,logistic,"{'C': 0.01, 'class_weight': 'balanced'}",0,0.2317195558,0.4416515566,0.3266288876,0.001010077073,1,0.0007841431724,3.791666667e-05,False
2024-09-10,65,logistic,"{'C': 0.01, 'class_weight': 'balanced'}",0,0.2560746849,0.4323909727,0.3115343423,0.0006420286503,1,0.01042458645,3.75456621e-05,False
2024-09-11,65,logistic,"{'C': 0.01, 'class_weight': 'balanced'}",0,0.2432247263,0.4731914296,0.283583844,0.0005482261412,1,0.00735124946,3.784246575e-05,False
2024-09-12,65,logistic,"{'C': 0.01, 'class_weight': 'balanced'}",0,0.2536163883,0.4929986504,0.2533849613,0.000200677983,0,0.004109248873,3.75456621e-05,False
2024-09-13,65,logistic,"{'C': 0.01, 'class_weight': 'balanced'}",0,0.2038683778,0.5867817771,0.2093498451,0.0003521177187,0,0.00195826653,3.687785388e-05,False
2024-09-16,65,logistic,"{'C': 0.01, 'class_weight': 'balanced'}",0,0.2028575441,0.5591838839,0.237958572,0.0005917745253,1,-0.003592228619,3.680365297e-05,False
2024-09-17,65,logistic,"{'C': 0.01, 'class_weight': 'balanced'}",0,0.2747505498,0.4857901707,0.2394592795,-0.0001253306137,0,-0.00415078914,3.672945205e-05,False
2024-09-18,65,logistic,"{'C': 0.01, 'class_weight': 'balanced'}",0,0.3042947805,0.4490949329,0.2466102866,-0.0003676263895,0,-5.258972442e-05,3.591324201e-05,False
2024-09-19,65,logistic,"{'C': 0.01, 'class_weight': 'balanced'}",0,0.2220110703,0.5169444809,0.2610444488,0.0005826382892,1,0.0007219870573,3.561643836e-05,False
2024-09-20,65,logistic,"{'C': 0.01, 'class_weight': 'balanced'}",0,0.2072461389,0.5667067706,0.2260470905,0.0004517507448,1,0.0005795413909,3.524543379e-05,False
2024-09-23,66,logistic,"{'C': 0.01, 'class_weight': 'balanced'}",0,0.2054973046,0.5778207295,0.2166819659,0.0003875033108,0,0.001437398972,3.502283105e-05,False
2024-09-24,66,logistic,"{'C': 0.01, 'class_weight': 'balanced'}",0,0.2174779481,0.5554857058,0.2270363462,0.0003490271217,0,-0.0019260368,3.480022831e-05,False
2024-09-25,66,logistic,"{'C': 0.01, 'class_weight': 'balanced'}",0,0.2118697217,0.5671294027,0.2210008756,0.0003575163548,0,-0.003621325625,3.480022831e-05,False
2024-09-26,66,logistic,"{'C': 0.01, 'class_weight': 'balanced'}",0,0.2269529941,0.5355953645,0.2374516414,0.0003364345468,0,-0.003348582859,3.47260274e-05,False
2024-09-27,66,logistic,"{'C': 0.01, 'class_weight': 'balanced'}",0,0.2871813664,0.5016905083,0.2111281253,-0.0004849036945,-1,0.005855381841,3.47260274e-05,False
2024-09-30,66,logistic,"{'C': 0.01, 'class_weight': 'balanced'}",0,0.2687042849,0.4967075888,0.2345881263,-0.0001096785542,0,-0.008336290691,3.509703196e-05,False
2024-10-01,66,logistic,"{'C': 0.01, 'class_weight': 'balanced'}",0,0.3476392408,0.3828279715,0.2695327877,-0.0006297680018,-1,0.002025617556,3.494863014e-05,False
2024-10-02,66,logistic,"{'C': 0.01, 'class_weight': 'balanced'}",0,0.2880613937,0.4791118825,0.2328267238,-0.000319984862,0,0.0008108114291,3.480022831e-05,False
2024-10-03,66,logistic,"{'C': 0.01, 'class_weight': 'balanced'}",0,0.2970029412,0.4837295595,0.2192674993,-0.000519242078,-1,0.001100733805,3.47260274e-05,False
2024-10-04,66,logistic,"{'C': 0.01, 'class_weight': 'balanced'}",0,0.2712700465,0.5448518103,0.1838781432,-0.0005419471299,-1,-0.006126378511,3.509703196e-05,False
2024-10-07,66,logistic,"{'C': 0.01, 'class_weight': 'balanced'}",0,0.3950842232,0.3959582644,0.2089575124,-0.00159594771,-1,0.004821009187,3.539383562e-05,False
2024-10-08,66,logistic,"{'C': 0.01, 'class_weight': 'balanced'}",0,0.2919712545,0.5131864867,0.1948422588,-0.0006639260859,-1,0.006944032463,3.524543379e-05,False
2024-10-09,66,logistic,"{'C': 0.01, 'class_weight': 'balanced'}",0,0.2733004476,0.533055554,0.1936439983,-0.000484287171,-1,0.0006252240687,3.524543379e-05,False
2024-10-10,66,logistic,"{'C': 0.01, 'class_weight': 'balanced'}",0,0.2796456024,0.5132052732,0.2071491244,-0.0004404024073,-1,0.006127991201,3.524543379e-05,False
2024-10-11,66,logistic,"{'C': 0.01, 'class_weight': 'balanced'}",0,0.2365281606,0.5640712458,0.1994005936,-6.546106079e-05,0,0.005333671842,3.509703196e-05,False
2024-10-14,66,logistic,"{'C': 0.01, 'class_weight': 'balanced'}",0,0.2443751557,0.5380704867,0.2175543576,4.443121701e-07,0,-0.008227984228,3.509703196e-05,False
2024-10-15,66,logistic,"{'C': 0.01, 'class_weight': 'balanced'}",0,0.2911605322,0.462163961,0.2466755067,-0.0002404467492,0,0.004346404433,3.509703196e-05,False
2024-10-16,66,logistic,"{'C': 0.01, 'class_weight': 'balanced'}",0,0.2904531498,0.4686514959,0.2408953543,-0.0002795847517,0,-0.006076014616,3.502283105e-05,False
2024-10-17,66,logistic,"{'C': 0.01, 'class_weight': 'balanced'}",0,0.2809516152,0.4755182808,0.243530104,-0.0001621732266,0,0.0008903377103,3.517123288e-05,False
2024-10-18,66,logistic,"{'C': 0.01, 'class_weight': 'balanced'}",0,0.2318837497,0.5455549063,0.222561344,0.0001671649938,0,-0.0003767589767,3.509703196e-05,False
2024-10-21,66,logistic,"{'C': 0.01, 'class_weight': 'balanced'}",0,0.2951566082,0.465779815,0.2390635768,-0.0003419321519,0,0.003906754357,3.509703196e-05,False
2024-10-22,67,logistic,"{'C': 0.01, 'class_weight': 'balanced'}",0,0.2815146086,0.4745253911,0.2439600003,-0.0001630450835,0,-0.00562574324,3.502283105e-05,False
2024-10-23,67,logistic,"{'C': 0.01, 'class_weight': 'balanced'}",0,0.3252539663,0.420054629,0.2546914047,-0.0005200489866,-1,-0.001275889221,3.509703196e-05,False
2024-10-24,67,logistic,"{'C': 0.01, 'class_weight': 'balanced'}",0,0.303841918,0.4383716044,0.2577864776,-0.0002787408924,0,-0.004247616969,3.487442922e-05,False
2024-10-25,67,logistic,"{'C': 0.01, 'class_weight': 'balanced'}",0,0.329835716,0.4239741302,0.2461901538,-0.0006341642679,-1,-0.003003879131,3.509703196e-05,False
2024-10-28,67,logistic,"{'C': 0.01, 'class_weight': 'balanced'}",0,0.3054944836,0.4409613608,0.2535441556,-0.0003292741812,0,0.003311277152,3.487442922e-05,False
2024-10-29,67,logistic,"{'C': 0.01, 'class_weight': 'balanced'}",0,0.2928982326,0.4442996453,0.2628021221,-0.0001280398612,0,-0.002201944465,3.487442922e-05,False
2024-10-30,67,logistic,"{'C': 0.01, 'class_weight': 'balanced'}",0,0.3179661983,0.4171352281,0.2648985736,-0.0003649582935,0,-0.01202304359,3.465182648e-05,False
2024-10-31,67,logistic,"{'C': 0.01, 'class_weight': 'balanced'}",0,0.3838485206,0.3324722357,0.2836792437,-0.0008818399104,-1,-0.000490144308,3.442922374e-05,False
2024-11-01,67,logistic,"{'C': 0.01, 'class_weight': 'balanced'}",0,0.3760528805,0.3543716419,0.2695754776,-0.0009153801095,-1,-0.002398534847,3.4206621e-05,False
2024-11-04,67,logistic,"{'C': 0.01, 'class_weight': 'balanced'}",0,0.3283676942,0.4046885447,0.2669437611,-0.0004538955745,-1,0.01044262205,3.450342466e-05,False
2024-11-05,67,logistic,"{'C': 0.01, 'class_weight': 'balanced'}",0,0.3185622232,0.4255564875,0.2558812893,-0.0004428605537,-1,0.003122820492,3.442922374e-05,False
2024-11-06,67,logistic,"{'C': 0.01, 'class_weight': 'balanced'}",0,0.2615871792,0.4727529239,0.2656598969,0.0002115312158,0,0.004265812689,3.442922374e-05,False
2024-11-07,67,logistic,"{'C': 0.01, 'class_weight': 'balanced'}",0,0.198529314,0.5609969863,0.2404736998,0.0006487810544,1,0.003388328037,3.435502283e-05,False
2024-11-08,67,logistic,"{'C': 0.01, 'class_weight': 'balanced'}",0,0.220898537,0.5368713427,0.2422301203,0.0004364572691,1,-0.001750533886,3.435502283e-05,False
2024-11-11,67,logistic,"{'C': 0.01, 'class_weight': 'balanced'}",0,0.2211640487,0.5247687278,0.2540672234,0.0005281180851,1,-0.002973154698,3.435502283e-05,False
2024-11-12,67,logistic,"{'C': 0.01, 'class_weight': 'balanced'}",0,0.2185330346,0.5322903225,0.2491766429,0.0005157575041,1,-0.0003013085622,3.435502283e-05,False
2024-11-13,67,logistic,"{'C': 0.01, 'class_weight': 'balanced'}",0,0.2206909814,0.5248771067,0.2544319119,0.0005358111347,1,-0.006646406743,3.413242009e-05,False
2024-11-14,67,logistic,"{'C': 0.01, 'class_weight': 'balanced'}",0,0.2270325109,0.5187431239,0.2542243651,0.0004699957153,1,-0.006731959018,3.4206621e-05,False
2024-11-15,67,logistic,"{'C': 0.01, 'class_weight': 'balanced'}",0,0.3168344764,0.4203957346,0.262769789,-0.0003704753554,0,0.003292371182,3.413242009e-05,False
2024-11-18,67,logistic,"{'C': 0.01, 'class_weight': 'balanced'}",0,0.2663837374,0.4772847608,0.2563315018,8.864986467e-05,0,0.009560236032,3.435502283e-05,False
2024-11-19,67,logistic,"{'C': 0.01, 'class_weight': 'balanced'}",0,0.2785978575,0.4526233723,0.2687787702,6.42825182e-05,0,0.0002032505598,3.428082192e-05,False
2024-11-20,68,logistic,"{'C': 0.01, 'class_weight': 'balanced'}",0,0.2573440376,0.4748476639,0.2678082985,0.0002651976386,0,0.0004549350092,3.428082192e-05,False
2024-11-21,68,logistic,"{'C': 0.01, 'class_weight': 'balanced'}",0,0.2587433085,0.4843992837,0.2568574078,0.00016368607,0,0.003116323707,3.435502283e-05,False
2024-11-22,68,logistic,"{'C': 0.01, 'class_weight': 'balanced'}",0,0.2124768035,0.5417125429,0.2458106535,0.0005413985773,1,-0.003319305708,3.435502283e-05,False
2024-11-25,68,logistic,"{'C': 0.01, 'class_weight': 'balanced'}",0,0.211346298,0.5126267405,0.2760269615,0.000793999705,1,0.003089573559,3.428082192e-05,False
2024-11-26,68,logistic,"{'C': 0.01, 'class_weight': 'balanced'}",0,0.1865400464,0.5486079873,0.2648519664,0.0009545859672,1,-0.002714593469,3.4206621e-05,False
2024-11-27,68,logistic,"{'C': 0.01, 'class_weight': 'balanced'}",0,0.1894984493,0.5397745949,0.2707269557,0.0009716952528,1,0.004819422266,1.837899543e-05,False
2024-11-29,68,logistic,"{'C': 0.01, 'class_weight': 'balanced'}",0,0.180398679,0.5478980849,0.2717032362,0.00107112264,1,0.00109463861,3.398401826e-05,False
2024-12-02,68,logistic,"{'C': 0.01, 'class_weight': 'balanced'}",0,0.2077366634,0.4946546023,0.2976087343,0.001002635831,1,0.000861728679,3.346461187e-05,False
2024-12-03,68,logistic,"{'C': 0.01, 'class_weight': 'balanced'}",0,0.1967087366,0.5366236977,0.2666675657,0.0008666822711,1,0.003351829115,3.331621005e-05,False
2024-12-04,68,logistic,"{'C': 0.01, 'class_weight': 'balanced'}",0,0.1846505678,0.5419383559,0.2734110764,0.00104194027,1,-0.001645657268,3.316780822e-05,False
2024-12-05,68,logistic,"{'C': 0.01, 'class_weight': 'balanced'}",0,0.2124535202,0.520555173,0.2669913068,0.0007107183811,1,0.0006091055858,3.309360731e-05,False
2024-12-06,68,logistic,"{'C': 0.01, 'class_weight': 'balanced'}",0,0.1897774532,0.5605123725,0.2497101744,0.0008011085606,1,-0.004953199544,3.279680365e-05,False
2024-12-09,68,logistic,"{'C': 0.01, 'class_weight': 'balanced'}",0,0.2149053496,0.5196692317,0.2654254187,0.0006735282188,1,-0.004245349753,3.279680365e-05,False
2024-12-10,68,logistic,"{'C': 0.01, 'class_weight': 'balanced'}",0,0.2235076578,0.505182473,0.2713098692,0.0006338794995,1,0.00277327188,3.272260274e-05,False
2024-12-11,68,logistic,"{'C': 0.01, 'class_weight': 'balanced'}",0,0.2194202018,0.5255954285,0.2549843697,0.0005447131433,1,-0.003709321025,3.25e-05,False
2024-12-12,68,logistic,"{'C': 0.01, 'class_weight': 'balanced'}",0,0.2342476854,0.5137906066,0.251961708,0.0003712720059,0,-0.003611481357,3.227739726e-05,False
2024-12-13,68,logistic,"{'C': 0.01, 'class_weight': 'balanced'}",0,0.2286147251,0.5352404766,0.2361447984,0.0003017287945,0,0.001303594078,3.220319635e-05,False
2024-12-16,68,logistic,"{'C': 0.01, 'class_weight': 'balanced'}",0,0.2511336679,0.49526751,0.2535988221,0.0002143010332,0,0.0001654704135,3.242579909e-05,False
2024-12-17,68,logistic,"{'C': 0.01, 'class_weight': 'balanced'}",0,0.2651272809,0.4702173399,0.2646553793,0.0001616514143,0,-0.0293055263,3.25e-05,False
2024-12-18,68,logistic,"{'C': 0.01, 'class_weight': 'balanced'}",0,0.3555256764,0.3677754541,0.2766988695,-0.0006525076426,-1,-0.008894767849,3.235159817e-05,False
2024-12-19,68,logistic,"{'C': 0.01, 'class_weight': 'balanced'}",0,0.3660877166,0.3674746175,0.2664376658,-0.0008407815592,-1,0.01612321816,3.227739726e-05,False
2024-12-20,69,logistic,"{'C': 0.01, 'class_weight': 'balanced'}",0,0.2944976695,0.4570920603,0.2484102703,-0.0002742400463,0,0.006430956287,3.220319635e-05,False
2024-12-23,69,logistic,"{'C': 0.01, 'class_weight': 'balanced'}",0,0.2672770496,0.4795700206,0.2531529298,3.728728321e-05,0,0.008791044944,1.742009132e-05,False
2024-12-24,69,logistic,"{'C': 0.01, 'class_weight': 'balanced'}",0,0.211289407,0.5497466083,0.2389639847,0.000487136299,1,0.003069269251,3.264840183e-05,False
2024-12-26,69,logistic,"{'C': 0.01, 'class_weight': 'balanced'}",0,0.2327877213,0.5150458452,0.2521664335,0.0003762256689,0,-0.004233973282,3.227739726e-05,False
2024-12-27,69,logistic,"{'C': 0.01, 'class_weight': 'balanced'}",0,0.2501422383,0.4971539885,0.2527037732,0.0002060034049,0,0.0005612548652,3.198059361e-05,False
2024-12-30,69,logistic,"{'C': 0.01, 'class_weight': 'balanced'}",0,0.2864957074,0.4475118355,0.2659924571,-5.359408532e-05,0,-0.006492441552,3.242579909e-05,False
2024-12-31,69,logistic,"{'C': 0.01, 'class_weight': 'balanced'}",0,0.2844348854,0.435819892,0.2797452226,7.677933587e-05,0,-0.008059179667,3.242579909e-05,False
2025-01-02,69,logistic,"{'C': 0.01, 'class_weight': 'balanced'}",0,0.2997901847,0.4211519031,0.2790579122,-8.310416656e-05,0,0.007522990528,3.235159817e-05,False
2025-01-03,69,logistic,"{'C': 0.01, 'class_weight': 'balanced'}",0,0.2368597731,0.5186108148,0.2445294121,0.0002743894808,0,-0.001526211471,3.220319635e-05,False
2025-01-06,69,logistic,"{'C': 0.01, 'class_weight': 'balanced'}",0,0.2448471764,0.4984552196,0.256697604,0.0002910902163,0,-0.01471323071,3.227739726e-05,False
2025-01-07,69,logistic,"{'C': 0.01, 'class_weight': 'balanced'}",0,0.2743401998,0.4758704815,0.2497893187,-6.055359647e-05,0,0.001341902596,3.227739726e-05,False
2025-01-08,69,logistic,"{'C': 0.01, 'class_weight': 'balanced'}",0,0.2665057629,0.4834630712,0.250031166,2.01529955e-05,0,-0.009199861062,3.227739726e-05,False
2025-01-10,69,logistic,"{'C': 0.01, 'class_weight': 'balanced'}",0,0.3020622852,0.4566994662,0.2412382486,-0.0004074878851,0,0.009760833197,3.235159817e-05,False
2025-01-13,69,logistic,"{'C': 0.01, 'class_weight': 'balanced'}",0,0.3154447751,0.440515251,0.244039974,-0.000519715868,-1,-0.003713435013,3.242579909e-05,False
2025-01-14,69,logistic,"{'C': 0.01, 'class_weight': 'balanced'}",0,0.2830747707,0.4698721497,0.2470530796,-0.0001701992191,0,0.004150241523,3.235159817e-05,False
2025-01-15,69,logistic,"{'C': 0.01, 'class_weight': 'balanced'}",0,0.2216680326,0.5270910017,0.2512409657,0.0004806597322,1,-0.004257987281,3.227739726e-05,False
2025-01-16,69,logistic,"{'C': 0.01, 'class_weight': 'balanced'}",0,0.2393247338,0.503569752,0.2571055142,0.0003498728208,0,0.001038587258,3.220319635e-05,False
2025-01-17,69,logistic,"{'C': 0.01, 'class_weight': 'balanced'}",0,0.2057720062,0.5443625122,0.2498654816,0.0006295337595,1,0.003962250541,3.220319635e-05,False
2025-01-21,69,logistic,"{'C': 0.01, 'class_weight': 'balanced'}",0,0.1948964762,0.5377958929,0.267307631,0.0008779580541,1,0.0008582314703,3.235159817e-05,False
2025-01-22,69,logistic,"{'C': 0.01, 'class_weight': 'balanced'}",0,0.2043947954,0.5355260688,0.2600791357,0.0007248158028,1,0.006520323964,3.235159817e-05,False
2025-01-23,69,logistic,"{'C': 0.01, 'class_weight': 'balanced'}",0,0.1680588778,0.5887244715,0.2432166507,0.0009557428252,1,-0.00301737729,3.235159817e-05,False
2025-01-24,70,logistic,"{'C': 0.01, 'class_weight': 'balanced'}",0,0.1641903184,0.6061005635,0.229709118,0.0008837916614,1,0.007666309489,3.227739726e-05,False
2025-01-27,70,logistic,"{'C': 0.01, 'class_weight': 'balanced'}",0,0.234503338,0.5109346569,0.2545620051,0.0003756127696,0,0.006493330945,3.205479452e-05,False
2025-01-28,70,logistic,"{'C': 0.01, 'class_weight': 'balanced'}",0,0.2040689356,0.5511333249,0.2447977395,0.0006034889904,1,-0.003163673865,3.198059361e-05,False
2025-01-29,70,logistic,"{'C': 0.01, 'class_weight': 'balanced'}",0,0.2042399753,0.5442595263,0.2515004984,0.0006551935927,1,0.001788125112,3.198059361e-05,False
2025-01-30,70,logistic,"{'C': 0.01, 'class_weight': 'balanced'}",0,0.1970183392,0.5537994294,0.2491822314,0.0007092545062,1,-0.009349782166,3.190639269e-05,False
2025-01-31,70,logistic,"{'C': 0.01, 'class_weight': 'balanced'}",0,0.2075065718,0.5431942779,0.2492991503,0.0006048368302,1,0.008605187972,3.198059361e-05,False
2025-02-03,70,logistic,"{'C': 0.01, 'class_weight': 'balanced'}",0,0.2712378563,0.4685073734,0.2602547702,5.200388767e-05,0,0.006607249752,3.220319635e-05,False
2025-02-04,70,logistic,"{'C': 0.01, 'class_weight': 'balanced'}",0,0.2211732188,0.5302454791,0.2485813021,0.0004618401243,1,0.005960235796,3.212899543e-05,False
2025-02-05,70,logistic,"{'C': 0.01, 'class_weight': 'balanced'}",0,0.1753828854,0.5768552578,0.2477618568,0.0009152521123,1,0.0005445916265,3.212899543e-05,False
2025-02-06,70,logistic,"{'C': 0.01, 'class_weight': 'balanced'}",0,0.1794814056,0.5728624645,0.2476561299,0.0008732416649,1,-0.01008419144,3.220319635e-05,False
2025-02-07,70,logistic,"{'C': 0.01, 'class_weight': 'balanced'}",0,0.1930749288,0.5581761954,0.2487488758,0.0007454103292,1,0.001357459505,3.227739726e-05,False
2025-02-10,70,logistic,"{'C': 0.01, 'class_weight': 'balanced'}",0,0.1962118788,0.5583539312,0.24543419,0.0006874822344,1,0.004580549073,3.227739726e-05,False
2025-02-11,70,logistic,"{'C': 0.01, 'class_weight': 'balanced'}",0,0.1910633373,0.5660150933,0.2429215694,0.000719170806,1,0.006942545133,3.227739726e-05,False
2025-02-12,70,logistic,"{'C': 0.01, 'class_weight': 'balanced'}",0,0.2149750126,0.5457918955,0.2392330919,0.0004495907907,1,0.008685151183,3.227739726e-05,False
2025-02-13,70,logistic,"{'C': 0.01, 'class_weight': 'balanced'}",0,0.1977830835,0.5619756743,0.2402412422,0.0006303111377,1,-0.0003934652296,3.220319635e-05,False
2025-02-14,70,logistic,"{'C': 0.01, 'class_weight': 'balanced'}",0,0.1986510754,0.5622706454,0.2390782792,0.0006123234539,1,0.000998535437,3.220319635e-05,False
2025-02-18,70,logistic,"{'C': 0.01, 'class_weight': 'balanced'}",0,0.186498846,0.5718339045,0.2416672495,0.0007550218185,1,0.004671478201,3.220319635e-05,False
2025-02-19,70,logistic,"{'C': 0.01, 'class_weight': 'balanced'}",0,0.1856278825,0.5698910543,0.2444810632,0.0007861970328,1,-0.001896806857,3.220319635e-05,False
2025-02-20,70,logistic,"{'C': 0.01, 'class_weight': 'balanced'}",0,0.2043128796,0.537155465,0.2585316554,0.0007105013342,1,-0.0167496577,3.212899543e-05,False
2025-02-21,70,logistic,"{'C': 0.01, 'class_weight': 'balanced'}",0,0.2460976587,0.4943901131,0.2595122282,0.0002986075505,0,-0.00798976347,3.205479452e-05,False
2025-02-24,70,logistic,"{'C': 0.01, 'class_weight': 'balanced'}",0,0.2509641474,0.4793558423,0.2696800103,0.0003307655707,0,-0.004873204611,3.198059361e-05,False
2025-02-25,71,logistic,"{'C': 0.01, 'class_weight': 'balanced'}",0,0.242867127,0.47083816,0.286294713,0.0005465603464,1,-0.002332513373,3.190639269e-05,False
2025-02-26,71,logistic,"{'C': 0.01, 'class_weight': 'balanced'}",0,0.2551204689,0.459793705,0.2850858261,0.0004137078779,0,-0.01977044193,3.198059361e-05,False
2025-02-27,71,logistic,"{'C': 0.01, 'class_weight': 'balanced'}",0,0.2661646197,0.4429143915,0.2909209888,0.0003490678192,0,0.01472094267,3.205479452e-05,False
2025-02-28,71,logistic,"{'C': 0.01, 'class_weight': 'balanced'}",0,0.2288918931,0.5030888972,0.2680192097,0.0005416873346,1,-0.02081581624,3.205479452e-05,False
2025-03-03,71,logistic,"{'C': 0.01, 'class_weight': 'balanced'}",0,0.2554118961,0.4506250141,0.2939630898,0.0004814158218,1,-0.004916314105,3.227739726e-05,False
2025-03-04,71,logistic,"{'C': 0.01, 'class_weight': 'balanced'}",0,0.2772838746,0.4420088,0.2807073254,0.0001559674615,0,0.01104578744,3.220319635e-05,False
2025-03-05,71,logistic,"{'C': 0.01, 'class_weight': 'balanced'}",0,0.2377374159,0.4995828592,0.2626797249,0.0004102393105,0,-0.004813301308,3.227739726e-05,False
2025-03-06,71,logistic,"{'C': 0.01, 'class_weight': 'balanced'}",0,0.2653335077,0.4650390035,0.2696274888,0.0001879880911,0,0.008793060492,3.220319635e-05,False
2025-03-07,71,logistic,"{'C': 0.01, 'class_weight': 'balanced'}",0,0.2332078243,0.5145494611,0.2522427145,0.0003727436474,0,-0.0123504809,3.220319635e-05,False
2025-03-10,71,logistic,"{'C': 0.01, 'class_weight': 'balanced'}",0,0.2775920725,0.4503238876,0.2720840398,8.425000408e-05,0,-0.006221024819,3.212899543e-05,False
2025-03-11,71,logistic,"{'C': 0.01, 'class_weight': 'balanced'}",0,0.2740881939,0.4555139231,0.270397883,0.0001060716241,0,-0.005870088944,3.220319635e-05,False
2025-03-12,71,logistic,"{'C': 0.01, 'class_weight': 'balanced'}",0,0.2481125879,0.4898462654,0.2620411466,0.0003008138777,0,-0.01265914779,3.227739726e-05,False
2025-03-13,71,logistic,"{'C': 0.01, 'class_weight': 'balanced'}",0,0.2534576793,0.4791297151,0.2674126057,0.0002897999817,0,0.01204799834,3.220319635e-05,False
2025-03-14,71,logistic,"{'C': 0.01, 'class_weight': 'balanced'}",0,0.2003761781,0.555866875,0.2437569469,0.0006354110083,1,0.007747199771,3.212899543e-05,False
2025-03-17,71,logistic,"{'C': 0.01, 'class_weight': 'balanced'}",0,0.2119693116,0.5441112797,0.2439194087,0.0005201105208,1,-0.006692578366,3.220319635e-05,False
2025-03-18,71,logistic,"{'C': 0.01, 'class_weight': 'balanced'}",0,0.2119843381,0.5369988717,0.2510167902,0.0005764352371,1,0.007639940516,3.220319635e-05,False
2025-03-19,71,logistic,"{'C': 0.01, 'class_weight': 'balanced'}",0,0.1987992896,0.5540357211,0.2471649893,0.0006783886665,1,0.003834294352,3.212899543e-05,False
2025-03-20,71,logistic,"{'C': 0.01, 'class_weight': 'balanced'}",0,0.2045545413,0.5480438459,0.2474016128,0.0006223904343,1,0.008403574028,3.212899543e-05,False
2025-03-21,71,logistic,"{'C': 0.01, 'class_weight': 'balanced'}",0,0.1817690914,0.5753318076,0.242899101,0.0008157181227,1,0.005746372328,3.212899543e-05,False
2025-03-24,71,logistic,"{'C': 0.01, 'class_weight': 'balanced'}",0,0.1672258643,0.5935430893,0.2392310464,0.0009327930034,1,0.0002781752819,3.212899543e-05,False
2025-03-25,71,logistic,"{'C': 0.01, 'class_weight': 'balanced'}",0,0.1668612638,0.5936974413,0.2394412949,0.000938132831,1,-0.01147442681,3.212899543e-05,False
2025-03-26,72,majority_baseline,{},0,0.2431879154,0.5034699065,0.2533421782,0.000268733432,0,-0.0001762677873,3.212899543e-05,False
2025-03-27,72,majority_baseline,{},0,0.2431879154,0.5034699065,0.2533421782,0.000268733432,0,-0.01745275326,3.212899543e-05,False
2025-03-28,72,majority_baseline,{},0,0.2431879154,0.5034699065,0.2533421782,0.000268733432,0,0.01738718752,3.212899543e-05,False
2025-03-31,72,majority_baseline,{},0,0.2431879154,0.5034699065,0.2533421782,0.000268733432,0,0.006314393064,3.205479452e-05,False
2025-04-01,72,majority_baseline,{},0,0.2431879154,0.5034699065,0.2533421782,0.000268733432,0,0.0170615835,3.205479452e-05,False
2025-04-02,72,majority_baseline,{},0,0.2431879154,0.5034699065,0.2533421782,0.000268733432,0,-0.01542802977,3.205479452e-05,False
2025-04-03,72,majority_baseline,{},0,0.2431879154,0.5034699065,0.2533421782,0.000268733432,0,-0.0351175067,3.198059361e-05,False
2025-04-04,72,majority_baseline,{},0,0.2431879154,0.5034699065,0.2533421782,0.000268733432,0,0.03105133461,3.175799087e-05,False
2025-04-07,72,majority_baseline,{},0,0.2431879154,0.5034699065,0.2533421782,0.000268733432,0,-0.04863368531,3.183219178e-05,False
2025-04-08,72,majority_baseline,{},0,0.2431879154,0.5034699065,0.2533421782,0.000268733432,0,0.1118271572,3.198059361e-05,False
2025-04-09,72,majority_baseline,{},0,0.2431879154,0.5034699065,0.2533421782,0.000268733432,0,-0.01426229606,3.227739726e-05,False
2025-04-10,72,majority_baseline,{},0,0.2431879154,0.5034699065,0.2533421782,0.000268733432,0,0.02089824776,3.220319635e-05,False
2025-04-11,72,majority_baseline,{},0,0.2431879154,0.5034699065,0.2533421782,0.000268733432,0,-0.009061653808,3.220319635e-05,False
2025-04-14,72,majority_baseline,{},0,0.2431879154,0.5034699065,0.2533421782,0.000268733432,0,-0.003817143268,3.212899543e-05,False
2025-04-15,72,majority_baseline,{},0,0.2431879154,0.5034699065,0.2533421782,0.000268733432,0,-0.01132263692,3.212899543e-05,False
2025-04-16,72,majority_baseline,{},0,0.2431879154,0.5034699065,0.2533421782,0.000268733432,0,-0.002331213388,3.212899543e-05,False
2025-04-17,72,majority_baseline,{},0,0.2431879154,0.5034699065,0.2533421782,0.000268733432,0,-0.01396877858,3.220319635e-05,False
2025-04-21,72,majority_baseline,{},0,0.2431879154,0.5034699065,0.2533421782,0.000268733432,0,0.01366936809,3.220319635e-05,False
2025-04-22,72,majority_baseline,{},0,0.2431879154,0.5034699065,0.2533421782,0.000268733432,0,-0.00927041395,3.212899543e-05,False
2025-04-23,72,majority_baseline,{},0,0.2431879154,0.5034699065,0.2533421782,0.000268733432,0,0.01857585387,3.212899543e-05,False
2025-04-24,72,majority_baseline,{},0,0.2431879154,0.5034699065,0.2533421782,0.000268733432,0,0.007298984808,3.205479452e-05,False
2025-04-25,73,majority_baseline,{},0,0.2564676382,0.4902700146,0.2532623472,0.0001581739309,0,-0.0009794138653,3.205479452e-05,False
2025-04-28,73,majority_baseline,{},0,0.2564676382,0.4902700146,0.2532623472,0.0001581739309,0,0.009855958983,3.205479452e-05,False
2025-04-29,73,majority_baseline,{},0,0.2564676382,0.4902700146,0.2532623472,0.0001581739309,0,0.01272891239,3.198059361e-05,False
2025-04-30,73,majority_baseline,{},0,0.2564676382,0.4902700146,0.2532623472,0.0001581739309,0,-0.003390660497,3.198059361e-05,False
2025-05-01,73,majority_baseline,{},0,0.2564676382,0.4902700146,0.2532623472,0.0001581739309,0,0.003594690182,3.198059361e-05,False
2025-05-02,73,majority_baseline,{},0,0.2564676382,0.4902700146,0.2532623472,0.0001581739309,0,0.001670907524,3.212899543e-05,False
2025-05-05,73,majority_baseline,{},0,0.2564676382,0.4902700146,0.2532623472,0.0001581739309,0,0.001559326516,3.212899543e-05,False
2025-05-06,73,majority_baseline,{},0,0.2564676382,0.4902700146,0.2532623472,0.0001581739309,0,0.001785236067,3.212899543e-05,False
2025-05-07,73,majority_baseline,{},0,0.2564676382,0.4902700146,0.2532623472,0.0001581739309,0,-0.0003184359351,3.220319635e-05,False
2025-05-08,73,majority_baseline,{},0,0.2564676382,0.4902700146,0.2532623472,0.0001581739309,0,-0.003777633356,3.220319635e-05,False
2025-05-09,73,majority_baseline,{},0,0.2564676382,0.4902700146,0.2532623472,0.0001581739309,0,0.002614098103,3.220319635e-05,False
2025-05-12,73,majority_baseline,{},0,0.2564676382,0.4902700146,0.2532623472,0.0001581739309,0,0.005879319658,3.279680365e-05,False
2025-05-13,73,majority_baseline,{},0,0.2564676382,0.4902700146,0.2532623472,0.0001581739309,0,-0.0003742207847,3.272260274e-05,False
2025-05-14,73,majority_baseline,{},0,0.2564676382,0.4902700146,0.2532623472,0.0001581739309,0,0.008368099709,3.272260274e-05,False
2025-05-15,73,majority_baseline,{},0,0.2564676382,0.4902700146,0.2532623472,0.0001581739309,0,0.004989449811,3.25e-05,False
2025-05-16,73,majority_baseline,{},0,0.2564676382,0.4902700146,0.2532623472,0.0001581739309,0,0.01147764028,3.242579909e-05,False
2025-05-19,73,majority_baseline,{},0,0.2564676382,0.4902700146,0.2532623472,0.0001581739309,0,-0.0004047466945,3.257420091e-05,False
2025-05-20,73,majority_baseline,{},0,0.2564676382,0.4902700146,0.2532623472,0.0001581739309,0,-0.009482729096,3.25e-05,False
2025-05-21,73,majority_baseline,{},0,0.2564676382,0.4902700146,0.2532623472,0.0001581739309,0,0.0007380869183,3.235159817e-05,False
2025-05-22,73,majority_baseline,{},0,0.2564676382,0.4902700146,0.2532623472,0.0001581739309,0,0.00543422517,3.242579909e-05,False
2025-05-23,73,majority_baseline,{},0,0.2564676382,0.4902700146,0.2532623472,0.0001581739309,0,0.008667935574,3.235159817e-05,False
2025-05-27,74,majority_baseline,{},0,0.2433329277,0.5000278753,0.2566391971,0.00034204107,0,-0.006474435611,3.227739726e-05,False
2025-05-28,74,majority_baseline,{},0,0.2433329277,0.5000278753,0.2566391971,0.00034204107,0,-0.00507538838,3.227739726e-05,False
2025-05-29,74,majority_baseline,{},0,0.2433329277,0.5000278753,0.2566391971,0.00034204107,0,0.0007811148845,3.235159817e-05,False
2025-05-30,74,majority_baseline,{},0,0.2433329277,0.5000278753,0.2566391971,0.00034204107,0,0.008421825494,3.235159817e-05,False
2025-06-02,74,majority_baseline,{},0,0.2433329277,0.5000278753,0.2566391971,0.00034204107,0,0.006330823219,3.294520548e-05,False
2025-06-03,74,majority_baseline,{},0,0.2433329277,0.5000278753,0.2566391971,0.00034204107,0,-0.001725457675,3.287100457e-05,False
2025-06-04,74,majority_baseline,{},0,0.2433329277,0.5000278753,0.2566391971,0.00034204107,0,-0.00766363317,3.294520548e-05,False
2025-06-05,74,majority_baseline,{},0,0.2433329277,0.5000278753,0.2566391971,0.00034204107,0,0.0008018598893,3.294520548e-05,False
2025-06-06,74,majority_baseline,{},0,0.2433329277,0.5000278753,0.2566391971,0.00034204107,0,-6.666121658e-05,3.287100457e-05,False
2025-06-09,74,majority_baseline,{},0,0.2433329277,0.5000278753,0.2566391971,0.00034204107,0,0.004764997127,3.294520548e-05,False
2025-06-10,74,majority_baseline,{},0,0.2433329277,0.5000278753,0.2566391971,0.00034204107,0,-0.004683985317,3.301940639e-05,False
2025-06-11,74,majority_baseline,{},0,0.2433329277,0.5000278753,0.2566391971,0.00034204107,0,0.006233213068,3.301940639e-05,False
2025-06-12,74,majority_baseline,{},0,0.2433329277,0.5000278753,0.2566391971,0.00034204107,0,-0.002506265497,3.309360731e-05,False
2025-06-13,74,majority_baseline,{},0,0.2433329277,0.5000278753,0.2566391971,0.00034204107,0,0.003797415305,3.301940639e-05,False
2025-06-16,74,majority_baseline,{},0,0.2433329277,0.5000278753,0.2566391971,0.00034204107,0,-0.004465091472,3.287100457e-05,False
2025-06-17,74,majority_baseline,{},0,0.2433329277,0.5000278753,0.2566391971,0.00034204107,0,-0.001671011287,3.279680365e-05,False
2025-06-18,74,majority_baseline,{},0,0.2433329277,0.5000278753,0.2566391971,0.00034204107,0,-0.006851792412,3.279680365e-05,False
2025-06-20,74,majority_baseline,{},0,0.2433329277,0.5000278753,0.2566391971,0.00034204107,0,0.008587736315,3.257420091e-05,False
2025-06-23,74,majority_baseline,{},0,0.2433329277,0.5000278753,0.2566391971,0.00034204107,0,0.00405409642,3.25e-05,False
2025-06-24,74,majority_baseline,{},0,0.2433329277,0.5000278753,0.2566391971,0.00034204107,0,-0.001299498386,3.25e-05,False
2025-06-25,74,majority_baseline,{},0,0.2433329277,0.5000278753,0.2566391971,0.00034204107,0,0.004729149821,3.25e-05,False
2025-06-26,75,majority_baseline,{},0,0.2466659299,0.4966665463,0.2566675238,0.0003083368909,0,0.003312178908,3.257420091e-05,False
2025-06-27,75,majority_baseline,{},0,0.2466659299,0.4966665463,0.2566675238,0.0003083368909,0,0.000761234079,3.257420091e-05,False
2025-06-30,75,majority_baseline,{},0,0.2466659299,0.4966665463,0.2566675238,0.0003083368909,0,0.002092996111,3.272260274e-05,False
2025-07-01,75,majority_baseline,{},0,0.2466659299,0.4966665463,0.2566675238,0.0003083368909,0,0.005200606066,3.264840183e-05,False
2025-07-02,75,majority_baseline,{},0,0.2466659299,0.4966665463,0.2566675238,0.0003083368909,0,0.004642966618,1.761986301e-05,False
2025-07-03,75,majority_baseline,{},0,0.2466659299,0.4966665463,0.2566675238,0.0003083368909,0,-0.004299269618,3.279680365e-05,False
2025-07-07,75,majority_baseline,{},0,0.2466659299,0.4966665463,0.2566675238,0.0003083368909,0,-0.001625410353,3.279680365e-05,False
2025-07-08,75,majority_baseline,{},0,0.2466659299,0.4966665463,0.2566675238,0.0003083368909,0,0.00207135528,3.279680365e-05,False
2025-07-09,75,majority_baseline,{},0,0.2466659299,0.4966665463,0.2566675238,0.0003083368909,0,0.002595314189,3.279680365e-05,False
2025-07-10,75,majority_baseline,{},0,0.2466659299,0.4966665463,0.2566675238,0.0003083368909,0,0.0014131176,3.279680365e-05,False
2025-07-11,75,majority_baseline,{},0,0.2466659299,0.4966665463,0.2566675238,0.0003083368909,0,0.002647834358,3.272260274e-05,False
2025-07-14,75,majority_baseline,{},0,0.2466659299,0.4966665463,0.2566675238,0.0003083368909,0,-0.008573439474,3.279680365e-05,False
2025-07-15,75,majority_baseline,{},0,0.2466659299,0.4966665463,0.2566675238,0.0003083368909,0,0.0007695201769,3.279680365e-05,False
2025-07-16,75,majority_baseline,{},0,0.2466659299,0.4966665463,0.2566675238,0.0003083368909,0,0.005829521873,3.272260274e-05,False
2025-07-17,75,majority_baseline,{},0,0.2466659299,0.4966665463,0.2566675238,0.0003083368909,0,-0.002733149198,3.272260274e-05,False
2025-07-18,75,majority_baseline,{},0,0.2466659299,0.4966665463,0.2566675238,0.0003083368909,0,0,3.264840183e-05,False
2025-07-21,75,majority_baseline,{},0,0.2466659299,0.4966665463,0.2566675238,0.0003083368909,0,-0.000381481976,3.272260274e-05,False
2025-07-22,75,majority_baseline,{},0,0.2466659299,0.4966665463,0.2566675238,0.0003083368909,0,0.004211914014,3.272260274e-05,False
2025-07-23,75,majority_baseline,{},0,0.2466659299,0.4966665463,0.2566675238,0.0003083368909,0,-0.0002836316094,3.272260274e-05,False
2025-07-24,75,majority_baseline,{},0,0.2466659299,0.4966665463,0.2566675238,0.0003083368909,0,0.003164824841,3.279680365e-05,False
2025-07-25,75,majority_baseline,{},0,0.2466659299,0.4966665463,0.2566675238,0.0003083368909,0,-0.0008470508606,3.279680365e-05,False
2025-07-28,76,majority_baseline,{},0,0.2433346021,0.5033336717,0.2533317262,0.000320412279,0,-0.00484055134,3.264840183e-05,False
2025-07-29,76,majority_baseline,{},0,0.2433346021,0.5033336717,0.2533317262,0.000320412279,0,-0.002295825025,3.264840183e-05,False
2025-07-30,76,majority_baseline,{},0,0.2433346021,0.5033336717,0.2533317262,0.000320412279,0,-0.01154099494,3.272260274e-05,False
2025-07-31,76,majority_baseline,{},0,0.2433346021,0.5033336717,0.2533317262,0.000320412279,0,-0.007312816775,3.272260274e-05,False
2025-08-01,76,majority_baseline,{},0,0.2433346021,0.5033336717,0.2533317262,0.000320412279,0,0.008790576747,3.227739726e-05,False
2025-08-04,76,majority_baseline,{},0,0.2433346021,0.5033336717,0.2533317262,0.000320412279,0,-0.006046324785,3.227739726e-05,False
2025-08-05,76,majority_baseline,{},0,0.2433346021,0.5033336717,0.2533317262,0.000320412279,0,0.005929642394,3.220319635e-05,False
2025-08-06,76,majority_baseline,{},0,0.2433346021,0.5033336717,0.2533317262,0.000320412279,0,-0.006271203182,3.205479452e-05,False
2025-08-07,76,majority_baseline,{},0,0.2433346021,0.5033336717,0.2533317262,0.000320412279,0,0.004920662253,3.205479452e-05,False
2025-08-08,76,majority_baseline,{},0,0.2433346021,0.5033336717,0.2533317262,0.000320412279,0,-0.00241589913,3.205479452e-05,False
2025-08-11,76,majority_baseline,{},0,0.2433346021,0.5033336717,0.2533317262,0.000320412279,0,0.006893456921,3.220319635e-05,False
2025-08-12,76,majority_baseline,{},0,0.2433346021,0.5033336717,0.2533317262,0.000320412279,0,-3.094776266e-05,3.212899543e-05,False
2025-08-13,76,majority_baseline,{},0,0.2433346021,0.5033336717,0.2533317262,0.000320412279,0,0.003360404233,3.183219178e-05,False
2025-08-14,76,majority_baseline,{},0,0.2433346021,0.5033336717,0.2533317262,0.000320412279,0,-0.003947410712,3.190639269e-05,False
2025-08-15,76,majority_baseline,{},0,0.2433346021,0.5033336717,0.2533317262,0.000320412279,0,0.0006844452238,3.190639269e-05,False
2025-08-18,76,majority_baseline,{},0,0.2433346021,0.5033336717,0.2533317262,0.000320412279,0,-0.005146780645,3.212899543e-05,False
2025-08-19,76,majority_baseline,{},0,0.2433346021,0.5033336717,0.2533317262,0.000320412279,0,-0.002017577381,3.190639269e-05,False
2025-08-20,76,majority_baseline,{},0,0.2433346021,0.5033336717,0.2533317262,0.000320412279,0,-0.0011473589,3.190639269e-05,False
2025-08-21,76,majority_baseline,{},0,0.2433346021,0.5033336717,0.2533317262,0.000320412279,0,0.01183828974,3.205479452e-05,False
2025-08-22,76,majority_baseline,{},0,0.2433346021,0.5033336717,0.2533317262,0.000320412279,0,-0.002437748238,3.168378995e-05,False
2025-08-25,76,majority_baseline,{},0,0.2433346021,0.5033336717,0.2533317262,0.000320412279,0,0.004609095167,3.183219178e-05,False
2025-08-26,77,majority_baseline,{},0,0.2633111004,0.4866733472,0.2500155524,8.625670077e-05,0,0.00319592522,3.175799087e-05,False
2025-08-27,77,majority_baseline,{},0,0.2633111004,0.4866733472,0.2500155524,8.625670077e-05,0,0.002595625644,3.160958904e-05,False
2025-08-28,77,majority_baseline,{},0,0.2633111004,0.4866733472,0.2500155524,8.625670077e-05,0,-0.003737598703,3.160958904e-05,False
2025-08-29,77,majority_baseline,{},0,0.2633111004,0.4866733472,0.2500155524,8.625670077e-05,0,0.004345128626,3.13869863e-05,False
2025-09-02,77,majority_baseline,{},0,0.2633111004,0.4866733472,0.2500155524,8.625670077e-05,0,0.001664940543,3.116438356e-05,False
2025-09-03,77,majority_baseline,{},0,0.2633111004,0.4866733472,0.2500155524,8.625670077e-05,0,0.007293399168,3.101598174e-05,False
2025-09-04,77,majority_baseline,{},0,0.2633111004,0.4866733472,0.2500155524,8.625670077e-05,0,-0.006508243261,3.086757991e-05,False
2025-09-05,77,majority_baseline,{},0,0.2633111004,0.4866733472,0.2500155524,8.625670077e-05,0,0.0003237982104,3.019977169e-05,False
2025-09-08,77,majority_baseline,{},0,0.2633111004,0.4866733472,0.2500155524,8.625670077e-05,0,0.002095699995,3.042237443e-05,False
2025-09-09,77,majority_baseline,{},0,0.2633111004,0.4866733472,0.2500155524,8.625670077e-05,0,-0.002157175685,3.042237443e-05,False
2025-09-10,77,majority_baseline,{},0,0.2633111004,0.4866733472,0.2500155524,8.625670077e-05,0,0.005273796535,3.034817352e-05,False
2025-09-11,77,majority_baseline,{},0,0.2633111004,0.4866733472,0.2500155524,8.625670077e-05,0,-0.0002889331174,3.02739726e-05,False
2025-09-12,77,majority_baseline,{},0,0.2633111004,0.4866733472,0.2500155524,8.625670077e-05,0,0.001925229559,3.02739726e-05,False
2025-09-15,77,majority_baseline,{},0,0.2633111004,0.4866733472,0.2500155524,8.625670077e-05,0,-0.002222278821,3.012557078e-05,False
2025-09-16,77,majority_baseline,{},0,0.2633111004,0.4866733472,0.2500155524,8.625670077e-05,0,-0.001257582687,2.997716895e-05,False
2025-09-17,77,majority_baseline,{},0,0.2633111004,0.4866733472,0.2500155524,8.625670077e-05,0,0.0005589978552,2.982876712e-05,False
2025-09-18,77,majority_baseline,{},0,0.2633111004,0.4866733472,0.2500155524,8.625670077e-05,0,0.002068447816,2.990296804e-05,False
2025-09-19,77,majority_baseline,{},0,0.2633111004,0.4866733472,0.2500155524,8.625670077e-05,0,0.007006968608,2.990296804e-05,False
2025-09-22,77,majority_baseline,{},0,0.2633111004,0.4866733472,0.2500155524,8.625670077e-05,0,-0.005264502182,2.96803653e-05,False
2025-09-23,77,majority_baseline,{},0,0.2633111004,0.4866733472,0.2500155524,8.625670077e-05,0,-0.005131652116,2.96803653e-05,False
2025-09-24,77,majority_baseline,{},0,0.2633111004,0.4866733472,0.2500155524,8.625670077e-05,0,0.0001671661905,2.982876712e-05,False
2025-09-25,78,majority_baseline,{},0,0.2632783447,0.5033638387,0.2333578167,-4.61445832e-05,0,0.003502596589,2.997716895e-05,False
2025-09-26,78,majority_baseline,{},0,0.2632783447,0.5033638387,0.2333578167,-4.61445832e-05,0,-0.001023530406,2.982876712e-05,False
2025-09-29,78,majority_baseline,{},0,0.2632783447,0.5033638387,0.2333578167,-4.61445832e-05,0,0.004902478361,2.997716895e-05,False
2025-09-30,78,majority_baseline,{},0,0.2632783447,0.5033638387,0.2333578167,-4.61445832e-05,0,0.007961803831,2.982876712e-05,False
2025-10-01,78,majority_baseline,{},0,0.2632783447,0.5033638387,0.2333578167,-4.61445832e-05,0,-0.001834650583,2.975456621e-05,False
2025-10-02,78,majority_baseline,{},0,0.2632783447,0.5033638387,0.2333578167,-4.61445832e-05,0,-0.001164149124,2.982876712e-05,False
2025-10-03,78,majority_baseline,{},0,0.2632783447,0.5033638387,0.2333578167,-4.61445832e-05,0,-1.490388658e-05,2.990296804e-05,False
2025-10-06,78,majority_baseline,{},0,0.2632783447,0.5033638387,0.2333578167,-4.61445832e-05,0,-0.005085174173,2.982876712e-05,False
2025-10-07,78,majority_baseline,{},0,0.2632783447,0.5033638387,0.2333578167,-4.61445832e-05,0,0.004267042718,2.975456621e-05,False
2025-10-08,78,majority_baseline,{},0,0.2632783447,0.5033638387,0.2333578167,-4.61445832e-05,0,-0.003518857535,2.975456621e-05,False
2025-10-09,78,majority_baseline,{},0,0.2632783447,0.5033638387,0.2333578167,-4.61445832e-05,0,-0.02843197777,2.990296804e-05,False
2025-10-10,78,majority_baseline,{},0,0.2632783447,0.5033638387,0.2333578167,-4.61445832e-05,0,0.003617578829,2.982876712e-05,False
2025-10-13,78,majority_baseline,{},0,0.2632783447,0.5033638387,0.2333578167,-4.61445832e-05,0,0.007699678441,2.982876712e-05,False
2025-10-14,78,majority_baseline,{},0,0.2632783447,0.5033638387,0.2333578167,-4.61445832e-05,0,-0.002474467504,2.982876712e-05,False
2025-10-15,78,majority_baseline,{},0,0.2632783447,0.5033638387,0.2333578167,-4.61445832e-05,0,-0.0092678573,2.990296804e-05,False
2025-10-16,78,majority_baseline,{},0,0.2632783447,0.5033638387,0.2333578167,-4.61445832e-05,0,0.007414730446,2.982876712e-05,False
2025-10-17,78,majority_baseline,{},0,0.2632783447,0.5033638387,0.2333578167,-4.61445832e-05,0,0.005964125779,2.96803653e-05,False
2025-10-20,78,majority_baseline,{},0,0.2632783447,0.5033638387,0.2333578167,-4.61445832e-05,0,-0.0002234368271,2.945776256e-05,False
2025-10-21,78,majority_baseline,{},0,0.2632783447,0.5033638387,0.2333578167,-4.61445832e-05,0,-0.00625001813,2.938356164e-05,False
2025-10-22,78,majority_baseline,{},0,0.2632783447,0.5033638387,0.2333578167,-4.61445832e-05,0,0.005448145066,2.938356164e-05,False
2025-10-23,78,majority_baseline,{},0,0.2632783447,0.5033638387,0.2333578167,-4.61445832e-05,0,0.001167811927,2.930936073e-05,False
2025-10-24,79,majority_baseline,{},0,0.2533578804,0.4966933633,0.2499487563,0.000184445471,0,0.003676431193,2.91609589e-05,False
2025-10-27,79,majority_baseline,{},0,0.2533578804,0.4966933633,0.2499487563,0.000184445471,0,1.456917161e-05,2.886415525e-05,False
2025-10-28,79,majority_baseline,{},0,0.2533578804,0.4966933633,0.2499487563,0.000184445471,0,-0.001931054874,2.886415525e-05,False
2025-10-29,79,majority_baseline,{},0,0.2533578804,0.4966933633,0.2499487563,0.000184445471,0,-0.005951172859,2.91609589e-05,False
2025-10-30,79,majority_baseline,{},0,0.2533578804,0.4966933633,0.2499487563,0.000184445471,0,-0.004350082601,2.908675799e-05,False
2025-10-31,79,majority_baseline,{},0,0.2533578804,0.4966933633,0.2499487563,0.000184445471,0,-0.003398072164,2.886415525e-05,False
2025-11-03,79,majority_baseline,{},0,0.2533578804,0.4966933633,0.2499487563,0.000184445471,0,-0.001286765692,2.953196347e-05,False
2025-11-04,79,majority_baseline,{},0,0.2533578804,0.4966933633,0.2499487563,0.000184445471,0,0.003852020442,2.938356164e-05,False
2025-11-05,79,majority_baseline,{},0,0.2533578804,0.4966933633,0.2499487563,0.000184445471,0,-0.009106055582,2.938356164e-05,False
2025-11-06,79,majority_baseline,{},0,0.2533578804,0.4966933633,0.2499487563,0.000184445471,0,0.004581452135,2.91609589e-05,False
2025-11-07,79,majority_baseline,{},0,0.2533578804,0.4966933633,0.2499487563,0.000184445471,0,0.006201660032,2.908675799e-05,False
2025-11-10,79,majority_baseline,{},0,0.2533578804,0.4966933633,0.2499487563,0.000184445471,0,0.004485605846,2.930936073e-05,False
2025-11-11,79,majority_baseline,{},0,0.2533578804,0.4966933633,0.2499487563,0.000184445471,0,-0.002058986244,2.930936073e-05,False
2025-11-12,79,majority_baseline,{},0,0.2533578804,0.4966933633,0.2499487563,0.000184445471,0,-0.0124320675,2.930936073e-05,False
2025-11-13,79,majority_baseline,{},0,0.2533578804,0.4966933633,0.2499487563,0.000184445471,0,0.009843980475,2.938356164e-05,False
2025-11-14,79,majority_baseline,{},0,0.2533578804,0.4966933633,0.2499487563,0.000184445471,0,-0.006017663537,2.930936073e-05,False
2025-11-17,79,majority_baseline,{},0,0.2533578804,0.4966933633,0.2499487563,0.000184445471,0,-0.00305083601,2.945776256e-05,False
2025-11-18,79,majority_baseline,{},0,0.2533578804,0.4966933633,0.2499487563,0.000184445471,0,0.002799684477,2.923515982e-05,False
2025-11-19,79,majority_baseline,{},0,0.2533578804,0.4966933633,0.2499487563,0.000184445471,0,-0.03028628581,2.930936073e-05,False
2025-11-20,79,majority_baseline,{},0,0.2533578804,0.4966933633,0.2499487563,0.000184445471,0,0.00607593564,2.923515982e-05,False
2025-11-21,79,majority_baseline,{},0,0.2533578804,0.4966933633,0.2499487563,0.000184445471,0,0.009114334144,2.893835616e-05,False
2025-11-24,80,majority_baseline,{},0,0.2633316646,0.4800063888,0.2566619466,0.0001250626535,0,0.009556876965,2.901255708e-05,False
2025-11-25,80,majority_baseline,{},0,0.2633316646,0.4800063888,0.2566619466,0.0001250626535,0,0.003025231726,2.893835616e-05,False
2025-11-26,80,majority_baseline,{},0,0.2633316646,0.4800063888,0.2566619466,0.0001250626535,0,0.003715931851,1.566210046e-05,False
2025-11-28,80,majority_baseline,{},0,0.2633316646,0.4800063888,0.2566619466,0.0001250626535,0,0.002150855148,2.878995434e-05,False
2025-12-01,80,majority_baseline,{},0,0.2633316646,0.4800063888,0.2566619466,0.0001250626535,0,-0.0005718466526,2.827054795e-05,False
2025-12-02,80,majority_baseline,{},0,0.2633316646,0.4800063888,0.2566619466,0.0001250626535,0,0.004878274516,2.797374429e-05,False
2025-12-03,80,majority_baseline,{},0,0.2633316646,0.4800063888,0.2566619466,0.0001250626535,0,-0.001327846424,2.760273973e-05,False
2025-12-04,80,majority_baseline,{},0,0.2633316646,0.4800063888,0.2566619466,0.0001250626535,0,0.0003209938845,2.752853881e-05,False
2025-12-05,80,majority_baseline,{},0,0.2633316646,0.4800063888,0.2566619466,0.0001250626535,0,-0.004311192826,2.752853881e-05,False
2025-12-08,80,majority_baseline,{},0,0.2633316646,0.4800063888,0.2566619466,0.0001250626535,0,-0.0001610867592,2.767694064e-05,False
2025-12-09,80,majority_baseline,{},0,0.2633316646,0.4800063888,0.2566619466,0.0001250626535,0,0.007340028514,2.767694064e-05,False
2025-12-10,80,majority_baseline,{},0,0.2633316646,0.4800063888,0.2566619466,0.0001250626535,0,0.005881963032,2.738013699e-05,False
2025-12-11,80,majority_baseline,{},0,0.2633316646,0.4800063888,0.2566619466,0.0001250626535,0,-0.009314520042,2.715753425e-05,False
2025-12-12,80,majority_baseline,{},0,0.2633316646,0.4800063888,0.2566619466,0.0001250626535,0,-0.007305990444,2.693493151e-05,False
2025-12-15,80,majority_baseline,{},0,0.2633316646,0.4800063888,0.2566619466,0.0001250626535,0,-0.0005299903278,2.708333333e-05,False
2025-12-16,80,majority_baseline,{},0,0.2633316646,0.4800063888,0.2566619466,0.0001250626535,0,-0.01248729954,2.700913242e-05,False
2025-12-17,80,majority_baseline,{},0,0.2633316646,0.4800063888,0.2566619466,0.0001250626535,0,-0.001667657842,2.700913242e-05,False
2025-12-18,80,majority_baseline,{},0,0.2633316646,0.4800063888,0.2566619466,0.0001250626535,0,0.005911999641,2.686073059e-05,False
2025-12-19,80,majority_baseline,{},0,0.2633316646,0.4800063888,0.2566619466,0.0001250626535,0,0.00130130513,2.686073059e-05,False
2025-12-22,80,majority_baseline,{},0,0.2633316646,0.4800063888,0.2566619466,0.0001250626535,0,0.005907180809,2.700913242e-05,False
2025-12-23,80,majority_baseline,{},0,0.2633316646,0.4800063888,0.2566619466,0.0001250626535,0,0.003532222753,1.458333333e-05,False
2025-12-24,81,majority_baseline,{},0,0.2600109745,0.480016705,0.2599723205,0.0001900230518,0,-0.0004778423279,2.738013699e-05,False
2025-12-26,81,majority_baseline,{},0,0.2600109745,0.480016705,0.2599723205,0.0001900230518,0,0.0004508793923,2.700913242e-05,False
2025-12-29,81,majority_baseline,{},0,0.2600109745,0.480016705,0.2599723205,0.0001900230518,0,-0.000640050127,2.730593607e-05,False
2025-12-30,81,majority_baseline,{},0,0.2600109745,0.480016705,0.2599723205,0.0001900230518,0,-0.007596751168,2.708333333e-05,False
2025-12-31,81,majority_baseline,{},0,0.2600109745,0.480016705,0.2599723205,0.0001900230518,0,-0.003704246594,2.723173516e-05,False
2026-01-02,81,majority_baseline,{},0,0.2600109745,0.480016705,0.2599723205,0.0001900230518,0,0.001718753067,2.708333333e-05,False
2026-01-05,81,majority_baseline,{},0,0.2600109745,0.480016705,0.2599723205,0.0001900230518,0,0.005640115867,2.700913242e-05,False
2026-01-06,81,majority_baseline,{},0,0.2600109745,0.480016705,0.2599723205,0.0001900230518,0,-0.003770619797,2.693493151e-05,False
2026-01-07,81,majority_baseline,{},0,0.2600109745,0.480016705,0.2599723205,0.0001900230518,0,0.001001716549,2.686073059e-05,False
2026-01-08,81,majority_baseline,{},0,0.2600109745,0.480016705,0.2599723205,0.0001900230518,0,0.00498096301,2.686073059e-05,False
2026-01-09,81,majority_baseline,{},0,0.2600109745,0.480016705,0.2599723205,0.0001900230518,0,0.006486333106,2.686073059e-05,False
2026-01-12,81,majority_baseline,{},0,0.2600109745,0.480016705,0.2599723205,0.0001900230518,0,-0.002473034499,2.723173516e-05,False
2026-01-13,81,majority_baseline,{},0,0.2600109745,0.480016705,0.2599723205,0.0001900230518,0,-0.000926215161,2.723173516e-05,False
2026-01-14,81,majority_baseline,{},0,0.2600109745,0.480016705,0.2599723205,0.0001900230518,0,-0.003354618042,2.723173516e-05,False
2026-01-15,81,majority_baseline,{},0,0.2600109745,0.480016705,0.2599723205,0.0001900230518,0,-0.002883257171,2.730593607e-05,False
2026-01-16,81,majority_baseline,{},0,0.2600109745,0.480016705,0.2599723205,0.0001900230518,0,-0.005737388955,2.723173516e-05,False
2026-01-20,81,majority_baseline,{},0,0.2600109745,0.480016705,0.2599723205,0.0001900230518,0,0.0084602366,2.74543379e-05,False
2026-01-21,81,majority_baseline,{},0,0.2600109745,0.480016705,0.2599723205,0.0001900230518,0,-0.001261136663,2.74543379e-05,False
2026-01-22,81,majority_baseline,{},0,0.2600109745,0.480016705,0.2599723205,0.0001900230518,0,0.001569361426,2.752853881e-05,False
2026-01-23,81,majority_baseline,{},0,0.2600109745,0.480016705,0.2599723205,0.0001900230518,0,0.003244058894,2.74543379e-05,False
2026-01-26,81,majority_baseline,{},0,0.2600109745,0.480016705,0.2599723205,0.0001900230518,0,0.00188711523,2.723173516e-05,False
2026-01-27,82,majority_baseline,{},0,0.2633185041,0.4767087123,0.2599727837,0.0001565513241,0,-0.002338433403,2.723173516e-05,False
2026-01-28,82,majority_baseline,{},0,0.2633185041,0.4767087123,0.2599727837,0.0001565513241,0,-0.003374598396,2.730593607e-05,False
2026-01-29,82,majority_baseline,{},0,0.2633185041,0.4767087123,0.2599727837,0.0001565513241,0,0.0002601839701,2.723173516e-05,False
2026-01-30,82,majority_baseline,{},0,0.2633185041,0.4767087123,0.2599727837,0.0001565513241,0,0.008454357514,2.723173516e-05,False
2026-02-02,82,majority_baseline,{},0,0.2633185041,0.4767087123,0.2599727837,0.0001565513241,0,-0.009594795273,2.738013699e-05,False
2026-02-03,82,majority_baseline,{},0,0.2633185041,0.4767087123,0.2599727837,0.0001565513241,0,-0.006025890181,2.738013699e-05,False
2026-02-04,82,majority_baseline,{},0,0.2633185041,0.4767087123,0.2599727837,0.0001565513241,0,-0.004875623833,2.738013699e-05,False
2026-02-05,82,majority_baseline,{},0,0.2633185041,0.4767087123,0.2599727837,0.0001565513241,0,0.01344168825,2.723173516e-05,False
2026-02-06,82,majority_baseline,{},0,0.2633185041,0.4767087123,0.2599727837,0.0001565513241,0,0.006570783263,2.730593607e-05,False
2026-02-09,82,majority_baseline,{},0,0.2633185041,0.4767087123,0.2599727837,0.0001565513241,0,-0.004072259895,2.738013699e-05,False
2026-02-10,82,majority_baseline,{},0,0.2633185041,0.4767087123,0.2599727837,0.0001565513241,0,-0.006361367223,2.738013699e-05,False
2026-02-11,82,majority_baseline,{},0,0.2633185041,0.4767087123,0.2599727837,0.0001565513241,0,-0.01868225805,2.74543379e-05,False
2026-02-12,82,majority_baseline,{},0,0.2633185041,0.4767087123,0.2599727837,0.0001565513241,0,8.801296807e-05,2.74543379e-05,False
2026-02-13,82,majority_baseline,{},0,0.2633185041,0.4767087123,0.2599727837,0.0001565513241,0,0.003984416196,2.730593607e-05,False
2026-02-17,82,majority_baseline,{},0,0.2633185041,0.4767087123,0.2599727837,0.0001565513241,0,0.003318555742,2.738013699e-05,False
2026-02-18,82,majority_baseline,{},0,0.2633185041,0.4767087123,0.2599727837,0.0001565513241,0,0.0009358235648,2.74543379e-05,False
2026-02-19,82,majority_baseline,{},0,0.2633185041,0.4767087123,0.2599727837,0.0001565513241,0,0.01042030903,2.738013699e-05,False
2026-02-20,82,majority_baseline,{},0,0.2633185041,0.4767087123,0.2599727837,0.0001565513241,0,-0.007908934352,2.738013699e-05,False
2026-02-23,82,majority_baseline,{},0,0.2633185041,0.4767087123,0.2599727837,0.0001565513241,0,0.007992302318,2.738013699e-05,False
2026-02-24,82,majority_baseline,{},0,0.2633185041,0.4767087123,0.2599727837,0.0001565513241,0,0.004303271302,2.738013699e-05,False
2026-02-25,82,majority_baseline,{},0,0.2633185041,0.4767087123,0.2599727837,0.0001565513241,0,-0.005740885861,2.738013699e-05,False
2026-02-26,83,majority_baseline,{},0,0.276620498,0.4533492315,0.2700302706,9.879001571e-05,0,0.004245360463,2.730593607e-05,False
2026-02-27,83,majority_baseline,{},0,0.276620498,0.4533492315,0.2700302706,9.879001571e-05,0,0.01131573966,2.723173516e-05,False
2026-03-02,83,majority_baseline,{},0,0.276620498,0.4533492315,0.2700302706,9.879001571e-05,0,0.00780674241,2.760273973e-05,False
2026-03-03,83,majority_baseline,{},0,0.276620498,0.4533492315,0.2700302706,9.879001571e-05,0,0.005134750556,2.752853881e-05,False
2026-03-04,83,majority_baseline,{},0,0.276620498,0.4533492315,0.2700302706,9.879001571e-05,0,-0.001128928399,2.752853881e-05,False
2026-03-05,83,majority_baseline,{},0,0.276620498,0.4533492315,0.2700302706,9.879001571e-05,0,-0.00152948164,2.74543379e-05,False
2026-03-06,83,majority_baseline,{},0,0.276620498,0.4533492315,0.2700302706,9.879001571e-05,0,0.01782740529,2.738013699e-05,False
2026-03-09,83,majority_baseline,{},0,0.276620498,0.4533492315,0.2700302706,9.879001571e-05,0,-0.0007967568577,2.752853881e-05,False
2026-03-10,83,majority_baseline,{},0,0.276620498,0.4533492315,0.2700302706,9.879001571e-05,0,-0.001844800586,2.752853881e-05,False
2026-03-11,83,majority_baseline,{},0,0.276620498,0.4533492315,0.2700302706,9.879001571e-05,0,-0.00759874808,2.752853881e-05,False
2026-03-12,83,majority_baseline,{},0,0.276620498,0.4533492315,0.2700302706,9.879001571e-05,0,-0.01042933536,2.760273973e-05,False
2026-03-13,83,majority_baseline,{},0,0.276620498,0.4533492315,0.2700302706,9.879001571e-05,0,0.0009725372532,2.760273973e-05,False
2026-03-16,83,majority_baseline,{},0,0.276620498,0.4533492315,0.2700302706,9.879001571e-05,0,-0.002379625736,2.760273973e-05,False
2026-03-17,83,majority_baseline,{},0,0.276620498,0.4533492315,0.2700302706,9.879001571e-05,0,-0.01036865293,2.760273973e-05,False
2026-03-18,83,majority_baseline,{},0,0.276620498,0.4533492315,0.2700302706,9.879001571e-05,0,0.00430768109,2.767694064e-05,False
2026-03-19,83,majority_baseline,{},0,0.276620498,0.4533492315,0.2700302706,9.879001571e-05,0,-0.0120942595,2.767694064e-05,False
2026-03-20,83,majority_baseline,{},0,0.276620498,0.4533492315,0.2700302706,9.879001571e-05,0,-0.004087714639,2.775114155e-05,False
2026-03-23,83,majority_baseline,{},0,0.276620498,0.4533492315,0.2700302706,9.879001571e-05,0,0.002855716516,2.775114155e-05,False
2026-03-24,83,majority_baseline,{},0,0.276620498,0.4533492315,0.2700302706,9.879001571e-05,0,-0.002808653285,2.775114155e-05,False
2026-03-25,83,majority_baseline,{},0,0.276620498,0.4533492315,0.2700302706,9.879001571e-05,0,-0.01068915559,2.767694064e-05,False
2026-03-26,83,majority_baseline,{},0,0.276620498,0.4533492315,0.2700302706,9.879001571e-05,0,-0.01308945238,2.767694064e-05,False
2026-03-27,84,logistic,"{'C': 0.01, 'class_weight': None}",0,0.3952527251,0.2696066058,0.3351406691,-0.0005773758682,-1,-0.01271658755,2.767694064e-05,False
2026-03-30,84,logistic,"{'C': 0.01, 'class_weight': None}",0,0.3233704455,0.2896377163,0.3869918382,0.0005661356064,1,0.01784208903,2.752853881e-05,False
2026-03-31,84,logistic,"{'C': 0.01, 'class_weight': None}",0,0.367480149,0.2833739071,0.3491459439,-0.0001844177244,0,0.002049190624,2.74543379e-05,False
2026-04-01,84,logistic,"{'C': 0.01, 'class_weight': None}",0,0.3267780006,0.3784606803,0.2947613192,-0.0002155872058,0,0.01455715243,2.74543379e-05,False
2026-04-02,84,logistic,"{'C': 0.01, 'class_weight': None}",0,0.2960278762,0.4792841698,0.224687954,-0.0004740395252,-1,0.004680888317,2.74543379e-05,False
2026-04-06,84,logistic,"{'C': 0.01, 'class_weight': None}",0,0.2774971497,0.495922754,0.2265800963,-0.0002722414745,0,0.003913722968,2.760273973e-05,False
2026-04-07,84,logistic,"{'C': 0.01, 'class_weight': None}",0,0.2836863445,0.48356627,0.2327473855,-0.000284540217,0,-0.0005618132201,2.752853881e-05,False
2026-04-08,84,logistic,"{'C': 0.01, 'class_weight': None}",0,0.1789034915,0.6418964926,0.1792000159,0.0003358830923,0,0.00751281206,2.738013699e-05,False
2026-04-09,84,logistic,"{'C': 0.01, 'class_weight': None}",0,0.1785390282,0.6598051616,0.1616558102,0.0001973725409,0,-0.002729973117,2.730593607e-05,False
2026-04-10,84,logistic,"{'C': 0.01, 'class_weight': None}",0,0.1475851391,0.7229178018,0.129497059,0.0002482299631,0,0.01282827645,2.738013699e-05,False
2026-04-13,84,logistic,"{'C': 0.01, 'class_weight': None}",0,0.1862622911,0.6438416846,0.1698960243,0.0001864362905,0,0.009844580439,2.752853881e-05,False
2026-04-14,84,logistic,"{'C': 0.01, 'class_weight': None}",0,0.1556808478,0.6779997695,0.1663193827,0.000465174922,1,0.006731284217,2.752853881e-05,False
2026-04-15,84,logistic,"{'C': 0.01, 'class_weight': None}",0,0.1566739081,0.6995026781,0.1438234139,0.0002728753807,0,0.0008558120467,2.752853881e-05,False
2026-04-16,84,logistic,"{'C': 0.01, 'class_weight': None}",0,0.1516623348,0.7089258749,0.1394117904,0.0002875522721,0,0.005664599051,2.74543379e-05,False
2026-04-17,84,logistic,"{'C': 0.01, 'class_weight': None}",0,0.1228897225,0.7477288934,0.129381384,0.0004957884683,1,-8.473521766e-05,2.74543379e-05,False
2026-04-20,84,logistic,"{'C': 0.01, 'class_weight': None}",0,0.1663483472,0.6712406018,0.1624110511,0.0003261608906,0,-0.008728968712,2.752853881e-05,False
2026-04-21,84,logistic,"{'C': 0.01, 'class_weight': None}",0,0.2168870278,0.6050770382,0.178035934,-5.575733228e-05,0,0.002904882561,2.738013699e-05,False
2026-04-22,84,logistic,"{'C': 0.01, 'class_weight': None}",0,0.1803548202,0.6451861867,0.174458993,0.0002828580297,0,-0.00147989831,2.738013699e-05,False
2026-04-23,84,logistic,"{'C': 0.01, 'class_weight': None}",0,0.2100839804,0.6041985532,0.1857174663,7.494886875e-05,0,0.004488220192,2.738013699e-05,False
2026-04-24,84,logistic,"{'C': 0.01, 'class_weight': None}",0,0.1439702507,0.7150588338,0.1409709155,0.0003775884637,0,0.002804380536,2.738013699e-05,False
2026-04-27,84,logistic,"{'C': 0.01, 'class_weight': None}",0,0.1940468272,0.6381480582,0.1678051146,9.116023434e-05,0,-0.0001826372764,2.730593607e-05,False
2026-04-28,85,logistic,"{'C': 0.01, 'class_weight': None}",0,0.2380676672,0.560319652,0.2016126808,-5.37109219e-05,0,0.0008157765463,2.730593607e-05,False
2026-04-29,85,logistic,"{'C': 0.01, 'class_weight': None}",0,0.2798115844,0.5181824688,0.2020059468,-0.000470293479,-1,0.005639237424,2.730593607e-05,False
2026-04-30,85,logistic,"{'C': 0.01, 'class_weight': None}",0,0.2301127497,0.527325347,0.2425619033,0.0003581988861,0,-0.0008318551368,2.730593607e-05,False
2026-05-01,85,logistic,"{'C': 0.01, 'class_weight': None}",0,0.2337012602,0.5529838119,0.2133149279,8.505025114e-05,0,-0.002860829564,2.730593607e-05,False
2026-05-04,85,logistic,"{'C': 0.01, 'class_weight': None}",0,0.2905525,0.5026346221,0.2068128779,-0.0005393395463,-1,0.002770965756,2.74543379e-05,False
2026-05-05,85,logistic,"{'C': 0.01, 'class_weight': None}",0,0.2483885178,0.5322886517,0.2193228305,-1.394505628e-05,0,0.007786810725,2.738013699e-05,False
2026-05-06,85,logistic,"{'C': 0.01, 'class_weight': None}",0,0.2234389273,0.5388217511,0.2377393216,0.0003862200533,0,-0.004720727521,2.738013699e-05,False
2026-05-07,85,logistic,"{'C': 0.01, 'class_weight': None}",0,0.2625952579,0.5141641737,0.2232405684,-0.0001250503143,0,0.003660215867,2.738013699e-05,False
2026-05-08,85,logistic,"{'C': 0.01, 'class_weight': None}",0,0.1805081928,0.6261696787,0.1933221285,0.0004578984296,1,0.003869883365,2.738013699e-05,False
2026-05-11,85,logistic,"{'C': 0.01, 'class_weight': None}",0,0.2719884152,0.5069037503,0.2211078344,-0.0002367934167,0,0.001750570699,2.74543379e-05,False
2026-05-12,85,logistic,"{'C': 0.01, 'class_weight': None}",0,0.2719055478,0.4964891985,0.2316052537,-0.0001508726428,0,0.005199977041,2.74543379e-05,False
2026-05-13,85,logistic,"{'C': 0.01, 'class_weight': None}",0,0.2628718628,0.5338786433,0.2032494939,-0.0002898706828,0,0.006078072162,2.738013699e-05,False
2026-05-14,85,logistic,"{'C': 0.01, 'class_weight': None}",0,0.239345647,0.5536817638,0.2069725893,-2.31170181e-05,0,-0.003531990392,2.738013699e-05,False
2026-05-15,85,logistic,"{'C': 0.01, 'class_weight': None}",0,0.3129338459,0.5022098979,0.1848562562,-0.0009423735399,-1,-0.001594951056,2.738013699e-05,False
2026-05-18,85,logistic,"{'C': 0.01, 'class_weight': None}",0,0.3055189028,0.4693184471,0.22516265,-0.0005411041167,-1,-0.001429065489,2.730593607e-05,False
2026-05-19,85,logistic,"{'C': 0.01, 'class_weight': None}",0,0.386515048,0.3561293957,0.2573555562,-0.001094646918,-1,0.007530110945,2.723173516e-05,False
2026-05-20,85,logistic,"{'C': 0.01, 'class_weight': None}",0,0.3120366847,0.411073762,0.2768895533,-0.0001873703252,0,0.005523605487,2.708333333e-05,False
2026-05-21,85,logistic,"{'C': 0.01, 'class_weight': None}",0,0.3418859972,0.4159199521,0.2421940508,-0.0007687567811,-1,-0.000803998205,2.730593607e-05,False
2026-05-22,85,logistic,"{'C': 0.01, 'class_weight': None}",0,0.2900469233,0.4699835034,0.2399695733,-0.0002655019293,0,0.0007733458226,2.730593607e-05,False
2026-05-26,85,logistic,"{'C': 0.01, 'class_weight': None}",0,0.2812198641,0.422218728,0.2965614079,0.0002819701423,0,-0.0005593209282,2.730593607e-05,False
2026-05-27,85,logistic,"{'C': 0.01, 'class_weight': None}",0,0.2520599434,0.4577010519,0.2902390047,0.000523951047,1,0.005798034695,2.730593607e-05,False
2026-05-28,86,logistic,"{'C': 0.01, 'class_weight': None}",0,0.2194417686,0.5001927828,0.2803654486,0.0007824073929,1,0.0007672390975,2.738013699e-05,False
2026-05-29,86,logistic,"{'C': 0.01, 'class_weight': None}",0,0.2006392231,0.5079971538,0.2913636231,0.001059691797,1,0.004209903525,2.738013699e-05,False
2026-06-01,86,logistic,"{'C': 0.01, 'class_weight': None}",0,0.2412606611,0.4353569405,0.3233823983,0.0009093935402,1,0.003355187905,2.804794521e-05,False
2026-06-02,86,logistic,"{'C': 0.01, 'class_weight': None}",0,0.2139797697,0.5300221488,0.2559980815,0.0006412145162,1,-0.005157335721,2.797374429e-05,False
2026-06-03,86,logistic,"{'C': 0.01, 'class_weight': None}",0,0.2695306235,0.414678876,0.3157905005,0.0005644475708,1,0.006634824363,2.804794521e-05,False
2026-06-04,86,logistic,"{'C': 0.01, 'class_weight': None}",0,0.2303366533,0.4722689826,0.2973943641,0.0008100080474,1,-0.01961958468,2.804794521e-05,False
2026-06-05,86,logistic,"{'C': 0.01, 'class_weight': None}",0,0.3163303839,0.3157415609,0.3679280551,0.0005139689074,1,-0.005569326662,2.804794521e-05,False
2026-06-08,86,logistic,"{'C': 0.01, 'class_weight': None}",0,0.3198192007,0.3145749526,0.3656058467,0.0004602540607,1,-0.008848509399,2.819634703e-05,False
2026-06-09,86,logistic,"{'C': 0.01, 'class_weight': None}",0,0.3074619453,0.2952001963,0.3973378583,0.0008396255636,1,-0.01085373651,2.812214612e-05,False
2026-06-10,86,logistic,"{'C': 0.01, 'class_weight': None}",0,0.3615360027,0.2526131612,0.3858508361,0.0002042352483,0,0.01234974453,2.812214612e-05,False
2026-06-11,86,logistic,"{'C': 0.01, 'class_weight': None}",0,0.2703935055,0.3263403936,0.4032661009,0.00125953567,1,0.001404028572,2.804794521e-05,False
2026-06-12,86,logistic,"{'C': 0.01, 'class_weight': None}",0,0.2350604431,0.4630309274,0.3019086295,0.0007988927435,1,0.003963611904,2.804794521e-05,False
2026-06-15,86,logistic,"{'C': 0.01, 'class_weight': None}",0,0.2171280101,0.4890430711,0.2938289187,0.0009139559861,1,-0.005592698771,2.812214612e-05,False
2026-06-16,86,logistic,"{'C': 0.01, 'class_weight': None}",0,0.2239540055,0.4520132838,0.3240327107,0.001088407315,1,-0.01374962577,2.812214612e-05,False
2026-06-17,86,logistic,"{'C': 0.01, 'class_weight': None}",0,0.2653302531,0.3688336647,0.3658360822,0.001009248114,1,-0.001364100228,2.841894977e-05,False
2026-06-18,86,logistic,"{'C': 0.01, 'class_weight': None}",0,0.235028493,0.4163327205,0.3486387865,0.001175163758,1,-0.004426905906,2.841894977e-05,False
2026-06-22,86,logistic,"{'C': 0.01, 'class_weight': None}",0,0.2543975318,0.4708701653,0.2747323029,0.0003860854746,0,-0.0003134060598,2.85673516e-05,False
2026-06-23,86,logistic,"{'C': 0.01, 'class_weight': None}",0,0.2986297156,0.3728336701,0.3285366144,0.0003747979828,0,-0.002625233272,2.85673516e-05,False
2026-06-24,86,logistic,"{'C': 0.01, 'class_weight': None}",0,0.2164662935,0.4237191202,0.3598145862,0.001451463784,1,-0.006238899822,2.85673516e-05,False
2026-06-25,86,logistic,"{'C': 0.01, 'class_weight': None}",0,0.2475016889,0.3830188948,0.3694794164,0.001217581797,1,5.48432668e-05,2.849315068e-05,False
2026-06-26,86,logistic,"{'C': 0.01, 'class_weight': None}",0,0.2227980807,0.4442114854,0.3329904339,0.001172080392,1,0.006068959204,2.841894977e-05,False
2026-06-29,87,logistic,"{'C': 0.01, 'class_weight': None}",0,0.2398871562,0.4564473484,0.3036654954,0.0007466145338,1,0.00739257465,2.871575342e-05,False
2026-06-30,87,logistic,"{'C': 0.01, 'class_weight': None}",0,0.2386908269,0.4714504651,0.289858708,0.0006475775591,1,0.001020147383,2.871575342e-05,False
2026-07-01,87,logistic,"{'C': 0.01, 'class_weight': None}",0,0.2474055649,0.4744633743,0.2781310608,0.0004656322554,1,-0.003505479013,2.85673516e-05,False
2026-07-02,87,logistic,"{'C': 0.01, 'class_weight': None}",0,0.2364272919,0.5164530198,0.2471196883,0.0003265348045,0,0.003392418107,2.834474886e-05,False
2026-07-06,87,logistic,"{'C': 0.01, 'class_weight': None}",0,0.1957502881,0.5895284998,0.2147212121,0.0004748323072,1,-0.003345617016,2.871575342e-05,False
2026-07-07,87,logistic,"{'C': 0.01, 'class_weight': None}",0,0.2427763532,0.5317751145,0.2254485323,8.83842898e-05,0,0.003014224906,2.864155251e-05,False
2026-07-08,87,logistic,"{'C': 0.01, 'class_weight': None}",0,0.251253087,0.5104670812,0.2382798318,0.0001063864759,0,0.005834008888,2.871575342e-05,False
2026-07-09,87,logistic,"{'C': 0.01, 'class_weight': None}",0,0.2227523923,0.5411408918,0.236106716,0.0003754151404,0,0.003856159095,2.841894977e-05,False
2026-07-10,87,logistic,"{'C': 0.01, 'class_weight': None}",0,0.1870127627,0.6219501277,0.1910371097,0.0003721506304,0,-0.004385540857,2.85673516e-05,False
2026-07-13,87,logistic,"{'C': 0.01, 'class_weight': None}",0,0.2986642998,0.4512205156,0.2501151846,-0.0002750201857,0,0.001225238754,2.886415525e-05,False
2026-07-14,87,logistic,"{'C': 0.01, 'class_weight': None}",0,0.254418073,0.4832497524,0.2623321746,0.0002680494876,0,0.0007557374409,2.849315068e-05,False
2026-07-15,87,logistic,"{'C': 0.01, 'class_weight': None}",0,0.2226018154,0.5147713174,0.2626268672,0.0005902598966,1,-0.002710079007,2.841894977e-05,False
2026-07-16,87,logistic,"{'C': 0.01, 'class_weight': None}",0,0.2818063152,0.4460440201,0.2721496647,7.169619332e-05,0,0.001630499235,2.849315068e-05,False
2026-07-17,87,logistic,"{'C': 0.01, 'class_weight': None}",0,0.2975235353,0.4012603148,0.3012161499,0.0001475094533,0,-0.00665270623,2.85673516e-05,False
2026-07-20,87,logistic,"{'C': 0.01, 'class_weight': None}",0,0.3505008771,0.3436780745,0.3058210484,-0.0003480145132,0,0.002666592556,2.864155251e-05,False
2026-07-21,87,logistic,"{'C': 0.01, 'class_weight': None}",0,0.2727012221,0.459357983,0.2679407949,0.0001293705102,0,0.001058072386,2.871575342e-05,False
2026-07-22,87,logistic,"{'C': 0.01, 'class_weight': None}",0,0.3055680216,0.4361656499,0.2582663285,-0.0002788526451,0,-0.001609481596,2.886415525e-05,False
2026-07-23,87,logistic,"{'C': 0.01, 'class_weight': None}",0,0.3475125696,0.3504185154,0.3020689149,-0.0003481564806,0,0.000568689516,2.930936073e-05,False
2026-07-24,87,logistic,"{'C': 0.01, 'class_weight': None}",0,0.2971276263,0.4348734324,0.2679989413,-0.0001157135103,0,-0.007812952451,2.938356164e-05,False
2026-07-27,87,logistic,"{'C': 0.01, 'class_weight': None}",0,0.2926324541,0.3974942199,0.3098733259,0.0002663174016,0,0.002259206692,2.938356164e-05,False
2026-07-28,87,logistic,"{'C': 0.01, 'class_weight': None}",0,0.2911332152,0.3823801509,0.3264866338,0.0004150281266,0,-0.01420320975,2.893835616e-05,False
2026-07-29,88,logistic,"{'C': 0.01, 'class_weight': None}",0,0.3296830374,0.3465224271,0.3237945356,2.851644274e-06,0,0.007662542889,2.841894977e-05,False
2026-07-30,88,logistic,"{'C': 0.01, 'class_weight': None}",0,0.2796819825,0.4319563145,0.288361703,0.0002191553999,0,0.003155767072,2.834474886e-05,False
2026-07-31,88,logistic,"{'C': 0.01, 'class_weight': None}",0,0.263454908,0.4887186545,0.2478264375,5.576192085e-05,0,0.01098150682,2.841894977e-05,False
2026-08-03,88,logistic,"{'C': 0.01, 'class_weight': None}",0,0.26036524,0.4621656813,0.2774690788,0.0003252129767,0,0.01406730228,2.901255708e-05,False
2026-08-04,88,logistic,"{'C': 0.01, 'class_weight': None}",0,0.2527841221,0.516266782,0.2309490959,2.698095e-05,0,-0.00781078532,2.886415525e-05,False
2026-08-05,88,logistic,"{'C': 0.01, 'class_weight': None}",0,0.232198988,0.5581698489,0.2096311631,6.188632003e-05,0,-0.002142304505,2.886415525e-05,False
2026-08-06,88,logistic,"{'C': 0.01, 'class_weight': None}",0,0.2366656382,0.5575007171,0.2058336447,-1.345094544e-05,0,0.002905229752,2.893835616e-05,False
2026-08-07,88,logistic,"{'C': 0.01, 'class_weight': None}",0,0.2129514196,0.5784463936,0.2086021868,0.0002466020663,0,0.0005566317805,2.871575342e-05,False
2026-08-10,88,logistic,"{'C': 0.01, 'class_weight': None}",0,0.2398284348,0.5493549853,0.2108165799,-5.076968173e-06,0,-0.005125729862,2.886415525e-05,False
2026-08-11,88,logistic,"{'C': 0.01, 'class_weight': None}",0,0.2373830541,0.5441858906,0.2184310554,8.070012755e-05,0,-0.00286562938,2.886415525e-05,False
2026-08-12,88,logistic,"{'C': 0.01, 'class_weight': None}",0,0.2373549831,0.5435977325,0.2190472844,8.59390756e-05,0,0.003884535237,2.871575342e-05,False
2026-08-13,88,logistic,"{'C': 0.01, 'class_weight': None}",0,0.2309291355,0.5376138603,0.2314570043,0.0002502050941,0,-0.002825739412,2.871575342e-05,False
2026-08-14,88,logistic,"{'C': 0.01, 'class_weight': None}",0,0.2285278508,0.5729716699,0.1985004793,9.151587375e-06,0,-0.004522159593,2.864155251e-05,False
2026-08-17,88,logistic,"{'C': 0.01, 'class_weight': None}",0,0.259732814,0.5090337395,0.2312334465,-4.040542805e-05,0,-0.001626121998,2.871575342e-05,False
2026-08-18,88,logistic,"{'C': 0.01, 'class_weight': None}",0,0.2692367687,0.4718278764,0.258935355,8.715750181e-05,0,-0.001687506912,2.864155251e-05,False
2026-08-19,88,logistic,"{'C': 0.01, 'class_weight': None}",0,0.2603174673,0.4732240856,0.2664584471,0.0002371128805,0,-0.004386712496,2.864155251e-05,False
2026-08-20,88,logistic,"{'C': 0.01, 'class_weight': None}",0,0.3004265799,0.4242211479,0.2753522722,-9.350809926e-05,0,-0.0004308036098,2.871575342e-05,False
