date,step,model,params,delta,p_short,p_flat,p_long,mu_hat,position,financing,calibration_skipped
2019-03-21,0,majority_baseline,{},0,0.2729545228,0.4601682731,0.2668772041,7.327375669e-05,0,1.84760274e-05,False
2019-03-22,0,majority_baseline,{},0,0.2729545228,0.4601682731,0.2668772041,7.327375669e-05,0,1.825342466e-05,False
2019-03-25,0,majority_baseline,{},0,0.2729545228,0.4601682731,0.2668772041,7.327375669e-05,0,1.825342466e-05,False
2019-03-26,0,majority_baseline,{},0,0.2729545228,0.4601682731,0.2668772041,7.327375669e-05,0,1.825342466e-05,False
2019-03-27,0,majority_baseline,{},0,0.2729545228,0.4601682731,0.2668772041,7.327375669e-05,0,1.810502283e-05,False
2019-03-28,0,majority_baseline,{},0,0.2729545228,0.4601682731,0.2668772041,7.327375669e-05,0,1.803082192e-05,False
2019-03-29,0,majority_baseline,{},0,0.2729545228,0.4601682731,0.2668772041,7.327375669e-05,0,1.780821918e-05,False
2019-04-01,0,majority_baseline,{},0,0.2729545228,0.4601682731,0.2668772041,7.327375669e-05,0,1.803082192e-05,False
2019-04-02,0,majority_baseline,{},0,0.2729545228,0.4601682731,0.2668772041,7.327375669e-05,0,1.7956621e-05,False
2019-04-03,0,majority_baseline,{},0,0.2729545228,0.4601682731,0.2668772041,7.327375669e-05,0,1.810502283e-05,False
2019-04-04,0,majority_baseline,{},0,0.2729545228,0.4601682731,0.2668772041,7.327375669e-05,0,1.810502283e-05,False
2019-04-05,0,majority_baseline,{},0,0.2729545228,0.4601682731,0.2668772041,7.327375669e-05,0,1.810502283e-05,False
2019-04-08,0,majority_baseline,{},0,0.2729545228,0.4601682731,0.2668772041,7.327375669e-05,0,1.803082192e-05,False
2019-04-09,0,majority_baseline,{},0,0.2729545228,0.4601682731,0.2668772041,7.327375669e-05,0,1.7956621e-05,False
2019-04-10,0,majority_baseline,{},0,0.2729545228,0.4601682731,0.2668772041,7.327375669e-05,0,1.803082192e-05,False
2019-04-11,0,majority_baseline,{},0,0.2729545228,0.4601682731,0.2668772041,7.327375669e-05,0,1.803082192e-05,False
2019-04-12,0,majority_baseline,{},0,0.2729545228,0.4601682731,0.2668772041,7.327375669e-05,0,1.810502283e-05,False
2019-04-15,0,majority_baseline,{},0,0.2729545228,0.4601682731,0.2668772041,7.327375669e-05,0,1.803082192e-05,False
2019-04-16,0,majority_baseline,{},0,0.2729545228,0.4601682731,0.2668772041,7.327375669e-05,0,1.803082192e-05,False
2019-04-17,0,majority_baseline,{},0,0.2729545228,0.4601682731,0.2668772041,7.327375669e-05,0,1.810502283e-05,False
2019-04-18,0,majority_baseline,{},0,0.2729545228,0.4601682731,0.2668772041,7.327375669e-05,0,1.7956621e-05,False
2019-04-22,1,majority_baseline,{},0,0.2533437135,0.4899967412,0.2566595453,0.0001437966281,0,1.810502283e-05,False
2019-04-23,1,majority_baseline,{},0,0.2533437135,0.4899967412,0.2566595453,0.0001437966281,0,1.817922374e-05,False
2019-04-24,1,majority_baseline,{},0,0.2533437135,0.4899967412,0.2566595453,0.0001437966281,0,1.810502283e-05,False
2019-04-25,1,majority_baseline,{},0,0.2533437135,0.4899967412,0.2566595453,0.0001437966281,0,1.803082192e-05,False
2019-04-26,1,majority_baseline,{},0,0.2533437135,0.4899967412,0.2566595453,0.0001437966281,0,1.7956621e-05,False
2019-04-29,1,majority_baseline,{},0,0.2533437135,0.4899967412,0.2566595453,0.0001437966281,0,1.810502283e-05,False
2019-04-30,1,majority_baseline,{},0,0.2533437135,0.4899967412,0.2566595453,0.0001437966281,0,1.803082192e-05,False
2019-05-01,1,majority_baseline,{},0,0.2533437135,0.4899967412,0.2566595453,0.0001437966281,0,1.803082192e-05,False
2019-05-02,1,majority_baseline,{},0,0.2533437135,0.4899967412,0.2566595453,0.0001437966281,0,1.832762557e-05,False
2019-05-03,1,majority_baseline,{},0,0.2533437135,0.4899967412,0.2566595453,0.0001437966281,0,1.803082192e-05,False
2019-05-06,1,majority_baseline,{},0,0.2533437135,0.4899967412,0.2566595453,0.0001437966281,0,1.810502283e-05,False
2019-05-07,1,majority_baseline,{},0,0.2533437135,0.4899967412,0.2566595453,0.0001437966281,0,1.803082192e-05,False
2019-05-08,1,majority_baseline,{},0,0.2533437135,0.4899967412,0.2566595453,0.0001437966281,0,1.803082192e-05,False
2019-05-09,1,majority_baseline,{},0,0.2533437135,0.4899967412,0.2566595453,0.0001437966281,0,1.803082192e-05,False
2019-05-10,1,majority_baseline,{},0,0.2533437135,0.4899967412,0.2566595453,0.0001437966281,0,1.803082192e-05,False
2019-05-13,1,majority_baseline,{},0,0.2533437135,0.4899967412,0.2566595453,0.0001437966281,0,1.788242009e-05,False
2019-05-14,1,majority_baseline,{},0,0.2533437135,0.4899967412,0.2566595453,0.0001437966281,0,1.788242009e-05,False
2019-05-15,1,majority_baseline,{},0,0.2533437135,0.4899967412,0.2566595453,0.0001437966281,0,1.7956621e-05,False
2019-05-16,1,majority_baseline,{},0,0.2533437135,0.4899967412,0.2566595453,0.0001437966281,0,1.780821918e-05,False
2019-05-17,1,majority_baseline,{},0,0.2533437135,0.4899967412,0.2566595453,0.0001437966281,0,1.773401826e-05,False
2019-05-20,1,majority_baseline,{},0,0.2533437135,0.4899967412,0.2566595453,0.0001437966281,0,1.773401826e-05,False
2019-05-21,2,majority_baseline,{},0,0.2571518746,0.483197196,0.2596509294,0.0001753920369,0,1.773401826e-05,False
2019-05-22,2,majority_baseline,{},0,0.2571518746,0.483197196,0.2596509294,0.0001753920369,0,1.765981735e-05,False
2019-05-23,2,majority_baseline,{},0,0.2571518746,0.483197196,0.2596509294,0.0001753920369,0,1.758561644e-05,False
2019-05-24,2,majority_baseline,{},0,0.2571518746,0.483197196,0.2596509294,0.0001753920369,0,1.743721461e-05,False
2019-05-28,2,majority_baseline,{},0,0.2571518746,0.483197196,0.2596509294,0.0001753920369,0,1.758561644e-05,False
2019-05-29,2,majority_baseline,{},0,0.2571518746,0.483197196,0.2596509294,0.0001753920369,0,1.758561644e-05,False
2019-05-30,2,majority_baseline,{},0,0.2571518746,0.483197196,0.2596509294,0.0001753920369,0,1.765981735e-05,False
2019-05-31,2,majority_baseline,{},0,0.2571518746,0.483197196,0.2596509294,0.0001753920369,0,1.743721461e-05,False
2019-06-03,2,majority_baseline,{},0,0.2571518746,0.483197196,0.2596509294,0.0001753920369,0,1.743721461e-05,False
2019-06-04,2,majority_baseline,{},0,0.2571518746,0.483197196,0.2596509294,0.0001753920369,0,1.743721461e-05,False
2019-06-05,2,majority_baseline,{},0,0.2571518746,0.483197196,0.2596509294,0.0001753920369,0,1.743721461e-05,False
2019-06-06,2,majority_baseline,{},0,0.2571518746,0.483197196,0.2596509294,0.0001753920369,0,1.728881279e-05,False
2019-06-07,2,majority_baseline,{},0,0.2571518746,0.483197196,0.2596509294,0.0001753920369,0,1.691780822e-05,False
2019-06-10,2,majority_baseline,{},0,0.2571518746,0.483197196,0.2596509294,0.0001753920369,0,1.699200913e-05,False
2019-06-11,2,majority_baseline,{},0,0.2571518746,0.483197196,0.2596509294,0.0001753920369,0,1.684360731e-05,False
2019-06-12,2,majority_baseline,{},0,0.2571518746,0.483197196,0.2596509294,0.0001753920369,0,1.662100457e-05,False
2019-06-13,2,majority_baseline,{},0,0.2571518746,0.483197196,0.2596509294,0.0001753920369,0,1.625e-05,False
2019-06-14,2,majority_baseline,{},0,0.2571518746,0.483197196,0.2596509294,0.0001753920369,0,1.632420091e-05,False
2019-06-17,2,majority_baseline,{},0,0.2571518746,0.483197196,0.2596509294,0.0001753920369,0,1.654680365e-05,False
2019-06-18,2,majority_baseline,{},0,0.2571518746,0.483197196,0.2596509294,0.0001753920369,0,1.647260274e-05,False
2019-06-19,2,majority_baseline,{},0,0.2571518746,0.483197196,0.2596509294,0.0001753920369,0,1.617579909e-05,False
2019-06-20,3,majority_baseline,{},0,0.2469801536,0.4899595318,0.2630603146,0.0002737635809,0,1.587899543e-05,False
2019-06-21,3,majority_baseline,{},0,0.2469801536,0.4899595318,0.2630603146,0.0002737635809,0,1.565639269e-05,False
2019-06-24,3,majority_baseline,{},0,0.2469801536,0.4899595318,0.2630603146,0.0002737635809,0,1.580479452e-05,False
2019-06-25,3,majority_baseline,{},0,0.2469801536,0.4899595318,0.2630603146,0.0002737635809,0,1.573059361e-05,False
2019-06-26,3,majority_baseline,{},0,0.2469801536,0.4899595318,0.2630603146,0.0002737635809,0,1.595319635e-05,False
2019-06-27,3,majority_baseline,{},0,0.2469801536,0.4899595318,0.2630603146,0.0002737635809,0,1.587899543e-05,False
2019-06-28,3,majority_baseline,{},0,0.2469801536,0.4899595318,0.2630603146,0.0002737635809,0,1.573059361e-05,False
2019-07-01,3,majority_baseline,{},0,0.2469801536,0.4899595318,0.2630603146,0.0002737635809,0,1.639840183e-05,False
2019-07-02,3,majority_baseline,{},0,0.2469801536,0.4899595318,0.2630603146,0.0002737635809,0,8.789954338e-06,False
2019-07-03,3,majority_baseline,{},0,0.2469801536,0.4899595318,0.2630603146,0.0002737635809,0,1.639840183e-05,False
2019-07-05,3,majority_baseline,{},0,0.2469801536,0.4899595318,0.2630603146,0.0002737635809,0,1.654680365e-05,False
2019-07-08,3,majority_baseline,{},0,0.2469801536,0.4899595318,0.2630603146,0.0002737635809,0,1.676940639e-05,False
2019-07-09,3,majority_baseline,{},0,0.2469801536,0.4899595318,0.2630603146,0.0002737635809,0,1.676940639e-05,False
2019-07-10,3,majority_baseline,{},0,0.2469801536,0.4899595318,0.2630603146,0.0002737635809,0,1.632420091e-05,False
2019-07-11,3,majority_baseline,{},0,0.2469801536,0.4899595318,0.2630603146,0.0002737635809,0,1.610159817e-05,False
2019-07-12,3,majority_baseline,{},0,0.2469801536,0.4899595318,0.2630603146,0.0002737635809,0,1.587899543e-05,False
2019-07-15,3,majority_baseline,{},0,0.2469801536,0.4899595318,0.2630603146,0.0002737635809,0,1.602739726e-05,False
2019-07-16,3,majority_baseline,{},0,0.2469801536,0.4899595318,0.2630603146,0.0002737635809,0,1.595319635e-05,False
2019-07-17,3,majority_baseline,{},0,0.2469801536,0.4899595318,0.2630603146,0.0002737635809,0,1.587899543e-05,False
2019-07-18,3,majority_baseline,{},0,0.2469801536,0.4899595318,0.2630603146,0.0002737635809,0,1.521118721e-05,False
2019-07-19,3,majority_baseline,{},0,0.2469801536,0.4899595318,0.2630603146,0.0002737635809,0,1.528538813e-05,False
2019-07-22,4,majority_baseline,{},0,0.2467142722,0.486822886,0.2664628418,0.000283968327,0,1.550799087e-05,False
2019-07-23,4,majority_baseline,{},0,0.2467142722,0.486822886,0.2664628418,0.000283968327,0,1.528538813e-05,False
2019-07-24,4,majority_baseline,{},0,0.2467142722,0.486822886,0.2664628418,0.000283968327,0,1.558219178e-05,False
2019-07-25,4,majority_baseline,{},0,0.2467142722,0.486822886,0.2664628418,0.000283968327,0,1.558219178e-05,False
2019-07-26,4,majority_baseline,{},0,0.2467142722,0.486822886,0.2664628418,0.000283968327,0,1.573059361e-05,False
2019-07-29,4,majority_baseline,{},0,0.2467142722,0.486822886,0.2664628418,0.000283968327,0,1.573059361e-05,False
2019-07-30,4,majority_baseline,{},0,0.2467142722,0.486822886,0.2664628418,0.000283968327,0,1.543378995e-05,False
2019-07-31,4,majority_baseline,{},0,0.2467142722,0.486822886,0.2664628418,0.000283968327,0,1.543378995e-05,False
2019-08-01,4,majority_baseline,{},0,0.2467142722,0.486822886,0.2664628418,0.000283968327,0,1.535958904e-05,False
2019-08-02,4,majority_baseline,{},0,0.2467142722,0.486822886,0.2664628418,0.000283968327,0,1.528538813e-05,False
2019-08-05,4,majority_baseline,{},0,0.2467142722,0.486822886,0.2664628418,0.000283968327,0,1.521118721e-05,False
2019-08-06,4,majority_baseline,{},0,0.2467142722,0.486822886,0.2664628418,0.000283968327,0,1.521118721e-05,False
2019-08-07,4,majority_baseline,{},0,0.2467142722,0.486822886,0.2664628418,0.000283968327,0,1.498858447e-05,False
2019-08-08,4,majority_baseline,{},0,0.2467142722,0.486822886,0.2664628418,0.000283968327,0,1.498858447e-05,False
2019-08-09,4,majority_baseline,{},0,0.2467142722,0.486822886,0.2664628418,0.000283968327,0,1.484018265e-05,False
2019-08-12,4,majority_baseline,{},0,0.2467142722,0.486822886,0.2664628418,0.000283968327,0,1.484018265e-05,False
2019-08-13,4,majority_baseline,{},0,0.2467142722,0.486822886,0.2664628418,0.000283968327,0,1.484018265e-05,False
2019-08-14,4,majority_baseline,{},0,0.2467142722,0.486822886,0.2664628418,0.000283968327,0,1.4543379e-05,False
2019-08-15,4,majority_baseline,{},0,0.2467142722,0.486822886,0.2664628418,0.000283968327,0,1.417237443e-05,False
2019-08-16,4,majority_baseline,{},0,0.2467142722,0.486822886,0.2664628418,0.000283968327,0,1.387557078e-05,False
2019-08-19,4,majority_baseline,{},0,0.2467142722,0.486822886,0.2664628418,0.000283968327,0,1.439497717e-05,False
2019-08-20,5,majority_baseline,{},0,0.2598949326,0.4702065239,0.2698985435,0.0002008908374,0,1.439497717e-05,False
2019-08-21,5,majority_baseline,{},0,0.2598949326,0.4702065239,0.2698985435,0.0002008908374,0,1.461757991e-05,False
2019-08-22,5,majority_baseline,{},0,0.2598949326,0.4702065239,0.2698985435,0.0002008908374,0,1.484018265e-05,False
2019-08-23,5,majority_baseline,{},0,0.2598949326,0.4702065239,0.2698985435,0.0002008908374,0,1.461757991e-05,False
2019-08-26,5,majority_baseline,{},0,0.2598949326,0.4702065239,0.2698985435,0.0002008908374,0,1.491438356e-05,False
2019-08-27,5,majority_baseline,{},0,0.2598949326,0.4702065239,0.2698985435,0.0002008908374,0,1.469178082e-05,False
2019-08-28,5,majority_baseline,{},0,0.2598949326,0.4702065239,0.2698985435,0.0002008908374,0,1.476598174e-05,False
2019-08-29,5,majority_baseline,{},0,0.2598949326,0.4702065239,0.2698985435,0.0002008908374,0,1.476598174e-05,False
2019-08-30,5,majority_baseline,{},0,0.2598949326,0.4702065239,0.2698985435,0.0002008908374,0,1.476598174e-05,False
2019-09-03,5,majority_baseline,{},0,0.2598949326,0.4702065239,0.2698985435,0.0002008908374,0,1.469178082e-05,False
2019-09-04,5,majority_baseline,{},0,0.2598949326,0.4702065239,0.2698985435,0.0002008908374,0,1.461757991e-05,False
2019-09-05,5,majority_baseline,{},0,0.2598949326,0.4702065239,0.2698985435,0.0002008908374,0,1.461757991e-05,False
2019-09-06,5,majority_baseline,{},0,0.2598949326,0.4702065239,0.2698985435,0.0002008908374,0,1.4543379e-05,False
2019-09-09,5,majority_baseline,{},0,0.2598949326,0.4702065239,0.2698985435,0.0002008908374,0,1.4543379e-05,False
2019-09-10,5,majority_baseline,{},0,0.2598949326,0.4702065239,0.2698985435,0.0002008908374,0,1.446917808e-05,False
2019-09-11,5,majority_baseline,{},0,0.2598949326,0.4702065239,0.2698985435,0.0002008908374,0,1.4543379e-05,False
2019-09-12,5,majority_baseline,{},0,0.2598949326,0.4702065239,0.2698985435,0.0002008908374,0,1.446917808e-05,False
2019-09-13,5,majority_baseline,{},0,0.2598949326,0.4702065239,0.2698985435,0.0002008908374,0,1.4543379e-05,False
2019-09-16,5,majority_baseline,{},0,0.2598949326,0.4702065239,0.2698985435,0.0002008908374,0,1.476598174e-05,False
2019-09-17,5,majority_baseline,{},0,0.2598949326,0.4702065239,0.2698985435,0.0002008908374,0,1.476598174e-05,False
2019-09-18,5,majority_baseline,{},0,0.2598949326,0.4702065239,0.2698985435,0.0002008908374,0,1.446917808e-05,False
2019-09-19,6,majority_baseline,{},0,0.2500238407,0.4933114141,0.2566647452,0.0001780742465,0,1.432077626e-05,False
2019-09-20,6,majority_baseline,{},0,0.2500238407,0.4933114141,0.2566647452,0.0001780742465,0,1.417237443e-05,False
2019-09-23,6,majority_baseline,{},0,0.2500238407,0.4933114141,0.2566647452,0.0001780742465,0,1.439497717e-05,False
2019-09-24,6,majority_baseline,{},0,0.2500238407,0.4933114141,0.2566647452,0.0001780742465,0,1.424657534e-05,False
2019-09-25,6,majority_baseline,{},0,0.2500238407,0.4933114141,0.2566647452,0.0001780742465,0,1.40239726e-05,False
2019-09-26,6,majority_baseline,{},0,0.2500238407,0.4933114141,0.2566647452,0.0001780742465,0,1.357876712e-05,False
2019-09-27,6,majority_baseline,{},0,0.2500238407,0.4933114141,0.2566647452,0.0001780742465,0,1.335616438e-05,False
2019-09-30,6,majority_baseline,{},0,0.2500238407,0.4933114141,0.2566647452,0.0001780742465,0,1.394977169e-05,False
2019-10-01,6,majority_baseline,{},0,0.2500238407,0.4933114141,0.2566647452,0.0001780742465,0,1.350456621e-05,False
2019-10-02,6,majority_baseline,{},0,0.2500238407,0.4933114141,0.2566647452,0.0001780742465,0,1.328196347e-05,False
2019-10-03,6,majority_baseline,{},0,0.2500238407,0.4933114141,0.2566647452,0.0001780742465,0,1.261415525e-05,False
2019-10-04,6,majority_baseline,{},0,0.2500238407,0.4933114141,0.2566647452,0.0001780742465,0,1.268835616e-05,False
2019-10-07,6,majority_baseline,{},0,0.2500238407,0.4933114141,0.2566647452,0.0001780742465,0,1.298515982e-05,False
2019-10-08,6,majority_baseline,{},0,0.2500238407,0.4933114141,0.2566647452,0.0001780742465,0,1.276255708e-05,False
2019-10-09,6,majority_baseline,{},0,0.2500238407,0.4933114141,0.2566647452,0.0001780742465,0,1.253995434e-05,False
2019-10-10,6,majority_baseline,{},0,0.2500238407,0.4933114141,0.2566647452,0.0001780742465,0,1.246575342e-05,False
2019-10-11,6,majority_baseline,{},0,0.2500238407,0.4933114141,0.2566647452,0.0001780742465,0,1.246575342e-05,False
2019-10-14,6,majority_baseline,{},0,0.2500238407,0.4933114141,0.2566647452,0.0001780742465,0,1.246575342e-05,False
2019-10-15,6,majority_baseline,{},0,0.2500238407,0.4933114141,0.2566647452,0.0001780742465,0,1.239155251e-05,False
2019-10-16,6,majority_baseline,{},0,0.2500238407,0.4933114141,0.2566647452,0.0001780742465,0,1.23173516e-05,False
2019-10-17,6,majority_baseline,{},0,0.2500238407,0.4933114141,0.2566647452,0.0001780742465,0,1.23173516e-05,False
2019-10-18,7,majority_baseline,{},0,0.2575885131,0.4858769043,0.2565345827,9.178037799e-05,0,1.23173516e-05,False
2019-10-21,7,majority_baseline,{},0,0.2575885131,0.4858769043,0.2565345827,9.178037799e-05,0,1.239155251e-05,False
2019-10-22,7,majority_baseline,{},0,0.2575885131,0.4858769043,0.2565345827,9.178037799e-05,0,1.224315068e-05,False
2019-10-23,7,majority_baseline,{},0,0.2575885131,0.4858769043,0.2565345827,9.178037799e-05,0,1.224315068e-05,False
2019-10-24,7,majority_baseline,{},0,0.2575885131,0.4858769043,0.2565345827,9.178037799e-05,0,1.239155251e-05,False
2019-10-25,7,majority_baseline,{},0,0.2575885131,0.4858769043,0.2565345827,9.178037799e-05,0,1.23173516e-05,False
2019-10-28,7,majority_baseline,{},0,0.2575885131,0.4858769043,0.2565345827,9.178037799e-05,0,1.224315068e-05,False
2019-10-29,7,majority_baseline,{},0,0.2575885131,0.4858769043,0.2565345827,9.178037799e-05,0,1.209474886e-05,False
2019-10-30,7,majority_baseline,{},0,0.2575885131,0.4858769043,0.2565345827,9.178037799e-05,0,1.202054795e-05,False
2019-10-31,7,majority_baseline,{},0,0.2575885131,0.4858769043,0.2565345827,9.178037799e-05,0,1.142694064e-05,False
2019-11-01,7,majority_baseline,{},0,0.2575885131,0.4858769043,0.2565345827,9.178037799e-05,0,1.127853881e-05,False
2019-11-04,7,majority_baseline,{},0,0.2575885131,0.4858769043,0.2565345827,9.178037799e-05,0,1.135273973e-05,False
2019-11-05,7,majority_baseline,{},0,0.2575885131,0.4858769043,0.2565345827,9.178037799e-05,0,1.157534247e-05,False
2019-11-06,7,majority_baseline,{},0,0.2575885131,0.4858769043,0.2565345827,9.178037799e-05,0,1.157534247e-05,False
2019-11-07,7,majority_baseline,{},0,0.2575885131,0.4858769043,0.2565345827,9.178037799e-05,0,1.157534247e-05,False
2019-11-08,7,majority_baseline,{},0,0.2575885131,0.4858769043,0.2565345827,9.178037799e-05,0,1.150114155e-05,False
2019-11-11,7,majority_baseline,{},0,0.2575885131,0.4858769043,0.2565345827,9.178037799e-05,0,1.150114155e-05,False
2019-11-12,7,majority_baseline,{},0,0.2575885131,0.4858769043,0.2565345827,9.178037799e-05,0,1.179794521e-05,False
2019-11-13,7,majority_baseline,{},0,0.2575885131,0.4858769043,0.2565345827,9.178037799e-05,0,1.164954338e-05,False
2019-11-14,7,majority_baseline,{},0,0.2575885131,0.4858769043,0.2565345827,9.178037799e-05,0,1.164954338e-05,False
2019-11-15,7,majority_baseline,{},0,0.2575885131,0.4858769043,0.2565345827,9.178037799e-05,0,1.164954338e-05,False
2019-11-18,8,majority_baseline,{},0,0.2473210145,0.496075636,0.2566033495,0.0001938564734,0,1.164954338e-05,False
2019-11-19,8,majority_baseline,{},0,0.2473210145,0.496075636,0.2566033495,0.0001938564734,0,1.164954338e-05,False
2019-11-20,8,majority_baseline,{},0,0.2473210145,0.496075636,0.2566033495,0.0001938564734,0,1.164954338e-05,False
2019-11-21,8,majority_baseline,{},0,0.2473210145,0.496075636,0.2566033495,0.0001938564734,0,1.172374429e-05,False
2019-11-22,8,majority_baseline,{},0,0.2473210145,0.496075636,0.2566033495,0.0001938564734,0,1.172374429e-05,False
2019-11-25,8,majority_baseline,{},0,0.2473210145,0.496075636,0.2566033495,0.0001938564734,0,1.194634703e-05,False
2019-11-26,8,majority_baseline,{},0,0.2473210145,0.496075636,0.2566033495,0.0001938564734,0,1.187214612e-05,False
2019-11-27,8,majority_baseline,{},0,0.2473210145,0.496075636,0.2566033495,0.0001938564734,0,6.47260274e-06,False
2019-11-29,8,majority_baseline,{},0,0.2473210145,0.496075636,0.2566033495,0.0001938564734,0,1.179794521e-05,False
2019-12-02,8,majority_baseline,{},0,0.2473210145,0.496075636,0.2566033495,0.0001938564734,0,1.187214612e-05,False
2019-12-03,8,majority_baseline,{},0,0.2473210145,0.496075636,0.2566033495,0.0001938564734,0,1.164954338e-05,False
2019-12-04,8,majority_baseline,{},0,0.2473210145,0.496075636,0.2566033495,0.0001938564734,0,1.150114155e-05,False
2019-12-05,8,majority_baseline,{},0,0.2473210145,0.496075636,0.2566033495,0.0001938564734,0,1.142694064e-05,False
2019-12-06,8,majority_baseline,{},0,0.2473210145,0.496075636,0.2566033495,0.0001938564734,0,1.135273973e-05,False
2019-12-09,8,majority_baseline,{},0,0.2473210145,0.496075636,0.2566033495,0.0001938564734,0,1.142694064e-05,False
2019-12-10,8,majority_baseline,{},0,0.2473210145,0.496075636,0.2566033495,0.0001938564734,0,1.157534247e-05,False
2019-12-11,8,majority_baseline,{},0,0.2473210145,0.496075636,0.2566033495,0.0001938564734,0,1.164954338e-05,False
2019-12-12,8,majority_baseline,{},0,0.2473210145,0.496075636,0.2566033495,0.0001938564734,0,1.157534247e-05,False
2019-12-13,8,majority_baseline,{},0,0.2473210145,0.496075636,0.2566033495,0.0001938564734,0,1.164954338e-05,False
2019-12-16,8,majority_baseline,{},0,0.2473210145,0.496075636,0.2566033495,0.0001938564734,0,1.164954338e-05,False
2019-12-17,8,majority_baseline,{},0,0.2473210145,0.496075636,0.2566033495,0.0001938564734,0,1.157534247e-05,False
2019-12-18,9,majority_baseline,{},0,0.2400649047,0.4999386309,0.2599964644,0.0002778066385,0,1.157534247e-05,False
2019-12-19,9,majority_baseline,{},0,0.2400649047,0.4999386309,0.2599964644,0.0002778066385,0,1.164954338e-05,False
2019-12-20,9,majority_baseline,{},0,0.2400649047,0.4999386309,0.2599964644,0.0002778066385,0,1.172374429e-05,False
2019-12-23,9,majority_baseline,{},0,0.2400649047,0.4999386309,0.2599964644,0.0002778066385,0,6.352739726e-06,False
2019-12-24,9,majority_baseline,{},0,0.2400649047,0.4999386309,0.2599964644,0.0002778066385,0,1.172374429e-05,False
2019-12-26,9,majority_baseline,{},0,0.2400649047,0.4999386309,0.2599964644,0.0002778066385,0,1.172374429e-05,False
2019-12-27,9,majority_baseline,{},0,0.2400649047,0.4999386309,0.2599964644,0.0002778066385,0,1.164954338e-05,False
2019-12-30,9,majority_baseline,{},0,0.2400649047,0.4999386309,0.2599964644,0.0002778066385,0,1.164954338e-05,False
2019-12-31,9,majority_baseline,{},0,0.2400649047,0.4999386309,0.2599964644,0.0002778066385,0,1.150114155e-05,False
2020-01-02,9,majority_baseline,{},0,0.2400649047,0.4999386309,0.2599964644,0.0002778066385,0,1.142694064e-05,False
2020-01-03,9,majority_baseline,{},0,0.2400649047,0.4999386309,0.2599964644,0.0002778066385,0,1.127853881e-05,False
2020-01-06,9,majority_baseline,{},0,0.2400649047,0.4999386309,0.2599964644,0.0002778066385,0,1.157534247e-05,False
2020-01-07,9,majority_baseline,{},0,0.2400649047,0.4999386309,0.2599964644,0.0002778066385,0,1.142694064e-05,False
2020-01-08,9,majority_baseline,{},0,0.2400649047,0.4999386309,0.2599964644,0.0002778066385,0,1.142694064e-05,False
2020-01-09,9,majority_baseline,{},0,0.2400649047,0.4999386309,0.2599964644,0.0002778066385,0,1.142694064e-05,False
2020-01-10,9,majority_baseline,{},0,0.2400649047,0.4999386309,0.2599964644,0.0002778066385,0,1.142694064e-05,False
2020-01-13,9,majority_baseline,{},0,0.2400649047,0.4999386309,0.2599964644,0.0002778066385,0,1.164954338e-05,False
2020-01-14,9,majority_baseline,{},0,0.2400649047,0.4999386309,0.2599964644,0.0002778066385,0,1.164954338e-05,False
2020-01-15,9,majority_baseline,{},0,0.2400649047,0.4999386309,0.2599964644,0.0002778066385,0,1.164954338e-05,False
2020-01-16,9,majority_baseline,{},0,0.2400649047,0.4999386309,0.2599964644,0.0002778066385,0,1.150114155e-05,False
2020-01-17,9,majority_baseline,{},0,0.2400649047,0.4999386309,0.2599964644,0.0002778066385,0,1.157534247e-05,False
2020-01-21,10,majority_baseline,{},0,0.2298857737,0.4999728388,0.2701413876,0.0004511844392,1,1.157534247e-05,False
2020-01-22,10,majority_baseline,{},0,0.2298857737,0.4999728388,0.2701413876,0.0004511844392,1,1.150114155e-05,False
2020-01-23,10,majority_baseline,{},0,0.2298857737,0.4999728388,0.2701413876,0.0004511844392,1,1.150114155e-05,False
2020-01-24,10,majority_baseline,{},0,0.2298857737,0.4999728388,0.2701413876,0.0004511844392,1,1.142694064e-05,False
2020-01-27,10,majority_baseline,{},0,0.2298857737,0.4999728388,0.2701413876,0.0004511844392,1,1.150114155e-05,False
2020-01-28,10,majority_baseline,{},0,0.2298857737,0.4999728388,0.2701413876,0.0004511844392,1,1.164954338e-05,False
2020-01-29,10,majority_baseline,{},0,0.2298857737,0.4999728388,0.2701413876,0.0004511844392,1,1.157534247e-05,False
2020-01-30,10,majority_baseline,{},0,0.2298857737,0.4999728388,0.2701413876,0.0004511844392,1,1.164954338e-05,False
2020-01-31,10,majority_baseline,{},0,0.2298857737,0.4999728388,0.2701413876,0.0004511844392,1,1.150114155e-05,False
2020-02-03,10,majority_baseline,{},0,0.2298857737,0.4999728388,0.2701413876,0.0004511844392,1,1.164954338e-05,False
2020-02-04,10,majority_baseline,{},0,0.2298857737,0.4999728388,0.2701413876,0.0004511844392,1,1.164954338e-05,False
2020-02-05,10,majority_baseline,{},0,0.2298857737,0.4999728388,0.2701413876,0.0004511844392,1,1.164954338e-05,False
2020-02-06,10,majority_baseline,{},0,0.2298857737,0.4999728388,0.2701413876,0.0004511844392,1,1.164954338e-05,False
2020-02-07,10,majority_baseline,{},0,0.2298857737,0.4999728388,0.2701413876,0.0004511844392,1,1.157534247e-05,False
2020-02-10,10,majority_baseline,{},0,0.2298857737,0.4999728388,0.2701413876,0.0004511844392,1,1.172374429e-05,False
2020-02-11,10,majority_baseline,{},0,0.2298857737,0.4999728388,0.2701413876,0.0004511844392,1,1.164954338e-05,False
2020-02-12,10,majority_baseline,{},0,0.2298857737,0.4999728388,0.2701413876,0.0004511844392,1,1.172374429e-05,False
2020-02-13,10,majority_baseline,{},0,0.2298857737,0.4999728388,0.2701413876,0.0004511844392,1,1.179794521e-05,False
2020-02-14,10,majority_baseline,{},0,0.2298857737,0.4999728388,0.2701413876,0.0004511844392,1,1.172374429e-05,False
2020-02-18,10,majority_baseline,{},0,0.2298857737,0.4999728388,0.2701413876,0.0004511844392,1,1.172374429e-05,False
2020-02-19,10,majority_baseline,{},0,0.2298857737,0.4999728388,0.2701413876,0.0004511844392,1,1.172374429e-05,False
2020-02-20,11,majority_baseline,{},0,0.2265539795,0.5136157215,0.259830299,0.0004096312996,0,1.172374429e-05,False
2020-02-21,11,majority_baseline,{},0,0.2265539795,0.5136157215,0.259830299,0.0004096312996,0,1.157534247e-05,False
2020-02-24,11,majority_baseline,{},0,0.2265539795,0.5136157215,0.259830299,0.0004096312996,0,1.135273973e-05,False
2020-02-25,11,majority_baseline,{},0,0.2265539795,0.5136157215,0.259830299,0.0004096312996,0,1.135273973e-05,False
2020-02-26,11,majority_baseline,{},0,0.2265539795,0.5136157215,0.259830299,0.0004096312996,0,1.135273973e-05,False
2020-02-27,11,majority_baseline,{},0,0.2265539795,0.5136157215,0.259830299,0.0004096312996,0,1.075913242e-05,False
2020-02-28,11,majority_baseline,{},0,0.2265539795,0.5136157215,0.259830299,0.0004096312996,1,9.423515982e-06,False
2020-03-02,11,majority_baseline,{},0,0.2265539795,0.5136157215,0.259830299,0.0004096312996,1,8.384703196e-06,False
2020-03-03,11,majority_baseline,{},0,0.2265539795,0.5136157215,0.259830299,0.0004096312996,1,7.049086758e-06,False
2020-03-04,11,majority_baseline,{},0,0.2265539795,0.5136157215,0.259830299,0.0004096312996,1,5.342465753e-06,False
2020-03-05,11,majority_baseline,{},0,0.2265539795,0.5136157215,0.259830299,0.0004096312996,1,4.600456621e-06,False
2020-03-06,11,majority_baseline,{},0,0.2265539795,0.5136157215,0.259830299,0.0004096312996,1,3.339041096e-06,False
2020-03-09,11,majority_baseline,{},0,0.2265539795,0.5136157215,0.259830299,0.0004096312996,1,2.448630137e-06,False
2020-03-10,11,majority_baseline,{},0,0.2265539795,0.5136157215,0.259830299,0.0004096312996,1,3.264840183e-06,False
2020-03-11,11,majority_baseline,{},0,0.2265539795,0.5136157215,0.259830299,0.0004096312996,1,3.116438356e-06,False
2020-03-12,11,majority_baseline,{},0,0.2265539795,0.5136157215,0.259830299,0.0004096312996,1,2.448630137e-06,False
2020-03-13,11,majority_baseline,{},0,0.2265539795,0.5136157215,0.259830299,0.0004096312996,1,2.077625571e-06,False
2020-03-16,11,majority_baseline,{},0,0.2265539795,0.5136157215,0.259830299,0.0004096312996,1,1.780821918e-06,False
2020-03-17,11,majority_baseline,{},0,0.2265539795,0.5136157215,0.259830299,0.0004096312996,1,1.409817352e-06,False
2020-03-18,11,majority_baseline,{},0,0.2265539795,0.5136157215,0.259830299,0.0004096312996,1,1.484018265e-07,False
2020-03-19,11,majority_baseline,{},0,0.2265539795,0.5136157215,0.259830299,0.0004096312996,1,2.96803653e-07,False
2020-03-20,12,majority_baseline,{},0,0.2136903748,0.5234772961,0.2628323292,0.0005172240766,1,3.710045662e-07,False
2020-03-23,12,majority_baseline,{},0,0.2136903748,0.5234772961,0.2628323292,0.0005172240766,1,1.484018265e-07,False
2020-03-24,12,majority_baseline,{},0,0.2136903748,0.5234772961,0.2628323292,0.0005172240766,1,7.420091324e-08,False
2020-03-25,12,majority_baseline,{},0,0.2136903748,0.5234772961,0.2628323292,0.0005172240766,1,0,False
2020-03-26,12,majority_baseline,{},0,0.2136903748,0.5234772961,0.2628323292,0.0005172240766,1,0,False
2020-03-27,12,majority_baseline,{},0,0.2136903748,0.5234772961,0.2628323292,0.0005172240766,1,2.226027397e-07,False
2020-03-30,12,majority_baseline,{},0,0.2136903748,0.5234772961,0.2628323292,0.0005172240766,1,8.904109589e-07,False
2020-03-31,12,majority_baseline,{},0,0.2136903748,0.5234772961,0.2628323292,0.0005172240766,1,8.162100457e-07,False
2020-04-01,12,majority_baseline,{},0,0.2136903748,0.5234772961,0.2628323292,0.0005172240766,1,6.678082192e-07,False
2020-04-02,12,majority_baseline,{},0,0.2136903748,0.5234772961,0.2628323292,0.0005172240766,1,6.678082192e-07,False
2020-04-03,12,majority_baseline,{},0,0.2136903748,0.5234772961,0.2628323292,0.0005172240766,1,7.420091324e-07,False
2020-04-06,12,majority_baseline,{},0,0.2136903748,0.5234772961,0.2628323292,0.0005172240766,1,1.113013699e-06,False
2020-04-07,12,majority_baseline,{},0,0.2136903748,0.5234772961,0.2628323292,0.0005172240766,1,1.038812785e-06,False
2020-04-08,12,majority_baseline,{},0,0.2136903748,0.5234772961,0.2628323292,0.0005172240766,1,1.632420091e-06,False
2020-04-09,12,majority_baseline,{},0,0.2136903748,0.5234772961,0.2628323292,0.0005172240766,1,1.855022831e-06,False
2020-04-13,12,majority_baseline,{},0,0.2136903748,0.5234772961,0.2628323292,0.0005172240766,1,1.929223744e-06,False
2020-04-14,12,majority_baseline,{},0,0.2136903748,0.5234772961,0.2628323292,0.0005172240766,1,1.484018265e-06,False
2020-04-15,12,majority_baseline,{},0,0.2136903748,0.5234772961,0.2628323292,0.0005172240766,1,1.038812785e-06,False
2020-04-16,12,majority_baseline,{},0,0.2136903748,0.5234772961,0.2628323292,0.0005172240766,1,1.038812785e-06,False
2020-04-17,12,majority_baseline,{},0,0.2136903748,0.5234772961,0.2628323292,0.0005172240766,1,8.904109589e-07,False
2020-04-20,12,majority_baseline,{},0,0.2136903748,0.5234772961,0.2628323292,0.0005172240766,1,8.904109589e-07,False
2020-04-21,13,majority_baseline,{},0,0.2200413548,0.5232656961,0.2566929491,0.0005053891443,1,8.162100457e-07,False
2020-04-22,13,majority_baseline,{},0,0.2200413548,0.5232656961,0.2566929491,0.0005053891443,1,8.904109589e-07,False
2020-04-23,13,majority_baseline,{},0,0.2200413548,0.5232656961,0.2566929491,0.0005053891443,1,8.162100457e-07,False
2020-04-24,13,majority_baseline,{},0,0.2200413548,0.5232656961,0.2566929491,0.0005053891443,1,8.904109589e-07,False
2020-04-27,13,majority_baseline,{},0,0.2200413548,0.5232656961,0.2566929491,0.0005053891443,1,8.904109589e-07,False
2020-04-28,13,majority_baseline,{},0,0.2200413548,0.5232656961,0.2566929491,0.0005053891443,1,8.162100457e-07,False
2020-04-29,13,majority_baseline,{},0,0.2200413548,0.5232656961,0.2566929491,0.0005053891443,1,7.420091324e-07,False
2020-04-30,13,majority_baseline,{},0,0.2200413548,0.5232656961,0.2566929491,0.0005053891443,1,6.678082192e-07,False
2020-05-01,13,majority_baseline,{},0,0.2200413548,0.5232656961,0.2566929491,0.0005053891443,1,8.904109589e-07,False
2020-05-04,13,majority_baseline,{},0,0.2200413548,0.5232656961,0.2566929491,0.0005053891443,1,9.646118721e-07,False
2020-05-05,13,majority_baseline,{},0,0.2200413548,0.5232656961,0.2566929491,0.0005053891443,1,9.646118721e-07,False
2020-05-06,13,majority_baseline,{},0,0.2200413548,0.5232656961,0.2566929491,0.0005053891443,1,8.904109589e-07,False
2020-05-07,13,majority_baseline,{},0,0.2200413548,0.5232656961,0.2566929491,0.0005053891443,1,8.162100457e-07,False
2020-05-08,13,majority_baseline,{},0,0.2200413548,0.5232656961,0.2566929491,0.0005053891443,1,8.904109589e-07,False
2020-05-11,13,majority_baseline,{},0,0.2200413548,0.5232656961,0.2566929491,0.0005053891443,1,8.904109589e-07,False
2020-05-12,13,majority_baseline,{},0,0.2200413548,0.5232656961,0.2566929491,0.0005053891443,1,9.646118721e-07,False
2020-05-13,13,majority_baseline,{},0,0.2200413548,0.5232656961,0.2566929491,0.0005053891443,1,9.646118721e-07,False
2020-05-14,13,majority_baseline,{},0,0.2200413548,0.5232656961,0.2566929491,0.0005053891443,1,8.904109589e-07,False
2020-05-15,13,majority_baseline,{},0,0.2200413548,0.5232656961,0.2566929491,0.0005053891443,1,8.904109589e-07,False
2020-05-18,13,majority_baseline,{},0,0.2200413548,0.5232656961,0.2566929491,0.0005053891443,1,9.646118721e-07,False
2020-05-19,13,majority_baseline,{},0,0.2200413548,0.5232656961,0.2566929491,0.0005053891443,1,9.646118721e-07,False
2020-05-20,14,majority_baseline,{},0,0.2231485734,0.5268907988,0.2499606278,0.0004251317644,1,8.904109589e-07,False
2020-05-21,14,majority_baseline,{},0,0.2231485734,0.5268907988,0.2499606278,0.0004251317644,1,8.904109589e-07,False
2020-05-22,14,majority_baseline,{},0,0.2231485734,0.5268907988,0.2499606278,0.0004251317644,1,8.904109589e-07,False
2020-05-26,14,majority_baseline,{},0,0.2231485734,0.5268907988,0.2499606278,0.0004251317644,1,1.038812785e-06,False
2020-05-27,14,majority_baseline,{},0,0.2231485734,0.5268907988,0.2499606278,0.0004251317644,1,1.113013699e-06,False
2020-05-28,14,majority_baseline,{},0,0.2231485734,0.5268907988,0.2499606278,0.0004251317644,1,1.113013699e-06,False
2020-05-29,14,majority_baseline,{},0,0.2231485734,0.5268907988,0.2499606278,0.0004251317644,1,1.038812785e-06,False
2020-06-01,14,majority_baseline,{},0,0.2231485734,0.5268907988,0.2499606278,0.0004251317644,1,1.038812785e-06,False
2020-06-02,14,majority_baseline,{},0,0.2231485734,0.5268907988,0.2499606278,0.0004251317644,1,1.113013699e-06,False
2020-06-03,14,majority_baseline,{},0,0.2231485734,0.5268907988,0.2499606278,0.0004251317644,1,1.187214612e-06,False
2020-06-04,14,majority_baseline,{},0,0.2231485734,0.5268907988,0.2499606278,0.0004251317644,1,1.113013699e-06,False
2020-06-05,14,majority_baseline,{},0,0.2231485734,0.5268907988,0.2499606278,0.0004251317644,1,1.113013699e-06,False
2020-06-08,14,majority_baseline,{},0,0.2231485734,0.5268907988,0.2499606278,0.0004251317644,1,1.261415525e-06,False
2020-06-09,14,majority_baseline,{},0,0.2231485734,0.5268907988,0.2499606278,0.0004251317644,1,1.409817352e-06,False
2020-06-10,14,majority_baseline,{},0,0.2231485734,0.5268907988,0.2499606278,0.0004251317644,1,1.261415525e-06,False
2020-06-11,14,majority_baseline,{},0,0.2231485734,0.5268907988,0.2499606278,0.0004251317644,1,1.261415525e-06,False
2020-06-12,14,majority_baseline,{},0,0.2231485734,0.5268907988,0.2499606278,0.0004251317644,1,1.187214612e-06,False
2020-06-15,14,majority_baseline,{},0,0.2231485734,0.5268907988,0.2499606278,0.0004251317644,1,1.335616438e-06,False
2020-06-16,14,majority_baseline,{},0,0.2231485734,0.5268907988,0.2499606278,0.0004251317644,1,1.261415525e-06,False
2020-06-17,14,majority_baseline,{},0,0.2231485734,0.5268907988,0.2499606278,0.0004251317644,1,1.261415525e-06,False
2020-06-18,14,majority_baseline,{},0,0.2231485734,0.5268907988,0.2499606278,0.0004251317644,1,1.187214612e-06,False
2020-06-19,15,majority_baseline,{},0,0.230240083,0.5160020359,0.2537578812,0.0003710062266,0,1.113013699e-06,False
2020-06-22,15,majority_baseline,{},0,0.230240083,0.5160020359,0.2537578812,0.0003710062266,0,1.187214612e-06,False
2020-06-23,15,majority_baseline,{},0,0.230240083,0.5160020359,0.2537578812,0.0003710062266,0,1.187214612e-06,False
2020-06-24,15,majority_baseline,{},0,0.230240083,0.5160020359,0.2537578812,0.0003710062266,0,1.113013699e-06,False
2020-06-25,15,majority_baseline,{},0,0.230240083,0.5160020359,0.2537578812,0.0003710062266,0,1.187214612e-06,False
2020-06-26,15,majority_baseline,{},0,0.230240083,0.5160020359,0.2537578812,0.0003710062266,0,1.038812785e-06,False
2020-06-29,15,majority_baseline,{},0,0.230240083,0.5160020359,0.2537578812,0.0003710062266,0,1.038812785e-06,False
2020-06-30,15,majority_baseline,{},0,0.230240083,0.5160020359,0.2537578812,0.0003710062266,0,1.187214612e-06,False
2020-07-01,15,majority_baseline,{},0,0.230240083,0.5160020359,0.2537578812,0.0003710062266,0,1.038812785e-06,False
2020-07-02,15,majority_baseline,{},0,0.230240083,0.5160020359,0.2537578812,0.0003710062266,0,1.038812785e-06,False
2020-07-06,15,majority_baseline,{},0,0.230240083,0.5160020359,0.2537578812,0.0003710062266,0,1.113013699e-06,False
2020-07-07,15,majority_baseline,{},0,0.230240083,0.5160020359,0.2537578812,0.0003710062266,0,1.113013699e-06,False
2020-07-08,15,majority_baseline,{},0,0.230240083,0.5160020359,0.2537578812,0.0003710062266,0,1.113013699e-06,False
2020-07-09,15,majority_baseline,{},0,0.230240083,0.5160020359,0.2537578812,0.0003710062266,0,9.646118721e-07,False
2020-07-10,15,majority_baseline,{},0,0.230240083,0.5160020359,0.2537578812,0.0003710062266,0,9.646118721e-07,False
2020-07-13,15,majority_baseline,{},0,0.230240083,0.5160020359,0.2537578812,0.0003710062266,0,1.038812785e-06,False
2020-07-14,15,majority_baseline,{},0,0.230240083,0.5160020359,0.2537578812,0.0003710062266,0,1.113013699e-06,False
2020-07-15,15,majority_baseline,{},0,0.230240083,0.5160020359,0.2537578812,0.0003710062266,0,1.187214612e-06,False
2020-07-16,15,majority_baseline,{},0,0.230240083,0.5160020359,0.2537578812,0.0003710062266,0,8.162100457e-07,False
2020-07-17,15,majority_baseline,{},0,0.230240083,0.5160020359,0.2537578812,0.0003710062266,0,8.162100457e-07,False
2020-07-20,15,majority_baseline,{},0,0.230240083,0.5160020359,0.2537578812,0.0003710062266,0,9.646118721e-07,False
2020-07-21,16,majority_baseline,{},0,0.2234225527,0.5232646052,0.2533128421,0.0004368953091,1,9.646118721e-07,False
2020-07-22,16,majority_baseline,{},0,0.2234225527,0.5232646052,0.2533128421,0.0004368953091,1,9.646118721e-07,False
2020-07-23,16,majority_baseline,{},0,0.2234225527,0.5232646052,0.2533128421,0.0004368953091,1,8.904109589e-07,False
2020-07-24,16,majority_baseline,{},0,0.2234225527,0.5232646052,0.2533128421,0.0004368953091,1,8.162100457e-07,False
2020-07-27,16,majority_baseline,{},0,0.2234225527,0.5232646052,0.2533128421,0.0004368953091,1,8.162100457e-07,False
2020-07-28,16,majority_baseline,{},0,0.2234225527,0.5232646052,0.2533128421,0.0004368953091,1,8.162100457e-07,False
2020-07-29,16,majority_baseline,{},0,0.2234225527,0.5232646052,0.2533128421,0.0004368953091,1,8.162100457e-07,False
2020-07-30,16,majority_baseline,{},0,0.2234225527,0.5232646052,0.2533128421,0.0004368953091,1,6.678082192e-07,False
2020-07-31,16,majority_baseline,{},0,0.2234225527,0.5232646052,0.2533128421,0.0004368953091,1,6.678082192e-07,False
2020-08-03,16,majority_baseline,{},0,0.2234225527,0.5232646052,0.2533128421,0.0004368953091,1,7.420091324e-07,False
2020-08-04,16,majority_baseline,{},0,0.2234225527,0.5232646052,0.2533128421,0.0004368953091,1,6.678082192e-07,False
2020-08-05,16,majority_baseline,{},0,0.2234225527,0.5232646052,0.2533128421,0.0004368953091,1,7.420091324e-07,False
2020-08-06,16,majority_baseline,{},0,0.2234225527,0.5232646052,0.2533128421,0.0004368953091,1,7.420091324e-07,False
2020-08-07,16,majority_baseline,{},0,0.2234225527,0.5232646052,0.2533128421,0.0004368953091,1,7.420091324e-07,False
2020-08-10,16,majority_baseline,{},0,0.2234225527,0.5232646052,0.2533128421,0.0004368953091,1,8.162100457e-07,False
2020-08-11,16,majority_baseline,{},0,0.2234225527,0.5232646052,0.2533128421,0.0004368953091,1,8.162100457e-07,False
2020-08-12,16,majority_baseline,{},0,0.2234225527,0.5232646052,0.2533128421,0.0004368953091,1,8.162100457e-07,False
2020-08-13,16,majority_baseline,{},0,0.2234225527,0.5232646052,0.2533128421,0.0004368953091,1,7.420091324e-07,False
2020-08-14,16,majority_baseline,{},0,0.2234225527,0.5232646052,0.2533128421,0.0004368953091,1,7.420091324e-07,False
2020-08-17,16,majority_baseline,{},0,0.2234225527,0.5232646052,0.2533128421,0.0004368953091,1,7.420091324e-07,False
2020-08-18,16,majority_baseline,{},0,0.2234225527,0.5232646052,0.2533128421,0.0004368953091,1,6.678082192e-07,False
2020-08-19,17,majority_baseline,{},0,0.2267363897,0.519681019,0.2535825912,0.0004285958946,1,8.162100457e-07,False
2020-08-20,17,majority_baseline,{},0,0.2267363897,0.519681019,0.2535825912,0.0004285958946,1,8.162100457e-07,False
2020-08-21,17,majority_baseline,{},0,0.2267363897,0.519681019,0.2535825912,0.0004285958946,1,7.420091324e-07,False
2020-08-24,17,majority_baseline,{},0,0.2267363897,0.519681019,0.2535825912,0.0004285958946,1,8.904109589e-07,False
2020-08-25,17,majority_baseline,{},0,0.2267363897,0.519681019,0.2535825912,0.0004285958946,1,8.162100457e-07,False
2020-08-26,17,majority_baseline,{},0,0.2267363897,0.519681019,0.2535825912,0.0004285958946,1,8.162100457e-07,False
2020-08-27,17,majority_baseline,{},0,0.2267363897,0.519681019,0.2535825912,0.0004285958946,1,8.162100457e-07,False
2020-08-28,17,majority_baseline,{},0,0.2267363897,0.519681019,0.2535825912,0.0004285958946,1,7.420091324e-07,False
2020-08-31,17,majority_baseline,{},0,0.2267363897,0.519681019,0.2535825912,0.0004285958946,1,8.162100457e-07,False
2020-09-01,17,majority_baseline,{},0,0.2267363897,0.519681019,0.2535825912,0.0004285958946,1,8.904109589e-07,False
2020-09-02,17,majority_baseline,{},0,0.2267363897,0.519681019,0.2535825912,0.0004285958946,1,8.904109589e-07,False
2020-09-03,17,majority_baseline,{},0,0.2267363897,0.519681019,0.2535825912,0.0004285958946,1,8.162100457e-07,False
2020-09-04,17,majority_baseline,{},0,0.2267363897,0.519681019,0.2535825912,0.0004285958946,1,8.162100457e-07,False
2020-09-08,17,majority_baseline,{},0,0.2267363897,0.519681019,0.2535825912,0.0004285958946,1,9.646118721e-07,False
2020-09-09,17,majority_baseline,{},0,0.2267363897,0.519681019,0.2535825912,0.0004285958946,1,8.904109589e-07,False
2020-09-10,17,majority_baseline,{},0,0.2267363897,0.519681019,0.2535825912,0.0004285958946,1,8.904109589e-07,False
2020-09-11,17,majority_baseline,{},0,0.2267363897,0.519681019,0.2535825912,0.0004285958946,1,8.162100457e-07,False
2020-09-14,17,majority_baseline,{},0,0.2267363897,0.519681019,0.2535825912,0.0004285958946,1,8.162100457e-07,False
2020-09-15,17,majority_baseline,{},0,0.2267363897,0.519681019,0.2535825912,0.0004285958946,1,8.162100457e-07,False
2020-09-16,17,majority_baseline,{},0,0.2267363897,0.519681019,0.2535825912,0.0004285958946,1,8.904109589e-07,False
2020-09-17,17,majority_baseline,{},0,0.2267363897,0.519681019,0.2535825912,0.0004285958946,1,6.678082192e-07,False
2020-09-18,18,majority_baseline,{},0,0.2401350786,0.5032559314,0.2566089901,0.0002929907827,0,7.420091324e-07,False
2020-09-21,18,majority_baseline,{},0,0.2401350786,0.5032559314,0.2566089901,0.0002929907827,0,7.420091324e-07,False
2020-09-22,18,majority_baseline,{},0,0.2401350786,0.5032559314,0.2566089901,0.0002929907827,0,7.420091324e-07,False
2020-09-23,18,majority_baseline,{},0,0.2401350786,0.5032559314,0.2566089901,0.0002929907827,0,8.162100457e-07,False
2020-09-24,18,majority_baseline,{},0,0.2401350786,0.5032559314,0.2566089901,0.0002929907827,0,7.420091324e-07,False
2020-09-25,18,majority_baseline,{},0,0.2401350786,0.5032559314,0.2566089901,0.0002929907827,0,7.420091324e-07,False
2020-09-28,18,majority_baseline,{},0,0.2401350786,0.5032559314,0.2566089901,0.0002929907827,0,8.162100457e-07,False
2020-09-29,18,majority_baseline,{},0,0.2401350786,0.5032559314,0.2566089901,0.0002929907827,0,6.678082192e-07,False
2020-09-30,18,majority_baseline,{},0,0.2401350786,0.5032559314,0.2566089901,0.0002929907827,0,7.420091324e-07,False
2020-10-01,18,majority_baseline,{},0,0.2401350786,0.5032559314,0.2566089901,0.0002929907827,0,6.678082192e-07,False
2020-10-02,18,majority_baseline,{},0,0.2401350786,0.5032559314,0.2566089901,0.0002929907827,0,6.678082192e-07,False
2020-10-05,18,majority_baseline,{},0,0.2401350786,0.5032559314,0.2566089901,0.0002929907827,0,7.420091324e-07,False
2020-10-06,18,majority_baseline,{},0,0.2401350786,0.5032559314,0.2566089901,0.0002929907827,0,7.420091324e-07,False
2020-10-07,18,majority_baseline,{},0,0.2401350786,0.5032559314,0.2566089901,0.0002929907827,0,7.420091324e-07,False
2020-10-08,18,majority_baseline,{},0,0.2401350786,0.5032559314,0.2566089901,0.0002929907827,0,6.678082192e-07,False
2020-10-09,18,majority_baseline,{},0,0.2401350786,0.5032559314,0.2566089901,0.0002929907827,0,7.420091324e-07,False
2020-10-12,18,majority_baseline,{},0,0.2401350786,0.5032559314,0.2566089901,0.0002929907827,0,7.420091324e-07,False
2020-10-13,18,majority_baseline,{},0,0.2401350786,0.5032559314,0.2566089901,0.0002929907827,0,8.162100457e-07,False
2020-10-14,18,majority_baseline,{},0,0.2401350786,0.5032559314,0.2566089901,0.0002929907827,0,8.904109589e-07,False
2020-10-15,18,majority_baseline,{},0,0.2401350786,0.5032559314,0.2566089901,0.0002929907827,0,8.162100457e-07,False
2020-10-16,18,majority_baseline,{},0,0.2401350786,0.5032559314,0.2566089901,0.0002929907827,0,8.162100457e-07,False
2020-10-19,19,majority_baseline,{},0,0.2269502003,0.526326083,0.2467237167,0.0003517052809,0,8.162100457e-07,False
2020-10-20,19,majority_baseline,{},0,0.2269502003,0.526326083,0.2467237167,0.0003517052809,0,7.420091324e-07,False
2020-10-21,19,majority_baseline,{},0,0.2269502003,0.526326083,0.2467237167,0.0003517052809,0,7.420091324e-07,False
2020-10-22,19,majority_baseline,{},0,0.2269502003,0.526326083,0.2467237167,0.0003517052809,0,6.678082192e-07,False
2020-10-23,19,majority_baseline,{},0,0.2269502003,0.526326083,0.2467237167,0.0003517052809,0,7.420091324e-07,False
2020-10-26,19,majority_baseline,{},0,0.2269502003,0.526326083,0.2467237167,0.0003517052809,0,8.162100457e-07,False
2020-10-27,19,majority_baseline,{},0,0.2269502003,0.526326083,0.2467237167,0.0003517052809,0,7.420091324e-07,False
2020-10-28,19,majority_baseline,{},0,0.2269502003,0.526326083,0.2467237167,0.0003517052809,0,7.420091324e-07,False
2020-10-29,19,majority_baseline,{},0,0.2269502003,0.526326083,0.2467237167,0.0003517052809,0,6.678082192e-07,False
2020-10-30,19,majority_baseline,{},0,0.2269502003,0.526326083,0.2467237167,0.0003517052809,0,6.678082192e-07,False
2020-11-02,19,majority_baseline,{},0,0.2269502003,0.526326083,0.2467237167,0.0003517052809,0,6.678082192e-07,False
2020-11-03,19,majority_baseline,{},0,0.2269502003,0.526326083,0.2467237167,0.0003517052809,0,7.420091324e-07,False
2020-11-04,19,majority_baseline,{},0,0.2269502003,0.526326083,0.2467237167,0.0003517052809,0,7.420091324e-07,False
2020-11-05,19,majority_baseline,{},0,0.2269502003,0.526326083,0.2467237167,0.0003517052809,0,7.420091324e-07,False
2020-11-06,19,majority_baseline,{},0,0.2269502003,0.526326083,0.2467237167,0.0003517052809,0,7.420091324e-07,False
2020-11-09,19,majority_baseline,{},0,0.2269502003,0.526326083,0.2467237167,0.0003517052809,0,8.162100457e-07,False
2020-11-10,19,majority_baseline,{},0,0.2269502003,0.526326083,0.2467237167,0.0003517052809,0,7.420091324e-07,False
2020-11-11,19,majority_baseline,{},0,0.2269502003,0.526326083,0.2467237167,0.0003517052809,0,7.420091324e-07,False
2020-11-12,19,majority_baseline,{},0,0.2269502003,0.526326083,0.2467237167,0.0003517052809,0,7.420091324e-07,False
2020-11-13,19,majority_baseline,{},0,0.2269502003,0.526326083,0.2467237167,0.0003517052809,0,6.678082192e-07,False
2020-11-16,19,majority_baseline,{},0,0.2269502003,0.526326083,0.2467237167,0.0003517052809,0,6.678082192e-07,False
2020-11-17,20,majority_baseline,{},0,0.2269274298,0.5195660447,0.2535065255,0.000384783679,0,6.678082192e-07,False
2020-11-18,20,majority_baseline,{},0,0.2269274298,0.5195660447,0.2535065255,0.000384783679,0,6.678082192e-07,False
2020-11-19,20,majority_baseline,{},0,0.2269274298,0.5195660447,0.2535065255,0.000384783679,0,5.194063927e-07,False
2020-11-20,20,majority_baseline,{},0,0.2269274298,0.5195660447,0.2535065255,0.000384783679,0,5.194063927e-07,False
2020-11-23,20,majority_baseline,{},0,0.2269274298,0.5195660447,0.2535065255,0.000384783679,0,5.936073059e-07,False
2020-11-24,20,majority_baseline,{},0,0.2269274298,0.5195660447,0.2535065255,0.000384783679,0,6.678082192e-07,False
2020-11-25,20,majority_baseline,{},0,0.2269274298,0.5195660447,0.2535065255,0.000384783679,0,3.595890411e-07,False
2020-11-27,20,majority_baseline,{},0,0.2269274298,0.5195660447,0.2535065255,0.000384783679,0,6.678082192e-07,False
2020-11-30,20,majority_baseline,{},0,0.2269274298,0.5195660447,0.2535065255,0.000384783679,0,5.936073059e-07,False
2020-12-01,20,majority_baseline,{},0,0.2269274298,0.5195660447,0.2535065255,0.000384783679,0,6.678082192e-07,False
2020-12-02,20,majority_baseline,{},0,0.2269274298,0.5195660447,0.2535065255,0.000384783679,0,6.678082192e-07,False
2020-12-03,20,majority_baseline,{},0,0.2269274298,0.5195660447,0.2535065255,0.000384783679,0,5.936073059e-07,False
2020-12-04,20,majority_baseline,{},0,0.2269274298,0.5195660447,0.2535065255,0.000384783679,0,6.678082192e-07,False
2020-12-07,20,majority_baseline,{},0,0.2269274298,0.5195660447,0.2535065255,0.000384783679,0,5.936073059e-07,False
2020-12-08,20,majority_baseline,{},0,0.2269274298,0.5195660447,0.2535065255,0.000384783679,0,6.678082192e-07,False
2020-12-09,20,majority_baseline,{},0,0.2269274298,0.5195660447,0.2535065255,0.000384783679,0,5.936073059e-07,False
2020-12-10,20,majority_baseline,{},0,0.2269274298,0.5195660447,0.2535065255,0.000384783679,0,5.936073059e-07,False
2020-12-11,20,majority_baseline,{},0,0.2269274298,0.5195660447,0.2535065255,0.000384783679,0,5.936073059e-07,False
2020-12-14,20,majority_baseline,{},0,0.2269274298,0.5195660447,0.2535065255,0.000384783679,0,6.678082192e-07,False
2020-12-15,20,majority_baseline,{},0,0.2269274298,0.5195660447,0.2535065255,0.000384783679,0,5.936073059e-07,False
2020-12-16,20,majority_baseline,{},0,0.2269274298,0.5195660447,0.2535065255,0.000384783679,0,6.678082192e-07,False
2020-12-17,21,majority_baseline,{},0,0.2269294349,0.5163575321,0.2567130329,0.0004110640211,1,5.936073059e-07,False
2020-12-18,21,majority_baseline,{},0,0.2269294349,0.5163575321,0.2567130329,0.0004110640211,1,5.936073059e-07,False
2020-12-21,21,majority_baseline,{},0,0.2269294349,0.5163575321,0.2567130329,0.0004110640211,1,6.678082192e-07,False
2020-12-22,21,majority_baseline,{},0,0.2269294349,0.5163575321,0.2567130329,0.0004110640211,1,6.678082192e-07,False
2020-12-23,21,majority_baseline,{},0,0.2269294349,0.5163575321,0.2567130329,0.0004110640211,1,3.595890411e-07,False
2020-12-24,21,majority_baseline,{},0,0.2269294349,0.5163575321,0.2567130329,0.0004110640211,1,6.678082192e-07,False
2020-12-28,21,majority_baseline,{},0,0.2269294349,0.5163575321,0.2567130329,0.0004110640211,1,8.162100457e-07,False
2020-12-29,21,majority_baseline,{},0,0.2269294349,0.5163575321,0.2567130329,0.0004110640211,1,7.420091324e-07,False
2020-12-30,21,majority_baseline,{},0,0.2269294349,0.5163575321,0.2567130329,0.0004110640211,1,5.936073059e-07,False
2020-12-31,21,majority_baseline,{},0,0.2269294349,0.5163575321,0.2567130329,0.0004110640211,1,6.678082192e-07,False
2021-01-04,21,majority_baseline,{},0,0.2269294349,0.5163575321,0.2567130329,0.0004110640211,1,6.678082192e-07,False
2021-01-05,21,majority_baseline,{},0,0.2269294349,0.5163575321,0.2567130329,0.0004110640211,1,6.678082192e-07,False
2021-01-06,21,majority_baseline,{},0,0.2269294349,0.5163575321,0.2567130329,0.0004110640211,1,6.678082192e-07,False
2021-01-07,21,majority_baseline,{},0,0.2269294349,0.5163575321,0.2567130329,0.0004110640211,1,6.678082192e-07,False
2021-01-08,21,majority_baseline,{},0,0.2269294349,0.5163575321,0.2567130329,0.0004110640211,1,5.936073059e-07,False
2021-01-11,21,majority_baseline,{},0,0.2269294349,0.5163575321,0.2567130329,0.0004110640211,1,5.936073059e-07,False
2021-01-12,21,majority_baseline,{},0,0.2269294349,0.5163575321,0.2567130329,0.0004110640211,1,6.678082192e-07,False
2021-01-13,21,majority_baseline,{},0,0.2269294349,0.5163575321,0.2567130329,0.0004110640211,1,6.678082192e-07,False
2021-01-14,21,majority_baseline,{},0,0.2269294349,0.5163575321,0.2567130329,0.0004110640211,1,6.678082192e-07,False
2021-01-15,21,majority_baseline,{},0,0.2269294349,0.5163575321,0.2567130329,0.0004110640211,1,6.678082192e-07,False
2021-01-19,21,majority_baseline,{},0,0.2269294349,0.5163575321,0.2567130329,0.0004110640211,1,6.678082192e-07,False
2021-01-20,22,majority_baseline,{},0,0.2399286854,0.4967452207,0.2633260939,0.0003445268667,0,5.936073059e-07,False
2021-01-21,22,majority_baseline,{},0,0.2399286854,0.4967452207,0.2633260939,0.0003445268667,0,6.678082192e-07,False
2021-01-22,22,majority_baseline,{},0,0.2399286854,0.4967452207,0.2633260939,0.0003445268667,0,5.936073059e-07,False
2021-01-25,22,majority_baseline,{},0,0.2399286854,0.4967452207,0.2633260939,0.0003445268667,0,6.678082192e-07,False
2021-01-26,22,majority_baseline,{},0,0.2399286854,0.4967452207,0.2633260939,0.0003445268667,0,5.194063927e-07,False
2021-01-27,22,majority_baseline,{},0,0.2399286854,0.4967452207,0.2633260939,0.0003445268667,0,5.936073059e-07,False
2021-01-28,22,majority_baseline,{},0,0.2399286854,0.4967452207,0.2633260939,0.0003445268667,0,5.194063927e-07,False
2021-01-29,22,majority_baseline,{},0,0.2399286854,0.4967452207,0.2633260939,0.0003445268667,0,4.452054795e-07,False
2021-02-01,22,majority_baseline,{},0,0.2399286854,0.4967452207,0.2633260939,0.0003445268667,0,5.194063927e-07,False
2021-02-02,22,majority_baseline,{},0,0.2399286854,0.4967452207,0.2633260939,0.0003445268667,0,5.194063927e-07,False
2021-02-03,22,majority_baseline,{},0,0.2399286854,0.4967452207,0.2633260939,0.0003445268667,0,2.96803653e-07,False
2021-02-04,22,majority_baseline,{},0,0.2399286854,0.4967452207,0.2633260939,0.0003445268667,0,2.96803653e-07,False
2021-02-05,22,majority_baseline,{},0,0.2399286854,0.4967452207,0.2633260939,0.0003445268667,0,2.226027397e-07,False
2021-02-08,22,majority_baseline,{},0,0.2399286854,0.4967452207,0.2633260939,0.0003445268667,0,3.710045662e-07,False
2021-02-09,22,majority_baseline,{},0,0.2399286854,0.4967452207,0.2633260939,0.0003445268667,0,2.96803653e-07,False
2021-02-10,22,majority_baseline,{},0,0.2399286854,0.4967452207,0.2633260939,0.0003445268667,0,3.710045662e-07,False
2021-02-11,22,majority_baseline,{},0,0.2399286854,0.4967452207,0.2633260939,0.0003445268667,0,3.710045662e-07,False
2021-02-12,22,majority_baseline,{},0,0.2399286854,0.4967452207,0.2633260939,0.0003445268667,0,2.96803653e-07,False
2021-02-16,22,majority_baseline,{},0,0.2399286854,0.4967452207,0.2633260939,0.0003445268667,0,2.96803653e-07,False
2021-02-17,22,majority_baseline,{},0,0.2399286854,0.4967452207,0.2633260939,0.0003445268667,0,2.96803653e-07,False
2021-02-18,22,majority_baseline,{},0,0.2399286854,0.4967452207,0.2633260939,0.0003445268667,0,2.226027397e-07,False
2021-02-19,23,majority_baseline,{},0,0.2400176214,0.5165592651,0.2434231135,0.0001943209282,0,2.96803653e-07,False
2021-02-22,23,majority_baseline,{},0,0.2400176214,0.5165592651,0.2434231135,0.0001943209282,0,2.226027397e-07,False
2021-02-23,23,majority_baseline,{},0,0.2400176214,0.5165592651,0.2434231135,0.0001943209282,0,2.96803653e-07,False
2021-02-24,23,majority_baseline,{},0,0.2400176214,0.5165592651,0.2434231135,0.0001943209282,0,2.226027397e-07,False
2021-02-25,23,majority_baseline,{},0,0.2400176214,0.5165592651,0.2434231135,0.0001943209282,0,2.96803653e-07,False
2021-02-26,23,majority_baseline,{},0,0.2400176214,0.5165592651,0.2434231135,0.0001943209282,0,2.96803653e-07,False
2021-03-01,23,majority_baseline,{},0,0.2400176214,0.5165592651,0.2434231135,0.0001943209282,0,3.710045662e-07,False
2021-03-02,23,majority_baseline,{},0,0.2400176214,0.5165592651,0.2434231135,0.0001943209282,0,2.96803653e-07,False
2021-03-03,23,majority_baseline,{},0,0.2400176214,0.5165592651,0.2434231135,0.0001943209282,0,3.710045662e-07,False
2021-03-04,23,majority_baseline,{},0,0.2400176214,0.5165592651,0.2434231135,0.0001943209282,0,2.96803653e-07,False
2021-03-05,23,majority_baseline,{},0,0.2400176214,0.5165592651,0.2434231135,0.0001943209282,0,2.96803653e-07,False
2021-03-08,23,majority_baseline,{},0,0.2400176214,0.5165592651,0.2434231135,0.0001943209282,0,3.710045662e-07,False
2021-03-09,23,majority_baseline,{},0,0.2400176214,0.5165592651,0.2434231135,0.0001943209282,0,3.710045662e-07,False
2021-03-10,23,majority_baseline,{},0,0.2400176214,0.5165592651,0.2434231135,0.0001943209282,0,2.96803653e-07,False
2021-03-11,23,majority_baseline,{},0,0.2400176214,0.5165592651,0.2434231135,0.0001943209282,0,2.96803653e-07,False
2021-03-12,23,majority_baseline,{},0,0.2400176214,0.5165592651,0.2434231135,0.0001943209282,0,2.96803653e-07,False
2021-03-15,23,majority_baseline,{},0,0.2400176214,0.5165592651,0.2434231135,0.0001943209282,0,2.96803653e-07,False
2021-03-16,23,majority_baseline,{},0,0.2400176214,0.5165592651,0.2434231135,0.0001943209282,0,1.484018265e-07,False
2021-03-17,23,majority_baseline,{},0,0.2400176214,0.5165592651,0.2434231135,0.0001943209282,0,1.484018265e-07,False
2021-03-18,23,majority_baseline,{},0,0.2400176214,0.5165592651,0.2434231135,0.0001943209282,0,7.420091324e-08,False
2021-03-19,23,majority_baseline,{},0,0.2400176214,0.5165592651,0.2434231135,0.0001943209282,0,7.420091324e-08,False
2021-03-22,24,random_forest,"{'max_depth': 3, 'min_samples_leaf': 50}",0,0.2337810349,0.6273145187,0.1389044464,-0.0005033473693,-1,2.226027397e-07,False
2021-03-23,24,random_forest,"{'max_depth': 3, 'min_samples_leaf': 50}",0,0.2643076881,0.5103862356,0.2253060763,-0.0001752698004,0,7.420091324e-08,False
2021-03-24,24,random_forest,"{'max_depth': 3, 'min_samples_leaf': 50}",0,0.288743206,0.4541002709,0.2571565231,-0.0001794628922,0,1.484018265e-07,False
2021-03-25,24,random_forest,"{'max_depth': 3, 'min_samples_leaf': 50}",0,0.2676227753,0.498045801,0.2343314236,-0.0001421986507,0,1.484018265e-07,False
2021-03-26,24,random_forest,"{'max_depth': 3, 'min_samples_leaf': 50}",0,0.2402470927,0.5482409299,0.2115119773,-4.551639092e-05,0,1.484018265e-07,False
2021-03-29,24,random_forest,"{'max_depth': 3, 'min_samples_leaf': 50}",0,0.258072976,0.5178963051,0.2240307189,-0.0001252071419,0,2.226027397e-07,False
2021-03-30,24,random_forest,"{'max_depth': 3, 'min_samples_leaf': 50}",0,0.2599228492,0.5103112836,0.2297658672,-0.0001017554423,0,1.484018265e-07,False
2021-03-31,24,random_forest,"{'max_depth': 3, 'min_samples_leaf': 50}",0,0.2636247673,0.5010774562,0.2352977765,-9.733750707e-05,0,2.226027397e-07,False
2021-04-01,24,random_forest,"{'max_depth': 3, 'min_samples_leaf': 50}",0,0.2031929284,0.6689491302,0.1278579414,-0.0002919841769,0,1.484018265e-07,False
2021-04-05,24,random_forest,"{'max_depth': 3, 'min_samples_leaf': 50}",0,0.2173458155,0.6370687039,0.1455854806,-0.0002995616154,0,2.226027397e-07,False
2021-04-06,24,random_forest,"{'max_depth': 3, 'min_samples_leaf': 50}",0,0.2487158832,0.5350206828,0.216263434,-9.192864124e-05,0,1.484018265e-07,False
2021-04-07,24,random_forest,"{'max_depth': 3, 'min_samples_leaf': 50}",0,0.2219666592,0.6209663841,0.1570669567,-0.000261321733,0,1.484018265e-07,False
2021-04-08,24,random_forest,"{'max_depth': 3, 'min_samples_leaf': 50}",0,0.225618777,0.6270751564,0.1473060666,-0.0003657884431,0,7.420091324e-08,False
2021-04-09,24,random_forest,"{'max_depth': 3, 'min_samples_leaf': 50}",0,0.2428941929,0.5878686143,0.1692371928,-0.0003729468388,0,1.484018265e-07,False
2021-04-12,24,random_forest,"{'max_depth': 3, 'min_samples_leaf': 50}",0,0.2511409383,0.5366872864,0.2121717753,-0.0001442073933,0,1.484018265e-07,False
2021-04-13,24,random_forest,"{'max_depth': 3, 'min_samples_leaf': 50}",0,0.2398910256,0.5821440328,0.1779649416,-0.0002820281467,0,2.226027397e-07,False
2021-04-14,24,random_forest,"{'max_depth': 3, 'min_samples_leaf': 50}",0,0.2609190577,0.5299672595,0.2091136828,-0.000258893721,0,1.484018265e-07,False
2021-04-15,24,random_forest,"{'max_depth': 3, 'min_samples_leaf': 50}",0,0.2451059758,0.5355489062,0.219345118,-3.562498474e-05,0,1.484018265e-07,False
2021-04-16,24,random_forest,"{'max_depth': 3, 'min_samples_leaf': 50}",0,0.2683825907,0.45843524,0.2731821693,0.0001284068811,0,1.484018265e-07,False
2021-04-19,24,random_forest,"{'max_depth': 3, 'min_samples_leaf': 50}",0,0.271036892,0.4652684597,0.2636946483,3.536671972e-05,0,1.484018265e-07,False
2021-04-20,24,random_forest,"{'max_depth': 3, 'min_samples_leaf': 50}",0,0.2659737312,0.4748404531,0.2591858157,5.118622282e-05,0,2.226027397e-07,False
2021-04-21,25,random_forest,"{'max_depth': 3, 'min_samples_leaf': 50}",0,0.2507361064,0.4992853569,0.2499785367,0.0001619768846,0,2.226027397e-07,False
2021-04-22,25,random_forest,"{'max_depth': 3, 'min_samples_leaf': 50}",0,0.278275895,0.3983423641,0.3233817408,0.0004263736467,1,2.226027397e-07,False
2021-04-23,25,random_forest,"{'max_depth': 3, 'min_samples_leaf': 50}",0,0.2488980212,0.5069819587,0.2441200201,0.0001374696406,0,2.226027397e-07,False
2021-04-26,25,random_forest,"{'max_depth': 3, 'min_samples_leaf': 50}",0,0.2508109806,0.5134271861,0.2357618333,5.960267906e-05,0,2.226027397e-07,False
2021-04-27,25,random_forest,"{'max_depth': 3, 'min_samples_leaf': 50}",0,0.2539966399,0.5005322578,0.2454711023,9.889946803e-05,0,7.420091324e-08,False
2021-04-28,25,random_forest,"{'max_depth': 3, 'min_samples_leaf': 50}",0,0.2575574407,0.5023815369,0.2400610223,2.652661643e-05,0,7.420091324e-08,False
2021-04-29,25,random_forest,"{'max_depth': 3, 'min_samples_leaf': 50}",0,0.2624950076,0.4696313811,0.2678736113,0.0001787104119,0,7.420091324e-08,False
2021-04-30,25,random_forest,"{'max_depth': 3, 'min_samples_leaf': 50}",0,0.2945843782,0.3855281753,0.3198874464,0.0002471101975,0,7.420091324e-08,False
2021-05-03,25,random_forest,"{'max_depth': 3, 'min_samples_leaf': 50}",0,0.2569888895,0.497001752,0.2460093585,7.444250378e-05,0,2.96803653e-07,False
2021-05-04,25,random_forest,"{'max_depth': 3, 'min_samples_leaf': 50}",0,0.2879295627,0.4050889047,0.3069815326,0.0002177712601,0,1.484018265e-07,False
2021-05-05,25,random_forest,"{'max_depth': 3, 'min_samples_leaf': 50}",0,0.2615394032,0.4832647523,0.2551958444,9.708952059e-05,0,1.484018265e-07,False
2021-05-06,25,random_forest,"{'max_depth': 3, 'min_samples_leaf': 50}",0,0.2548536569,0.4986827919,0.2464635512,9.788940772e-05,0,1.484018265e-07,False
2021-05-07,25,random_forest,"{'max_depth': 3, 'min_samples_leaf': 50}",0,0.2518090885,0.5046656114,0.2435253001,0.0001056785524,0,1.484018265e-07,False
2021-05-10,25,random_forest,"{'max_depth': 3, 'min_samples_leaf': 50}",0,0.2746341908,0.4316127481,0.2937530611,0.0002489440803,0,1.484018265e-07,False
2021-05-11,25,random_forest,"{'max_depth': 3, 'min_samples_leaf': 50}",0,0.3266964916,0.3083958742,0.3649076342,0.0002652821562,0,7.420091324e-08,False
2021-05-12,25,random_forest,"{'max_depth': 3, 'min_samples_leaf': 50}",0,0.3149860004,0.3171645027,0.3678494968,0.0003970989347,0,1.484018265e-07,False
2021-05-13,25,random_forest,"{'max_depth': 3, 'min_samples_leaf': 50}",0,0.3203820707,0.3313549264,0.3482630029,0.0002059869856,0,1.484018265e-07,False
2021-05-14,25,random_forest,"{'max_depth': 3, 'min_samples_leaf': 50}",0,0.2551911526,0.5023001566,0.2425086909,6.641492642e-05,0,7.420091324e-08,False
2021-05-17,25,random_forest,"{'max_depth': 3, 'min_samples_leaf': 50}",0,0.2583599661,0.4917749295,0.2498651044,8.904542932e-05,0,1.484018265e-07,False
2021-05-18,25,random_forest,"{'max_depth': 3, 'min_samples_leaf': 50}",0,0.274257805,0.4456741632,0.2800680318,0.0001546407955,0,1.484018265e-07,False
2021-05-19,25,random_forest,"{'max_depth': 3, 'min_samples_leaf': 50}",0,0.3205235787,0.3260556949,0.3534207264,0.0002415320483,0,7.420091324e-08,False
2021-05-20,26,random_forest,"{'max_depth': 3, 'min_samples_leaf': 50}",0,0.2585464379,0.4894477202,0.2520058419,0.0001037989573,0,7.420091324e-08,False
2021-05-21,26,random_forest,"{'max_depth': 3, 'min_samples_leaf': 50}",0,0.2650215221,0.4524004982,0.2825779797,0.0002620672364,0,7.420091324e-08,False
2021-05-24,26,random_forest,"{'max_depth': 3, 'min_samples_leaf': 50}",0,0.2471561821,0.5439338862,0.2089099317,-9.791508443e-05,0,1.484018265e-07,False
2021-05-25,26,random_forest,"{'max_depth': 3, 'min_samples_leaf': 50}",0,0.2406374223,0.5356840553,0.2236785224,6.972711356e-05,0,1.484018265e-07,False
2021-05-26,26,random_forest,"{'max_depth': 3, 'min_samples_leaf': 50}",0,0.2435368242,0.5884109341,0.1680522417,-0.0003570167621,0,1.484018265e-07,False
2021-05-27,26,random_forest,"{'max_depth': 3, 'min_samples_leaf': 50}",0,0.2420717354,0.5989600769,0.1589681876,-0.0004083815079,-1,1.484018265e-07,False
2021-05-28,26,random_forest,"{'max_depth': 3, 'min_samples_leaf': 50}",0,0.2376756698,0.5526177033,0.2097066269,-2.579621115e-06,0,7.420091324e-08,False
2021-06-01,26,random_forest,"{'max_depth': 3, 'min_samples_leaf': 50}",0,0.2483038474,0.517696783,0.2339993696,7.135158389e-05,0,1.484018265e-07,False
2021-06-02,26,random_forest,"{'max_depth': 3, 'min_samples_leaf': 50}",0,0.2374072661,0.5837179742,0.1788747598,-0.0002213821097,0,1.484018265e-07,False
2021-06-03,26,random_forest,"{'max_depth': 3, 'min_samples_leaf': 50}",0,0.249978748,0.5512470954,0.1987741567,-0.0001973597916,0,1.484018265e-07,False
2021-06-04,26,random_forest,"{'max_depth': 3, 'min_samples_leaf': 50}",0,0.2288527218,0.6088509996,0.1622962786,-0.0002595345689,0,1.484018265e-07,False
2021-06-07,26,random_forest,"{'max_depth': 3, 'min_samples_leaf': 50}",0,0.2302348916,0.5657381292,0.2040269792,2.698176158e-05,0,1.484018265e-07,False
2021-06-08,26,random_forest,"{'max_depth': 3, 'min_samples_leaf': 50}",0,0.233879726,0.518588597,0.2475316769,0.0003048452856,0,1.484018265e-07,False
2021-06-09,26,random_forest,"{'max_depth': 3, 'min_samples_leaf': 50}",0,0.2397833836,0.4936406039,0.2665760124,0.0003857578524,0,2.226027397e-07,False
2021-06-10,26,random_forest,"{'max_depth': 3, 'min_samples_leaf': 50}",0,0.2343323239,0.5253231601,0.2403445161,0.0002489709539,0,2.226027397e-07,False
2021-06-11,26,random_forest,"{'max_depth': 3, 'min_samples_leaf': 50}",0,0.2356088981,0.525302123,0.239088979,0.0002278905283,0,2.226027397e-07,False
2021-06-14,26,random_forest,"{'max_depth': 3, 'min_samples_leaf': 50}",0,0.2367632907,0.532447581,0.2307891283,0.000157394454,0,2.226027397e-07,False
2021-06-15,26,random_forest,"{'max_depth': 3, 'min_samples_leaf': 50}",0,0.2339121314,0.5356807389,0.2304071297,0.0001816031522,0,2.226027397e-07,False
2021-06-16,26,random_forest,"{'max_depth': 3, 'min_samples_leaf': 50}",0,0.2580944871,0.435572454,0.3063330589,0.0004980820341,1,2.96803653e-07,False
2021-06-17,26,random_forest,"{'max_depth': 3, 'min_samples_leaf': 50}",0,0.2604626909,0.4374377427,0.3020995664,0.0004453042918,1,2.96803653e-07,False
2021-06-18,26,random_forest,"{'max_depth': 3, 'min_samples_leaf': 50}",0,0.2986496394,0.2685035823,0.4328467784,0.001022960333,1,3.710045662e-07,False
2021-06-21,27,random_forest,"{'max_depth': 3, 'min_samples_leaf': 50}",0,0.2800188424,0.4509260824,0.2690550753,1.26052599e-05,0,3.710045662e-07,False
2021-06-22,27,random_forest,"{'max_depth': 3, 'min_samples_leaf': 50}",0,0.2638226454,0.5029280568,0.2332492978,-9.200763465e-05,0,2.96803653e-07,False
2021-06-23,27,random_forest,"{'max_depth': 3, 'min_samples_leaf': 50}",0,0.2650939624,0.5023750377,0.2325309999,-0.0001090980644,0,3.710045662e-07,False
2021-06-24,27,random_forest,"{'max_depth': 3, 'min_samples_leaf': 50}",0,0.2548704622,0.5303720567,0.214757481,-0.0001405151265,0,3.710045662e-07,False
2021-06-25,27,random_forest,"{'max_depth': 3, 'min_samples_leaf': 50}",0,0.2574359689,0.5231926693,0.2193713618,-0.0001315288272,0,4.452054795e-07,False
2021-06-28,27,random_forest,"{'max_depth': 3, 'min_samples_leaf': 50}",0,0.2554678142,0.5220820333,0.2224501525,-9.09689294e-05,0,3.710045662e-07,False
2021-06-29,27,random_forest,"{'max_depth': 3, 'min_samples_leaf': 50}",0,0.255773367,0.5359384884,0.2082881446,-0.0001953804308,0,2.96803653e-07,False
2021-06-30,27,random_forest,"{'max_depth': 3, 'min_samples_leaf': 50}",0,0.2386288334,0.5560487118,0.2053224549,-5.562275951e-05,0,3.710045662e-07,False
2021-07-01,27,random_forest,"{'max_depth': 3, 'min_samples_leaf': 50}",0,0.2307385498,0.5893346524,0.1799267978,-0.0001636042355,0,3.710045662e-07,False
2021-07-02,27,random_forest,"{'max_depth': 3, 'min_samples_leaf': 50}",0,0.2320826993,0.5924077394,0.1755095613,-0.0002079001383,0,3.710045662e-07,False
2021-07-06,27,random_forest,"{'max_depth': 3, 'min_samples_leaf': 50}",0,0.2643429106,0.4321982019,0.3034588875,0.0004065095257,1,3.710045662e-07,False
2021-07-07,27,random_forest,"{'max_depth': 3, 'min_samples_leaf': 50}",0,0.2677482529,0.4483964396,0.2838553075,0.0002339686281,0,3.710045662e-07,False
2021-07-08,27,random_forest,"{'max_depth': 3, 'min_samples_leaf': 50}",0,0.3029839436,0.3584126965,0.33860336,0.0002955786444,0,4.452054795e-07,False
2021-07-09,27,random_forest,"{'max_depth': 3, 'min_samples_leaf': 50}",0,0.2564253998,0.4925404312,0.251034169,0.0001049851131,0,4.452054795e-07,False
2021-07-12,27,random_forest,"{'max_depth': 3, 'min_samples_leaf': 50}",0,0.2653228409,0.477357932,0.2573192272,6.648415627e-05,0,3.710045662e-07,False
2021-07-13,27,random_forest,"{'max_depth': 3, 'min_samples_leaf': 50}",0,0.2581762913,0.5188957114,0.2229279973,-0.000112980831,0,3.710045662e-07,False
2021-07-14,27,random_forest,"{'max_depth': 3, 'min_samples_leaf': 50}",0,0.2569963191,0.5094267423,0.2335769386,-2.554549493e-05,0,4.452054795e-07,False
2021-07-15,27,random_forest,"{'max_depth': 3, 'min_samples_leaf': 50}",0,0.2660586433,0.4702153326,0.2637260241,0.0001055102908,0,3.710045662e-07,False
2021-07-16,27,random_forest,"{'max_depth': 3, 'min_samples_leaf': 50}",0,0.3185777054,0.3005835447,0.3808387499,0.0004519500073,1,3.710045662e-07,False
2021-07-19,27,random_forest,"{'max_depth': 3, 'min_samples_leaf': 50}",0,0.3188451129,0.2547637785,0.4263911086,0.0007760494043,1,3.710045662e-07,False
2021-07-20,27,random_forest,"{'max_depth': 3, 'min_samples_leaf': 50}",0,0.3324131931,0.2961654299,0.371421377,0.0002544842513,0,3.710045662e-07,False
2021-07-21,28,random_forest,"{'max_depth': 3, 'min_samples_leaf': 50}",0,0.2649594103,0.4740761136,0.2609644761,0.0001143010136,0,3.710045662e-07,False
2021-07-22,28,random_forest,"{'max_depth': 3, 'min_samples_leaf': 50}",0,0.2646131691,0.4793075048,0.2560793261,8.264398432e-05,0,3.710045662e-07,False
2021-07-23,28,random_forest,"{'max_depth': 3, 'min_samples_leaf': 50}",0,0.2575737486,0.5034900319,0.2389362194,2.59887673e-05,0,3.710045662e-07,False
2021-07-26,28,random_forest,"{'max_depth': 3, 'min_samples_leaf': 50}",0,0.2589290724,0.5050140597,0.2360568679,-7.244836426e-06,0,3.710045662e-07,False
2021-07-27,28,random_forest,"{'max_depth': 3, 'min_samples_leaf': 50}",0,0.2845712701,0.3985895703,0.3168391596,0.0003300978267,0,3.710045662e-07,False
2021-07-28,28,random_forest,"{'max_depth': 3, 'min_samples_leaf': 50}",0,0.2626962378,0.4797554783,0.2575482839,0.0001110525468,0,3.710045662e-07,False
2021-07-29,28,random_forest,"{'max_depth': 3, 'min_samples_leaf': 50}",0,0.2607693526,0.4924515377,0.2467791097,5.214096293e-05,0,4.452054795e-07,False
2021-07-30,28,random_forest,"{'max_depth': 3, 'min_samples_leaf': 50}",0,0.2632733144,0.4695702334,0.2671564521,0.0001742871679,0,4.452054795e-07,False
2021-08-02,28,random_forest,"{'max_depth': 3, 'min_samples_leaf': 50}",0,0.2766035953,0.4164528993,0.3069435054,0.0003338846742,0,3.710045662e-07,False
2021-08-03,28,random_forest,"{'max_depth': 3, 'min_samples_leaf': 50}",0,0.2554185998,0.4823622464,0.2622191538,0.0002124342514,0,3.710045662e-07,False
2021-08-04,28,random_forest,"{'max_depth': 3, 'min_samples_leaf': 50}",0,0.2655303363,0.4567338522,0.2777358115,0.0002287574004,0,3.710045662e-07,False
2021-08-05,28,random_forest,"{'max_depth': 3, 'min_samples_leaf': 50}",0,0.25872997,0.4972629559,0.2440070741,5.140189393e-05,0,3.710045662e-07,False
2021-08-06,28,random_forest,"{'max_depth': 3, 'min_samples_leaf': 50}",0,0.2558110059,0.5079232402,0.2362657539,2.338961781e-05,0,4.452054795e-07,False
2021-08-09,28,random_forest,"{'max_depth': 3, 'min_samples_leaf': 50}",0,0.2589390114,0.500489203,0.2405717855,2.4910926e-05,0,4.452054795e-07,False
2021-08-10,28,random_forest,"{'max_depth': 3, 'min_samples_leaf': 50}",0,0.2472264219,0.5387169238,0.2140566543,-5.500882148e-05,0,3.710045662e-07,False
2021-08-11,28,random_forest,"{'max_depth': 3, 'min_samples_leaf': 50}",0,0.2431412708,0.5480658145,0.2087929147,-5.442495223e-05,0,3.710045662e-07,False
2021-08-12,28,random_forest,"{'max_depth': 3, 'min_samples_leaf': 50}",0,0.2466816001,0.5469586053,0.2063597946,-0.0001048930228,0,4.452054795e-07,False
2021-08-13,28,random_forest,"{'max_depth': 3, 'min_samples_leaf': 50}",0,0.2374032956,0.5650212765,0.1975754279,-8.091902849e-05,0,4.452054795e-07,False
2021-08-16,28,random_forest,"{'max_depth': 3, 'min_samples_leaf': 50}",0,0.2389880519,0.5419711471,0.219040801,5.758983029e-05,0,4.452054795e-07,False
2021-08-17,28,random_forest,"{'max_depth': 3, 'min_samples_leaf': 50}",0,0.2727021086,0.4275937709,0.2997041205,0.0003186405376,0,5.194063927e-07,False
2021-08-18,28,random_forest,"{'max_depth': 3, 'min_samples_leaf': 50}",0,0.331516526,0.2328054874,0.4356779866,0.0007401613178,1,5.194063927e-07,False
2021-08-19,29,random_forest,"{'max_depth': 3, 'min_samples_leaf': 50}",0,0.3245656501,0.21022318,0.4652111699,0.001021808515,1,4.452054795e-07,False
2021-08-20,29,random_forest,"{'max_depth': 3, 'min_samples_leaf': 50}",0,0.2651305073,0.4418923152,0.2929771775,0.0003519508028,0,3.710045662e-07,False
2021-08-23,29,random_forest,"{'max_depth': 3, 'min_samples_leaf': 50}",0,0.2403749379,0.5321797029,0.2274453592,0.0001170163936,0,3.710045662e-07,False
2021-08-24,29,random_forest,"{'max_depth': 3, 'min_samples_leaf': 50}",0,0.2448421828,0.524668886,0.2304889312,9.704872316e-05,0,3.710045662e-07,False
2021-08-25,29,random_forest,"{'max_depth': 3, 'min_samples_leaf': 50}",0,0.2387556805,0.5338812817,0.2273630378,0.0001315037524,0,4.452054795e-07,False
2021-08-26,29,random_forest,"{'max_depth': 3, 'min_samples_leaf': 50}",0,0.2653442092,0.466461222,0.2681945688,0.0001739742418,0,3.710045662e-07,False
2021-08-27,29,random_forest,"{'max_depth': 3, 'min_samples_leaf': 50}",0,0.2467735031,0.4842472322,0.2689792647,0.0003524015005,0,3.710045662e-07,False
2021-08-30,29,random_forest,"{'max_depth': 3, 'min_samples_leaf': 50}",0,0.2385733645,0.5338065101,0.2276201254,0.0001350263801,0,3.710045662e-07,False
2021-08-31,29,random_forest,"{'max_depth': 3, 'min_samples_leaf': 50}",0,0.2350877159,0.5381952735,0.2267170106,0.0001610573321,0,2.96803653e-07,False
2021-09-01,29,random_forest,"{'max_depth': 3, 'min_samples_leaf': 50}",0,0.2176000763,0.6417136475,0.1406862762,-0.0002870943769,0,3.710045662e-07,False
2021-09-02,29,random_forest,"{'max_depth': 3, 'min_samples_leaf': 50}",0,0.2177480538,0.6413138837,0.1409380625,-0.0002866837446,0,3.710045662e-07,False
2021-09-03,29,random_forest,"{'max_depth': 3, 'min_samples_leaf': 50}",0,0.2301726433,0.5576217598,0.2122055968,0.0001037573717,0,3.710045662e-07,False
2021-09-07,29,random_forest,"{'max_depth': 3, 'min_samples_leaf': 50}",0,0.258822524,0.4966124696,0.2445650064,6.687829814e-05,0,3.710045662e-07,False
2021-09-08,29,random_forest,"{'max_depth': 3, 'min_samples_leaf': 50}",0,0.2603698879,0.4860942381,0.2535358741,0.0001161798863,0,3.710045662e-07,False
2021-09-09,29,random_forest,"{'max_depth': 3, 'min_samples_leaf': 50}",0,0.307270679,0.3385398773,0.3541894437,0.000394396242,0,2.96803653e-07,False
2021-09-10,29,random_forest,"{'max_depth': 3, 'min_samples_leaf': 50}",0,0.3217052227,0.2806379329,0.3976568444,0.0005687132065,1,3.710045662e-07,False
2021-09-13,29,random_forest,"{'max_depth': 3, 'min_samples_leaf': 50}",0,0.3216022466,0.2801511901,0.3982465633,0.0005738594413,1,4.452054795e-07,False
2021-09-14,29,random_forest,"{'max_depth': 3, 'min_samples_leaf': 50}",0,0.3162219282,0.2607824998,0.422995572,0.0007996879343,1,2.96803653e-07,False
2021-09-15,29,random_forest,"{'max_depth': 3, 'min_samples_leaf': 50}",0,0.2776060959,0.4073744958,0.3150194083,0.0003923561606,0,2.96803653e-07,False
2021-09-16,29,random_forest,"{'max_depth': 3, 'min_samples_leaf': 50}",0,0.2910242787,0.3770850698,0.3318906515,0.0003872674508,0,2.96803653e-07,False
2021-09-17,29,random_forest,"{'max_depth': 3, 'min_samples_leaf': 50}",0,0.3328432115,0.2278862721,0.4392705164,0.0007605505046,1,2.96803653e-07,False
2021-09-20,30,random_forest,"{'max_depth': 3, 'min_samples_leaf': 50}",0,0.3245552809,0.2089215952,0.4665231239,0.001017689233,1,2.96803653e-07,False
2021-09-21,30,random_forest,"{'max_depth': 3, 'min_samples_leaf': 50}",0,0.3329687444,0.2363923775,0.430638878,0.0006850118112,1,2.226027397e-07,False
2021-09-22,30,random_forest,"{'max_depth': 3, 'min_samples_leaf': 50}",0,0.3182629141,0.3097298525,0.3720072334,0.0004055996701,1,2.226027397e-07,False
2021-09-23,30,random_forest,"{'max_depth': 3, 'min_samples_leaf': 50}",0,0.2527251762,0.5019424319,0.2453323919,0.0001154010455,0,2.226027397e-07,False
2021-09-24,30,random_forest,"{'max_depth': 3, 'min_samples_leaf': 50}",0,0.24377343,0.5371356894,0.2190908806,1.234797534e-05,0,2.226027397e-07,False
2021-09-27,30,random_forest,"{'max_depth': 3, 'min_samples_leaf': 50}",0,0.2603183796,0.4902620072,0.2494196132,7.390144874e-05,0,2.96803653e-07,False
2021-09-28,30,random_forest,"{'max_depth': 3, 'min_samples_leaf': 50}",0,0.3328068157,0.2653539123,0.401839272,0.0004822071474,1,2.96803653e-07,False
2021-09-29,30,random_forest,"{'max_depth': 3, 'min_samples_leaf': 50}",0,0.3087550439,0.3303358907,0.3609090654,0.0004151383905,1,2.96803653e-07,False
2021-09-30,30,random_forest,"{'max_depth': 3, 'min_samples_leaf': 50}",0,0.320429862,0.2813923141,0.3981778239,0.0005711392891,1,2.96803653e-07,False
2021-10-01,30,random_forest,"{'max_depth': 3, 'min_samples_leaf': 50}",0,0.2778029827,0.4154601737,0.3067368436,0.0003181910078,0,2.96803653e-07,False
2021-10-04,30,random_forest,"{'max_depth': 3, 'min_samples_leaf': 50}",0,0.2887954541,0.3765232547,0.3346812912,0.0004143789469,1,2.96803653e-07,False
2021-10-05,30,random_forest,"{'max_depth': 3, 'min_samples_leaf': 50}",0,0.262850675,0.4770154273,0.2601338977,0.0001264002384,0,2.96803653e-07,False
2021-10-06,30,random_forest,"{'max_depth': 3, 'min_samples_leaf': 50}",0,0.2616504772,0.4689286914,0.2694208314,0.0002034254715,0,2.96803653e-07,False
2021-10-07,30,random_forest,"{'max_depth': 3, 'min_samples_leaf': 50}",0,0.246977679,0.5169700437,0.2360522774,0.0001029261818,0,3.710045662e-07,False
2021-10-08,30,random_forest,"{'max_depth': 3, 'min_samples_leaf': 50}",0,0.2415796718,0.5189431047,0.2394772236,0.0001773379599,0,3.710045662e-07,False
2021-10-11,30,random_forest,"{'max_depth': 3, 'min_samples_leaf': 50}",0,0.2570403036,0.5003325529,0.2426271436,5.614828696e-05,0,3.710045662e-07,False
2021-10-12,30,random_forest,"{'max_depth': 3, 'min_samples_leaf': 50}",0,0.2470584287,0.5211534119,0.2317881594,7.192632074e-05,0,4.452054795e-07,False
2021-10-13,30,random_forest,"{'max_depth': 3, 'min_samples_leaf': 50}",0,0.2458852509,0.5348177405,0.2192970086,-5.795748835e-06,0,3.710045662e-07,False
2021-10-14,30,random_forest,"{'max_depth': 3, 'min_samples_leaf': 50}",0,0.2083192684,0.6551537447,0.1365269869,-0.000244216238,0,3.710045662e-07,False
2021-10-15,30,random_forest,"{'max_depth': 3, 'min_samples_leaf': 50}",0,0.2000585605,0.6750873547,0.1248540848,-0.0002503333347,0,3.710045662e-07,False
2021-10-18,30,random_forest,"{'max_depth': 3, 'min_samples_leaf': 50}",0,0.1902076511,0.6892250053,0.1205673436,-0.0001892887465,0,4.452054795e-07,False
2021-10-19,31,random_forest,"{'max_depth': 3, 'min_samples_leaf': 50}",0,0.2015113797,0.6972916692,0.1011969511,-0.0004324275531,-1,3.710045662e-07,False
2021-10-20,31,random_forest,"{'max_depth': 3, 'min_samples_leaf': 50}",0,0.1909421989,0.7122816524,0.09677614869,-0.0003655108324,0,3.710045662e-07,False
2021-10-21,31,random_forest,"{'max_depth': 3, 'min_samples_leaf': 50}",0,0.1899333465,0.7128598739,0.09720677953,-0.0003530597123,0,4.452054795e-07,False
2021-10-22,31,random_forest,"{'max_depth': 3, 'min_samples_leaf': 50}",0,0.2172832268,0.6251201854,0.1575965878,-0.0001780854394,0,4.452054795e-07,False
2021-10-25,31,random_forest,"{'max_depth': 3, 'min_samples_leaf': 50}",0,0.1988396968,0.694801392,0.1063589112,-0.0003708526267,0,4.452054795e-07,False
2021-10-26,31,random_forest,"{'max_depth': 3, 'min_samples_leaf': 50}",0,0.2216702893,0.6046737881,0.1736559226,-0.0001046972449,0,4.452054795e-07,False
2021-10-27,31,random_forest,"{'max_depth': 3, 'min_samples_leaf': 50}",0,0.2320388933,0.5261910773,0.2417700294,0.0002832415821,0,4.452054795e-07,False
2021-10-28,31,random_forest,"{'max_depth': 3, 'min_samples_leaf': 50}",0,0.2325386268,0.5469185046,0.2205428687,0.0001276227285,0,4.452054795e-07,False
2021-10-29,31,random_forest,"{'max_depth': 3, 'min_samples_leaf': 50}",0,0.2321116361,0.5359058518,0.2319825121,0.0002129554727,0,3.710045662e-07,False
2021-11-01,31,random_forest,"{'max_depth': 3, 'min_samples_leaf': 50}",0,0.2402302134,0.5161826155,0.2435871711,0.0002199360934,0,3.710045662e-07,False
2021-11-02,31,random_forest,"{'max_depth': 3, 'min_samples_leaf': 50}",0,0.2536308639,0.4445735485,0.3017955876,0.0005092088509,1,3.710045662e-07,False
2021-11-03,31,random_forest,"{'max_depth': 3, 'min_samples_leaf': 50}",0,0.2481008932,0.4819006072,0.2699984995,0.0003345292081,0,3.710045662e-07,False
2021-11-04,31,random_forest,"{'max_depth': 3, 'min_samples_leaf': 50}",0,0.2521658579,0.4732366069,0.2745975352,0.0003294088297,0,2.96803653e-07,False
2021-11-05,31,random_forest,"{'max_depth': 3, 'min_samples_leaf': 50}",0,0.2668684738,0.3993603494,0.3337711769,0.0006134301104,1,3.710045662e-07,False
2021-11-08,31,random_forest,"{'max_depth': 3, 'min_samples_leaf': 50}",0,0.2787313043,0.4018700781,0.3193986176,0.0004008155533,1,4.452054795e-07,False
2021-11-09,31,random_forest,"{'max_depth': 3, 'min_samples_leaf': 50}",0,0.2785365546,0.3622219737,0.3592414717,0.0006859916526,1,2.96803653e-07,False
2021-11-10,31,random_forest,"{'max_depth': 3, 'min_samples_leaf': 50}",0,0.30377122,0.2993821436,0.3968466364,0.0007186051131,1,3.710045662e-07,False
2021-11-11,31,random_forest,"{'max_depth': 3, 'min_samples_leaf': 50}",0,0.2770489701,0.4277192684,0.2952317615,0.000244595977,0,3.710045662e-07,False
2021-11-12,31,random_forest,"{'max_depth': 3, 'min_samples_leaf': 50}",0,0.2464034734,0.5321799017,0.2214166249,4.809571349e-06,0,3.710045662e-07,False
2021-11-15,31,random_forest,"{'max_depth': 3, 'min_samples_leaf': 50}",0,0.2598932986,0.4973570378,0.2427496636,3.099351225e-05,0,3.710045662e-07,False
2021-11-16,31,random_forest,"{'max_depth': 3, 'min_samples_leaf': 50}",0,0.2661746936,0.448727586,0.2850977204,0.0002737191922,0,3.710045662e-07,False
2021-11-17,32,random_forest,"{'max_depth': 3, 'min_samples_leaf': 50}",0,0.3099990582,0.382554763,0.3074461787,3.631983574e-05,0,3.710045662e-07,False
2021-11-18,32,random_forest,"{'max_depth': 3, 'min_samples_leaf': 50}",0,0.305073332,0.3551821051,0.3397445629,0.0003107210832,0,3.710045662e-07,False
2021-11-19,32,random_forest,"{'max_depth': 3, 'min_samples_leaf': 50}",0,0.2965278636,0.3641378845,0.3393342519,0.0003867589262,0,3.710045662e-07,False
2021-11-22,32,random_forest,"{'max_depth': 3, 'min_samples_leaf': 50}",0,0.3220076018,0.2857184758,0.3922739224,0.0005265481027,1,3.710045662e-07,False
2021-11-23,32,random_forest,"{'max_depth': 3, 'min_samples_leaf': 50}",0,0.3072622735,0.3170339662,0.3757037603,0.0005453386968,1,4.452054795e-07,False
2021-11-24,32,random_forest,"{'max_depth': 3, 'min_samples_leaf': 50}",0,0.3103023411,0.3366330819,0.353064577,0.0003568116718,0,2.397260274e-07,False
2021-11-26,32,random_forest,"{'max_depth': 3, 'min_samples_leaf': 50}",0,0.330654202,0.1766427128,0.4927030852,0.001158400955,1,4.452054795e-07,False
2021-11-29,32,random_forest,"{'max_depth': 3, 'min_samples_leaf': 50}",0,0.3291067999,0.2493430818,0.4215501183,0.0006684413916,1,4.452054795e-07,False
2021-11-30,32,random_forest,"{'max_depth': 3, 'min_samples_leaf': 50}",0,0.3288066085,0.1626095187,0.5085838728,0.001288015368,1,3.710045662e-07,False
2021-12-01,32,random_forest,"{'max_depth': 3, 'min_samples_leaf': 50}",0,0.321937167,0.1756940136,0.5023688194,0.001307431846,1,4.452054795e-07,False
2021-12-02,32,random_forest,"{'max_depth': 3, 'min_samples_leaf': 50}",0,0.3087093896,0.2157724529,0.4755181576,0.001239345821,1,3.710045662e-07,False
2021-12-03,32,random_forest,"{'max_depth': 3, 'min_samples_leaf': 50}",0,0.2989756314,0.2159997698,0.4850245988,0.00139664062,1,4.452054795e-07,False
2021-12-06,32,random_forest,"{'max_depth': 3, 'min_samples_leaf': 50}",0,0.2931829209,0.3130454492,0.3937716299,0.0008034535473,1,3.710045662e-07,False
2021-12-07,32,random_forest,"{'max_depth': 3, 'min_samples_leaf': 50}",0,0.2210375935,0.5655588757,0.2134035308,0.0001917012317,0,4.452054795e-07,False
2021-12-08,32,random_forest,"{'max_depth': 3, 'min_samples_leaf': 50}",0,0.2106345682,0.6161202195,0.1732452122,3.209055072e-06,0,5.194063927e-07,False
2021-12-09,32,random_forest,"{'max_depth': 3, 'min_samples_leaf': 50}",0,0.2332883919,0.5510629365,0.2156486716,9.44356845e-05,0,4.452054795e-07,False
2021-12-10,32,random_forest,"{'max_depth': 3, 'min_samples_leaf': 50}",0,0.2028188117,0.6567738288,0.1404073595,-0.0001573055993,0,4.452054795e-07,False
2021-12-13,32,random_forest,"{'max_depth': 3, 'min_samples_leaf': 50}",0,0.2303382535,0.5343181088,0.2353436377,0.0002612665027,0,3.710045662e-07,False
2021-12-14,32,random_forest,"{'max_depth': 3, 'min_samples_leaf': 50}",0,0.241059454,0.517440544,0.241500002,0.0002058503592,0,3.710045662e-07,False
2021-12-15,32,random_forest,"{'max_depth': 3, 'min_samples_leaf': 50}",0,0.2243452371,0.5725683356,0.2030864273,8.802777304e-05,0,3.710045662e-07,False
2021-12-16,32,random_forest,"{'max_depth': 3, 'min_samples_leaf': 50}",0,0.2380691089,0.5365532921,0.225377599,0.0001192180113,0,3.710045662e-07,False
2021-12-17,33,random_forest,"{'max_depth': 3, 'min_samples_leaf': 50}",0,0.2593112642,0.4415081586,0.2991805773,0.0004265725665,1,3.710045662e-07,False
2021-12-20,33,random_forest,"{'max_depth': 3, 'min_samples_leaf': 50}",0,0.2574000526,0.4591925817,0.2834073658,0.0003319282023,0,5.194063927e-07,False
2021-12-21,33,random_forest,"{'max_depth': 3, 'min_samples_leaf': 50}",0,0.2618737886,0.502917293,0.2352089183,-5.317440973e-05,0,5.194063927e-07,False
2021-12-22,33,random_forest,"{'max_depth': 3, 'min_samples_leaf': 50}",0,0.2180845111,0.6108445557,0.1710709332,-0.0001031361041,0,5.936073059e-07,False
2021-12-23,33,random_forest,"{'max_depth': 3, 'min_samples_leaf': 50}",0,0.2074906113,0.6563936558,0.1361157329,-0.0002537589592,0,5.194063927e-07,False
2021-12-27,33,random_forest,"{'max_depth': 3, 'min_samples_leaf': 50}",0,0.206978465,0.6471739016,0.1458476334,-0.0001796386092,0,4.452054795e-07,False
2021-12-28,33,random_forest,"{'max_depth': 3, 'min_samples_leaf': 50}",0,0.1941892379,0.68013912,0.1256716422,-0.0002045194234,0,4.452054795e-07,False
2021-12-29,33,random_forest,"{'max_depth': 3, 'min_samples_leaf': 50}",0,0.1776684082,0.7383749579,0.08395663386,-0.0003482113871,0,3.710045662e-07,False
2021-12-30,33,random_forest,"{'max_depth': 3, 'min_samples_leaf': 50}",0,0.2319571829,0.570561306,0.1974815111,-4.389554381e-05,0,3.710045662e-07,False
2021-12-31,33,random_forest,"{'max_depth': 3, 'min_samples_leaf': 50}",0,0.2305155796,0.573961343,0.1955230774,-4.444938264e-05,0,4.452054795e-07,False
2022-01-03,33,random_forest,"{'max_depth': 3, 'min_samples_leaf': 50}",0,0.2225788028,0.6140878645,0.1633333327,-0.0002000684987,0,5.936073059e-07,False
2022-01-04,33,random_forest,"{'max_depth': 3, 'min_samples_leaf': 50}",0,0.2234021359,0.6157920763,0.1608057878,-0.0002257373188,0,5.936073059e-07,False
2022-01-05,33,random_forest,"{'max_depth': 3, 'min_samples_leaf': 50}",0,0.3013024942,0.3633412066,0.3353562992,0.0002939672847,0,6.678082192e-07,False
2022-01-06,33,random_forest,"{'max_depth': 3, 'min_samples_leaf': 50}",0,0.3018014755,0.3912106381,0.3069878864,8.714835244e-05,0,7.420091324e-07,False
2022-01-07,33,random_forest,"{'max_depth': 3, 'min_samples_leaf': 50}",0,0.301369492,0.396530238,0.30210027,5.633119143e-05,0,7.420091324e-07,False
2022-01-10,33,random_forest,"{'max_depth': 3, 'min_samples_leaf': 50}",0,0.3080445599,0.3530915029,0.3388639373,0.0002562794427,0,9.646118721e-07,False
2022-01-11,33,random_forest,"{'max_depth': 3, 'min_samples_leaf': 50}",0,0.3078305325,0.406834562,0.2853349055,-0.0001232278563,0,8.162100457e-07,False
2022-01-12,33,random_forest,"{'max_depth': 3, 'min_samples_leaf': 50}",0,0.2684954752,0.5046618581,0.2268426667,-0.0001743672862,0,8.904109589e-07,False
2022-01-13,33,random_forest,"{'max_depth': 3, 'min_samples_leaf': 50}",0,0.3262923134,0.2728932338,0.4008144527,0.0005281316816,1,8.904109589e-07,False
2022-01-14,33,random_forest,"{'max_depth': 3, 'min_samples_leaf': 50}",0,0.3082341772,0.352022735,0.3397430878,0.0002607820529,0,9.646118721e-07,False
2022-01-18,33,random_forest,"{'max_depth': 3, 'min_samples_leaf': 50}",0,0.3641260594,0.1757491723,0.4601247683,0.0005990604019,1,1.187214612e-06,False
2022-01-19,34,random_forest,"{'max_depth': 3, 'min_samples_leaf': 50}",0,0.3937091025,0.1278960832,0.4783948142,0.0004496601635,1,1.261415525e-06,False
2022-01-20,34,random_forest,"{'max_depth': 3, 'min_samples_leaf': 50}",0,0.4035348444,0.1358529639,0.4606121917,0.0002307154031,0,1.261415525e-06,False
2022-01-21,34,random_forest,"{'max_depth': 3, 'min_samples_leaf': 50}",0,0.3835775364,0.1438420585,0.4725804051,0.0005025857532,1,1.261415525e-06,False
2022-01-24,34,random_forest,"{'max_depth': 3, 'min_samples_leaf': 50}",0,0.3799428099,0.142251941,0.4778052491,0.0005738927332,1,1.409817352e-06,False
2022-01-25,34,random_forest,"{'max_depth': 3, 'min_samples_leaf': 50}",0,0.3626648318,0.1369899291,0.5003452391,0.0008964197406,1,1.409817352e-06,False
2022-01-26,34,random_forest,"{'max_depth': 3, 'min_samples_leaf': 50}",0,0.3572369298,0.1797262329,0.4630368373,0.000680068347,1,1.409817352e-06,False
2022-01-27,34,random_forest,"{'max_depth': 3, 'min_samples_leaf': 50}",0,0.3238825546,0.2085454193,0.4675720261,0.001023750664,1,1.484018265e-06,False
2022-01-28,34,random_forest,"{'max_depth': 3, 'min_samples_leaf': 50}",0,0.3182155417,0.2779733035,0.4038111548,0.0006203225876,1,1.409817352e-06,False
2022-01-31,34,random_forest,"{'max_depth': 3, 'min_samples_leaf': 50}",0,0.2372178321,0.5174512718,0.2453308962,0.0002419353968,0,1.632420091e-06,False
2022-02-01,34,random_forest,"{'max_depth': 3, 'min_samples_leaf': 50}",0,0.2181019611,0.5954275762,0.1864704626,-9.327067071e-07,0,1.409817352e-06,False
2022-02-02,34,random_forest,"{'max_depth': 3, 'min_samples_leaf': 50}",0,0.2072695116,0.6200838166,0.1726466718,1.213399032e-06,0,1.409817352e-06,False
2022-02-03,34,random_forest,"{'max_depth': 3, 'min_samples_leaf': 50}",0,0.2473173346,0.4933548828,0.2593277826,0.0002478671054,0,1.484018265e-06,False
2022-02-04,34,random_forest,"{'max_depth': 3, 'min_samples_leaf': 50}",0,0.2474628525,0.5236855182,0.2288516294,2.840589377e-05,0,1.706621005e-06,False
2022-02-07,34,random_forest,"{'max_depth': 3, 'min_samples_leaf': 50}",0,0.2490865065,0.5443424723,0.2065710212,-0.0001461960129,0,2.003424658e-06,False
2022-02-08,34,random_forest,"{'max_depth': 3, 'min_samples_leaf': 50}",0,0.2245123096,0.6187975684,0.156690122,-0.000273870783,0,1.855022831e-06,False
2022-02-09,34,random_forest,"{'max_depth': 3, 'min_samples_leaf': 50}",0,0.182341924,0.7159760129,0.1016820631,-0.0002740500473,0,1.929223744e-06,False
2022-02-10,34,random_forest,"{'max_depth': 3, 'min_samples_leaf': 50}",0,0.2597044765,0.5197911125,0.220504411,-0.0001455564842,0,2.96803653e-06,False
2022-02-11,34,random_forest,"{'max_depth': 3, 'min_samples_leaf': 50}",0,0.2684901609,0.4081810483,0.3233287908,0.0005083306357,1,2.671232877e-06,False
2022-02-14,34,random_forest,"{'max_depth': 3, 'min_samples_leaf': 50}",0,0.3200161687,0.3051295962,0.374854235,0.0003962901633,0,3.190639269e-06,False
2022-02-15,34,random_forest,"{'max_depth': 3, 'min_samples_leaf': 50}",0,0.3018061272,0.3808057591,0.3173881136,0.0001549482943,0,2.96803653e-06,False
2022-02-16,34,random_forest,"{'max_depth': 3, 'min_samples_leaf': 50}",0,0.2571127929,0.5188875031,0.223999704,-9.63596037e-05,0,2.819634703e-06,False
2022-02-17,35,random_forest,"{'max_depth': 3, 'min_samples_leaf': 50}",0,0.2810719133,0.4126414448,0.3062866419,0.0002563670889,0,2.671232877e-06,False
2022-02-18,35,random_forest,"{'max_depth': 3, 'min_samples_leaf': 50}",0,0.2858457319,0.4062315124,0.3079227557,0.000222958052,0,2.597031963e-06,False
2022-02-22,35,random_forest,"{'max_depth': 3, 'min_samples_leaf': 50}",0,0.348216954,0.2803118843,0.3714711617,9.139354636e-05,0,2.74543379e-06,False
2022-02-23,35,random_forest,"{'max_depth': 3, 'min_samples_leaf': 50}",0,0.3398049064,0.2414857169,0.4187093767,0.0005126753488,1,2.52283105e-06,False
2022-02-24,35,random_forest,"{'max_depth': 3, 'min_samples_leaf': 50}",0,0.3576704181,0.196839621,0.445489961,0.0005370142011,1,2.374429224e-06,False
2022-02-25,35,random_forest,"{'max_depth': 3, 'min_samples_leaf': 50}",0,0.2388132432,0.5321459128,0.229040844,9.829272663e-05,0,2.448630137e-06,False
2022-02-28,35,random_forest,"{'max_depth': 3, 'min_samples_leaf': 50}",0,0.317331564,0.3013154891,0.3813529469,0.0004555321425,1,2.597031963e-06,False
2022-03-01,35,random_forest,"{'max_depth': 3, 'min_samples_leaf': 50}",0,0.3610739812,0.1844655892,0.4544604296,0.0005696228613,1,2.374429224e-06,False
2022-03-02,35,random_forest,"{'max_depth': 3, 'min_samples_leaf': 50}",0,0.2866047508,0.3928303353,0.3205649139,0.0003071766672,0,2.52283105e-06,False
2022-03-03,35,random_forest,"{'max_depth': 3, 'min_samples_leaf': 50}",0,0.306022348,0.3515887628,0.3423888892,0.0002809674399,0,2.819634703e-06,False
2022-03-04,35,random_forest,"{'max_depth': 3, 'min_samples_leaf': 50}",0,0.2882337498,0.3452096311,0.3665566191,0.00062429101,1,2.52283105e-06,False
2022-03-07,35,random_forest,"{'max_depth': 3, 'min_samples_leaf': 50}",0,0.3703941095,0.1804465889,0.4491593016,0.0004429695371,1,2.819634703e-06,False
2022-03-08,35,random_forest,"{'max_depth': 3, 'min_samples_leaf': 50}",0,0.3727693316,0.2122142438,0.4150164246,0.0001735842135,0,2.671232877e-06,False
2022-03-09,35,random_forest,"{'max_depth': 3, 'min_samples_leaf': 50}",0,0.3077950064,0.3851466445,0.3070583491,8.704714242e-06,0,2.819634703e-06,False
2022-03-10,35,random_forest,"{'max_depth': 3, 'min_samples_leaf': 50}",0,0.278765021,0.4575783053,0.2636566737,-3.001550685e-05,0,2.893835616e-06,False
2022-03-11,35,random_forest,"{'max_depth': 3, 'min_samples_leaf': 50}",0,0.2763218903,0.4495461724,0.2741319373,6.88802569e-05,0,2.96803653e-06,False
2022-03-14,35,random_forest,"{'max_depth': 3, 'min_samples_leaf': 50}",0,0.2911599658,0.4401479319,0.2686921023,-0.0001110670386,0,3.339041096e-06,False
2022-03-15,35,random_forest,"{'max_depth': 3, 'min_samples_leaf': 50}",0,0.2615847841,0.5212078509,0.2172073649,-0.0002030667755,0,3.413242009e-06,False
2022-03-16,35,random_forest,"{'max_depth': 3, 'min_samples_leaf': 50}",0,0.2008227129,0.6271320603,0.1720452268,4.619389669e-05,0,3.264840183e-06,False
2022-03-17,35,random_forest,"{'max_depth': 3, 'min_samples_leaf': 50}",0,0.1973260598,0.6581885757,0.1444853646,-0.0001199466737,0,2.96803653e-06,False
2022-03-18,35,random_forest,"{'max_depth': 3, 'min_samples_leaf': 50}",0,0.1727738229,0.7324186949,0.09480748222,-0.0002464817241,0,3.116438356e-06,False
2022-03-21,36,random_forest,"{'max_depth': 3, 'min_samples_leaf': 50}",0,0.1811698248,0.7061729131,0.1126572621,-0.0001958926709,0,4.006849315e-06,False
2022-03-22,36,random_forest,"{'max_depth': 3, 'min_samples_leaf': 50}",0,0.1674077131,0.7253609378,0.107231349,-0.0001037155507,0,3.784246575e-06,False
2022-03-23,36,random_forest,"{'max_depth': 3, 'min_samples_leaf': 50}",0,0.2097931678,0.6414309365,0.1487758956,-0.0002031741553,0,3.710045662e-06,False
2022-03-24,36,random_forest,"{'max_depth': 3, 'min_samples_leaf': 50}",0,0.170468015,0.7200457199,0.1094862652,-0.0001164271926,0,3.858447489e-06,False
2022-03-25,36,random_forest,"{'max_depth': 3, 'min_samples_leaf': 50}",0,0.2002424232,0.6570598264,0.1426977504,-0.0001563798431,0,4.081050228e-06,False
2022-03-28,36,random_forest,"{'max_depth': 3, 'min_samples_leaf': 50}",0,0.1707738854,0.7181910761,0.1110350385,-0.0001078689967,0,4.377853881e-06,False
2022-03-29,36,random_forest,"{'max_depth': 3, 'min_samples_leaf': 50}",0,0.1743230416,0.7126129368,0.1130640216,-0.0001269643411,0,4.081050228e-06,False
2022-03-30,36,random_forest,"{'max_depth': 3, 'min_samples_leaf': 50}",0,0.1834136518,0.6968457344,0.1197406138,-0.0001648848038,0,4.081050228e-06,False
2022-03-31,36,random_forest,"{'max_depth': 3, 'min_samples_leaf': 50}",0,0.2657798841,0.4667083249,0.2675117911,0.0001397299735,0,3.858447489e-06,False
2022-04-01,36,random_forest,"{'max_depth': 3, 'min_samples_leaf': 50}",0,0.2675604365,0.4795519129,0.2528876506,1.397893647e-05,0,3.932648402e-06,False
2022-04-04,36,random_forest,"{'max_depth': 3, 'min_samples_leaf': 50}",0,0.2303922894,0.5870410436,0.1825666671,-0.0001505028849,0,4.897260274e-06,False
2022-04-05,36,random_forest,"{'max_depth': 3, 'min_samples_leaf': 50}",0,0.307172326,0.4161463654,0.2766813086,-0.0001906145082,0,4.823059361e-06,False
2022-04-06,36,random_forest,"{'max_depth': 3, 'min_samples_leaf': 50}",0,0.3047237653,0.3813987402,0.3138774945,0.0001092061151,0,4.971461187e-06,False
2022-04-07,36,random_forest,"{'max_depth': 3, 'min_samples_leaf': 50}",0,0.3234881657,0.3953874821,0.2811243521,-0.0003146735379,0,5.0456621e-06,False
2022-04-08,36,random_forest,"{'max_depth': 3, 'min_samples_leaf': 50}",0,0.3217478421,0.4000548042,0.2781973537,-0.0003196595126,0,5.194063927e-06,False
2022-04-11,36,random_forest,"{'max_depth': 3, 'min_samples_leaf': 50}",0,0.3852809604,0.2476020986,0.367116941,-0.0002708387305,0,5.71347032e-06,False
2022-04-12,36,random_forest,"{'max_depth': 3, 'min_samples_leaf': 50}",0,0.3836281996,0.2452068548,0.3711649457,-0.0002248652501,0,5.49086758e-06,False
2022-04-13,36,random_forest,"{'max_depth': 3, 'min_samples_leaf': 50}",0,0.3287030977,0.3839224812,0.2873744211,-0.000318454306,0,5.565068493e-06,False
2022-04-14,36,random_forest,"{'max_depth': 3, 'min_samples_leaf': 50}",0,0.3301901711,0.3454927813,0.3243170476,-5.840139e-05,0,5.861872146e-06,False
2022-04-18,36,random_forest,"{'max_depth': 3, 'min_samples_leaf': 50}",0,0.3353007265,0.3850810864,0.2796181871,-0.00043956775,-1,6.010273973e-06,False
2022-04-19,36,random_forest,"{'max_depth': 3, 'min_samples_leaf': 50}",0,0.3020591419,0.4234836547,0.2744572034,-0.0001579129191,0,6.010273973e-06,False
2022-04-20,37,random_forest,"{'max_depth': 3, 'min_samples_leaf': 50}",0,0.2568199603,0.5113979642,0.2317820755,-3.799221195e-05,0,6.084474886e-06,False
2022-04-21,37,random_forest,"{'max_depth': 3, 'min_samples_leaf': 50}",0,0.3727594156,0.2643232387,0.3629173457,-0.0001764475664,0,6.158675799e-06,False
2022-04-22,37,random_forest,"{'max_depth': 3, 'min_samples_leaf': 50}",0,0.4732766102,0.1104695673,0.4162538224,-0.0007475710807,-1,6.158675799e-06,False
2022-04-25,37,random_forest,"{'max_depth': 3, 'min_samples_leaf': 50}",0,0.4431141229,0.1325354969,0.4243503801,-0.000396062264,0,6.752283105e-06,False
2022-04-26,37,random_forest,"{'max_depth': 3, 'min_samples_leaf': 50}",0,0.4418144848,0.1180541102,0.440131405,-0.0002655788621,0,6.158675799e-06,False
2022-04-27,37,random_forest,"{'max_depth': 3, 'min_samples_leaf': 50}",0,0.4310516681,0.1359752693,0.4329730626,-0.0002152436016,0,6.084474886e-06,False
2022-04-28,37,random_forest,"{'max_depth': 3, 'min_samples_leaf': 50}",0,0.3916643974,0.176349434,0.4319861687,0.0001573741332,0,6.084474886e-06,False
2022-04-29,37,random_forest,"{'max_depth': 3, 'min_samples_leaf': 50}",0,0.4268599785,0.1527473183,0.4203927032,-0.0002688274444,0,6.307077626e-06,False
2022-05-02,37,random_forest,"{'max_depth': 3, 'min_samples_leaf': 50}",0,0.4218648001,0.1645886439,0.413546556,-0.000271802898,0,6.678082192e-06,False
2022-05-03,37,random_forest,"{'max_depth': 3, 'min_samples_leaf': 50}",0,0.3959735955,0.2281209912,0.3759054133,-0.0003033384335,0,6.752283105e-06,False
2022-05-04,37,random_forest,"{'max_depth': 3, 'min_samples_leaf': 50}",0,0.2684638153,0.4683119358,0.2632242489,8.466626124e-05,0,6.603881279e-06,False
2022-05-05,37,random_forest,"{'max_depth': 3, 'min_samples_leaf': 50}",0,0.4083657769,0.1869924579,0.4046417652,-0.0002081224318,0,6.307077626e-06,False
2022-05-06,37,random_forest,"{'max_depth': 3, 'min_samples_leaf': 50}",0,0.3858638313,0.2432943218,0.3708418469,-0.0002436475424,0,6.307077626e-06,False
2022-05-09,37,random_forest,"{'max_depth': 3, 'min_samples_leaf': 50}",0,0.4372743332,0.1535327934,0.4091928734,-0.0004530070615,-1,6.826484018e-06,False
2022-05-10,37,random_forest,"{'max_depth': 3, 'min_samples_leaf': 50}",0,0.3744324191,0.2617757405,0.3637918404,-0.0001860522362,0,6.603881279e-06,False
2022-05-11,37,random_forest,"{'max_depth': 3, 'min_samples_leaf': 50}",0,0.3703155095,0.2581344288,0.3715500617,-8.835006864e-05,0,6.752283105e-06,False
2022-05-12,37,random_forest,"{'max_depth': 3, 'min_samples_leaf': 50}",0,0.2964017737,0.3580236439,0.3455745824,0.0004306051768,1,7.123287671e-06,False
2022-05-13,37,random_forest,"{'max_depth': 3, 'min_samples_leaf': 50}",0,0.2906879267,0.4038683196,0.3054437537,0.0001857985209,0,7.642694064e-06,False
2022-05-16,37,random_forest,"{'max_depth': 3, 'min_samples_leaf': 50}",0,0.2698655336,0.4583852505,0.2717492159,0.0001348573158,0,7.939497717e-06,False
2022-05-17,37,random_forest,"{'max_depth': 3, 'min_samples_leaf': 50}",0,0.219430323,0.5673392902,0.2132303868,0.0001840764994,0,7.865296804e-06,False
2022-05-18,37,random_forest,"{'max_depth': 3, 'min_samples_leaf': 50}",0,0.315995013,0.3461363951,0.3378685919,0.000183983544,0,7.642694064e-06,False
2022-05-19,38,random_forest,"{'max_depth': 3, 'min_samples_leaf': 50}",0,0.3116174014,0.3721128148,0.3162697838,-1.227262316e-05,0,7.79109589e-06,False
2022-05-20,38,random_forest,"{'max_depth': 3, 'min_samples_leaf': 50}",0,0.3124545362,0.3413785035,0.3461669603,0.0002045569864,0,7.642694064e-06,False
2022-05-23,38,random_forest,"{'max_depth': 3, 'min_samples_leaf': 50}",0,0.2588507216,0.4959329771,0.2452163013,-2.153987141e-05,0,7.939497717e-06,False
2022-05-24,38,random_forest,"{'max_depth': 3, 'min_samples_leaf': 50}",0,0.2816003903,0.4310385293,0.2873610804,6.9151386e-05,0,7.865296804e-06,False
2022-05-25,38,random_forest,"{'max_depth': 3, 'min_samples_leaf': 50}",0,0.2428583166,0.5179843772,0.2391573063,9.220793236e-05,0,7.865296804e-06,False
2022-05-26,38,random_forest,"{'max_depth': 3, 'min_samples_leaf': 50}",0,0.204253389,0.6203887525,0.1753578585,-3.562175263e-06,0,7.939497717e-06,False
2022-05-27,38,random_forest,"{'max_depth': 3, 'min_samples_leaf': 50}",0,0.2065730883,0.6125353798,0.1808915319,1.499675137e-05,0,8.01369863e-06,False
2022-05-31,38,random_forest,"{'max_depth': 3, 'min_samples_leaf': 50}",0,0.2350815716,0.5651535726,0.1997648558,-0.0001269752771,0,8.607305936e-06,False
2022-06-01,38,random_forest,"{'max_depth': 3, 'min_samples_leaf': 50}",0,0.2573698278,0.5245541642,0.218076008,-0.0002111900816,0,8.533105023e-06,False
2022-06-02,38,random_forest,"{'max_depth': 3, 'min_samples_leaf': 50}",0,0.2293089686,0.5759369585,0.194754073,-0.0001071841174,0,8.681506849e-06,False
2022-06-03,38,random_forest,"{'max_depth': 3, 'min_samples_leaf': 50}",0,0.2434297992,0.5347992667,0.2217709341,-4.443411663e-05,0,8.978310502e-06,False
2022-06-06,38,random_forest,"{'max_depth': 3, 'min_samples_leaf': 50}",0,0.2391510651,0.5436924912,0.2171564438,-3.654626539e-05,0,9.349315068e-06,False
2022-06-07,38,random_forest,"{'max_depth': 3, 'min_samples_leaf': 50}",0,0.2310949346,0.5564326808,0.2124723847,8.4634437e-06,0,9.349315068e-06,False
2022-06-08,38,random_forest,"{'max_depth': 3, 'min_samples_leaf': 50}",0,0.2782129289,0.4874438665,0.2343432046,-0.0002963965485,0,9.497716895e-06,False
2022-06-09,38,random_forest,"{'max_depth': 3, 'min_samples_leaf': 50}",0,0.3055559551,0.4142466662,0.2801973787,-0.000223545488,0,9.646118721e-06,False
2022-06-10,38,random_forest,"{'max_depth': 3, 'min_samples_leaf': 50}",0,0.3521888313,0.2983211139,0.3494900548,-0.0001664099157,0,1.031392694e-05,False
2022-06-13,38,random_forest,"{'max_depth': 3, 'min_samples_leaf': 50}",0,0.4208708036,0.1913218248,0.3878073716,-0.0005623102743,-1,1.283675799e-05,False
2022-06-14,38,random_forest,"{'max_depth': 3, 'min_samples_leaf': 50}",0,0.4068616502,0.2335719749,0.3595663749,-0.0006353929171,-1,1.357876712e-05,False
2022-06-15,38,random_forest,"{'max_depth': 3, 'min_samples_leaf': 50}",0,0.4039466661,0.2200397849,0.376013549,-0.0004824689864,-1,1.29109589e-05,False
2022-06-16,38,random_forest,"{'max_depth': 3, 'min_samples_leaf': 50}",0,0.4151805758,0.1963172309,0.3885021933,-0.0005003679366,-1,1.179794521e-05,False
2022-06-17,38,random_forest,"{'max_depth': 3, 'min_samples_leaf': 50}",0,0.3923953556,0.2418499155,0.365754729,-0.0004446127273,-1,1.209474886e-05,False
2022-06-21,39,random_forest,"{'max_depth': 3, 'min_samples_leaf': 50}",0,0.3589870608,0.3225754063,0.318437533,-0.0004614491613,-1,1.261415525e-05,False
2022-06-22,39,random_forest,"{'max_depth': 3, 'min_samples_leaf': 50}",0,0.3359259635,0.3488728283,0.3152012082,-0.0002554722404,0,1.194634703e-05,False
2022-06-23,39,random_forest,"{'max_depth': 3, 'min_samples_leaf': 50}",0,0.3037265858,0.410040549,0.2862328652,-0.0001547960867,0,1.224315068e-05,False
2022-06-24,39,random_forest,"{'max_depth': 3, 'min_samples_leaf': 50}",0,0.2574658693,0.5053452308,0.2371889,-6.692269953e-05,0,1.283675799e-05,False
2022-06-27,39,random_forest,"{'max_depth': 3, 'min_samples_leaf': 50}",0,0.2537633377,0.5287279809,0.2175086815,-0.000180339248,0,1.328196347e-05,False
2022-06-28,39,random_forest,"{'max_depth': 3, 'min_samples_leaf': 50}",0,0.2563745494,0.4997609078,0.2438645428,-4.967735785e-06,0,1.328196347e-05,False
2022-06-29,39,random_forest,"{'max_depth': 3, 'min_samples_leaf': 50}",0,0.251753529,0.5154831395,0.2327633315,-4.360683648e-05,0,1.320776256e-05,False
2022-06-30,39,random_forest,"{'max_depth': 3, 'min_samples_leaf': 50}",0,0.3000036411,0.3846491555,0.3153472035,0.0001050358533,0,1.276255708e-05,False
2022-07-01,39,random_forest,"{'max_depth': 3, 'min_samples_leaf': 50}",0,0.2399649846,0.5324660486,0.2275689668,3.462200233e-05,0,1.283675799e-05,False
2022-07-05,39,random_forest,"{'max_depth': 3, 'min_samples_leaf': 50}",0,0.2631633735,0.4661756503,0.2706609762,0.0001319762966,0,1.409817352e-05,False
2022-07-06,39,random_forest,"{'max_depth': 3, 'min_samples_leaf': 50}",0,0.2424092571,0.5244001882,0.2331905547,5.314597515e-05,0,1.409817352e-05,False
2022-07-07,39,random_forest,"{'max_depth': 3, 'min_samples_leaf': 50}",0,0.2372587964,0.5485164441,0.2142247594,-4.0322572e-05,0,1.446917808e-05,False
2022-07-08,39,random_forest,"{'max_depth': 3, 'min_samples_leaf': 50}",0,0.2261377379,0.5712201798,0.2026420823,-1.761166758e-05,0,1.469178082e-05,False
2022-07-11,39,random_forest,"{'max_depth': 3, 'min_samples_leaf': 50}",0,0.2872980682,0.4519802991,0.2607216327,-0.0001854722899,0,1.617579909e-05,False
2022-07-12,39,random_forest,"{'max_depth': 3, 'min_samples_leaf': 50}",0,0.3283988483,0.3870642156,0.284536936,-0.0004146003052,0,1.647260274e-05,False
2022-07-13,39,random_forest,"{'max_depth': 3, 'min_samples_leaf': 50}",0,0.3071515368,0.4069476681,0.2859007952,-0.0001916004237,0,1.773401826e-05,False
2022-07-14,39,random_forest,"{'max_depth': 3, 'min_samples_leaf': 50}",0,0.3023664444,0.3936949524,0.3039386032,-5.824334639e-06,0,1.780821918e-05,False
2022-07-15,39,random_forest,"{'max_depth': 3, 'min_samples_leaf': 50}",0,0.2332248531,0.5431622154,0.2236129315,7.181028264e-05,0,1.758561644e-05,False
2022-07-18,39,random_forest,"{'max_depth': 3, 'min_samples_leaf': 50}",0,0.3007127416,0.4192947787,0.2799924797,-0.0001723525002,0,1.855022831e-05,False
2022-07-19,39,random_forest,"{'max_depth': 3, 'min_samples_leaf': 50}",0,0.2140889263,0.5849107093,0.2010003644,9.038176866e-05,0,1.869863014e-05,False
2022-07-20,39,random_forest,"{'max_depth': 3, 'min_samples_leaf': 50}",0,0.220214592,0.5776533226,0.2021320855,3.77485803e-05,0,1.862442922e-05,False
2022-07-21,40,random_forest,"{'max_depth': 3, 'min_samples_leaf': 50}",0,0.1957722196,0.5880834039,0.2161443765,0.0004364988323,1,1.840182648e-05,False
2022-07-22,40,random_forest,"{'max_depth': 3, 'min_samples_leaf': 50}",0,0.216146922,0.5384145054,0.2454385726,0.0004568865449,1,1.84760274e-05,False
2022-07-25,40,random_forest,"{'max_depth': 3, 'min_samples_leaf': 50}",0,0.2068259119,0.552790742,0.2403833461,0.0005119419573,1,1.944063927e-05,False
2022-07-26,40,random_forest,"{'max_depth': 3, 'min_samples_leaf': 50}",0,0.2304258501,0.5027541366,0.2668200133,0.0004777436339,1,1.892123288e-05,False
2022-07-27,40,random_forest,"{'max_depth': 3, 'min_samples_leaf': 50}",0,0.2105949574,0.5475466469,0.2418583957,0.0004852898866,1,1.810502283e-05,False
2022-07-28,40,random_forest,"{'max_depth': 3, 'min_samples_leaf': 50}",0,0.1916628197,0.6020685064,0.2062686739,0.0004017832695,0,1.7956621e-05,False
2022-07-29,40,random_forest,"{'max_depth': 3, 'min_samples_leaf': 50}",0,0.2099184571,0.5610637599,0.229017783,0.0003930645865,0,1.788242009e-05,False
2022-08-01,40,random_forest,"{'max_depth': 3, 'min_samples_leaf': 50}",0,0.2109261743,0.5626231393,0.2264506864,0.0003630941527,0,1.899543379e-05,False
2022-08-02,40,random_forest,"{'max_depth': 3, 'min_samples_leaf': 50}",0,0.2268918423,0.5227459987,0.2503621591,0.0003864481161,0,1.899543379e-05,False
2022-08-03,40,random_forest,"{'max_depth': 3, 'min_samples_leaf': 50}",0,0.2229881754,0.5352572757,0.2417545489,0.0003594386151,0,1.869863014e-05,False
2022-08-04,40,random_forest,"{'max_depth': 3, 'min_samples_leaf': 50}",0,0.2202014567,0.5358668915,0.2439316517,0.0004043511745,0,1.855022831e-05,False
2022-08-05,40,random_forest,"{'max_depth': 3, 'min_samples_leaf': 50}",0,0.2106182497,0.5655913452,0.2237904051,0.0003456800068,0,1.914383562e-05,False
2022-08-08,40,random_forest,"{'max_depth': 3, 'min_samples_leaf': 50}",0,0.2279770683,0.516962523,0.2550604088,0.0004117398308,0,1.966324201e-05,False
2022-08-09,40,random_forest,"{'max_depth': 3, 'min_samples_leaf': 50}",0,0.2628540676,0.4574696917,0.2796762407,0.0002497077993,0,1.981164384e-05,False
2022-08-10,40,random_forest,"{'max_depth': 3, 'min_samples_leaf': 50}",0,0.1948067266,0.6007096162,0.2044836572,0.0003562911219,0,1.966324201e-05,False
2022-08-11,40,random_forest,"{'max_depth': 3, 'min_samples_leaf': 50}",0,0.1973160911,0.5855625467,0.2171213622,0.0004284572207,1,1.944063927e-05,False
2022-08-12,40,random_forest,"{'max_depth': 3, 'min_samples_leaf': 50}",0,0.240506637,0.5156660538,0.2438273092,0.0001986626954,0,1.951484018e-05,False
2022-08-15,40,random_forest,"{'max_depth': 3, 'min_samples_leaf': 50}",0,0.2389177998,0.5176703134,0.2434118868,0.0002114898691,0,2.01826484e-05,False
2022-08-16,40,random_forest,"{'max_depth': 3, 'min_samples_leaf': 50}",0,0.2345892978,0.5391507763,0.2262599259,0.0001228566913,0,2.003424658e-05,False
2022-08-17,40,random_forest,"{'max_depth': 3, 'min_samples_leaf': 50}",0,0.2307874581,0.5207120604,0.2485004815,0.0003327797099,0,1.988584475e-05,False
2022-08-18,40,random_forest,"{'max_depth': 3, 'min_samples_leaf': 50}",0,0.2527410007,0.4809146823,0.2663443169,0.000248909535,0,2.010844749e-05,False
2022-08-19,41,random_forest,"{'max_depth': 3, 'min_samples_leaf': 50}",0,0.3272175136,0.3678783591,0.3049041274,-0.000174594399,0,2.033105023e-05,False
2022-08-22,41,random_forest,"{'max_depth': 3, 'min_samples_leaf': 50}",0,0.4026546431,0.2641303627,0.3332149943,-0.0007152471617,-1,2.092465753e-05,False
2022-08-23,41,random_forest,"{'max_depth': 3, 'min_samples_leaf': 50}",0,0.3653014962,0.3360487387,0.2986497651,-0.0006065862478,-1,2.077625571e-05,False
2022-08-24,41,random_forest,"{'max_depth': 3, 'min_samples_leaf': 50}",0,0.3733209521,0.2995916,0.3270874479,-0.0004672315739,-1,2.092465753e-05,False
2022-08-25,41,random_forest,"{'max_depth': 3, 'min_samples_leaf': 50}",0,0.3412939493,0.3763059726,0.2824000781,-0.0004905670961,-1,2.136986301e-05,False
2022-08-26,41,random_forest,"{'max_depth': 3, 'min_samples_leaf': 50}",0,0.4120510455,0.2386396512,0.3493093034,-0.0006853066772,-1,2.144406393e-05,False
2022-08-29,41,random_forest,"{'max_depth': 3, 'min_samples_leaf': 50}",0,0.3758606057,0.3000804337,0.3240589605,-0.000516253225,-1,2.203767123e-05,False
2022-08-30,41,random_forest,"{'max_depth': 3, 'min_samples_leaf': 50}",0,0.4197879919,0.2321861905,0.3480258176,-0.0007731676362,-1,2.203767123e-05,False
2022-08-31,41,random_forest,"{'max_depth': 3, 'min_samples_leaf': 50}",0,0.4017133805,0.248410044,0.3498765755,-0.0005767954312,-1,2.196347032e-05,False
2022-09-01,41,random_forest,"{'max_depth': 3, 'min_samples_leaf': 50}",0,0.4061888516,0.2432801274,0.350531021,-0.0006168062114,-1,2.203767123e-05,False
2022-09-02,41,random_forest,"{'max_depth': 3, 'min_samples_leaf': 50}",0,0.4100857574,0.2435998104,0.3463144321,-0.0006886946802,-1,2.181506849e-05,False
2022-09-06,41,random_forest,"{'max_depth': 3, 'min_samples_leaf': 50}",0,0.3891492673,0.287454902,0.3233958307,-0.0006552286908,-1,2.255707763e-05,False
2022-09-07,41,random_forest,"{'max_depth': 3, 'min_samples_leaf': 50}",0,0.3489542609,0.3552507143,0.2957950249,-0.0004640356425,-1,2.277968037e-05,False
2022-09-08,41,random_forest,"{'max_depth': 3, 'min_samples_leaf': 50}",0,0.328475626,0.3733247553,0.2981996186,-0.0002391632442,0,2.270547945e-05,False
2022-09-09,41,random_forest,"{'max_depth': 3, 'min_samples_leaf': 50}",0,0.2674491155,0.4661049462,0.2664459384,0.0001296972346,0,2.285388128e-05,False
2022-09-12,41,random_forest,"{'max_depth': 3, 'min_samples_leaf': 50}",0,0.2315954825,0.5189075176,0.2494969999,0.0003596166283,0,2.35216895e-05,False
2022-09-13,41,random_forest,"{'max_depth': 3, 'min_samples_leaf': 50}",0,0.3943099675,0.2964268984,0.3092631341,-0.0008166030832,-1,2.433789954e-05,False
2022-09-14,41,random_forest,"{'max_depth': 3, 'min_samples_leaf': 50}",0,0.3749575323,0.3217054015,0.3033370663,-0.0006675583864,-1,2.404109589e-05,False
2022-09-15,41,random_forest,"{'max_depth': 3, 'min_samples_leaf': 50}",0,0.3733143426,0.3184287194,0.308256938,-0.0006129253167,-1,2.389269406e-05,False
2022-09-16,41,random_forest,"{'max_depth': 3, 'min_samples_leaf': 50}",0,0.3774776063,0.3109712857,0.3115511079,-0.0006293583955,-1,2.374429224e-05,False
2022-09-19,41,random_forest,"{'max_depth': 3, 'min_samples_leaf': 50}",0,0.3553989327,0.3552469909,0.2893540764,-0.0005788030015,-1,2.500570776e-05,False
2022-09-20,42,random_forest,"{'max_depth': 3, 'min_samples_leaf': 50}",0,0.3582480243,0.3581616653,0.2835903104,-0.0006827255571,-1,2.485730594e-05,False
2022-09-21,42,random_forest,"{'max_depth': 3, 'min_samples_leaf': 50}",0,0.3919795898,0.2846125635,0.3234078467,-0.0007146187426,-1,2.456050228e-05,False
2022-09-22,42,random_forest,"{'max_depth': 3, 'min_samples_leaf': 50}",0,0.3643210075,0.3403288036,0.295350189,-0.000652543361,-1,2.441210046e-05,False
2022-09-23,42,random_forest,"{'max_depth': 3, 'min_samples_leaf': 50}",0,0.4091493373,0.2765253463,0.3143253163,-0.0009605056133,-1,2.404109589e-05,False
2022-09-26,42,random_forest,"{'max_depth': 3, 'min_samples_leaf': 50}",0,0.3652677241,0.3380774295,0.2966548464,-0.0006519742584,-1,2.515410959e-05,False
2022-09-27,42,random_forest,"{'max_depth': 3, 'min_samples_leaf': 50}",0,0.4085585664,0.2827971716,0.308644262,-0.0009989424618,-1,2.485730594e-05,False
2022-09-28,42,random_forest,"{'max_depth': 3, 'min_samples_leaf': 50}",0,0.3866471777,0.3058244588,0.3075283635,-0.0007845755812,-1,2.52283105e-05,False
2022-09-29,42,random_forest,"{'max_depth': 3, 'min_samples_leaf': 50}",0,0.3865529386,0.3076053199,0.3058417415,-0.0007968131989,-1,2.493150685e-05,False
2022-09-30,42,random_forest,"{'max_depth': 3, 'min_samples_leaf': 50}",0,0.4035962188,0.2821329528,0.3142708283,-0.0009043909742,-1,2.470890411e-05,False
2022-10-03,42,random_forest,"{'max_depth': 3, 'min_samples_leaf': 50}",0,0.3091513544,0.3621429525,0.3287056931,0.0001701789646,0,2.567351598e-05,False
2022-10-04,42,random_forest,"{'max_depth': 3, 'min_samples_leaf': 50}",0,0.2610573881,0.4775647163,0.2613778956,0.0001330510458,0,2.559931507e-05,False
2022-10-05,42,random_forest,"{'max_depth': 3, 'min_samples_leaf': 50}",0,0.2624321988,0.4851987141,0.2523690872,4.85626031e-05,0,2.567351598e-05,False
2022-10-06,42,random_forest,"{'max_depth': 3, 'min_samples_leaf': 50}",0,0.2691796758,0.477607059,0.2532132652,-1.35337994e-05,0,2.567351598e-05,False
2022-10-07,42,random_forest,"{'max_depth': 3, 'min_samples_leaf': 50}",0,0.359273913,0.3529122992,0.2878137878,-0.0006601239685,-1,2.559931507e-05,False
2022-10-10,42,random_forest,"{'max_depth': 3, 'min_samples_leaf': 50}",0,0.3537558851,0.3614224489,0.284821666,-0.0006273524298,-1,2.559931507e-05,False
2022-10-11,42,random_forest,"{'max_depth': 3, 'min_samples_leaf': 50}",0,0.3581596103,0.3582928142,0.2835475755,-0.0006821597228,-1,2.723173516e-05,False
2022-10-12,42,random_forest,"{'max_depth': 3, 'min_samples_leaf': 50}",0,0.3534037944,0.3495547289,0.2970414767,-0.0005281523485,-1,2.74543379e-05,False
2022-10-13,42,random_forest,"{'max_depth': 3, 'min_samples_leaf': 50}",0,0.3503924458,0.3640921755,0.2855153787,-0.0005876783896,-1,2.812214612e-05,False
2022-10-14,42,random_forest,"{'max_depth': 3, 'min_samples_leaf': 50}",0,0.3629541931,0.3165383497,0.3205074572,-0.0004417810729,-1,2.827054795e-05,False
2022-10-17,42,random_forest,"{'max_depth': 3, 'min_samples_leaf': 50}",0,0.299304908,0.4263578123,0.2743372797,-0.0001549772192,0,2.945776256e-05,False
2022-10-18,42,random_forest,"{'max_depth': 3, 'min_samples_leaf': 50}",0,0.2584719759,0.4865691699,0.2549588542,0.0001091488694,0,2.997716895e-05,False
2022-10-19,43,random_forest,"{'max_depth': 3, 'min_samples_leaf': 50}",0,0.2867974967,0.4572945294,0.2559079739,-0.0002008675547,0,3.019977169e-05,False
2022-10-20,43,random_forest,"{'max_depth': 3, 'min_samples_leaf': 50}",0,0.3014099078,0.4291127366,0.2694773557,-0.0002424291285,0,3.034817352e-05,False
2022-10-21,43,random_forest,"{'max_depth': 3, 'min_samples_leaf': 50}",0,0.3011022014,0.4254747448,0.2734230538,-0.0002076898857,0,3.034817352e-05,False
2022-10-24,43,random_forest,"{'max_depth': 3, 'min_samples_leaf': 50}",0,0.2597597559,0.5038098304,0.2364304137,-7.890650801e-05,0,3.086757991e-05,False
2022-10-25,43,random_forest,"{'max_depth': 3, 'min_samples_leaf': 50}",0,0.2568542477,0.5060143675,0.2371313848,-4.34397342e-05,0,3.071917808e-05,False
2022-10-26,43,random_forest,"{'max_depth': 3, 'min_samples_leaf': 50}",0,0.2611502926,0.4972283066,0.2416214007,-5.165237358e-05,0,3.049657534e-05,False
2022-10-27,43,random_forest,"{'max_depth': 3, 'min_samples_leaf': 50}",0,0.2671174821,0.4657033784,0.2671791395,9.156646214e-05,0,3.064497717e-05,False
2022-10-28,43,random_forest,"{'max_depth': 3, 'min_samples_leaf': 50}",0,0.2655094277,0.4854391182,0.2490514541,-3.698432767e-05,0,3.101598174e-05,False
2022-10-31,43,random_forest,"{'max_depth': 3, 'min_samples_leaf': 50}",0,0.2621233927,0.4949179746,0.2429586327,-5.095011394e-05,0,3.131278539e-05,False
2022-11-01,43,random_forest,"{'max_depth': 3, 'min_samples_leaf': 50}",0,0.2678930078,0.4811847859,0.2509222063,-4.65063858e-05,0,3.13869863e-05,False
2022-11-02,43,random_forest,"{'max_depth': 3, 'min_samples_leaf': 50}",0,0.3595971874,0.3190845014,0.3213183113,-0.0004254791514,0,3.131278539e-05,False
2022-11-03,43,random_forest,"{'max_depth': 3, 'min_samples_leaf': 50}",0,0.3575884939,0.359200209,0.2832112971,-0.0007098067284,-1,3.153538813e-05,False
2022-11-04,43,random_forest,"{'max_depth': 3, 'min_samples_leaf': 50}",0,0.3623668977,0.3484302437,0.2892028586,-0.000710959269,-1,3.123858447e-05,False
2022-11-07,43,random_forest,"{'max_depth': 3, 'min_samples_leaf': 50}",0,0.3281776797,0.4079230524,0.2638992679,-0.0005621352989,-1,3.183219178e-05,False
2022-11-08,43,random_forest,"{'max_depth': 3, 'min_samples_leaf': 50}",0,0.3008477429,0.4316197779,0.2675324792,-0.0002522171031,0,3.175799087e-05,False
2022-11-09,43,random_forest,"{'max_depth': 3, 'min_samples_leaf': 50}",0,0.3529345768,0.3628536723,0.2842117509,-0.0006539765999,-1,3.183219178e-05,False
2022-11-10,43,random_forest,"{'max_depth': 3, 'min_samples_leaf': 50}",0,0.2654285581,0.4625690384,0.2720024034,0.0001475221858,0,3.175799087e-05,False
2022-11-11,43,random_forest,"{'max_depth': 3, 'min_samples_leaf': 50}",0,0.2538234055,0.4921068813,0.2540697132,0.000123261869,0,3.175799087e-05,False
2022-11-14,43,random_forest,"{'max_depth': 3, 'min_samples_leaf': 50}",0,0.2537778201,0.4967373715,0.2494848084,8.703749881e-05,0,3.220319635e-05,False
2022-11-15,43,random_forest,"{'max_depth': 3, 'min_samples_leaf': 50}",0,0.2631116669,0.4764089776,0.2604793554,7.911202524e-05,0,3.198059361e-05,False
2022-11-16,43,random_forest,"{'max_depth': 3, 'min_samples_leaf': 50}",0,0.2674156962,0.4623329549,0.2702513489,0.0001130887872,0,3.205479452e-05,False
2022-11-17,44,random_forest,"{'max_depth': 3, 'min_samples_leaf': 50}",0,0.2744861569,0.4516464788,0.2738673643,8.543629177e-05,0,3.205479452e-05,False
2022-11-18,44,random_forest,"{'max_depth': 3, 'min_samples_leaf': 50}",0,0.2729637994,0.4559514601,0.2710847405,7.857148692e-05,0,3.220319635e-05,False
2022-11-21,44,random_forest,"{'max_depth': 3, 'min_samples_leaf': 50}",0,0.277992623,0.4500697161,0.2719376609,3.364062071e-05,0,3.272260274e-05,False
2022-11-22,44,random_forest,"{'max_depth': 3, 'min_samples_leaf': 50}",0,0.2507438998,0.4913626156,0.2578934846,0.0002007057166,0,3.264840183e-05,False
2022-11-23,44,random_forest,"{'max_depth': 3, 'min_samples_leaf': 50}",0,0.2516800684,0.4861438737,0.2621760579,0.0002257747036,0,1.757990868e-05,False
2022-11-25,44,random_forest,"{'max_depth': 3, 'min_samples_leaf': 50}",0,0.2520563741,0.4799351615,0.2680084644,0.0002691808873,0,3.272260274e-05,False
2022-11-28,44,random_forest,"{'max_depth': 3, 'min_samples_leaf': 50}",0,0.3215818924,0.3707223224,0.3076957852,-0.0001258470275,0,3.272260274e-05,False
2022-11-29,44,random_forest,"{'max_depth': 3, 'min_samples_leaf': 50}",0,0.3294427767,0.3687016718,0.3018555514,-0.0002542399419,0,3.25e-05,False
2022-11-30,44,random_forest,"{'max_depth': 3, 'min_samples_leaf': 50}",0,0.2663529243,0.4595631971,0.2740838786,0.0001710431635,0,3.242579909e-05,False
2022-12-01,44,random_forest,"{'max_depth': 3, 'min_samples_leaf': 50}",0,0.2372826026,0.498963183,0.2637542144,0.0003870035907,0,3.212899543e-05,False
2022-12-02,44,random_forest,"{'max_depth': 3, 'min_samples_leaf': 50}",0,0.2400696646,0.4929606029,0.2669697325,0.0003843392823,0,3.220319635e-05,False
2022-12-05,44,random_forest,"{'max_depth': 3, 'min_samples_leaf': 50}",0,0.3267340529,0.3637878004,0.3094781467,-0.0001645140915,0,3.235159817e-05,False
2022-12-06,44,random_forest,"{'max_depth': 3, 'min_samples_leaf': 50}",0,0.3180766749,0.343187799,0.3387355261,0.0001619432104,0,3.242579909e-05,False
2022-12-07,44,random_forest,"{'max_depth': 3, 'min_samples_leaf': 50}",0,0.3189183322,0.3434091724,0.3376724954,0.0001446475027,0,3.183219178e-05,False
2022-12-08,44,random_forest,"{'max_depth': 3, 'min_samples_leaf': 50}",0,0.3209049974,0.3634751684,0.3156198343,-5.462478527e-05,0,3.175799087e-05,False
2022-12-09,44,random_forest,"{'max_depth': 3, 'min_samples_leaf': 50}",0,0.327511729,0.3741205061,0.2983677648,-0.0002626083135,0,3.198059361e-05,False
2022-12-12,44,random_forest,"{'max_depth': 3, 'min_samples_leaf': 50}",0,0.2832892704,0.4542819176,0.262428812,-9.805870437e-05,0,3.25e-05,False
2022-12-13,44,random_forest,"{'max_depth': 3, 'min_samples_leaf': 50}",0,0.2794449835,0.4430172978,0.2775377187,6.406921125e-05,0,3.227739726e-05,False
2022-12-14,44,random_forest,"{'max_depth': 3, 'min_samples_leaf': 50}",0,0.3060492837,0.4039819983,0.289968718,-0.0001094307641,0,3.212899543e-05,False
2022-12-15,44,random_forest,"{'max_depth': 3, 'min_samples_leaf': 50}",0,0.3392957499,0.3157286228,0.3449756273,-6.22874399e-06,0,3.220319635e-05,False
2022-12-16,44,random_forest,"{'max_depth': 3, 'min_samples_leaf': 50}",0,0.3355306166,0.3274293407,0.3370400427,-3.174836004e-05,0,3.198059361e-05,False
2022-12-19,45,random_forest,"{'max_depth': 3, 'min_samples_leaf': 50}",0,0.3306516816,0.3744372201,0.2949110983,-0.0003327516391,0,3.242579909e-05,False
2022-12-20,45,random_forest,"{'max_depth': 3, 'min_samples_leaf': 50}",0,0.3415429493,0.3766157556,0.281841295,-0.0005520453321,-1,3.227739726e-05,False
2022-12-21,45,random_forest,"{'max_depth': 3, 'min_samples_leaf': 50}",0,0.3390407122,0.3791790712,0.2817802166,-0.0005267375311,-1,3.212899543e-05,False
2022-12-22,45,random_forest,"{'max_depth': 3, 'min_samples_leaf': 50}",0,0.3471385863,0.359663061,0.2931983527,-0.0005168119465,-1,3.227739726e-05,False
2022-12-23,45,random_forest,"{'max_depth': 3, 'min_samples_leaf': 50}",0,0.341791867,0.3776507559,0.280557377,-0.0005651201806,-1,3.220319635e-05,False
2022-12-27,45,random_forest,"{'max_depth': 3, 'min_samples_leaf': 50}",0,0.3400742882,0.377567548,0.2823581638,-0.0005326677606,-1,3.309360731e-05,False
2022-12-28,45,random_forest,"{'max_depth': 3, 'min_samples_leaf': 50}",0,0.3394181552,0.3780938863,0.2824879585,-0.0005248382749,-1,3.309360731e-05,False
2022-12-29,45,random_forest,"{'max_depth': 3, 'min_samples_leaf': 50}",0,0.3152996835,0.408725226,0.2759750906,-0.0003293854444,0,3.301940639e-05,False
2022-12-30,45,random_forest,"{'max_depth': 3, 'min_samples_leaf': 50}",0,0.3177855546,0.409890146,0.2723242993,-0.0003849022959,0,3.279680365e-05,False
2023-01-03,45,random_forest,"{'max_depth': 3, 'min_samples_leaf': 50}",0,0.3100325263,0.4167039597,0.2732635139,-0.0002972523207,0,3.36130137e-05,False
2023-01-04,45,random_forest,"{'max_depth': 3, 'min_samples_leaf': 50}",0,0.28105519,0.4377936699,0.28115114,6.616732153e-05,0,3.376141553e-05,False
2023-01-05,45,random_forest,"{'max_depth': 3, 'min_samples_leaf': 50}",0,0.3106311811,0.39319362,0.2961751989,-0.0001159181017,0,3.457762557e-05,False
2023-01-06,45,random_forest,"{'max_depth': 3, 'min_samples_leaf': 50}",0,0.2678464156,0.4547592224,0.277394362,0.0001716550875,0,3.465182648e-05,False
2023-01-09,45,random_forest,"{'max_depth': 3, 'min_samples_leaf': 50}",0,0.2560770322,0.4800313286,0.2638916393,0.0001825366454,0,3.487442922e-05,False
2023-01-10,45,random_forest,"{'max_depth': 3, 'min_samples_leaf': 50}",0,0.2495801068,0.4955464975,0.2548733957,0.0001757397961,0,3.509703196e-05,False
2023-01-11,45,random_forest,"{'max_depth': 3, 'min_samples_leaf': 50}",0,0.2405176468,0.5070928589,0.2523894943,0.0002488803413,0,3.502283105e-05,False
2023-01-12,45,random_forest,"{'max_depth': 3, 'min_samples_leaf': 50}",0,0.248710641,0.4905075433,0.2607818157,0.0002330616822,0,3.457762557e-05,False
2023-01-13,45,random_forest,"{'max_depth': 3, 'min_samples_leaf': 50}",0,0.2439879137,0.5035260469,0.2524860394,0.0002138786984,0,3.465182648e-05,False
2023-01-17,45,random_forest,"{'max_depth': 3, 'min_samples_leaf': 50}",0,0.2486472455,0.4957978169,0.2555549376,0.0001909388966,0,3.494863014e-05,False
2023-01-18,45,random_forest,"{'max_depth': 3, 'min_samples_leaf': 50}",0,0.3192042773,0.3804998852,0.3002958375,-0.0001706164134,0,3.480022831e-05,False
2023-01-19,45,random_forest,"{'max_depth': 3, 'min_samples_leaf': 50}",0,0.3283757519,0.3607389329,0.3108853152,-0.0001785454887,0,3.494863014e-05,False
2023-01-20,46,random_forest,"{'max_depth': 3, 'min_samples_leaf': 50}",0,0.2921067192,0.4389073165,0.2689859643,-0.0001345600342,0,3.502283105e-05,False
2023-01-23,46,random_forest,"{'max_depth': 3, 'min_samples_leaf': 50}",0,0.2695796713,0.4821643838,0.248255945,-7.204368002e-05,0,3.509703196e-05,False
2023-01-24,46,random_forest,"{'max_depth': 3, 'min_samples_leaf': 50}",0,0.2735356708,0.4754924197,0.2509719095,-9.061637506e-05,0,3.502283105e-05,False
2023-01-25,46,random_forest,"{'max_depth': 3, 'min_samples_leaf': 50}",0,0.2762050431,0.4645366419,0.2592583149,-5.013288111e-05,0,3.502283105e-05,False
2023-01-26,46,random_forest,"{'max_depth': 3, 'min_samples_leaf': 50}",0,0.2685221555,0.4829403431,0.2485375014,-5.880182073e-05,0,3.494863014e-05,False
2023-01-27,46,random_forest,"{'max_depth': 3, 'min_samples_leaf': 50}",0,0.2679360094,0.4855579574,0.2465060331,-6.943214886e-05,0,3.509703196e-05,False
2023-01-30,46,random_forest,"{'max_depth': 3, 'min_samples_leaf': 50}",0,0.2848068473,0.4586042154,0.2565889373,-0.000160956852,0,3.502283105e-05,False
2023-01-31,46,random_forest,"{'max_depth': 3, 'min_samples_leaf': 50}",0,0.2822123145,0.4525314742,0.2652562113,-6.294450281e-05,0,3.487442922e-05,False
2023-02-01,46,random_forest,"{'max_depth': 3, 'min_samples_leaf': 50}",0,0.279991307,0.4569993725,0.2630093204,-5.844888931e-05,0,3.457762557e-05,False
2023-02-02,46,random_forest,"{'max_depth': 3, 'min_samples_leaf': 50}",0,0.2883128888,0.4471342706,0.2645528406,-0.0001317692212,0,3.457762557e-05,False
2023-02-03,46,random_forest,"{'max_depth': 3, 'min_samples_leaf': 50}",0,0.277477112,0.4637211848,0.2588017032,-6.703007822e-05,0,3.487442922e-05,False
2023-02-06,46,random_forest,"{'max_depth': 3, 'min_samples_leaf': 50}",0,0.2855570718,0.4596520892,0.254790839,-0.0001834809175,0,3.494863014e-05,False
2023-02-07,46,random_forest,"{'max_depth': 3, 'min_samples_leaf': 50}",0,0.2900728397,0.4396181666,0.2703089937,-0.0001026725056,0,3.494863014e-05,False
2023-02-08,46,random_forest,"{'max_depth': 3, 'min_samples_leaf': 50}",0,0.30734007,0.4304160216,0.2622439084,-0.0003473739166,0,3.502283105e-05,False
2023-02-09,46,random_forest,"{'max_depth': 3, 'min_samples_leaf': 50}",0,0.336766348,0.3924152276,0.2708184244,-0.0005810445006,-1,3.539383562e-05,False
2023-02-10,46,random_forest,"{'max_depth': 3, 'min_samples_leaf': 50}",0,0.3396016291,0.386071162,0.274327209,-0.0005815222915,-1,3.554223744e-05,False
2023-02-13,46,random_forest,"{'max_depth': 3, 'min_samples_leaf': 50}",0,0.2997356192,0.4429745263,0.2572898545,-0.0003094813049,0,3.569063927e-05,False
2023-02-14,46,random_forest,"{'max_depth': 3, 'min_samples_leaf': 50}",0,0.3136376241,0.4197205773,0.2666417986,-0.0003763290414,0,3.561643836e-05,False
2023-02-15,46,random_forest,"{'max_depth': 3, 'min_samples_leaf': 50}",0,0.293663742,0.4496161464,0.2567201116,-0.0002514113958,0,3.554223744e-05,False
2023-02-16,46,random_forest,"{'max_depth': 3, 'min_samples_leaf': 50}",0,0.3420725759,0.3801231177,0.2778043064,-0.0005784951491,-1,3.591324201e-05,False
2023-02-17,46,random_forest,"{'max_depth': 3, 'min_samples_leaf': 50}",0,0.3511231908,0.3582188863,0.2906579229,-0.0005664407441,-1,3.591324201e-05,False
2023-02-21,47,random_forest,"{'max_depth': 3, 'min_samples_leaf': 50}",0,0.3332902861,0.388950552,0.277759162,-0.0004547332914,-1,3.606164384e-05,False
2023-02-22,47,random_forest,"{'max_depth': 3, 'min_samples_leaf': 50}",0,0.3336474953,0.3850972571,0.2812552476,-0.0004296156436,0,3.591324201e-05,False
2023-02-23,47,random_forest,"{'max_depth': 3, 'min_samples_leaf': 50}",0,0.3394563807,0.3749006543,0.285642965,-0.0004536383576,-1,3.591324201e-05,False
2023-02-24,47,random_forest,"{'max_depth': 3, 'min_samples_leaf': 50}",0,0.3406418285,0.3748057507,0.2845524208,-0.0004749115841,-1,3.606164384e-05,False
2023-02-27,47,random_forest,"{'max_depth': 3, 'min_samples_leaf': 50}",0,0.3173324681,0.4016092597,0.2810582722,-0.0002621829751,0,3.628424658e-05,False
2023-02-28,47,random_forest,"{'max_depth': 3, 'min_samples_leaf': 50}",0,0.3177719755,0.3862493306,0.2959786938,-0.0001437446264,0,3.621004566e-05,False
2023-03-01,47,random_forest,"{'max_depth': 3, 'min_samples_leaf': 50}",0,0.3258981879,0.3864003391,0.287701473,-0.0002961795426,0,3.635844749e-05,False
2023-03-02,47,random_forest,"{'max_depth': 3, 'min_samples_leaf': 50}",0,0.3287899353,0.3950857477,0.2761243169,-0.0004215770476,0,3.64326484e-05,False
2023-03-03,47,random_forest,"{'max_depth': 3, 'min_samples_leaf': 50}",0,0.2807954616,0.4469101679,0.2722943705,4.417075429e-05,0,3.64326484e-05,False
2023-03-06,47,random_forest,"{'max_depth': 3, 'min_samples_leaf': 50}",0,0.2764453371,0.4563277459,0.267226917,4.747455924e-05,0,3.658105023e-05,False
2023-03-07,47,random_forest,"{'max_depth': 3, 'min_samples_leaf': 50}",0,0.3058527582,0.4082042617,0.2859429801,-0.0001029643795,0,3.739726027e-05,False
2023-03-08,47,random_forest,"{'max_depth': 3, 'min_samples_leaf': 50}",0,0.2984696152,0.4236754806,0.2778549043,-9.313212087e-05,0,3.75456621e-05,False
2023-03-09,47,random_forest,"{'max_depth': 3, 'min_samples_leaf': 50}",0,0.3131861227,0.3871039171,0.2997099602,-6.546829729e-05,0,3.747146119e-05,False
2023-03-10,47,random_forest,"{'max_depth': 3, 'min_samples_leaf': 50}",0,0.3230408582,0.3771275129,0.2998316289,-0.0001665801662,0,3.717465753e-05,False
2023-03-13,47,random_forest,"{'max_depth': 3, 'min_samples_leaf': 50}",0,0.3252467672,0.3722512373,0.3025019955,-0.0001674253488,0,3.613584475e-05,False
2023-03-14,47,random_forest,"{'max_depth': 3, 'min_samples_leaf': 50}",0,0.323500728,0.3830808539,0.2934184181,-0.0002242109362,0,3.621004566e-05,False
2023-03-15,47,random_forest,"{'max_depth': 3, 'min_samples_leaf': 50}",0,0.3066950359,0.3948038256,0.2985011385,-8.172227721e-06,0,3.524543379e-05,False
2023-03-16,47,random_forest,"{'max_depth': 3, 'min_samples_leaf': 50}",0,0.2934263475,0.42979634,0.2767773124,-4.975660113e-05,0,3.517123288e-05,False
2023-03-17,47,random_forest,"{'max_depth': 3, 'min_samples_leaf': 50}",0,0.311279366,0.3856476111,0.3030730229,-1.798796305e-05,0,3.353881279e-05,False
2023-03-20,47,random_forest,"{'max_depth': 3, 'min_samples_leaf': 50}",0,0.2679873037,0.4657197196,0.2662929767,0.0001274180495,0,3.569063927e-05,False
2023-03-21,47,random_forest,"{'max_depth': 3, 'min_samples_leaf': 50}",0,0.2683776189,0.4690621959,0.2625601852,9.260332901e-05,0,3.546803653e-05,False
2023-03-22,48,lightgbm,"{'num_leaves': 7, 'learning_rate': 0.03, 'min_child_samples': 30}",0,0.3084351137,0.4189511874,0.2726136989,-0.0002446022839,0,3.554223744e-05,False
2023-03-23,48,lightgbm,"{'num_leaves': 7, 'learning_rate': 0.03, 'min_child_samples': 30}",0,0.2693149638,0.4231963902,0.307488646,0.0004520055263,1,3.509703196e-05,False
2023-03-24,48,lightgbm,"{'num_leaves': 7, 'learning_rate': 0.03, 'min_child_samples': 30}",0,0.2759757758,0.4385861036,0.2854381206,0.0001995440935,0,3.517123288e-05,False
2023-03-27,48,lightgbm,"{'num_leaves': 7, 'learning_rate': 0.03, 'min_child_samples': 30}",0,0.3053190145,0.4328157458,0.2618652397,-0.0003014835356,0,3.64326484e-05,False
2023-03-28,48,lightgbm,"{'num_leaves': 7, 'learning_rate': 0.03, 'min_child_samples': 30}",0,0.3083570331,0.427455755,0.2641872119,-0.0003137923475,0,3.561643836e-05,False
2023-03-29,48,lightgbm,"{'num_leaves': 7, 'learning_rate': 0.03, 'min_child_samples': 30}",0,0.2954241823,0.4344621237,0.270113694,-0.0001300444297,0,3.561643836e-05,False
2023-03-30,48,lightgbm,"{'num_leaves': 7, 'learning_rate': 0.03, 'min_child_samples': 30}",0,0.311714011,0.4216819397,0.2666040493,-0.0003286305656,0,3.687785388e-05,False
2023-03-31,48,lightgbm,"{'num_leaves': 7, 'learning_rate': 0.03, 'min_child_samples': 30}",0,0.3072207428,0.433427536,0.2593517213,-0.0003421441631,0,3.598744292e-05,False
2023-04-03,48,lightgbm,"{'num_leaves': 7, 'learning_rate': 0.03, 'min_child_samples': 30}",0,0.31185508,0.4204902177,0.2676547023,-0.0003213696291,0,3.635844749e-05,False
2023-04-04,48,lightgbm,"{'num_leaves': 7, 'learning_rate': 0.03, 'min_child_samples': 30}",0,0.2498625755,0.4186576434,0.3314797811,0.0008536332572,1,3.621004566e-05,False
2023-04-05,48,lightgbm,"{'num_leaves': 7, 'learning_rate': 0.03, 'min_child_samples': 30}",0,0.2615410337,0.4161538831,0.3223050831,0.0006559480242,1,3.606164384e-05,False
2023-04-06,48,lightgbm,"{'num_leaves': 7, 'learning_rate': 0.03, 'min_child_samples': 30}",0,0.2771530723,0.4122374149,0.3106095128,0.0003964078258,0,3.64326484e-05,False
2023-04-10,48,lightgbm,"{'num_leaves': 7, 'learning_rate': 0.03, 'min_child_samples': 30}",0,0.3176874324,0.4128348034,0.2694777642,-0.0003668868887,0,3.769406393e-05,False
2023-04-11,48,lightgbm,"{'num_leaves': 7, 'learning_rate': 0.03, 'min_child_samples': 30}",0,0.3013690886,0.4132453225,0.2853855889,-6.500755427e-05,0,3.739726027e-05,False
2023-04-12,48,lightgbm,"{'num_leaves': 7, 'learning_rate': 0.03, 'min_child_samples': 30}",0,0.2973389899,0.4186158902,0.2840451198,-3.422640287e-05,0,3.724885845e-05,False
2023-04-13,48,lightgbm,"{'num_leaves': 7, 'learning_rate': 0.03, 'min_child_samples': 30}",0,0.2956056346,0.4378761865,0.266518179,-0.0001618010833,0,3.784246575e-05,False
2023-04-14,48,lightgbm,"{'num_leaves': 7, 'learning_rate': 0.03, 'min_child_samples': 30}",0,0.3031062941,0.4407466968,0.2561470091,-0.0003259726984,0,3.813926941e-05,False
2023-04-17,48,lightgbm,"{'num_leaves': 7, 'learning_rate': 0.03, 'min_child_samples': 30}",0,0.2950745792,0.4303666105,0.2745588103,-8.94808659e-05,0,3.86586758e-05,False
2023-04-18,48,lightgbm,"{'num_leaves': 7, 'learning_rate': 0.03, 'min_child_samples': 30}",0,0.2872868704,0.4258301527,0.2868829769,9.390066245e-05,0,3.858447489e-05,False
2023-04-19,48,lightgbm,"{'num_leaves': 7, 'learning_rate': 0.03, 'min_child_samples': 30}",0,0.2997096743,0.424413074,0.2758772517,-0.0001267375644,0,3.828767123e-05,False
2023-04-20,48,lightgbm,"{'num_leaves': 7, 'learning_rate': 0.03, 'min_child_samples': 30}",0,0.2959776573,0.422145091,0.2818772517,-3.807655684e-05,0,3.799086758e-05,False
2023-04-21,49,lightgbm,"{'num_leaves': 7, 'learning_rate': 0.03, 'min_child_samples': 30}",0,0.2997455963,0.4312428826,0.2690115211,-0.0001682880316,0,3.813926941e-05,False
2023-04-24,49,lightgbm,"{'num_leaves': 7, 'learning_rate': 0.03, 'min_child_samples': 30}",0,0.2819962712,0.4291705569,0.2888331719,0.000179998294,0,3.858447489e-05,False
2023-04-25,49,lightgbm,"{'num_leaves': 7, 'learning_rate': 0.03, 'min_child_samples': 30}",0,0.2515565739,0.4009056895,0.3475377366,0.0009821598538,1,3.799086758e-05,False
2023-04-26,49,lightgbm,"{'num_leaves': 7, 'learning_rate': 0.03, 'min_child_samples': 30}",0,0.2607546748,0.4067226714,0.3325226538,0.0007623491031,1,3.828767123e-05,False
2023-04-27,49,lightgbm,"{'num_leaves': 7, 'learning_rate': 0.03, 'min_child_samples': 30}",0,0.3044926628,0.4149672035,0.2805401337,-0.0001219138466,0,3.843607306e-05,False
2023-04-28,49,lightgbm,"{'num_leaves': 7, 'learning_rate': 0.03, 'min_child_samples': 30}",0,0.2791756602,0.435086741,0.2857375987,0.0001835692342,0,3.784246575e-05,False
2023-05-01,49,lightgbm,"{'num_leaves': 7, 'learning_rate': 0.03, 'min_child_samples': 30}",0,0.3054593238,0.4394782393,0.2550624369,-0.0003431480664,0,3.910388128e-05,False
2023-05-02,49,lightgbm,"{'num_leaves': 7, 'learning_rate': 0.03, 'min_child_samples': 30}",0,0.2928806619,0.4011371669,0.3059821711,0.0002093570916,0,3.888127854e-05,False
2023-05-03,49,lightgbm,"{'num_leaves': 7, 'learning_rate': 0.03, 'min_child_samples': 30}",0,0.2662073979,0.4146569761,0.319135626,0.0005948537824,1,3.902968037e-05,False
2023-05-04,49,lightgbm,"{'num_leaves': 7, 'learning_rate': 0.03, 'min_child_samples': 30}",0,0.246623398,0.4035714146,0.3498051874,0.001052086798,1,3.902968037e-05,False
2023-05-05,49,lightgbm,"{'num_leaves': 7, 'learning_rate': 0.03, 'min_child_samples': 30}",0,0.2872833023,0.4540808829,0.2586358148,-0.0001251408408,0,3.902968037e-05,False
2023-05-08,49,lightgbm,"{'num_leaves': 7, 'learning_rate': 0.03, 'min_child_samples': 30}",0,0.3365996051,0.4513831015,0.2120172934,-0.001022750903,-1,3.940068493e-05,False
2023-05-09,49,lightgbm,"{'num_leaves': 7, 'learning_rate': 0.03, 'min_child_samples': 30}",0,0.2865782051,0.4858874808,0.227534314,-0.0003756708233,0,3.925228311e-05,False
2023-05-10,49,lightgbm,"{'num_leaves': 7, 'learning_rate': 0.03, 'min_child_samples': 30}",0,0.2380964298,0.415464478,0.3464390922,0.001112557905,1,3.888127854e-05,False
2023-05-11,49,lightgbm,"{'num_leaves': 7, 'learning_rate': 0.03, 'min_child_samples': 30}",0,0.2994847578,0.432502742,0.2680125002,-0.0001738666921,0,3.858447489e-05,False
2023-05-12,49,lightgbm,"{'num_leaves': 7, 'learning_rate': 0.03, 'min_child_samples': 30}",0,0.3365573265,0.446965937,0.2164767365,-0.0009853430043,-1,3.895547945e-05,False
2023-05-15,49,lightgbm,"{'num_leaves': 7, 'learning_rate': 0.03, 'min_child_samples': 30}",0,0.2908870578,0.4259849235,0.2831280187,4.05539081e-05,0,3.86586758e-05,False
2023-05-16,49,lightgbm,"{'num_leaves': 7, 'learning_rate': 0.03, 'min_child_samples': 30}",0,0.3129393673,0.4405811362,0.2464794965,-0.0004918284267,-1,3.880707763e-05,False
2023-05-17,49,lightgbm,"{'num_leaves': 7, 'learning_rate': 0.03, 'min_child_samples': 30}",0,0.2726471168,0.4471136119,0.2802392713,0.000205651263,0,3.902968037e-05,False
2023-05-18,49,lightgbm,"{'num_leaves': 7, 'learning_rate': 0.03, 'min_child_samples': 30}",0,0.2810072256,0.4482159568,0.2707768176,4.055822468e-05,0,3.940068493e-05,False
2023-05-19,49,lightgbm,"{'num_leaves': 7, 'learning_rate': 0.03, 'min_child_samples': 30}",0,0.3007129895,0.4701222278,0.2291647827,-0.0005086521686,-1,3.925228311e-05,False
2023-05-22,50,lightgbm,"{'num_leaves': 7, 'learning_rate': 0.03, 'min_child_samples': 30}",0,0.2708581375,0.4592429721,0.2698988904,0.0001380685005,0,4.006849315e-05,False
2023-05-23,50,lightgbm,"{'num_leaves': 7, 'learning_rate': 0.03, 'min_child_samples': 30}",0,0.2881116585,0.4314167942,0.2804715474,4.795984003e-05,0,3.962328767e-05,False
2023-05-24,50,lightgbm,"{'num_leaves': 7, 'learning_rate': 0.03, 'min_child_samples': 30}",0,0.2816209294,0.4233098688,0.2950692018,0.0002364306998,0,3.984589041e-05,False
2023-05-25,50,lightgbm,"{'num_leaves': 7, 'learning_rate': 0.03, 'min_child_samples': 30}",0,0.287829591,0.4126693825,0.2995010264,0.0002092249734,0,3.992009132e-05,False
2023-05-26,50,lightgbm,"{'num_leaves': 7, 'learning_rate': 0.03, 'min_child_samples': 30}",0,0.2910430606,0.4505754334,0.258381506,-0.0001661198799,0,3.962328767e-05,False
2023-05-30,50,lightgbm,"{'num_leaves': 7, 'learning_rate': 0.03, 'min_child_samples': 30}",0,0.2874673848,0.4379133738,0.2746192415,5.910043769e-06,0,4.118150685e-05,False
2023-05-31,50,lightgbm,"{'num_leaves': 7, 'learning_rate': 0.03, 'min_child_samples': 30}",0,0.2765026521,0.4379473911,0.2855499568,0.0002100466708,0,4.095890411e-05,False
2023-06-01,50,lightgbm,"{'num_leaves': 7, 'learning_rate': 0.03, 'min_child_samples': 30}",0,0.2571175275,0.4462091372,0.2966733353,0.0005027009009,1,4.081050228e-05,False
2023-06-02,50,lightgbm,"{'num_leaves': 7, 'learning_rate': 0.03, 'min_child_samples': 30}",0,0.2415239029,0.4899328641,0.2685432329,0.0004295721464,0,4.081050228e-05,False
2023-06-05,50,lightgbm,"{'num_leaves': 7, 'learning_rate': 0.03, 'min_child_samples': 30}",0,0.2739222889,0.4574148723,0.2686628387,9.615487159e-05,0,4.051369863e-05,False
2023-06-06,50,lightgbm,"{'num_leaves': 7, 'learning_rate': 0.03, 'min_child_samples': 30}",0,0.2543489578,0.4761520354,0.2694990068,0.0003051468072,0,4.03652968e-05,False
2023-06-07,50,lightgbm,"{'num_leaves': 7, 'learning_rate': 0.03, 'min_child_samples': 30}",0,0.2706535694,0.4440103748,0.2853360558,0.0002686402829,0,4.021689498e-05,False
2023-06-08,50,lightgbm,"{'num_leaves': 7, 'learning_rate': 0.03, 'min_child_samples': 30}",0,0.2689465163,0.4608768679,0.2701766158,0.0001601111342,0,3.992009132e-05,False
2023-06-09,50,lightgbm,"{'num_leaves': 7, 'learning_rate': 0.03, 'min_child_samples': 30}",0,0.2563974844,0.4595781026,0.284024413,0.0004048751979,0,3.984589041e-05,False
2023-06-12,50,lightgbm,"{'num_leaves': 7, 'learning_rate': 0.03, 'min_child_samples': 30}",0,0.264014623,0.4502377176,0.2857476594,0.0003405919136,0,4.006849315e-05,False
2023-06-13,50,lightgbm,"{'num_leaves': 7, 'learning_rate': 0.03, 'min_child_samples': 30}",0,0.2488395492,0.4639129792,0.2872474716,0.0005097080296,1,3.97716895e-05,False
2023-06-14,50,lightgbm,"{'num_leaves': 7, 'learning_rate': 0.03, 'min_child_samples': 30}",0,0.2668620172,0.4454789762,0.2876590066,0.000327106685,0,3.97716895e-05,False
2023-06-15,50,lightgbm,"{'num_leaves': 7, 'learning_rate': 0.03, 'min_child_samples': 30}",0,0.2900611959,0.4424369873,0.2675018167,-8.009058491e-05,0,3.954908676e-05,False
2023-06-16,50,lightgbm,"{'num_leaves': 7, 'learning_rate': 0.03, 'min_child_samples': 30}",0,0.2633579183,0.4572801113,0.2793619704,0.0002942318847,0,3.962328767e-05,False
2023-06-20,50,lightgbm,"{'num_leaves': 7, 'learning_rate': 0.03, 'min_child_samples': 30}",0,0.2650726002,0.4406655522,0.2942618476,0.000400522341,0,3.999429224e-05,False
2023-06-21,50,lightgbm,"{'num_leaves': 7, 'learning_rate': 0.03, 'min_child_samples': 30}",0,0.2649813244,0.4365037188,0.2985149568,0.0004368566948,0,4.006849315e-05,False
2023-06-22,51,lightgbm,"{'num_leaves': 7, 'learning_rate': 0.03, 'min_child_samples': 30}",0,0.2608403966,0.4404014085,0.2987581949,0.000495916933,1,4.006849315e-05,False
2023-06-23,51,lightgbm,"{'num_leaves': 7, 'learning_rate': 0.03, 'min_child_samples': 30}",0,0.2367816394,0.4094205543,0.3537978063,0.001201743452,1,4.014269406e-05,False
2023-06-26,51,lightgbm,"{'num_leaves': 7, 'learning_rate': 0.03, 'min_child_samples': 30}",0,0.2442934132,0.3893919429,0.3663146439,0.00122864296,1,4.081050228e-05,False
2023-06-27,51,lightgbm,"{'num_leaves': 7, 'learning_rate': 0.03, 'min_child_samples': 30}",0,0.2699165206,0.4436307597,0.2864527197,0.0003000620625,0,4.03652968e-05,False
2023-06-28,51,lightgbm,"{'num_leaves': 7, 'learning_rate': 0.03, 'min_child_samples': 30}",0,0.2658517372,0.4326082474,0.3015400154,0.0004675021856,1,4.03652968e-05,False
2023-06-29,51,lightgbm,"{'num_leaves': 7, 'learning_rate': 0.03, 'min_child_samples': 30}",0,0.2910259962,0.4887851207,0.2201888831,-0.0004688575721,-1,4.051369863e-05,False
2023-06-30,51,lightgbm,"{'num_leaves': 7, 'learning_rate': 0.03, 'min_child_samples': 30}",0,0.2725682652,0.4437597256,0.2836720092,0.0002496210955,0,2.169520548e-05,False
2023-07-03,51,lightgbm,"{'num_leaves': 7, 'learning_rate': 0.03, 'min_child_samples': 30}",0,0.2821525091,0.4836333647,0.2342141262,-0.0002607704525,0,4.03652968e-05,False
2023-07-05,51,lightgbm,"{'num_leaves': 7, 'learning_rate': 0.03, 'min_child_samples': 30}",0,0.3346677242,0.4756778878,0.189654388,-0.001172209008,-1,4.03652968e-05,False
2023-07-06,51,lightgbm,"{'num_leaves': 7, 'learning_rate': 0.03, 'min_child_samples': 30}",0,0.311961329,0.442180627,0.245858044,-0.0004706092824,-1,4.051369863e-05,False
2023-07-07,51,lightgbm,"{'num_leaves': 7, 'learning_rate': 0.03, 'min_child_samples': 30}",0,0.3155940847,0.4359257333,0.248480182,-0.0004861656804,-1,4.051369863e-05,False
2023-07-10,51,lightgbm,"{'num_leaves': 7, 'learning_rate': 0.03, 'min_child_samples': 30}",0,0.2952262637,0.4436882923,0.261085444,-0.0001716060143,0,4.066210046e-05,False
2023-07-11,51,lightgbm,"{'num_leaves': 7, 'learning_rate': 0.03, 'min_child_samples': 30}",0,0.2867473787,0.4517826163,0.261470005,-8.114361224e-05,0,4.073630137e-05,False
2023-07-12,51,lightgbm,"{'num_leaves': 7, 'learning_rate': 0.03, 'min_child_samples': 30}",0,0.2606766874,0.4348733045,0.3044500081,0.0005449881732,1,4.058789954e-05,False
2023-07-13,51,lightgbm,"{'num_leaves': 7, 'learning_rate': 0.03, 'min_child_samples': 30}",0,0.2190127651,0.4040826767,0.3769045582,0.001576984684,1,4.058789954e-05,False
2023-07-14,51,lightgbm,"{'num_leaves': 7, 'learning_rate': 0.03, 'min_child_samples': 30}",0,0.2570075743,0.4213493844,0.3216430413,0.0007258872704,1,4.073630137e-05,False
2023-07-17,51,lightgbm,"{'num_leaves': 7, 'learning_rate': 0.03, 'min_child_samples': 30}",0,0.2759906011,0.4465563764,0.2774530225,0.0001626246537,0,4.073630137e-05,False
2023-07-18,51,lightgbm,"{'num_leaves': 7, 'learning_rate': 0.03, 'min_child_samples': 30}",0,0.2979101119,0.4309977054,0.2710921827,-0.0001159172004,0,4.073630137e-05,False
2023-07-19,51,lightgbm,"{'num_leaves': 7, 'learning_rate': 0.03, 'min_child_samples': 30}",0,0.3327945076,0.4530596586,0.2141458338,-0.0009490305055,-1,4.073630137e-05,False
2023-07-20,51,lightgbm,"{'num_leaves': 7, 'learning_rate': 0.03, 'min_child_samples': 30}",0,0.3052890964,0.5026436662,0.1920672374,-0.000849769805,-1,4.073630137e-05,False
2023-07-21,51,lightgbm,"{'num_leaves': 7, 'learning_rate': 0.03, 'min_child_samples': 30}",0,0.3162794109,0.4935537393,0.1901668499,-0.0009786984958,-1,4.081050228e-05,False
2023-07-24,52,lightgbm,"{'num_leaves': 7, 'learning_rate': 0.03, 'min_child_samples': 30}",0,0.2781081656,0.4913471076,0.2305447267,-0.0002316485487,0,4.08847032e-05,False
2023-07-25,52,lightgbm,"{'num_leaves': 7, 'learning_rate': 0.03, 'min_child_samples': 30}",0,0.2684767817,0.4905407755,0.2409824428,-4.654368376e-05,0,4.08847032e-05,False
2023-07-26,52,lightgbm,"{'num_leaves': 7, 'learning_rate': 0.03, 'min_child_samples': 30}",0,0.2529848405,0.4569171684,0.2900979911,0.0005186062594,1,4.08847032e-05,False
2023-07-27,52,lightgbm,"{'num_leaves': 7, 'learning_rate': 0.03, 'min_child_samples': 30}",0,0.2584011034,0.4842316706,0.257367226,0.000192312229,0,4.08847032e-05,False
2023-07-28,52,lightgbm,"{'num_leaves': 7, 'learning_rate': 0.03, 'min_child_samples': 30}",0,0.2697663866,0.4679120017,0.2623216116,0.0001167536935,0,4.095890411e-05,False
2023-07-31,52,lightgbm,"{'num_leaves': 7, 'learning_rate': 0.03, 'min_child_samples': 30}",0,0.269747382,0.4892154937,0.2410371243,-5.91203595e-05,0,4.118150685e-05,False
2023-08-01,52,lightgbm,"{'num_leaves': 7, 'learning_rate': 0.03, 'min_child_samples': 30}",0,0.2635389848,0.4624976679,0.2739633473,0.0002769132475,0,4.110730594e-05,False
2023-08-02,52,lightgbm,"{'num_leaves': 7, 'learning_rate': 0.03, 'min_child_samples': 30}",0,0.2633070862,0.4412470595,0.2954458543,0.0004569981691,1,4.103310502e-05,False
2023-08-03,52,lightgbm,"{'num_leaves': 7, 'learning_rate': 0.03, 'min_child_samples': 30}",0,0.2719148326,0.440763442,0.2873217254,0.000301528294,0,4.110730594e-05,False
2023-08-04,52,lightgbm,"{'num_leaves': 7, 'learning_rate': 0.03, 'min_child_samples': 30}",0,0.2568783613,0.4417090625,0.3014125762,0.0005722774454,1,4.110730594e-05,False
2023-08-07,52,lightgbm,"{'num_leaves': 7, 'learning_rate': 0.03, 'min_child_samples': 30}",0,0.2514440131,0.4217734976,0.3267824892,0.000837866695,1,4.125570776e-05,False
2023-08-08,52,lightgbm,"{'num_leaves': 7, 'learning_rate': 0.03, 'min_child_samples': 30}",0,0.2540386323,0.4365124843,0.3094488834,0.0006678743502,1,4.132990868e-05,False
2023-08-09,52,lightgbm,"{'num_leaves': 7, 'learning_rate': 0.03, 'min_child_samples': 30}",0,0.2403377663,0.3965799203,0.3630823134,0.001252030914,1,4.118150685e-05,False
2023-08-10,52,lightgbm,"{'num_leaves': 7, 'learning_rate': 0.03, 'min_child_samples': 30}",0,0.2734462949,0.4076109543,0.3189427507,0.0005473988941,1,4.110730594e-05,False
2023-08-11,52,lightgbm,"{'num_leaves': 7, 'learning_rate': 0.03, 'min_child_samples': 30}",0,0.2657476751,0.4618822634,0.2723700615,0.0002410849276,0,4.110730594e-05,False
2023-08-14,52,lightgbm,"{'num_leaves': 7, 'learning_rate': 0.03, 'min_child_samples': 30}",0,0.2581519882,0.4758142835,0.2660337284,0.0002665575044,0,4.125570776e-05,False
2023-08-15,52,lightgbm,"{'num_leaves': 7, 'learning_rate': 0.03, 'min_child_samples': 30}",0,0.2584717613,0.4276060404,0.3139221983,0.0006594201185,1,4.125570776e-05,False
2023-08-16,52,lightgbm,"{'num_leaves': 7, 'learning_rate': 0.03, 'min_child_samples': 30}",0,0.2371556546,0.4005924518,0.3622518935,0.001277791598,1,4.125570776e-05,False
2023-08-17,52,lightgbm,"{'num_leaves': 7, 'learning_rate': 0.03, 'min_child_samples': 30}",0,0.2617989003,0.4353125703,0.3028885294,0.0005340305163,1,4.125570776e-05,False
2023-08-18,52,lightgbm,"{'num_leaves': 7, 'learning_rate': 0.03, 'min_child_samples': 30}",0,0.2696819691,0.4436944484,0.2866235825,0.0003186493995,0,4.118150685e-05,False
2023-08-21,52,lightgbm,"{'num_leaves': 7, 'learning_rate': 0.03, 'min_child_samples': 30}",0,0.2315021638,0.4263498061,0.3421480301,0.001169461105,1,4.132990868e-05,False
2023-08-22,53,lightgbm,"{'num_leaves': 7, 'learning_rate': 0.03, 'min_child_samples': 30}",0,0.2947339114,0.3650475745,0.3402185142,0.0004843968581,1,4.132990868e-05,False
2023-08-23,53,lightgbm,"{'num_leaves': 7, 'learning_rate': 0.03, 'min_child_samples': 30}",0,0.2716836794,0.4639439908,0.2643723298,9.59181956e-05,0,4.132990868e-05,False
2023-08-24,53,lightgbm,"{'num_leaves': 7, 'learning_rate': 0.03, 'min_child_samples': 30}",0,0.2945211229,0.3887484252,0.3167304519,0.0002930925315,0,4.140410959e-05,False
2023-08-25,53,lightgbm,"{'num_leaves': 7, 'learning_rate': 0.03, 'min_child_samples': 30}",0,0.3101490588,0.4618033109,0.2280476303,-0.0005976628508,-1,4.162671233e-05,False
2023-08-28,53,lightgbm,"{'num_leaves': 7, 'learning_rate': 0.03, 'min_child_samples': 30}",0,0.2566679096,0.4144860304,0.3288460599,0.0007809721474,1,4.140410959e-05,False
2023-08-29,53,lightgbm,"{'num_leaves': 7, 'learning_rate': 0.03, 'min_child_samples': 30}",0,0.1859545377,0.4414605849,0.3725848774,0.001866238287,1,4.125570776e-05,False
2023-08-30,53,lightgbm,"{'num_leaves': 7, 'learning_rate': 0.03, 'min_child_samples': 30}",0,0.2364745489,0.5407838992,0.2227415519,0.0001139477536,0,4.125570776e-05,False
2023-08-31,53,lightgbm,"{'num_leaves': 7, 'learning_rate': 0.03, 'min_child_samples': 30}",0,0.257012526,0.4996164317,0.2433710423,7.332791439e-05,0,4.125570776e-05,False
2023-09-01,53,lightgbm,"{'num_leaves': 7, 'learning_rate': 0.03, 'min_child_samples': 30}",0,0.278291906,0.4968768752,0.2248312188,-0.000297555015,0,4.103310502e-05,False
2023-09-05,53,lightgbm,"{'num_leaves': 7, 'learning_rate': 0.03, 'min_child_samples': 30}",0,0.2729874257,0.5758174972,0.151195077,-0.0008497597922,-1,4.118150685e-05,False
2023-09-06,53,lightgbm,"{'num_leaves': 7, 'learning_rate': 0.03, 'min_child_samples': 30}",0,0.23578128,0.5444692663,0.2197494536,9.640744579e-05,0,4.118150685e-05,False
2023-09-07,53,lightgbm,"{'num_leaves': 7, 'learning_rate': 0.03, 'min_child_samples': 30}",0,0.2742451867,0.4871347689,0.2386200444,-0.0001424803729,0,4.103310502e-05,False
2023-09-08,53,lightgbm,"{'num_leaves': 7, 'learning_rate': 0.03, 'min_child_samples': 30}",0,0.2424465908,0.5148102158,0.2427431934,0.000217487681,0,4.118150685e-05,False
2023-09-11,53,lightgbm,"{'num_leaves': 7, 'learning_rate': 0.03, 'min_child_samples': 30}",0,0.2901973557,0.4704463236,0.2393563207,-0.0002999587929,0,4.118150685e-05,False
2023-09-12,53,lightgbm,"{'num_leaves': 7, 'learning_rate': 0.03, 'min_child_samples': 30}",0,0.281248515,0.4927012741,0.2260502108,-0.0003178249327,0,4.125570776e-05,False
2023-09-13,53,lightgbm,"{'num_leaves': 7, 'learning_rate': 0.03, 'min_child_samples': 30}",0,0.3020143877,0.4368153992,0.2611702131,-0.0002414137747,0,4.118150685e-05,False
2023-09-14,53,lightgbm,"{'num_leaves': 7, 'learning_rate': 0.03, 'min_child_samples': 30}",0,0.2338312602,0.471189473,0.2949792667,0.0007361143129,1,4.118150685e-05,False
2023-09-15,53,lightgbm,"{'num_leaves': 7, 'learning_rate': 0.03, 'min_child_samples': 30}",0,0.2839254148,0.4739094419,0.2421651433,-0.0002125200585,0,4.125570776e-05,False
2023-09-18,53,lightgbm,"{'num_leaves': 7, 'learning_rate': 0.03, 'min_child_samples': 30}",0,0.2906496064,0.4662726567,0.2430777368,-0.0002739396903,0,4.118150685e-05,False
2023-09-19,53,lightgbm,"{'num_leaves': 7, 'learning_rate': 0.03, 'min_child_samples': 30}",0,0.3444110091,0.4133987434,0.2421902475,-0.0008324189739,-1,4.110730594e-05,False
2023-09-20,53,lightgbm,"{'num_leaves': 7, 'learning_rate': 0.03, 'min_child_samples': 30}",0,0.2668316098,0.4229836136,0.3101847766,0.0005230479861,1,4.125570776e-05,False
2023-09-21,54,lightgbm,"{'num_leaves': 7, 'learning_rate': 0.03, 'min_child_samples': 30}",0,0.3350704018,0.3894477018,0.2754818964,-0.000475144991,-1,4.132990868e-05,False
2023-09-22,54,lightgbm,"{'num_leaves': 7, 'learning_rate': 0.03, 'min_child_samples': 30}",0,0.3086798293,0.2998135509,0.3915066198,0.0007511943834,1,4.125570776e-05,False
2023-09-25,54,lightgbm,"{'num_leaves': 7, 'learning_rate': 0.03, 'min_child_samples': 30}",0,0.3742730323,0.2888933271,0.3368336406,-0.00037121816,0,4.140410959e-05,False
2023-09-26,54,lightgbm,"{'num_leaves': 7, 'learning_rate': 0.03, 'min_child_samples': 30}",0,0.2551213166,0.3330181763,0.4118605071,0.001467549348,1,4.140410959e-05,False
2023-09-27,54,lightgbm,"{'num_leaves': 7, 'learning_rate': 0.03, 'min_child_samples': 30}",0,0.3020168547,0.304106957,0.3938761883,0.0008389734048,1,4.140410959e-05,False
2023-09-28,54,lightgbm,"{'num_leaves': 7, 'learning_rate': 0.03, 'min_child_samples': 30}",0,0.3448568532,0.3074701603,0.3476729865,1.942957572e-05,0,4.125570776e-05,False
2023-09-29,54,lightgbm,"{'num_leaves': 7, 'learning_rate': 0.03, 'min_child_samples': 30}",0,0.3520854379,0.331597912,0.3163166501,-0.0003129829028,0,4.118150685e-05,False
2023-10-02,54,lightgbm,"{'num_leaves': 7, 'learning_rate': 0.03, 'min_child_samples': 30}",0,0.297080988,0.3874013616,0.3155176504,0.0002438927103,0,4.170091324e-05,False
2023-10-03,54,lightgbm,"{'num_leaves': 7, 'learning_rate': 0.03, 'min_child_samples': 30}",0,0.3512032764,0.3230587655,0.3257379581,-0.0002263183216,0,4.170091324e-05,False
2023-10-04,54,lightgbm,"{'num_leaves': 7, 'learning_rate': 0.03, 'min_child_samples': 30}",0,0.3015087546,0.3286126523,0.3698785931,0.0006464476997,1,4.162671233e-05,False
2023-10-05,54,lightgbm,"{'num_leaves': 7, 'learning_rate': 0.03, 'min_child_samples': 30}",0,0.3662354307,0.3312410059,0.3025235634,-0.0005715832875,-1,4.162671233e-05,False
2023-10-06,54,lightgbm,"{'num_leaves': 7, 'learning_rate': 0.03, 'min_child_samples': 30}",0,0.3384041686,0.4745607428,0.1870350886,-0.001238062152,-1,4.177511416e-05,False
2023-10-09,54,lightgbm,"{'num_leaves': 7, 'learning_rate': 0.03, 'min_child_samples': 30}",0,0.2978447489,0.5148049953,0.1873502558,-0.000819979421,-1,4.177511416e-05,False
2023-10-10,54,lightgbm,"{'num_leaves': 7, 'learning_rate': 0.03, 'min_child_samples': 30}",0,0.2817792882,0.4944032953,0.2238174164,-0.0003549318789,0,4.162671233e-05,False
2023-10-11,54,lightgbm,"{'num_leaves': 7, 'learning_rate': 0.03, 'min_child_samples': 30}",0,0.2817142124,0.5018027156,0.216483072,-0.0004146973249,0,4.162671233e-05,False
2023-10-12,54,lightgbm,"{'num_leaves': 7, 'learning_rate': 0.03, 'min_child_samples': 30}",0,0.3015950838,0.4952158949,0.2031890212,-0.0007278922913,-1,4.177511416e-05,False
2023-10-13,54,lightgbm,"{'num_leaves': 7, 'learning_rate': 0.03, 'min_child_samples': 30}",0,0.3017660346,0.4808487403,0.217385225,-0.0006126724291,-1,4.170091324e-05,False
2023-10-16,54,lightgbm,"{'num_leaves': 7, 'learning_rate': 0.03, 'min_child_samples': 30}",0,0.3287997796,0.4143320201,0.2568682004,-0.0005642789197,-1,4.162671233e-05,False
2023-10-17,54,lightgbm,"{'num_leaves': 7, 'learning_rate': 0.03, 'min_child_samples': 30}",0,0.2248711773,0.5366183764,0.2385104463,0.000349092763,0,4.170091324e-05,False
2023-10-18,54,lightgbm,"{'num_leaves': 7, 'learning_rate': 0.03, 'min_child_samples': 30}",0,0.2821789045,0.469860938,0.2479601575,-0.0001600989356,0,4.162671233e-05,False
2023-10-19,54,lightgbm,"{'num_leaves': 7, 'learning_rate': 0.03, 'min_child_samples': 30}",0,0.2392553851,0.5133880474,0.2473565675,0.0002746311596,0,4.155251142e-05,False
2023-10-20,55,lightgbm,"{'num_leaves': 7, 'learning_rate': 0.03, 'min_child_samples': 30}",0,0.3114654003,0.4279989622,0.2605356375,-0.0003639670353,0,4.140410959e-05,False
2023-10-23,55,lightgbm,"{'num_leaves': 7, 'learning_rate': 0.03, 'min_child_samples': 30}",0,0.2850021272,0.3692310233,0.3457668494,0.0006115661999,1,4.140410959e-05,False
2023-10-24,55,lightgbm,"{'num_leaves': 7, 'learning_rate': 0.03, 'min_child_samples': 30}",0,0.3681049987,0.3347399667,0.2971550346,-0.0006424621145,-1,4.140410959e-05,False
2023-10-25,55,lightgbm,"{'num_leaves': 7, 'learning_rate': 0.03, 'min_child_samples': 30}",0,0.3013767937,0.4081193141,0.2905038922,-1.291823593e-05,0,4.14783105e-05,False
2023-10-26,55,lightgbm,"{'num_leaves': 7, 'learning_rate': 0.03, 'min_child_samples': 30}",0,0.2711432241,0.3667413517,0.3621154241,0.000888780808,1,4.14783105e-05,False
2023-10-27,55,lightgbm,"{'num_leaves': 7, 'learning_rate': 0.03, 'min_child_samples': 30}",0,0.2921115237,0.2705681998,0.4373202765,0.001294942691,1,4.14783105e-05,False
2023-10-30,55,lightgbm,"{'num_leaves': 7, 'learning_rate': 0.03, 'min_child_samples': 30}",0,0.2726655368,0.4213572652,0.305977198,0.0004094190992,0,4.155251142e-05,False
2023-10-31,55,lightgbm,"{'num_leaves': 7, 'learning_rate': 0.03, 'min_child_samples': 30}",0,0.275242607,0.4901867183,0.2345706747,-0.0002068903347,0,4.14783105e-05,False
2023-11-01,55,lightgbm,"{'num_leaves': 7, 'learning_rate': 0.03, 'min_child_samples': 30}",0,0.2852274802,0.4452122909,0.2695602288,-2.027227686e-05,0,4.132990868e-05,False
2023-11-02,55,lightgbm,"{'num_leaves': 7, 'learning_rate': 0.03, 'min_child_samples': 30}",0,0.263650553,0.5953373482,0.1410120988,-0.0008608485316,-1,4.110730594e-05,False
2023-11-03,55,lightgbm,"{'num_leaves': 7, 'learning_rate': 0.03, 'min_child_samples': 30}",0,0.2369432853,0.4542066835,0.3088500312,0.0007995842788,1,4.103310502e-05,False
2023-11-06,55,lightgbm,"{'num_leaves': 7, 'learning_rate': 0.03, 'min_child_samples': 30}",0,0.2515469526,0.4933706643,0.2550823831,0.0002056189117,0,4.125570776e-05,False
2023-11-07,55,lightgbm,"{'num_leaves': 7, 'learning_rate': 0.03, 'min_child_samples': 30}",0,0.2272970429,0.4853326979,0.2873702592,0.0007210940641,1,4.118150685e-05,False
2023-11-08,55,lightgbm,"{'num_leaves': 7, 'learning_rate': 0.03, 'min_child_samples': 30}",0,0.218407159,0.3604578864,0.4211349546,0.001917287085,1,4.110730594e-05,False
2023-11-09,55,lightgbm,"{'num_leaves': 7, 'learning_rate': 0.03, 'min_child_samples': 30}",0,0.3315647991,0.4509636405,0.2174715604,-0.0009258868161,-1,4.110730594e-05,False
2023-11-10,55,lightgbm,"{'num_leaves': 7, 'learning_rate': 0.03, 'min_child_samples': 30}",0,0.2468927437,0.557069583,0.1960376732,-0.0002343948472,0,4.103310502e-05,False
2023-11-13,55,lightgbm,"{'num_leaves': 7, 'learning_rate': 0.03, 'min_child_samples': 30}",0,0.2562328664,0.5339108893,0.2098562443,-0.0002160520704,0,4.118150685e-05,False
2023-11-14,55,lightgbm,"{'num_leaves': 7, 'learning_rate': 0.03, 'min_child_samples': 30}",0,0.2058271523,0.6671085895,0.1270642581,-0.0003829252404,0,4.095890411e-05,False
2023-11-15,55,lightgbm,"{'num_leaves': 7, 'learning_rate': 0.03, 'min_child_samples': 30}",0,0.2277768016,0.6354325358,0.1367906626,-0.0005277335552,-1,4.103310502e-05,False
2023-11-16,55,lightgbm,"{'num_leaves': 7, 'learning_rate': 0.03, 'min_child_samples': 30}",0,0.2360644555,0.5884033507,0.1755321937,-0.0002927113953,0,4.08847032e-05,False
2023-11-17,55,lightgbm,"{'num_leaves': 7, 'learning_rate': 0.03, 'min_child_samples': 30}",0,0.2657823965,0.4835810048,0.2506365988,2.286825156e-05,0,4.081050228e-05,False
2023-11-20,56,lightgbm,"{'num_leaves': 7, 'learning_rate': 0.03, 'min_child_samples': 30}",0,0.2248983116,0.3628949255,0.4122067628,0.001784794042,1,4.110730594e-05,False
2023-11-21,56,lightgbm,"{'num_leaves': 7, 'learning_rate': 0.03, 'min_child_samples': 30}",0,0.2369019735,0.5023482045,0.260749822,0.0004139751523,0,4.103310502e-05,False
2023-11-22,56,lightgbm,"{'num_leaves': 7, 'learning_rate': 0.03, 'min_child_samples': 30}",0,0.2986562481,0.507412217,0.1939315349,-0.0007712339431,-1,2.21347032e-05,False
2023-11-24,56,lightgbm,"{'num_leaves': 7, 'learning_rate': 0.03, 'min_child_samples': 30}",0,0.3061627942,0.5222195868,0.171617619,-0.001032186963,-1,4.110730594e-05,False
2023-11-27,56,lightgbm,"{'num_leaves': 7, 'learning_rate': 0.03, 'min_child_samples': 30}",0,0.2666571626,0.5026303689,0.2307124685,-0.0001393244598,0,4.073630137e-05,False
2023-11-28,56,lightgbm,"{'num_leaves': 7, 'learning_rate': 0.03, 'min_child_samples': 30}",0,0.240299094,0.4683901079,0.2913107981,0.0006307522045,1,4.058789954e-05,False
2023-11-29,56,lightgbm,"{'num_leaves': 7, 'learning_rate': 0.03, 'min_child_samples': 30}",0,0.2294827652,0.5121020756,0.2584151592,0.0004710227389,1,4.043949772e-05,False
2023-11-30,56,lightgbm,"{'num_leaves': 7, 'learning_rate': 0.03, 'min_child_samples': 30}",0,0.2371380275,0.4343696912,0.3284922813,0.0009694802261,1,4.043949772e-05,False
2023-12-01,56,lightgbm,"{'num_leaves': 7, 'learning_rate': 0.03, 'min_child_samples': 30}",0,0.1860052319,0.3510250054,0.4629697627,0.002602737236,1,4.029109589e-05,False
2023-12-04,56,lightgbm,"{'num_leaves': 7, 'learning_rate': 0.03, 'min_child_samples': 30}",0,0.2479043982,0.4169602257,0.3351353761,0.000913505405,1,4.051369863e-05,False
2023-12-05,56,lightgbm,"{'num_leaves': 7, 'learning_rate': 0.03, 'min_child_samples': 30}",0,0.2441233935,0.3950635937,0.3608130128,0.001163860408,1,4.043949772e-05,False
2023-12-06,56,lightgbm,"{'num_leaves': 7, 'learning_rate': 0.03, 'min_child_samples': 30}",0,0.2453407094,0.3644248827,0.3902344079,0.001393662112,1,4.043949772e-05,False
2023-12-07,56,lightgbm,"{'num_leaves': 7, 'learning_rate': 0.03, 'min_child_samples': 30}",0,0.2231049187,0.3665208265,0.4103742548,0.001788139039,1,4.03652968e-05,False
2023-12-08,56,lightgbm,"{'num_leaves': 7, 'learning_rate': 0.03, 'min_child_samples': 30}",0,0.2447181287,0.4906199859,0.2646618854,0.0003658381865,0,4.03652968e-05,False
2023-12-11,56,lightgbm,"{'num_leaves': 7, 'learning_rate': 0.03, 'min_child_samples': 30}",0,0.2435791326,0.4998873717,0.2565334957,0.0003106020575,0,4.058789954e-05,False
2023-12-12,56,lightgbm,"{'num_leaves': 7, 'learning_rate': 0.03, 'min_child_samples': 30}",0,0.2470192141,0.551808503,0.2011722829,-0.0001807240868,0,4.051369863e-05,False
2023-12-13,56,lightgbm,"{'num_leaves': 7, 'learning_rate': 0.03, 'min_child_samples': 30}",0,0.2378256207,0.4525631117,0.3096112676,0.0008069057298,1,4.03652968e-05,False
2023-12-14,56,lightgbm,"{'num_leaves': 7, 'learning_rate': 0.03, 'min_child_samples': 30}",0,0.2084774683,0.5687115892,0.2228109425,0.0003937368581,0,4.029109589e-05,False
2023-12-15,56,lightgbm,"{'num_leaves': 7, 'learning_rate': 0.03, 'min_child_samples': 30}",0,0.2376646706,0.3445842973,0.4177510321,0.001699207559,1,4.03652968e-05,False
2023-12-18,56,lightgbm,"{'num_leaves': 7, 'learning_rate': 0.03, 'min_child_samples': 30}",0,0.2483129846,0.3390389704,0.412648045,0.001547704864,1,4.051369863e-05,False
2023-12-19,56,lightgbm,"{'num_leaves': 7, 'learning_rate': 0.03, 'min_child_samples': 30}",0,0.2357359091,0.5504865886,0.2137775023,3.909582066e-05,0,4.029109589e-05,False
2023-12-20,57,lightgbm,"{'num_leaves': 7, 'learning_rate': 0.03, 'min_child_samples': 30}",0,0.3031346321,0.4895783031,0.2072870649,-0.0006924599248,-1,4.03652968e-05,False
2023-12-21,57,lightgbm,"{'num_leaves': 7, 'learning_rate': 0.03, 'min_child_samples': 30}",0,0.2966908558,0.5159187692,0.1873903751,-0.0007895610108,-1,4.021689498e-05,False
2023-12-22,57,lightgbm,"{'num_leaves': 7, 'learning_rate': 0.03, 'min_child_samples': 30}",0,0.3096046756,0.508206633,0.1821886914,-0.0009646111861,-1,4.03652968e-05,False
2023-12-26,57,lightgbm,"{'num_leaves': 7, 'learning_rate': 0.03, 'min_child_samples': 30}",0,0.3301268224,0.5184736722,0.1513995054,-0.001427493517,-1,4.043949772e-05,False
2023-12-27,57,lightgbm,"{'num_leaves': 7, 'learning_rate': 0.03, 'min_child_samples': 30}",0,0.3358357338,0.4747199804,0.1894442858,-0.001174034696,-1,4.03652968e-05,False
2023-12-28,57,lightgbm,"{'num_leaves': 7, 'learning_rate': 0.03, 'min_child_samples': 30}",0,0.3516995673,0.4498612948,0.1984391379,-0.001262909658,-1,4.043949772e-05,False
2023-12-29,57,lightgbm,"{'num_leaves': 7, 'learning_rate': 0.03, 'min_child_samples': 30}",0,0.3178009513,0.4430164321,0.2391826167,-0.0005812601479,-1,4.006849315e-05,False
2024-01-02,57,lightgbm,"{'num_leaves': 7, 'learning_rate': 0.03, 'min_child_samples': 30}",0,0.2998744784,0.4067456595,0.2933798621,4.696943063e-05,0,4.051369863e-05,False
2024-01-03,57,lightgbm,"{'num_leaves': 7, 'learning_rate': 0.03, 'min_child_samples': 30}",0,0.2245166089,0.3475542564,0.4279291347,0.001922919526,1,4.066210046e-05,False
2024-01-04,57,lightgbm,"{'num_leaves': 7, 'learning_rate': 0.03, 'min_child_samples': 30}",0,0.2967416168,0.4088286687,0.2944297145,8.76971497e-05,0,4.066210046e-05,False
2024-01-05,57,lightgbm,"{'num_leaves': 7, 'learning_rate': 0.03, 'min_child_samples': 30}",0,0.276265304,0.4024536461,0.3212810498,0.0005178171523,1,4.058789954e-05,False
2024-01-08,57,lightgbm,"{'num_leaves': 7, 'learning_rate': 0.03, 'min_child_samples': 30}",0,0.3244677368,0.5023152442,0.173217019,-0.001190561038,-1,4.073630137e-05,False
2024-01-09,57,lightgbm,"{'num_leaves': 7, 'learning_rate': 0.03, 'min_child_samples': 30}",0,0.3195762561,0.4714096645,0.2090140794,-0.0008468585176,-1,4.058789954e-05,False
2024-01-10,57,lightgbm,"{'num_leaves': 7, 'learning_rate': 0.03, 'min_child_samples': 30}",0,0.2377792248,0.571764255,0.1904565202,-0.0001604496513,0,4.051369863e-05,False
2024-01-11,57,lightgbm,"{'num_leaves': 7, 'learning_rate': 0.03, 'min_child_samples': 30}",0,0.2803573564,0.4599051747,0.2597374689,-2.882449071e-05,0,4.051369863e-05,False
2024-01-12,57,lightgbm,"{'num_leaves': 7, 'learning_rate': 0.03, 'min_child_samples': 30}",0,0.3285764881,0.3856468706,0.2857766413,-0.0003096365544,0,4.043949772e-05,False
2024-01-16,57,lightgbm,"{'num_leaves': 7, 'learning_rate': 0.03, 'min_child_samples': 30}",0,0.1995672773,0.4644731724,0.3359595503,0.001424503635,1,4.043949772e-05,False
2024-01-17,57,lightgbm,"{'num_leaves': 7, 'learning_rate': 0.03, 'min_child_samples': 30}",0,0.2596707193,0.4683764205,0.2719528601,0.0002834293797,0,4.058789954e-05,False
2024-01-18,57,lightgbm,"{'num_leaves': 7, 'learning_rate': 0.03, 'min_child_samples': 30}",0,0.3135307526,0.3680188351,0.3184504122,0.0001125556969,0,4.043949772e-05,False
2024-01-19,57,lightgbm,"{'num_leaves': 7, 'learning_rate': 0.03, 'min_child_samples': 30}",0,0.2501185715,0.5094494839,0.2404319446,0.0001228708693,0,4.043949772e-05,False
2024-01-22,57,lightgbm,"{'num_leaves': 7, 'learning_rate': 0.03, 'min_child_samples': 30}",0,0.2464483689,0.5953673755,0.1581842557,-0.0005139759483,-1,4.051369863e-05,False
2024-01-23,58,lightgbm,"{'num_leaves': 7, 'learning_rate': 0.03, 'min_child_samples': 30}",0,0.2607256255,0.5763997079,0.1628746666,-0.0006056635271,-1,4.043949772e-05,False
2024-01-24,58,lightgbm,"{'num_leaves': 7, 'learning_rate': 0.03, 'min_child_samples': 30}",0,0.2202879863,0.54786013,0.2318518837,0.0003712712143,0,4.03652968e-05,False
2024-01-25,58,lightgbm,"{'num_leaves': 7, 'learning_rate': 0.03, 'min_child_samples': 30}",0,0.2622899317,0.5565996845,0.1811103838,-0.0004725440322,-1,4.03652968e-05,False
2024-01-26,58,lightgbm,"{'num_leaves': 7, 'learning_rate': 0.03, 'min_child_samples': 30}",0,0.2526602613,0.5667645796,0.1805751591,-0.0003785752403,0,4.03652968e-05,False
2024-01-29,58,lightgbm,"{'num_leaves': 7, 'learning_rate': 0.03, 'min_child_samples': 30}",0,0.3006675856,0.5529019989,0.1464304155,-0.001148026417,-1,4.021689498e-05,False
2024-01-30,58,lightgbm,"{'num_leaves': 7, 'learning_rate': 0.03, 'min_child_samples': 30}",0,0.3573191028,0.4561633712,0.1865175259,-0.001398838222,-1,4.021689498e-05,False
2024-01-31,58,lightgbm,"{'num_leaves': 7, 'learning_rate': 0.03, 'min_child_samples': 30}",0,0.2446656324,0.3529613357,0.4023730319,0.00151649125,1,4.021689498e-05,False
2024-02-01,58,lightgbm,"{'num_leaves': 7, 'learning_rate': 0.03, 'min_child_samples': 30}",0,0.2398352884,0.3541291853,0.4060355264,0.001595766594,1,4.021689498e-05,False
2024-02-02,58,lightgbm,"{'num_leaves': 7, 'learning_rate': 0.03, 'min_child_samples': 30}",0,0.3334221649,0.4136500289,0.2529278062,-0.0006118157338,-1,4.029109589e-05,False
2024-02-05,58,lightgbm,"{'num_leaves': 7, 'learning_rate': 0.03, 'min_child_samples': 30}",0,0.1970690178,0.6118432268,0.1910877554,0.0002751116305,0,4.021689498e-05,False
2024-02-06,58,lightgbm,"{'num_leaves': 7, 'learning_rate': 0.03, 'min_child_samples': 30}",0,0.2514680585,0.5841717341,0.1643602074,-0.0004989731268,-1,4.03652968e-05,False
2024-02-07,58,lightgbm,"{'num_leaves': 7, 'learning_rate': 0.03, 'min_child_samples': 30}",0,0.1990874036,0.6007909952,0.2001216012,0.0003283592339,0,4.029109589e-05,False
2024-02-08,58,lightgbm,"{'num_leaves': 7, 'learning_rate': 0.03, 'min_child_samples': 30}",0,0.2568920283,0.5499190698,0.1931889019,-0.0003186629567,0,4.03652968e-05,False
2024-02-09,58,lightgbm,"{'num_leaves': 7, 'learning_rate': 0.03, 'min_child_samples': 30}",0,0.2301829133,0.6136316657,0.156185421,-0.000348431713,0,4.03652968e-05,False
2024-02-12,58,lightgbm,"{'num_leaves': 7, 'learning_rate': 0.03, 'min_child_samples': 30}",0,0.2839438965,0.524758819,0.1912972844,-0.000610401035,-1,4.029109589e-05,False
2024-02-13,58,lightgbm,"{'num_leaves': 7, 'learning_rate': 0.03, 'min_child_samples': 30}",0,0.2885645245,0.4427709697,0.2686645057,-2.503549343e-05,0,4.043949772e-05,False
2024-02-14,58,lightgbm,"{'num_leaves': 7, 'learning_rate': 0.03, 'min_child_samples': 30}",0,0.2836434338,0.4931642896,0.2231922765,-0.000346558983,0,4.029109589e-05,False
2024-02-15,58,lightgbm,"{'num_leaves': 7, 'learning_rate': 0.03, 'min_child_samples': 30}",0,0.258744209,0.5336665154,0.2075892756,-0.0002198412093,0,4.029109589e-05,False
2024-02-16,58,lightgbm,"{'num_leaves': 7, 'learning_rate': 0.03, 'min_child_samples': 30}",0,0.2427552041,0.5377889851,0.2194558109,4.047027867e-05,0,4.03652968e-05,False
2024-02-20,58,lightgbm,"{'num_leaves': 7, 'learning_rate': 0.03, 'min_child_samples': 30}",0,0.2815372561,0.4290046905,0.2894580535,0.0002167398752,0,4.03652968e-05,False
2024-02-21,58,lightgbm,"{'num_leaves': 7, 'learning_rate': 0.03, 'min_child_samples': 30}",0,0.2894366436,0.3988108218,0.3117525346,0.0003183456422,0,4.03652968e-05,False
2024-02-22,59,lightgbm,"{'num_leaves': 7, 'learning_rate': 0.03, 'min_child_samples': 30}",0,0.2332306787,0.6128906469,0.1538786744,-0.000384156521,0,4.043949772e-05,False
2024-02-23,59,lightgbm,"{'num_leaves': 7, 'learning_rate': 0.03, 'min_child_samples': 30}",0,0.2154202441,0.6109333307,0.1736464253,-4.167505694e-05,0,4.051369863e-05,False
2024-02-26,59,lightgbm,"{'num_leaves': 7, 'learning_rate': 0.03, 'min_child_samples': 30}",0,0.3049722061,0.5275787678,0.167449026,-0.001004964752,-1,4.058789954e-05,False
2024-02-27,59,lightgbm,"{'num_leaves': 7, 'learning_rate': 0.03, 'min_child_samples': 30}",0,0.2764581033,0.5063586672,0.2171832295,-0.0003094139447,0,4.043949772e-05,False
2024-02-28,59,lightgbm,"{'num_leaves': 7, 'learning_rate': 0.03, 'min_child_samples': 30}",0,0.2339737817,0.4112276693,0.354798549,0.00124399841,1,4.043949772e-05,False
2024-02-29,59,lightgbm,"{'num_leaves': 7, 'learning_rate': 0.03, 'min_child_samples': 30}",0,0.2624606314,0.3981345477,0.3394048209,0.0008282982136,1,4.043949772e-05,False
2024-03-01,59,lightgbm,"{'num_leaves': 7, 'learning_rate': 0.03, 'min_child_samples': 30}",0,0.2606359181,0.4537878711,0.2855762108,0.000408668488,0,4.021689498e-05,False
2024-03-04,59,lightgbm,"{'num_leaves': 7, 'learning_rate': 0.03, 'min_child_samples': 30}",0,0.3095593092,0.478041378,0.2123993128,-0.0006857732993,-1,4.066210046e-05,False
2024-03-05,59,lightgbm,"{'num_leaves': 7, 'learning_rate': 0.03, 'min_child_samples': 30}",0,0.2030465901,0.2975842397,0.4993691702,0.002736229306,1,4.058789954e-05,False
2024-03-06,59,lightgbm,"{'num_leaves': 7, 'learning_rate': 0.03, 'min_child_samples': 30}",0,0.225263527,0.3491365836,0.4255998894,0.001909193315,1,4.058789954e-05,False
2024-03-07,59,lightgbm,"{'num_leaves': 7, 'learning_rate': 0.03, 'min_child_samples': 30}",0,0.2816714136,0.4723415778,0.2459870086,-0.0001280576585,0,4.058789954e-05,False
2024-03-08,59,lightgbm,"{'num_leaves': 7, 'learning_rate': 0.03, 'min_child_samples': 30}",0,0.2292208542,0.407664294,0.3631148518,0.001360151428,1,4.051369863e-05,False
2024-03-11,59,lightgbm,"{'num_leaves': 7, 'learning_rate': 0.03, 'min_child_samples': 30}",0,0.2538156098,0.4111841107,0.3350002795,0.000880561763,1,4.066210046e-05,False
2024-03-12,59,lightgbm,"{'num_leaves': 7, 'learning_rate': 0.03, 'min_child_samples': 30}",0,0.2671634306,0.4931391346,0.2396974349,-3.137726318e-05,0,4.066210046e-05,False
2024-03-13,59,lightgbm,"{'num_leaves': 7, 'learning_rate': 0.03, 'min_child_samples': 30}",0,0.2900879786,0.5207423438,0.1891696776,-0.0006764122075,-1,4.066210046e-05,False
2024-03-14,59,lightgbm,"{'num_leaves': 7, 'learning_rate': 0.03, 'min_child_samples': 30}",0,0.2366779566,0.5168471455,0.2464748978,0.0003345488606,0,4.066210046e-05,False
2024-03-15,59,lightgbm,"{'num_leaves': 7, 'learning_rate': 0.03, 'min_child_samples': 30}",0,0.2625929096,0.4250107046,0.3123963858,0.0006070686786,1,4.066210046e-05,False
2024-03-18,59,lightgbm,"{'num_leaves': 7, 'learning_rate': 0.03, 'min_child_samples': 30}",0,0.2398632611,0.4570483342,0.3030884046,0.000762982001,1,4.066210046e-05,False
2024-03-19,59,lightgbm,"{'num_leaves': 7, 'learning_rate': 0.03, 'min_child_samples': 30}",0,0.2392748948,0.5388646018,0.2218605034,0.0001076865321,0,4.066210046e-05,False
2024-03-20,59,lightgbm,"{'num_leaves': 7, 'learning_rate': 0.03, 'min_child_samples': 30}",0,0.2058035465,0.6328323849,0.1613640685,-4.36417643e-05,0,4.058789954e-05,False
2024-03-21,59,lightgbm,"{'num_leaves': 7, 'learning_rate': 0.03, 'min_child_samples': 30}",0,0.218063847,0.5600120266,0.2219241264,0.0003244163511,0,4.066210046e-05,False
2024-03-22,60,random_forest,"{'max_depth': 3, 'min_samples_leaf': 20}",0,0.2185026286,0.5686772617,0.2128201097,0.0002425380602,0,4.051369863e-05,False
2024-03-25,60,random_forest,"{'max_depth': 3, 'min_samples_leaf': 20}",0,0.2222600328,0.5067243282,0.271015639,0.0006787953377,1,4.051369863e-05,False
2024-03-26,60,random_forest,"{'max_depth': 3, 'min_samples_leaf': 20}",0,0.2271762369,0.4986043418,0.2742194213,0.0006550680891,1,4.051369863e-05,False
2024-03-27,60,random_forest,"{'max_depth': 3, 'min_samples_leaf': 20}",0,0.2237181443,0.477271117,0.2990107387,0.0008922001904,1,4.043949772e-05,False
2024-03-28,60,random_forest,"{'max_depth': 3, 'min_samples_leaf': 20}",0,0.2234913953,0.4944415397,0.282067065,0.0007563915176,1,4.051369863e-05,False
2024-04-01,60,random_forest,"{'max_depth': 3, 'min_samples_leaf': 20}",0,0.2301906321,0.512919648,0.2568897199,0.0004832537142,1,4.03652968e-05,False
2024-04-02,60,random_forest,"{'max_depth': 3, 'min_samples_leaf': 20}",0,0.2615219917,0.4063512644,0.3321267439,0.0007788669814,1,4.021689498e-05,False
2024-04-03,60,random_forest,"{'max_depth': 3, 'min_samples_leaf': 20}",0,0.2546052862,0.4252710114,0.3201237023,0.0007511530531,1,4.021689498e-05,False
2024-04-04,60,random_forest,"{'max_depth': 3, 'min_samples_leaf': 20}",0,0.2768582254,0.3278476592,0.3952941154,0.001138261745,1,4.014269406e-05,False
2024-04-05,60,random_forest,"{'max_depth': 3, 'min_samples_leaf': 20}",0,0.2669598786,0.4213085903,0.3117315311,0.0005574959786,1,4.029109589e-05,False
2024-04-08,60,random_forest,"{'max_depth': 3, 'min_samples_leaf': 20}",0,0.2588251729,0.438068867,0.3031059601,0.0005696599995,1,4.029109589e-05,False
2024-04-09,60,random_forest,"{'max_depth': 3, 'min_samples_leaf': 20}",0,0.2568779949,0.4631637967,0.2799582084,0.0004007239962,0,4.029109589e-05,False
2024-04-10,60,random_forest,"{'max_depth': 3, 'min_samples_leaf': 20}",0,0.2882601848,0.3352372226,0.3765025926,0.0008694977328,1,4.043949772e-05,False
2024-04-11,60,random_forest,"{'max_depth': 3, 'min_samples_leaf': 20}",0,0.2633774685,0.4264471278,0.3101754037,0.0005811310236,1,4.043949772e-05,False
2024-04-12,60,random_forest,"{'max_depth': 3, 'min_samples_leaf': 20}",0,0.2820716451,0.3112169631,0.4067113919,0.00117846928,1,4.043949772e-05,False
2024-04-15,60,random_forest,"{'max_depth': 3, 'min_samples_leaf': 20}",0,0.2788173237,0.310599981,0.4105826953,0.001243016974,1,4.043949772e-05,False
2024-04-16,60,random_forest,"{'max_depth': 3, 'min_samples_leaf': 20}",0,0.2818518827,0.3114568722,0.4066912451,0.001180533047,1,4.043949772e-05,False
2024-04-17,60,random_forest,"{'max_depth': 3, 'min_samples_leaf': 20}",0,0.2740153435,0.3240113428,0.4019733138,0.001221525292,1,4.043949772e-05,False
2024-04-18,60,random_forest,"{'max_depth': 3, 'min_samples_leaf': 20}",0,0.2855173403,0.3336797652,0.3808028944,0.0009323567549,1,4.051369863e-05,False
2024-04-19,60,random_forest,"{'max_depth': 3, 'min_samples_leaf': 20}",0,0.2804417828,0.3174210992,0.402137118,0.001157708265,1,4.043949772e-05,False
2024-04-22,60,random_forest,"{'max_depth': 3, 'min_samples_leaf': 20}",0,0.2737560319,0.3546315163,0.3716124517,0.0009766835545,1,4.021689498e-05,False
2024-04-23,61,random_forest,"{'max_depth': 3, 'min_samples_leaf': 20}",0,0.2728510073,0.4282779548,0.2988710379,0.0003666543756,0,4.043949772e-05,False
2024-04-24,61,random_forest,"{'max_depth': 3, 'min_samples_leaf': 20}",0,0.2734317129,0.4518401147,0.2747281724,0.0001644872096,0,4.051369863e-05,False
2024-04-25,61,random_forest,"{'max_depth': 3, 'min_samples_leaf': 20}",0,0.2841669253,0.424285312,0.2915477627,0.0001922601304,0,4.058789954e-05,False
2024-04-26,61,random_forest,"{'max_depth': 3, 'min_samples_leaf': 20}",0,0.2512099161,0.4945352311,0.2542548528,0.0002236016926,0,4.051369863e-05,False
2024-04-29,61,random_forest,"{'max_depth': 3, 'min_samples_leaf': 20}",0,0.241447606,0.5614292211,0.1971231728,-0.0001417692969,0,4.043949772e-05,False
2024-04-30,61,random_forest,"{'max_depth': 3, 'min_samples_leaf': 20}",0,0.271324457,0.4532495569,0.2754259862,0.0001915492179,0,4.051369863e-05,False
2024-05-01,61,random_forest,"{'max_depth': 3, 'min_samples_leaf': 20}",0,0.2882958231,0.3220084829,0.389695694,0.0009482587948,1,4.051369863e-05,False
2024-05-02,61,random_forest,"{'max_depth': 3, 'min_samples_leaf': 20}",0,0.2498321758,0.4492220179,0.3009458064,0.0006171668309,1,4.051369863e-05,False
2024-05-03,61,random_forest,"{'max_depth': 3, 'min_samples_leaf': 20}",0,0.2097266642,0.5796753576,0.2105979782,0.0002897494012,0,4.043949772e-05,False
2024-05-06,61,random_forest,"{'max_depth': 3, 'min_samples_leaf': 20}",0,0.2030019566,0.6589791779,0.1380188654,-0.0002320359328,0,4.043949772e-05,False
2024-05-07,61,random_forest,"{'max_depth': 3, 'min_samples_leaf': 20}",0,0.19828285,0.6204541652,0.1812629848,0.000167423147,0,4.043949772e-05,False
2024-05-08,61,random_forest,"{'max_depth': 3, 'min_samples_leaf': 20}",0,0.2145208231,0.6345858639,0.1508933131,-0.0002442898481,0,4.043949772e-05,False
2024-05-09,61,random_forest,"{'max_depth': 3, 'min_samples_leaf': 20}",0,0.216190036,0.5849094637,0.1989005003,0.0001290486725,0,4.051369863e-05,False
2024-05-10,61,random_forest,"{'max_depth': 3, 'min_samples_leaf': 20}",0,0.2101468268,0.6092150533,0.1806381198,4.192169504e-05,0,4.058789954e-05,False
2024-05-13,61,random_forest,"{'max_depth': 3, 'min_samples_leaf': 20}",0,0.2188446618,0.5861895358,0.1949658025,7.011604576e-05,0,4.043949772e-05,False
2024-05-14,61,random_forest,"{'max_depth': 3, 'min_samples_leaf': 20}",0,0.2103672081,0.6002447484,0.1893880435,0.0001108185483,0,4.03652968e-05,False
2024-05-15,61,random_forest,"{'max_depth': 3, 'min_samples_leaf': 20}",0,0.1866168063,0.6853721759,0.1280110178,-0.0001470839134,0,4.043949772e-05,False
2024-05-16,61,random_forest,"{'max_depth': 3, 'min_samples_leaf': 20}",0,0.2047052527,0.6479851488,0.1473095985,-0.0001737943469,0,4.043949772e-05,False
2024-05-17,61,random_forest,"{'max_depth': 3, 'min_samples_leaf': 20}",0,0.2163212989,0.5983570768,0.1853216243,1.732490381e-05,0,4.051369863e-05,False
2024-05-20,61,random_forest,"{'max_depth': 3, 'min_samples_leaf': 20}",0,0.2201688313,0.5537202049,0.2261109638,0.0003098745544,0,4.043949772e-05,False
2024-05-21,61,random_forest,"{'max_depth': 3, 'min_samples_leaf': 20}",0,0.2148952731,0.5872594875,0.1978452394,0.0001336118563,0,4.043949772e-05,False
2024-05-22,62,random_forest,"{'max_depth': 3, 'min_samples_leaf': 20}",0,0.2050257258,0.539607466,0.2553668082,0.0007074963976,1,4.043949772e-05,False
2024-05-23,62,random_forest,"{'max_depth': 3, 'min_samples_leaf': 20}",0,0.2114737325,0.5216114349,0.2669148326,0.000735533745,1,4.051369863e-05,False
2024-05-24,62,random_forest,"{'max_depth': 3, 'min_samples_leaf': 20}",0,0.2037785843,0.5510042358,0.2452171799,0.0006380196437,1,4.051369863e-05,False
2024-05-28,62,random_forest,"{'max_depth': 3, 'min_samples_leaf': 20}",0,0.2145394686,0.5307391851,0.2547213463,0.0006057713865,1,4.051369863e-05,False
2024-05-29,62,random_forest,"{'max_depth': 3, 'min_samples_leaf': 20}",0,0.2287045771,0.5264886799,0.244806743,0.0003818629897,0,4.051369863e-05,False
2024-05-30,62,random_forest,"{'max_depth': 3, 'min_samples_leaf': 20}",0,0.2620009853,0.3746692713,0.3633297435,0.001003167209,1,4.051369863e-05,False
2024-05-31,62,random_forest,"{'max_depth': 3, 'min_samples_leaf': 20}",0,0.2676356975,0.3413741994,0.3909901031,0.001169829275,1,4.051369863e-05,False
2024-06-03,62,random_forest,"{'max_depth': 3, 'min_samples_leaf': 20}",0,0.2404176327,0.4265658914,0.3330164758,0.0009768130102,1,4.095890411e-05,False
2024-06-04,62,random_forest,"{'max_depth': 3, 'min_samples_leaf': 20}",0,0.2015711747,0.392068372,0.4063604534,0.001964322665,1,4.095890411e-05,False
2024-06-05,62,random_forest,"{'max_depth': 3, 'min_samples_leaf': 20}",0,0.1893440359,0.5711485628,0.2395074013,0.000738234323,1,4.08847032e-05,False
2024-06-06,62,random_forest,"{'max_depth': 3, 'min_samples_leaf': 20}",0,0.1828295542,0.6330931238,0.1840773219,0.0003557937638,0,4.08847032e-05,False
2024-06-07,62,random_forest,"{'max_depth': 3, 'min_samples_leaf': 20}",0,0.1967238458,0.6321586475,0.1711175068,0.0001099916479,0,4.095890411e-05,False
2024-06-10,62,random_forest,"{'max_depth': 3, 'min_samples_leaf': 20}",0,0.2112770446,0.5821168629,0.2066060926,0.000249532632,0,4.095890411e-05,False
2024-06-11,62,random_forest,"{'max_depth': 3, 'min_samples_leaf': 20}",0,0.2047140142,0.6124000235,0.1828859623,0.0001241698038,0,4.095890411e-05,False
2024-06-12,62,random_forest,"{'max_depth': 3, 'min_samples_leaf': 20}",0,0.1826970146,0.6689776262,0.1483253592,6.78464021e-05,0,4.08847032e-05,False
2024-06-13,62,random_forest,"{'max_depth': 3, 'min_samples_leaf': 20}",0,0.1898759976,0.6550322876,0.1550917148,4.977761914e-05,0,4.08847032e-05,False
2024-06-14,62,random_forest,"{'max_depth': 3, 'min_samples_leaf': 20}",0,0.1822309207,0.6593104601,0.1584586192,0.0001545688258,0,4.08847032e-05,False
2024-06-17,62,random_forest,"{'max_depth': 3, 'min_samples_leaf': 20}",0,0.187098874,0.6178565227,0.1950446034,0.0004012313542,0,4.095890411e-05,False
2024-06-18,62,random_forest,"{'max_depth': 3, 'min_samples_leaf': 20}",0,0.1843676996,0.6390279951,0.1766043053,0.0002797227546,0,4.081050228e-05,False
2024-06-20,62,random_forest,"{'max_depth': 3, 'min_samples_leaf': 20}",0,0.2101463677,0.5210075152,0.2688461171,0.0007646250485,1,4.081050228e-05,False
2024-06-21,62,random_forest,"{'max_depth': 3, 'min_samples_leaf': 20}",0,0.2101398635,0.5137998357,0.2760603008,0.0008230655527,1,4.073630137e-05,False
2024-06-24,63,random_forest,"{'max_depth': 3, 'min_samples_leaf': 20}",0,0.2040283075,0.5691897965,0.226781896,0.0004923642986,1,4.081050228e-05,False
2024-06-25,63,random_forest,"{'max_depth': 3, 'min_samples_leaf': 20}",0,0.2079723995,0.5486093331,0.2434182674,0.0005863738838,1,4.073630137e-05,False
2024-06-26,63,random_forest,"{'max_depth': 3, 'min_samples_leaf': 20}",0,0.2067009409,0.5629630858,0.2303359734,0.0004939135092,1,4.081050228e-05,False
2024-06-27,63,random_forest,"{'max_depth': 3, 'min_samples_leaf': 20}",0,0.2059498574,0.5684504151,0.2255997275,0.0004633845077,1,4.073630137e-05,False
2024-06-28,63,random_forest,"{'max_depth': 3, 'min_samples_leaf': 20}",0,0.2310164286,0.460947062,0.3080365094,0.0008732888029,1,4.066210046e-05,False
2024-07-01,63,random_forest,"{'max_depth': 3, 'min_samples_leaf': 20}",0,0.2368129225,0.4663807751,0.2968063024,0.0007241584447,1,4.058789954e-05,False
2024-07-02,63,random_forest,"{'max_depth': 3, 'min_samples_leaf': 20}",0,0.2246801876,0.5225757315,0.2527440809,0.0004922513311,1,2.185502283e-05,False
2024-07-03,63,random_forest,"{'max_depth': 3, 'min_samples_leaf': 20}",0,0.1928188257,0.6423142038,0.1648669705,0.0001073582919,0,4.058789954e-05,False
2024-07-05,63,random_forest,"{'max_depth': 3, 'min_samples_leaf': 20}",0,0.1810823399,0.6670775772,0.1518400829,0.0001213317654,0,4.051369863e-05,False
2024-07-08,63,random_forest,"{'max_depth': 3, 'min_samples_leaf': 20}",0,0.1806691209,0.6587558017,0.1605750774,0.0001958501563,0,4.051369863e-05,False
2024-07-09,63,random_forest,"{'max_depth': 3, 'min_samples_leaf': 20}",0,0.2005240178,0.550884121,0.2485918612,0.0007034669292,1,4.051369863e-05,False
2024-07-10,63,random_forest,"{'max_depth': 3, 'min_samples_leaf': 20}",0,0.1781758769,0.6642470975,0.1575770256,0.0001969611935,0,4.051369863e-05,False
2024-07-11,63,random_forest,"{'max_depth': 3, 'min_samples_leaf': 20}",0,0.2120123962,0.4980385213,0.2899490825,0.0009201195394,1,4.03652968e-05,False
2024-07-12,63,random_forest,"{'max_depth': 3, 'min_samples_leaf': 20}",0,0.2076968223,0.5264305817,0.265872596,0.0007699651112,1,4.029109589e-05,False
2024-07-15,63,random_forest,"{'max_depth': 3, 'min_samples_leaf': 20}",0,0.2068112969,0.5554404296,0.2377482734,0.0005524790191,1,4.029109589e-05,False
2024-07-16,63,random_forest,"{'max_depth': 3, 'min_samples_leaf': 20}",0,0.1720341146,0.6707574012,0.1572084842,0.0002561962824,0,4.029109589e-05,False
2024-07-17,63,random_forest,"{'max_depth': 3, 'min_samples_leaf': 20}",0,0.2276574989,0.4334938303,0.3388486708,0.001155404132,1,4.029109589e-05,False
2024-07-18,63,random_forest,"{'max_depth': 3, 'min_samples_leaf': 20}",0,0.2689926929,0.3304609803,0.4005463267,0.001233553463,1,4.029109589e-05,False
2024-07-19,63,random_forest,"{'max_depth': 3, 'min_samples_leaf': 20}",0,0.2875317963,0.3056150785,0.4068531252,0.001096574874,1,4.029109589e-05,False
2024-07-22,63,random_forest,"{'max_depth': 3, 'min_samples_leaf': 20}",0,0.2531895683,0.3906607401,0.3561496916,0.00103612666,1,4.029109589e-05,False
2024-07-23,63,random_forest,"{'max_depth': 3, 'min_samples_leaf': 20}",0,0.2514820568,0.3967004098,0.3518175334,0.001018537849,1,4.014269406e-05,False
2024-07-24,64,random_forest,"{'max_depth': 3, 'min_samples_leaf': 20}",0,0.2754554874,0.3016140514,0.4229304611,0.001334929505,1,4.006849315e-05,False
2024-07-25,64,random_forest,"{'max_depth': 3, 'min_samples_leaf': 20}",0,0.2723183974,0.3000420427,0.42763956,0.001404376971,1,3.999429224e-05,False
2024-07-26,64,random_forest,"{'max_depth': 3, 'min_samples_leaf': 20}",0,0.2607506017,0.3462829106,0.3929664877,0.001243996163,1,3.992009132e-05,False
2024-07-29,64,random_forest,"{'max_depth': 3, 'min_samples_leaf': 20}",0,0.2441339924,0.3721225476,0.3837434601,0.00133840969,1,4.014269406e-05,False
2024-07-30,64,random_forest,"{'max_depth': 3, 'min_samples_leaf': 20}",0,0.2424984804,0.369972064,0.3875294557,0.001385267453,1,4.006849315e-05,False
2024-07-31,64,random_forest,"{'max_depth': 3, 'min_samples_leaf': 20}",0,0.240698061,0.3883172221,0.3709847169,0.00127108515,1,4.014269406e-05,False
2024-08-01,64,random_forest,"{'max_depth': 3, 'min_samples_leaf': 20}",0,0.2206372408,0.2398577102,0.539505049,0.002822871793,1,3.984589041e-05,False
2024-08-02,64,random_forest,"{'max_depth': 3, 'min_samples_leaf': 20}",0,0.230854236,0.2112727759,0.5578729881,0.002866435949,1,3.925228311e-05,False
2024-08-05,64,random_forest,"{'max_depth': 3, 'min_samples_leaf': 20}",0,0.2334774036,0.2099895177,0.5565330787,0.002829155511,1,3.969748858e-05,False
2024-08-06,64,random_forest,"{'max_depth': 3, 'min_samples_leaf': 20}",0,0.2282199479,0.2113117914,0.5604682607,0.002913875812,1,3.962328767e-05,False
2024-08-07,64,random_forest,"{'max_depth': 3, 'min_samples_leaf': 20}",0,0.2546620698,0.3373365416,0.4080013886,0.001425962822,1,3.962328767e-05,False
2024-08-08,64,random_forest,"{'max_depth': 3, 'min_samples_leaf': 20}",0,0.2366460479,0.4489696023,0.3143843497,0.000859127437,1,3.962328767e-05,False
2024-08-09,64,random_forest,"{'max_depth': 3, 'min_samples_leaf': 20}",0,0.2381619216,0.4627463835,0.2990916949,0.0007213915591,1,3.954908676e-05,False
2024-08-12,64,random_forest,"{'max_depth': 3, 'min_samples_leaf': 20}",0,0.2401613794,0.5128605286,0.246978092,0.000284076894,0,3.954908676e-05,False
2024-08-13,64,random_forest,"{'max_depth': 3, 'min_samples_leaf': 20}",0,0.2255589281,0.5600110439,0.214430028,0.0001714256832,0,3.947488584e-05,False
2024-08-14,64,random_forest,"{'max_depth': 3, 'min_samples_leaf': 20}",0,0.1804579786,0.6263091222,0.1932328992,0.0004583845037,1,3.947488584e-05,False
2024-08-15,64,random_forest,"{'max_depth': 3, 'min_samples_leaf': 20}",0,0.1734898747,0.656865602,0.1696445234,0.0003401486993,0,3.962328767e-05,False
2024-08-16,64,random_forest,"{'max_depth': 3, 'min_samples_leaf': 20}",0,0.1678567469,0.6653616036,0.1667816495,0.0003742665558,0,3.954908676e-05,False
2024-08-19,64,random_forest,"{'max_depth': 3, 'min_samples_leaf': 20}",0,0.1638263985,0.6764305793,0.1597430222,0.000358738749,0,3.940068493e-05,False
2024-08-20,64,random_forest,"{'max_depth': 3, 'min_samples_leaf': 20}",0,0.180357248,0.6217141973,0.1979285547,0.0004969842608,1,3.925228311e-05,False
2024-08-21,64,random_forest,"{'max_depth': 3, 'min_samples_leaf': 20}",0,0.1734415821,0.6459169494,0.1806414685,0.0004286476372,0,3.902968037e-05,False
2024-08-22,65,random_forest,"{'max_depth': 3, 'min_samples_leaf': 20}",0,0.206757378,0.544885309,0.2483573129,0.0006356068415,1,3.917808219e-05,False
2024-08-23,65,random_forest,"{'max_depth': 3, 'min_samples_leaf': 20}",0,0.2019455848,0.5577408928,0.2403135224,0.0006199072685,1,3.895547945e-05,False
2024-08-26,65,random_forest,"{'max_depth': 3, 'min_samples_leaf': 20}",0,0.2032367553,0.5549884174,0.2417748273,0.0006185299903,1,3.888127854e-05,False
2024-08-27,65,random_forest,"{'max_depth': 3, 'min_samples_leaf': 20}",0,0.1898297535,0.5953208833,0.2148493632,0.0005385964588,1,3.880707763e-05,False
2024-08-28,65,random_forest,"{'max_depth': 3, 'min_samples_leaf': 20}",0,0.2224161134,0.5214683727,0.2561155139,0.0005390066695,1,3.86586758e-05,False
2024-08-29,65,random_forest,"{'max_depth': 3, 'min_samples_leaf': 20}",0,0.2012031878,0.5582612836,0.2405355286,0.0006292168616,1,3.873287671e-05,False
2024-08-30,65,random_forest,"{'max_depth': 3, 'min_samples_leaf': 20}",0,0.2041636357,0.5525162949,0.2433200694,0.0006215204083,1,3.86586758e-05,False
2024-09-03,65,random_forest,"{'max_depth': 3, 'min_samples_leaf': 20}",0,0.272213405,0.4102772959,0.3175092991,0.0005262611634,1,3.851027397e-05,False
2024-09-04,65,random_forest,"{'max_depth': 3, 'min_samples_leaf': 20}",0,0.2522133131,0.4389790983,0.3088075887,0.000659325652,1,3.843607306e-05,False
2024-09-05,65,random_forest,"{'max_depth': 3, 'min_samples_leaf': 20}",0,0.2654219868,0.3937253215,0.3408526916,0.0007823234978,1,3.821347032e-05,False
2024-09-06,65,random_forest,"{'max_depth': 3, 'min_samples_leaf': 20}",0,0.2902009704,0.3314911295,0.3783079002,0.0008313572992,1,3.806506849e-05,False
2024-09-09,65,random_forest,"{'max_depth': 3, 'min_samples_leaf': 20}",0,0.2439436885,0.3308883222,0.4251679893,0.00167625587,1,3.791666667e-05,False
2024-09-10,65,random_forest,"{'max_depth': 3, 'min_samples_leaf': 20}",0,0.2492403291,0.3538154825,0.3969441884,0.001396219017,1,3.75456621e-05,False
2024-09-11,65,random_forest,"{'max_depth': 3, 'min_samples_leaf': 20}",0,0.245117991,0.466696297,0.288185712,0.0005659256704,1,3.784246575e-05,False
2024-09-12,65,random_forest,"{'max_depth': 3, 'min_samples_leaf': 20}",0,0.2003411049,0.561623127,0.2380357681,0.0006179152647,1,3.75456621e-05,False
2024-09-13,65,random_forest,"{'max_depth': 3, 'min_samples_leaf': 20}",0,0.1642708943,0.6381395123,0.1975895934,0.000659413414,1,3.687785388e-05,False
2024-09-16,65,random_forest,"{'max_depth': 3, 'min_samples_leaf': 20}",0,0.170597316,0.6224228403,0.2069798437,0.0006705484882,1,3.680365297e-05,False
2024-09-17,65,random_forest,"{'max_depth': 3, 'min_samples_leaf': 20}",0,0.1906942709,0.5894215116,0.2198842175,0.0005702015329,1,3.672945205e-05,False
2024-09-18,65,random_forest,"{'max_depth': 3, 'min_samples_leaf': 20}",0,0.230927868,0.5090929373,0.2599791947,0.0004836621681,1,3.591324201e-05,False
2024-09-19,65,random_forest,"{'max_depth': 3, 'min_samples_leaf': 20}",0,0.1887889722,0.6089377935,0.2022732343,0.0004483077996,1,3.561643836e-05,False
2024-09-20,65,random_forest,"{'max_depth': 3, 'min_samples_leaf': 20}",0,0.1906960571,0.5966205027,0.2126834402,0.0005124425112,1,3.524543379e-05,False
2024-09-23,66,random_forest,"{'max_depth': 3, 'min_samples_leaf': 20}",0,0.1710981682,0.6429074544,0.1859943774,0.000490303557,1,3.502283105e-05,False
2024-09-24,66,random_forest,"{'max_depth': 3, 'min_samples_leaf': 20}",0,0.1973944386,0.5814564162,0.2211491452,0.0005054190846,1,3.480022831e-05,False
2024-09-25,66,random_forest,"{'max_depth': 3, 'min_samples_leaf': 20}",0,0.2026042302,0.5693400032,0.2280557666,0.000507947432,1,3.480022831e-05,False
2024-09-26,66,random_forest,"{'max_depth': 3, 'min_samples_leaf': 20}",0,0.2028113139,0.5677095874,0.2294790986,0.0005172515547,1,3.47260274e-05,False
2024-09-27,66,random_forest,"{'max_depth': 3, 'min_samples_leaf': 20}",0,0.2206102025,0.5441179224,0.235271875,0.0003832589844,0,3.47260274e-05,False
2024-09-30,66,random_forest,"{'max_depth': 3, 'min_samples_leaf': 20}",0,0.2119635723,0.5461975648,0.241838863,0.0005235087289,1,3.509703196e-05,False
2024-10-01,66,random_forest,"{'max_depth': 3, 'min_samples_leaf': 20}",0,0.248264238,0.4891527127,0.2625830493,0.0003217738508,0,3.494863014e-05,False
2024-10-02,66,random_forest,"{'max_depth': 3, 'min_samples_leaf': 20}",0,0.236471875,0.5104776192,0.2530505057,0.0003649258612,0,3.480022831e-05,False
2024-10-03,66,random_forest,"{'max_depth': 3, 'min_samples_leaf': 20}",0,0.2961952184,0.4221475159,0.2816572657,-1.121956134e-05,0,3.47260274e-05,False
2024-10-04,66,random_forest,"{'max_depth': 3, 'min_samples_leaf': 20}",0,0.2343678143,0.528391452,0.2372407337,0.0002595916228,0,3.509703196e-05,False
2024-10-07,66,random_forest,"{'max_depth': 3, 'min_samples_leaf': 20}",0,0.3093757313,0.4213701713,0.2692540974,-0.0002441792501,0,3.539383562e-05,False
2024-10-08,66,random_forest,"{'max_depth': 3, 'min_samples_leaf': 20}",0,0.233182729,0.5272126222,0.2396046488,0.0002905416208,0,3.524543379e-05,False
2024-10-09,66,random_forest,"{'max_depth': 3, 'min_samples_leaf': 20}",0,0.2241786898,0.5338979027,0.2419234075,0.0004003791982,0,3.524543379e-05,False
2024-10-10,66,random_forest,"{'max_depth': 3, 'min_samples_leaf': 20}",0,0.2135553936,0.5688208795,0.2176237269,0.0003133751163,0,3.524543379e-05,False
2024-10-11,66,random_forest,"{'max_depth': 3, 'min_samples_leaf': 20}",0,0.2110643345,0.5691349079,0.2198007576,0.0003560646436,0,3.509703196e-05,False
2024-10-14,66,random_forest,"{'max_depth': 3, 'min_samples_leaf': 20}",0,0.1999779385,0.5970246131,0.2029974484,0.0003338115329,0,3.509703196e-05,False
2024-10-15,66,random_forest,"{'max_depth': 3, 'min_samples_leaf': 20}",0,0.2246963651,0.528380141,0.2469234938,0.0004351904838,1,3.509703196e-05,False
2024-10-16,66,random_forest,"{'max_depth': 3, 'min_samples_leaf': 20}",0,0.232390022,0.5231932636,0.2444167144,0.0003371280157,0,3.502283105e-05,False
2024-10-17,66,random_forest,"{'max_depth': 3, 'min_samples_leaf': 20}",0,0.2230712782,0.5352750844,0.2416536374,0.0004094421529,0,3.517123288e-05,False
2024-10-18,66,random_forest,"{'max_depth': 3, 'min_samples_leaf': 20}",0,0.2182353179,0.5430346522,0.2387300299,0.00043503475,0,3.509703196e-05,False
2024-10-21,66,random_forest,"{'max_depth': 3, 'min_samples_leaf': 20}",0,0.2327638049,0.5229416932,0.2442945019,0.0003323604172,0,3.509703196e-05,False
2024-10-22,67,random_forest,"{'max_depth': 3, 'min_samples_leaf': 20}",0,0.242058937,0.5091508261,0.248790237,0.0002746515635,0,3.502283105e-05,False
2024-10-23,67,random_forest,"{'max_depth': 3, 'min_samples_leaf': 20}",0,0.2997728801,0.4237915933,0.2764355266,-8.893041014e-05,0,3.509703196e-05,False
2024-10-24,67,random_forest,"{'max_depth': 3, 'min_samples_leaf': 20}",0,0.2754127913,0.4583971405,0.2661900682,7.587465538e-05,0,3.487442922e-05,False
2024-10-25,67,random_forest,"{'max_depth': 3, 'min_samples_leaf': 20}",0,0.3024606669,0.4180713937,0.2794679394,-9.195468455e-05,0,3.509703196e-05,False
2024-10-28,67,random_forest,"{'max_depth': 3, 'min_samples_leaf': 20}",0,0.2593516478,0.4898757063,0.2507726459,0.0001154912237,0,3.487442922e-05,False
2024-10-29,67,random_forest,"{'max_depth': 3, 'min_samples_leaf': 20}",0,0.2495568819,0.4897203052,0.260722813,0.0002938983435,0,3.487442922e-05,False
2024-10-30,67,random_forest,"{'max_depth': 3, 'min_samples_leaf': 20}",0,0.2603415329,0.4725213445,0.2671371227,0.0002359083601,0,3.465182648e-05,False
2024-10-31,67,random_forest,"{'max_depth': 3, 'min_samples_leaf': 20}",0,0.3284120792,0.362267394,0.3093205267,-0.0001165823064,0,3.442922374e-05,False
2024-11-01,67,random_forest,"{'max_depth': 3, 'min_samples_leaf': 20}",0,0.3336640323,0.3662921275,0.3000438402,-0.000243659029,0,3.4206621e-05,False
2024-11-04,67,random_forest,"{'max_depth': 3, 'min_samples_leaf': 20}",0,0.2990862507,0.4154363385,0.2854774108,-9.915373384e-06,0,3.450342466e-05,False
2024-11-05,67,random_forest,"{'max_depth': 3, 'min_samples_leaf': 20}",0,0.2433308975,0.5214435683,0.2352255342,0.000153665423,0,3.442922374e-05,False
2024-11-06,67,random_forest,"{'max_depth': 3, 'min_samples_leaf': 20}",0,0.1929777982,0.6024161951,0.2046060067,0.0004190671409,0,3.442922374e-05,False
2024-11-07,67,random_forest,"{'max_depth': 3, 'min_samples_leaf': 20}",0,0.1768617041,0.6270788088,0.1960594871,0.0005140039361,1,3.435502283e-05,False
2024-11-08,67,random_forest,"{'max_depth': 3, 'min_samples_leaf': 20}",0,0.1822086399,0.6153873378,0.2024040223,0.0005104745474,1,3.435502283e-05,False
2024-11-11,67,random_forest,"{'max_depth': 3, 'min_samples_leaf': 20}",0,0.1901512483,0.6010083489,0.2088404028,0.0004814151819,1,3.435502283e-05,False
2024-11-12,67,random_forest,"{'max_depth': 3, 'min_samples_leaf': 20}",0,0.1979687746,0.564616277,0.2374149483,0.0006300727198,1,3.435502283e-05,False
2024-11-13,67,random_forest,"{'max_depth': 3, 'min_samples_leaf': 20}",0,0.1999174128,0.5576872033,0.2423953839,0.0006500535076,1,3.413242009e-05,False
2024-11-14,67,random_forest,"{'max_depth': 3, 'min_samples_leaf': 20}",0,0.2145101041,0.5352612714,0.2502286245,0.0005648447582,1,3.4206621e-05,False
2024-11-15,67,random_forest,"{'max_depth': 3, 'min_samples_leaf': 20}",0,0.2882844489,0.4300093866,0.2817061644,6.93145665e-05,0,3.413242009e-05,False
2024-11-18,67,random_forest,"{'max_depth': 3, 'min_samples_leaf': 20}",0,0.2687730069,0.4663051506,0.2649218425,0.0001329451191,0,3.435502283e-05,False
2024-11-19,67,random_forest,"{'max_depth': 3, 'min_samples_leaf': 20}",0,0.2649736563,0.4638752719,0.2711510718,0.0002210353254,0,3.428082192e-05,False
2024-11-20,68,random_forest,"{'max_depth': 3, 'min_samples_leaf': 20}",0,0.2616912515,0.4579333435,0.280375405,0.0003217449742,0,3.428082192e-05,False
2024-11-21,68,random_forest,"{'max_depth': 3, 'min_samples_leaf': 20}",0,0.2250448957,0.5311434824,0.243811622,0.0003988809224,0,3.435502283e-05,False
2024-11-22,68,random_forest,"{'max_depth': 3, 'min_samples_leaf': 20}",0,0.2134385993,0.5478030675,0.2387583333,0.0004754146596,1,3.435502283e-05,False
2024-11-25,68,random_forest,"{'max_depth': 3, 'min_samples_leaf': 20}",0,0.1975497671,0.5613887427,0.2410614902,0.0006537996531,1,3.428082192e-05,False
2024-11-26,68,random_forest,"{'max_depth': 3, 'min_samples_leaf': 20}",0,0.1975249435,0.567173107,0.2353019495,0.0006080711595,1,3.4206621e-05,False
2024-11-27,68,random_forest,"{'max_depth': 3, 'min_samples_leaf': 20}",0,0.2049210505,0.5330285046,0.2620504448,0.0007471266149,1,1.837899543e-05,False
2024-11-29,68,random_forest,"{'max_depth': 3, 'min_samples_leaf': 20}",0,0.1900401193,0.5556764185,0.2542834621,0.0008349721367,1,3.398401826e-05,False
2024-12-02,68,random_forest,"{'max_depth': 3, 'min_samples_leaf': 20}",0,0.2005221508,0.5188458981,0.280631951,0.0009397594025,1,3.346461187e-05,False
2024-12-03,68,random_forest,"{'max_depth': 3, 'min_samples_leaf': 20}",0,0.1989605451,0.5581438136,0.2428956412,0.0006542353104,1,3.331621005e-05,False
2024-12-04,68,random_forest,"{'max_depth': 3, 'min_samples_leaf': 20}",0,0.1913267657,0.5780694658,0.2306037685,0.0006329805375,1,3.316780822e-05,False
2024-12-05,68,random_forest,"{'max_depth': 3, 'min_samples_leaf': 20}",0,0.2040674781,0.5507637742,0.2451687477,0.0006209552614,1,3.309360731e-05,False
2024-12-06,68,random_forest,"{'max_depth': 3, 'min_samples_leaf': 20}",0,0.2049301227,0.5445849261,0.2504849511,0.0006547078194,1,3.279680365e-05,False
2024-12-09,68,random_forest,"{'max_depth': 3, 'min_samples_leaf': 20}",0,0.2169731311,0.527997164,0.2550297049,0.0005697167995,1,3.279680365e-05,False
2024-12-10,68,random_forest,"{'max_depth': 3, 'min_samples_leaf': 20}",0,0.2297218833,0.5126978504,0.2575802663,0.0004616993595,1,3.272260274e-05,False
2024-12-11,68,random_forest,"{'max_depth': 3, 'min_samples_leaf': 20}",0,0.2182816158,0.5211082848,0.2606100994,0.0006010888361,1,3.25e-05,False
2024-12-12,68,random_forest,"{'max_depth': 3, 'min_samples_leaf': 20}",0,0.2314478032,0.5099410324,0.2586111645,0.0004525491966,1,3.227739726e-05,False
2024-12-13,68,random_forest,"{'max_depth': 3, 'min_samples_leaf': 20}",0,0.2454155742,0.5033744745,0.2512099513,0.000252811259,0,3.220319635e-05,False
2024-12-16,68,random_forest,"{'max_depth': 3, 'min_samples_leaf': 20}",0,0.2503152381,0.4740603586,0.2756244032,0.0003983729447,0,3.242579909e-05,False
2024-12-17,68,random_forest,"{'max_depth': 3, 'min_samples_leaf': 20}",0,0.261068528,0.4659489774,0.2729824947,0.0002689980663,0,3.25e-05,False
2024-12-18,68,random_forest,"{'max_depth': 3, 'min_samples_leaf': 20}",0,0.3164161124,0.3826568874,0.3009270002,-6.526505848e-05,0,3.235159817e-05,False
2024-12-19,68,random_forest,"{'max_depth': 3, 'min_samples_leaf': 20}",0,0.3387098004,0.3648042354,0.2964859642,-0.0003252129851,0,3.227739726e-05,False
2024-12-20,69,random_forest,"{'max_depth': 3, 'min_samples_leaf': 20}",0,0.3270756455,0.3527079641,0.3202163904,-2.931290247e-05,0,3.220319635e-05,False
2024-12-23,69,random_forest,"{'max_depth': 3, 'min_samples_leaf': 20}",0,0.3008357464,0.4078741226,0.291290131,3.910000525e-06,0,1.742009132e-05,False
2024-12-24,69,random_forest,"{'max_depth': 3, 'min_samples_leaf': 20}",0,0.2190751219,0.542681393,0.238243485,0.0004031033209,0,3.264840183e-05,False
2024-12-26,69,random_forest,"{'max_depth': 3, 'min_samples_leaf': 20}",0,0.2196766596,0.5412647498,0.2390585906,0.0004035534754,0,3.227739726e-05,False
2024-12-27,69,random_forest,"{'max_depth': 3, 'min_samples_leaf': 20}",0,0.2744210625,0.4446788005,0.280900137,0.000186680409,0,3.198059361e-05,False
2024-12-30,69,random_forest,"{'max_depth': 3, 'min_samples_leaf': 20}",0,0.3005211188,0.3824229233,0.317055958,0.0002125051054,0,3.242579909e-05,False
2024-12-31,69,random_forest,"{'max_depth': 3, 'min_samples_leaf': 20}",0,0.3005930117,0.3833904859,0.3160165024,0.0002034945956,0,3.242579909e-05,False
2025-01-02,69,random_forest,"{'max_depth': 3, 'min_samples_leaf': 20}",0,0.302115605,0.384235073,0.313649322,0.0001693107511,0,3.235159817e-05,False
2025-01-03,69,random_forest,"{'max_depth': 3, 'min_samples_leaf': 20}",0,0.2385124509,0.5197591862,0.2417283629,0.0002354383404,0,3.220319635e-05,False
2025-01-06,69,random_forest,"{'max_depth': 3, 'min_samples_leaf': 20}",0,0.2230367841,0.5458592782,0.2311039377,0.0003063435142,0,3.227739726e-05,False
2025-01-07,69,random_forest,"{'max_depth': 3, 'min_samples_leaf': 20}",0,0.2847173613,0.441483561,0.2737990778,2.653021034e-05,0,3.227739726e-05,False
2025-01-08,69,random_forest,"{'max_depth': 3, 'min_samples_leaf': 20}",0,0.2858612784,0.4358988399,0.2782398817,5.043428343e-05,0,3.227739726e-05,False
2025-01-10,69,random_forest,"{'max_depth': 3, 'min_samples_leaf': 20}",0,0.3245668187,0.3621715313,0.3132616501,-5.953593301e-05,0,3.235159817e-05,False
2025-01-13,69,random_forest,"{'max_depth': 3, 'min_samples_leaf': 20}",0,0.3413522111,0.3608391476,0.2978086413,-0.0003515267604,0,3.242579909e-05,False
2025-01-14,69,random_forest,"{'max_depth': 3, 'min_samples_leaf': 20}",0,0.3200491222,0.3819069483,0.2980439295,-0.0001354398805,0,3.235159817e-05,False
2025-01-15,69,random_forest,"{'max_depth': 3, 'min_samples_leaf': 20}",0,0.2022068339,0.5812526862,0.2165404799,0.0003996821314,0,3.227739726e-05,False
2025-01-16,69,random_forest,"{'max_depth': 3, 'min_samples_leaf': 20}",0,0.2108532599,0.5631798768,0.2259668634,0.0003878956475,0,3.220319635e-05,False
2025-01-17,69,random_forest,"{'max_depth': 3, 'min_samples_leaf': 20}",0,0.1859927616,0.5895861983,0.2244210401,0.000625552842,1,3.220319635e-05,False
2025-01-21,69,random_forest,"{'max_depth': 3, 'min_samples_leaf': 20}",0,0.163369896,0.6372489651,0.199381139,0.0006533910576,1,3.235159817e-05,False
2025-01-22,69,random_forest,"{'max_depth': 3, 'min_samples_leaf': 20}",0,0.1644437941,0.6369657499,0.198590456,0.0006362884609,1,3.235159817e-05,False
2025-01-23,69,random_forest,"{'max_depth': 3, 'min_samples_leaf': 20}",0,0.1637283811,0.657761161,0.1785104579,0.000483384034,1,3.235159817e-05,False
2025-01-24,70,random_forest,"{'max_depth': 3, 'min_samples_leaf': 20}",0,0.1790369243,0.6270119165,0.1939511592,0.0004496645985,1,3.227739726e-05,False
2025-01-27,70,random_forest,"{'max_depth': 3, 'min_samples_leaf': 20}",0,0.2196868194,0.5281130139,0.2522001667,0.0005056135646,1,3.205479452e-05,False
2025-01-28,70,random_forest,"{'max_depth': 3, 'min_samples_leaf': 20}",0,0.1983553801,0.5730187177,0.2286259022,0.0005319855918,1,3.198059361e-05,False
2025-01-29,70,random_forest,"{'max_depth': 3, 'min_samples_leaf': 20}",0,0.2067475698,0.5562187678,0.2370336624,0.0005147017407,1,3.198059361e-05,False
2025-01-30,70,random_forest,"{'max_depth': 3, 'min_samples_leaf': 20}",0,0.2004192459,0.5690252538,0.2305555003,0.0005266343615,1,3.190639269e-05,False
2025-01-31,70,random_forest,"{'max_depth': 3, 'min_samples_leaf': 20}",0,0.2247655225,0.5125056428,0.2627288347,0.0005385163362,1,3.198059361e-05,False
2025-02-03,70,random_forest,"{'max_depth': 3, 'min_samples_leaf': 20}",0,0.2470380166,0.4544716298,0.2984903536,0.0005998272209,1,3.220319635e-05,False
2025-02-04,70,random_forest,"{'max_depth': 3, 'min_samples_leaf': 20}",0,0.2264909984,0.4920528422,0.2814561594,0.0006704460446,1,3.212899543e-05,False
2025-02-05,70,random_forest,"{'max_depth': 3, 'min_samples_leaf': 20}",0,0.2018945124,0.5523906272,0.2457148603,0.0006326397633,1,3.212899543e-05,False
2025-02-06,70,random_forest,"{'max_depth': 3, 'min_samples_leaf': 20}",0,0.1942484429,0.5844283317,0.2213232254,0.0005150338068,1,3.220319635e-05,False
2025-02-07,70,random_forest,"{'max_depth': 3, 'min_samples_leaf': 20}",0,0.2159104056,0.5182854114,0.265804183,0.0006519732499,1,3.227739726e-05,False
2025-02-10,70,random_forest,"{'max_depth': 3, 'min_samples_leaf': 20}",0,0.2071251872,0.5510431869,0.241831626,0.0005491496811,1,3.227739726e-05,False
2025-02-11,70,random_forest,"{'max_depth': 3, 'min_samples_leaf': 20}",0,0.2098486817,0.5453441485,0.2448071698,0.0005455092195,1,3.227739726e-05,False
2025-02-12,70,random_forest,"{'max_depth': 3, 'min_samples_leaf': 20}",0,0.221682182,0.5278600433,0.2504577747,0.0004716837621,1,3.227739726e-05,False
2025-02-13,70,random_forest,"{'max_depth': 3, 'min_samples_leaf': 20}",0,0.1951265209,0.5812472845,0.2236261946,0.0005245691348,1,3.220319635e-05,False
2025-02-14,70,random_forest,"{'max_depth': 3, 'min_samples_leaf': 20}",0,0.2007816154,0.5645390424,0.2346793422,0.0005558625464,1,3.220319635e-05,False
2025-02-18,70,random_forest,"{'max_depth': 3, 'min_samples_leaf': 20}",0,0.1825536466,0.6157835797,0.2016627737,0.0004758041588,1,3.220319635e-05,False
2025-02-19,70,random_forest,"{'max_depth': 3, 'min_samples_leaf': 20}",0,0.1968145152,0.5728956834,0.2302898014,0.0005607245635,1,3.220319635e-05,False
2025-02-20,70,random_forest,"{'max_depth': 3, 'min_samples_leaf': 20}",0,0.2131010149,0.523245381,0.2636536041,0.0006630516706,1,3.212899543e-05,False
2025-02-21,70,random_forest,"{'max_depth': 3, 'min_samples_leaf': 20}",0,0.2521002946,0.405795099,0.3421046065,0.0008965951338,1,3.205479452e-05,False
2025-02-24,70,random_forest,"{'max_depth': 3, 'min_samples_leaf': 20}",0,0.2461704096,0.4167101076,0.3371194828,0.0009164254947,1,3.198059361e-05,False
2025-02-25,71,random_forest,"{'max_depth': 3, 'min_samples_leaf': 20}",0,0.2416821756,0.3335514262,0.4247663982,0.001660335215,1,3.190639269e-05,False
2025-02-26,71,random_forest,"{'max_depth': 3, 'min_samples_leaf': 20}",0,0.2291258949,0.3564491377,0.4144249673,0.001704325277,1,3.198059361e-05,False
2025-02-27,71,random_forest,"{'max_depth': 3, 'min_samples_leaf': 20}",0,0.2420899106,0.3289311347,0.4289789547,0.001689755068,1,3.205479452e-05,False
2025-02-28,71,random_forest,"{'max_depth': 3, 'min_samples_leaf': 20}",0,0.252874845,0.3803416737,0.3667834813,0.001086383288,1,3.205479452e-05,False
2025-03-03,71,random_forest,"{'max_depth': 3, 'min_samples_leaf': 20}",0,0.2454523355,0.3339579961,0.4205896684,0.001589182959,1,3.227739726e-05,False
2025-03-04,71,random_forest,"{'max_depth': 3, 'min_samples_leaf': 20}",0,0.259087094,0.3942765292,0.3466363768,0.0008635899996,1,3.220319635e-05,False
2025-03-05,71,random_forest,"{'max_depth': 3, 'min_samples_leaf': 20}",0,0.2631754298,0.4044774935,0.3323470768,0.0007087692859,1,3.227739726e-05,False
2025-03-06,71,random_forest,"{'max_depth': 3, 'min_samples_leaf': 20}",0,0.2655716526,0.403803468,0.3306248795,0.0006709662434,1,3.220319635e-05,False
2025-03-07,71,random_forest,"{'max_depth': 3, 'min_samples_leaf': 20}",0,0.2611234437,0.4116112897,0.3272652666,0.0006889689276,1,3.220319635e-05,False
2025-03-10,71,random_forest,"{'max_depth': 3, 'min_samples_leaf': 20}",0,0.2668546203,0.401836186,0.3313091937,0.0006635085938,1,3.212899543e-05,False
2025-03-11,71,random_forest,"{'max_depth': 3, 'min_samples_leaf': 20}",0,0.2664294495,0.4043624486,0.3292081019,0.0006510656062,1,3.220319635e-05,False
2025-03-12,71,random_forest,"{'max_depth': 3, 'min_samples_leaf': 20}",0,0.2597319252,0.4226201379,0.3176479369,0.0006264357946,1,3.227739726e-05,False
2025-03-13,71,random_forest,"{'max_depth': 3, 'min_samples_leaf': 20}",0,0.2570432529,0.4220189802,0.3209377669,0.0006796541174,1,3.220319635e-05,False
2025-03-14,71,random_forest,"{'max_depth': 3, 'min_samples_leaf': 20}",0,0.2379941568,0.4705383384,0.2914675048,0.0006367296112,1,3.212899543e-05,False
2025-03-17,71,random_forest,"{'max_depth': 3, 'min_samples_leaf': 20}",0,0.2359209772,0.5001307889,0.2639482339,0.0004386012842,1,3.220319635e-05,False
2025-03-18,71,random_forest,"{'max_depth': 3, 'min_samples_leaf': 20}",0,0.2309659973,0.5021892584,0.2668447443,0.0005114823249,1,3.220319635e-05,False
2025-03-19,71,random_forest,"{'max_depth': 3, 'min_samples_leaf': 20}",0,0.230979214,0.4980614815,0.2709593044,0.0005440901017,1,3.212899543e-05,False
2025-03-20,71,random_forest,"{'max_depth': 3, 'min_samples_leaf': 20}",0,0.2285114698,0.5086952336,0.2627932966,0.000503929245,1,3.212899543e-05,False
2025-03-21,71,random_forest,"{'max_depth': 3, 'min_samples_leaf': 20}",0,0.233935706,0.4859971919,0.2800671022,0.0005868296619,1,3.212899543e-05,False
2025-03-24,71,random_forest,"{'max_depth': 3, 'min_samples_leaf': 20}",0,0.1969894797,0.6048377111,0.1981728092,0.0003067456973,0,3.212899543e-05,False
2025-03-25,71,random_forest,"{'max_depth': 3, 'min_samples_leaf': 20}",0,0.187812395,0.6254583098,0.1867292952,0.0003079812834,0,3.212899543e-05,False
2025-03-26,72,majority_baseline,{},0,0.2431879154,0.5034699065,0.2533421782,0.000268733432,0,3.212899543e-05,False
2025-03-27,72,majority_baseline,{},0,0.2431879154,0.5034699065,0.2533421782,0.000268733432,0,3.212899543e-05,False
2025-03-28,72,majority_baseline,{},0,0.2431879154,0.5034699065,0.2533421782,0.000268733432,0,3.212899543e-05,False
2025-03-31,72,majority_baseline,{},0,0.2431879154,0.5034699065,0.2533421782,0.000268733432,0,3.205479452e-05,False
2025-04-01,72,majority_baseline,{},0,0.2431879154,0.5034699065,0.2533421782,0.000268733432,0,3.205479452e-05,False
2025-04-02,72,majority_baseline,{},0,0.2431879154,0.5034699065,0.2533421782,0.000268733432,0,3.205479452e-05,False
2025-04-03,72,majority_baseline,{},0,0.2431879154,0.5034699065,0.2533421782,0.000268733432,0,3.198059361e-05,False
2025-04-04,72,majority_baseline,{},0,0.2431879154,0.5034699065,0.2533421782,0.000268733432,0,3.175799087e-05,False
2025-04-07,72,majority_baseline,{},0,0.2431879154,0.5034699065,0.2533421782,0.000268733432,0,3.183219178e-05,False
2025-04-08,72,majority_baseline,{},0,0.2431879154,0.5034699065,0.2533421782,0.000268733432,0,3.198059361e-05,False
2025-04-09,72,majority_baseline,{},0,0.2431879154,0.5034699065,0.2533421782,0.000268733432,0,3.227739726e-05,False
2025-04-10,72,majority_baseline,{},0,0.2431879154,0.5034699065,0.2533421782,0.000268733432,0,3.220319635e-05,False
2025-04-11,72,majority_baseline,{},0,0.2431879154,0.5034699065,0.2533421782,0.000268733432,0,3.220319635e-05,False
2025-04-14,72,majority_baseline,{},0,0.2431879154,0.5034699065,0.2533421782,0.000268733432,0,3.212899543e-05,False
2025-04-15,72,majority_baseline,{},0,0.2431879154,0.5034699065,0.2533421782,0.000268733432,0,3.212899543e-05,False
2025-04-16,72,majority_baseline,{},0,0.2431879154,0.5034699065,0.2533421782,0.000268733432,0,3.212899543e-05,False
2025-04-17,72,majority_baseline,{},0,0.2431879154,0.5034699065,0.2533421782,0.000268733432,0,3.220319635e-05,False
2025-04-21,72,majority_baseline,{},0,0.2431879154,0.5034699065,0.2533421782,0.000268733432,0,3.220319635e-05,False
2025-04-22,72,majority_baseline,{},0,0.2431879154,0.5034699065,0.2533421782,0.000268733432,0,3.212899543e-05,False
2025-04-23,72,majority_baseline,{},0,0.2431879154,0.5034699065,0.2533421782,0.000268733432,0,3.212899543e-05,False
2025-04-24,72,majority_baseline,{},0,0.2431879154,0.5034699065,0.2533421782,0.000268733432,0,3.205479452e-05,False
2025-04-25,73,majority_baseline,{},0,0.2564676382,0.4902700146,0.2532623472,0.0001581739309,0,3.205479452e-05,False
2025-04-28,73,majority_baseline,{},0,0.2564676382,0.4902700146,0.2532623472,0.0001581739309,0,3.205479452e-05,False
2025-04-29,73,majority_baseline,{},0,0.2564676382,0.4902700146,0.2532623472,0.0001581739309,0,3.198059361e-05,False
2025-04-30,73,majority_baseline,{},0,0.2564676382,0.4902700146,0.2532623472,0.0001581739309,0,3.198059361e-05,False
2025-05-01,73,majority_baseline,{},0,0.2564676382,0.4902700146,0.2532623472,0.0001581739309,0,3.198059361e-05,False
2025-05-02,73,majority_baseline,{},0,0.2564676382,0.4902700146,0.2532623472,0.0001581739309,0,3.212899543e-05,False
2025-05-05,73,majority_baseline,{},0,0.2564676382,0.4902700146,0.2532623472,0.0001581739309,0,3.212899543e-05,False
2025-05-06,73,majority_baseline,{},0,0.2564676382,0.4902700146,0.2532623472,0.0001581739309,0,3.212899543e-05,False
2025-05-07,73,majority_baseline,{},0,0.2564676382,0.4902700146,0.2532623472,0.0001581739309,0,3.220319635e-05,False
2025-05-08,73,majority_baseline,{},0,0.2564676382,0.4902700146,0.2532623472,0.0001581739309,0,3.220319635e-05,False
2025-05-09,73,majority_baseline,{},0,0.2564676382,0.4902700146,0.2532623472,0.0001581739309,0,3.220319635e-05,False
2025-05-12,73,majority_baseline,{},0,0.2564676382,0.4902700146,0.2532623472,0.0001581739309,0,3.279680365e-05,False
2025-05-13,73,majority_baseline,{},0,0.2564676382,0.4902700146,0.2532623472,0.0001581739309,0,3.272260274e-05,False
2025-05-14,73,majority_baseline,{},0,0.2564676382,0.4902700146,0.2532623472,0.0001581739309,0,3.272260274e-05,False
2025-05-15,73,majority_baseline,{},0,0.2564676382,0.4902700146,0.2532623472,0.0001581739309,0,3.25e-05,False
2025-05-16,73,majority_baseline,{},0,0.2564676382,0.4902700146,0.2532623472,0.0001581739309,0,3.242579909e-05,False
2025-05-19,73,majority_baseline,{},0,0.2564676382,0.4902700146,0.2532623472,0.0001581739309,0,3.257420091e-05,False
2025-05-20,73,majority_baseline,{},0,0.2564676382,0.4902700146,0.2532623472,0.0001581739309,0,3.25e-05,False
2025-05-21,73,majority_baseline,{},0,0.2564676382,0.4902700146,0.2532623472,0.0001581739309,0,3.235159817e-05,False
2025-05-22,73,majority_baseline,{},0,0.2564676382,0.4902700146,0.2532623472,0.0001581739309,0,3.242579909e-05,False
2025-05-23,73,majority_baseline,{},0,0.2564676382,0.4902700146,0.2532623472,0.0001581739309,0,3.235159817e-05,False
2025-05-27,74,majority_baseline,{},0,0.2433329277,0.5000278753,0.2566391971,0.00034204107,0,3.227739726e-05,False
2025-05-28,74,majority_baseline,{},0,0.2433329277,0.5000278753,0.2566391971,0.00034204107,0,3.227739726e-05,False
2025-05-29,74,majority_baseline,{},0,0.2433329277,0.5000278753,0.2566391971,0.00034204107,0,3.235159817e-05,False
2025-05-30,74,majority_baseline,{},0,0.2433329277,0.5000278753,0.2566391971,0.00034204107,0,3.235159817e-05,False
2025-06-02,74,majority_baseline,{},0,0.2433329277,0.5000278753,0.2566391971,0.00034204107,0,3.294520548e-05,False
2025-06-03,74,majority_baseline,{},0,0.2433329277,0.5000278753,0.2566391971,0.00034204107,0,3.287100457e-05,False
2025-06-04,74,majority_baseline,{},0,0.2433329277,0.5000278753,0.2566391971,0.00034204107,0,3.294520548e-05,False
2025-06-05,74,majority_baseline,{},0,0.2433329277,0.5000278753,0.2566391971,0.00034204107,0,3.294520548e-05,False
2025-06-06,74,majority_baseline,{},0,0.2433329277,0.5000278753,0.2566391971,0.00034204107,0,3.287100457e-05,False
2025-06-09,74,majority_baseline,{},0,0.2433329277,0.5000278753,0.2566391971,0.00034204107,0,3.294520548e-05,False
2025-06-10,74,majority_baseline,{},0,0.2433329277,0.5000278753,0.2566391971,0.00034204107,0,3.301940639e-05,False
2025-06-11,74,majority_baseline,{},0,0.2433329277,0.5000278753,0.2566391971,0.00034204107,0,3.301940639e-05,False
2025-06-12,74,majority_baseline,{},0,0.2433329277,0.5000278753,0.2566391971,0.00034204107,0,3.309360731e-05,False
2025-06-13,74,majority_baseline,{},0,0.2433329277,0.5000278753,0.2566391971,0.00034204107,0,3.301940639e-05,False
2025-06-16,74,majority_baseline,{},0,0.2433329277,0.5000278753,0.2566391971,0.00034204107,0,3.287100457e-05,False
2025-06-17,74,majority_baseline,{},0,0.2433329277,0.5000278753,0.2566391971,0.00034204107,0,3.279680365e-05,False
2025-06-18,74,majority_baseline,{},0,0.2433329277,0.5000278753,0.2566391971,0.00034204107,0,3.279680365e-05,False
2025-06-20,74,majority_baseline,{},0,0.2433329277,0.5000278753,0.2566391971,0.00034204107,0,3.257420091e-05,False
2025-06-23,74,majority_baseline,{},0,0.2433329277,0.5000278753,0.2566391971,0.00034204107,0,3.25e-05,False
2025-06-24,74,majority_baseline,{},0,0.2433329277,0.5000278753,0.2566391971,0.00034204107,0,3.25e-05,False
2025-06-25,74,majority_baseline,{},0,0.2433329277,0.5000278753,0.2566391971,0.00034204107,0,3.25e-05,False
2025-06-26,75,majority_baseline,{},0,0.2466659299,0.4966665463,0.2566675238,0.0003083368909,0,3.257420091e-05,False
2025-06-27,75,majority_baseline,{},0,0.2466659299,0.4966665463,0.2566675238,0.0003083368909,0,3.257420091e-05,False
2025-06-30,75,majority_baseline,{},0,0.2466659299,0.4966665463,0.2566675238,0.0003083368909,0,3.272260274e-05,False
2025-07-01,75,majority_baseline,{},0,0.2466659299,0.4966665463,0.2566675238,0.0003083368909,0,3.264840183e-05,False
2025-07-02,75,majority_baseline,{},0,0.2466659299,0.4966665463,0.2566675238,0.0003083368909,0,1.761986301e-05,False
2025-07-03,75,majority_baseline,{},0,0.2466659299,0.4966665463,0.2566675238,0.0003083368909,0,3.279680365e-05,False
2025-07-07,75,majority_baseline,{},0,0.2466659299,0.4966665463,0.2566675238,0.0003083368909,0,3.279680365e-05,False
2025-07-08,75,majority_baseline,{},0,0.2466659299,0.4966665463,0.2566675238,0.0003083368909,0,3.279680365e-05,False
2025-07-09,75,majority_baseline,{},0,0.2466659299,0.4966665463,0.2566675238,0.0003083368909,0,3.279680365e-05,False
2025-07-10,75,majority_baseline,{},0,0.2466659299,0.4966665463,0.2566675238,0.0003083368909,0,3.279680365e-05,False
2025-07-11,75,majority_baseline,{},0,0.2466659299,0.4966665463,0.2566675238,0.0003083368909,0,3.272260274e-05,False
2025-07-14,75,majority_baseline,{},0,0.2466659299,0.4966665463,0.2566675238,0.0003083368909,0,3.279680365e-05,False
2025-07-15,75,majority_baseline,{},0,0.2466659299,0.4966665463,0.2566675238,0.0003083368909,0,3.279680365e-05,False
2025-07-16,75,majority_baseline,{},0,0.2466659299,0.4966665463,0.2566675238,0.0003083368909,0,3.272260274e-05,False
2025-07-17,75,majority_baseline,{},0,0.2466659299,0.4966665463,0.2566675238,0.0003083368909,0,3.272260274e-05,False
2025-07-18,75,majority_baseline,{},0,0.2466659299,0.4966665463,0.2566675238,0.0003083368909,0,3.264840183e-05,False
2025-07-21,75,majority_baseline,{},0,0.2466659299,0.4966665463,0.2566675238,0.0003083368909,0,3.272260274e-05,False
2025-07-22,75,majority_baseline,{},0,0.2466659299,0.4966665463,0.2566675238,0.0003083368909,0,3.272260274e-05,False
2025-07-23,75,majority_baseline,{},0,0.2466659299,0.4966665463,0.2566675238,0.0003083368909,0,3.272260274e-05,False
2025-07-24,75,majority_baseline,{},0,0.2466659299,0.4966665463,0.2566675238,0.0003083368909,0,3.279680365e-05,False
2025-07-25,75,majority_baseline,{},0,0.2466659299,0.4966665463,0.2566675238,0.0003083368909,0,3.279680365e-05,False
2025-07-28,76,majority_baseline,{},0,0.2433346021,0.5033336717,0.2533317262,0.000320412279,0,3.264840183e-05,False
2025-07-29,76,majority_baseline,{},0,0.2433346021,0.5033336717,0.2533317262,0.000320412279,0,3.264840183e-05,False
2025-07-30,76,majority_baseline,{},0,0.2433346021,0.5033336717,0.2533317262,0.000320412279,0,3.272260274e-05,False
2025-07-31,76,majority_baseline,{},0,0.2433346021,0.5033336717,0.2533317262,0.000320412279,0,3.272260274e-05,False
2025-08-01,76,majority_baseline,{},0,0.2433346021,0.5033336717,0.2533317262,0.000320412279,0,3.227739726e-05,False
2025-08-04,76,majority_baseline,{},0,0.2433346021,0.5033336717,0.2533317262,0.000320412279,0,3.227739726e-05,False
2025-08-05,76,majority_baseline,{},0,0.2433346021,0.5033336717,0.2533317262,0.000320412279,0,3.220319635e-05,False
2025-08-06,76,majority_baseline,{},0,0.2433346021,0.5033336717,0.2533317262,0.000320412279,0,3.205479452e-05,False
2025-08-07,76,majority_baseline,{},0,0.2433346021,0.5033336717,0.2533317262,0.000320412279,0,3.205479452e-05,False
2025-08-08,76,majority_baseline,{},0,0.2433346021,0.5033336717,0.2533317262,0.000320412279,0,3.205479452e-05,False
2025-08-11,76,majority_baseline,{},0,0.2433346021,0.5033336717,0.2533317262,0.000320412279,0,3.220319635e-05,False
2025-08-12,76,majority_baseline,{},0,0.2433346021,0.5033336717,0.2533317262,0.000320412279,0,3.212899543e-05,False
2025-08-13,76,majority_baseline,{},0,0.2433346021,0.5033336717,0.2533317262,0.000320412279,0,3.183219178e-05,False
2025-08-14,76,majority_baseline,{},0,0.2433346021,0.5033336717,0.2533317262,0.000320412279,0,3.190639269e-05,False
2025-08-15,76,majority_baseline,{},0,0.2433346021,0.5033336717,0.2533317262,0.000320412279,0,3.190639269e-05,False
2025-08-18,76,majority_baseline,{},0,0.2433346021,0.5033336717,0.2533317262,0.000320412279,0,3.212899543e-05,False
2025-08-19,76,majority_baseline,{},0,0.2433346021,0.5033336717,0.2533317262,0.000320412279,0,3.190639269e-05,False
2025-08-20,76,majority_baseline,{},0,0.2433346021,0.5033336717,0.2533317262,0.000320412279,0,3.190639269e-05,False
2025-08-21,76,majority_baseline,{},0,0.2433346021,0.5033336717,0.2533317262,0.000320412279,0,3.205479452e-05,False
2025-08-22,76,majority_baseline,{},0,0.2433346021,0.5033336717,0.2533317262,0.000320412279,0,3.168378995e-05,False
2025-08-25,76,majority_baseline,{},0,0.2433346021,0.5033336717,0.2533317262,0.000320412279,0,3.183219178e-05,False
2025-08-26,77,majority_baseline,{},0,0.2633111004,0.4866733472,0.2500155524,8.625670077e-05,0,3.175799087e-05,False
2025-08-27,77,majority_baseline,{},0,0.2633111004,0.4866733472,0.2500155524,8.625670077e-05,0,3.160958904e-05,False
2025-08-28,77,majority_baseline,{},0,0.2633111004,0.4866733472,0.2500155524,8.625670077e-05,0,3.160958904e-05,False
2025-08-29,77,majority_baseline,{},0,0.2633111004,0.4866733472,0.2500155524,8.625670077e-05,0,3.13869863e-05,False
2025-09-02,77,majority_baseline,{},0,0.2633111004,0.4866733472,0.2500155524,8.625670077e-05,0,3.116438356e-05,False
2025-09-03,77,majority_baseline,{},0,0.2633111004,0.4866733472,0.2500155524,8.625670077e-05,0,3.101598174e-05,False
2025-09-04,77,majority_baseline,{},0,0.2633111004,0.4866733472,0.2500155524,8.625670077e-05,0,3.086757991e-05,False
2025-09-05,77,majority_baseline,{},0,0.2633111004,0.4866733472,0.2500155524,8.625670077e-05,0,3.019977169e-05,False
2025-09-08,77,majority_baseline,{},0,0.2633111004,0.4866733472,0.2500155524,8.625670077e-05,0,3.042237443e-05,False
2025-09-09,77,majority_baseline,{},0,0.2633111004,0.4866733472,0.2500155524,8.625670077e-05,0,3.042237443e-05,False
2025-09-10,77,majority_baseline,{},0,0.2633111004,0.4866733472,0.2500155524,8.625670077e-05,0,3.034817352e-05,False
2025-09-11,77,majority_baseline,{},0,0.2633111004,0.4866733472,0.2500155524,8.625670077e-05,0,3.02739726e-05,False
2025-09-12,77,majority_baseline,{},0,0.2633111004,0.4866733472,0.2500155524,8.625670077e-05,0,3.02739726e-05,False
2025-09-15,77,majority_baseline,{},0,0.2633111004,0.4866733472,0.2500155524,8.625670077e-05,0,3.012557078e-05,False
2025-09-16,77,majority_baseline,{},0,0.2633111004,0.4866733472,0.2500155524,8.625670077e-05,0,2.997716895e-05,False
2025-09-17,77,majority_baseline,{},0,0.2633111004,0.4866733472,0.2500155524,8.625670077e-05,0,2.982876712e-05,False
2025-09-18,77,majority_baseline,{},0,0.2633111004,0.4866733472,0.2500155524,8.625670077e-05,0,2.990296804e-05,False
2025-09-19,77,majority_baseline,{},0,0.2633111004,0.4866733472,0.2500155524,8.625670077e-05,0,2.990296804e-05,False
2025-09-22,77,majority_baseline,{},0,0.2633111004,0.4866733472,0.2500155524,8.625670077e-05,0,2.96803653e-05,False
2025-09-23,77,majority_baseline,{},0,0.2633111004,0.4866733472,0.2500155524,8.625670077e-05,0,2.96803653e-05,False
2025-09-24,77,majority_baseline,{},0,0.2633111004,0.4866733472,0.2500155524,8.625670077e-05,0,2.982876712e-05,False
2025-09-25,78,majority_baseline,{},0,0.2632783447,0.5033638387,0.2333578167,-4.61445832e-05,0,2.997716895e-05,False
2025-09-26,78,majority_baseline,{},0,0.2632783447,0.5033638387,0.2333578167,-4.61445832e-05,0,2.982876712e-05,False
2025-09-29,78,majority_baseline,{},0,0.2632783447,0.5033638387,0.2333578167,-4.61445832e-05,0,2.997716895e-05,False
2025-09-30,78,majority_baseline,{},0,0.2632783447,0.5033638387,0.2333578167,-4.61445832e-05,0,2.982876712e-05,False
2025-10-01,78,majority_baseline,{},0,0.2632783447,0.5033638387,0.2333578167,-4.61445832e-05,0,2.975456621e-05,False
2025-10-02,78,majority_baseline,{},0,0.2632783447,0.5033638387,0.2333578167,-4.61445832e-05,0,2.982876712e-05,False
2025-10-03,78,majority_baseline,{},0,0.2632783447,0.5033638387,0.2333578167,-4.61445832e-05,0,2.990296804e-05,False
2025-10-06,78,majority_baseline,{},0,0.2632783447,0.5033638387,0.2333578167,-4.61445832e-05,0,2.982876712e-05,False
2025-10-07,78,majority_baseline,{},0,0.2632783447,0.5033638387,0.2333578167,-4.61445832e-05,0,2.975456621e-05,False
2025-10-08,78,majority_baseline,{},0,0.2632783447,0.5033638387,0.2333578167,-4.61445832e-05,0,2.975456621e-05,False
2025-10-09,78,majority_baseline,{},0,0.2632783447,0.5033638387,0.2333578167,-4.61445832e-05,0,2.990296804e-05,False
2025-10-10,78,majority_baseline,{},0,0.2632783447,0.5033638387,0.2333578167,-4.61445832e-05,0,2.982876712e-05,False
2025-10-13,78,majority_baseline,{},0,0.2632783447,0.5033638387,0.2333578167,-4.61445832e-05,0,2.982876712e-05,False
2025-10-14,78,majority_baseline,{},0,0.2632783447,0.5033638387,0.2333578167,-4.61445832e-05,0,2.982876712e-05,False
2025-10-15,78,majority_baseline,{},0,0.2632783447,0.5033638387,0.2333578167,-4.61445832e-05,0,2.990296804e-05,False
2025-10-16,78,majority_baseline,{},0,0.2632783447,0.5033638387,0.2333578167,-4.61445832e-05,0,2.982876712e-05,False
2025-10-17,78,majority_baseline,{},0,0.2632783447,0.5033638387,0.2333578167,-4.61445832e-05,0,2.96803653e-05,False
2025-10-20,78,majority_baseline,{},0,0.2632783447,0.5033638387,0.2333578167,-4.61445832e-05,0,2.945776256e-05,False
2025-10-21,78,majority_baseline,{},0,0.2632783447,0.5033638387,0.2333578167,-4.61445832e-05,0,2.938356164e-05,False
2025-10-22,78,majority_baseline,{},0,0.2632783447,0.5033638387,0.2333578167,-4.61445832e-05,0,2.938356164e-05,False
2025-10-23,78,majority_baseline,{},0,0.2632783447,0.5033638387,0.2333578167,-4.61445832e-05,0,2.930936073e-05,False
2025-10-24,79,majority_baseline,{},0,0.2533578804,0.4966933633,0.2499487563,0.000184445471,0,2.91609589e-05,False
2025-10-27,79,majority_baseline,{},0,0.2533578804,0.4966933633,0.2499487563,0.000184445471,0,2.886415525e-05,False
2025-10-28,79,majority_baseline,{},0,0.2533578804,0.4966933633,0.2499487563,0.000184445471,0,2.886415525e-05,False
2025-10-29,79,majority_baseline,{},0,0.2533578804,0.4966933633,0.2499487563,0.000184445471,0,2.91609589e-05,False
2025-10-30,79,majority_baseline,{},0,0.2533578804,0.4966933633,0.2499487563,0.000184445471,0,2.908675799e-05,False
2025-10-31,79,majority_baseline,{},0,0.2533578804,0.4966933633,0.2499487563,0.000184445471,0,2.886415525e-05,False
2025-11-03,79,majority_baseline,{},0,0.2533578804,0.4966933633,0.2499487563,0.000184445471,0,2.953196347e-05,False
2025-11-04,79,majority_baseline,{},0,0.2533578804,0.4966933633,0.2499487563,0.000184445471,0,2.938356164e-05,False
2025-11-05,79,majority_baseline,{},0,0.2533578804,0.4966933633,0.2499487563,0.000184445471,0,2.938356164e-05,False
2025-11-06,79,majority_baseline,{},0,0.2533578804,0.4966933633,0.2499487563,0.000184445471,0,2.91609589e-05,False
2025-11-07,79,majority_baseline,{},0,0.2533578804,0.4966933633,0.2499487563,0.000184445471,0,2.908675799e-05,False
2025-11-10,79,majority_baseline,{},0,0.2533578804,0.4966933633,0.2499487563,0.000184445471,0,2.930936073e-05,False
2025-11-11,79,majority_baseline,{},0,0.2533578804,0.4966933633,0.2499487563,0.000184445471,0,2.930936073e-05,False
2025-11-12,79,majority_baseline,{},0,0.2533578804,0.4966933633,0.2499487563,0.000184445471,0,2.930936073e-05,False
2025-11-13,79,majority_baseline,{},0,0.2533578804,0.4966933633,0.2499487563,0.000184445471,0,2.938356164e-05,False
2025-11-14,79,majority_baseline,{},0,0.2533578804,0.4966933633,0.2499487563,0.000184445471,0,2.930936073e-05,False
2025-11-17,79,majority_baseline,{},0,0.2533578804,0.4966933633,0.2499487563,0.000184445471,0,2.945776256e-05,False
2025-11-18,79,majority_baseline,{},0,0.2533578804,0.4966933633,0.2499487563,0.000184445471,0,2.923515982e-05,False
2025-11-19,79,majority_baseline,{},0,0.2533578804,0.4966933633,0.2499487563,0.000184445471,0,2.930936073e-05,False
2025-11-20,79,majority_baseline,{},0,0.2533578804,0.4966933633,0.2499487563,0.000184445471,0,2.923515982e-05,False
2025-11-21,79,majority_baseline,{},0,0.2533578804,0.4966933633,0.2499487563,0.000184445471,0,2.893835616e-05,False
2025-11-24,80,majority_baseline,{},0,0.2633316646,0.4800063888,0.2566619466,0.0001250626535,0,2.901255708e-05,False
2025-11-25,80,majority_baseline,{},0,0.2633316646,0.4800063888,0.2566619466,0.0001250626535,0,2.893835616e-05,False
2025-11-26,80,majority_baseline,{},0,0.2633316646,0.4800063888,0.2566619466,0.0001250626535,0,1.566210046e-05,False
2025-11-28,80,majority_baseline,{},0,0.2633316646,0.4800063888,0.2566619466,0.0001250626535,0,2.878995434e-05,False
2025-12-01,80,majority_baseline,{},0,0.2633316646,0.4800063888,0.2566619466,0.0001250626535,0,2.827054795e-05,False
2025-12-02,80,majority_baseline,{},0,0.2633316646,0.4800063888,0.2566619466,0.0001250626535,0,2.797374429e-05,False
2025-12-03,80,majority_baseline,{},0,0.2633316646,0.4800063888,0.2566619466,0.0001250626535,0,2.760273973e-05,False
2025-12-04,80,majority_baseline,{},0,0.2633316646,0.4800063888,0.2566619466,0.0001250626535,0,2.752853881e-05,False
2025-12-05,80,majority_baseline,{},0,0.2633316646,0.4800063888,0.2566619466,0.0001250626535,0,2.752853881e-05,False
2025-12-08,80,majority_baseline,{},0,0.2633316646,0.4800063888,0.2566619466,0.0001250626535,0,2.767694064e-05,False
2025-12-09,80,majority_baseline,{},0,0.2633316646,0.4800063888,0.2566619466,0.0001250626535,0,2.767694064e-05,False
2025-12-10,80,majority_baseline,{},0,0.2633316646,0.4800063888,0.2566619466,0.0001250626535,0,2.738013699e-05,False
2025-12-11,80,majority_baseline,{},0,0.2633316646,0.4800063888,0.2566619466,0.0001250626535,0,2.715753425e-05,False
2025-12-12,80,majority_baseline,{},0,0.2633316646,0.4800063888,0.2566619466,0.0001250626535,0,2.693493151e-05,False
2025-12-15,80,majority_baseline,{},0,0.2633316646,0.4800063888,0.2566619466,0.0001250626535,0,2.708333333e-05,False
2025-12-16,80,majority_baseline,{},0,0.2633316646,0.4800063888,0.2566619466,0.0001250626535,0,2.700913242e-05,False
2025-12-17,80,majority_baseline,{},0,0.2633316646,0.4800063888,0.2566619466,0.0001250626535,0,2.700913242e-05,False
2025-12-18,80,majority_baseline,{},0,0.2633316646,0.4800063888,0.2566619466,0.0001250626535,0,2.686073059e-05,False
2025-12-19,80,majority_baseline,{},0,0.2633316646,0.4800063888,0.2566619466,0.0001250626535,0,2.686073059e-05,False
2025-12-22,80,majority_baseline,{},0,0.2633316646,0.4800063888,0.2566619466,0.0001250626535,0,2.700913242e-05,False
2025-12-23,80,majority_baseline,{},0,0.2633316646,0.4800063888,0.2566619466,0.0001250626535,0,1.458333333e-05,False
2025-12-24,81,majority_baseline,{},0,0.2600109745,0.480016705,0.2599723205,0.0001900230518,0,2.738013699e-05,False
2025-12-26,81,majority_baseline,{},0,0.2600109745,0.480016705,0.2599723205,0.0001900230518,0,2.700913242e-05,False
2025-12-29,81,majority_baseline,{},0,0.2600109745,0.480016705,0.2599723205,0.0001900230518,0,2.730593607e-05,False
2025-12-30,81,majority_baseline,{},0,0.2600109745,0.480016705,0.2599723205,0.0001900230518,0,2.708333333e-05,False
2025-12-31,81,majority_baseline,{},0,0.2600109745,0.480016705,0.2599723205,0.0001900230518,0,2.723173516e-05,False
2026-01-02,81,majority_baseline,{},0,0.2600109745,0.480016705,0.2599723205,0.0001900230518,0,2.708333333e-05,False
2026-01-05,81,majority_baseline,{},0,0.2600109745,0.480016705,0.2599723205,0.0001900230518,0,2.700913242e-05,False
2026-01-06,81,majority_baseline,{},0,0.2600109745,0.480016705,0.2599723205,0.0001900230518,0,2.693493151e-05,False
2026-01-07,81,majority_baseline,{},0,0.2600109745,0.480016705,0.2599723205,0.0001900230518,0,2.686073059e-05,False
2026-01-08,81,majority_baseline,{},0,0.2600109745,0.480016705,0.2599723205,0.0001900230518,0,2.686073059e-05,False
2026-01-09,81,majority_baseline,{},0,0.2600109745,0.480016705,0.2599723205,0.0001900230518,0,2.686073059e-05,False
2026-01-12,81,majority_baseline,{},0,0.2600109745,0.480016705,0.2599723205,0.0001900230518,0,2.723173516e-05,False
2026-01-13,81,majority_baseline,{},0,0.2600109745,0.480016705,0.2599723205,0.0001900230518,0,2.723173516e-05,False
2026-01-14,81,majority_baseline,{},0,0.2600109745,0.480016705,0.2599723205,0.0001900230518,0,2.723173516e-05,False
2026-01-15,81,majority_baseline,{},0,0.2600109745,0.480016705,0.2599723205,0.0001900230518,0,2.730593607e-05,False
2026-01-16,81,majority_baseline,{},0,0.2600109745,0.480016705,0.2599723205,0.0001900230518,0,2.723173516e-05,False
2026-01-20,81,majority_baseline,{},0,0.2600109745,0.480016705,0.2599723205,0.0001900230518,0,2.74543379e-05,False
2026-01-21,81,majority_baseline,{},0,0.2600109745,0.480016705,0.2599723205,0.0001900230518,0,2.74543379e-05,False
2026-01-22,81,majority_baseline,{},0,0.2600109745,0.480016705,0.2599723205,0.0001900230518,0,2.752853881e-05,False
2026-01-23,81,majority_baseline,{},0,0.2600109745,0.480016705,0.2599723205,0.0001900230518,0,2.74543379e-05,False
2026-01-26,81,majority_baseline,{},0,0.2600109745,0.480016705,0.2599723205,0.0001900230518,0,2.723173516e-05,False
2026-01-27,82,majority_baseline,{},0,0.2633185041,0.4767087123,0.2599727837,0.0001565513241,0,2.723173516e-05,False
2026-01-28,82,majority_baseline,{},0,0.2633185041,0.4767087123,0.2599727837,0.0001565513241,0,2.730593607e-05,False
2026-01-29,82,majority_baseline,{},0,0.2633185041,0.4767087123,0.2599727837,0.0001565513241,0,2.723173516e-05,False
2026-01-30,82,majority_baseline,{},0,0.2633185041,0.4767087123,0.2599727837,0.0001565513241,0,2.723173516e-05,False
2026-02-02,82,majority_baseline,{},0,0.2633185041,0.4767087123,0.2599727837,0.0001565513241,0,2.738013699e-05,False
2026-02-03,82,majority_baseline,{},0,0.2633185041,0.4767087123,0.2599727837,0.0001565513241,0,2.738013699e-05,False
2026-02-04,82,majority_baseline,{},0,0.2633185041,0.4767087123,0.2599727837,0.0001565513241,0,2.738013699e-05,False
2026-02-05,82,majority_baseline,{},0,0.2633185041,0.4767087123,0.2599727837,0.0001565513241,0,2.723173516e-05,False
2026-02-06,82,majority_baseline,{},0,0.2633185041,0.4767087123,0.2599727837,0.0001565513241,0,2.730593607e-05,False
2026-02-09,82,majority_baseline,{},0,0.2633185041,0.4767087123,0.2599727837,0.0001565513241,0,2.738013699e-05,False
2026-02-10,82,majority_baseline,{},0,0.2633185041,0.4767087123,0.2599727837,0.0001565513241,0,2.738013699e-05,False
2026-02-11,82,majority_baseline,{},0,0.2633185041,0.4767087123,0.2599727837,0.0001565513241,0,2.74543379e-05,False
2026-02-12,82,majority_baseline,{},0,0.2633185041,0.4767087123,0.2599727837,0.0001565513241,0,2.74543379e-05,False
2026-02-13,82,majority_baseline,{},0,0.2633185041,0.4767087123,0.2599727837,0.0001565513241,0,2.730593607e-05,False
2026-02-17,82,majority_baseline,{},0,0.2633185041,0.4767087123,0.2599727837,0.0001565513241,0,2.738013699e-05,False
2026-02-18,82,majority_baseline,{},0,0.2633185041,0.4767087123,0.2599727837,0.0001565513241,0,2.74543379e-05,False
2026-02-19,82,majority_baseline,{},0,0.2633185041,0.4767087123,0.2599727837,0.0001565513241,0,2.738013699e-05,False
2026-02-20,82,majority_baseline,{},0,0.2633185041,0.4767087123,0.2599727837,0.0001565513241,0,2.738013699e-05,False
2026-02-23,82,majority_baseline,{},0,0.2633185041,0.4767087123,0.2599727837,0.0001565513241,0,2.738013699e-05,False
2026-02-24,82,majority_baseline,{},0,0.2633185041,0.4767087123,0.2599727837,0.0001565513241,0,2.738013699e-05,False
2026-02-25,82,majority_baseline,{},0,0.2633185041,0.4767087123,0.2599727837,0.0001565513241,0,2.738013699e-05,False
2026-02-26,83,majority_baseline,{},0,0.276620498,0.4533492315,0.2700302706,9.879001571e-05,0,2.730593607e-05,False
2026-02-27,83,majority_baseline,{},0,0.276620498,0.4533492315,0.2700302706,9.879001571e-05,0,2.723173516e-05,False
2026-03-02,83,majority_baseline,{},0,0.276620498,0.4533492315,0.2700302706,9.879001571e-05,0,2.760273973e-05,False
2026-03-03,83,majority_baseline,{},0,0.276620498,0.4533492315,0.2700302706,9.879001571e-05,0,2.752853881e-05,False
2026-03-04,83,majority_baseline,{},0,0.276620498,0.4533492315,0.2700302706,9.879001571e-05,0,2.752853881e-05,False
2026-03-05,83,majority_baseline,{},0,0.276620498,0.4533492315,0.2700302706,9.879001571e-05,0,2.74543379e-05,False
2026-03-06,83,majority_baseline,{},0,0.276620498,0.4533492315,0.2700302706,9.879001571e-05,0,2.738013699e-05,False
2026-03-09,83,majority_baseline,{},0,0.276620498,0.4533492315,0.2700302706,9.879001571e-05,0,2.752853881e-05,False
2026-03-10,83,majority_baseline,{},0,0.276620498,0.4533492315,0.2700302706,9.879001571e-05,0,2.752853881e-05,False
2026-03-11,83,majority_baseline,{},0,0.276620498,0.4533492315,0.2700302706,9.879001571e-05,0,2.752853881e-05,False
2026-03-12,83,majority_baseline,{},0,0.276620498,0.4533492315,0.2700302706,9.879001571e-05,0,2.760273973e-05,False
2026-03-13,83,majority_baseline,{},0,0.276620498,0.4533492315,0.2700302706,9.879001571e-05,0,2.760273973e-05,False
2026-03-16,83,majority_baseline,{},0,0.276620498,0.4533492315,0.2700302706,9.879001571e-05,0,2.760273973e-05,False
2026-03-17,83,majority_baseline,{},0,0.276620498,0.4533492315,0.2700302706,9.879001571e-05,0,2.760273973e-05,False
2026-03-18,83,majority_baseline,{},0,0.276620498,0.4533492315,0.2700302706,9.879001571e-05,0,2.767694064e-05,False
2026-03-19,83,majority_baseline,{},0,0.276620498,0.4533492315,0.2700302706,9.879001571e-05,0,2.767694064e-05,False
2026-03-20,83,majority_baseline,{},0,0.276620498,0.4533492315,0.2700302706,9.879001571e-05,0,2.775114155e-05,False
2026-03-23,83,majority_baseline,{},0,0.276620498,0.4533492315,0.2700302706,9.879001571e-05,0,2.775114155e-05,False
2026-03-24,83,majority_baseline,{},0,0.276620498,0.4533492315,0.2700302706,9.879001571e-05,0,2.775114155e-05,False
2026-03-25,83,majority_baseline,{},0,0.276620498,0.4533492315,0.2700302706,9.879001571e-05,0,2.767694064e-05,False
2026-03-26,83,majority_baseline,{},0,0.276620498,0.4533492315,0.2700302706,9.879001571e-05,0,2.767694064e-05,False
2026-03-27,84,majority_baseline,{},0,0.2733434991,0.4600139361,0.2666425648,9.421989818e-05,0,2.767694064e-05,False
2026-03-30,84,majority_baseline,{},0,0.2733434991,0.4600139361,0.2666425648,9.421989818e-05,0,2.752853881e-05,False
2026-03-31,84,majority_baseline,{},0,0.2733434991,0.4600139361,0.2666425648,9.421989818e-05,0,2.74543379e-05,False
2026-04-01,84,majority_baseline,{},0,0.2733434991,0.4600139361,0.2666425648,9.421989818e-05,0,2.74543379e-05,False
2026-04-02,84,majority_baseline,{},0,0.2733434991,0.4600139361,0.2666425648,9.421989818e-05,0,2.74543379e-05,False
2026-04-06,84,majority_baseline,{},0,0.2733434991,0.4600139361,0.2666425648,9.421989818e-05,0,2.760273973e-05,False
2026-04-07,84,majority_baseline,{},0,0.2733434991,0.4600139361,0.2666425648,9.421989818e-05,0,2.752853881e-05,False
2026-04-08,84,majority_baseline,{},0,0.2733434991,0.4600139361,0.2666425648,9.421989818e-05,0,2.738013699e-05,False
2026-04-09,84,majority_baseline,{},0,0.2733434991,0.4600139361,0.2666425648,9.421989818e-05,0,2.730593607e-05,False
2026-04-10,84,majority_baseline,{},0,0.2733434991,0.4600139361,0.2666425648,9.421989818e-05,0,2.738013699e-05,False
2026-04-13,84,majority_baseline,{},0,0.2733434991,0.4600139361,0.2666425648,9.421989818e-05,0,2.752853881e-05,False
2026-04-14,84,majority_baseline,{},0,0.2733434991,0.4600139361,0.2666425648,9.421989818e-05,0,2.752853881e-05,False
2026-04-15,84,majority_baseline,{},0,0.2733434991,0.4600139361,0.2666425648,9.421989818e-05,0,2.752853881e-05,False
2026-04-16,84,majority_baseline,{},0,0.2733434991,0.4600139361,0.2666425648,9.421989818e-05,0,2.74543379e-05,False
2026-04-17,84,majority_baseline,{},0,0.2733434991,0.4600139361,0.2666425648,9.421989818e-05,0,2.74543379e-05,False
2026-04-20,84,majority_baseline,{},0,0.2733434991,0.4600139361,0.2666425648,9.421989818e-05,0,2.752853881e-05,False
2026-04-21,84,majority_baseline,{},0,0.2733434991,0.4600139361,0.2666425648,9.421989818e-05,0,2.738013699e-05,False
2026-04-22,84,majority_baseline,{},0,0.2733434991,0.4600139361,0.2666425648,9.421989818e-05,0,2.738013699e-05,False
2026-04-23,84,majority_baseline,{},0,0.2733434991,0.4600139361,0.2666425648,9.421989818e-05,0,2.738013699e-05,False
2026-04-24,84,majority_baseline,{},0,0.2733434991,0.4600139361,0.2666425648,9.421989818e-05,0,2.738013699e-05,False
2026-04-27,84,majority_baseline,{},0,0.2733434991,0.4600139361,0.2666425648,9.421989818e-05,0,2.730593607e-05,False
2026-04-28,85,majority_baseline,{},0,0.2733390122,0.469996229,0.2566647587,3.783401309e-05,0,2.730593607e-05,False
2026-04-29,85,majority_baseline,{},0,0.2733390122,0.469996229,0.2566647587,3.783401309e-05,0,2.730593607e-05,False
2026-04-30,85,majority_baseline,{},0,0.2733390122,0.469996229,0.2566647587,3.783401309e-05,0,2.730593607e-05,False
2026-05-01,85,majority_baseline,{},0,0.2733390122,0.469996229,0.2566647587,3.783401309e-05,0,2.730593607e-05,False
2026-05-04,85,majority_baseline,{},0,0.2733390122,0.469996229,0.2566647587,3.783401309e-05,0,2.74543379e-05,False
2026-05-05,85,majority_baseline,{},0,0.2733390122,0.469996229,0.2566647587,3.783401309e-05,0,2.738013699e-05,False
2026-05-06,85,majority_baseline,{},0,0.2733390122,0.469996229,0.2566647587,3.783401309e-05,0,2.738013699e-05,False
2026-05-07,85,majority_baseline,{},0,0.2733390122,0.469996229,0.2566647587,3.783401309e-05,0,2.738013699e-05,False
2026-05-08,85,majority_baseline,{},0,0.2733390122,0.469996229,0.2566647587,3.783401309e-05,0,2.738013699e-05,False
2026-05-11,85,majority_baseline,{},0,0.2733390122,0.469996229,0.2566647587,3.783401309e-05,0,2.74543379e-05,False
2026-05-12,85,majority_baseline,{},0,0.2733390122,0.469996229,0.2566647587,3.783401309e-05,0,2.74543379e-05,False
2026-05-13,85,majority_baseline,{},0,0.2733390122,0.469996229,0.2566647587,3.783401309e-05,0,2.738013699e-05,False
2026-05-14,85,majority_baseline,{},0,0.2733390122,0.469996229,0.2566647587,3.783401309e-05,0,2.738013699e-05,False
2026-05-15,85,majority_baseline,{},0,0.2733390122,0.469996229,0.2566647587,3.783401309e-05,0,2.738013699e-05,False
2026-05-18,85,majority_baseline,{},0,0.2733390122,0.469996229,0.2566647587,3.783401309e-05,0,2.730593607e-05,False
2026-05-19,85,majority_baseline,{},0,0.2733390122,0.469996229,0.2566647587,3.783401309e-05,0,2.723173516e-05,False
2026-05-20,85,majority_baseline,{},0,0.2733390122,0.469996229,0.2566647587,3.783401309e-05,0,2.708333333e-05,False
2026-05-21,85,majority_baseline,{},0,0.2733390122,0.469996229,0.2566647587,3.783401309e-05,0,2.730593607e-05,False
2026-05-22,85,majority_baseline,{},0,0.2733390122,0.469996229,0.2566647587,3.783401309e-05,0,2.730593607e-05,False
2026-05-26,85,majority_baseline,{},0,0.2733390122,0.469996229,0.2566647587,3.783401309e-05,0,2.730593607e-05,False
2026-05-27,85,majority_baseline,{},0,0.2733390122,0.469996229,0.2566647587,3.783401309e-05,0,2.730593607e-05,False
2026-05-28,86,majority_baseline,{},0,0.2399273574,0.4933760027,0.26669664,0.0004667373896,1,2.738013699e-05,False
2026-05-29,86,majority_baseline,{},0,0.2399273574,0.4933760027,0.26669664,0.0004667373896,1,2.738013699e-05,False
2026-06-01,86,majority_baseline,{},0,0.2399273574,0.4933760027,0.26669664,0.0004667373896,1,2.804794521e-05,False
2026-06-02,86,majority_baseline,{},0,0.2399273574,0.4933760027,0.26669664,0.0004667373896,1,2.797374429e-05,False
2026-06-03,86,majority_baseline,{},0,0.2399273574,0.4933760027,0.26669664,0.0004667373896,1,2.804794521e-05,False
2026-06-04,86,majority_baseline,{},0,0.2399273574,0.4933760027,0.26669664,0.0004667373896,1,2.804794521e-05,False
2026-06-05,86,majority_baseline,{},0,0.2399273574,0.4933760027,0.26669664,0.0004667373896,1,2.804794521e-05,False
2026-06-08,86,majority_baseline,{},0,0.2399273574,0.4933760027,0.26669664,0.0004667373896,1,2.819634703e-05,False
2026-06-09,86,majority_baseline,{},0,0.2399273574,0.4933760027,0.26669664,0.0004667373896,1,2.812214612e-05,False
2026-06-10,86,majority_baseline,{},0,0.2399273574,0.4933760027,0.26669664,0.0004667373896,1,2.812214612e-05,False
2026-06-11,86,majority_baseline,{},0,0.2399273574,0.4933760027,0.26669664,0.0004667373896,1,2.804794521e-05,False
2026-06-12,86,majority_baseline,{},0,0.2399273574,0.4933760027,0.26669664,0.0004667373896,1,2.804794521e-05,False
2026-06-15,86,majority_baseline,{},0,0.2399273574,0.4933760027,0.26669664,0.0004667373896,1,2.812214612e-05,False
2026-06-16,86,majority_baseline,{},0,0.2399273574,0.4933760027,0.26669664,0.0004667373896,1,2.812214612e-05,False
2026-06-17,86,majority_baseline,{},0,0.2399273574,0.4933760027,0.26669664,0.0004667373896,1,2.841894977e-05,False
2026-06-18,86,majority_baseline,{},0,0.2399273574,0.4933760027,0.26669664,0.0004667373896,1,2.841894977e-05,False
2026-06-22,86,majority_baseline,{},0,0.2399273574,0.4933760027,0.26669664,0.0004667373896,1,2.85673516e-05,False
2026-06-23,86,majority_baseline,{},0,0.2399273574,0.4933760027,0.26669664,0.0004667373896,1,2.85673516e-05,False
2026-06-24,86,majority_baseline,{},0,0.2399273574,0.4933760027,0.26669664,0.0004667373896,1,2.85673516e-05,False
2026-06-25,86,majority_baseline,{},0,0.2399273574,0.4933760027,0.26669664,0.0004667373896,1,2.849315068e-05,False
2026-06-26,86,majority_baseline,{},0,0.2399273574,0.4933760027,0.26669664,0.0004667373896,1,2.841894977e-05,False
2026-06-29,87,majority_baseline,{},0,0.2499713692,0.4900869322,0.2599416986,0.0002935216932,0,2.871575342e-05,False
2026-06-30,87,majority_baseline,{},0,0.2499713692,0.4900869322,0.2599416986,0.0002935216932,0,2.871575342e-05,False
2026-07-01,87,majority_baseline,{},0,0.2499713692,0.4900869322,0.2599416986,0.0002935216932,0,2.85673516e-05,False
2026-07-02,87,majority_baseline,{},0,0.2499713692,0.4900869322,0.2599416986,0.0002935216932,0,2.834474886e-05,False
2026-07-06,87,majority_baseline,{},0,0.2499713692,0.4900869322,0.2599416986,0.0002935216932,0,2.871575342e-05,False
2026-07-07,87,majority_baseline,{},0,0.2499713692,0.4900869322,0.2599416986,0.0002935216932,0,2.864155251e-05,False
2026-07-08,87,majority_baseline,{},0,0.2499713692,0.4900869322,0.2599416986,0.0002935216932,0,2.871575342e-05,False
2026-07-09,87,majority_baseline,{},0,0.2499713692,0.4900869322,0.2599416986,0.0002935216932,0,2.841894977e-05,False
2026-07-10,87,majority_baseline,{},0,0.2499713692,0.4900869322,0.2599416986,0.0002935216932,0,2.85673516e-05,False
2026-07-13,87,majority_baseline,{},0,0.2499713692,0.4900869322,0.2599416986,0.0002935216932,0,2.886415525e-05,False
2026-07-14,87,majority_baseline,{},0,0.2499713692,0.4900869322,0.2599416986,0.0002935216932,0,2.849315068e-05,False
2026-07-15,87,majority_baseline,{},0,0.2499713692,0.4900869322,0.2599416986,0.0002935216932,0,2.841894977e-05,False
2026-07-16,87,majority_baseline,{},0,0.2499713692,0.4900869322,0.2599416986,0.0002935216932,0,2.849315068e-05,False
2026-07-17,87,majority_baseline,{},0,0.2499713692,0.4900869322,0.2599416986,0.0002935216932,0,2.85673516e-05,False
2026-07-20,87,majority_baseline,{},0,0.2499713692,0.4900869322,0.2599416986,0.0002935216932,0,2.864155251e-05,False
2026-07-21,87,majority_baseline,{},0,0.2499713692,0.4900869322,0.2599416986,0.0002935216932,0,2.871575342e-05,False
2026-07-22,87,majority_baseline,{},0,0.2499713692,0.4900869322,0.2599416986,0.0002935216932,0,2.886415525e-05,False
2026-07-23,87,majority_baseline,{},0,0.2499713692,0.4900869322,0.2599416986,0.0002935216932,0,2.930936073e-05,False
2026-07-24,87,majority_baseline,{},0,0.2499713692,0.4900869322,0.2599416986,0.0002935216932,0,2.938356164e-05,False
2026-07-27,87,majority_baseline,{},0,0.2499713692,0.4900869322,0.2599416986,0.0002935216932,0,2.938356164e-05,False
2026-07-28,87,majority_baseline,{},0,0.2499713692,0.4900869322,0.2599416986,0.0002935216932,0,2.893835616e-05,False
2026-07-29,88,majority_baseline,{},0,0.2600033956,0.4800080073,0.2599885971,0.0001882129433,0,2.841894977e-05,False
2026-07-30,88,majority_baseline,{},0,0.2600033956,0.4800080073,0.2599885971,0.0001882129433,0,2.834474886e-05,False
2026-07-31,88,majority_baseline,{},0,0.2600033956,0.4800080073,0.2599885971,0.0001882129433,0,2.841894977e-05,False
2026-08-03,88,majority_baseline,{},0,0.2600033956,0.4800080073,0.2599885971,0.0001882129433,0,2.901255708e-05,False
2026-08-04,88,majority_baseline,{},0,0.2600033956,0.4800080073,0.2599885971,0.0001882129433,0,2.886415525e-05,False
2026-08-05,88,majority_baseline,{},0,0.2600033956,0.4800080073,0.2599885971,0.0001882129433,0,2.886415525e-05,False
2026-08-06,88,majority_baseline,{},0,0.2600033956,0.4800080073,0.2599885971,0.0001882129433,0,2.893835616e-05,False
2026-08-07,88,majority_baseline,{},0,0.2600033956,0.4800080073,0.2599885971,0.0001882129433,0,2.871575342e-05,False
2026-08-10,88,majority_baseline,{},0,0.2600033956,0.4800080073,0.2599885971,0.0001882129433,0,2.886415525e-05,False
2026-08-11,88,majority_baseline,{},0,0.2600033956,0.4800080073,0.2599885971,0.0001882129433,0,2.886415525e-05,False
2026-08-12,88,majority_baseline,{},0,0.2600033956,0.4800080073,0.2599885971,0.0001882129433,0,2.871575342e-05,False
2026-08-13,88,majority_baseline,{},0,0.2600033956,0.4800080073,0.2599885971,0.0001882129433,0,2.871575342e-05,False
2026-08-14,88,majority_baseline,{},0,0.2600033956,0.4800080073,0.2599885971,0.0001882129433,0,2.864155251e-05,False
2026-08-17,88,majority_baseline,{},0,0.2600033956,0.4800080073,0.2599885971,0.0001882129433,0,2.871575342e-05,False
2026-08-18,88,majority_baseline,{},0,0.2600033956,0.4800080073,0.2599885971,0.0001882129433,0,2.864155251e-05,False
2026-08-19,88,majority_baseline,{},0,0.2600033956,0.4800080073,0.2599885971,0.0001882129433,0,2.864155251e-05,False
2026-08-20,88,majority_baseline,{},0,0.2600033956,0.4800080073,0.2599885971,0.0001882129433,0,2.871575342e-05,False
