date,step,model,params,delta,p_short,p_flat,p_long,mu_hat,position,realised_o2c,financing,calibration_skipped
2019-03-21,0,majority_baseline,{},0,0.2729545228,0.4601682731,0.2668772041,7.327375669e-05,0,-0.01401737609,1.84760274e-05,False
2019-03-22,0,majority_baseline,{},0,0.2729545228,0.4601682731,0.2668772041,7.327375669e-05,0,0.000609651319,1.825342466e-05,False
2019-03-25,0,majority_baseline,{},0,0.2729545228,0.4601682731,0.2668772041,7.327375669e-05,0,0.000462667283,1.825342466e-05,False
2019-03-26,0,majority_baseline,{},0,0.2729545228,0.4601682731,0.2668772041,7.327375669e-05,0,-0.005193666562,1.825342466e-05,False
2019-03-27,0,majority_baseline,{},0,0.2729545228,0.4601682731,0.2668772041,7.327375669e-05,0,0.001284056963,1.810502283e-05,False
2019-03-28,0,majority_baseline,{},0,0.2729545228,0.4601682731,0.2668772041,7.327375669e-05,0,0.0003186954712,1.803082192e-05,False
2019-03-29,0,majority_baseline,{},0,0.2729545228,0.4601682731,0.2668772041,7.327375669e-05,0,0.003968999875,1.780821918e-05,False
2019-04-01,0,majority_baseline,{},0,0.2729545228,0.4601682731,0.2668772041,7.327375669e-05,0,-0.0002447466589,1.803082192e-05,False
2019-04-02,0,majority_baseline,{},0,0.2729545228,0.4601682731,0.2668772041,7.327375669e-05,0,-0.003132374362,1.7956621e-05,False
2019-04-03,0,majority_baseline,{},0,0.2729545228,0.4601682731,0.2668772041,7.327375669e-05,0,0.001394775957,1.810502283e-05,False
2019-04-04,0,majority_baseline,{},0,0.2729545228,0.4601682731,0.2668772041,7.327375669e-05,0,0.002257550192,1.810502283e-05,False
2019-04-05,0,majority_baseline,{},0,0.2729545228,0.4601682731,0.2668772041,7.327375669e-05,0,0.002395009985,1.810502283e-05,False
2019-04-08,0,majority_baseline,{},0,0.2729545228,0.4601682731,0.2668772041,7.327375669e-05,0,-0.001425009338,1.803082192e-05,False
2019-04-09,0,majority_baseline,{},0,0.2729545228,0.4601682731,0.2668772041,7.327375669e-05,0,0.001807066573,1.7956621e-05,False
2019-04-10,0,majority_baseline,{},0,0.2729545228,0.4601682731,0.2668772041,7.327375669e-05,0,-0.00214657489,1.803082192e-05,False
2019-04-11,0,majority_baseline,{},0,0.2729545228,0.4601682731,0.2668772041,7.327375669e-05,0,0.0005517366678,1.803082192e-05,False
2019-04-12,0,majority_baseline,{},0,0.2729545228,0.4601682731,0.2668772041,7.327375669e-05,0,-0.0009302265395,1.810502283e-05,False
2019-04-15,0,majority_baseline,{},0,0.2729545228,0.4601682731,0.2668772041,7.327375669e-05,0,-0.002715272611,1.803082192e-05,False
2019-04-16,0,majority_baseline,{},0,0.2729545228,0.4601682731,0.2668772041,7.327375669e-05,0,-0.006691769917,1.803082192e-05,False
2019-04-17,0,majority_baseline,{},0,0.2729545228,0.4601682731,0.2668772041,7.327375669e-05,0,-0.0002758255876,1.810502283e-05,False
2019-04-18,0,majority_baseline,{},0,0.2729545228,0.4601682731,0.2668772041,7.327375669e-05,0,0.003803905843,1.7956621e-05,False
2019-04-22,1,majority_baseline,{},0,0.2533437135,0.4899967412,0.2566595453,0.0001437966281,0,0.007568502177,1.810502283e-05,False
2019-04-23,1,majority_baseline,{},0,0.2533437135,0.4899967412,0.2566595453,0.0001437966281,0,-0.001912625484,1.817922374e-05,False
2019-04-24,1,majority_baseline,{},0,0.2533437135,0.4899967412,0.2566595453,0.0001437966281,0,-0.0002396527039,1.810502283e-05,False
2019-04-25,1,majority_baseline,{},0,0.2533437135,0.4899967412,0.2566595453,0.0001437966281,0,0.004484756998,1.803082192e-05,False
2019-04-26,1,majority_baseline,{},0,0.2533437135,0.4899967412,0.2566595453,0.0001437966281,0,0.001226484177,1.7956621e-05,False
2019-04-29,1,majority_baseline,{},0,0.2533437135,0.4899967412,0.2566595453,0.0001437966281,0,0.001805849229,1.810502283e-05,False
2019-04-30,1,majority_baseline,{},0,0.2533437135,0.4899967412,0.2566595453,0.0001437966281,0,-0.009873790788,1.803082192e-05,False
2019-05-01,1,majority_baseline,{},0,0.2533437135,0.4899967412,0.2566595453,0.0001437966281,0,-0.001714207423,1.803082192e-05,False
2019-05-02,1,majority_baseline,{},0,0.2533437135,0.4899967412,0.2566595453,0.0001437966281,0,0.004132201856,1.832762557e-05,False
2019-05-03,1,majority_baseline,{},0,0.2533437135,0.4899967412,0.2566595453,0.0001437966281,0,0.0123422897,1.803082192e-05,False
2019-05-06,1,majority_baseline,{},0,0.2533437135,0.4899967412,0.2566595453,0.0001437966281,0,-0.007651219595,1.810502283e-05,False
2019-05-07,1,majority_baseline,{},0,0.2533437135,0.4899967412,0.2566595453,0.0001437966281,0,0,1.803082192e-05,False
2019-05-08,1,majority_baseline,{},0,0.2533437135,0.4899967412,0.2566595453,0.0001437966281,0,0.005013472186,1.803082192e-05,False
2019-05-09,1,majority_baseline,{},0,0.2533437135,0.4899967412,0.2566595453,0.0001437966281,0,0.008682904136,1.803082192e-05,False
2019-05-10,1,majority_baseline,{},0,0.2533437135,0.4899967412,0.2566595453,0.0001437966281,0,-0.005523787172,1.803082192e-05,False
2019-05-13,1,majority_baseline,{},0,0.2533437135,0.4899967412,0.2566595453,0.0001437966281,0,0.005000190671,1.788242009e-05,False
2019-05-14,1,majority_baseline,{},0,0.2533437135,0.4899967412,0.2566595453,0.0001437966281,0,0.01232288533,1.788242009e-05,False
2019-05-15,1,majority_baseline,{},0,0.2533437135,0.4899967412,0.2566595453,0.0001437966281,0,0.006507192374,1.7956621e-05,False
2019-05-16,1,majority_baseline,{},0,0.2533437135,0.4899967412,0.2566595453,0.0001437966281,0,0.002454870152,1.780821918e-05,False
2019-05-17,1,majority_baseline,{},0,0.2533437135,0.4899967412,0.2566595453,0.0001437966281,0,-0.0003871908782,1.773401826e-05,False
2019-05-20,1,majority_baseline,{},0,0.2533437135,0.4899967412,0.2566595453,0.0001437966281,0,0.002379117656,1.773401826e-05,False
2019-05-21,2,majority_baseline,{},0,0.2571518746,0.483197196,0.2596509294,0.0001753920369,0,0.0006305574926,1.773401826e-05,False
2019-05-22,2,majority_baseline,{},0,0.2571518746,0.483197196,0.2596509294,0.0001753920369,0,-0.00360216495,1.765981735e-05,False
2019-05-23,2,majority_baseline,{},0,0.2571518746,0.483197196,0.2596509294,0.0001753920369,0,-0.003383349301,1.758561644e-05,False
2019-05-24,2,majority_baseline,{},0,0.2571518746,0.483197196,0.2596509294,0.0001753920369,0,-0.01038539825,1.743721461e-05,False
2019-05-28,2,majority_baseline,{},0,0.2571518746,0.483197196,0.2596509294,0.0001753920369,0,-0.002294699308,1.758561644e-05,False
2019-05-29,2,majority_baseline,{},0,0.2571518746,0.483197196,0.2596509294,0.0001753920369,0,-0.0002865770761,1.758561644e-05,False
2019-05-30,2,majority_baseline,{},0,0.2571518746,0.483197196,0.2596509294,0.0001753920369,0,-0.003367208977,1.765981735e-05,False
2019-05-31,2,majority_baseline,{},0,0.2571518746,0.483197196,0.2596509294,0.0001753920369,0,-0.002687843638,1.743721461e-05,False
2019-06-03,2,majority_baseline,{},0,0.2571518746,0.483197196,0.2596509294,0.0001753920369,0,0.01230515209,1.743721461e-05,False
2019-06-04,2,majority_baseline,{},0,0.2571518746,0.483197196,0.2596509294,0.0001753920369,0,0.002231448764,1.743721461e-05,False
2019-06-05,2,majority_baseline,{},0,0.2571518746,0.483197196,0.2596509294,0.0001753920369,0,0.005330153611,1.743721461e-05,False
2019-06-06,2,majority_baseline,{},0,0.2571518746,0.483197196,0.2596509294,0.0001753920369,0,0.006015462825,1.728881279e-05,False
2019-06-07,2,majority_baseline,{},0,0.2571518746,0.483197196,0.2596509294,0.0001753920369,0,-0.001382292397,1.691780822e-05,False
2019-06-10,2,majority_baseline,{},0,0.2571518746,0.483197196,0.2596509294,0.0001753920369,0,-0.007182365316,1.699200913e-05,False
2019-06-11,2,majority_baseline,{},0,0.2571518746,0.483197196,0.2596509294,0.0001753920369,0,-0.0008661305372,1.684360731e-05,False
2019-06-12,2,majority_baseline,{},0,0.2571518746,0.483197196,0.2596509294,0.0001753920369,0,0.0006219512546,1.662100457e-05,False
2019-06-13,2,majority_baseline,{},0,0.2571518746,0.483197196,0.2596509294,0.0001753920369,0,0,1.625e-05,False
2019-06-14,2,majority_baseline,{},0,0.2571518746,0.483197196,0.2596509294,0.0001753920369,0,-0.0005180781187,1.632420091e-05,False
2019-06-17,2,majority_baseline,{},0,0.2571518746,0.483197196,0.2596509294,0.0001753920369,0,0.003466073504,1.654680365e-05,False
2019-06-18,2,majority_baseline,{},0,0.2571518746,0.483197196,0.2596509294,0.0001753920369,0,0.001743325209,1.647260274e-05,False
2019-06-19,2,majority_baseline,{},0,0.2571518746,0.483197196,0.2596509294,0.0001753920369,0,-0.0006081043424,1.617579909e-05,False
2019-06-20,3,majority_baseline,{},0,0.2469801536,0.4899595318,0.2630603146,0.0002737635809,0,-0.0004419982959,1.587899543e-05,False
2019-06-21,3,majority_baseline,{},0,0.2469801536,0.4899595318,0.2630603146,0.0002737635809,0,-0.002005221557,1.565639269e-05,False
2019-06-24,3,majority_baseline,{},0,0.2469801536,0.4899595318,0.2630603146,0.0002737635809,0,-0.0100102222,1.580479452e-05,False
2019-06-25,3,majority_baseline,{},0,0.2469801536,0.4899595318,0.2630603146,0.0002737635809,0,-0.00438731374,1.573059361e-05,False
2019-06-26,3,majority_baseline,{},0,0.2469801536,0.4899595318,0.2630603146,0.0002737635809,0,0.0006522347278,1.595319635e-05,False
2019-06-27,3,majority_baseline,{},0,0.2469801536,0.4899595318,0.2630603146,0.0002737635809,0,0.001435550663,1.587899543e-05,False
2019-06-28,3,majority_baseline,{},0,0.2469801536,0.4899595318,0.2630603146,0.0002737635809,0,-0.003438010879,1.573059361e-05,False
2019-07-01,3,majority_baseline,{},0,0.2469801536,0.4899595318,0.2630603146,0.0002737635809,0,0.002773950079,1.639840183e-05,False
2019-07-02,3,majority_baseline,{},0,0.2469801536,0.4899595318,0.2630603146,0.0002737635809,0,0.005451225176,8.789954338e-06,False
2019-07-03,3,majority_baseline,{},0,0.2469801536,0.4899595318,0.2630603146,0.0002737635809,0,0.003429226292,1.639840183e-05,False
2019-07-05,3,majority_baseline,{},0,0.2469801536,0.4899595318,0.2630603146,0.0002737635809,0,-0.0006397172043,1.654680365e-05,False
2019-07-08,3,majority_baseline,{},0,0.2469801536,0.4899595318,0.2630603146,0.0002737635809,0,0.005582979894,1.676940639e-05,False
2019-07-09,3,majority_baseline,{},0,0.2469801536,0.4899595318,0.2630603146,0.0002737635809,0,0.000804337671,1.676940639e-05,False
2019-07-10,3,majority_baseline,{},0,0.2469801536,0.4899595318,0.2630603146,0.0002737635809,0,-3.344161618e-05,1.632420091e-05,False
2019-07-11,3,majority_baseline,{},0,0.2469801536,0.4899595318,0.2630603146,0.0002737635809,0,0.002667960044,1.610159817e-05,False
2019-07-12,3,majority_baseline,{},0,0.2469801536,0.4899595318,0.2630603146,0.0002737635809,0,-0.001261929378,1.587899543e-05,False
2019-07-15,3,majority_baseline,{},0,0.2469801536,0.4899595318,0.2630603146,0.0002737635809,0,-0.002893714117,1.602739726e-05,False
2019-07-16,3,majority_baseline,{},0,0.2469801536,0.4899595318,0.2630603146,0.0002737635809,0,-0.006705620746,1.595319635e-05,False
2019-07-17,3,majority_baseline,{},0,0.2469801536,0.4899595318,0.2630603146,0.0002737635809,0,0.005518301886,1.587899543e-05,False
2019-07-18,3,majority_baseline,{},0,0.2469801536,0.4899595318,0.2630603146,0.0002737635809,0,-0.009565374627,1.521118721e-05,False
2019-07-19,3,majority_baseline,{},0,0.2469801536,0.4899595318,0.2630603146,0.0002737635809,0,0.0009744585089,1.528538813e-05,False
2019-07-22,4,majority_baseline,{},0,0.2467142722,0.486822886,0.2664628418,0.000283968327,0,0.002975142372,1.550799087e-05,False
2019-07-23,4,majority_baseline,{},0,0.2467142722,0.486822886,0.2664628418,0.000283968327,0,0.007520304608,1.528538813e-05,False
2019-07-24,4,majority_baseline,{},0,0.2467142722,0.486822886,0.2664628418,0.000283968327,0,-0.003123554658,1.558219178e-05,False
2019-07-25,4,majority_baseline,{},0,0.2467142722,0.486822886,0.2664628418,0.000283968327,0,0.004156137538,1.558219178e-05,False
2019-07-26,4,majority_baseline,{},0,0.2467142722,0.486822886,0.2664628418,0.000283968327,0,-0.001391325677,1.573059361e-05,False
2019-07-29,4,majority_baseline,{},0,0.2467142722,0.486822886,0.2664628418,0.000283968327,0,0.002700802138,1.573059361e-05,False
2019-07-30,4,majority_baseline,{},0,0.2467142722,0.486822886,0.2664628418,0.000283968327,0,-0.01182762748,1.543378995e-05,False
2019-07-31,4,majority_baseline,{},0,0.2467142722,0.486822886,0.2664628418,0.000283968327,0,-0.009274225956,1.543378995e-05,False
2019-08-01,4,majority_baseline,{},0,0.2467142722,0.486822886,0.2664628418,0.000283968327,0,-0.004185846474,1.535958904e-05,False
2019-08-02,4,majority_baseline,{},0,0.2467142722,0.486822886,0.2664628418,0.000283968327,0,-0.01482171915,1.528538813e-05,False
2019-08-05,4,majority_baseline,{},0,0.2467142722,0.486822886,0.2664628418,0.000283968327,0,0.006610416356,1.521118721e-05,False
2019-08-06,4,majority_baseline,{},0,0.2467142722,0.486822886,0.2664628418,0.000283968327,0,0.01255276835,1.521118721e-05,False
2019-08-07,4,majority_baseline,{},0,0.2467142722,0.486822886,0.2664628418,0.000283968327,0,0.01381120086,1.498858447e-05,False
2019-08-08,4,majority_baseline,{},0,0.2467142722,0.486822886,0.2664628418,0.000283968327,0,-0.003281124825,1.498858447e-05,False
2019-08-09,4,majority_baseline,{},0,0.2467142722,0.486822886,0.2664628418,0.000283968327,0,-0.006518085842,1.484018265e-05,False
2019-08-12,4,majority_baseline,{},0,0.2467142722,0.486822886,0.2664628418,0.000283968327,0,0.01671647213,1.484018265e-05,False
2019-08-13,4,majority_baseline,{},0,0.2467142722,0.486822886,0.2664628418,0.000283968327,0,-0.01447569448,1.484018265e-05,False
2019-08-14,4,majority_baseline,{},0,0.2467142722,0.486822886,0.2664628418,0.000283968327,0,-0.0008073962632,1.4543379e-05,False
2019-08-15,4,majority_baseline,{},0,0.2467142722,0.486822886,0.2664628418,0.000283968327,0,0.008272811349,1.417237443e-05,False
2019-08-16,4,majority_baseline,{},0,0.2467142722,0.486822886,0.2664628418,0.000283968327,0,0.0004790858891,1.387557078e-05,False
2019-08-19,4,majority_baseline,{},0,0.2467142722,0.486822886,0.2664628418,0.000283968327,0,-0.005757935031,1.439497717e-05,False
2019-08-20,5,majority_baseline,{},0,0.2598949326,0.4702065239,0.2698985435,0.0002008908374,0,-0.000102566931,1.439497717e-05,False
2019-08-21,5,majority_baseline,{},0,0.2598949326,0.4702065239,0.2698985435,0.0002008908374,0,-0.002967041529,1.461757991e-05,False
2019-08-22,5,majority_baseline,{},0,0.2598949326,0.4702065239,0.2698985435,0.0002008908374,0,-0.02086486665,1.484018265e-05,False
2019-08-23,5,majority_baseline,{},0,0.2598949326,0.4702065239,0.2698985435,0.0002008908374,0,0.002541201613,1.461757991e-05,False
2019-08-26,5,majority_baseline,{},0,0.2598949326,0.4702065239,0.2698985435,0.0002008908374,0,-0.009221569709,1.491438356e-05,False
2019-08-27,5,majority_baseline,{},0,0.2598949326,0.4702065239,0.2698985435,0.0002008908374,0,0.009610679646,1.469178082e-05,False
2019-08-28,5,majority_baseline,{},0,0.2598949326,0.4702065239,0.2698985435,0.0002008908374,0,0.002947982418,1.476598174e-05,False
2019-08-29,5,majority_baseline,{},0,0.2598949326,0.4702065239,0.2698985435,0.0002008908374,0,-0.00601586938,1.476598174e-05,False
2019-08-30,5,majority_baseline,{},0,0.2598949326,0.4702065239,0.2698985435,0.0002008908374,0,0.0005849982521,1.476598174e-05,False
2019-09-03,5,majority_baseline,{},0,0.2598949326,0.4702065239,0.2698985435,0.0002008908374,0,0.003070184153,1.469178082e-05,False
2019-09-04,5,majority_baseline,{},0,0.2598949326,0.4702065239,0.2698985435,0.0002008908374,0,0.003470463428,1.461757991e-05,False
2019-09-05,5,majority_baseline,{},0,0.2598949326,0.4702065239,0.2698985435,0.0002008908374,0,-0.0004025409508,1.461757991e-05,False
2019-09-06,5,majority_baseline,{},0,0.2598949326,0.4702065239,0.2698985435,0.0002008908374,0,-0.003142349639,1.4543379e-05,False
2019-09-09,5,majority_baseline,{},0,0.2598949326,0.4702065239,0.2698985435,0.0002008908374,0,0.002589519671,1.4543379e-05,False
2019-09-10,5,majority_baseline,{},0,0.2598949326,0.4702065239,0.2698985435,0.0002008908374,0,0.005963744338,1.446917808e-05,False
2019-09-11,5,majority_baseline,{},0,0.2598949326,0.4702065239,0.2698985435,0.0002008908374,0,0.0001328084059,1.4543379e-05,False
2019-09-12,5,majority_baseline,{},0,0.2598949326,0.4702065239,0.2698985435,0.0002008908374,0,-0.00228644197,1.446917808e-05,False
2019-09-13,5,majority_baseline,{},0,0.2598949326,0.4702065239,0.2698985435,0.0002008908374,0,0.001067260595,1.4543379e-05,False
2019-09-16,5,majority_baseline,{},0,0.2598949326,0.4702065239,0.2698985435,0.0002008908374,0,0.003267356766,1.476598174e-05,False
2019-09-17,5,majority_baseline,{},0,0.2598949326,0.4702065239,0.2698985435,0.0002008908374,0,0.002030070357,1.476598174e-05,False
2019-09-18,5,majority_baseline,{},0,0.2598949326,0.4702065239,0.2698985435,0.0002008908374,0,-0.001492429498,1.446917808e-05,False
2019-09-19,6,majority_baseline,{},0,0.2500238407,0.4933114141,0.2566647452,0.0001780742465,0,-0.006924978814,1.432077626e-05,False
2019-09-20,6,majority_baseline,{},0,0.2500238407,0.4933114141,0.2566647452,0.0001780742465,0,0.002218127056,1.417237443e-05,False
2019-09-23,6,majority_baseline,{},0,0.2500238407,0.4933114141,0.2566647452,0.0001780742465,0,-0.01182328073,1.439497717e-05,False
2019-09-24,6,majority_baseline,{},0,0.2500238407,0.4933114141,0.2566647452,0.0001780742465,0,0.005608878449,1.424657534e-05,False
2019-09-25,6,majority_baseline,{},0,0.2500238407,0.4933114141,0.2566647452,0.0001780742465,0,-0.002116738368,1.40239726e-05,False
2019-09-26,6,majority_baseline,{},0,0.2500238407,0.4933114141,0.2566647452,0.0001780742465,0,-0.008158992803,1.357876712e-05,False
2019-09-27,6,majority_baseline,{},0,0.2500238407,0.4933114141,0.2566647452,0.0001780742465,0,0.002702935204,1.335616438e-05,False
2019-09-30,6,majority_baseline,{},0,0.2500238407,0.4933114141,0.2566647452,0.0001780742465,0,-0.01511385802,1.394977169e-05,False
2019-10-01,6,majority_baseline,{},0,0.2500238407,0.4933114141,0.2566647452,0.0001780742465,0,-0.01180103738,1.350456621e-05,False
2019-10-02,6,majority_baseline,{},0,0.2500238407,0.4933114141,0.2566647452,0.0001780742465,0,0.009068537878,1.328196347e-05,False
2019-10-03,6,majority_baseline,{},0,0.2500238407,0.4933114141,0.2566647452,0.0001780742465,0,0.01102559349,1.261415525e-05,False
2019-10-04,6,majority_baseline,{},0,0.2500238407,0.4933114141,0.2566647452,0.0001780742465,0,-0.001328976066,1.268835616e-05,False
2019-10-07,6,majority_baseline,{},0,0.2500238407,0.4933114141,0.2566647452,0.0001780742465,0,-0.008624277072,1.298515982e-05,False
2019-10-08,6,majority_baseline,{},0,0.2500238407,0.4933114141,0.2566647452,0.0001780742465,0,0.001788440467,1.276255708e-05,False
2019-10-09,6,majority_baseline,{},0,0.2500238407,0.4933114141,0.2566647452,0.0001780742465,0,0.007074653583,1.253995434e-05,False
2019-10-10,6,majority_baseline,{},0,0.2500238407,0.4933114141,0.2566647452,0.0001780742465,0,3.378612164e-05,1.246575342e-05,False
2019-10-11,6,majority_baseline,{},0,0.2500238407,0.4933114141,0.2566647452,0.0001780742465,0,6.764951244e-05,1.246575342e-05,False
2019-10-14,6,majority_baseline,{},0,0.2500238407,0.4933114141,0.2566647452,0.0001780742465,0,0.005991244514,1.246575342e-05,False
2019-10-15,6,majority_baseline,{},0,0.2500238407,0.4933114141,0.2566647452,0.0001780742465,0,0.0001005422544,1.239155251e-05,False
2019-10-16,6,majority_baseline,{},0,0.2500238407,0.4933114141,0.2566647452,0.0001780742465,0,-0.001334736491,1.23173516e-05,False
2019-10-17,6,majority_baseline,{},0,0.2500238407,0.4933114141,0.2566647452,0.0001780742465,0,-0.002410530152,1.23173516e-05,False
2019-10-18,7,majority_baseline,{},0,0.2575885131,0.4858769043,0.2565345827,9.178037799e-05,0,0.00190360291,1.23173516e-05,False
2019-10-21,7,majority_baseline,{},0,0.2575885131,0.4858769043,0.2565345827,9.178037799e-05,0,-0.005223158273,1.239155251e-05,False
2019-10-22,7,majority_baseline,{},0,0.2575885131,0.4858769043,0.2565345827,9.178037799e-05,0,0.003849609572,1.224315068e-05,False
2019-10-23,7,majority_baseline,{},0,0.2575885131,0.4858769043,0.2565345827,9.178037799e-05,0,-0.001794585102,1.224315068e-05,False
2019-10-24,7,majority_baseline,{},0,0.2575885131,0.4858769043,0.2565345827,9.178037799e-05,0,0.006205431354,1.239155251e-05,False
2019-10-25,7,majority_baseline,{},0,0.2575885131,0.4858769043,0.2565345827,9.178037799e-05,0,0.001188305672,1.23173516e-05,False
2019-10-28,7,majority_baseline,{},0,0.2575885131,0.4858769043,0.2565345827,9.178037799e-05,0,0.0006930412137,1.224315068e-05,False
2019-10-29,7,majority_baseline,{},0,0.2575885131,0.4858769043,0.2565345827,9.178037799e-05,0,0.002339985904,1.209474886e-05,False
2019-10-30,7,majority_baseline,{},0,0.2575885131,0.4858769043,0.2565345827,9.178037799e-05,0,-0.00263051452,1.202054795e-05,False
2019-10-31,7,majority_baseline,{},0,0.2575885131,0.4858769043,0.2565345827,9.178037799e-05,0,0.004001053051,1.142694064e-05,False
2019-11-01,7,majority_baseline,{},0,0.2575885131,0.4858769043,0.2565345827,9.178037799e-05,0,-0.001559236591,1.127853881e-05,False
2019-11-04,7,majority_baseline,{},0,0.2575885131,0.4858769043,0.2565345827,9.178037799e-05,0,-0.001820597182,1.135273973e-05,False
2019-11-05,7,majority_baseline,{},0,0.2575885131,0.4858769043,0.2565345827,9.178037799e-05,0,0.0002280148552,1.157534247e-05,False
2019-11-06,7,majority_baseline,{},0,0.2575885131,0.4858769043,0.2565345827,9.178037799e-05,0,-0.001263942339,1.157534247e-05,False
2019-11-07,7,majority_baseline,{},0,0.2575885131,0.4858769043,0.2565345827,9.178037799e-05,0,0.003703751624,1.157534247e-05,False
2019-11-08,7,majority_baseline,{},0,0.2575885131,0.4858769043,0.2565345827,9.178037799e-05,0,0.003025153075,1.150114155e-05,False
2019-11-11,7,majority_baseline,{},0,0.2575885131,0.4858769043,0.2565345827,9.178037799e-05,0,0.0008097166434,1.150114155e-05,False
2019-11-12,7,majority_baseline,{},0,0.2575885131,0.4858769043,0.2565345827,9.178037799e-05,0,0.003864773671,1.179794521e-05,False
2019-11-13,7,majority_baseline,{},0,0.2575885131,0.4858769043,0.2565345827,9.178037799e-05,0,0.002461152465,1.164954338e-05,False
2019-11-14,7,majority_baseline,{},0,0.2575885131,0.4858769043,0.2565345827,9.178037799e-05,0,0.002475787948,1.164954338e-05,False
2019-11-15,7,majority_baseline,{},0,0.2575885131,0.4858769043,0.2565345827,9.178037799e-05,0,0.001572850949,1.164954338e-05,False
2019-11-18,8,majority_baseline,{},0,0.2473210145,0.496075636,0.2566033495,0.0001938564734,0,-0.002398618703,1.164954338e-05,False
2019-11-19,8,majority_baseline,{},0,0.2473210145,0.496075636,0.2566033495,0.0001938564734,0,-0.001638427664,1.164954338e-05,False
2019-11-20,8,majority_baseline,{},0,0.2473210145,0.496075636,0.2566033495,0.0001938564734,0,-0.001994356715,1.164954338e-05,False
2019-11-21,8,majority_baseline,{},0,0.2473210145,0.496075636,0.2566033495,0.0001938564734,0,-0.0004179012525,1.172374429e-05,False
2019-11-22,8,majority_baseline,{},0,0.2473210145,0.496075636,0.2566033495,0.0001938564734,0,0.004455362723,1.172374429e-05,False
2019-11-25,8,majority_baseline,{},0,0.2473210145,0.496075636,0.2566033495,0.0001938564734,0,0.002137720024,1.194634703e-05,False
2019-11-26,8,majority_baseline,{},0,0.2473210145,0.496075636,0.2566033495,0.0001938564734,0,0.002765409844,1.187214612e-05,False
2019-11-27,8,majority_baseline,{},0,0.2473210145,0.496075636,0.2566033495,0.0001938564734,0,-0.001746769555,6.47260274e-06,False
2019-11-29,8,majority_baseline,{},0,0.2473210145,0.496075636,0.2566033495,0.0001938564734,0,-0.00937722641,1.179794521e-05,False
2019-12-02,8,majority_baseline,{},0,0.2473210145,0.496075636,0.2566033495,0.0001938564734,0,0.002915904371,1.187214612e-05,False
2019-12-03,8,majority_baseline,{},0,0.2473210145,0.496075636,0.2566033495,0.0001938564734,0,0.002446022675,1.164954338e-05,False
2019-12-04,8,majority_baseline,{},0,0.2473210145,0.496075636,0.2566033495,0.0001938564734,0,-0.0006726514428,1.150114155e-05,False
2019-12-05,8,majority_baseline,{},0,0.2473210145,0.496075636,0.2566033495,0.0001938564734,0,0.002387622583,1.142694064e-05,False
2019-12-06,8,majority_baseline,{},0,0.2473210145,0.496075636,0.2566033495,0.0001938564734,0,-0.001780936138,1.135273973e-05,False
2019-12-09,8,majority_baseline,{},0,0.2473210145,0.496075636,0.2566033495,0.0001938564734,0,-0.0009241236488,1.142694064e-05,False
2019-12-10,8,majority_baseline,{},0,0.2473210145,0.496075636,0.2566033495,0.0001938564734,0,0.001241966051,1.157534247e-05,False
2019-12-11,8,majority_baseline,{},0,0.2473210145,0.496075636,0.2566033495,0.0001938564734,0,0.008587005932,1.164954338e-05,False
2019-12-12,8,majority_baseline,{},0,0.2473210145,0.496075636,0.2566033495,0.0001938564734,0,0.001420179387,1.157534247e-05,False
2019-12-13,8,majority_baseline,{},0,0.2473210145,0.496075636,0.2566033495,0.0001938564734,0,0.0008771339865,1.164954338e-05,False
2019-12-16,8,majority_baseline,{},0,0.2473210145,0.496075636,0.2566033495,0.0001938564734,0,-0.001094042642,1.164954338e-05,False
2019-12-17,8,majority_baseline,{},0,0.2473210145,0.496075636,0.2566033495,0.0001938564734,0,-0.001281261445,1.157534247e-05,False
2019-12-18,9,majority_baseline,{},0,0.2400649047,0.4999386309,0.2599964644,0.0002778066385,0,0.003439668798,1.157534247e-05,False
2019-12-19,9,majority_baseline,{},0,0.2400649047,0.4999386309,0.2599964644,0.0002778066385,0,0.0008425996902,1.164954338e-05,False
2019-12-20,9,majority_baseline,{},0,0.2400649047,0.4999386309,0.2599964644,0.0002778066385,0,-0.001150518303,1.172374429e-05,False
2019-12-23,9,majority_baseline,{},0,0.2400649047,0.4999386309,0.2599964644,0.0002778066385,0,-0.0007465402519,6.352739726e-06,False
2019-12-24,9,majority_baseline,{},0,0.2400649047,0.4999386309,0.2599964644,0.0002778066385,0,0.004010597079,1.172374429e-05,False
2019-12-26,9,majority_baseline,{},0,0.2400649047,0.4999386309,0.2599964644,0.0002778066385,0,-0.00271824594,1.172374429e-05,False
2019-12-27,9,majority_baseline,{},0,0.2400649047,0.4999386309,0.2599964644,0.0002778066385,0,-0.005790449476,1.164954338e-05,False
2019-12-30,9,majority_baseline,{},0,0.2400649047,0.4999386309,0.2599964644,0.0002778066385,0,0.00414933557,1.164954338e-05,False
2019-12-31,9,majority_baseline,{},0,0.2400649047,0.4999386309,0.2599964644,0.0002778066385,0,0.004110732873,1.150114155e-05,False
2020-01-02,9,majority_baseline,{},0,0.2400649047,0.4999386309,0.2599964644,0.0002778066385,0,0.003892140942,1.142694064e-05,False
2020-01-03,9,majority_baseline,{},0,0.2400649047,0.4999386309,0.2599964644,0.0002778066385,0,0.009828776123,1.127853881e-05,False
2020-01-06,9,majority_baseline,{},0,0.2400649047,0.4999386309,0.2599964644,0.0002778066385,0,-0.0008977092862,1.157534247e-05,False
2020-01-07,9,majority_baseline,{},0,0.2400649047,0.4999386309,0.2599964644,0.0002778066385,0,0.004675821535,1.142694064e-05,False
2020-01-08,9,majority_baseline,{},0,0.2400649047,0.4999386309,0.2599964644,0.0002778066385,0,0.001502300008,1.142694064e-05,False
2020-01-09,9,majority_baseline,{},0,0.2400649047,0.4999386309,0.2599964644,0.0002778066385,0,-0.004827574883,1.142694064e-05,False
2020-01-10,9,majority_baseline,{},0,0.2400649047,0.4999386309,0.2599964644,0.0002778066385,0,0.004779550374,1.142694064e-05,False
2020-01-13,9,majority_baseline,{},0,0.2400649047,0.4999386309,0.2599964644,0.0002778066385,0,-6.104084549e-05,1.164954338e-05,False
2020-01-14,9,majority_baseline,{},0,0.2400649047,0.4999386309,0.2599964644,0.0002778066385,0,0.00256604973,1.164954338e-05,False
2020-01-15,9,majority_baseline,{},0,0.2400649047,0.4999386309,0.2599964644,0.0002778066385,0,0.003700336902,1.164954338e-05,False
2020-01-16,9,majority_baseline,{},0,0.2400649047,0.4999386309,0.2599964644,0.0002778066385,0,0.0007536928732,1.150114155e-05,False
2020-01-17,9,majority_baseline,{},0,0.2400649047,0.4999386309,0.2599964644,0.0002778066385,0,0.001208806124,1.157534247e-05,False
2020-01-21,10,majority_baseline,{},0,0.2298857737,0.4999728388,0.2701413876,0.0004511844392,1,-0.002708866931,1.157534247e-05,False
2020-01-22,10,majority_baseline,{},0,0.2298857737,0.4999728388,0.2701413876,0.0004511844392,1,0.003296725543,1.150114155e-05,False
2020-01-23,10,majority_baseline,{},0,0.2298857737,0.4999728388,0.2701413876,0.0004511844392,1,-0.01103962663,1.150114155e-05,False
2020-01-24,10,majority_baseline,{},0,0.2298857737,0.4999728388,0.2701413876,0.0004511844392,1,0.001454977053,1.142694064e-05,False
2020-01-27,10,majority_baseline,{},0,0.2298857737,0.4999728388,0.2701413876,0.0004511844392,1,0.005629782272,1.150114155e-05,False
2020-01-28,10,majority_baseline,{},0,0.2298857737,0.4999728388,0.2701413876,0.0004511844392,1,-0.005359673973,1.164954338e-05,False
2020-01-29,10,majority_baseline,{},0,0.2298857737,0.4999728388,0.2701413876,0.0004511844392,1,0.01023556372,1.157534247e-05,False
2020-01-30,10,majority_baseline,{},0,0.2298857737,0.4999728388,0.2701413876,0.0004511844392,1,-0.01611617425,1.164954338e-05,False
2020-01-31,10,majority_baseline,{},0,0.2298857737,0.4999728388,0.2701413876,0.0004511844392,1,0.002381286401,1.150114155e-05,False
2020-02-03,10,majority_baseline,{},0,0.2298857737,0.4999728388,0.2701413876,0.0004511844392,1,0.003017619072,1.164954338e-05,False
2020-02-04,10,majority_baseline,{},0,0.2298857737,0.4999728388,0.2701413876,0.0004511844392,1,0.001775653254,1.164954338e-05,False
2020-02-05,10,majority_baseline,{},0,0.2298857737,0.4999728388,0.2701413876,0.0004511844392,1,0.0002096594754,1.164954338e-05,False
2020-02-06,10,majority_baseline,{},0,0.2298857737,0.4999728388,0.2701413876,0.0004511844392,1,-0.001862853997,1.164954338e-05,False
2020-02-07,10,majority_baseline,{},0,0.2298857737,0.4999728388,0.2701413876,0.0004511844392,1,0.01041566763,1.157534247e-05,False
2020-02-10,10,majority_baseline,{},0,0.2298857737,0.4999728388,0.2701413876,0.0004511844392,1,-0.002677278155,1.172374429e-05,False
2020-02-11,10,majority_baseline,{},0,0.2298857737,0.4999728388,0.2701413876,0.0004511844392,1,0.001751705429,1.164954338e-05,False
2020-02-12,10,majority_baseline,{},0,0.2298857737,0.4999728388,0.2701413876,0.0004511844392,1,0.003572953816,1.172374429e-05,False
2020-02-13,10,majority_baseline,{},0,0.2298857737,0.4999728388,0.2701413876,0.0004511844392,1,0.0002666479188,1.179794521e-05,False
2020-02-14,10,majority_baseline,{},0,0.2298857737,0.4999728388,0.2701413876,0.0004511844392,1,0.0006537733647,1.172374429e-05,False
2020-02-18,10,majority_baseline,{},0,0.2298857737,0.4999728388,0.2701413876,0.0004511844392,1,0.001628194387,1.172374429e-05,False
2020-02-19,10,majority_baseline,{},0,0.2298857737,0.4999728388,0.2701413876,0.0004511844392,1,-0.00233901231,1.172374429e-05,False
2020-02-20,11,majority_baseline,{},0,0.2265539795,0.5136157215,0.259830299,0.0004096312996,0,-0.005931946996,1.172374429e-05,False
2020-02-21,11,majority_baseline,{},0,0.2265539795,0.5136157215,0.259830299,0.0004096312996,0,-0.002228140101,1.157534247e-05,False
2020-02-24,11,majority_baseline,{},0,0.2265539795,0.5136157215,0.259830299,0.0004096312996,0,-0.03485215901,1.135273973e-05,False
2020-02-25,11,majority_baseline,{},0,0.2265539795,0.5136157215,0.259830299,0.0004096312996,0,-0.008530118777,1.135273973e-05,False
2020-02-26,11,majority_baseline,{},0,0.2265539795,0.5136157215,0.259830299,0.0004096312996,0,-0.02602626167,1.135273973e-05,False
2020-02-27,11,majority_baseline,{},0,0.2265539795,0.5136157215,0.259830299,0.0004096312996,0,0.02618634294,1.075913242e-05,False
2020-02-28,11,majority_baseline,{},0,0.2265539795,0.5136157215,0.259830299,0.0004096312996,1,0.03648437379,9.423515982e-06,False
2020-03-02,11,majority_baseline,{},0,0.2265539795,0.5136157215,0.259830299,0.0004096312996,1,-0.02991925613,8.384703196e-06,False
2020-03-03,11,majority_baseline,{},0,0.2265539795,0.5136157215,0.259830299,0.0004096312996,1,0.02201747773,7.049086758e-06,False
2020-03-04,11,majority_baseline,{},0,0.2265539795,0.5136157215,0.259830299,0.0004096312996,1,-0.008262900856,5.342465753e-06,False
2020-03-05,11,majority_baseline,{},0,0.2265539795,0.5136157215,0.259830299,0.0004096312996,1,0.0147023627,4.600456621e-06,False
2020-03-06,11,majority_baseline,{},0,0.2265539795,0.5136157215,0.259830299,0.0004096312996,1,-0.00388658498,3.339041096e-06,False
2020-03-09,11,majority_baseline,{},0,0.2265539795,0.5136157215,0.259830299,0.0004096312996,1,0.01327992756,2.448630137e-06,False
2020-03-10,11,majority_baseline,{},0,0.2265539795,0.5136157215,0.259830299,0.0004096312996,1,-0.02258648599,3.264840183e-06,False
2020-03-11,11,majority_baseline,{},0,0.2265539795,0.5136157215,0.259830299,0.0004096312996,1,-0.03082030989,3.116438356e-06,False
2020-03-12,11,majority_baseline,{},0,0.2265539795,0.5136157215,0.259830299,0.0004096312996,1,0.02368015151,2.448630137e-06,False
2020-03-13,11,majority_baseline,{},0,0.2265539795,0.5136157215,0.259830299,0.0004096312996,1,-0.005514497615,2.077625571e-06,False
2020-03-16,11,majority_baseline,{},0,0.2265539795,0.5136157215,0.259830299,0.0004096312996,1,0.03166833987,1.780821918e-06,False
2020-03-17,11,majority_baseline,{},0,0.2265539795,0.5136157215,0.259830299,0.0004096312996,1,0.0158730159,1.409817352e-06,False
2020-03-18,11,majority_baseline,{},0,0.2265539795,0.5136157215,0.259830299,0.0004096312996,1,0.005266434627,1.484018265e-07,False
2020-03-19,11,majority_baseline,{},0,0.2265539795,0.5136157215,0.259830299,0.0004096312996,1,-0.0566115361,2.96803653e-07,False
2020-03-20,12,majority_baseline,{},0,0.2136903748,0.5234772961,0.2628323292,0.0005172240766,1,-0.02296334407,3.710045662e-07,False
2020-03-23,12,majority_baseline,{},0,0.2136903748,0.5234772961,0.2628323292,0.0005172240766,1,0.03724083191,1.484018265e-07,False
2020-03-24,12,majority_baseline,{},0,0.2136903748,0.5234772961,0.2628323292,0.0005172240766,1,0.007840887758,7.420091324e-08,False
2020-03-25,12,majority_baseline,{},0,0.2136903748,0.5234772961,0.2628323292,0.0005172240766,1,0.04680990602,0,False
2020-03-26,12,majority_baseline,{},0,0.2136903748,0.5234772961,0.2628323292,0.0005172240766,1,0.0005922292756,0,False
2020-03-27,12,majority_baseline,{},0,0.2136903748,0.5234772961,0.2628323292,0.0005172240766,1,0.02326944485,2.226027397e-07,False
2020-03-30,12,majority_baseline,{},0,0.2136903748,0.5234772961,0.2628323292,0.0005172240766,1,-0.01078445479,8.904109589e-07,False
2020-03-31,12,majority_baseline,{},0,0.2136903748,0.5234772961,0.2628323292,0.0005172240766,1,-0.007379634893,8.162100457e-07,False
2020-04-01,12,majority_baseline,{},0,0.2136903748,0.5234772961,0.2628323292,0.0005172240766,1,0.02708103637,6.678082192e-07,False
2020-04-02,12,majority_baseline,{},0,0.2136903748,0.5234772961,0.2628323292,0.0005172240766,1,-0.01024881207,6.678082192e-07,False
2020-04-03,12,majority_baseline,{},0,0.2136903748,0.5234772961,0.2628323292,0.0005172240766,1,0.02722614441,7.420091324e-07,False
2020-04-06,12,majority_baseline,{},0,0.2136903748,0.5234772961,0.2628323292,0.0005172240766,1,-0.03311325954,1.113013699e-06,False
2020-04-07,12,majority_baseline,{},0,0.2136903748,0.5234772961,0.2628323292,0.0005172240766,1,0.0226526626,1.038812785e-06,False
2020-04-08,12,majority_baseline,{},0,0.2136903748,0.5234772961,0.2628323292,0.0005172240766,1,0.002233682719,1.632420091e-06,False
2020-04-09,12,majority_baseline,{},0,0.2136903748,0.5234772961,0.2628323292,0.0005172240766,1,-0.005340300908,1.855022831e-06,False
2020-04-13,12,majority_baseline,{},0,0.2136903748,0.5234772961,0.2628323292,0.0005172240766,1,0.01000070241,1.929223744e-06,False
2020-04-14,12,majority_baseline,{},0,0.2136903748,0.5234772961,0.2628323292,0.0005172240766,1,0.0006845205266,1.484018265e-06,False
2020-04-15,12,majority_baseline,{},0,0.2136903748,0.5234772961,0.2628323292,0.0005172240766,1,-0.0001790715433,1.038812785e-06,False
2020-04-16,12,majority_baseline,{},0,0.2136903748,0.5234772961,0.2628323292,0.0005172240766,1,0.00441519992,1.038812785e-06,False
2020-04-17,12,majority_baseline,{},0,0.2136903748,0.5234772961,0.2628323292,0.0005172240766,1,-0.003609175237,8.904109589e-07,False
2020-04-20,12,majority_baseline,{},0,0.2136903748,0.5234772961,0.2628323292,0.0005172240766,1,-0.01333430526,8.904109589e-07,False
2020-04-21,13,majority_baseline,{},0,0.2200413548,0.5232656961,0.2566929491,0.0005053891443,1,0.002694449333,8.162100457e-07,False
2020-04-22,13,majority_baseline,{},0,0.2200413548,0.5232656961,0.2566929491,0.0005053891443,1,-0.005026930281,8.904109589e-07,False
2020-04-23,13,majority_baseline,{},0,0.2200413548,0.5232656961,0.2566929491,0.0005053891443,1,0.007979161789,8.162100457e-07,False
2020-04-24,13,majority_baseline,{},0,0.2200413548,0.5232656961,0.2566929491,0.0005053891443,1,0.006769054127,8.904109589e-07,False
2020-04-27,13,majority_baseline,{},0,0.2200413548,0.5232656961,0.2566929491,0.0005053891443,1,-0.01817736976,8.904109589e-07,False
2020-04-28,13,majority_baseline,{},0,0.2200413548,0.5232656961,0.2566929491,0.0005053891443,1,0.005762675149,8.162100457e-07,False
2020-04-29,13,majority_baseline,{},0,0.2200413548,0.5232656961,0.2566929491,0.0005053891443,1,-0.004216449651,7.420091324e-07,False
2020-04-30,13,majority_baseline,{},0,0.2200413548,0.5232656961,0.2566929491,0.0005053891443,1,-0.008832459426,6.678082192e-07,False
2020-05-01,13,majority_baseline,{},0,0.2200413548,0.5232656961,0.2566929491,0.0005053891443,1,0.01008056273,8.904109589e-07,False
2020-05-04,13,majority_baseline,{},0,0.2200413548,0.5232656961,0.2566929491,0.0005053891443,1,-0.001569956006,9.646118721e-07,False
2020-05-05,13,majority_baseline,{},0,0.2200413548,0.5232656961,0.2566929491,0.0005053891443,1,-0.01315792414,9.646118721e-07,False
2020-05-06,13,majority_baseline,{},0,0.2200413548,0.5232656961,0.2566929491,0.0005053891443,1,-0.0002432922845,8.904109589e-07,False
2020-05-07,13,majority_baseline,{},0,0.2200413548,0.5232656961,0.2566929491,0.0005053891443,1,0.004637761813,8.162100457e-07,False
2020-05-08,13,majority_baseline,{},0,0.2200413548,0.5232656961,0.2566929491,0.0005053891443,1,0.007439566173,8.904109589e-07,False
2020-05-11,13,majority_baseline,{},0,0.2200413548,0.5232656961,0.2566929491,0.0005053891443,1,-0.02423498035,8.904109589e-07,False
2020-05-12,13,majority_baseline,{},0,0.2200413548,0.5232656961,0.2566929491,0.0005053891443,1,-0.01559110515,9.646118721e-07,False
2020-05-13,13,majority_baseline,{},0,0.2200413548,0.5232656961,0.2566929491,0.0005053891443,1,0.0215808885,9.646118721e-07,False
2020-05-14,13,majority_baseline,{},0,0.2200413548,0.5232656961,0.2566929491,0.0005053891443,1,0.01384709298,8.904109589e-07,False
2020-05-15,13,majority_baseline,{},0,0.2200413548,0.5232656961,0.2566929491,0.0005053891443,1,0.006654196601,8.904109589e-07,False
2020-05-18,13,majority_baseline,{},0,0.2200413548,0.5232656961,0.2566929491,0.0005053891443,1,-0.008085628723,9.646118721e-07,False
2020-05-19,13,majority_baseline,{},0,0.2200413548,0.5232656961,0.2566929491,0.0005053891443,1,0.003752232444,9.646118721e-07,False
2020-05-20,14,majority_baseline,{},0,0.2231485734,0.5268907988,0.2499606278,0.0004251317644,1,-0.006435538955,8.904109589e-07,False
2020-05-21,14,majority_baseline,{},0,0.2231485734,0.5268907988,0.2499606278,0.0004251317644,1,0.002953441029,8.904109589e-07,False
2020-05-22,14,majority_baseline,{},0,0.2231485734,0.5268907988,0.2499606278,0.0004251317644,1,-0.009439294233,8.904109589e-07,False
2020-05-26,14,majority_baseline,{},0,0.2231485734,0.5268907988,0.2499606278,0.0004251317644,1,0.004667031924,1.038812785e-06,False
2020-05-27,14,majority_baseline,{},0,0.2231485734,0.5268907988,0.2499606278,0.0004251317644,1,-0.005514500831,1.113013699e-06,False
2020-05-28,14,majority_baseline,{},0,0.2231485734,0.5268907988,0.2499606278,0.0004251317644,1,0.006149626141,1.113013699e-06,False
2020-05-29,14,majority_baseline,{},0,0.2231485734,0.5268907988,0.2499606278,0.0004251317644,1,0.006356605725,1.038812785e-06,False
2020-06-01,14,majority_baseline,{},0,0.2231485734,0.5268907988,0.2499606278,0.0004251317644,1,0.004991025636,1.038812785e-06,False
2020-06-02,14,majority_baseline,{},0,0.2231485734,0.5268907988,0.2499606278,0.0004251317644,1,0.006253231555,1.113013699e-06,False
2020-06-03,14,majority_baseline,{},0,0.2231485734,0.5268907988,0.2499606278,0.0004251317644,1,0.0008035741703,1.187214612e-06,False
2020-06-04,14,majority_baseline,{},0,0.2231485734,0.5268907988,0.2499606278,0.0004251317644,1,0.006651279127,1.113013699e-06,False
2020-06-05,14,majority_baseline,{},0,0.2231485734,0.5268907988,0.2499606278,0.0004251317644,1,0.009306136218,1.113013699e-06,False
2020-06-08,14,majority_baseline,{},0,0.2231485734,0.5268907988,0.2499606278,0.0004251317644,1,0.001529880627,1.261415525e-06,False
2020-06-09,14,majority_baseline,{},0,0.2231485734,0.5268907988,0.2499606278,0.0004251317644,1,-0.007529131057,1.409817352e-06,False
2020-06-10,14,majority_baseline,{},0,0.2231485734,0.5268907988,0.2499606278,0.0004251317644,1,-0.03483595466,1.261415525e-06,False
2020-06-11,14,majority_baseline,{},0,0.2231485734,0.5268907988,0.2499606278,0.0004251317644,1,-0.01307422412,1.261415525e-06,False
2020-06-12,14,majority_baseline,{},0,0.2231485734,0.5268907988,0.2499606278,0.0004251317644,1,0.03029997668,1.187214612e-06,False
2020-06-15,14,majority_baseline,{},0,0.2231485734,0.5268907988,0.2499606278,0.0004251317644,1,-0.007987889869,1.335616438e-06,False
2020-06-16,14,majority_baseline,{},0,0.2231485734,0.5268907988,0.2499606278,0.0004251317644,1,-0.007673459871,1.261415525e-06,False
2020-06-17,14,majority_baseline,{},0,0.2231485734,0.5268907988,0.2499606278,0.0004251317644,1,0.005709457657,1.261415525e-06,False
2020-06-18,14,majority_baseline,{},0,0.2231485734,0.5268907988,0.2499606278,0.0004251317644,1,-0.01760193086,1.187214612e-06,False
2020-06-19,15,majority_baseline,{},0,0.230240083,0.5160020359,0.2537578812,0.0003710062266,0,0.008539254488,1.113013699e-06,False
2020-06-22,15,majority_baseline,{},0,0.230240083,0.5160020359,0.2537578812,0.0003710062266,0,-0.004593455992,1.187214612e-06,False
2020-06-23,15,majority_baseline,{},0,0.230240083,0.5160020359,0.2537578812,0.0003710062266,0,-0.01855796581,1.187214612e-06,False
2020-06-24,15,majority_baseline,{},0,0.230240083,0.5160020359,0.2537578812,0.0003710062266,0,0.0127854644,1.113013699e-06,False
2020-06-25,15,majority_baseline,{},0,0.230240083,0.5160020359,0.2537578812,0.0003710062266,0,-0.01995693688,1.187214612e-06,False
2020-06-26,15,majority_baseline,{},0,0.230240083,0.5160020359,0.2537578812,0.0003710062266,0,0.01011906629,1.038812785e-06,False
2020-06-29,15,majority_baseline,{},0,0.230240083,0.5160020359,0.2537578812,0.0003710062266,0,0.01437545748,1.038812785e-06,False
2020-06-30,15,majority_baseline,{},0,0.230240083,0.5160020359,0.2537578812,0.0003710062266,0,0.00306871331,1.187214612e-06,False
2020-07-01,15,majority_baseline,{},0,0.230240083,0.5160020359,0.2537578812,0.0003710062266,0,-0.006396319011,1.038812785e-06,False
2020-07-02,15,majority_baseline,{},0,0.230240083,0.5160020359,0.2537578812,0.0003710062266,0,0.002149359165,1.038812785e-06,False
2020-07-06,15,majority_baseline,{},0,0.230240083,0.5160020359,0.2537578812,0.0003710062266,0,-0.005073264276,1.113013699e-06,False
2020-07-07,15,majority_baseline,{},0,0.230240083,0.5160020359,0.2537578812,0.0003710062266,0,0.004990328903,1.113013699e-06,False
2020-07-08,15,majority_baseline,{},0,0.230240083,0.5160020359,0.2537578812,0.0003710062266,0,-0.007764144218,1.113013699e-06,False
2020-07-09,15,majority_baseline,{},0,0.230240083,0.5160020359,0.2537578812,0.0003710062266,0,0.0104355536,9.646118721e-07,False
2020-07-10,15,majority_baseline,{},0,0.230240083,0.5160020359,0.2537578812,0.0003710062266,0,-0.01652456327,9.646118721e-07,False
2020-07-13,15,majority_baseline,{},0,0.230240083,0.5160020359,0.2537578812,0.0003710062266,0,0.01793816087,1.038812785e-06,False
2020-07-14,15,majority_baseline,{},0,0.230240083,0.5160020359,0.2537578812,0.0003710062266,0,-0.00173691123,1.113013699e-06,False
2020-07-15,15,majority_baseline,{},0,0.230240083,0.5160020359,0.2537578812,0.0003710062266,0,0.003127052024,1.187214612e-06,False
2020-07-16,15,majority_baseline,{},0,0.230240083,0.5160020359,0.2537578812,0.0003710062266,0,-0.000497091159,8.162100457e-07,False
2020-07-17,15,majority_baseline,{},0,0.230240083,0.5160020359,0.2537578812,0.0003710062266,0,0.008991116788,8.162100457e-07,False
2020-07-20,15,majority_baseline,{},0,0.230240083,0.5160020359,0.2537578812,0.0003710062266,0,-0.004411096397,9.646118721e-07,False
2020-07-21,16,majority_baseline,{},0,0.2234225527,0.5232646052,0.2533128421,0.0004368953091,1,0.006900345646,9.646118721e-07,False
2020-07-22,16,majority_baseline,{},0,0.2234225527,0.5232646052,0.2533128421,0.0004368953091,1,-0.01075140083,9.646118721e-07,False
2020-07-23,16,majority_baseline,{},0,0.2234225527,0.5232646052,0.2533128421,0.0004368953091,1,-0.0002181251832,8.904109589e-07,False
2020-07-24,16,majority_baseline,{},0,0.2234225527,0.5232646052,0.2533128421,0.0004368953091,1,0.004943557234,8.162100457e-07,False
2020-07-27,16,majority_baseline,{},0,0.2234225527,0.5232646052,0.2533128421,0.0004368953091,1,-0.00390776083,8.162100457e-07,False
2020-07-28,16,majority_baseline,{},0,0.2234225527,0.5232646052,0.2533128421,0.0004368953091,1,0.009313299713,8.162100457e-07,False
2020-07-29,16,majority_baseline,{},0,0.2234225527,0.5232646052,0.2533128421,0.0004368953091,1,0.006399495813,8.162100457e-07,False
2020-07-30,16,majority_baseline,{},0,0.2234225527,0.5232646052,0.2533128421,0.0004368953091,1,0.001902409054,6.678082192e-07,False
2020-07-31,16,majority_baseline,{},0,0.2234225527,0.5232646052,0.2533128421,0.0004368953091,1,0.00143153411,6.678082192e-07,False
2020-08-03,16,majority_baseline,{},0,0.2234225527,0.5232646052,0.2533128421,0.0004368953091,1,0.006710218733,7.420091324e-07,False
2020-08-04,16,majority_baseline,{},0,0.2234225527,0.5232646052,0.2533128421,0.0004368953091,1,0.001930745097,6.678082192e-07,False
2020-08-05,16,majority_baseline,{},0,0.2234225527,0.5232646052,0.2533128421,0.0004368953091,1,0.008597729675,7.420091324e-07,False
2020-08-06,16,majority_baseline,{},0,0.2234225527,0.5232646052,0.2533128421,0.0004368953091,1,0.003870644859,7.420091324e-07,False
2020-08-07,16,majority_baseline,{},0,0.2234225527,0.5232646052,0.2533128421,0.0004368953091,1,0.001522144788,7.420091324e-07,False
2020-08-10,16,majority_baseline,{},0,0.2234225527,0.5232646052,0.2533128421,0.0004368953091,1,-0.01202321,8.162100457e-07,False
2020-08-11,16,majority_baseline,{},0,0.2234225527,0.5232646052,0.2533128421,0.0004368953091,1,0.005962318253,8.162100457e-07,False
2020-08-12,16,majority_baseline,{},0,0.2234225527,0.5232646052,0.2533128421,0.0004368953091,1,0.0006535788955,8.162100457e-07,False
2020-08-13,16,majority_baseline,{},0,0.2234225527,0.5232646052,0.2533128421,0.0004368953091,1,0.001278180569,7.420091324e-07,False
2020-08-14,16,majority_baseline,{},0,0.2234225527,0.5232646052,0.2533128421,0.0004368953091,1,-8.876956065e-05,7.420091324e-07,False
2020-08-17,16,majority_baseline,{},0,0.2234225527,0.5232646052,0.2533128421,0.0004368953091,1,0.0008867361783,7.420091324e-07,False
2020-08-18,16,majority_baseline,{},0,0.2234225527,0.5232646052,0.2533128421,0.0004368953091,1,-0.005367871663,6.678082192e-07,False
2020-08-19,17,majority_baseline,{},0,0.2267363897,0.519681019,0.2535825912,0.0004285958946,1,0.008707101451,8.162100457e-07,False
2020-08-20,17,majority_baseline,{},0,0.2267363897,0.519681019,0.2535825912,0.0004285958946,1,0.004616470052,8.162100457e-07,False
2020-08-21,17,majority_baseline,{},0,0.2267363897,0.519681019,0.2535825912,0.0004285958946,1,0.00233841421,7.420091324e-07,False
2020-08-24,17,majority_baseline,{},0,0.2267363897,0.519681019,0.2535825912,0.0004285958946,1,0.001717452079,8.904109589e-07,False
2020-08-25,17,majority_baseline,{},0,0.2267363897,0.519681019,0.2535825912,0.0004285958946,1,0.008150590084,8.162100457e-07,False
2020-08-26,17,majority_baseline,{},0,0.2267363897,0.519681019,0.2535825912,0.0004285958946,1,-0.0005165510782,8.162100457e-07,False
2020-08-27,17,majority_baseline,{},0,0.2267363897,0.519681019,0.2535825912,0.0004285958946,1,0.003262317201,8.162100457e-07,False
2020-08-28,17,majority_baseline,{},0,0.2267363897,0.519681019,0.2535825912,0.0004285958946,1,-0.00296848428,7.420091324e-07,False
2020-08-31,17,majority_baseline,{},0,0.2267363897,0.519681019,0.2535825912,0.0004285958946,1,0.006824518878,8.162100457e-07,False
2020-09-01,17,majority_baseline,{},0,0.2267363897,0.519681019,0.2535825912,0.0004285958946,1,0.00854314884,8.904109589e-07,False
2020-09-02,17,majority_baseline,{},0,0.2267363897,0.519681019,0.2535825912,0.0004285958946,1,-0.02944890164,8.904109589e-07,False
2020-09-03,17,majority_baseline,{},0,0.2267363897,0.519681019,0.2535825912,0.0004285958946,1,-0.01028514567,8.162100457e-07,False
2020-09-04,17,majority_baseline,{},0,0.2267363897,0.519681019,0.2535825912,0.0004285958946,1,-0.01039470199,8.162100457e-07,False
2020-09-08,17,majority_baseline,{},0,0.2267363897,0.519681019,0.2535825912,0.0004285958946,1,0.006636115454,9.646118721e-07,False
2020-09-09,17,majority_baseline,{},0,0.2267363897,0.519681019,0.2535825912,0.0004285958946,1,-0.02319932262,8.904109589e-07,False
2020-09-10,17,majority_baseline,{},0,0.2267363897,0.519681019,0.2535825912,0.0004285958946,1,-0.005240931893,8.904109589e-07,False
2020-09-11,17,majority_baseline,{},0,0.2267363897,0.519681019,0.2535825912,0.0004285958946,1,0.002874162724,8.162100457e-07,False
2020-09-14,17,majority_baseline,{},0,0.2267363897,0.519681019,0.2535825912,0.0004285958946,1,-0.002784890043,8.162100457e-07,False
2020-09-15,17,majority_baseline,{},0,0.2267363897,0.519681019,0.2535825912,0.0004285958946,1,-0.007876789585,8.162100457e-07,False
2020-09-16,17,majority_baseline,{},0,0.2267363897,0.519681019,0.2535825912,0.0004285958946,1,0.006835348288,8.904109589e-07,False
2020-09-17,17,majority_baseline,{},0,0.2267363897,0.519681019,0.2535825912,0.0004285958946,1,-0.01407401172,6.678082192e-07,False
2020-09-18,18,majority_baseline,{},0,0.2401350786,0.5032559314,0.2566089901,0.0002929907827,0,0.003899260053,7.420091324e-07,False
2020-09-21,18,majority_baseline,{},0,0.2401350786,0.5032559314,0.2566089901,0.0002929907827,0,0.005265180625,7.420091324e-07,False
2020-09-22,18,majority_baseline,{},0,0.2401350786,0.5032559314,0.2566089901,0.0002929907827,0,-0.02496216196,7.420091324e-07,False
2020-09-23,18,majority_baseline,{},0,0.2401350786,0.5032559314,0.2566089901,0.0002929907827,0,0.007097934945,8.162100457e-07,False
2020-09-24,18,majority_baseline,{},0,0.2401350786,0.5032559314,0.2566089901,0.0002929907827,0,0.01906511456,7.420091324e-07,False
2020-09-25,18,majority_baseline,{},0,0.2401350786,0.5032559314,0.2566089901,0.0002929907827,0,0.002910993296,7.420091324e-07,False
2020-09-28,18,majority_baseline,{},0,0.2401350786,0.5032559314,0.2566089901,0.0002929907827,0,-0.004790867684,8.162100457e-07,False
2020-09-29,18,majority_baseline,{},0,0.2401350786,0.5032559314,0.2566089901,0.0002929907827,0,0.005403999865,6.678082192e-07,False
2020-09-30,18,majority_baseline,{},0,0.2401350786,0.5032559314,0.2566089901,0.0002929907827,0,-0.001924824102,7.420091324e-07,False
2020-10-01,18,majority_baseline,{},0,0.2401350786,0.5032559314,0.2566089901,0.0002929907827,0,0.006451564909,6.678082192e-07,False
2020-10-02,18,majority_baseline,{},0,0.2401350786,0.5032559314,0.2566089901,0.0002929907827,0,0.01100997527,6.678082192e-07,False
2020-10-05,18,majority_baseline,{},0,0.2401350786,0.5032559314,0.2566089901,0.0002929907827,0,-0.01465096903,7.420091324e-07,False
2020-10-06,18,majority_baseline,{},0,0.2401350786,0.5032559314,0.2566089901,0.0002929907827,0,0.007807922169,7.420091324e-07,False
2020-10-07,18,majority_baseline,{},0,0.2401350786,0.5032559314,0.2566089901,0.0002929907827,0,0.002712534935,7.420091324e-07,False
2020-10-08,18,majority_baseline,{},0,0.2401350786,0.5032559314,0.2566089901,0.0002929907827,0,0.003733095795,6.678082192e-07,False
2020-10-09,18,majority_baseline,{},0,0.2401350786,0.5032559314,0.2566089901,0.0002929907827,0,0.008123791734,7.420091324e-07,False
2020-10-12,18,majority_baseline,{},0,0.2401350786,0.5032559314,0.2566089901,0.0002929907827,0,-0.006103082452,7.420091324e-07,False
2020-10-13,18,majority_baseline,{},0,0.2401350786,0.5032559314,0.2566089901,0.0002929907827,0,-0.008039935526,8.162100457e-07,False
2020-10-14,18,majority_baseline,{},0,0.2401350786,0.5032559314,0.2566089901,0.0002929907827,0,0.01102676285,8.904109589e-07,False
2020-10-15,18,majority_baseline,{},0,0.2401350786,0.5032559314,0.2566089901,0.0002929907827,0,-0.004785599883,8.162100457e-07,False
2020-10-16,18,majority_baseline,{},0,0.2401350786,0.5032559314,0.2566089901,0.0002929907827,0,-0.01904484242,8.162100457e-07,False
2020-10-19,19,majority_baseline,{},0,0.2269502003,0.526326083,0.2467237167,0.0003517052809,0,-0.0002328845897,8.162100457e-07,False
2020-10-20,19,majority_baseline,{},0,0.2269502003,0.526326083,0.2467237167,0.0003517052809,0,-0.001747518822,7.420091324e-07,False
2020-10-21,19,majority_baseline,{},0,0.2269502003,0.526326083,0.2467237167,0.0003517052809,0,0.004811039045,7.420091324e-07,False
2020-10-22,19,majority_baseline,{},0,0.2269502003,0.526326083,0.2467237167,0.0003517052809,0,-0.0004335960253,6.678082192e-07,False
2020-10-23,19,majority_baseline,{},0,0.2269502003,0.526326083,0.2467237167,0.0003517052809,0,-0.008008623081,7.420091324e-07,False
2020-10-26,19,majority_baseline,{},0,0.2269502003,0.526326083,0.2467237167,0.0003517052809,0,-0.004532636151,8.162100457e-07,False
2020-10-27,19,majority_baseline,{},0,0.2269502003,0.526326083,0.2467237167,0.0003517052809,0,-0.01638061532,7.420091324e-07,False
2020-10-28,19,majority_baseline,{},0,0.2269502003,0.526326083,0.2467237167,0.0003517052809,0,0.009390985932,7.420091324e-07,False
2020-10-29,19,majority_baseline,{},0,0.2269502003,0.526326083,0.2467237167,0.0003517052809,0,-0.005300323732,6.678082192e-07,False
2020-10-30,19,majority_baseline,{},0,0.2269502003,0.526326083,0.2467237167,0.0003517052809,0,0,6.678082192e-07,False
2020-11-02,19,majority_baseline,{},0,0.2269502003,0.526326083,0.2467237167,0.0003517052809,0,0.007012485779,6.678082192e-07,False
2020-11-03,19,majority_baseline,{},0,0.2269502003,0.526326083,0.2467237167,0.0003517052809,0,0.007862534168,7.420091324e-07,False
2020-11-04,19,majority_baseline,{},0,0.2269502003,0.526326083,0.2467237167,0.0003517052809,0,0.002863360634,7.420091324e-07,False
2020-11-05,19,majority_baseline,{},0,0.2269502003,0.526326083,0.2467237167,0.0003517052809,0,0.0006573056747,7.420091324e-07,False
2020-11-06,19,majority_baseline,{},0,0.2269502003,0.526326083,0.2467237167,0.0003517052809,0,-0.02585378912,7.420091324e-07,False
2020-11-09,19,majority_baseline,{},0,0.2269502003,0.526326083,0.2467237167,0.0003517052809,0,0.001555965818,8.162100457e-07,False
2020-11-10,19,majority_baseline,{},0,0.2269502003,0.526326083,0.2467237167,0.0003517052809,0,0.0007576305686,7.420091324e-07,False
2020-11-11,19,majority_baseline,{},0,0.2269502003,0.526326083,0.2467237167,0.0003517052809,0,-0.006665153246,7.420091324e-07,False
2020-11-12,19,majority_baseline,{},0,0.2269502003,0.526326083,0.2467237167,0.0003517052809,0,0.007965820699,7.420091324e-07,False
2020-11-13,19,majority_baseline,{},0,0.2269502003,0.526326083,0.2467237167,0.0003517052809,0,0.004404665896,6.678082192e-07,False
2020-11-16,19,majority_baseline,{},0,0.2269502003,0.526326083,0.2467237167,0.0003517052809,0,0.001805689341,6.678082192e-07,False
2020-11-17,20,majority_baseline,{},0,0.2269274298,0.5195660447,0.2535065255,0.000384783679,0,-0.0128286964,6.678082192e-07,False
2020-11-18,20,majority_baseline,{},0,0.2269274298,0.5195660447,0.2535065255,0.000384783679,0,0.006130462765,6.678082192e-07,False
2020-11-19,20,majority_baseline,{},0,0.2269274298,0.5195660447,0.2535065255,0.000384783679,0,-0.00606996763,5.194063927e-07,False
2020-11-20,20,majority_baseline,{},0,0.2269274298,0.5195660447,0.2535065255,0.000384783679,0,0.00050378598,5.194063927e-07,False
2020-11-23,20,majority_baseline,{},0,0.2269274298,0.5195660447,0.2535065255,0.000384783679,0,0.008356264043,5.936073059e-07,False
2020-11-24,20,majority_baseline,{},0,0.2269274298,0.5195660447,0.2535065255,0.000384783679,0,-0.001294305501,6.678082192e-07,False
2020-11-25,20,majority_baseline,{},0,0.2269274298,0.5195660447,0.2535065255,0.000384783679,0,-0.000467191422,3.595890411e-07,False
2020-11-27,20,majority_baseline,{},0,0.2269274298,0.5195660447,0.2535065255,0.000384783679,0,-0.002122175844,6.678082192e-07,False
2020-11-30,20,majority_baseline,{},0,0.2269274298,0.5195660447,0.2535065255,0.000384783679,0,0.001230904203,5.936073059e-07,False
2020-12-01,20,majority_baseline,{},0,0.2269274298,0.5195660447,0.2535065255,0.000384783679,0,0.005399926591,6.678082192e-07,False
2020-12-02,20,majority_baseline,{},0,0.2269274298,0.5195660447,0.2535065255,0.000384783679,0,2.729856093e-05,6.678082192e-07,False
2020-12-03,20,majority_baseline,{},0,0.2269274298,0.5195660447,0.2535065255,0.000384783679,0,0.006887724042,5.936073059e-07,False
2020-12-04,20,majority_baseline,{},0,0.2269274298,0.5195660447,0.2535065255,0.000384783679,0,0.0001897114272,6.678082192e-07,False
2020-12-07,20,majority_baseline,{},0,0.2269274298,0.5195660447,0.2535065255,0.000384783679,0,0.006662711176,5.936073059e-07,False
2020-12-08,20,majority_baseline,{},0,0.2269274298,0.5195660447,0.2535065255,0.000384783679,0,-0.01086604478,6.678082192e-07,False
2020-12-09,20,majority_baseline,{},0,0.2269274298,0.5195660447,0.2535065255,0.000384783679,0,0.00372229758,5.936073059e-07,False
2020-12-10,20,majority_baseline,{},0,0.2269274298,0.5195660447,0.2535065255,0.000384783679,0,0.003836650893,5.936073059e-07,False
2020-12-11,20,majority_baseline,{},0,0.2269274298,0.5195660447,0.2535065255,0.000384783679,0,-0.01079647038,5.936073059e-07,False
2020-12-14,20,majority_baseline,{},0,0.2269274298,0.5195660447,0.2535065255,0.000384783679,0,0.00596081246,6.678082192e-07,False
2020-12-15,20,majority_baseline,{},0,0.2269274298,0.5195660447,0.2535065255,0.000384783679,0,0.0009464228209,5.936073059e-07,False
2020-12-16,20,majority_baseline,{},0,0.2269274298,0.5195660447,0.2535065255,0.000384783679,0,0.000806548922,6.678082192e-07,False
2020-12-17,21,majority_baseline,{},0,0.2269294349,0.5163575321,0.2567130329,0.0004110640211,1,-0.004825210922,5.936073059e-07,False
2020-12-18,21,majority_baseline,{},0,0.2269294349,0.5163575321,0.2567130329,0.0004110640211,1,0.007918415548,5.936073059e-07,False
2020-12-21,21,majority_baseline,{},0,0.2269294349,0.5163575321,0.2567130329,0.0004110640211,1,-0.002634369466,6.678082192e-07,False
2020-12-22,21,majority_baseline,{},0,0.2269294349,0.5163575321,0.2567130329,0.0004110640211,1,-0.001927857805,6.678082192e-07,False
2020-12-23,21,majority_baseline,{},0,0.2269294349,0.5163575321,0.2567130329,0.0004110640211,1,0.002499493339,3.595890411e-07,False
2020-12-24,21,majority_baseline,{},0,0.2269294349,0.5163575321,0.2567130329,0.0004110640211,1,0.001156784936,6.678082192e-07,False
2020-12-28,21,majority_baseline,{},0,0.2269294349,0.5163575321,0.2567130329,0.0004110640211,1,-0.006286632376,8.162100457e-07,False
2020-12-29,21,majority_baseline,{},0,0.2269294349,0.5163575321,0.2567130329,0.0004110640211,1,-0.0009400174989,7.420091324e-07,False
2020-12-30,21,majority_baseline,{},0,0.2269294349,0.5163575321,0.2567130329,0.0004110640211,1,0.005648518177,5.936073059e-07,False
2020-12-31,21,majority_baseline,{},0,0.2269294349,0.5163575321,0.2567130329,0.0004110640211,1,-0.01737227636,6.678082192e-07,False
2021-01-04,21,majority_baseline,{},0,0.2269294349,0.5163575321,0.2567130329,0.0004110640211,1,0.008774736114,6.678082192e-07,False
2021-01-05,21,majority_baseline,{},0,0.2269294349,0.5163575321,0.2567130329,0.0004110640211,1,0.01038650945,6.678082192e-07,False
2021-01-06,21,majority_baseline,{},0,0.2269294349,0.5163575321,0.2567130329,0.0004110640211,1,0.007976602047,6.678082192e-07,False
2021-01-07,21,majority_baseline,{},0,0.2269294349,0.5163575321,0.2567130329,0.0004110640211,1,0.001760459777,6.678082192e-07,False
2021-01-08,21,majority_baseline,{},0,0.2269294349,0.5163575321,0.2567130329,0.0004110640211,1,0.002223094905,5.936073059e-07,False
2021-01-11,21,majority_baseline,{},0,0.2269294349,0.5163575321,0.2567130329,0.0004110640211,1,-0.000316782234,5.936073059e-07,False
2021-01-12,21,majority_baseline,{},0,0.2269294349,0.5163575321,0.2567130329,0.0004110640211,1,0.002904766492,6.678082192e-07,False
2021-01-13,21,majority_baseline,{},0,0.2269294349,0.5163575321,0.2567130329,0.0004110640211,1,-0.0055965868,6.678082192e-07,False
2021-01-14,21,majority_baseline,{},0,0.2269294349,0.5163575321,0.2567130329,0.0004110640211,1,-0.002707552131,6.678082192e-07,False
2021-01-15,21,majority_baseline,{},0,0.2269294349,0.5163575321,0.2567130329,0.0004110640211,1,0.0008193624749,6.678082192e-07,False
2021-01-19,21,majority_baseline,{},0,0.2269294349,0.5163575321,0.2567130329,0.0004110640211,1,0.007294559164,6.678082192e-07,False
2021-01-20,22,majority_baseline,{},0,0.2399286854,0.4967452207,0.2633260939,0.0003445268667,0,-0.0006502121707,5.936073059e-07,False
2021-01-21,22,majority_baseline,{},0,0.2399286854,0.4967452207,0.2633260939,0.0003445268667,0,0.001648148939,6.678082192e-07,False
2021-01-22,22,majority_baseline,{},0,0.2399286854,0.4967452207,0.2633260939,0.0003445268667,0,0.001876615831,5.936073059e-07,False
2021-01-25,22,majority_baseline,{},0,0.2399286854,0.4967452207,0.2633260939,0.0003445268667,0,-0.004203303177,6.678082192e-07,False
2021-01-26,22,majority_baseline,{},0,0.2399286854,0.4967452207,0.2633260939,0.0003445268667,0,-0.01528062046,5.194063927e-07,False
2021-01-27,22,majority_baseline,{},0,0.2399286854,0.4967452207,0.2633260939,0.0003445268667,0,0.003374480533,5.936073059e-07,False
2021-01-28,22,majority_baseline,{},0,0.2399286854,0.4967452207,0.2633260939,0.0003445268667,0,-0.01480179305,5.194063927e-07,False
2021-01-29,22,majority_baseline,{},0,0.2399286854,0.4967452207,0.2633260939,0.0003445268667,0,0.006716284305,4.452054795e-07,False
2021-02-01,22,majority_baseline,{},0,0.2399286854,0.4967452207,0.2633260939,0.0003445268667,0,0.005004593607,5.194063927e-07,False
2021-02-02,22,majority_baseline,{},0,0.2399286854,0.4967452207,0.2633260939,0.0003445268667,0,-0.001542715905,5.194063927e-07,False
2021-02-03,22,majority_baseline,{},0,0.2399286854,0.4967452207,0.2633260939,0.0003445268667,0,0.008434330058,2.96803653e-07,False
2021-02-04,22,majority_baseline,{},0,0.2399286854,0.4967452207,0.2633260939,0.0003445268667,0,-0.001262289477,2.96803653e-07,False
2021-02-05,22,majority_baseline,{},0,0.2399286854,0.4967452207,0.2633260939,0.0003445268667,0,0.003185503173,2.226027397e-07,False
2021-02-08,22,majority_baseline,{},0,0.2399286854,0.4967452207,0.2633260939,0.0003445268667,0,0.001642705975,3.710045662e-07,False
2021-02-09,22,majority_baseline,{},0,0.2399286854,0.4967452207,0.2633260939,0.0003445268667,0,-0.005202510744,2.96803653e-07,False
2021-02-10,22,majority_baseline,{},0,0.2399286854,0.4967452207,0.2633260939,0.0003445268667,0,-0.001354664072,3.710045662e-07,False
2021-02-11,22,majority_baseline,{},0,0.2399286854,0.4967452207,0.2633260939,0.0003445268667,0,0.007156620545,3.710045662e-07,False
2021-02-12,22,majority_baseline,{},0,0.2399286854,0.4967452207,0.2633260939,0.0003445268667,0,-0.004213634889,2.96803653e-07,False
2021-02-16,22,majority_baseline,{},0,0.2399286854,0.4967452207,0.2633260939,0.0003445268667,0,0.005045851002,2.96803653e-07,False
2021-02-17,22,majority_baseline,{},0,0.2399286854,0.4967452207,0.2633260939,0.0003445268667,0,0.002900497642,2.96803653e-07,False
2021-02-18,22,majority_baseline,{},0,0.2399286854,0.4967452207,0.2633260939,0.0003445268667,0,-0.005203174239,2.226027397e-07,False
2021-02-19,23,majority_baseline,{},0,0.2400176214,0.5165592651,0.2434231135,0.0001943209282,0,-7.750416522e-05,2.96803653e-07,False
2021-02-22,23,majority_baseline,{},0,0.2400176214,0.5165592651,0.2434231135,0.0001943209282,0,0.007383133944,2.226027397e-07,False
2021-02-23,23,majority_baseline,{},0,0.2400176214,0.5165592651,0.2434231135,0.0001943209282,0,0.01408123269,2.96803653e-07,False
2021-02-24,23,majority_baseline,{},0,0.2400176214,0.5165592651,0.2434231135,0.0001943209282,0,-0.02069623478,2.226027397e-07,False
2021-02-25,23,majority_baseline,{},0,0.2400176214,0.5165592651,0.2434231135,0.0001943209282,0,-0.01038121681,2.96803653e-07,False
2021-02-26,23,majority_baseline,{},0,0.2400176214,0.5165592651,0.2434231135,0.0001943209282,0,0.01034775348,2.96803653e-07,False
2021-03-01,23,majority_baseline,{},0,0.2400176214,0.5165592651,0.2434231135,0.0001943209282,0,-0.008414136583,3.710045662e-07,False
2021-03-02,23,majority_baseline,{},0,0.2400176214,0.5165592651,0.2434231135,0.0001943209282,0,-0.01132739315,2.96803653e-07,False
2021-03-03,23,majority_baseline,{},0,0.2400176214,0.5165592651,0.2434231135,0.0001943209282,0,-0.01185664182,3.710045662e-07,False
2021-03-04,23,majority_baseline,{},0,0.2400176214,0.5165592651,0.2434231135,0.0001943209282,0,0.008332054488,2.96803653e-07,False
2021-03-05,23,majority_baseline,{},0,0.2400176214,0.5165592651,0.2434231135,0.0001943209282,0,-0.007643119637,2.96803653e-07,False
2021-03-08,23,majority_baseline,{},0,0.2400176214,0.5165592651,0.2434231135,0.0001943209282,0,0.003421037254,3.710045662e-07,False
2021-03-09,23,majority_baseline,{},0,0.2400176214,0.5165592651,0.2434231135,0.0001943209282,0,-0.0002823163075,3.710045662e-07,False
2021-03-10,23,majority_baseline,{},0,0.2400176214,0.5165592651,0.2434231135,0.0001943209282,0,0.003314350604,2.96803653e-07,False
2021-03-11,23,majority_baseline,{},0,0.2400176214,0.5165592651,0.2434231135,0.0001943209282,0,0.005075599293,2.96803653e-07,False
2021-03-12,23,majority_baseline,{},0,0.2400176214,0.5165592651,0.2434231135,0.0001943209282,0,0.00527481322,2.96803653e-07,False
2021-03-15,23,majority_baseline,{},0,0.2400176214,0.5165592651,0.2434231135,0.0001943209282,0,-0.002921408388,2.96803653e-07,False
2021-03-16,23,majority_baseline,{},0,0.2400176214,0.5165592651,0.2434231135,0.0001943209282,0,0.006919653724,1.484018265e-07,False
2021-03-17,23,majority_baseline,{},0,0.2400176214,0.5165592651,0.2434231135,0.0001943209282,0,-0.007604948251,1.484018265e-07,False
2021-03-18,23,majority_baseline,{},0,0.2400176214,0.5165592651,0.2434231135,0.0001943209282,0,-0.0010259412,7.420091324e-08,False
2021-03-19,23,majority_baseline,{},0,0.2400176214,0.5165592651,0.2434231135,0.0001943209282,0,0.00656359148,7.420091324e-08,False
2021-03-22,24,random_forest,"{'max_depth': 3, 'min_samples_leaf': 50}",0,0.2458295708,0.6085467985,0.1456236306,-0.0005696690973,-1,-0.0061493802,2.226027397e-07,False
2021-03-23,24,random_forest,"{'max_depth': 3, 'min_samples_leaf': 50}",0,0.2607569586,0.5158050972,0.2234379441,-0.0001549235579,0,-0.008900283943,7.420091324e-08,False
2021-03-24,24,random_forest,"{'max_depth': 3, 'min_samples_leaf': 50}",0,0.2748355524,0.4727454955,0.2524189521,-8.132327445e-05,0,0.009637807806,1.484018265e-07,False
2021-03-25,24,random_forest,"{'max_depth': 3, 'min_samples_leaf': 50}",0,0.2612527878,0.504692492,0.2340547203,-8.371061644e-05,0,0.01291796073,1.484018265e-07,False
2021-03-26,24,random_forest,"{'max_depth': 3, 'min_samples_leaf': 50}",0,0.2390811496,0.5536302097,0.2072886407,-6.464943147e-05,0,0.00349899813,1.484018265e-07,False
2021-03-29,24,random_forest,"{'max_depth': 3, 'min_samples_leaf': 50}",0,0.2578359605,0.5217901516,0.2203738879,-0.0001491069422,0,0.0007859580672,2.226027397e-07,False
2021-03-30,24,random_forest,"{'max_depth': 3, 'min_samples_leaf': 50}",0,0.2597747108,0.5152342227,0.2249910665,-0.0001344933993,0,0.002504148984,1.484018265e-07,False
2021-03-31,24,random_forest,"{'max_depth': 3, 'min_samples_leaf': 50}",0,0.2570489118,0.5071023224,0.2358487657,-3.09765333e-05,0,0.005547167285,2.226027397e-07,False
2021-04-01,24,random_forest,"{'max_depth': 3, 'min_samples_leaf': 50}",0,0.2073759569,0.6791930403,0.1134310028,-0.0004348569992,-1,0.007187810294,1.484018265e-07,False
2021-04-05,24,random_forest,"{'max_depth': 3, 'min_samples_leaf': 50}",0,0.2221965392,0.6458613688,0.131942092,-0.000443169401,-1,0.0008871878597,2.226027397e-07,False
2021-04-06,24,random_forest,"{'max_depth': 3, 'min_samples_leaf': 50}",0,0.2511753315,0.5489892617,0.1998354067,-0.0002327500821,0,0.00160120672,1.484018265e-07,False
2021-04-07,24,random_forest,"{'max_depth': 3, 'min_samples_leaf': 50}",0,0.2184997685,0.6447226122,0.1367776193,-0.0003734996324,0,0.001446317536,1.484018265e-07,False
2021-04-08,24,random_forest,"{'max_depth': 3, 'min_samples_leaf': 50}",0,0.2175931718,0.6491199157,0.1332869125,-0.0003898555352,0,0.007590723216,7.420091324e-08,False
2021-04-09,24,random_forest,"{'max_depth': 3, 'min_samples_leaf': 50}",0,0.2283378784,0.6206868576,0.150975264,-0.0003653612595,0,0.001922863698,1.484018265e-07,False
2021-04-12,24,random_forest,"{'max_depth': 3, 'min_samples_leaf': 50}",0,0.2430891914,0.5686612016,0.188249607,-0.0002388418616,0,0.003231809597,1.484018265e-07,False
2021-04-13,24,random_forest,"{'max_depth': 3, 'min_samples_leaf': 50}",0,0.2283537161,0.6157958286,0.1558504554,-0.0003306495619,0,-0.003342718201,2.226027397e-07,False
2021-04-14,24,random_forest,"{'max_depth': 3, 'min_samples_leaf': 50}",0,0.2456750568,0.5434513152,0.2108736281,-0.00010160578,0,0.005148172626,1.484018265e-07,False
2021-04-15,24,random_forest,"{'max_depth': 3, 'min_samples_leaf': 50}",0,0.2398544736,0.557628811,0.2025167154,-0.0001061137511,0,2.398978227e-05,1.484018265e-07,False
2021-04-16,24,random_forest,"{'max_depth': 3, 'min_samples_leaf': 50}",0,0.2552538572,0.4820574192,0.2626887236,0.0001779929301,0,-0.002522505693,1.484018265e-07,False
2021-04-19,24,random_forest,"{'max_depth': 3, 'min_samples_leaf': 50}",0,0.2646422361,0.4732943242,0.2620634397,8.440297548e-05,0,-0.004203788846,1.484018265e-07,False
2021-04-20,24,random_forest,"{'max_depth': 3, 'min_samples_leaf': 50}",0,0.2622185347,0.4822109301,0.2555705353,6.097966256e-05,0,0.01108113393,2.226027397e-07,False
2021-04-21,25,random_forest,"{'max_depth': 3, 'min_samples_leaf': 50}",0,0.2516605893,0.505985508,0.2423539026,9.870647777e-05,0,-0.008704286071,2.226027397e-07,False
2021-04-22,25,random_forest,"{'max_depth': 3, 'min_samples_leaf': 50}",0,0.276699777,0.3938932099,0.3294070131,0.0004843711083,1,0.009373398844,2.226027397e-07,False
2021-04-23,25,random_forest,"{'max_depth': 3, 'min_samples_leaf': 50}",0,0.2484752001,0.5154577681,0.2360670318,8.3881248e-05,0,0.0004072032426,2.226027397e-07,False
2021-04-26,25,random_forest,"{'max_depth': 3, 'min_samples_leaf': 50}",0,0.2580331689,0.5143986708,0.2275681604,-6.731212711e-05,0,-0.0009810345508,2.226027397e-07,False
2021-04-27,25,random_forest,"{'max_depth': 3, 'min_samples_leaf': 50}",0,0.2645138953,0.4871653964,0.2483207083,1.978618972e-05,0,-0.0009813161256,7.420091324e-08,False
2021-04-28,25,random_forest,"{'max_depth': 3, 'min_samples_leaf': 50}",0,0.2605700112,0.4917551597,0.2476748291,5.247580877e-05,0,-0.0006185995755,7.420091324e-08,False
2021-04-29,25,random_forest,"{'max_depth': 3, 'min_samples_leaf': 50}",0,0.2596207752,0.4526253837,0.2877538411,0.0003480667994,0,-0.0007902140699,7.420091324e-08,False
2021-04-30,25,random_forest,"{'max_depth': 3, 'min_samples_leaf': 50}",0,0.2825348269,0.3763579939,0.3411071792,0.0005128423815,1,-0.002932504887,7.420091324e-08,False
2021-05-03,25,random_forest,"{'max_depth': 3, 'min_samples_leaf': 50}",0,0.2598593254,0.4770325263,0.2631081483,0.0001695648861,0,-0.001081577991,2.96803653e-07,False
2021-05-04,25,random_forest,"{'max_depth': 3, 'min_samples_leaf': 50}",0,0.2824392497,0.4026387909,0.3149219594,0.0003264918479,0,-0.0039053259,1.484018265e-07,False
2021-05-05,25,random_forest,"{'max_depth': 3, 'min_samples_leaf': 50}",0,0.2599325802,0.476788634,0.2632787857,0.0001700921648,0,0.007791695806,1.484018265e-07,False
2021-05-06,25,random_forest,"{'max_depth': 3, 'min_samples_leaf': 50}",0,0.2529014888,0.4981533826,0.2489451286,0.0001341027076,0,0.005310867877,1.484018265e-07,False
2021-05-07,25,random_forest,"{'max_depth': 3, 'min_samples_leaf': 50}",0,0.2525100458,0.5040711201,0.2434188342,9.828627355e-05,0,-0.01079289355,1.484018265e-07,False
2021-05-10,25,random_forest,"{'max_depth': 3, 'min_samples_leaf': 50}",0,0.2702906481,0.4203777888,0.3093315632,0.0004014375285,1,0.002686965372,1.484018265e-07,False
2021-05-11,25,random_forest,"{'max_depth': 3, 'min_samples_leaf': 50}",0,0.3151748462,0.3393434016,0.3454817522,0.0002353571857,0,-0.01415268132,7.420091324e-08,False
2021-05-12,25,random_forest,"{'max_depth': 3, 'min_samples_leaf': 50}",0,0.3043899201,0.3210120365,0.3745980435,0.0005455957996,1,0.007885600436,1.484018265e-07,False
2021-05-13,25,random_forest,"{'max_depth': 3, 'min_samples_leaf': 50}",0,0.3055409657,0.3430760391,0.3513829951,0.0003686926169,0,0.008155647667,1.484018265e-07,False
2021-05-14,25,random_forest,"{'max_depth': 3, 'min_samples_leaf': 50}",0,0.2560083418,0.5016741638,0.2423174944,5.731719351e-05,0,0.0003128971496,7.420091324e-08,False
2021-05-17,25,random_forest,"{'max_depth': 3, 'min_samples_leaf': 50}",0,0.2569368679,0.4895194319,0.2535437002,0.0001288138958,0,-0.009283274421,1.484018265e-07,False
2021-05-18,25,random_forest,"{'max_depth': 3, 'min_samples_leaf': 50}",0,0.2725691658,0.441945103,0.2854857312,0.0002093578373,0,0.009682423494,1.484018265e-07,False
2021-05-19,25,random_forest,"{'max_depth': 3, 'min_samples_leaf': 50}",0,0.3144308347,0.3507066672,0.3348624981,0.0001664554193,0,0.008450731132,7.420091324e-08,False
2021-05-20,26,random_forest,"{'max_depth': 3, 'min_samples_leaf': 50}",0,0.2559239538,0.4808240567,0.2632519895,0.00020932364,0,-0.004629723171,7.420091324e-08,False
2021-05-21,26,random_forest,"{'max_depth': 3, 'min_samples_leaf': 50}",0,0.2732020645,0.4185729139,0.3082250216,0.0003688575118,0,0.004384954911,7.420091324e-08,False
2021-05-24,26,random_forest,"{'max_depth': 3, 'min_samples_leaf': 50}",0,0.2493864825,0.5347111057,0.2159024118,-6.879887282e-05,0,-0.004972275243,1.484018265e-07,False
2021-05-25,26,random_forest,"{'max_depth': 3, 'min_samples_leaf': 50}",0,0.2450715074,0.5005669825,0.25436151,0.0002480840418,0,0.0004775042153,1.484018265e-07,False
2021-05-26,26,random_forest,"{'max_depth': 3, 'min_samples_leaf': 50}",0,0.2461396032,0.5863093008,0.167551096,-0.0003852176323,0,-0.002094401892,1.484018265e-07,False
2021-05-27,26,random_forest,"{'max_depth': 3, 'min_samples_leaf': 50}",0,0.2542532455,0.573998047,0.1717487075,-0.0004317787931,-1,-0.002209166273,1.484018265e-07,False
2021-05-28,26,random_forest,"{'max_depth': 3, 'min_samples_leaf': 50}",0,0.2472494365,0.5377738782,0.2149766852,-5.524382678e-05,0,-0.006862753582,7.420091324e-08,False
2021-06-01,26,random_forest,"{'max_depth': 3, 'min_samples_leaf': 50}",0,0.2528147634,0.5092878339,0.2378974027,5.669511568e-05,0,-9.517464844e-05,1.484018265e-07,False
2021-06-02,26,random_forest,"{'max_depth': 3, 'min_samples_leaf': 50}",0,0.2505963686,0.5608990538,0.1885045776,-0.0002769224725,0,0.002201706088,1.484018265e-07,False
2021-06-03,26,random_forest,"{'max_depth': 3, 'min_samples_leaf': 50}",0,0.2529764598,0.5486787409,0.1983447994,-0.0002287784623,0,0.004396924697,1.484018265e-07,False
2021-06-04,26,random_forest,"{'max_depth': 3, 'min_samples_leaf': 50}",0,0.2329441306,0.5849183392,0.1821375302,-0.0001557704319,0,-0.0009465295482,1.484018265e-07,False
2021-06-07,26,random_forest,"{'max_depth': 3, 'min_samples_leaf': 50}",0,0.2422985245,0.5415494451,0.2161520304,-6.830553024e-09,0,-0.001961633312,1.484018265e-07,False
2021-06-08,26,random_forest,"{'max_depth': 3, 'min_samples_leaf': 50}",0,0.2402550491,0.4966623898,0.2630825611,0.0003562201398,0,-0.003615479969,1.484018265e-07,False
2021-06-09,26,random_forest,"{'max_depth': 3, 'min_samples_leaf': 50}",0,0.2495933295,0.4749795267,0.2754271438,0.0003565693756,0,0.001536774011,2.226027397e-07,False
2021-06-10,26,random_forest,"{'max_depth': 3, 'min_samples_leaf': 50}",0,0.2407733126,0.5147634967,0.2444631907,0.000217654134,0,0.0002592771351,2.226027397e-07,False
2021-06-11,26,random_forest,"{'max_depth': 3, 'min_samples_leaf': 50}",0,0.2425072936,0.5183390509,0.2391536555,0.0001631466552,0,0.001955604142,2.226027397e-07,False
2021-06-14,26,random_forest,"{'max_depth': 3, 'min_samples_leaf': 50}",0,0.2438736385,0.5273315798,0.2287947817,7.586549885e-05,0,-0.002209586852,2.226027397e-07,False
2021-06-15,26,random_forest,"{'max_depth': 3, 'min_samples_leaf': 50}",0,0.2470219309,0.5139930864,0.2389849827,0.0001192604394,0,-0.005934624187,2.226027397e-07,False
2021-06-16,26,random_forest,"{'max_depth': 3, 'min_samples_leaf': 50}",0,0.2574094648,0.4275290989,0.3150614364,0.0005672176713,1,0.0007114279497,2.96803653e-07,False
2021-06-17,26,random_forest,"{'max_depth': 3, 'min_samples_leaf': 50}",0,0.2659734197,0.4337091328,0.3003174476,0.0003804195571,0,-0.005202673058,2.96803653e-07,False
2021-06-18,26,random_forest,"{'max_depth': 3, 'min_samples_leaf': 50}",0,0.2716446092,0.2467795753,0.4815758156,0.001628051709,1,0.009740877175,3.710045662e-07,False
2021-06-21,27,random_forest,"{'max_depth': 3, 'min_samples_leaf': 50}",0,0.2826479207,0.43943898,0.2779130993,5.142504554e-05,0,0.005370035019,3.710045662e-07,False
2021-06-22,27,random_forest,"{'max_depth': 3, 'min_samples_leaf': 50}",0,0.2680834525,0.4917415013,0.2401750462,-8.23675047e-05,0,-0.001394164173,2.96803653e-07,False
2021-06-23,27,random_forest,"{'max_depth': 3, 'min_samples_leaf': 50}",0,0.2762097384,0.4977489662,0.2260412954,-0.0002600288373,0,0.0004942254937,3.710045662e-07,False
2021-06-24,27,random_forest,"{'max_depth': 3, 'min_samples_leaf': 50}",0,0.2606791645,0.528427158,0.2108936774,-0.000222774052,0,0.00166703797,3.710045662e-07,False
2021-06-25,27,random_forest,"{'max_depth': 3, 'min_samples_leaf': 50}",0,0.2645204984,0.5219151215,0.2135643801,-0.0002397029469,0,0.000702267865,4.452054795e-07,False
2021-06-28,27,random_forest,"{'max_depth': 3, 'min_samples_leaf': 50}",0,0.2610696934,0.5173214706,0.2216088359,-0.0001496141056,0,-0.0004206616373,3.710045662e-07,False
2021-06-29,27,random_forest,"{'max_depth': 3, 'min_samples_leaf': 50}",0,0.2626619643,0.5295367281,0.2078013076,-0.0002635688596,0,0.001989668037,2.96803653e-07,False
2021-06-30,27,random_forest,"{'max_depth': 3, 'min_samples_leaf': 50}",0,0.2439974851,0.5550578349,0.20094468,-0.0001374339036,0,0.003637460146,3.710045662e-07,False
2021-07-01,27,random_forest,"{'max_depth': 3, 'min_samples_leaf': 50}",0,0.2313604474,0.605642126,0.1629974265,-0.0002908288767,0,0.004748969565,3.710045662e-07,False
2021-07-02,27,random_forest,"{'max_depth': 3, 'min_samples_leaf': 50}",0,0.2351381127,0.593266299,0.1715955883,-0.0002646598512,0,-0.001959532693,3.710045662e-07,False
2021-07-06,27,random_forest,"{'max_depth': 3, 'min_samples_leaf': 50}",0,0.2704368645,0.427459241,0.3021038945,0.0003395597117,0,0.001844735063,3.710045662e-07,False
2021-07-07,27,random_forest,"{'max_depth': 3, 'min_samples_leaf': 50}",0,0.275685345,0.4330588958,0.2912557592,0.0002124846649,0,0.004990938452,3.710045662e-07,False
2021-07-08,27,random_forest,"{'max_depth': 3, 'min_samples_leaf': 50}",0,0.3057182296,0.3718177699,0.3224640005,0.000154178815,0,0.006912792745,4.452054795e-07,False
2021-07-09,27,random_forest,"{'max_depth': 3, 'min_samples_leaf': 50}",0,0.271693281,0.4705943325,0.2577123865,9.471850967e-06,0,0.00378934368,4.452054795e-07,False
2021-07-12,27,random_forest,"{'max_depth': 3, 'min_samples_leaf': 50}",0,0.2691259762,0.4617125904,0.2691614334,0.0001156737992,0,-0.00148999153,3.710045662e-07,False
2021-07-13,27,random_forest,"{'max_depth': 3, 'min_samples_leaf': 50}",0,0.261379843,0.4985416082,0.2400785488,-2.00989984e-05,0,-0.002652043211,3.710045662e-07,False
2021-07-14,27,random_forest,"{'max_depth': 3, 'min_samples_leaf': 50}",0,0.2624511741,0.4857149069,0.2518339189,5.412517215e-05,0,-0.0001379857829,4.452054795e-07,False
2021-07-15,27,random_forest,"{'max_depth': 3, 'min_samples_leaf': 50}",0,0.2699141395,0.4573036187,0.2727822419,0.000134232594,0,-0.01071079417,3.710045662e-07,False
2021-07-16,27,random_forest,"{'max_depth': 3, 'min_samples_leaf': 50}",0,0.2981664473,0.3003087825,0.4015247703,0.0007919718116,1,-0.002862575944,3.710045662e-07,False
2021-07-19,27,random_forest,"{'max_depth': 3, 'min_samples_leaf': 50}",0,0.3167891575,0.254302936,0.4289079066,0.0008134044337,1,0.01263861334,3.710045662e-07,False
2021-07-20,27,random_forest,"{'max_depth': 3, 'min_samples_leaf': 50}",0,0.3286845978,0.31586376,0.3554516422,0.0001750001031,0,0.005111697755,3.710045662e-07,False
2021-07-21,28,random_forest,"{'max_depth': 3, 'min_samples_leaf': 50}",0,0.2691173999,0.4751394075,0.2557431927,3.814510714e-05,0,0.001656165217,3.710045662e-07,False
2021-07-22,28,random_forest,"{'max_depth': 3, 'min_samples_leaf': 50}",0,0.2650271471,0.4858520296,0.2491208233,2.90723879e-05,0,0.005531206425,3.710045662e-07,False
2021-07-23,28,random_forest,"{'max_depth': 3, 'min_samples_leaf': 50}",0,0.2579154857,0.5012117125,0.2408728018,3.662719009e-05,0,0.003892448272,3.710045662e-07,False
2021-07-26,28,random_forest,"{'max_depth': 3, 'min_samples_leaf': 50}",0,0.2590733075,0.515819779,0.2251069135,-8.680502905e-05,0,-0.002045858951,3.710045662e-07,False
2021-07-27,28,random_forest,"{'max_depth': 3, 'min_samples_leaf': 50}",0,0.2860321809,0.4032601879,0.3107076312,0.0002726480822,0,-0.001933238013,3.710045662e-07,False
2021-07-28,28,random_forest,"{'max_depth': 3, 'min_samples_leaf': 50}",0,0.2639457813,0.4802886837,0.2557655351,8.664029212e-05,0,0.001887105127,3.710045662e-07,False
2021-07-29,28,random_forest,"{'max_depth': 3, 'min_samples_leaf': 50}",0,0.2641657454,0.4943519424,0.2414823122,-1.743619048e-05,0,0.001370158442,4.452054795e-07,False
2021-07-30,28,random_forest,"{'max_depth': 3, 'min_samples_leaf': 50}",0,0.2685372476,0.47139517,0.2600675824,7.44551687e-05,0,-0.006245174188,4.452054795e-07,False
2021-08-02,28,random_forest,"{'max_depth': 3, 'min_samples_leaf': 50}",0,0.2698332164,0.4222672503,0.3078995332,0.0004039914101,1,0.006180985994,3.710045662e-07,False
2021-08-03,28,random_forest,"{'max_depth': 3, 'min_samples_leaf': 50}",0,0.2591257287,0.4837004821,0.2571737892,0.0001417487661,0,-0.001819063771,3.710045662e-07,False
2021-08-04,28,random_forest,"{'max_depth': 3, 'min_samples_leaf': 50}",0,0.2737257361,0.4500030088,0.2762712551,0.0001416997031,0,0.003498270265,3.710045662e-07,False
2021-08-05,28,random_forest,"{'max_depth': 3, 'min_samples_leaf': 50}",0,0.2620777322,0.4950764547,0.2428458132,1.181811229e-05,0,0.0008821174673,3.710045662e-07,False
2021-08-06,28,random_forest,"{'max_depth': 3, 'min_samples_leaf': 50}",0,0.2554867627,0.509081481,0.2354317563,2.046311314e-05,0,-0.0007457998519,4.452054795e-07,False
2021-08-09,28,random_forest,"{'max_depth': 3, 'min_samples_leaf': 50}",0,0.2585478692,0.5066327659,0.2348193648,-1.252108978e-05,0,0.0001581693428,4.452054795e-07,False
2021-08-10,28,random_forest,"{'max_depth': 3, 'min_samples_leaf': 50}",0,0.2502331861,0.5378377622,0.2119290517,-9.830780627e-05,0,-9.014583717e-05,3.710045662e-07,False
2021-08-11,28,random_forest,"{'max_depth': 3, 'min_samples_leaf': 50}",0,0.243662949,0.5522086731,0.204128378,-9.261806093e-05,0,0.003358708663,3.710045662e-07,False
2021-08-12,28,random_forest,"{'max_depth': 3, 'min_samples_leaf': 50}",0,0.2444738954,0.5441431762,0.2113829284,-4.838042308e-05,0,0.0007406294698,4.452054795e-07,False
2021-08-13,28,random_forest,"{'max_depth': 3, 'min_samples_leaf': 50}",0,0.2388570299,0.5701108212,0.1910321489,-0.0001412427047,0,0.005488948979,4.452054795e-07,False
2021-08-16,28,random_forest,"{'max_depth': 3, 'min_samples_leaf': 50}",0,0.2418123252,0.5466820869,0.2115055879,-2.262841892e-05,0,-0.0004501657867,4.452054795e-07,False
2021-08-17,28,random_forest,"{'max_depth': 3, 'min_samples_leaf': 50}",0,0.2770494704,0.4232059962,0.2997445333,0.0002782973604,0,-0.008533499227,5.194063927e-07,False
2021-08-18,28,random_forest,"{'max_depth': 3, 'min_samples_leaf': 50}",0,0.3354053003,0.2268669861,0.4377277136,0.0007184561537,1,0.008228840931,5.194063927e-07,False
2021-08-19,29,random_forest,"{'max_depth': 3, 'min_samples_leaf': 50}",0,0.3231514271,0.2218052583,0.4550433146,0.0009627675556,1,0.007109861424,4.452054795e-07,False
2021-08-20,29,random_forest,"{'max_depth': 3, 'min_samples_leaf': 50}",0,0.2660471877,0.4411704675,0.2927823447,0.0003420348446,0,0.004717418633,3.710045662e-07,False
2021-08-23,29,random_forest,"{'max_depth': 3, 'min_samples_leaf': 50}",0,0.2393038507,0.5291854489,0.2315107005,0.000155854999,0,0,3.710045662e-07,False
2021-08-24,29,random_forest,"{'max_depth': 3, 'min_samples_leaf': 50}",0,0.2440220323,0.5322277908,0.2237501768,5.68290682e-05,0,0.001651137249,3.710045662e-07,False
2021-08-25,29,random_forest,"{'max_depth': 3, 'min_samples_leaf': 50}",0,0.2428082552,0.5366367541,0.2205549908,4.543702095e-05,0,-0.005238348739,4.452054795e-07,False
2021-08-26,29,random_forest,"{'max_depth': 3, 'min_samples_leaf': 50}",0,0.2642368615,0.4545907622,0.2811723763,0.0002764399851,0,0.007000368894,3.710045662e-07,False
2021-08-27,29,random_forest,"{'max_depth': 3, 'min_samples_leaf': 50}",0,0.2480429293,0.4906999079,0.2612571629,0.0002857492079,0,0.00279399903,3.710045662e-07,False
2021-08-30,29,random_forest,"{'max_depth': 3, 'min_samples_leaf': 50}",0,0.2424597502,0.5241290942,0.2334111556,0.0001399756906,0,-0.001260715574,3.710045662e-07,False
2021-08-31,29,random_forest,"{'max_depth': 3, 'min_samples_leaf': 50}",0,0.237302729,0.5407946551,0.2219026159,0.0001062519245,0,-0.001679356873,2.96803653e-07,False
2021-09-01,29,random_forest,"{'max_depth': 3, 'min_samples_leaf': 50}",0,0.2202680915,0.632004932,0.1477269765,-0.0002619303354,0,-0.0002867840016,3.710045662e-07,False
2021-09-02,29,random_forest,"{'max_depth': 3, 'min_samples_leaf': 50}",0,0.2227451716,0.6230668591,0.1541879692,-0.0002391057302,0,0.002433681932,3.710045662e-07,False
2021-09-03,29,random_forest,"{'max_depth': 3, 'min_samples_leaf': 50}",0,0.2366559312,0.5525860989,0.21075797,3.313138831e-05,0,-0.002761149493,3.710045662e-07,False
2021-09-07,29,random_forest,"{'max_depth': 3, 'min_samples_leaf': 50}",0,0.2659302185,0.4923404751,0.2417293063,-1.941667357e-05,0,4.433247537e-05,3.710045662e-07,False
2021-09-08,29,random_forest,"{'max_depth': 3, 'min_samples_leaf': 50}",0,0.2601014125,0.4805400504,0.2593585371,0.0001600270087,0,-0.003816288276,3.710045662e-07,False
2021-09-09,29,random_forest,"{'max_depth': 3, 'min_samples_leaf': 50}",0,0.2824944739,0.3626558058,0.3548497203,0.0006297003551,1,-0.01241576364,2.96803653e-07,False
2021-09-10,29,random_forest,"{'max_depth': 3, 'min_samples_leaf': 50}",0,0.29792444,0.2953229995,0.4067525605,0.0008546541348,1,-0.00459171712,3.710045662e-07,False
2021-09-13,29,random_forest,"{'max_depth': 3, 'min_samples_leaf': 50}",0,0.296597736,0.3045314212,0.3988708429,0.0008110329838,1,-0.008814562437,4.452054795e-07,False
2021-09-14,29,random_forest,"{'max_depth': 3, 'min_samples_leaf': 50}",0,0.3043982885,0.279408117,0.4161935946,0.0008614390887,1,0.007332125934,2.96803653e-07,False
2021-09-15,29,random_forest,"{'max_depth': 3, 'min_samples_leaf': 50}",0,0.2725087513,0.4262037966,0.3012874521,0.0003422878975,0,-0.0003353167204,2.96803653e-07,False
2021-09-16,29,random_forest,"{'max_depth': 3, 'min_samples_leaf': 50}",0,0.2882870282,0.3959660003,0.3157469715,0.0002981053357,0,-0.007911578266,2.96803653e-07,False
2021-09-17,29,random_forest,"{'max_depth': 3, 'min_samples_leaf': 50}",0,0.3181105929,0.2277608248,0.4541285823,0.001003191576,1,-0.001931558708,2.96803653e-07,False
2021-09-20,30,random_forest,"{'max_depth': 3, 'min_samples_leaf': 50}",0,0.3289351996,0.2267409359,0.4443238645,0.0008195420071,1,-0.006643286636,2.96803653e-07,False
2021-09-21,30,random_forest,"{'max_depth': 3, 'min_samples_leaf': 50}",0,0.3218598214,0.2461224496,0.4320177289,0.0007979281411,1,0.0041508945,2.226027397e-07,False
2021-09-22,30,random_forest,"{'max_depth': 3, 'min_samples_leaf': 50}",0,0.3163309186,0.3112378611,0.3724312203,0.0004265440203,1,0.007570731953,2.226027397e-07,False
2021-09-23,30,random_forest,"{'max_depth': 3, 'min_samples_leaf': 50}",0,0.252184238,0.5026388042,0.2451769578,0.0001193204154,0,0.005595327205,2.226027397e-07,False
2021-09-24,30,random_forest,"{'max_depth': 3, 'min_samples_leaf': 50}",0,0.2422018798,0.5386584566,0.2191396635,2.72842265e-05,0,-0.0003838731612,2.226027397e-07,False
2021-09-27,30,random_forest,"{'max_depth': 3, 'min_samples_leaf': 50}",0,0.2648995945,0.4897019045,0.245398501,2.843445767e-06,0,-0.01357775082,2.96803653e-07,False
2021-09-28,30,random_forest,"{'max_depth': 3, 'min_samples_leaf': 50}",0,0.34387655,0.2561790929,0.3999443571,0.0003659936209,0,-0.001700384148,2.96803653e-07,False
2021-09-29,30,random_forest,"{'max_depth': 3, 'min_samples_leaf': 50}",0,0.3182227761,0.3192310654,0.3625461586,0.0003388542642,0,-0.01577903438,2.96803653e-07,False
2021-09-30,30,random_forest,"{'max_depth': 3, 'min_samples_leaf': 50}",0,0.31046878,0.284827432,0.404703788,0.0007099133953,1,0.007564107993,2.96803653e-07,False
2021-10-01,30,random_forest,"{'max_depth': 3, 'min_samples_leaf': 50}",0,0.2719102799,0.4129329789,0.3151567412,0.000432630319,1,-0.01006925037,2.96803653e-07,False
2021-10-04,30,random_forest,"{'max_depth': 3, 'min_samples_leaf': 50}",0,0.2911140239,0.3716551196,0.3372308566,0.0004109404166,1,0.006647489501,2.96803653e-07,False
2021-10-05,30,random_forest,"{'max_depth': 3, 'min_samples_leaf': 50}",0,0.2591228328,0.4855569347,0.2553202326,0.0001268605656,0,0.01311530055,2.96803653e-07,False
2021-10-06,30,random_forest,"{'max_depth': 3, 'min_samples_leaf': 50}",0,0.2543484869,0.4729925748,0.2726589383,0.0002941882564,0,0.0006158650527,2.96803653e-07,False
2021-10-07,30,random_forest,"{'max_depth': 3, 'min_samples_leaf': 50}",0,0.2456670239,0.5154285458,0.2389044302,0.0001353277546,0,-0.003686232993,3.710045662e-07,False
2021-10-08,30,random_forest,"{'max_depth': 3, 'min_samples_leaf': 50}",0,0.2458174687,0.5102303684,0.243952163,0.0001697402805,0,-0.005650107894,3.710045662e-07,False
2021-10-11,30,random_forest,"{'max_depth': 3, 'min_samples_leaf': 50}",0,0.2557393215,0.4983901955,0.245870483,9.123518271e-05,0,-0.004705438143,3.710045662e-07,False
2021-10-12,30,random_forest,"{'max_depth': 3, 'min_samples_leaf': 50}",0,0.2488485568,0.5116883607,0.2394630825,0.0001097537391,0,0.00108118347,4.452054795e-07,False
2021-10-13,30,random_forest,"{'max_depth': 3, 'min_samples_leaf': 50}",0,0.2457818178,0.5349100454,0.2193081368,-4.756537196e-06,0,0.007789044267,3.710045662e-07,False
2021-10-14,30,random_forest,"{'max_depth': 3, 'min_samples_leaf': 50}",0,0.2058094257,0.6546455686,0.1395450057,-0.0001995048029,0,0.002518257757,3.710045662e-07,False
2021-10-15,30,random_forest,"{'max_depth': 3, 'min_samples_leaf': 50}",0,0.1974439725,0.6722349636,0.130321064,-0.0001872762202,0,0.007252744983,3.710045662e-07,False
2021-10-18,30,random_forest,"{'max_depth': 3, 'min_samples_leaf': 50}",0,0.1955320046,0.6758676726,0.1286003228,-0.0001817327757,0,0.003831420302,4.452054795e-07,False
2021-10-19,31,random_forest,"{'max_depth': 3, 'min_samples_leaf': 50}",0,0.1874593441,0.7092197445,0.1033209114,-0.0002865525378,0,0.002837317035,3.710045662e-07,False
2021-10-20,31,random_forest,"{'max_depth': 3, 'min_samples_leaf': 50}",0,0.1877888698,0.7074965849,0.1047145453,-0.0002797075575,0,0.004028615129,3.710045662e-07,False
2021-10-21,31,random_forest,"{'max_depth': 3, 'min_samples_leaf': 50}",0,0.1893643589,0.7030620151,0.107573626,-0.0002740353018,0,-2.209025991e-05,4.452054795e-07,False
2021-10-22,31,random_forest,"{'max_depth': 3, 'min_samples_leaf': 50}",0,0.2143815206,0.6237803408,0.1618381386,-0.0001209158812,0,0.00279560854,4.452054795e-07,False
2021-10-25,31,random_forest,"{'max_depth': 3, 'min_samples_leaf': 50}",0,0.1901608011,0.7061972317,0.1036419672,-0.0003094091468,0,-0.002712206269,4.452054795e-07,False
2021-10-26,31,random_forest,"{'max_depth': 3, 'min_samples_leaf': 50}",0,0.2186320451,0.6173492434,0.1640187115,-0.0001449632837,0,-0.005498980517,4.452054795e-07,False
2021-10-27,31,random_forest,"{'max_depth': 3, 'min_samples_leaf': 50}",0,0.2324957933,0.5460984065,0.2214058002,0.0001341585386,0,0.006279400836,4.452054795e-07,False
2021-10-28,31,random_forest,"{'max_depth': 3, 'min_samples_leaf': 50}",0,0.2355075313,0.5471713945,0.2173210741,7.708035897e-05,0,0.007414405342,4.452054795e-07,False
2021-10-29,31,random_forest,"{'max_depth': 3, 'min_samples_leaf': 50}",0,0.2373178124,0.5361731818,0.2265090058,0.0001255786274,0,-0.0005648039399,3.710045662e-07,False
2021-11-01,31,random_forest,"{'max_depth': 3, 'min_samples_leaf': 50}",0,0.2515541561,0.5040394575,0.2444063864,0.0001203808889,0,0.003650412225,3.710045662e-07,False
2021-11-02,31,random_forest,"{'max_depth': 3, 'min_samples_leaf': 50}",0,0.2585485723,0.4629736907,0.278477737,0.0002976069214,0,0.00741385977,3.710045662e-07,False
2021-11-03,31,random_forest,"{'max_depth': 3, 'min_samples_leaf': 50}",0,0.2549405233,0.4718363047,0.2732231719,0.0002938130589,0,0.003330794039,3.710045662e-07,False
2021-11-04,31,random_forest,"{'max_depth': 3, 'min_samples_leaf': 50}",0,0.2562566436,0.4775326466,0.2662107098,0.0002316922702,0,-0.001598192941,2.96803653e-07,False
2021-11-05,31,random_forest,"{'max_depth': 3, 'min_samples_leaf': 50}",0,0.2606324138,0.4057846514,0.3335829348,0.0006701245852,1,-0.001639385899,3.710045662e-07,False
2021-11-08,31,random_forest,"{'max_depth': 3, 'min_samples_leaf': 50}",0,0.2818507332,0.4090132248,0.309136042,0.0002987981154,0,-0.004133645257,4.452054795e-07,False
2021-11-09,31,random_forest,"{'max_depth': 3, 'min_samples_leaf': 50}",0,0.2790094119,0.3654078704,0.3555827177,0.0006555700217,1,-0.004209784626,2.96803653e-07,False
2021-11-10,31,random_forest,"{'max_depth': 3, 'min_samples_leaf': 50}",0,0.3030645228,0.2959063377,0.4010291395,0.0007549277977,1,-0.003095381539,3.710045662e-07,False
2021-11-11,31,random_forest,"{'max_depth': 3, 'min_samples_leaf': 50}",0,0.2786099103,0.4328443355,0.2885457543,0.0001825186342,0,0.004622450021,3.710045662e-07,False
2021-11-12,31,random_forest,"{'max_depth': 3, 'min_samples_leaf': 50}",0,0.2483336504,0.522351461,0.2293148886,4.301991628e-05,0,-0.002581986089,3.710045662e-07,False
2021-11-15,31,random_forest,"{'max_depth': 3, 'min_samples_leaf': 50}",0,0.2645747618,0.4916835828,0.2437416553,-5.517470119e-06,0,0.004559573813,3.710045662e-07,False
2021-11-16,31,random_forest,"{'max_depth': 3, 'min_samples_leaf': 50}",0,0.2668776707,0.453676526,0.2794458034,0.0002269806059,0,-0.001833657259,3.710045662e-07,False
2021-11-17,32,random_forest,"{'max_depth': 3, 'min_samples_leaf': 50}",0,0.3055039289,0.382895485,0.3116005861,0.0001072891581,0,0.001044285906,3.710045662e-07,False
2021-11-18,32,random_forest,"{'max_depth': 3, 'min_samples_leaf': 50}",0,0.3172306374,0.345358654,0.3374107086,0.0001818683104,0,-0.001533124566,3.710045662e-07,False
2021-11-19,32,random_forest,"{'max_depth': 3, 'min_samples_leaf': 50}",0,0.3052980085,0.3511521567,0.3435498348,0.0003356130863,0,-0.007050494187,3.710045662e-07,False
2021-11-22,32,random_forest,"{'max_depth': 3, 'min_samples_leaf': 50}",0,0.3305926905,0.2562893846,0.4131179249,0.0005949560458,1,0.002076112315,3.710045662e-07,False
2021-11-23,32,random_forest,"{'max_depth': 3, 'min_samples_leaf': 50}",0,0.3205709831,0.3023987537,0.3770302633,0.0004317895325,1,0.007252295482,4.452054795e-07,False
2021-11-24,32,random_forest,"{'max_depth': 3, 'min_samples_leaf': 50}",0,0.3137006042,0.3420448661,0.3442545297,0.0002629814195,0,-0.007288997617,2.397260274e-07,False
2021-11-26,32,random_forest,"{'max_depth': 3, 'min_samples_leaf': 50}",0,0.3413338301,0.1620666739,0.496599496,0.001087352774,1,0.001142066588,4.452054795e-07,False
2021-11-29,32,random_forest,"{'max_depth': 3, 'min_samples_leaf': 50}",0,0.3598805475,0.224304299,0.4158151535,0.0003435007881,0,-0.01393939919,4.452054795e-07,False
2021-11-30,32,random_forest,"{'max_depth': 3, 'min_samples_leaf': 50}",0,0.3434136081,0.1555376581,0.5010487338,0.001099670506,1,-0.02413138896,3.710045662e-07,False
2021-12-01,32,random_forest,"{'max_depth': 3, 'min_samples_leaf': 50}",0,0.3259472491,0.163664228,0.5103885229,0.001327220415,1,0.01479817799,4.452054795e-07,False
2021-12-02,32,random_forest,"{'max_depth': 3, 'min_samples_leaf': 50}",0,0.3204502553,0.2207933793,0.4587563653,0.001012090694,1,-0.01252259468,3.710045662e-07,False
2021-12-03,32,random_forest,"{'max_depth': 3, 'min_samples_leaf': 50}",0,0.3177539362,0.2059147082,0.4763313556,0.001161552565,1,0.005831678847,4.452054795e-07,False
2021-12-06,32,random_forest,"{'max_depth': 3, 'min_samples_leaf': 50}",0,0.3142759649,0.3050958311,0.3806282041,0.0005154431552,1,0.008333143169,3.710045662e-07,False
2021-12-07,32,random_forest,"{'max_depth': 3, 'min_samples_leaf': 50}",0,0.2294034376,0.5664479384,0.204148624,4.882624765e-05,0,0.001749470323,4.452054795e-07,False
2021-12-08,32,random_forest,"{'max_depth': 3, 'min_samples_leaf': 50}",0,0.2127698497,0.6224259433,0.164804207,-7.633801268e-05,0,-0.003844895406,5.194063927e-07,False
2021-12-09,32,random_forest,"{'max_depth': 3, 'min_samples_leaf': 50}",0,0.2384678231,0.5348512427,0.2266809342,0.0001247711911,0,0.003217993701,4.452054795e-07,False
2021-12-10,32,random_forest,"{'max_depth': 3, 'min_samples_leaf': 50}",0,0.1957265038,0.6645641947,0.1397093015,-9.673174216e-05,0,-0.007699004738,4.452054795e-07,False
2021-12-13,32,random_forest,"{'max_depth': 3, 'min_samples_leaf': 50}",0,0.2344857804,0.5180373746,0.247476845,0.0003089373603,0,0.0005830162912,3.710045662e-07,False
2021-12-14,32,random_forest,"{'max_depth': 3, 'min_samples_leaf': 50}",0,0.2438662525,0.512416623,0.2437171245,0.0001956328424,0,0.01549348861,3.710045662e-07,False
2021-12-15,32,random_forest,"{'max_depth': 3, 'min_samples_leaf': 50}",0,0.2170049799,0.5686486828,0.2143463372,0.0002356373513,0,-0.01295045174,3.710045662e-07,False
2021-12-16,32,random_forest,"{'max_depth': 3, 'min_samples_leaf': 50}",0,0.239588606,0.5148852955,0.2455260985,0.0002479711065,0,-0.003639893144,3.710045662e-07,False
2021-12-17,33,random_forest,"{'max_depth': 3, 'min_samples_leaf': 50}",0,0.2525918006,0.4554210855,0.2919871139,0.000437781665,1,0.001100158402,3.710045662e-07,False
2021-12-20,33,random_forest,"{'max_depth': 3, 'min_samples_leaf': 50}",0,0.2580533824,0.4579182517,0.284028366,0.0003302794808,0,0.009703260695,5.194063927e-07,False
2021-12-21,33,random_forest,"{'max_depth': 3, 'min_samples_leaf': 50}",0,0.2580175862,0.4949011299,0.2470812839,6.729329931e-05,0,0.01058794211,5.194063927e-07,False
2021-12-22,33,random_forest,"{'max_depth': 3, 'min_samples_leaf': 50}",0,0.217731163,0.5979414501,0.1843273868,-5.373012728e-06,0,0.003946679692,5.936073059e-07,False
2021-12-23,33,random_forest,"{'max_depth': 3, 'min_samples_leaf': 50}",0,0.2112794214,0.6475928936,0.1411276849,-0.0002532668345,0,0.01101557486,5.194063927e-07,False
2021-12-27,33,random_forest,"{'max_depth': 3, 'min_samples_leaf': 50}",0,0.2048778682,0.639736974,0.1553851578,-9.213443873e-05,0,-0.001779297681,4.452054795e-07,False
2021-12-28,33,random_forest,"{'max_depth': 3, 'min_samples_leaf': 50}",0,0.1915044706,0.6836849631,0.1248105663,-0.0001856937643,0,0.001048262026,4.452054795e-07,False
2021-12-29,33,random_forest,"{'max_depth': 3, 'min_samples_leaf': 50}",0,0.1772052139,0.732718257,0.09007652912,-0.0003002886682,0,-0.003703448387,3.710045662e-07,False
2021-12-30,33,random_forest,"{'max_depth': 3, 'min_samples_leaf': 50}",0,0.2392116135,0.5459933584,0.2147950281,1.204617512e-05,0,-0.001429701378,3.710045662e-07,False
2021-12-31,33,random_forest,"{'max_depth': 3, 'min_samples_leaf': 50}",0,0.238062401,0.5610572285,0.2008803705,-7.643734808e-05,0,0.002960326775,4.452054795e-07,False
2022-01-03,33,random_forest,"{'max_depth': 3, 'min_samples_leaf': 50}",0,0.2168886851,0.6066641465,0.1764471684,-5.370151496e-05,0,-0.003484857453,5.936073059e-07,False
2022-01-04,33,random_forest,"{'max_depth': 3, 'min_samples_leaf': 50}",0,0.2263405913,0.5964040559,0.1772553528,-0.0001358237625,0,-0.01840053389,5.936073059e-07,False
2022-01-05,33,random_forest,"{'max_depth': 3, 'min_samples_leaf': 50}",0,0.2811358928,0.3813356178,0.3375284893,0.00049695373,1,0.000106836705,6.678082192e-07,False
2022-01-06,33,random_forest,"{'max_depth': 3, 'min_samples_leaf': 50}",0,0.2964220959,0.3994501877,0.3041277164,0.0001167806412,0,-0.00397481737,7.420091324e-07,False
2022-01-07,33,random_forest,"{'max_depth': 3, 'min_samples_leaf': 50}",0,0.2992875407,0.4018209246,0.2988915347,5.282038878e-05,0,0.006073043906,7.420091324e-07,False
2022-01-10,33,random_forest,"{'max_depth': 3, 'min_samples_leaf': 50}",0,0.2973392593,0.3670225859,0.3356381547,0.0003328254883,0,0.009715600747,9.646118721e-07,False
2022-01-11,33,random_forest,"{'max_depth': 3, 'min_samples_leaf': 50}",0,0.2966105026,0.4233782203,0.2800112771,-5.684713608e-05,0,-0.001208692681,8.162100457e-07,False
2022-01-12,33,random_forest,"{'max_depth': 3, 'min_samples_leaf': 50}",0,0.2646525151,0.5068435813,0.2285039037,-0.0001267966291,0,-0.01622229112,8.904109589e-07,False
2022-01-13,33,random_forest,"{'max_depth': 3, 'min_samples_leaf': 50}",0,0.3125854475,0.2655143607,0.4219001918,0.0008058520824,1,0.007654109575,8.904109589e-07,False
2022-01-14,33,random_forest,"{'max_depth': 3, 'min_samples_leaf': 50}",0,0.2958121257,0.3641607808,0.3400270935,0.0003783041292,0,-0.007069213312,9.646118721e-07,False
2022-01-18,33,random_forest,"{'max_depth': 3, 'min_samples_leaf': 50}",0,0.3482952196,0.1643553848,0.4873493956,0.0009402805113,1,-0.01392618861,1.187214612e-06,False
2022-01-19,34,random_forest,"{'max_depth': 3, 'min_samples_leaf': 50}",0,0.3855100576,0.1227670345,0.491722908,0.0006215474342,1,-0.0154269974,1.261415525e-06,False
2022-01-20,34,random_forest,"{'max_depth': 3, 'min_samples_leaf': 50}",0,0.4031233116,0.1204808545,0.4763958339,0.0003475114276,0,-0.0170122689,1.261415525e-06,False
2022-01-21,34,random_forest,"{'max_depth': 3, 'min_samples_leaf': 50}",0,0.3805140444,0.1332420581,0.4862438975,0.0006289540166,1,0.01807744264,1.261415525e-06,False
2022-01-24,34,random_forest,"{'max_depth': 3, 'min_samples_leaf': 50}",0,0.4159241773,0.1378432337,0.446232589,1.220385133e-05,0,0.003255908456,1.409817352e-06,False
2022-01-25,34,random_forest,"{'max_depth': 3, 'min_samples_leaf': 50}",0,0.3899453175,0.1402679222,0.4697867603,0.0004231758737,1,-0.01665455677,1.409817352e-06,False
2022-01-26,34,random_forest,"{'max_depth': 3, 'min_samples_leaf': 50}",0,0.3504751319,0.1611411579,0.4883837102,0.0009245575313,1,-0.01601793317,1.409817352e-06,False
2022-01-27,34,random_forest,"{'max_depth': 3, 'min_samples_leaf': 50}",0,0.3328088052,0.2042600698,0.462931125,0.0009072480393,1,0.02142465508,1.484018265e-06,False
2022-01-28,34,random_forest,"{'max_depth': 3, 'min_samples_leaf': 50}",0,0.3462630469,0.2767837132,0.3769532399,0.0001664049269,0,0.01964920137,1.409817352e-06,False
2022-01-31,34,random_forest,"{'max_depth': 3, 'min_samples_leaf': 50}",0,0.2333997961,0.5448864268,0.2217137771,0.0001085445433,0,0.005036876647,1.632420091e-06,False
2022-02-01,34,random_forest,"{'max_depth': 3, 'min_samples_leaf': 50}",0,0.212552168,0.6152044965,0.1722433355,-5.096499251e-05,0,0.004061484282,1.409817352e-06,False
2022-02-02,34,random_forest,"{'max_depth': 3, 'min_samples_leaf': 50}",0,0.2070817085,0.6276629458,0.1652553456,-4.993045286e-05,0,-0.009646315425,1.409817352e-06,False
2022-02-03,34,random_forest,"{'max_depth': 3, 'min_samples_leaf': 50}",0,0.2548196313,0.4908632045,0.2543171643,0.0001420053521,0,0.005264940176,1.484018265e-06,False
2022-02-04,34,random_forest,"{'max_depth': 3, 'min_samples_leaf': 50}",0,0.2552793391,0.5210158926,0.2237047683,-8.136255695e-05,0,-0.005005450309,1.706621005e-06,False
2022-02-07,34,random_forest,"{'max_depth': 3, 'min_samples_leaf': 50}",0,0.2471850704,0.5562866088,0.1965283208,-0.0002003247678,0,0.009424017512,2.003424658e-06,False
2022-02-08,34,random_forest,"{'max_depth': 3, 'min_samples_leaf': 50}",0,0.2128600987,0.6424934799,0.1446464214,-0.0002513363091,0,0.005096452903,1.855022831e-06,False
2022-02-09,34,random_forest,"{'max_depth': 3, 'min_samples_leaf': 50}",0,0.1655891674,0.7437896866,0.09062114608,-0.0001968896086,0,-0.00447553729,1.929223744e-06,False
2022-02-10,34,random_forest,"{'max_depth': 3, 'min_samples_leaf': 50}",0,0.2534245662,0.532856401,0.2137190328,-0.0001355190502,0,-0.01991502675,2.96803653e-06,False
2022-02-11,34,random_forest,"{'max_depth': 3, 'min_samples_leaf': 50}",0,0.2727107645,0.4216600561,0.3056291794,0.0003422808949,0,-0.002045881976,2.671232877e-06,False
2022-02-14,34,random_forest,"{'max_depth': 3, 'min_samples_leaf': 50}",0,0.3317461682,0.3102470809,0.3580067509,0.000166269322,0,0.005341074605,3.190639269e-06,False
2022-02-15,34,random_forest,"{'max_depth': 3, 'min_samples_leaf': 50}",0,0.3112120202,0.3777352366,0.3110527432,2.184366413e-05,0,0.006014492268,2.96803653e-06,False
2022-02-16,34,random_forest,"{'max_depth': 3, 'min_samples_leaf': 50}",0,0.2563123445,0.5284988793,0.2151887762,-0.0001519463441,0,-0.01389829806,2.819634703e-06,False
2022-02-17,35,random_forest,"{'max_depth': 3, 'min_samples_leaf': 50}",0,0.2748377961,0.4151415872,0.3100206168,0.0003424441257,0,-0.007088412897,2.671232877e-06,False
2022-02-18,35,random_forest,"{'max_depth': 3, 'min_samples_leaf': 50}",0,0.277518586,0.4153442559,0.307137158,0.0002961901371,0,-0.00537175494,2.597031963e-06,False
2022-02-22,35,random_forest,"{'max_depth': 3, 'min_samples_leaf': 50}",0,0.3290448932,0.2886115925,0.3823435143,0.000351692842,0,-0.0247538284,2.74543379e-06,False
2022-02-23,35,random_forest,"{'max_depth': 3, 'min_samples_leaf': 50}",0,0.3344083543,0.2322146605,0.4333769852,0.0006698728491,1,0.04204174793,2.52283105e-06,False
2022-02-24,35,random_forest,"{'max_depth': 3, 'min_samples_leaf': 50}",0,0.3884307794,0.1938208302,0.4177483904,4.492193263e-05,0,0.01894745201,2.374429224e-06,False
2022-02-25,35,random_forest,"{'max_depth': 3, 'min_samples_leaf': 50}",0,0.2445294679,0.5353983321,0.2200722,-2.072673595e-05,0,0.01064742279,2.448630137e-06,False
2022-02-28,35,random_forest,"{'max_depth': 3, 'min_samples_leaf': 50}",0,0.333407558,0.2794376463,0.3871547957,0.0003451387615,0,-0.01163110859,2.597031963e-06,False
2022-03-01,35,random_forest,"{'max_depth': 3, 'min_samples_leaf': 50}",0,0.3453204146,0.1880637231,0.4666158623,0.000806804224,1,0.01276688866,2.374429224e-06,False
2022-03-02,35,random_forest,"{'max_depth': 3, 'min_samples_leaf': 50}",0,0.2893801693,0.4111430512,0.2994767794,0.0001283936214,0,-0.01080666058,2.52283105e-06,False
2022-03-03,35,random_forest,"{'max_depth': 3, 'min_samples_leaf': 50}",0,0.3044463323,0.3533665133,0.3421871544,0.0002944439272,0,0.0009728162022,2.819634703e-06,False
2022-03-04,35,random_forest,"{'max_depth': 3, 'min_samples_leaf': 50}",0,0.3185597258,0.3467365501,0.3347037241,0.00010658751,0,-0.02808479994,2.52283105e-06,False
2022-03-07,35,random_forest,"{'max_depth': 3, 'min_samples_leaf': 50}",0,0.3733047318,0.1689597839,0.4577354843,0.0004773986096,1,-0.008031064025,2.819634703e-06,False
2022-03-08,35,random_forest,"{'max_depth': 3, 'min_samples_leaf': 50}",0,0.4041492603,0.1738500941,0.4220006456,-7.328808887e-05,0,0.005339391465,2.671232877e-06,False
2022-03-09,35,random_forest,"{'max_depth': 3, 'min_samples_leaf': 50}",0,0.305540861,0.3985442439,0.2959148951,-5.050862057e-05,0,0.007005637915,2.819634703e-06,False
2022-03-10,35,random_forest,"{'max_depth': 3, 'min_samples_leaf': 50}",0,0.2794848337,0.4623551242,0.258160042,-7.658125928e-05,0,-0.01880311089,2.893835616e-06,False
2022-03-11,35,random_forest,"{'max_depth': 3, 'min_samples_leaf': 50}",0,0.2711660848,0.459081166,0.2697527492,8.607489594e-05,0,-0.009242354449,2.96803653e-06,False
2022-03-14,35,random_forest,"{'max_depth': 3, 'min_samples_leaf': 50}",0,0.2820739592,0.4568966617,0.261029379,-8.036992308e-05,0,0.01524650316,3.339041096e-06,False
2022-03-15,35,random_forest,"{'max_depth': 3, 'min_samples_leaf': 50}",0,0.2444763554,0.5437292659,0.2117943786,-8.007774661e-05,0,0.01332894543,3.413242009e-06,False
2022-03-16,35,random_forest,"{'max_depth': 3, 'min_samples_leaf': 50}",0,0.1937473282,0.6477236895,0.1585289823,1.551230323e-05,0,0.01725134581,3.264840183e-06,False
2022-03-17,35,random_forest,"{'max_depth': 3, 'min_samples_leaf': 50}",0,0.187214833,0.6905228335,0.1222623334,-0.0001848150469,0,0.01488581981,2.96803653e-06,False
2022-03-18,35,random_forest,"{'max_depth': 3, 'min_samples_leaf': 50}",0,0.1797938743,0.7269817411,0.09322438458,-0.0003244543755,0,0.0001125676708,3.116438356e-06,False
2022-03-21,36,lightgbm,"{'num_leaves': 7, 'learning_rate': 0.03, 'min_child_samples': 60}",0,0.4041560652,0.3117689934,0.2840749414,-0.001069272092,-1,0.008365879629,4.006849315e-06,False
2022-03-22,36,lightgbm,"{'num_leaves': 7, 'learning_rate': 0.03, 'min_child_samples': 60}",0,0.2666133606,0.5060246043,0.2273620351,-0.0001664795284,0,-0.006958930898,3.784246575e-06,False
2022-03-23,36,lightgbm,"{'num_leaves': 7, 'learning_rate': 0.03, 'min_child_samples': 60}",0,0.381345628,0.4329810896,0.1856732824,-0.001580512867,-1,0.01020313885,3.710045662e-06,False
2022-03-24,36,lightgbm,"{'num_leaves': 7, 'learning_rate': 0.03, 'min_child_samples': 60}",0,0.2155001023,0.5989384058,0.185561492,1.50919841e-05,0,0.003391255443,3.858447489e-06,False
2022-03-25,36,lightgbm,"{'num_leaves': 7, 'learning_rate': 0.03, 'min_child_samples': 60}",0,0.3411240923,0.3757668464,0.2831090614,-0.000469697464,-1,0.008516582257,4.081050228e-06,False
2022-03-28,36,lightgbm,"{'num_leaves': 7, 'learning_rate': 0.03, 'min_child_samples': 60}",0,0.2213113767,0.5663331598,0.2123554634,0.0001581473914,0,0.003325939636,4.377853881e-06,False
2022-03-29,36,lightgbm,"{'num_leaves': 7, 'learning_rate': 0.03, 'min_child_samples': 60}",0,0.3443063044,0.4264363227,0.2292573729,-0.0009002782507,-1,-0.003562549676,4.081050228e-06,False
2022-03-30,36,lightgbm,"{'num_leaves': 7, 'learning_rate': 0.03, 'min_child_samples': 60}",0,0.414147328,0.3265471526,0.2593055195,-0.001349407264,-1,-0.01364956603,4.081050228e-06,False
2022-03-31,36,lightgbm,"{'num_leaves': 7, 'learning_rate': 0.03, 'min_child_samples': 60}",0,0.2706307023,0.331861645,0.3975076527,0.001058496267,1,-0.0008603032223,3.858447489e-06,False
2022-04-01,36,lightgbm,"{'num_leaves': 7, 'learning_rate': 0.03, 'min_child_samples': 60}",0,0.2450344285,0.4021247695,0.3528408021,0.0009731527017,1,0.008099183036,3.932648402e-06,False
2022-04-04,36,lightgbm,"{'num_leaves': 7, 'learning_rate': 0.03, 'min_child_samples': 60}",0,0.2701362494,0.5060568898,0.2238068607,-0.0002267947506,0,-0.00920434592,4.897260274e-06,False
2022-04-05,36,lightgbm,"{'num_leaves': 7, 'learning_rate': 0.03, 'min_child_samples': 60}",0,0.2991922054,0.3480460384,0.3527617562,0.0004512408962,1,-0.0008280015737,4.823059361e-06,False
2022-04-06,36,lightgbm,"{'num_leaves': 7, 'learning_rate': 0.03, 'min_child_samples': 60}",0,0.3108952865,0.2801880181,0.4089166955,0.0007556412152,1,0.007136589092,4.971461187e-06,False
2022-04-07,36,lightgbm,"{'num_leaves': 7, 'learning_rate': 0.03, 'min_child_samples': 60}",0,0.348177505,0.2939543115,0.3578681835,1.763130584e-05,0,-0.0008929032744,5.0456621e-06,False
2022-04-08,36,lightgbm,"{'num_leaves': 7, 'learning_rate': 0.03, 'min_child_samples': 60}",0,0.3349298278,0.3425836304,0.3224865417,-0.0001176204013,0,-0.00943453647,5.194063927e-06,False
2022-04-11,36,lightgbm,"{'num_leaves': 7, 'learning_rate': 0.03, 'min_child_samples': 60}",0,0.3244118692,0.2673638344,0.4082242964,0.0006203877471,1,-0.01081063957,5.71347032e-06,False
2022-04-12,36,lightgbm,"{'num_leaves': 7, 'learning_rate': 0.03, 'min_child_samples': 60}",0,0.3805506705,0.3219776958,0.2974716337,-0.0007425504032,-1,0.01205396615,5.49086758e-06,False
2022-04-13,36,lightgbm,"{'num_leaves': 7, 'learning_rate': 0.03, 'min_child_samples': 60}",0,0.3453145907,0.3823850056,0.2723004037,-0.0005903096918,-1,-0.01298608807,5.565068493e-06,False
2022-04-14,36,lightgbm,"{'num_leaves': 7, 'learning_rate': 0.03, 'min_child_samples': 60}",0,0.2618011437,0.4146103446,0.3235885117,0.0005945031602,1,0.002655625458,5.861872146e-06,False
2022-04-18,36,lightgbm,"{'num_leaves': 7, 'learning_rate': 0.03, 'min_child_samples': 60}",0,0.3370881725,0.3871989731,0.2757128544,-0.0004857781118,-1,0.01639798893,6.010273973e-06,False
2022-04-19,36,lightgbm,"{'num_leaves': 7, 'learning_rate': 0.03, 'min_child_samples': 60}",0,0.2886210908,0.4314905502,0.2798883591,1.177866057e-05,0,-0.004945005652,6.010273973e-06,False
2022-04-20,37,lightgbm,"{'num_leaves': 7, 'learning_rate': 0.03, 'min_child_samples': 60}",0,0.2899185119,0.4356839714,0.2743975167,-3.881330804e-05,0,-0.02336471849,6.084474886e-06,False
2022-04-21,37,lightgbm,"{'num_leaves': 7, 'learning_rate': 0.03, 'min_child_samples': 60}",0,0.3331601813,0.3310947277,0.3357450911,2.509709883e-06,0,-0.02487925422,6.158675799e-06,False
2022-04-22,37,lightgbm,"{'num_leaves': 7, 'learning_rate': 0.03, 'min_child_samples': 60}",0,0.4413660042,0.1876672903,0.3709667055,-0.0007781785363,-1,0.01142397675,6.158675799e-06,False
2022-04-25,37,lightgbm,"{'num_leaves': 7, 'learning_rate': 0.03, 'min_child_samples': 60}",0,0.2826009002,0.2836916009,0.4337074989,0.001222442849,1,-0.02284944881,6.752283105e-06,False
2022-04-26,37,lightgbm,"{'num_leaves': 7, 'learning_rate': 0.03, 'min_child_samples': 60}",0,0.3569849776,0.2280160284,0.4149989941,0.0003649886215,0,7.189810842e-05,6.158675799e-06,False
2022-04-27,37,lightgbm,"{'num_leaves': 7, 'learning_rate': 0.03, 'min_child_samples': 60}",0,0.3671624731,0.2390483896,0.3937891373,0.0001082807132,0,0.01307155952,6.084474886e-06,False
2022-04-28,37,lightgbm,"{'num_leaves': 7, 'learning_rate': 0.03, 'min_child_samples': 60}",0,0.3054656197,0.3308774665,0.3636569138,0.000478305182,1,-0.02736135534,6.084474886e-06,False
2022-04-29,37,lightgbm,"{'num_leaves': 7, 'learning_rate': 0.03, 'min_child_samples': 60}",0,0.3329527256,0.2625658015,0.4044814729,0.0005182364302,1,0.005848529707,6.307077626e-06,False
2022-05-02,37,lightgbm,"{'num_leaves': 7, 'learning_rate': 0.03, 'min_child_samples': 60}",0,0.3998740259,0.2995381467,0.3005878274,-0.0009038805091,-1,0.003301113506,6.678082192e-06,False
2022-05-03,37,lightgbm,"{'num_leaves': 7, 'learning_rate': 0.03, 'min_child_samples': 60}",0,0.3156174392,0.4262596763,0.2581228844,-0.0004083810568,-1,0.0287235335,6.752283105e-06,False
2022-05-04,37,lightgbm,"{'num_leaves': 7, 'learning_rate': 0.03, 'min_child_samples': 60}",0,0.2246576293,0.4717126282,0.3036297425,0.0008092764456,1,-0.02529735136,6.603881279e-06,False
2022-05-05,37,lightgbm,"{'num_leaves': 7, 'learning_rate': 0.03, 'min_child_samples': 60}",0,0.2699844467,0.2940537414,0.4359618119,0.001361010057,1,0.0005837757186,6.307077626e-06,False
2022-05-06,37,lightgbm,"{'num_leaves': 7, 'learning_rate': 0.03, 'min_child_samples': 60}",0,0.4244896337,0.279737125,0.2957732413,-0.001177346153,-1,-0.01710686892,6.307077626e-06,False
2022-05-09,37,lightgbm,"{'num_leaves': 7, 'learning_rate': 0.03, 'min_child_samples': 60}",0,0.2773978228,0.2452068851,0.477395292,0.001599156112,1,-0.01335012987,6.826484018e-06,False
2022-05-10,37,lightgbm,"{'num_leaves': 7, 'learning_rate': 0.03, 'min_child_samples': 60}",0,0.3099733358,0.3232912835,0.3667353807,0.0004578244197,1,-0.01336450177,6.603881279e-06,False
2022-05-11,37,lightgbm,"{'num_leaves': 7, 'learning_rate': 0.03, 'min_child_samples': 60}",0,0.3143034113,0.3277901881,0.3579064006,0.000350063018,0,0.007627709643,6.752283105e-06,False
2022-05-12,37,lightgbm,"{'num_leaves': 7, 'learning_rate': 0.03, 'min_child_samples': 60}",0,0.3254291143,0.3241773822,0.3503935035,0.0001865761544,0,0.01262889754,7.123287671e-06,False
2022-05-13,37,lightgbm,"{'num_leaves': 7, 'learning_rate': 0.03, 'min_child_samples': 60}",0,0.3374268145,0.3159476487,0.3466255368,4.266562872e-05,0,0.0002749770745,7.642694064e-06,False
2022-05-16,37,lightgbm,"{'num_leaves': 7, 'learning_rate': 0.03, 'min_child_samples': 60}",0,0.2769995644,0.4255912593,0.2974091763,0.0002578095013,0,0.004403140085,7.939497717e-06,False
2022-05-17,37,lightgbm,"{'num_leaves': 7, 'learning_rate': 0.03, 'min_child_samples': 60}",0,0.2289709892,0.500812191,0.2702168198,0.0005179396615,1,-0.02884761991,7.865296804e-06,False
2022-05-18,37,lightgbm,"{'num_leaves': 7, 'learning_rate': 0.03, 'min_child_samples': 60}",0,0.2433202886,0.444579117,0.3121005944,0.0006925359598,1,0.002161485143,7.642694064e-06,False
2022-05-19,38,lightgbm,"{'num_leaves': 7, 'learning_rate': 0.03, 'min_child_samples': 60}",0,0.2570021787,0.4736352265,0.2693625948,0.0001787422511,0,-0.009205327691,7.79109589e-06,False
2022-05-20,38,lightgbm,"{'num_leaves': 7, 'learning_rate': 0.03, 'min_child_samples': 60}",0,0.2482051987,0.522003258,0.2297915433,-3.161836371e-05,0,0.01041169718,7.642694064e-06,False
2022-05-23,38,lightgbm,"{'num_leaves': 7, 'learning_rate': 0.03, 'min_child_samples': 60}",0,0.2481167985,0.5655590231,0.1863241785,-0.0003581146878,0,0.003388060508,7.939497717e-06,False
2022-05-24,38,lightgbm,"{'num_leaves': 7, 'learning_rate': 0.03, 'min_child_samples': 60}",0,0.2874458461,0.4130157305,0.2995384234,0.0001026095906,0,0.01289795727,7.865296804e-06,False
2022-05-25,38,lightgbm,"{'num_leaves': 7, 'learning_rate': 0.03, 'min_child_samples': 60}",0,0.2852570567,0.4833852112,0.2313577321,-0.0003890841443,0,0.01665533888,7.865296804e-06,False
2022-05-26,38,lightgbm,"{'num_leaves': 7, 'learning_rate': 0.03, 'min_child_samples': 60}",0,0.3251793796,0.4856461842,0.1891744362,-0.001104659329,-1,0.01801869537,7.939497717e-06,False
2022-05-27,38,lightgbm,"{'num_leaves': 7, 'learning_rate': 0.03, 'min_child_samples': 60}",0,0.2362064426,0.5427134656,0.2210800917,2.235127944e-05,0,-0.001499202332,8.01369863e-06,False
2022-05-31,38,lightgbm,"{'num_leaves': 7, 'learning_rate': 0.03, 'min_child_samples': 60}",0,0.2629614012,0.5608042576,0.1762343412,-0.0005820494035,-1,-0.01344031808,8.607305936e-06,False
2022-06-01,38,lightgbm,"{'num_leaves': 7, 'learning_rate': 0.03, 'min_child_samples': 60}",0,0.218278131,0.5554050973,0.2263167717,0.0002404665985,0,0.01946656493,8.533105023e-06,False
2022-06-02,38,lightgbm,"{'num_leaves': 7, 'learning_rate': 0.03, 'min_child_samples': 60}",0,0.2506429851,0.5242358114,0.2251212035,-9.108850085e-05,0,-0.004510148816,8.681506849e-06,False
2022-06-03,38,lightgbm,"{'num_leaves': 7, 'learning_rate': 0.03, 'min_child_samples': 60}",0,0.3452463382,0.3278533773,0.3269002845,-0.0002673568468,0,-0.007208617222,8.978310502e-06,False
2022-06-06,38,lightgbm,"{'num_leaves': 7, 'learning_rate': 0.03, 'min_child_samples': 60}",0,0.2952488872,0.4158893191,0.2888617937,-5.55678511e-05,0,0.01872086273,9.349315068e-06,False
2022-06-07,38,lightgbm,"{'num_leaves': 7, 'learning_rate': 0.03, 'min_child_samples': 60}",0,0.2633053781,0.4571534024,0.2795412194,0.0001925850696,0,-0.006546980011,9.349315068e-06,False
2022-06-08,38,lightgbm,"{'num_leaves': 7, 'learning_rate': 0.03, 'min_child_samples': 60}",0,0.3416393471,0.3514438605,0.3069167924,-0.00038191629,0,-0.01929934534,9.497716895e-06,False
2022-06-09,38,lightgbm,"{'num_leaves': 7, 'learning_rate': 0.03, 'min_child_samples': 60}",0,0.2626114334,0.4910475479,0.2463410187,-5.054852858e-05,0,-0.01286471094,9.646118721e-06,False
2022-06-10,38,lightgbm,"{'num_leaves': 7, 'learning_rate': 0.03, 'min_child_samples': 60}",0,0.3346509173,0.3876042805,0.2777448022,-0.0005319798358,-1,-0.01276821367,1.031392694e-05,False
2022-06-13,38,lightgbm,"{'num_leaves': 7, 'learning_rate': 0.03, 'min_child_samples': 60}",0,0.3699220979,0.2326869216,0.3973909804,1.762798401e-05,0,-0.007907684731,1.283675799e-05,False
2022-06-14,38,lightgbm,"{'num_leaves': 7, 'learning_rate': 0.03, 'min_child_samples': 60}",0,0.4140625781,0.2515301365,0.3344072854,-0.000896645256,-1,0.004876051805,1.357876712e-05,False
2022-06-15,38,lightgbm,"{'num_leaves': 7, 'learning_rate': 0.03, 'min_child_samples': 60}",0,0.335103699,0.3233546322,0.3415416689,-5.600197977e-05,0,-0.0104181151,1.29109589e-05,False
2022-06-16,38,lightgbm,"{'num_leaves': 7, 'learning_rate': 0.03, 'min_child_samples': 60}",0,0.341740683,0.2740609677,0.3841983493,0.0001991249369,0,0.000957499329,1.179794521e-05,False
2022-06-17,38,lightgbm,"{'num_leaves': 7, 'learning_rate': 0.03, 'min_child_samples': 60}",0,0.321829315,0.3236888896,0.3544817954,0.0001737509572,0,0.008550895506,1.209474886e-05,False
2022-06-21,39,lightgbm,"{'num_leaves': 7, 'learning_rate': 0.03, 'min_child_samples': 60}",0,0.3290513428,0.4039333018,0.2670153554,-0.0005550843447,-1,0.01017219659,1.261415525e-05,False
2022-06-22,39,lightgbm,"{'num_leaves': 7, 'learning_rate': 0.03, 'min_child_samples': 60}",0,0.297591753,0.3676769205,0.3347313265,0.0002773616044,0,0.003770132954,1.194634703e-05,False
2022-06-23,39,lightgbm,"{'num_leaves': 7, 'learning_rate': 0.03, 'min_child_samples': 60}",0,0.3041760689,0.3993725585,0.2964513726,-8.117047116e-05,0,0.02275824026,1.224315068e-05,False
2022-06-24,39,lightgbm,"{'num_leaves': 7, 'learning_rate': 0.03, 'min_child_samples': 60}",0,0.2374003141,0.5189587989,0.243640887,0.0001831538352,0,-0.006290734011,1.283675799e-05,False
2022-06-27,39,lightgbm,"{'num_leaves': 7, 'learning_rate': 0.03, 'min_child_samples': 60}",0,0.264722206,0.4919018042,0.2433759899,-9.221859145e-05,0,-0.02454966747,1.328196347e-05,False
2022-06-28,39,lightgbm,"{'num_leaves': 7, 'learning_rate': 0.03, 'min_child_samples': 60}",0,0.2576707521,0.4656918381,0.2766374098,0.0002326193503,0,-0.002334587202,1.328196347e-05,False
2022-06-29,39,lightgbm,"{'num_leaves': 7, 'learning_rate': 0.03, 'min_child_samples': 60}",0,0.2757824413,0.49314076,0.2310767987,-0.000296902694,0,0.002684482741,1.320776256e-05,False
2022-06-30,39,lightgbm,"{'num_leaves': 7, 'learning_rate': 0.03, 'min_child_samples': 60}",0,0.329141287,0.4000565241,0.2708021889,-0.0005270330998,-1,0.0124282788,1.276255708e-05,False
2022-07-01,39,lightgbm,"{'num_leaves': 7, 'learning_rate': 0.03, 'min_child_samples': 60}",0,0.2878157569,0.4652817275,0.2469025156,-0.0002963015547,0,0.01617533912,1.283675799e-05,False
2022-07-05,39,lightgbm,"{'num_leaves': 7, 'learning_rate': 0.03, 'min_child_samples': 60}",0,0.2580278188,0.4360296363,0.3059425449,0.0004530906952,1,0.002983472617,1.409817352e-05,False
2022-07-06,39,lightgbm,"{'num_leaves': 7, 'learning_rate': 0.03, 'min_child_samples': 60}",0,0.3489086678,0.3155848879,0.3355064442,-0.000230122618,0,0.01004880321,1.409817352e-05,False
2022-07-07,39,lightgbm,"{'num_leaves': 7, 'learning_rate': 0.03, 'min_child_samples': 60}",0,0.3290776093,0.4031010077,0.2678213831,-0.0005491848873,-1,0.003615111966,1.446917808e-05,False
2022-07-08,39,lightgbm,"{'num_leaves': 7, 'learning_rate': 0.03, 'min_child_samples': 60}",0,0.3241204808,0.4612612567,0.2146182625,-0.0009063389464,-1,-0.004198510014,1.469178082e-05,False
2022-07-11,39,lightgbm,"{'num_leaves': 7, 'learning_rate': 0.03, 'min_child_samples': 60}",0,0.3216627994,0.4369247577,0.2414124429,-0.000676903657,-1,-0.007350468861,1.617579909e-05,False
2022-07-12,39,lightgbm,"{'num_leaves': 7, 'learning_rate': 0.03, 'min_child_samples': 60}",0,0.2281586153,0.5137194538,0.2581219309,0.0003863247371,0,0.00994396264,1.647260274e-05,False
2022-07-13,39,lightgbm,"{'num_leaves': 7, 'learning_rate': 0.03, 'min_child_samples': 60}",0,0.3385831765,0.3918802557,0.2695365678,-0.0006311722674,-1,0.01150937742,1.773401826e-05,False
2022-07-14,39,lightgbm,"{'num_leaves': 7, 'learning_rate': 0.03, 'min_child_samples': 60}",0,0.2795071781,0.4512947517,0.2691980703,-4.272271861e-05,0,0.00674426145,1.780821918e-05,False
2022-07-15,39,lightgbm,"{'num_leaves': 7, 'learning_rate': 0.03, 'min_child_samples': 60}",0,0.2420593473,0.4965148099,0.2614258428,0.0002725112085,0,-0.0165559314,1.758561644e-05,False
2022-07-18,39,lightgbm,"{'num_leaves': 7, 'learning_rate': 0.03, 'min_child_samples': 60}",0,0.2946263094,0.4110112115,0.294362479,-1.598040882e-06,0,0.01603295357,1.855022831e-05,False
2022-07-19,39,lightgbm,"{'num_leaves': 7, 'learning_rate': 0.03, 'min_child_samples': 60}",0,0.2301223052,0.5506291855,0.2192485093,6.948344067e-05,0,0.005860289438,1.869863014e-05,False
2022-07-20,39,lightgbm,"{'num_leaves': 7, 'learning_rate': 0.03, 'min_child_samples': 60}",0,0.2341376664,0.5110602503,0.2548020834,0.0003011252401,0,0.01174651127,1.862442922e-05,False
2022-07-21,40,lightgbm,"{'num_leaves': 7, 'learning_rate': 0.03, 'min_child_samples': 60}",0,0.269994124,0.4108238344,0.3191820416,0.0004824073087,1,-0.009600965087,1.840182648e-05,False
2022-07-22,40,lightgbm,"{'num_leaves': 7, 'learning_rate': 0.03, 'min_child_samples': 60}",0,0.2718879073,0.4371138969,0.2909981958,0.0002458909777,0,-0.0004548140425,1.84760274e-05,False
2022-07-25,40,lightgbm,"{'num_leaves': 7, 'learning_rate': 0.03, 'min_child_samples': 60}",0,0.2604145412,0.4684097548,0.271175704,0.0002087507644,0,-0.007490305174,1.944063927e-05,False
2022-07-26,40,lightgbm,"{'num_leaves': 7, 'learning_rate': 0.03, 'min_child_samples': 60}",0,0.2445504014,0.3140235714,0.4414260273,0.001682119002,1,0.01693889697,1.892123288e-05,False
2022-07-27,40,lightgbm,"{'num_leaves': 7, 'learning_rate': 0.03, 'min_child_samples': 60}",0,0.2387274002,0.3600089219,0.4012636779,0.001431065571,1,0.01040083722,1.810502283e-05,False
2022-07-28,40,lightgbm,"{'num_leaves': 7, 'learning_rate': 0.03, 'min_child_samples': 60}",0,0.237998209,0.3888102602,0.3731915309,0.001221877247,1,0.01081997089,1.7956621e-05,False
2022-07-29,40,lightgbm,"{'num_leaves': 7, 'learning_rate': 0.03, 'min_child_samples': 60}",0,0.2462347275,0.4986978513,0.2550674212,0.0002275702567,0,0.003959416263,1.788242009e-05,False
2022-08-01,40,lightgbm,"{'num_leaves': 7, 'learning_rate': 0.03, 'min_child_samples': 60}",0,0.2806642712,0.3450883651,0.3742473637,0.0007995121969,1,-0.002590920727,1.899543379e-05,False
2022-08-02,40,lightgbm,"{'num_leaves': 7, 'learning_rate': 0.03, 'min_child_samples': 60}",0,0.3082459415,0.3623609487,0.3293931098,0.0001752055904,0,0.01011461009,1.899543379e-05,False
2022-08-03,40,lightgbm,"{'num_leaves': 7, 'learning_rate': 0.03, 'min_child_samples': 60}",0,0.2789179569,0.4178831199,0.3031989231,0.0002690715955,0,-0.00048261618,1.869863014e-05,False
2022-08-04,40,lightgbm,"{'num_leaves': 7, 'learning_rate': 0.03, 'min_child_samples': 60}",0,0.2458005279,0.4069458614,0.3472536107,0.0009430674036,1,0.009300389463,1.855022831e-05,False
2022-08-05,40,lightgbm,"{'num_leaves': 7, 'learning_rate': 0.03, 'min_child_samples': 60}",0,0.3336558393,0.3491346426,0.3172095181,-0.0001751688178,0,-0.005442528006,1.914383562e-05,False
2022-08-08,40,lightgbm,"{'num_leaves': 7, 'learning_rate': 0.03, 'min_child_samples': 60}",0,0.2606649294,0.3160708197,0.423264251,0.001379421675,1,-0.002110511595,1.966324201e-05,False
2022-08-09,40,lightgbm,"{'num_leaves': 7, 'learning_rate': 0.03, 'min_child_samples': 60}",0,0.2984431864,0.322279323,0.3792774906,0.0006589211065,1,0.002889325035,1.981164384e-05,False
2022-08-10,40,lightgbm,"{'num_leaves': 7, 'learning_rate': 0.03, 'min_child_samples': 60}",0,0.2339921572,0.4984586486,0.2675491942,0.0004473836716,1,-0.00709236634,1.966324201e-05,False
2022-08-11,40,lightgbm,"{'num_leaves': 7, 'learning_rate': 0.03, 'min_child_samples': 60}",0,0.2149631363,0.511017435,0.2740194287,0.0006893013503,1,0.01201338125,1.944063927e-05,False
2022-08-12,40,lightgbm,"{'num_leaves': 7, 'learning_rate': 0.03, 'min_child_samples': 60}",0,0.2619378292,0.4901317402,0.2479304306,1.406851411e-05,0,0.009628731924,1.951484018e-05,False
2022-08-15,40,lightgbm,"{'num_leaves': 7, 'learning_rate': 0.03, 'min_child_samples': 60}",0,0.2534888327,0.4656454599,0.2808657075,0.000353380453,0,0.004605712134,2.01826484e-05,False
2022-08-16,40,lightgbm,"{'num_leaves': 7, 'learning_rate': 0.03, 'min_child_samples': 60}",0,0.2616578191,0.4762182896,0.2621238913,0.0001263809562,0,0.001737433329,2.003424658e-05,False
2022-08-17,40,lightgbm,"{'num_leaves': 7, 'learning_rate': 0.03, 'min_child_samples': 60}",0,0.243081491,0.4514222889,0.3054962201,0.0006483903065,1,0.00241303777,1.988584475e-05,False
2022-08-18,40,lightgbm,"{'num_leaves': 7, 'learning_rate': 0.03, 'min_child_samples': 60}",0,0.3072492576,0.3636379639,0.3291127785,0.0001830998924,0,-0.006682658597,2.010844749e-05,False
2022-08-19,41,lightgbm,"{'num_leaves': 7, 'learning_rate': 0.03, 'min_child_samples': 60}",0,0.2557555313,0.4259131554,0.3183313133,0.0006491004732,1,-0.008871794308,2.033105023e-05,False
2022-08-22,41,lightgbm,"{'num_leaves': 7, 'learning_rate': 0.03, 'min_child_samples': 60}",0,0.3796882939,0.2974022978,0.3229094083,-0.0005637036923,-1,-0.001332012107,2.092465753e-05,False
2022-08-23,41,lightgbm,"{'num_leaves': 7, 'learning_rate': 0.03, 'min_child_samples': 60}",0,0.3935645048,0.2867939791,0.3196415161,-0.0007287594554,-1,0.003785465528,2.077625571e-05,False
2022-08-24,41,lightgbm,"{'num_leaves': 7, 'learning_rate': 0.03, 'min_child_samples': 60}",0,0.3758739746,0.2878271629,0.3362988625,-0.0004216431256,-1,0.010283257,2.092465753e-05,False
2022-08-25,41,lightgbm,"{'num_leaves': 7, 'learning_rate': 0.03, 'min_child_samples': 60}",0,0.3517295238,0.3827989742,0.265471502,-0.0007267115443,-1,-0.03357260907,2.136986301e-05,False
2022-08-26,41,lightgbm,"{'num_leaves': 7, 'learning_rate': 0.03, 'min_child_samples': 60}",0,0.3549287507,0.3149385539,0.3301326953,-0.0002584145044,0,0.001069101588,2.144406393e-05,False
2022-08-29,41,lightgbm,"{'num_leaves': 7, 'learning_rate': 0.03, 'min_child_samples': 60}",0,0.3828024643,0.3424875377,0.274709998,-0.0009681639642,-1,-0.01396561736,2.203767123e-05,False
2022-08-30,41,lightgbm,"{'num_leaves': 7, 'learning_rate': 0.03, 'min_child_samples': 60}",0,0.3646511518,0.3024366203,0.3329122279,-0.0003348224279,0,-0.01187707872,2.203767123e-05,False
2022-08-31,41,lightgbm,"{'num_leaves': 7, 'learning_rate': 0.03, 'min_child_samples': 60}",0,0.2934399981,0.3512521982,0.3553078037,0.0005557672506,1,0.008984699667,2.196347032e-05,False
2022-09-01,41,lightgbm,"{'num_leaves': 7, 'learning_rate': 0.03, 'min_child_samples': 60}",0,0.3267689888,0.3070754158,0.3661555953,0.0003040490472,0,-0.02008596128,2.203767123e-05,False
2022-09-02,41,lightgbm,"{'num_leaves': 7, 'learning_rate': 0.03, 'min_child_samples': 60}",0,0.30332036,0.3401914284,0.3564882116,0.0004653900985,1,-0.006028527697,2.181506849e-05,False
2022-09-06,41,lightgbm,"{'num_leaves': 7, 'learning_rate': 0.03, 'min_child_samples': 60}",0,0.3247072139,0.3535227922,0.3217699939,-1.875814337e-05,0,0.01882541367,2.255707763e-05,False
2022-09-07,41,lightgbm,"{'num_leaves': 7, 'learning_rate': 0.03, 'min_child_samples': 60}",0,0.2792269473,0.442193594,0.2785794587,0.0001049930751,0,0.01262042547,2.277968037e-05,False
2022-09-08,41,lightgbm,"{'num_leaves': 7, 'learning_rate': 0.03, 'min_child_samples': 60}",0,0.2868294336,0.4298479655,0.2833226008,6.513638223e-05,0,0.009584386825,2.270547945e-05,False
2022-09-09,41,lightgbm,"{'num_leaves': 7, 'learning_rate': 0.03, 'min_child_samples': 60}",0,0.2475199702,0.49406742,0.2584126098,0.0002682389513,0,0.005357410758,2.285388128e-05,False
2022-09-12,41,lightgbm,"{'num_leaves': 7, 'learning_rate': 0.03, 'min_child_samples': 60}",0,0.2709585715,0.5067302646,0.222311164,-0.0002472814161,0,-0.02172555757,2.35216895e-05,False
2022-09-13,41,lightgbm,"{'num_leaves': 7, 'learning_rate': 0.03, 'min_child_samples': 60}",0,0.291028866,0.4005263343,0.3084447996,0.0002173020619,0,0.0003295683194,2.433789954e-05,False
2022-09-14,41,lightgbm,"{'num_leaves': 7, 'learning_rate': 0.03, 'min_child_samples': 60}",0,0.3691634593,0.3537697521,0.2770667887,-0.0008125498365,-1,-0.007227189409,2.404109589e-05,False
2022-09-15,41,lightgbm,"{'num_leaves': 7, 'learning_rate': 0.03, 'min_child_samples': 60}",0,0.3435317035,0.3625715564,0.2938967401,-0.0004241139977,-1,0.003696524244,2.389269406e-05,False
2022-09-16,41,lightgbm,"{'num_leaves': 7, 'learning_rate': 0.03, 'min_child_samples': 60}",0,0.3006283498,0.410961199,0.2884104512,-3.446202755e-05,0,0.01645471132,2.374429224e-05,False
2022-09-19,41,lightgbm,"{'num_leaves': 7, 'learning_rate': 0.03, 'min_child_samples': 60}",0,0.2865694202,0.4600828605,0.2533477193,-0.0001642697328,0,-0.002519091199,2.500570776e-05,False
2022-09-20,42,lightgbm,"{'num_leaves': 7, 'learning_rate': 0.03, 'min_child_samples': 60}",0,0.2700879888,0.4418074249,0.2881045862,0.0002502285803,0,-0.02258416247,2.485730594e-05,False
2022-09-21,42,lightgbm,"{'num_leaves': 7, 'learning_rate': 0.03, 'min_child_samples': 60}",0,0.3348202104,0.3708179006,0.294361889,-0.0003599039012,0,-0.006266890105,2.456050228e-05,False
2022-09-22,42,lightgbm,"{'num_leaves': 7, 'learning_rate': 0.03, 'min_child_samples': 60}",0,0.3076560656,0.4187093258,0.2736346086,-0.0002455055244,0,-0.007096914406,2.441210046e-05,False
2022-09-23,42,lightgbm,"{'num_leaves': 7, 'learning_rate': 0.03, 'min_child_samples': 60}",0,0.3465317974,0.3429403166,0.310527886,-0.0003526569695,0,-0.005731301406,2.404109589e-05,False
2022-09-26,42,lightgbm,"{'num_leaves': 7, 'learning_rate': 0.03, 'min_child_samples': 60}",0,0.3401269472,0.3895924416,0.2702806112,-0.0006023626681,-1,-0.0126079677,2.515410959e-05,False
2022-09-27,42,lightgbm,"{'num_leaves': 7, 'learning_rate': 0.03, 'min_child_samples': 60}",0,0.3980502375,0.3247934874,0.2771562751,-0.001138329244,-1,0.01687796778,2.485730594e-05,False
2022-09-28,42,lightgbm,"{'num_leaves': 7, 'learning_rate': 0.03, 'min_child_samples': 60}",0,0.3262771527,0.3936805745,0.2800422728,-0.0003849651092,0,-0.01095932218,2.52283105e-05,False
2022-09-29,42,lightgbm,"{'num_leaves': 7, 'learning_rate': 0.03, 'min_child_samples': 60}",0,0.3554590018,0.3437247694,0.3008162288,-0.0005195422182,-1,-0.01276947289,2.493150685e-05,False
2022-09-30,42,lightgbm,"{'num_leaves': 7, 'learning_rate': 0.03, 'min_child_samples': 60}",0,0.3440040376,0.3662578853,0.2897380771,-0.000489591682,-1,0.01531516294,2.470890411e-05,False
2022-10-03,42,lightgbm,"{'num_leaves': 7, 'learning_rate': 0.03, 'min_child_samples': 60}",0,0.2803267251,0.3947585244,0.3249147505,0.0004340042285,1,0.01495705539,2.567351598e-05,False
2022-10-04,42,lightgbm,"{'num_leaves': 7, 'learning_rate': 0.03, 'min_child_samples': 60}",0,0.2453077164,0.4481263585,0.3065659251,0.0006469900671,1,0.009909160915,2.559931507e-05,False
2022-10-05,42,lightgbm,"{'num_leaves': 7, 'learning_rate': 0.03, 'min_child_samples': 60}",0,0.2611719408,0.5044959215,0.2343321377,-7.97375871e-05,0,-0.006442635947,2.567351598e-05,False
2022-10-06,42,lightgbm,"{'num_leaves': 7, 'learning_rate': 0.03, 'min_child_samples': 60}",0,0.2790121626,0.4590983559,0.2618894815,-4.57587107e-05,0,-0.01674930934,2.567351598e-05,False
2022-10-07,42,lightgbm,"{'num_leaves': 7, 'learning_rate': 0.03, 'min_child_samples': 60}",0,0.2942444433,0.4344950312,0.2712605254,-0.0001275267334,0,-0.01082537231,2.559931507e-05,False
2022-10-10,42,lightgbm,"{'num_leaves': 7, 'learning_rate': 0.03, 'min_child_samples': 60}",0,0.284107369,0.4619539785,0.2539386525,-0.0001598493758,0,-0.00139571269,2.559931507e-05,False
2022-10-11,42,lightgbm,"{'num_leaves': 7, 'learning_rate': 0.03, 'min_child_samples': 60}",0,0.3204103968,0.4172053978,0.2623842055,-0.0004633980547,-1,-0.004495116474,2.723173516e-05,False
2022-10-12,42,lightgbm,"{'num_leaves': 7, 'learning_rate': 0.03, 'min_child_samples': 60}",0,0.300922903,0.423139706,0.275937391,-0.0001589311591,0,0.04799407297,2.74543379e-05,False
2022-10-13,42,lightgbm,"{'num_leaves': 7, 'learning_rate': 0.03, 'min_child_samples': 60}",0,0.307379792,0.4063100592,0.2863101488,-0.0001435114997,0,-0.02962958427,2.812214612e-05,False
2022-10-14,42,lightgbm,"{'num_leaves': 7, 'learning_rate': 0.03, 'min_child_samples': 60}",0,0.2845428242,0.405319823,0.3101373528,0.0002754493187,0,0.007719561208,2.827054795e-05,False
2022-10-17,42,lightgbm,"{'num_leaves': 7, 'learning_rate': 0.03, 'min_child_samples': 60}",0,0.2508652468,0.4924912648,0.2566434884,0.0001997809892,0,-0.01066297028,2.945776256e-05,False
2022-10-18,42,lightgbm,"{'num_leaves': 7, 'learning_rate': 0.03, 'min_child_samples': 60}",0,0.2426990054,0.5111554781,0.2461455165,0.0002007859387,0,-0.001327923029,2.997716895e-05,False
2022-10-19,43,lightgbm,"{'num_leaves': 7, 'learning_rate': 0.03, 'min_child_samples': 60}",0,0.364935765,0.36707499,0.267989245,-0.0009071285594,-1,-0.007118971557,3.019977169e-05,False
2022-10-20,43,lightgbm,"{'num_leaves': 7, 'learning_rate': 0.03, 'min_child_samples': 60}",0,0.2832315374,0.4455531533,0.2712153093,-4.171987183e-05,0,0.02511506785,3.034817352e-05,False
2022-10-21,43,lightgbm,"{'num_leaves': 7, 'learning_rate': 0.03, 'min_child_samples': 60}",0,0.2617467705,0.423395064,0.3148581656,0.0005283290402,1,0.007927798961,3.034817352e-05,False
2022-10-24,43,lightgbm,"{'num_leaves': 7, 'learning_rate': 0.03, 'min_child_samples': 60}",0,0.2318540736,0.5211304434,0.247015483,0.0002925634677,0,0.01618312179,3.086757991e-05,False
2022-10-25,43,lightgbm,"{'num_leaves': 7, 'learning_rate': 0.03, 'min_child_samples': 60}",0,0.3230939431,0.4149321457,0.2619739112,-0.0005253034971,-1,0.00104814712,3.071917808e-05,False
2022-10-26,43,lightgbm,"{'num_leaves': 7, 'learning_rate': 0.03, 'min_child_samples': 60}",0,0.2956247802,0.4492655881,0.2551096317,-0.0002979656025,0,-0.00806640128,3.049657534e-05,False
2022-10-27,43,lightgbm,"{'num_leaves': 7, 'learning_rate': 0.03, 'min_child_samples': 60}",0,0.2343924123,0.3126362745,0.4529713132,0.001914735568,1,0.02408717199,3.064497717e-05,False
2022-10-28,43,lightgbm,"{'num_leaves': 7, 'learning_rate': 0.03, 'min_child_samples': 60}",0,0.3275440643,0.3877547299,0.2847012058,-0.0003891472326,0,-0.0005952049372,3.101598174e-05,False
2022-10-31,43,lightgbm,"{'num_leaves': 7, 'learning_rate': 0.03, 'min_child_samples': 60}",0,0.3369800719,0.4349104822,0.2281094459,-0.0009390129324,-1,-0.01440515072,3.131278539e-05,False
2022-11-01,43,lightgbm,"{'num_leaves': 7, 'learning_rate': 0.03, 'min_child_samples': 60}",0,0.2602005425,0.4738080363,0.2659914212,0.000153139502,0,-0.02352174758,3.13869863e-05,False
2022-11-02,43,lightgbm,"{'num_leaves': 7, 'learning_rate': 0.03, 'min_child_samples': 60}",0,0.2647387773,0.4275680256,0.3076931971,0.0004402423051,1,-0.001238300448,3.131278539e-05,False
2022-11-03,43,lightgbm,"{'num_leaves': 7, 'learning_rate': 0.03, 'min_child_samples': 60}",0,0.3567406166,0.3576678263,0.2855915571,-0.0006820448394,-1,-0.001724121818,3.153538813e-05,False
2022-11-04,43,lightgbm,"{'num_leaves': 7, 'learning_rate': 0.03, 'min_child_samples': 60}",0,0.3394682001,0.3564302359,0.304101564,-0.0003564190926,0,0.005930531086,3.123858447e-05,False
2022-11-07,43,lightgbm,"{'num_leaves': 7, 'learning_rate': 0.03, 'min_child_samples': 60}",0,0.3248212847,0.3998538044,0.2753249109,-0.0004362061177,-1,0.002335322191,3.183219178e-05,False
2022-11-08,43,lightgbm,"{'num_leaves': 7, 'learning_rate': 0.03, 'min_child_samples': 60}",0,0.3529214769,0.3563680835,0.2907104396,-0.0006018332483,-1,-0.0152659383,3.175799087e-05,False
2022-11-09,43,lightgbm,"{'num_leaves': 7, 'learning_rate': 0.03, 'min_child_samples': 60}",0,0.2894642265,0.3908556138,0.3196801597,0.0002820953648,0,0.01711123531,3.183219178e-05,False
2022-11-10,43,lightgbm,"{'num_leaves': 7, 'learning_rate': 0.03, 'min_child_samples': 60}",0,0.31244677,0.3276013781,0.3599518518,0.0003682200047,0,0.007381413776,3.175799087e-05,False
2022-11-11,43,lightgbm,"{'num_leaves': 7, 'learning_rate': 0.03, 'min_child_samples': 60}",0,0.2527233167,0.3704385647,0.3768381187,0.001117076834,1,-0.003882439722,3.175799087e-05,False
2022-11-14,43,lightgbm,"{'num_leaves': 7, 'learning_rate': 0.03, 'min_child_samples': 60}",0,0.3544229725,0.2528900506,0.3926869769,0.0001988514368,0,-0.006630945171,3.220319635e-05,False
2022-11-15,43,lightgbm,"{'num_leaves': 7, 'learning_rate': 0.03, 'min_child_samples': 60}",0,0.2590156374,0.3189320859,0.4220522767,0.001414264142,1,-0.003351949799,3.198059361e-05,False
2022-11-16,43,lightgbm,"{'num_leaves': 7, 'learning_rate': 0.03, 'min_child_samples': 60}",0,0.3163820462,0.2508799049,0.4327380489,0.0009102861337,1,0.009680886407,3.205479452e-05,False
2022-11-17,44,lightgbm,"{'num_leaves': 7, 'learning_rate': 0.03, 'min_child_samples': 60}",0,0.327345835,0.3641458349,0.3085083302,-0.0001786841186,0,-0.004299269704,3.205479452e-05,False
2022-11-18,44,lightgbm,"{'num_leaves': 7, 'learning_rate': 0.03, 'min_child_samples': 60}",0,0.3101491295,0.37140572,0.3184451505,7.917143422e-05,0,-0.0001267441673,3.220319635e-05,False
2022-11-21,44,lightgbm,"{'num_leaves': 7, 'learning_rate': 0.03, 'min_child_samples': 60}",0,0.3155648541,0.4027809201,0.2816542258,-0.0002749429222,0,0.008244431675,3.272260274e-05,False
2022-11-22,44,lightgbm,"{'num_leaves': 7, 'learning_rate': 0.03, 'min_child_samples': 60}",0,0.3158293845,0.450289566,0.2338810494,-0.0006649875952,-1,0.007183145279,3.264840183e-05,False
2022-11-23,44,lightgbm,"{'num_leaves': 7, 'learning_rate': 0.03, 'min_child_samples': 60}",0,0.3381144499,0.3674990113,0.2943865388,-0.0004041970792,0,0.001244307169,1.757990868e-05,False
2022-11-25,44,lightgbm,"{'num_leaves': 7, 'learning_rate': 0.03, 'min_child_samples': 60}",0,0.2209688638,0.4523022697,0.3267288665,0.001065756219,1,-0.007968109211,3.272260274e-05,False
2022-11-28,44,lightgbm,"{'num_leaves': 7, 'learning_rate': 0.03, 'min_child_samples': 60}",0,0.2395426762,0.3415739258,0.418883398,0.001621401008,1,-0.002070387145,3.272260274e-05,False
2022-11-29,44,lightgbm,"{'num_leaves': 7, 'learning_rate': 0.03, 'min_child_samples': 60}",0,0.3191469956,0.321960002,0.3588930024,0.0003143337069,0,0.0308225309,3.25e-05,False
2022-11-30,44,lightgbm,"{'num_leaves': 7, 'learning_rate': 0.03, 'min_child_samples': 60}",0,0.3902389866,0.3856127318,0.2241482816,-0.001511038786,-1,-0.003400406657,3.242579909e-05,False
2022-12-01,44,lightgbm,"{'num_leaves': 7, 'learning_rate': 0.03, 'min_child_samples': 60}",0,0.23639633,0.4840792793,0.2795243906,0.0005239963458,1,0.01158484432,3.212899543e-05,False
2022-12-02,44,lightgbm,"{'num_leaves': 7, 'learning_rate': 0.03, 'min_child_samples': 60}",0,0.2626195596,0.4740149753,0.2633654651,0.0001226344453,0,-0.01079345407,3.220319635e-05,False
2022-12-05,44,lightgbm,"{'num_leaves': 7, 'learning_rate': 0.03, 'min_child_samples': 60}",0,0.3006606418,0.3715113597,0.3278279985,0.0002530659904,0,-0.01399536002,3.235159817e-05,False
2022-12-06,44,lightgbm,"{'num_leaves': 7, 'learning_rate': 0.03, 'min_child_samples': 60}",0,0.1707719091,0.247138608,0.5820894829,0.003653590658,1,0.0005598849445,3.242579909e-05,False
2022-12-07,44,lightgbm,"{'num_leaves': 7, 'learning_rate': 0.03, 'min_child_samples': 60}",0,0.2498120149,0.256589655,0.4935983301,0.002121272506,1,0.002783761526,3.183219178e-05,False
2022-12-08,44,lightgbm,"{'num_leaves': 7, 'learning_rate': 0.03, 'min_child_samples': 60}",0,0.3130948166,0.3324441657,0.3544610177,0.0003407981047,0,-0.004203179425,3.175799087e-05,False
2022-12-09,44,lightgbm,"{'num_leaves': 7, 'learning_rate': 0.03, 'min_child_samples': 60}",0,0.3182816726,0.3923402476,0.2893780798,-0.0002403320442,0,0.01228090384,3.198059361e-05,False
2022-12-12,44,lightgbm,"{'num_leaves': 7, 'learning_rate': 0.03, 'min_child_samples': 60}",0,0.2446651146,0.5051496507,0.2501852348,0.0002008823446,0,-0.02011115989,3.25e-05,False
2022-12-13,44,lightgbm,"{'num_leaves': 7, 'learning_rate': 0.03, 'min_child_samples': 60}",0,0.2951636941,0.3893239892,0.3155123168,0.0002098896192,0,-0.005502830013,3.227739726e-05,False
2022-12-14,44,lightgbm,"{'num_leaves': 7, 'learning_rate': 0.03, 'min_child_samples': 60}",0,0.2487066685,0.4272038251,0.3240895064,0.0007583883043,1,-0.01184373073,3.212899543e-05,False
2022-12-15,44,lightgbm,"{'num_leaves': 7, 'learning_rate': 0.03, 'min_child_samples': 60}",0,0.2479186163,0.3366321376,0.4154492461,0.001507205131,1,-0.004958730331,3.220319635e-05,False
2022-12-16,44,lightgbm,"{'num_leaves': 7, 'learning_rate': 0.03, 'min_child_samples': 60}",0,0.2760155767,0.348006607,0.3759778163,0.0008975211822,1,-0.008996824145,3.198059361e-05,False
2022-12-19,45,lightgbm,"{'num_leaves': 7, 'learning_rate': 0.03, 'min_child_samples': 60}",0,0.3353469612,0.4025219383,0.2621311005,-0.0006494486522,-1,0.003454361756,3.242579909e-05,False
2022-12-20,45,lightgbm,"{'num_leaves': 7, 'learning_rate': 0.03, 'min_child_samples': 60}",0,0.3111394877,0.4205565337,0.2683039786,-0.00034925805,0,0.007775632046,3.227739726e-05,False
2022-12-21,45,lightgbm,"{'num_leaves': 7, 'learning_rate': 0.03, 'min_child_samples': 60}",0,0.3373052079,0.3838075962,0.278887196,-0.0005325142304,-1,-0.006082721957,3.212899543e-05,False
2022-12-22,45,lightgbm,"{'num_leaves': 7, 'learning_rate': 0.03, 'min_child_samples': 60}",0,0.291471432,0.4012675241,0.3072610439,0.0001724186924,0,0.0085868822,3.227739726e-05,False
2022-12-23,45,lightgbm,"{'num_leaves': 7, 'learning_rate': 0.03, 'min_child_samples': 60}",0,0.3396899415,0.3934747895,0.2668352689,-0.0006557426481,-1,-0.003631271908,3.220319635e-05,False
2022-12-27,45,lightgbm,"{'num_leaves': 7, 'learning_rate': 0.03, 'min_child_samples': 60}",0,0.3492137787,0.3871833494,0.2636028719,-0.0007804238028,-1,-0.01224656621,3.309360731e-05,False
2022-12-28,45,lightgbm,"{'num_leaves': 7, 'learning_rate': 0.03, 'min_child_samples': 60}",0,0.2544409492,0.4607921961,0.2847668547,0.0003702531688,0,0.01003608106,3.309360731e-05,False
2022-12-29,45,lightgbm,"{'num_leaves': 7, 'learning_rate': 0.03, 'min_child_samples': 60}",0,0.3306721913,0.3950682547,0.274259554,-0.0005019748853,-1,0.004702548323,3.301940639e-05,False
2022-12-30,45,lightgbm,"{'num_leaves': 7, 'learning_rate': 0.03, 'min_child_samples': 60}",0,0.3385181083,0.4025671863,0.2589147054,-0.0007084782422,-1,-0.009235860889,3.279680365e-05,False
2023-01-03,45,lightgbm,"{'num_leaves': 7, 'learning_rate': 0.03, 'min_child_samples': 60}",0,0.3241002841,0.4244603806,0.2514393352,-0.0006209533982,-1,0.001513693488,3.36130137e-05,False
2023-01-04,45,lightgbm,"{'num_leaves': 7, 'learning_rate': 0.03, 'min_child_samples': 60}",0,0.2965295791,0.4222515537,0.2812188672,-9.287872156e-05,0,-0.006130138366,3.376141553e-05,False
2023-01-05,45,lightgbm,"{'num_leaves': 7, 'learning_rate': 0.03, 'min_child_samples': 60}",0,0.2842320792,0.4415191149,0.2742488058,-2.308712171e-05,0,0.01429654586,3.457762557e-05,False
2023-01-06,45,lightgbm,"{'num_leaves': 7, 'learning_rate': 0.03, 'min_child_samples': 60}",0,0.2315304373,0.428765279,0.3397042837,0.001056154964,1,-0.006429822583,3.465182648e-05,False
2023-01-09,45,lightgbm,"{'num_leaves': 7, 'learning_rate': 0.03, 'min_child_samples': 60}",0,0.2221095157,0.4437109048,0.3341795796,0.001108106773,1,0.008599061448,3.487442922e-05,False
2023-01-10,45,lightgbm,"{'num_leaves': 7, 'learning_rate': 0.03, 'min_child_samples': 60}",0,0.3007547258,0.4485957536,0.2506495205,-0.0003866349482,0,0.008387879512,3.509703196e-05,False
2023-01-11,45,lightgbm,"{'num_leaves': 7, 'learning_rate': 0.03, 'min_child_samples': 60}",0,0.2571117877,0.490382417,0.2525057954,7.868288958e-05,0,0.0007310308411,3.502283105e-05,False
2023-01-12,45,lightgbm,"{'num_leaves': 7, 'learning_rate': 0.03, 'min_child_samples': 60}",0,0.2145754555,0.4585085932,0.3269159514,0.00112636649,1,0.01239775671,3.457762557e-05,False
2023-01-13,45,lightgbm,"{'num_leaves': 7, 'learning_rate': 0.03, 'min_child_samples': 60}",0,0.271744621,0.4563659055,0.2718894735,8.639776649e-05,0,-0.001781825789,3.465182648e-05,False
2023-01-17,45,lightgbm,"{'num_leaves': 7, 'learning_rate': 0.03, 'min_child_samples': 60}",0,0.2860458149,0.421461853,0.2924923321,0.0001075108595,0,-0.01884669392,3.494863014e-05,False
2023-01-18,45,lightgbm,"{'num_leaves': 7, 'learning_rate': 0.03, 'min_child_samples': 60}",0,0.2321836833,0.411197019,0.3566192977,0.001187849535,1,-0.001849113387,3.480022831e-05,False
2023-01-19,45,lightgbm,"{'num_leaves': 7, 'learning_rate': 0.03, 'min_child_samples': 60}",0,0.277054677,0.4275730872,0.2953722358,0.0002238130449,0,0.01481671047,3.494863014e-05,False
2023-01-20,46,lightgbm,"{'num_leaves': 7, 'learning_rate': 0.03, 'min_child_samples': 60}",0,0.3122030675,0.415660196,0.2721367366,-0.0003163643014,0,0.009855827095,3.502283105e-05,False
2023-01-23,46,lightgbm,"{'num_leaves': 7, 'learning_rate': 0.03, 'min_child_samples': 60}",0,0.2843772116,0.4546936132,0.2609291752,-0.0001208630332,0,0.003309284508,3.509703196e-05,False
2023-01-24,46,lightgbm,"{'num_leaves': 7, 'learning_rate': 0.03, 'min_child_samples': 60}",0,0.3103379291,0.4256624868,0.2639995841,-0.00036393313,0,0.01111249863,3.502283105e-05,False
2023-01-25,46,lightgbm,"{'num_leaves': 7, 'learning_rate': 0.03, 'min_child_samples': 60}",0,0.3211078433,0.412661348,0.2662308087,-0.0004569066174,-1,0.004018542635,3.502283105e-05,False
2023-01-26,46,lightgbm,"{'num_leaves': 7, 'learning_rate': 0.03, 'min_child_samples': 60}",0,0.3006451604,0.4347803688,0.2645744707,-0.0002590401243,0,0.00500418419,3.494863014e-05,False
2023-01-27,46,lightgbm,"{'num_leaves': 7, 'learning_rate': 0.03, 'min_child_samples': 60}",0,0.3060930955,0.4244952067,0.2694116978,-0.0002756057936,0,-0.005486572895,3.509703196e-05,False
2023-01-30,46,lightgbm,"{'num_leaves': 7, 'learning_rate': 0.03, 'min_child_samples': 60}",0,0.2938346505,0.4438846839,0.2622806656,-0.0002074994134,0,0.01333733721,3.502283105e-05,False
2023-01-31,46,lightgbm,"{'num_leaves': 7, 'learning_rate': 0.03, 'min_child_samples': 60}",0,0.2929224051,0.4222217529,0.284855842,-1.26236102e-05,0,0.01379530739,3.487442922e-05,False
2023-02-01,46,lightgbm,"{'num_leaves': 7, 'learning_rate': 0.03, 'min_child_samples': 60}",0,0.3102768715,0.4286398892,0.2610832393,-0.0003872590052,0,0.004628099822,3.457762557e-05,False
2023-02-02,46,lightgbm,"{'num_leaves': 7, 'learning_rate': 0.03, 'min_child_samples': 60}",0,0.3006724634,0.432618081,0.2667094556,-0.0002417840425,0,0.001846521452,3.457762557e-05,False
2023-02-03,46,lightgbm,"{'num_leaves': 7, 'learning_rate': 0.03, 'min_child_samples': 60}",0,0.3321164017,0.4009877312,0.2668958671,-0.0005652119625,-1,9.755724048e-05,3.487442922e-05,False
2023-02-06,46,lightgbm,"{'num_leaves': 7, 'learning_rate': 0.03, 'min_child_samples': 60}",0,0.3250061815,0.4152573143,0.2597365042,-0.0005505429434,-1,0.0154572538,3.494863014e-05,False
2023-02-07,46,lightgbm,"{'num_leaves': 7, 'learning_rate': 0.03, 'min_child_samples': 60}",0,0.2976539505,0.4241547922,0.2781912572,-0.0001162695647,0,-0.006002979513,3.494863014e-05,False
2023-02-08,46,lightgbm,"{'num_leaves': 7, 'learning_rate': 0.03, 'min_child_samples': 60}",0,0.3363856853,0.3997030366,0.2639112781,-0.0006338506092,-1,-0.01766368399,3.502283105e-05,False
2023-02-09,46,lightgbm,"{'num_leaves': 7, 'learning_rate': 0.03, 'min_child_samples': 60}",0,0.3186493338,0.4096972771,0.2716533891,-0.0003869541718,0,0.005371367621,3.539383562e-05,False
2023-02-10,46,lightgbm,"{'num_leaves': 7, 'learning_rate': 0.03, 'min_child_samples': 60}",0,0.3123897739,0.4243073303,0.2633028958,-0.000390861123,0,0.01005574804,3.554223744e-05,False
2023-02-13,46,lightgbm,"{'num_leaves': 7, 'learning_rate': 0.03, 'min_child_samples': 60}",0,0.3416385457,0.4158787537,0.2424827006,-0.0008641657952,-1,0.003404397671,3.569063927e-05,False
2023-02-14,46,lightgbm,"{'num_leaves': 7, 'learning_rate': 0.03, 'min_child_samples': 60}",0,0.3291403276,0.3961921251,0.2746675473,-0.0004706135798,-1,0.008846118659,3.561643836e-05,False
2023-02-15,46,lightgbm,"{'num_leaves': 7, 'learning_rate': 0.03, 'min_child_samples': 60}",0,0.288117388,0.4437712931,0.2681113189,-0.0001005169993,0,-0.001247608017,3.554223744e-05,False
2023-02-16,46,lightgbm,"{'num_leaves': 7, 'learning_rate': 0.03, 'min_child_samples': 60}",0,0.3213931443,0.4005700002,0.2780368555,-0.0003628720242,0,0.002955258428,3.591324201e-05,False
2023-02-17,46,lightgbm,"{'num_leaves': 7, 'learning_rate': 0.03, 'min_child_samples': 60}",0,0.3589544647,0.3766335533,0.264411982,-0.0008629758604,-1,-0.009849653264,3.591324201e-05,False
2023-02-21,47,lightgbm,"{'num_leaves': 7, 'learning_rate': 0.03, 'min_child_samples': 60}",0,0.3039330277,0.4224048315,0.2736621408,-0.0001843059558,0,-0.002452894556,3.606164384e-05,False
2023-02-22,47,lightgbm,"{'num_leaves': 7, 'learning_rate': 0.03, 'min_child_samples': 60}",0,0.3034221117,0.4221962199,0.2743816684,-0.000173080608,0,-0.002241243712,3.591324201e-05,False
2023-02-23,47,lightgbm,"{'num_leaves': 7, 'learning_rate': 0.03, 'min_child_samples': 60}",0,0.3080762367,0.4166574986,0.2752662647,-0.0002140147371,0,0.002427776684,3.591324201e-05,False
2023-02-24,47,lightgbm,"{'num_leaves': 7, 'learning_rate': 0.03, 'min_child_samples': 60}",0,0.3572618044,0.3836771516,0.2590610439,-0.0008572592313,-1,-0.005351699676,3.606164384e-05,False
2023-02-27,47,lightgbm,"{'num_leaves': 7, 'learning_rate': 0.03, 'min_child_samples': 60}",0,0.309550508,0.4184232182,0.2720262738,-0.0002559991454,0,-0.00244191324,3.628424658e-05,False
2023-02-28,47,lightgbm,"{'num_leaves': 7, 'learning_rate': 0.03, 'min_child_samples': 60}",0,0.2919961194,0.4288597721,0.2791441085,-1.542651697e-05,0,-0.001694477514,3.621004566e-05,False
2023-03-01,47,lightgbm,"{'num_leaves': 7, 'learning_rate': 0.03, 'min_child_samples': 60}",0,0.3194487517,0.4114873629,0.2690638854,-0.0003829844513,0,0.01306408521,3.635844749e-05,False
2023-03-02,47,lightgbm,"{'num_leaves': 7, 'learning_rate': 0.03, 'min_child_samples': 60}",0,0.3278973555,0.4046470817,0.2674555627,-0.0004837867003,-1,0.01120815352,3.64326484e-05,False
2023-03-03,47,lightgbm,"{'num_leaves': 7, 'learning_rate': 0.03, 'min_child_samples': 60}",0,0.2962285103,0.4285438537,0.275227636,-9.15669699e-05,0,-0.001431888902,3.64326484e-05,False
2023-03-06,47,lightgbm,"{'num_leaves': 7, 'learning_rate': 0.03, 'min_child_samples': 60}",0,0.2930293912,0.4284177679,0.2785528409,-3.100724212e-05,0,-0.01520702294,3.658105023e-05,False
2023-03-07,47,lightgbm,"{'num_leaves': 7, 'learning_rate': 0.03, 'min_child_samples': 60}",0,0.2862822271,0.4349215383,0.2787962347,4.091325476e-05,0,0.001330351589,3.739726027e-05,False
2023-03-08,47,lightgbm,"{'num_leaves': 7, 'learning_rate': 0.03, 'min_child_samples': 60}",0,0.3109161773,0.4167702033,0.2723136194,-0.0002677815597,0,-0.02046328335,3.75456621e-05,False
2023-03-09,47,lightgbm,"{'num_leaves': 7, 'learning_rate': 0.03, 'min_child_samples': 60}",0,0.2738703782,0.4434023552,0.2827272667,0.0002019293036,0,-0.01299262577,3.747146119e-05,False
2023-03-10,47,lightgbm,"{'num_leaves': 7, 'learning_rate': 0.03, 'min_child_samples': 60}",0,0.3061868639,0.4165024411,0.277310695,-0.0001775843297,0,0.009297786367,3.717465753e-05,False
2023-03-13,47,lightgbm,"{'num_leaves': 7, 'learning_rate': 0.03, 'min_child_samples': 60}",0,0.3184990581,0.4075810698,0.2739198721,-0.0003331146864,0,0.003149836166,3.613584475e-05,False
2023-03-14,47,lightgbm,"{'num_leaves': 7, 'learning_rate': 0.03, 'min_child_samples': 60}",0,0.2932298597,0.4267785476,0.2799915927,-2.122452844e-05,0,0.008784845498,3.621004566e-05,False
2023-03-15,47,lightgbm,"{'num_leaves': 7, 'learning_rate': 0.03, 'min_child_samples': 60}",0,0.2979515268,0.4231024283,0.2789460449,-7.876915932e-05,0,0.02401628112,3.524543379e-05,False
2023-03-16,47,lightgbm,"{'num_leaves': 7, 'learning_rate': 0.03, 'min_child_samples': 60}",0,0.2743557133,0.4423943643,0.2832499223,0.0002012086316,0,-0.008214259156,3.517123288e-05,False
2023-03-17,47,lightgbm,"{'num_leaves': 7, 'learning_rate': 0.03, 'min_child_samples': 60}",0,0.2765076527,0.4366610064,0.2868313409,0.0002084326976,0,0.007523036061,3.353881279e-05,False
2023-03-20,47,lightgbm,"{'num_leaves': 7, 'learning_rate': 0.03, 'min_child_samples': 60}",0,0.2761364542,0.4441898178,0.279673728,0.0001532771808,0,0.00420404171,3.569063927e-05,False
2023-03-21,47,lightgbm,"{'num_leaves': 7, 'learning_rate': 0.03, 'min_child_samples': 60}",0,0.2796105711,0.4419297504,0.2784596785,0.0001072706717,0,-0.01660277751,3.546803653e-05,False
2023-03-22,48,lightgbm,"{'num_leaves': 7, 'learning_rate': 0.03, 'min_child_samples': 60}",0,0.2780228366,0.4447887638,0.2771883996,0.0001097189498,0,-0.004859608878,3.554223744e-05,False
2023-03-23,48,lightgbm,"{'num_leaves': 7, 'learning_rate': 0.03, 'min_child_samples': 60}",0,0.2645317474,0.4326931906,0.302775062,0.000462598029,1,0.009978572192,3.509703196e-05,False
2023-03-24,48,lightgbm,"{'num_leaves': 7, 'learning_rate': 0.03, 'min_child_samples': 60}",0,0.2625043432,0.4530176767,0.2844779801,0.0003316838767,0,-0.004094255361,3.517123288e-05,False
2023-03-27,48,lightgbm,"{'num_leaves': 7, 'learning_rate': 0.03, 'min_child_samples': 60}",0,0.3106913163,0.4363076566,0.2530010271,-0.0004309992589,0,-0.0004294991323,3.64326484e-05,False
2023-03-28,48,lightgbm,"{'num_leaves': 7, 'learning_rate': 0.03, 'min_child_samples': 60}",0,0.3019564417,0.4254678006,0.2725757576,-0.0001775329628,0,0.003550654875,3.561643836e-05,False
2023-03-29,48,lightgbm,"{'num_leaves': 7, 'learning_rate': 0.03, 'min_child_samples': 60}",0,0.2934211437,0.4365339999,0.2700448564,-0.0001097827336,0,-0.0009650922875,3.561643836e-05,False
2023-03-30,48,lightgbm,"{'num_leaves': 7, 'learning_rate': 0.03, 'min_child_samples': 60}",0,0.2907931361,0.4452802212,0.2639266426,-0.0001332753239,0,0.01168885214,3.687785388e-05,False
2023-03-31,48,lightgbm,"{'num_leaves': 7, 'learning_rate': 0.03, 'min_child_samples': 60}",0,0.2793447382,0.4525180115,0.2681372503,2.077838485e-05,0,0.005136372917,3.598744292e-05,False
2023-04-03,48,lightgbm,"{'num_leaves': 7, 'learning_rate': 0.03, 'min_child_samples': 60}",0,0.2721200718,0.447444544,0.2804353842,0.0001980874582,0,-0.007166759777,3.635844749e-05,False
2023-04-04,48,lightgbm,"{'num_leaves': 7, 'learning_rate': 0.03, 'min_child_samples': 60}",0,0.2426110119,0.4219976574,0.3353913307,0.0009615513966,1,-0.0007599655469,3.621004566e-05,False
2023-04-05,48,lightgbm,"{'num_leaves': 7, 'learning_rate': 0.03, 'min_child_samples': 60}",0,0.2489449805,0.421801541,0.3292534785,0.0008446823604,1,0.005949341137,3.606164384e-05,False
2023-04-06,48,lightgbm,"{'num_leaves': 7, 'learning_rate': 0.03, 'min_child_samples': 60}",0,0.2927437422,0.4043293245,0.3029269332,0.0001704273935,0,0.007378077711,3.64326484e-05,False
2023-04-10,48,lightgbm,"{'num_leaves': 7, 'learning_rate': 0.03, 'min_child_samples': 60}",0,0.3161581953,0.4147628561,0.2690789485,-0.00035429445,0,-0.001316259396,3.769406393e-05,False
2023-04-11,48,lightgbm,"{'num_leaves': 7, 'learning_rate': 0.03, 'min_child_samples': 60}",0,0.2998503303,0.412686072,0.2874635977,-3.194813947e-05,0,-0.009274789024,3.739726027e-05,False
2023-04-12,48,lightgbm,"{'num_leaves': 7, 'learning_rate': 0.03, 'min_child_samples': 60}",0,0.277619662,0.4261651878,0.2962151503,0.0002719751438,0,0.01048440466,3.724885845e-05,False
2023-04-13,48,lightgbm,"{'num_leaves': 7, 'learning_rate': 0.03, 'min_child_samples': 60}",0,0.2783849175,0.4491328712,0.2724822113,6.685677622e-05,0,-0.000847862592,3.784246575e-05,False
2023-04-14,48,lightgbm,"{'num_leaves': 7, 'learning_rate': 0.03, 'min_child_samples': 60}",0,0.3152758604,0.4165803308,0.2681438088,-0.0003528858827,0,0.003807278085,3.813926941e-05,False
2023-04-17,48,lightgbm,"{'num_leaves': 7, 'learning_rate': 0.03, 'min_child_samples': 60}",0,0.263075064,0.4441943065,0.2927306295,0.0003943058633,0,-0.003296585822,3.86586758e-05,False
2023-04-18,48,lightgbm,"{'num_leaves': 7, 'learning_rate': 0.03, 'min_child_samples': 60}",0,0.2720812418,0.4215774625,0.3063412957,0.0004137020378,0,0.004657739827,3.858447489e-05,False
2023-04-19,48,lightgbm,"{'num_leaves': 7, 'learning_rate': 0.03, 'min_child_samples': 60}",0,0.2868209621,0.4232690379,0.28991,0.000123893248,0,0.001629370595,3.828767123e-05,False
2023-04-20,48,lightgbm,"{'num_leaves': 7, 'learning_rate': 0.03, 'min_child_samples': 60}",0,0.2985951377,0.4223795451,0.2790253172,-8.899306341e-05,0,2.428433527e-05,3.799086758e-05,False
2023-04-21,49,lightgbm,"{'num_leaves': 7, 'learning_rate': 0.03, 'min_child_samples': 60}",0,0.2953174045,0.4284844593,0.2761981362,-6.281404554e-05,0,0.001553471369,3.813926941e-05,False
2023-04-24,49,lightgbm,"{'num_leaves': 7, 'learning_rate': 0.03, 'min_child_samples': 60}",0,0.3051026918,0.4164711583,0.2784261499,-0.0001457617816,0,-0.01096010551,3.858447489e-05,False
2023-04-25,49,lightgbm,"{'num_leaves': 7, 'learning_rate': 0.03, 'min_child_samples': 60}",0,0.2717125723,0.4185895554,0.3096978723,0.0004595551352,1,-0.005802556821,3.799086758e-05,False
2023-04-26,49,lightgbm,"{'num_leaves': 7, 'learning_rate': 0.03, 'min_child_samples': 60}",0,0.2863902235,0.4106966446,0.3029131318,0.0002511834863,0,0.01329239232,3.828767123e-05,False
2023-04-27,49,lightgbm,"{'num_leaves': 7, 'learning_rate': 0.03, 'min_child_samples': 60}",0,0.3087097875,0.4197416768,0.2715485357,-0.0002401639339,0,0.01079006194,3.843607306e-05,False
2023-04-28,49,lightgbm,"{'num_leaves': 7, 'learning_rate': 0.03, 'min_child_samples': 60}",0,0.2765682903,0.4328050462,0.2906266635,0.0002511243645,0,9.629699578e-05,3.784246575e-05,False
2023-05-01,49,lightgbm,"{'num_leaves': 7, 'learning_rate': 0.03, 'min_child_samples': 60}",0,0.2867825763,0.4372260395,0.2759913842,2.393013511e-05,0,-0.009475113491,3.910388128e-05,False
2023-05-02,49,lightgbm,"{'num_leaves': 7, 'learning_rate': 0.03, 'min_child_samples': 60}",0,0.2970066669,0.4221506263,0.2808427068,-4.181775119e-05,0,-0.008119400198,3.888127854e-05,False
2023-05-03,49,lightgbm,"{'num_leaves': 7, 'learning_rate': 0.03, 'min_child_samples': 60}",0,0.2723213958,0.434358418,0.2933201862,0.0003174706501,0,-0.004423335297,3.902968037e-05,False
2023-05-04,49,lightgbm,"{'num_leaves': 7, 'learning_rate': 0.03, 'min_child_samples': 60}",0,0.2894086663,0.4109638977,0.2996274359,0.0001926601012,0,0.0090973593,3.902968037e-05,False
2023-05-05,49,lightgbm,"{'num_leaves': 7, 'learning_rate': 0.03, 'min_child_samples': 60}",0,0.2799777863,0.4367955291,0.2832266847,0.0001544396982,0,-0.000556967897,3.902968037e-05,False
2023-05-08,49,lightgbm,"{'num_leaves': 7, 'learning_rate': 0.03, 'min_child_samples': 60}",0,0.3143651382,0.4350242216,0.2506106402,-0.0004723576212,-1,-0.0004864938863,3.940068493e-05,False
2023-05-09,49,lightgbm,"{'num_leaves': 7, 'learning_rate': 0.03, 'min_child_samples': 60}",0,0.3025781098,0.4523211788,0.2451007115,-0.0003958708359,0,-0.002488640899,3.925228311e-05,False
2023-05-10,49,lightgbm,"{'num_leaves': 7, 'learning_rate': 0.03, 'min_child_samples': 60}",0,0.304342592,0.4151037815,0.2805536265,-0.0001202465974,0,0.0004369283018,3.888127854e-05,False
2023-05-11,49,lightgbm,"{'num_leaves': 7, 'learning_rate': 0.03, 'min_child_samples': 60}",0,0.2910160238,0.4289336146,0.2800503616,1.370284133e-05,0,-0.004426532309,3.858447489e-05,False
2023-05-12,49,lightgbm,"{'num_leaves': 7, 'learning_rate': 0.03, 'min_child_samples': 60}",0,0.3077836542,0.4257849971,0.2664313488,-0.0002729876758,0,0.0019164729,3.895547945e-05,False
2023-05-15,49,lightgbm,"{'num_leaves': 7, 'learning_rate': 0.03, 'min_child_samples': 60}",0,0.3121139477,0.4272520316,0.2606340207,-0.0003659295305,0,-0.003909059761,3.86586758e-05,False
2023-05-16,49,lightgbm,"{'num_leaves': 7, 'learning_rate': 0.03, 'min_child_samples': 60}",0,0.3144715168,0.4274268913,0.2581015919,-0.0004113586291,0,0.006984369785,3.880707763e-05,False
2023-05-17,49,lightgbm,"{'num_leaves': 7, 'learning_rate': 0.03, 'min_child_samples': 60}",0,0.2692657444,0.4551281373,0.2756061183,0.0002022872931,0,0.01043629121,3.902968037e-05,False
2023-05-18,49,lightgbm,"{'num_leaves': 7, 'learning_rate': 0.03, 'min_child_samples': 60}",0,0.2804813636,0.440433215,0.2790854214,0.0001148885022,0,-0.00368902647,3.940068493e-05,False
2023-05-19,49,lightgbm,"{'num_leaves': 7, 'learning_rate': 0.03, 'min_child_samples': 60}",0,0.2796741707,0.4576700834,0.2626557459,-1.295085413e-05,0,0.0003582884193,3.925228311e-05,False
2023-05-22,50,lightgbm,"{'num_leaves': 7, 'learning_rate': 0.03, 'min_child_samples': 60}",0,0.2592571488,0.4598861115,0.2808567398,0.0003489982879,0,-0.007168865409,4.006849315e-05,False
2023-05-23,50,lightgbm,"{'num_leaves': 7, 'learning_rate': 0.03, 'min_child_samples': 60}",0,0.2866299932,0.4231234185,0.2902465883,0.0001445963542,0,-0.003224909344,3.962328767e-05,False
2023-05-24,50,lightgbm,"{'num_leaves': 7, 'learning_rate': 0.03, 'min_child_samples': 60}",0,0.2735711439,0.4291127804,0.2973160757,0.0003382170437,0,-0.0002169946437,3.984589041e-05,False
2023-05-25,50,lightgbm,"{'num_leaves': 7, 'learning_rate': 0.03, 'min_child_samples': 60}",0,0.3277837808,0.395800671,0.2764155482,-0.0003952834045,0,0.01129223167,3.992009132e-05,False
2023-05-26,50,lightgbm,"{'num_leaves': 7, 'learning_rate': 0.03, 'min_child_samples': 60}",0,0.2486881259,0.4716474133,0.2796644609,0.0004481690391,1,-0.004383588943,3.962328767e-05,False
2023-05-30,50,lightgbm,"{'num_leaves': 7, 'learning_rate': 0.03, 'min_child_samples': 60}",0,0.2592337799,0.4636037336,0.2771624865,0.0003184977984,0,-0.001028001949,4.118150685e-05,False
2023-05-31,50,lightgbm,"{'num_leaves': 7, 'learning_rate': 0.03, 'min_child_samples': 60}",0,0.3140892504,0.4068916108,0.2790191388,-0.0002322642098,0,0.008921550589,4.095890411e-05,False
2023-06-01,50,lightgbm,"{'num_leaves': 7, 'learning_rate': 0.03, 'min_child_samples': 60}",0,0.2265289685,0.4795120673,0.2939589642,0.0007958450218,1,0.008056568749,4.081050228e-05,False
2023-06-02,50,lightgbm,"{'num_leaves': 7, 'learning_rate': 0.03, 'min_child_samples': 60}",0,0.2134969634,0.5013516439,0.2851513927,0.0008570678046,1,-0.002755189723,4.081050228e-05,False
2023-06-05,50,lightgbm,"{'num_leaves': 7, 'learning_rate': 0.03, 'min_child_samples': 60}",0,0.2405300903,0.467089695,0.2923802147,0.0006381894318,1,0.003187440679,4.051369863e-05,False
2023-06-06,50,lightgbm,"{'num_leaves': 7, 'learning_rate': 0.03, 'min_child_samples': 60}",0,0.2289287263,0.4838813425,0.2871899312,0.000714746529,1,-0.004411387047,4.03652968e-05,False
2023-06-07,50,lightgbm,"{'num_leaves': 7, 'learning_rate': 0.03, 'min_child_samples': 60}",0,0.2646190036,0.4399656704,0.295415326,0.0004148029759,0,0.005883478853,4.021689498e-05,False
2023-06-08,50,lightgbm,"{'num_leaves': 7, 'learning_rate': 0.03, 'min_child_samples': 60}",0,0.2632017401,0.4591626833,0.2776355766,0.0002814777667,0,-0.0001395420899,3.992009132e-05,False
2023-06-09,50,lightgbm,"{'num_leaves': 7, 'learning_rate': 0.03, 'min_child_samples': 60}",0,0.2718102507,0.4412244026,0.2869653468,0.0002702592788,0,0.006683315456,3.984589041e-05,False
2023-06-12,50,lightgbm,"{'num_leaves': 7, 'learning_rate': 0.03, 'min_child_samples': 60}",0,0.2125837125,0.4956798132,0.2917364742,0.0009212919852,1,0.003078187029,4.006849315e-05,False
2023-06-13,50,lightgbm,"{'num_leaves': 7, 'learning_rate': 0.03, 'min_child_samples': 60}",0,0.2445566521,0.4649806514,0.2904626965,0.000580671092,1,0.0003889681133,3.97716895e-05,False
2023-06-14,50,lightgbm,"{'num_leaves': 7, 'learning_rate': 0.03, 'min_child_samples': 60}",0,0.2578334578,0.4466585174,0.2955080247,0.0004856140245,1,0.01436990291,3.97716895e-05,False
2023-06-15,50,lightgbm,"{'num_leaves': 7, 'learning_rate': 0.03, 'min_child_samples': 60}",0,0.2912114304,0.4380564466,0.270732123,-6.508220939e-05,0,-0.008035749138,3.954908676e-05,False
2023-06-16,50,lightgbm,"{'num_leaves': 7, 'learning_rate': 0.03, 'min_child_samples': 60}",0,0.2973783956,0.42341727,0.2792043344,-5.823550333e-05,0,-0.0006172578967,3.962328767e-05,False
2023-06-20,50,lightgbm,"{'num_leaves': 7, 'learning_rate': 0.03, 'min_child_samples': 60}",0,0.2485482837,0.4417170783,0.3097346379,0.0006998412218,1,-0.002797141484,3.999429224e-05,False
2023-06-21,50,lightgbm,"{'num_leaves': 7, 'learning_rate': 0.03, 'min_child_samples': 60}",0,0.2544875958,0.4316616859,0.3138507183,0.0006727882284,1,0.00589929131,4.006849315e-05,False
2023-06-22,51,lightgbm,"{'num_leaves': 7, 'learning_rate': 0.03, 'min_child_samples': 60}",0,0.2604448273,0.5023512582,0.2372039146,-1.247387785e-05,0,0.0006467529683,4.006849315e-05,False
2023-06-23,51,lightgbm,"{'num_leaves': 7, 'learning_rate': 0.03, 'min_child_samples': 60}",0,0.2456970601,0.4518317219,0.302471218,0.0006826774707,1,-0.002727550122,4.014269406e-05,False
2023-06-26,51,lightgbm,"{'num_leaves': 7, 'learning_rate': 0.03, 'min_child_samples': 60}",0,0.264109609,0.3939976623,0.3418927288,0.0008213824223,1,0.008835450941,4.081050228e-05,False
2023-06-27,51,lightgbm,"{'num_leaves': 7, 'learning_rate': 0.03, 'min_child_samples': 60}",0,0.2727587643,0.4698280032,0.2574132325,2.904667534e-05,0,0.003080167469,4.03652968e-05,False
2023-06-28,51,lightgbm,"{'num_leaves': 7, 'learning_rate': 0.03, 'min_child_samples': 60}",0,0.2846865729,0.4530185238,0.2622949034,-5.306716477e-05,0,0.004931631086,4.03652968e-05,False
2023-06-29,51,lightgbm,"{'num_leaves': 7, 'learning_rate': 0.03, 'min_child_samples': 60}",0,0.2679399274,0.494540107,0.2375199656,-8.697876763e-05,0,0.004168168647,4.051369863e-05,False
2023-06-30,51,lightgbm,"{'num_leaves': 7, 'learning_rate': 0.03, 'min_child_samples': 60}",0,0.2686425827,0.480074913,0.2512825044,2.036798044e-05,0,0.001964226355,2.169520548e-05,False
2023-07-03,51,lightgbm,"{'num_leaves': 7, 'learning_rate': 0.03, 'min_child_samples': 60}",0,0.2759769731,0.4779514327,0.2460715942,-9.849692591e-05,0,0.002760745906,4.03652968e-05,False
2023-07-05,51,lightgbm,"{'num_leaves': 7, 'learning_rate': 0.03, 'min_child_samples': 60}",0,0.3064219601,0.4687498894,0.2248281505,-0.0005886821713,-1,0.000546152198,4.03652968e-05,False
2023-07-06,51,lightgbm,"{'num_leaves': 7, 'learning_rate': 0.03, 'min_child_samples': 60}",0,0.3115118999,0.4361516656,0.2523364346,-0.0004120489998,0,-0.0001824249283,4.051369863e-05,False
2023-07-07,51,lightgbm,"{'num_leaves': 7, 'learning_rate': 0.03, 'min_child_samples': 60}",0,0.3207129603,0.4361596811,0.2431273587,-0.0005834110047,-1,0.003377632421,4.051369863e-05,False
2023-07-10,51,lightgbm,"{'num_leaves': 7, 'learning_rate': 0.03, 'min_child_samples': 60}",0,0.2932841706,0.4421798906,0.2645359388,-0.0001228922576,0,0.004563467302,4.066210046e-05,False
2023-07-11,51,lightgbm,"{'num_leaves': 7, 'learning_rate': 0.03, 'min_child_samples': 60}",0,0.3078881644,0.4407700884,0.2513417471,-0.0003830363142,0,-0.0008289290548,4.073630137e-05,False
2023-07-12,51,lightgbm,"{'num_leaves': 7, 'learning_rate': 0.03, 'min_child_samples': 60}",0,0.2535012044,0.4410583456,0.30544045,0.0006270807399,1,0.003706192604,4.058789954e-05,False
2023-07-13,51,lightgbm,"{'num_leaves': 7, 'learning_rate': 0.03, 'min_child_samples': 60}",0,0.2452124561,0.4119543568,0.3428331871,0.001023692903,1,-0.002663852464,4.058789954e-05,False
2023-07-14,51,lightgbm,"{'num_leaves': 7, 'learning_rate': 0.03, 'min_child_samples': 60}",0,0.2587083347,0.4163964282,0.3248952372,0.0007354595425,1,0.003807341839,4.073630137e-05,False
2023-07-17,51,lightgbm,"{'num_leaves': 7, 'learning_rate': 0.03, 'min_child_samples': 60}",0,0.2755039605,0.4294720119,0.2950240277,0.0003139179605,0,0.008190904398,4.073630137e-05,False
2023-07-18,51,lightgbm,"{'num_leaves': 7, 'learning_rate': 0.03, 'min_child_samples': 60}",0,0.3100233694,0.4215967577,0.2683798729,-0.0002631622542,0,0.000417578621,4.073630137e-05,False
2023-07-19,51,lightgbm,"{'num_leaves': 7, 'learning_rate': 0.03, 'min_child_samples': 60}",0,0.3115049743,0.4248251672,0.2636698586,-0.0003176228376,0,-0.004381664936,4.073630137e-05,False
2023-07-20,51,lightgbm,"{'num_leaves': 7, 'learning_rate': 0.03, 'min_child_samples': 60}",0,0.2781554543,0.4696113348,0.2522332109,-6.961914882e-05,0,-0.003921047801,4.073630137e-05,False
2023-07-21,51,lightgbm,"{'num_leaves': 7, 'learning_rate': 0.03, 'min_child_samples': 60}",0,0.288856679,0.4695742916,0.2415690294,-0.0002685344414,0,0.001830772,4.081050228e-05,False
2023-07-24,52,lightgbm,"{'num_leaves': 7, 'learning_rate': 0.03, 'min_child_samples': 60}",0,0.280356397,0.4847395978,0.2349040053,-0.0002186416972,0,0.003348583391,4.08847032e-05,False
2023-07-25,52,lightgbm,"{'num_leaves': 7, 'learning_rate': 0.03, 'min_child_samples': 60}",0,0.2758934948,0.4614302363,0.2626762689,5.685879178e-05,0,0.002288398642,4.08847032e-05,False
2023-07-26,52,lightgbm,"{'num_leaves': 7, 'learning_rate': 0.03, 'min_child_samples': 60}",0,0.2681193345,0.4781292282,0.2537514373,6.274896819e-05,0,-0.01422595716,4.08847032e-05,False
2023-07-27,52,lightgbm,"{'num_leaves': 7, 'learning_rate': 0.03, 'min_child_samples': 60}",0,0.2707162716,0.5217939038,0.2074898245,-0.0003465645788,0,0.002281320916,4.08847032e-05,False
2023-07-28,52,lightgbm,"{'num_leaves': 7, 'learning_rate': 0.03, 'min_child_samples': 60}",0,0.2728621487,0.4657933022,0.2613445491,7.692665285e-05,0,0.0008307750503,4.095890411e-05,False
2023-07-31,52,lightgbm,"{'num_leaves': 7, 'learning_rate': 0.03, 'min_child_samples': 60}",0,0.2926032272,0.4826024886,0.2247942842,-0.0004278526798,0,0.0004603020096,4.118150685e-05,False
2023-08-01,52,lightgbm,"{'num_leaves': 7, 'learning_rate': 0.03, 'min_child_samples': 60}",0,0.2764867943,0.4805460625,0.2429671432,-0.0001122622975,0,-0.006883607424,4.110730594e-05,False
2023-08-02,52,lightgbm,"{'num_leaves': 7, 'learning_rate': 0.03, 'min_child_samples': 60}",0,0.2679918487,0.4602994045,0.2717087468,0.0002126021794,0,0.001785527598,4.103310502e-05,False
2023-08-03,52,lightgbm,"{'num_leaves': 7, 'learning_rate': 0.03, 'min_child_samples': 60}",0,0.2761821071,0.4410834548,0.2827344381,0.000219823914,0,-0.008675017061,4.110730594e-05,False
2023-08-04,52,lightgbm,"{'num_leaves': 7, 'learning_rate': 0.03, 'min_child_samples': 60}",0,0.2472432871,0.4341794224,0.3185772905,0.0008130670334,1,0.004457221938,4.110730594e-05,False
2023-08-07,52,lightgbm,"{'num_leaves': 7, 'learning_rate': 0.03, 'min_child_samples': 60}",0,0.2724434115,0.4165331784,0.3110234101,0.0004921725332,1,0.001495298675,4.125570776e-05,False
2023-08-08,52,lightgbm,"{'num_leaves': 7, 'learning_rate': 0.03, 'min_child_samples': 60}",0,0.258733481,0.4221483507,0.3191181682,0.0006997183421,1,-0.007304631596,4.132990868e-05,False
2023-08-09,52,lightgbm,"{'num_leaves': 7, 'learning_rate': 0.03, 'min_child_samples': 60}",0,0.2295014106,0.4225870061,0.3479115833,0.00123765436,1,-0.005087125543,4.118150685e-05,False
2023-08-10,52,lightgbm,"{'num_leaves': 7, 'learning_rate': 0.03, 'min_child_samples': 60}",0,0.2676852641,0.4136041597,0.3187105763,0.0006045531592,1,0.003784022865,4.110730594e-05,False
2023-08-11,52,lightgbm,"{'num_leaves': 7, 'learning_rate': 0.03, 'min_child_samples': 60}",0,0.2894223473,0.4364776916,0.2740999612,1.262976382e-05,0,0.007668030152,4.110730594e-05,False
2023-08-14,52,lightgbm,"{'num_leaves': 7, 'learning_rate': 0.03, 'min_child_samples': 60}",0,0.2708946466,0.4619011345,0.2672042189,0.0001455740365,0,-0.007573833095,4.125570776e-05,False
2023-08-15,52,lightgbm,"{'num_leaves': 7, 'learning_rate': 0.03, 'min_child_samples': 60}",0,0.2632605516,0.4271574273,0.3095820211,0.0005744121403,1,-0.006373405024,4.125570776e-05,False
2023-08-16,52,lightgbm,"{'num_leaves': 7, 'learning_rate': 0.03, 'min_child_samples': 60}",0,0.2581352295,0.4003298547,0.3415349159,0.0008912881236,1,-0.01103906751,4.125570776e-05,False
2023-08-17,52,lightgbm,"{'num_leaves': 7, 'learning_rate': 0.03, 'min_child_samples': 60}",0,0.2683324743,0.4075658058,0.3241017199,0.0006425129912,1,0.007222477207,4.125570776e-05,False
2023-08-18,52,lightgbm,"{'num_leaves': 7, 'learning_rate': 0.03, 'min_child_samples': 60}",0,0.2765314559,0.4166574366,0.3068111075,0.0004154079554,0,0.004090980826,4.118150685e-05,False
2023-08-21,52,lightgbm,"{'num_leaves': 7, 'learning_rate': 0.03, 'min_child_samples': 60}",0,0.2423687674,0.4077132291,0.3499180036,0.001122307163,1,-0.006867942352,4.132990868e-05,False
2023-08-22,53,lightgbm,"{'num_leaves': 7, 'learning_rate': 0.03, 'min_child_samples': 60}",0,0.3664933151,0.3569787639,0.276527921,-0.0007759485835,-1,0.008605575104,4.132990868e-05,False
2023-08-23,53,lightgbm,"{'num_leaves': 7, 'learning_rate': 0.03, 'min_child_samples': 60}",0,0.2938850726,0.4367235181,0.2693914093,-9.034790629e-05,0,-0.01754028162,4.132990868e-05,False
2023-08-24,53,lightgbm,"{'num_leaves': 7, 'learning_rate': 0.03, 'min_child_samples': 60}",0,0.2759413264,0.3950348476,0.329023826,0.0005848430899,1,0.002940659551,4.140410959e-05,False
2023-08-25,53,lightgbm,"{'num_leaves': 7, 'learning_rate': 0.03, 'min_child_samples': 60}",0,0.3513226124,0.4054021912,0.2432751964,-0.0008943401734,-1,0.001175876237,4.162671233e-05,False
2023-08-28,53,lightgbm,"{'num_leaves': 7, 'learning_rate': 0.03, 'min_child_samples': 60}",0,0.3140509734,0.4035733262,0.2823757004,-0.0001901314627,0,0.01470690138,4.140410959e-05,False
2023-08-29,53,lightgbm,"{'num_leaves': 7, 'learning_rate': 0.03, 'min_child_samples': 60}",0,0.1907217739,0.4789712335,0.3303069926,0.001469094617,1,0.003336966855,4.125570776e-05,False
2023-08-30,53,lightgbm,"{'num_leaves': 7, 'learning_rate': 0.03, 'min_child_samples': 60}",0,0.2460003432,0.508325558,0.2456740988,0.0002051978775,0,-0.002878307909,4.125570776e-05,False
2023-08-31,53,lightgbm,"{'num_leaves': 7, 'learning_rate': 0.03, 'min_child_samples': 60}",0,0.2665245625,0.4971214706,0.2363539669,-8.199468677e-05,0,-0.004369245398,4.125570776e-05,False
2023-09-01,53,lightgbm,"{'num_leaves': 7, 'learning_rate': 0.03, 'min_child_samples': 60}",0,0.2757018057,0.4665403374,0.2577578569,2.363231958e-07,0,-0.003305794381,4.103310502e-05,False
2023-09-05,53,lightgbm,"{'num_leaves': 7, 'learning_rate': 0.03, 'min_child_samples': 60}",0,0.3076427109,0.5691511566,0.1232061325,-0.001435612459,-1,-0.004861714451,4.118150685e-05,False
2023-09-06,53,lightgbm,"{'num_leaves': 7, 'learning_rate': 0.03, 'min_child_samples': 60}",0,0.2238705182,0.5150850808,0.261044401,0.0005586903443,1,0.003926837271,4.118150685e-05,False
2023-09-07,53,lightgbm,"{'num_leaves': 7, 'learning_rate': 0.03, 'min_child_samples': 60}",0,0.2537377381,0.4855370869,0.260725175,0.0002498582866,0,0.001393560754,4.103310502e-05,False
2023-09-08,53,lightgbm,"{'num_leaves': 7, 'learning_rate': 0.03, 'min_child_samples': 60}",0,0.2587424494,0.4799947436,0.261262807,0.0002029781846,0,0.0004685480541,4.118150685e-05,False
2023-09-11,53,lightgbm,"{'num_leaves': 7, 'learning_rate': 0.03, 'min_child_samples': 60}",0,0.2596617395,0.5115079949,0.2288302657,-7.361361789e-05,0,-0.002147940282,4.118150685e-05,False
2023-09-12,53,lightgbm,"{'num_leaves': 7, 'learning_rate': 0.03, 'min_child_samples': 60}",0,0.2573097694,0.475303733,0.2673864976,0.0002681108653,0,0.0006499228203,4.125570776e-05,False
2023-09-13,53,lightgbm,"{'num_leaves': 7, 'learning_rate': 0.03, 'min_child_samples': 60}",0,0.2855510948,0.4261106737,0.2883382315,0.0001511698784,0,0.002872554505,4.118150685e-05,False
2023-09-14,53,lightgbm,"{'num_leaves': 7, 'learning_rate': 0.03, 'min_child_samples': 60}",0,0.2134419653,0.4215756055,0.3649824292,0.001521807695,1,-0.008431407352,4.118150685e-05,False
2023-09-15,53,lightgbm,"{'num_leaves': 7, 'learning_rate': 0.03, 'min_child_samples': 60}",0,0.2984868086,0.468613209,0.2328999823,-0.0004381281761,0,0.001309146102,4.125570776e-05,False
2023-09-18,53,lightgbm,"{'num_leaves': 7, 'learning_rate': 0.03, 'min_child_samples': 60}",0,0.2916080399,0.4303082831,0.278083677,4.60015761e-06,0,6.776623798e-05,4.118150685e-05,False
2023-09-19,53,lightgbm,"{'num_leaves': 7, 'learning_rate': 0.03, 'min_child_samples': 60}",0,0.2800250859,0.4347026145,0.2852722997,0.0001825672004,0,-0.01209431099,4.110730594e-05,False
2023-09-20,53,lightgbm,"{'num_leaves': 7, 'learning_rate': 0.03, 'min_child_samples': 60}",0,0.2590624844,0.440695891,0.3002416247,0.0005207900495,1,-0.00989212158,4.125570776e-05,False
2023-09-21,54,lightgbm,"{'num_leaves': 7, 'learning_rate': 0.03, 'min_child_samples': 60}",0,0.3437686671,0.3981381329,0.2580931999,-0.0007075249184,-1,-0.004694181514,4.132990868e-05,False
2023-09-22,54,lightgbm,"{'num_leaves': 7, 'learning_rate': 0.03, 'min_child_samples': 60}",0,0.2944557693,0.3277279659,0.3778162648,0.0007841008956,1,0.00713003572,4.125570776e-05,False
2023-09-25,54,lightgbm,"{'num_leaves': 7, 'learning_rate': 0.03, 'min_child_samples': 60}",0,0.292328534,0.36559629,0.342075176,0.0005113997135,1,-0.007480928322,4.140410959e-05,False
2023-09-26,54,lightgbm,"{'num_leaves': 7, 'learning_rate': 0.03, 'min_child_samples': 60}",0,0.2611023925,0.3110191279,0.4278784796,0.001538261627,1,-0.002435103872,4.140410959e-05,False
2023-09-27,54,lightgbm,"{'num_leaves': 7, 'learning_rate': 0.03, 'min_child_samples': 60}",0,0.3410736048,0.307443784,0.3514826112,8.957451319e-05,0,0.007144819841,4.140410959e-05,False
2023-09-28,54,lightgbm,"{'num_leaves': 7, 'learning_rate': 0.03, 'min_child_samples': 60}",0,0.299798966,0.3167402137,0.3834608202,0.0007758747102,1,-0.009706494245,4.125570776e-05,False
2023-09-29,54,lightgbm,"{'num_leaves': 7, 'learning_rate': 0.03, 'min_child_samples': 60}",0,0.3040301617,0.3508622714,0.3451075669,0.0004165153204,0,0.00161737034,4.118150685e-05,False
2023-10-02,54,lightgbm,"{'num_leaves': 7, 'learning_rate': 0.03, 'min_child_samples': 60}",0,0.306987346,0.3812961588,0.3117164952,0.0001110931518,0,-0.008163556381,4.170091324e-05,False
2023-10-03,54,lightgbm,"{'num_leaves': 7, 'learning_rate': 0.03, 'min_child_samples': 60}",0,0.3056986952,0.3225322663,0.3717690385,0.0006191029633,1,0.006136414097,4.170091324e-05,False
2023-10-04,54,lightgbm,"{'num_leaves': 7, 'learning_rate': 0.03, 'min_child_samples': 60}",0,0.3069887275,0.3504461572,0.3425651153,0.0003652593359,0,0.0003299430386,4.162671233e-05,False
2023-10-05,54,lightgbm,"{'num_leaves': 7, 'learning_rate': 0.03, 'min_child_samples': 60}",0,0.3234032276,0.3648273191,0.3117694533,-5.663283644e-05,0,0.01793968143,4.162671233e-05,False
2023-10-06,54,lightgbm,"{'num_leaves': 7, 'learning_rate': 0.03, 'min_child_samples': 60}",0,0.2922272925,0.5125860155,0.1951866919,-0.0006978657546,-1,0.0110155343,4.177511416e-05,False
2023-10-09,54,lightgbm,"{'num_leaves': 7, 'learning_rate': 0.03, 'min_child_samples': 60}",0,0.2678346955,0.5734213129,0.1587439917,-0.0007482642144,-1,0.003695676238,4.177511416e-05,False
2023-10-10,54,lightgbm,"{'num_leaves': 7, 'learning_rate': 0.03, 'min_child_samples': 60}",0,0.2833773846,0.5027724515,0.2138501639,-0.0004534287764,-1,0.001560905105,4.162671233e-05,False
2023-10-11,54,lightgbm,"{'num_leaves': 7, 'learning_rate': 0.03, 'min_child_samples': 60}",0,0.2867354947,0.5301497208,0.1831147845,-0.0007410761365,-1,-0.007529485035,4.162671233e-05,False
2023-10-12,54,lightgbm,"{'num_leaves': 7, 'learning_rate': 0.03, 'min_child_samples': 60}",0,0.2650953034,0.4815064615,0.2533982351,5.97110386e-05,0,-0.008524600725,4.177511416e-05,False
2023-10-13,54,lightgbm,"{'num_leaves': 7, 'learning_rate': 0.03, 'min_child_samples': 60}",0,0.3429196663,0.4201692958,0.2369110379,-0.0008733604283,-1,0.005117332701,4.170091324e-05,False
2023-10-16,54,lightgbm,"{'num_leaves': 7, 'learning_rate': 0.03, 'min_child_samples': 60}",0,0.2897155863,0.4625924072,0.2476920066,-0.0002395132647,0,0.007416629515,4.162671233e-05,False
2023-10-17,54,lightgbm,"{'num_leaves': 7, 'learning_rate': 0.03, 'min_child_samples': 60}",0,0.273632332,0.5207638458,0.2056038222,-0.0004215481852,0,-0.009166519058,4.170091324e-05,False
2023-10-18,54,lightgbm,"{'num_leaves': 7, 'learning_rate': 0.03, 'min_child_samples': 60}",0,0.3074950747,0.4269567227,0.2655482026,-0.0002745162942,0,-0.01048850063,4.162671233e-05,False
2023-10-19,54,lightgbm,"{'num_leaves': 7, 'learning_rate': 0.03, 'min_child_samples': 60}",0,0.2627393285,0.4567676428,0.2804930287,0.000307095667,0,-0.01124467915,4.155251142e-05,False
2023-10-20,55,lightgbm,"{'num_leaves': 7, 'learning_rate': 0.03, 'min_child_samples': 60}",0,0.328732304,0.4110360954,0.2602316006,-0.0005435998366,-1,0.002025705203,4.140410959e-05,False
2023-10-23,55,lightgbm,"{'num_leaves': 7, 'learning_rate': 0.03, 'min_child_samples': 60}",0,0.2563860039,0.4156971335,0.3279168626,0.0007576509684,1,0.002318729469,4.140410959e-05,False
2023-10-24,55,lightgbm,"{'num_leaves': 7, 'learning_rate': 0.03, 'min_child_samples': 60}",0,0.3177910419,0.3821203153,0.3000886428,-0.0001021154397,0,-0.01028710493,4.140410959e-05,False
2023-10-25,55,lightgbm,"{'num_leaves': 7, 'learning_rate': 0.03, 'min_child_samples': 60}",0,0.3628237167,0.4183836806,0.2187926027,-0.001235623087,-1,-0.009364927985,4.14783105e-05,False
2023-10-26,55,lightgbm,"{'num_leaves': 7, 'learning_rate': 0.03, 'min_child_samples': 60}",0,0.2659547863,0.3759516854,0.3580935283,0.0009087789636,1,-0.008474395272,4.14783105e-05,False
2023-10-27,55,lightgbm,"{'num_leaves': 7, 'learning_rate': 0.03, 'min_child_samples': 60}",0,0.2835974766,0.3316501898,0.3847523335,0.0009480257598,1,0.004908595679,4.14783105e-05,False
2023-10-30,55,lightgbm,"{'num_leaves': 7, 'learning_rate': 0.03, 'min_child_samples': 60}",0,0.281621052,0.397630409,0.320748539,0.0004395777518,0,0.004853716068,4.155251142e-05,False
2023-10-31,55,lightgbm,"{'num_leaves': 7, 'learning_rate': 0.03, 'min_child_samples': 60}",0,0.2926603339,0.478957395,0.2283822711,-0.0004366797708,0,0.008253796301,4.14783105e-05,False
2023-11-01,55,lightgbm,"{'num_leaves': 7, 'learning_rate': 0.03, 'min_child_samples': 60}",0,0.3056737899,0.4459336775,0.2483925325,-0.0004048692273,0,0.009798920238,4.132990868e-05,False
2023-11-02,55,lightgbm,"{'num_leaves': 7, 'learning_rate': 0.03, 'min_child_samples': 60}",0,0.2474027601,0.5636612991,0.1889359408,-0.0002982924311,0,0.003578491285,4.110730594e-05,False
2023-11-03,55,lightgbm,"{'num_leaves': 7, 'learning_rate': 0.03, 'min_child_samples': 60}",0,0.2190334151,0.3985571663,0.3824094186,0.001590959552,1,0.0005052041061,4.103310502e-05,False
2023-11-06,55,lightgbm,"{'num_leaves': 7, 'learning_rate': 0.03, 'min_child_samples': 60}",0,0.2385636501,0.472283882,0.2891524678,0.000620245406,1,0.002846037884,4.125570776e-05,False
2023-11-07,55,lightgbm,"{'num_leaves': 7, 'learning_rate': 0.03, 'min_child_samples': 60}",0,0.2548765212,0.4466035325,0.2985199464,0.0005302932752,1,-0.0006856081405,4.118150685e-05,False
2023-11-08,55,lightgbm,"{'num_leaves': 7, 'learning_rate': 0.03, 'min_child_samples': 60}",0,0.2339436717,0.3669653198,0.3990910085,0.001575815555,1,-0.01046916605,4.110730594e-05,False
2023-11-09,55,lightgbm,"{'num_leaves': 7, 'learning_rate': 0.03, 'min_child_samples': 60}",0,0.2921293683,0.4500371959,0.2578334358,-0.0001879433405,0,0.01061969433,4.110730594e-05,False
2023-11-10,55,lightgbm,"{'num_leaves': 7, 'learning_rate': 0.03, 'min_child_samples': 60}",0,0.2679105246,0.5719239128,0.1601655627,-0.0007463239284,-1,0.002185623578,4.103310502e-05,False
2023-11-13,55,lightgbm,"{'num_leaves': 7, 'learning_rate': 0.03, 'min_child_samples': 60}",0,0.2767836359,0.4930992284,0.2301171357,-0.0002594877171,0,0.005399721274,4.118150685e-05,False
2023-11-14,55,lightgbm,"{'num_leaves': 7, 'learning_rate': 0.03, 'min_child_samples': 60}",0,0.2591665591,0.5564085239,0.184424917,-0.0004562282723,-1,-0.0009553059266,4.095890411e-05,False
2023-11-15,55,lightgbm,"{'num_leaves': 7, 'learning_rate': 0.03, 'min_child_samples': 60}",0,0.2501146387,0.5626356354,0.1872497259,-0.0003400399274,0,0.00224836337,4.103310502e-05,False
2023-11-16,55,lightgbm,"{'num_leaves': 7, 'learning_rate': 0.03, 'min_child_samples': 60}",0,0.2426188996,0.5173161658,0.2400649346,0.0001731455153,0,0.00122161149,4.08847032e-05,False
2023-11-17,55,lightgbm,"{'num_leaves': 7, 'learning_rate': 0.03, 'min_child_samples': 60}",0,0.2842811862,0.4243036247,0.2914151891,0.0001699738834,0,0.008279162342,4.081050228e-05,False
2023-11-20,56,lightgbm,"{'num_leaves': 7, 'learning_rate': 0.03, 'min_child_samples': 60}",0,0.2658931349,0.4185303932,0.3155764719,0.0005674766479,1,0.0001985885873,4.110730594e-05,False
2023-11-21,56,lightgbm,"{'num_leaves': 7, 'learning_rate': 0.03, 'min_child_samples': 60}",0,0.2516899528,0.5176449733,0.2306650738,1.416138851e-05,0,8.786759165e-05,4.103310502e-05,False
2023-11-22,56,lightgbm,"{'num_leaves': 7, 'learning_rate': 0.03, 'min_child_samples': 60}",0,0.2865825343,0.4299410624,0.2834764032,9.039272101e-05,0,0.0005053738466,2.21347032e-05,False
2023-11-24,56,lightgbm,"{'num_leaves': 7, 'learning_rate': 0.03, 'min_child_samples': 60}",0,0.2928041054,0.5340486201,0.1731472745,-0.0008822494347,-1,-0.0003738765573,4.110730594e-05,False
2023-11-27,56,lightgbm,"{'num_leaves': 7, 'learning_rate': 0.03, 'min_child_samples': 60}",0,0.2795695002,0.4893239368,0.231106563,-0.0002688289535,0,0.001871930292,4.073630137e-05,False
2023-11-28,56,lightgbm,"{'num_leaves': 7, 'learning_rate': 0.03, 'min_child_samples': 60}",0,0.2324693953,0.3728287056,0.3947018992,0.00156278523,1,-0.00555618196,4.058789954e-05,False
2023-11-29,56,lightgbm,"{'num_leaves': 7, 'learning_rate': 0.03, 'min_child_samples': 60}",0,0.2141302088,0.4279645827,0.3579052085,0.001448268063,1,0.002019809819,4.043949772e-05,False
2023-11-30,56,lightgbm,"{'num_leaves': 7, 'learning_rate': 0.03, 'min_child_samples': 60}",0,0.2865932966,0.3622300432,0.3511766603,0.0006478664132,1,0.007306354516,4.043949772e-05,False
2023-12-01,56,lightgbm,"{'num_leaves': 7, 'learning_rate': 0.03, 'min_child_samples': 60}",0,0.2796458093,0.36302776,0.3573264307,0.0007699427104,1,0.002392441495,4.029109589e-05,False
2023-12-04,56,lightgbm,"{'num_leaves': 7, 'learning_rate': 0.03, 'min_child_samples': 60}",0,0.2933079804,0.4297826957,0.2769093239,-3.28377839e-05,0,0.00294336499,4.051369863e-05,False
2023-12-05,56,lightgbm,"{'num_leaves': 7, 'learning_rate': 0.03, 'min_child_samples': 60}",0,0.29863953,0.4147307786,0.2866296914,-7.593175354e-06,0,-0.008827156715,4.043949772e-05,False
2023-12-06,56,lightgbm,"{'num_leaves': 7, 'learning_rate': 0.03, 'min_child_samples': 60}",0,0.2768071541,0.3960567959,0.32713605,0.0005504763904,1,0.002888987599,4.043949772e-05,False
2023-12-07,56,lightgbm,"{'num_leaves': 7, 'learning_rate': 0.03, 'min_child_samples': 60}",0,0.2722513828,0.414915255,0.3128333623,0.0004795157647,1,0.005989640209,4.03652968e-05,False
2023-12-08,56,lightgbm,"{'num_leaves': 7, 'learning_rate': 0.03, 'min_child_samples': 60}",0,0.2907026528,0.4548635757,0.2544337715,-0.0001911630209,0,0.005003345311,4.03652968e-05,False
2023-12-11,56,lightgbm,"{'num_leaves': 7, 'learning_rate': 0.03, 'min_child_samples': 60}",0,0.2843760067,0.4697226106,0.2459013826,-0.0001963928738,0,0.005350607983,4.058789954e-05,False
2023-12-12,56,lightgbm,"{'num_leaves': 7, 'learning_rate': 0.03, 'min_child_samples': 60}",0,0.2736413433,0.5080586363,0.2183000204,-0.0003133578766,0,0.01293894362,4.051369863e-05,False
2023-12-13,56,lightgbm,"{'num_leaves': 7, 'learning_rate': 0.03, 'min_child_samples': 60}",0,0.3452029591,0.4748956055,0.1799014353,-0.001365328368,-1,-0.001037016167,4.03652968e-05,False
2023-12-14,56,lightgbm,"{'num_leaves': 7, 'learning_rate': 0.03, 'min_child_samples': 60}",0,0.3040526132,0.3891984387,0.3067489481,0.0001024592176,0,-0.000340803079,4.029109589e-05,False
2023-12-15,56,lightgbm,"{'num_leaves': 7, 'learning_rate': 0.03, 'min_child_samples': 60}",0,0.2969257628,0.3190653248,0.3840089124,0.0008120483569,1,0.002101979429,4.03652968e-05,False
2023-12-18,56,lightgbm,"{'num_leaves': 7, 'learning_rate': 0.03, 'min_child_samples': 60}",0,0.290266002,0.3449278385,0.3648061595,0.0007223613088,1,0.004888573277,4.051369863e-05,False
2023-12-19,56,lightgbm,"{'num_leaves': 7, 'learning_rate': 0.03, 'min_child_samples': 60}",0,0.2765765987,0.4373863197,0.2860370816,0.0002143525528,0,-0.012026293,4.029109589e-05,False
2023-12-20,57,lightgbm,"{'num_leaves': 7, 'learning_rate': 0.03, 'min_child_samples': 60}",0,0.2925096127,0.5417600722,0.1657303151,-0.0009243183487,-1,0.00290672294,4.03652968e-05,False
2023-12-21,57,lightgbm,"{'num_leaves': 7, 'learning_rate': 0.03, 'min_child_samples': 60}",0,0.3227799489,0.5065537337,0.1706663174,-0.001194174771,-1,-0.0004431508728,4.021689498e-05,False
2023-12-22,57,lightgbm,"{'num_leaves': 7, 'learning_rate': 0.03, 'min_child_samples': 60}",0,0.3228626208,0.463763791,0.2133735882,-0.0008448003729,-1,0.003332812783,4.03652968e-05,False
2023-12-26,57,lightgbm,"{'num_leaves': 7, 'learning_rate': 0.03, 'min_child_samples': 60}",0,0.3444239151,0.4477365378,0.2078395471,-0.001111230743,-1,0.002250562286,4.043949772e-05,False
2023-12-27,57,lightgbm,"{'num_leaves': 7, 'learning_rate': 0.03, 'min_child_samples': 60}",0,0.3513067198,0.4846030027,0.1640902776,-0.00154056077,-1,-0.0003984281493,4.03652968e-05,False
2023-12-28,57,lightgbm,"{'num_leaves': 7, 'learning_rate': 0.03, 'min_child_samples': 60}",0,0.3052017055,0.5074868623,0.1873114323,-0.0008774623833,-1,-0.002476426926,4.043949772e-05,False
2023-12-29,57,lightgbm,"{'num_leaves': 7, 'learning_rate': 0.03, 'min_child_samples': 60}",0,0.3101167784,0.4273330198,0.2625502018,-0.0003108548937,0,0.00103776319,4.006849315e-05,False
2024-01-02,57,lightgbm,"{'num_leaves': 7, 'learning_rate': 0.03, 'min_child_samples': 60}",0,0.297942684,0.4356132114,0.2664441046,-0.0001541129383,0,-0.00348613864,4.051369863e-05,False
2024-01-03,57,lightgbm,"{'num_leaves': 7, 'learning_rate': 0.03, 'min_child_samples': 60}",0,0.2333356492,0.4091875077,0.3574768431,0.00125476029,1,-0.00217806742,4.066210046e-05,False
2024-01-04,57,lightgbm,"{'num_leaves': 7, 'learning_rate': 0.03, 'min_child_samples': 60}",0,0.252291184,0.4351119861,0.3125968299,0.0006923868519,1,0.0009198554094,4.066210046e-05,False
2024-01-05,57,lightgbm,"{'num_leaves': 7, 'learning_rate': 0.03, 'min_child_samples': 60}",0,0.2738291877,0.4176712905,0.3084995218,0.0004379772229,0,0.01317168732,4.058789954e-05,False
2024-01-08,57,lightgbm,"{'num_leaves': 7, 'learning_rate': 0.03, 'min_child_samples': 60}",0,0.2963770062,0.5429167484,0.1607062454,-0.001005167216,-1,0.004259668638,4.073630137e-05,False
2024-01-09,57,lightgbm,"{'num_leaves': 7, 'learning_rate': 0.03, 'min_child_samples': 60}",0,0.3088369178,0.4686211563,0.2225419259,-0.000625822435,-1,0.005061569703,4.058789954e-05,False
2024-01-10,57,lightgbm,"{'num_leaves': 7, 'learning_rate': 0.03, 'min_child_samples': 60}",0,0.2408663253,0.5808162044,0.1783174703,-0.000291645444,0,-0.002596348978,4.051369863e-05,False
2024-01-11,57,lightgbm,"{'num_leaves': 7, 'learning_rate': 0.03, 'min_child_samples': 60}",0,0.2791692901,0.4965288618,0.2243018481,-0.0003072349515,0,-0.002427598434,4.051369863e-05,False
2024-01-12,57,lightgbm,"{'num_leaves': 7, 'learning_rate': 0.03, 'min_child_samples': 60}",0,0.3070369866,0.3963214982,0.2966415152,2.860102948e-07,0,-0.0006943928303,4.043949772e-05,False
2024-01-16,57,lightgbm,"{'num_leaves': 7, 'learning_rate': 0.03, 'min_child_samples': 60}",0,0.2273290694,0.4430560791,0.3296148516,0.001087857386,1,0.0009961450731,4.043949772e-05,False
2024-01-17,57,lightgbm,"{'num_leaves': 7, 'learning_rate': 0.03, 'min_child_samples': 60}",0,0.3082103911,0.4483511907,0.2434384182,-0.0004480370599,-1,0.005231915801,4.058789954e-05,False
2024-01-18,57,lightgbm,"{'num_leaves': 7, 'learning_rate': 0.03, 'min_child_samples': 60}",0,0.2522116778,0.4738339476,0.2739543746,0.0003763136132,0,0.01000732511,4.043949772e-05,False
2024-01-19,57,lightgbm,"{'num_leaves': 7, 'learning_rate': 0.03, 'min_child_samples': 60}",0,0.2475833385,0.5649590365,0.187457625,-0.00028555482,0,-0.001156995724,4.043949772e-05,False
2024-01-22,57,lightgbm,"{'num_leaves': 7, 'learning_rate': 0.03, 'min_child_samples': 60}",0,0.237789659,0.6290817776,0.1331285634,-0.0006306758544,-1,0.00175611162,4.051369863e-05,False
2024-01-23,58,lightgbm,"{'num_leaves': 7, 'learning_rate': 0.03, 'min_child_samples': 60}",0,0.2407873821,0.6108960873,0.1483165306,-0.0005210678761,-1,-0.004960912908,4.043949772e-05,False
2024-01-24,58,lightgbm,"{'num_leaves': 7, 'learning_rate': 0.03, 'min_child_samples': 60}",0,0.2871051129,0.4490703425,0.2638245446,-4.970251362e-05,0,0.0009229505298,4.03652968e-05,False
2024-01-25,58,lightgbm,"{'num_leaves': 7, 'learning_rate': 0.03, 'min_child_samples': 60}",0,0.261097572,0.5086894946,0.2302129334,-5.890429195e-05,0,-0.0003691476343,4.03652968e-05,False
2024-01-26,58,lightgbm,"{'num_leaves': 7, 'learning_rate': 0.03, 'min_child_samples': 60}",0,0.300978883,0.5206943638,0.1783267532,-0.0008904210767,-1,0.007258068876,4.03652968e-05,False
2024-01-29,58,lightgbm,"{'num_leaves': 7, 'learning_rate': 0.03, 'min_child_samples': 60}",0,0.2729305317,0.5314800993,0.1955893689,-0.0004628329173,-1,0.0006727355109,4.021689498e-05,False
2024-01-30,58,lightgbm,"{'num_leaves': 7, 'learning_rate': 0.03, 'min_child_samples': 60}",0,0.3097556326,0.5154494949,0.1747948726,-0.001008931919,-1,-0.01174735011,4.021689498e-05,False
2024-01-31,58,lightgbm,"{'num_leaves': 7, 'learning_rate': 0.03, 'min_child_samples': 60}",0,0.2447445921,0.3894644397,0.3657909682,0.001216589831,1,0.009429889476,4.021689498e-05,False
2024-02-01,58,lightgbm,"{'num_leaves': 7, 'learning_rate': 0.03, 'min_child_samples': 60}",0,0.1881697296,0.3551810881,0.4566491823,0.002537228028,1,0.009598718036,4.021689498e-05,False
2024-02-02,58,lightgbm,"{'num_leaves': 7, 'learning_rate': 0.03, 'min_child_samples': 60}",0,0.2751631897,0.5502167349,0.1746200754,-0.0006570793368,-1,-0.002329399358,4.029109589e-05,False
2024-02-05,58,lightgbm,"{'num_leaves': 7, 'learning_rate': 0.03, 'min_child_samples': 60}",0,0.2407236231,0.6043089632,0.1549674137,-0.0004660390921,-1,0.0009321243875,4.021689498e-05,False
2024-02-06,58,lightgbm,"{'num_leaves': 7, 'learning_rate': 0.03, 'min_child_samples': 60}",0,0.2824469376,0.5951824689,0.1223705935,-0.001158657831,-1,0.003647056246,4.03652968e-05,False
2024-02-07,58,lightgbm,"{'num_leaves': 7, 'learning_rate': 0.03, 'min_child_samples': 60}",0,0.2274143392,0.5766671118,0.195918549,4.700998066e-06,0,0.0004416807419,4.029109589e-05,False
2024-02-08,58,lightgbm,"{'num_leaves': 7, 'learning_rate': 0.03, 'min_child_samples': 60}",0,0.2510222829,0.5997956785,0.1491820386,-0.0006185173005,-1,0.004731007722,4.03652968e-05,False
2024-02-09,58,lightgbm,"{'num_leaves': 7, 'learning_rate': 0.03, 'min_child_samples': 60}",0,0.2626315006,0.5904784108,0.1468900886,-0.0007558175725,-1,-0.0003791176498,4.03652968e-05,False
2024-02-12,58,lightgbm,"{'num_leaves': 7, 'learning_rate': 0.03, 'min_child_samples': 60}",0,0.2676601516,0.4667231027,0.2656167457,0.0001635357906,0,-0.0009099797242,4.029109589e-05,False
2024-02-13,58,lightgbm,"{'num_leaves': 7, 'learning_rate': 0.03, 'min_child_samples': 60}",0,0.3179279809,0.4206393313,0.2614326878,-0.0003840425828,0,0.003583000385,4.043949772e-05,False
2024-02-14,58,lightgbm,"{'num_leaves': 7, 'learning_rate': 0.03, 'min_child_samples': 60}",0,0.2418912753,0.5172086513,0.2409000734,0.0002246216447,0,0.005447738078,4.029109589e-05,False
2024-02-15,58,lightgbm,"{'num_leaves': 7, 'learning_rate': 0.03, 'min_child_samples': 60}",0,0.254740002,0.5606207835,0.1846392145,-0.0003665872519,0,-0.004365163092,4.029109589e-05,False
2024-02-16,58,lightgbm,"{'num_leaves': 7, 'learning_rate': 0.03, 'min_child_samples': 60}",0,0.248470853,0.5405446556,0.2109844914,-8.716336858e-05,0,-0.001928778175,4.03652968e-05,False
2024-02-20,58,lightgbm,"{'num_leaves': 7, 'learning_rate': 0.03, 'min_child_samples': 60}",0,0.2757961803,0.4418757878,0.2823280319,0.0002170766032,0,0.00361305153,4.03652968e-05,False
2024-02-21,58,lightgbm,"{'num_leaves': 7, 'learning_rate': 0.03, 'min_child_samples': 60}",0,0.2605292814,0.4143287803,0.3251419383,0.0007230392187,1,0.006924446385,4.03652968e-05,False
2024-02-22,59,lightgbm,"{'num_leaves': 7, 'learning_rate': 0.03, 'min_child_samples': 60}",0,0.2175718114,0.6905519121,0.09187627642,-0.0007293142048,-1,-0.002788271205,4.043949772e-05,False
2024-02-23,59,lightgbm,"{'num_leaves': 7, 'learning_rate': 0.03, 'min_child_samples': 60}",0,0.2138547908,0.6608368335,0.1253083757,-0.0004192477404,0,-0.004544555539,4.051369863e-05,False
2024-02-26,59,lightgbm,"{'num_leaves': 7, 'learning_rate': 0.03, 'min_child_samples': 60}",0,0.2232717429,0.6134173774,0.1633108797,-0.0002058519947,0,0.0004538789774,4.058789954e-05,False
2024-02-27,59,lightgbm,"{'num_leaves': 7, 'learning_rate': 0.03, 'min_child_samples': 60}",0,0.2572692418,0.5362512681,0.2064794901,-0.0002009562917,0,0.001840427454,4.043949772e-05,False
2024-02-28,59,lightgbm,"{'num_leaves': 7, 'learning_rate': 0.03, 'min_child_samples': 60}",0,0.2374318282,0.5277841304,0.2347840414,0.0002316867313,0,1.964164165e-05,4.043949772e-05,False
2024-02-29,59,lightgbm,"{'num_leaves': 7, 'learning_rate': 0.03, 'min_child_samples': 60}",0,0.2215798904,0.4262939537,0.3521261559,0.001348577312,1,0.007603372525,4.043949772e-05,False
2024-03-01,59,lightgbm,"{'num_leaves': 7, 'learning_rate': 0.03, 'min_child_samples': 60}",0,0.2713224935,0.5559966614,0.1726808451,-0.0006193678052,-1,0.0005272317852,4.021689498e-05,False
2024-03-04,59,lightgbm,"{'num_leaves': 7, 'learning_rate': 0.03, 'min_child_samples': 60}",0,0.3352123445,0.4888005777,0.1759870778,-0.001243703354,-1,-0.005997172995,4.066210046e-05,False
