date,step,model,params,delta,p_short,p_flat,p_long,mu_hat,position,realised_o2c,financing,calibration_skipped
2019-03-21,0,majority_baseline,{},0,0.2729545228,0.4601682731,0.2668772041,7.327375669e-05,0,-0.01401737609,1.84760274e-05,False
2019-03-22,0,majority_baseline,{},0,0.2729545228,0.4601682731,0.2668772041,7.327375669e-05,0,0.000609651319,1.825342466e-05,False
2019-03-25,0,majority_baseline,{},0,0.2729545228,0.4601682731,0.2668772041,7.327375669e-05,0,0.000462667283,1.825342466e-05,False
2019-03-26,0,majority_baseline,{},0,0.2729545228,0.4601682731,0.2668772041,7.327375669e-05,0,-0.005193666562,1.825342466e-05,False
2019-03-27,0,majority_baseline,{},0,0.2729545228,0.4601682731,0.2668772041,7.327375669e-05,0,0.001284056963,1.810502283e-05,False
2019-03-28,0,majority_baseline,{},0,0.2729545228,0.4601682731,0.2668772041,7.327375669e-05,0,0.0003186954712,1.803082192e-05,False
2019-03-29,0,majority_baseline,{},0,0.2729545228,0.4601682731,0.2668772041,7.327375669e-05,0,0.003968999875,1.780821918e-05,False
2019-04-01,0,majority_baseline,{},0,0.2729545228,0.4601682731,0.2668772041,7.327375669e-05,0,-0.0002447466589,1.803082192e-05,False
2019-04-02,0,majority_baseline,{},0,0.2729545228,0.4601682731,0.2668772041,7.327375669e-05,0,-0.003132374362,1.7956621e-05,False
2019-04-03,0,majority_baseline,{},0,0.2729545228,0.4601682731,0.2668772041,7.327375669e-05,0,0.001394775957,1.810502283e-05,False
2019-04-04,0,majority_baseline,{},0,0.2729545228,0.4601682731,0.2668772041,7.327375669e-05,0,0.002257550192,1.810502283e-05,False
2019-04-05,0,majority_baseline,{},0,0.2729545228,0.4601682731,0.2668772041,7.327375669e-05,0,0.002395009985,1.810502283e-05,False
2019-04-08,0,majority_baseline,{},0,0.2729545228,0.4601682731,0.2668772041,7.327375669e-05,0,-0.001425009338,1.803082192e-05,False
2019-04-09,0,majority_baseline,{},0,0.2729545228,0.4601682731,0.2668772041,7.327375669e-05,0,0.001807066573,1.7956621e-05,False
2019-04-10,0,majority_baseline,{},0,0.2729545228,0.4601682731,0.2668772041,7.327375669e-05,0,-0.00214657489,1.803082192e-05,False
2019-04-11,0,majority_baseline,{},0,0.2729545228,0.4601682731,0.2668772041,7.327375669e-05,0,0.0005517366678,1.803082192e-05,False
2019-04-12,0,majority_baseline,{},0,0.2729545228,0.4601682731,0.2668772041,7.327375669e-05,0,-0.0009302265395,1.810502283e-05,False
2019-04-15,0,majority_baseline,{},0,0.2729545228,0.4601682731,0.2668772041,7.327375669e-05,0,-0.002715272611,1.803082192e-05,False
2019-04-16,0,majority_baseline,{},0,0.2729545228,0.4601682731,0.2668772041,7.327375669e-05,0,-0.006691769917,1.803082192e-05,False
2019-04-17,0,majority_baseline,{},0,0.2729545228,0.4601682731,0.2668772041,7.327375669e-05,0,-0.0002758255876,1.810502283e-05,False
2019-04-18,0,majority_baseline,{},0,0.2729545228,0.4601682731,0.2668772041,7.327375669e-05,0,0.003803905843,1.7956621e-05,False
2019-04-22,1,majority_baseline,{},0,0.2533437135,0.4899967412,0.2566595453,0.0001437966281,0,0.007568502177,1.810502283e-05,False
2019-04-23,1,majority_baseline,{},0,0.2533437135,0.4899967412,0.2566595453,0.0001437966281,0,-0.001912625484,1.817922374e-05,False
2019-04-24,1,majority_baseline,{},0,0.2533437135,0.4899967412,0.2566595453,0.0001437966281,0,-0.0002396527039,1.810502283e-05,False
2019-04-25,1,majority_baseline,{},0,0.2533437135,0.4899967412,0.2566595453,0.0001437966281,0,0.004484756998,1.803082192e-05,False
2019-04-26,1,majority_baseline,{},0,0.2533437135,0.4899967412,0.2566595453,0.0001437966281,0,0.001226484177,1.7956621e-05,False
2019-04-29,1,majority_baseline,{},0,0.2533437135,0.4899967412,0.2566595453,0.0001437966281,0,0.001805849229,1.810502283e-05,False
2019-04-30,1,majority_baseline,{},0,0.2533437135,0.4899967412,0.2566595453,0.0001437966281,0,-0.009873790788,1.803082192e-05,False
2019-05-01,1,majority_baseline,{},0,0.2533437135,0.4899967412,0.2566595453,0.0001437966281,0,-0.001714207423,1.803082192e-05,False
2019-05-02,1,majority_baseline,{},0,0.2533437135,0.4899967412,0.2566595453,0.0001437966281,0,0.004132201856,1.832762557e-05,False
2019-05-03,1,majority_baseline,{},0,0.2533437135,0.4899967412,0.2566595453,0.0001437966281,0,0.0123422897,1.803082192e-05,False
2019-05-06,1,majority_baseline,{},0,0.2533437135,0.4899967412,0.2566595453,0.0001437966281,0,-0.007651219595,1.810502283e-05,False
2019-05-07,1,majority_baseline,{},0,0.2533437135,0.4899967412,0.2566595453,0.0001437966281,0,0,1.803082192e-05,False
2019-05-08,1,majority_baseline,{},0,0.2533437135,0.4899967412,0.2566595453,0.0001437966281,0,0.005013472186,1.803082192e-05,False
2019-05-09,1,majority_baseline,{},0,0.2533437135,0.4899967412,0.2566595453,0.0001437966281,0,0.008682904136,1.803082192e-05,False
2019-05-10,1,majority_baseline,{},0,0.2533437135,0.4899967412,0.2566595453,0.0001437966281,0,-0.005523787172,1.803082192e-05,False
2019-05-13,1,majority_baseline,{},0,0.2533437135,0.4899967412,0.2566595453,0.0001437966281,0,0.005000190671,1.788242009e-05,False
2019-05-14,1,majority_baseline,{},0,0.2533437135,0.4899967412,0.2566595453,0.0001437966281,0,0.01232288533,1.788242009e-05,False
2019-05-15,1,majority_baseline,{},0,0.2533437135,0.4899967412,0.2566595453,0.0001437966281,0,0.006507192374,1.7956621e-05,False
2019-05-16,1,majority_baseline,{},0,0.2533437135,0.4899967412,0.2566595453,0.0001437966281,0,0.002454870152,1.780821918e-05,False
2019-05-17,1,majority_baseline,{},0,0.2533437135,0.4899967412,0.2566595453,0.0001437966281,0,-0.0003871908782,1.773401826e-05,False
2019-05-20,1,majority_baseline,{},0,0.2533437135,0.4899967412,0.2566595453,0.0001437966281,0,0.002379117656,1.773401826e-05,False
2019-05-21,2,majority_baseline,{},0,0.2571518746,0.483197196,0.2596509294,0.0001753920369,0,0.0006305574926,1.773401826e-05,False
2019-05-22,2,majority_baseline,{},0,0.2571518746,0.483197196,0.2596509294,0.0001753920369,0,-0.00360216495,1.765981735e-05,False
2019-05-23,2,majority_baseline,{},0,0.2571518746,0.483197196,0.2596509294,0.0001753920369,0,-0.003383349301,1.758561644e-05,False
2019-05-24,2,majority_baseline,{},0,0.2571518746,0.483197196,0.2596509294,0.0001753920369,0,-0.01038539825,1.743721461e-05,False
2019-05-28,2,majority_baseline,{},0,0.2571518746,0.483197196,0.2596509294,0.0001753920369,0,-0.002294699308,1.758561644e-05,False
2019-05-29,2,majority_baseline,{},0,0.2571518746,0.483197196,0.2596509294,0.0001753920369,0,-0.0002865770761,1.758561644e-05,False
2019-05-30,2,majority_baseline,{},0,0.2571518746,0.483197196,0.2596509294,0.0001753920369,0,-0.003367208977,1.765981735e-05,False
2019-05-31,2,majority_baseline,{},0,0.2571518746,0.483197196,0.2596509294,0.0001753920369,0,-0.002687843638,1.743721461e-05,False
2019-06-03,2,majority_baseline,{},0,0.2571518746,0.483197196,0.2596509294,0.0001753920369,0,0.01230515209,1.743721461e-05,False
2019-06-04,2,majority_baseline,{},0,0.2571518746,0.483197196,0.2596509294,0.0001753920369,0,0.002231448764,1.743721461e-05,False
2019-06-05,2,majority_baseline,{},0,0.2571518746,0.483197196,0.2596509294,0.0001753920369,0,0.005330153611,1.743721461e-05,False
2019-06-06,2,majority_baseline,{},0,0.2571518746,0.483197196,0.2596509294,0.0001753920369,0,0.006015462825,1.728881279e-05,False
2019-06-07,2,majority_baseline,{},0,0.2571518746,0.483197196,0.2596509294,0.0001753920369,0,-0.001382292397,1.691780822e-05,False
2019-06-10,2,majority_baseline,{},0,0.2571518746,0.483197196,0.2596509294,0.0001753920369,0,-0.007182365316,1.699200913e-05,False
2019-06-11,2,majority_baseline,{},0,0.2571518746,0.483197196,0.2596509294,0.0001753920369,0,-0.0008661305372,1.684360731e-05,False
2019-06-12,2,majority_baseline,{},0,0.2571518746,0.483197196,0.2596509294,0.0001753920369,0,0.0006219512546,1.662100457e-05,False
2019-06-13,2,majority_baseline,{},0,0.2571518746,0.483197196,0.2596509294,0.0001753920369,0,0,1.625e-05,False
2019-06-14,2,majority_baseline,{},0,0.2571518746,0.483197196,0.2596509294,0.0001753920369,0,-0.0005180781187,1.632420091e-05,False
2019-06-17,2,majority_baseline,{},0,0.2571518746,0.483197196,0.2596509294,0.0001753920369,0,0.003466073504,1.654680365e-05,False
2019-06-18,2,majority_baseline,{},0,0.2571518746,0.483197196,0.2596509294,0.0001753920369,0,0.001743325209,1.647260274e-05,False
2019-06-19,2,majority_baseline,{},0,0.2571518746,0.483197196,0.2596509294,0.0001753920369,0,-0.0006081043424,1.617579909e-05,False
2019-06-20,3,majority_baseline,{},0,0.2469801536,0.4899595318,0.2630603146,0.0002737635809,0,-0.0004419982959,1.587899543e-05,False
2019-06-21,3,majority_baseline,{},0,0.2469801536,0.4899595318,0.2630603146,0.0002737635809,0,-0.002005221557,1.565639269e-05,False
2019-06-24,3,majority_baseline,{},0,0.2469801536,0.4899595318,0.2630603146,0.0002737635809,0,-0.0100102222,1.580479452e-05,False
2019-06-25,3,majority_baseline,{},0,0.2469801536,0.4899595318,0.2630603146,0.0002737635809,0,-0.00438731374,1.573059361e-05,False
2019-06-26,3,majority_baseline,{},0,0.2469801536,0.4899595318,0.2630603146,0.0002737635809,0,0.0006522347278,1.595319635e-05,False
2019-06-27,3,majority_baseline,{},0,0.2469801536,0.4899595318,0.2630603146,0.0002737635809,0,0.001435550663,1.587899543e-05,False
2019-06-28,3,majority_baseline,{},0,0.2469801536,0.4899595318,0.2630603146,0.0002737635809,0,-0.003438010879,1.573059361e-05,False
2019-07-01,3,majority_baseline,{},0,0.2469801536,0.4899595318,0.2630603146,0.0002737635809,0,0.002773950079,1.639840183e-05,False
2019-07-02,3,majority_baseline,{},0,0.2469801536,0.4899595318,0.2630603146,0.0002737635809,0,0.005451225176,8.789954338e-06,False
2019-07-03,3,majority_baseline,{},0,0.2469801536,0.4899595318,0.2630603146,0.0002737635809,0,0.003429226292,1.639840183e-05,False
2019-07-05,3,majority_baseline,{},0,0.2469801536,0.4899595318,0.2630603146,0.0002737635809,0,-0.0006397172043,1.654680365e-05,False
2019-07-08,3,majority_baseline,{},0,0.2469801536,0.4899595318,0.2630603146,0.0002737635809,0,0.005582979894,1.676940639e-05,False
2019-07-09,3,majority_baseline,{},0,0.2469801536,0.4899595318,0.2630603146,0.0002737635809,0,0.000804337671,1.676940639e-05,False
2019-07-10,3,majority_baseline,{},0,0.2469801536,0.4899595318,0.2630603146,0.0002737635809,0,-3.344161618e-05,1.632420091e-05,False
2019-07-11,3,majority_baseline,{},0,0.2469801536,0.4899595318,0.2630603146,0.0002737635809,0,0.002667960044,1.610159817e-05,False
2019-07-12,3,majority_baseline,{},0,0.2469801536,0.4899595318,0.2630603146,0.0002737635809,0,-0.001261929378,1.587899543e-05,False
2019-07-15,3,majority_baseline,{},0,0.2469801536,0.4899595318,0.2630603146,0.0002737635809,0,-0.002893714117,1.602739726e-05,False
2019-07-16,3,majority_baseline,{},0,0.2469801536,0.4899595318,0.2630603146,0.0002737635809,0,-0.006705620746,1.595319635e-05,False
2019-07-17,3,majority_baseline,{},0,0.2469801536,0.4899595318,0.2630603146,0.0002737635809,0,0.005518301886,1.587899543e-05,False
2019-07-18,3,majority_baseline,{},0,0.2469801536,0.4899595318,0.2630603146,0.0002737635809,0,-0.009565374627,1.521118721e-05,False
2019-07-19,3,majority_baseline,{},0,0.2469801536,0.4899595318,0.2630603146,0.0002737635809,0,0.0009744585089,1.528538813e-05,False
2019-07-22,4,majority_baseline,{},0,0.2467142722,0.486822886,0.2664628418,0.000283968327,0,0.002975142372,1.550799087e-05,False
2019-07-23,4,majority_baseline,{},0,0.2467142722,0.486822886,0.2664628418,0.000283968327,0,0.007520304608,1.528538813e-05,False
2019-07-24,4,majority_baseline,{},0,0.2467142722,0.486822886,0.2664628418,0.000283968327,0,-0.003123554658,1.558219178e-05,False
2019-07-25,4,majority_baseline,{},0,0.2467142722,0.486822886,0.2664628418,0.000283968327,0,0.004156137538,1.558219178e-05,False
2019-07-26,4,majority_baseline,{},0,0.2467142722,0.486822886,0.2664628418,0.000283968327,0,-0.001391325677,1.573059361e-05,False
2019-07-29,4,majority_baseline,{},0,0.2467142722,0.486822886,0.2664628418,0.000283968327,0,0.002700802138,1.573059361e-05,False
2019-07-30,4,majority_baseline,{},0,0.2467142722,0.486822886,0.2664628418,0.000283968327,0,-0.01182762748,1.543378995e-05,False
2019-07-31,4,majority_baseline,{},0,0.2467142722,0.486822886,0.2664628418,0.000283968327,0,-0.009274225956,1.543378995e-05,False
2019-08-01,4,majority_baseline,{},0,0.2467142722,0.486822886,0.2664628418,0.000283968327,0,-0.004185846474,1.535958904e-05,False
2019-08-02,4,majority_baseline,{},0,0.2467142722,0.486822886,0.2664628418,0.000283968327,0,-0.01482171915,1.528538813e-05,False
2019-08-05,4,majority_baseline,{},0,0.2467142722,0.486822886,0.2664628418,0.000283968327,0,0.006610416356,1.521118721e-05,False
2019-08-06,4,majority_baseline,{},0,0.2467142722,0.486822886,0.2664628418,0.000283968327,0,0.01255276835,1.521118721e-05,False
2019-08-07,4,majority_baseline,{},0,0.2467142722,0.486822886,0.2664628418,0.000283968327,0,0.01381120086,1.498858447e-05,False
2019-08-08,4,majority_baseline,{},0,0.2467142722,0.486822886,0.2664628418,0.000283968327,0,-0.003281124825,1.498858447e-05,False
2019-08-09,4,majority_baseline,{},0,0.2467142722,0.486822886,0.2664628418,0.000283968327,0,-0.006518085842,1.484018265e-05,False
2019-08-12,4,majority_baseline,{},0,0.2467142722,0.486822886,0.2664628418,0.000283968327,0,0.01671647213,1.484018265e-05,False
2019-08-13,4,majority_baseline,{},0,0.2467142722,0.486822886,0.2664628418,0.000283968327,0,-0.01447569448,1.484018265e-05,False
2019-08-14,4,majority_baseline,{},0,0.2467142722,0.486822886,0.2664628418,0.000283968327,0,-0.0008073962632,1.4543379e-05,False
2019-08-15,4,majority_baseline,{},0,0.2467142722,0.486822886,0.2664628418,0.000283968327,0,0.008272811349,1.417237443e-05,False
2019-08-16,4,majority_baseline,{},0,0.2467142722,0.486822886,0.2664628418,0.000283968327,0,0.0004790858891,1.387557078e-05,False
2019-08-19,4,majority_baseline,{},0,0.2467142722,0.486822886,0.2664628418,0.000283968327,0,-0.005757935031,1.439497717e-05,False
2019-08-20,5,majority_baseline,{},0,0.2598949326,0.4702065239,0.2698985435,0.0002008908374,0,-0.000102566931,1.439497717e-05,False
2019-08-21,5,majority_baseline,{},0,0.2598949326,0.4702065239,0.2698985435,0.0002008908374,0,-0.002967041529,1.461757991e-05,False
2019-08-22,5,majority_baseline,{},0,0.2598949326,0.4702065239,0.2698985435,0.0002008908374,0,-0.02086486665,1.484018265e-05,False
2019-08-23,5,majority_baseline,{},0,0.2598949326,0.4702065239,0.2698985435,0.0002008908374,0,0.002541201613,1.461757991e-05,False
2019-08-26,5,majority_baseline,{},0,0.2598949326,0.4702065239,0.2698985435,0.0002008908374,0,-0.009221569709,1.491438356e-05,False
2019-08-27,5,majority_baseline,{},0,0.2598949326,0.4702065239,0.2698985435,0.0002008908374,0,0.009610679646,1.469178082e-05,False
2019-08-28,5,majority_baseline,{},0,0.2598949326,0.4702065239,0.2698985435,0.0002008908374,0,0.002947982418,1.476598174e-05,False
2019-08-29,5,majority_baseline,{},0,0.2598949326,0.4702065239,0.2698985435,0.0002008908374,0,-0.00601586938,1.476598174e-05,False
2019-08-30,5,majority_baseline,{},0,0.2598949326,0.4702065239,0.2698985435,0.0002008908374,0,0.0005849982521,1.476598174e-05,False
2019-09-03,5,majority_baseline,{},0,0.2598949326,0.4702065239,0.2698985435,0.0002008908374,0,0.003070184153,1.469178082e-05,False
2019-09-04,5,majority_baseline,{},0,0.2598949326,0.4702065239,0.2698985435,0.0002008908374,0,0.003470463428,1.461757991e-05,False
2019-09-05,5,majority_baseline,{},0,0.2598949326,0.4702065239,0.2698985435,0.0002008908374,0,-0.0004025409508,1.461757991e-05,False
2019-09-06,5,majority_baseline,{},0,0.2598949326,0.4702065239,0.2698985435,0.0002008908374,0,-0.003142349639,1.4543379e-05,False
2019-09-09,5,majority_baseline,{},0,0.2598949326,0.4702065239,0.2698985435,0.0002008908374,0,0.002589519671,1.4543379e-05,False
2019-09-10,5,majority_baseline,{},0,0.2598949326,0.4702065239,0.2698985435,0.0002008908374,0,0.005963744338,1.446917808e-05,False
2019-09-11,5,majority_baseline,{},0,0.2598949326,0.4702065239,0.2698985435,0.0002008908374,0,0.0001328084059,1.4543379e-05,False
2019-09-12,5,majority_baseline,{},0,0.2598949326,0.4702065239,0.2698985435,0.0002008908374,0,-0.00228644197,1.446917808e-05,False
2019-09-13,5,majority_baseline,{},0,0.2598949326,0.4702065239,0.2698985435,0.0002008908374,0,0.001067260595,1.4543379e-05,False
2019-09-16,5,majority_baseline,{},0,0.2598949326,0.4702065239,0.2698985435,0.0002008908374,0,0.003267356766,1.476598174e-05,False
2019-09-17,5,majority_baseline,{},0,0.2598949326,0.4702065239,0.2698985435,0.0002008908374,0,0.002030070357,1.476598174e-05,False
2019-09-18,5,majority_baseline,{},0,0.2598949326,0.4702065239,0.2698985435,0.0002008908374,0,-0.001492429498,1.446917808e-05,False
2019-09-19,6,majority_baseline,{},0,0.2500238407,0.4933114141,0.2566647452,0.0001780742465,0,-0.006924978814,1.432077626e-05,False
2019-09-20,6,majority_baseline,{},0,0.2500238407,0.4933114141,0.2566647452,0.0001780742465,0,0.002218127056,1.417237443e-05,False
2019-09-23,6,majority_baseline,{},0,0.2500238407,0.4933114141,0.2566647452,0.0001780742465,0,-0.01182328073,1.439497717e-05,False
2019-09-24,6,majority_baseline,{},0,0.2500238407,0.4933114141,0.2566647452,0.0001780742465,0,0.005608878449,1.424657534e-05,False
2019-09-25,6,majority_baseline,{},0,0.2500238407,0.4933114141,0.2566647452,0.0001780742465,0,-0.002116738368,1.40239726e-05,False
2019-09-26,6,majority_baseline,{},0,0.2500238407,0.4933114141,0.2566647452,0.0001780742465,0,-0.008158992803,1.357876712e-05,False
2019-09-27,6,majority_baseline,{},0,0.2500238407,0.4933114141,0.2566647452,0.0001780742465,0,0.002702935204,1.335616438e-05,False
2019-09-30,6,majority_baseline,{},0,0.2500238407,0.4933114141,0.2566647452,0.0001780742465,0,-0.01511385802,1.394977169e-05,False
2019-10-01,6,majority_baseline,{},0,0.2500238407,0.4933114141,0.2566647452,0.0001780742465,0,-0.01180103738,1.350456621e-05,False
2019-10-02,6,majority_baseline,{},0,0.2500238407,0.4933114141,0.2566647452,0.0001780742465,0,0.009068537878,1.328196347e-05,False
2019-10-03,6,majority_baseline,{},0,0.2500238407,0.4933114141,0.2566647452,0.0001780742465,0,0.01102559349,1.261415525e-05,False
2019-10-04,6,majority_baseline,{},0,0.2500238407,0.4933114141,0.2566647452,0.0001780742465,0,-0.001328976066,1.268835616e-05,False
2019-10-07,6,majority_baseline,{},0,0.2500238407,0.4933114141,0.2566647452,0.0001780742465,0,-0.008624277072,1.298515982e-05,False
2019-10-08,6,majority_baseline,{},0,0.2500238407,0.4933114141,0.2566647452,0.0001780742465,0,0.001788440467,1.276255708e-05,False
2019-10-09,6,majority_baseline,{},0,0.2500238407,0.4933114141,0.2566647452,0.0001780742465,0,0.007074653583,1.253995434e-05,False
2019-10-10,6,majority_baseline,{},0,0.2500238407,0.4933114141,0.2566647452,0.0001780742465,0,3.378612164e-05,1.246575342e-05,False
2019-10-11,6,majority_baseline,{},0,0.2500238407,0.4933114141,0.2566647452,0.0001780742465,0,6.764951244e-05,1.246575342e-05,False
2019-10-14,6,majority_baseline,{},0,0.2500238407,0.4933114141,0.2566647452,0.0001780742465,0,0.005991244514,1.246575342e-05,False
2019-10-15,6,majority_baseline,{},0,0.2500238407,0.4933114141,0.2566647452,0.0001780742465,0,0.0001005422544,1.239155251e-05,False
2019-10-16,6,majority_baseline,{},0,0.2500238407,0.4933114141,0.2566647452,0.0001780742465,0,-0.001334736491,1.23173516e-05,False
2019-10-17,6,majority_baseline,{},0,0.2500238407,0.4933114141,0.2566647452,0.0001780742465,0,-0.002410530152,1.23173516e-05,False
2019-10-18,7,majority_baseline,{},0,0.2575885131,0.4858769043,0.2565345827,9.178037799e-05,0,0.00190360291,1.23173516e-05,False
2019-10-21,7,majority_baseline,{},0,0.2575885131,0.4858769043,0.2565345827,9.178037799e-05,0,-0.005223158273,1.239155251e-05,False
2019-10-22,7,majority_baseline,{},0,0.2575885131,0.4858769043,0.2565345827,9.178037799e-05,0,0.003849609572,1.224315068e-05,False
2019-10-23,7,majority_baseline,{},0,0.2575885131,0.4858769043,0.2565345827,9.178037799e-05,0,-0.001794585102,1.224315068e-05,False
2019-10-24,7,majority_baseline,{},0,0.2575885131,0.4858769043,0.2565345827,9.178037799e-05,0,0.006205431354,1.239155251e-05,False
2019-10-25,7,majority_baseline,{},0,0.2575885131,0.4858769043,0.2565345827,9.178037799e-05,0,0.001188305672,1.23173516e-05,False
2019-10-28,7,majority_baseline,{},0,0.2575885131,0.4858769043,0.2565345827,9.178037799e-05,0,0.0006930412137,1.224315068e-05,False
2019-10-29,7,majority_baseline,{},0,0.2575885131,0.4858769043,0.2565345827,9.178037799e-05,0,0.002339985904,1.209474886e-05,False
2019-10-30,7,majority_baseline,{},0,0.2575885131,0.4858769043,0.2565345827,9.178037799e-05,0,-0.00263051452,1.202054795e-05,False
2019-10-31,7,majority_baseline,{},0,0.2575885131,0.4858769043,0.2565345827,9.178037799e-05,0,0.004001053051,1.142694064e-05,False
2019-11-01,7,majority_baseline,{},0,0.2575885131,0.4858769043,0.2565345827,9.178037799e-05,0,-0.001559236591,1.127853881e-05,False
2019-11-04,7,majority_baseline,{},0,0.2575885131,0.4858769043,0.2565345827,9.178037799e-05,0,-0.001820597182,1.135273973e-05,False
2019-11-05,7,majority_baseline,{},0,0.2575885131,0.4858769043,0.2565345827,9.178037799e-05,0,0.0002280148552,1.157534247e-05,False
2019-11-06,7,majority_baseline,{},0,0.2575885131,0.4858769043,0.2565345827,9.178037799e-05,0,-0.001263942339,1.157534247e-05,False
2019-11-07,7,majority_baseline,{},0,0.2575885131,0.4858769043,0.2565345827,9.178037799e-05,0,0.003703751624,1.157534247e-05,False
2019-11-08,7,majority_baseline,{},0,0.2575885131,0.4858769043,0.2565345827,9.178037799e-05,0,0.003025153075,1.150114155e-05,False
2019-11-11,7,majority_baseline,{},0,0.2575885131,0.4858769043,0.2565345827,9.178037799e-05,0,0.0008097166434,1.150114155e-05,False
2019-11-12,7,majority_baseline,{},0,0.2575885131,0.4858769043,0.2565345827,9.178037799e-05,0,0.003864773671,1.179794521e-05,False
2019-11-13,7,majority_baseline,{},0,0.2575885131,0.4858769043,0.2565345827,9.178037799e-05,0,0.002461152465,1.164954338e-05,False
2019-11-14,7,majority_baseline,{},0,0.2575885131,0.4858769043,0.2565345827,9.178037799e-05,0,0.002475787948,1.164954338e-05,False
2019-11-15,7,majority_baseline,{},0,0.2575885131,0.4858769043,0.2565345827,9.178037799e-05,0,0.001572850949,1.164954338e-05,False
2019-11-18,8,majority_baseline,{},0,0.2473210145,0.496075636,0.2566033495,0.0001938564734,0,-0.002398618703,1.164954338e-05,False
2019-11-19,8,majority_baseline,{},0,0.2473210145,0.496075636,0.2566033495,0.0001938564734,0,-0.001638427664,1.164954338e-05,False
2019-11-20,8,majority_baseline,{},0,0.2473210145,0.496075636,0.2566033495,0.0001938564734,0,-0.001994356715,1.164954338e-05,False
2019-11-21,8,majority_baseline,{},0,0.2473210145,0.496075636,0.2566033495,0.0001938564734,0,-0.0004179012525,1.172374429e-05,False
2019-11-22,8,majority_baseline,{},0,0.2473210145,0.496075636,0.2566033495,0.0001938564734,0,0.004455362723,1.172374429e-05,False
2019-11-25,8,majority_baseline,{},0,0.2473210145,0.496075636,0.2566033495,0.0001938564734,0,0.002137720024,1.194634703e-05,False
2019-11-26,8,majority_baseline,{},0,0.2473210145,0.496075636,0.2566033495,0.0001938564734,0,0.002765409844,1.187214612e-05,False
2019-11-27,8,majority_baseline,{},0,0.2473210145,0.496075636,0.2566033495,0.0001938564734,0,-0.001746769555,6.47260274e-06,False
2019-11-29,8,majority_baseline,{},0,0.2473210145,0.496075636,0.2566033495,0.0001938564734,0,-0.00937722641,1.179794521e-05,False
2019-12-02,8,majority_baseline,{},0,0.2473210145,0.496075636,0.2566033495,0.0001938564734,0,0.002915904371,1.187214612e-05,False
2019-12-03,8,majority_baseline,{},0,0.2473210145,0.496075636,0.2566033495,0.0001938564734,0,0.002446022675,1.164954338e-05,False
2019-12-04,8,majority_baseline,{},0,0.2473210145,0.496075636,0.2566033495,0.0001938564734,0,-0.0006726514428,1.150114155e-05,False
2019-12-05,8,majority_baseline,{},0,0.2473210145,0.496075636,0.2566033495,0.0001938564734,0,0.002387622583,1.142694064e-05,False
2019-12-06,8,majority_baseline,{},0,0.2473210145,0.496075636,0.2566033495,0.0001938564734,0,-0.001780936138,1.135273973e-05,False
2019-12-09,8,majority_baseline,{},0,0.2473210145,0.496075636,0.2566033495,0.0001938564734,0,-0.0009241236488,1.142694064e-05,False
2019-12-10,8,majority_baseline,{},0,0.2473210145,0.496075636,0.2566033495,0.0001938564734,0,0.001241966051,1.157534247e-05,False
2019-12-11,8,majority_baseline,{},0,0.2473210145,0.496075636,0.2566033495,0.0001938564734,0,0.008587005932,1.164954338e-05,False
2019-12-12,8,majority_baseline,{},0,0.2473210145,0.496075636,0.2566033495,0.0001938564734,0,0.001420179387,1.157534247e-05,False
2019-12-13,8,majority_baseline,{},0,0.2473210145,0.496075636,0.2566033495,0.0001938564734,0,0.0008771339865,1.164954338e-05,False
2019-12-16,8,majority_baseline,{},0,0.2473210145,0.496075636,0.2566033495,0.0001938564734,0,-0.001094042642,1.164954338e-05,False
2019-12-17,8,majority_baseline,{},0,0.2473210145,0.496075636,0.2566033495,0.0001938564734,0,-0.001281261445,1.157534247e-05,False
2019-12-18,9,majority_baseline,{},0,0.2400649047,0.4999386309,0.2599964644,0.0002778066385,0,0.003439668798,1.157534247e-05,False
2019-12-19,9,majority_baseline,{},0,0.2400649047,0.4999386309,0.2599964644,0.0002778066385,0,0.0008425996902,1.164954338e-05,False
2019-12-20,9,majority_baseline,{},0,0.2400649047,0.4999386309,0.2599964644,0.0002778066385,0,-0.001150518303,1.172374429e-05,False
2019-12-23,9,majority_baseline,{},0,0.2400649047,0.4999386309,0.2599964644,0.0002778066385,0,-0.0007465402519,6.352739726e-06,False
2019-12-24,9,majority_baseline,{},0,0.2400649047,0.4999386309,0.2599964644,0.0002778066385,0,0.004010597079,1.172374429e-05,False
2019-12-26,9,majority_baseline,{},0,0.2400649047,0.4999386309,0.2599964644,0.0002778066385,0,-0.00271824594,1.172374429e-05,False
2019-12-27,9,majority_baseline,{},0,0.2400649047,0.4999386309,0.2599964644,0.0002778066385,0,-0.005790449476,1.164954338e-05,False
2019-12-30,9,majority_baseline,{},0,0.2400649047,0.4999386309,0.2599964644,0.0002778066385,0,0.00414933557,1.164954338e-05,False
2019-12-31,9,majority_baseline,{},0,0.2400649047,0.4999386309,0.2599964644,0.0002778066385,0,0.004110732873,1.150114155e-05,False
2020-01-02,9,majority_baseline,{},0,0.2400649047,0.4999386309,0.2599964644,0.0002778066385,0,0.003892140942,1.142694064e-05,False
2020-01-03,9,majority_baseline,{},0,0.2400649047,0.4999386309,0.2599964644,0.0002778066385,0,0.009828776123,1.127853881e-05,False
2020-01-06,9,majority_baseline,{},0,0.2400649047,0.4999386309,0.2599964644,0.0002778066385,0,-0.0008977092862,1.157534247e-05,False
2020-01-07,9,majority_baseline,{},0,0.2400649047,0.4999386309,0.2599964644,0.0002778066385,0,0.004675821535,1.142694064e-05,False
2020-01-08,9,majority_baseline,{},0,0.2400649047,0.4999386309,0.2599964644,0.0002778066385,0,0.001502300008,1.142694064e-05,False
2020-01-09,9,majority_baseline,{},0,0.2400649047,0.4999386309,0.2599964644,0.0002778066385,0,-0.004827574883,1.142694064e-05,False
2020-01-10,9,majority_baseline,{},0,0.2400649047,0.4999386309,0.2599964644,0.0002778066385,0,0.004779550374,1.142694064e-05,False
2020-01-13,9,majority_baseline,{},0,0.2400649047,0.4999386309,0.2599964644,0.0002778066385,0,-6.104084549e-05,1.164954338e-05,False
2020-01-14,9,majority_baseline,{},0,0.2400649047,0.4999386309,0.2599964644,0.0002778066385,0,0.00256604973,1.164954338e-05,False
2020-01-15,9,majority_baseline,{},0,0.2400649047,0.4999386309,0.2599964644,0.0002778066385,0,0.003700336902,1.164954338e-05,False
2020-01-16,9,majority_baseline,{},0,0.2400649047,0.4999386309,0.2599964644,0.0002778066385,0,0.0007536928732,1.150114155e-05,False
2020-01-17,9,majority_baseline,{},0,0.2400649047,0.4999386309,0.2599964644,0.0002778066385,0,0.001208806124,1.157534247e-05,False
2020-01-21,10,majority_baseline,{},0,0.2298857737,0.4999728388,0.2701413876,0.0004511844392,1,-0.002708866931,1.157534247e-05,False
2020-01-22,10,majority_baseline,{},0,0.2298857737,0.4999728388,0.2701413876,0.0004511844392,1,0.003296725543,1.150114155e-05,False
2020-01-23,10,majority_baseline,{},0,0.2298857737,0.4999728388,0.2701413876,0.0004511844392,1,-0.01103962663,1.150114155e-05,False
2020-01-24,10,majority_baseline,{},0,0.2298857737,0.4999728388,0.2701413876,0.0004511844392,1,0.001454977053,1.142694064e-05,False
2020-01-27,10,majority_baseline,{},0,0.2298857737,0.4999728388,0.2701413876,0.0004511844392,1,0.005629782272,1.150114155e-05,False
2020-01-28,10,majority_baseline,{},0,0.2298857737,0.4999728388,0.2701413876,0.0004511844392,1,-0.005359673973,1.164954338e-05,False
2020-01-29,10,majority_baseline,{},0,0.2298857737,0.4999728388,0.2701413876,0.0004511844392,1,0.01023556372,1.157534247e-05,False
2020-01-30,10,majority_baseline,{},0,0.2298857737,0.4999728388,0.2701413876,0.0004511844392,1,-0.01611617425,1.164954338e-05,False
2020-01-31,10,majority_baseline,{},0,0.2298857737,0.4999728388,0.2701413876,0.0004511844392,1,0.002381286401,1.150114155e-05,False
2020-02-03,10,majority_baseline,{},0,0.2298857737,0.4999728388,0.2701413876,0.0004511844392,1,0.003017619072,1.164954338e-05,False
2020-02-04,10,majority_baseline,{},0,0.2298857737,0.4999728388,0.2701413876,0.0004511844392,1,0.001775653254,1.164954338e-05,False
2020-02-05,10,majority_baseline,{},0,0.2298857737,0.4999728388,0.2701413876,0.0004511844392,1,0.0002096594754,1.164954338e-05,False
2020-02-06,10,majority_baseline,{},0,0.2298857737,0.4999728388,0.2701413876,0.0004511844392,1,-0.001862853997,1.164954338e-05,False
2020-02-07,10,majority_baseline,{},0,0.2298857737,0.4999728388,0.2701413876,0.0004511844392,1,0.01041566763,1.157534247e-05,False
2020-02-10,10,majority_baseline,{},0,0.2298857737,0.4999728388,0.2701413876,0.0004511844392,1,-0.002677278155,1.172374429e-05,False
2020-02-11,10,majority_baseline,{},0,0.2298857737,0.4999728388,0.2701413876,0.0004511844392,1,0.001751705429,1.164954338e-05,False
2020-02-12,10,majority_baseline,{},0,0.2298857737,0.4999728388,0.2701413876,0.0004511844392,1,0.003572953816,1.172374429e-05,False
2020-02-13,10,majority_baseline,{},0,0.2298857737,0.4999728388,0.2701413876,0.0004511844392,1,0.0002666479188,1.179794521e-05,False
2020-02-14,10,majority_baseline,{},0,0.2298857737,0.4999728388,0.2701413876,0.0004511844392,1,0.0006537733647,1.172374429e-05,False
2020-02-18,10,majority_baseline,{},0,0.2298857737,0.4999728388,0.2701413876,0.0004511844392,1,0.001628194387,1.172374429e-05,False
2020-02-19,10,majority_baseline,{},0,0.2298857737,0.4999728388,0.2701413876,0.0004511844392,1,-0.00233901231,1.172374429e-05,False
2020-02-20,11,majority_baseline,{},0,0.2265539795,0.5136157215,0.259830299,0.0004096312996,0,-0.005931946996,1.172374429e-05,False
2020-02-21,11,majority_baseline,{},0,0.2265539795,0.5136157215,0.259830299,0.0004096312996,0,-0.002228140101,1.157534247e-05,False
2020-02-24,11,majority_baseline,{},0,0.2265539795,0.5136157215,0.259830299,0.0004096312996,0,-0.03485215901,1.135273973e-05,False
2020-02-25,11,majority_baseline,{},0,0.2265539795,0.5136157215,0.259830299,0.0004096312996,0,-0.008530118777,1.135273973e-05,False
2020-02-26,11,majority_baseline,{},0,0.2265539795,0.5136157215,0.259830299,0.0004096312996,0,-0.02602626167,1.135273973e-05,False
2020-02-27,11,majority_baseline,{},0,0.2265539795,0.5136157215,0.259830299,0.0004096312996,0,0.02618634294,1.075913242e-05,False
2020-02-28,11,majority_baseline,{},0,0.2265539795,0.5136157215,0.259830299,0.0004096312996,1,0.03648437379,9.423515982e-06,False
2020-03-02,11,majority_baseline,{},0,0.2265539795,0.5136157215,0.259830299,0.0004096312996,1,-0.02991925613,8.384703196e-06,False
2020-03-03,11,majority_baseline,{},0,0.2265539795,0.5136157215,0.259830299,0.0004096312996,1,0.02201747773,7.049086758e-06,False
2020-03-04,11,majority_baseline,{},0,0.2265539795,0.5136157215,0.259830299,0.0004096312996,1,-0.008262900856,5.342465753e-06,False
2020-03-05,11,majority_baseline,{},0,0.2265539795,0.5136157215,0.259830299,0.0004096312996,1,0.0147023627,4.600456621e-06,False
2020-03-06,11,majority_baseline,{},0,0.2265539795,0.5136157215,0.259830299,0.0004096312996,1,-0.00388658498,3.339041096e-06,False
2020-03-09,11,majority_baseline,{},0,0.2265539795,0.5136157215,0.259830299,0.0004096312996,1,0.01327992756,2.448630137e-06,False
2020-03-10,11,majority_baseline,{},0,0.2265539795,0.5136157215,0.259830299,0.0004096312996,1,-0.02258648599,3.264840183e-06,False
2020-03-11,11,majority_baseline,{},0,0.2265539795,0.5136157215,0.259830299,0.0004096312996,1,-0.03082030989,3.116438356e-06,False
2020-03-12,11,majority_baseline,{},0,0.2265539795,0.5136157215,0.259830299,0.0004096312996,1,0.02368015151,2.448630137e-06,False
2020-03-13,11,majority_baseline,{},0,0.2265539795,0.5136157215,0.259830299,0.0004096312996,1,-0.005514497615,2.077625571e-06,False
2020-03-16,11,majority_baseline,{},0,0.2265539795,0.5136157215,0.259830299,0.0004096312996,1,0.03166833987,1.780821918e-06,False
2020-03-17,11,majority_baseline,{},0,0.2265539795,0.5136157215,0.259830299,0.0004096312996,1,0.0158730159,1.409817352e-06,False
2020-03-18,11,majority_baseline,{},0,0.2265539795,0.5136157215,0.259830299,0.0004096312996,1,0.005266434627,1.484018265e-07,False
2020-03-19,11,majority_baseline,{},0,0.2265539795,0.5136157215,0.259830299,0.0004096312996,1,-0.0566115361,2.96803653e-07,False
2020-03-20,12,logistic,"{'C': 0.1, 'class_weight': 'balanced'}",0,0.2192107809,0.3101490244,0.4706401947,0.001928181827,1,-0.02296334407,3.710045662e-07,False
2020-03-23,12,logistic,"{'C': 0.1, 'class_weight': 'balanced'}",0,0.1826608246,0.2074022435,0.6099369318,0.003218265222,1,0.03724083191,1.484018265e-07,False
2020-03-24,12,logistic,"{'C': 0.1, 'class_weight': 'balanced'}",0,0.1566864987,0.7329013749,0.1104121264,-6.469695302e-05,0,0.007840887758,7.420091324e-08,False
2020-03-25,12,logistic,"{'C': 0.1, 'class_weight': 'balanced'}",0,0.1335832039,0.7851142721,0.08130252407,-7.133472655e-05,0,0.04680990602,0,False
2020-03-26,12,logistic,"{'C': 0.1, 'class_weight': 'balanced'}",0,0.08861904618,0.8765096474,0.03487130642,-1.252210962e-05,0,0.0005922292756,0,False
2020-03-27,12,logistic,"{'C': 0.1, 'class_weight': 'balanced'}",0,0.0985045239,0.8319607454,0.06953473069,0.0001461503364,0,0.02326944485,2.226027397e-07,False
2020-03-30,12,logistic,"{'C': 0.1, 'class_weight': 'balanced'}",0,0.07944066122,0.8699392339,0.05062010492,0.000176497411,0,-0.01078445479,8.904109589e-07,False
2020-03-31,12,logistic,"{'C': 0.1, 'class_weight': 'balanced'}",0,0.110782348,0.8247182715,0.06449938052,5.794353574e-06,0,-0.007379634893,8.162100457e-07,False
2020-04-01,12,logistic,"{'C': 0.1, 'class_weight': 'balanced'}",0,0.1429174619,0.7271863909,0.1298961471,0.0001898003866,0,0.02708103637,6.678082192e-07,False
2020-04-02,12,logistic,"{'C': 0.1, 'class_weight': 'balanced'}",0,0.1156741931,0.7942942158,0.09003159115,0.0001431084552,0,-0.01024881207,6.678082192e-07,False
2020-04-03,12,logistic,"{'C': 0.1, 'class_weight': 'balanced'}",0,0.1388063905,0.7502094533,0.1109841561,9.226142439e-05,0,0.02722614441,7.420091324e-07,False
2020-04-06,12,logistic,"{'C': 0.1, 'class_weight': 'balanced'}",0,0.08841034439,0.8908347086,0.02075494701,-0.0001097907735,0,-0.03311325954,1.113013699e-06,False
2020-04-07,12,logistic,"{'C': 0.1, 'class_weight': 'balanced'}",0,0.09721495189,0.8419986966,0.06078635152,9.579419935e-05,0,0.0226526626,1.038812785e-06,False
2020-04-08,12,logistic,"{'C': 0.1, 'class_weight': 'balanced'}",0,0.08787578568,0.8897115567,0.02241265767,-9.358613428e-05,0,0.002233682719,1.632420091e-06,False
2020-04-09,12,logistic,"{'C': 0.1, 'class_weight': 'balanced'}",0,0.08984737246,0.871030939,0.03912168856,6.795668409e-06,0,-0.005340300908,1.855022831e-06,False
2020-04-13,12,logistic,"{'C': 0.1, 'class_weight': 'balanced'}",0,0.1045052217,0.8524387368,0.0430560415,-9.097877276e-05,0,0.01000070241,1.929223744e-06,False
2020-04-14,12,logistic,"{'C': 0.1, 'class_weight': 'balanced'}",0,0.08853261789,0.8816201116,0.02984727051,-4.70362516e-05,0,0.0006845205266,1.484018265e-06,False
2020-04-15,12,logistic,"{'C': 0.1, 'class_weight': 'balanced'}",0,0.1144969126,0.8069681831,0.07853490423,7.250703331e-05,0,-0.0001790715433,1.038812785e-06,False
2020-04-16,12,logistic,"{'C': 0.1, 'class_weight': 'balanced'}",0,0.1263178836,0.7613136226,0.1123684939,0.0002088005708,0,0.00441519992,1.038812785e-06,False
2020-04-17,12,logistic,"{'C': 0.1, 'class_weight': 'balanced'}",0,0.1333992704,0.8156882091,0.05091252057,-0.0002830067036,0,-0.003609175237,8.904109589e-07,False
2020-04-20,12,logistic,"{'C': 0.1, 'class_weight': 'balanced'}",0,0.5754123327,0.4218749996,0.002712667737,-0.004402153873,-1,-0.01333430526,8.904109589e-07,False
2020-04-21,13,logistic,"{'C': 0.1, 'class_weight': 'balanced'}",0,0.1910804168,0.5977367435,0.2111828397,0.0004361679634,1,0.002694449333,8.162100457e-07,False
2020-04-22,13,logistic,"{'C': 0.1, 'class_weight': 'balanced'}",0,0.1763860954,0.7208331068,0.1027807978,-0.0002024311525,0,-0.005026930281,8.904109589e-07,False
2020-04-23,13,logistic,"{'C': 0.1, 'class_weight': 'balanced'}",0,0.1798105809,0.6791398948,0.1410495242,3.839457651e-05,0,0.007979161789,8.162100457e-07,False
2020-04-24,13,logistic,"{'C': 0.1, 'class_weight': 'balanced'}",0,0.1827568892,0.7135561253,0.1036869855,-0.0002516119517,0,0.006769054127,8.904109589e-07,False
2020-04-27,13,logistic,"{'C': 0.1, 'class_weight': 'balanced'}",0,0.1622890552,0.7318856119,0.1058253329,-5.788489063e-05,0,-0.01817736976,8.904109589e-07,False
2020-04-28,13,logistic,"{'C': 0.1, 'class_weight': 'balanced'}",0,0.177930327,0.6498272541,0.1722424189,0.0002754556154,0,0.005762675149,8.162100457e-07,False
2020-04-29,13,logistic,"{'C': 0.1, 'class_weight': 'balanced'}",0,0.1518723824,0.7237988186,0.124328799,0.0001639010537,0,-0.004216449651,7.420091324e-07,False
2020-04-30,13,logistic,"{'C': 0.1, 'class_weight': 'balanced'}",0,0.1679640782,0.668244821,0.1637911008,0.0003026368917,0,-0.008832459426,6.678082192e-07,False
2020-05-01,13,logistic,"{'C': 0.1, 'class_weight': 'balanced'}",0,0.24763898,0.6153545916,0.1370064284,-0.0005820709403,-1,0.01008056273,8.904109589e-07,False
2020-05-04,13,logistic,"{'C': 0.1, 'class_weight': 'balanced'}",0,0.1905267376,0.6138578147,0.1956154477,0.0003308778108,0,-0.001569956006,9.646118721e-07,False
2020-05-05,13,logistic,"{'C': 0.1, 'class_weight': 'balanced'}",0,0.220065733,0.6210187767,0.1589154904,-0.0001864873896,0,-0.01315792414,9.646118721e-07,False
2020-05-06,13,logistic,"{'C': 0.1, 'class_weight': 'balanced'}",0,0.2072557612,0.575122407,0.2176218318,0.000340571704,0,-0.0002432922845,8.904109589e-07,False
2020-05-07,13,logistic,"{'C': 0.1, 'class_weight': 'balanced'}",0,0.1771422582,0.5224115993,0.3004461424,0.001189227116,1,0.004637761813,8.162100457e-07,False
2020-05-08,13,logistic,"{'C': 0.1, 'class_weight': 'balanced'}",0,0.1866692016,0.6694904597,0.1438403387,-1.711379273e-06,0,0.007439566173,8.904109589e-07,False
2020-05-11,13,logistic,"{'C': 0.1, 'class_weight': 'balanced'}",0,0.1905812997,0.6374403505,0.1719783498,0.0001631962433,0,-0.02423498035,8.904109589e-07,False
2020-05-12,13,logistic,"{'C': 0.1, 'class_weight': 'balanced'}",0,0.1860481674,0.4778071653,0.3361446673,0.001364041137,1,-0.01559110515,9.646118721e-07,False
2020-05-13,13,logistic,"{'C': 0.1, 'class_weight': 'balanced'}",0,0.1897158595,0.3989327839,0.4113513566,0.001864038552,1,0.0215808885,9.646118721e-07,False
2020-05-14,13,logistic,"{'C': 0.1, 'class_weight': 'balanced'}",0,0.2406952134,0.5530579953,0.2062467913,-3.168372112e-05,0,0.01384709298,8.904109589e-07,False
2020-05-15,13,logistic,"{'C': 0.1, 'class_weight': 'balanced'}",0,0.2148833484,0.5759452871,0.2091713645,0.0002142365807,0,0.006654196601,8.904109589e-07,False
2020-05-18,13,logistic,"{'C': 0.1, 'class_weight': 'balanced'}",0,0.1720675145,0.6177439552,0.2101885303,0.0005950394379,1,-0.008085628723,9.646118721e-07,False
2020-05-19,13,logistic,"{'C': 0.1, 'class_weight': 'balanced'}",0,0.1873638991,0.5319991137,0.2806369871,0.0009599067454,1,0.003752232444,9.646118721e-07,False
2020-05-20,14,logistic,"{'C': 0.1, 'class_weight': 'balanced'}",0,0.212016146,0.5980155472,0.1899683068,0.0001004519403,0,-0.006435538955,8.904109589e-07,False
2020-05-21,14,logistic,"{'C': 0.1, 'class_weight': 'balanced'}",0,0.232584222,0.5910527066,0.1763630714,-0.0001781766901,0,0.002953441029,8.904109589e-07,False
2020-05-22,14,logistic,"{'C': 0.1, 'class_weight': 'balanced'}",0,0.2320052291,0.6255577618,0.142437009,-0.0004125310938,-1,-0.009439294233,8.904109589e-07,False
2020-05-26,14,logistic,"{'C': 0.1, 'class_weight': 'balanced'}",0,0.2657567251,0.5832094003,0.1510338746,-0.0006514592342,-1,0.004667031924,1.038812785e-06,False
2020-05-27,14,logistic,"{'C': 0.1, 'class_weight': 'balanced'}",0,0.2081075502,0.6037963824,0.1880960674,0.000121932306,0,-0.005514500831,1.113013699e-06,False
2020-05-28,14,logistic,"{'C': 0.1, 'class_weight': 'balanced'}",0,0.2330316234,0.6157977416,0.151170635,-0.0003599892459,0,0.006149626141,1.113013699e-06,False
2020-05-29,14,logistic,"{'C': 0.1, 'class_weight': 'balanced'}",0,0.1982823896,0.6101265368,0.1915910736,0.0002338236969,0,0.006356605725,1.038812785e-06,False
2020-06-01,14,logistic,"{'C': 0.1, 'class_weight': 'balanced'}",0,0.2255198116,0.6103972155,0.164082973,-0.0002021539693,0,0.004991025636,1.038812785e-06,False
2020-06-02,14,logistic,"{'C': 0.1, 'class_weight': 'balanced'}",0,0.2005397056,0.6161760866,0.1832842078,0.0001551445959,0,0.006253231555,1.113013699e-06,False
2020-06-03,14,logistic,"{'C': 0.1, 'class_weight': 'balanced'}",0,0.1939427493,0.660778908,0.1452783428,-5.458818548e-05,0,0.0008035741703,1.187214612e-06,False
2020-06-04,14,logistic,"{'C': 0.1, 'class_weight': 'balanced'}",0,0.2076009537,0.652480833,0.1399182132,-0.0002136724169,0,0.006651279127,1.113013699e-06,False
2020-06-05,14,logistic,"{'C': 0.1, 'class_weight': 'balanced'}",0,0.2120981794,0.7053533278,0.08254849284,-0.0006585847796,-1,0.009306136218,1.113013699e-06,False
2020-06-08,14,logistic,"{'C': 0.1, 'class_weight': 'balanced'}",0,0.2069812897,0.7024388206,0.09057988963,-0.0005564655266,-1,0.001529880627,1.261415525e-06,False
2020-06-09,14,logistic,"{'C': 0.1, 'class_weight': 'balanced'}",0,0.1982157846,0.6536502503,0.1481339651,-7.236173009e-05,0,-0.007529131057,1.409817352e-06,False
2020-06-10,14,logistic,"{'C': 0.1, 'class_weight': 'balanced'}",0,0.2264043481,0.5635114198,0.2100842322,0.0001147305031,0,-0.03483595466,1.261415525e-06,False
2020-06-11,14,logistic,"{'C': 0.1, 'class_weight': 'balanced'}",0,0.2668730982,0.312302898,0.4208240038,0.001243159566,1,-0.01307422412,1.261415525e-06,False
2020-06-12,14,logistic,"{'C': 0.1, 'class_weight': 'balanced'}",0,0.3176478231,0.4189578422,0.2633943347,-0.0003189165863,0,0.03029997668,1.187214612e-06,False
2020-06-15,14,logistic,"{'C': 0.1, 'class_weight': 'balanced'}",0,0.2671619072,0.4825236644,0.2503144285,3.691783614e-05,0,-0.007987889869,1.335616438e-06,False
2020-06-16,14,logistic,"{'C': 0.1, 'class_weight': 'balanced'}",0,0.2812635788,0.497609839,0.2211265821,-0.000294310064,0,-0.007673459871,1.261415525e-06,False
2020-06-17,14,logistic,"{'C': 0.1, 'class_weight': 'balanced'}",0,0.2606400134,0.5103722977,0.2289876888,-5.573836513e-05,0,0.005709457657,1.261415525e-06,False
2020-06-18,14,logistic,"{'C': 0.1, 'class_weight': 'balanced'}",0,0.2545100066,0.5420537787,0.2034362147,-0.0001816970534,0,-0.01760193086,1.187214612e-06,False
2020-06-19,15,logistic,"{'C': 0.1, 'class_weight': 'balanced'}",0,0.3011534538,0.4456141101,0.2532324361,-0.0002757509652,0,0.008539254488,1.113013699e-06,False
2020-06-22,15,logistic,"{'C': 0.1, 'class_weight': 'balanced'}",0,0.2473369953,0.5094740575,0.2431889471,0.0001410112236,0,-0.004593455992,1.187214612e-06,False
2020-06-23,15,logistic,"{'C': 0.1, 'class_weight': 'balanced'}",0,0.2612804006,0.4911361043,0.2475834951,4.574437006e-05,0,-0.01855796581,1.187214612e-06,False
2020-06-24,15,logistic,"{'C': 0.1, 'class_weight': 'balanced'}",0,0.2933925634,0.4164096662,0.2901977704,5.681044825e-05,0,0.0127854644,1.113013699e-06,False
2020-06-25,15,logistic,"{'C': 0.1, 'class_weight': 'balanced'}",0,0.28199225,0.4863151659,0.2316925841,-0.0002547778757,0,-0.01995693688,1.187214612e-06,False
2020-06-26,15,logistic,"{'C': 0.1, 'class_weight': 'balanced'}",0,0.2999200052,0.3832841854,0.3167958094,0.0001862747616,0,0.01011906629,1.038812785e-06,False
2020-06-29,15,logistic,"{'C': 0.1, 'class_weight': 'balanced'}",0,0.2566947062,0.4600070781,0.2832982157,0.0003406433193,0,0.01437545748,1.038812785e-06,False
2020-06-30,15,logistic,"{'C': 0.1, 'class_weight': 'balanced'}",0,0.2723593099,0.504173044,0.2234676462,-0.000225765697,0,0.00306871331,1.187214612e-06,False
2020-07-01,15,logistic,"{'C': 0.1, 'class_weight': 'balanced'}",0,0.2981050922,0.5112361028,0.1906588049,-0.0006919299444,-1,-0.006396319011,1.038812785e-06,False
2020-07-02,15,logistic,"{'C': 0.1, 'class_weight': 'balanced'}",0,0.2162543369,0.5205740946,0.2631715685,0.0005645957939,1,0.002149359165,1.038812785e-06,False
2020-07-06,15,logistic,"{'C': 0.1, 'class_weight': 'balanced'}",0,0.2357298739,0.5839197296,0.1803503965,-0.0001994374005,0,-0.005073264276,1.113013699e-06,False
2020-07-07,15,logistic,"{'C': 0.1, 'class_weight': 'balanced'}",0,0.2196687845,0.5525738444,0.2277573711,0.0002824490548,0,0.004990328903,1.113013699e-06,False
2020-07-08,15,logistic,"{'C': 0.1, 'class_weight': 'balanced'}",0,0.2345344356,0.5837190006,0.1817465639,-0.000178694662,0,-0.007764144218,1.113013699e-06,False
2020-07-09,15,logistic,"{'C': 0.1, 'class_weight': 'balanced'}",0,0.2243714777,0.5253870548,0.2502414675,0.0003992805871,0,0.0104355536,9.646118721e-07,False
2020-07-10,15,logistic,"{'C': 0.1, 'class_weight': 'balanced'}",0,0.2040442053,0.5881239061,0.2078318887,0.0002828030053,0,-0.01652456327,9.646118721e-07,False
2020-07-13,15,logistic,"{'C': 0.1, 'class_weight': 'balanced'}",0,0.2532702082,0.5083697996,0.2383599922,5.295914839e-05,0,0.01793816087,1.038812785e-06,False
2020-07-14,15,logistic,"{'C': 0.1, 'class_weight': 'balanced'}",0,0.2241429531,0.5692099446,0.2066471023,9.214756676e-05,0,-0.00173691123,1.113013699e-06,False
2020-07-15,15,logistic,"{'C': 0.1, 'class_weight': 'balanced'}",0,0.2554416817,0.5618267515,0.1827315668,-0.0003612915869,0,0.003127052024,1.187214612e-06,False
2020-07-16,15,logistic,"{'C': 0.1, 'class_weight': 'balanced'}",0,0.2504365816,0.5773276591,0.1722357594,-0.0003903506475,0,-0.000497091159,8.162100457e-07,False
2020-07-17,15,logistic,"{'C': 0.1, 'class_weight': 'balanced'}",0,0.2382520267,0.5645300112,0.197217962,-0.0001026699194,0,0.008991116788,8.162100457e-07,False
2020-07-20,15,logistic,"{'C': 0.1, 'class_weight': 'balanced'}",0,0.2077405903,0.5823150316,0.2099443781,0.0002642682399,0,-0.004411096397,9.646118721e-07,False
2020-07-21,16,logistic,"{'C': 0.1, 'class_weight': 'balanced'}",0,0.1635399577,0.485430528,0.3510295143,0.001689040681,1,0.006900345646,9.646118721e-07,False
2020-07-22,16,logistic,"{'C': 0.1, 'class_weight': 'balanced'}",0,0.1819333691,0.5288625964,0.2892040346,0.001074696149,1,-0.01075140083,9.646118721e-07,False
2020-07-23,16,logistic,"{'C': 0.1, 'class_weight': 'balanced'}",0,0.1989714599,0.4288972861,0.372131254,0.001518118241,1,-0.0002181251832,8.904109589e-07,False
2020-07-24,16,logistic,"{'C': 0.1, 'class_weight': 'balanced'}",0,0.1833919463,0.4223845339,0.3942235197,0.00181983355,1,0.004943557234,8.162100457e-07,False
2020-07-27,16,logistic,"{'C': 0.1, 'class_weight': 'balanced'}",0,0.2370038895,0.523277444,0.2397186664,0.0002147866223,0,-0.00390776083,8.162100457e-07,False
2020-07-28,16,logistic,"{'C': 0.1, 'class_weight': 'balanced'}",0,0.1765204947,0.4114194022,0.4120601031,0.002011351917,1,0.009313299713,8.162100457e-07,False
2020-07-29,16,logistic,"{'C': 0.1, 'class_weight': 'balanced'}",0,0.1967260039,0.5022475996,0.3010263964,0.001025091535,1,0.006399495813,8.162100457e-07,False
2020-07-30,16,logistic,"{'C': 0.1, 'class_weight': 'balanced'}",0,0.225028959,0.5067929191,0.2681781219,0.0005295931254,1,0.001902409054,6.678082192e-07,False
2020-07-31,16,logistic,"{'C': 0.1, 'class_weight': 'balanced'}",0,0.2073100123,0.4907865722,0.3019034154,0.0009348444586,1,0.00143153411,6.678082192e-07,False
2020-08-03,16,logistic,"{'C': 0.1, 'class_weight': 'balanced'}",0,0.2404747275,0.5368267166,0.2226985559,6.019597308e-05,0,0.006710218733,7.420091324e-07,False
2020-08-04,16,logistic,"{'C': 0.1, 'class_weight': 'balanced'}",0,0.2011255092,0.5445745986,0.2542998922,0.0006474880687,1,0.001930745097,6.678082192e-07,False
2020-08-05,16,logistic,"{'C': 0.1, 'class_weight': 'balanced'}",0,0.1908701447,0.5584236116,0.2507062436,0.0007151168075,1,0.008597729675,7.420091324e-07,False
2020-08-06,16,logistic,"{'C': 0.1, 'class_weight': 'balanced'}",0,0.1748476394,0.5957328055,0.2294195551,0.0007075931515,1,0.003870644859,7.420091324e-07,False
2020-08-07,16,logistic,"{'C': 0.1, 'class_weight': 'balanced'}",0,0.2236940422,0.6093770046,0.1669289532,-0.0001894436,0,0.001522144788,7.420091324e-07,False
2020-08-10,16,logistic,"{'C': 0.1, 'class_weight': 'balanced'}",0,0.188290341,0.5617413998,0.2499682593,0.0007333282575,1,-0.01202321,8.162100457e-07,False
2020-08-11,16,logistic,"{'C': 0.1, 'class_weight': 'balanced'}",0,0.2394979378,0.5605429427,0.1999591195,-9.51140942e-05,0,0.005962318253,8.162100457e-07,False
2020-08-12,16,logistic,"{'C': 0.1, 'class_weight': 'balanced'}",0,0.2295186389,0.5976934314,0.1727879297,-0.0002002807064,0,0.0006535788955,8.162100457e-07,False
2020-08-13,16,logistic,"{'C': 0.1, 'class_weight': 'balanced'}",0,0.2534170403,0.6033314409,0.1432515188,-0.0006316686465,-1,0.001278180569,7.420091324e-07,False
2020-08-14,16,logistic,"{'C': 0.1, 'class_weight': 'balanced'}",0,0.2252495098,0.5556234396,0.2191270506,0.0001733353855,0,-8.876956065e-05,7.420091324e-07,False
2020-08-17,16,logistic,"{'C': 0.1, 'class_weight': 'balanced'}",0,0.2175123807,0.5365107281,0.2459768912,0.000437846646,1,0.0008867361783,7.420091324e-07,False
2020-08-18,16,logistic,"{'C': 0.1, 'class_weight': 'balanced'}",0,0.2000893104,0.4966960607,0.3032146289,0.001010204132,1,-0.005367871663,6.678082192e-07,False
2020-08-19,17,logistic,"{'C': 0.1, 'class_weight': 'balanced'}",0,0.2486525728,0.4529287041,0.2984187231,0.0005502852058,1,0.008707101451,8.162100457e-07,False
2020-08-20,17,logistic,"{'C': 0.1, 'class_weight': 'balanced'}",0,0.2205357557,0.4598227767,0.3196414676,0.0009585922722,1,0.004616470052,8.162100457e-07,False
2020-08-21,17,logistic,"{'C': 0.1, 'class_weight': 'balanced'}",0,0.2505689526,0.4909186714,0.258512376,0.0002467818594,0,0.00233841421,7.420091324e-07,False
2020-08-24,17,logistic,"{'C': 0.1, 'class_weight': 'balanced'}",0,0.2537434372,0.5202886871,0.2259678757,-1.541614993e-05,0,0.001717452079,8.904109589e-07,False
2020-08-25,17,logistic,"{'C': 0.1, 'class_weight': 'balanced'}",0,0.1145255214,0.243604111,0.6418703676,0.004234187518,1,0.008150590084,8.162100457e-07,False
2020-08-26,17,logistic,"{'C': 0.1, 'class_weight': 'balanced'}",0,0.2394380782,0.5639528667,0.1966090551,-9.55124574e-05,0,-0.0005165510782,8.162100457e-07,False
2020-08-27,17,logistic,"{'C': 0.1, 'class_weight': 'balanced'}",0,0.240970748,0.5700071976,0.1890220544,-0.0001638597512,0,0.003262317201,8.162100457e-07,False
2020-08-28,17,logistic,"{'C': 0.1, 'class_weight': 'balanced'}",0,0.2312945183,0.5594274327,0.209278049,6.94967479e-05,0,-0.00296848428,7.420091324e-07,False
2020-08-31,17,logistic,"{'C': 0.1, 'class_weight': 'balanced'}",0,0.235061846,0.5083751755,0.2565629785,0.0003741015958,0,0.006824518878,8.162100457e-07,False
2020-09-01,17,logistic,"{'C': 0.1, 'class_weight': 'balanced'}",0,0.2685199354,0.5177986047,0.2136814599,-0.0002381189869,0,0.00854314884,8.904109589e-07,False
2020-09-02,17,logistic,"{'C': 0.1, 'class_weight': 'balanced'}",0,0.2484714447,0.554723499,0.1968050562,-0.000176414899,0,-0.02944890164,8.904109589e-07,False
2020-09-03,17,logistic,"{'C': 0.1, 'class_weight': 'balanced'}",0,0.2628132966,0.3014905015,0.4356962019,0.001405242969,1,-0.01028514567,8.162100457e-07,False
2020-09-04,17,logistic,"{'C': 0.1, 'class_weight': 'balanced'}",0,0.3649267234,0.3553447124,0.2797285643,-0.0006431125541,-1,-0.01039470199,8.162100457e-07,False
2020-09-08,17,logistic,"{'C': 0.1, 'class_weight': 'balanced'}",0,0.2540362952,0.253344716,0.4926189888,0.001893227846,1,0.006636115454,9.646118721e-07,False
2020-09-09,17,logistic,"{'C': 0.1, 'class_weight': 'balanced'}",0,0.3099406383,0.3721179198,0.317941442,0.0001317958823,0,-0.02319932262,8.904109589e-07,False
2020-09-10,17,logistic,"{'C': 0.1, 'class_weight': 'balanced'}",0,0.275683386,0.245031069,0.479285545,0.001600418808,1,-0.005240931893,8.904109589e-07,False
2020-09-11,17,logistic,"{'C': 0.1, 'class_weight': 'balanced'}",0,0.2928689716,0.3173578593,0.3897731691,0.0008022223345,1,0.002874162724,8.162100457e-07,False
2020-09-14,17,logistic,"{'C': 0.1, 'class_weight': 'balanced'}",0,0.2459345575,0.3299004868,0.4241649558,0.001476379157,1,-0.002784890043,8.162100457e-07,False
2020-09-15,17,logistic,"{'C': 0.1, 'class_weight': 'balanced'}",0,0.2326481924,0.3817604239,0.3855913838,0.001320948448,1,-0.007876789585,8.162100457e-07,False
2020-09-16,17,logistic,"{'C': 0.1, 'class_weight': 'balanced'}",0,0.2226970146,0.332975829,0.4443271565,0.001832627003,1,0.006835348288,8.904109589e-07,False
2020-09-17,17,logistic,"{'C': 0.1, 'class_weight': 'balanced'}",0,0.1805831132,0.320021862,0.4993950248,0.00261106465,1,-0.01407401172,6.678082192e-07,False
2020-09-18,18,logistic,"{'C': 0.1, 'class_weight': 'balanced'}",0,0.2836771502,0.4038063683,0.3125164815,0.0002890216235,0,0.003899260053,7.420091324e-07,False
2020-09-21,18,logistic,"{'C': 0.1, 'class_weight': 'balanced'}",0,0.254914274,0.4042641791,0.3408215469,0.0007584448844,1,0.005265180625,7.420091324e-07,False
2020-09-22,18,logistic,"{'C': 0.1, 'class_weight': 'balanced'}",0,0.2422793704,0.3922684212,0.3654522085,0.001051927563,1,-0.02496216196,7.420091324e-07,False
2020-09-23,18,logistic,"{'C': 0.1, 'class_weight': 'balanced'}",0,0.2933383868,0.3201757804,0.3864858327,0.000728668447,1,0.007097934945,8.162100457e-07,False
2020-09-24,18,logistic,"{'C': 0.1, 'class_weight': 'balanced'}",0,0.4345517143,0.4979712497,0.06747703602,-0.002864305279,-1,0.01906511456,7.420091324e-07,False
2020-09-25,18,logistic,"{'C': 0.1, 'class_weight': 'balanced'}",0,0.2884651829,0.4783830953,0.2331517219,-0.0003233041719,0,0.002910993296,7.420091324e-07,False
2020-09-28,18,logistic,"{'C': 0.1, 'class_weight': 'balanced'}",0,0.2388491159,0.4401740992,0.3209767849,0.0007655100269,1,-0.004790867684,8.162100457e-07,False
2020-09-29,18,logistic,"{'C': 0.1, 'class_weight': 'balanced'}",0,0.2377366526,0.47285107,0.2894122775,0.0005499708977,1,0.005403999865,6.678082192e-07,False
2020-09-30,18,logistic,"{'C': 0.1, 'class_weight': 'balanced'}",0,0.2715565759,0.5378439868,0.1905994373,-0.0004708976802,-1,-0.001924824102,7.420091324e-07,False
2020-10-01,18,logistic,"{'C': 0.1, 'class_weight': 'balanced'}",0,0.2856641523,0.5211929702,0.1931428775,-0.0005835993131,-1,0.006451564909,6.678082192e-07,False
2020-10-02,18,logistic,"{'C': 0.1, 'class_weight': 'balanced'}",0,0.2696515768,0.5512151852,0.179133238,-0.0005352685554,-1,0.01100997527,6.678082192e-07,False
2020-10-05,18,logistic,"{'C': 0.1, 'class_weight': 'balanced'}",0,0.2436833131,0.5980402974,0.1582763895,-0.0004435565348,-1,-0.01465096903,7.420091324e-07,False
2020-10-06,18,logistic,"{'C': 0.1, 'class_weight': 'balanced'}",0,0.2190780797,0.419133906,0.3617880144,0.001240988321,1,0.007807922169,7.420091324e-07,False
2020-10-07,18,logistic,"{'C': 0.1, 'class_weight': 'balanced'}",0,0.2672622598,0.5774852586,0.1552524816,-0.0006839785428,-1,0.002712534935,7.420091324e-07,False
2020-10-08,18,logistic,"{'C': 0.1, 'class_weight': 'balanced'}",0,0.2593696504,0.5731914931,0.1674388565,-0.0005235443857,-1,0.003733095795,6.678082192e-07,False
2020-10-09,18,logistic,"{'C': 0.1, 'class_weight': 'balanced'}",0,0.240680482,0.556464234,0.2028552841,-9.670730567e-05,0,0.008123791734,7.420091324e-07,False
2020-10-12,18,logistic,"{'C': 0.1, 'class_weight': 'balanced'}",0,0.2438279577,0.5523814017,0.2037906406,-0.000119219105,0,-0.006103082452,7.420091324e-07,False
2020-10-13,18,logistic,"{'C': 0.1, 'class_weight': 'balanced'}",0,0.2425082376,0.506635525,0.2508562374,0.0002298066027,0,-0.008039935526,8.162100457e-07,False
2020-10-14,18,logistic,"{'C': 0.1, 'class_weight': 'balanced'}",0,0.2965782577,0.4922199755,0.2112017668,-0.0005556477821,-1,0.01102676285,8.904109589e-07,False
2020-10-15,18,logistic,"{'C': 0.1, 'class_weight': 'balanced'}",0,0.2733706631,0.5163268075,0.2103025294,-0.0003467437428,0,-0.004785599883,8.162100457e-07,False
2020-10-16,18,logistic,"{'C': 0.1, 'class_weight': 'balanced'}",0,0.2881367548,0.4677544623,0.2441087829,-0.0002418529424,0,-0.01904484242,8.162100457e-07,False
2020-10-19,19,logistic,"{'C': 0.1, 'class_weight': 'balanced'}",0,0.2628607896,0.4001246215,0.3370145889,0.0006627892623,1,-0.0002328845897,8.162100457e-07,False
2020-10-20,19,logistic,"{'C': 0.1, 'class_weight': 'balanced'}",0,0.2522152849,0.4571009071,0.2906838079,0.0004300944283,1,-0.001747518822,7.420091324e-07,False
2020-10-21,19,logistic,"{'C': 0.1, 'class_weight': 'balanced'}",0,0.2798537632,0.4721645177,0.2479817191,-0.0001360482734,0,0.004811039045,7.420091324e-07,False
2020-10-22,19,logistic,"{'C': 0.1, 'class_weight': 'balanced'}",0,0.2620796905,0.4783444138,0.2595758957,0.0001141051215,0,-0.0004335960253,6.678082192e-07,False
2020-10-23,19,logistic,"{'C': 0.1, 'class_weight': 'balanced'}",0,0.2363334535,0.4490147323,0.3146518141,0.0007513244622,1,-0.008008623081,7.420091324e-07,False
2020-10-26,19,logistic,"{'C': 0.1, 'class_weight': 'balanced'}",0,0.2629282175,0.3608812868,0.3761904958,0.000943443735,1,-0.004532636151,8.162100457e-07,False
2020-10-27,19,logistic,"{'C': 0.1, 'class_weight': 'balanced'}",0,0.2324809892,0.3480165743,0.4195024366,0.001540340561,1,-0.01638061532,7.420091324e-07,False
2020-10-28,19,logistic,"{'C': 0.1, 'class_weight': 'balanced'}",0,0.2921345013,0.2828043369,0.4250611618,0.001020081913,1,0.009390985932,7.420091324e-07,False
2020-10-29,19,logistic,"{'C': 0.1, 'class_weight': 'balanced'}",0,0.3261984323,0.4070910063,0.2667105614,-0.0004367684249,-1,-0.005300323732,6.678082192e-07,False
2020-10-30,19,logistic,"{'C': 0.1, 'class_weight': 'balanced'}",0,0.2751286701,0.3587015001,0.3661698298,0.0007569269117,1,0,6.678082192e-07,False
2020-11-02,19,logistic,"{'C': 0.1, 'class_weight': 'balanced'}",0,0.2535714228,0.4057213528,0.3407072244,0.0007765337881,1,0.007012485779,6.678082192e-07,False
2020-11-03,19,logistic,"{'C': 0.1, 'class_weight': 'balanced'}",0,0.2758602978,0.4933826867,0.2307570155,-0.000222223405,0,0.007862534168,7.420091324e-07,False
2020-11-04,19,logistic,"{'C': 0.1, 'class_weight': 'balanced'}",0,0.2495128622,0.5246022338,0.2258849039,-9.792513242e-06,0,0.002863360634,7.420091324e-07,False
2020-11-05,19,logistic,"{'C': 0.1, 'class_weight': 'balanced'}",0,0.2120085789,0.5755260186,0.2124654025,0.0002460344861,0,0.0006573056747,7.420091324e-07,False
2020-11-06,19,logistic,"{'C': 0.1, 'class_weight': 'balanced'}",0,0.2075677316,0.593994998,0.1984372705,0.0001870122158,0,-0.02585378912,7.420091324e-07,False
2020-11-09,19,logistic,"{'C': 0.1, 'class_weight': 'balanced'}",0,0.2526320277,0.5691884323,0.1781795399,-0.0003816129164,0,0.001555965818,8.162100457e-07,False
2020-11-10,19,logistic,"{'C': 0.1, 'class_weight': 'balanced'}",0,0.2080550621,0.6145951184,0.1773498195,3.102558827e-05,0,0.0007576305686,7.420091324e-07,False
2020-11-11,19,logistic,"{'C': 0.1, 'class_weight': 'balanced'}",0,0.208903097,0.6322317889,0.1588651141,-0.0001096601797,0,-0.006665153246,7.420091324e-07,False
2020-11-12,19,logistic,"{'C': 0.1, 'class_weight': 'balanced'}",0,0.2248670925,0.5613194087,0.2138134988,0.0001349672587,0,0.007965820699,7.420091324e-07,False
2020-11-13,19,logistic,"{'C': 0.1, 'class_weight': 'balanced'}",0,0.2459680702,0.6007013207,0.1533306091,-0.0004974538848,-1,0.004404665896,6.678082192e-07,False
2020-11-16,19,logistic,"{'C': 0.1, 'class_weight': 'balanced'}",0,0.3014404665,0.5953858697,0.1031736639,-0.001378495248,-1,0.001805689341,6.678082192e-07,False
2020-11-17,20,logistic,"{'C': 0.1, 'class_weight': 'balanced'}",0,0.2348208042,0.5364088481,0.2287703477,0.0001326024582,0,-0.0128286964,6.678082192e-07,False
2020-11-18,20,logistic,"{'C': 0.1, 'class_weight': 'balanced'}",0,0.2382432046,0.4604548694,0.3013019259,0.0006213986035,1,0.006130462765,6.678082192e-07,False
2020-11-19,20,logistic,"{'C': 0.1, 'class_weight': 'balanced'}",0,0.2160895234,0.4390479556,0.344862521,0.00114335857,1,-0.00606996763,5.194063927e-07,False
2020-11-20,20,logistic,"{'C': 0.1, 'class_weight': 'balanced'}",0,0.2138240391,0.3904370829,0.395738878,0.001530240792,1,0.00050378598,5.194063927e-07,False
2020-11-23,20,logistic,"{'C': 0.1, 'class_weight': 'balanced'}",0,0.2420071766,0.475326865,0.2826659583,0.0004520018252,1,0.008356264043,5.936073059e-07,False
2020-11-24,20,logistic,"{'C': 0.1, 'class_weight': 'balanced'}",0,0.2490080362,0.5698964166,0.1810955472,-0.0003437551967,0,-0.001294305501,6.678082192e-07,False
2020-11-25,20,logistic,"{'C': 0.1, 'class_weight': 'balanced'}",0,0.2326273932,0.5438948034,0.2234778033,0.0001152733256,0,-0.000467191422,3.595890411e-07,False
2020-11-27,20,logistic,"{'C': 0.1, 'class_weight': 'balanced'}",0,0.2360367864,0.5512662089,0.2126970047,5.655325325e-06,0,-0.002122175844,6.678082192e-07,False
2020-11-30,20,logistic,"{'C': 0.1, 'class_weight': 'balanced'}",0,0.2285550797,0.5171252183,0.254319702,0.0003752696128,0,0.001230904203,5.936073059e-07,False
2020-12-01,20,logistic,"{'C': 0.1, 'class_weight': 'balanced'}",0,0.2379214046,0.5612386885,0.2008399069,-9.730952497e-05,0,0.005399926591,6.678082192e-07,False
2020-12-02,20,logistic,"{'C': 0.1, 'class_weight': 'balanced'}",0,0.2513106037,0.5707233594,0.177966037,-0.0003879620439,0,2.729856093e-05,6.678082192e-07,False
2020-12-03,20,logistic,"{'C': 0.1, 'class_weight': 'balanced'}",0,0.2315154869,0.5191234091,0.2493611041,0.0003117157293,0,0.006887724042,5.936073059e-07,False
2020-12-04,20,logistic,"{'C': 0.1, 'class_weight': 'balanced'}",0,0.2412756844,0.5793269901,0.1793973255,-0.000283004458,0,0.0001897114272,6.678082192e-07,False
2020-12-07,20,logistic,"{'C': 0.1, 'class_weight': 'balanced'}",0,0.2174399068,0.5124712142,0.270088879,0.0005934258566,1,0.006662711176,5.936073059e-07,False
2020-12-08,20,logistic,"{'C': 0.1, 'class_weight': 'balanced'}",0,0.2306503472,0.510423747,0.2589259058,0.000388593842,0,-0.01086604478,6.678082192e-07,False
2020-12-09,20,logistic,"{'C': 0.1, 'class_weight': 'balanced'}",0,0.2589506007,0.4451673829,0.2958820164,0.000387095857,0,0.00372229758,5.936073059e-07,False
2020-12-10,20,logistic,"{'C': 0.1, 'class_weight': 'balanced'}",0,0.2448704528,0.439895876,0.3152336712,0.00065896269,1,0.003836650893,5.936073059e-07,False
2020-12-11,20,logistic,"{'C': 0.1, 'class_weight': 'balanced'}",0,0.2594247411,0.4331065562,0.3074687027,0.0004658642007,1,-0.01079647038,5.936073059e-07,False
2020-12-14,20,logistic,"{'C': 0.1, 'class_weight': 'balanced'}",0,0.2631950183,0.3981947971,0.3386101846,0.0006540215296,1,0.00596081246,6.678082192e-07,False
2020-12-15,20,logistic,"{'C': 0.1, 'class_weight': 'balanced'}",0,0.2288526657,0.4405819092,0.3305654251,0.0009202302901,1,0.0009464228209,5.936073059e-07,False
2020-12-16,20,logistic,"{'C': 0.1, 'class_weight': 'balanced'}",0,0.2331365391,0.4372320111,0.3296314498,0.0008731040012,1,0.000806548922,6.678082192e-07,False
2020-12-17,21,logistic,"{'C': 0.1, 'class_weight': 'balanced'}",0,0.2225407333,0.4881224554,0.2893368113,0.0006852874322,1,-0.004825210922,5.936073059e-07,False
2020-12-18,21,logistic,"{'C': 0.1, 'class_weight': 'balanced'}",0,0.2134682975,0.4174947635,0.3690369391,0.001339647566,1,0.007918415548,5.936073059e-07,False
2020-12-21,21,logistic,"{'C': 0.1, 'class_weight': 'balanced'}",0,0.2631633058,0.4015841652,0.335252529,0.0006294161059,1,-0.002634369466,6.678082192e-07,False
2020-12-22,21,logistic,"{'C': 0.1, 'class_weight': 'balanced'}",0,0.2608827945,0.4595275377,0.2795896678,0.0002537571565,0,-0.001927857805,6.678082192e-07,False
2020-12-23,21,logistic,"{'C': 0.1, 'class_weight': 'balanced'}",0,0.249546919,0.4722835863,0.2781694948,0.0003506426944,0,0.002499493339,3.595890411e-07,False
2020-12-24,21,logistic,"{'C': 0.1, 'class_weight': 'balanced'}",0,0.2346357736,0.5060075524,0.259356674,0.0003571742874,0,0.001156784936,6.678082192e-07,False
2020-12-28,21,logistic,"{'C': 0.1, 'class_weight': 'balanced'}",0,0.2463510284,0.5351858985,0.2184630731,-4.522766352e-05,0,-0.006286632376,8.162100457e-07,False
2020-12-29,21,logistic,"{'C': 0.1, 'class_weight': 'balanced'}",0,0.2477502095,0.463602359,0.2886474314,0.0004423715243,1,-0.0009400174989,7.420091324e-07,False
2020-12-30,21,logistic,"{'C': 0.1, 'class_weight': 'balanced'}",0,0.2269298776,0.4363669056,0.3367032168,0.000981838962,1,0.005648518177,5.936073059e-07,False
2020-12-31,21,logistic,"{'C': 0.1, 'class_weight': 'balanced'}",0,0.2398166066,0.4416053276,0.3185780658,0.0007308442821,1,-0.01737227636,6.678082192e-07,False
2021-01-04,21,logistic,"{'C': 0.1, 'class_weight': 'balanced'}",0,0.2436324543,0.3368579878,0.4195095579,0.001415027981,1,0.008774736114,6.678082192e-07,False
2021-01-05,21,logistic,"{'C': 0.1, 'class_weight': 'balanced'}",0,0.260439663,0.4851481993,0.2544121377,7.828350639e-05,0,0.01038650945,6.678082192e-07,False
2021-01-06,21,logistic,"{'C': 0.1, 'class_weight': 'balanced'}",0,0.257039858,0.5079638346,0.2349963074,-2.816361203e-05,0,0.007976602047,6.678082192e-07,False
2021-01-07,21,logistic,"{'C': 0.1, 'class_weight': 'balanced'}",0,0.2359994886,0.5694450927,0.1945554187,-0.0001180970072,0,0.001760459777,6.678082192e-07,False
2021-01-08,21,logistic,"{'C': 0.1, 'class_weight': 'balanced'}",0,0.232261801,0.5864619675,0.1812762315,-0.0001775655351,0,0.002223094905,5.936073059e-07,False
2021-01-11,21,logistic,"{'C': 0.1, 'class_weight': 'balanced'}",0,0.2391341445,0.5299947707,0.2308710847,0.0001114440355,0,-0.000316782234,5.936073059e-07,False
2021-01-12,21,logistic,"{'C': 0.1, 'class_weight': 'balanced'}",0,0.2349633079,0.5041249572,0.2609117349,0.000365178428,0,0.002904766492,6.678082192e-07,False
2021-01-13,21,logistic,"{'C': 0.1, 'class_weight': 'balanced'}",0,0.2413750301,0.5259384834,0.2326864864,0.0001032423662,0,-0.0055965868,6.678082192e-07,False
2021-01-14,21,logistic,"{'C': 0.1, 'class_weight': 'balanced'}",0,0.2388871338,0.4716147377,0.2894981285,0.0005321159922,1,-0.002707552131,6.678082192e-07,False
2021-01-15,21,logistic,"{'C': 0.1, 'class_weight': 'balanced'}",0,0.2378579505,0.4161624435,0.345979606,0.0009448623233,1,0.0008193624749,6.678082192e-07,False
2021-01-19,21,logistic,"{'C': 0.1, 'class_weight': 'balanced'}",0,0.1345376441,0.6949682052,0.1704941507,0.0006680885625,1,0.007294559164,6.678082192e-07,False
2021-01-20,22,logistic,"{'C': 0.1, 'class_weight': 'balanced'}",0,0.2521187234,0.5008996516,0.246981625,0.0001127757319,0,-0.0006502121707,5.936073059e-07,False
2021-01-21,22,logistic,"{'C': 0.1, 'class_weight': 'balanced'}",0,0.2604283497,0.5336241749,0.2059474753,-0.0002589826779,0,0.001648148939,6.678082192e-07,False
2021-01-22,22,logistic,"{'C': 0.1, 'class_weight': 'balanced'}",0,0.2560584987,0.4847075671,0.2592339342,0.0001632764668,0,0.001876615831,5.936073059e-07,False
2021-01-25,22,logistic,"{'C': 0.1, 'class_weight': 'balanced'}",0,0.2515221778,0.4256572955,0.3228205266,0.000660766689,1,-0.004203303177,6.678082192e-07,False
2021-01-26,22,logistic,"{'C': 0.1, 'class_weight': 'balanced'}",0,0.2839517666,0.4946321956,0.2214160378,-0.0003700095164,0,-0.01528062046,5.194063927e-07,False
2021-01-27,22,logistic,"{'C': 0.1, 'class_weight': 'balanced'}",0,0.3107630867,0.3589298842,0.3303070291,0.000156103427,0,0.003374480533,5.936073059e-07,False
2021-01-28,22,logistic,"{'C': 0.1, 'class_weight': 'balanced'}",0,0.2972923509,0.4260292659,0.2766783832,-0.0001004980745,0,-0.01480179305,5.194063927e-07,False
2021-01-29,22,logistic,"{'C': 0.1, 'class_weight': 'balanced'}",0,0.2835140821,0.3770215456,0.3394643722,0.0004783497867,1,0.006716284305,4.452054795e-07,False
2021-02-01,22,logistic,"{'C': 0.1, 'class_weight': 'balanced'}",0,0.2882038964,0.4617337867,0.2500623169,-0.0002052087624,0,0.005004593607,5.194063927e-07,False
2021-02-02,22,logistic,"{'C': 0.1, 'class_weight': 'balanced'}",0,0.2727298816,0.4878061132,0.2394640052,-0.0001351981572,0,-0.001542715905,5.194063927e-07,False
2021-02-03,22,logistic,"{'C': 0.1, 'class_weight': 'balanced'}",0,0.2382400093,0.5078380856,0.2539219051,0.0002931835442,0,0.008434330058,2.96803653e-07,False
2021-02-04,22,logistic,"{'C': 0.1, 'class_weight': 'balanced'}",0,0.2436220839,0.5585457456,0.1978321705,-0.0001586613098,0,-0.001262289477,2.96803653e-07,False
2021-02-05,22,logistic,"{'C': 0.1, 'class_weight': 'balanced'}",0,0.2330039319,0.5718293842,0.1951666839,-7.767315027e-05,0,0.003185503173,2.226027397e-07,False
2021-02-08,22,logistic,"{'C': 0.1, 'class_weight': 'balanced'}",0,0.2242191975,0.5705871088,0.2051936937,7.681116935e-05,0,0.001642705975,3.710045662e-07,False
2021-02-09,22,logistic,"{'C': 0.1, 'class_weight': 'balanced'}",0,0.2351348094,0.5618849075,0.202980283,-4.187178867e-05,0,-0.005202510744,2.96803653e-07,False
2021-02-10,22,logistic,"{'C': 0.1, 'class_weight': 'balanced'}",0,0.2467228857,0.5613220516,0.1919550627,-0.0002299097046,0,-0.001354664072,3.710045662e-07,False
2021-02-11,22,logistic,"{'C': 0.1, 'class_weight': 'balanced'}",0,0.247884914,0.5656704292,0.1864446568,-0.000280267291,0,0.007156620545,3.710045662e-07,False
2021-02-12,22,logistic,"{'C': 0.1, 'class_weight': 'balanced'}",0,0.25755534,0.5753679032,0.1670767568,-0.0005098995009,-1,-0.004213634889,2.96803653e-07,False
2021-02-16,22,logistic,"{'C': 0.1, 'class_weight': 'balanced'}",0,0.2571392732,0.5421740804,0.2006866464,-0.0002656143789,0,0.005045851002,2.96803653e-07,False
2021-02-17,22,logistic,"{'C': 0.1, 'class_weight': 'balanced'}",0,0.2536836031,0.5223029965,0.2240134003,-6.62292066e-05,0,0.002900497642,2.96803653e-07,False
2021-02-18,22,logistic,"{'C': 0.1, 'class_weight': 'balanced'}",0,0.2549626879,0.4971698076,0.2478675045,9.231363492e-05,0,-0.005203174239,2.226027397e-07,False
2021-02-19,23,logistic,"{'C': 0.1, 'class_weight': 'balanced'}",0,0.2515832231,0.4963644634,0.2520523135,0.0001469532109,0,-7.750416522e-05,2.96803653e-07,False
2021-02-22,23,logistic,"{'C': 0.1, 'class_weight': 'balanced'}",0,0.2561769966,0.4635559499,0.2802670535,0.0003050008184,0,0.007383133944,2.226027397e-07,False
2021-02-23,23,logistic,"{'C': 0.1, 'class_weight': 'balanced'}",0,0.2397023615,0.445433163,0.3148644754,0.0007070373679,1,0.01408123269,2.96803653e-07,False
2021-02-24,23,logistic,"{'C': 0.1, 'class_weight': 'balanced'}",0,0.2436891364,0.4912187057,0.2650921579,0.0003143507515,0,-0.02069623478,2.226027397e-07,False
2021-02-25,23,logistic,"{'C': 0.1, 'class_weight': 'balanced'}",0,0.258435058,0.4146157567,0.3269491853,0.0006168170998,1,-0.01038121681,2.96803653e-07,False
2021-02-26,23,logistic,"{'C': 0.1, 'class_weight': 'balanced'}",0,0.2444963601,0.4118819149,0.3436217249,0.0008670699197,1,0.01034775348,2.96803653e-07,False
2021-03-01,23,logistic,"{'C': 0.1, 'class_weight': 'balanced'}",0,0.2578156868,0.4319522937,0.3102320194,0.0005033710952,1,-0.008414136583,3.710045662e-07,False
2021-03-02,23,logistic,"{'C': 0.1, 'class_weight': 'balanced'}",0,0.2346909535,0.4182900404,0.3470190061,0.0009836691268,1,-0.01132739315,2.96803653e-07,False
2021-03-03,23,logistic,"{'C': 0.1, 'class_weight': 'balanced'}",0,0.2416893042,0.400365407,0.3579452887,0.0009957113149,1,-0.01185664182,3.710045662e-07,False
2021-03-04,23,logistic,"{'C': 0.1, 'class_weight': 'balanced'}",0,0.2455065305,0.4265481194,0.3279453501,0.0007457011826,1,0.008332054488,2.96803653e-07,False
2021-03-05,23,logistic,"{'C': 0.1, 'class_weight': 'balanced'}",0,0.2514576941,0.5003269565,0.2482153495,0.0001207581655,0,-0.007643119637,2.96803653e-07,False
2021-03-08,23,logistic,"{'C': 0.1, 'class_weight': 'balanced'}",0,0.2480322459,0.4830361465,0.2689316076,0.0003008373366,0,0.003421037254,3.710045662e-07,False
2021-03-09,23,logistic,"{'C': 0.1, 'class_weight': 'balanced'}",0,0.2415354676,0.4977516831,0.2607128493,0.0003033894157,0,-0.0002823163075,3.710045662e-07,False
2021-03-10,23,logistic,"{'C': 0.1, 'class_weight': 'balanced'}",0,0.2371268742,0.5007729748,0.262100151,0.0003548134451,0,0.003314350604,2.96803653e-07,False
2021-03-11,23,logistic,"{'C': 0.1, 'class_weight': 'balanced'}",0,0.2392266329,0.5720539532,0.1887194139,-0.0001885493202,0,0.005075599293,2.96803653e-07,False
2021-03-12,23,logistic,"{'C': 0.1, 'class_weight': 'balanced'}",0,0.2269977439,0.6166786482,0.1563236079,-0.0003045129734,0,0.00527481322,2.96803653e-07,False
2021-03-15,23,logistic,"{'C': 0.1, 'class_weight': 'balanced'}",0,0.2230978898,0.5935150495,0.1833870606,-7.467690876e-05,0,-0.002921408388,2.96803653e-07,False
2021-03-16,23,logistic,"{'C': 0.1, 'class_weight': 'balanced'}",0,0.2367571623,0.5680566315,0.1951862062,-0.00011914718,0,0.006919653724,1.484018265e-07,False
2021-03-17,23,logistic,"{'C': 0.1, 'class_weight': 'balanced'}",0,0.2391212023,0.5881841373,0.1726946603,-0.0003018957435,0,-0.007604948251,1.484018265e-07,False
2021-03-18,23,logistic,"{'C': 0.1, 'class_weight': 'balanced'}",0,0.2635328367,0.5800345462,0.1564326171,-0.0006478661846,-1,-0.0010259412,7.420091324e-08,False
2021-03-19,23,logistic,"{'C': 0.1, 'class_weight': 'balanced'}",0,0.2437662249,0.5476228451,0.20861093,-8.937906311e-05,0,0.00656359148,7.420091324e-08,False
2021-03-22,24,random_forest,"{'max_depth': 3, 'min_samples_leaf': 50}",0,0.2501604483,0.6064791173,0.1433604344,-0.0006269635881,-1,-0.0061493802,2.226027397e-07,False
2021-03-23,24,random_forest,"{'max_depth': 3, 'min_samples_leaf': 50}",0,0.2631763431,0.502644352,0.2341793049,-0.0001010789542,0,-0.008900283943,7.420091324e-08,False
2021-03-24,24,random_forest,"{'max_depth': 3, 'min_samples_leaf': 50}",0,0.282526387,0.4586128692,0.2588607438,-0.0001082633993,0,0.009637807806,1.484018265e-07,False
2021-03-25,24,random_forest,"{'max_depth': 3, 'min_samples_leaf': 50}",0,0.2689694442,0.4990417881,0.2319887677,-0.0001717339337,0,0.01291796073,1.484018265e-07,False
2021-03-26,24,random_forest,"{'max_depth': 3, 'min_samples_leaf': 50}",0,0.2367115654,0.5588540569,0.2044343777,-6.256686633e-05,0,0.00349899813,1.484018265e-07,False
2021-03-29,24,random_forest,"{'max_depth': 3, 'min_samples_leaf': 50}",0,0.2542618167,0.5151911285,0.2305470548,-4.243224101e-05,0,0.0007859580672,2.226027397e-07,False
2021-03-30,24,random_forest,"{'max_depth': 3, 'min_samples_leaf': 50}",0,0.267655863,0.5062209623,0.2261231747,-0.0002012091503,0,0.002504148984,1.484018265e-07,False
2021-03-31,24,random_forest,"{'max_depth': 3, 'min_samples_leaf': 50}",0,0.2632247645,0.5019190005,0.234856235,-9.669792732e-05,0,0.005547167285,2.226027397e-07,False
2021-04-01,24,random_forest,"{'max_depth': 3, 'min_samples_leaf': 50}",0,0.1945221519,0.6894049548,0.1160728934,-0.000293951137,0,0.007187810294,1.484018265e-07,False
2021-04-05,24,random_forest,"{'max_depth': 3, 'min_samples_leaf': 50}",0,0.223743235,0.6391212431,0.1371355219,-0.0004207135866,-1,0.0008871878597,2.226027397e-07,False
2021-04-06,24,random_forest,"{'max_depth': 3, 'min_samples_leaf': 50}",0,0.2578736835,0.5341277112,0.2079986053,-0.0002379595088,0,0.00160120672,1.484018265e-07,False
2021-04-07,24,random_forest,"{'max_depth': 3, 'min_samples_leaf': 50}",0,0.2231286332,0.6320187497,0.1448526171,-0.0003596952935,0,0.001446317536,1.484018265e-07,False
2021-04-08,24,random_forest,"{'max_depth': 3, 'min_samples_leaf': 50}",0,0.2147066872,0.658806645,0.1264866677,-0.0004110836705,-1,0.007590723216,7.420091324e-08,False
2021-04-09,24,random_forest,"{'max_depth': 3, 'min_samples_leaf': 50}",0,0.2332487279,0.6156353121,0.15111596,-0.0004109710911,-1,0.001922863698,1.484018265e-07,False
2021-04-12,24,random_forest,"{'max_depth': 3, 'min_samples_leaf': 50}",0,0.2422300513,0.5653922602,0.1923776885,-0.0002011670047,0,0.003231809597,1.484018265e-07,False
2021-04-13,24,random_forest,"{'max_depth': 3, 'min_samples_leaf': 50}",0,0.2282400102,0.6242045192,0.1475554706,-0.0003888868731,0,-0.003342718201,2.226027397e-07,False
2021-04-14,24,random_forest,"{'max_depth': 3, 'min_samples_leaf': 50}",0,0.2479609113,0.544247015,0.2077920737,-0.0001453400186,0,0.005148172626,1.484018265e-07,False
2021-04-15,24,random_forest,"{'max_depth': 3, 'min_samples_leaf': 50}",0,0.2341209229,0.5735020359,0.1923770412,-0.0001241962328,0,2.398978227e-05,1.484018265e-07,False
2021-04-16,24,random_forest,"{'max_depth': 3, 'min_samples_leaf': 50}",0,0.2607684821,0.4858454777,0.2533860402,5.91230777e-05,0,-0.002522505693,1.484018265e-07,False
2021-04-19,24,random_forest,"{'max_depth': 3, 'min_samples_leaf': 50}",0,0.266477508,0.4752885785,0.2582339135,3.959718823e-05,0,-0.004203788846,1.484018265e-07,False
2021-04-20,24,random_forest,"{'max_depth': 3, 'min_samples_leaf': 50}",0,0.2658548019,0.4747669342,0.2593782638,5.369132915e-05,0,0.01108113393,2.226027397e-07,False
2021-04-21,25,random_forest,"{'max_depth': 3, 'min_samples_leaf': 50}",0,0.2547913359,0.5084385255,0.2367701387,2.915981677e-05,0,-0.008704286071,2.226027397e-07,False
2021-04-22,25,random_forest,"{'max_depth': 3, 'min_samples_leaf': 50}",0,0.2822758051,0.3857348458,0.3319893491,0.0004500896249,1,0.009373398844,2.226027397e-07,False
2021-04-23,25,random_forest,"{'max_depth': 3, 'min_samples_leaf': 50}",0,0.2508947564,0.5169585777,0.2321466659,3.295753875e-05,0,0.0004072032426,2.226027397e-07,False
2021-04-26,25,random_forest,"{'max_depth': 3, 'min_samples_leaf': 50}",0,0.2580012726,0.50782456,0.2341741675,-1.976978578e-05,0,-0.0009810345508,2.226027397e-07,False
2021-04-27,25,random_forest,"{'max_depth': 3, 'min_samples_leaf': 50}",0,0.265966424,0.4903538803,0.2436796957,-2.714307958e-05,0,-0.0009813161256,7.420091324e-08,False
2021-04-28,25,random_forest,"{'max_depth': 3, 'min_samples_leaf': 50}",0,0.2615350128,0.4899603761,0.248504611,4.928097726e-05,0,-0.0006185995755,7.420091324e-08,False
2021-04-29,25,random_forest,"{'max_depth': 3, 'min_samples_leaf': 50}",0,0.2593089839,0.4537057087,0.2869853074,0.0003455203798,0,-0.0007902140699,7.420091324e-08,False
2021-04-30,25,random_forest,"{'max_depth': 3, 'min_samples_leaf': 50}",0,0.2814789867,0.3784924901,0.3400285232,0.0005151167911,1,-0.002932504887,7.420091324e-08,False
2021-05-03,25,random_forest,"{'max_depth': 3, 'min_samples_leaf': 50}",0,0.2594905328,0.478389404,0.2621200632,0.0001659876411,0,-0.001081577991,2.96803653e-07,False
2021-05-04,25,random_forest,"{'max_depth': 3, 'min_samples_leaf': 50}",0,0.283434641,0.3987841328,0.3177812262,0.0003375227045,0,-0.0039053259,1.484018265e-07,False
2021-05-05,25,random_forest,"{'max_depth': 3, 'min_samples_leaf': 50}",0,0.2659538535,0.4719884067,0.2620577398,0.0001044001548,0,0.007791695806,1.484018265e-07,False
2021-05-06,25,random_forest,"{'max_depth': 3, 'min_samples_leaf': 50}",0,0.2519677803,0.5020285221,0.2460036976,0.0001219007736,0,0.005310867877,1.484018265e-07,False
2021-05-07,25,random_forest,"{'max_depth': 3, 'min_samples_leaf': 50}",0,0.2480171714,0.5036091971,0.2483736316,0.0001762205683,0,-0.01079289355,1.484018265e-07,False
2021-05-10,25,random_forest,"{'max_depth': 3, 'min_samples_leaf': 50}",0,0.267011586,0.4181685508,0.3148198633,0.0004717045486,1,0.002686965372,1.484018265e-07,False
2021-05-11,25,random_forest,"{'max_depth': 3, 'min_samples_leaf': 50}",0,0.317646767,0.3430926814,0.3392605516,0.0001674844833,0,-0.01415268132,7.420091324e-08,False
2021-05-12,25,random_forest,"{'max_depth': 3, 'min_samples_leaf': 50}",0,0.3218910252,0.3243541732,0.3537548016,0.0002309852847,0,0.007885600436,1.484018265e-07,False
2021-05-13,25,random_forest,"{'max_depth': 3, 'min_samples_leaf': 50}",0,0.3175246552,0.3416846179,0.3407907269,0.0001795821644,0,0.008155647667,1.484018265e-07,False
2021-05-14,25,random_forest,"{'max_depth': 3, 'min_samples_leaf': 50}",0,0.2532558966,0.5067425734,0.2400015299,6.679297759e-05,0,0.0003128971496,7.420091324e-08,False
2021-05-17,25,random_forest,"{'max_depth': 3, 'min_samples_leaf': 50}",0,0.2598429783,0.4822113969,0.2579456248,0.0001328014996,0,-0.009283274421,1.484018265e-07,False
2021-05-18,25,random_forest,"{'max_depth': 3, 'min_samples_leaf': 50}",0,0.2672411255,0.4326626864,0.3000961881,0.000364241803,0,0.009682423494,1.484018265e-07,False
2021-05-19,25,random_forest,"{'max_depth': 3, 'min_samples_leaf': 50}",0,0.3121292027,0.3534470276,0.3344237697,0.0001850910097,0,0.008450731132,7.420091324e-08,False
2021-05-20,26,random_forest,"{'max_depth': 3, 'min_samples_leaf': 50}",0,0.2532384583,0.4893947058,0.2573668359,0.0001924596451,0,-0.004629723171,7.420091324e-08,False
2021-05-21,26,random_forest,"{'max_depth': 3, 'min_samples_leaf': 50}",0,0.2601359322,0.4318715514,0.3079925164,0.0004906980685,1,0.004384954911,7.420091324e-08,False
2021-05-24,26,random_forest,"{'max_depth': 3, 'min_samples_leaf': 50}",0,0.2475025789,0.5416392125,0.2108582086,-8.72029249e-05,0,-0.004972275243,1.484018265e-07,False
2021-05-25,26,random_forest,"{'max_depth': 3, 'min_samples_leaf': 50}",0,0.2448343851,0.5157570296,0.2394085853,0.0001429795744,0,0.0004775042153,1.484018265e-07,False
2021-05-26,26,random_forest,"{'max_depth': 3, 'min_samples_leaf': 50}",0,0.2509881939,0.5865799132,0.1624318929,-0.0004678000746,-1,-0.002094401892,1.484018265e-07,False
2021-05-27,26,random_forest,"{'max_depth': 3, 'min_samples_leaf': 50}",0,0.2527774727,0.5709178359,0.1763046914,-0.0003851217565,0,-0.002209166273,1.484018265e-07,False
2021-05-28,26,random_forest,"{'max_depth': 3, 'min_samples_leaf': 50}",0,0.2444679536,0.533768412,0.2217636344,1.977157188e-05,0,-0.006862753582,7.420091324e-08,False
2021-06-01,26,random_forest,"{'max_depth': 3, 'min_samples_leaf': 50}",0,0.2508613784,0.5131261998,0.2360124218,6.162766427e-05,0,-9.517464844e-05,1.484018265e-07,False
2021-06-02,26,random_forest,"{'max_depth': 3, 'min_samples_leaf': 50}",0,0.2476617864,0.5650255621,0.1873126515,-0.0002577396133,0,0.002201706088,1.484018265e-07,False
2021-06-03,26,random_forest,"{'max_depth': 3, 'min_samples_leaf': 50}",0,0.2554086923,0.5431815608,0.2014097468,-0.0002297665041,0,0.004396924697,1.484018265e-07,False
2021-06-04,26,random_forest,"{'max_depth': 3, 'min_samples_leaf': 50}",0,0.2307823688,0.6069132962,0.162304335,-0.0002777170278,0,-0.0009465295482,1.484018265e-07,False
2021-06-07,26,random_forest,"{'max_depth': 3, 'min_samples_leaf': 50}",0,0.2446518628,0.5545153508,0.2008327864,-0.0001322278167,0,-0.001961633312,1.484018265e-07,False
2021-06-08,26,random_forest,"{'max_depth': 3, 'min_samples_leaf': 50}",0,0.2427289639,0.4997252162,0.2575458198,0.0002930872238,0,-0.003615479969,1.484018265e-07,False
2021-06-09,26,random_forest,"{'max_depth': 3, 'min_samples_leaf': 50}",0,0.250926484,0.4886904804,0.2603830356,0.0002359670172,0,0.001536774011,2.226027397e-07,False
2021-06-10,26,random_forest,"{'max_depth': 3, 'min_samples_leaf': 50}",0,0.2417014276,0.5174164214,0.240882151,0.0001831729684,0,0.0002592771351,2.226027397e-07,False
2021-06-11,26,random_forest,"{'max_depth': 3, 'min_samples_leaf': 50}",0,0.2434455289,0.5302924717,0.2262619994,6.172962331e-05,0,0.001955604142,2.226027397e-07,False
2021-06-14,26,random_forest,"{'max_depth': 3, 'min_samples_leaf': 50}",0,0.2474084642,0.5284105475,0.2241809883,9.329927896e-06,0,-0.002209586852,2.226027397e-07,False
2021-06-15,26,random_forest,"{'max_depth': 3, 'min_samples_leaf': 50}",0,0.2475249803,0.5189198574,0.2335551623,7.552501853e-05,0,-0.005934624187,2.226027397e-07,False
2021-06-16,26,random_forest,"{'max_depth': 3, 'min_samples_leaf': 50}",0,0.2630046288,0.4263191326,0.3106762385,0.0004828474931,1,0.0007114279497,2.96803653e-07,False
2021-06-17,26,random_forest,"{'max_depth': 3, 'min_samples_leaf': 50}",0,0.2723358789,0.4367701554,0.2908939657,0.0002526269433,0,-0.005202673058,2.96803653e-07,False
2021-06-18,26,random_forest,"{'max_depth': 3, 'min_samples_leaf': 50}",0,0.2716073748,0.2385112776,0.4898813476,0.001688028453,1,0.009740877175,3.710045662e-07,False
2021-06-21,27,random_forest,"{'max_depth': 3, 'min_samples_leaf': 50}",0,0.2790142126,0.4388241329,0.2821616545,0.0001160150675,0,0.005370035019,3.710045662e-07,False
2021-06-22,27,random_forest,"{'max_depth': 3, 'min_samples_leaf': 50}",0,0.2680556987,0.4977114495,0.2342328518,-0.0001247124376,0,-0.001394164173,2.96803653e-07,False
2021-06-23,27,random_forest,"{'max_depth': 3, 'min_samples_leaf': 50}",0,0.2770214643,0.500589701,0.2223888347,-0.0002938407602,0,0.0004942254937,3.710045662e-07,False
2021-06-24,27,random_forest,"{'max_depth': 3, 'min_samples_leaf': 50}",0,0.2658498268,0.5320182633,0.20213191,-0.0003341589486,0,0.00166703797,3.710045662e-07,False
2021-06-25,27,random_forest,"{'max_depth': 3, 'min_samples_leaf': 50}",0,0.2642363152,0.5339557517,0.201807933,-0.000321327744,0,0.000702267865,4.452054795e-07,False
2021-06-28,27,random_forest,"{'max_depth': 3, 'min_samples_leaf': 50}",0,0.2624170317,0.5357151304,0.2018678378,-0.00030381149,0,-0.0004206616373,3.710045662e-07,False
2021-06-29,27,random_forest,"{'max_depth': 3, 'min_samples_leaf': 50}",0,0.2603293305,0.5357324942,0.2039381753,-0.0002693594298,0,0.001989668037,2.96803653e-07,False
2021-06-30,27,random_forest,"{'max_depth': 3, 'min_samples_leaf': 50}",0,0.2415836296,0.5655160671,0.1929003034,-0.0001724412037,0,0.003637460146,3.710045662e-07,False
2021-07-01,27,random_forest,"{'max_depth': 3, 'min_samples_leaf': 50}",0,0.2315199251,0.6072593821,0.1612206927,-0.0003050658936,0,0.004748969565,3.710045662e-07,False
2021-07-02,27,random_forest,"{'max_depth': 3, 'min_samples_leaf': 50}",0,0.237936881,0.5863285748,0.1757345442,-0.0002612695638,0,-0.001959532693,3.710045662e-07,False
2021-07-06,27,random_forest,"{'max_depth': 3, 'min_samples_leaf': 50}",0,0.2717436185,0.4222321709,0.3060242106,0.0003553953672,0,0.001844735063,3.710045662e-07,False
2021-07-07,27,random_forest,"{'max_depth': 3, 'min_samples_leaf': 50}",0,0.2745553923,0.4389880303,0.2864565774,0.0001886870121,0,0.004990938452,3.710045662e-07,False
2021-07-08,27,random_forest,"{'max_depth': 3, 'min_samples_leaf': 50}",0,0.3045870718,0.3792575559,0.3161553723,0.0001195697331,0,0.006912792745,4.452054795e-07,False
2021-07-09,27,random_forest,"{'max_depth': 3, 'min_samples_leaf': 50}",0,0.2667080219,0.4973549057,0.2359370724,-9.983575872e-05,0,0.00378934368,4.452054795e-07,False
2021-07-12,27,random_forest,"{'max_depth': 3, 'min_samples_leaf': 50}",0,0.2741438603,0.46906468,0.2567914598,-2.01470788e-05,0,-0.00148999153,3.710045662e-07,False
2021-07-13,27,random_forest,"{'max_depth': 3, 'min_samples_leaf': 50}",0,0.2595204076,0.5087741729,0.2317054195,-6.267058101e-05,0,-0.002652043211,3.710045662e-07,False
2021-07-14,27,random_forest,"{'max_depth': 3, 'min_samples_leaf': 50}",0,0.2607521649,0.5065409122,0.2327069229,-6.705847305e-05,0,-0.0001379857829,4.452054795e-07,False
2021-07-15,27,random_forest,"{'max_depth': 3, 'min_samples_leaf': 50}",0,0.2702574177,0.4773495094,0.2523930729,-1.518203572e-05,0,-0.01071079417,3.710045662e-07,False
2021-07-16,27,random_forest,"{'max_depth': 3, 'min_samples_leaf': 50}",0,0.309209793,0.2861487341,0.404641473,0.0007105993462,1,-0.002862575944,3.710045662e-07,False
2021-07-19,27,random_forest,"{'max_depth': 3, 'min_samples_leaf': 50}",0,0.305102862,0.2370786496,0.4578184884,0.00113045146,1,0.01263861334,3.710045662e-07,False
2021-07-20,27,random_forest,"{'max_depth': 3, 'min_samples_leaf': 50}",0,0.3220371651,0.2911456294,0.3868172055,0.0004623243037,1,0.005111697755,3.710045662e-07,False
2021-07-21,28,random_forest,"{'max_depth': 3, 'min_samples_leaf': 50}",0,0.26883764,0.467290795,0.263871565,9.881827307e-05,0,0.001656165217,3.710045662e-07,False
2021-07-22,28,random_forest,"{'max_depth': 3, 'min_samples_leaf': 50}",0,0.2638446839,0.4848106529,0.2513446632,5.600826506e-05,0,0.005531206425,3.710045662e-07,False
2021-07-23,28,random_forest,"{'max_depth': 3, 'min_samples_leaf': 50}",0,0.2592127496,0.4945214545,0.246265796,6.302303097e-05,0,0.003892448272,3.710045662e-07,False
2021-07-26,28,random_forest,"{'max_depth': 3, 'min_samples_leaf': 50}",0,0.2600984616,0.5099257499,0.2299757885,-6.160958486e-05,0,-0.002045858951,3.710045662e-07,False
2021-07-27,28,random_forest,"{'max_depth': 3, 'min_samples_leaf': 50}",0,0.2769055098,0.3926579195,0.3304365707,0.0004988665593,1,-0.001933238013,3.710045662e-07,False
2021-07-28,28,random_forest,"{'max_depth': 3, 'min_samples_leaf': 50}",0,0.2638477916,0.469684586,0.2664676225,0.0001639978239,0,0.001887105127,3.710045662e-07,False
2021-07-29,28,random_forest,"{'max_depth': 3, 'min_samples_leaf': 50}",0,0.2644289864,0.4894858223,0.2460851913,1.298041094e-05,0,0.001370158442,4.452054795e-07,False
2021-07-30,28,random_forest,"{'max_depth': 3, 'min_samples_leaf': 50}",0,0.267934266,0.4639633397,0.2681023943,0.000137480996,0,-0.006245174188,4.452054795e-07,False
2021-08-02,28,random_forest,"{'max_depth': 3, 'min_samples_leaf': 50}",0,0.2653169883,0.4221291376,0.3125538741,0.0004794460341,1,0.006180985994,3.710045662e-07,False
2021-08-03,28,random_forest,"{'max_depth': 3, 'min_samples_leaf': 50}",0,0.2582154373,0.4921163923,0.2496681704,9.664633515e-05,0,-0.001819063771,3.710045662e-07,False
2021-08-04,28,random_forest,"{'max_depth': 3, 'min_samples_leaf': 50}",0,0.2710682744,0.4440689587,0.2848627669,0.0002279036913,0,0.003498270265,3.710045662e-07,False
2021-08-05,28,random_forest,"{'max_depth': 3, 'min_samples_leaf': 50}",0,0.262987463,0.5013352299,0.2356773071,-4.788693732e-05,0,0.0008821174673,3.710045662e-07,False
2021-08-06,28,random_forest,"{'max_depth': 3, 'min_samples_leaf': 50}",0,0.2573508857,0.5076263104,0.2350228038,1.194023155e-07,0,-0.0007457998519,4.452054795e-07,False
2021-08-09,28,random_forest,"{'max_depth': 3, 'min_samples_leaf': 50}",0,0.2596286897,0.5039140089,0.2364573015,-1.092350992e-05,0,0.0001581693428,4.452054795e-07,False
2021-08-10,28,random_forest,"{'max_depth': 3, 'min_samples_leaf': 50}",0,0.2503078766,0.5346233067,0.2150688167,-7.657952094e-05,0,-9.014583717e-05,3.710045662e-07,False
2021-08-11,28,random_forest,"{'max_depth': 3, 'min_samples_leaf': 50}",0,0.2419868564,0.5522778222,0.2057353214,-6.547486579e-05,0,0.003358708663,3.710045662e-07,False
2021-08-12,28,random_forest,"{'max_depth': 3, 'min_samples_leaf': 50}",0,0.2407539706,0.5512389321,0.2080070973,-3.772533032e-05,0,0.0007406294698,4.452054795e-07,False
2021-08-13,28,random_forest,"{'max_depth': 3, 'min_samples_leaf': 50}",0,0.2406388477,0.564056563,0.1953045893,-0.0001273794281,0,0.005488948979,4.452054795e-07,False
2021-08-16,28,random_forest,"{'max_depth': 3, 'min_samples_leaf': 50}",0,0.2379835916,0.5481225048,0.2138939036,3.02151471e-05,0,-0.0004501657867,4.452054795e-07,False
2021-08-17,28,random_forest,"{'max_depth': 3, 'min_samples_leaf': 50}",0,0.2733864602,0.4223044891,0.3043090507,0.0003451359552,0,-0.008533499227,5.194063927e-07,False
2021-08-18,28,random_forest,"{'max_depth': 3, 'min_samples_leaf': 50}",0,0.3277504621,0.2372923273,0.4349572106,0.0007702118754,1,0.008228840931,5.194063927e-07,False
2021-08-19,29,random_forest,"{'max_depth': 3, 'min_samples_leaf': 50}",0,0.3241107547,0.2164275255,0.4594617198,0.0009852143846,1,0.007109861424,4.452054795e-07,False
2021-08-20,29,random_forest,"{'max_depth': 3, 'min_samples_leaf': 50}",0,0.2679653739,0.4378254187,0.2942092074,0.0003343129955,0,0.004717418633,3.710045662e-07,False
2021-08-23,29,random_forest,"{'max_depth': 3, 'min_samples_leaf': 50}",0,0.2406142398,0.526176786,0.2332089743,0.0001557178438,0,0,3.710045662e-07,False
2021-08-24,29,random_forest,"{'max_depth': 3, 'min_samples_leaf': 50}",0,0.2431977303,0.5343944546,0.2224078151,5.496917545e-05,0,0.001651137249,3.710045662e-07,False
2021-08-25,29,random_forest,"{'max_depth': 3, 'min_samples_leaf': 50}",0,0.2424507487,0.5388828584,0.2186663929,3.535326754e-05,0,-0.005238348739,4.452054795e-07,False
2021-08-26,29,random_forest,"{'max_depth': 3, 'min_samples_leaf': 50}",0,0.2621128815,0.4517805227,0.2861065958,0.000331248969,0,0.007000368894,3.710045662e-07,False
2021-08-27,29,random_forest,"{'max_depth': 3, 'min_samples_leaf': 50}",0,0.2439101352,0.4891088062,0.2669810585,0.0003648637886,0,0.00279399903,3.710045662e-07,False
2021-08-30,29,random_forest,"{'max_depth': 3, 'min_samples_leaf': 50}",0,0.2392419883,0.5292103518,0.2315476599,0.0001566932682,0,-0.001260715574,3.710045662e-07,False
2021-08-31,29,random_forest,"{'max_depth': 3, 'min_samples_leaf': 50}",0,0.2359325855,0.5375927669,0.2264746475,0.0001514722602,0,-0.001679356873,2.96803653e-07,False
2021-09-01,29,random_forest,"{'max_depth': 3, 'min_samples_leaf': 50}",0,0.2153476844,0.6465197408,0.1381325748,-0.000284263723,0,-0.0002867840016,3.710045662e-07,False
2021-09-02,29,random_forest,"{'max_depth': 3, 'min_samples_leaf': 50}",0,0.2211619797,0.6367949689,0.1420430514,-0.0003106135488,0,0.002433681932,3.710045662e-07,False
2021-09-03,29,random_forest,"{'max_depth': 3, 'min_samples_leaf': 50}",0,0.2316884231,0.5571204825,0.2111910944,8.24443583e-05,0,-0.002761149493,3.710045662e-07,False
2021-09-07,29,random_forest,"{'max_depth': 3, 'min_samples_leaf': 50}",0,0.2629028366,0.4976786424,0.2394185211,-7.64745521e-06,0,4.433247537e-05,3.710045662e-07,False
2021-09-08,29,random_forest,"{'max_depth': 3, 'min_samples_leaf': 50}",0,0.2580918866,0.4841196239,0.2577884895,0.0001675822505,0,-0.003816288276,3.710045662e-07,False
2021-09-09,29,random_forest,"{'max_depth': 3, 'min_samples_leaf': 50}",0,0.2904046443,0.3422109956,0.3673843601,0.0006450845759,1,-0.01241576364,2.96803653e-07,False
2021-09-10,29,random_forest,"{'max_depth': 3, 'min_samples_leaf': 50}",0,0.3010851634,0.281813456,0.4171013806,0.0008987238573,1,-0.00459171712,3.710045662e-07,False
2021-09-13,29,random_forest,"{'max_depth': 3, 'min_samples_leaf': 50}",0,0.2961822407,0.2882256123,0.4155921469,0.0009336425046,1,-0.008814562437,4.452054795e-07,False
2021-09-14,29,random_forest,"{'max_depth': 3, 'min_samples_leaf': 50}",0,0.2852461023,0.2759518699,0.4388020278,0.001200254486,1,0.007332125934,2.96803653e-07,False
2021-09-15,29,random_forest,"{'max_depth': 3, 'min_samples_leaf': 50}",0,0.2805863547,0.4150255632,0.3043880821,0.0002891204251,0,-0.0003353167204,2.96803653e-07,False
2021-09-16,29,random_forest,"{'max_depth': 3, 'min_samples_leaf': 50}",0,0.2895451893,0.378701187,0.3317536237,0.0004000616514,0,-0.007911578266,2.96803653e-07,False
2021-09-17,29,random_forest,"{'max_depth': 3, 'min_samples_leaf': 50}",0,0.3215192483,0.2169115894,0.4615691623,0.00102430143,1,-0.001931558708,2.96803653e-07,False
2021-09-20,30,random_forest,"{'max_depth': 3, 'min_samples_leaf': 50}",0,0.3347602124,0.2140027304,0.4512370573,0.000814505983,1,-0.006643286636,2.96803653e-07,False
2021-09-21,30,random_forest,"{'max_depth': 3, 'min_samples_leaf': 50}",0,0.3217975089,0.2308960466,0.4473064446,0.0009069667047,1,0.0041508945,2.226027397e-07,False
2021-09-22,30,random_forest,"{'max_depth': 3, 'min_samples_leaf': 50}",0,0.3053436618,0.3030367851,0.391619553,0.0006646734952,1,0.007570731953,2.226027397e-07,False
2021-09-23,30,random_forest,"{'max_depth': 3, 'min_samples_leaf': 50}",0,0.2521232975,0.5019147781,0.2459619244,0.0001254548346,0,0.005595327205,2.226027397e-07,False
2021-09-24,30,random_forest,"{'max_depth': 3, 'min_samples_leaf': 50}",0,0.2429454689,0.538767384,0.2182871471,1.433293149e-05,0,-0.0003838731612,2.226027397e-07,False
2021-09-27,30,random_forest,"{'max_depth': 3, 'min_samples_leaf': 50}",0,0.2638605725,0.4833260711,0.2528133563,6.509157458e-05,0,-0.01357775082,2.96803653e-07,False
2021-09-28,30,random_forest,"{'max_depth': 3, 'min_samples_leaf': 50}",0,0.3363037737,0.2533572742,0.410338952,0.0005100393855,1,-0.001700384148,2.96803653e-07,False
2021-09-29,30,random_forest,"{'max_depth': 3, 'min_samples_leaf': 50}",0,0.3050457444,0.3194947865,0.3754594691,0.0005527976907,1,-0.01577903438,2.96803653e-07,False
2021-09-30,30,random_forest,"{'max_depth': 3, 'min_samples_leaf': 50}",0,0.3081384092,0.2661580442,0.4257035466,0.0008805233295,1,0.007564107993,2.96803653e-07,False
2021-10-01,30,random_forest,"{'max_depth': 3, 'min_samples_leaf': 50}",0,0.2774718043,0.3994044175,0.3231237782,0.0004375166082,1,-0.01006925037,2.96803653e-07,False
2021-10-04,30,random_forest,"{'max_depth': 3, 'min_samples_leaf': 50}",0,0.2824152898,0.3624223299,0.3551623803,0.0006189074215,1,0.006647489501,2.96803653e-07,False
2021-10-05,30,random_forest,"{'max_depth': 3, 'min_samples_leaf': 50}",0,0.2586268493,0.4831365149,0.2582366358,0.0001521545757,0,0.01311530055,2.96803653e-07,False
2021-10-06,30,random_forest,"{'max_depth': 3, 'min_samples_leaf': 50}",0,0.2590065501,0.4786321908,0.2623612591,0.0001778900485,0,0.0006158650527,2.96803653e-07,False
2021-10-07,30,random_forest,"{'max_depth': 3, 'min_samples_leaf': 50}",0,0.2455421644,0.5203626356,0.2340952001,0.0001023696643,0,-0.003686232993,3.710045662e-07,False
2021-10-08,30,random_forest,"{'max_depth': 3, 'min_samples_leaf': 50}",0,0.2467676833,0.5118753129,0.2413570038,0.0001425081613,0,-0.005650107894,3.710045662e-07,False
2021-10-11,30,random_forest,"{'max_depth': 3, 'min_samples_leaf': 50}",0,0.2546174415,0.4893754122,0.2560071463,0.0001735614057,0,-0.004705438143,3.710045662e-07,False
2021-10-12,30,random_forest,"{'max_depth': 3, 'min_samples_leaf': 50}",0,0.2443985718,0.5137801607,0.2418212675,0.0001677963981,0,0.00108118347,4.452054795e-07,False
2021-10-13,30,random_forest,"{'max_depth': 3, 'min_samples_leaf': 50}",0,0.2465018819,0.5344954333,0.2190026848,-1.360848405e-05,0,0.007789044267,3.710045662e-07,False
2021-10-14,30,random_forest,"{'max_depth': 3, 'min_samples_leaf': 50}",0,0.1954271236,0.6714487362,0.1331241403,-0.0001486665399,0,0.002518257757,3.710045662e-07,False
2021-10-15,30,random_forest,"{'max_depth': 3, 'min_samples_leaf': 50}",0,0.195058583,0.683057583,0.121883834,-0.0002249851664,0,0.007252744983,3.710045662e-07,False
2021-10-18,30,random_forest,"{'max_depth': 3, 'min_samples_leaf': 50}",0,0.1884319152,0.6902129956,0.1213550892,-0.0001672145532,0,0.003831420302,4.452054795e-07,False
2021-10-19,31,random_forest,"{'max_depth': 3, 'min_samples_leaf': 50}",0,0.1821231203,0.7289549786,0.08892190109,-0.0003392994791,0,0.002837317035,3.710045662e-07,False
2021-10-20,31,random_forest,"{'max_depth': 3, 'min_samples_leaf': 50}",0,0.182279154,0.7299353482,0.08778549783,-0.0003488336798,0,0.004028615129,3.710045662e-07,False
2021-10-21,31,random_forest,"{'max_depth': 3, 'min_samples_leaf': 50}",0,0.1809528757,0.7302166039,0.0888305204,-0.0003290589945,0,-2.209025991e-05,4.452054795e-07,False
2021-10-22,31,random_forest,"{'max_depth': 3, 'min_samples_leaf': 50}",0,0.2127409078,0.6267368276,0.1605222646,-0.0001150067518,0,0.00279560854,4.452054795e-07,False
2021-10-25,31,random_forest,"{'max_depth': 3, 'min_samples_leaf': 50}",0,0.1831961828,0.7237839998,0.09301981736,-0.0003201409613,0,-0.002712206269,4.452054795e-07,False
2021-10-26,31,random_forest,"{'max_depth': 3, 'min_samples_leaf': 50}",0,0.2169941143,0.6193129955,0.1636928902,-0.0001320378244,0,-0.005498980517,4.452054795e-07,False
2021-10-27,31,random_forest,"{'max_depth': 3, 'min_samples_leaf': 50}",0,0.229954816,0.5472077631,0.2228374208,0.0001679868056,0,0.006279400836,4.452054795e-07,False
2021-10-28,31,random_forest,"{'max_depth': 3, 'min_samples_leaf': 50}",0,0.2299970597,0.5483969074,0.2216060329,0.0001588360094,0,0.007414405342,4.452054795e-07,False
2021-10-29,31,random_forest,"{'max_depth': 3, 'min_samples_leaf': 50}",0,0.2301236102,0.5432815581,0.2265948317,0.0001931388285,0,-0.0005648039399,3.710045662e-07,False
2021-11-01,31,random_forest,"{'max_depth': 3, 'min_samples_leaf': 50}",0,0.2474878464,0.5074108889,0.2451012647,0.0001631642824,0,0.003650412225,3.710045662e-07,False
2021-11-02,31,random_forest,"{'max_depth': 3, 'min_samples_leaf': 50}",0,0.2514437345,0.4670440061,0.2815122594,0.0003853067217,0,0.00741385977,3.710045662e-07,False
2021-11-03,31,random_forest,"{'max_depth': 3, 'min_samples_leaf': 50}",0,0.2491025951,0.4845871083,0.2663102966,0.0002989766668,0,0.003330794039,3.710045662e-07,False
2021-11-04,31,random_forest,"{'max_depth': 3, 'min_samples_leaf': 50}",0,0.2493604596,0.4979213925,0.2527181479,0.0001999091323,0,-0.001598192941,2.96803653e-07,False
2021-11-05,31,random_forest,"{'max_depth': 3, 'min_samples_leaf': 50}",0,0.268394552,0.3885338929,0.3430715551,0.0006653729161,1,-0.001639385899,3.710045662e-07,False
2021-11-08,31,random_forest,"{'max_depth': 3, 'min_samples_leaf': 50}",0,0.279737563,0.3833069898,0.3369554472,0.0005163160049,1,-0.004133645257,4.452054795e-07,False
2021-11-09,31,random_forest,"{'max_depth': 3, 'min_samples_leaf': 50}",0,0.2758400094,0.3374289323,0.3867310583,0.0009065927936,1,-0.004209784626,2.96803653e-07,False
2021-11-10,31,random_forest,"{'max_depth': 3, 'min_samples_leaf': 50}",0,0.3070629032,0.2887825315,0.4041545654,0.0007399466951,1,-0.003095381539,3.710045662e-07,False
2021-11-11,31,random_forest,"{'max_depth': 3, 'min_samples_leaf': 50}",0,0.2699847081,0.4207314342,0.3092838577,0.0004102755386,1,0.004622450021,3.710045662e-07,False
2021-11-12,31,random_forest,"{'max_depth': 3, 'min_samples_leaf': 50}",0,0.2485776467,0.5163021557,0.2351201976,8.203682502e-05,0,-0.002581986089,3.710045662e-07,False
2021-11-15,31,random_forest,"{'max_depth': 3, 'min_samples_leaf': 50}",0,0.26062864,0.4967290059,0.2426423542,2.33871792e-05,0,0.004559573813,3.710045662e-07,False
2021-11-16,31,random_forest,"{'max_depth': 3, 'min_samples_leaf': 50}",0,0.2689689483,0.4484103201,0.2826207317,0.0002300992124,0,-0.001833657259,3.710045662e-07,False
2021-11-17,32,random_forest,"{'max_depth': 3, 'min_samples_leaf': 50}",0,0.2999780242,0.3844348668,0.315587109,0.0001865913195,0,0.001044285906,3.710045662e-07,False
2021-11-18,32,random_forest,"{'max_depth': 3, 'min_samples_leaf': 50}",0,0.3259477078,0.3444052342,0.3296470579,4.631699395e-05,0,-0.001533124566,3.710045662e-07,False
2021-11-19,32,random_forest,"{'max_depth': 3, 'min_samples_leaf': 50}",0,0.2877683732,0.3352783657,0.3769532611,0.0007342844838,1,-0.007050494187,3.710045662e-07,False
2021-11-22,32,random_forest,"{'max_depth': 3, 'min_samples_leaf': 50}",0,0.3407651523,0.2460909811,0.4131438666,0.0005011635438,1,0.002076112315,3.710045662e-07,False
2021-11-23,32,random_forest,"{'max_depth': 3, 'min_samples_leaf': 50}",0,0.313602127,0.2829370971,0.403460776,0.0006834807468,1,0.007252295482,4.452054795e-07,False
2021-11-24,32,random_forest,"{'max_depth': 3, 'min_samples_leaf': 50}",0,0.2986556495,0.3227066838,0.3786376667,0.0006456416938,1,-0.007288997617,2.397260274e-07,False
2021-11-26,32,random_forest,"{'max_depth': 3, 'min_samples_leaf': 50}",0,0.3210973685,0.1573880395,0.521514592,0.001450874606,1,0.001142066588,4.452054795e-07,False
2021-11-29,32,random_forest,"{'max_depth': 3, 'min_samples_leaf': 50}",0,0.3248338935,0.2044116436,0.470754463,0.001056622772,1,-0.01393939919,4.452054795e-07,False
2021-11-30,32,random_forest,"{'max_depth': 3, 'min_samples_leaf': 50}",0,0.3169386409,0.1404959739,0.5425653852,0.001638479375,1,-0.02413138896,3.710045662e-07,False
2021-12-01,32,random_forest,"{'max_depth': 3, 'min_samples_leaf': 50}",0,0.3145748575,0.1426632196,0.5427619229,0.001661709582,1,0.01479817799,4.452054795e-07,False
2021-12-02,32,random_forest,"{'max_depth': 3, 'min_samples_leaf': 50}",0,0.3089332708,0.1885039332,0.502562796,0.001428940559,1,-0.01252259468,3.710045662e-07,False
2021-12-03,32,random_forest,"{'max_depth': 3, 'min_samples_leaf': 50}",0,0.2911328053,0.1875957775,0.5212714172,0.001725973152,1,0.005831678847,4.452054795e-07,False
2021-12-06,32,random_forest,"{'max_depth': 3, 'min_samples_leaf': 50}",0,0.2972425541,0.2856476548,0.4171097911,0.000931344936,1,0.008333143169,3.710045662e-07,False
2021-12-07,32,random_forest,"{'max_depth': 3, 'min_samples_leaf': 50}",0,0.2336795173,0.5554967589,0.2108237238,5.662835752e-05,0,0.001749470323,4.452054795e-07,False
2021-12-08,32,random_forest,"{'max_depth': 3, 'min_samples_leaf': 50}",0,0.216697108,0.6154713637,0.1678315284,-9.116487361e-05,0,-0.003844895406,5.194063927e-07,False
2021-12-09,32,random_forest,"{'max_depth': 3, 'min_samples_leaf': 50}",0,0.2411224987,0.5226573199,0.2362201815,0.0001678503001,0,0.003217993701,4.452054795e-07,False
2021-12-10,32,random_forest,"{'max_depth': 3, 'min_samples_leaf': 50}",0,0.195036041,0.670202172,0.134761787,-0.0001254156421,0,-0.007699004738,4.452054795e-07,False
2021-12-13,32,random_forest,"{'max_depth': 3, 'min_samples_leaf': 50}",0,0.2300847911,0.523765885,0.2461493239,0.0003401870346,0,0.0005830162912,3.710045662e-07,False
2021-12-14,32,random_forest,"{'max_depth': 3, 'min_samples_leaf': 50}",0,0.2477167063,0.5165084034,0.2357748903,0.0001037752294,0,0.01549348861,3.710045662e-07,False
2021-12-15,32,random_forest,"{'max_depth': 3, 'min_samples_leaf': 50}",0,0.2192612769,0.5853318792,0.1954068439,8.057042488e-05,0,-0.01295045174,3.710045662e-07,False
2021-12-16,32,random_forest,"{'max_depth': 3, 'min_samples_leaf': 50}",0,0.2414285174,0.5161624248,0.2424090578,0.0002088832374,0,-0.003639893144,3.710045662e-07,False
2021-12-17,33,random_forest,"{'max_depth': 3, 'min_samples_leaf': 50}",0,0.2607712089,0.4241171352,0.3151116559,0.0005265378345,1,0.001100158402,3.710045662e-07,False
2021-12-20,33,random_forest,"{'max_depth': 3, 'min_samples_leaf': 50}",0,0.266358853,0.4440272346,0.2896139124,0.0002928644759,0,0.009703260695,5.194063927e-07,False
2021-12-21,33,random_forest,"{'max_depth': 3, 'min_samples_leaf': 50}",0,0.2540810394,0.4949450276,0.2509739331,0.0001316372103,0,0.01058794211,5.194063927e-07,False
2021-12-22,33,random_forest,"{'max_depth': 3, 'min_samples_leaf': 50}",0,0.2192467063,0.5949435778,0.1858097159,-8.899814604e-06,0,0.003946679692,5.936073059e-07,False
2021-12-23,33,random_forest,"{'max_depth': 3, 'min_samples_leaf': 50}",0,0.2058859581,0.6434986461,0.1506153958,-0.0001355012024,0,0.01101557486,5.194063927e-07,False
2021-12-27,33,random_forest,"{'max_depth': 3, 'min_samples_leaf': 50}",0,0.2080272605,0.629850425,0.1621223145,-7.340172114e-05,0,-0.001779297681,4.452054795e-07,False
2021-12-28,33,random_forest,"{'max_depth': 3, 'min_samples_leaf': 50}",0,0.1989462737,0.6688503566,0.1322033697,-0.0002021983635,0,0.001048262026,4.452054795e-07,False
2021-12-29,33,random_forest,"{'max_depth': 3, 'min_samples_leaf': 50}",0,0.1843726543,0.7322603812,0.08336696453,-0.0004147487834,-1,-0.003703448387,3.710045662e-07,False
2021-12-30,33,random_forest,"{'max_depth': 3, 'min_samples_leaf': 50}",0,0.2384019393,0.5404536805,0.2211443802,6.482572277e-05,0,-0.001429701378,3.710045662e-07,False
2021-12-31,33,random_forest,"{'max_depth': 3, 'min_samples_leaf': 50}",0,0.2356168638,0.5598363469,0.2045467893,-2.756890148e-05,0,0.002960326775,4.452054795e-07,False
2022-01-03,33,random_forest,"{'max_depth': 3, 'min_samples_leaf': 50}",0,0.2216520148,0.6109029096,0.1674450756,-0.0001621473161,0,-0.003484857453,5.936073059e-07,False
2022-01-04,33,random_forest,"{'max_depth': 3, 'min_samples_leaf': 50}",0,0.2354122654,0.5828664047,0.1817213299,-0.0001883418738,0,-0.01840053389,5.936073059e-07,False
2022-01-05,33,random_forest,"{'max_depth': 3, 'min_samples_leaf': 50}",0,0.2923371903,0.3555145967,0.3521482129,0.0004969997354,1,0.000106836705,6.678082192e-07,False
2022-01-06,33,random_forest,"{'max_depth': 3, 'min_samples_leaf': 50}",0,0.2972360026,0.3783770512,0.3243869462,0.0002535990536,0,-0.00397481737,7.420091324e-07,False
2022-01-07,33,random_forest,"{'max_depth': 3, 'min_samples_leaf': 50}",0,0.2935362169,0.3863929349,0.3200708482,0.0002572384944,0,0.006073043906,7.420091324e-07,False
2022-01-10,33,random_forest,"{'max_depth': 3, 'min_samples_leaf': 50}",0,0.3067099138,0.3318430195,0.3614470667,0.0004296369646,1,0.009715600747,9.646118721e-07,False
2022-01-11,33,random_forest,"{'max_depth': 3, 'min_samples_leaf': 50}",0,0.2986374642,0.4009583417,0.3004041941,6.964528953e-05,0,-0.001208692681,8.162100457e-07,False
2022-01-12,33,random_forest,"{'max_depth': 3, 'min_samples_leaf': 50}",0,0.2582810952,0.5086276078,0.233091297,-3.486232017e-05,0,-0.01622229112,8.904109589e-07,False
2022-01-13,33,random_forest,"{'max_depth': 3, 'min_samples_leaf': 50}",0,0.3068841297,0.2360965691,0.4570193012,0.001109153092,1,0.007654109575,8.904109589e-07,False
2022-01-14,33,random_forest,"{'max_depth': 3, 'min_samples_leaf': 50}",0,0.3065643958,0.3389818444,0.3544537598,0.0003811492047,0,-0.007069213312,9.646118721e-07,False
2022-01-18,33,random_forest,"{'max_depth': 3, 'min_samples_leaf': 50}",0,0.3334588313,0.1480412516,0.5184999171,0.001300233935,1,-0.01392618861,1.187214612e-06,False
2022-01-19,34,random_forest,"{'max_depth': 3, 'min_samples_leaf': 50}",0,0.3968012333,0.1395542926,0.4636444741,0.0003152466206,0,-0.0154269974,1.261415525e-06,False
2022-01-20,34,random_forest,"{'max_depth': 3, 'min_samples_leaf': 50}",0,0.4145302146,0.1402231753,0.4452466101,1.815458403e-05,0,-0.0170122689,1.261415525e-06,False
2022-01-21,34,random_forest,"{'max_depth': 3, 'min_samples_leaf': 50}",0,0.3664930555,0.1146667917,0.5188401528,0.0009930583346,1,0.01807744264,1.261415525e-06,False
2022-01-24,34,random_forest,"{'max_depth': 3, 'min_samples_leaf': 50}",0,0.3809639863,0.1172086581,0.5018273556,0.0007362790876,1,0.003255908456,1.409817352e-06,False
2022-01-25,34,random_forest,"{'max_depth': 3, 'min_samples_leaf': 50}",0,0.3713672605,0.1199737692,0.5086589703,0.0008747157448,1,-0.01665455677,1.409817352e-06,False
2022-01-26,34,random_forest,"{'max_depth': 3, 'min_samples_leaf': 50}",0,0.3401873264,0.1417083928,0.5181042809,0.001233248,1,-0.01601793317,1.409817352e-06,False
2022-01-27,34,random_forest,"{'max_depth': 3, 'min_samples_leaf': 50}",0,0.3361924309,0.2004998977,0.4633076714,0.0008783705526,1,0.02142465508,1.484018265e-06,False
2022-01-28,34,random_forest,"{'max_depth': 3, 'min_samples_leaf': 50}",0,0.3424610504,0.242217506,0.4153214436,0.0004764640194,1,0.01964920137,1.409817352e-06,False
2022-01-31,34,random_forest,"{'max_depth': 3, 'min_samples_leaf': 50}",0,0.2376435409,0.521663074,0.2406933851,0.0002047746815,0,0.005036876647,1.632420091e-06,False
2022-02-01,34,random_forest,"{'max_depth': 3, 'min_samples_leaf': 50}",0,0.2143463945,0.6124751793,0.1731784262,-6.101472626e-05,0,0.004061484282,1.409817352e-06,False
2022-02-02,34,random_forest,"{'max_depth': 3, 'min_samples_leaf': 50}",0,0.2062389287,0.6329147918,0.1608462795,-7.362016392e-05,0,-0.009646315425,1.409817352e-06,False
2022-02-03,34,random_forest,"{'max_depth': 3, 'min_samples_leaf': 50}",0,0.2530120546,0.4935597746,0.2534281708,0.0001525095521,0,0.005264940176,1.484018265e-06,False
2022-02-04,34,random_forest,"{'max_depth': 3, 'min_samples_leaf': 50}",0,0.2442525333,0.5337500152,0.2219974515,9.308933528e-06,0,-0.005005450309,1.706621005e-06,False
2022-02-07,34,random_forest,"{'max_depth': 3, 'min_samples_leaf': 50}",0,0.2431129726,0.5602216662,0.1966653613,-0.0001613477236,0,0.009424017512,2.003424658e-06,False
2022-02-08,34,random_forest,"{'max_depth': 3, 'min_samples_leaf': 50}",0,0.2173302187,0.6314794271,0.1511903542,-0.0002462146936,0,0.005096452903,1.855022831e-06,False
2022-02-09,34,random_forest,"{'max_depth': 3, 'min_samples_leaf': 50}",0,0.1708576901,0.7355851544,0.09355715544,-0.0002250380035,0,-0.00447553729,1.929223744e-06,False
2022-02-10,34,random_forest,"{'max_depth': 3, 'min_samples_leaf': 50}",0,0.2531927063,0.518697066,0.2281102278,-3.036462118e-05,0,-0.01991502675,2.96803653e-06,False
2022-02-11,34,random_forest,"{'max_depth': 3, 'min_samples_leaf': 50}",0,0.2740558915,0.3923940589,0.3335500496,0.0005295461085,1,-0.002045881976,2.671232877e-06,False
2022-02-14,34,random_forest,"{'max_depth': 3, 'min_samples_leaf': 50}",0,0.337147789,0.2530315614,0.4098206495,0.0004866749154,1,0.005341074605,3.190639269e-06,False
2022-02-15,34,random_forest,"{'max_depth': 3, 'min_samples_leaf': 50}",0,0.3093702871,0.3501668836,0.3404628293,0.0002495027403,0,0.006014492268,2.96803653e-06,False
2022-02-16,34,random_forest,"{'max_depth': 3, 'min_samples_leaf': 50}",0,0.2546751404,0.5286779364,0.2166469233,-0.0001262344987,0,-0.01389829806,2.819634703e-06,False
2022-02-17,35,random_forest,"{'max_depth': 3, 'min_samples_leaf': 50}",0,0.2776047682,0.4146689275,0.3077263043,0.0002996333606,0,-0.007088412897,2.671232877e-06,False
2022-02-18,35,random_forest,"{'max_depth': 3, 'min_samples_leaf': 50}",0,0.2739260318,0.4236121012,0.3024618671,0.0002964295422,0,-0.00537175494,2.597031963e-06,False
2022-02-22,35,random_forest,"{'max_depth': 3, 'min_samples_leaf': 50}",0,0.3302290011,0.296793492,0.3729775068,0.0002727489348,0,-0.0247538284,2.74543379e-06,False
2022-02-23,35,random_forest,"{'max_depth': 3, 'min_samples_leaf': 50}",0,0.3316762156,0.220451951,0.4478718334,0.0008005717641,1,0.04204174793,2.52283105e-06,False
2022-02-24,35,random_forest,"{'max_depth': 3, 'min_samples_leaf': 50}",0,0.380477145,0.1750155523,0.4445073027,0.0003137801439,0,0.01894745201,2.374429224e-06,False
2022-02-25,35,random_forest,"{'max_depth': 3, 'min_samples_leaf': 50}",0,0.2514049551,0.5297026924,0.2188923525,-9.441364437e-05,0,0.01064742279,2.448630137e-06,False
2022-02-28,35,random_forest,"{'max_depth': 3, 'min_samples_leaf': 50}",0,0.3462125841,0.2513117911,0.4024756248,0.0003345715872,0,-0.01163110859,2.597031963e-06,False
2022-03-01,35,random_forest,"{'max_depth': 3, 'min_samples_leaf': 50}",0,0.3485473901,0.1691097995,0.4823428104,0.0008899403091,1,0.01276688866,2.374429224e-06,False
2022-03-02,35,random_forest,"{'max_depth': 3, 'min_samples_leaf': 50}",0,0.2969559651,0.3746909436,0.3283530913,0.0002653968854,0,-0.01080666058,2.52283105e-06,False
2022-03-03,35,random_forest,"{'max_depth': 3, 'min_samples_leaf': 50}",0,0.2885626688,0.3448913133,0.3665460178,0.0006210973418,1,0.0009728162022,2.819634703e-06,False
2022-03-04,35,random_forest,"{'max_depth': 3, 'min_samples_leaf': 50}",0,0.3162287655,0.3223478109,0.3614234236,0.000321878713,0,-0.02808479994,2.52283105e-06,False
2022-03-07,35,random_forest,"{'max_depth': 3, 'min_samples_leaf': 50}",0,0.3715551492,0.1702988811,0.4581459697,0.0004969466845,1,-0.008031064025,2.819634703e-06,False
2022-03-08,35,random_forest,"{'max_depth': 3, 'min_samples_leaf': 50}",0,0.3762708692,0.1711562197,0.4525729111,0.0004119609547,1,0.005339391465,2.671232877e-06,False
2022-03-09,35,random_forest,"{'max_depth': 3, 'min_samples_leaf': 50}",0,0.3144211728,0.3464840051,0.3390948221,0.0001775573089,0,0.007005637915,2.819634703e-06,False
2022-03-10,35,random_forest,"{'max_depth': 3, 'min_samples_leaf': 50}",0,0.2761851097,0.4452946771,0.2785202133,0.0001019067127,0,-0.01880311089,2.893835616e-06,False
2022-03-11,35,random_forest,"{'max_depth': 3, 'min_samples_leaf': 50}",0,0.2759637749,0.4527589298,0.2712772953,5.163292868e-05,0,-0.009242354449,2.96803653e-06,False
2022-03-14,35,random_forest,"{'max_depth': 3, 'min_samples_leaf': 50}",0,0.2790623928,0.4568318085,0.2641057988,-2.958607879e-05,0,0.01524650316,3.339041096e-06,False
2022-03-15,35,random_forest,"{'max_depth': 3, 'min_samples_leaf': 50}",0,0.2628360843,0.5278816907,0.2092822251,-0.0002722289691,0,0.01332894543,3.413242009e-06,False
2022-03-16,35,random_forest,"{'max_depth': 3, 'min_samples_leaf': 50}",0,0.1988024505,0.636716684,0.1644808655,1.064345852e-05,0,0.01725134581,3.264840183e-06,False
2022-03-17,35,random_forest,"{'max_depth': 3, 'min_samples_leaf': 50}",0,0.1889502065,0.6809528738,0.1300969197,-0.0001446109377,0,0.01488581981,2.96803653e-06,False
2022-03-18,35,random_forest,"{'max_depth': 3, 'min_samples_leaf': 50}",0,0.177725549,0.722987025,0.09928742596,-0.0002610138643,0,0.0001125676708,3.116438356e-06,False
2022-03-21,36,lightgbm,"{'num_leaves': 7, 'learning_rate': 0.03, 'min_child_samples': 60}",0,0.4277317564,0.3262439367,0.2460243069,-0.001578809113,-1,0.008365879629,4.006849315e-06,False
2022-03-22,36,lightgbm,"{'num_leaves': 7, 'learning_rate': 0.03, 'min_child_samples': 60}",0,0.2849720019,0.5152824524,0.1997455457,-0.0005483041502,-1,-0.006958930898,3.784246575e-06,False
2022-03-23,36,lightgbm,"{'num_leaves': 7, 'learning_rate': 0.03, 'min_child_samples': 60}",0,0.4104791754,0.4523025141,0.1372183105,-0.002220821523,-1,0.01020313885,3.710045662e-06,False
2022-03-24,36,lightgbm,"{'num_leaves': 7, 'learning_rate': 0.03, 'min_child_samples': 60}",0,0.2260685952,0.6302051503,0.1437262545,-0.0003973449689,0,0.003391255443,3.858447489e-06,False
2022-03-25,36,lightgbm,"{'num_leaves': 7, 'learning_rate': 0.03, 'min_child_samples': 60}",0,0.3349029204,0.485090243,0.1800068366,-0.001175537536,-1,0.008516582257,4.081050228e-06,False
2022-03-28,36,lightgbm,"{'num_leaves': 7, 'learning_rate': 0.03, 'min_child_samples': 60}",0,0.2545675608,0.5628679928,0.1825644464,-0.0003832314254,0,0.003325939636,4.377853881e-06,False
2022-03-29,36,lightgbm,"{'num_leaves': 7, 'learning_rate': 0.03, 'min_child_samples': 60}",0,0.3784345199,0.4133081762,0.2082573039,-0.001384762174,-1,-0.003562549676,4.081050228e-06,False
2022-03-30,36,lightgbm,"{'num_leaves': 7, 'learning_rate': 0.03, 'min_child_samples': 60}",0,0.405046934,0.3974717917,0.1974812744,-0.001720966258,-1,-0.01364956603,4.081050228e-06,False
2022-03-31,36,lightgbm,"{'num_leaves': 7, 'learning_rate': 0.03, 'min_child_samples': 60}",0,0.2933564951,0.3434020365,0.3632414683,0.0005852469618,1,-0.0008603032223,3.858447489e-06,False
2022-04-01,36,lightgbm,"{'num_leaves': 7, 'learning_rate': 0.03, 'min_child_samples': 60}",0,0.2664922352,0.4548909312,0.2786168336,0.0002153483992,0,0.008099183036,3.932648402e-06,False
2022-04-04,36,lightgbm,"{'num_leaves': 7, 'learning_rate': 0.03, 'min_child_samples': 60}",0,0.2962103748,0.5452774712,0.158512154,-0.0009627195714,-1,-0.00920434592,4.897260274e-06,False
2022-04-05,36,lightgbm,"{'num_leaves': 7, 'learning_rate': 0.03, 'min_child_samples': 60}",0,0.3058376911,0.2979062123,0.3962560966,0.0007102973778,1,-0.0008280015737,4.823059361e-06,False
2022-04-06,36,lightgbm,"{'num_leaves': 7, 'learning_rate': 0.03, 'min_child_samples': 60}",0,0.2817044094,0.2135405873,0.5047550033,0.001748410907,1,0.007136589092,4.971461187e-06,False
2022-04-07,36,lightgbm,"{'num_leaves': 7, 'learning_rate': 0.03, 'min_child_samples': 60}",0,0.3503660723,0.2810370101,0.3685969176,7.624483221e-05,0,-0.0008929032744,5.0456621e-06,False
2022-04-08,36,lightgbm,"{'num_leaves': 7, 'learning_rate': 0.03, 'min_child_samples': 60}",0,0.3560042889,0.2989007479,0.3450949632,-0.0001525744612,0,-0.00943453647,5.194063927e-06,False
2022-04-11,36,lightgbm,"{'num_leaves': 7, 'learning_rate': 0.03, 'min_child_samples': 60}",0,0.3324827263,0.2564337794,0.4110834943,0.00056393223,1,-0.01081063957,5.71347032e-06,False
2022-04-12,36,lightgbm,"{'num_leaves': 7, 'learning_rate': 0.03, 'min_child_samples': 60}",0,0.3622346997,0.3126033996,0.3251619007,-0.0003605885936,0,0.01205396615,5.49086758e-06,False
2022-04-13,36,lightgbm,"{'num_leaves': 7, 'learning_rate': 0.03, 'min_child_samples': 60}",0,0.344104246,0.3407729163,0.3151228377,-0.0002606228498,0,-0.01298608807,5.565068493e-06,False
2022-04-14,36,lightgbm,"{'num_leaves': 7, 'learning_rate': 0.03, 'min_child_samples': 60}",0,0.272960935,0.3218653092,0.4051737558,0.0010930004,1,0.002655625458,5.861872146e-06,False
2022-04-18,36,lightgbm,"{'num_leaves': 7, 'learning_rate': 0.03, 'min_child_samples': 60}",0,0.3656637371,0.313969716,0.3203665469,-0.0004292110312,-1,0.01639798893,6.010273973e-06,False
2022-04-19,36,lightgbm,"{'num_leaves': 7, 'learning_rate': 0.03, 'min_child_samples': 60}",0,0.2716190938,0.4272660926,0.3011148135,0.0003330863103,0,-0.004945005652,6.010273973e-06,False
2022-04-20,37,lightgbm,"{'num_leaves': 7, 'learning_rate': 0.03, 'min_child_samples': 60}",0,0.2957585408,0.4071605744,0.2970808848,7.437632515e-05,0,-0.02336471849,6.084474886e-06,False
2022-04-21,37,lightgbm,"{'num_leaves': 7, 'learning_rate': 0.03, 'min_child_samples': 60}",0,0.3566432082,0.3377765906,0.3055802012,-0.0004494935358,-1,-0.02487925422,6.158675799e-06,False
2022-04-22,37,lightgbm,"{'num_leaves': 7, 'learning_rate': 0.03, 'min_child_samples': 60}",0,0.4165253245,0.2211394254,0.3623352501,-0.0006030351512,-1,0.01142397675,6.158675799e-06,False
2022-04-25,37,lightgbm,"{'num_leaves': 7, 'learning_rate': 0.03, 'min_child_samples': 60}",0,0.3041750713,0.2889375721,0.4068873566,0.0008138536651,1,-0.02284944881,6.752283105e-06,False
2022-04-26,37,lightgbm,"{'num_leaves': 7, 'learning_rate': 0.03, 'min_child_samples': 60}",0,0.3707065323,0.2504053375,0.3788881301,-3.727890364e-05,0,7.189810842e-05,6.158675799e-06,False
2022-04-27,37,lightgbm,"{'num_leaves': 7, 'learning_rate': 0.03, 'min_child_samples': 60}",0,0.3801325535,0.2641207001,0.3557467464,-0.0003011728074,0,0.01307155952,6.084474886e-06,False
2022-04-28,37,lightgbm,"{'num_leaves': 7, 'learning_rate': 0.03, 'min_child_samples': 60}",0,0.3619550578,0.2840403882,0.354004554,-0.0001388240201,0,-0.02736135534,6.084474886e-06,False
2022-04-29,37,lightgbm,"{'num_leaves': 7, 'learning_rate': 0.03, 'min_child_samples': 60}",0,0.3580416647,0.2729982118,0.3689601235,1.070658171e-05,0,0.005848529707,6.307077626e-06,False
2022-05-02,37,lightgbm,"{'num_leaves': 7, 'learning_rate': 0.03, 'min_child_samples': 60}",0,0.4490029384,0.2859760727,0.2650209889,-0.001643678991,-1,0.003301113506,6.678082192e-06,False
2022-05-03,37,lightgbm,"{'num_leaves': 7, 'learning_rate': 0.03, 'min_child_samples': 60}",0,0.3508864646,0.3988125278,0.2503010075,-0.0008071029172,-1,0.0287235335,6.752283105e-06,False
2022-05-04,37,lightgbm,"{'num_leaves': 7, 'learning_rate': 0.03, 'min_child_samples': 60}",0,0.2422217276,0.4439446212,0.3138336511,0.0007160870664,1,-0.02529735136,6.603881279e-06,False
2022-05-05,37,lightgbm,"{'num_leaves': 7, 'learning_rate': 0.03, 'min_child_samples': 60}",0,0.280970253,0.2609521612,0.4580775858,0.001420313046,1,0.0005837757186,6.307077626e-06,False
2022-05-06,37,lightgbm,"{'num_leaves': 7, 'learning_rate': 0.03, 'min_child_samples': 60}",0,0.3659944719,0.2790455624,0.3549599657,-0.0001706541724,0,-0.01710686892,6.307077626e-06,False
2022-05-09,37,lightgbm,"{'num_leaves': 7, 'learning_rate': 0.03, 'min_child_samples': 60}",0,0.2843195539,0.2427679271,0.4729125191,0.001498874282,1,-0.01335012987,6.826484018e-06,False
2022-05-10,37,lightgbm,"{'num_leaves': 7, 'learning_rate': 0.03, 'min_child_samples': 60}",0,0.3191572858,0.3278060083,0.3530367059,0.0002668392987,0,-0.01336450177,6.603881279e-06,False
2022-05-11,37,lightgbm,"{'num_leaves': 7, 'learning_rate': 0.03, 'min_child_samples': 60}",0,0.3380005658,0.3353243983,0.3266750359,-0.0001119767191,0,0.007627709643,6.752283105e-06,False
2022-05-12,37,lightgbm,"{'num_leaves': 7, 'learning_rate': 0.03, 'min_child_samples': 60}",0,0.3606276709,0.2992511865,0.3401211425,-0.0002297803954,0,0.01262889754,7.123287671e-06,False
2022-05-13,37,lightgbm,"{'num_leaves': 7, 'learning_rate': 0.03, 'min_child_samples': 60}",0,0.3595192894,0.3415115864,0.2989691242,-0.0005266510735,-1,0.0002749770745,7.642694064e-06,False
2022-05-16,37,lightgbm,"{'num_leaves': 7, 'learning_rate': 0.03, 'min_child_samples': 60}",0,0.2803706799,0.4125901105,0.3070392096,0.0002972596465,0,0.004403140085,7.939497717e-06,False
2022-05-17,37,lightgbm,"{'num_leaves': 7, 'learning_rate': 0.03, 'min_child_samples': 60}",0,0.2422685372,0.4861395521,0.2715919107,0.0003999271208,0,-0.02884761991,7.865296804e-06,False
2022-05-18,37,lightgbm,"{'num_leaves': 7, 'learning_rate': 0.03, 'min_child_samples': 60}",0,0.2617682881,0.4313607788,0.3068709331,0.0004754708797,1,0.002161485143,7.642694064e-06,False
2022-05-19,38,lightgbm,"{'num_leaves': 7, 'learning_rate': 0.03, 'min_child_samples': 60}",0,0.2606807039,0.4977227824,0.2415965136,-6.704028437e-05,0,-0.009205327691,7.79109589e-06,False
2022-05-20,38,lightgbm,"{'num_leaves': 7, 'learning_rate': 0.03, 'min_child_samples': 60}",0,0.2797250689,0.4880775041,0.232197427,-0.0003276277159,0,0.01041169718,7.642694064e-06,False
2022-05-23,38,lightgbm,"{'num_leaves': 7, 'learning_rate': 0.03, 'min_child_samples': 60}",0,0.2542349492,0.5651498368,0.180615214,-0.0004620860863,-1,0.003388060508,7.939497717e-06,False
2022-05-24,38,lightgbm,"{'num_leaves': 7, 'learning_rate': 0.03, 'min_child_samples': 60}",0,0.298305606,0.4294915843,0.2722028097,-0.000211499581,0,0.01289795727,7.865296804e-06,False
2022-05-25,38,lightgbm,"{'num_leaves': 7, 'learning_rate': 0.03, 'min_child_samples': 60}",0,0.2768398663,0.4874235706,0.2357365631,-0.0002722183298,0,0.01665533888,7.865296804e-06,False
2022-05-26,38,lightgbm,"{'num_leaves': 7, 'learning_rate': 0.03, 'min_child_samples': 60}",0,0.2768010149,0.5336890837,0.1895099013,-0.0006199902889,-1,0.01801869537,7.939497717e-06,False
2022-05-27,38,lightgbm,"{'num_leaves': 7, 'learning_rate': 0.03, 'min_child_samples': 60}",0,0.2398369217,0.5414741744,0.2186889039,-3.183974019e-05,0,-0.001499202332,8.01369863e-06,False
2022-05-31,38,lightgbm,"{'num_leaves': 7, 'learning_rate': 0.03, 'min_child_samples': 60}",0,0.2620964269,0.5357080497,0.2021955234,-0.0003779006461,0,-0.01344031808,8.607305936e-06,False
2022-06-01,38,lightgbm,"{'num_leaves': 7, 'learning_rate': 0.03, 'min_child_samples': 60}",0,0.2360022421,0.4985349687,0.2654627893,0.0003586575742,0,0.01946656493,8.533105023e-06,False
2022-06-02,38,lightgbm,"{'num_leaves': 7, 'learning_rate': 0.03, 'min_child_samples': 60}",0,0.240916427,0.5352107521,0.223872821,-3.555158047e-06,0,-0.004510148816,8.681506849e-06,False
2022-06-03,38,lightgbm,"{'num_leaves': 7, 'learning_rate': 0.03, 'min_child_samples': 60}",0,0.3142600934,0.3715665082,0.3141733984,-5.43989577e-05,0,-0.007208617222,8.978310502e-06,False
2022-06-06,38,lightgbm,"{'num_leaves': 7, 'learning_rate': 0.03, 'min_child_samples': 60}",0,0.2861565628,0.4480218557,0.2658215815,-0.0001384819337,0,0.01872086273,9.349315068e-06,False
2022-06-07,38,lightgbm,"{'num_leaves': 7, 'learning_rate': 0.03, 'min_child_samples': 60}",0,0.2652589239,0.4893070683,0.2454340078,-8.376483174e-05,0,-0.006546980011,9.349315068e-06,False
2022-06-08,38,lightgbm,"{'num_leaves': 7, 'learning_rate': 0.03, 'min_child_samples': 60}",0,0.3264903383,0.3972320044,0.2762776573,-0.0004617007841,-1,-0.01929934534,9.497716895e-06,False
2022-06-09,38,lightgbm,"{'num_leaves': 7, 'learning_rate': 0.03, 'min_child_samples': 60}",0,0.2439914273,0.5464997732,0.2095087995,-0.0001423844207,0,-0.01286471094,9.646118721e-06,False
2022-06-10,38,lightgbm,"{'num_leaves': 7, 'learning_rate': 0.03, 'min_child_samples': 60}",0,0.2865850039,0.4607677209,0.2526472752,-0.0002419749683,0,-0.01276821367,1.031392694e-05,False
2022-06-13,38,lightgbm,"{'num_leaves': 7, 'learning_rate': 0.03, 'min_child_samples': 60}",0,0.3281962088,0.2989983162,0.3728054751,0.0002483040131,0,-0.007907684731,1.283675799e-05,False
2022-06-14,38,lightgbm,"{'num_leaves': 7, 'learning_rate': 0.03, 'min_child_samples': 60}",0,0.362301303,0.3140596024,0.3236390946,-0.0004618897907,-1,0.004876051805,1.357876712e-05,False
2022-06-15,38,lightgbm,"{'num_leaves': 7, 'learning_rate': 0.03, 'min_child_samples': 60}",0,0.3223048354,0.3795681221,0.2981270425,-0.0002554276569,0,-0.0104181151,1.29109589e-05,False
2022-06-16,38,lightgbm,"{'num_leaves': 7, 'learning_rate': 0.03, 'min_child_samples': 60}",0,0.3510141531,0.2800337748,0.3689520722,-8.123514093e-06,0,0.000957499329,1.179794521e-05,False
2022-06-17,38,lightgbm,"{'num_leaves': 7, 'learning_rate': 0.03, 'min_child_samples': 60}",0,0.3444998061,0.3203950383,0.3351051556,-0.0001981213234,0,0.008550895506,1.209474886e-05,False
2022-06-21,39,lightgbm,"{'num_leaves': 7, 'learning_rate': 0.03, 'min_child_samples': 60}",0,0.3073925833,0.4470377763,0.2455696403,-0.000502351862,-1,0.01017219659,1.261415525e-05,False
2022-06-22,39,lightgbm,"{'num_leaves': 7, 'learning_rate': 0.03, 'min_child_samples': 60}",0,0.3077181189,0.3864987626,0.3057831185,-4.52645202e-05,0,0.003770132954,1.194634703e-05,False
2022-06-23,39,lightgbm,"{'num_leaves': 7, 'learning_rate': 0.03, 'min_child_samples': 60}",0,0.3199702336,0.4045191429,0.2755106235,-0.0003992825595,0,0.02275824026,1.224315068e-05,False
2022-06-24,39,lightgbm,"{'num_leaves': 7, 'learning_rate': 0.03, 'min_child_samples': 60}",0,0.2720836035,0.4845798635,0.243336533,-0.000166168795,0,-0.006290734011,1.283675799e-05,False
2022-06-27,39,lightgbm,"{'num_leaves': 7, 'learning_rate': 0.03, 'min_child_samples': 60}",0,0.277044727,0.50425953,0.2186957429,-0.0004041871563,0,-0.02454966747,1.328196347e-05,False
2022-06-28,39,lightgbm,"{'num_leaves': 7, 'learning_rate': 0.03, 'min_child_samples': 60}",0,0.2727889602,0.4792588691,0.2479521708,-0.0001379381895,0,-0.002334587202,1.328196347e-05,False
2022-06-29,39,lightgbm,"{'num_leaves': 7, 'learning_rate': 0.03, 'min_child_samples': 60}",0,0.3021367051,0.4671547289,0.230708566,-0.0005633843162,-1,0.002684482741,1.320776256e-05,False
2022-06-30,39,lightgbm,"{'num_leaves': 7, 'learning_rate': 0.03, 'min_child_samples': 60}",0,0.3343807787,0.4150734707,0.2505457506,-0.0007343171944,-1,0.0124282788,1.276255708e-05,False
2022-07-01,39,lightgbm,"{'num_leaves': 7, 'learning_rate': 0.03, 'min_child_samples': 60}",0,0.2921008478,0.4567265735,0.2511725787,-0.0003065270926,0,0.01617533912,1.283675799e-05,False
2022-07-05,39,lightgbm,"{'num_leaves': 7, 'learning_rate': 0.03, 'min_child_samples': 60}",0,0.267502669,0.438492796,0.294004535,0.0002670291941,0,0.002983472617,1.409817352e-05,False
2022-07-06,39,lightgbm,"{'num_leaves': 7, 'learning_rate': 0.03, 'min_child_samples': 60}",0,0.320618966,0.3603595916,0.3190214423,-7.312391475e-05,0,0.01004880321,1.409817352e-05,False
2022-07-07,39,lightgbm,"{'num_leaves': 7, 'learning_rate': 0.03, 'min_child_samples': 60}",0,0.3238199128,0.4136856622,0.262494425,-0.0005373089031,-1,0.003615111966,1.446917808e-05,False
2022-07-08,39,lightgbm,"{'num_leaves': 7, 'learning_rate': 0.03, 'min_child_samples': 60}",0,0.3028036551,0.4592613523,0.2379349926,-0.0005148094557,-1,-0.004198510014,1.469178082e-05,False
2022-07-11,39,lightgbm,"{'num_leaves': 7, 'learning_rate': 0.03, 'min_child_samples': 60}",0,0.3140900519,0.4288602088,0.2570497394,-0.0004815903215,-1,-0.007350468861,1.617579909e-05,False
2022-07-12,39,lightgbm,"{'num_leaves': 7, 'learning_rate': 0.03, 'min_child_samples': 60}",0,0.2545787693,0.5132151041,0.2322061266,-7.613245183e-05,0,0.00994396264,1.647260274e-05,False
2022-07-13,39,lightgbm,"{'num_leaves': 7, 'learning_rate': 0.03, 'min_child_samples': 60}",0,0.3075213167,0.4230292433,0.26944944,-0.0003210739,0,0.01150937742,1.773401826e-05,False
2022-07-14,39,lightgbm,"{'num_leaves': 7, 'learning_rate': 0.03, 'min_child_samples': 60}",0,0.2995045133,0.4424590898,0.2580363969,-0.0003281232385,0,0.00674426145,1.780821918e-05,False
2022-07-15,39,lightgbm,"{'num_leaves': 7, 'learning_rate': 0.03, 'min_child_samples': 60}",0,0.2599790935,0.4824810727,0.2575398338,6.352026232e-05,0,-0.0165559314,1.758561644e-05,False
2022-07-18,39,lightgbm,"{'num_leaves': 7, 'learning_rate': 0.03, 'min_child_samples': 60}",0,0.3040839312,0.4260321241,0.2698839447,-0.0002833620244,0,0.01603295357,1.855022831e-05,False
2022-07-19,39,lightgbm,"{'num_leaves': 7, 'learning_rate': 0.03, 'min_child_samples': 60}",0,0.2538916054,0.5297621559,0.2163462387,-0.0001905096387,0,0.005860289438,1.869863014e-05,False
2022-07-20,39,lightgbm,"{'num_leaves': 7, 'learning_rate': 0.03, 'min_child_samples': 60}",0,0.25405457,0.4599097964,0.2860356336,0.0003406494776,0,0.01174651127,1.862442922e-05,False
2022-07-21,40,lightgbm,"{'num_leaves': 7, 'learning_rate': 0.03, 'min_child_samples': 60}",0,0.2447924802,0.4143192891,0.3408882307,0.0009041368499,1,-0.009600965087,1.840182648e-05,False
2022-07-22,40,lightgbm,"{'num_leaves': 7, 'learning_rate': 0.03, 'min_child_samples': 60}",0,0.2541352614,0.4811892638,0.2646754748,0.0002219678502,0,-0.0004548140425,1.84760274e-05,False
2022-07-25,40,lightgbm,"{'num_leaves': 7, 'learning_rate': 0.03, 'min_child_samples': 60}",0,0.2641719601,0.5032041016,0.2326239383,-0.0001265472474,0,-0.007490305174,1.944063927e-05,False
2022-07-26,40,lightgbm,"{'num_leaves': 7, 'learning_rate': 0.03, 'min_child_samples': 60}",0,0.2222242731,0.3716138901,0.4061618368,0.001635369592,1,0.01693889697,1.892123288e-05,False
2022-07-27,40,lightgbm,"{'num_leaves': 7, 'learning_rate': 0.03, 'min_child_samples': 60}",0,0.2471683859,0.399417087,0.3534145271,0.0009767901804,1,0.01040083722,1.810502283e-05,False
2022-07-28,40,lightgbm,"{'num_leaves': 7, 'learning_rate': 0.03, 'min_child_samples': 60}",0,0.2299753122,0.4775676326,0.2924570552,0.0006800514931,1,0.01081997089,1.7956621e-05,False
2022-07-29,40,lightgbm,"{'num_leaves': 7, 'learning_rate': 0.03, 'min_child_samples': 60}",0,0.2618494571,0.5010363762,0.2371141667,-6.847547982e-05,0,0.003959416263,1.788242009e-05,False
2022-08-01,40,lightgbm,"{'num_leaves': 7, 'learning_rate': 0.03, 'min_child_samples': 60}",0,0.2726467645,0.3346683168,0.3926849187,0.001022636188,1,-0.002590920727,1.899543379e-05,False
2022-08-02,40,lightgbm,"{'num_leaves': 7, 'learning_rate': 0.03, 'min_child_samples': 60}",0,0.2877898243,0.3726594883,0.3395506874,0.0004599668079,1,0.01011461009,1.899543379e-05,False
2022-08-03,40,lightgbm,"{'num_leaves': 7, 'learning_rate': 0.03, 'min_child_samples': 60}",0,0.2693582403,0.4295271825,0.3011145772,0.0003494527144,0,-0.00048261618,1.869863014e-05,False
2022-08-04,40,lightgbm,"{'num_leaves': 7, 'learning_rate': 0.03, 'min_child_samples': 60}",0,0.241975745,0.4093333921,0.3486908629,0.00099274711,1,0.009300389463,1.855022831e-05,False
2022-08-05,40,lightgbm,"{'num_leaves': 7, 'learning_rate': 0.03, 'min_child_samples': 60}",0,0.3309889606,0.36657239,0.3024386494,-0.0002622005975,0,-0.005442528006,1.914383562e-05,False
2022-08-08,40,lightgbm,"{'num_leaves': 7, 'learning_rate': 0.03, 'min_child_samples': 60}",0,0.2359802109,0.3534530789,0.4105667103,0.001530548051,1,-0.002110511595,1.966324201e-05,False
2022-08-09,40,lightgbm,"{'num_leaves': 7, 'learning_rate': 0.03, 'min_child_samples': 60}",0,0.2785637044,0.3153445931,0.4060917026,0.001066351732,1,0.002889325035,1.981164384e-05,False
2022-08-10,40,lightgbm,"{'num_leaves': 7, 'learning_rate': 0.03, 'min_child_samples': 60}",0,0.23401631,0.546423069,0.219560621,7.696042466e-05,0,-0.00709236634,1.966324201e-05,False
2022-08-11,40,lightgbm,"{'num_leaves': 7, 'learning_rate': 0.03, 'min_child_samples': 60}",0,0.196252945,0.5221988148,0.2815482402,0.0009361677376,1,0.01201338125,1.944063927e-05,False
2022-08-12,40,lightgbm,"{'num_leaves': 7, 'learning_rate': 0.03, 'min_child_samples': 60}",0,0.2533695613,0.4752898228,0.2713406159,0.0002811082268,0,0.009628731924,1.951484018e-05,False
2022-08-15,40,lightgbm,"{'num_leaves': 7, 'learning_rate': 0.03, 'min_child_samples': 60}",0,0.2735828822,0.4255608912,0.3008562266,0.0003048322848,0,0.004605712134,2.01826484e-05,False
2022-08-16,40,lightgbm,"{'num_leaves': 7, 'learning_rate': 0.03, 'min_child_samples': 60}",0,0.3208178241,0.4157355867,0.2634465891,-0.0004603529134,-1,0.001737433329,2.003424658e-05,False
2022-08-17,40,lightgbm,"{'num_leaves': 7, 'learning_rate': 0.03, 'min_child_samples': 60}",0,0.2557016796,0.4324621047,0.3118362156,0.0005699560728,1,0.00241303777,1.988584475e-05,False
2022-08-18,40,lightgbm,"{'num_leaves': 7, 'learning_rate': 0.03, 'min_child_samples': 60}",0,0.3133004739,0.3161309435,0.3705685827,0.0004418281802,1,-0.006682658597,2.010844749e-05,False
2022-08-19,41,lightgbm,"{'num_leaves': 7, 'learning_rate': 0.03, 'min_child_samples': 60}",0,0.271021998,0.3863998079,0.3425781942,0.000683024279,1,-0.008871794308,2.033105023e-05,False
2022-08-22,41,lightgbm,"{'num_leaves': 7, 'learning_rate': 0.03, 'min_child_samples': 60}",0,0.3364594155,0.3272924225,0.336248162,-2.505506821e-05,0,-0.001332012107,2.092465753e-05,False
2022-08-23,41,lightgbm,"{'num_leaves': 7, 'learning_rate': 0.03, 'min_child_samples': 60}",0,0.3828242549,0.312093039,0.3050827061,-0.0007332790529,-1,0.003785465528,2.077625571e-05,False
2022-08-24,41,lightgbm,"{'num_leaves': 7, 'learning_rate': 0.03, 'min_child_samples': 60}",0,0.3436778373,0.3126684291,0.3436537336,-4.043456702e-05,0,0.010283257,2.092465753e-05,False
2022-08-25,41,lightgbm,"{'num_leaves': 7, 'learning_rate': 0.03, 'min_child_samples': 60}",0,0.2763486637,0.4157688653,0.307882471,0.0003608071819,0,-0.03357260907,2.136986301e-05,False
2022-08-26,41,lightgbm,"{'num_leaves': 7, 'learning_rate': 0.03, 'min_child_samples': 60}",0,0.313412181,0.3296850807,0.3569027383,0.0003669547312,0,0.001069101588,2.144406393e-05,False
2022-08-29,41,lightgbm,"{'num_leaves': 7, 'learning_rate': 0.03, 'min_child_samples': 60}",0,0.3679658319,0.3480817232,0.2839524449,-0.0007471879947,-1,-0.01396561736,2.203767123e-05,False
2022-08-30,41,lightgbm,"{'num_leaves': 7, 'learning_rate': 0.03, 'min_child_samples': 60}",0,0.324938514,0.3345858011,0.3404756849,0.0001237063543,0,-0.01187707872,2.203767123e-05,False
2022-08-31,41,lightgbm,"{'num_leaves': 7, 'learning_rate': 0.03, 'min_child_samples': 60}",0,0.3090933983,0.3849740868,0.3059325149,1.59107268e-05,0,0.008984699667,2.196347032e-05,False
2022-09-01,41,lightgbm,"{'num_leaves': 7, 'learning_rate': 0.03, 'min_child_samples': 60}",0,0.3420905233,0.3312931985,0.3266162781,-0.0001563281729,0,-0.02008596128,2.203767123e-05,False
2022-09-02,41,lightgbm,"{'num_leaves': 7, 'learning_rate': 0.03, 'min_child_samples': 60}",0,0.2843117701,0.3349563943,0.3807318357,0.0008445045194,1,-0.006028527697,2.181506849e-05,False
2022-09-06,41,lightgbm,"{'num_leaves': 7, 'learning_rate': 0.03, 'min_child_samples': 60}",0,0.3003234319,0.3486891736,0.3509873944,0.0004529950563,1,0.01882541367,2.255707763e-05,False
2022-09-07,41,lightgbm,"{'num_leaves': 7, 'learning_rate': 0.03, 'min_child_samples': 60}",0,0.2891793187,0.3918597695,0.3189609118,0.0003173320679,0,0.01262042547,2.277968037e-05,False
2022-09-08,41,lightgbm,"{'num_leaves': 7, 'learning_rate': 0.03, 'min_child_samples': 60}",0,0.2776946401,0.4248569064,0.2974484535,0.0002664845704,0,0.009584386825,2.270547945e-05,False
2022-09-09,41,lightgbm,"{'num_leaves': 7, 'learning_rate': 0.03, 'min_child_samples': 60}",0,0.279194552,0.4544421919,0.2663632561,1.075805663e-05,0,0.005357410758,2.285388128e-05,False
2022-09-12,41,lightgbm,"{'num_leaves': 7, 'learning_rate': 0.03, 'min_child_samples': 60}",0,0.2658741913,0.5314203521,0.2027054567,-0.0003478327588,0,-0.02172555757,2.35216895e-05,False
2022-09-13,41,lightgbm,"{'num_leaves': 7, 'learning_rate': 0.03, 'min_child_samples': 60}",0,0.3197419914,0.3916227219,0.2886352867,-0.0002252328339,0,0.0003295683194,2.433789954e-05,False
2022-09-14,41,lightgbm,"{'num_leaves': 7, 'learning_rate': 0.03, 'min_child_samples': 60}",0,0.3431744571,0.3773370859,0.2794884569,-0.0005320452603,-1,-0.007227189409,2.404109589e-05,False
2022-09-15,41,lightgbm,"{'num_leaves': 7, 'learning_rate': 0.03, 'min_child_samples': 60}",0,0.2914452113,0.3914283144,0.3171264743,0.0002803104349,0,0.003696524244,2.389269406e-05,False
2022-09-16,41,lightgbm,"{'num_leaves': 7, 'learning_rate': 0.03, 'min_child_samples': 60}",0,0.3006116311,0.3837226244,0.3156657445,0.000176679943,0,0.01645471132,2.374429224e-05,False
2022-09-19,41,lightgbm,"{'num_leaves': 7, 'learning_rate': 0.03, 'min_child_samples': 60}",0,0.267826386,0.4546277865,0.2775458275,0.0002118177074,0,-0.002519091199,2.500570776e-05,False
2022-09-20,42,lightgbm,"{'num_leaves': 7, 'learning_rate': 0.03, 'min_child_samples': 60}",0,0.3059396459,0.4416692746,0.2523910795,-0.0003942513544,0,-0.02258416247,2.485730594e-05,False
2022-09-21,42,lightgbm,"{'num_leaves': 7, 'learning_rate': 0.03, 'min_child_samples': 60}",0,0.3036155536,0.4027360935,0.2936483529,-4.776608933e-05,0,-0.006266890105,2.456050228e-05,False
2022-09-22,42,lightgbm,"{'num_leaves': 7, 'learning_rate': 0.03, 'min_child_samples': 60}",0,0.293559811,0.4345107904,0.2719293985,-0.0001153222484,0,-0.007096914406,2.441210046e-05,False
2022-09-23,42,lightgbm,"{'num_leaves': 7, 'learning_rate': 0.03, 'min_child_samples': 60}",0,0.3374186573,0.3271798756,0.3354014671,-6.524253998e-05,0,-0.005731301406,2.404109589e-05,False
2022-09-26,42,lightgbm,"{'num_leaves': 7, 'learning_rate': 0.03, 'min_child_samples': 60}",0,0.3327937973,0.4127806141,0.2544255885,-0.000651756913,-1,-0.0126079677,2.515410959e-05,False
2022-09-27,42,lightgbm,"{'num_leaves': 7, 'learning_rate': 0.03, 'min_child_samples': 60}",0,0.366940924,0.3484938751,0.2845652009,-0.0007636071753,-1,0.01687796778,2.485730594e-05,False
2022-09-28,42,lightgbm,"{'num_leaves': 7, 'learning_rate': 0.03, 'min_child_samples': 60}",0,0.3347607685,0.3883340589,0.2769051726,-0.0004958905211,-1,-0.01095932218,2.52283105e-05,False
2022-09-29,42,lightgbm,"{'num_leaves': 7, 'learning_rate': 0.03, 'min_child_samples': 60}",0,0.3687074915,0.3579290195,0.273363489,-0.0008692430207,-1,-0.01276947289,2.493150685e-05,False
2022-09-30,42,lightgbm,"{'num_leaves': 7, 'learning_rate': 0.03, 'min_child_samples': 60}",0,0.3786538143,0.3665983946,0.2547477911,-0.001116175344,-1,0.01531516294,2.470890411e-05,False
2022-10-03,42,lightgbm,"{'num_leaves': 7, 'learning_rate': 0.03, 'min_child_samples': 60}",0,0.2820115683,0.3855264524,0.3324619792,0.0004759034748,1,0.01495705539,2.567351598e-05,False
2022-10-04,42,lightgbm,"{'num_leaves': 7, 'learning_rate': 0.03, 'min_child_samples': 60}",0,0.2204861158,0.4563167267,0.3231971574,0.001029852496,1,0.009909160915,2.559931507e-05,False
2022-10-05,42,lightgbm,"{'num_leaves': 7, 'learning_rate': 0.03, 'min_child_samples': 60}",0,0.301229744,0.5129096537,0.1858606023,-0.0008668703357,-1,-0.006442635947,2.567351598e-05,False
2022-10-06,42,lightgbm,"{'num_leaves': 7, 'learning_rate': 0.03, 'min_child_samples': 60}",0,0.3097868263,0.45363943,0.2365737437,-0.0005571870937,-1,-0.01674930934,2.567351598e-05,False
2022-10-07,42,lightgbm,"{'num_leaves': 7, 'learning_rate': 0.03, 'min_child_samples': 60}",0,0.26873143,0.4672437889,0.2640247812,7.562597393e-05,0,-0.01082537231,2.559931507e-05,False
2022-10-10,42,lightgbm,"{'num_leaves': 7, 'learning_rate': 0.03, 'min_child_samples': 60}",0,0.287799415,0.4732659827,0.2389346023,-0.0003148419251,0,-0.00139571269,2.559931507e-05,False
2022-10-11,42,lightgbm,"{'num_leaves': 7, 'learning_rate': 0.03, 'min_child_samples': 60}",0,0.2976345875,0.4425011362,0.2598642762,-0.0002512157606,0,-0.004495116474,2.723173516e-05,False
2022-10-12,42,lightgbm,"{'num_leaves': 7, 'learning_rate': 0.03, 'min_child_samples': 60}",0,0.3135911325,0.4245146867,0.2618941808,-0.0003977996172,0,0.04799407297,2.74543379e-05,False
2022-10-13,42,lightgbm,"{'num_leaves': 7, 'learning_rate': 0.03, 'min_child_samples': 60}",0,0.3291076283,0.4036224776,0.2672698942,-0.0005137233424,-1,-0.02962958427,2.812214612e-05,False
2022-10-14,42,lightgbm,"{'num_leaves': 7, 'learning_rate': 0.03, 'min_child_samples': 60}",0,0.2711805364,0.3963766023,0.3324428613,0.0005860337615,1,0.007719561208,2.827054795e-05,False
2022-10-17,42,lightgbm,"{'num_leaves': 7, 'learning_rate': 0.03, 'min_child_samples': 60}",0,0.2839070861,0.4656417129,0.2504512009,-0.0001850980453,0,-0.01066297028,2.945776256e-05,False
2022-10-18,42,lightgbm,"{'num_leaves': 7, 'learning_rate': 0.03, 'min_child_samples': 60}",0,0.2475463113,0.5265372322,0.2259164565,-6.852904679e-06,0,-0.001327923029,2.997716895e-05,False
2022-10-19,43,lightgbm,"{'num_leaves': 7, 'learning_rate': 0.03, 'min_child_samples': 60}",0,0.410197861,0.3692515103,0.2205506287,-0.001751890028,-1,-0.007118971557,3.019977169e-05,False
2022-10-20,43,lightgbm,"{'num_leaves': 7, 'learning_rate': 0.03, 'min_child_samples': 60}",0,0.319115389,0.4500860418,0.2307985692,-0.0007339149481,-1,0.02511506785,3.034817352e-05,False
2022-10-21,43,lightgbm,"{'num_leaves': 7, 'learning_rate': 0.03, 'min_child_samples': 60}",0,0.2762766494,0.4496467057,0.2740766449,5.26475366e-05,0,0.007927798961,3.034817352e-05,False
2022-10-24,43,lightgbm,"{'num_leaves': 7, 'learning_rate': 0.03, 'min_child_samples': 60}",0,0.2553118029,0.4629999779,0.2816882192,0.0003289968965,0,0.01618312179,3.086757991e-05,False
2022-10-25,43,lightgbm,"{'num_leaves': 7, 'learning_rate': 0.03, 'min_child_samples': 60}",0,0.3338960052,0.4349114608,0.2311925341,-0.0008826473109,-1,0.00104814712,3.071917808e-05,False
2022-10-26,43,lightgbm,"{'num_leaves': 7, 'learning_rate': 0.03, 'min_child_samples': 60}",0,0.3112021168,0.4245036534,0.2642942299,-0.0003845339687,0,-0.00806640128,3.049657534e-05,False
2022-10-27,43,lightgbm,"{'num_leaves': 7, 'learning_rate': 0.03, 'min_child_samples': 60}",0,0.2546607309,0.3495353372,0.3958039319,0.001248950633,1,0.02408717199,3.064497717e-05,False
2022-10-28,43,lightgbm,"{'num_leaves': 7, 'learning_rate': 0.03, 'min_child_samples': 60}",0,0.3101666075,0.4215946834,0.2682387091,-0.0003423255963,0,-0.0005952049372,3.101598174e-05,False
2022-10-31,43,lightgbm,"{'num_leaves': 7, 'learning_rate': 0.03, 'min_child_samples': 60}",0,0.296825268,0.4432070559,0.2599676761,-0.0002714230566,0,-0.01440515072,3.131278539e-05,False
2022-11-01,43,lightgbm,"{'num_leaves': 7, 'learning_rate': 0.03, 'min_child_samples': 60}",0,0.2930309584,0.427739061,0.2792299806,-7.827739767e-05,0,-0.02352174758,3.13869863e-05,False
2022-11-02,43,lightgbm,"{'num_leaves': 7, 'learning_rate': 0.03, 'min_child_samples': 60}",0,0.2840092842,0.4237936396,0.2921970762,0.0001182042355,0,-0.001238300448,3.131278539e-05,False
2022-11-03,43,lightgbm,"{'num_leaves': 7, 'learning_rate': 0.03, 'min_child_samples': 60}",0,0.3232053595,0.3772472638,0.2995473767,-0.0002257495162,0,-0.001724121818,3.153538813e-05,False
2022-11-04,43,lightgbm,"{'num_leaves': 7, 'learning_rate': 0.03, 'min_child_samples': 60}",0,0.3146378685,0.3669307506,0.3184313809,1.341771555e-05,0,0.005930531086,3.123858447e-05,False
2022-11-07,43,lightgbm,"{'num_leaves': 7, 'learning_rate': 0.03, 'min_child_samples': 60}",0,0.3263048526,0.4000728939,0.2736222535,-0.0004650775216,-1,0.002335322191,3.183219178e-05,False
2022-11-08,43,lightgbm,"{'num_leaves': 7, 'learning_rate': 0.03, 'min_child_samples': 60}",0,0.354068117,0.3848590393,0.2610728437,-0.0008508045496,-1,-0.0152659383,3.175799087e-05,False
2022-11-09,43,lightgbm,"{'num_leaves': 7, 'learning_rate': 0.03, 'min_child_samples': 60}",0,0.2716811748,0.3901070834,0.3382117418,0.0006131410525,1,0.01711123531,3.183219178e-05,False
2022-11-10,43,lightgbm,"{'num_leaves': 7, 'learning_rate': 0.03, 'min_child_samples': 60}",0,0.2863041071,0.3383042304,0.3753916624,0.0007604255304,1,0.007381413776,3.175799087e-05,False
2022-11-11,43,lightgbm,"{'num_leaves': 7, 'learning_rate': 0.03, 'min_child_samples': 60}",0,0.2560948651,0.3900904402,0.3538146948,0.0008981753749,1,-0.003882439722,3.175799087e-05,False
2022-11-14,43,lightgbm,"{'num_leaves': 7, 'learning_rate': 0.03, 'min_child_samples': 60}",0,0.2874030032,0.2848922527,0.4277047441,0.001167792735,1,-0.006630945171,3.220319635e-05,False
2022-11-15,43,lightgbm,"{'num_leaves': 7, 'learning_rate': 0.03, 'min_child_samples': 60}",0,0.241896901,0.3273899918,0.4307131072,0.001659488124,1,-0.003351949799,3.198059361e-05,False
2022-11-16,43,lightgbm,"{'num_leaves': 7, 'learning_rate': 0.03, 'min_child_samples': 60}",0,0.2756578528,0.2884032733,0.4359388739,0.00135438301,1,0.009680886407,3.205479452e-05,False
2022-11-17,44,lightgbm,"{'num_leaves': 7, 'learning_rate': 0.03, 'min_child_samples': 60}",0,0.3636132984,0.3612406621,0.2751460395,-0.0008230744285,-1,-0.004299269704,3.205479452e-05,False
2022-11-18,44,lightgbm,"{'num_leaves': 7, 'learning_rate': 0.03, 'min_child_samples': 60}",0,0.311836081,0.3771490781,0.3110148409,1.538729708e-06,0,-0.0001267441673,3.220319635e-05,False
2022-11-21,44,lightgbm,"{'num_leaves': 7, 'learning_rate': 0.03, 'min_child_samples': 60}",0,0.2953779394,0.3955969642,0.3090250965,0.0001550861554,0,0.008244431675,3.272260274e-05,False
2022-11-22,44,lightgbm,"{'num_leaves': 7, 'learning_rate': 0.03, 'min_child_samples': 60}",0,0.3455440979,0.4331747348,0.2212811672,-0.001073491104,-1,0.007183145279,3.264840183e-05,False
2022-11-23,44,lightgbm,"{'num_leaves': 7, 'learning_rate': 0.03, 'min_child_samples': 60}",0,0.3161285397,0.356152961,0.3277184993,9.270825834e-05,0,0.001244307169,1.757990868e-05,False
2022-11-25,44,lightgbm,"{'num_leaves': 7, 'learning_rate': 0.03, 'min_child_samples': 60}",0,0.2706850873,0.439647818,0.2896670947,0.0002527194493,0,-0.007968109211,3.272260274e-05,False
2022-11-28,44,lightgbm,"{'num_leaves': 7, 'learning_rate': 0.03, 'min_child_samples': 60}",0,0.2593836162,0.3784006922,0.3622156916,0.0009574169481,1,-0.002070387145,3.272260274e-05,False
2022-11-29,44,lightgbm,"{'num_leaves': 7, 'learning_rate': 0.03, 'min_child_samples': 60}",0,0.2849914214,0.3544835542,0.3605250244,0.0006797002259,1,0.0308225309,3.25e-05,False
2022-11-30,44,lightgbm,"{'num_leaves': 7, 'learning_rate': 0.03, 'min_child_samples': 60}",0,0.354541595,0.3889694859,0.2564889191,-0.0008808087425,-1,-0.003400406657,3.242579909e-05,False
2022-12-01,44,lightgbm,"{'num_leaves': 7, 'learning_rate': 0.03, 'min_child_samples': 60}",0,0.2494276858,0.4885949179,0.2619773963,0.0002473855443,0,0.01158484432,3.212899543e-05,False
2022-12-02,44,lightgbm,"{'num_leaves': 7, 'learning_rate': 0.03, 'min_child_samples': 60}",0,0.2722309003,0.4783959865,0.2493731132,-8.989790125e-05,0,-0.01079345407,3.220319635e-05,False
2022-12-05,44,lightgbm,"{'num_leaves': 7, 'learning_rate': 0.03, 'min_child_samples': 60}",0,0.2924835666,0.3867002471,0.3208161863,0.0002805217541,0,-0.01399536002,3.235159817e-05,False
2022-12-06,44,lightgbm,"{'num_leaves': 7, 'learning_rate': 0.03, 'min_child_samples': 60}",0,0.2042639879,0.3400852452,0.4556507669,0.002283203722,1,0.0005598849445,3.242579909e-05,False
2022-12-07,44,lightgbm,"{'num_leaves': 7, 'learning_rate': 0.03, 'min_child_samples': 60}",0,0.252188591,0.3041683374,0.4436430716,0.00169176213,1,0.002783761526,3.183219178e-05,False
2022-12-08,44,lightgbm,"{'num_leaves': 7, 'learning_rate': 0.03, 'min_child_samples': 60}",0,0.30902665,0.3517774828,0.3391958672,0.0002589787771,0,-0.004203179425,3.175799087e-05,False
2022-12-09,44,lightgbm,"{'num_leaves': 7, 'learning_rate': 0.03, 'min_child_samples': 60}",0,0.2780411598,0.4240805191,0.2978783212,0.0002434521703,0,0.01228090384,3.198059361e-05,False
2022-12-12,44,lightgbm,"{'num_leaves': 7, 'learning_rate': 0.03, 'min_child_samples': 60}",0,0.2571899658,0.4726084014,0.2702016327,0.0002340358493,0,-0.02011115989,3.25e-05,False
2022-12-13,44,lightgbm,"{'num_leaves': 7, 'learning_rate': 0.03, 'min_child_samples': 60}",0,0.2829920068,0.4350840988,0.2819238944,6.306091883e-05,0,-0.005502830013,3.227739726e-05,False
2022-12-14,44,lightgbm,"{'num_leaves': 7, 'learning_rate': 0.03, 'min_child_samples': 60}",0,0.2417705715,0.4097864915,0.348442937,0.001027341254,1,-0.01184373073,3.212899543e-05,False
2022-12-15,44,lightgbm,"{'num_leaves': 7, 'learning_rate': 0.03, 'min_child_samples': 60}",0,0.2634755966,0.3713648272,0.3651595762,0.000939097024,1,-0.004958730331,3.220319635e-05,False
2022-12-16,44,lightgbm,"{'num_leaves': 7, 'learning_rate': 0.03, 'min_child_samples': 60}",0,0.3032851229,0.3776655122,0.3190493649,0.0001548361668,0,-0.008996824145,3.198059361e-05,False
2022-12-19,45,lightgbm,"{'num_leaves': 7, 'learning_rate': 0.03, 'min_child_samples': 60}",0,0.3003501539,0.4213560168,0.2782938293,-0.0001562219404,0,0.003454361756,3.242579909e-05,False
2022-12-20,45,lightgbm,"{'num_leaves': 7, 'learning_rate': 0.03, 'min_child_samples': 60}",0,0.2720026848,0.4388313245,0.2891659907,0.0002251267151,0,0.007775632046,3.227739726e-05,False
2022-12-21,45,lightgbm,"{'num_leaves': 7, 'learning_rate': 0.03, 'min_child_samples': 60}",0,0.3389385197,0.3987600311,0.2623014492,-0.0006850972708,-1,-0.006082721957,3.212899543e-05,False
2022-12-22,45,lightgbm,"{'num_leaves': 7, 'learning_rate': 0.03, 'min_child_samples': 60}",0,0.3035888059,0.4099543931,0.286456801,-0.0001228193162,0,0.0085868822,3.227739726e-05,False
2022-12-23,45,lightgbm,"{'num_leaves': 7, 'learning_rate': 0.03, 'min_child_samples': 60}",0,0.3243079561,0.4058569947,0.2698350491,-0.0004725452393,-1,-0.003631271908,3.220319635e-05,False
2022-12-27,45,lightgbm,"{'num_leaves': 7, 'learning_rate': 0.03, 'min_child_samples': 60}",0,0.3050235401,0.4082105905,0.2867658694,-0.000135087522,0,-0.01224656621,3.309360731e-05,False
2022-12-28,45,lightgbm,"{'num_leaves': 7, 'learning_rate': 0.03, 'min_child_samples': 60}",0,0.2712465669,0.4318972008,0.2968562323,0.000295861932,0,0.01003608106,3.309360731e-05,False
2022-12-29,45,lightgbm,"{'num_leaves': 7, 'learning_rate': 0.03, 'min_child_samples': 60}",0,0.3390096177,0.3941735724,0.2668168099,-0.000648876967,-1,0.004702548323,3.301940639e-05,False
2022-12-30,45,lightgbm,"{'num_leaves': 7, 'learning_rate': 0.03, 'min_child_samples': 60}",0,0.30073243,0.4146107507,0.2846568193,-0.0001080901265,0,-0.009235860889,3.279680365e-05,False
2023-01-03,45,lightgbm,"{'num_leaves': 7, 'learning_rate': 0.03, 'min_child_samples': 60}",0,0.2870046028,0.4407765652,0.272218832,-6.829573187e-05,0,0.001513693488,3.36130137e-05,False
2023-01-04,45,lightgbm,"{'num_leaves': 7, 'learning_rate': 0.03, 'min_child_samples': 60}",0,0.3114564993,0.4146139674,0.2739295332,-0.0003064882603,0,-0.006130138366,3.376141553e-05,False
2023-01-05,45,lightgbm,"{'num_leaves': 7, 'learning_rate': 0.03, 'min_child_samples': 60}",0,0.2845971167,0.4377781575,0.2776247258,7.763840284e-07,0,0.01429654586,3.457762557e-05,False
2023-01-06,45,lightgbm,"{'num_leaves': 7, 'learning_rate': 0.03, 'min_child_samples': 60}",0,0.2562622236,0.4293339035,0.3144038728,0.0005940174431,1,-0.006429822583,3.465182648e-05,False
2023-01-09,45,lightgbm,"{'num_leaves': 7, 'learning_rate': 0.03, 'min_child_samples': 60}",0,0.2543247118,0.4329580184,0.3127172698,0.000600197508,1,0.008599061448,3.487442922e-05,False
2023-01-10,45,lightgbm,"{'num_leaves': 7, 'learning_rate': 0.03, 'min_child_samples': 60}",0,0.2976341026,0.4440842175,0.2582816799,-0.0002919879524,0,0.008387879512,3.509703196e-05,False
2023-01-11,45,lightgbm,"{'num_leaves': 7, 'learning_rate': 0.03, 'min_child_samples': 60}",0,0.2609321696,0.4731292949,0.2659385355,0.0001492132974,0,0.0007310308411,3.502283105e-05,False
2023-01-12,45,lightgbm,"{'num_leaves': 7, 'learning_rate': 0.03, 'min_child_samples': 60}",0,0.2371001085,0.4481402759,0.3147596156,0.0007945637571,1,0.01239775671,3.457762557e-05,False
2023-01-13,45,lightgbm,"{'num_leaves': 7, 'learning_rate': 0.03, 'min_child_samples': 60}",0,0.2919542175,0.4356469574,0.2723988251,-0.0001178721896,0,-0.001781825789,3.465182648e-05,False
2023-01-17,45,lightgbm,"{'num_leaves': 7, 'learning_rate': 0.03, 'min_child_samples': 60}",0,0.3037866541,0.4263729071,0.2698404387,-0.0002608477758,0,-0.01884669392,3.494863014e-05,False
2023-01-18,45,lightgbm,"{'num_leaves': 7, 'learning_rate': 0.03, 'min_child_samples': 60}",0,0.2582471554,0.4131723247,0.3285805198,0.0006895664995,1,-0.001849113387,3.480022831e-05,False
2023-01-19,45,lightgbm,"{'num_leaves': 7, 'learning_rate': 0.03, 'min_child_samples': 60}",0,0.2845316176,0.4154651203,0.3000032622,0.0001845973029,0,0.01481671047,3.494863014e-05,False
2023-01-20,46,lightgbm,"{'num_leaves': 7, 'learning_rate': 0.03, 'min_child_samples': 60}",0,0.3196002962,0.409853718,0.2705459857,-0.0004058789279,0,0.009855827095,3.502283105e-05,False
2023-01-23,46,lightgbm,"{'num_leaves': 7, 'learning_rate': 0.03, 'min_child_samples': 60}",0,0.3049854596,0.4271963936,0.2678181468,-0.0002772493975,0,0.003309284508,3.509703196e-05,False
2023-01-24,46,lightgbm,"{'num_leaves': 7, 'learning_rate': 0.03, 'min_child_samples': 60}",0,0.3295917589,0.407159813,0.2632484281,-0.0005690834844,-1,0.01111249863,3.502283105e-05,False
2023-01-25,46,lightgbm,"{'num_leaves': 7, 'learning_rate': 0.03, 'min_child_samples': 60}",0,0.3307466901,0.4062082728,0.2630450372,-0.0005826899836,-1,0.004018542635,3.502283105e-05,False
2023-01-26,46,lightgbm,"{'num_leaves': 7, 'learning_rate': 0.03, 'min_child_samples': 60}",0,0.290426617,0.4324353963,0.2771379867,-5.023055549e-05,0,0.00500418419,3.494863014e-05,False
2023-01-27,46,lightgbm,"{'num_leaves': 7, 'learning_rate': 0.03, 'min_child_samples': 60}",0,0.314466082,0.4148939796,0.2706399384,-0.0003520472961,0,-0.005486572895,3.509703196e-05,False
2023-01-30,46,lightgbm,"{'num_leaves': 7, 'learning_rate': 0.03, 'min_child_samples': 60}",0,0.2905146205,0.4398915041,0.2695938755,-0.0001131125916,0,0.01333733721,3.502283105e-05,False
2023-01-31,46,lightgbm,"{'num_leaves': 7, 'learning_rate': 0.03, 'min_child_samples': 60}",0,0.2944059799,0.4273220693,0.2782719508,-8.204034802e-05,0,0.01379530739,3.487442922e-05,False
2023-02-01,46,lightgbm,"{'num_leaves': 7, 'learning_rate': 0.03, 'min_child_samples': 60}",0,0.2981601939,0.4280186545,0.2738211515,-0.000157400445,0,0.004628099822,3.457762557e-05,False
2023-02-02,46,lightgbm,"{'num_leaves': 7, 'learning_rate': 0.03, 'min_child_samples': 60}",0,0.3127251868,0.4194923095,0.2677825037,-0.000357528861,0,0.001846521452,3.457762557e-05,False
2023-02-03,46,lightgbm,"{'num_leaves': 7, 'learning_rate': 0.03, 'min_child_samples': 60}",0,0.3078453146,0.4180952985,0.2740593869,-0.0002555348653,0,9.755724048e-05,3.487442922e-05,False
2023-02-06,46,lightgbm,"{'num_leaves': 7, 'learning_rate': 0.03, 'min_child_samples': 60}",0,0.316038397,0.4211612897,0.2628003133,-0.0004326965938,0,0.0154572538,3.494863014e-05,False
2023-02-07,46,lightgbm,"{'num_leaves': 7, 'learning_rate': 0.03, 'min_child_samples': 60}",0,0.2970392915,0.4236614757,0.2792992328,-0.0001008156552,0,-0.006002979513,3.494863014e-05,False
2023-02-08,46,lightgbm,"{'num_leaves': 7, 'learning_rate': 0.03, 'min_child_samples': 60}",0,0.3108447885,0.4163283942,0.2728268173,-0.0002966582855,0,-0.01766368399,3.502283105e-05,False
2023-02-09,46,lightgbm,"{'num_leaves': 7, 'learning_rate': 0.03, 'min_child_samples': 60}",0,0.3163567843,0.4104606663,0.2731825495,-0.0003507000998,0,0.005371367621,3.539383562e-05,False
2023-02-10,46,lightgbm,"{'num_leaves': 7, 'learning_rate': 0.03, 'min_child_samples': 60}",0,0.3273551273,0.4103805146,0.2622643581,-0.0005540527176,-1,0.01005574804,3.554223744e-05,False
2023-02-13,46,lightgbm,"{'num_leaves': 7, 'learning_rate': 0.03, 'min_child_samples': 60}",0,0.3226378479,0.4206614341,0.256700718,-0.0005510053125,-1,0.003404397671,3.569063927e-05,False
2023-02-14,46,lightgbm,"{'num_leaves': 7, 'learning_rate': 0.03, 'min_child_samples': 60}",0,0.3281043097,0.4039155317,0.2679801586,-0.0005148416396,-1,0.008846118659,3.561643836e-05,False
2023-02-15,46,lightgbm,"{'num_leaves': 7, 'learning_rate': 0.03, 'min_child_samples': 60}",0,0.3098489879,0.4228173306,0.2673336815,-0.0003314915522,0,-0.001247608017,3.554223744e-05,False
2023-02-16,46,lightgbm,"{'num_leaves': 7, 'learning_rate': 0.03, 'min_child_samples': 60}",0,0.3303002143,0.3987223163,0.2709774694,-0.0005129133559,-1,0.002955258428,3.591324201e-05,False
2023-02-17,46,lightgbm,"{'num_leaves': 7, 'learning_rate': 0.03, 'min_child_samples': 60}",0,0.344366695,0.3903688698,0.2652644351,-0.0007052150538,-1,-0.009849653264,3.591324201e-05,False
2023-02-21,47,lightgbm,"{'num_leaves': 7, 'learning_rate': 0.03, 'min_child_samples': 60}",0,0.3347798162,0.4080980177,0.2571221661,-0.0006402833948,-1,-0.002452894556,3.606164384e-05,False
2023-02-22,47,lightgbm,"{'num_leaves': 7, 'learning_rate': 0.03, 'min_child_samples': 60}",0,0.306645515,0.4153515185,0.2780029665,-0.0001766303191,0,-0.002241243712,3.591324201e-05,False
2023-02-23,47,lightgbm,"{'num_leaves': 7, 'learning_rate': 0.03, 'min_child_samples': 60}",0,0.324093773,0.4029268709,0.2729793561,-0.0003988400413,0,0.002427776684,3.591324201e-05,False
2023-02-24,47,lightgbm,"{'num_leaves': 7, 'learning_rate': 0.03, 'min_child_samples': 60}",0,0.3475606703,0.3942823027,0.258157027,-0.00076418806,-1,-0.005351699676,3.606164384e-05,False
2023-02-27,47,lightgbm,"{'num_leaves': 7, 'learning_rate': 0.03, 'min_child_samples': 60}",0,0.321120723,0.4153369163,0.2635423607,-0.0004458246448,-1,-0.00244191324,3.628424658e-05,False
2023-02-28,47,lightgbm,"{'num_leaves': 7, 'learning_rate': 0.03, 'min_child_samples': 60}",0,0.2906599314,0.4238947811,0.2854452875,5.036116166e-05,0,-0.001694477514,3.621004566e-05,False
2023-03-01,47,lightgbm,"{'num_leaves': 7, 'learning_rate': 0.03, 'min_child_samples': 60}",0,0.3302553658,0.4058340344,0.2639105998,-0.0005374423716,-1,0.01306408521,3.635844749e-05,False
2023-03-02,47,lightgbm,"{'num_leaves': 7, 'learning_rate': 0.03, 'min_child_samples': 60}",0,0.3287905941,0.4041293691,0.2670800368,-0.0004961379908,-1,0.01120815352,3.64326484e-05,False
2023-03-03,47,lightgbm,"{'num_leaves': 7, 'learning_rate': 0.03, 'min_child_samples': 60}",0,0.2865719191,0.4241360152,0.2892920657,0.0001244310556,0,-0.001431888902,3.64326484e-05,False
2023-03-06,47,lightgbm,"{'num_leaves': 7, 'learning_rate': 0.03, 'min_child_samples': 60}",0,0.2576447181,0.4318030206,0.3105522613,0.0005994276053,1,-0.01520702294,3.658105023e-05,False
2023-03-07,47,lightgbm,"{'num_leaves': 7, 'learning_rate': 0.03, 'min_child_samples': 60}",0,0.2601566942,0.4361994782,0.3036438276,0.0005164506624,1,0.001330351589,3.739726027e-05,False
2023-03-08,47,lightgbm,"{'num_leaves': 7, 'learning_rate': 0.03, 'min_child_samples': 60}",0,0.2972279359,0.4158070626,0.2869650016,-5.169171078e-06,0,-0.02046328335,3.75456621e-05,False
2023-03-09,47,lightgbm,"{'num_leaves': 7, 'learning_rate': 0.03, 'min_child_samples': 60}",0,0.2928228776,0.4319318261,0.2752452963,-5.613220975e-05,0,-0.01299262577,3.747146119e-05,False
2023-03-10,47,lightgbm,"{'num_leaves': 7, 'learning_rate': 0.03, 'min_child_samples': 60}",0,0.2964132881,0.4092662801,0.2943204318,6.390474475e-05,0,0.009297786367,3.717465753e-05,False
2023-03-13,47,lightgbm,"{'num_leaves': 7, 'learning_rate': 0.03, 'min_child_samples': 60}",0,0.3158405241,0.4008438668,0.2833156091,-0.0002281156874,0,0.003149836166,3.613584475e-05,False
2023-03-14,47,lightgbm,"{'num_leaves': 7, 'learning_rate': 0.03, 'min_child_samples': 60}",0,0.2713707752,0.4204976317,0.3081315931,0.0004372440069,1,0.008784845498,3.621004566e-05,False
2023-03-15,47,lightgbm,"{'num_leaves': 7, 'learning_rate': 0.03, 'min_child_samples': 60}",0,0.3118139523,0.4038222446,0.2843638031,-0.0001777518242,0,0.02401628112,3.524543379e-05,False
2023-03-16,47,lightgbm,"{'num_leaves': 7, 'learning_rate': 0.03, 'min_child_samples': 60}",0,0.2504241119,0.4419662671,0.307609621,0.0006499906859,1,-0.008214259156,3.517123288e-05,False
2023-03-17,47,lightgbm,"{'num_leaves': 7, 'learning_rate': 0.03, 'min_child_samples': 60}",0,0.2367703501,0.4347179307,0.3285117192,0.0009637719105,1,0.007523036061,3.353881279e-05,False
2023-03-20,47,lightgbm,"{'num_leaves': 7, 'learning_rate': 0.03, 'min_child_samples': 60}",0,0.2707862637,0.4417969318,0.2874168045,0.0002725438685,0,0.00420404171,3.569063927e-05,False
2023-03-21,47,lightgbm,"{'num_leaves': 7, 'learning_rate': 0.03, 'min_child_samples': 60}",0,0.2798093241,0.4433235341,0.2768671418,9.208353921e-05,0,-0.01660277751,3.546803653e-05,False
2023-03-22,48,random_forest,"{'max_depth': 5, 'min_samples_leaf': 20}",0,0.2919072994,0.4286379669,0.2794547337,-1.586568173e-05,0,-0.004859608878,3.554223744e-05,False
2023-03-23,48,random_forest,"{'max_depth': 5, 'min_samples_leaf': 20}",0,0.2855872897,0.4306466997,0.2837660106,8.568408193e-05,0,0.009978572192,3.509703196e-05,False
2023-03-24,48,random_forest,"{'max_depth': 5, 'min_samples_leaf': 20}",0,0.2823880642,0.4609387494,0.2566731864,-0.0001061117158,0,-0.004094255361,3.517123288e-05,False
2023-03-27,48,random_forest,"{'max_depth': 5, 'min_samples_leaf': 20}",0,0.2961248316,0.4643411766,0.2395339918,-0.0003913696141,0,-0.0004294991323,3.64326484e-05,False
2023-03-28,48,random_forest,"{'max_depth': 5, 'min_samples_leaf': 20}",0,0.304080333,0.447978771,0.247940896,-0.0004042750995,0,0.003550654875,3.561643836e-05,False
2023-03-29,48,random_forest,"{'max_depth': 5, 'min_samples_leaf': 20}",0,0.2725762207,0.4949334467,0.2324903326,-0.0002049555477,0,-0.0009650922875,3.561643836e-05,False
2023-03-30,48,random_forest,"{'max_depth': 5, 'min_samples_leaf': 20}",0,0.2725960251,0.4941052479,0.233298727,-0.0001984458791,0,0.01168885214,3.687785388e-05,False
2023-03-31,48,random_forest,"{'max_depth': 5, 'min_samples_leaf': 20}",0,0.2597119957,0.4833159355,0.2569720688,0.0001322244709,0,0.005136372917,3.598744292e-05,False
2023-04-03,48,random_forest,"{'max_depth': 5, 'min_samples_leaf': 20}",0,0.2629313446,0.4734979404,0.2635707149,0.0001535576773,0,-0.007166759777,3.635844749e-05,False
2023-04-04,48,random_forest,"{'max_depth': 5, 'min_samples_leaf': 20}",0,0.2732793175,0.4384888935,0.288231789,0.0002507980061,0,-0.0007599655469,3.621004566e-05,False
2023-04-05,48,random_forest,"{'max_depth': 5, 'min_samples_leaf': 20}",0,0.2784153375,0.4306193909,0.2909652716,0.0002200865111,0,0.005949341137,3.606164384e-05,False
2023-04-06,48,random_forest,"{'max_depth': 5, 'min_samples_leaf': 20}",0,0.2755395292,0.4406409452,0.2838195256,0.0001906351718,0,0.007378077711,3.64326484e-05,False
2023-04-10,48,random_forest,"{'max_depth': 5, 'min_samples_leaf': 20}",0,0.2858107684,0.448522142,0.2656670896,-6.699524932e-05,0,-0.001316259396,3.769406393e-05,False
2023-04-11,48,random_forest,"{'max_depth': 5, 'min_samples_leaf': 20}",0,0.286626764,0.4427594423,0.2706137937,-3.438816311e-05,0,-0.009274789024,3.739726027e-05,False
2023-04-12,48,random_forest,"{'max_depth': 5, 'min_samples_leaf': 20}",0,0.303167422,0.4208182647,0.2760143133,-0.0001615628902,0,0.01048440466,3.724885845e-05,False
2023-04-13,48,random_forest,"{'max_depth': 5, 'min_samples_leaf': 20}",0,0.2758749373,0.4636927474,0.2604323153,-7.140257043e-06,0,-0.000847862592,3.784246575e-05,False
2023-04-14,48,random_forest,"{'max_depth': 5, 'min_samples_leaf': 20}",0,0.2884306997,0.4434247168,0.2681445836,-7.366356511e-05,0,0.003807278085,3.813926941e-05,False
2023-04-17,48,random_forest,"{'max_depth': 5, 'min_samples_leaf': 20}",0,0.2893879855,0.4483014513,0.2623105632,-0.0001320857998,0,-0.003296585822,3.86586758e-05,False
2023-04-18,48,random_forest,"{'max_depth': 5, 'min_samples_leaf': 20}",0,0.2889000638,0.4430583957,0.2680415405,-7.940142979e-05,0,0.004657739827,3.858447489e-05,False
2023-04-19,48,random_forest,"{'max_depth': 5, 'min_samples_leaf': 20}",0,0.2932790941,0.4396148593,0.2671060466,-0.0001327191402,0,0.001629370595,3.828767123e-05,False
2023-04-20,48,random_forest,"{'max_depth': 5, 'min_samples_leaf': 20}",0,0.306668825,0.4162989984,0.2770321766,-0.0001895251048,0,2.428433527e-05,3.799086758e-05,False
2023-04-21,49,random_forest,"{'max_depth': 5, 'min_samples_leaf': 20}",0,0.2952282432,0.4307538746,0.2740178822,-7.996470099e-05,0,0.001553471369,3.813926941e-05,False
2023-04-24,49,random_forest,"{'max_depth': 5, 'min_samples_leaf': 20}",0,0.3000311634,0.4240300515,0.2759387851,-0.0001138193057,0,-0.01096010551,3.858447489e-05,False
2023-04-25,49,random_forest,"{'max_depth': 5, 'min_samples_leaf': 20}",0,0.2919971257,0.3921635962,0.3158392781,0.0003002318529,0,-0.005802556821,3.799086758e-05,False
2023-04-26,49,random_forest,"{'max_depth': 5, 'min_samples_leaf': 20}",0,0.2924278564,0.3963234213,0.3112487223,0.0002577109378,0,0.01329239232,3.828767123e-05,False
2023-04-27,49,random_forest,"{'max_depth': 5, 'min_samples_leaf': 20}",0,0.307378035,0.4142389195,0.2783830455,-0.0001697016461,0,0.01079006194,3.843607306e-05,False
2023-04-28,49,random_forest,"{'max_depth': 5, 'min_samples_leaf': 20}",0,0.2689645178,0.4526520462,0.278383436,0.0002284338581,0,9.629699578e-05,3.784246575e-05,False
2023-05-01,49,random_forest,"{'max_depth': 5, 'min_samples_leaf': 20}",0,0.27564739,0.456929279,0.267423331,6.830849669e-05,0,-0.009475113491,3.910388128e-05,False
2023-05-02,49,random_forest,"{'max_depth': 5, 'min_samples_leaf': 20}",0,0.3118505524,0.4074535052,0.2806959424,-0.0001968821194,0,-0.008119400198,3.888127854e-05,False
2023-05-03,49,random_forest,"{'max_depth': 5, 'min_samples_leaf': 20}",0,0.2988724301,0.3986172909,0.3025102791,0.0001184734295,0,-0.004423335297,3.902968037e-05,False
2023-05-04,49,random_forest,"{'max_depth': 5, 'min_samples_leaf': 20}",0,0.2892571671,0.3869288905,0.3238139423,0.0003947414393,0,0.0090973593,3.902968037e-05,False
2023-05-05,49,random_forest,"{'max_depth': 5, 'min_samples_leaf': 20}",0,0.2808603221,0.4393064046,0.2798332734,0.000117160681,0,-0.000556967897,3.902968037e-05,False
2023-05-08,49,random_forest,"{'max_depth': 5, 'min_samples_leaf': 20}",0,0.2822246611,0.4547568618,0.2630184771,-3.637798735e-05,0,-0.0004864938863,3.940068493e-05,False
2023-05-09,49,random_forest,"{'max_depth': 5, 'min_samples_leaf': 20}",0,0.2978625409,0.4431905724,0.2589468867,-0.0002322092335,0,-0.002488640899,3.925228311e-05,False
2023-05-10,49,random_forest,"{'max_depth': 5, 'min_samples_leaf': 20}",0,0.2923494843,0.4206813791,0.2869691366,5.724042681e-05,0,0.0004369283018,3.888127854e-05,False
2023-05-11,49,random_forest,"{'max_depth': 5, 'min_samples_leaf': 20}",0,0.2840630599,0.4342901518,0.2816467883,9.900070509e-05,0,-0.004426532309,3.858447489e-05,False
2023-05-12,49,random_forest,"{'max_depth': 5, 'min_samples_leaf': 20}",0,0.2946671454,0.431129049,0.2742038056,-7.260792697e-05,0,0.0019164729,3.895547945e-05,False
2023-05-15,49,random_forest,"{'max_depth': 5, 'min_samples_leaf': 20}",0,0.2847233346,0.4490379689,0.2662386965,-3.557890152e-05,0,-0.003909059761,3.86586758e-05,False
2023-05-16,49,random_forest,"{'max_depth': 5, 'min_samples_leaf': 20}",0,0.2957060033,0.4314367247,0.272857272,-9.453808722e-05,0,0.006984369785,3.880707763e-05,False
2023-05-17,49,random_forest,"{'max_depth': 5, 'min_samples_leaf': 20}",0,0.2660950347,0.4620481486,0.2718568167,0.0002040672452,0,0.01043629121,3.902968037e-05,False
2023-05-18,49,random_forest,"{'max_depth': 5, 'min_samples_leaf': 20}",0,0.25610411,0.4791743142,0.2647215758,0.0002484643556,0,-0.00368902647,3.940068493e-05,False
2023-05-19,49,random_forest,"{'max_depth': 5, 'min_samples_leaf': 20}",0,0.2719900269,0.4541087841,0.273901189,0.000159917578,0,0.0003582884193,3.925228311e-05,False
2023-05-22,50,random_forest,"{'max_depth': 5, 'min_samples_leaf': 20}",0,0.2533905493,0.4710702227,0.275539228,0.0003653030483,0,-0.007168865409,4.006849315e-05,False
2023-05-23,50,random_forest,"{'max_depth': 5, 'min_samples_leaf': 20}",0,0.309587086,0.4173993175,0.2730135965,-0.0002357684394,0,-0.003224909344,3.962328767e-05,False
2023-05-24,50,random_forest,"{'max_depth': 5, 'min_samples_leaf': 20}",0,0.3232167465,0.3960645663,0.2807186872,-0.0003123344414,0,-0.0002169946437,3.984589041e-05,False
2023-05-25,50,random_forest,"{'max_depth': 5, 'min_samples_leaf': 20}",0,0.3374271002,0.3888967965,0.2736761033,-0.0005176169551,-1,0.01129223167,3.992009132e-05,False
2023-05-26,50,random_forest,"{'max_depth': 5, 'min_samples_leaf': 20}",0,0.2412951525,0.4847079528,0.2739968947,0.0004773158873,1,-0.004383588943,3.962328767e-05,False
2023-05-30,50,random_forest,"{'max_depth': 5, 'min_samples_leaf': 20}",0,0.2579469713,0.4642689731,0.2777840556,0.000336952478,0,-0.001028001949,4.118150685e-05,False
2023-05-31,50,random_forest,"{'max_depth': 5, 'min_samples_leaf': 20}",0,0.2832903499,0.4379255749,0.2787840752,8.368256904e-05,0,0.008921550589,4.095890411e-05,False
2023-06-01,50,random_forest,"{'max_depth': 5, 'min_samples_leaf': 20}",0,0.2548437298,0.4619741243,0.2831821459,0.0004139039623,0,0.008056568749,4.081050228e-05,False
2023-06-02,50,random_forest,"{'max_depth': 5, 'min_samples_leaf': 20}",0,0.2210426504,0.5003880844,0.2785692652,0.0007244089311,1,-0.002755189723,4.081050228e-05,False
2023-06-05,50,random_forest,"{'max_depth': 5, 'min_samples_leaf': 20}",0,0.2661793548,0.4523651305,0.2814555148,0.0002825307413,0,0.003187440679,4.051369863e-05,False
2023-06-06,50,random_forest,"{'max_depth': 5, 'min_samples_leaf': 20}",0,0.2435208965,0.4803160398,0.2761630637,0.0004723677615,1,-0.004411387047,4.03652968e-05,False
2023-06-07,50,random_forest,"{'max_depth': 5, 'min_samples_leaf': 20}",0,0.2696698019,0.4430138621,0.2873163359,0.0002952735086,0,0.005883478853,4.021689498e-05,False
2023-06-08,50,random_forest,"{'max_depth': 5, 'min_samples_leaf': 20}",0,0.2514050699,0.4700336081,0.278561322,0.0004109452796,0,-0.0001395420899,3.992009132e-05,False
2023-06-09,50,random_forest,"{'max_depth': 5, 'min_samples_leaf': 20}",0,0.257030298,0.4587867136,0.2841829884,0.0003996629487,0,0.006683315456,3.984589041e-05,False
2023-06-12,50,random_forest,"{'max_depth': 5, 'min_samples_leaf': 20}",0,0.2601541532,0.4569167215,0.2829291253,0.0003569848474,0,0.003078187029,4.006849315e-05,False
2023-06-13,50,random_forest,"{'max_depth': 5, 'min_samples_leaf': 20}",0,0.265787009,0.4513842959,0.2828286951,0.0002980074014,0,0.0003889681133,3.97716895e-05,False
2023-06-14,50,random_forest,"{'max_depth': 5, 'min_samples_leaf': 20}",0,0.2739881277,0.4495337244,0.2764781479,0.000160510327,0,0.01436990291,3.97716895e-05,False
2023-06-15,50,random_forest,"{'max_depth': 5, 'min_samples_leaf': 20}",0,0.2757711421,0.4436979762,0.2805308816,0.0001758310409,0,-0.008035749138,3.954908676e-05,False
2023-06-16,50,random_forest,"{'max_depth': 5, 'min_samples_leaf': 20}",0,0.2901115417,0.4274423823,0.2824460759,4.374828965e-05,0,-0.0006172578967,3.962328767e-05,False
2023-06-20,50,random_forest,"{'max_depth': 5, 'min_samples_leaf': 20}",0,0.2668801493,0.4482367984,0.2848830523,0.0003038194444,0,-0.002797141484,3.999429224e-05,False
2023-06-21,50,random_forest,"{'max_depth': 5, 'min_samples_leaf': 20}",0,0.2689593574,0.4360953455,0.2949452971,0.0003660909802,0,0.00589929131,4.006849315e-05,False
2023-06-22,51,random_forest,"{'max_depth': 5, 'min_samples_leaf': 20}",0,0.2627284016,0.4790586456,0.2582129528,0.0001389325276,0,0.0006467529683,4.006849315e-05,False
2023-06-23,51,random_forest,"{'max_depth': 5, 'min_samples_leaf': 20}",0,0.2664128477,0.442506468,0.2910806843,0.0003746497482,0,-0.002727550122,4.014269406e-05,False
2023-06-26,51,random_forest,"{'max_depth': 5, 'min_samples_leaf': 20}",0,0.2842748237,0.423618824,0.2921063523,0.0001993615509,0,0.008835450941,4.081050228e-05,False
2023-06-27,51,random_forest,"{'max_depth': 5, 'min_samples_leaf': 20}",0,0.2645659637,0.4686032485,0.2668307878,0.0001917677999,0,0.003080167469,4.03652968e-05,False
2023-06-28,51,random_forest,"{'max_depth': 5, 'min_samples_leaf': 20}",0,0.261717843,0.4732678667,0.2650142902,0.0002059563462,0,0.004931631086,4.03652968e-05,False
2023-06-29,51,random_forest,"{'max_depth': 5, 'min_samples_leaf': 20}",0,0.2615503466,0.4888111856,0.2496384678,7.967081415e-05,0,0.004168168647,4.051369863e-05,False
2023-06-30,51,random_forest,"{'max_depth': 5, 'min_samples_leaf': 20}",0,0.268664711,0.4692228036,0.2621124854,0.0001103037866,0,0.001964226355,2.169520548e-05,False
2023-07-03,51,random_forest,"{'max_depth': 5, 'min_samples_leaf': 20}",0,0.2720875711,0.4795441228,0.2483683061,-3.934802198e-05,0,0.002760745906,4.03652968e-05,False
2023-07-05,51,random_forest,"{'max_depth': 5, 'min_samples_leaf': 20}",0,0.2710568765,0.4879267356,0.2410163879,-8.994798638e-05,0,0.000546152198,4.03652968e-05,False
2023-07-06,51,random_forest,"{'max_depth': 5, 'min_samples_leaf': 20}",0,0.3101465342,0.4329026127,0.256950853,-0.0003595805672,0,-0.0001824249283,4.051369863e-05,False
2023-07-07,51,random_forest,"{'max_depth': 5, 'min_samples_leaf': 20}",0,0.307223937,0.4260087552,0.2667673078,-0.0002477769725,0,0.003377632421,4.051369863e-05,False
2023-07-10,51,random_forest,"{'max_depth': 5, 'min_samples_leaf': 20}",0,0.2939119867,0.4359360888,0.2701519246,-8.259832222e-05,0,0.004563467302,4.066210046e-05,False
2023-07-11,51,random_forest,"{'max_depth': 5, 'min_samples_leaf': 20}",0,0.2732191685,0.4688717737,0.2579090578,2.84363331e-05,0,-0.0008289290548,4.073630137e-05,False
2023-07-12,51,random_forest,"{'max_depth': 5, 'min_samples_leaf': 20}",0,0.2717638924,0.4706561521,0.2575799555,4.067347057e-05,0,0.003706192604,4.058789954e-05,False
2023-07-13,51,random_forest,"{'max_depth': 5, 'min_samples_leaf': 20}",0,0.2646737703,0.4506428327,0.2846833971,0.0003392877863,0,-0.002663852464,4.058789954e-05,False
2023-07-14,51,random_forest,"{'max_depth': 5, 'min_samples_leaf': 20}",0,0.2666448466,0.4496603837,0.2836947696,0.0003107716894,0,0.003807341839,4.073630137e-05,False
2023-07-17,51,random_forest,"{'max_depth': 5, 'min_samples_leaf': 20}",0,0.2723355324,0.4503423663,0.2773221013,0.0001991509761,0,0.008190904398,4.073630137e-05,False
2023-07-18,51,random_forest,"{'max_depth': 5, 'min_samples_leaf': 20}",0,0.2845190087,0.442011251,0.2734697403,4.16919212e-05,0,0.000417578621,4.073630137e-05,False
2023-07-19,51,random_forest,"{'max_depth': 5, 'min_samples_leaf': 20}",0,0.2946774441,0.4404434239,0.264879132,-0.0001343739793,0,-0.004381664936,4.073630137e-05,False
2023-07-20,51,random_forest,"{'max_depth': 5, 'min_samples_leaf': 20}",0,0.2671630565,0.4568934512,0.2759434923,0.0002409063015,0,-0.003921047801,4.073630137e-05,False
2023-07-21,51,random_forest,"{'max_depth': 5, 'min_samples_leaf': 20}",0,0.2661924796,0.4535723639,0.2802351564,0.0002866247016,0,0.001830772,4.081050228e-05,False
2023-07-24,52,random_forest,"{'max_depth': 5, 'min_samples_leaf': 20}",0,0.2590450918,0.4585634811,0.2823914271,0.0003927131162,0,0.003348583391,4.08847032e-05,False
2023-07-25,52,random_forest,"{'max_depth': 5, 'min_samples_leaf': 20}",0,0.2609251955,0.4498637292,0.2892110753,0.0004298474278,0,0.002288398642,4.08847032e-05,False
2023-07-26,52,random_forest,"{'max_depth': 5, 'min_samples_leaf': 20}",0,0.2674981541,0.4455719439,0.2869299021,0.0003435766379,0,-0.01422595716,4.08847032e-05,False
2023-07-27,52,random_forest,"{'max_depth': 5, 'min_samples_leaf': 20}",0,0.2554354542,0.4498307372,0.2947338086,0.0005318254158,1,0.002281320916,4.08847032e-05,False
2023-07-28,52,random_forest,"{'max_depth': 5, 'min_samples_leaf': 20}",0,0.2491251125,0.4673739133,0.2835009742,0.0005036130866,1,0.0008307750503,4.095890411e-05,False
2023-07-31,52,random_forest,"{'max_depth': 5, 'min_samples_leaf': 20}",0,0.2597404326,0.4582248289,0.2820347385,0.0003826323538,0,0.0004603020096,4.118150685e-05,False
2023-08-01,52,random_forest,"{'max_depth': 5, 'min_samples_leaf': 20}",0,0.2512791348,0.4820618937,0.2666589715,0.0003422053424,0,-0.006883607424,4.110730594e-05,False
2023-08-02,52,random_forest,"{'max_depth': 5, 'min_samples_leaf': 20}",0,0.2753833545,0.412042696,0.3125739495,0.000474852052,1,0.001785527598,4.103310502e-05,False
2023-08-03,52,random_forest,"{'max_depth': 5, 'min_samples_leaf': 20}",0,0.2761572762,0.4217137591,0.3021289647,0.0003805133861,0,-0.008675017061,4.110730594e-05,False
2023-08-04,52,random_forest,"{'max_depth': 5, 'min_samples_leaf': 20}",0,0.2827382111,0.4124252128,0.3048365761,0.000335428887,0,0.004457221938,4.110730594e-05,False
2023-08-07,52,random_forest,"{'max_depth': 5, 'min_samples_leaf': 20}",0,0.2689608517,0.4375345584,0.2935045899,0.000382964767,0,0.001495298675,4.125570776e-05,False
2023-08-08,52,random_forest,"{'max_depth': 5, 'min_samples_leaf': 20}",0,0.2728922457,0.4332480884,0.293859666,0.0003455886556,0,-0.007304631596,4.132990868e-05,False
2023-08-09,52,random_forest,"{'max_depth': 5, 'min_samples_leaf': 20}",0,0.2659524621,0.4225646835,0.3114828544,0.0005625327296,1,-0.005087125543,4.118150685e-05,False
2023-08-10,52,random_forest,"{'max_depth': 5, 'min_samples_leaf': 20}",0,0.2732374152,0.4059556638,0.320806921,0.0005649615274,1,0.003784022865,4.110730594e-05,False
2023-08-11,52,random_forest,"{'max_depth': 5, 'min_samples_leaf': 20}",0,0.2694426193,0.4214273302,0.3091300505,0.0005072811078,1,0.007668030152,4.110730594e-05,False
2023-08-14,52,random_forest,"{'max_depth': 5, 'min_samples_leaf': 20}",0,0.2744051675,0.4380133985,0.2875814339,0.0002781402164,0,-0.007573833095,4.125570776e-05,False
2023-08-15,52,random_forest,"{'max_depth': 5, 'min_samples_leaf': 20}",0,0.2729481078,0.4162963217,0.3107555705,0.0004847816531,1,-0.006373405024,4.125570776e-05,False
2023-08-16,52,random_forest,"{'max_depth': 5, 'min_samples_leaf': 20}",0,0.2807651156,0.411694176,0.3075407084,0.0003780304798,0,-0.01103906751,4.125570776e-05,False
2023-08-17,52,random_forest,"{'max_depth': 5, 'min_samples_leaf': 20}",0,0.2872695045,0.4081696582,0.3045608373,0.0002866830694,0,0.007222477207,4.125570776e-05,False
2023-08-18,52,random_forest,"{'max_depth': 5, 'min_samples_leaf': 20}",0,0.2976860435,0.397708383,0.3046055735,0.0001802396994,0,0.004090980826,4.118150685e-05,False
2023-08-21,52,random_forest,"{'max_depth': 5, 'min_samples_leaf': 20}",0,0.2779171939,0.4210077773,0.3010750288,0.0003537484715,0,-0.006867942352,4.132990868e-05,False
2023-08-22,53,random_forest,"{'max_depth': 5, 'min_samples_leaf': 20}",0,0.3279420532,0.36506829,0.3069896568,-0.0001297839575,0,0.008605575104,4.132990868e-05,False
2023-08-23,53,random_forest,"{'max_depth': 5, 'min_samples_leaf': 20}",0,0.298093436,0.4309155694,0.2709909946,-0.0001203157789,0,-0.01754028162,4.132990868e-05,False
2023-08-24,53,random_forest,"{'max_depth': 5, 'min_samples_leaf': 20}",0,0.2875167542,0.3679833962,0.3444998495,0.0005936560736,1,0.002940659551,4.140410959e-05,False
2023-08-25,53,random_forest,"{'max_depth': 5, 'min_samples_leaf': 20}",0,0.3070788678,0.3937187765,0.2992023556,1.995910136e-05,0,0.001175876237,4.162671233e-05,False
2023-08-28,53,random_forest,"{'max_depth': 5, 'min_samples_leaf': 20}",0,0.2781023784,0.4123377787,0.309559843,0.0004023507186,0,0.01470690138,4.140410959e-05,False
2023-08-29,53,random_forest,"{'max_depth': 5, 'min_samples_leaf': 20}",0,0.222146469,0.5047821805,0.2730713505,0.0006754390131,1,0.003336966855,4.125570776e-05,False
2023-08-30,53,random_forest,"{'max_depth': 5, 'min_samples_leaf': 20}",0,0.2429433718,0.5249587674,0.2320978607,0.0001247023571,0,-0.002878307909,4.125570776e-05,False
2023-08-31,53,random_forest,"{'max_depth': 5, 'min_samples_leaf': 20}",0,0.2520352171,0.4917933593,0.2561714236,0.0002298006424,0,-0.004369245398,4.125570776e-05,False
2023-09-01,53,random_forest,"{'max_depth': 5, 'min_samples_leaf': 20}",0,0.2536101597,0.4694453091,0.2769445312,0.0003847752176,0,-0.003305794381,4.103310502e-05,False
2023-09-05,53,random_forest,"{'max_depth': 5, 'min_samples_leaf': 20}",0,0.2565259589,0.5041804987,0.2392935424,4.472734282e-05,0,-0.004861714451,4.118150685e-05,False
2023-09-06,53,random_forest,"{'max_depth': 5, 'min_samples_leaf': 20}",0,0.265205874,0.4756775549,0.259116571,0.0001190344767,0,0.003926837271,4.118150685e-05,False
2023-09-07,53,random_forest,"{'max_depth': 5, 'min_samples_leaf': 20}",0,0.2707088463,0.468968211,0.2603229427,7.255496978e-05,0,0.001393560754,4.103310502e-05,False
2023-09-08,53,random_forest,"{'max_depth': 5, 'min_samples_leaf': 20}",0,0.2649490717,0.4664461005,0.2686048278,0.0001998279518,0,0.0004685480541,4.118150685e-05,False
2023-09-11,53,random_forest,"{'max_depth': 5, 'min_samples_leaf': 20}",0,0.243257153,0.5169006868,0.2398421602,0.0001852800729,0,-0.002147940282,4.118150685e-05,False
2023-09-12,53,random_forest,"{'max_depth': 5, 'min_samples_leaf': 20}",0,0.2708074747,0.4543494879,0.2748430374,0.000191154921,0,0.0006499228203,4.125570776e-05,False
2023-09-13,53,random_forest,"{'max_depth': 5, 'min_samples_leaf': 20}",0,0.2682385045,0.4621825293,0.2695789662,0.0001741288709,0,0.002872554505,4.118150685e-05,False
2023-09-14,53,random_forest,"{'max_depth': 5, 'min_samples_leaf': 20}",0,0.2377033439,0.4909652463,0.2713314097,0.0005016150474,1,-0.008431407352,4.118150685e-05,False
2023-09-15,53,random_forest,"{'max_depth': 5, 'min_samples_leaf': 20}",0,0.2890207281,0.426724214,0.2842550578,8.19631177e-05,0,0.001309146102,4.125570776e-05,False
2023-09-18,53,random_forest,"{'max_depth': 5, 'min_samples_leaf': 20}",0,0.2841746888,0.4531409834,0.2626843278,-4.604628885e-05,0,6.776623798e-05,4.118150685e-05,False
2023-09-19,53,random_forest,"{'max_depth': 5, 'min_samples_leaf': 20}",0,0.2914215839,0.4256490216,0.2829293945,4.642893258e-05,0,-0.01209431099,4.110730594e-05,False
2023-09-20,53,random_forest,"{'max_depth': 5, 'min_samples_leaf': 20}",0,0.2977793844,0.3772078406,0.325012775,0.0003279151119,0,-0.00989212158,4.125570776e-05,False
2023-09-21,54,random_forest,"{'max_depth': 5, 'min_samples_leaf': 20}",0,0.3339447332,0.3186808522,0.3473744146,0.0001287519248,0,-0.004694181514,4.132990868e-05,False
2023-09-22,54,random_forest,"{'max_depth': 5, 'min_samples_leaf': 20}",0,0.3196231051,0.3038549699,0.376521925,0.0005156248522,1,0.00713003572,4.125570776e-05,False
2023-09-25,54,random_forest,"{'max_depth': 5, 'min_samples_leaf': 20}",0,0.3259891861,0.3380843023,0.3359265116,0.0001159214453,0,-0.007480928322,4.140410959e-05,False
2023-09-26,54,random_forest,"{'max_depth': 5, 'min_samples_leaf': 20}",0,0.3181575717,0.3071131846,0.3747292437,0.0005158666228,1,-0.002435103872,4.140410959e-05,False
2023-09-27,54,random_forest,"{'max_depth': 5, 'min_samples_leaf': 20}",0,0.3364732156,0.310703791,0.3528229934,0.0001477445692,0,0.007144819841,4.140410959e-05,False
2023-09-28,54,random_forest,"{'max_depth': 5, 'min_samples_leaf': 20}",0,0.3227717111,0.3369029191,0.3403253698,0.0001851257162,0,-0.009706494245,4.125570776e-05,False
2023-09-29,54,random_forest,"{'max_depth': 5, 'min_samples_leaf': 20}",0,0.3098060293,0.3655237917,0.3246701791,0.0001889520883,0,0.00161737034,4.118150685e-05,False
2023-10-02,54,random_forest,"{'max_depth': 5, 'min_samples_leaf': 20}",0,0.3262501601,0.3547304715,0.3190193683,-2.606006422e-05,0,-0.008163556381,4.170091324e-05,False
2023-10-03,54,random_forest,"{'max_depth': 5, 'min_samples_leaf': 20}",0,0.3190109864,0.3217759069,0.3592131067,0.0003792775581,0,0.006136414097,4.170091324e-05,False
2023-10-04,54,random_forest,"{'max_depth': 5, 'min_samples_leaf': 20}",0,0.3145500443,0.3534834715,0.3319664842,0.0002004736081,0,0.0003299430386,4.162671233e-05,False
2023-10-05,54,random_forest,"{'max_depth': 5, 'min_samples_leaf': 20}",0,0.3090419338,0.3531910326,0.3377670336,0.0003046922531,0,0.01793968143,4.162671233e-05,False
2023-10-06,54,random_forest,"{'max_depth': 5, 'min_samples_leaf': 20}",0,0.3180798896,0.3973054766,0.2846146338,-0.0002258460858,0,0.0110155343,4.177511416e-05,False
2023-10-09,54,random_forest,"{'max_depth': 5, 'min_samples_leaf': 20}",0,0.2860940584,0.4865996008,0.2273063409,-0.0003703845244,0,0.003695676238,4.177511416e-05,False
2023-10-10,54,random_forest,"{'max_depth': 5, 'min_samples_leaf': 20}",0,0.2763756002,0.464910887,0.2587135127,-1.204721309e-05,0,0.001560905105,4.162671233e-05,False
2023-10-11,54,random_forest,"{'max_depth': 5, 'min_samples_leaf': 20}",0,0.2647890484,0.4927224229,0.2424885287,-2.704335485e-05,0,-0.007529485035,4.162671233e-05,False
2023-10-12,54,random_forest,"{'max_depth': 5, 'min_samples_leaf': 20}",0,0.2846479939,0.4763770215,0.2389749846,-0.000259426237,0,-0.008524600725,4.177511416e-05,False
2023-10-13,54,random_forest,"{'max_depth': 5, 'min_samples_leaf': 20}",0,0.2845052541,0.4037750035,0.3117197424,0.0003414237875,0,0.005117332701,4.170091324e-05,False
2023-10-16,54,random_forest,"{'max_depth': 5, 'min_samples_leaf': 20}",0,0.2806425963,0.4764468795,0.2429105242,-0.0001859681417,0,0.007416629515,4.162671233e-05,False
2023-10-17,54,random_forest,"{'max_depth': 5, 'min_samples_leaf': 20}",0,0.275032381,0.5007074452,0.2242601738,-0.0002821692181,0,-0.009166519058,4.170091324e-05,False
2023-10-18,54,random_forest,"{'max_depth': 5, 'min_samples_leaf': 20}",0,0.3028528377,0.4449942217,0.2521529406,-0.0003373333896,0,-0.01048850063,4.162671233e-05,False
2023-10-19,54,random_forest,"{'max_depth': 5, 'min_samples_leaf': 20}",0,0.3075313506,0.4218249833,0.2706436661,-0.0002329033109,0,-0.01124467915,4.155251142e-05,False
2023-10-20,55,random_forest,"{'max_depth': 5, 'min_samples_leaf': 20}",0,0.3375578459,0.3400067971,0.3224353569,-0.0001202787472,0,0.002025705203,4.140410959e-05,False
2023-10-23,55,random_forest,"{'max_depth': 5, 'min_samples_leaf': 20}",0,0.3165825163,0.3221320986,0.3612853851,0.0004158148264,0,0.002318729469,4.140410959e-05,False
2023-10-24,55,random_forest,"{'max_depth': 5, 'min_samples_leaf': 20}",0,0.3212826318,0.3307175635,0.3479998046,0.0002578523898,0,-0.01028710493,4.140410959e-05,False
2023-10-25,55,random_forest,"{'max_depth': 5, 'min_samples_leaf': 20}",0,0.3307713282,0.3114173648,0.357811307,0.0002415695697,0,-0.009364927985,4.14783105e-05,False
2023-10-26,55,random_forest,"{'max_depth': 5, 'min_samples_leaf': 20}",0,0.2942160579,0.2722089429,0.4335749992,0.001242415759,1,-0.008474395272,4.14783105e-05,False
2023-10-27,55,random_forest,"{'max_depth': 5, 'min_samples_leaf': 20}",0,0.2922134074,0.267155488,0.4406311046,0.001321247638,1,0.004908595679,4.14783105e-05,False
2023-10-30,55,random_forest,"{'max_depth': 5, 'min_samples_leaf': 20}",0,0.314749213,0.33877577,0.346475017,0.0003122752358,0,0.004853716068,4.155251142e-05,False
2023-10-31,55,random_forest,"{'max_depth': 5, 'min_samples_leaf': 20}",0,0.3377217756,0.3645223442,0.2977558802,-0.0003258322702,0,0.008253796301,4.14783105e-05,False
2023-11-01,55,random_forest,"{'max_depth': 5, 'min_samples_leaf': 20}",0,0.3024642695,0.3981104323,0.2994252982,4.962446272e-05,0,0.009798920238,4.132990868e-05,False
2023-11-02,55,random_forest,"{'max_depth': 5, 'min_samples_leaf': 20}",0,0.2623605704,0.5370116101,0.2006278195,-0.0003551431803,0,0.003578491285,4.110730594e-05,False
2023-11-03,55,random_forest,"{'max_depth': 5, 'min_samples_leaf': 20}",0,0.2596284461,0.4809405351,0.2594310188,0.0001586433696,0,0.0005052041061,4.103310502e-05,False
2023-11-06,55,random_forest,"{'max_depth': 5, 'min_samples_leaf': 20}",0,0.2710825784,0.5112824793,0.2176349423,-0.0003041199241,0,0.002846037884,4.125570776e-05,False
2023-11-07,55,random_forest,"{'max_depth': 5, 'min_samples_leaf': 20}",0,0.2628331085,0.5031544505,0.234012441,-8.420707659e-05,0,-0.0006856081405,4.118150685e-05,False
2023-11-08,55,random_forest,"{'max_depth': 5, 'min_samples_leaf': 20}",0,0.2655577069,0.4262473717,0.3081949215,0.0005006502623,1,-0.01046916605,4.110730594e-05,False
2023-11-09,55,random_forest,"{'max_depth': 5, 'min_samples_leaf': 20}",0,0.2747237396,0.4614745985,0.263801662,3.990315593e-05,0,0.01061969433,4.110730594e-05,False
2023-11-10,55,random_forest,"{'max_depth': 5, 'min_samples_leaf': 20}",0,0.2502352152,0.5796492104,0.1701155744,-0.0004828183993,-1,0.002185623578,4.103310502e-05,False
2023-11-13,55,random_forest,"{'max_depth': 5, 'min_samples_leaf': 20}",0,0.2715001752,0.5231908977,0.2053089271,-0.0004102261828,0,0.005399721274,4.118150685e-05,False
2023-11-14,55,random_forest,"{'max_depth': 5, 'min_samples_leaf': 20}",0,0.2613330933,0.5556611209,0.1830057858,-0.0004901753879,-1,-0.0009553059266,4.095890411e-05,False
2023-11-15,55,random_forest,"{'max_depth': 5, 'min_samples_leaf': 20}",0,0.2672655933,0.5580380328,0.1746963739,-0.0006196723525,-1,0.00224836337,4.103310502e-05,False
2023-11-16,55,random_forest,"{'max_depth': 5, 'min_samples_leaf': 20}",0,0.2545901877,0.5486948504,0.1967149619,-0.0003077590931,0,0.00122161149,4.08847032e-05,False
2023-11-17,55,random_forest,"{'max_depth': 5, 'min_samples_leaf': 20}",0,0.2770154251,0.4528789271,0.2701056478,6.847130085e-05,0,0.008279162342,4.081050228e-05,False
2023-11-20,56,random_forest,"{'max_depth': 5, 'min_samples_leaf': 20}",0,0.2709496323,0.5061281944,0.2229221733,-0.0002476163049,0,0.0001985885873,4.110730594e-05,False
2023-11-21,56,random_forest,"{'max_depth': 5, 'min_samples_leaf': 20}",0,0.2854626475,0.4828899207,0.2316474317,-0.0003249611018,0,8.786759165e-05,4.103310502e-05,False
2023-11-22,56,random_forest,"{'max_depth': 5, 'min_samples_leaf': 20}",0,0.2981284319,0.4504507459,0.2514208223,-0.0002923214909,0,0.0005053738466,2.21347032e-05,False
2023-11-24,56,random_forest,"{'max_depth': 5, 'min_samples_leaf': 20}",0,0.2944839671,0.5094714411,0.1960445918,-0.0007109358998,-1,-0.0003738765573,4.110730594e-05,False
2023-11-27,56,random_forest,"{'max_depth': 5, 'min_samples_leaf': 20}",0,0.2777525348,0.4790377454,0.2432097199,-0.0001504664401,0,0.001871930292,4.073630137e-05,False
2023-11-28,56,random_forest,"{'max_depth': 5, 'min_samples_leaf': 20}",0,0.2864725141,0.4169615316,0.2965659543,0.0001993303406,0,-0.00555618196,4.058789954e-05,False
2023-11-29,56,random_forest,"{'max_depth': 5, 'min_samples_leaf': 20}",0,0.2667059129,0.4090458728,0.3242482142,0.0006305416813,1,0.002019809819,4.043949772e-05,False
2023-11-30,56,random_forest,"{'max_depth': 5, 'min_samples_leaf': 20}",0,0.2912525674,0.4010250991,0.3077223336,0.0002420719186,0,0.007306354516,4.043949772e-05,False
2023-12-01,56,random_forest,"{'max_depth': 5, 'min_samples_leaf': 20}",0,0.2881358597,0.3842647099,0.3275994304,0.0004378236814,0,0.002392441495,4.029109589e-05,False
2023-12-04,56,random_forest,"{'max_depth': 5, 'min_samples_leaf': 20}",0,0.2697235926,0.4582558409,0.2720205665,0.0001693664783,0,0.00294336499,4.051369863e-05,False
2023-12-05,56,random_forest,"{'max_depth': 5, 'min_samples_leaf': 20}",0,0.259030335,0.4400340102,0.3009356548,0.0005174494638,1,-0.008827156715,4.043949772e-05,False
2023-12-06,56,random_forest,"{'max_depth': 5, 'min_samples_leaf': 20}",0,0.2736148627,0.3717876063,0.3545975309,0.0008094707715,1,0.002888987599,4.043949772e-05,False
2023-12-07,56,random_forest,"{'max_depth': 5, 'min_samples_leaf': 20}",0,0.2552737888,0.4692574937,0.2754687174,0.0003463225067,0,0.005989640209,4.03652968e-05,False
2023-12-08,56,random_forest,"{'max_depth': 5, 'min_samples_leaf': 20}",0,0.288325409,0.4275670652,0.2841075258,7.767239494e-05,0,0.005003345311,4.03652968e-05,False
2023-12-11,56,random_forest,"{'max_depth': 5, 'min_samples_leaf': 20}",0,0.2546965811,0.541627217,0.203676202,-0.000239031767,0,0.005350607983,4.058789954e-05,False
2023-12-12,56,random_forest,"{'max_depth': 5, 'min_samples_leaf': 20}",0,0.2454762246,0.525093307,0.2294304684,6.787572557e-05,0,0.01293894362,4.051369863e-05,False
2023-12-13,56,random_forest,"{'max_depth': 5, 'min_samples_leaf': 20}",0,0.2616236899,0.5125879692,0.2257883409,-0.0001281313751,0,-0.001037016167,4.03652968e-05,False
2023-12-14,56,random_forest,"{'max_depth': 5, 'min_samples_leaf': 20}",0,0.2828137104,0.4603378641,0.2568484254,-9.017042583e-05,0,-0.000340803079,4.029109589e-05,False
2023-12-15,56,random_forest,"{'max_depth': 5, 'min_samples_leaf': 20}",0,0.2707505708,0.459549925,0.2696995043,0.0001396917905,0,0.002101979429,4.03652968e-05,False
2023-12-18,56,random_forest,"{'max_depth': 5, 'min_samples_leaf': 20}",0,0.2831002713,0.4182462581,0.2986534705,0.0002511929259,0,0.004888573277,4.051369863e-05,False
2023-12-19,56,random_forest,"{'max_depth': 5, 'min_samples_leaf': 20}",0,0.2703520741,0.4793542431,0.2502936828,-1.603909491e-05,0,-0.012026293,4.029109589e-05,False
2023-12-20,57,random_forest,"{'max_depth': 5, 'min_samples_leaf': 20}",0,0.2448435684,0.4539596162,0.3011968154,0.0006752543997,1,0.00290672294,4.03652968e-05,False
2023-12-21,57,random_forest,"{'max_depth': 5, 'min_samples_leaf': 20}",0,0.2620506241,0.4519048234,0.2860445525,0.0003745896286,0,-0.0004431508728,4.021689498e-05,False
2023-12-22,57,random_forest,"{'max_depth': 5, 'min_samples_leaf': 20}",0,0.2740888626,0.4596244782,0.2662866591,8.91474598e-05,0,0.003332812783,4.03652968e-05,False
2023-12-26,57,random_forest,"{'max_depth': 5, 'min_samples_leaf': 20}",0,0.266173072,0.4942320402,0.2395948878,-4.858562425e-05,0,0.002250562286,4.043949772e-05,False
2023-12-27,57,random_forest,"{'max_depth': 5, 'min_samples_leaf': 20}",0,0.270546593,0.4555659921,0.2738874148,0.0001877932994,0,-0.0003984281493,4.03652968e-05,False
2023-12-28,57,random_forest,"{'max_depth': 5, 'min_samples_leaf': 20}",0,0.2724210939,0.4763549165,0.2512239896,-1.727619301e-05,0,-0.002476426926,4.043949772e-05,False
2023-12-29,57,random_forest,"{'max_depth': 5, 'min_samples_leaf': 20}",0,0.2756727982,0.4090156352,0.3153115666,0.0004749386917,1,0.00103776319,4.006849315e-05,False
2024-01-02,57,random_forest,"{'max_depth': 5, 'min_samples_leaf': 20}",0,0.2935303167,0.3827526412,0.323717042,0.0003607910923,0,-0.00348613864,4.051369863e-05,False
2024-01-03,57,random_forest,"{'max_depth': 5, 'min_samples_leaf': 20}",0,0.2861008179,0.3611379639,0.3527612182,0.0006751364209,1,-0.00217806742,4.066210046e-05,False
2024-01-04,57,random_forest,"{'max_depth': 5, 'min_samples_leaf': 20}",0,0.2903099226,0.3746197724,0.3350703051,0.0004869095587,1,0.0009198554094,4.066210046e-05,False
2024-01-05,57,random_forest,"{'max_depth': 5, 'min_samples_leaf': 20}",0,0.3023103294,0.3883142446,0.309375426,0.0001531688554,0,0.01317168732,4.058789954e-05,False
2024-01-08,57,random_forest,"{'max_depth': 5, 'min_samples_leaf': 20}",0,0.2821882574,0.4859531161,0.2318586265,-0.000276216142,0,0.004259668638,4.073630137e-05,False
2024-01-09,57,random_forest,"{'max_depth': 5, 'min_samples_leaf': 20}",0,0.2795930223,0.4705166339,0.2498903438,-0.0001017400445,0,0.005061569703,4.058789954e-05,False
2024-01-10,57,random_forest,"{'max_depth': 5, 'min_samples_leaf': 20}",0,0.2749898869,0.5170745773,0.2079355358,-0.0003985996535,0,-0.002596348978,4.051369863e-05,False
2024-01-11,57,random_forest,"{'max_depth': 5, 'min_samples_leaf': 20}",0,0.2787903619,0.4672170087,0.2539926294,-5.987021022e-05,0,-0.002427598434,4.051369863e-05,False
2024-01-12,57,random_forest,"{'max_depth': 5, 'min_samples_leaf': 20}",0,0.272086516,0.439310158,0.288603326,0.0002926840382,0,-0.0006943928303,4.043949772e-05,False
2024-01-16,57,random_forest,"{'max_depth': 5, 'min_samples_leaf': 20}",0,0.2902418866,0.4301555884,0.279602525,3.274226255e-05,0,0.0009961450731,4.043949772e-05,False
2024-01-17,57,random_forest,"{'max_depth': 5, 'min_samples_leaf': 20}",0,0.2978200585,0.4079116287,0.2942683127,7.531728899e-05,0,0.005231915801,4.058789954e-05,False
2024-01-18,57,random_forest,"{'max_depth': 5, 'min_samples_leaf': 20}",0,0.2885908946,0.4170031849,0.2944059205,0.000171063967,0,0.01000732511,4.043949772e-05,False
2024-01-19,57,random_forest,"{'max_depth': 5, 'min_samples_leaf': 20}",0,0.2552130673,0.5301663391,0.2146205936,-0.0001410249406,0,-0.001156995724,4.043949772e-05,False
2024-01-22,57,random_forest,"{'max_depth': 5, 'min_samples_leaf': 20}",0,0.2289757085,0.6254014511,0.1456228404,-0.000437854831,0,0.00175611162,4.051369863e-05,False
2024-01-23,58,random_forest,"{'max_depth': 5, 'min_samples_leaf': 20}",0,0.2135715709,0.6038493189,0.1825791102,3.700955241e-05,0,-0.004960912908,4.043949772e-05,False
2024-01-24,58,random_forest,"{'max_depth': 5, 'min_samples_leaf': 20}",0,0.2591282311,0.4542911983,0.2865805706,0.0004220698836,0,0.0009229505298,4.03652968e-05,False
2024-01-25,58,random_forest,"{'max_depth': 5, 'min_samples_leaf': 20}",0,0.2489134736,0.5184424868,0.2326440396,8.540479653e-05,0,-0.0003691476343,4.03652968e-05,False
2024-01-26,58,random_forest,"{'max_depth': 5, 'min_samples_leaf': 20}",0,0.2522212537,0.4757396213,0.272039125,0.0003737177792,0,0.007258068876,4.03652968e-05,False
2024-01-29,58,random_forest,"{'max_depth': 5, 'min_samples_leaf': 20}",0,0.2440797598,0.5171065946,0.2388136456,0.000185212704,0,0.0006727355109,4.021689498e-05,False
2024-01-30,58,random_forest,"{'max_depth': 5, 'min_samples_leaf': 20}",0,0.2582402296,0.4950227021,0.2467370683,0.0001053782067,0,-0.01174735011,4.021689498e-05,False
2024-01-31,58,random_forest,"{'max_depth': 5, 'min_samples_leaf': 20}",0,0.2593414143,0.3922842599,0.3483743259,0.0009251185807,1,0.009429889476,4.021689498e-05,False
2024-02-01,58,random_forest,"{'max_depth': 5, 'min_samples_leaf': 20}",0,0.2446807741,0.4060097245,0.3493095013,0.001082489077,1,0.009598718036,4.021689498e-05,False
2024-02-02,58,random_forest,"{'max_depth': 5, 'min_samples_leaf': 20}",0,0.2356071023,0.5154067568,0.2489861408,0.0003549116285,0,-0.002329399358,4.029109589e-05,False
2024-02-05,58,random_forest,"{'max_depth': 5, 'min_samples_leaf': 20}",0,0.2113993545,0.6314752865,0.1571253589,-0.000148916209,0,0.0009321243875,4.021689498e-05,False
2024-02-06,58,random_forest,"{'max_depth': 5, 'min_samples_leaf': 20}",0,0.2045457752,0.6551354652,0.1403187596,-0.0002163335522,0,0.003647056246,4.03652968e-05,False
2024-02-07,58,random_forest,"{'max_depth': 5, 'min_samples_leaf': 20}",0,0.2412915235,0.5205610856,0.2381473908,0.0002082407827,0,0.0004416807419,4.029109589e-05,False
2024-02-08,58,random_forest,"{'max_depth': 5, 'min_samples_leaf': 20}",0,0.2302396217,0.5954471628,0.1743132155,-0.0002007979726,0,0.004731007722,4.03652968e-05,False
2024-02-09,58,random_forest,"{'max_depth': 5, 'min_samples_leaf': 20}",0,0.2396075544,0.5538876945,0.2065047511,-3.327165792e-05,0,-0.0003791176498,4.03652968e-05,False
2024-02-12,58,random_forest,"{'max_depth': 5, 'min_samples_leaf': 20}",0,0.2683793267,0.4663999415,0.2652207318,0.0001529532713,0,-0.0009099797242,4.029109589e-05,False
2024-02-13,58,random_forest,"{'max_depth': 5, 'min_samples_leaf': 20}",0,0.2924786096,0.453471637,0.2540497534,-0.0001844990569,0,0.003583000385,4.043949772e-05,False
2024-02-14,58,random_forest,"{'max_depth': 5, 'min_samples_leaf': 20}",0,0.2452721574,0.5540005441,0.2007272985,-0.000138358929,0,0.005447738078,4.029109589e-05,False
2024-02-15,58,random_forest,"{'max_depth': 5, 'min_samples_leaf': 20}",0,0.2279149754,0.5774274684,0.1946575562,-1.072172098e-05,0,-0.004365163092,4.029109589e-05,False
2024-02-16,58,random_forest,"{'max_depth': 5, 'min_samples_leaf': 20}",0,0.2641287177,0.5319391315,0.2039321509,-0.0003047321604,0,-0.001928778175,4.03652968e-05,False
2024-02-20,58,random_forest,"{'max_depth': 5, 'min_samples_leaf': 20}",0,0.2856873035,0.4448277596,0.2694849369,1.105650573e-05,0,0.00361305153,4.03652968e-05,False
2024-02-21,58,random_forest,"{'max_depth': 5, 'min_samples_leaf': 20}",0,0.2838586961,0.4558522262,0.2602890777,-4.545386644e-05,0,0.006924446385,4.03652968e-05,False
2024-02-22,59,random_forest,"{'max_depth': 5, 'min_samples_leaf': 20}",0,0.216178078,0.6358378408,0.1479840812,-0.000258322304,0,-0.002788271205,4.043949772e-05,False
2024-02-23,59,random_forest,"{'max_depth': 5, 'min_samples_leaf': 20}",0,0.2314273046,0.6026697586,0.1659029368,-0.000267882108,0,-0.004544555539,4.051369863e-05,False
2024-02-26,59,random_forest,"{'max_depth': 5, 'min_samples_leaf': 20}",0,0.2269616657,0.6082812635,0.1647570708,-0.000231690971,0,0.0004538789774,4.058789954e-05,False
2024-02-27,59,random_forest,"{'max_depth': 5, 'min_samples_leaf': 20}",0,0.2315899888,0.5643558699,0.2040541413,4.105632482e-05,0,0.001840427454,4.043949772e-05,False
2024-02-28,59,random_forest,"{'max_depth': 5, 'min_samples_leaf': 20}",0,0.2439817895,0.536880192,0.2191380185,3.754315549e-05,0,1.964164165e-05,4.043949772e-05,False
2024-02-29,59,random_forest,"{'max_depth': 5, 'min_samples_leaf': 20}",0,0.254682747,0.4515426275,0.2937746255,0.0005360962697,1,0.007603372525,4.043949772e-05,False
2024-03-01,59,random_forest,"{'max_depth': 5, 'min_samples_leaf': 20}",0,0.2180203928,0.5878301234,0.1941494838,9.874026954e-05,0,0.0005272317852,4.021689498e-05,False
2024-03-04,59,random_forest,"{'max_depth': 5, 'min_samples_leaf': 20}",0,0.2394419312,0.5710955927,0.1894624761,-0.0001577750729,0,-0.005997172995,4.066210046e-05,False
