date,step,model,params,delta,p_short,p_flat,p_long,mu_hat,position,realised_o2c,financing,calibration_skipped
2019-03-21,0,random_forest,"{'max_depth': 3, 'min_samples_leaf': 50}",0,0.2268885165,0.5261701417,0.2469413418,0.000313632241,0,-0.01401737609,1.84760274e-05,False
2019-03-22,0,random_forest,"{'max_depth': 3, 'min_samples_leaf': 50}",0,0.3324905567,0.2363985287,0.4311109146,0.0007197638715,1,0.000609651319,1.825342466e-05,False
2019-03-25,0,random_forest,"{'max_depth': 3, 'min_samples_leaf': 50}",0,0.3197460798,0.3114396889,0.3688142313,0.0003937731932,0,0.000462667283,1.825342466e-05,False
2019-03-26,0,random_forest,"{'max_depth': 3, 'min_samples_leaf': 50}",0,0.2800288925,0.440571145,0.2793999625,0.0001017602036,0,-0.005193666562,1.825342466e-05,False
2019-03-27,0,random_forest,"{'max_depth': 3, 'min_samples_leaf': 50}",0,0.3318739778,0.2905070594,0.3776189628,0.0003550747156,0,0.001284056963,1.810502283e-05,False
2019-03-28,0,random_forest,"{'max_depth': 3, 'min_samples_leaf': 50}",0,0.307677222,0.3713165262,0.3210062518,0.000162386096,0,0.0003186954712,1.803082192e-05,False
2019-03-29,0,random_forest,"{'max_depth': 3, 'min_samples_leaf': 50}",0,0.2388047684,0.5318864283,0.2293088034,9.392968934e-05,0,0.003968999875,1.780821918e-05,False
2019-04-01,0,random_forest,"{'max_depth': 3, 'min_samples_leaf': 50}",0,0.2136162136,0.5829123698,0.2034714166,0.0001221101405,0,-0.0002447466589,1.803082192e-05,False
2019-04-02,0,random_forest,"{'max_depth': 3, 'min_samples_leaf': 50}",0,0.2273282796,0.5529512246,0.2197204958,0.0001218643952,0,-0.003132374362,1.7956621e-05,False
2019-04-03,0,random_forest,"{'max_depth': 3, 'min_samples_leaf': 50}",0,0.2628153439,0.5066760407,0.2305086154,-9.48821342e-05,0,0.001394775957,1.810502283e-05,False
2019-04-04,0,random_forest,"{'max_depth': 3, 'min_samples_leaf': 50}",0,0.2177879313,0.5674825783,0.2147294904,0.0001656829123,0,0.002257550192,1.810502283e-05,False
2019-04-05,0,random_forest,"{'max_depth': 3, 'min_samples_leaf': 50}",0,0.2125592041,0.6025407752,0.1849000207,2.416770409e-06,0,0.002395009985,1.810502283e-05,False
2019-04-08,0,random_forest,"{'max_depth': 3, 'min_samples_leaf': 50}",0,0.2437461704,0.5531957159,0.2030581136,-0.0001280865871,0,-0.001425009338,1.803082192e-05,False
2019-04-09,0,random_forest,"{'max_depth': 3, 'min_samples_leaf': 50}",0,0.268959438,0.4833104961,0.2477300659,-2.628034092e-05,0,0.001807066573,1.7956621e-05,False
2019-04-10,0,random_forest,"{'max_depth': 3, 'min_samples_leaf': 50}",0,0.2353390369,0.5586606556,0.2060003075,-3.873434351e-05,0,-0.00214657489,1.803082192e-05,False
2019-04-11,0,random_forest,"{'max_depth': 3, 'min_samples_leaf': 50}",0,0.3092160607,0.4670528866,0.2237310527,-0.0005226386472,-1,0.0005517366678,1.803082192e-05,False
2019-04-12,0,random_forest,"{'max_depth': 3, 'min_samples_leaf': 50}",0,0.263513789,0.5387326051,0.1977536059,-0.0003270271497,0,-0.0009302265395,1.810502283e-05,False
2019-04-15,0,random_forest,"{'max_depth': 3, 'min_samples_leaf': 50}",0,0.2541230587,0.5210916302,0.2247853111,-6.308729885e-05,0,-0.002715272611,1.803082192e-05,False
2019-04-16,0,random_forest,"{'max_depth': 3, 'min_samples_leaf': 50}",0,0.3197342003,0.4522640532,0.2280017465,-0.0005794629391,-1,-0.006691769917,1.803082192e-05,False
2019-04-17,0,random_forest,"{'max_depth': 3, 'min_samples_leaf': 50}",0,0.2832959618,0.4806934414,0.2360105968,-0.0002249784291,0,-0.0002758255876,1.810502283e-05,False
2019-04-18,0,random_forest,"{'max_depth': 3, 'min_samples_leaf': 50}",0,0.2550230933,0.5178587097,0.227118197,-5.435024033e-05,0,0.003803905843,1.7956621e-05,False
2019-04-22,1,random_forest,"{'max_depth': 3, 'min_samples_leaf': 50}",0,0.2472129521,0.5395373243,0.2132497236,-0.0001033559094,0,0.007568502177,1.810502283e-05,False
2019-04-23,1,random_forest,"{'max_depth': 3, 'min_samples_leaf': 50}",0,0.1909563885,0.6174571978,0.1915864137,0.000207123018,0,-0.001912625484,1.817922374e-05,False
2019-04-24,1,random_forest,"{'max_depth': 3, 'min_samples_leaf': 50}",0,0.2324387463,0.5527645314,0.2147967223,2.771621978e-05,0,-0.0002396527039,1.810502283e-05,False
2019-04-25,1,random_forest,"{'max_depth': 3, 'min_samples_leaf': 50}",0,0.2413883459,0.5236008808,0.2350107733,9.310187112e-05,0,0.004484756998,1.803082192e-05,False
2019-04-26,1,random_forest,"{'max_depth': 3, 'min_samples_leaf': 50}",0,0.1894681836,0.5982997555,0.212232061,0.0003605826036,0,0.001226484177,1.7956621e-05,False
2019-04-29,1,random_forest,"{'max_depth': 3, 'min_samples_leaf': 50}",0,0.2609457792,0.5214744376,0.2175797833,-0.000185706087,0,0.001805849229,1.810502283e-05,False
2019-04-30,1,random_forest,"{'max_depth': 3, 'min_samples_leaf': 50}",0,0.235973849,0.4806623572,0.2833637939,0.0004682423295,1,-0.009873790788,1.803082192e-05,False
2019-05-01,1,random_forest,"{'max_depth': 3, 'min_samples_leaf': 50}",0,0.3034402771,0.36951834,0.3270413829,0.0002170396507,0,-0.001714207423,1.803082192e-05,False
2019-05-02,1,random_forest,"{'max_depth': 3, 'min_samples_leaf': 50}",0,0.3713664008,0.2953394468,0.3332941524,-0.0002940918101,0,0.004132201856,1.832762557e-05,False
2019-05-03,1,random_forest,"{'max_depth': 3, 'min_samples_leaf': 50}",0,0.1991126201,0.590695349,0.2101920309,0.0002679684953,0,0.0123422897,1.803082192e-05,False
2019-05-06,1,random_forest,"{'max_depth': 3, 'min_samples_leaf': 50}",0,0.2763515613,0.4172359686,0.3064124701,0.0002967374349,0,-0.007651219595,1.810502283e-05,False
2019-05-07,1,random_forest,"{'max_depth': 3, 'min_samples_leaf': 50}",0,0.3493855912,0.2383058095,0.4123085993,0.0004260290723,1,0,1.803082192e-05,False
2019-05-08,1,random_forest,"{'max_depth': 3, 'min_samples_leaf': 50}",0,0.3446350457,0.2738037015,0.3815612528,0.0002542980166,0,0.005013472186,1.803082192e-05,False
2019-05-09,1,random_forest,"{'max_depth': 3, 'min_samples_leaf': 50}",0,0.3218367645,0.3035938114,0.3745694241,0.0003923560341,0,0.008682904136,1.803082192e-05,False
2019-05-10,1,random_forest,"{'max_depth': 3, 'min_samples_leaf': 50}",0,0.3036239855,0.3464771067,0.3498989078,0.0003720056209,0,-0.005523787172,1.803082192e-05,False
2019-05-13,1,random_forest,"{'max_depth': 3, 'min_samples_leaf': 50}",0,0.3439504444,0.2579162239,0.3981333317,0.0003733199208,0,0.005000190671,1.788242009e-05,False
2019-05-14,1,random_forest,"{'max_depth': 3, 'min_samples_leaf': 50}",0,0.3294578767,0.3512997034,0.3192424199,-4.851746238e-05,0,0.01232288533,1.788242009e-05,False
2019-05-15,1,random_forest,"{'max_depth': 3, 'min_samples_leaf': 50}",0,0.3174556785,0.3369608089,0.3455835126,0.000229669418,0,0.006507192374,1.7956621e-05,False
2019-05-16,1,random_forest,"{'max_depth': 3, 'min_samples_leaf': 50}",0,0.2829420336,0.4256791303,0.2913788361,0.0001400845072,0,0.002454870152,1.780821918e-05,False
2019-05-17,1,random_forest,"{'max_depth': 3, 'min_samples_leaf': 50}",0,0.3089537538,0.3178885141,0.3731577321,0.0004877527976,1,-0.0003871908782,1.773401826e-05,False
2019-05-20,1,random_forest,"{'max_depth': 3, 'min_samples_leaf': 50}",0,0.3490686777,0.328431464,0.3224998582,-0.0001861444095,0,0.002379117656,1.773401826e-05,False
2019-05-21,2,random_forest,"{'max_depth': 3, 'min_samples_leaf': 50}",0,0.2600007468,0.4986512504,0.2413480027,2.6509397e-05,0,0.0006305574926,1.773401826e-05,False
2019-05-22,2,random_forest,"{'max_depth': 3, 'min_samples_leaf': 50}",0,0.2621188541,0.4536453167,0.2842358292,0.0003037671108,0,-0.00360216495,1.765981735e-05,False
2019-05-23,2,random_forest,"{'max_depth': 3, 'min_samples_leaf': 50}",0,0.2835457133,0.2413271325,0.4751271542,0.001440114587,1,-0.003383349301,1.758561644e-05,False
2019-05-24,2,random_forest,"{'max_depth': 3, 'min_samples_leaf': 50}",0,0.2854734401,0.3208808294,0.3936457306,0.0008648936365,1,-0.01038539825,1.743721461e-05,False
2019-05-28,2,random_forest,"{'max_depth': 3, 'min_samples_leaf': 50}",0,0.2928072538,0.2840545591,0.4231381871,0.001007694994,1,-0.002294699308,1.758561644e-05,False
2019-05-29,2,random_forest,"{'max_depth': 3, 'min_samples_leaf': 50}",0,0.2936168075,0.2210643263,0.4853188662,0.001428090109,1,-0.0002865770761,1.758561644e-05,False
2019-05-30,2,random_forest,"{'max_depth': 3, 'min_samples_leaf': 50}",0,0.2897275417,0.2794586388,0.4308138195,0.001085481008,1,-0.003367208977,1.765981735e-05,False
2019-05-31,2,random_forest,"{'max_depth': 3, 'min_samples_leaf': 50}",0,0.2902378173,0.2647008596,0.4450613231,0.001179161715,1,-0.002687843638,1.743721461e-05,False
2019-06-03,2,random_forest,"{'max_depth': 3, 'min_samples_leaf': 50}",0,0.2900053905,0.2777260475,0.432268562,0.001093208007,1,0.01230515209,1.743721461e-05,False
2019-06-04,2,random_forest,"{'max_depth': 3, 'min_samples_leaf': 50}",0,0.2562445073,0.4268637252,0.3168917674,0.0005758468772,1,0.002231448764,1.743721461e-05,False
2019-06-05,2,random_forest,"{'max_depth': 3, 'min_samples_leaf': 50}",0,0.2311963328,0.5009442632,0.267859404,0.0004431168057,1,0.005330153611,1.743721461e-05,False
2019-06-06,2,random_forest,"{'max_depth': 3, 'min_samples_leaf': 50}",0,0.2313733013,0.5204014174,0.2482252813,0.0003068505352,0,0.006015462825,1.728881279e-05,False
2019-06-07,2,random_forest,"{'max_depth': 3, 'min_samples_leaf': 50}",0,0.2238908431,0.5702368222,0.2058723347,7.694813529e-05,0,-0.001382292397,1.691780822e-05,False
2019-06-10,2,random_forest,"{'max_depth': 3, 'min_samples_leaf': 50}",0,0.229969781,0.5828779759,0.1871522432,-0.0001011018206,0,-0.007182365316,1.699200913e-05,False
2019-06-11,2,random_forest,"{'max_depth': 3, 'min_samples_leaf': 50}",0,0.2337015335,0.5609467751,0.2053516914,-6.516331268e-06,0,-0.0008661305372,1.684360731e-05,False
2019-06-12,2,random_forest,"{'max_depth': 3, 'min_samples_leaf': 50}",0,0.2267225421,0.5842024651,0.1890749928,-6.145598872e-05,0,0.0006219512546,1.662100457e-05,False
2019-06-13,2,random_forest,"{'max_depth': 3, 'min_samples_leaf': 50}",0,0.2103993541,0.6188137332,0.1707869127,-5.41169922e-05,0,0,1.625e-05,False
2019-06-14,2,random_forest,"{'max_depth': 3, 'min_samples_leaf': 50}",0,0.2433713452,0.5464308905,0.2101977643,-5.198100532e-05,0,-0.0005180781187,1.632420091e-05,False
2019-06-17,2,random_forest,"{'max_depth': 3, 'min_samples_leaf': 50}",0,0.2348656537,0.5554112055,0.2097231408,1.402236685e-05,0,0.003466073504,1.654680365e-05,False
2019-06-18,2,random_forest,"{'max_depth': 3, 'min_samples_leaf': 50}",0,0.2569236339,0.4826947175,0.2603816486,0.0001822683818,0,0.001743325209,1.647260274e-05,False
2019-06-19,2,random_forest,"{'max_depth': 3, 'min_samples_leaf': 50}",0,0.2336564894,0.5230173441,0.2433261666,0.0002546167018,0,-0.0006081043424,1.617579909e-05,False
2019-06-20,3,random_forest,"{'max_depth': 3, 'min_samples_leaf': 50}",0,0.2298266999,0.5056514745,0.2645218257,0.0004223670454,1,-0.0004419982959,1.587899543e-05,False
2019-06-21,3,random_forest,"{'max_depth': 3, 'min_samples_leaf': 50}",0,0.244318664,0.4942105089,0.2614708272,0.0002843603716,0,-0.002005221557,1.565639269e-05,False
2019-06-24,3,random_forest,"{'max_depth': 3, 'min_samples_leaf': 50}",0,0.2262561424,0.5368947356,0.236849122,0.0002613671809,0,-0.0100102222,1.580479452e-05,False
2019-06-25,3,random_forest,"{'max_depth': 3, 'min_samples_leaf': 50}",0,0.2490680744,0.4065446585,0.3443872671,0.0008148295601,1,-0.00438731374,1.573059361e-05,False
2019-06-26,3,random_forest,"{'max_depth': 3, 'min_samples_leaf': 50}",0,0.2689550665,0.4841027881,0.2469421454,-1.434102481e-05,0,0.0006522347278,1.595319635e-05,False
2019-06-27,3,random_forest,"{'max_depth': 3, 'min_samples_leaf': 50}",0,0.2342312177,0.5343503872,0.2314183952,0.0001596824115,0,0.001435550663,1.587899543e-05,False
2019-06-28,3,random_forest,"{'max_depth': 3, 'min_samples_leaf': 50}",0,0.2119096642,0.5536574668,0.2344328691,0.0003606911151,0,-0.003438010879,1.573059361e-05,False
2019-07-01,3,random_forest,"{'max_depth': 3, 'min_samples_leaf': 50}",0,0.2451251632,0.501830578,0.2530442588,0.0002200354983,0,0.002773950079,1.639840183e-05,False
2019-07-02,3,random_forest,"{'max_depth': 3, 'min_samples_leaf': 50}",0,0.2027485581,0.5533499162,0.2439015258,0.0004996591484,1,0.005451225176,8.789954338e-06,False
2019-07-03,3,random_forest,"{'max_depth': 3, 'min_samples_leaf': 50}",0,0.1878973101,0.5829728553,0.2291298346,0.0005182979778,1,0.003429226292,1.639840183e-05,False
2019-07-05,3,random_forest,"{'max_depth': 3, 'min_samples_leaf': 50}",0,0.2265553245,0.5455604138,0.2278842616,0.000197447864,0,-0.0006397172043,1.654680365e-05,False
2019-07-08,3,random_forest,"{'max_depth': 3, 'min_samples_leaf': 50}",0,0.2201608165,0.5304425874,0.2493965961,0.0003966896626,0,0.005582979894,1.676940639e-05,False
2019-07-09,3,random_forest,"{'max_depth': 3, 'min_samples_leaf': 50}",0,0.2035161706,0.5775978082,0.2188860211,0.0003218420646,0,0.000804337671,1.676940639e-05,False
2019-07-10,3,random_forest,"{'max_depth': 3, 'min_samples_leaf': 50}",0,0.1966525805,0.5932935202,0.2100538993,0.0003166989969,0,-3.344161618e-05,1.632420091e-05,False
2019-07-11,3,random_forest,"{'max_depth': 3, 'min_samples_leaf': 50}",0,0.2599563691,0.538205654,0.2018379769,-0.0002510752112,0,0.002667960044,1.610159817e-05,False
2019-07-12,3,random_forest,"{'max_depth': 3, 'min_samples_leaf': 50}",0,0.2090865311,0.6062489326,0.1846645364,4.206870885e-05,0,-0.001261929378,1.587899543e-05,False
2019-07-15,3,random_forest,"{'max_depth': 3, 'min_samples_leaf': 50}",0,0.2356774317,0.5587992482,0.2055233201,-2.965104905e-05,0,-0.002893714117,1.602739726e-05,False
2019-07-16,3,random_forest,"{'max_depth': 3, 'min_samples_leaf': 50}",0,0.2801121242,0.501503144,0.2183847318,-0.0003003897513,0,-0.006705620746,1.595319635e-05,False
2019-07-17,3,random_forest,"{'max_depth': 3, 'min_samples_leaf': 50}",0,0.2586959466,0.45777149,0.2835325633,0.0003195630072,0,0.005518301886,1.587899543e-05,False
2019-07-18,3,random_forest,"{'max_depth': 3, 'min_samples_leaf': 50}",0,0.226670344,0.5091781321,0.2641515239,0.0004453257665,1,-0.009565374627,1.521118721e-05,False
2019-07-19,3,random_forest,"{'max_depth': 3, 'min_samples_leaf': 50}",0,0.2666573774,0.3949513345,0.3383912881,0.0006315968562,1,0.0009744585089,1.528538813e-05,False
2019-07-22,4,random_forest,"{'max_depth': 3, 'min_samples_leaf': 50}",0,0.2587010432,0.4772983866,0.2640005702,0.0001706571705,0,0.002975142372,1.550799087e-05,False
2019-07-23,4,random_forest,"{'max_depth': 3, 'min_samples_leaf': 50}",0,0.2306416383,0.5372239716,0.2321343901,0.0001792721029,0,0.007520304608,1.528538813e-05,False
2019-07-24,4,random_forest,"{'max_depth': 3, 'min_samples_leaf': 50}",0,0.2041042563,0.5663242705,0.2295714732,0.00037547539,0,-0.003123554658,1.558219178e-05,False
2019-07-25,4,random_forest,"{'max_depth': 3, 'min_samples_leaf': 50}",0,0.2694011134,0.4379113045,0.2926875821,0.0002801401123,0,0.004156137538,1.558219178e-05,False
2019-07-26,4,random_forest,"{'max_depth': 3, 'min_samples_leaf': 50}",0,0.2091298548,0.5589924682,0.2318776769,0.0003507366662,0,-0.001391325677,1.573059361e-05,False
2019-07-29,4,random_forest,"{'max_depth': 3, 'min_samples_leaf': 50}",0,0.2426857832,0.5152184292,0.2420957876,0.0001502265238,0,0.002700802138,1.573059361e-05,False
2019-07-30,4,random_forest,"{'max_depth': 3, 'min_samples_leaf': 50}",0,0.2504911633,0.4805372913,0.2689715454,0.0002706653558,0,-0.01182762748,1.543378995e-05,False
2019-07-31,4,random_forest,"{'max_depth': 3, 'min_samples_leaf': 50}",0,0.3049721096,0.3325221796,0.3625057108,0.0004698675914,1,-0.009274225956,1.543378995e-05,False
2019-08-01,4,random_forest,"{'max_depth': 3, 'min_samples_leaf': 50}",0,0.2824893515,0.30159948,0.4159111684,0.001015118502,1,-0.004185846474,1.535958904e-05,False
2019-08-02,4,random_forest,"{'max_depth': 3, 'min_samples_leaf': 50}",0,0.2761544393,0.3023026625,0.4215428982,0.001104535481,1,-0.01482171915,1.528538813e-05,False
2019-08-05,4,random_forest,"{'max_depth': 3, 'min_samples_leaf': 50}",0,0.2840911054,0.3254610477,0.3904478469,0.0008285649677,1,0.006610416356,1.521118721e-05,False
2019-08-06,4,random_forest,"{'max_depth': 3, 'min_samples_leaf': 50}",0,0.2730101,0.3566856827,0.3703042173,0.000780413945,1,0.01255276835,1.521118721e-05,False
2019-08-07,4,random_forest,"{'max_depth': 3, 'min_samples_leaf': 50}",0,0.2834632037,0.3342491117,0.3822876846,0.0007779698215,1,0.01381120086,1.498858447e-05,False
2019-08-08,4,random_forest,"{'max_depth': 3, 'min_samples_leaf': 50}",0,0.2392314789,0.4338150784,0.3269534427,0.0007567574408,1,-0.003281124825,1.498858447e-05,False
2019-08-09,4,random_forest,"{'max_depth': 3, 'min_samples_leaf': 50}",0,0.2704337202,0.3743436788,0.355222601,0.0006983048865,1,-0.006518085842,1.484018265e-05,False
2019-08-12,4,random_forest,"{'max_depth': 3, 'min_samples_leaf': 50}",0,0.2579751636,0.366058261,0.3759665754,0.0009400933828,1,0.01671647213,1.484018265e-05,False
2019-08-13,4,random_forest,"{'max_depth': 3, 'min_samples_leaf': 50}",0,0.2298589779,0.4895615539,0.2805794682,0.0005159623327,1,-0.01447569448,1.484018265e-05,False
2019-08-14,4,random_forest,"{'max_depth': 3, 'min_samples_leaf': 50}",0,0.2841109752,0.3214320281,0.3944569966,0.0008557467732,1,-0.0008073962632,1.4543379e-05,False
2019-08-15,4,random_forest,"{'max_depth': 3, 'min_samples_leaf': 50}",0,0.2680226615,0.3592716302,0.3727057083,0.0008369511712,1,0.008272811349,1.417237443e-05,False
2019-08-16,4,random_forest,"{'max_depth': 3, 'min_samples_leaf': 50}",0,0.2392680551,0.4534177018,0.3073142431,0.0006225265324,1,0.0004790858891,1.387557078e-05,False
2019-08-19,4,random_forest,"{'max_depth': 3, 'min_samples_leaf': 50}",0,0.2245010561,0.5498812659,0.225617678,0.0001842737655,0,-0.005757935031,1.439497717e-05,False
2019-08-20,5,random_forest,"{'max_depth': 3, 'min_samples_leaf': 50}",0,0.275802284,0.4343651906,0.2898325253,0.0002096683755,0,-0.000102566931,1.439497717e-05,False
2019-08-21,5,random_forest,"{'max_depth': 3, 'min_samples_leaf': 50}",0,0.2255931391,0.5638604221,0.2105464388,6.881154125e-05,0,-0.002967041529,1.461757991e-05,False
2019-08-22,5,random_forest,"{'max_depth': 3, 'min_samples_leaf': 50}",0,0.2557552846,0.494008749,0.2502359665,9.853753596e-05,0,-0.02086486665,1.484018265e-05,False
2019-08-23,5,random_forest,"{'max_depth': 3, 'min_samples_leaf': 50}",0,0.3026249976,0.3560731017,0.3413019007,0.0003479182182,0,0.002541201613,1.461757991e-05,False
2019-08-26,5,random_forest,"{'max_depth': 3, 'min_samples_leaf': 50}",0,0.2756064367,0.4427494231,0.2816441402,0.000154648962,0,-0.009221569709,1.491438356e-05,False
2019-08-27,5,random_forest,"{'max_depth': 3, 'min_samples_leaf': 50}",0,0.304415632,0.3685112143,0.3270731537,0.0002350274713,0,0.009610679646,1.469178082e-05,False
2019-08-28,5,random_forest,"{'max_depth': 3, 'min_samples_leaf': 50}",0,0.2405157521,0.4842659456,0.2752183023,0.0003948588773,0,0.002947982418,1.476598174e-05,False
2019-08-29,5,random_forest,"{'max_depth': 3, 'min_samples_leaf': 50}",0,0.2336164974,0.5228975059,0.2434859968,0.0002314491998,0,-0.00601586938,1.476598174e-05,False
2019-08-30,5,random_forest,"{'max_depth': 3, 'min_samples_leaf': 50}",0,0.2334962171,0.50416242,0.262341363,0.0003627758841,0,0.0005849982521,1.476598174e-05,False
2019-09-03,5,random_forest,"{'max_depth': 3, 'min_samples_leaf': 50}",0,0.2848233053,0.4223134987,0.292863196,0.0001574473068,0,0.003070184153,1.469178082e-05,False
2019-09-04,5,random_forest,"{'max_depth': 3, 'min_samples_leaf': 50}",0,0.2115790013,0.5531686704,0.2352523283,0.0003532821392,0,0.003470463428,1.461757991e-05,False
2019-09-05,5,random_forest,"{'max_depth': 3, 'min_samples_leaf': 50}",0,0.2053183355,0.5942433173,0.2004383472,0.000163388378,0,-0.0004025409508,1.461757991e-05,False
2019-09-06,5,random_forest,"{'max_depth': 3, 'min_samples_leaf': 50}",0,0.2045759452,0.592243572,0.2031804828,0.0001883671212,0,-0.003142349639,1.4543379e-05,False
2019-09-09,5,random_forest,"{'max_depth': 3, 'min_samples_leaf': 50}",0,0.2349294643,0.5574371488,0.2076333869,-2.705725339e-05,0,0.002589519671,1.4543379e-05,False
2019-09-10,5,random_forest,"{'max_depth': 3, 'min_samples_leaf': 50}",0,0.2249378693,0.5528485355,0.2222135953,0.0001547841358,0,0.005963744338,1.446917808e-05,False
2019-09-11,5,random_forest,"{'max_depth': 3, 'min_samples_leaf': 50}",0,0.2010819008,0.5965437716,0.2023743276,0.0002111354448,0,0.0001328084059,1.4543379e-05,False
2019-09-12,5,random_forest,"{'max_depth': 3, 'min_samples_leaf': 50}",0,0.2451815021,0.5320638882,0.2227546098,-5.679047056e-06,0,-0.00228644197,1.446917808e-05,False
2019-09-13,5,random_forest,"{'max_depth': 3, 'min_samples_leaf': 50}",0,0.2787754025,0.4828228546,0.2384017428,-0.0001699992905,0,0.001067260595,1.4543379e-05,False
2019-09-16,5,random_forest,"{'max_depth': 3, 'min_samples_leaf': 50}",0,0.2537488798,0.5023255779,0.2439255423,7.118693272e-05,0,0.003267356766,1.476598174e-05,False
2019-09-17,5,random_forest,"{'max_depth': 3, 'min_samples_leaf': 50}",0,0.2115025471,0.5753146612,0.2131827917,0.0002013310139,0,0.002030070357,1.476598174e-05,False
2019-09-18,5,random_forest,"{'max_depth': 3, 'min_samples_leaf': 50}",0,0.2243629189,0.533965467,0.2416716141,0.0002939650739,0,-0.001492429498,1.446917808e-05,False
2019-09-19,6,random_forest,"{'max_depth': 3, 'min_samples_leaf': 50}",0,0.2538259777,0.4930521222,0.2531219001,0.000122893753,0,-0.006924978814,1.432077626e-05,False
2019-09-20,6,random_forest,"{'max_depth': 3, 'min_samples_leaf': 50}",0,0.2850788487,0.4117224106,0.3031987407,0.0002134657193,0,0.002218127056,1.417237443e-05,False
2019-09-23,6,random_forest,"{'max_depth': 3, 'min_samples_leaf': 50}",0,0.2639598748,0.4835717675,0.2524683577,3.620835524e-05,0,-0.01182328073,1.439497717e-05,False
2019-09-24,6,random_forest,"{'max_depth': 3, 'min_samples_leaf': 50}",0,0.3315261794,0.3261975618,0.3422762588,0.000105224129,0,0.005608878449,1.424657534e-05,False
2019-09-25,6,random_forest,"{'max_depth': 3, 'min_samples_leaf': 50}",0,0.3057134535,0.4045004383,0.2897861081,-4.605340811e-05,0,-0.002116738368,1.40239726e-05,False
2019-09-26,6,random_forest,"{'max_depth': 3, 'min_samples_leaf': 50}",0,0.3014259877,0.3837904219,0.3147835904,0.0001604711655,0,-0.008158992803,1.357876712e-05,False
2019-09-27,6,random_forest,"{'max_depth': 3, 'min_samples_leaf': 50}",0,0.312998899,0.3393198192,0.3476812818,0.0002926333363,0,0.002702935204,1.335616438e-05,False
2019-09-30,6,random_forest,"{'max_depth': 3, 'min_samples_leaf': 50}",0,0.2997155416,0.4070859175,0.2931985409,2.604079752e-05,0,-0.01511385802,1.394977169e-05,False
2019-10-01,6,random_forest,"{'max_depth': 3, 'min_samples_leaf': 50}",0,0.3336264408,0.3443805592,0.321993,-5.117037605e-05,0,-0.01180103738,1.350456621e-05,False
2019-10-02,6,random_forest,"{'max_depth': 3, 'min_samples_leaf': 50}",0,0.3283883991,0.3121036906,0.3595079103,0.0002490672862,0,0.009068537878,1.328196347e-05,False
2019-10-03,6,random_forest,"{'max_depth': 3, 'min_samples_leaf': 50}",0,0.3047179594,0.3327037384,0.3625783021,0.0004621517264,1,0.01102559349,1.261415525e-05,False
2019-10-04,6,random_forest,"{'max_depth': 3, 'min_samples_leaf': 50}",0,0.2436599882,0.4785454949,0.277794517,0.0003748664624,0,-0.001328976066,1.268835616e-05,False
2019-10-07,6,random_forest,"{'max_depth': 3, 'min_samples_leaf': 50}",0,0.3063436167,0.3724283036,0.3212280797,0.0001648626447,0,-0.008624277072,1.298515982e-05,False
2019-10-08,6,random_forest,"{'max_depth': 3, 'min_samples_leaf': 50}",0,0.307907879,0.3343557391,0.3577363819,0.0004030113642,0,0.001788440467,1.276255708e-05,False
2019-10-09,6,random_forest,"{'max_depth': 3, 'min_samples_leaf': 50}",0,0.3029699862,0.412849066,0.2841809479,-6.23125689e-05,0,0.007074653583,1.253995434e-05,False
2019-10-10,6,random_forest,"{'max_depth': 3, 'min_samples_leaf': 50}",0,0.2457344857,0.5282119102,0.226053604,2.545925812e-06,0,3.378612164e-05,1.246575342e-05,False
2019-10-11,6,random_forest,"{'max_depth': 3, 'min_samples_leaf': 50}",0,0.2659748143,0.4966903432,0.2373348425,-8.411194894e-05,0,6.764951244e-05,1.246575342e-05,False
2019-10-14,6,random_forest,"{'max_depth': 3, 'min_samples_leaf': 50}",0,0.2291240929,0.5616214128,0.2092544943,2.18502746e-05,0,0.005991244514,1.246575342e-05,False
2019-10-15,6,random_forest,"{'max_depth': 3, 'min_samples_leaf': 50}",0,0.1870807487,0.6442223095,0.1686969419,8.420270563e-05,0,0.0001005422544,1.239155251e-05,False
2019-10-16,6,random_forest,"{'max_depth': 3, 'min_samples_leaf': 50}",0,0.2204669222,0.5798371648,0.199695913,2.639399813e-05,0,-0.001334736491,1.23173516e-05,False
2019-10-17,6,random_forest,"{'max_depth': 3, 'min_samples_leaf': 50}",0,0.2103337327,0.5840411629,0.2056251044,0.0001493208734,0,-0.002410530152,1.23173516e-05,False
2019-10-18,7,random_forest,"{'max_depth': 3, 'min_samples_leaf': 50}",0,0.2383402011,0.5375824866,0.2240773124,2.605497602e-05,0,0.00190360291,1.23173516e-05,False
2019-10-21,7,random_forest,"{'max_depth': 3, 'min_samples_leaf': 50}",0,0.21226309,0.6041781514,0.1835587586,-3.924865716e-05,0,-0.005223158273,1.239155251e-05,False
2019-10-22,7,random_forest,"{'max_depth': 3, 'min_samples_leaf': 50}",0,0.2380050009,0.5471077008,0.2148872983,-3.437295754e-05,0,0.003849609572,1.224315068e-05,False
2019-10-23,7,random_forest,"{'max_depth': 3, 'min_samples_leaf': 50}",0,0.2059311412,0.6028920555,0.1911768033,6.488437421e-05,0,-0.001794585102,1.224315068e-05,False
2019-10-24,7,random_forest,"{'max_depth': 3, 'min_samples_leaf': 50}",0,0.2369975776,0.5534641529,0.2095382695,-6.290342833e-05,0,0.006205431354,1.239155251e-05,False
2019-10-25,7,random_forest,"{'max_depth': 3, 'min_samples_leaf': 50}",0,0.2325584798,0.5633361352,0.204105385,-6.395313526e-05,0,0.001188305672,1.23173516e-05,False
2019-10-28,7,random_forest,"{'max_depth': 3, 'min_samples_leaf': 50}",0,0.2454454772,0.5624917384,0.1920627844,-0.000252092472,0,0.0006930412137,1.224315068e-05,False
2019-10-29,7,random_forest,"{'max_depth': 3, 'min_samples_leaf': 50}",0,0.255251847,0.524464354,0.220283799,-0.0001382886836,0,0.002339985904,1.209474886e-05,False
2019-10-30,7,random_forest,"{'max_depth': 3, 'min_samples_leaf': 50}",0,0.2280926138,0.5526755735,0.2192318126,7.65325635e-05,0,-0.00263051452,1.202054795e-05,False
2019-10-31,7,random_forest,"{'max_depth': 3, 'min_samples_leaf': 50}",0,0.2545764214,0.4707666847,0.2746568939,0.0002409726245,0,0.004001053051,1.142694064e-05,False
2019-11-01,7,random_forest,"{'max_depth': 3, 'min_samples_leaf': 50}",0,0.2428058876,0.5165059657,0.2406881467,0.0001037200847,0,-0.001559236591,1.127853881e-05,False
2019-11-04,7,random_forest,"{'max_depth': 3, 'min_samples_leaf': 50}",0,0.2418667861,0.5630627518,0.195070462,-0.0002021597368,0,-0.001820597182,1.135273973e-05,False
2019-11-05,7,random_forest,"{'max_depth': 3, 'min_samples_leaf': 50}",0,0.2772282152,0.5110519641,0.2117198207,-0.0003768314765,0,0.0002280148552,1.157534247e-05,False
2019-11-06,7,random_forest,"{'max_depth': 3, 'min_samples_leaf': 50}",0,0.2251901488,0.5699565097,0.2048533415,1.43103299e-06,0,-0.001263942339,1.157534247e-05,False
2019-11-07,7,random_forest,"{'max_depth': 3, 'min_samples_leaf': 50}",0,0.283091494,0.4864300083,0.2304784977,-0.0002958295762,0,0.003703751624,1.157534247e-05,False
2019-11-08,7,random_forest,"{'max_depth': 3, 'min_samples_leaf': 50}",0,0.2380208428,0.5361586866,0.2258204705,4.064780617e-05,0,0.003025153075,1.150114155e-05,False
2019-11-11,7,random_forest,"{'max_depth': 3, 'min_samples_leaf': 50}",0,0.2413943002,0.5454468916,0.2131588082,-7.396461032e-05,0,0.0008097166434,1.150114155e-05,False
2019-11-12,7,random_forest,"{'max_depth': 3, 'min_samples_leaf': 50}",0,0.2599192023,0.5117266502,0.2283541474,-0.0001209763163,0,0.003864773671,1.179794521e-05,False
2019-11-13,7,random_forest,"{'max_depth': 3, 'min_samples_leaf': 50}",0,0.2419756539,0.5186853341,0.2393390119,0.0001012346061,0,0.002461152465,1.164954338e-05,False
2019-11-14,7,random_forest,"{'max_depth': 3, 'min_samples_leaf': 50}",0,0.2369898677,0.5221176684,0.2408924639,0.000152675894,0,0.002475787948,1.164954338e-05,False
2019-11-15,7,random_forest,"{'max_depth': 3, 'min_samples_leaf': 50}",0,0.2554143679,0.4779938609,0.2665917712,0.000178685174,0,0.001572850949,1.164954338e-05,False
2019-11-18,8,random_forest,"{'max_depth': 3, 'min_samples_leaf': 50}",0,0.2205202676,0.5394290983,0.2400506341,0.0002990489252,0,-0.002398618703,1.164954338e-05,False
2019-11-19,8,random_forest,"{'max_depth': 3, 'min_samples_leaf': 50}",0,0.2533012394,0.4570853661,0.2896133945,0.000369534419,0,-0.001638427664,1.164954338e-05,False
2019-11-20,8,random_forest,"{'max_depth': 3, 'min_samples_leaf': 50}",0,0.2638177946,0.4078442416,0.3283379638,0.0005471942309,1,-0.001994356715,1.164954338e-05,False
2019-11-21,8,random_forest,"{'max_depth': 3, 'min_samples_leaf': 50}",0,0.2773829753,0.4510903065,0.2715267182,5.111285633e-05,0,-0.0004179012525,1.172374429e-05,False
2019-11-22,8,random_forest,"{'max_depth': 3, 'min_samples_leaf': 50}",0,0.2572842117,0.478213694,0.2645020943,0.0001666068397,0,0.004455362723,1.172374429e-05,False
2019-11-25,8,random_forest,"{'max_depth': 3, 'min_samples_leaf': 50}",0,0.2124077925,0.5647025803,0.2228896273,0.0002483501766,0,0.002137720024,1.194634703e-05,False
2019-11-26,8,random_forest,"{'max_depth': 3, 'min_samples_leaf': 50}",0,0.2166454821,0.5707376337,0.2126168842,0.0001441540072,0,0.002765409844,1.187214612e-05,False
2019-11-27,8,random_forest,"{'max_depth': 3, 'min_samples_leaf': 50}",0,0.2187998484,0.5766422108,0.2045579407,7.191413402e-05,0,-0.001746769555,6.47260274e-06,False
2019-11-29,8,random_forest,"{'max_depth': 3, 'min_samples_leaf': 50}",0,0.242099513,0.5537005785,0.2041999085,-0.0001197240675,0,-0.00937722641,1.179794521e-05,False
2019-12-02,8,random_forest,"{'max_depth': 3, 'min_samples_leaf': 50}",0,0.2883697121,0.4113150582,0.3003152298,0.0001574578676,0,0.002915904371,1.187214612e-05,False
2019-12-03,8,random_forest,"{'max_depth': 3, 'min_samples_leaf': 50}",0,0.2862101962,0.3201071028,0.393682701,0.0008092492123,1,0.002446022675,1.164954338e-05,False
2019-12-04,8,random_forest,"{'max_depth': 3, 'min_samples_leaf': 50}",0,0.2726748912,0.4737705354,0.2535545734,-3.274155764e-05,0,-0.0006726514428,1.150114155e-05,False
2019-12-05,8,random_forest,"{'max_depth': 3, 'min_samples_leaf': 50}",0,0.2550847542,0.4984165036,0.2464987422,6.216900763e-05,0,0.002387622583,1.142694064e-05,False
2019-12-06,8,random_forest,"{'max_depth': 3, 'min_samples_leaf': 50}",0,0.2308903692,0.5762512119,0.1928584189,-0.0001057435857,0,-0.001780936138,1.135273973e-05,False
2019-12-09,8,random_forest,"{'max_depth': 3, 'min_samples_leaf': 50}",0,0.2551807914,0.5187118589,0.2261073497,-7.713170585e-05,0,-0.0009241236488,1.142694064e-05,False
2019-12-10,8,random_forest,"{'max_depth': 3, 'min_samples_leaf': 50}",0,0.2636470188,0.4789848017,0.2573681795,6.647593702e-05,0,0.001241966051,1.157534247e-05,False
2019-12-11,8,random_forest,"{'max_depth': 3, 'min_samples_leaf': 50}",0,0.2426313758,0.5160716579,0.2412969663,0.0001279610667,0,0.008587005932,1.164954338e-05,False
2019-12-12,8,random_forest,"{'max_depth': 3, 'min_samples_leaf': 50}",0,0.2552358276,0.4762682511,0.2684959213,0.0002103713218,0,0.001420179387,1.157534247e-05,False
2019-12-13,8,random_forest,"{'max_depth': 3, 'min_samples_leaf': 50}",0,0.2430831348,0.4963897267,0.2605271385,0.0002549250855,0,0.0008771339865,1.164954338e-05,False
2019-12-16,8,random_forest,"{'max_depth': 3, 'min_samples_leaf': 50}",0,0.2367149379,0.5395890112,0.2236960508,5.644094653e-05,0,-0.001094042642,1.164954338e-05,False
2019-12-17,8,random_forest,"{'max_depth': 3, 'min_samples_leaf': 50}",0,0.2308001825,0.5643765713,0.2048232463,-2.37329102e-05,0,-0.001281261445,1.157534247e-05,False
2019-12-18,9,random_forest,"{'max_depth': 3, 'min_samples_leaf': 50}",0,0.2391181711,0.5565900233,0.2042918057,-8.931216347e-05,0,0.003439668798,1.157534247e-05,False
2019-12-19,9,random_forest,"{'max_depth': 3, 'min_samples_leaf': 50}",0,0.2360648936,0.5416471594,0.222287947,5.626262202e-05,0,0.0008425996902,1.164954338e-05,False
2019-12-20,9,random_forest,"{'max_depth': 3, 'min_samples_leaf': 50}",0,0.248232105,0.5052714841,0.2464964109,0.000121414492,0,-0.001150518303,1.172374429e-05,False
2019-12-23,9,random_forest,"{'max_depth': 3, 'min_samples_leaf': 50}",0,0.2422712662,0.5325407322,0.2251880016,2.593706999e-05,0,-0.0007465402519,6.352739726e-06,False
2019-12-24,9,random_forest,"{'max_depth': 3, 'min_samples_leaf': 50}",0,0.2389446821,0.5419093583,0.2191459596,1.200351581e-05,0,0.004010597079,1.172374429e-05,False
2019-12-26,9,random_forest,"{'max_depth': 3, 'min_samples_leaf': 50}",0,0.222161564,0.571463605,0.206374831,6.085299903e-05,0,-0.00271824594,1.172374429e-05,False
2019-12-27,9,random_forest,"{'max_depth': 3, 'min_samples_leaf': 50}",0,0.2344876769,0.5427052099,0.2228071132,7.241924723e-05,0,-0.005790449476,1.164954338e-05,False
2019-12-30,9,random_forest,"{'max_depth': 3, 'min_samples_leaf': 50}",0,0.2512871689,0.4907380814,0.2579747497,0.0001740977279,0,0.00414933557,1.164954338e-05,False
2019-12-31,9,random_forest,"{'max_depth': 3, 'min_samples_leaf': 50}",0,0.2430743996,0.5013159117,0.2556096887,0.0002241324699,0,0.004110732873,1.150114155e-05,False
2020-01-02,9,random_forest,"{'max_depth': 3, 'min_samples_leaf': 50}",0,0.2154654943,0.5815634194,0.2029710863,9.172228553e-05,0,0.003892140942,1.142694064e-05,False
2020-01-03,9,random_forest,"{'max_depth': 3, 'min_samples_leaf': 50}",0,0.2463222707,0.4443001649,0.3093775644,0.0005597457436,1,0.009828776123,1.127853881e-05,False
2020-01-06,9,random_forest,"{'max_depth': 3, 'min_samples_leaf': 50}",0,0.2295581788,0.5313737556,0.2390680656,0.0002213866474,0,-0.0008977092862,1.157534247e-05,False
2020-01-07,9,random_forest,"{'max_depth': 3, 'min_samples_leaf': 50}",0,0.2482384488,0.5190467648,0.2327147865,2.86557193e-05,0,0.004675821535,1.142694064e-05,False
2020-01-08,9,random_forest,"{'max_depth': 3, 'min_samples_leaf': 50}",0,0.2356887075,0.5343681816,0.2299431109,0.0001107788499,0,0.001502300008,1.142694064e-05,False
2020-01-09,9,random_forest,"{'max_depth': 3, 'min_samples_leaf': 50}",0,0.2143281476,0.5892230058,0.1964488465,5.698003125e-05,0,-0.004827574883,1.142694064e-05,False
2020-01-10,9,random_forest,"{'max_depth': 3, 'min_samples_leaf': 50}",0,0.2335745987,0.5293084249,0.2371169764,0.00017601205,0,0.004779550374,1.142694064e-05,False
2020-01-13,9,random_forest,"{'max_depth': 3, 'min_samples_leaf': 50}",0,0.2161405834,0.5779668268,0.2058925898,0.0001059543764,0,-6.104084549e-05,1.164954338e-05,False
2020-01-14,9,random_forest,"{'max_depth': 3, 'min_samples_leaf': 50}",0,0.2256180127,0.5468170487,0.2275649386,0.0001756435783,0,0.00256604973,1.164954338e-05,False
2020-01-15,9,random_forest,"{'max_depth': 3, 'min_samples_leaf': 50}",0,0.2253422153,0.5014841682,0.2731736165,0.0004846638555,1,0.003700336902,1.164954338e-05,False
2020-01-16,9,random_forest,"{'max_depth': 3, 'min_samples_leaf': 50}",0,0.2147228407,0.5647527547,0.2205244046,0.0002157651161,0,0.0007536928732,1.150114155e-05,False
2020-01-17,9,random_forest,"{'max_depth': 3, 'min_samples_leaf': 50}",0,0.2183283371,0.5723584671,0.2093131958,0.0001113979715,0,0.001208806124,1.157534247e-05,False
2020-01-21,10,random_forest,"{'max_depth': 3, 'min_samples_leaf': 50}",0,0.2229961986,0.5203106176,0.2566931838,0.0004167692972,1,-0.002708866931,1.157534247e-05,False
2020-01-22,10,random_forest,"{'max_depth': 3, 'min_samples_leaf': 50}",0,0.2276183211,0.4756353132,0.2967463657,0.0006466649435,1,0.003296725543,1.150114155e-05,False
2020-01-23,10,random_forest,"{'max_depth': 3, 'min_samples_leaf': 50}",0,0.2271431275,0.4756638823,0.2971929902,0.0006534495418,1,-0.01103962663,1.150114155e-05,False
2020-01-24,10,random_forest,"{'max_depth': 3, 'min_samples_leaf': 50}",0,0.2386267507,0.3811121571,0.3802610922,0.00111503377,1,0.001454977053,1.142694064e-05,False
2020-01-27,10,random_forest,"{'max_depth': 3, 'min_samples_leaf': 50}",0,0.2498383932,0.2819422972,0.4682193096,0.001611387919,1,0.005629782272,1.150114155e-05,False
2020-01-28,10,random_forest,"{'max_depth': 3, 'min_samples_leaf': 50}",0,0.2462131298,0.3508675453,0.4029193249,0.001205245516,1,-0.005359673973,1.164954338e-05,False
2020-01-29,10,random_forest,"{'max_depth': 3, 'min_samples_leaf': 50}",0,0.2457215133,0.3456403302,0.4086381565,0.00124729854,1,0.01023556372,1.157534247e-05,False
2020-01-30,10,random_forest,"{'max_depth': 3, 'min_samples_leaf': 50}",0,0.2279825147,0.4302697617,0.3417477236,0.0009436596017,1,-0.01611617425,1.164954338e-05,False
2020-01-31,10,random_forest,"{'max_depth': 3, 'min_samples_leaf': 50}",0,0.2472060618,0.3028339813,0.4499599568,0.001510792477,1,0.002381286401,1.150114155e-05,False
2020-02-03,10,random_forest,"{'max_depth': 3, 'min_samples_leaf': 50}",0,0.2446866468,0.356282947,0.3990304062,0.001191560434,1,0.003017619072,1.164954338e-05,False
2020-02-04,10,random_forest,"{'max_depth': 3, 'min_samples_leaf': 50}",0,0.2249098598,0.5235174,0.2515727403,0.0003673084316,0,0.001775653254,1.164954338e-05,False
2020-02-05,10,random_forest,"{'max_depth': 3, 'min_samples_leaf': 50}",0,0.2037332196,0.6287554935,0.167511287,-2.321921238e-05,0,0.0002096594754,1.164954338e-05,False
2020-02-06,10,random_forest,"{'max_depth': 3, 'min_samples_leaf': 50}",0,0.2022009349,0.6523931934,0.1454058717,-0.0001582623079,0,-0.001862853997,1.164954338e-05,False
2020-02-07,10,random_forest,"{'max_depth': 3, 'min_samples_leaf': 50}",0,0.2159284351,0.5612240468,0.2228475181,0.0002478424714,0,0.01041566763,1.157534247e-05,False
2020-02-10,10,random_forest,"{'max_depth': 3, 'min_samples_leaf': 50}",0,0.2054938331,0.6041276928,0.1903784741,0.0001150709838,0,-0.002677278155,1.172374429e-05,False
2020-02-11,10,random_forest,"{'max_depth': 3, 'min_samples_leaf': 50}",0,0.2163630357,0.5461698454,0.2374671189,0.0003417925816,0,0.001751705429,1.164954338e-05,False
2020-02-12,10,random_forest,"{'max_depth': 3, 'min_samples_leaf': 50}",0,0.1991899886,0.6677236067,0.1330864046,-0.0002162370633,0,0.003572953816,1.172374429e-05,False
2020-02-13,10,random_forest,"{'max_depth': 3, 'min_samples_leaf': 50}",0,0.2151319253,0.5539893095,0.2308787652,0.0003077499918,0,0.0002666479188,1.179794521e-05,False
2020-02-14,10,random_forest,"{'max_depth': 3, 'min_samples_leaf': 50}",0,0.2152644867,0.5514080762,0.233327437,0.0003230069485,0,0.0006537733647,1.172374429e-05,False
2020-02-18,10,random_forest,"{'max_depth': 3, 'min_samples_leaf': 50}",0,0.2182523611,0.5337598457,0.2479877931,0.0003967675348,0,0.001628194387,1.172374429e-05,False
2020-02-19,10,random_forest,"{'max_depth': 3, 'min_samples_leaf': 50}",0,0.2204119764,0.5462635685,0.2333244551,0.0002817367017,0,-0.00233901231,1.172374429e-05,False
2020-02-20,11,random_forest,"{'max_depth': 3, 'min_samples_leaf': 50}",0,0.2260937292,0.4505385614,0.3233677095,0.0008352331084,1,-0.005931946996,1.172374429e-05,False
2020-02-21,11,random_forest,"{'max_depth': 3, 'min_samples_leaf': 50}",0,0.2575114199,0.2909064097,0.4515821704,0.001434543369,1,-0.002228140101,1.157534247e-05,False
2020-02-24,11,random_forest,"{'max_depth': 3, 'min_samples_leaf': 50}",0,0.2651596258,0.2832817399,0.4515586343,0.001373022775,1,-0.03485215901,1.135273973e-05,False
2020-02-25,11,random_forest,"{'max_depth': 3, 'min_samples_leaf': 50}",0,0.2601289537,0.3195521323,0.420318914,0.001205943771,1,-0.008530118777,1.135273973e-05,False
2020-02-26,11,random_forest,"{'max_depth': 3, 'min_samples_leaf': 50}",0,0.2580931431,0.3354544383,0.4064524186,0.001130199775,1,-0.02602626167,1.135273973e-05,False
2020-02-27,11,random_forest,"{'max_depth': 3, 'min_samples_leaf': 50}",0,0.2594887738,0.3347732906,0.4057379356,0.001114257729,1,0.02618634294,1.075913242e-05,False
2020-02-28,11,random_forest,"{'max_depth': 3, 'min_samples_leaf': 50}",0,0.2635388661,0.3136214059,0.4228397279,0.001195323841,1,0.03648437379,9.423515982e-06,False
2020-03-02,11,random_forest,"{'max_depth': 3, 'min_samples_leaf': 50}",0,0.2552531971,0.3400503594,0.4046964435,0.001141325439,1,-0.02991925613,8.384703196e-06,False
2020-03-03,11,random_forest,"{'max_depth': 3, 'min_samples_leaf': 50}",0,0.2447911032,0.3503385871,0.4048703098,0.001226421108,1,0.02201747773,7.049086758e-06,False
2020-03-04,11,random_forest,"{'max_depth': 3, 'min_samples_leaf': 50}",0,0.2260055664,0.5092303738,0.2647640598,0.0004467931903,1,-0.008262900856,5.342465753e-06,False
2020-03-05,11,random_forest,"{'max_depth': 3, 'min_samples_leaf': 50}",0,0.2492038735,0.339523053,0.4112730736,0.001233532298,1,0.0147023627,4.600456621e-06,False
2020-03-06,11,random_forest,"{'max_depth': 3, 'min_samples_leaf': 50}",0,0.2542197876,0.3233498353,0.4224303771,0.001267375937,1,-0.00388658498,3.339041096e-06,False
2020-03-09,11,random_forest,"{'max_depth': 3, 'min_samples_leaf': 50}",0,0.2521271256,0.315828774,0.4320441004,0.001348004363,1,0.01327992756,2.448630137e-06,False
2020-03-10,11,random_forest,"{'max_depth': 3, 'min_samples_leaf': 50}",0,0.250353294,0.3800602911,0.369586415,0.0009474971224,1,-0.02258648599,3.264840183e-06,False
2020-03-11,11,random_forest,"{'max_depth': 3, 'min_samples_leaf': 50}",0,0.254627863,0.3631515518,0.3822205852,0.0009970957139,1,-0.03082030989,3.116438356e-06,False
2020-03-12,11,random_forest,"{'max_depth': 3, 'min_samples_leaf': 50}",0,0.2573859451,0.3727956888,0.369818366,0.0008926118636,1,0.02368015151,2.448630137e-06,False
2020-03-13,11,random_forest,"{'max_depth': 3, 'min_samples_leaf': 50}",0,0.268040236,0.3980799058,0.3338798582,0.0005684852844,1,-0.005514497615,2.077625571e-06,False
2020-03-16,11,random_forest,"{'max_depth': 3, 'min_samples_leaf': 50}",0,0.2635820018,0.3603313281,0.3760866701,0.0008845222496,1,0.03166833987,1.780821918e-06,False
2020-03-17,11,random_forest,"{'max_depth': 3, 'min_samples_leaf': 50}",0,0.2525785168,0.4795558286,0.2678656546,0.0002541844511,0,0.0158730159,1.409817352e-06,False
2020-03-18,11,random_forest,"{'max_depth': 3, 'min_samples_leaf': 50}",0,0.2764365255,0.3850817142,0.3384817602,0.0005316769599,1,0.005266434627,1.484018265e-07,False
2020-03-19,11,random_forest,"{'max_depth': 3, 'min_samples_leaf': 50}",0,0.2620383334,0.4171135121,0.3208481545,0.0005301059598,1,-0.0566115361,2.96803653e-07,False
2020-03-20,12,random_forest,"{'max_depth': 3, 'min_samples_leaf': 50}",0,0.2647729654,0.3634280404,0.3717989943,0.0008448835576,1,-0.02296334407,3.710045662e-07,False
2020-03-23,12,random_forest,"{'max_depth': 3, 'min_samples_leaf': 50}",0,0.2607233349,0.3573833982,0.3818932669,0.0009503547183,1,0.03724083191,1.484018265e-07,False
2020-03-24,12,random_forest,"{'max_depth': 3, 'min_samples_leaf': 50}",0,0.2587861379,0.4303541321,0.31085973,0.0004684860686,1,0.007840887758,7.420091324e-08,False
2020-03-25,12,random_forest,"{'max_depth': 3, 'min_samples_leaf': 50}",0,0.1838793926,0.638493859,0.1776267484,0.0001743400962,0,0.04680990602,0,False
2020-03-26,12,random_forest,"{'max_depth': 3, 'min_samples_leaf': 50}",0,0.1784411995,0.6413170829,0.1802417176,0.0002392069226,0,0.0005922292756,0,False
2020-03-27,12,random_forest,"{'max_depth': 3, 'min_samples_leaf': 50}",0,0.1816063776,0.5960136216,0.2223800008,0.0005078148272,1,0.02326944485,2.226027397e-07,False
2020-03-30,12,random_forest,"{'max_depth': 3, 'min_samples_leaf': 50}",0,0.1772523796,0.6367853765,0.1859622438,0.0002895166389,0,-0.01078445479,8.904109589e-07,False
2020-03-31,12,random_forest,"{'max_depth': 3, 'min_samples_leaf': 50}",0,0.1930646603,0.5962793722,0.2106559675,0.0003275349151,0,-0.007379634893,8.162100457e-07,False
2020-04-01,12,random_forest,"{'max_depth': 3, 'min_samples_leaf': 50}",0,0.2215626526,0.4637027674,0.31473458,0.0008140813041,1,0.02708103637,6.678082192e-07,False
2020-04-02,12,random_forest,"{'max_depth': 3, 'min_samples_leaf': 50}",0,0.1862432884,0.6219261319,0.1918305796,0.0002537872534,0,-0.01024881207,6.678082192e-07,False
2020-04-03,12,random_forest,"{'max_depth': 3, 'min_samples_leaf': 50}",0,0.2564156074,0.3973669968,0.3462173958,0.0007368665176,1,0.02722614441,7.420091324e-07,False
2020-04-06,12,random_forest,"{'max_depth': 3, 'min_samples_leaf': 50}",0,0.1463568527,0.733270923,0.1203722243,9.35512687e-05,0,-0.03311325954,1.113013699e-06,False
2020-04-07,12,random_forest,"{'max_depth': 3, 'min_samples_leaf': 50}",0,0.1608998565,0.6902354481,0.1488646954,0.0001690824423,0,0.0226526626,1.038812785e-06,False
2020-04-08,12,random_forest,"{'max_depth': 3, 'min_samples_leaf': 50}",0,0.1441619602,0.7359415829,0.1198964569,0.0001089876979,0,0.002233682719,1.632420091e-06,False
2020-04-09,12,random_forest,"{'max_depth': 3, 'min_samples_leaf': 50}",0,0.1451267043,0.7278702691,0.1270030266,0.0001506018715,0,-0.005340300908,1.855022831e-06,False
2020-04-13,12,random_forest,"{'max_depth': 3, 'min_samples_leaf': 50}",0,0.1626835694,0.6761934995,0.1611229311,0.0002398402631,0,0.01000070241,1.929223744e-06,False
2020-04-14,12,random_forest,"{'max_depth': 3, 'min_samples_leaf': 50}",0,0.1436407079,0.7354174035,0.1209418886,0.0001207821804,0,0.0006845205266,1.484018265e-06,False
2020-04-15,12,random_forest,"{'max_depth': 3, 'min_samples_leaf': 50}",0,0.1541227888,0.6849052939,0.1609719173,0.0003120085768,0,-0.0001790715433,1.038812785e-06,False
2020-04-16,12,random_forest,"{'max_depth': 3, 'min_samples_leaf': 50}",0,0.1540307849,0.6982417257,0.1477274894,0.0002198599973,0,0.00441519992,1.038812785e-06,False
2020-04-17,12,random_forest,"{'max_depth': 3, 'min_samples_leaf': 50}",0,0.1498591569,0.7204705167,0.1296703264,0.0001288373201,0,-0.003609175237,8.904109589e-07,False
2020-04-20,12,random_forest,"{'max_depth': 3, 'min_samples_leaf': 50}",0,0.164364431,0.6585375289,0.1770980401,0.0003375589982,0,-0.01333430526,8.904109589e-07,False
2020-04-21,13,random_forest,"{'max_depth': 3, 'min_samples_leaf': 50}",0,0.2248021821,0.4563881218,0.3188096962,0.000903251562,1,0.002694449333,8.162100457e-07,False
2020-04-22,13,random_forest,"{'max_depth': 3, 'min_samples_leaf': 50}",0,0.2040787196,0.5966445771,0.1992767033,0.0002385234909,0,-0.005026930281,8.904109589e-07,False
2020-04-23,13,random_forest,"{'max_depth': 3, 'min_samples_leaf': 50}",0,0.2050262927,0.5892289515,0.2057447558,0.000276009126,0,0.007979161789,8.162100457e-07,False
2020-04-24,13,random_forest,"{'max_depth': 3, 'min_samples_leaf': 50}",0,0.1850001631,0.6580819347,0.1569179023,0.0001053613394,0,0.006769054127,8.904109589e-07,False
2020-04-27,13,random_forest,"{'max_depth': 3, 'min_samples_leaf': 50}",0,0.1420207088,0.7944090984,0.06357019286,-0.000179931747,0,-0.01817736976,8.904109589e-07,False
2020-04-28,13,random_forest,"{'max_depth': 3, 'min_samples_leaf': 50}",0,0.1715300091,0.6823826938,0.146087297,0.0001462866764,0,0.005762675149,8.162100457e-07,False
2020-04-29,13,random_forest,"{'max_depth': 3, 'min_samples_leaf': 50}",0,0.1463228052,0.7867778022,0.06689939255,-0.0001939212153,0,-0.004216449651,7.420091324e-07,False
2020-04-30,13,random_forest,"{'max_depth': 3, 'min_samples_leaf': 50}",0,0.1528088447,0.7660841907,0.08110696454,-0.0001500155415,0,-0.008832459426,6.678082192e-07,False
2020-05-01,13,random_forest,"{'max_depth': 3, 'min_samples_leaf': 50}",0,0.2092818014,0.5631408783,0.2275773203,0.0003933163446,0,0.01008056273,8.904109589e-07,False
2020-05-04,13,random_forest,"{'max_depth': 3, 'min_samples_leaf': 50}",0,0.2031906916,0.5874898375,0.2093194709,0.0003173134598,0,-0.001569956006,9.646118721e-07,False
2020-05-05,13,random_forest,"{'max_depth': 3, 'min_samples_leaf': 50}",0,0.2051484374,0.5894810482,0.2053705144,0.0002722959705,0,-0.01315792414,9.646118721e-07,False
2020-05-06,13,random_forest,"{'max_depth': 3, 'min_samples_leaf': 50}",0,0.2528185424,0.4699099545,0.2772715031,0.0003649477638,0,-0.0002432922845,8.904109589e-07,False
2020-05-07,13,random_forest,"{'max_depth': 3, 'min_samples_leaf': 50}",0,0.1985374399,0.6082110208,0.1932515393,0.0002442551071,0,0.004637761813,8.162100457e-07,False
2020-05-08,13,random_forest,"{'max_depth': 3, 'min_samples_leaf': 50}",0,0.1511102948,0.770874198,0.07801550719,-0.0001570626581,0,0.007439566173,8.904109589e-07,False
2020-05-11,13,random_forest,"{'max_depth': 3, 'min_samples_leaf': 50}",0,0.1719549439,0.6993579967,0.1286870594,1.949192727e-05,0,-0.02423498035,8.904109589e-07,False
2020-05-12,13,random_forest,"{'max_depth': 3, 'min_samples_leaf': 50}",0,0.2483569948,0.4533468475,0.2982961577,0.000552604285,1,-0.01559110515,9.646118721e-07,False
2020-05-13,13,random_forest,"{'max_depth': 3, 'min_samples_leaf': 50}",0,0.2606552735,0.3724890424,0.366855684,0.0009302708014,1,0.0215808885,9.646118721e-07,False
2020-05-14,13,random_forest,"{'max_depth': 3, 'min_samples_leaf': 50}",0,0.2586933625,0.4025289439,0.3387776936,0.0007487705775,1,0.01384709298,8.904109589e-07,False
2020-05-15,13,random_forest,"{'max_depth': 3, 'min_samples_leaf': 50}",0,0.2237447392,0.526454079,0.2498011818,0.0004243223259,1,0.006654196601,8.904109589e-07,False
2020-05-18,13,random_forest,"{'max_depth': 3, 'min_samples_leaf': 50}",0,0.1530389412,0.768642193,0.07831886578,-0.0001717459586,0,-0.008085628723,9.646118721e-07,False
2020-05-19,13,random_forest,"{'max_depth': 3, 'min_samples_leaf': 50}",0,0.1930389962,0.6116411467,0.1953198571,0.0003068650762,0,0.003752232444,9.646118721e-07,False
2020-05-20,14,random_forest,"{'max_depth': 3, 'min_samples_leaf': 50}",0,0.1819624017,0.7433072288,0.07473036943,-0.0004462564209,-1,-0.006435538955,8.904109589e-07,False
2020-05-21,14,random_forest,"{'max_depth': 3, 'min_samples_leaf': 50}",0,0.2027265823,0.6300637225,0.1672096953,2.225665892e-05,0,0.002953441029,8.904109589e-07,False
2020-05-22,14,random_forest,"{'max_depth': 3, 'min_samples_leaf': 50}",0,0.1979204159,0.6558560974,0.1462234867,-8.322634512e-05,0,-0.009439294233,8.904109589e-07,False
2020-05-26,14,random_forest,"{'max_depth': 3, 'min_samples_leaf': 50}",0,0.1850619252,0.72719513,0.08774294477,-0.0003819116034,0,0.004667031924,1.038812785e-06,False
2020-05-27,14,random_forest,"{'max_depth': 3, 'min_samples_leaf': 50}",0,0.1828564631,0.7350950063,0.08204853057,-0.0004025320264,-1,-0.005514500831,1.113013699e-06,False
2020-05-28,14,random_forest,"{'max_depth': 3, 'min_samples_leaf': 50}",0,0.18872533,0.7105506767,0.1007239933,-0.0003227949837,0,0.006149626141,1.113013699e-06,False
2020-05-29,14,random_forest,"{'max_depth': 3, 'min_samples_leaf': 50}",0,0.1864560427,0.7059435469,0.1076004103,-0.0002541075766,0,0.006356605725,1.038812785e-06,False
2020-06-01,14,random_forest,"{'max_depth': 3, 'min_samples_leaf': 50}",0,0.1833778271,0.7411698854,0.07545228753,-0.000453725082,-1,0.004991025636,1.038812785e-06,False
2020-06-02,14,random_forest,"{'max_depth': 3, 'min_samples_leaf': 50}",0,0.1836101612,0.7386500302,0.07773980859,-0.0004396392456,-1,0.006253231555,1.113013699e-06,False
2020-06-03,14,random_forest,"{'max_depth': 3, 'min_samples_leaf': 50}",0,0.1976262355,0.6758195335,0.126554231,-0.0002194660129,0,0.0008035741703,1.187214612e-06,False
2020-06-04,14,random_forest,"{'max_depth': 3, 'min_samples_leaf': 50}",0,0.1940185746,0.7057021094,0.100279316,-0.0003729228443,0,0.006651279127,1.113013699e-06,False
2020-06-05,14,random_forest,"{'max_depth': 3, 'min_samples_leaf': 50}",0,0.2126753105,0.625913717,0.1614109725,-0.0001069942788,0,0.009306136218,1.113013699e-06,False
2020-06-08,14,random_forest,"{'max_depth': 3, 'min_samples_leaf': 50}",0,0.2026524762,0.6512599847,0.1460875391,-0.0001261930921,0,0.001529880627,1.261415525e-06,False
2020-06-09,14,random_forest,"{'max_depth': 3, 'min_samples_leaf': 50}",0,0.2048658938,0.6388079636,0.1563261426,-7.356450386e-05,0,-0.007529131057,1.409817352e-06,False
2020-06-10,14,random_forest,"{'max_depth': 3, 'min_samples_leaf': 50}",0,0.1905332257,0.675519761,0.1339470134,-0.000104312679,0,-0.03483595466,1.261415525e-06,False
2020-06-11,14,random_forest,"{'max_depth': 3, 'min_samples_leaf': 50}",0,0.238437457,0.3473911286,0.4141714144,0.001448623467,1,-0.01307422412,1.261415525e-06,False
2020-06-12,14,random_forest,"{'max_depth': 3, 'min_samples_leaf': 50}",0,0.2402401147,0.4244073151,0.3353525702,0.0008762153386,1,0.03029997668,1.187214612e-06,False
2020-06-15,14,random_forest,"{'max_depth': 3, 'min_samples_leaf': 50}",0,0.2357620226,0.4459825214,0.318255456,0.0007952742581,1,-0.007987889869,1.335616438e-06,False
2020-06-16,14,random_forest,"{'max_depth': 3, 'min_samples_leaf': 50}",0,0.2145503885,0.5631626302,0.2222869813,0.0003061023338,0,-0.007673459871,1.261415525e-06,False
2020-06-17,14,random_forest,"{'max_depth': 3, 'min_samples_leaf': 50}",0,0.2236199544,0.5119249296,0.2644551159,0.0005232681735,1,0.005709457657,1.261415525e-06,False
2020-06-18,14,random_forest,"{'max_depth': 3, 'min_samples_leaf': 50}",0,0.2296665571,0.5167059034,0.2536275395,0.0003931566839,0,-0.01760193086,1.187214612e-06,False
2020-06-19,15,random_forest,"{'max_depth': 3, 'min_samples_leaf': 50}",0,0.278237244,0.3722607493,0.3495020067,0.0006148681955,1,0.008539254488,1.113013699e-06,False
2020-06-22,15,random_forest,"{'max_depth': 3, 'min_samples_leaf': 50}",0,0.2237579588,0.5805130476,0.1957289936,1.81988862e-05,0,-0.004593455992,1.187214612e-06,False
2020-06-23,15,random_forest,"{'max_depth': 3, 'min_samples_leaf': 50}",0,0.2271002168,0.5647945132,0.20810527,7.567406776e-05,0,-0.01855796581,1.187214612e-06,False
2020-06-24,15,random_forest,"{'max_depth': 3, 'min_samples_leaf': 50}",0,0.2672982685,0.3760574834,0.3566442481,0.0007647193032,1,0.0127854644,1.113013699e-06,False
2020-06-25,15,random_forest,"{'max_depth': 3, 'min_samples_leaf': 50}",0,0.2443981963,0.4970399662,0.2585618375,0.0002766962806,0,-0.01995693688,1.187214612e-06,False
2020-06-26,15,random_forest,"{'max_depth': 3, 'min_samples_leaf': 50}",0,0.2668997381,0.3547130065,0.3783872554,0.0009225514768,1,0.01011906629,1.038812785e-06,False
2020-06-29,15,random_forest,"{'max_depth': 3, 'min_samples_leaf': 50}",0,0.2481251806,0.4446845817,0.3071902377,0.0005878111693,1,0.01437545748,1.038812785e-06,False
2020-06-30,15,random_forest,"{'max_depth': 3, 'min_samples_leaf': 50}",0,0.2202916261,0.5738352142,0.2058731596,0.0001215813362,0,0.00306871331,1.187214612e-06,False
2020-07-01,15,random_forest,"{'max_depth': 3, 'min_samples_leaf': 50}",0,0.2225577487,0.5809596246,0.1964826267,3.442753889e-05,0,-0.006396319011,1.038812785e-06,False
2020-07-02,15,random_forest,"{'max_depth': 3, 'min_samples_leaf': 50}",0,0.2180942071,0.5985269523,0.1833788407,-1.804009955e-05,0,0.002149359165,1.038812785e-06,False
2020-07-06,15,random_forest,"{'max_depth': 3, 'min_samples_leaf': 50}",0,0.173796944,0.7354438615,0.09075919448,-0.0002732908669,0,-0.005073264276,1.113013699e-06,False
2020-07-07,15,random_forest,"{'max_depth': 3, 'min_samples_leaf': 50}",0,0.1998531948,0.64206915,0.1580776551,-3.208946214e-05,0,0.004990328903,1.113013699e-06,False
2020-07-08,15,random_forest,"{'max_depth': 3, 'min_samples_leaf': 50}",0,0.1750803075,0.7270997735,0.097819919,-0.0002348480222,0,-0.007764144218,1.113013699e-06,False
2020-07-09,15,random_forest,"{'max_depth': 3, 'min_samples_leaf': 50}",0,0.2094198402,0.5503051428,0.240275017,0.0004641696386,1,0.0104355536,9.646118721e-07,False
2020-07-10,15,random_forest,"{'max_depth': 3, 'min_samples_leaf': 50}",0,0.1736365932,0.7267538889,0.09960951793,-0.0002090634355,0,-0.01652456327,9.646118721e-07,False
2020-07-13,15,random_forest,"{'max_depth': 3, 'min_samples_leaf': 50}",0,0.2104380065,0.5707357049,0.2188262886,0.0003028059691,0,0.01793816087,1.038812785e-06,False
2020-07-14,15,random_forest,"{'max_depth': 3, 'min_samples_leaf': 50}",0,0.2021638971,0.6319911061,0.1658449968,2.049530041e-06,0,-0.00173691123,1.113013699e-06,False
2020-07-15,15,random_forest,"{'max_depth': 3, 'min_samples_leaf': 50}",0,0.1756775827,0.7194144883,0.1049079289,-0.0001899903165,0,0.003127052024,1.187214612e-06,False
2020-07-16,15,random_forest,"{'max_depth': 3, 'min_samples_leaf': 50}",0,0.2089042398,0.5992361693,0.1918595909,0.0001254450486,0,-0.000497091159,8.162100457e-07,False
2020-07-17,15,random_forest,"{'max_depth': 3, 'min_samples_leaf': 50}",0,0.2021126394,0.6238913446,0.1739960161,6.032771315e-05,0,0.008991116788,8.162100457e-07,False
2020-07-20,15,random_forest,"{'max_depth': 3, 'min_samples_leaf': 50}",0,0.1679364897,0.7393436248,0.09271988548,-0.0002062425195,0,-0.004411096397,9.646118721e-07,False
2020-07-21,16,random_forest,"{'max_depth': 3, 'min_samples_leaf': 50}",0,0.2028198933,0.6275393474,0.1696407593,2.062113457e-05,0,0.006900345646,9.646118721e-07,False
2020-07-22,16,random_forest,"{'max_depth': 3, 'min_samples_leaf': 50}",0,0.194932401,0.658554204,0.146513395,-7.442919846e-05,0,-0.01075140083,9.646118721e-07,False
2020-07-23,16,random_forest,"{'max_depth': 3, 'min_samples_leaf': 50}",0,0.2163007552,0.4629611565,0.3207380883,0.0009888257693,1,-0.0002181251832,8.904109589e-07,False
2020-07-24,16,random_forest,"{'max_depth': 3, 'min_samples_leaf': 50}",0,0.2349501844,0.4387640933,0.3262857223,0.0008587113776,1,0.004943557234,8.162100457e-07,False
2020-07-27,16,random_forest,"{'max_depth': 3, 'min_samples_leaf': 50}",0,0.2149237637,0.5713161496,0.2137600867,0.0002287995452,0,-0.00390776083,8.162100457e-07,False
2020-07-28,16,random_forest,"{'max_depth': 3, 'min_samples_leaf': 50}",0,0.2451766105,0.3658928581,0.3889305313,0.001217812189,1,0.009313299713,8.162100457e-07,False
2020-07-29,16,random_forest,"{'max_depth': 3, 'min_samples_leaf': 50}",0,0.2117982148,0.5697224081,0.2184793771,0.0002914032664,0,0.006399495813,8.162100457e-07,False
2020-07-30,16,random_forest,"{'max_depth': 3, 'min_samples_leaf': 50}",0,0.2219144427,0.4781500375,0.2999355198,0.0007873644696,1,0.001902409054,6.678082192e-07,False
2020-07-31,16,random_forest,"{'max_depth': 3, 'min_samples_leaf': 50}",0,0.2190438104,0.5196242264,0.2613319632,0.000534765899,1,0.00143153411,6.678082192e-07,False
2020-08-03,16,random_forest,"{'max_depth': 3, 'min_samples_leaf': 50}",0,0.2089558819,0.6044365064,0.1866076117,8.716322696e-05,0,0.006710218733,7.420091324e-07,False
2020-08-04,16,random_forest,"{'max_depth': 3, 'min_samples_leaf': 50}",0,0.2024218977,0.6212192348,0.1763588675,7.277086182e-05,0,0.001930745097,6.678082192e-07,False
2020-08-05,16,random_forest,"{'max_depth': 3, 'min_samples_leaf': 50}",0,0.1997475717,0.6847574976,0.1154949308,-0.0003423827488,0,0.008597729675,7.420091324e-07,False
2020-08-06,16,random_forest,"{'max_depth': 3, 'min_samples_leaf': 50}",0,0.1969370683,0.6913680646,0.1116948671,-0.0003441803582,0,0.003870644859,7.420091324e-07,False
2020-08-07,16,random_forest,"{'max_depth': 3, 'min_samples_leaf': 50}",0,0.2045212328,0.6523484707,0.1431302966,-0.0001863615426,0,0.001522144788,7.420091324e-07,False
2020-08-10,16,random_forest,"{'max_depth': 3, 'min_samples_leaf': 50}",0,0.1998215669,0.6668481508,0.1333302823,-0.0002142516624,0,-0.01202321,8.162100457e-07,False
2020-08-11,16,random_forest,"{'max_depth': 3, 'min_samples_leaf': 50}",0,0.2225384012,0.5031281069,0.2743334918,0.0005967737624,1,0.005962318253,8.162100457e-07,False
2020-08-12,16,random_forest,"{'max_depth': 3, 'min_samples_leaf': 50}",0,0.2035421553,0.6679577152,0.1285001295,-0.0002830858649,0,0.0006535788955,8.162100457e-07,False
2020-08-13,16,random_forest,"{'max_depth': 3, 'min_samples_leaf': 50}",0,0.2189905722,0.5947297519,0.1862796759,-6.773371666e-06,0,0.001278180569,7.420091324e-07,False
2020-08-14,16,random_forest,"{'max_depth': 3, 'min_samples_leaf': 50}",0,0.2278990605,0.5530723291,0.2190286104,0.0001484468526,0,-8.876956065e-05,7.420091324e-07,False
2020-08-17,16,random_forest,"{'max_depth': 3, 'min_samples_leaf': 50}",0,0.2267259838,0.5695908054,0.2036832108,4.832742154e-05,0,0.0008867361783,7.420091324e-07,False
2020-08-18,16,random_forest,"{'max_depth': 3, 'min_samples_leaf': 50}",0,0.237137203,0.4975857622,0.2652770348,0.000398151786,0,-0.005367871663,6.678082192e-07,False
2020-08-19,17,random_forest,"{'max_depth': 3, 'min_samples_leaf': 50}",0,0.2344866975,0.4558629457,0.3096503569,0.0007598638557,1,0.008707101451,8.162100457e-07,False
2020-08-20,17,random_forest,"{'max_depth': 3, 'min_samples_leaf': 50}",0,0.2170085439,0.5709081475,0.2120833086,0.0002197707813,0,0.004616470052,8.162100457e-07,False
2020-08-21,17,random_forest,"{'max_depth': 3, 'min_samples_leaf': 50}",0,0.2177388979,0.5824056407,0.1998554614,0.0001254689289,0,0.00233841421,7.420091324e-07,False
2020-08-24,17,random_forest,"{'max_depth': 3, 'min_samples_leaf': 50}",0,0.2274630203,0.5533829539,0.2191540257,0.0001751967836,0,0.001717452079,8.904109589e-07,False
2020-08-25,17,random_forest,"{'max_depth': 3, 'min_samples_leaf': 50}",0,0.2309023437,0.5550429902,0.214054666,0.0001073080625,0,0.008150590084,8.162100457e-07,False
2020-08-26,17,random_forest,"{'max_depth': 3, 'min_samples_leaf': 50}",0,0.2217636412,0.5849223334,0.1933140254,4.190959383e-05,0,-0.0005165510782,8.162100457e-07,False
2020-08-27,17,random_forest,"{'max_depth': 3, 'min_samples_leaf': 50}",0,0.2369531371,0.5083462726,0.2547005903,0.0003435198336,0,0.003262317201,8.162100457e-07,False
2020-08-28,17,random_forest,"{'max_depth': 3, 'min_samples_leaf': 50}",0,0.2239722563,0.5779327033,0.1980950404,5.605538727e-05,0,-0.00296848428,7.420091324e-07,False
2020-08-31,17,random_forest,"{'max_depth': 3, 'min_samples_leaf': 50}",0,0.2346010771,0.4639868224,0.3014121004,0.0006997711879,1,0.006824518878,8.162100457e-07,False
2020-09-01,17,random_forest,"{'max_depth': 3, 'min_samples_leaf': 50}",0,0.2259833093,0.5737899507,0.20022674,5.301139673e-05,0,0.00854314884,8.904109589e-07,False
2020-09-02,17,random_forest,"{'max_depth': 3, 'min_samples_leaf': 50}",0,0.2270726852,0.5635069421,0.2094203727,0.0001089840524,0,-0.02944890164,8.904109589e-07,False
2020-09-03,17,random_forest,"{'max_depth': 3, 'min_samples_leaf': 50}",0,0.2433046549,0.3202849092,0.4364104359,0.0015881151,1,-0.01028514567,8.162100457e-07,False
2020-09-04,17,random_forest,"{'max_depth': 3, 'min_samples_leaf': 50}",0,0.2602674151,0.3526093916,0.3871231933,0.001080276192,1,-0.01039470199,8.162100457e-07,False
2020-09-08,17,random_forest,"{'max_depth': 3, 'min_samples_leaf': 50}",0,0.2617130481,0.3023616588,0.4359252931,0.001416909951,1,0.006636115454,9.646118721e-07,False
2020-09-09,17,random_forest,"{'max_depth': 3, 'min_samples_leaf': 50}",0,0.2579345014,0.3945294558,0.3475360428,0.0008177781527,1,-0.02319932262,8.904109589e-07,False
2020-09-10,17,random_forest,"{'max_depth': 3, 'min_samples_leaf': 50}",0,0.2651986482,0.3303191636,0.4044821882,0.001159771845,1,-0.005240931893,8.904109589e-07,False
2020-09-11,17,random_forest,"{'max_depth': 3, 'min_samples_leaf': 50}",0,0.2613999208,0.3792874199,0.3593126592,0.000870615945,1,0.002874162724,8.162100457e-07,False
2020-09-14,17,random_forest,"{'max_depth': 3, 'min_samples_leaf': 50}",0,0.2378998949,0.4241956055,0.3379044996,0.0009312857312,1,-0.002784890043,8.162100457e-07,False
2020-09-15,17,random_forest,"{'max_depth': 3, 'min_samples_leaf': 50}",0,0.2506405437,0.4347088379,0.3146506184,0.0006485194664,1,-0.007876789585,8.162100457e-07,False
2020-09-16,17,random_forest,"{'max_depth': 3, 'min_samples_leaf': 50}",0,0.2498537787,0.4042907,0.3458555213,0.0008793597942,1,0.006835348288,8.904109589e-07,False
2020-09-17,17,random_forest,"{'max_depth': 3, 'min_samples_leaf': 50}",0,0.25312145,0.3757723109,0.3711062391,0.001030579561,1,-0.01407401172,6.678082192e-07,False
2020-09-18,18,random_forest,"{'max_depth': 3, 'min_samples_leaf': 50}",0,0.2726880584,0.4986996398,0.2286123018,-0.0002093934759,0,0.003899260053,7.420091324e-07,False
2020-09-21,18,random_forest,"{'max_depth': 3, 'min_samples_leaf': 50}",0,0.2675332455,0.4376302155,0.294836539,0.0003123079165,0,0.005265180625,7.420091324e-07,False
2020-09-22,18,random_forest,"{'max_depth': 3, 'min_samples_leaf': 50}",0,0.2603543366,0.5124149871,0.2272306763,-0.0001048376571,0,-0.02496216196,7.420091324e-07,False
2020-09-23,18,random_forest,"{'max_depth': 3, 'min_samples_leaf': 50}",0,0.2773222819,0.3987086111,0.3239691069,0.0004299370095,1,0.007097934945,8.162100457e-07,False
2020-09-24,18,random_forest,"{'max_depth': 3, 'min_samples_leaf': 50}",0,0.2736207854,0.4083568925,0.3180223221,0.0004217299237,1,0.01906511456,7.420091324e-07,False
2020-09-25,18,random_forest,"{'max_depth': 3, 'min_samples_leaf': 50}",0,0.2688468913,0.4122153624,0.3189377464,0.0004725762875,1,0.002910993296,7.420091324e-07,False
2020-09-28,18,random_forest,"{'max_depth': 3, 'min_samples_leaf': 50}",0,0.2321386169,0.5405152556,0.2273461275,0.0001577964197,0,-0.004790867684,8.162100457e-07,False
2020-09-29,18,random_forest,"{'max_depth': 3, 'min_samples_leaf': 50}",0,0.2344845497,0.4881959239,0.2773195264,0.0004936162021,1,0.005403999865,6.678082192e-07,False
2020-09-30,18,random_forest,"{'max_depth': 3, 'min_samples_leaf': 50}",0,0.2306922578,0.529247687,0.2400600552,0.0002621920553,0,-0.001924824102,7.420091324e-07,False
2020-10-01,18,random_forest,"{'max_depth': 3, 'min_samples_leaf': 50}",0,0.2194506215,0.5915370462,0.1890123323,1.226327491e-06,0,0.006451564909,6.678082192e-07,False
2020-10-02,18,random_forest,"{'max_depth': 3, 'min_samples_leaf': 50}",0,0.2351949716,0.522367276,0.2424377524,0.000237426018,0,0.01100997527,6.678082192e-07,False
2020-10-05,18,random_forest,"{'max_depth': 3, 'min_samples_leaf': 50}",0,0.2266093782,0.6053411706,0.1680494512,-0.0002151993001,0,-0.01465096903,7.420091324e-07,False
2020-10-06,18,random_forest,"{'max_depth': 3, 'min_samples_leaf': 50}",0,0.2543985418,0.4492704234,0.2963310347,0.0004448761174,1,0.007807922169,7.420091324e-07,False
2020-10-07,18,random_forest,"{'max_depth': 3, 'min_samples_leaf': 50}",0,0.2282777904,0.5990036726,0.172718537,-0.0001972702759,0,0.002712534935,7.420091324e-07,False
2020-10-08,18,random_forest,"{'max_depth': 3, 'min_samples_leaf': 50}",0,0.2196463194,0.614696273,0.1656574076,-0.0001677068751,0,0.003733095795,6.678082192e-07,False
2020-10-09,18,random_forest,"{'max_depth': 3, 'min_samples_leaf': 50}",0,0.2187462868,0.6013990711,0.179854642,-5.776661589e-05,0,0.008123791734,7.420091324e-07,False
2020-10-12,18,random_forest,"{'max_depth': 3, 'min_samples_leaf': 50}",0,0.2208935976,0.5957483081,0.1833580943,-5.262194641e-05,0,-0.006103082452,7.420091324e-07,False
2020-10-13,18,random_forest,"{'max_depth': 3, 'min_samples_leaf': 50}",0,0.2168651467,0.5644325885,0.2187022647,0.0002376642593,0,-0.008039935526,8.162100457e-07,False
2020-10-14,18,random_forest,"{'max_depth': 3, 'min_samples_leaf': 50}",0,0.224461336,0.5509045807,0.2246340833,0.0002096261861,0,0.01102676285,8.904109589e-07,False
2020-10-15,18,random_forest,"{'max_depth': 3, 'min_samples_leaf': 50}",0,0.2305411655,0.536893491,0.2325653435,0.0002099652171,0,-0.004785599883,8.162100457e-07,False
2020-10-16,18,random_forest,"{'max_depth': 3, 'min_samples_leaf': 50}",0,0.232343411,0.4749854212,0.2926711678,0.0006233328526,1,-0.01904484242,8.162100457e-07,False
2020-10-19,19,random_forest,"{'max_depth': 3, 'min_samples_leaf': 50}",0,0.259471524,0.4595640587,0.2809644173,0.0002921689918,0,-0.0002328845897,8.162100457e-07,False
2020-10-20,19,random_forest,"{'max_depth': 3, 'min_samples_leaf': 50}",0,0.2696752338,0.4656701645,0.2646546017,7.924556342e-05,0,-0.001747518822,7.420091324e-07,False
2020-10-21,19,random_forest,"{'max_depth': 3, 'min_samples_leaf': 50}",0,0.2752282633,0.4356446278,0.289127109,0.0002028158375,0,0.004811039045,7.420091324e-07,False
2020-10-22,19,random_forest,"{'max_depth': 3, 'min_samples_leaf': 50}",0,0.2673771257,0.4668259336,0.2657969407,0.0001090278707,0,-0.0004335960253,6.678082192e-07,False
2020-10-23,19,random_forest,"{'max_depth': 3, 'min_samples_leaf': 50}",0,0.2389756536,0.5112491516,0.2497751948,0.0002606913145,0,-0.008008623081,7.420091324e-07,False
2020-10-26,19,random_forest,"{'max_depth': 3, 'min_samples_leaf': 50}",0,0.2838471645,0.3118695489,0.4042832866,0.0009487158032,1,-0.004532636151,8.162100457e-07,False
2020-10-27,19,random_forest,"{'max_depth': 3, 'min_samples_leaf': 50}",0,0.2625932048,0.3799517661,0.3574550291,0.0008120667734,1,-0.01638061532,7.420091324e-07,False
2020-10-28,19,random_forest,"{'max_depth': 3, 'min_samples_leaf': 50}",0,0.2865922039,0.3346784835,0.3787293126,0.0007394581985,1,0.009390985932,7.420091324e-07,False
2020-10-29,19,random_forest,"{'max_depth': 3, 'min_samples_leaf': 50}",0,0.2890430617,0.3696274382,0.3413295,0.0004479085579,1,-0.005300323732,6.678082192e-07,False
2020-10-30,19,random_forest,"{'max_depth': 3, 'min_samples_leaf': 50}",0,0.3136156482,0.3065913176,0.3797930342,0.0004933346174,1,0,6.678082192e-07,False
2020-11-02,19,random_forest,"{'max_depth': 3, 'min_samples_leaf': 50}",0,0.2842617712,0.4075843008,0.308153928,0.000254602304,0,0.007012485779,6.678082192e-07,False
2020-11-03,19,random_forest,"{'max_depth': 3, 'min_samples_leaf': 50}",0,0.2584632668,0.4616805269,0.2798562064,0.0002936798547,0,0.007862534168,7.420091324e-07,False
2020-11-04,19,random_forest,"{'max_depth': 3, 'min_samples_leaf': 50}",0,0.2368937161,0.5189499231,0.2441563608,0.0002398976684,0,0.002863360634,7.420091324e-07,False
2020-11-05,19,random_forest,"{'max_depth': 3, 'min_samples_leaf': 50}",0,0.2096050917,0.5983205956,0.1920743127,0.0001221937791,0,0.0006573056747,7.420091324e-07,False
2020-11-06,19,random_forest,"{'max_depth': 3, 'min_samples_leaf': 50}",0,0.1996553694,0.6420533952,0.1582912354,-2.694074041e-05,0,-0.02585378912,7.420091324e-07,False
2020-11-09,19,random_forest,"{'max_depth': 3, 'min_samples_leaf': 50}",0,0.2092926773,0.6547122564,0.1359950663,-0.0002775281483,0,0.001555965818,8.162100457e-07,False
2020-11-10,19,random_forest,"{'max_depth': 3, 'min_samples_leaf': 50}",0,0.1881298177,0.7141319479,0.09773823435,-0.0003534887953,0,0.0007576305686,7.420091324e-07,False
2020-11-11,19,random_forest,"{'max_depth': 3, 'min_samples_leaf': 50}",0,0.1855406721,0.7436316212,0.07082770671,-0.0005223964285,-1,-0.006665153246,7.420091324e-07,False
2020-11-12,19,random_forest,"{'max_depth': 3, 'min_samples_leaf': 50}",0,0.1875458688,0.7126117717,0.09984235952,-0.0003328974079,0,0.007965820699,7.420091324e-07,False
2020-11-13,19,random_forest,"{'max_depth': 3, 'min_samples_leaf': 50}",0,0.1849641912,0.7459003921,0.06913541662,-0.0005291338803,-1,0.004404665896,6.678082192e-07,False
2020-11-16,19,random_forest,"{'max_depth': 3, 'min_samples_leaf': 50}",0,0.1853197263,0.7396337362,0.07504653749,-0.0004900299533,-1,0.001805689341,6.678082192e-07,False
2020-11-17,20,random_forest,"{'max_depth': 3, 'min_samples_leaf': 50}",0,0.1939281535,0.673001677,0.1330701695,-0.000169128088,0,-0.0128286964,6.678082192e-07,False
2020-11-18,20,random_forest,"{'max_depth': 3, 'min_samples_leaf': 50}",0,0.2246154294,0.5592098528,0.2161747178,0.0001383953368,0,0.006130462765,6.678082192e-07,False
2020-11-19,20,random_forest,"{'max_depth': 3, 'min_samples_leaf': 50}",0,0.2132205342,0.579948219,0.2068312468,0.0001787751145,0,-0.00606996763,5.194063927e-07,False
2020-11-20,20,random_forest,"{'max_depth': 3, 'min_samples_leaf': 50}",0,0.2397329754,0.4310474308,0.3292195938,0.0008079107799,1,0.00050378598,5.194063927e-07,False
2020-11-23,20,random_forest,"{'max_depth': 3, 'min_samples_leaf': 50}",0,0.2214060368,0.5715750847,0.2070188785,0.0001028966521,0,0.008356264043,5.936073059e-07,False
2020-11-24,20,random_forest,"{'max_depth': 3, 'min_samples_leaf': 50}",0,0.2046791394,0.6398042893,0.1555165713,-0.0001092981579,0,-0.001294305501,6.678082192e-07,False
2020-11-25,20,random_forest,"{'max_depth': 3, 'min_samples_leaf': 50}",0,0.2201194251,0.522460059,0.2574205159,0.000477133157,1,-0.000467191422,3.595890411e-07,False
2020-11-27,20,random_forest,"{'max_depth': 3, 'min_samples_leaf': 50}",0,0.2083660219,0.6185460275,0.1730879507,-1.784503474e-05,0,-0.002122175844,6.678082192e-07,False
2020-11-30,20,random_forest,"{'max_depth': 3, 'min_samples_leaf': 50}",0,0.2118372884,0.5579667622,0.2301959495,0.0003596832464,0,0.001230904203,5.936073059e-07,False
2020-12-01,20,random_forest,"{'max_depth': 3, 'min_samples_leaf': 50}",0,0.2141791762,0.5704694404,0.2153513834,0.0002309415511,0,0.005399926591,6.678082192e-07,False
2020-12-02,20,random_forest,"{'max_depth': 3, 'min_samples_leaf': 50}",0,0.2157947659,0.5582028266,0.2260024075,0.0002922188153,0,2.729856093e-05,6.678082192e-07,False
2020-12-03,20,random_forest,"{'max_depth': 3, 'min_samples_leaf': 50}",0,0.2062045385,0.6038527815,0.18994268,0.0001236361399,0,0.006887724042,5.936073059e-07,False
2020-12-04,20,random_forest,"{'max_depth': 3, 'min_samples_leaf': 50}",0,0.2108265775,0.6168956018,0.1722778207,-4.687942259e-05,0,0.0001897114272,6.678082192e-07,False
2020-12-07,20,random_forest,"{'max_depth': 3, 'min_samples_leaf': 50}",0,0.2098136973,0.5808126994,0.2093736033,0.000229181978,0,0.006662711176,5.936073059e-07,False
2020-12-08,20,random_forest,"{'max_depth': 3, 'min_samples_leaf': 50}",0,0.2152039085,0.5486842405,0.236111851,0.0003704220418,0,-0.01086604478,6.678082192e-07,False
2020-12-09,20,random_forest,"{'max_depth': 3, 'min_samples_leaf': 50}",0,0.2397595362,0.4224066039,0.3378338599,0.0008695472242,1,0.00372229758,5.936073059e-07,False
2020-12-10,20,random_forest,"{'max_depth': 3, 'min_samples_leaf': 50}",0,0.2330020349,0.4853378751,0.28166009,0.0005297347902,1,0.003836650893,5.936073059e-07,False
2020-12-11,20,random_forest,"{'max_depth': 3, 'min_samples_leaf': 50}",0,0.2326421203,0.4747462089,0.2926116708,0.000611809304,1,-0.01079647038,5.936073059e-07,False
2020-12-14,20,random_forest,"{'max_depth': 3, 'min_samples_leaf': 50}",0,0.26236339,0.3443356965,0.3933009135,0.001054779377,1,0.00596081246,6.678082192e-07,False
2020-12-15,20,random_forest,"{'max_depth': 3, 'min_samples_leaf': 50}",0,0.2225841907,0.5313354415,0.2460803678,0.0003724087781,0,0.0009464228209,5.936073059e-07,False
2020-12-16,20,random_forest,"{'max_depth': 3, 'min_samples_leaf': 50}",0,0.227746449,0.493521077,0.278732474,0.000558286106,1,0.000806548922,6.678082192e-07,False
2020-12-17,21,random_forest,"{'max_depth': 3, 'min_samples_leaf': 50}",0,0.223982253,0.5322874879,0.2437302591,0.0003462476052,0,-0.004825210922,5.936073059e-07,False
2020-12-18,21,random_forest,"{'max_depth': 3, 'min_samples_leaf': 50}",0,0.2365660735,0.4350204916,0.3284134349,0.0008317132063,1,0.007918415548,5.936073059e-07,False
2020-12-21,21,random_forest,"{'max_depth': 3, 'min_samples_leaf': 50}",0,0.248289464,0.4081138626,0.3435966734,0.0008293771597,1,-0.002634369466,6.678082192e-07,False
2020-12-22,21,random_forest,"{'max_depth': 3, 'min_samples_leaf': 50}",0,0.2411689749,0.430039969,0.3287910561,0.0007909528515,1,-0.001927857805,6.678082192e-07,False
2020-12-23,21,random_forest,"{'max_depth': 3, 'min_samples_leaf': 50}",0,0.2318801929,0.4994854797,0.2686343274,0.0004493908379,1,0.002499493339,3.595890411e-07,False
2020-12-24,21,random_forest,"{'max_depth': 3, 'min_samples_leaf': 50}",0,0.2281939493,0.5244343445,0.2473717062,0.0003324699311,0,0.001156784936,6.678082192e-07,False
2020-12-28,21,random_forest,"{'max_depth': 3, 'min_samples_leaf': 50}",0,0.2229878547,0.5405065093,0.2365056359,0.0003040833603,0,-0.006286632376,8.162100457e-07,False
2020-12-29,21,random_forest,"{'max_depth': 3, 'min_samples_leaf': 50}",0,0.2225597291,0.5138578883,0.2635823826,0.0005013344217,1,-0.0009400174989,7.420091324e-07,False
2020-12-30,21,random_forest,"{'max_depth': 3, 'min_samples_leaf': 50}",0,0.2340149547,0.507528085,0.2584569603,0.0003566152828,0,0.005648518177,5.936073059e-07,False
2020-12-31,21,random_forest,"{'max_depth': 3, 'min_samples_leaf': 50}",0,0.2287983541,0.4747021136,0.2964995323,0.000677321117,1,-0.01737227636,6.678082192e-07,False
2021-01-04,21,random_forest,"{'max_depth': 3, 'min_samples_leaf': 50}",0,0.2650916387,0.3329017399,0.4020066214,0.001087542641,1,0.008774736114,6.678082192e-07,False
2021-01-05,21,random_forest,"{'max_depth': 3, 'min_samples_leaf': 50}",0,0.2362491741,0.4803321324,0.2834186935,0.0005136398477,1,0.01038650945,6.678082192e-07,False
2021-01-06,21,random_forest,"{'max_depth': 3, 'min_samples_leaf': 50}",0,0.2308177483,0.4902737001,0.2789085516,0.0005327340314,1,0.007976602047,6.678082192e-07,False
2021-01-07,21,random_forest,"{'max_depth': 3, 'min_samples_leaf': 50}",0,0.2216552211,0.539549757,0.2387950219,0.0003330006184,0,0.001760459777,6.678082192e-07,False
2021-01-08,21,random_forest,"{'max_depth': 3, 'min_samples_leaf': 50}",0,0.2310048331,0.5069855308,0.2620096361,0.00041038366,1,0.002223094905,5.936073059e-07,False
2021-01-11,21,random_forest,"{'max_depth': 3, 'min_samples_leaf': 50}",0,0.2290041003,0.5068898658,0.2641060339,0.0004442311965,1,-0.000316782234,5.936073059e-07,False
2021-01-12,21,random_forest,"{'max_depth': 3, 'min_samples_leaf': 50}",0,0.2293106335,0.4973179667,0.2733713999,0.0005074513693,1,0.002904766492,6.678082192e-07,False
2021-01-13,21,random_forest,"{'max_depth': 3, 'min_samples_leaf': 50}",0,0.2253886895,0.5011808004,0.2734305101,0.0005448993114,1,-0.0055965868,6.678082192e-07,False
2021-01-14,21,random_forest,"{'max_depth': 3, 'min_samples_leaf': 50}",0,0.2300385727,0.4966242409,0.2733371864,0.0005003349315,1,-0.002707552131,6.678082192e-07,False
2021-01-15,21,random_forest,"{'max_depth': 3, 'min_samples_leaf': 50}",0,0.2386793561,0.4314706417,0.3298500022,0.0008220129901,1,0.0008193624749,6.678082192e-07,False
2021-01-19,21,random_forest,"{'max_depth': 3, 'min_samples_leaf': 50}",0,0.2215181259,0.5672492834,0.2112325907,0.0001376200167,0,0.007294559164,6.678082192e-07,False
2021-01-20,22,random_forest,"{'max_depth': 3, 'min_samples_leaf': 50}",0,0.2191527406,0.5909670317,0.1898802277,1.503452461e-05,0,-0.0006502121707,5.936073059e-07,False
2021-01-21,22,random_forest,"{'max_depth': 3, 'min_samples_leaf': 50}",0,0.2313970381,0.5555432829,0.2130596789,6.543162824e-05,0,0.001648148939,6.678082192e-07,False
2021-01-22,22,random_forest,"{'max_depth': 3, 'min_samples_leaf': 50}",0,0.2404836906,0.5023929577,0.2571233517,0.0002949377021,0,0.001876615831,5.936073059e-07,False
2021-01-25,22,random_forest,"{'max_depth': 3, 'min_samples_leaf': 50}",0,0.2403901827,0.4909617149,0.2686481024,0.000378239267,0,-0.004203303177,6.678082192e-07,False
2021-01-26,22,random_forest,"{'max_depth': 3, 'min_samples_leaf': 50}",0,0.2393048844,0.5027817679,0.2579133476,0.0003116948688,0,-0.01528062046,5.194063927e-07,False
2021-01-27,22,random_forest,"{'max_depth': 3, 'min_samples_leaf': 50}",0,0.293225878,0.2940334462,0.4127406757,0.0009108826056,1,0.003374480533,5.936073059e-07,False
2021-01-28,22,random_forest,"{'max_depth': 3, 'min_samples_leaf': 50}",0,0.2870223055,0.3472957274,0.3656819671,0.0006327910861,1,-0.01480179305,5.194063927e-07,False
2021-01-29,22,random_forest,"{'max_depth': 3, 'min_samples_leaf': 50}",0,0.3034205887,0.3042458279,0.3923335834,0.000668878374,1,0.006716284305,4.452054795e-07,False
2021-02-01,22,random_forest,"{'max_depth': 3, 'min_samples_leaf': 50}",0,0.2784019015,0.4173215016,0.3042765969,0.0002748707489,0,0.005004593607,5.194063927e-07,False
2021-02-02,22,random_forest,"{'max_depth': 3, 'min_samples_leaf': 50}",0,0.2355515275,0.5236547669,0.2407937056,0.00022462834,0,-0.001542715905,5.194063927e-07,False
2021-02-03,22,random_forest,"{'max_depth': 3, 'min_samples_leaf': 50}",0,0.2453688309,0.4988213965,0.2558097726,0.0002395127467,0,0.008434330058,2.96803653e-07,False
2021-02-04,22,random_forest,"{'max_depth': 3, 'min_samples_leaf': 50}",0,0.2261094489,0.5469174567,0.2269730945,0.0002147577673,0,-0.001262289477,2.96803653e-07,False
2021-02-05,22,random_forest,"{'max_depth': 3, 'min_samples_leaf': 50}",0,0.2330285033,0.5287131859,0.2382583109,0.0002302696607,0,0.003185503173,2.226027397e-07,False
2021-02-08,22,random_forest,"{'max_depth': 3, 'min_samples_leaf': 50}",0,0.223565063,0.5581302631,0.2183046739,0.0001767393859,0,0.001642705975,3.710045662e-07,False
2021-02-09,22,random_forest,"{'max_depth': 3, 'min_samples_leaf': 50}",0,0.2353158827,0.534925399,0.2297587182,0.0001479308464,0,-0.005202510744,2.96803653e-07,False
2021-02-10,22,random_forest,"{'max_depth': 3, 'min_samples_leaf': 50}",0,0.2090350176,0.643903595,0.1470613874,-0.0001958536267,0,-0.001354664072,3.710045662e-07,False
2021-02-11,22,random_forest,"{'max_depth': 3, 'min_samples_leaf': 50}",0,0.2055868893,0.6619890916,0.1324240191,-0.0002680439609,0,0.007156620545,3.710045662e-07,False
2021-02-12,22,random_forest,"{'max_depth': 3, 'min_samples_leaf': 50}",0,0.2006996348,0.6776234755,0.1216768897,-0.0002988525191,0,-0.004213634889,2.96803653e-07,False
2021-02-16,22,random_forest,"{'max_depth': 3, 'min_samples_leaf': 50}",0,0.2244108213,0.604991749,0.1705974297,-0.0001724132755,0,0.005045851002,2.96803653e-07,False
2021-02-17,22,random_forest,"{'max_depth': 3, 'min_samples_leaf': 50}",0,0.2238008274,0.5843275404,0.1918716322,-1.452082892e-05,0,0.002900497642,2.96803653e-07,False
2021-02-18,22,random_forest,"{'max_depth': 3, 'min_samples_leaf': 50}",0,0.246744052,0.4854002839,0.267855664,0.0003127020487,0,-0.005203174239,2.226027397e-07,False
2021-02-19,23,random_forest,"{'max_depth': 3, 'min_samples_leaf': 50}",0,0.2501161914,0.445323382,0.3045604266,0.0005354262778,1,-7.750416522e-05,2.96803653e-07,False
2021-02-22,23,random_forest,"{'max_depth': 3, 'min_samples_leaf': 50}",0,0.2577545504,0.4333413254,0.3089041243,0.0004944721808,1,0.007383133944,2.226027397e-07,False
2021-02-23,23,random_forest,"{'max_depth': 3, 'min_samples_leaf': 50}",0,0.2647470732,0.4054636806,0.3297892462,0.0005776273688,1,0.01408123269,2.96803653e-07,False
2021-02-24,23,random_forest,"{'max_depth': 3, 'min_samples_leaf': 50}",0,0.2401419778,0.5218337842,0.238024238,0.0001546276465,0,-0.02069623478,2.226027397e-07,False
2021-02-25,23,random_forest,"{'max_depth': 3, 'min_samples_leaf': 50}",0,0.277154478,0.3293680213,0.3934775007,0.0009151867878,1,-0.01038121681,2.96803653e-07,False
2021-02-26,23,random_forest,"{'max_depth': 3, 'min_samples_leaf': 50}",0,0.2802500437,0.3078244468,0.4119255095,0.001017658919,1,0.01034775348,2.96803653e-07,False
2021-03-01,23,random_forest,"{'max_depth': 3, 'min_samples_leaf': 50}",0,0.2613665328,0.4322090837,0.3064243835,0.0004427568336,1,-0.008414136583,3.710045662e-07,False
2021-03-02,23,random_forest,"{'max_depth': 3, 'min_samples_leaf': 50}",0,0.2556194014,0.4443876271,0.2999929716,0.0004510008817,1,-0.01132739315,2.96803653e-07,False
2021-03-03,23,random_forest,"{'max_depth': 3, 'min_samples_leaf': 50}",0,0.2765514186,0.3278405001,0.3956080814,0.0009360691953,1,-0.01185664182,3.710045662e-07,False
2021-03-04,23,random_forest,"{'max_depth': 3, 'min_samples_leaf': 50}",0,0.2808125855,0.3246399725,0.3945474421,0.0008883645992,1,0.008332054488,2.96803653e-07,False
2021-03-05,23,random_forest,"{'max_depth': 3, 'min_samples_leaf': 50}",0,0.2539697783,0.4619665303,0.2840636914,0.0003528807218,0,-0.007643119637,2.96803653e-07,False
2021-03-08,23,random_forest,"{'max_depth': 3, 'min_samples_leaf': 50}",0,0.260173007,0.3915876249,0.3482393681,0.000752356304,1,0.003421037254,3.710045662e-07,False
2021-03-09,23,random_forest,"{'max_depth': 3, 'min_samples_leaf': 50}",0,0.2429192183,0.4885846808,0.2684961009,0.0003458905014,0,-0.0002823163075,3.710045662e-07,False
2021-03-10,23,random_forest,"{'max_depth': 3, 'min_samples_leaf': 50}",0,0.2395495065,0.5200411157,0.2404093778,0.0001772266467,0,0.003314350604,2.96803653e-07,False
2021-03-11,23,random_forest,"{'max_depth': 3, 'min_samples_leaf': 50}",0,0.2230228244,0.6507652512,0.1262119244,-0.0004819247174,-1,0.005075599293,2.96803653e-07,False
2021-03-12,23,random_forest,"{'max_depth': 3, 'min_samples_leaf': 50}",0,0.223880617,0.6400418785,0.1360775045,-0.0004196117434,-1,0.00527481322,2.96803653e-07,False
2021-03-15,23,random_forest,"{'max_depth': 3, 'min_samples_leaf': 50}",0,0.2268774371,0.6079795629,0.165143,-0.0002404518349,0,-0.002921408388,2.96803653e-07,False
2021-03-16,23,random_forest,"{'max_depth': 3, 'min_samples_leaf': 50}",0,0.2314266843,0.5955447065,0.1730286092,-0.0002270368238,0,0.006919653724,1.484018265e-07,False
2021-03-17,23,random_forest,"{'max_depth': 3, 'min_samples_leaf': 50}",0,0.2138220182,0.6788611924,0.1073167894,-0.000530080749,-1,-0.007604948251,1.484018265e-07,False
2021-03-18,23,random_forest,"{'max_depth': 3, 'min_samples_leaf': 50}",0,0.2336564209,0.5881942007,0.1781493783,-0.000211501532,0,-0.0010259412,7.420091324e-08,False
2021-03-19,23,random_forest,"{'max_depth': 3, 'min_samples_leaf': 50}",0,0.240079236,0.5505275006,0.2093932634,-4.906852246e-05,0,0.00656359148,7.420091324e-08,False
2021-03-22,24,random_forest,"{'max_depth': 3, 'min_samples_leaf': 50}",0,0.2463212056,0.6055299954,0.148148799,-0.0005562786684,-1,-0.0061493802,2.226027397e-07,False
2021-03-23,24,random_forest,"{'max_depth': 3, 'min_samples_leaf': 50}",0,0.2605062695,0.5176931676,0.2218005629,-0.0001642526661,0,-0.008900283943,7.420091324e-08,False
2021-03-24,24,random_forest,"{'max_depth': 3, 'min_samples_leaf': 50}",0,0.2811632479,0.46373485,0.2551019021,-0.0001222030099,0,0.009637807806,1.484018265e-07,False
2021-03-25,24,random_forest,"{'max_depth': 3, 'min_samples_leaf': 50}",0,0.2737590099,0.4944471067,0.2317938834,-0.0002185921899,0,0.01291796073,1.484018265e-07,False
2021-03-26,24,random_forest,"{'max_depth': 3, 'min_samples_leaf': 50}",0,0.2399880173,0.5572757619,0.2027362208,-0.0001058117436,0,0.00349899813,1.484018265e-07,False
2021-03-29,24,random_forest,"{'max_depth': 3, 'min_samples_leaf': 50}",0,0.2575310005,0.5202284714,0.222240528,-0.0001328639603,0,0.0007859580672,2.226027397e-07,False
2021-03-30,24,random_forest,"{'max_depth': 3, 'min_samples_leaf': 50}",0,0.2587372202,0.5129353491,0.2283274307,-0.0001007870569,0,0.002504148984,1.484018265e-07,False
2021-03-31,24,random_forest,"{'max_depth': 3, 'min_samples_leaf': 50}",0,0.259113801,0.506930002,0.233956197,-6.411094756e-05,0,0.005547167285,2.226027397e-07,False
2021-04-01,24,random_forest,"{'max_depth': 3, 'min_samples_leaf': 50}",0,0.1958183464,0.6817961438,0.1223855098,-0.0002611142565,0,0.007187810294,1.484018265e-07,False
2021-04-05,24,random_forest,"{'max_depth': 3, 'min_samples_leaf': 50}",0,0.2171983871,0.6467842354,0.1360173775,-0.0003665827679,0,0.0008871878597,2.226027397e-07,False
2021-04-06,24,random_forest,"{'max_depth': 3, 'min_samples_leaf': 50}",0,0.2546055991,0.5349214182,0.2104729828,-0.0001892433777,0,0.00160120672,1.484018265e-07,False
2021-04-07,24,random_forest,"{'max_depth': 3, 'min_samples_leaf': 50}",0,0.2172892492,0.6356329915,0.1470777593,-0.0002883535187,0,0.001446317536,1.484018265e-07,False
2021-04-08,24,random_forest,"{'max_depth': 3, 'min_samples_leaf': 50}",0,0.2167070787,0.6404361423,0.142856779,-0.0003130111352,0,0.007590723216,7.420091324e-08,False
2021-04-09,24,random_forest,"{'max_depth': 3, 'min_samples_leaf': 50}",0,0.2326555452,0.6056824417,0.1616620131,-0.0003299265062,0,0.001922863698,1.484018265e-07,False
2021-04-12,24,random_forest,"{'max_depth': 3, 'min_samples_leaf': 50}",0,0.2461819792,0.5486750262,0.2051429946,-0.0001473969309,0,0.003231809597,1.484018265e-07,False
2021-04-13,24,random_forest,"{'max_depth': 3, 'min_samples_leaf': 50}",0,0.2331373525,0.5965234726,0.1703391749,-0.0002724504628,0,-0.003342718201,2.226027397e-07,False
2021-04-14,24,random_forest,"{'max_depth': 3, 'min_samples_leaf': 50}",0,0.2563005528,0.5366750765,0.2070243706,-0.0002299933233,0,0.005148172626,1.484018265e-07,False
2021-04-15,24,random_forest,"{'max_depth': 3, 'min_samples_leaf': 50}",0,0.2437081587,0.5440449662,0.2122468751,-7.31151609e-05,0,2.398978227e-05,1.484018265e-07,False
2021-04-16,24,random_forest,"{'max_depth': 3, 'min_samples_leaf': 50}",0,0.2628211679,0.4700832024,0.2670956297,0.0001376740713,0,-0.002522505693,1.484018265e-07,False
2021-04-19,24,random_forest,"{'max_depth': 3, 'min_samples_leaf': 50}",0,0.272198471,0.4651290916,0.2626724374,1.703076774e-05,0,-0.004203788846,1.484018265e-07,False
2021-04-20,24,random_forest,"{'max_depth': 3, 'min_samples_leaf': 50}",0,0.2642538552,0.476080937,0.2596652078,7.094012727e-05,0,0.01108113393,2.226027397e-07,False
2021-04-21,25,random_forest,"{'max_depth': 3, 'min_samples_leaf': 50}",0,0.2501677986,0.5049371967,0.2448950047,0.0001309998238,0,-0.008704286071,2.226027397e-07,False
2021-04-22,25,random_forest,"{'max_depth': 3, 'min_samples_leaf': 50}",0,0.2703532262,0.3945865544,0.3350602194,0.0005848352682,1,0.009373398844,2.226027397e-07,False
2021-04-23,25,random_forest,"{'max_depth': 3, 'min_samples_leaf': 50}",0,0.248397995,0.5163408477,0.2352611574,7.884865766e-05,0,0.0004072032426,2.226027397e-07,False
2021-04-26,25,random_forest,"{'max_depth': 3, 'min_samples_leaf': 50}",0,0.2522180799,0.5235615647,0.2242203555,-3.624316152e-05,0,-0.0009810345508,2.226027397e-07,False
2021-04-27,25,random_forest,"{'max_depth': 3, 'min_samples_leaf': 50}",0,0.2621039634,0.488316762,0.2495792746,5.158390134e-05,0,-0.0009813161256,7.420091324e-08,False
2021-04-28,25,random_forest,"{'max_depth': 3, 'min_samples_leaf': 50}",0,0.2587549271,0.497583675,0.2436613978,4.094547825e-05,0,-0.0006185995755,7.420091324e-08,False
2021-04-29,25,random_forest,"{'max_depth': 3, 'min_samples_leaf': 50}",0,0.263114823,0.4569188474,0.2799663296,0.0002593240281,0,-0.0007902140699,7.420091324e-08,False
2021-04-30,25,random_forest,"{'max_depth': 3, 'min_samples_leaf': 50}",0,0.2849650259,0.3892551733,0.3257798008,0.0003802446307,0,-0.002932504887,7.420091324e-08,False
2021-05-03,25,random_forest,"{'max_depth': 3, 'min_samples_leaf': 50}",0,0.2594435651,0.4906188683,0.2499375666,7.931297482e-05,0,-0.001081577991,2.96803653e-07,False
2021-05-04,25,random_forest,"{'max_depth': 3, 'min_samples_leaf': 50}",0,0.2835940124,0.4031165537,0.3132894339,0.0003038935598,0,-0.0039053259,1.484018265e-07,False
2021-05-05,25,random_forest,"{'max_depth': 3, 'min_samples_leaf': 50}",0,0.2635686277,0.4759347262,0.2604966462,0.0001158003145,0,0.007791695806,1.484018265e-07,False
2021-05-06,25,random_forest,"{'max_depth': 3, 'min_samples_leaf': 50}",0,0.250114884,0.5113081793,0.2385769367,8.631887568e-05,0,0.005310867877,1.484018265e-07,False
2021-05-07,25,random_forest,"{'max_depth': 3, 'min_samples_leaf': 50}",0,0.252051466,0.5082510927,0.2396974413,7.601207896e-05,0,-0.01079289355,1.484018265e-07,False
2021-05-10,25,random_forest,"{'max_depth': 3, 'min_samples_leaf': 50}",0,0.2691121946,0.4248062307,0.3060815747,0.0003893442919,0,0.002686965372,1.484018265e-07,False
2021-05-11,25,random_forest,"{'max_depth': 3, 'min_samples_leaf': 50}",0,0.3164295748,0.3213659501,0.3622044751,0.0003430745433,0,-0.01415268132,7.420091324e-08,False
2021-05-12,25,random_forest,"{'max_depth': 3, 'min_samples_leaf': 50}",0,0.3138506258,0.313589804,0.3725595702,0.0004415218507,1,0.007885600436,1.484018265e-07,False
2021-05-13,25,random_forest,"{'max_depth': 3, 'min_samples_leaf': 50}",0,0.309669463,0.3350877449,0.3552427921,0.000357239829,0,0.008155647667,1.484018265e-07,False
2021-05-14,25,random_forest,"{'max_depth': 3, 'min_samples_leaf': 50}",0,0.254654785,0.5014913168,0.2438538982,8.110865537e-05,0,0.0003128971496,7.420091324e-08,False
2021-05-17,25,random_forest,"{'max_depth': 3, 'min_samples_leaf': 50}",0,0.2576202847,0.4917856532,0.2505940621,0.000101255569,0,-0.009283274421,1.484018265e-07,False
2021-05-18,25,random_forest,"{'max_depth': 3, 'min_samples_leaf': 50}",0,0.2752898791,0.4382632182,0.2864469027,0.0001904938898,0,0.009682423494,1.484018265e-07,False
2021-05-19,25,random_forest,"{'max_depth': 3, 'min_samples_leaf': 50}",0,0.3105860024,0.3416568921,0.3477571055,0.0002950382016,0,0.008450731132,7.420091324e-08,False
2021-05-20,26,random_forest,"{'max_depth': 3, 'min_samples_leaf': 50}",0,0.2593998912,0.4778794476,0.2627206612,0.0001726524232,0,-0.004629723171,7.420091324e-08,False
2021-05-21,26,random_forest,"{'max_depth': 3, 'min_samples_leaf': 50}",0,0.2660960572,0.4370094415,0.2968945013,0.0003546872368,0,0.004384954911,7.420091324e-08,False
2021-05-24,26,random_forest,"{'max_depth': 3, 'min_samples_leaf': 50}",0,0.2466607295,0.5419999959,0.2113392746,-7.579167217e-05,0,-0.004972275243,1.484018265e-07,False
2021-05-25,26,random_forest,"{'max_depth': 3, 'min_samples_leaf': 50}",0,0.2427479871,0.5132794891,0.2439725238,0.0001954657485,0,0.0004775042153,1.484018265e-07,False
2021-05-26,26,random_forest,"{'max_depth': 3, 'min_samples_leaf': 50}",0,0.2433094919,0.5892298502,0.1674606579,-0.0003591148024,0,-0.002094401892,1.484018265e-07,False
2021-05-27,26,random_forest,"{'max_depth': 3, 'min_samples_leaf': 50}",0,0.2515641183,0.5716926193,0.1767432624,-0.0003705038632,0,-0.002209166273,1.484018265e-07,False
2021-05-28,26,random_forest,"{'max_depth': 3, 'min_samples_leaf': 50}",0,0.2446879446,0.5345257897,0.2207862657,1.067561728e-05,0,-0.006862753582,7.420091324e-08,False
2021-06-01,26,random_forest,"{'max_depth': 3, 'min_samples_leaf': 50}",0,0.2491751245,0.5170257822,0.2337990933,6.167793006e-05,0,-9.517464844e-05,1.484018265e-07,False
2021-06-02,26,random_forest,"{'max_depth': 3, 'min_samples_leaf': 50}",0,0.2449416026,0.560542155,0.1945162424,-0.0001803126149,0,0.002201706088,1.484018265e-07,False
2021-06-03,26,random_forest,"{'max_depth': 3, 'min_samples_leaf': 50}",0,0.2492483748,0.5508428846,0.1999087407,-0.000182310731,0,0.004396924697,1.484018265e-07,False
2021-06-04,26,random_forest,"{'max_depth': 3, 'min_samples_leaf': 50}",0,0.2241245516,0.6201099868,0.1557654616,-0.000261725025,0,-0.0009465295482,1.484018265e-07,False
2021-06-07,26,random_forest,"{'max_depth': 3, 'min_samples_leaf': 50}",0,0.2351986728,0.5561332667,0.2086680605,1.337879852e-05,0,-0.001961633312,1.484018265e-07,False
2021-06-08,26,random_forest,"{'max_depth': 3, 'min_samples_leaf': 50}",0,0.2347593806,0.5057540782,0.2594865412,0.0003823532679,0,-0.003615479969,1.484018265e-07,False
2021-06-09,26,random_forest,"{'max_depth': 3, 'min_samples_leaf': 50}",0,0.2454196842,0.4916128128,0.262967503,0.0003065746112,0,0.001536774011,2.226027397e-07,False
2021-06-10,26,random_forest,"{'max_depth': 3, 'min_samples_leaf': 50}",0,0.2370172421,0.5207069813,0.2422757766,0.0002374557086,0,0.0002592771351,2.226027397e-07,False
2021-06-11,26,random_forest,"{'max_depth': 3, 'min_samples_leaf': 50}",0,0.2383560926,0.5330581857,0.2285857218,0.0001265201546,0,0.001955604142,2.226027397e-07,False
2021-06-14,26,random_forest,"{'max_depth': 3, 'min_samples_leaf': 50}",0,0.2383309641,0.5383158858,0.2233531501,8.919345272e-05,0,-0.002209586852,2.226027397e-07,False
2021-06-15,26,random_forest,"{'max_depth': 3, 'min_samples_leaf': 50}",0,0.2401069553,0.5233849565,0.2365080882,0.000166843909,0,-0.005934624187,2.226027397e-07,False
2021-06-16,26,random_forest,"{'max_depth': 3, 'min_samples_leaf': 50}",0,0.2623332888,0.4293892597,0.3082774515,0.000471972733,1,0.0007114279497,2.96803653e-07,False
2021-06-17,26,random_forest,"{'max_depth': 3, 'min_samples_leaf': 50}",0,0.2665959817,0.4356368334,0.2977671849,0.0003562265491,0,-0.005202673058,2.96803653e-07,False
2021-06-18,26,random_forest,"{'max_depth': 3, 'min_samples_leaf': 50}",0,0.2841063097,0.2589466406,0.4569470498,0.001333447476,1,0.009740877175,3.710045662e-07,False
2021-06-21,27,random_forest,"{'max_depth': 3, 'min_samples_leaf': 50}",0,0.2883595338,0.4443670548,0.2672734115,-7.850517761e-05,0,0.005370035019,3.710045662e-07,False
2021-06-22,27,random_forest,"{'max_depth': 3, 'min_samples_leaf': 50}",0,0.2639985182,0.5029500331,0.2330514487,-9.507801416e-05,0,-0.001394164173,2.96803653e-07,False
2021-06-23,27,random_forest,"{'max_depth': 3, 'min_samples_leaf': 50}",0,0.2756343999,0.4940171948,0.2303484053,-0.000223743227,0,0.0004942254937,3.710045662e-07,False
2021-06-24,27,random_forest,"{'max_depth': 3, 'min_samples_leaf': 50}",0,0.2586160219,0.5298091822,0.211574796,-0.0001985133601,0,0.00166703797,3.710045662e-07,False
2021-06-25,27,random_forest,"{'max_depth': 3, 'min_samples_leaf': 50}",0,0.2598451753,0.5244376594,0.2157171653,-0.0001803567543,0,0.000702267865,4.452054795e-07,False
2021-06-28,27,random_forest,"{'max_depth': 3, 'min_samples_leaf': 50}",0,0.2574999013,0.5207665075,0.2217335912,-0.0001151920718,0,-0.0004206616373,3.710045662e-07,False
2021-06-29,27,random_forest,"{'max_depth': 3, 'min_samples_leaf': 50}",0,0.2610977603,0.5248784236,0.2140238161,-0.0002042623821,0,0.001989668037,2.96803653e-07,False
2021-06-30,27,random_forest,"{'max_depth': 3, 'min_samples_leaf': 50}",0,0.2431971517,0.5518103932,0.2049924551,-0.0001008945709,0,0.003637460146,3.710045662e-07,False
2021-07-01,27,random_forest,"{'max_depth': 3, 'min_samples_leaf': 50}",0,0.234431437,0.5918248616,0.1737437014,-0.0002426207498,0,0.004748969565,3.710045662e-07,False
2021-07-02,27,random_forest,"{'max_depth': 3, 'min_samples_leaf': 50}",0,0.2248290618,0.6053789273,0.1697920109,-0.000180768771,0,-0.001959532693,3.710045662e-07,False
2021-07-06,27,random_forest,"{'max_depth': 3, 'min_samples_leaf': 50}",0,0.2643135847,0.4390893433,0.2965970719,0.0003575856643,0,0.001844735063,3.710045662e-07,False
2021-07-07,27,random_forest,"{'max_depth': 3, 'min_samples_leaf': 50}",0,0.2661376132,0.4486532161,0.2852091707,0.0002588029917,0,0.004990938452,3.710045662e-07,False
2021-07-08,27,random_forest,"{'max_depth': 3, 'min_samples_leaf': 50}",0,0.3051828471,0.3680613672,0.3267557857,0.0001899792796,0,0.006912792745,4.452054795e-07,False
2021-07-09,27,random_forest,"{'max_depth': 3, 'min_samples_leaf': 50}",0,0.2607824691,0.4964342594,0.2427832715,4.904435053e-06,0,0.00378934368,4.452054795e-07,False
2021-07-12,27,random_forest,"{'max_depth': 3, 'min_samples_leaf': 50}",0,0.2678031723,0.4675946617,0.264602166,9.540759649e-05,0,-0.00148999153,3.710045662e-07,False
2021-07-13,27,random_forest,"{'max_depth': 3, 'min_samples_leaf': 50}",0,0.2621942317,0.5047140481,0.2330917201,-7.784338452e-05,0,-0.002652043211,3.710045662e-07,False
2021-07-14,27,random_forest,"{'max_depth': 3, 'min_samples_leaf': 50}",0,0.2618011974,0.4942774297,0.2439213729,3.496724191e-06,0,-0.0001379857829,4.452054795e-07,False
2021-07-15,27,random_forest,"{'max_depth': 3, 'min_samples_leaf': 50}",0,0.2665746518,0.4698221237,0.2636032245,9.978345722e-05,0,-0.01071079417,3.710045662e-07,False
2021-07-16,27,random_forest,"{'max_depth': 3, 'min_samples_leaf': 50}",0,0.3100436074,0.3082198493,0.3817365433,0.0005385395631,1,-0.002862575944,3.710045662e-07,False
2021-07-19,27,random_forest,"{'max_depth': 3, 'min_samples_leaf': 50}",0,0.3279915541,0.2495990771,0.4224093688,0.0006615967841,1,0.01263861334,3.710045662e-07,False
2021-07-20,27,random_forest,"{'max_depth': 3, 'min_samples_leaf': 50}",0,0.3452469394,0.3087912088,0.3459618517,-4.859553709e-05,0,0.005111697755,3.710045662e-07,False
2021-07-21,28,random_forest,"{'max_depth': 3, 'min_samples_leaf': 50}",0,0.2665258458,0.4700887988,0.2633853554,0.0001169521959,0,0.001656165217,3.710045662e-07,False
2021-07-22,28,random_forest,"{'max_depth': 3, 'min_samples_leaf': 50}",0,0.2631846828,0.4933057011,0.243509616,6.213535399e-06,0,0.005531206425,3.710045662e-07,False
2021-07-23,28,random_forest,"{'max_depth': 3, 'min_samples_leaf': 50}",0,0.2588776967,0.5019833397,0.2391389637,1.524979157e-05,0,0.003892448272,3.710045662e-07,False
2021-07-26,28,random_forest,"{'max_depth': 3, 'min_samples_leaf': 50}",0,0.257628087,0.5220380912,0.2203338218,-0.0001073902494,0,-0.002045858951,3.710045662e-07,False
2021-07-27,28,random_forest,"{'max_depth': 3, 'min_samples_leaf': 50}",0,0.2841487842,0.4052079104,0.3106433054,0.0002897914503,0,-0.001933238013,3.710045662e-07,False
2021-07-28,28,random_forest,"{'max_depth': 3, 'min_samples_leaf': 50}",0,0.2638130987,0.4771455973,0.2590413041,0.0001112781873,0,0.001887105127,3.710045662e-07,False
2021-07-29,28,random_forest,"{'max_depth': 3, 'min_samples_leaf': 50}",0,0.2632603168,0.4967929949,0.2399466883,-1.994225093e-05,0,0.001370158442,4.452054795e-07,False
2021-07-30,28,random_forest,"{'max_depth': 3, 'min_samples_leaf': 50}",0,0.2649246853,0.4775932047,0.2574821101,8.975210482e-05,0,-0.006245174188,4.452054795e-07,False
2021-08-02,28,random_forest,"{'max_depth': 3, 'min_samples_leaf': 50}",0,0.272256829,0.4304916711,0.2972515,0.0003052839557,0,0.006180985994,3.710045662e-07,False
2021-08-03,28,random_forest,"{'max_depth': 3, 'min_samples_leaf': 50}",0,0.2570926199,0.4880769769,0.2548304032,0.0001440127715,0,-0.001819063771,3.710045662e-07,False
2021-08-04,28,random_forest,"{'max_depth': 3, 'min_samples_leaf': 50}",0,0.2676196629,0.4505353438,0.2818449933,0.0002385804958,0,0.003498270265,3.710045662e-07,False
2021-08-05,28,random_forest,"{'max_depth': 3, 'min_samples_leaf': 50}",0,0.2592775099,0.5062381753,0.2344843148,-2.173370304e-05,0,0.0008821174673,3.710045662e-07,False
2021-08-06,28,random_forest,"{'max_depth': 3, 'min_samples_leaf': 50}",0,0.2562013907,0.5184072269,0.2253913824,-5.793130354e-05,0,-0.0007457998519,4.452054795e-07,False
2021-08-09,28,random_forest,"{'max_depth': 3, 'min_samples_leaf': 50}",0,0.2588323224,0.5091769986,0.231990679,-3.538410463e-05,0,0.0001581693428,4.452054795e-07,False
2021-08-10,28,random_forest,"{'max_depth': 3, 'min_samples_leaf': 50}",0,0.2477152601,0.5408470473,0.2114376926,-7.828409093e-05,0,-9.014583717e-05,3.710045662e-07,False
2021-08-11,28,random_forest,"{'max_depth': 3, 'min_samples_leaf': 50}",0,0.2439780331,0.5491238466,0.2068981203,-7.577952841e-05,0,0.003358708663,3.710045662e-07,False
2021-08-12,28,random_forest,"{'max_depth': 3, 'min_samples_leaf': 50}",0,0.2418587739,0.5503061883,0.2078350377,-4.928014421e-05,0,0.0007406294698,4.452054795e-07,False
2021-08-13,28,random_forest,"{'max_depth': 3, 'min_samples_leaf': 50}",0,0.2387559817,0.5686885446,0.1925554737,-0.0001294176394,0,0.005488948979,4.452054795e-07,False
2021-08-16,28,random_forest,"{'max_depth': 3, 'min_samples_leaf': 50}",0,0.2402775062,0.5430615491,0.2166609447,2.853960334e-05,0,-0.0004501657867,4.452054795e-07,False
2021-08-17,28,random_forest,"{'max_depth': 3, 'min_samples_leaf': 50}",0,0.2765449971,0.4183255479,0.3051294549,0.0003214751528,0,-0.008533499227,5.194063927e-07,False
2021-08-18,28,random_forest,"{'max_depth': 3, 'min_samples_leaf': 50}",0,0.3203254124,0.2493325087,0.4303420788,0.0008066443089,1,0.008228840931,5.194063927e-07,False
2021-08-19,29,random_forest,"{'max_depth': 3, 'min_samples_leaf': 50}",0,0.3454336766,0.1895402386,0.4650260849,0.0008262559309,1,0.007109861424,4.452054795e-07,False
2021-08-20,29,random_forest,"{'max_depth': 3, 'min_samples_leaf': 50}",0,0.2702605698,0.4407442919,0.2889951383,0.0002759230653,0,0.004717418633,3.710045662e-07,False
2021-08-23,29,random_forest,"{'max_depth': 3, 'min_samples_leaf': 50}",0,0.2359856541,0.5386316138,0.225382732,0.0001432243385,0,0,3.710045662e-07,False
2021-08-24,29,random_forest,"{'max_depth': 3, 'min_samples_leaf': 50}",0,0.2420319105,0.5441525569,0.2138155326,4.804627249e-06,0,0.001651137249,3.710045662e-07,False
2021-08-25,29,random_forest,"{'max_depth': 3, 'min_samples_leaf': 50}",0,0.2375462314,0.5551731959,0.2072805727,1.506724908e-07,0,-0.005238348739,4.452054795e-07,False
2021-08-26,29,random_forest,"{'max_depth': 3, 'min_samples_leaf': 50}",0,0.2654540337,0.4528594517,0.2816865146,0.0002687616484,0,0.007000368894,3.710045662e-07,False
2021-08-27,29,random_forest,"{'max_depth': 3, 'min_samples_leaf': 50}",0,0.2428930537,0.5020938539,0.2550130924,0.000289343229,0,0.00279399903,3.710045662e-07,False
2021-08-30,29,random_forest,"{'max_depth': 3, 'min_samples_leaf': 50}",0,0.2332403625,0.5442187862,0.2225408513,0.0001485964388,0,-0.001260715574,3.710045662e-07,False
2021-08-31,29,random_forest,"{'max_depth': 3, 'min_samples_leaf': 50}",0,0.2337387504,0.5569127211,0.2093485284,5.027552601e-05,0,-0.001679356873,2.96803653e-07,False
2021-09-01,29,random_forest,"{'max_depth': 3, 'min_samples_leaf': 50}",0,0.2159311005,0.6504207661,0.1336481333,-0.0003215392522,0,-0.0002867840016,3.710045662e-07,False
2021-09-02,29,random_forest,"{'max_depth': 3, 'min_samples_leaf': 50}",0,0.2194482154,0.6421905867,0.1383611979,-0.0003208076936,0,0.002433681932,3.710045662e-07,False
2021-09-03,29,random_forest,"{'max_depth': 3, 'min_samples_leaf': 50}",0,0.2307471686,0.566822917,0.2024299144,2.899018692e-05,0,-0.002761149493,3.710045662e-07,False
2021-09-07,29,random_forest,"{'max_depth': 3, 'min_samples_leaf': 50}",0,0.261219905,0.501859262,0.236920833,-9.719536508e-06,0,4.433247537e-05,3.710045662e-07,False
2021-09-08,29,random_forest,"{'max_depth': 3, 'min_samples_leaf': 50}",0,0.2613974986,0.4837456191,0.2548568822,0.0001159957571,0,-0.003816288276,3.710045662e-07,False
2021-09-09,29,random_forest,"{'max_depth': 3, 'min_samples_leaf': 50}",0,0.2999417553,0.3394087734,0.3606494713,0.0005084876488,1,-0.01241576364,2.96803653e-07,False
2021-09-10,29,random_forest,"{'max_depth': 3, 'min_samples_leaf': 50}",0,0.3108457186,0.2781794462,0.4109748352,0.0007643671211,1,-0.00459171712,3.710045662e-07,False
2021-09-13,29,random_forest,"{'max_depth': 3, 'min_samples_leaf': 50}",0,0.3176481056,0.2637480005,0.4186038939,0.0007552267742,1,-0.008814562437,4.452054795e-07,False
2021-09-14,29,random_forest,"{'max_depth': 3, 'min_samples_leaf': 50}",0,0.3157024543,0.2534633704,0.4308341753,0.0008601870261,1,0.007332125934,2.96803653e-07,False
2021-09-15,29,random_forest,"{'max_depth': 3, 'min_samples_leaf': 50}",0,0.2796899155,0.4101205488,0.3101895357,0.0003386619815,0,-0.0003353167204,2.96803653e-07,False
2021-09-16,29,random_forest,"{'max_depth': 3, 'min_samples_leaf': 50}",0,0.2942934279,0.3647360759,0.3409704962,0.000421316644,1,-0.007911578266,2.96803653e-07,False
2021-09-17,29,random_forest,"{'max_depth': 3, 'min_samples_leaf': 50}",0,0.3264398026,0.2112713888,0.4622888086,0.0009836116128,1,-0.001931558708,2.96803653e-07,False
2021-09-20,30,random_forest,"{'max_depth': 3, 'min_samples_leaf': 50}",0,0.3428882613,0.2153136882,0.4417980505,0.0006720841614,1,-0.006643286636,2.96803653e-07,False
2021-09-21,30,random_forest,"{'max_depth': 3, 'min_samples_leaf': 50}",0,0.3233501451,0.2381193334,0.4385305214,0.0008302946268,1,0.0041508945,2.226027397e-07,False
2021-09-22,30,random_forest,"{'max_depth': 3, 'min_samples_leaf': 50}",0,0.3133127259,0.3164243481,0.370262926,0.0004391825936,1,0.007570731953,2.226027397e-07,False
2021-09-23,30,random_forest,"{'max_depth': 3, 'min_samples_leaf': 50}",0,0.2493437981,0.5010200247,0.2496361773,0.0001773251527,0,0.005595327205,2.226027397e-07,False
2021-09-24,30,random_forest,"{'max_depth': 3, 'min_samples_leaf': 50}",0,0.2406628839,0.5349269097,0.2244102063,7.896206304e-05,0,-0.0003838731612,2.226027397e-07,False
2021-09-27,30,random_forest,"{'max_depth': 3, 'min_samples_leaf': 50}",0,0.2650366019,0.4822651855,0.2526982126,5.335654256e-05,0,-0.01357775082,2.96803653e-07,False
2021-09-28,30,random_forest,"{'max_depth': 3, 'min_samples_leaf': 50}",0,0.3313780899,0.26348385,0.4051380601,0.0005188733691,1,-0.001700384148,2.96803653e-07,False
2021-09-29,30,random_forest,"{'max_depth': 3, 'min_samples_leaf': 50}",0,0.3125573093,0.313440472,0.3740022187,0.0004727228464,1,-0.01577903438,2.96803653e-07,False
2021-09-30,30,random_forest,"{'max_depth': 3, 'min_samples_leaf': 50}",0,0.3203405008,0.2847618651,0.3948976341,0.0005486988381,1,0.007564107993,2.96803653e-07,False
2021-10-01,30,random_forest,"{'max_depth': 3, 'min_samples_leaf': 50}",0,0.2810908549,0.418912448,0.299996697,0.0002398511528,0,-0.01006925037,2.96803653e-07,False
2021-10-04,30,random_forest,"{'max_depth': 3, 'min_samples_leaf': 50}",0,0.2887020003,0.3718901341,0.3394078657,0.0004487774766,1,0.006647489501,2.96803653e-07,False
2021-10-05,30,random_forest,"{'max_depth': 3, 'min_samples_leaf': 50}",0,0.2659330601,0.4779469533,0.2561199866,6.930837008e-05,0,0.01311530055,2.96803653e-07,False
2021-10-06,30,random_forest,"{'max_depth': 3, 'min_samples_leaf': 50}",0,0.2593835491,0.4785215313,0.2620949195,0.0001725005654,0,0.0006158650527,2.96803653e-07,False
2021-10-07,30,random_forest,"{'max_depth': 3, 'min_samples_leaf': 50}",0,0.2423400963,0.5265492012,0.2311107025,0.0001109250785,0,-0.003686232993,3.710045662e-07,False
2021-10-08,30,random_forest,"{'max_depth': 3, 'min_samples_leaf': 50}",0,0.2437423983,0.5123200005,0.2439376012,0.0001889018089,0,-0.005650107894,3.710045662e-07,False
2021-10-11,30,random_forest,"{'max_depth': 3, 'min_samples_leaf': 50}",0,0.2528427972,0.497636405,0.2495207979,0.0001440221342,0,-0.004705438143,3.710045662e-07,False
2021-10-12,30,random_forest,"{'max_depth': 3, 'min_samples_leaf': 50}",0,0.2451065578,0.5165998638,0.2382935784,0.0001361976307,0,0.00108118347,4.452054795e-07,False
2021-10-13,30,random_forest,"{'max_depth': 3, 'min_samples_leaf': 50}",0,0.2422292377,0.5374158368,0.2203549255,3.565145796e-05,0,0.007789044267,3.710045662e-07,False
2021-10-14,30,random_forest,"{'max_depth': 3, 'min_samples_leaf': 50}",0,0.1967193347,0.6731524068,0.1301282585,-0.0001819165119,0,0.002518257757,3.710045662e-07,False
2021-10-15,30,random_forest,"{'max_depth': 3, 'min_samples_leaf': 50}",0,0.1951414906,0.6800244016,0.1248341078,-0.0002048252656,0,0.007252744983,3.710045662e-07,False
2021-10-18,30,random_forest,"{'max_depth': 3, 'min_samples_leaf': 50}",0,0.1889521013,0.6879459205,0.1231019783,-0.0001596512811,0,0.003831420302,4.452054795e-07,False
2021-10-19,31,random_forest,"{'max_depth': 3, 'min_samples_leaf': 50}",0,0.1899782051,0.7008561444,0.1091656505,-0.0002684252693,0,0.002837317035,3.710045662e-07,False
2021-10-20,31,random_forest,"{'max_depth': 3, 'min_samples_leaf': 50}",0,0.1820289313,0.7142364537,0.103734615,-0.0002330744198,0,0.004028615129,3.710045662e-07,False
2021-10-21,31,random_forest,"{'max_depth': 3, 'min_samples_leaf': 50}",0,0.1827326604,0.7116699316,0.1055974079,-0.0002263751309,0,-2.209025991e-05,4.452054795e-07,False
2021-10-22,31,random_forest,"{'max_depth': 3, 'min_samples_leaf': 50}",0,0.2063926084,0.6289935436,0.164613848,-2.682950243e-05,0,0.00279560854,4.452054795e-07,False
2021-10-25,31,random_forest,"{'max_depth': 3, 'min_samples_leaf': 50}",0,0.1862501729,0.7007787951,0.112971032,-0.0002066679088,0,-0.002712206269,4.452054795e-07,False
2021-10-26,31,random_forest,"{'max_depth': 3, 'min_samples_leaf': 50}",0,0.2091751649,0.611100346,0.179724489,5.474320665e-05,0,-0.005498980517,4.452054795e-07,False
2021-10-27,31,random_forest,"{'max_depth': 3, 'min_samples_leaf': 50}",0,0.2264976868,0.5405709476,0.2329313657,0.0002719476008,0,0.006279400836,4.452054795e-07,False
2021-10-28,31,random_forest,"{'max_depth': 3, 'min_samples_leaf': 50}",0,0.2314222979,0.5395376522,0.2290400499,0.0001984436165,0,0.007414405342,4.452054795e-07,False
2021-10-29,31,random_forest,"{'max_depth': 3, 'min_samples_leaf': 50}",0,0.2327992472,0.5261320803,0.2410686724,0.0002711775941,0,-0.0005648039399,3.710045662e-07,False
2021-11-01,31,random_forest,"{'max_depth': 3, 'min_samples_leaf': 50}",0,0.2447115974,0.5004475547,0.2548408479,0.00025826852,0,0.003650412225,3.710045662e-07,False
2021-11-02,31,random_forest,"{'max_depth': 3, 'min_samples_leaf': 50}",0,0.2525312656,0.4560437013,0.2914250331,0.000445686059,1,0.00741385977,3.710045662e-07,False
2021-11-03,31,random_forest,"{'max_depth': 3, 'min_samples_leaf': 50}",0,0.248490659,0.487405453,0.264103888,0.000288979338,0,0.003330794039,3.710045662e-07,False
2021-11-04,31,random_forest,"{'max_depth': 3, 'min_samples_leaf': 50}",0,0.2507288601,0.4916213006,0.2576498392,0.0002222490486,0,-0.001598192941,2.96803653e-07,False
2021-11-05,31,random_forest,"{'max_depth': 3, 'min_samples_leaf': 50}",0,0.2633281181,0.4224989457,0.3141729362,0.000506993577,1,-0.001639385899,3.710045662e-07,False
2021-11-08,31,random_forest,"{'max_depth': 3, 'min_samples_leaf': 50}",0,0.2830243367,0.4068024005,0.3101732629,0.000295253221,0,-0.004133645257,4.452054795e-07,False
2021-11-09,31,random_forest,"{'max_depth': 3, 'min_samples_leaf': 50}",0,0.2858308347,0.3515289708,0.3626401945,0.0006422823478,1,-0.004209784626,2.96803653e-07,False
2021-11-10,31,random_forest,"{'max_depth': 3, 'min_samples_leaf': 50}",0,0.2915009476,0.3207531678,0.3877458845,0.0007680683634,1,-0.003095381539,3.710045662e-07,False
2021-11-11,31,random_forest,"{'max_depth': 3, 'min_samples_leaf': 50}",0,0.2747459213,0.4363378607,0.288916218,0.0002211119666,0,0.004622450021,3.710045662e-07,False
2021-11-12,31,random_forest,"{'max_depth': 3, 'min_samples_leaf': 50}",0,0.247272602,0.5249322528,0.2277951453,4.208564938e-05,0,-0.002581986089,3.710045662e-07,False
2021-11-15,31,random_forest,"{'max_depth': 3, 'min_samples_leaf': 50}",0,0.2584324274,0.4970588268,0.2445087458,5.709914507e-05,0,0.004559573813,3.710045662e-07,False
2021-11-16,31,random_forest,"{'max_depth': 3, 'min_samples_leaf': 50}",0,0.2659160503,0.4526621111,0.2814218386,0.0002499831499,0,-0.001833657259,3.710045662e-07,False
2021-11-17,32,random_forest,"{'max_depth': 3, 'min_samples_leaf': 50}",0,0.3051186222,0.3862238499,0.3086575279,8.999154113e-05,0,0.001044285906,3.710045662e-07,False
2021-11-18,32,random_forest,"{'max_depth': 3, 'min_samples_leaf': 50}",0,0.3021785015,0.3683394239,0.3294820746,0.0002647350533,0,-0.001533124566,3.710045662e-07,False
2021-11-19,32,random_forest,"{'max_depth': 3, 'min_samples_leaf': 50}",0,0.2963747508,0.3605094444,0.3431158047,0.0004149729682,1,-0.007050494187,3.710045662e-07,False
2021-11-22,32,random_forest,"{'max_depth': 3, 'min_samples_leaf': 50}",0,0.3118796606,0.2682999122,0.4198204271,0.0008153328615,1,0.002076112315,3.710045662e-07,False
2021-11-23,32,random_forest,"{'max_depth': 3, 'min_samples_leaf': 50}",0,0.3112615775,0.3093071509,0.3794312716,0.0005348084408,1,0.007252295482,4.452054795e-07,False
2021-11-24,32,random_forest,"{'max_depth': 3, 'min_samples_leaf': 50}",0,0.3067512874,0.3451257075,0.3481230051,0.0003545969095,0,-0.007288997617,2.397260274e-07,False
2021-11-26,32,random_forest,"{'max_depth': 3, 'min_samples_leaf': 50}",0,0.3123532048,0.1762121594,0.5114346359,0.001460220115,1,0.001142066588,4.452054795e-07,False
2021-11-29,32,random_forest,"{'max_depth': 3, 'min_samples_leaf': 50}",0,0.3402749143,0.2485915931,0.4111334926,0.0004914451663,1,-0.01393939919,4.452054795e-07,False
2021-11-30,32,random_forest,"{'max_depth': 3, 'min_samples_leaf': 50}",0,0.3175359716,0.1553966231,0.5270674054,0.001523128202,1,-0.02413138896,3.710045662e-07,False
2021-12-01,32,random_forest,"{'max_depth': 3, 'min_samples_leaf': 50}",0,0.312031492,0.1699927733,0.5179757346,0.0015095484,1,0.01479817799,4.452054795e-07,False
2021-12-02,32,random_forest,"{'max_depth': 3, 'min_samples_leaf': 50}",0,0.329772101,0.2144999375,0.4557279615,0.0009045105626,1,-0.01252259468,3.710045662e-07,False
2021-12-03,32,random_forest,"{'max_depth': 3, 'min_samples_leaf': 50}",0,0.2950829906,0.2168909642,0.4880260452,0.001453873032,1,0.005831678847,4.452054795e-07,False
2021-12-06,32,random_forest,"{'max_depth': 3, 'min_samples_leaf': 50}",0,0.3091077449,0.3051746613,0.3857175938,0.0005992568365,1,0.008333143169,3.710045662e-07,False
2021-12-07,32,random_forest,"{'max_depth': 3, 'min_samples_leaf': 50}",0,0.2219175418,0.5739728542,0.204109604,0.0001177067388,0,0.001749470323,4.452054795e-07,False
2021-12-08,32,random_forest,"{'max_depth': 3, 'min_samples_leaf': 50}",0,0.212714186,0.6164612506,0.1708245634,-3.315802715e-05,0,-0.003844895406,5.194063927e-07,False
2021-12-09,32,random_forest,"{'max_depth': 3, 'min_samples_leaf': 50}",0,0.2435221101,0.5308780694,0.2255998204,7.041636374e-05,0,0.003217993701,4.452054795e-07,False
2021-12-10,32,random_forest,"{'max_depth': 3, 'min_samples_leaf': 50}",0,0.2002225062,0.6699692902,0.1298082035,-0.0002084354315,0,-0.007699004738,4.452054795e-07,False
2021-12-13,32,random_forest,"{'max_depth': 3, 'min_samples_leaf': 50}",0,0.2313520914,0.5345212494,0.2341266592,0.0002432757336,0,0.0005830162912,3.710045662e-07,False
2021-12-14,32,random_forest,"{'max_depth': 3, 'min_samples_leaf': 50}",0,0.2488348419,0.5069304843,0.2442346738,0.0001533993036,0,0.01549348861,3.710045662e-07,False
2021-12-15,32,random_forest,"{'max_depth': 3, 'min_samples_leaf': 50}",0,0.2202454543,0.5868694874,0.1928850583,5.360661166e-05,0,-0.01295045174,3.710045662e-07,False
2021-12-16,32,random_forest,"{'max_depth': 3, 'min_samples_leaf': 50}",0,0.2403473611,0.5286841807,0.2309684582,0.0001377927506,0,-0.003639893144,3.710045662e-07,False
2021-12-17,33,random_forest,"{'max_depth': 3, 'min_samples_leaf': 50}",0,0.2500241618,0.4609189141,0.2890569241,0.0004407718691,1,0.001100158402,3.710045662e-07,False
2021-12-20,33,random_forest,"{'max_depth': 3, 'min_samples_leaf': 50}",0,0.2581137706,0.4613003606,0.2805858687,0.0003051835893,0,0.009703260695,5.194063927e-07,False
2021-12-21,33,random_forest,"{'max_depth': 3, 'min_samples_leaf': 50}",0,0.2686706487,0.4948001235,0.2365292277,-0.0001069606431,0,0.01058794211,5.194063927e-07,False
2021-12-22,33,random_forest,"{'max_depth': 3, 'min_samples_leaf': 50}",0,0.2213516149,0.5990021433,0.1796462418,-7.23974797e-05,0,0.003946679692,5.936073059e-07,False
2021-12-23,33,random_forest,"{'max_depth': 3, 'min_samples_leaf': 50}",0,0.2100718612,0.6506134304,0.1393147084,-0.0002549601019,0,0.01101557486,5.194063927e-07,False
2021-12-27,33,random_forest,"{'max_depth': 3, 'min_samples_leaf': 50}",0,0.2076565717,0.6406091506,0.1517342777,-0.000143989863,0,-0.001779297681,4.452054795e-07,False
2021-12-28,33,random_forest,"{'max_depth': 3, 'min_samples_leaf': 50}",0,0.1944015366,0.6685784048,0.1370200587,-0.0001256140477,0,0.001048262026,4.452054795e-07,False
2021-12-29,33,random_forest,"{'max_depth': 3, 'min_samples_leaf': 50}",0,0.1835032613,0.7190352044,0.09746153426,-0.0003062144116,0,-0.003703448387,3.710045662e-07,False
2021-12-30,33,random_forest,"{'max_depth': 3, 'min_samples_leaf': 50}",0,0.233915272,0.5533210363,0.2127636917,4.681342246e-05,0,-0.001429701378,3.710045662e-07,False
2021-12-31,33,random_forest,"{'max_depth': 3, 'min_samples_leaf': 50}",0,0.2349696678,0.5542703138,0.2107600184,2.2729816e-05,0,0.002960326775,4.452054795e-07,False
2022-01-03,33,random_forest,"{'max_depth': 3, 'min_samples_leaf': 50}",0,0.2175237947,0.607751797,0.1747244082,-7.18846289e-05,0,-0.003484857453,5.936073059e-07,False
2022-01-04,33,random_forest,"{'max_depth': 3, 'min_samples_leaf': 50}",0,0.2335406156,0.5796209819,0.1868384025,-0.0001344706296,0,-0.01840053389,5.936073059e-07,False
2022-01-05,33,random_forest,"{'max_depth': 3, 'min_samples_leaf': 50}",0,0.2875698213,0.3815508392,0.3308793395,0.0003897442481,0,0.000106836705,6.678082192e-07,False
2022-01-06,33,random_forest,"{'max_depth': 3, 'min_samples_leaf': 50}",0,0.3040108609,0.3907903333,0.3051988058,5.385524675e-05,0,-0.00397481737,7.420091324e-07,False
2022-01-07,33,random_forest,"{'max_depth': 3, 'min_samples_leaf': 50}",0,0.3000130073,0.3960891337,0.303897859,8.175481881e-05,0,0.006073043906,7.420091324e-07,False
2022-01-10,33,random_forest,"{'max_depth': 3, 'min_samples_leaf': 50}",0,0.3096263927,0.3660654101,0.3243081973,0.0001378342091,0,0.009715600747,9.646118721e-07,False
2022-01-11,33,random_forest,"{'max_depth': 3, 'min_samples_leaf': 50}",0,0.2986288995,0.4165409437,0.2848301568,-4.127004168e-05,0,-0.001208692681,8.162100457e-07,False
2022-01-12,33,random_forest,"{'max_depth': 3, 'min_samples_leaf': 50}",0,0.2716856566,0.4925981745,0.2357161689,-0.0001407882488,0,-0.01622229112,8.904109589e-07,False
2022-01-13,33,random_forest,"{'max_depth': 3, 'min_samples_leaf': 50}",0,0.3197802395,0.2692022665,0.411017494,0.0006613960581,1,0.007654109575,8.904109589e-07,False
2022-01-14,33,random_forest,"{'max_depth': 3, 'min_samples_leaf': 50}",0,0.2992972185,0.3689799065,0.331722875,0.0002867168408,0,-0.007069213312,9.646118721e-07,False
2022-01-18,33,random_forest,"{'max_depth': 3, 'min_samples_leaf': 50}",0,0.3510262697,0.1764278089,0.4725459214,0.00080938448,1,-0.01392618861,1.187214612e-06,False
2022-01-19,34,random_forest,"{'max_depth': 3, 'min_samples_leaf': 50}",0,0.3896392126,0.1364080628,0.4739527246,0.0004558459397,1,-0.0154269974,1.261415525e-06,False
2022-01-20,34,random_forest,"{'max_depth': 3, 'min_samples_leaf': 50}",0,0.4012947222,0.1367944293,0.4619108484,0.0002609116162,0,-0.0170122689,1.261415525e-06,False
2022-01-21,34,random_forest,"{'max_depth': 3, 'min_samples_leaf': 50}",0,0.3760063722,0.1464336507,0.4775599772,0.0006088679189,1,0.01807744264,1.261415525e-06,False
2022-01-24,34,random_forest,"{'max_depth': 3, 'min_samples_leaf': 50}",0,0.400722808,0.145351105,0.453926087,0.00020910493,0,0.003255908456,1.409817352e-06,False
2022-01-25,34,random_forest,"{'max_depth': 3, 'min_samples_leaf': 50}",0,0.3940486818,0.1377693498,0.4681819684,0.0003734030835,0,-0.01665455677,1.409817352e-06,False
2022-01-26,34,random_forest,"{'max_depth': 3, 'min_samples_leaf': 50}",0,0.3598825611,0.1734618665,0.4666555725,0.0006812798184,1,-0.01601793317,1.409817352e-06,False
2022-01-27,34,random_forest,"{'max_depth': 3, 'min_samples_leaf': 50}",0,0.3206897717,0.2098172085,0.4694930197,0.001067289821,1,0.02142465508,1.484018265e-06,False
2022-01-28,34,random_forest,"{'max_depth': 3, 'min_samples_leaf': 50}",0,0.3396799215,0.2639878594,0.396332219,0.0003665175465,0,0.01964920137,1.409817352e-06,False
2022-01-31,34,random_forest,"{'max_depth': 3, 'min_samples_leaf': 50}",0,0.2308701047,0.527455026,0.2416748693,0.0002750009107,0,0.005036876647,1.632420091e-06,False
2022-02-01,34,random_forest,"{'max_depth': 3, 'min_samples_leaf': 50}",0,0.2141323344,0.5928031998,0.1930644657,8.32976148e-05,0,0.004061484282,1.409817352e-06,False
2022-02-02,34,random_forest,"{'max_depth': 3, 'min_samples_leaf': 50}",0,0.2075565292,0.6078221104,0.1846213603,8.423244416e-05,0,-0.009646315425,1.409817352e-06,False
2022-02-03,34,random_forest,"{'max_depth': 3, 'min_samples_leaf': 50}",0,0.2498398983,0.4897244766,0.2604356251,0.0002322576361,0,0.005264940176,1.484018265e-06,False
2022-02-04,34,random_forest,"{'max_depth': 3, 'min_samples_leaf': 50}",0,0.2460882468,0.5290098716,0.2249018816,1.296571729e-05,0,-0.005005450309,1.706621005e-06,False
2022-02-07,34,random_forest,"{'max_depth': 3, 'min_samples_leaf': 50}",0,0.2546066886,0.5458631473,0.1995301642,-0.0002480923234,0,0.009424017512,2.003424658e-06,False
2022-02-08,34,random_forest,"{'max_depth': 3, 'min_samples_leaf': 50}",0,0.220153704,0.6261006538,0.1537456422,-0.0002542733468,0,0.005096452903,1.855022831e-06,False
2022-02-09,34,random_forest,"{'max_depth': 3, 'min_samples_leaf': 50}",0,0.176131206,0.7242653097,0.09960348435,-0.0002309739041,0,-0.00447553729,1.929223744e-06,False
2022-02-10,34,random_forest,"{'max_depth': 3, 'min_samples_leaf': 50}",0,0.2639607619,0.5172160595,0.2188231786,-0.0001973032135,0,-0.01991502675,2.96803653e-06,False
2022-02-11,34,random_forest,"{'max_depth': 3, 'min_samples_leaf': 50}",0,0.2763331265,0.3935390055,0.330127868,0.0004838065369,1,-0.002045881976,2.671232877e-06,False
2022-02-14,34,random_forest,"{'max_depth': 3, 'min_samples_leaf': 50}",0,0.3362263801,0.3010418759,0.362731744,0.0001582794813,0,0.005341074605,3.190639269e-06,False
2022-02-15,34,random_forest,"{'max_depth': 3, 'min_samples_leaf': 50}",0,0.3252052101,0.3516368621,0.3231579278,-2.209422331e-05,0,0.006014492268,2.96803653e-06,False
2022-02-16,34,random_forest,"{'max_depth': 3, 'min_samples_leaf': 50}",0,0.2573735436,0.5139273519,0.2286991045,-6.516125654e-05,0,-0.01389829806,2.819634703e-06,False
2022-02-17,35,random_forest,"{'max_depth': 3, 'min_samples_leaf': 50}",0,0.2845605751,0.4146376634,0.3008017615,0.0001836472079,0,-0.007088412897,2.671232877e-06,False
2022-02-18,35,random_forest,"{'max_depth': 3, 'min_samples_leaf': 50}",0,0.281894578,0.4077923563,0.3103130657,0.0002776848857,0,-0.00537175494,2.597031963e-06,False
2022-02-22,35,random_forest,"{'max_depth': 3, 'min_samples_leaf': 50}",0,0.3347921197,0.2687873547,0.3964205256,0.0003990155017,0,-0.0247538284,2.74543379e-06,False
2022-02-23,35,random_forest,"{'max_depth': 3, 'min_samples_leaf': 50}",0,0.3298207277,0.2268112293,0.443368043,0.0007855898643,1,0.04204174793,2.52283105e-06,False
2022-02-24,35,random_forest,"{'max_depth': 3, 'min_samples_leaf': 50}",0,0.3646452032,0.2013612728,0.433993524,0.0003877902676,0,0.01894745201,2.374429224e-06,False
2022-02-25,35,random_forest,"{'max_depth': 3, 'min_samples_leaf': 50}",0,0.2502327371,0.5215638689,0.2282033939,-1.597985558e-05,0,0.01064742279,2.448630137e-06,False
2022-02-28,35,random_forest,"{'max_depth': 3, 'min_samples_leaf': 50}",0,0.3291108262,0.2876132848,0.383275889,0.0003578097345,0,-0.01163110859,2.597031963e-06,False
2022-03-01,35,random_forest,"{'max_depth': 3, 'min_samples_leaf': 50}",0,0.3382468672,0.1882640765,0.4734890563,0.0009235348611,1,0.01276688866,2.374429224e-06,False
2022-03-02,35,random_forest,"{'max_depth': 3, 'min_samples_leaf': 50}",0,0.3067326529,0.3753505673,0.3179167798,9.728605457e-05,0,-0.01080666058,2.52283105e-06,False
2022-03-03,35,random_forest,"{'max_depth': 3, 'min_samples_leaf': 50}",0,0.300288266,0.3436781471,0.3560335868,0.000433967206,1,0.0009728162022,2.819634703e-06,False
2022-03-04,35,random_forest,"{'max_depth': 3, 'min_samples_leaf': 50}",0,0.3099554414,0.3243538449,0.3656907137,0.0004121835312,1,-0.02808479994,2.52283105e-06,False
2022-03-07,35,random_forest,"{'max_depth': 3, 'min_samples_leaf': 50}",0,0.3491725811,0.1748151603,0.4760122586,0.0008382414286,1,-0.008031064025,2.819634703e-06,False
2022-03-08,35,random_forest,"{'max_depth': 3, 'min_samples_leaf': 50}",0,0.3510749684,0.2113096298,0.4376154018,0.0005425777461,1,0.005339391465,2.671232877e-06,False
2022-03-09,35,random_forest,"{'max_depth': 3, 'min_samples_leaf': 50}",0,0.3060027977,0.3688291455,0.3251680568,0.0001566342658,0,0.007005637915,2.819634703e-06,False
2022-03-10,35,random_forest,"{'max_depth': 3, 'min_samples_leaf': 50}",0,0.2785441071,0.4575224316,0.2639334612,-2.592064444e-05,0,-0.01880311089,2.893835616e-06,False
2022-03-11,35,random_forest,"{'max_depth': 3, 'min_samples_leaf': 50}",0,0.2715746567,0.4532980093,0.275127334,0.0001210649887,0,-0.009242354449,2.96803653e-06,False
2022-03-14,35,random_forest,"{'max_depth': 3, 'min_samples_leaf': 50}",0,0.2756317349,0.4481612162,0.2762070489,9.04250222e-05,0,0.01524650316,3.339041096e-06,False
2022-03-15,35,random_forest,"{'max_depth': 3, 'min_samples_leaf': 50}",0,0.2602511431,0.5193951426,0.2203537142,-0.0001676782125,0,0.01332894543,3.413242009e-06,False
2022-03-16,35,random_forest,"{'max_depth': 3, 'min_samples_leaf': 50}",0,0.2029274601,0.6364802931,0.1605922467,-5.656472666e-05,0,0.01725134581,3.264840183e-06,False
2022-03-17,35,random_forest,"{'max_depth': 3, 'min_samples_leaf': 50}",0,0.1925964556,0.670620456,0.1367830884,-0.0001308191559,0,0.01488581981,2.96803653e-06,False
2022-03-18,35,random_forest,"{'max_depth': 3, 'min_samples_leaf': 50}",0,0.1859761205,0.7171654494,0.09685843012,-0.0003567640081,0,0.0001125676708,3.116438356e-06,False
2022-03-21,36,random_forest,"{'max_depth': 3, 'min_samples_leaf': 50}",0,0.1853443328,0.7046111452,0.110044522,-0.0002554810801,0,0.008365879629,4.006849315e-06,False
2022-03-22,36,random_forest,"{'max_depth': 3, 'min_samples_leaf': 50}",0,0.1637383103,0.7326939981,0.1035676916,-9.560319819e-05,0,-0.006958930898,3.784246575e-06,False
2022-03-23,36,random_forest,"{'max_depth': 3, 'min_samples_leaf': 50}",0,0.2114616703,0.6362431305,0.1522951992,-0.0001930978623,0,0.01020313885,3.710045662e-06,False
2022-03-24,36,random_forest,"{'max_depth': 3, 'min_samples_leaf': 50}",0,0.1638957833,0.7324823187,0.103621898,-9.671645545e-05,0,0.003391255443,3.858447489e-06,False
2022-03-25,36,random_forest,"{'max_depth': 3, 'min_samples_leaf': 50}",0,0.189681135,0.6784158951,0.1319029699,-0.0001348877684,0,0.008516582257,4.081050228e-06,False
2022-03-28,36,random_forest,"{'max_depth': 3, 'min_samples_leaf': 50}",0,0.1619684686,0.7344961211,0.1035354104,-7.880638477e-05,0,0.003325939636,4.377853881e-06,False
2022-03-29,36,random_forest,"{'max_depth': 3, 'min_samples_leaf': 50}",0,0.166841828,0.7249051199,0.1082530521,-9.068027873e-05,0,-0.003562549676,4.081050228e-06,False
2022-03-30,36,random_forest,"{'max_depth': 3, 'min_samples_leaf': 50}",0,0.1840023105,0.691790453,0.1242072365,-0.0001373782939,0,-0.01364956603,4.081050228e-06,False
2022-03-31,36,random_forest,"{'max_depth': 3, 'min_samples_leaf': 50}",0,0.2491639925,0.4835389776,0.2672970299,0.0002980801541,0,-0.0008603032223,3.858447489e-06,False
2022-04-01,36,random_forest,"{'max_depth': 3, 'min_samples_leaf': 50}",0,0.2590781969,0.4897712393,0.2511505637,8.272819178e-05,0,0.008099183036,3.932648402e-06,False
2022-04-04,36,random_forest,"{'max_depth': 3, 'min_samples_leaf': 50}",0,0.2244103578,0.5988302663,0.1767593759,-0.0001360505041,0,-0.00920434592,4.897260274e-06,False
2022-04-05,36,random_forest,"{'max_depth': 3, 'min_samples_leaf': 50}",0,0.2910626325,0.4322937918,0.2766435757,-3.582224583e-05,0,-0.0008280015737,4.823059361e-06,False
2022-04-06,36,random_forest,"{'max_depth': 3, 'min_samples_leaf': 50}",0,0.3004758232,0.3826888421,0.3168353346,0.0001720644114,0,0.007136589092,4.971461187e-06,False
2022-04-07,36,random_forest,"{'max_depth': 3, 'min_samples_leaf': 50}",0,0.3062447149,0.4113879328,0.2823673523,-0.0001394558671,0,-0.0008929032744,5.0456621e-06,False
2022-04-08,36,random_forest,"{'max_depth': 3, 'min_samples_leaf': 50}",0,0.3116144096,0.4049708474,0.283414743,-0.0001833659249,0,-0.00943453647,5.194063927e-06,False
2022-04-11,36,random_forest,"{'max_depth': 3, 'min_samples_leaf': 50}",0,0.3687428321,0.2349374389,0.396319729,0.0001052427763,0,-0.01081063957,5.71347032e-06,False
2022-04-12,36,random_forest,"{'max_depth': 3, 'min_samples_leaf': 50}",0,0.368804989,0.2307694672,0.4004255439,0.0001351377452,0,0.01205396615,5.49086758e-06,False
2022-04-13,36,random_forest,"{'max_depth': 3, 'min_samples_leaf': 50}",0,0.3136033748,0.3927613907,0.2936352345,-0.0001266056664,0,-0.01298608807,5.565068493e-06,False
2022-04-14,36,random_forest,"{'max_depth': 3, 'min_samples_leaf': 50}",0,0.3182904521,0.3415536619,0.3401558859,0.0001737785001,0,0.002655625458,5.861872146e-06,False
2022-04-18,36,random_forest,"{'max_depth': 3, 'min_samples_leaf': 50}",0,0.3188669748,0.3835749813,0.2975580439,-0.0001481391355,0,0.01639798893,6.010273973e-06,False
2022-04-19,36,random_forest,"{'max_depth': 3, 'min_samples_leaf': 50}",0,0.2983576558,0.4262125327,0.2754298115,-0.0001150588577,0,-0.004945005652,6.010273973e-06,False
2022-04-20,37,random_forest,"{'max_depth': 3, 'min_samples_leaf': 50}",0,0.2601584747,0.4987905574,0.241050968,-9.266541386e-07,0,-0.02336471849,6.084474886e-06,False
2022-04-21,37,random_forest,"{'max_depth': 3, 'min_samples_leaf': 50}",0,0.3573071748,0.2765559357,0.3661368895,-3.307756905e-06,0,-0.02487925422,6.158675799e-06,False
2022-04-22,37,random_forest,"{'max_depth': 3, 'min_samples_leaf': 50}",0,0.4651559242,0.1157281732,0.4191159026,-0.0006478349935,-1,0.01142397675,6.158675799e-06,False
2022-04-25,37,random_forest,"{'max_depth': 3, 'min_samples_leaf': 50}",0,0.453148936,0.1399910718,0.4068599922,-0.0006235948804,-1,-0.02284944881,6.752283105e-06,False
2022-04-26,37,random_forest,"{'max_depth': 3, 'min_samples_leaf': 50}",0,0.4355750214,0.1168781774,0.4475468012,-0.0001499613138,0,7.189810842e-05,6.158675799e-06,False
2022-04-27,37,random_forest,"{'max_depth': 3, 'min_samples_leaf': 50}",0,0.4409808487,0.1337021632,0.4253169881,-0.0003682569521,0,0.01307155952,6.084474886e-06,False
2022-04-28,37,random_forest,"{'max_depth': 3, 'min_samples_leaf': 50}",0,0.4127048848,0.1882946825,0.3990004327,-0.0002921469813,0,-0.02736135534,6.084474886e-06,False
2022-04-29,37,random_forest,"{'max_depth': 3, 'min_samples_leaf': 50}",0,0.4277358431,0.1423133044,0.4299508524,-0.0002058413042,0,0.005848529707,6.307077626e-06,False
2022-05-02,37,random_forest,"{'max_depth': 3, 'min_samples_leaf': 50}",0,0.431901507,0.1731194379,0.394979055,-0.0005074039647,-1,0.003301113506,6.678082192e-06,False
2022-05-03,37,random_forest,"{'max_depth': 3, 'min_samples_leaf': 50}",0,0.4014688006,0.235109581,0.3634216184,-0.0004496560977,-1,0.0287235335,6.752283105e-06,False
2022-05-04,37,random_forest,"{'max_depth': 3, 'min_samples_leaf': 50}",0,0.2658724626,0.4748372016,0.2592903359,8.026519388e-05,0,-0.02529735136,6.603881279e-06,False
2022-05-05,37,random_forest,"{'max_depth': 3, 'min_samples_leaf': 50}",0,0.3920643693,0.1968660674,0.4110695633,-2.812173737e-06,0,0.0005837757186,6.307077626e-06,False
2022-05-06,37,random_forest,"{'max_depth': 3, 'min_samples_leaf': 50}",0,0.3769228167,0.260661515,0.3624156683,-0.0002203639612,0,-0.01710686892,6.307077626e-06,False
2022-05-09,37,random_forest,"{'max_depth': 3, 'min_samples_leaf': 50}",0,0.4175966455,0.1494125958,0.4329907587,-8.53023274e-05,0,-0.01335012987,6.826484018e-06,False
2022-05-10,37,random_forest,"{'max_depth': 3, 'min_samples_leaf': 50}",0,0.34945464,0.2733088892,0.3772364709,0.0001554071409,0,-0.01336450177,6.603881279e-06,False
2022-05-11,37,random_forest,"{'max_depth': 3, 'min_samples_leaf': 50}",0,0.3496223371,0.2649377261,0.3854399368,0.0002151007187,0,0.007627709643,6.752283105e-06,False
2022-05-12,37,random_forest,"{'max_depth': 3, 'min_samples_leaf': 50}",0,0.307651064,0.3507802625,0.3415686735,0.0002921366842,0,0.01262889754,7.123287671e-06,False
2022-05-13,37,random_forest,"{'max_depth': 3, 'min_samples_leaf': 50}",0,0.2867423049,0.4117414964,0.3015161986,0.0001945104514,0,0.0002749770745,7.642694064e-06,False
2022-05-16,37,random_forest,"{'max_depth': 3, 'min_samples_leaf': 50}",0,0.2722402848,0.4553867553,0.2723729599,0.0001166083735,0,0.004403140085,7.939497717e-06,False
2022-05-17,37,random_forest,"{'max_depth': 3, 'min_samples_leaf': 50}",0,0.2215096449,0.5552482314,0.2232421236,0.000238842179,0,-0.02884761991,7.865296804e-06,False
2022-05-18,37,random_forest,"{'max_depth': 3, 'min_samples_leaf': 50}",0,0.3235432772,0.3389853265,0.3374713963,0.0001081921391,0,0.002161485143,7.642694064e-06,False
2022-05-19,38,random_forest,"{'max_depth': 3, 'min_samples_leaf': 50}",0,0.3153157463,0.3671871795,0.3174970742,-3.988719024e-05,0,-0.009205327691,7.79109589e-06,False
2022-05-20,38,random_forest,"{'max_depth': 3, 'min_samples_leaf': 50}",0,0.3111951601,0.3440779168,0.3447269231,0.00020626229,0,0.01041169718,7.642694064e-06,False
2022-05-23,38,random_forest,"{'max_depth': 3, 'min_samples_leaf': 50}",0,0.2414019502,0.5279460844,0.2306519654,4.266365339e-05,0,0.003388060508,7.939497717e-06,False
2022-05-24,38,random_forest,"{'max_depth': 3, 'min_samples_leaf': 50}",0,0.2835832082,0.4225171469,0.2938996449,9.863610122e-05,0,0.01289795727,7.865296804e-06,False
2022-05-25,38,random_forest,"{'max_depth': 3, 'min_samples_leaf': 50}",0,0.2397991416,0.5353006984,0.22490016,1.531726488e-05,0,0.01665533888,7.865296804e-06,False
2022-05-26,38,random_forest,"{'max_depth': 3, 'min_samples_leaf': 50}",0,0.2034708265,0.6177442058,0.1787849677,3.004840198e-05,0,0.01801869537,7.939497717e-06,False
2022-05-27,38,random_forest,"{'max_depth': 3, 'min_samples_leaf': 50}",0,0.2051446579,0.6074599252,0.1873954169,7.821703668e-05,0,-0.001499202332,8.01369863e-06,False
2022-05-31,38,random_forest,"{'max_depth': 3, 'min_samples_leaf': 50}",0,0.2368574884,0.5568279471,0.2063145645,-9.534463559e-05,0,-0.01344031808,8.607305936e-06,False
2022-06-01,38,random_forest,"{'max_depth': 3, 'min_samples_leaf': 50}",0,0.2607999342,0.5126484775,0.2265515882,-0.0001815403916,0,0.01946656493,8.533105023e-06,False
2022-06-02,38,random_forest,"{'max_depth': 3, 'min_samples_leaf': 50}",0,0.223077513,0.5788063839,0.1981161032,-1.975960429e-05,0,-0.004510148816,8.681506849e-06,False
2022-06-03,38,random_forest,"{'max_depth': 3, 'min_samples_leaf': 50}",0,0.2407932047,0.5294299339,0.2297768614,4.213955531e-05,0,-0.007208617222,8.978310502e-06,False
2022-06-06,38,random_forest,"{'max_depth': 3, 'min_samples_leaf': 50}",0,0.2368432373,0.5379428272,0.2252139354,4.713925186e-05,0,0.01872086273,9.349315068e-06,False
2022-06-07,38,random_forest,"{'max_depth': 3, 'min_samples_leaf': 50}",0,0.2286119864,0.5590910898,0.2122969238,3.188719878e-05,0,-0.006546980011,9.349315068e-06,False
2022-06-08,38,random_forest,"{'max_depth': 3, 'min_samples_leaf': 50}",0,0.2683124761,0.4954260018,0.2362615222,-0.0001832799464,0,-0.01929934534,9.497716895e-06,False
2022-06-09,38,random_forest,"{'max_depth': 3, 'min_samples_leaf': 50}",0,0.3181488714,0.3993830959,0.2824680327,-0.0003319458696,0,-0.01286471094,9.646118721e-06,False
2022-06-10,38,random_forest,"{'max_depth': 3, 'min_samples_leaf': 50}",0,0.3500238154,0.301107047,0.3488691376,-0.0001495096813,0,-0.01276821367,1.031392694e-05,False
2022-06-13,38,random_forest,"{'max_depth': 3, 'min_samples_leaf': 50}",0,0.4073654418,0.2061856305,0.3864489277,-0.0004379460224,-1,-0.007907684731,1.283675799e-05,False
2022-06-14,38,random_forest,"{'max_depth': 3, 'min_samples_leaf': 50}",0,0.3959021691,0.2541890797,0.3499087512,-0.0005989069255,-1,0.004876051805,1.357876712e-05,False
2022-06-15,38,random_forest,"{'max_depth': 3, 'min_samples_leaf': 50}",0,0.4210772474,0.2176435365,0.3612792161,-0.000764166264,-1,-0.0104181151,1.29109589e-05,False
2022-06-16,38,random_forest,"{'max_depth': 3, 'min_samples_leaf': 50}",0,0.4179557847,0.209539478,0.3725047373,-0.0006485117755,-1,0.000957499329,1.179794521e-05,False
2022-06-17,38,random_forest,"{'max_depth': 3, 'min_samples_leaf': 50}",0,0.3984572079,0.2490051355,0.3525376566,-0.0006045708618,-1,0.008550895506,1.209474886e-05,False
2022-06-21,39,random_forest,"{'max_depth': 3, 'min_samples_leaf': 50}",0,0.3669843217,0.3212390366,0.3117766417,-0.0005923831906,-1,0.01017219659,1.261415525e-05,False
2022-06-22,39,random_forest,"{'max_depth': 3, 'min_samples_leaf': 50}",0,0.3279997535,0.3634599317,0.3085403148,-0.0002270967938,0,0.003770132954,1.194634703e-05,False
2022-06-23,39,random_forest,"{'max_depth': 3, 'min_samples_leaf': 50}",0,0.2914717,0.4300999198,0.2784283802,-9.185654103e-05,0,0.02275824026,1.224315068e-05,False
2022-06-24,39,random_forest,"{'max_depth': 3, 'min_samples_leaf': 50}",0,0.248324454,0.519204948,0.2324705981,-1.153798745e-05,0,-0.006290734011,1.283675799e-05,False
2022-06-27,39,random_forest,"{'max_depth': 3, 'min_samples_leaf': 50}",0,0.2506491201,0.5284693787,0.2208815013,-0.0001233965565,0,-0.02454966747,1.328196347e-05,False
2022-06-28,39,random_forest,"{'max_depth': 3, 'min_samples_leaf': 50}",0,0.2668818024,0.4868643585,0.2462538391,-9.182295769e-05,0,-0.002334587202,1.328196347e-05,False
2022-06-29,39,random_forest,"{'max_depth': 3, 'min_samples_leaf': 50}",0,0.2569615709,0.5069489378,0.2360894913,-7.028254924e-05,0,0.002684482741,1.320776256e-05,False
2022-06-30,39,random_forest,"{'max_depth': 3, 'min_samples_leaf': 50}",0,0.3038447305,0.3944780755,0.301677194,-3.790306969e-05,0,0.0124282788,1.276255708e-05,False
2022-07-01,39,random_forest,"{'max_depth': 3, 'min_samples_leaf': 50}",0,0.2428615761,0.5231931673,0.2339452566,5.43905104e-05,0,0.01617533912,1.283675799e-05,False
2022-07-05,39,random_forest,"{'max_depth': 3, 'min_samples_leaf': 50}",0,0.2618670004,0.4759671757,0.2621658238,7.999895652e-05,0,0.002983472617,1.409817352e-05,False
2022-07-06,39,random_forest,"{'max_depth': 3, 'min_samples_leaf': 50}",0,0.2518219848,0.5048188481,0.2433591671,3.671559186e-05,0,0.01004880321,1.409817352e-05,False
2022-07-07,39,random_forest,"{'max_depth': 3, 'min_samples_leaf': 50}",0,0.2335814934,0.550588229,0.2158302776,8.742240428e-06,0,0.003615111966,1.446917808e-05,False
2022-07-08,39,random_forest,"{'max_depth': 3, 'min_samples_leaf': 50}",0,0.2370038904,0.5517039708,0.2112921388,-6.019279213e-05,0,-0.004198510014,1.469178082e-05,False
2022-07-11,39,random_forest,"{'max_depth': 3, 'min_samples_leaf': 50}",0,0.2917995096,0.4492407823,0.2589597081,-0.0002439781153,0,-0.007350468861,1.617579909e-05,False
2022-07-12,39,random_forest,"{'max_depth': 3, 'min_samples_leaf': 50}",0,0.3293300341,0.3880862162,0.2825837497,-0.0004388490411,-1,0.00994396264,1.647260274e-05,False
2022-07-13,39,random_forest,"{'max_depth': 3, 'min_samples_leaf': 50}",0,0.3208179632,0.3979098652,0.2812721717,-0.0003637156343,0,0.01150937742,1.773401826e-05,False
2022-07-14,39,random_forest,"{'max_depth': 3, 'min_samples_leaf': 50}",0,0.3156732595,0.3892746191,0.2950521214,-0.0002068939317,0,0.00674426145,1.780821918e-05,False
2022-07-15,39,random_forest,"{'max_depth': 3, 'min_samples_leaf': 50}",0,0.2329862467,0.5347006755,0.2323130778,0.0001407118463,0,-0.0165559314,1.758561644e-05,False
2022-07-18,39,random_forest,"{'max_depth': 3, 'min_samples_leaf': 50}",0,0.3094515271,0.4082764535,0.2822720194,-0.0002423538545,0,0.01603295357,1.855022831e-05,False
2022-07-19,39,random_forest,"{'max_depth': 3, 'min_samples_leaf': 50}",0,0.2149591246,0.5813954082,0.2036454673,0.0001018980462,0,0.005860289438,1.869863014e-05,False
2022-07-20,39,random_forest,"{'max_depth': 3, 'min_samples_leaf': 50}",0,0.220622642,0.5757246095,0.2036527485,4.529194004e-05,0,0.01174651127,1.862442922e-05,False
2022-07-21,40,random_forest,"{'max_depth': 3, 'min_samples_leaf': 50}",0,0.1962599416,0.5912493214,0.212490737,0.0004033937676,0,-0.009600965087,1.840182648e-05,False
2022-07-22,40,random_forest,"{'max_depth': 3, 'min_samples_leaf': 50}",0,0.2194362165,0.5286170758,0.2519467077,0.0004739000331,1,-0.0004548140425,1.84760274e-05,False
2022-07-25,40,random_forest,"{'max_depth': 3, 'min_samples_leaf': 50}",0,0.2131007809,0.5455699039,0.2413293152,0.0004559243143,1,-0.007490305174,1.944063927e-05,False
2022-07-26,40,random_forest,"{'max_depth': 3, 'min_samples_leaf': 50}",0,0.240380367,0.4915110494,0.2681085837,0.0003872403555,0,0.01693889697,1.892123288e-05,False
2022-07-27,40,random_forest,"{'max_depth': 3, 'min_samples_leaf': 50}",0,0.213377091,0.5562831063,0.2303398027,0.0003683641747,0,0.01040083722,1.810502283e-05,False
2022-07-28,40,random_forest,"{'max_depth': 3, 'min_samples_leaf': 50}",0,0.1898288312,0.6057204398,0.2044507289,0.0004062651402,0,0.01081997089,1.7956621e-05,False
2022-07-29,40,random_forest,"{'max_depth': 3, 'min_samples_leaf': 50}",0,0.2014606111,0.5778640993,0.2206752896,0.0004140528081,0,0.003959416263,1.788242009e-05,False
2022-08-01,40,random_forest,"{'max_depth': 3, 'min_samples_leaf': 50}",0,0.2109949922,0.5661341888,0.222870819,0.0003347849904,0,-0.002590920727,1.899543379e-05,False
2022-08-02,40,random_forest,"{'max_depth': 3, 'min_samples_leaf': 50}",0,0.2433872866,0.4995760546,0.2570366588,0.0002714920635,0,0.01011461009,1.899543379e-05,False
2022-08-03,40,random_forest,"{'max_depth': 3, 'min_samples_leaf': 50}",0,0.2211137744,0.5401971665,0.2386890591,0.000354704807,0,-0.00048261618,1.869863014e-05,False
2022-08-04,40,random_forest,"{'max_depth': 3, 'min_samples_leaf': 50}",0,0.2258772844,0.5260570145,0.2480657011,0.0003789705507,0,0.009300389463,1.855022831e-05,False
2022-08-05,40,random_forest,"{'max_depth': 3, 'min_samples_leaf': 50}",0,0.2056386813,0.5753625414,0.2189987773,0.0003589627255,0,-0.005442528006,1.914383562e-05,False
2022-08-08,40,random_forest,"{'max_depth': 3, 'min_samples_leaf': 50}",0,0.2296793777,0.516357256,0.2539633663,0.0003861006795,0,-0.002110511595,1.966324201e-05,False
2022-08-09,40,random_forest,"{'max_depth': 3, 'min_samples_leaf': 50}",0,0.2581965944,0.4670121048,0.2747913008,0.0002590207079,0,0.002889325035,1.981164384e-05,False
2022-08-10,40,random_forest,"{'max_depth': 3, 'min_samples_leaf': 50}",0,0.1923892222,0.6049918588,0.2026189191,0.0003662998338,0,-0.00709236634,1.966324201e-05,False
2022-08-11,40,random_forest,"{'max_depth': 3, 'min_samples_leaf': 50}",0,0.2031426226,0.5762670499,0.2205903275,0.0003964255636,0,0.01201338125,1.944063927e-05,False
2022-08-12,40,random_forest,"{'max_depth': 3, 'min_samples_leaf': 50}",0,0.2346071282,0.5238782988,0.241514573,0.0002403497558,0,0.009628731924,1.951484018e-05,False
2022-08-15,40,random_forest,"{'max_depth': 3, 'min_samples_leaf': 50}",0,0.2345968303,0.5293704686,0.2360327011,0.0001981669963,0,0.004605712134,2.01826484e-05,False
2022-08-16,40,random_forest,"{'max_depth': 3, 'min_samples_leaf': 50}",0,0.2358681318,0.5386817942,0.2254500739,0.0001037058587,0,0.001737433329,2.003424658e-05,False
2022-08-17,40,random_forest,"{'max_depth': 3, 'min_samples_leaf': 50}",0,0.2280134563,0.5276274878,0.2443590559,0.0003288233938,0,0.00241303777,1.988584475e-05,False
2022-08-18,40,random_forest,"{'max_depth': 3, 'min_samples_leaf': 50}",0,0.2527602371,0.4870681557,0.2601716072,0.0002010997081,0,-0.006682658597,2.010844749e-05,False
2022-08-19,41,random_forest,"{'max_depth': 3, 'min_samples_leaf': 50}",0,0.3192398046,0.37822403,0.3025361655,-0.0001125730619,0,-0.008871794308,2.033105023e-05,False
2022-08-22,41,random_forest,"{'max_depth': 3, 'min_samples_leaf': 50}",0,0.3939375765,0.2746943085,0.331368115,-0.0006417455535,-1,-0.001332012107,2.092465753e-05,False
2022-08-23,41,random_forest,"{'max_depth': 3, 'min_samples_leaf': 50}",0,0.3664344639,0.3292872539,0.3042782822,-0.0005744290556,-1,0.003785465528,2.077625571e-05,False
2022-08-24,41,random_forest,"{'max_depth': 3, 'min_samples_leaf': 50}",0,0.377067505,0.298285018,0.3246474771,-0.0005238535261,-1,0.010283257,2.092465753e-05,False
2022-08-25,41,random_forest,"{'max_depth': 3, 'min_samples_leaf': 50}",0,0.3338773346,0.3797524598,0.2863702057,-0.0003851361508,0,-0.03357260907,2.136986301e-05,False
2022-08-26,41,random_forest,"{'max_depth': 3, 'min_samples_leaf': 50}",0,0.4206023191,0.2284682297,0.3509294512,-0.0007588934794,-1,0.001069101588,2.144406393e-05,False
2022-08-29,41,random_forest,"{'max_depth': 3, 'min_samples_leaf': 50}",0,0.3815922276,0.2920987909,0.3263089815,-0.0005565650781,-1,-0.01396561736,2.203767123e-05,False
2022-08-30,41,random_forest,"{'max_depth': 3, 'min_samples_leaf': 50}",0,0.4255950639,0.2323342978,0.3420706383,-0.0008777529698,-1,-0.01187707872,2.203767123e-05,False
2022-08-31,41,random_forest,"{'max_depth': 3, 'min_samples_leaf': 50}",0,0.4071800932,0.2462667989,0.3465531079,-0.0006575815414,-1,0.008984699667,2.196347032e-05,False
2022-09-01,41,random_forest,"{'max_depth': 3, 'min_samples_leaf': 50}",0,0.4210994287,0.2438109765,0.3350895948,-0.000886511053,-1,-0.02008596128,2.203767123e-05,False
2022-09-02,41,random_forest,"{'max_depth': 3, 'min_samples_leaf': 50}",0,0.4226671968,0.2360521289,0.3412806743,-0.0008543785409,-1,-0.006028527697,2.181506849e-05,False
2022-09-06,41,random_forest,"{'max_depth': 3, 'min_samples_leaf': 50}",0,0.3880167089,0.2952176483,0.3167656428,-0.0006951435842,-1,0.01882541367,2.255707763e-05,False
2022-09-07,41,random_forest,"{'max_depth': 3, 'min_samples_leaf': 50}",0,0.3371873545,0.3655425376,0.2972701079,-0.0003341021394,0,0.01262042547,2.277968037e-05,False
2022-09-08,41,random_forest,"{'max_depth': 3, 'min_samples_leaf': 50}",0,0.3287287482,0.3757822626,0.2954889892,-0.0002626946946,0,0.009584386825,2.270547945e-05,False
2022-09-09,41,random_forest,"{'max_depth': 3, 'min_samples_leaf': 50}",0,0.2577141841,0.4747330187,0.2675527972,0.0002363145425,0,0.005357410758,2.285388128e-05,False
2022-09-12,41,random_forest,"{'max_depth': 3, 'min_samples_leaf': 50}",0,0.2404439564,0.5028199495,0.2567360941,0.0003265307222,0,-0.02172555757,2.35216895e-05,False
2022-09-13,41,random_forest,"{'max_depth': 3, 'min_samples_leaf': 50}",0,0.3854369574,0.2980495996,0.3165134431,-0.0006711127078,-1,0.0003295683194,2.433789954e-05,False
2022-09-14,41,random_forest,"{'max_depth': 3, 'min_samples_leaf': 50}",0,0.3739266354,0.3241124382,0.3019609265,-0.0006678274808,-1,-0.007227189409,2.404109589e-05,False
2022-09-15,41,random_forest,"{'max_depth': 3, 'min_samples_leaf': 50}",0,0.358252432,0.3334598569,0.3082877111,-0.000460984668,-1,0.003696524244,2.389269406e-05,False
2022-09-16,41,random_forest,"{'max_depth': 3, 'min_samples_leaf': 50}",0,0.3663961233,0.3188627324,0.3147411443,-0.0004930535793,-1,0.01645471132,2.374429224e-05,False
2022-09-19,41,random_forest,"{'max_depth': 3, 'min_samples_leaf': 50}",0,0.3490419792,0.3620994026,0.2888586182,-0.0005186114044,-1,-0.002519091199,2.500570776e-05,False
2022-09-20,42,random_forest,"{'max_depth': 3, 'min_samples_leaf': 50}",0,0.3588413403,0.3574179341,0.2837407256,-0.0006875896689,-1,-0.02258416247,2.485730594e-05,False
2022-09-21,42,random_forest,"{'max_depth': 3, 'min_samples_leaf': 50}",0,0.3843382859,0.2929856512,0.3226760629,-0.0006425420946,-1,-0.006266890105,2.456050228e-05,False
2022-09-22,42,random_forest,"{'max_depth': 3, 'min_samples_leaf': 50}",0,0.36496252,0.3447276686,0.2903098114,-0.0006985140869,-1,-0.007096914406,2.441210046e-05,False
2022-09-23,42,random_forest,"{'max_depth': 3, 'min_samples_leaf': 50}",0,0.4022756328,0.2858202396,0.3119041276,-0.0009094634627,-1,-0.005731301406,2.404109589e-05,False
2022-09-26,42,random_forest,"{'max_depth': 3, 'min_samples_leaf': 50}",0,0.3674893469,0.3432732362,0.2892374169,-0.0007326329036,-1,-0.0126079677,2.515410959e-05,False
2022-09-27,42,random_forest,"{'max_depth': 3, 'min_samples_leaf': 50}",0,0.4123315551,0.2817330648,0.3059353801,-0.001058554366,-1,0.01687796778,2.485730594e-05,False
2022-09-28,42,random_forest,"{'max_depth': 3, 'min_samples_leaf': 50}",0,0.3855540375,0.3075131209,0.3069328417,-0.0007781051191,-1,-0.01095932218,2.52283105e-05,False
2022-09-29,42,random_forest,"{'max_depth': 3, 'min_samples_leaf': 50}",0,0.3884344371,0.3061908896,0.3053746732,-0.0008196249458,-1,-0.01276947289,2.493150685e-05,False
2022-09-30,42,random_forest,"{'max_depth': 3, 'min_samples_leaf': 50}",0,0.4047851746,0.2873929439,0.3078218815,-0.000966957175,-1,0.01531516294,2.470890411e-05,False
2022-10-03,42,random_forest,"{'max_depth': 3, 'min_samples_leaf': 50}",0,0.32722628,0.3576537885,0.3151199315,-0.0001201602765,0,0.01495705539,2.567351598e-05,False
2022-10-04,42,random_forest,"{'max_depth': 3, 'min_samples_leaf': 50}",0,0.2476260787,0.4960520213,0.2563219,0.0002302453928,0,0.009909160915,2.559931507e-05,False
2022-10-05,42,random_forest,"{'max_depth': 3, 'min_samples_leaf': 50}",0,0.2617766024,0.4942599426,0.243963455,-1.053293822e-05,0,-0.006442635947,2.567351598e-05,False
2022-10-06,42,random_forest,"{'max_depth': 3, 'min_samples_leaf': 50}",0,0.2706775964,0.4783959455,0.2509264581,-4.667874709e-05,0,-0.01674930934,2.567351598e-05,False
2022-10-07,42,random_forest,"{'max_depth': 3, 'min_samples_leaf': 50}",0,0.3632592493,0.3494738049,0.2872669458,-0.0007049808614,-1,-0.01082537231,2.559931507e-05,False
2022-10-10,42,random_forest,"{'max_depth': 3, 'min_samples_leaf': 50}",0,0.3543454,0.3610769141,0.2845776859,-0.0006352638247,-1,-0.00139571269,2.559931507e-05,False
2022-10-11,42,random_forest,"{'max_depth': 3, 'min_samples_leaf': 50}",0,0.3589483447,0.3575578539,0.2834938014,-0.000690611254,-1,-0.004495116474,2.723173516e-05,False
2022-10-12,42,random_forest,"{'max_depth': 3, 'min_samples_leaf': 50}",0,0.3492031568,0.3531089832,0.29768786,-0.0004803244204,-1,0.04799407297,2.74543379e-05,False
2022-10-13,42,random_forest,"{'max_depth': 3, 'min_samples_leaf': 50}",0,0.3410989735,0.3744814548,0.2844195717,-0.0005016279569,-1,-0.02962958427,2.812214612e-05,False
2022-10-14,42,random_forest,"{'max_depth': 3, 'min_samples_leaf': 50}",0,0.3670756085,0.3190616545,0.313862737,-0.0005357369694,-1,0.007719561208,2.827054795e-05,False
2022-10-17,42,random_forest,"{'max_depth': 3, 'min_samples_leaf': 50}",0,0.2947621984,0.4366651216,0.26857268,-0.000153829753,0,-0.01066297028,2.945776256e-05,False
2022-10-18,42,random_forest,"{'max_depth': 3, 'min_samples_leaf': 50}",0,0.2661807463,0.480880137,0.2529391167,1.485573099e-05,0,-0.001327923029,2.997716895e-05,False
2022-10-19,43,random_forest,"{'max_depth': 3, 'min_samples_leaf': 50}",0,0.2891403145,0.4538018399,0.2570578456,-0.0002157399173,0,-0.007118971557,3.019977169e-05,False
2022-10-20,43,random_forest,"{'max_depth': 3, 'min_samples_leaf': 50}",0,0.306332008,0.422551445,0.271116547,-0.0002798901294,0,0.02511506785,3.034817352e-05,False
2022-10-21,43,random_forest,"{'max_depth': 3, 'min_samples_leaf': 50}",0,0.3093365433,0.4182640402,0.2723994165,-0.0003004979083,0,0.007927798961,3.034817352e-05,False
2022-10-24,43,random_forest,"{'max_depth': 3, 'min_samples_leaf': 50}",0,0.2534373543,0.5094544653,0.2371081804,-8.513525556e-06,0,0.01618312179,3.086757991e-05,False
2022-10-25,43,random_forest,"{'max_depth': 3, 'min_samples_leaf': 50}",0,0.2496369353,0.5151262718,0.2352367929,1.556284967e-05,0,0.00104814712,3.071917808e-05,False
2022-10-26,43,random_forest,"{'max_depth': 3, 'min_samples_leaf': 50}",0,0.2586539183,0.4962939403,0.2450521415,1.456384107e-06,0,-0.00806640128,3.049657534e-05,False
2022-10-27,43,random_forest,"{'max_depth': 3, 'min_samples_leaf': 50}",0,0.2716056003,0.4570387246,0.2713556751,7.887131265e-05,0,0.02408717199,3.064497717e-05,False
2022-10-28,43,random_forest,"{'max_depth': 3, 'min_samples_leaf': 50}",0,0.2599990153,0.4953458798,0.2446551049,-1.554326705e-05,0,-0.0005952049372,3.101598174e-05,False
2022-10-31,43,random_forest,"{'max_depth': 3, 'min_samples_leaf': 50}",0,0.2657977362,0.4874383478,0.246763916,-5.825405124e-05,0,-0.01440515072,3.131278539e-05,False
2022-11-01,43,random_forest,"{'max_depth': 3, 'min_samples_leaf': 50}",0,0.2664015237,0.4803487111,0.2532497652,-1.255257436e-05,0,-0.02352174758,3.13869863e-05,False
2022-11-02,43,random_forest,"{'max_depth': 3, 'min_samples_leaf': 50}",0,0.3542673375,0.3256504272,0.3200822354,-0.0003806020097,0,-0.001238300448,3.131278539e-05,False
2022-11-03,43,random_forest,"{'max_depth': 3, 'min_samples_leaf': 50}",0,0.3563150249,0.3517925811,0.291892394,-0.0006272461318,-1,-0.001724121818,3.153538813e-05,False
2022-11-04,43,random_forest,"{'max_depth': 3, 'min_samples_leaf': 50}",0,0.3634632046,0.3427414942,0.2937953011,-0.0006854717631,-1,0.005930531086,3.123858447e-05,False
2022-11-07,43,random_forest,"{'max_depth': 3, 'min_samples_leaf': 50}",0,0.3277378913,0.4046962208,0.2675658879,-0.0005282722358,-1,0.002335322191,3.183219178e-05,False
2022-11-08,43,random_forest,"{'max_depth': 3, 'min_samples_leaf': 50}",0,0.3010365892,0.4297907371,0.2691726737,-0.0002410312731,0,-0.0152659383,3.175799087e-05,False
2022-11-09,43,random_forest,"{'max_depth': 3, 'min_samples_leaf': 50}",0,0.3463549462,0.3618938849,0.2917511689,-0.0005260268268,-1,0.01711123531,3.183219178e-05,False
2022-11-10,43,random_forest,"{'max_depth': 3, 'min_samples_leaf': 50}",0,0.2661408299,0.4674280867,0.2664310834,9.561585482e-05,0,0.007381413776,3.175799087e-05,False
2022-11-11,43,random_forest,"{'max_depth': 3, 'min_samples_leaf': 50}",0,0.245094723,0.5064481976,0.2484570794,0.0001680399176,0,-0.003882439722,3.175799087e-05,False
2022-11-14,43,random_forest,"{'max_depth': 3, 'min_samples_leaf': 50}",0,0.2518650932,0.4991309795,0.2490039272,0.0001028441608,0,-0.006630945171,3.220319635e-05,False
2022-11-15,43,random_forest,"{'max_depth': 3, 'min_samples_leaf': 50}",0,0.2615782783,0.4773585053,0.2610632164,9.954170373e-05,0,-0.003351949799,3.198059361e-05,False
2022-11-16,43,random_forest,"{'max_depth': 3, 'min_samples_leaf': 50}",0,0.2671995279,0.4642749391,0.268525533,0.0001014984932,0,0.009680886407,3.205479452e-05,False
2022-11-17,44,random_forest,"{'max_depth': 3, 'min_samples_leaf': 50}",0,0.2689418122,0.4575381666,0.2735200211,0.0001397809748,0,-0.004299269704,3.205479452e-05,False
2022-11-18,44,random_forest,"{'max_depth': 3, 'min_samples_leaf': 50}",0,0.273058978,0.4473820284,0.2795589936,0.0001462945887,0,-0.0001267441673,3.220319635e-05,False
2022-11-21,44,random_forest,"{'max_depth': 3, 'min_samples_leaf': 50}",0,0.271658987,0.4533332888,0.2750077242,0.0001238290557,0,0.008244431675,3.272260274e-05,False
2022-11-22,44,random_forest,"{'max_depth': 3, 'min_samples_leaf': 50}",0,0.2454653526,0.5010579397,0.2534767077,0.0002193174687,0,0.007183145279,3.264840183e-05,False
2022-11-23,44,random_forest,"{'max_depth': 3, 'min_samples_leaf': 50}",0,0.2475481291,0.4959522962,0.2564995747,0.0002223522556,0,0.001244307169,1.757990868e-05,False
2022-11-25,44,random_forest,"{'max_depth': 3, 'min_samples_leaf': 50}",0,0.2440074315,0.4947364372,0.2612561313,0.0002974193452,0,-0.007968109211,3.272260274e-05,False
2022-11-28,44,random_forest,"{'max_depth': 3, 'min_samples_leaf': 50}",0,0.3171327201,0.3658812787,0.3169860012,-4.657499926e-06,0,-0.002070387145,3.272260274e-05,False
2022-11-29,44,random_forest,"{'max_depth': 3, 'min_samples_leaf': 50}",0,0.3261560285,0.3635619041,0.3102820675,-0.0001520370834,0,0.0308225309,3.25e-05,False
2022-11-30,44,random_forest,"{'max_depth': 3, 'min_samples_leaf': 50}",0,0.2630402776,0.4691208524,0.26783887,0.0001545647458,0,-0.003400406657,3.242579909e-05,False
2022-12-01,44,random_forest,"{'max_depth': 3, 'min_samples_leaf': 50}",0,0.240266396,0.4975237569,0.2622098471,0.00034372062,0,0.01158484432,3.212899543e-05,False
2022-12-02,44,random_forest,"{'max_depth': 3, 'min_samples_leaf': 50}",0,0.2367315871,0.5009855704,0.2622828425,0.0003807553791,0,-0.01079345407,3.220319635e-05,False
2022-12-05,44,random_forest,"{'max_depth': 3, 'min_samples_leaf': 50}",0,0.3229658073,0.3600007913,0.3170334014,-6.441080662e-05,0,-0.01399536002,3.235159817e-05,False
2022-12-06,44,random_forest,"{'max_depth': 3, 'min_samples_leaf': 50}",0,0.3194434971,0.3480004645,0.3325560385,9.775190095e-05,0,0.0005598849445,3.242579909e-05,False
2022-12-07,44,random_forest,"{'max_depth': 3, 'min_samples_leaf': 50}",0,0.320905662,0.3468065258,0.3322878123,8.05027401e-05,0,0.002783761526,3.183219178e-05,False
2022-12-08,44,random_forest,"{'max_depth': 3, 'min_samples_leaf': 50}",0,0.3207588337,0.3652271466,0.3140140197,-6.613689706e-05,0,-0.004203179425,3.175799087e-05,False
2022-12-09,44,random_forest,"{'max_depth': 3, 'min_samples_leaf': 50}",0,0.3236934166,0.3749169767,0.3013896067,-0.0001987431566,0,0.01228090384,3.198059361e-05,False
2022-12-12,44,random_forest,"{'max_depth': 3, 'min_samples_leaf': 50}",0,0.2837392616,0.4488368346,0.2674239038,-6.220066417e-05,0,-0.02011115989,3.25e-05,False
2022-12-13,44,random_forest,"{'max_depth': 3, 'min_samples_leaf': 50}",0,0.2807065006,0.4425090377,0.2767844617,4.495632581e-05,0,-0.005502830013,3.227739726e-05,False
2022-12-14,44,random_forest,"{'max_depth': 3, 'min_samples_leaf': 50}",0,0.3114802763,0.3986029061,0.2899168176,-0.0001658436542,0,-0.01184373073,3.212899543e-05,False
2022-12-15,44,random_forest,"{'max_depth': 3, 'min_samples_leaf': 50}",0,0.3373834144,0.3209782635,0.3416383221,-1.357001707e-05,0,-0.004958730331,3.220319635e-05,False
2022-12-16,44,random_forest,"{'max_depth': 3, 'min_samples_leaf': 50}",0,0.3374273782,0.3260682334,0.3365043883,-5.564625379e-05,0,-0.008996824145,3.198059361e-05,False
2022-12-19,45,random_forest,"{'max_depth': 3, 'min_samples_leaf': 50}",0,0.331683187,0.3719778076,0.2963390054,-0.000331704462,0,0.003454361756,3.242579909e-05,False
2022-12-20,45,random_forest,"{'max_depth': 3, 'min_samples_leaf': 50}",0,0.3440974633,0.3711816241,0.2847209126,-0.0005548254546,-1,0.007775632046,3.227739726e-05,False
2022-12-21,45,random_forest,"{'max_depth': 3, 'min_samples_leaf': 50}",0,0.3446875044,0.3731895589,0.2821229367,-0.0005821728114,-1,-0.006082721957,3.212899543e-05,False
2022-12-22,45,random_forest,"{'max_depth': 3, 'min_samples_leaf': 50}",0,0.3542220335,0.3551799684,0.2905979981,-0.0006111506992,-1,0.0085868822,3.227739726e-05,False
2022-12-23,45,random_forest,"{'max_depth': 3, 'min_samples_leaf': 50}",0,0.3439533194,0.3757302894,0.2803163912,-0.000589385269,-1,-0.003631271908,3.220319635e-05,False
2022-12-27,45,random_forest,"{'max_depth': 3, 'min_samples_leaf': 50}",0,0.3451665133,0.3709165989,0.2839168878,-0.0005724315798,-1,-0.01224656621,3.309360731e-05,False
2022-12-28,45,random_forest,"{'max_depth': 3, 'min_samples_leaf': 50}",0,0.3428779861,0.371951594,0.2851704199,-0.0005385692103,-1,0.01003608106,3.309360731e-05,False
2022-12-29,45,random_forest,"{'max_depth': 3, 'min_samples_leaf': 50}",0,0.321358321,0.404359015,0.274282664,-0.0004057240176,0,0.004702548323,3.301940639e-05,False
2022-12-30,45,random_forest,"{'max_depth': 3, 'min_samples_leaf': 50}",0,0.3179416255,0.4101954719,0.2718629025,-0.0003902880457,0,-0.009235860889,3.279680365e-05,False
2023-01-03,45,random_forest,"{'max_depth': 3, 'min_samples_leaf': 50}",0,0.3155837796,0.4067468588,0.2776693616,-0.0003184496938,0,0.001513693488,3.36130137e-05,False
2023-01-04,45,random_forest,"{'max_depth': 3, 'min_samples_leaf': 50}",0,0.2909845648,0.4295438352,0.2794716,-4.998793956e-05,0,-0.006130138366,3.376141553e-05,False
2023-01-05,45,random_forest,"{'max_depth': 3, 'min_samples_leaf': 50}",0,0.3191839795,0.3858004548,0.2950155656,-0.0002136206766,0,0.01429654586,3.457762557e-05,False
2023-01-06,45,random_forest,"{'max_depth': 3, 'min_samples_leaf': 50}",0,0.2708405355,0.4523648829,0.2767945816,0.0001358656355,0,-0.006429822583,3.465182648e-05,False
2023-01-09,45,random_forest,"{'max_depth': 3, 'min_samples_leaf': 50}",0,0.2542278695,0.4787163691,0.2670557614,0.0002275037019,0,0.008599061448,3.487442922e-05,False
2023-01-10,45,random_forest,"{'max_depth': 3, 'min_samples_leaf': 50}",0,0.2444654496,0.5000077091,0.2555268413,0.0002338393172,0,0.008387879512,3.509703196e-05,False
2023-01-11,45,random_forest,"{'max_depth': 3, 'min_samples_leaf': 50}",0,0.2378248181,0.5080253485,0.2541498333,0.0002910603063,0,0.0007310308411,3.502283105e-05,False
2023-01-12,45,random_forest,"{'max_depth': 3, 'min_samples_leaf': 50}",0,0.2478360519,0.4902626503,0.2619012978,0.0002512438657,0,0.01239775671,3.457762557e-05,False
2023-01-13,45,random_forest,"{'max_depth': 3, 'min_samples_leaf': 50}",0,0.2430434283,0.5046369065,0.2523196653,0.0002222583649,0,-0.001781825789,3.465182648e-05,False
2023-01-17,45,random_forest,"{'max_depth': 3, 'min_samples_leaf': 50}",0,0.2495338585,0.4886538753,0.2618122661,0.0002330043321,0,-0.01884669392,3.494863014e-05,False
2023-01-18,45,random_forest,"{'max_depth': 3, 'min_samples_leaf': 50}",0,0.3126661253,0.3930674776,0.2942663971,-0.0001525277695,0,-0.001849113387,3.480022831e-05,False
2023-01-19,45,random_forest,"{'max_depth': 3, 'min_samples_leaf': 50}",0,0.3308037726,0.3631026251,0.3060936023,-0.0002428029531,0,0.01481671047,3.494863014e-05,False
2023-01-20,46,random_forest,"{'max_depth': 3, 'min_samples_leaf': 50}",0,0.2912231163,0.4413550617,0.2674218219,-0.0001382773376,0,0.009855827095,3.502283105e-05,False
2023-01-23,46,random_forest,"{'max_depth': 3, 'min_samples_leaf': 50}",0,0.2671650253,0.4852086995,0.2476262752,-5.226192308e-05,0,0.003309284508,3.509703196e-05,False
2023-01-24,46,random_forest,"{'max_depth': 3, 'min_samples_leaf': 50}",0,0.272348385,0.4779773771,0.2496742379,-8.90062739e-05,0,0.01111249863,3.502283105e-05,False
2023-01-25,46,random_forest,"{'max_depth': 3, 'min_samples_leaf': 50}",0,0.275667969,0.4673262118,0.2570058192,-6.308601925e-05,0,0.004018542635,3.502283105e-05,False
2023-01-26,46,random_forest,"{'max_depth': 3, 'min_samples_leaf': 50}",0,0.260833942,0.4945646569,0.2446014011,-1.168138311e-05,0,0.00500418419,3.494863014e-05,False
2023-01-27,46,random_forest,"{'max_depth': 3, 'min_samples_leaf': 50}",0,0.2678448601,0.4875836386,0.2445715013,-8.438174598e-05,0,-0.005486572895,3.509703196e-05,False
2023-01-30,46,random_forest,"{'max_depth': 3, 'min_samples_leaf': 50}",0,0.2874442496,0.4530779464,0.259477804,-0.0001644820882,0,0.01333733721,3.502283105e-05,False
2023-01-31,46,random_forest,"{'max_depth': 3, 'min_samples_leaf': 50}",0,0.2807401178,0.4553166862,0.263943196,-5.851601624e-05,0,0.01379530739,3.487442922e-05,False
2023-02-01,46,random_forest,"{'max_depth': 3, 'min_samples_leaf': 50}",0,0.284631109,0.4557929875,0.2595759034,-0.0001346036639,0,0.004628099822,3.457762557e-05,False
2023-02-02,46,random_forest,"{'max_depth': 3, 'min_samples_leaf': 50}",0,0.2932623053,0.442230873,0.2645068217,-0.0001832972896,0,0.001846521452,3.457762557e-05,False
2023-02-03,46,random_forest,"{'max_depth': 3, 'min_samples_leaf': 50}",0,0.277676265,0.4640479545,0.2582757805,-7.340852914e-05,0,9.755724048e-05,3.487442922e-05,False
2023-02-06,46,random_forest,"{'max_depth': 3, 'min_samples_leaf': 50}",0,0.2832064609,0.4607574777,0.2560360615,-0.0001489592692,0,0.0154572538,3.494863014e-05,False
2023-02-07,46,random_forest,"{'max_depth': 3, 'min_samples_leaf': 50}",0,0.291268556,0.4408798786,0.2678515654,-0.0001352167253,0,-0.006002979513,3.494863014e-05,False
2023-02-08,46,random_forest,"{'max_depth': 3, 'min_samples_leaf': 50}",0,0.3056217773,0.4276927049,0.2666855178,-0.0002931296611,0,-0.01766368399,3.502283105e-05,False
2023-02-09,46,random_forest,"{'max_depth': 3, 'min_samples_leaf': 50}",0,0.3344833311,0.3907291541,0.2747875148,-0.0005248456691,-1,0.005371367621,3.539383562e-05,False
2023-02-10,46,random_forest,"{'max_depth': 3, 'min_samples_leaf': 50}",0,0.33830865,0.3878276183,0.2738637316,-0.0005719672479,-1,0.01005574804,3.554223744e-05,False
2023-02-13,46,random_forest,"{'max_depth': 3, 'min_samples_leaf': 50}",0,0.2954424535,0.4458639773,0.2586935692,-0.0002535822453,0,0.003404397671,3.569063927e-05,False
2023-02-14,46,random_forest,"{'max_depth': 3, 'min_samples_leaf': 50}",0,0.3104170936,0.4212467176,0.2683361888,-0.0003291273833,0,0.008846118659,3.561643836e-05,False
2023-02-15,46,random_forest,"{'max_depth': 3, 'min_samples_leaf': 50}",0,0.2912193273,0.4535468332,0.2552338395,-0.0002383587177,0,-0.001247608017,3.554223744e-05,False
2023-02-16,46,random_forest,"{'max_depth': 3, 'min_samples_leaf': 50}",0,0.3411178455,0.3777814839,0.2811006706,-0.0005415498096,-1,0.002955258428,3.591324201e-05,False
2023-02-17,46,random_forest,"{'max_depth': 3, 'min_samples_leaf': 50}",0,0.3537811372,0.3568038373,0.2894150255,-0.0006041194687,-1,-0.009849653264,3.591324201e-05,False
2023-02-21,47,random_forest,"{'max_depth': 3, 'min_samples_leaf': 50}",0,0.3362499771,0.3856284208,0.2781216021,-0.0004824139435,-1,-0.002452894556,3.606164384e-05,False
2023-02-22,47,random_forest,"{'max_depth': 3, 'min_samples_leaf': 50}",0,0.3413031595,0.3768726953,0.2818241453,-0.0005042541124,-1,-0.002241243712,3.591324201e-05,False
2023-02-23,47,random_forest,"{'max_depth': 3, 'min_samples_leaf': 50}",0,0.3536578769,0.3634325458,0.2829095773,-0.0006233262779,-1,0.002427776684,3.591324201e-05,False
2023-02-24,47,random_forest,"{'max_depth': 3, 'min_samples_leaf': 50}",0,0.3506298351,0.3658097468,0.2835604181,-0.0005865846626,-1,-0.005351699676,3.606164384e-05,False
2023-02-27,47,random_forest,"{'max_depth': 3, 'min_samples_leaf': 50}",0,0.32361183,0.3953688425,0.2810193275,-0.0003275707794,0,-0.00244191324,3.628424658e-05,False
2023-02-28,47,random_forest,"{'max_depth': 3, 'min_samples_leaf': 50}",0,0.3226255987,0.3802534555,0.2971209458,-0.0001846220407,0,-0.001694477514,3.621004566e-05,False
2023-03-01,47,random_forest,"{'max_depth': 3, 'min_samples_leaf': 50}",0,0.3312247117,0.3798978683,0.28887742,-0.0003416793992,0,0.01306408521,3.635844749e-05,False
2023-03-02,47,random_forest,"{'max_depth': 3, 'min_samples_leaf': 50}",0,0.3276425485,0.3953000982,0.2770573533,-0.0004019965829,0,0.01120815352,3.64326484e-05,False
2023-03-03,47,random_forest,"{'max_depth': 3, 'min_samples_leaf': 50}",0,0.2721882442,0.4557465597,0.2720651961,0.0001314696409,0,-0.001431888902,3.64326484e-05,False
2023-03-06,47,random_forest,"{'max_depth': 3, 'min_samples_leaf': 50}",0,0.2759371645,0.4542094127,0.2698534229,7.439114906e-05,0,-0.01520702294,3.658105023e-05,False
2023-03-07,47,random_forest,"{'max_depth': 3, 'min_samples_leaf': 50}",0,0.3099551382,0.4052414656,0.2848033961,-0.000154867117,0,0.001330351589,3.739726027e-05,False
2023-03-08,47,random_forest,"{'max_depth': 3, 'min_samples_leaf': 50}",0,0.2998061279,0.4213956526,0.2787982196,-9.92051026e-05,0,-0.02046328335,3.75456621e-05,False
2023-03-09,47,random_forest,"{'max_depth': 3, 'min_samples_leaf': 50}",0,0.3144017058,0.3821298861,0.3034684081,-4.708241024e-05,0,-0.01299262577,3.747146119e-05,False
2023-03-10,47,random_forest,"{'max_depth': 3, 'min_samples_leaf': 50}",0,0.3220530661,0.3744264833,0.3035204506,-0.0001259368394,0,0.009297786367,3.717465753e-05,False
2023-03-13,47,random_forest,"{'max_depth': 3, 'min_samples_leaf': 50}",0,0.3337385148,0.3630538864,0.3032075988,-0.0002496004203,0,0.003149836166,3.613584475e-05,False
2023-03-14,47,random_forest,"{'max_depth': 3, 'min_samples_leaf': 50}",0,0.3320354901,0.3744778982,0.2934866117,-0.0003120860431,0,0.008784845498,3.621004566e-05,False
2023-03-15,47,random_forest,"{'max_depth': 3, 'min_samples_leaf': 50}",0,0.3161150392,0.3823390646,0.3015458962,-8.068369274e-05,0,0.02401628112,3.524543379e-05,False
2023-03-16,47,random_forest,"{'max_depth': 3, 'min_samples_leaf': 50}",0,0.2913409844,0.433482522,0.2751764937,-4.134398245e-05,0,-0.008214259156,3.517123288e-05,False
2023-03-17,47,random_forest,"{'max_depth': 3, 'min_samples_leaf': 50}",0,0.3173048749,0.3781488828,0.3045462423,-6.828022098e-05,0,0.007523036061,3.353881279e-05,False
2023-03-20,47,random_forest,"{'max_depth': 3, 'min_samples_leaf': 50}",0,0.2617911199,0.4719057025,0.2663031776,0.0001917070218,0,0.00420404171,3.569063927e-05,False
2023-03-21,47,random_forest,"{'max_depth': 3, 'min_samples_leaf': 50}",0,0.2593483773,0.4800509086,0.2606007141,0.0001700119916,0,-0.01660277751,3.546803653e-05,False
2023-03-22,48,random_forest,"{'max_depth': 5, 'min_samples_leaf': 50}",0,0.2896801167,0.4333522084,0.2769676749,-1.336179388e-05,0,-0.004859608878,3.554223744e-05,False
2023-03-23,48,random_forest,"{'max_depth': 5, 'min_samples_leaf': 50}",0,0.2767110641,0.4293441088,0.2939448272,0.0002625649722,0,0.009978572192,3.509703196e-05,False
2023-03-24,48,random_forest,"{'max_depth': 5, 'min_samples_leaf': 50}",0,0.2729588724,0.4642026251,0.2628385025,4.317881787e-05,0,-0.004094255361,3.517123288e-05,False
2023-03-27,48,random_forest,"{'max_depth': 5, 'min_samples_leaf': 50}",0,0.27473302,0.470495992,0.254770988,-4.229410032e-05,0,-0.0004294991323,3.64326484e-05,False
2023-03-28,48,random_forest,"{'max_depth': 5, 'min_samples_leaf': 50}",0,0.2941532106,0.4386345718,0.2672122176,-0.0001409288005,0,0.003550654875,3.561643836e-05,False
2023-03-29,48,random_forest,"{'max_depth': 5, 'min_samples_leaf': 50}",0,0.2764305559,0.4819404289,0.2416290152,-0.0001691257265,0,-0.0009650922875,3.561643836e-05,False
2023-03-30,48,random_forest,"{'max_depth': 5, 'min_samples_leaf': 50}",0,0.277828083,0.4729321624,0.2492397546,-0.0001204359333,0,0.01168885214,3.687785388e-05,False
2023-03-31,48,random_forest,"{'max_depth': 5, 'min_samples_leaf': 50}",0,0.267258628,0.4905882136,0.2421531584,-6.937445538e-05,0,0.005136372917,3.598744292e-05,False
2023-04-03,48,random_forest,"{'max_depth': 5, 'min_samples_leaf': 50}",0,0.2651185341,0.4874058927,0.2474755732,-2.899973209e-06,0,-0.007166759777,3.635844749e-05,False
2023-04-04,48,random_forest,"{'max_depth': 5, 'min_samples_leaf': 50}",0,0.2655249641,0.4624473678,0.2720276681,0.0001968367757,0,-0.0007599655469,3.621004566e-05,False
2023-04-05,48,random_forest,"{'max_depth': 5, 'min_samples_leaf': 50}",0,0.2726322835,0.4449294844,0.2824382321,0.00020939841,0,0.005949341137,3.606164384e-05,False
2023-04-06,48,random_forest,"{'max_depth': 5, 'min_samples_leaf': 50}",0,0.2753111039,0.451903628,0.2727852682,0.0001013450528,0,0.007378077711,3.64326484e-05,False
2023-04-10,48,random_forest,"{'max_depth': 5, 'min_samples_leaf': 50}",0,0.2849281097,0.4532378011,0.2618340893,-8.965699584e-05,0,-0.001316259396,3.769406393e-05,False
2023-04-11,48,random_forest,"{'max_depth': 5, 'min_samples_leaf': 50}",0,0.2866144439,0.447607413,0.2657781431,-7.443169385e-05,0,-0.009274789024,3.739726027e-05,False
2023-04-12,48,random_forest,"{'max_depth': 5, 'min_samples_leaf': 50}",0,0.2943207637,0.4330969179,0.2725823183,-9.805995451e-05,0,0.01048440466,3.724885845e-05,False
2023-04-13,48,random_forest,"{'max_depth': 5, 'min_samples_leaf': 50}",0,0.2615425699,0.4868054555,0.2516519746,6.898857454e-05,0,-0.000847862592,3.784246575e-05,False
2023-04-14,48,random_forest,"{'max_depth': 5, 'min_samples_leaf': 50}",0,0.2792264591,0.4546867811,0.2660867598,4.974362186e-06,0,0.003807278085,3.813926941e-05,False
2023-04-17,48,random_forest,"{'max_depth': 5, 'min_samples_leaf': 50}",0,0.2800658089,0.4607316941,0.259202497,-6.0946004e-05,0,-0.003296585822,3.86586758e-05,False
2023-04-18,48,random_forest,"{'max_depth': 5, 'min_samples_leaf': 50}",0,0.2844917655,0.439948219,0.2755600154,2.890813732e-05,0,0.004657739827,3.858447489e-05,False
2023-04-19,48,random_forest,"{'max_depth': 5, 'min_samples_leaf': 50}",0,0.2831834594,0.4511364228,0.2656801178,-3.956044002e-05,0,0.001629370595,3.828767123e-05,False
2023-04-20,48,random_forest,"{'max_depth': 5, 'min_samples_leaf': 50}",0,0.3018995916,0.4217083219,0.2763920864,-0.0001452379054,0,2.428433527e-05,3.799086758e-05,False
2023-04-21,49,random_forest,"{'max_depth': 5, 'min_samples_leaf': 50}",0,0.2961975303,0.4288901482,0.2749123215,-8.259567281e-05,0,0.001553471369,3.813926941e-05,False
2023-04-24,49,random_forest,"{'max_depth': 5, 'min_samples_leaf': 50}",0,0.2954169795,0.4184827451,0.2861002755,1.824470514e-05,0,-0.01096010551,3.858447489e-05,False
2023-04-25,49,random_forest,"{'max_depth': 5, 'min_samples_leaf': 50}",0,0.2882637196,0.3849636883,0.326772592,0.0004295657242,0,-0.005802556821,3.799086758e-05,False
2023-04-26,49,random_forest,"{'max_depth': 5, 'min_samples_leaf': 50}",0,0.2888048886,0.3888680055,0.3223271059,0.0003871028443,0,0.01329239232,3.828767123e-05,False
2023-04-27,49,random_forest,"{'max_depth': 5, 'min_samples_leaf': 50}",0,0.3027044487,0.4072996103,0.289995941,-2.498951746e-05,0,0.01079006194,3.843607306e-05,False
2023-04-28,49,random_forest,"{'max_depth': 5, 'min_samples_leaf': 50}",0,0.2748478224,0.4509512505,0.2742009272,0.0001327831934,0,9.629699578e-05,3.784246575e-05,False
2023-05-01,49,random_forest,"{'max_depth': 5, 'min_samples_leaf': 50}",0,0.2779029677,0.4647023323,0.2573946999,-3.820859405e-05,0,-0.009475113491,3.910388128e-05,False
2023-05-02,49,random_forest,"{'max_depth': 5, 'min_samples_leaf': 50}",0,0.3020465062,0.403953941,0.2939995528,1.502041781e-05,0,-0.008119400198,3.888127854e-05,False
2023-05-03,49,random_forest,"{'max_depth': 5, 'min_samples_leaf': 50}",0,0.2925177668,0.3903679389,0.3171142944,0.0003054058798,0,-0.004423335297,3.902968037e-05,False
2023-05-04,49,random_forest,"{'max_depth': 5, 'min_samples_leaf': 50}",0,0.2886142473,0.3805485392,0.3308372135,0.0004596292755,1,0.0090973593,3.902968037e-05,False
2023-05-05,49,random_forest,"{'max_depth': 5, 'min_samples_leaf': 50}",0,0.2822135419,0.4410392948,0.2767471633,7.755090638e-05,0,-0.000556967897,3.902968037e-05,False
2023-05-08,49,random_forest,"{'max_depth': 5, 'min_samples_leaf': 50}",0,0.2812385013,0.4585358714,0.2602256274,-4.931035435e-05,0,-0.0004864938863,3.940068493e-05,False
2023-05-09,49,random_forest,"{'max_depth': 5, 'min_samples_leaf': 50}",0,0.2899231586,0.4514936442,0.2585831972,-0.0001529375238,0,-0.002488640899,3.925228311e-05,False
2023-05-10,49,random_forest,"{'max_depth': 5, 'min_samples_leaf': 50}",0,0.2956971175,0.4135646653,0.2907382173,5.379074561e-05,0,0.0004369283018,3.888127854e-05,False
2023-05-11,49,random_forest,"{'max_depth': 5, 'min_samples_leaf': 50}",0,0.2879976325,0.4360539933,0.2759483742,1.098027036e-05,0,-0.004426532309,3.858447489e-05,False
2023-05-12,49,random_forest,"{'max_depth': 5, 'min_samples_leaf': 50}",0,0.2925551945,0.4331438754,0.2743009302,-4.99136837e-05,0,0.0019164729,3.895547945e-05,False
2023-05-15,49,random_forest,"{'max_depth': 5, 'min_samples_leaf': 50}",0,0.2807353366,0.4512257268,0.2680389366,2.067858575e-05,0,-0.003909059761,3.86586758e-05,False
2023-05-16,49,random_forest,"{'max_depth': 5, 'min_samples_leaf': 50}",0,0.2909446632,0.4339582087,0.2750971281,-2.662088134e-05,0,0.006984369785,3.880707763e-05,False
2023-05-17,49,random_forest,"{'max_depth': 5, 'min_samples_leaf': 50}",0,0.27570403,0.4573472551,0.266948715,6.378679302e-05,0,0.01043629121,3.902968037e-05,False
2023-05-18,49,random_forest,"{'max_depth': 5, 'min_samples_leaf': 50}",0,0.2695940057,0.4705087395,0.2598972548,6.865533908e-05,0,-0.00368902647,3.940068493e-05,False
2023-05-19,49,random_forest,"{'max_depth': 5, 'min_samples_leaf': 50}",0,0.2777687432,0.4537597069,0.2684715499,5.501193841e-05,0,0.0003582884193,3.925228311e-05,False
2023-05-22,50,random_forest,"{'max_depth': 5, 'min_samples_leaf': 50}",0,0.2402846963,0.4862790079,0.2734362957,0.0004830806848,1,-0.007168865409,4.006849315e-05,False
2023-05-23,50,random_forest,"{'max_depth': 5, 'min_samples_leaf': 50}",0,0.2948535714,0.4240630055,0.2810834231,-1.653772403e-05,0,-0.003224909344,3.962328767e-05,False
2023-05-24,50,random_forest,"{'max_depth': 5, 'min_samples_leaf': 50}",0,0.3226946415,0.3918736038,0.2854317547,-0.0002677255752,0,-0.0002169946437,3.984589041e-05,False
2023-05-25,50,random_forest,"{'max_depth': 5, 'min_samples_leaf': 50}",0,0.3315068278,0.3870425796,0.2814505926,-0.0003918132029,0,0.01129223167,3.992009132e-05,False
2023-05-26,50,random_forest,"{'max_depth': 5, 'min_samples_leaf': 50}",0,0.2409168778,0.4810532897,0.2780298325,0.000514780459,1,-0.004383588943,3.962328767e-05,False
2023-05-30,50,random_forest,"{'max_depth': 5, 'min_samples_leaf': 50}",0,0.2567008951,0.4674173383,0.2758817667,0.000333984457,0,-0.001028001949,4.118150685e-05,False
2023-05-31,50,random_forest,"{'max_depth': 5, 'min_samples_leaf': 50}",0,0.283260986,0.4291211409,0.2876178731,0.0001574960421,0,0.008921550589,4.095890411e-05,False
2023-06-01,50,random_forest,"{'max_depth': 5, 'min_samples_leaf': 50}",0,0.2352521611,0.4770270624,0.2877207765,0.0006538941577,1,0.008056568749,4.081050228e-05,False
2023-06-02,50,random_forest,"{'max_depth': 5, 'min_samples_leaf': 50}",0,0.2095169649,0.5055698622,0.2849131729,0.0008961665665,1,-0.002755189723,4.081050228e-05,False
2023-06-05,50,random_forest,"{'max_depth': 5, 'min_samples_leaf': 50}",0,0.2503833226,0.4657711223,0.2838455552,0.0004654643495,1,0.003187440679,4.051369863e-05,False
2023-06-06,50,random_forest,"{'max_depth': 5, 'min_samples_leaf': 50}",0,0.2131466611,0.5104877491,0.2763655897,0.0007875725945,1,-0.004411387047,4.03652968e-05,False
2023-06-07,50,random_forest,"{'max_depth': 5, 'min_samples_leaf': 50}",0,0.2756470593,0.4346226139,0.2897303268,0.0002536649219,0,0.005883478853,4.021689498e-05,False
2023-06-08,50,random_forest,"{'max_depth': 5, 'min_samples_leaf': 50}",0,0.2369770975,0.4819278505,0.281095052,0.0005809536372,1,-0.0001395420899,3.992009132e-05,False
2023-06-09,50,random_forest,"{'max_depth': 5, 'min_samples_leaf': 50}",0,0.2570824658,0.4600702389,0.2828472954,0.0003880095194,0,0.006683315456,3.984589041e-05,False
2023-06-12,50,random_forest,"{'max_depth': 5, 'min_samples_leaf': 50}",0,0.2570726567,0.4568360844,0.2860912589,0.0004151053859,0,0.003078187029,4.006849315e-05,False
2023-06-13,50,random_forest,"{'max_depth': 5, 'min_samples_leaf': 50}",0,0.2665420497,0.4452151691,0.2882427811,0.0003352672293,0,0.0003889681133,3.97716895e-05,False
2023-06-14,50,random_forest,"{'max_depth': 5, 'min_samples_leaf': 50}",0,0.2783546653,0.4356980468,0.2859472879,0.0001942367815,0,0.01436990291,3.97716895e-05,False
2023-06-15,50,random_forest,"{'max_depth': 5, 'min_samples_leaf': 50}",0,0.2719109732,0.4405572645,0.2875317623,0.0002739330539,0,-0.008035749138,3.954908676e-05,False
2023-06-16,50,random_forest,"{'max_depth': 5, 'min_samples_leaf': 50}",0,0.276916754,0.4360945075,0.2869887385,0.0002177451673,0,-0.0006172578967,3.962328767e-05,False
2023-06-20,50,random_forest,"{'max_depth': 5, 'min_samples_leaf': 50}",0,0.2754453282,0.4347443675,0.2898103043,0.0002564127001,0,-0.002797141484,3.999429224e-05,False
2023-06-21,50,random_forest,"{'max_depth': 5, 'min_samples_leaf': 50}",0,0.2740804986,0.4279563433,0.2979631581,0.0003383442325,0,0.00589929131,4.006849315e-05,False
2023-06-22,51,random_forest,"{'max_depth': 5, 'min_samples_leaf': 50}",0,0.2642728642,0.4692536702,0.2664734656,0.0001918094087,0,0.0006467529683,4.006849315e-05,False
2023-06-23,51,random_forest,"{'max_depth': 5, 'min_samples_leaf': 50}",0,0.2612719278,0.4489220082,0.289806064,0.000416946058,0,-0.002727550122,4.014269406e-05,False
2023-06-26,51,random_forest,"{'max_depth': 5, 'min_samples_leaf': 50}",0,0.2795652081,0.4200043991,0.3004303928,0.0003171314257,0,0.008835450941,4.081050228e-05,False
2023-06-27,51,random_forest,"{'max_depth': 5, 'min_samples_leaf': 50}",0,0.2596689005,0.4748627932,0.2654683063,0.0002308229714,0,0.003080167469,4.03652968e-05,False
2023-06-28,51,random_forest,"{'max_depth': 5, 'min_samples_leaf': 50}",0,0.2658037099,0.4589971899,0.2751991003,0.0002486987375,0,0.004931631086,4.03652968e-05,False
2023-06-29,51,random_forest,"{'max_depth': 5, 'min_samples_leaf': 50}",0,0.2623403275,0.4893205324,0.2483391401,6.072331719e-05,0,0.004168168647,4.051369863e-05,False
2023-06-30,51,random_forest,"{'max_depth': 5, 'min_samples_leaf': 50}",0,0.2700093212,0.4650936578,0.264897021,0.0001196479504,0,0.001964226355,2.169520548e-05,False
2023-07-03,51,random_forest,"{'max_depth': 5, 'min_samples_leaf': 50}",0,0.2698465286,0.4772552738,0.2528981977,2.142875731e-05,0,0.002760745906,4.03652968e-05,False
2023-07-05,51,random_forest,"{'max_depth': 5, 'min_samples_leaf': 50}",0,0.2728084444,0.4927803326,0.234411223,-0.0001629647257,0,0.000546152198,4.03652968e-05,False
2023-07-06,51,random_forest,"{'max_depth': 5, 'min_samples_leaf': 50}",0,0.2979495976,0.4381122135,0.2639381889,-0.000175883175,0,-0.0001824249283,4.051369863e-05,False
2023-07-07,51,random_forest,"{'max_depth': 5, 'min_samples_leaf': 50}",0,0.2990281513,0.4275794833,0.2733923654,-0.0001082736893,0,0.003377632421,4.051369863e-05,False
2023-07-10,51,random_forest,"{'max_depth': 5, 'min_samples_leaf': 50}",0,0.2962121138,0.4336400015,0.2701478847,-0.0001063038077,0,0.004563467302,4.066210046e-05,False
2023-07-11,51,random_forest,"{'max_depth': 5, 'min_samples_leaf': 50}",0,0.2684356131,0.4716682766,0.2598961103,9.420942675e-05,0,-0.0008289290548,4.073630137e-05,False
2023-07-12,51,random_forest,"{'max_depth': 5, 'min_samples_leaf': 50}",0,0.2669902916,0.459364066,0.2736456425,0.0002235538808,0,0.003706192604,4.058789954e-05,False
2023-07-13,51,random_forest,"{'max_depth': 5, 'min_samples_leaf': 50}",0,0.2655819006,0.4586606742,0.2757574252,0.0002556297554,0,-0.002663852464,4.058789954e-05,False
2023-07-14,51,random_forest,"{'max_depth': 5, 'min_samples_leaf': 50}",0,0.2657810552,0.4524562086,0.2817627362,0.0003035765515,0,0.003807341839,4.073630137e-05,False
2023-07-17,51,random_forest,"{'max_depth': 5, 'min_samples_leaf': 50}",0,0.2749220885,0.4484446816,0.2766332299,0.0001667962222,0,0.008190904398,4.073630137e-05,False
2023-07-18,51,random_forest,"{'max_depth': 5, 'min_samples_leaf': 50}",0,0.2743634564,0.4429636422,0.2826729014,0.0002228278755,0,0.000417578621,4.073630137e-05,False
2023-07-19,51,random_forest,"{'max_depth': 5, 'min_samples_leaf': 50}",0,0.2839034541,0.4428054381,0.2732911078,4.653974566e-05,0,-0.004381664936,4.073630137e-05,False
2023-07-20,51,random_forest,"{'max_depth': 5, 'min_samples_leaf': 50}",0,0.2798751227,0.4407169419,0.2794079354,0.0001389223037,0,-0.003921047801,4.073630137e-05,False
2023-07-21,51,random_forest,"{'max_depth': 5, 'min_samples_leaf': 50}",0,0.2649974928,0.4618717595,0.2731307477,0.0002397761645,0,0.001830772,4.081050228e-05,False
2023-07-24,52,random_forest,"{'max_depth': 5, 'min_samples_leaf': 50}",0,0.2577829414,0.4519118034,0.2903052552,0.0004711200217,1,0.003348583391,4.08847032e-05,False
2023-07-25,52,random_forest,"{'max_depth': 5, 'min_samples_leaf': 50}",0,0.2597720083,0.4474307607,0.292797231,0.0004713377529,1,0.002288398642,4.08847032e-05,False
2023-07-26,52,random_forest,"{'max_depth': 5, 'min_samples_leaf': 50}",0,0.2599132004,0.4492558493,0.2908309502,0.0004536245269,1,-0.01422595716,4.08847032e-05,False
2023-07-27,52,random_forest,"{'max_depth': 5, 'min_samples_leaf': 50}",0,0.2625165489,0.4438001362,0.2936833149,0.0004505244808,1,0.002281320916,4.08847032e-05,False
2023-07-28,52,random_forest,"{'max_depth': 5, 'min_samples_leaf': 50}",0,0.2492979612,0.4638031074,0.2868989314,0.0005299491428,1,0.0008307750503,4.095890411e-05,False
2023-07-31,52,random_forest,"{'max_depth': 5, 'min_samples_leaf': 50}",0,0.257952799,0.4550126483,0.2870345528,0.0004423224547,1,0.0004603020096,4.118150685e-05,False
2023-08-01,52,random_forest,"{'max_depth': 5, 'min_samples_leaf': 50}",0,0.2576313893,0.4758824611,0.2664861496,0.000275638344,0,-0.006883607424,4.110730594e-05,False
2023-08-02,52,random_forest,"{'max_depth': 5, 'min_samples_leaf': 50}",0,0.2934558192,0.3968449906,0.3096991902,0.0002657526009,0,0.001785527598,4.103310502e-05,False
2023-08-03,52,random_forest,"{'max_depth': 5, 'min_samples_leaf': 50}",0,0.2814655755,0.4146714226,0.3038630019,0.0003404251944,0,-0.008675017061,4.110730594e-05,False
2023-08-04,52,random_forest,"{'max_depth': 5, 'min_samples_leaf': 50}",0,0.2834939852,0.3981029656,0.3184030492,0.000439903209,0,0.004457221938,4.110730594e-05,False
2023-08-07,52,random_forest,"{'max_depth': 5, 'min_samples_leaf': 50}",0,0.2730578794,0.4276218503,0.2993202702,0.0003890612659,0,0.001495298675,4.125570776e-05,False
2023-08-08,52,random_forest,"{'max_depth': 5, 'min_samples_leaf': 50}",0,0.2708827573,0.4176441198,0.3114731229,0.0005118959186,1,-0.007304631596,4.132990868e-05,False
2023-08-09,52,random_forest,"{'max_depth': 5, 'min_samples_leaf': 50}",0,0.2624902372,0.4093870523,0.3281227105,0.0007356828721,1,-0.005087125543,4.118150685e-05,False
2023-08-10,52,random_forest,"{'max_depth': 5, 'min_samples_leaf': 50}",0,0.2746603552,0.3951948328,0.3301448119,0.0006276150296,1,0.003784022865,4.110730594e-05,False
2023-08-11,52,random_forest,"{'max_depth': 5, 'min_samples_leaf': 50}",0,0.2781535511,0.4131689375,0.3086775114,0.0004142138544,0,0.007668030152,4.110730594e-05,False
2023-08-14,52,random_forest,"{'max_depth': 5, 'min_samples_leaf': 50}",0,0.2766222904,0.4311276983,0.2922500113,0.0002940246333,0,-0.007573833095,4.125570776e-05,False
2023-08-15,52,random_forest,"{'max_depth': 5, 'min_samples_leaf': 50}",0,0.2825459825,0.4091163522,0.3083376653,0.0003663616508,0,-0.006373405024,4.125570776e-05,False
2023-08-16,52,random_forest,"{'max_depth': 5, 'min_samples_leaf': 50}",0,0.2811828509,0.3989554289,0.3198617202,0.0004756684544,1,-0.01103906751,4.125570776e-05,False
2023-08-17,52,random_forest,"{'max_depth': 5, 'min_samples_leaf': 50}",0,0.2877695203,0.392767027,0.3194634528,0.000404832791,0,0.007222477207,4.125570776e-05,False
2023-08-18,52,random_forest,"{'max_depth': 5, 'min_samples_leaf': 50}",0,0.3042786837,0.3829729352,0.3127483812,0.0001799960473,0,0.004090980826,4.118150685e-05,False
2023-08-21,52,random_forest,"{'max_depth': 5, 'min_samples_leaf': 50}",0,0.2737253257,0.4141058589,0.3121688154,0.000488502497,1,-0.006867942352,4.132990868e-05,False
2023-08-22,53,random_forest,"{'max_depth': 5, 'min_samples_leaf': 50}",0,0.3191586138,0.3624598149,0.3183815714,5.410726384e-05,0,0.008605575104,4.132990868e-05,False
2023-08-23,53,random_forest,"{'max_depth': 5, 'min_samples_leaf': 50}",0,0.2889183491,0.425035857,0.286045794,9.776413455e-05,0,-0.01754028162,4.132990868e-05,False
2023-08-24,53,random_forest,"{'max_depth': 5, 'min_samples_leaf': 50}",0,0.2950516164,0.3537348438,0.3512135398,0.0005717126104,1,0.002940659551,4.140410959e-05,False
2023-08-25,53,random_forest,"{'max_depth': 5, 'min_samples_leaf': 50}",0,0.3052582029,0.3871406808,0.3076011163,0.0001078106266,0,0.001175876237,4.162671233e-05,False
2023-08-28,53,random_forest,"{'max_depth': 5, 'min_samples_leaf': 50}",0,0.2872731221,0.3945182898,0.3182085881,0.0003795762546,0,0.01470690138,4.140410959e-05,False
2023-08-29,53,random_forest,"{'max_depth': 5, 'min_samples_leaf': 50}",0,0.2264311525,0.5222746381,0.2512942094,0.0004521199805,1,0.003336966855,4.125570776e-05,False
2023-08-30,53,random_forest,"{'max_depth': 5, 'min_samples_leaf': 50}",0,0.2292532841,0.547488468,0.2232582479,0.0001922373923,0,-0.002878307909,4.125570776e-05,False
2023-08-31,53,random_forest,"{'max_depth': 5, 'min_samples_leaf': 50}",0,0.2478788165,0.4863606688,0.2657605147,0.0003514039112,0,-0.004369245398,4.125570776e-05,False
2023-09-01,53,random_forest,"{'max_depth': 5, 'min_samples_leaf': 50}",0,0.2467627909,0.4859151815,0.2673220276,0.0003757087001,0,-0.003305794381,4.103310502e-05,False
2023-09-05,53,random_forest,"{'max_depth': 5, 'min_samples_leaf': 50}",0,0.2478855064,0.5089152242,0.2431992694,0.0001654842358,0,-0.004861714451,4.118150685e-05,False
2023-09-06,53,random_forest,"{'max_depth': 5, 'min_samples_leaf': 50}",0,0.2716217747,0.4750121086,0.2533661166,5.887788149e-06,0,0.003926837271,4.118150685e-05,False
2023-09-07,53,random_forest,"{'max_depth': 5, 'min_samples_leaf': 50}",0,0.2741504584,0.4713800279,0.2544695137,-1.094721402e-05,0,0.001393560754,4.103310502e-05,False
2023-09-08,53,random_forest,"{'max_depth': 5, 'min_samples_leaf': 50}",0,0.2707659095,0.4730038003,0.2562302902,3.825621285e-05,0,0.0004685480541,4.118150685e-05,False
2023-09-11,53,random_forest,"{'max_depth': 5, 'min_samples_leaf': 50}",0,0.2431232331,0.513335306,0.2435414609,0.0002171264893,0,-0.002147940282,4.118150685e-05,False
2023-09-12,53,random_forest,"{'max_depth': 5, 'min_samples_leaf': 50}",0,0.2669449202,0.4617745887,0.2712804911,0.0002014073807,0,0.0006499228203,4.125570776e-05,False
2023-09-13,53,random_forest,"{'max_depth': 5, 'min_samples_leaf': 50}",0,0.275035974,0.4623470836,0.2626169424,4.708983723e-05,0,0.002872554505,4.118150685e-05,False
2023-09-14,53,random_forest,"{'max_depth': 5, 'min_samples_leaf': 50}",0,0.2441706633,0.483176466,0.2726528708,0.0004461969989,1,-0.008431407352,4.118150685e-05,False
2023-09-15,53,random_forest,"{'max_depth': 5, 'min_samples_leaf': 50}",0,0.2904972801,0.4143744895,0.2951282304,0.0001563944501,0,0.001309146102,4.125570776e-05,False
2023-09-18,53,random_forest,"{'max_depth': 5, 'min_samples_leaf': 50}",0,0.2866094759,0.4527613129,0.2606292112,-8.793730539e-05,0,6.776623798e-05,4.118150685e-05,False
2023-09-19,53,random_forest,"{'max_depth': 5, 'min_samples_leaf': 50}",0,0.3045265798,0.4004778773,0.2949955429,1.147132317e-05,0,-0.01209431099,4.110730594e-05,False
2023-09-20,53,random_forest,"{'max_depth': 5, 'min_samples_leaf': 50}",0,0.3087810643,0.3574614049,0.3337575308,0.0002871605655,0,-0.00989212158,4.125570776e-05,False
2023-09-21,54,random_forest,"{'max_depth': 5, 'min_samples_leaf': 50}",0,0.3108811604,0.3186666337,0.3704522059,0.0005551642294,1,-0.004694181514,4.132990868e-05,False
2023-09-22,54,random_forest,"{'max_depth': 5, 'min_samples_leaf': 50}",0,0.3168983828,0.2910357464,0.3920658708,0.0006716125026,1,0.00713003572,4.125570776e-05,False
2023-09-25,54,random_forest,"{'max_depth': 5, 'min_samples_leaf': 50}",0,0.326676528,0.3199214958,0.3534019763,0.0002528712616,0,-0.007480928322,4.140410959e-05,False
2023-09-26,54,random_forest,"{'max_depth': 5, 'min_samples_leaf': 50}",0,0.3175327517,0.2894312981,0.3930359501,0.0006731071699,1,-0.002435103872,4.140410959e-05,False
2023-09-27,54,random_forest,"{'max_depth': 5, 'min_samples_leaf': 50}",0,0.3344198556,0.2914882239,0.3740919206,0.0003440264295,0,0.007144819841,4.140410959e-05,False
2023-09-28,54,random_forest,"{'max_depth': 5, 'min_samples_leaf': 50}",0,0.3231312988,0.3305999548,0.3462687464,0.0002304131972,0,-0.009706494245,4.125570776e-05,False
2023-09-29,54,random_forest,"{'max_depth': 5, 'min_samples_leaf': 50}",0,0.3104569403,0.3523200844,0.3372229753,0.0002857142717,0,0.00161737034,4.118150685e-05,False
2023-10-02,54,random_forest,"{'max_depth': 5, 'min_samples_leaf': 50}",0,0.3219791694,0.3626656591,0.3153551715,-1.250006359e-05,0,-0.008163556381,4.170091324e-05,False
2023-10-03,54,random_forest,"{'max_depth': 5, 'min_samples_leaf': 50}",0,0.3137632557,0.3226362488,0.3636004955,0.0004691850231,1,0.006136414097,4.170091324e-05,False
2023-10-04,54,random_forest,"{'max_depth': 5, 'min_samples_leaf': 50}",0,0.3157696321,0.3525840774,0.3316462906,0.0001853420278,0,0.0003299430386,4.162671233e-05,False
2023-10-05,54,random_forest,"{'max_depth': 5, 'min_samples_leaf': 50}",0,0.3127884456,0.3579562306,0.3292553238,0.0001961803346,0,0.01793968143,4.162671233e-05,False
2023-10-06,54,random_forest,"{'max_depth': 5, 'min_samples_leaf': 50}",0,0.3097502066,0.4054921858,0.2847576076,-0.0001393397545,0,0.0110155343,4.177511416e-05,False
2023-10-09,54,random_forest,"{'max_depth': 5, 'min_samples_leaf': 50}",0,0.2814753342,0.4902115177,0.2283131482,-0.0003147751713,0,0.003695676238,4.177511416e-05,False
2023-10-10,54,random_forest,"{'max_depth': 5, 'min_samples_leaf': 50}",0,0.2686453637,0.4803500789,0.2510045574,3.62169204e-06,0,0.001560905105,4.162671233e-05,False
2023-10-11,54,random_forest,"{'max_depth': 5, 'min_samples_leaf': 50}",0,0.2587492266,0.5079127426,0.2333380308,-4.056859335e-05,0,-0.007529485035,4.162671233e-05,False
2023-10-12,54,random_forest,"{'max_depth': 5, 'min_samples_leaf': 50}",0,0.2857066598,0.4750576887,0.2392356515,-0.0002681232942,0,-0.008524600725,4.177511416e-05,False
2023-10-13,54,random_forest,"{'max_depth': 5, 'min_samples_leaf': 50}",0,0.2791643051,0.4207355248,0.3001001701,0.0003003951884,0,0.005117332701,4.170091324e-05,False
2023-10-16,54,random_forest,"{'max_depth': 5, 'min_samples_leaf': 50}",0,0.2720391732,0.4848731864,0.2430876404,-9.637633038e-05,0,0.007416629515,4.162671233e-05,False
2023-10-17,54,random_forest,"{'max_depth': 5, 'min_samples_leaf': 50}",0,0.2666654639,0.5258977132,0.2074368229,-0.0003350772197,0,-0.009166519058,4.170091324e-05,False
2023-10-18,54,random_forest,"{'max_depth': 5, 'min_samples_leaf': 50}",0,0.3011544567,0.4453268835,0.2535186598,-0.0003086823945,0,-0.01048850063,4.162671233e-05,False
2023-10-19,54,random_forest,"{'max_depth': 5, 'min_samples_leaf': 50}",0,0.3016452998,0.4115892494,0.2867654508,-3.977022399e-05,0,-0.01124467915,4.155251142e-05,False
2023-10-20,55,random_forest,"{'max_depth': 5, 'min_samples_leaf': 50}",0,0.3229953876,0.3450965907,0.3319080217,0.0001073523777,0,0.002025705203,4.140410959e-05,False
2023-10-23,55,random_forest,"{'max_depth': 5, 'min_samples_leaf': 50}",0,0.3207694162,0.3307107362,0.3485198476,0.0002674128407,0,0.002318729469,4.140410959e-05,False
2023-10-24,55,random_forest,"{'max_depth': 5, 'min_samples_leaf': 50}",0,0.3221552435,0.3324471565,0.3453976,0.0002274050102,0,-0.01028710493,4.140410959e-05,False
2023-10-25,55,random_forest,"{'max_depth': 5, 'min_samples_leaf': 50}",0,0.336892796,0.3149397148,0.3481674892,9.911095651e-05,0,-0.009364927985,4.14783105e-05,False
2023-10-26,55,random_forest,"{'max_depth': 5, 'min_samples_leaf': 50}",0,0.2923650512,0.261840546,0.4457944028,0.001362345018,1,-0.008474395272,4.14783105e-05,False
2023-10-27,55,random_forest,"{'max_depth': 5, 'min_samples_leaf': 50}",0,0.3010383047,0.2714975704,0.4274641249,0.001121953565,1,0.004908595679,4.14783105e-05,False
2023-10-30,55,random_forest,"{'max_depth': 5, 'min_samples_leaf': 50}",0,0.3127708825,0.3428494095,0.344379708,0.0003152597374,0,0.004853716068,4.155251142e-05,False
2023-10-31,55,random_forest,"{'max_depth': 5, 'min_samples_leaf': 50}",0,0.3172656568,0.3813722179,0.3013621254,-8.620614829e-05,0,0.008253796301,4.14783105e-05,False
2023-11-01,55,random_forest,"{'max_depth': 5, 'min_samples_leaf': 50}",0,0.2954776933,0.4142456169,0.2902766899,4.571695006e-05,0,0.009798920238,4.132990868e-05,False
2023-11-02,55,random_forest,"{'max_depth': 5, 'min_samples_leaf': 50}",0,0.2543130878,0.5510888099,0.1945981023,-0.0003224035766,0,0.003578491285,4.110730594e-05,False
2023-11-03,55,random_forest,"{'max_depth': 5, 'min_samples_leaf': 50}",0,0.2622939537,0.5078984787,0.2298075676,-0.0001134120838,0,0.0005052041061,4.103310502e-05,False
2023-11-06,55,random_forest,"{'max_depth': 5, 'min_samples_leaf': 50}",0,0.2527627355,0.5642507892,0.1829864753,-0.0004024215075,0,0.002846037884,4.125570776e-05,False
2023-11-07,55,random_forest,"{'max_depth': 5, 'min_samples_leaf': 50}",0,0.2487693695,0.5582847729,0.1929458577,-0.00027918582,0,-0.0006856081405,4.118150685e-05,False
2023-11-08,55,random_forest,"{'max_depth': 5, 'min_samples_leaf': 50}",0,0.2659609075,0.458556502,0.2754825904,0.000226284616,0,-0.01046916605,4.110730594e-05,False
2023-11-09,55,random_forest,"{'max_depth': 5, 'min_samples_leaf': 50}",0,0.2732532247,0.4420481019,0.2846986734,0.0002276132783,0,0.01061969433,4.110730594e-05,False
2023-11-10,55,random_forest,"{'max_depth': 5, 'min_samples_leaf': 50}",0,0.248053215,0.5558193614,0.1961274236,-0.0002455573725,0,0.002185623578,4.103310502e-05,False
2023-11-13,55,random_forest,"{'max_depth': 5, 'min_samples_leaf': 50}",0,0.2655466341,0.5123038825,0.2221494834,-0.0002100393947,0,0.005399721274,4.118150685e-05,False
2023-11-14,55,random_forest,"{'max_depth': 5, 'min_samples_leaf': 50}",0,0.2504707521,0.5571180764,0.1924111716,-0.0003010552673,0,-0.0009553059266,4.095890411e-05,False
2023-11-15,55,random_forest,"{'max_depth': 5, 'min_samples_leaf': 50}",0,0.2603541562,0.5659956616,0.1736501821,-0.0005574182749,-1,0.00224836337,4.103310502e-05,False
2023-11-16,55,random_forest,"{'max_depth': 5, 'min_samples_leaf': 50}",0,0.250560041,0.5495337305,0.1999062285,-0.0002400560924,0,0.00122161149,4.08847032e-05,False
2023-11-17,55,random_forest,"{'max_depth': 5, 'min_samples_leaf': 50}",0,0.2709157626,0.473210736,0.2558735014,1.347192821e-05,0,0.008279162342,4.081050228e-05,False
2023-11-20,56,random_forest,"{'max_depth': 5, 'min_samples_leaf': 50}",0,0.2682084536,0.4862217023,0.2455698441,-3.290665972e-05,0,0.0001985885873,4.110730594e-05,False
2023-11-21,56,random_forest,"{'max_depth': 5, 'min_samples_leaf': 50}",0,0.2645239546,0.4619494719,0.2735265736,0.0002352269555,0,8.786759165e-05,4.103310502e-05,False
2023-11-22,56,random_forest,"{'max_depth': 5, 'min_samples_leaf': 50}",0,0.2681252539,0.4684860067,0.2633887394,0.0001147064496,0,0.0005053738466,2.21347032e-05,False
2023-11-24,56,random_forest,"{'max_depth': 5, 'min_samples_leaf': 50}",0,0.2744671544,0.4764861904,0.2490466552,-6.861638298e-05,0,-0.0003738765573,4.110730594e-05,False
2023-11-27,56,random_forest,"{'max_depth': 5, 'min_samples_leaf': 50}",0,0.2642441598,0.4632890273,0.2724668129,0.0002293752264,0,0.001871930292,4.073630137e-05,False
2023-11-28,56,random_forest,"{'max_depth': 5, 'min_samples_leaf': 50}",0,0.2690796474,0.4106735883,0.3202467643,0.0005731813476,1,-0.00555618196,4.058789954e-05,False
2023-11-29,56,random_forest,"{'max_depth': 5, 'min_samples_leaf': 50}",0,0.2555604564,0.4165755129,0.3278640307,0.0007749069951,1,0.002019809819,4.043949772e-05,False
2023-11-30,56,random_forest,"{'max_depth': 5, 'min_samples_leaf': 50}",0,0.28590621,0.3760207591,0.3380730309,0.0005470078094,1,0.007306354516,4.043949772e-05,False
2023-12-01,56,random_forest,"{'max_depth': 5, 'min_samples_leaf': 50}",0,0.276036427,0.3843342615,0.3396293115,0.0006612955773,1,0.002392441495,4.029109589e-05,False
2023-12-04,56,random_forest,"{'max_depth': 5, 'min_samples_leaf': 50}",0,0.2577803656,0.4583005876,0.2839190468,0.0003901502124,0,0.00294336499,4.051369863e-05,False
2023-12-05,56,random_forest,"{'max_depth': 5, 'min_samples_leaf': 50}",0,0.2583521467,0.4337933062,0.3078545471,0.000581406351,1,-0.008827156715,4.043949772e-05,False
2023-12-06,56,random_forest,"{'max_depth': 5, 'min_samples_leaf': 50}",0,0.2697324228,0.3700200593,0.3602475179,0.0008959194093,1,0.002888987599,4.043949772e-05,False
2023-12-07,56,random_forest,"{'max_depth': 5, 'min_samples_leaf': 50}",0,0.2483234093,0.4335545076,0.3181220831,0.0007690748571,1,0.005989640209,4.03652968e-05,False
2023-12-08,56,random_forest,"{'max_depth': 5, 'min_samples_leaf': 50}",0,0.2730198508,0.4345071287,0.2924730205,0.0003039259471,0,0.005003345311,4.03652968e-05,False
2023-12-11,56,random_forest,"{'max_depth': 5, 'min_samples_leaf': 50}",0,0.2514281093,0.5200513981,0.2285204926,-8.095578197e-07,0,0.005350607983,4.058789954e-05,False
2023-12-12,56,random_forest,"{'max_depth': 5, 'min_samples_leaf': 50}",0,0.2440163707,0.538003221,0.2179804083,-1.141922582e-05,0,0.01293894362,4.051369863e-05,False
2023-12-13,56,random_forest,"{'max_depth': 5, 'min_samples_leaf': 50}",0,0.2559750195,0.4907315405,0.25329344,0.000156476004,0,-0.001037016167,4.03652968e-05,False
2023-12-14,56,random_forest,"{'max_depth': 5, 'min_samples_leaf': 50}",0,0.256866077,0.4953824865,0.2477514365,0.0001016707895,0,-0.000340803079,4.029109589e-05,False
2023-12-15,56,random_forest,"{'max_depth': 5, 'min_samples_leaf': 50}",0,0.2624158167,0.4714299435,0.2661542398,0.0001961813958,0,0.002101979429,4.03652968e-05,False
2023-12-18,56,random_forest,"{'max_depth': 5, 'min_samples_leaf': 50}",0,0.2722252713,0.4018592895,0.3259154392,0.0005875291703,1,0.004888573277,4.051369863e-05,False
2023-12-19,56,random_forest,"{'max_depth': 5, 'min_samples_leaf': 50}",0,0.2522541694,0.5061727317,0.2415730989,9.820004501e-05,0,-0.012026293,4.029109589e-05,False
2023-12-20,57,random_forest,"{'max_depth': 5, 'min_samples_leaf': 50}",0,0.2301852527,0.4407801028,0.3290346445,0.001053817534,1,0.00290672294,4.03652968e-05,False
2023-12-21,57,random_forest,"{'max_depth': 5, 'min_samples_leaf': 50}",0,0.2502733105,0.4530042453,0.2967224443,0.0005828960095,1,-0.0004431508728,4.021689498e-05,False
2023-12-22,57,random_forest,"{'max_depth': 5, 'min_samples_leaf': 50}",0,0.2541113314,0.4773633321,0.2685253365,0.0003123172403,0,0.003332812783,4.03652968e-05,False
2023-12-26,57,random_forest,"{'max_depth': 5, 'min_samples_leaf': 50}",0,0.2490700686,0.5380962038,0.2128337276,-9.269959892e-05,0,0.002250562286,4.043949772e-05,False
2023-12-27,57,random_forest,"{'max_depth': 5, 'min_samples_leaf': 50}",0,0.2507859357,0.4637968639,0.2854172004,0.0004849316172,1,-0.0003984281493,4.03652968e-05,False
2023-12-28,57,random_forest,"{'max_depth': 5, 'min_samples_leaf': 50}",0,0.2600833121,0.4638170092,0.2760996787,0.0003132055214,0,-0.002476426926,4.043949772e-05,False
2023-12-29,57,random_forest,"{'max_depth': 5, 'min_samples_leaf': 50}",0,0.2649947478,0.3839213811,0.3510838711,0.0008777626358,1,0.00103776319,4.006849315e-05,False
2024-01-02,57,random_forest,"{'max_depth': 5, 'min_samples_leaf': 50}",0,0.2848731434,0.3797704272,0.3353564294,0.0005449942797,1,-0.00348613864,4.051369863e-05,False
2024-01-03,57,random_forest,"{'max_depth': 5, 'min_samples_leaf': 50}",0,0.2907470168,0.3282952703,0.3809577129,0.0008587291734,1,-0.00217806742,4.066210046e-05,False
2024-01-04,57,random_forest,"{'max_depth': 5, 'min_samples_leaf': 50}",0,0.2944016138,0.3696880922,0.335910294,0.0004518495195,1,0.0009198554094,4.066210046e-05,False
2024-01-05,57,random_forest,"{'max_depth': 5, 'min_samples_leaf': 50}",0,0.2913799817,0.3615998549,0.3470201634,0.0005739343045,1,0.01317168732,4.058789954e-05,False
2024-01-08,57,random_forest,"{'max_depth': 5, 'min_samples_leaf': 50}",0,0.2670485856,0.4968266052,0.2361248092,-8.601792912e-05,0,0.004259668638,4.073630137e-05,False
2024-01-09,57,random_forest,"{'max_depth': 5, 'min_samples_leaf': 50}",0,0.2730533093,0.5178061686,0.209140522,-0.0003688641672,0,0.005061569703,4.058789954e-05,False
2024-01-10,57,random_forest,"{'max_depth': 5, 'min_samples_leaf': 50}",0,0.2609983758,0.55214778,0.1868538442,-0.000428038313,0,-0.002596348978,4.051369863e-05,False
2024-01-11,57,random_forest,"{'max_depth': 5, 'min_samples_leaf': 50}",0,0.2740727486,0.466049557,0.2598776944,3.67557994e-05,0,-0.002427598434,4.051369863e-05,False
2024-01-12,57,random_forest,"{'max_depth': 5, 'min_samples_leaf': 50}",0,0.2681260781,0.4451770606,0.2866968614,0.0003176527989,0,-0.0006943928303,4.043949772e-05,False
2024-01-16,57,random_forest,"{'max_depth': 5, 'min_samples_leaf': 50}",0,0.2857817076,0.4133612112,0.3008570812,0.0002527668974,0,0.0009961450731,4.043949772e-05,False
2024-01-17,57,random_forest,"{'max_depth': 5, 'min_samples_leaf': 50}",0,0.3013900232,0.383740642,0.3148693348,0.0002076568442,0,0.005231915801,4.058789954e-05,False
2024-01-18,57,random_forest,"{'max_depth': 5, 'min_samples_leaf': 50}",0,0.2916377204,0.3985978656,0.309764414,0.0002657753139,0,0.01000732511,4.043949772e-05,False
2024-01-19,57,random_forest,"{'max_depth': 5, 'min_samples_leaf': 50}",0,0.2558419384,0.5437866327,0.2003714289,-0.0002643227877,0,-0.001156995724,4.043949772e-05,False
2024-01-22,57,random_forest,"{'max_depth': 5, 'min_samples_leaf': 50}",0,0.2403533917,0.6029655134,0.1566810949,-0.0004638163968,-1,0.00175611162,4.051369863e-05,False
2024-01-23,58,random_forest,"{'max_depth': 5, 'min_samples_leaf': 50}",0,0.2124231021,0.5977592901,0.1898176078,0.0001079204732,0,-0.004960912908,4.043949772e-05,False
2024-01-24,58,random_forest,"{'max_depth': 5, 'min_samples_leaf': 50}",0,0.2510056232,0.4664458886,0.2825484882,0.0004720572058,1,0.0009229505298,4.03652968e-05,False
2024-01-25,58,random_forest,"{'max_depth': 5, 'min_samples_leaf': 50}",0,0.232964125,0.5291634838,0.2378723912,0.0002910374846,0,-0.0003691476343,4.03652968e-05,False
2024-01-26,58,random_forest,"{'max_depth': 5, 'min_samples_leaf': 50}",0,0.2520661989,0.4905625837,0.2573712174,0.0002553764618,0,0.007258068876,4.03652968e-05,False
2024-01-29,58,random_forest,"{'max_depth': 5, 'min_samples_leaf': 50}",0,0.2468793612,0.5209117823,0.2322088566,0.0001026204891,0,0.0006727355109,4.021689498e-05,False
2024-01-30,58,random_forest,"{'max_depth': 5, 'min_samples_leaf': 50}",0,0.2602805356,0.4780009833,0.2617184811,0.000207029266,0,-0.01174735011,4.021689498e-05,False
2024-01-31,58,random_forest,"{'max_depth': 5, 'min_samples_leaf': 50}",0,0.2467570332,0.4039332407,0.3493097261,0.001061286735,1,0.009429889476,4.021689498e-05,False
2024-02-01,58,random_forest,"{'max_depth': 5, 'min_samples_leaf': 50}",0,0.2377777914,0.4364510476,0.3257711611,0.000960537548,1,0.009598718036,4.021689498e-05,False
2024-02-02,58,random_forest,"{'max_depth': 5, 'min_samples_leaf': 50}",0,0.2340757592,0.4699977527,0.2959264881,0.0007543351295,1,-0.002329399358,4.029109589e-05,False
2024-02-05,58,random_forest,"{'max_depth': 5, 'min_samples_leaf': 50}",0,0.2124100993,0.6172428097,0.1703470909,-5.113771938e-05,0,0.0009321243875,4.021689498e-05,False
2024-02-06,58,random_forest,"{'max_depth': 5, 'min_samples_leaf': 50}",0,0.2034026468,0.6507970591,0.145800294,-0.0001598421058,0,0.003647056246,4.03652968e-05,False
2024-02-07,58,random_forest,"{'max_depth': 5, 'min_samples_leaf': 50}",0,0.2319865814,0.5134146188,0.2545987998,0.0004377759802,0,0.0004416807419,4.029109589e-05,False
2024-02-08,58,random_forest,"{'max_depth': 5, 'min_samples_leaf': 50}",0,0.2329792565,0.5749832209,0.1920375226,-8.386302876e-05,0,0.004731007722,4.03652968e-05,False
2024-02-09,58,random_forest,"{'max_depth': 5, 'min_samples_leaf': 50}",0,0.2316875697,0.5470270567,0.2212853736,0.0001684590509,0,-0.0003791176498,4.03652968e-05,False
2024-02-12,58,random_forest,"{'max_depth': 5, 'min_samples_leaf': 50}",0,0.2600923159,0.4706061626,0.2693015215,0.0002709504487,0,-0.0009099797242,4.029109589e-05,False
2024-02-13,58,random_forest,"{'max_depth': 5, 'min_samples_leaf': 50}",0,0.2759561264,0.4588944082,0.2651494654,7.499112837e-05,0,0.003583000385,4.043949772e-05,False
2024-02-14,58,random_forest,"{'max_depth': 5, 'min_samples_leaf': 50}",0,0.2449334654,0.5194876982,0.2355788364,0.0001500462707,0,0.005447738078,4.029109589e-05,False
2024-02-15,58,random_forest,"{'max_depth': 5, 'min_samples_leaf': 50}",0,0.2306573214,0.5569835557,0.212359123,0.0001059996091,0,-0.004365163092,4.029109589e-05,False
2024-02-16,58,random_forest,"{'max_depth': 5, 'min_samples_leaf': 50}",0,0.2552943074,0.5228276816,0.221878011,-6.778372177e-05,0,-0.001928778175,4.03652968e-05,False
2024-02-20,58,random_forest,"{'max_depth': 5, 'min_samples_leaf': 50}",0,0.2824707009,0.394556211,0.3229730881,0.0004812258891,1,0.00361305153,4.03652968e-05,False
2024-02-21,58,random_forest,"{'max_depth': 5, 'min_samples_leaf': 50}",0,0.2869371437,0.3893747733,0.323688083,0.0004414573146,1,0.006924446385,4.03652968e-05,False
2024-02-22,59,random_forest,"{'max_depth': 5, 'min_samples_leaf': 50}",0,0.2163883465,0.6170295283,0.1665821252,-0.0001090551801,0,-0.002788271205,4.043949772e-05,False
2024-02-23,59,random_forest,"{'max_depth': 5, 'min_samples_leaf': 50}",0,0.2334010895,0.5661390741,0.2004598364,-6.666845568e-06,0,-0.004544555539,4.051369863e-05,False
2024-02-26,59,random_forest,"{'max_depth': 5, 'min_samples_leaf': 50}",0,0.234739694,0.5657352312,0.1995250748,-2.792180909e-05,0,0.0004538789774,4.058789954e-05,False
2024-02-27,59,random_forest,"{'max_depth': 5, 'min_samples_leaf': 50}",0,0.2239773679,0.5714254973,0.2045971348,0.0001230751316,0,0.001840427454,4.043949772e-05,False
2024-02-28,59,random_forest,"{'max_depth': 5, 'min_samples_leaf': 50}",0,0.2285501827,0.5245276831,0.2469221342,0.0004210392293,0,1.964164165e-05,4.043949772e-05,False
2024-02-29,59,random_forest,"{'max_depth': 5, 'min_samples_leaf': 50}",0,0.236955187,0.4485232351,0.3145215779,0.0008857048412,1,0.007603372525,4.043949772e-05,False
2024-03-01,59,random_forest,"{'max_depth': 5, 'min_samples_leaf': 50}",0,0.2250251869,0.5025220582,0.2724527549,0.0006648207686,1,0.0005272317852,4.021689498e-05,False
2024-03-04,59,random_forest,"{'max_depth': 5, 'min_samples_leaf': 50}",0,0.2327444382,0.5611613719,0.2060941899,4.589705791e-05,0,-0.005997172995,4.066210046e-05,False
2024-03-05,59,random_forest,"{'max_depth': 5, 'min_samples_leaf': 50}",0,0.2313630335,0.3825749795,0.3860619871,0.001525132728,1,-0.001566913892,4.058789954e-05,False
2024-03-06,59,random_forest,"{'max_depth': 5, 'min_samples_leaf': 50}",0,0.2385042206,0.3945358909,0.3669598885,0.001296825958,1,0.003254438944,4.058789954e-05,False
2024-03-07,59,random_forest,"{'max_depth': 5, 'min_samples_leaf': 50}",0,0.2285625602,0.4688493927,0.3025880471,0.0008741006037,1,-0.007255695032,4.058789954e-05,False
2024-03-08,59,random_forest,"{'max_depth': 5, 'min_samples_leaf': 50}",0,0.2385503479,0.4046537076,0.3567959445,0.001213609027,1,0.001567128577,4.051369863e-05,False
2024-03-11,59,random_forest,"{'max_depth': 5, 'min_samples_leaf': 50}",0,0.2409444611,0.4398578684,0.3191976705,0.0008831097569,1,0.006485572137,4.066210046e-05,False
2024-03-12,59,random_forest,"{'max_depth': 5, 'min_samples_leaf': 50}",0,0.2222085369,0.5396776511,0.238113812,0.0004139715629,0,-0.002204588414,4.066210046e-05,False
2024-03-13,59,random_forest,"{'max_depth': 5, 'min_samples_leaf': 50}",0,0.2309091324,0.5297797899,0.2393110777,0.0003350304437,0,-0.003907303346,4.066210046e-05,False
2024-03-14,59,random_forest,"{'max_depth': 5, 'min_samples_leaf': 50}",0,0.2575113919,0.4490182913,0.2934703168,0.0005047854349,1,-0.0007448008095,4.066210046e-05,False
2024-03-15,59,random_forest,"{'max_depth': 5, 'min_samples_leaf': 50}",0,0.3059065657,0.3371704473,0.356922987,0.000528057116,1,-0.002217927268,4.066210046e-05,False
2024-03-18,59,random_forest,"{'max_depth': 5, 'min_samples_leaf': 50}",0,0.2666745994,0.4058083829,0.3275170177,0.0006885626903,1,0.006951083398,4.066210046e-05,False
2024-03-19,59,random_forest,"{'max_depth': 5, 'min_samples_leaf': 50}",0,0.256550372,0.4990107221,0.2444389058,0.0001154067466,0,0.009131901431,4.066210046e-05,False
2024-03-20,59,random_forest,"{'max_depth': 5, 'min_samples_leaf': 50}",0,0.2013417822,0.6425223215,0.1561358963,-4.072500968e-05,0,-0.002273643836,4.058789954e-05,False
2024-03-21,59,random_forest,"{'max_depth': 5, 'min_samples_leaf': 50}",0,0.2245848848,0.5766449058,0.1987702093,6.944430535e-05,0,-0.001723704599,4.066210046e-05,False
2024-03-22,60,random_forest,"{'max_depth': 3, 'min_samples_leaf': 20}",0,0.2157264803,0.5776150429,0.2066584768,0.0002204597353,0,-5.765349829e-05,4.051369863e-05,False
2024-03-25,60,random_forest,"{'max_depth': 3, 'min_samples_leaf': 20}",0,0.2195550606,0.5384230922,0.2420218472,0.0004698910281,1,-0.004642831278,4.051369863e-05,False
2024-03-26,60,random_forest,"{'max_depth': 3, 'min_samples_leaf': 20}",0,0.2241013038,0.513160637,0.2627380592,0.0005926579011,1,0.002798414442,4.051369863e-05,False
2024-03-27,60,random_forest,"{'max_depth': 3, 'min_samples_leaf': 20}",0,0.2135709183,0.5205062121,0.2659228696,0.0007253758209,1,-0.0002676068811,4.043949772e-05,False
2024-03-28,60,random_forest,"{'max_depth': 3, 'min_samples_leaf': 20}",0,0.2183124404,0.5294739073,0.2522136522,0.0005655620586,1,-0.003188140958,4.051369863e-05,False
2024-04-01,60,random_forest,"{'max_depth': 3, 'min_samples_leaf': 20}",0,0.2263492515,0.5253599242,0.2482908243,0.000452108801,1,0.001157835559,4.03652968e-05,False
2024-04-02,60,random_forest,"{'max_depth': 3, 'min_samples_leaf': 20}",0,0.2542111104,0.4185250522,0.3272638374,0.0008133483398,1,0.003264317554,4.021689498e-05,False
2024-04-03,60,random_forest,"{'max_depth': 3, 'min_samples_leaf': 20}",0,0.2506125739,0.4337345955,0.3156528306,0.0007551897899,1,-0.01996105559,4.021689498e-05,False
2024-04-04,60,random_forest,"{'max_depth': 3, 'min_samples_leaf': 20}",0,0.2749874877,0.3253274552,0.3996850571,0.001193018023,1,0.007716772009,4.014269406e-05,False
2024-04-05,60,random_forest,"{'max_depth': 3, 'min_samples_leaf': 20}",0,0.2612678283,0.4242452515,0.3144869203,0.0006376619389,1,-0.0008283804773,4.029109589e-05,False
2024-04-08,60,random_forest,"{'max_depth': 3, 'min_samples_leaf': 20}",0,0.2586194408,0.4400163168,0.3013642424,0.0005575490424,1,-0.002267036852,4.029109589e-05,False
2024-04-09,60,random_forest,"{'max_depth': 3, 'min_samples_leaf': 20}",0,0.2540054219,0.4653015168,0.2806930614,0.0004358363353,0,0.001246425733,4.029109589e-05,False
2024-04-10,60,random_forest,"{'max_depth': 3, 'min_samples_leaf': 20}",0,0.2835305093,0.334695682,0.3817738088,0.0009604134422,1,0.004498928313,4.043949772e-05,False
2024-04-11,60,random_forest,"{'max_depth': 3, 'min_samples_leaf': 20}",0,0.2613121316,0.4254495525,0.3132383159,0.0006270354396,1,-0.006843301453,4.043949772e-05,False
2024-04-12,60,random_forest,"{'max_depth': 3, 'min_samples_leaf': 20}",0,0.2694870662,0.3129049464,0.4176079874,0.001394871495,1,-0.02073261618,4.043949772e-05,False
2024-04-15,60,random_forest,"{'max_depth': 3, 'min_samples_leaf': 20}",0,0.2752282879,0.3121448657,0.4126268464,0.001296064978,1,-0.002792418104,4.043949772e-05,False
2024-04-16,60,random_forest,"{'max_depth': 3, 'min_samples_leaf': 20}",0,0.2787419832,0.3179463583,0.4033116584,0.001184514736,1,-0.0108684914,4.043949772e-05,False
2024-04-17,60,random_forest,"{'max_depth': 3, 'min_samples_leaf': 20}",0,0.2722226333,0.3291427053,0.3986346614,0.001212486775,1,-0.004900637354,4.043949772e-05,False
2024-04-18,60,random_forest,"{'max_depth': 3, 'min_samples_leaf': 20}",0,0.2792379772,0.3360967294,0.3846652934,0.00102750019,1,-0.008569595376,4.051369863e-05,False
2024-04-19,60,random_forest,"{'max_depth': 3, 'min_samples_leaf': 20}",0,0.2712347891,0.3170480515,0.4117171595,0.001329136822,1,0.003796506231,4.043949772e-05,False
2024-04-22,60,random_forest,"{'max_depth': 3, 'min_samples_leaf': 20}",0,0.2714489303,0.3611514121,0.3673996577,0.0009657349063,1,0.007712533589,4.021689498e-05,False
2024-04-23,61,random_forest,"{'max_depth': 3, 'min_samples_leaf': 20}",0,0.2719550575,0.4406619949,0.2873829476,0.0002823543454,0,-0.002270202763,4.043949772e-05,False
2024-04-24,61,random_forest,"{'max_depth': 3, 'min_samples_leaf': 20}",0,0.2766049575,0.4701587513,0.2532362912,-4.24431398e-05,0,0.008634155268,4.051369863e-05,False
2024-04-25,61,random_forest,"{'max_depth': 3, 'min_samples_leaf': 20}",0,0.2768197535,0.4321217321,0.2910585145,0.0002628578467,0,0.003772101558,4.058789954e-05,False
2024-04-26,61,random_forest,"{'max_depth': 3, 'min_samples_leaf': 20}",0,0.255883311,0.4955783276,0.2485383614,0.0001296928444,0,-5.881077926e-05,4.051369863e-05,False
2024-04-29,61,random_forest,"{'max_depth': 3, 'min_samples_leaf': 20}",0,0.2336482312,0.5743515426,0.1920002262,-0.0001042519556,0,-0.01293846672,4.043949772e-05,False
2024-04-30,61,random_forest,"{'max_depth': 3, 'min_samples_leaf': 20}",0,0.2695603127,0.4590865995,0.2713530877,0.0001763443893,0,-0.002054327724,4.051369863e-05,False
2024-05-01,61,random_forest,"{'max_depth': 3, 'min_samples_leaf': 20}",0,0.2824084499,0.3364058233,0.3811857268,0.0009388337,1,0.001745521999,4.051369863e-05,False
2024-05-02,61,random_forest,"{'max_depth': 3, 'min_samples_leaf': 20}",0,0.2500757078,0.4577680778,0.2921562144,0.0005432386843,1,0.0002543330536,4.051369863e-05,False
2024-05-03,61,random_forest,"{'max_depth': 3, 'min_samples_leaf': 20}",0,0.2144953249,0.5934441662,0.1920605089,9.06436036e-05,0,0.005489065295,4.043949772e-05,False
2024-05-06,61,random_forest,"{'max_depth': 3, 'min_samples_leaf': 20}",0,0.2004537205,0.6586460471,0.1409002324,-0.0001827463863,0,-0.0008114671472,4.043949772e-05,False
2024-05-07,61,random_forest,"{'max_depth': 3, 'min_samples_leaf': 20}",0,0.2076876526,0.6183988718,0.1739134757,1.221379882e-05,0,0.003745667442,4.043949772e-05,False
2024-05-08,61,random_forest,"{'max_depth': 3, 'min_samples_leaf': 20}",0,0.2087300351,0.6440884466,0.1471815183,-0.0002156878663,0,0.005392512378,4.043949772e-05,False
2024-05-09,61,random_forest,"{'max_depth': 3, 'min_samples_leaf': 20}",0,0.2085541502,0.6075385892,0.1839072606,8.466460189e-05,0,-0.001858858155,4.051369863e-05,False
2024-05-10,61,random_forest,"{'max_depth': 3, 'min_samples_leaf': 20}",0,0.2113597342,0.6063392619,0.1823010039,4.312912025e-05,0,-0.003157578991,4.058789954e-05,False
2024-05-13,61,random_forest,"{'max_depth': 3, 'min_samples_leaf': 20}",0,0.2132729913,0.5927901659,0.1939368428,0.000118304439,0,0.00420257238,4.043949772e-05,False
2024-05-14,61,random_forest,"{'max_depth': 3, 'min_samples_leaf': 20}",0,0.2074002632,0.6089397667,0.1836599701,9.436638197e-05,0,0.00751195651,4.03652968e-05,False
2024-05-15,61,random_forest,"{'max_depth': 3, 'min_samples_leaf': 20}",0,0.2006215898,0.6458976835,0.1534807267,-8.21753514e-05,0,-0.002245795952,4.043949772e-05,False
2024-05-16,61,random_forest,"{'max_depth': 3, 'min_samples_leaf': 20}",0,0.2072585657,0.6373928306,0.1553486038,-0.0001343566879,0,0.00121029234,4.043949772e-05,False
2024-05-17,61,random_forest,"{'max_depth': 3, 'min_samples_leaf': 20}",0,0.205741767,0.6305411509,0.163717082,-5.092815799e-05,0,0.0009252606648,4.051369863e-05,False
2024-05-20,61,random_forest,"{'max_depth': 3, 'min_samples_leaf': 20}",0,0.2183763935,0.5601971644,0.2214264421,0.0002899846297,0,0.00392978381,4.043949772e-05,False
2024-05-21,61,random_forest,"{'max_depth': 3, 'min_samples_leaf': 20}",0,0.2210661008,0.5395798592,0.23935404,0.0004084285988,0,-0.001545288413,4.043949772e-05,False
2024-05-22,62,random_forest,"{'max_depth': 3, 'min_samples_leaf': 20}",0,0.2066898763,0.533274019,0.2600361048,0.0007283984063,1,-0.0131341934,4.043949772e-05,False
2024-05-23,62,random_forest,"{'max_depth': 3, 'min_samples_leaf': 20}",0,0.2083571336,0.5206380027,0.2710048637,0.0008002418409,1,0.003012270415,4.051369863e-05,False
2024-05-24,62,random_forest,"{'max_depth': 3, 'min_samples_leaf': 20}",0,0.202773628,0.5601736836,0.2370526884,0.0005821492964,1,-0.0008675241439,4.051369863e-05,False
2024-05-28,62,random_forest,"{'max_depth': 3, 'min_samples_leaf': 20}",0,0.2059444307,0.5403073882,0.2537481811,0.0006850802239,1,0.000798932746,4.051369863e-05,False
2024-05-29,62,random_forest,"{'max_depth': 3, 'min_samples_leaf': 20}",0,0.2305187291,0.5430289433,0.2264523275,0.0002149440316,0,-0.003641489609,4.051369863e-05,False
2024-05-30,62,random_forest,"{'max_depth': 3, 'min_samples_leaf': 20}",0,0.2636632471,0.3838223638,0.3525143892,0.0008987922594,1,0.007219328305,4.051369863e-05,False
2024-05-31,62,random_forest,"{'max_depth': 3, 'min_samples_leaf': 20}",0,0.267583041,0.3490447002,0.3833722589,0.001108722593,1,-0.002306210957,4.051369863e-05,False
2024-06-03,62,random_forest,"{'max_depth': 3, 'min_samples_leaf': 20}",0,0.2373787207,0.4263947501,0.3362265292,0.001033612636,1,0.003665981408,4.095890411e-05,False
2024-06-04,62,random_forest,"{'max_depth': 3, 'min_samples_leaf': 20}",0,0.1965086057,0.3889922602,0.414499134,0.002081529797,1,0.007347746045,4.095890411e-05,False
2024-06-05,62,random_forest,"{'max_depth': 3, 'min_samples_leaf': 20}",0,0.181365338,0.6047490931,0.2138855689,0.0006118433701,1,-0.0005981668449,4.08847032e-05,False
2024-06-06,62,random_forest,"{'max_depth': 3, 'min_samples_leaf': 20}",0,0.180527249,0.6506367677,0.1688359833,0.0002558197581,0,0.0006559170261,4.08847032e-05,False
2024-06-07,62,random_forest,"{'max_depth': 3, 'min_samples_leaf': 20}",0,0.1936895558,0.6533255181,0.1529849261,-5.952378029e-06,0,0.004651300797,4.095890411e-05,False
2024-06-10,62,random_forest,"{'max_depth': 3, 'min_samples_leaf': 20}",0,0.2048542443,0.5920424881,0.2031032676,0.0002863384073,0,0.005392560765,4.095890411e-05,False
2024-06-11,62,random_forest,"{'max_depth': 3, 'min_samples_leaf': 20}",0,0.1966894748,0.6278742039,0.1754363214,0.0001452865523,0,-0.0004985314069,4.095890411e-05,False
2024-06-12,62,random_forest,"{'max_depth': 3, 'min_samples_leaf': 20}",0,0.195285704,0.6320070665,0.1727072296,0.0001374428205,0,-0.001288800786,4.08847032e-05,False
2024-06-13,62,random_forest,"{'max_depth': 3, 'min_samples_leaf': 20}",0,0.1951004078,0.6275902601,0.1773093321,0.0001765608893,0,0.003512839057,4.08847032e-05,False
2024-06-14,62,random_forest,"{'max_depth': 3, 'min_samples_leaf': 20}",0,0.1809179289,0.6244102236,0.1946718475,0.0004609112545,1,0.009260548721,4.08847032e-05,False
2024-06-17,62,random_forest,"{'max_depth': 3, 'min_samples_leaf': 20}",0,0.2064354593,0.5728225293,0.2207420115,0.0004130256796,0,0.002430764612,4.095890411e-05,False
2024-06-18,62,random_forest,"{'max_depth': 3, 'min_samples_leaf': 20}",0,0.205694021,0.5758605673,0.2184454117,0.000401963178,0,-0.004440889584,4.081050228e-05,False
2024-06-20,62,random_forest,"{'max_depth': 3, 'min_samples_leaf': 20}",0,0.2198257164,0.4819242778,0.2982500058,0.0009043685478,1,0.000202030317,4.081050228e-05,False
2024-06-21,62,random_forest,"{'max_depth': 3, 'min_samples_leaf': 20}",0,0.2172089268,0.5002642365,0.2825268366,0.0008036857024,1,-0.002921071504,4.073630137e-05,False
2024-06-24,63,random_forest,"{'max_depth': 3, 'min_samples_leaf': 20}",0,0.1988610762,0.5669486952,0.2341902287,0.0006043482218,1,0.001544195416,4.081050228e-05,False
2024-06-25,63,random_forest,"{'max_depth': 3, 'min_samples_leaf': 20}",0,0.2043145581,0.5535159944,0.2421694475,0.0006133643917,1,0.003347509106,4.073630137e-05,False
2024-06-26,63,random_forest,"{'max_depth': 3, 'min_samples_leaf': 20}",0,0.2141459554,0.5224784787,0.2633755659,0.0006845437083,1,0.001833617597,4.081050228e-05,False
2024-06-27,63,random_forest,"{'max_depth': 3, 'min_samples_leaf': 20}",0,0.205761822,0.5547730132,0.2394651648,0.0005769321484,1,-0.005373204581,4.073630137e-05,False
2024-06-28,63,random_forest,"{'max_depth': 3, 'min_samples_leaf': 20}",0,0.2267599935,0.4676660887,0.3055739178,0.0008965685685,1,-0.0005314554135,4.066210046e-05,False
2024-07-01,63,random_forest,"{'max_depth': 3, 'min_samples_leaf': 20}",0,0.2268967966,0.4861990874,0.286904116,0.0007448554866,1,0.009766410593,4.058789954e-05,False
2024-07-02,63,random_forest,"{'max_depth': 3, 'min_samples_leaf': 20}",0,0.2313799934,0.500748715,0.2678712915,0.000546199967,1,0.005048423497,2.185502283e-05,False
2024-07-03,63,random_forest,"{'max_depth': 3, 'min_samples_leaf': 20}",0,0.2002163042,0.5909822957,0.2088014001,0.0003861941757,0,0.005201433678,4.058789954e-05,False
2024-07-05,63,random_forest,"{'max_depth': 3, 'min_samples_leaf': 20}",0,0.1938564398,0.5897515486,0.2163920115,0.0005117245415,1,-0.0002880115357,4.051369863e-05,False
2024-07-08,63,random_forest,"{'max_depth': 3, 'min_samples_leaf': 20}",0,0.200067352,0.5805017541,0.2194308939,0.0004732904626,1,-0.0007910013863,4.051369863e-05,False
2024-07-09,63,random_forest,"{'max_depth': 3, 'min_samples_leaf': 20}",0,0.2133855481,0.4966912156,0.2899232363,0.0009060044189,1,0.00762920259,4.051369863e-05,False
2024-07-10,63,random_forest,"{'max_depth': 3, 'min_samples_leaf': 20}",0,0.2001426288,0.5821611054,0.2176962658,0.0004585610038,1,-0.008834464966,4.051369863e-05,False
2024-07-11,63,random_forest,"{'max_depth': 3, 'min_samples_leaf': 20}",0,0.2059285251,0.4950744422,0.2989970327,0.001054589062,1,0.004232170712,4.03652968e-05,False
2024-07-12,63,random_forest,"{'max_depth': 3, 'min_samples_leaf': 20}",0,0.2098212638,0.5070356733,0.2831430629,0.0008875094364,1,-0.0008896322095,4.029109589e-05,False
2024-07-15,63,random_forest,"{'max_depth': 3, 'min_samples_leaf': 20}",0,0.2152110126,0.5100897757,0.2746992117,0.0007649339977,1,0.00353543493,4.029109589e-05,False
2024-07-16,63,random_forest,"{'max_depth': 3, 'min_samples_leaf': 20}",0,0.2044496763,0.5680995556,0.2274507681,0.0004934824575,1,-0.003328534983,4.029109589e-05,False
2024-07-17,63,random_forest,"{'max_depth': 3, 'min_samples_leaf': 20}",0,0.2307350227,0.4426527134,0.3266122638,0.001025709131,1,-0.01047436319,4.029109589e-05,False
2024-07-18,63,random_forest,"{'max_depth': 3, 'min_samples_leaf': 20}",0,0.2640762473,0.3378269374,0.3980968152,0.001263623003,1,-0.006209030799,4.029109589e-05,False
2024-07-19,63,random_forest,"{'max_depth': 3, 'min_samples_leaf': 20}",0,0.2694838752,0.3091418839,0.4213742409,0.00139628336,1,0.002983769196,4.029109589e-05,False
2024-07-22,63,random_forest,"{'max_depth': 3, 'min_samples_leaf': 20}",0,0.2368534457,0.4226600912,0.3404864631,0.001075456762,1,-0.001370412986,4.029109589e-05,False
2024-07-23,63,random_forest,"{'max_depth': 3, 'min_samples_leaf': 20}",0,0.2408587049,0.4097698206,0.3493714744,0.001106433604,1,-0.01390155053,4.014269406e-05,False
2024-07-24,64,random_forest,"{'max_depth': 3, 'min_samples_leaf': 20}",0,0.2746567978,0.3104088002,0.414934402,0.001279021912,1,-0.005430872014,4.006849315e-05,False
2024-07-25,64,random_forest,"{'max_depth': 3, 'min_samples_leaf': 20}",0,0.2784560815,0.3054217833,0.4161221352,0.001250063528,1,0.003983132401,3.999429224e-05,False
2024-07-26,64,random_forest,"{'max_depth': 3, 'min_samples_leaf': 20}",0,0.2642626466,0.346319565,0.3894177885,0.001180039485,1,-0.002307625462,3.992009132e-05,False
2024-07-29,64,random_forest,"{'max_depth': 3, 'min_samples_leaf': 20}",0,0.2498539723,0.3594410451,0.3907049827,0.001336214577,1,-0.007798501971,4.014269406e-05,False
2024-07-30,64,random_forest,"{'max_depth': 3, 'min_samples_leaf': 20}",0,0.2477514155,0.3553041716,0.3969444129,0.00140743587,1,0.003333485837,4.006849315e-05,False
2024-07-31,64,random_forest,"{'max_depth': 3, 'min_samples_leaf': 20}",0,0.2419171012,0.4012381866,0.3568447122,0.001145579228,1,-0.01730097075,4.014269406e-05,False
2024-08-01,64,random_forest,"{'max_depth': 3, 'min_samples_leaf': 20}",0,0.2148299415,0.2361498379,0.5490202206,0.002957816118,1,-0.005319599848,3.984589041e-05,False
2024-08-02,64,random_forest,"{'max_depth': 3, 'min_samples_leaf': 20}",0,0.2222761735,0.1941341294,0.5835896972,0.003159094572,1,0.01121880648,3.925228311e-05,False
2024-08-05,64,random_forest,"{'max_depth': 3, 'min_samples_leaf': 20}",0,0.2342841631,0.1950279629,0.5706878741,0.002934270596,1,0.005643183758,3.969748858e-05,False
2024-08-06,64,random_forest,"{'max_depth': 3, 'min_samples_leaf': 20}",0,0.2259992844,0.2048400273,0.5691606883,0.003005924485,1,-0.018563018,3.962328767e-05,False
2024-08-07,64,random_forest,"{'max_depth': 3, 'min_samples_leaf': 20}",0,0.2532124744,0.335320844,0.4114666816,0.001468371738,1,0.01286490343,3.962328767e-05,False
2024-08-08,64,random_forest,"{'max_depth': 3, 'min_samples_leaf': 20}",0,0.2339533175,0.4406170931,0.3254295894,0.000974785188,1,0.00600213793,3.962328767e-05,False
2024-08-09,64,random_forest,"{'max_depth': 3, 'min_samples_leaf': 20}",0,0.2382797784,0.4417429658,0.3199772558,0.0008873483165,1,-0.001759612217,3.954908676e-05,False
2024-08-12,64,random_forest,"{'max_depth': 3, 'min_samples_leaf': 20}",0,0.2411386856,0.505869482,0.2529918324,0.0003223114105,0,0.01026959995,3.954908676e-05,False
2024-08-13,64,random_forest,"{'max_depth': 3, 'min_samples_leaf': 20}",0,0.2138829874,0.5735094311,0.2126075815,0.0002750476934,0,0.001657961524,3.947488584e-05,False
2024-08-14,64,random_forest,"{'max_depth': 3, 'min_samples_leaf': 20}",0,0.1838926569,0.6265215803,0.1895857628,0.0003944232795,0,0.006496828571,3.947488584e-05,False
2024-08-15,64,random_forest,"{'max_depth': 3, 'min_samples_leaf': 20}",0,0.1637492983,0.6878670725,0.1483836292,0.0002686085695,0,0.005241040861,3.962328767e-05,False
2024-08-16,64,random_forest,"{'max_depth': 3, 'min_samples_leaf': 20}",0,0.1632627935,0.6846477617,0.1520894447,0.0003031920841,0,0.008797081569,3.954908676e-05,False
2024-08-19,64,random_forest,"{'max_depth': 3, 'min_samples_leaf': 20}",0,0.1524404165,0.7100473549,0.1375122287,0.0002960944814,0,-0.000804814793,3.940068493e-05,False
2024-08-20,64,random_forest,"{'max_depth': 3, 'min_samples_leaf': 20}",0,0.18063221,0.6329069971,0.186460793,0.0004024225116,0,0.00151843726,3.925228311e-05,False
2024-08-21,64,random_forest,"{'max_depth': 3, 'min_samples_leaf': 20}",0,0.1689740425,0.6602266604,0.1707992971,0.0003951088187,0,-0.01126995676,3.902968037e-05,False
2024-08-22,65,random_forest,"{'max_depth': 3, 'min_samples_leaf': 20}",0,0.2066131001,0.5439461676,0.2494407323,0.000645757728,1,0.00464671315,3.917808219e-05,False
2024-08-23,65,random_forest,"{'max_depth': 3, 'min_samples_leaf': 20}",0,0.1978833932,0.5663289433,0.2357876635,0.0006248144906,1,-0.004243784565,3.895547945e-05,False
2024-08-26,65,random_forest,"{'max_depth': 3, 'min_samples_leaf': 20}",0,0.2019341143,0.5626318547,0.235434031,0.0005808964023,1,0.003699811238,3.888127854e-05,False
2024-08-27,65,random_forest,"{'max_depth': 3, 'min_samples_leaf': 20}",0,0.184373564,0.6034291864,0.2121972497,0.0005726666184,1,-0.005185285486,3.880707763e-05,False
2024-08-28,65,random_forest,"{'max_depth': 3, 'min_samples_leaf': 20}",0,0.2223800308,0.5201041064,0.2575158628,0.0005506016023,1,-0.003498102878,3.86586758e-05,False
2024-08-29,65,random_forest,"{'max_depth': 3, 'min_samples_leaf': 20}",0,0.2025538584,0.5577802642,0.2396658774,0.0006085448841,1,0.005189245216,3.873287671e-05,False
2024-08-30,65,random_forest,"{'max_depth': 3, 'min_samples_leaf': 20}",0,0.1957125229,0.5729071655,0.2313803116,0.0006114902033,1,-0.01496949725,3.86586758e-05,False
2024-09-03,65,random_forest,"{'max_depth': 3, 'min_samples_leaf': 20}",0,0.282167638,0.3973394319,0.3204929301,0.0004492301873,1,0.001363140714,3.851027397e-05,False
2024-09-04,65,random_forest,"{'max_depth': 3, 'min_samples_leaf': 20}",0,0.2559126461,0.4370348648,0.3070524891,0.0006077333915,1,-0.002323565952,3.843607306e-05,False
2024-09-05,65,random_forest,"{'max_depth': 3, 'min_samples_leaf': 20}",0,0.2689910629,0.3875920553,0.3434168819,0.0007666874126,1,-0.01742011323,3.821347032e-05,False
2024-09-06,65,random_forest,"{'max_depth': 3, 'min_samples_leaf': 20}",0,0.2924325106,0.3267024187,0.3808650707,0.0008292302131,1,0.003231338747,3.806506849e-05,False
2024-09-09,65,random_forest,"{'max_depth': 3, 'min_samples_leaf': 20}",0,0.2443806156,0.3146947523,0.4409246321,0.00179817242,1,0.0007841431724,3.791666667e-05,False
2024-09-10,65,random_forest,"{'max_depth': 3, 'min_samples_leaf': 20}",0,0.2499972196,0.3371328663,0.4128699141,0.001516246324,1,0.01042458645,3.75456621e-05,False
2024-09-11,65,random_forest,"{'max_depth': 3, 'min_samples_leaf': 20}",0,0.2354048475,0.4853366068,0.2792585457,0.0005928520627,1,0.00735124946,3.784246575e-05,False
2024-09-12,65,random_forest,"{'max_depth': 3, 'min_samples_leaf': 20}",0,0.1814644673,0.5936752866,0.2248602461,0.000703711506,1,0.004109248873,3.75456621e-05,False
2024-09-13,65,random_forest,"{'max_depth': 3, 'min_samples_leaf': 20}",0,0.1580552356,0.651541882,0.1904028824,0.0006648245125,1,0.00195826653,3.687785388e-05,False
2024-09-16,65,random_forest,"{'max_depth': 3, 'min_samples_leaf': 20}",0,0.1593556381,0.6442375819,0.19640678,0.000699779312,1,-0.003592228619,3.680365297e-05,False
2024-09-17,65,random_forest,"{'max_depth': 3, 'min_samples_leaf': 20}",0,0.1879006731,0.5965027545,0.2155965724,0.0005641528425,1,-0.00415078914,3.672945205e-05,False
2024-09-18,65,random_forest,"{'max_depth': 3, 'min_samples_leaf': 20}",0,0.2313036548,0.5070570044,0.2616393408,0.0004931631591,1,-5.258972442e-05,3.591324201e-05,False
2024-09-19,65,random_forest,"{'max_depth': 3, 'min_samples_leaf': 20}",0,0.1787060911,0.623913727,0.1973801819,0.000511332438,1,0.0007219870573,3.561643836e-05,False
2024-09-20,65,random_forest,"{'max_depth': 3, 'min_samples_leaf': 20}",0,0.1845425159,0.6089486419,0.2065088422,0.0005253394488,1,0.0005795413909,3.524543379e-05,False
2024-09-23,66,random_forest,"{'max_depth': 3, 'min_samples_leaf': 20}",0,0.1675940264,0.6558041495,0.1766018242,0.0004505714711,1,0.001437398972,3.502283105e-05,False
2024-09-24,66,random_forest,"{'max_depth': 3, 'min_samples_leaf': 20}",0,0.1847229138,0.6052906215,0.2099864647,0.0005444220316,1,-0.0019260368,3.480022831e-05,False
2024-09-25,66,random_forest,"{'max_depth': 3, 'min_samples_leaf': 20}",0,0.195779623,0.5839888011,0.2202315759,0.0005144350104,1,-0.003621325625,3.480022831e-05,False
2024-09-26,66,random_forest,"{'max_depth': 3, 'min_samples_leaf': 20}",0,0.1934094837,0.5866120302,0.2199784861,0.0005364300313,1,-0.003348582859,3.47260274e-05,False
2024-09-27,66,random_forest,"{'max_depth': 3, 'min_samples_leaf': 20}",0,0.2092397398,0.5638914044,0.2268688558,0.0004311839942,0,0.005855381841,3.47260274e-05,False
2024-09-30,66,random_forest,"{'max_depth': 3, 'min_samples_leaf': 20}",0,0.2001823184,0.5720689979,0.2277486837,0.0005300346301,1,-0.008336290691,3.509703196e-05,False
2024-10-01,66,random_forest,"{'max_depth': 3, 'min_samples_leaf': 20}",0,0.2361834261,0.5042476267,0.2595689471,0.000420071961,0,0.002025617556,3.494863014e-05,False
2024-10-02,66,random_forest,"{'max_depth': 3, 'min_samples_leaf': 20}",0,0.2316012568,0.5216203224,0.2467784209,0.0003640433991,0,0.0008108114291,3.480022831e-05,False
2024-10-03,66,random_forest,"{'max_depth': 3, 'min_samples_leaf': 20}",0,0.3080970597,0.4200997465,0.2718031938,-0.0002107971242,0,0.001100733805,3.47260274e-05,False
2024-10-04,66,random_forest,"{'max_depth': 3, 'min_samples_leaf': 20}",0,0.2222296284,0.5488919752,0.2288783964,0.0003156238484,0,-0.006126378511,3.509703196e-05,False
2024-10-07,66,random_forest,"{'max_depth': 3, 'min_samples_leaf': 20}",0,0.3017379921,0.4310386865,0.2672233214,-0.0001830361766,0,0.004821009187,3.539383562e-05,False
2024-10-08,66,random_forest,"{'max_depth': 3, 'min_samples_leaf': 20}",0,0.2191729998,0.5524343963,0.2283926039,0.0003427125132,0,0.006944032463,3.524543379e-05,False
2024-10-09,66,random_forest,"{'max_depth': 3, 'min_samples_leaf': 20}",0,0.2053779458,0.569686347,0.2249357072,0.0004548379505,1,0.0006252240687,3.524543379e-05,False
2024-10-10,66,random_forest,"{'max_depth': 3, 'min_samples_leaf': 20}",0,0.2037339136,0.5876808972,0.2085851892,0.0003405088849,0,0.006127991201,3.524543379e-05,False
2024-10-11,66,random_forest,"{'max_depth': 3, 'min_samples_leaf': 20}",0,0.1945588966,0.6020008086,0.2034402948,0.0003922843353,0,0.005333671842,3.509703196e-05,False
2024-10-14,66,random_forest,"{'max_depth': 3, 'min_samples_leaf': 20}",0,0.1814408257,0.6322118101,0.1863473643,0.0003883030533,0,-0.008227984228,3.509703196e-05,False
2024-10-15,66,random_forest,"{'max_depth': 3, 'min_samples_leaf': 20}",0,0.2130801428,0.5546467016,0.2322731557,0.0004355559862,1,0.004346404433,3.509703196e-05,False
2024-10-16,66,random_forest,"{'max_depth': 3, 'min_samples_leaf': 20}",0,0.2117483583,0.5569627132,0.2312889285,0.0004411692072,1,-0.006076014616,3.502283105e-05,False
2024-10-17,66,random_forest,"{'max_depth': 3, 'min_samples_leaf': 20}",0,0.210779816,0.5562263225,0.2329938615,0.0004646449862,1,0.0008903377103,3.517123288e-05,False
2024-10-18,66,random_forest,"{'max_depth': 3, 'min_samples_leaf': 20}",0,0.2000286725,0.5818860717,0.2180852557,0.0004541733313,1,-0.0003767589767,3.509703196e-05,False
2024-10-21,66,random_forest,"{'max_depth': 3, 'min_samples_leaf': 20}",0,0.21815499,0.5481007819,0.2337442281,0.000395905151,0,0.003906754357,3.509703196e-05,False
2024-10-22,67,random_forest,"{'max_depth': 3, 'min_samples_leaf': 20}",0,0.2271011845,0.5310883146,0.2418105008,0.000370356686,0,-0.00562574324,3.502283105e-05,False
2024-10-23,67,random_forest,"{'max_depth': 3, 'min_samples_leaf': 20}",0,0.2974932856,0.4265977401,0.2759089742,-7.006320715e-05,0,-0.001275889221,3.509703196e-05,False
2024-10-24,67,random_forest,"{'max_depth': 3, 'min_samples_leaf': 20}",0,0.2728140818,0.4590219905,0.2681639277,0.0001178999758,0,-0.004247616969,3.487442922e-05,False
2024-10-25,67,random_forest,"{'max_depth': 3, 'min_samples_leaf': 20}",0,0.2886997552,0.4350294331,0.2762708117,2.17903906e-05,0,-0.003003879131,3.509703196e-05,False
2024-10-28,67,random_forest,"{'max_depth': 3, 'min_samples_leaf': 20}",0,0.2475324831,0.5112264369,0.24124108,0.0001591020542,0,0.003311277152,3.487442922e-05,False
2024-10-29,67,random_forest,"{'max_depth': 3, 'min_samples_leaf': 20}",0,0.2393697244,0.5060426033,0.2545876723,0.0003480682197,0,-0.002201944465,3.487442922e-05,False
2024-10-30,67,random_forest,"{'max_depth': 3, 'min_samples_leaf': 20}",0,0.2523121783,0.4893426554,0.2583451663,0.0002470703659,0,-0.01202304359,3.465182648e-05,False
2024-10-31,67,random_forest,"{'max_depth': 3, 'min_samples_leaf': 20}",0,0.3184238861,0.378310961,0.3032651529,-6.378969684e-05,0,-0.000490144308,3.442922374e-05,False
2024-11-01,67,random_forest,"{'max_depth': 3, 'min_samples_leaf': 20}",0,0.3267981923,0.3726158528,0.3005859548,-0.0001698721753,0,-0.002398534847,3.4206621e-05,False
2024-11-04,67,random_forest,"{'max_depth': 3, 'min_samples_leaf': 20}",0,0.2958239636,0.4165087463,0.2876672901,4.054554966e-05,0,0.01044262205,3.450342466e-05,False
2024-11-05,67,random_forest,"{'max_depth': 3, 'min_samples_leaf': 20}",0,0.2393176488,0.5236184134,0.2370639379,0.0002089228675,0,0.003122820492,3.442922374e-05,False
2024-11-06,67,random_forest,"{'max_depth': 3, 'min_samples_leaf': 20}",0,0.178776312,0.621918772,0.1993049161,0.0005205002282,1,0.004265812689,3.442922374e-05,False
2024-11-07,67,random_forest,"{'max_depth': 3, 'min_samples_leaf': 20}",0,0.1668624931,0.639729927,0.1934075799,0.0005940352175,1,0.003388328037,3.435502283e-05,False
2024-11-08,67,random_forest,"{'max_depth': 3, 'min_samples_leaf': 20}",0,0.174673547,0.6284615983,0.1968648546,0.0005425620255,1,-0.001750533886,3.435502283e-05,False
2024-11-11,67,random_forest,"{'max_depth': 3, 'min_samples_leaf': 20}",0,0.1824432169,0.6143929419,0.2031638412,0.000514157293,1,-0.002973154698,3.435502283e-05,False
2024-11-12,67,random_forest,"{'max_depth': 3, 'min_samples_leaf': 20}",0,0.1898240305,0.5869768419,0.2231991276,0.000599171496,1,-0.0003013085622,3.435502283e-05,False
2024-11-13,67,random_forest,"{'max_depth': 3, 'min_samples_leaf': 20}",0,0.1913855914,0.5790513779,0.2295630307,0.000634095457,1,-0.006646406743,3.413242009e-05,False
2024-11-14,67,random_forest,"{'max_depth': 3, 'min_samples_leaf': 20}",0,0.2060462093,0.5535796852,0.2403741055,0.0005719341622,1,-0.006731959018,3.4206621e-05,False
2024-11-15,67,random_forest,"{'max_depth': 3, 'min_samples_leaf': 20}",0,0.2835173082,0.4386873497,0.277795342,8.637562177e-05,0,0.003292371182,3.413242009e-05,False
2024-11-18,67,random_forest,"{'max_depth': 3, 'min_samples_leaf': 20}",0,0.255710695,0.4810780876,0.2632112175,0.0002514701392,0,0.009560236032,3.435502283e-05,False
2024-11-19,67,random_forest,"{'max_depth': 3, 'min_samples_leaf': 20}",0,0.2534781407,0.4816952321,0.2648266272,0.0002869338312,0,0.0002032505598,3.428082192e-05,False
2024-11-20,68,random_forest,"{'max_depth': 3, 'min_samples_leaf': 20}",0,0.250910725,0.465395568,0.283693707,0.0004567937781,1,0.0004549350092,3.428082192e-05,False
2024-11-21,68,random_forest,"{'max_depth': 3, 'min_samples_leaf': 20}",0,0.2186635346,0.5420171245,0.2393193409,0.0004272786384,0,0.003116323707,3.435502283e-05,False
2024-11-22,68,random_forest,"{'max_depth': 3, 'min_samples_leaf': 20}",0,0.209653243,0.5554342813,0.2349124757,0.0004828312838,1,-0.003319305708,3.435502283e-05,False
2024-11-25,68,random_forest,"{'max_depth': 3, 'min_samples_leaf': 20}",0,0.194018319,0.577834198,0.228147483,0.0005862683299,1,0.003089573559,3.428082192e-05,False
2024-11-26,68,random_forest,"{'max_depth': 3, 'min_samples_leaf': 20}",0,0.1900134683,0.5905391743,0.2194473574,0.0005571435751,1,-0.002714593469,3.4206621e-05,False
2024-11-27,68,random_forest,"{'max_depth': 3, 'min_samples_leaf': 20}",0,0.20094124,0.5509774131,0.2480813469,0.0006756874557,1,0.004819422266,1.837899543e-05,False
2024-11-29,68,random_forest,"{'max_depth': 3, 'min_samples_leaf': 20}",0,0.1897727637,0.5638247466,0.2464024897,0.0007747505059,1,0.00109463861,3.398401826e-05,False
2024-12-02,68,random_forest,"{'max_depth': 3, 'min_samples_leaf': 20}",0,0.1960376946,0.5405784097,0.2633838957,0.0008472260268,1,0.000861728679,3.346461187e-05,False
2024-12-03,68,random_forest,"{'max_depth': 3, 'min_samples_leaf': 20}",0,0.1937481324,0.5806687564,0.2255831112,0.0005685176769,1,0.003351829115,3.331621005e-05,False
2024-12-04,68,random_forest,"{'max_depth': 3, 'min_samples_leaf': 20}",0,0.1978689593,0.5529726695,0.2491583712,0.0007152228937,1,-0.001645657268,3.316780822e-05,False
2024-12-05,68,random_forest,"{'max_depth': 3, 'min_samples_leaf': 20}",0,0.2002531332,0.5677689927,0.2319778741,0.0005540624521,1,0.0006091055858,3.309360731e-05,False
2024-12-06,68,random_forest,"{'max_depth': 3, 'min_samples_leaf': 20}",0,0.2051892912,0.5425247305,0.2522859783,0.0006664756368,1,-0.004953199544,3.279680365e-05,False
2024-12-09,68,random_forest,"{'max_depth': 3, 'min_samples_leaf': 20}",0,0.2189435486,0.5303760634,0.250680388,0.0005151542664,1,-0.004245349753,3.279680365e-05,False
2024-12-10,68,random_forest,"{'max_depth': 3, 'min_samples_leaf': 20}",0,0.229094442,0.5117737598,0.2591317983,0.0004804035208,1,0.00277327188,3.272260274e-05,False
2024-12-11,68,random_forest,"{'max_depth': 3, 'min_samples_leaf': 20}",0,0.217985889,0.5312841969,0.2507299141,0.0005251931658,1,-0.003709321025,3.25e-05,False
2024-12-12,68,random_forest,"{'max_depth': 3, 'min_samples_leaf': 20}",0,0.2280597808,0.5164059822,0.255534237,0.0004621030863,1,-0.003611481357,3.227739726e-05,False
2024-12-13,68,random_forest,"{'max_depth': 3, 'min_samples_leaf': 20}",0,0.2349982297,0.5116356313,0.253366139,0.0003749256895,0,0.001303594078,3.220319635e-05,False
2024-12-16,68,random_forest,"{'max_depth': 3, 'min_samples_leaf': 20}",0,0.2406489104,0.494627107,0.2647239826,0.0004086936951,0,0.0001654704135,3.242579909e-05,False
2024-12-17,68,random_forest,"{'max_depth': 3, 'min_samples_leaf': 20}",0,0.2554386107,0.4809909049,0.2635704844,0.0002505545798,0,-0.0293055263,3.25e-05,False
2024-12-18,68,random_forest,"{'max_depth': 3, 'min_samples_leaf': 20}",0,0.3166686147,0.3758119693,0.307519416,-1.518041599e-05,0,-0.008894767849,3.235159817e-05,False
2024-12-19,68,random_forest,"{'max_depth': 3, 'min_samples_leaf': 20}",0,0.3336821199,0.3618293219,0.3044885582,-0.0002106999904,0,0.01612321816,3.227739726e-05,False
2024-12-20,69,random_forest,"{'max_depth': 3, 'min_samples_leaf': 20}",0,0.3071878171,0.371951927,0.3208602559,0.0001758005722,0,0.006430956287,3.220319635e-05,False
2024-12-23,69,random_forest,"{'max_depth': 3, 'min_samples_leaf': 20}",0,0.2884678802,0.4215228907,0.2900092292,0.0001180610981,0,0.008791044944,1.742009132e-05,False
2024-12-24,69,random_forest,"{'max_depth': 3, 'min_samples_leaf': 20}",0,0.2057026718,0.5641955365,0.2301017917,0.0004726546903,1,0.003069269251,3.264840183e-05,False
2024-12-26,69,random_forest,"{'max_depth': 3, 'min_samples_leaf': 20}",0,0.2114174372,0.5572372196,0.2313453432,0.0004251053393,0,-0.004233973282,3.227739726e-05,False
2024-12-27,69,random_forest,"{'max_depth': 3, 'min_samples_leaf': 20}",0,0.267755355,0.4519420751,0.2803025699,0.0002489423024,0,0.0005612548652,3.198059361e-05,False
2024-12-30,69,random_forest,"{'max_depth': 3, 'min_samples_leaf': 20}",0,0.2902572571,0.4006969572,0.3090457857,0.0002518470178,0,-0.006492441552,3.242579909e-05,False
2024-12-31,69,random_forest,"{'max_depth': 3, 'min_samples_leaf': 20}",0,0.2869820794,0.4010629229,0.3119549977,0.0003079754138,0,-0.008059179667,3.242579909e-05,False
2025-01-02,69,random_forest,"{'max_depth': 3, 'min_samples_leaf': 20}",0,0.2832577861,0.4083036016,0.3084386123,0.0003173884422,0,0.007522990528,3.235159817e-05,False
2025-01-03,69,random_forest,"{'max_depth': 3, 'min_samples_leaf': 20}",0,0.2313177664,0.5289654939,0.2397167398,0.0002917450109,0,-0.001526211471,3.220319635e-05,False
2025-01-06,69,random_forest,"{'max_depth': 3, 'min_samples_leaf': 20}",0,0.2226568524,0.5516181521,0.2257249955,0.000267277474,0,-0.01471323071,3.227739726e-05,False
2025-01-07,69,random_forest,"{'max_depth': 3, 'min_samples_leaf': 20}",0,0.2778351051,0.453221936,0.268942959,5.701607645e-05,0,0.001341902596,3.227739726e-05,False
2025-01-08,69,random_forest,"{'max_depth': 3, 'min_samples_leaf': 20}",0,0.2844830359,0.4395316446,0.2759853195,4.631738786e-05,0,-0.009199861062,3.227739726e-05,False
2025-01-10,69,random_forest,"{'max_depth': 3, 'min_samples_leaf': 20}",0,0.3098057706,0.3772658006,0.3129284288,8.623542136e-05,0,0.009760833197,3.235159817e-05,False
2025-01-13,69,random_forest,"{'max_depth': 3, 'min_samples_leaf': 20}",0,0.317149842,0.3849533264,0.2978968316,-0.0001074592937,0,-0.003713435013,3.242579909e-05,False
2025-01-14,69,random_forest,"{'max_depth': 3, 'min_samples_leaf': 20}",0,0.3119563774,0.3888302682,0.2992133544,-4.474030843e-05,0,0.004150241523,3.235159817e-05,False
2025-01-15,69,random_forest,"{'max_depth': 3, 'min_samples_leaf': 20}",0,0.1929739021,0.5964803316,0.2105457663,0.0004447269261,1,-0.004257987281,3.227739726e-05,False
2025-01-16,69,random_forest,"{'max_depth': 3, 'min_samples_leaf': 20}",0,0.2090555851,0.5718070481,0.2191373668,0.0003515202738,0,0.001038587258,3.220319635e-05,False
2025-01-17,69,random_forest,"{'max_depth': 3, 'min_samples_leaf': 20}",0,0.1776327666,0.6149017071,0.2074655263,0.0005744292586,1,0.003962250541,3.220319635e-05,False
2025-01-21,69,random_forest,"{'max_depth': 3, 'min_samples_leaf': 20}",0,0.1591700042,0.6520478347,0.1887821611,0.0006111167767,1,0.0008582314703,3.235159817e-05,False
2025-01-22,69,random_forest,"{'max_depth': 3, 'min_samples_leaf': 20}",0,0.1636829324,0.6507273868,0.1855896808,0.00054028381,1,0.006520323964,3.235159817e-05,False
2025-01-23,69,random_forest,"{'max_depth': 3, 'min_samples_leaf': 20}",0,0.155543374,0.6756094857,0.1688471403,0.0004886416899,1,-0.00301737729,3.235159817e-05,False
2025-01-24,70,random_forest,"{'max_depth': 3, 'min_samples_leaf': 20}",0,0.1786308957,0.6298717609,0.1914973434,0.0004341854638,1,0.007666309489,3.227739726e-05,False
2025-01-27,70,random_forest,"{'max_depth': 3, 'min_samples_leaf': 20}",0,0.2109780501,0.5412459022,0.2477760477,0.0005578279046,1,0.006493330945,3.205479452e-05,False
2025-01-28,70,random_forest,"{'max_depth': 3, 'min_samples_leaf': 20}",0,0.1925922294,0.5868480956,0.220559675,0.0005255840393,1,-0.003163673865,3.198059361e-05,False
2025-01-29,70,random_forest,"{'max_depth': 3, 'min_samples_leaf': 20}",0,0.2049027848,0.5642125143,0.2308847009,0.0004842230518,1,0.001788125112,3.198059361e-05,False
2025-01-30,70,random_forest,"{'max_depth': 3, 'min_samples_leaf': 20}",0,0.1960875549,0.5807510919,0.2231613532,0.0005112110847,1,-0.009349782166,3.190639269e-05,False
2025-01-31,70,random_forest,"{'max_depth': 3, 'min_samples_leaf': 20}",0,0.2205131917,0.5219351377,0.2575516707,0.0005399658173,1,0.008605187972,3.198059361e-05,False
2025-02-03,70,random_forest,"{'max_depth': 3, 'min_samples_leaf': 20}",0,0.2457650879,0.4653418837,0.2888930284,0.0005361201972,1,0.006607249752,3.220319635e-05,False
2025-02-04,70,random_forest,"{'max_depth': 3, 'min_samples_leaf': 20}",0,0.2242662816,0.4934108698,0.2823228486,0.0006997000411,1,0.005960235796,3.212899543e-05,False
2025-02-05,70,random_forest,"{'max_depth': 3, 'min_samples_leaf': 20}",0,0.1976129091,0.5662818513,0.2361052397,0.0005990555166,1,0.0005445916265,3.212899543e-05,False
2025-02-06,70,random_forest,"{'max_depth': 3, 'min_samples_leaf': 20}",0,0.187899261,0.5872258305,0.2248749085,0.0006071162417,1,-0.01008419144,3.220319635e-05,False
2025-02-07,70,random_forest,"{'max_depth': 3, 'min_samples_leaf': 20}",0,0.2165066867,0.5170059358,0.2664873775,0.0006514291023,1,0.001357459505,3.227739726e-05,False
2025-02-10,70,random_forest,"{'max_depth': 3, 'min_samples_leaf': 20}",0,0.2086724997,0.55651911,0.2348083903,0.0004776307309,1,0.004580549073,3.227739726e-05,False
2025-02-11,70,random_forest,"{'max_depth': 3, 'min_samples_leaf': 20}",0,0.2110871734,0.5425725163,0.2463403103,0.0005452886344,1,0.006942545133,3.227739726e-05,False
2025-02-12,70,random_forest,"{'max_depth': 3, 'min_samples_leaf': 20}",0,0.2186435635,0.5325109673,0.2488454691,0.0004893548417,1,0.008685151183,3.227739726e-05,False
2025-02-13,70,random_forest,"{'max_depth': 3, 'min_samples_leaf': 20}",0,0.1878312265,0.5925826511,0.2195861224,0.0005656467072,1,-0.0003934652296,3.220319635e-05,False
2025-02-14,70,random_forest,"{'max_depth': 3, 'min_samples_leaf': 20}",0,0.1985329597,0.5743318872,0.2271351531,0.000518320252,1,0.000998535437,3.220319635e-05,False
2025-02-18,70,random_forest,"{'max_depth': 3, 'min_samples_leaf': 20}",0,0.1738711962,0.6322117964,0.1939170075,0.0005012798013,1,0.004671478201,3.220319635e-05,False
2025-02-19,70,random_forest,"{'max_depth': 3, 'min_samples_leaf': 20}",0,0.1914857255,0.5850805602,0.2234337143,0.0005596051617,1,-0.001896806857,3.220319635e-05,False
2025-02-20,70,random_forest,"{'max_depth': 3, 'min_samples_leaf': 20}",0,0.2113753028,0.5284530558,0.2601716414,0.0006526335781,1,-0.0167496577,3.212899543e-05,False
2025-02-21,70,random_forest,"{'max_depth': 3, 'min_samples_leaf': 20}",0,0.2540241479,0.4125529275,0.3334229246,0.0008080757819,1,-0.00798976347,3.205479452e-05,False
2025-02-24,70,random_forest,"{'max_depth': 3, 'min_samples_leaf': 20}",0,0.252814161,0.4203296837,0.3268561552,0.0007678908032,1,-0.004873204611,3.198059361e-05,False
2025-02-25,71,random_forest,"{'max_depth': 3, 'min_samples_leaf': 20}",0,0.2459531244,0.3100162863,0.4440305893,0.001770672403,1,-0.002332513373,3.190639269e-05,False
2025-02-26,71,random_forest,"{'max_depth': 3, 'min_samples_leaf': 20}",0,0.2256246956,0.3455810174,0.428794287,0.001853877842,1,-0.01977044193,3.198059361e-05,False
2025-02-27,71,random_forest,"{'max_depth': 3, 'min_samples_leaf': 20}",0,0.2470396569,0.3185425997,0.4344177433,0.001683252955,1,0.01472094267,3.205479452e-05,False
2025-02-28,71,random_forest,"{'max_depth': 3, 'min_samples_leaf': 20}",0,0.2555741353,0.373368502,0.3710573627,0.001093244733,1,-0.02081581624,3.205479452e-05,False
2025-03-03,71,random_forest,"{'max_depth': 3, 'min_samples_leaf': 20}",0,0.251675217,0.3240904998,0.4242342832,0.001555600064,1,-0.004916314105,3.227739726e-05,False
2025-03-04,71,random_forest,"{'max_depth': 3, 'min_samples_leaf': 20}",0,0.2702502497,0.3842126721,0.3455370782,0.0007425736615,1,0.01104578744,3.220319635e-05,False
2025-03-05,71,random_forest,"{'max_depth': 3, 'min_samples_leaf': 20}",0,0.2687555432,0.4005981471,0.3306463097,0.0006391160812,1,-0.004813301308,3.227739726e-05,False
2025-03-06,71,random_forest,"{'max_depth': 3, 'min_samples_leaf': 20}",0,0.2771395973,0.388612138,0.3342482647,0.0005834586122,1,0.008793060492,3.220319635e-05,False
2025-03-07,71,random_forest,"{'max_depth': 3, 'min_samples_leaf': 20}",0,0.2690915059,0.3995745593,0.3313339348,0.0006412088954,1,-0.0123504809,3.220319635e-05,False
2025-03-10,71,random_forest,"{'max_depth': 3, 'min_samples_leaf': 20}",0,0.2791812619,0.3820430172,0.3387757209,0.0005989516265,1,-0.006221024819,3.212899543e-05,False
2025-03-11,71,random_forest,"{'max_depth': 3, 'min_samples_leaf': 20}",0,0.280046396,0.3805710727,0.3393825312,0.0005950794486,1,-0.005870088944,3.220319635e-05,False
2025-03-12,71,random_forest,"{'max_depth': 3, 'min_samples_leaf': 20}",0,0.2641459122,0.419391076,0.3164630118,0.0005726151308,1,-0.01265914779,3.227739726e-05,False
2025-03-13,71,random_forest,"{'max_depth': 3, 'min_samples_leaf': 20}",0,0.2601723325,0.4154341446,0.3243935229,0.0006756830794,1,0.01204799834,3.220319635e-05,False
2025-03-14,71,random_forest,"{'max_depth': 3, 'min_samples_leaf': 20}",0,0.2367141493,0.4758258663,0.2874599843,0.0006177138124,1,0.007747199771,3.212899543e-05,False
2025-03-17,71,random_forest,"{'max_depth': 3, 'min_samples_leaf': 20}",0,0.2384715418,0.4949884209,0.2665400374,0.0004335737163,1,-0.006692578366,3.220319635e-05,False
2025-03-18,71,random_forest,"{'max_depth': 3, 'min_samples_leaf': 20}",0,0.2364565074,0.4935331675,0.2700103251,0.0004814531519,1,0.007639940516,3.220319635e-05,False
2025-03-19,71,random_forest,"{'max_depth': 3, 'min_samples_leaf': 20}",0,0.2298741884,0.4976624965,0.2724633151,0.0005671712805,1,0.003834294352,3.212899543e-05,False
2025-03-20,71,random_forest,"{'max_depth': 3, 'min_samples_leaf': 20}",0,0.2246244442,0.5185661128,0.256809443,0.0004954062413,1,0.008403574028,3.212899543e-05,False
2025-03-21,71,random_forest,"{'max_depth': 3, 'min_samples_leaf': 20}",0,0.2366742766,0.4793946905,0.2839310328,0.0005900339679,1,0.005746372328,3.212899543e-05,False
2025-03-24,71,random_forest,"{'max_depth': 3, 'min_samples_leaf': 20}",0,0.1982856471,0.6034881536,0.1982261993,0.0002941348589,0,0.0002781752819,3.212899543e-05,False
2025-03-25,71,random_forest,"{'max_depth': 3, 'min_samples_leaf': 20}",0,0.1879523074,0.623162172,0.1888855207,0.0003237318574,0,-0.01147442681,3.212899543e-05,False
2025-03-26,72,random_forest,"{'max_depth': 3, 'min_samples_leaf': 50}",0,0.2429008016,0.5354240749,0.2216751234,1.860421871e-05,0,-0.0001762677873,3.212899543e-05,False
2025-03-27,72,random_forest,"{'max_depth': 3, 'min_samples_leaf': 50}",0,0.2482077549,0.5169024664,0.2348897787,7.060519142e-05,0,-0.01745275326,3.212899543e-05,False
2025-03-28,72,random_forest,"{'max_depth': 3, 'min_samples_leaf': 50}",0,0.2887614058,0.4212969584,0.2899416358,0.0001009882239,0,0.01738718752,3.212899543e-05,False
2025-03-31,72,random_forest,"{'max_depth': 3, 'min_samples_leaf': 50}",0,0.3124041631,0.3415584118,0.3460374251,0.0003104727248,0,0.006314393064,3.205479452e-05,False
2025-04-01,72,random_forest,"{'max_depth': 3, 'min_samples_leaf': 50}",0,0.2803102277,0.3859643723,0.3337254,0.0005361693941,1,0.0170615835,3.205479452e-05,False
2025-04-02,72,random_forest,"{'max_depth': 3, 'min_samples_leaf': 50}",0,0.2576220633,0.4592429411,0.2831349956,0.0003610352789,0,-0.01542802977,3.205479452e-05,False
2025-04-03,72,random_forest,"{'max_depth': 3, 'min_samples_leaf': 50}",0,0.3216703961,0.2820688077,0.3962607962,0.000618204016,1,-0.0351175067,3.198059361e-05,False
2025-04-04,72,random_forest,"{'max_depth': 3, 'min_samples_leaf': 50}",0,0.3261430811,0.2780653898,0.3957915291,0.0005692908668,1,0.03105133461,3.175799087e-05,False
2025-04-07,72,random_forest,"{'max_depth': 3, 'min_samples_leaf': 50}",0,0.3309943326,0.306885373,0.3621202944,0.0002512623338,0,-0.04863368531,3.183219178e-05,False
2025-04-08,72,random_forest,"{'max_depth': 3, 'min_samples_leaf': 50}",0,0.342090034,0.3096190247,0.3482909413,2.872160698e-05,0,0.1118271572,3.198059361e-05,False
2025-04-09,72,random_forest,"{'max_depth': 3, 'min_samples_leaf': 50}",0,0.2950076473,0.4118566633,0.2931356894,6.343726565e-05,0,-0.01426229606,3.227739726e-05,False
2025-04-10,72,random_forest,"{'max_depth': 3, 'min_samples_leaf': 50}",0,0.3015104626,0.3989161341,0.2995734033,4.92132437e-05,0,0.02089824776,3.220319635e-05,False
2025-04-11,72,random_forest,"{'max_depth': 3, 'min_samples_leaf': 50}",0,0.2652962953,0.4703696335,0.2643340713,0.0001333191226,0,-0.009061653808,3.220319635e-05,False
2025-04-14,72,random_forest,"{'max_depth': 3, 'min_samples_leaf': 50}",0,0.2940124927,0.4185827614,0.287404746,2.769418388e-05,0,-0.003817143268,3.212899543e-05,False
2025-04-15,72,random_forest,"{'max_depth': 3, 'min_samples_leaf': 50}",0,0.2682094374,0.4784328097,0.2533577529,1.61994819e-05,0,-0.01132263692,3.212899543e-05,False
2025-04-16,72,random_forest,"{'max_depth': 3, 'min_samples_leaf': 50}",0,0.2885930613,0.3789363827,0.332470556,0.0004425057527,1,-0.002331213388,3.212899543e-05,False
2025-04-17,72,random_forest,"{'max_depth': 3, 'min_samples_leaf': 50}",0,0.2824761896,0.4131917605,0.3043320499,0.000279437418,0,-0.01396877858,3.220319635e-05,False
2025-04-21,72,random_forest,"{'max_depth': 3, 'min_samples_leaf': 50}",0,0.2575532302,0.4774125885,0.2650341813,0.0002170998985,0,0.01366936809,3.220319635e-05,False
2025-04-22,72,random_forest,"{'max_depth': 3, 'min_samples_leaf': 50}",0,0.2462308988,0.5185858825,0.2351832187,9.291144383e-05,0,-0.00927041395,3.212899543e-05,False
2025-04-23,72,random_forest,"{'max_depth': 3, 'min_samples_leaf': 50}",0,0.2404723756,0.552839097,0.2066885274,-7.662138323e-05,0,0.01857585387,3.212899543e-05,False
2025-04-24,72,random_forest,"{'max_depth': 3, 'min_samples_leaf': 50}",0,0.1960537075,0.6271846033,0.1767616892,0.0001327788873,0,0.007298984808,3.205479452e-05,False
2025-04-25,73,random_forest,"{'max_depth': 3, 'min_samples_leaf': 50}",0,0.1987347083,0.6109038452,0.1903614465,0.0002288355462,0,-0.0009794138653,3.205479452e-05,False
2025-04-28,73,random_forest,"{'max_depth': 3, 'min_samples_leaf': 50}",0,0.1995804227,0.6013779976,0.1990415797,0.0002919017222,0,0.009855958983,3.205479452e-05,False
2025-04-29,73,random_forest,"{'max_depth': 3, 'min_samples_leaf': 50}",0,0.1912929708,0.615214299,0.1934927302,0.0003308000317,0,0.01272891239,3.198059361e-05,False
2025-04-30,73,random_forest,"{'max_depth': 3, 'min_samples_leaf': 50}",0,0.2015252623,0.5789922064,0.2194825313,0.0004408949962,1,-0.003390660497,3.198059361e-05,False
2025-05-01,73,random_forest,"{'max_depth': 3, 'min_samples_leaf': 50}",0,0.1990545348,0.6066920144,0.1942534507,0.0002577203373,0,0.003594690182,3.198059361e-05,False
2025-05-02,73,random_forest,"{'max_depth': 3, 'min_samples_leaf': 50}",0,0.1986263465,0.6118291947,0.1895444588,0.0002231937594,0,0.001670907524,3.212899543e-05,False
2025-05-05,73,random_forest,"{'max_depth': 3, 'min_samples_leaf': 50}",0,0.2080277384,0.5975149152,0.1944573464,0.0001676508153,0,0.001559326516,3.212899543e-05,False
2025-05-06,73,random_forest,"{'max_depth': 3, 'min_samples_leaf': 50}",0,0.2202843787,0.5518120772,0.2279035441,0.0003186496963,0,0.001785236067,3.212899543e-05,False
2025-05-07,73,random_forest,"{'max_depth': 3, 'min_samples_leaf': 50}",0,0.2204443565,0.5522174464,0.2273381971,0.0003123430606,0,-0.0003184359351,3.220319635e-05,False
2025-05-08,73,random_forest,"{'max_depth': 3, 'min_samples_leaf': 50}",0,0.2242320425,0.5447164278,0.2310515297,0.0003042916461,0,-0.003777633356,3.220319635e-05,False
2025-05-09,73,random_forest,"{'max_depth': 3, 'min_samples_leaf': 50}",0,0.2172593941,0.57107429,0.2116663159,0.0002154317747,0,0.002614098103,3.220319635e-05,False
2025-05-12,73,random_forest,"{'max_depth': 3, 'min_samples_leaf': 50}",0,0.1912552323,0.6180797016,0.1906650661,0.0003078242049,0,0.005879319658,3.279680365e-05,False
2025-05-13,73,random_forest,"{'max_depth': 3, 'min_samples_leaf': 50}",0,0.2033339672,0.6074430353,0.1892229975,0.0001724008652,0,-0.0003742207847,3.272260274e-05,False
2025-05-14,73,random_forest,"{'max_depth': 3, 'min_samples_leaf': 50}",0,0.2053720357,0.6031375829,0.1914903815,0.0001702936865,0,0.008368099709,3.272260274e-05,False
2025-05-15,73,random_forest,"{'max_depth': 3, 'min_samples_leaf': 50}",0,0.2004165379,0.6045270068,0.1950564553,0.0002504276879,0,0.004989449811,3.25e-05,False
2025-05-16,73,random_forest,"{'max_depth': 3, 'min_samples_leaf': 50}",0,0.2023728296,0.5992306799,0.1983964905,0.0002580187812,0,0.01147764028,3.242579909e-05,False
2025-05-19,73,random_forest,"{'max_depth': 3, 'min_samples_leaf': 50}",0,0.2083835416,0.5897424679,0.2018739904,0.0002252877508,0,-0.0004047466945,3.257420091e-05,False
2025-05-20,73,random_forest,"{'max_depth': 3, 'min_samples_leaf': 50}",0,0.2272706057,0.5441189209,0.2286104734,0.0002530536739,0,-0.009482729096,3.25e-05,False
2025-05-21,73,random_forest,"{'max_depth': 3, 'min_samples_leaf': 50}",0,0.2554883935,0.4902177153,0.2542938913,0.0001767094979,0,0.0007380869183,3.235159817e-05,False
2025-05-22,73,random_forest,"{'max_depth': 3, 'min_samples_leaf': 50}",0,0.2441647805,0.5073610666,0.2484741529,0.0002444155516,0,0.00543422517,3.242579909e-05,False
2025-05-23,73,random_forest,"{'max_depth': 3, 'min_samples_leaf': 50}",0,0.2612276487,0.4820529452,0.256719406,0.0001380628705,0,0.008667935574,3.235159817e-05,False
2025-05-27,74,random_forest,"{'max_depth': 3, 'min_samples_leaf': 50}",0,0.1669735791,0.631350458,0.2016759628,0.0006717054303,1,-0.006474435611,3.227739726e-05,False
2025-05-28,74,random_forest,"{'max_depth': 3, 'min_samples_leaf': 50}",0,0.2096993158,0.5549196913,0.2353809929,0.0005114909305,1,-0.00507538838,3.227739726e-05,False
2025-05-29,74,random_forest,"{'max_depth': 3, 'min_samples_leaf': 50}",0,0.177269715,0.6080433364,0.2146869486,0.0006732577956,1,0.0007811148845,3.235159817e-05,False
2025-05-30,74,random_forest,"{'max_depth': 3, 'min_samples_leaf': 50}",0,0.2667998226,0.4550812833,0.2781188941,0.0002784215086,0,0.008421825494,3.235159817e-05,False
2025-06-02,74,random_forest,"{'max_depth': 3, 'min_samples_leaf': 50}",0,0.2097060786,0.5614682894,0.2288256321,0.0004575685256,1,0.006330823219,3.294520548e-05,False
2025-06-03,74,random_forest,"{'max_depth': 3, 'min_samples_leaf': 50}",0,0.1962598343,0.5869158845,0.2168242813,0.0004965376721,1,-0.001725457675,3.287100457e-05,False
2025-06-04,74,random_forest,"{'max_depth': 3, 'min_samples_leaf': 50}",0,0.1982563496,0.5774210612,0.2243225893,0.0005377119638,1,-0.00766363317,3.294520548e-05,False
2025-06-05,74,random_forest,"{'max_depth': 3, 'min_samples_leaf': 50}",0,0.2687086102,0.4564763241,0.2748150657,0.0002317522184,0,0.0008018598893,3.294520548e-05,False
2025-06-06,74,random_forest,"{'max_depth': 3, 'min_samples_leaf': 50}",0,0.2238762393,0.5425983494,0.2335254112,0.0003512098989,0,-6.666121658e-05,3.287100457e-05,False
2025-06-09,74,random_forest,"{'max_depth': 3, 'min_samples_leaf': 50}",0,0.2194617415,0.5443454373,0.2361928212,0.0004182856156,0,0.004764997127,3.294520548e-05,False
2025-06-10,74,random_forest,"{'max_depth': 3, 'min_samples_leaf': 50}",0,0.1679708097,0.6318881743,0.200141016,0.0006488934463,1,-0.004683985317,3.301940639e-05,False
2025-06-11,74,random_forest,"{'max_depth': 3, 'min_samples_leaf': 50}",0,0.2125735006,0.5456008662,0.2418256331,0.0005350301844,1,0.006233213068,3.301940639e-05,False
2025-06-12,74,random_forest,"{'max_depth': 3, 'min_samples_leaf': 50}",0,0.2011736545,0.5702106363,0.2286157092,0.0005431350337,1,-0.002506265497,3.309360731e-05,False
2025-06-13,74,random_forest,"{'max_depth': 3, 'min_samples_leaf': 50}",0,0.291762042,0.41309063,0.295147328,0.0001629362577,0,0.003797415305,3.301940639e-05,False
2025-06-16,74,random_forest,"{'max_depth': 3, 'min_samples_leaf': 50}",0,0.2468788109,0.484335832,0.2687853571,0.0004055472991,0,-0.004465091472,3.287100457e-05,False
2025-06-17,74,random_forest,"{'max_depth': 3, 'min_samples_leaf': 50}",0,0.3105438708,0.3828995871,0.3065565421,6.4516872e-05,0,-0.001671011287,3.279680365e-05,False
2025-06-18,74,random_forest,"{'max_depth': 3, 'min_samples_leaf': 50}",0,0.2807921705,0.4388411984,0.2803666311,0.0001537381245,0,-0.006851792412,3.279680365e-05,False
2025-06-20,74,random_forest,"{'max_depth': 3, 'min_samples_leaf': 50}",0,0.3168913118,0.3736957281,0.3094129601,2.304518842e-05,0,0.008587736315,3.257420091e-05,False
2025-06-23,74,random_forest,"{'max_depth': 3, 'min_samples_leaf': 50}",0,0.2425537084,0.4890718248,0.2683744668,0.0004464197841,1,0.00405409642,3.25e-05,False
2025-06-24,74,random_forest,"{'max_depth': 3, 'min_samples_leaf': 50}",0,0.1918426715,0.5744886477,0.2336686808,0.0006801066312,1,-0.001299498386,3.25e-05,False
2025-06-25,74,random_forest,"{'max_depth': 3, 'min_samples_leaf': 50}",0,0.1881189918,0.5891333779,0.2227476303,0.0006284837971,1,0.004729149821,3.25e-05,False
2025-06-26,75,random_forest,"{'max_depth': 3, 'min_samples_leaf': 50}",0,0.1767791204,0.6330643865,0.1901564932,0.0004748480448,1,0.003312178908,3.257420091e-05,False
2025-06-27,75,random_forest,"{'max_depth': 3, 'min_samples_leaf': 50}",0,0.1886755168,0.6096114974,0.2017129857,0.0004484301022,1,0.000761234079,3.257420091e-05,False
2025-06-30,75,random_forest,"{'max_depth': 3, 'min_samples_leaf': 50}",0,0.1972943604,0.5917243711,0.2109812685,0.0004366405598,1,0.002092996111,3.272260274e-05,False
2025-07-01,75,random_forest,"{'max_depth': 3, 'min_samples_leaf': 50}",0,0.2222833423,0.5524528626,0.2252637952,0.0002991506282,0,0.005200606066,3.264840183e-05,False
2025-07-02,75,random_forest,"{'max_depth': 3, 'min_samples_leaf': 50}",0,0.2229307575,0.5456010025,0.23146824,0.0003434654345,0,0.004642966618,1.761986301e-05,False
2025-07-03,75,random_forest,"{'max_depth': 3, 'min_samples_leaf': 50}",0,0.2086077871,0.5739149229,0.21747729,0.000374638364,0,-0.004299269618,3.279680365e-05,False
2025-07-07,75,random_forest,"{'max_depth': 3, 'min_samples_leaf': 50}",0,0.2142534367,0.5519510843,0.233795479,0.0004510032599,1,-0.001625410353,3.279680365e-05,False
2025-07-08,75,random_forest,"{'max_depth': 3, 'min_samples_leaf': 50}",0,0.2200212871,0.5519470975,0.2280316154,0.0003449184443,0,0.00207135528,3.279680365e-05,False
2025-07-09,75,random_forest,"{'max_depth': 3, 'min_samples_leaf': 50}",0,0.2334512714,0.5100354895,0.2565132391,0.0004417567159,1,0.002595314189,3.279680365e-05,False
2025-07-10,75,random_forest,"{'max_depth': 3, 'min_samples_leaf': 50}",0,0.2338786983,0.5083207614,0.2578005403,0.0004479638431,1,0.0014131176,3.279680365e-05,False
2025-07-11,75,random_forest,"{'max_depth': 3, 'min_samples_leaf': 50}",0,0.2285548403,0.5386322174,0.2328129423,0.000297178458,0,0.002647834358,3.272260274e-05,False
2025-07-14,75,random_forest,"{'max_depth': 3, 'min_samples_leaf': 50}",0,0.234007444,0.5217124976,0.2442800584,0.0003357032463,0,-0.008573439474,3.279680365e-05,False
2025-07-15,75,random_forest,"{'max_depth': 3, 'min_samples_leaf': 50}",0,0.2586807378,0.4816707267,0.2596485354,0.0002103421119,0,0.0007695201769,3.279680365e-05,False
2025-07-16,75,random_forest,"{'max_depth': 3, 'min_samples_leaf': 50}",0,0.2676787748,0.4630851263,0.2692360989,0.0001973077708,0,0.005829521873,3.272260274e-05,False
2025-07-17,75,random_forest,"{'max_depth': 3, 'min_samples_leaf': 50}",0,0.2354108183,0.5145562651,0.2500329167,0.0003686075028,0,-0.002733149198,3.272260274e-05,False
2025-07-18,75,random_forest,"{'max_depth': 3, 'min_samples_leaf': 50}",0,0.2361604932,0.5254376832,0.2384018236,0.0002655225293,0,0,3.264840183e-05,False
2025-07-21,75,random_forest,"{'max_depth': 3, 'min_samples_leaf': 50}",0,0.2437513956,0.4972250642,0.2590235402,0.0003573756354,0,-0.000381481976,3.272260274e-05,False
2025-07-22,75,random_forest,"{'max_depth': 3, 'min_samples_leaf': 50}",0,0.2561021357,0.4609189925,0.2829788718,0.0004280712063,0,0.004211914014,3.272260274e-05,False
2025-07-23,75,random_forest,"{'max_depth': 3, 'min_samples_leaf': 50}",0,0.2329747337,0.5052056694,0.261819597,0.0004901573707,1,-0.0002836316094,3.272260274e-05,False
2025-07-24,75,random_forest,"{'max_depth': 3, 'min_samples_leaf': 50}",0,0.2446527722,0.4891228209,0.2662244069,0.0004072786168,0,0.003164824841,3.279680365e-05,False
2025-07-25,75,random_forest,"{'max_depth': 3, 'min_samples_leaf': 50}",0,0.2357580731,0.5044739176,0.2597680093,0.0004449539116,1,-0.0008470508606,3.279680365e-05,False
2025-07-28,76,random_forest,"{'max_depth': 3, 'min_samples_leaf': 50}",0,0.2427965768,0.4779553374,0.2792480858,0.0005373003946,1,-0.00484055134,3.264840183e-05,False
2025-07-29,76,random_forest,"{'max_depth': 3, 'min_samples_leaf': 50}",0,0.2341045598,0.4987646327,0.2671308076,0.0005269575093,1,-0.002295825025,3.264840183e-05,False
2025-07-30,76,random_forest,"{'max_depth': 3, 'min_samples_leaf': 50}",0,0.2581161963,0.4515930502,0.2902907534,0.0004713947122,1,-0.01154099494,3.272260274e-05,False
2025-07-31,76,random_forest,"{'max_depth': 3, 'min_samples_leaf': 50}",0,0.2620113966,0.4545986072,0.2833899962,0.0003754414217,0,-0.007312816775,3.272260274e-05,False
2025-08-01,76,random_forest,"{'max_depth': 3, 'min_samples_leaf': 50}",0,0.3342802924,0.2731465293,0.3925731783,0.0005302463385,1,0.008790576747,3.227739726e-05,False
2025-08-04,76,random_forest,"{'max_depth': 3, 'min_samples_leaf': 50}",0,0.2550844078,0.459125714,0.2857898783,0.0004655491146,1,-0.006046324785,3.227739726e-05,False
2025-08-05,76,random_forest,"{'max_depth': 3, 'min_samples_leaf': 50}",0,0.3150456179,0.3296569619,0.3552974202,0.000422021672,0,0.005929642394,3.220319635e-05,False
2025-08-06,76,random_forest,"{'max_depth': 3, 'min_samples_leaf': 50}",0,0.2452189223,0.4973953813,0.2573856964,0.0003342958723,0,-0.006271203182,3.205479452e-05,False
2025-08-07,76,random_forest,"{'max_depth': 3, 'min_samples_leaf': 50}",0,0.2631628533,0.4671066017,0.269730545,0.0002522917342,0,0.004920662253,3.205479452e-05,False
2025-08-08,76,random_forest,"{'max_depth': 3, 'min_samples_leaf': 50}",0,0.199462459,0.59274263,0.207794911,0.0003956587436,0,-0.00241589913,3.205479452e-05,False
2025-08-11,76,random_forest,"{'max_depth': 3, 'min_samples_leaf': 50}",0,0.2394973032,0.514924753,0.2455779438,0.0002962331833,0,0.006893456921,3.220319635e-05,False
2025-08-12,76,random_forest,"{'max_depth': 3, 'min_samples_leaf': 50}",0,0.1651504766,0.6557102476,0.1791392757,0.0005112696299,1,-3.094776266e-05,3.212899543e-05,False
2025-08-13,76,random_forest,"{'max_depth': 3, 'min_samples_leaf': 50}",0,0.1736428833,0.640046904,0.1863102127,0.0004832957099,1,0.003360404233,3.183219178e-05,False
2025-08-14,76,random_forest,"{'max_depth': 3, 'min_samples_leaf': 50}",0,0.1603675548,0.6654554961,0.1741769491,0.0005194899096,1,-0.003947410712,3.190639269e-05,False
2025-08-15,76,random_forest,"{'max_depth': 3, 'min_samples_leaf': 50}",0,0.2089418205,0.5570348839,0.2340232955,0.0005130946843,1,0.0006844452238,3.190639269e-05,False
2025-08-18,76,random_forest,"{'max_depth': 3, 'min_samples_leaf': 50}",0,0.2104228885,0.5645978881,0.2249792234,0.0004242383369,0,-0.005146780645,3.212899543e-05,False
2025-08-19,76,random_forest,"{'max_depth': 3, 'min_samples_leaf': 50}",0,0.246479477,0.5032130773,0.2503074457,0.0002637207787,0,-0.002017577381,3.190639269e-05,False
2025-08-20,76,random_forest,"{'max_depth': 3, 'min_samples_leaf': 50}",0,0.3318707417,0.34156367,0.3265655882,1.633067251e-05,0,-0.0011473589,3.190639269e-05,False
2025-08-21,76,random_forest,"{'max_depth': 3, 'min_samples_leaf': 50}",0,0.3284845293,0.3520813398,0.3194341309,-7.364855809e-06,0,0.01183828974,3.205479452e-05,False
2025-08-22,76,random_forest,"{'max_depth': 3, 'min_samples_leaf': 50}",0,0.2186812159,0.5428970763,0.2384217078,0.0004498072967,1,-0.002437748238,3.168378995e-05,False
2025-08-25,76,random_forest,"{'max_depth': 3, 'min_samples_leaf': 50}",0,0.2528096326,0.5002572606,0.2469331068,0.0001717410425,0,0.004609095167,3.183219178e-05,False
2025-08-26,77,random_forest,"{'max_depth': 3, 'min_samples_leaf': 50}",0,0.247789534,0.5266993406,0.2255111254,4.341951656e-05,0,0.00319592522,3.175799087e-05,False
2025-08-27,77,random_forest,"{'max_depth': 3, 'min_samples_leaf': 50}",0,0.2370397348,0.5490854921,0.2138747731,5.729030458e-05,0,0.002595625644,3.160958904e-05,False
2025-08-28,77,random_forest,"{'max_depth': 3, 'min_samples_leaf': 50}",0,0.2170790893,0.589177511,0.1937433997,9.508787639e-05,0,-0.003737598703,3.160958904e-05,False
2025-08-29,77,random_forest,"{'max_depth': 3, 'min_samples_leaf': 50}",0,0.2730904828,0.4634637771,0.26344574,9.685130587e-05,0,0.004345128626,3.13869863e-05,False
2025-09-02,77,random_forest,"{'max_depth': 3, 'min_samples_leaf': 50}",0,0.3547902798,0.2983610492,0.346848671,-4.965905013e-05,0,0.001664940543,3.116438356e-05,False
2025-09-03,77,random_forest,"{'max_depth': 3, 'min_samples_leaf': 50}",0,0.2948114381,0.4188431295,0.2863454324,6.382425322e-05,0,0.007293399168,3.101598174e-05,False
2025-09-04,77,random_forest,"{'max_depth': 3, 'min_samples_leaf': 50}",0,0.233776647,0.5398927546,0.2263305984,0.0001919848529,0,-0.006508243261,3.086757991e-05,False
2025-09-05,77,random_forest,"{'max_depth': 3, 'min_samples_leaf': 50}",0,0.2772401244,0.4476255446,0.275134331,0.0001502319643,0,0.0003237982104,3.019977169e-05,False
2025-09-08,77,random_forest,"{'max_depth': 3, 'min_samples_leaf': 50}",0,0.257082716,0.4957041613,0.2472131226,0.0001264460383,0,0.002095699995,3.042237443e-05,False
2025-09-09,77,random_forest,"{'max_depth': 3, 'min_samples_leaf': 50}",0,0.2523085864,0.4909131409,0.2567782726,0.0002528476915,0,-0.002157175685,3.042237443e-05,False
2025-09-10,77,random_forest,"{'max_depth': 3, 'min_samples_leaf': 50}",0,0.2345552402,0.5180542991,0.2473904607,0.0003559789683,0,0.005273796535,3.034817352e-05,False
2025-09-11,77,random_forest,"{'max_depth': 3, 'min_samples_leaf': 50}",0,0.1984213252,0.6150941112,0.1864845636,0.0002247515265,0,-0.0002889331174,3.02739726e-05,False
2025-09-12,77,random_forest,"{'max_depth': 3, 'min_samples_leaf': 50}",0,0.2128986838,0.5948661886,0.1922351276,0.0001251039817,0,0.001925229559,3.02739726e-05,False
2025-09-15,77,random_forest,"{'max_depth': 3, 'min_samples_leaf': 50}",0,0.2166256444,0.573901972,0.2094723836,0.0002280488626,0,-0.002222278821,3.012557078e-05,False
2025-09-16,77,random_forest,"{'max_depth': 3, 'min_samples_leaf': 50}",0,0.2243104434,0.5628285395,0.212861017,0.0001778978761,0,-0.001257582687,2.997716895e-05,False
2025-09-17,77,random_forest,"{'max_depth': 3, 'min_samples_leaf': 50}",0,0.2365327526,0.529478858,0.2339883894,0.0002265779238,0,0.0005589978552,2.982876712e-05,False
2025-09-18,77,random_forest,"{'max_depth': 3, 'min_samples_leaf': 50}",0,0.2468151967,0.4949832309,0.2582015724,0.0003200830897,0,0.002068447816,2.990296804e-05,False
2025-09-19,77,random_forest,"{'max_depth': 3, 'min_samples_leaf': 50}",0,0.241125668,0.5040161821,0.2548581499,0.0003504013978,0,0.007006968608,2.990296804e-05,False
2025-09-22,77,random_forest,"{'max_depth': 3, 'min_samples_leaf': 50}",0,0.2301909565,0.551266519,0.2185425246,0.0001647278577,0,-0.005264502182,2.96803653e-05,False
2025-09-23,77,random_forest,"{'max_depth': 3, 'min_samples_leaf': 50}",0,0.2427515704,0.5171738813,0.2400745483,0.0002132851525,0,-0.005131652116,2.96803653e-05,False
2025-09-24,77,random_forest,"{'max_depth': 3, 'min_samples_leaf': 50}",0,0.2493686864,0.5231838531,0.2274474604,4.323408941e-05,0,0.0001671661905,2.982876712e-05,False
2025-09-25,78,random_forest,"{'max_depth': 3, 'min_samples_leaf': 50}",0,0.291975662,0.4442445429,0.2637797951,-8.804217554e-05,0,0.003502596589,2.997716895e-05,False
2025-09-26,78,random_forest,"{'max_depth': 3, 'min_samples_leaf': 50}",0,0.2548006984,0.5307743195,0.214424982,-0.0001147877809,0,-0.001023530406,2.982876712e-05,False
2025-09-29,78,random_forest,"{'max_depth': 3, 'min_samples_leaf': 50}",0,0.2544829925,0.5306019174,0.2149150901,-0.0001075877158,0,0.004902478361,2.997716895e-05,False
2025-09-30,78,random_forest,"{'max_depth': 3, 'min_samples_leaf': 50}",0,0.2358508102,0.5704116735,0.1937375163,-9.199861427e-05,0,0.007961803831,2.982876712e-05,False
2025-10-01,78,random_forest,"{'max_depth': 3, 'min_samples_leaf': 50}",0,0.2230789274,0.6029269376,0.173994135,-0.0001238908264,0,-0.001834650583,2.975456621e-05,False
2025-10-02,78,random_forest,"{'max_depth': 3, 'min_samples_leaf': 50}",0,0.243239611,0.5423542245,0.2144061646,1.777814735e-06,0,-0.001164149124,2.982876712e-05,False
2025-10-03,78,random_forest,"{'max_depth': 3, 'min_samples_leaf': 50}",0,0.2478145517,0.5298909211,0.2222945272,1.98507492e-05,0,-1.490388658e-05,2.990296804e-05,False
2025-10-06,78,random_forest,"{'max_depth': 3, 'min_samples_leaf': 50}",0,0.2573297111,0.5068151164,0.2358551725,3.425602672e-05,0,-0.005085174173,2.982876712e-05,False
2025-10-07,78,random_forest,"{'max_depth': 3, 'min_samples_leaf': 50}",0,0.2519997686,0.5283680075,0.219632224,-4.40903947e-05,0,0.004267042718,2.975456621e-05,False
2025-10-08,78,random_forest,"{'max_depth': 3, 'min_samples_leaf': 50}",0,0.2449075461,0.5298636458,0.2252288081,7.310288429e-05,0,-0.003518857535,2.975456621e-05,False
2025-10-09,78,random_forest,"{'max_depth': 3, 'min_samples_leaf': 50}",0,0.2537097977,0.5279012232,0.2183889791,-7.148239432e-05,0,-0.02843197777,2.990296804e-05,False
2025-10-10,78,random_forest,"{'max_depth': 3, 'min_samples_leaf': 50}",0,0.347515092,0.2946500124,0.3578348956,0.0001174397377,0,0.003617578829,2.982876712e-05,False
2025-10-13,78,random_forest,"{'max_depth': 3, 'min_samples_leaf': 50}",0,0.3340805619,0.3032492637,0.3626701743,0.0002924621334,0,0.007699678441,2.982876712e-05,False
2025-10-14,78,random_forest,"{'max_depth': 3, 'min_samples_leaf': 50}",0,0.3358843238,0.3028118511,0.3613038251,0.0002631209795,0,-0.002474467504,2.982876712e-05,False
2025-10-15,78,random_forest,"{'max_depth': 3, 'min_samples_leaf': 50}",0,0.2781740574,0.4843713418,0.2374546009,-0.0001631557656,0,-0.0092678573,2.990296804e-05,False
2025-10-16,78,random_forest,"{'max_depth': 3, 'min_samples_leaf': 50}",0,0.3374131841,0.2617096792,0.4008771366,0.0005700610941,1,0.007414730446,2.982876712e-05,False
2025-10-17,78,random_forest,"{'max_depth': 3, 'min_samples_leaf': 50}",0,0.2916114527,0.4419249458,0.2664636015,-6.250214073e-05,0,0.005964125779,2.96803653e-05,False
2025-10-20,78,random_forest,"{'max_depth': 3, 'min_samples_leaf': 50}",0,0.2422930593,0.5373469526,0.2203599881,5.983555789e-05,0,-0.0002234368271,2.945776256e-05,False
2025-10-21,78,random_forest,"{'max_depth': 3, 'min_samples_leaf': 50}",0,0.2371648171,0.5593104464,0.2035247366,-2.553518873e-05,0,-0.00625001813,2.938356164e-05,False
2025-10-22,78,random_forest,"{'max_depth': 3, 'min_samples_leaf': 50}",0,0.2678781255,0.4836173268,0.2485045477,3.080626533e-05,0,0.005448145066,2.938356164e-05,False
2025-10-23,78,random_forest,"{'max_depth': 3, 'min_samples_leaf': 50}",0,0.2416279465,0.5533585446,0.2050135089,-5.846627385e-05,0,0.001167811927,2.930936073e-05,False
2025-10-24,79,random_forest,"{'max_depth': 3, 'min_samples_leaf': 50}",0,0.2229805926,0.6149955883,0.1620238191,-0.0002218858315,0,0.003676431193,2.91609589e-05,False
2025-10-27,79,random_forest,"{'max_depth': 3, 'min_samples_leaf': 50}",0,0.1977295406,0.6920157462,0.1102547132,-0.0003867359611,0,1.456917161e-05,2.886415525e-05,False
2025-10-28,79,random_forest,"{'max_depth': 3, 'min_samples_leaf': 50}",0,0.2063458319,0.668344737,0.1253094311,-0.0003516561727,0,-0.001931054874,2.886415525e-05,False
2025-10-29,79,random_forest,"{'max_depth': 3, 'min_samples_leaf': 50}",0,0.2135425183,0.6468712532,0.1395862284,-0.0003085474191,0,-0.005951172859,2.91609589e-05,False
2025-10-30,79,random_forest,"{'max_depth': 3, 'min_samples_leaf': 50}",0,0.2446560372,0.5225646624,0.2327793004,0.0001330772413,0,-0.004350082601,2.908675799e-05,False
2025-10-31,79,random_forest,"{'max_depth': 3, 'min_samples_leaf': 50}",0,0.2426107436,0.52825701,0.2291322465,0.0001241545209,0,-0.003398072164,2.886415525e-05,False
2025-11-03,79,random_forest,"{'max_depth': 3, 'min_samples_leaf': 50}",0,0.2448471742,0.5302971938,0.2248556319,6.687812479e-05,0,-0.001286765692,2.953196347e-05,False
2025-11-04,79,random_forest,"{'max_depth': 3, 'min_samples_leaf': 50}",0,0.2805656676,0.4289492062,0.2904851262,0.0002384234399,0,0.003852020442,2.938356164e-05,False
2025-11-05,79,random_forest,"{'max_depth': 3, 'min_samples_leaf': 50}",0,0.2937243092,0.3985440976,0.3077315933,0.0002454006418,0,-0.009106055582,2.938356164e-05,False
2025-11-06,79,random_forest,"{'max_depth': 3, 'min_samples_leaf': 50}",0,0.3110660943,0.3358257798,0.3531081259,0.0004382880155,1,0.004581452135,2.91609589e-05,False
2025-11-07,79,random_forest,"{'max_depth': 3, 'min_samples_leaf': 50}",0,0.3147378669,0.3022968386,0.3829652945,0.000643371726,1,0.006201660032,2.908675799e-05,False
2025-11-10,79,random_forest,"{'max_depth': 3, 'min_samples_leaf': 50}",0,0.262804254,0.4774619649,0.2597337811,0.0001683987929,0,0.004485605846,2.930936073e-05,False
2025-11-11,79,random_forest,"{'max_depth': 3, 'min_samples_leaf': 50}",0,0.2486482104,0.5294708457,0.2218809439,4.358383601e-06,0,-0.002058986244,2.930936073e-05,False
2025-11-12,79,random_forest,"{'max_depth': 3, 'min_samples_leaf': 50}",0,0.2352367323,0.5634412644,0.2013220033,-2.69323905e-05,0,-0.0124320675,2.930936073e-05,False
2025-11-13,79,random_forest,"{'max_depth': 3, 'min_samples_leaf': 50}",0,0.3223408455,0.3096776667,0.3679814878,0.0004450451957,1,0.009843980475,2.938356164e-05,False
2025-11-14,79,random_forest,"{'max_depth': 3, 'min_samples_leaf': 50}",0,0.323243391,0.3018267436,0.3749298654,0.0004922870849,1,-0.006017663537,2.930936073e-05,False
2025-11-17,79,random_forest,"{'max_depth': 3, 'min_samples_leaf': 50}",0,0.3213525473,0.2838692523,0.3947782003,0.0006723744779,1,-0.00305083601,2.945776256e-05,False
2025-11-18,79,random_forest,"{'max_depth': 3, 'min_samples_leaf': 50}",0,0.322573567,0.2798697774,0.3975566557,0.0006825775684,1,0.002799684477,2.923515982e-05,False
2025-11-19,79,random_forest,"{'max_depth': 3, 'min_samples_leaf': 50}",0,0.3202223435,0.2814810003,0.3982966562,0.0007123280933,1,-0.03028628581,2.930936073e-05,False
2025-11-20,79,random_forest,"{'max_depth': 3, 'min_samples_leaf': 50}",0,0.3208733004,0.2458124571,0.4333142425,0.0009897793311,1,0.00607593564,2.923515982e-05,False
2025-11-21,79,random_forest,"{'max_depth': 3, 'min_samples_leaf': 50}",0,0.3100267617,0.2742970964,0.4156761419,0.0009562723303,1,0.009114334144,2.893835616e-05,False
2025-11-24,80,random_forest,"{'max_depth': 3, 'min_samples_leaf': 50}",0,0.2808120946,0.3949784365,0.3242094689,0.0004956498912,1,0.009556876965,2.901255708e-05,False
2025-11-25,80,random_forest,"{'max_depth': 3, 'min_samples_leaf': 50}",0,0.2540798412,0.5276757534,0.2182444053,-9.269190757e-05,0,0.003025231726,2.893835616e-05,False
2025-11-26,80,random_forest,"{'max_depth': 3, 'min_samples_leaf': 50}",0,0.2262565989,0.6459753955,0.1277680056,-0.0005444575811,-1,0.003715931851,1.566210046e-05,False
2025-11-28,80,random_forest,"{'max_depth': 3, 'min_samples_leaf': 50}",0,0.2100831118,0.6927673856,0.09714950262,-0.0006289589689,-1,0.002150855148,2.878995434e-05,False
2025-12-01,80,random_forest,"{'max_depth': 3, 'min_samples_leaf': 50}",0,0.2333034718,0.6017293017,0.1649672265,-0.0003142652232,0,-0.0005718466526,2.827054795e-05,False
2025-12-02,80,random_forest,"{'max_depth': 3, 'min_samples_leaf': 50}",0,0.2339447157,0.5874796162,0.1785756682,-0.0002104571753,0,0.004878274516,2.797374429e-05,False
2025-12-03,80,random_forest,"{'max_depth': 3, 'min_samples_leaf': 50}",0,0.2319679401,0.5979687074,0.1700633525,-0.0002594464251,0,-0.001327846424,2.760273973e-05,False
2025-12-04,80,random_forest,"{'max_depth': 3, 'min_samples_leaf': 50}",0,0.2351120762,0.582704058,0.1821838658,-0.0001930253518,0,0.0003209938845,2.752853881e-05,False
2025-12-05,80,random_forest,"{'max_depth': 3, 'min_samples_leaf': 50}",0,0.2446414349,0.5554841768,0.1998743883,-0.0001460724766,0,-0.004311192826,2.752853881e-05,False
2025-12-08,80,random_forest,"{'max_depth': 3, 'min_samples_leaf': 50}",0,0.2644061978,0.5014786363,0.2341151659,-6.855324692e-05,0,-0.0001610867592,2.767694064e-05,False
2025-12-09,80,random_forest,"{'max_depth': 3, 'min_samples_leaf': 50}",0,0.2689228165,0.5150420179,0.2160351657,-0.0002607968711,0,0.007340028514,2.767694064e-05,False
2025-12-10,80,random_forest,"{'max_depth': 3, 'min_samples_leaf': 50}",0,0.2485686951,0.5420936213,0.2093376836,-0.0001091128395,0,0.005881963032,2.738013699e-05,False
2025-12-11,80,random_forest,"{'max_depth': 3, 'min_samples_leaf': 50}",0,0.2405840094,0.5662431962,0.1931727944,-0.0001593312521,0,-0.009314520042,2.715753425e-05,False
2025-12-12,80,random_forest,"{'max_depth': 3, 'min_samples_leaf': 50}",0,0.2839239098,0.3981060835,0.3179700067,0.000413589747,0,-0.007305990444,2.693493151e-05,False
2025-12-15,80,random_forest,"{'max_depth': 3, 'min_samples_leaf': 50}",0,0.282084848,0.4252842106,0.2926309414,0.000226825519,0,-0.0005299903278,2.708333333e-05,False
2025-12-16,80,random_forest,"{'max_depth': 3, 'min_samples_leaf': 50}",0,0.2898379561,0.3305346899,0.379627354,0.0008534794182,1,-0.01248729954,2.700913242e-05,False
2025-12-17,80,random_forest,"{'max_depth': 3, 'min_samples_leaf': 50}",0,0.3117716177,0.2697517799,0.4184766024,0.0009464029578,1,-0.001667657842,2.700913242e-05,False
2025-12-18,80,random_forest,"{'max_depth': 3, 'min_samples_leaf': 50}",0,0.3070707419,0.2665503962,0.4263788619,0.001058020152,1,0.005911999641,2.686073059e-05,False
2025-12-19,80,random_forest,"{'max_depth': 3, 'min_samples_leaf': 50}",0,0.2849984915,0.3938091927,0.3211923158,0.0004288327768,1,0.00130130513,2.686073059e-05,False
2025-12-22,80,random_forest,"{'max_depth': 3, 'min_samples_leaf': 50}",0,0.247984698,0.5840043534,0.1680109485,-0.0004381579685,-1,0.005907180809,2.700913242e-05,False
2025-12-23,80,random_forest,"{'max_depth': 3, 'min_samples_leaf': 50}",0,0.2281063658,0.6349461323,0.1369475019,-0.0004887755824,-1,0.003532222753,1.458333333e-05,False
2025-12-24,81,random_forest,"{'max_depth': 3, 'min_samples_leaf': 50}",0,0.2127757904,0.6487178992,0.1385063104,-0.0003124828822,0,-0.0004778423279,2.738013699e-05,False
2025-12-26,81,random_forest,"{'max_depth': 3, 'min_samples_leaf': 50}",0,0.2256913998,0.5940103811,0.1802982192,-0.0001058413839,0,0.0004508793923,2.700913242e-05,False
2025-12-29,81,random_forest,"{'max_depth': 3, 'min_samples_leaf': 50}",0,0.2405573522,0.556434491,0.2030081569,-7.293357417e-05,0,-0.000640050127,2.730593607e-05,False
2025-12-30,81,random_forest,"{'max_depth': 3, 'min_samples_leaf': 50}",0,0.2509631456,0.527788778,0.2212480764,-3.098497572e-05,0,-0.007596751168,2.708333333e-05,False
2025-12-31,81,random_forest,"{'max_depth': 3, 'min_samples_leaf': 50}",0,0.2634817329,0.4892355174,0.2472827497,5.250067775e-05,0,-0.003704246594,2.723173516e-05,False
2026-01-02,81,random_forest,"{'max_depth': 3, 'min_samples_leaf': 50}",0,0.2730527232,0.4547209274,0.2722263494,0.000156997171,0,0.001718753067,2.708333333e-05,False
2026-01-05,81,random_forest,"{'max_depth': 3, 'min_samples_leaf': 50}",0,0.2632692101,0.50821523,0.2285155599,-9.681392327e-05,0,0.005640115867,2.700913242e-05,False
2026-01-06,81,random_forest,"{'max_depth': 3, 'min_samples_leaf': 50}",0,0.235040278,0.5755022032,0.1894575188,-0.0001264884765,0,-0.003770619797,2.693493151e-05,False
2026-01-07,81,random_forest,"{'max_depth': 3, 'min_samples_leaf': 50}",0,0.2580749179,0.5100007856,0.2319242965,-1.675989353e-05,0,0.001001716549,2.686073059e-05,False
2026-01-08,81,random_forest,"{'max_depth': 3, 'min_samples_leaf': 50}",0,0.2629498144,0.5142249234,0.2228252622,-0.0001395077536,0,0.00498096301,2.686073059e-05,False
2026-01-09,81,random_forest,"{'max_depth': 3, 'min_samples_leaf': 50}",0,0.2369259284,0.5552947946,0.207779277,2.306569018e-06,0,0.006486333106,2.686073059e-05,False
2026-01-12,81,random_forest,"{'max_depth': 3, 'min_samples_leaf': 50}",0,0.2287369088,0.5762763744,0.1949867168,-1.810190921e-05,0,-0.002473034499,2.723173516e-05,False
2026-01-13,81,random_forest,"{'max_depth': 3, 'min_samples_leaf': 50}",0,0.2415290174,0.5352077192,0.2232632634,8.071041346e-05,0,-0.000926215161,2.723173516e-05,False
2026-01-14,81,random_forest,"{'max_depth': 3, 'min_samples_leaf': 50}",0,0.2608901664,0.4660226995,0.273087134,0.0002869752855,0,-0.003354618042,2.723173516e-05,False
2026-01-15,81,random_forest,"{'max_depth': 3, 'min_samples_leaf': 50}",0,0.2549559307,0.4911229011,0.2539211682,0.0001923205686,0,-0.002883257171,2.730593607e-05,False
2026-01-16,81,random_forest,"{'max_depth': 3, 'min_samples_leaf': 50}",0,0.2707362337,0.4722048493,0.257058917,5.801792371e-05,0,-0.005737388955,2.723173516e-05,False
2026-01-20,81,random_forest,"{'max_depth': 3, 'min_samples_leaf': 50}",0,0.3444466376,0.2645585596,0.3909948028,0.0003933530346,0,0.0084602366,2.74543379e-05,False
2026-01-21,81,random_forest,"{'max_depth': 3, 'min_samples_leaf': 50}",0,0.3409251432,0.2624847853,0.3965900715,0.0004741326374,1,-0.001261136663,2.74543379e-05,False
2026-01-22,81,random_forest,"{'max_depth': 3, 'min_samples_leaf': 50}",0,0.2993207095,0.4057765886,0.2949027019,7.429605638e-05,0,0.001569361426,2.752853881e-05,False
2026-01-23,81,random_forest,"{'max_depth': 3, 'min_samples_leaf': 50}",0,0.2797466909,0.4682936051,0.251959704,-7.428205205e-05,0,0.003244058894,2.74543379e-05,False
2026-01-26,81,random_forest,"{'max_depth': 3, 'min_samples_leaf': 50}",0,0.2630734614,0.4901989111,0.2467276275,5.215034338e-05,0,0.00188711523,2.723173516e-05,False
2026-01-27,82,random_forest,"{'max_depth': 3, 'min_samples_leaf': 50}",0,0.2498923279,0.5714035078,0.1787041643,-0.000364687023,0,-0.002338433403,2.723173516e-05,False
2026-01-28,82,random_forest,"{'max_depth': 3, 'min_samples_leaf': 50}",0,0.2573070189,0.5330361943,0.2096567867,-0.0001893016364,0,-0.003374598396,2.730593607e-05,False
2026-01-29,82,random_forest,"{'max_depth': 3, 'min_samples_leaf': 50}",0,0.276482567,0.4391426833,0.2843747497,0.0002212300607,0,0.0002601839701,2.723173516e-05,False
2026-01-30,82,random_forest,"{'max_depth': 3, 'min_samples_leaf': 50}",0,0.2895093611,0.420278458,0.290212181,0.0001373814242,0,0.008454357514,2.723173516e-05,False
2026-02-02,82,random_forest,"{'max_depth': 3, 'min_samples_leaf': 50}",0,0.2645788013,0.5016688094,0.2337523893,-6.784935859e-05,0,-0.009594795273,2.738013699e-05,False
2026-02-03,82,random_forest,"{'max_depth': 3, 'min_samples_leaf': 50}",0,0.3119313074,0.3451566493,0.3429120433,0.0003374753124,0,-0.006025890181,2.738013699e-05,False
2026-02-04,82,random_forest,"{'max_depth': 3, 'min_samples_leaf': 50}",0,0.3260604107,0.2814667127,0.3924728766,0.0005956069883,1,-0.004875623833,2.738013699e-05,False
2026-02-05,82,random_forest,"{'max_depth': 3, 'min_samples_leaf': 50}",0,0.3115245282,0.2324141362,0.4560613356,0.001255239993,1,0.01344168825,2.723173516e-05,False
2026-02-06,82,random_forest,"{'max_depth': 3, 'min_samples_leaf': 50}",0,0.2858893633,0.4236613647,0.2904492721,0.0001756953246,0,0.006570783263,2.730593607e-05,False
2026-02-09,82,random_forest,"{'max_depth': 3, 'min_samples_leaf': 50}",0,0.2672119565,0.4887485316,0.2440395119,-1.125800572e-05,0,-0.004072259895,2.738013699e-05,False
2026-02-10,82,random_forest,"{'max_depth': 3, 'min_samples_leaf': 50}",0,0.2711794359,0.4533172303,0.2755033338,0.0002029173119,0,-0.006361367223,2.738013699e-05,False
2026-02-11,82,random_forest,"{'max_depth': 3, 'min_samples_leaf': 50}",0,0.2767208258,0.4321919629,0.2910872113,0.0002730371154,0,-0.01868225805,2.74543379e-05,False
2026-02-12,82,random_forest,"{'max_depth': 3, 'min_samples_leaf': 50}",0,0.2908266683,0.2346254927,0.474547839,0.001612636356,1,8.801296807e-05,2.74543379e-05,False
2026-02-13,82,random_forest,"{'max_depth': 3, 'min_samples_leaf': 50}",0,0.283078245,0.2398048465,0.4771169085,0.001711292545,1,0.003984416196,2.730593607e-05,False
2026-02-17,82,random_forest,"{'max_depth': 3, 'min_samples_leaf': 50}",0,0.2822309125,0.2450071086,0.4727619789,0.001684646725,1,0.003318555742,2.738013699e-05,False
2026-02-18,82,random_forest,"{'max_depth': 3, 'min_samples_leaf': 50}",0,0.2750540389,0.4242768991,0.300669062,0.0003671697384,0,0.0009358235648,2.74543379e-05,False
2026-02-19,82,random_forest,"{'max_depth': 3, 'min_samples_leaf': 50}",0,0.2782342637,0.3701676957,0.3515980406,0.0007464410704,1,0.01042030903,2.738013699e-05,False
2026-02-20,82,random_forest,"{'max_depth': 3, 'min_samples_leaf': 50}",0,0.2829728919,0.4113414834,0.3056856246,0.0003280534369,0,-0.007908934352,2.738013699e-05,False
2026-02-23,82,random_forest,"{'max_depth': 3, 'min_samples_leaf': 50}",0,0.2898974541,0.2737787637,0.4363237822,0.001313322474,1,0.007992302318,2.738013699e-05,False
2026-02-24,82,random_forest,"{'max_depth': 3, 'min_samples_leaf': 50}",0,0.2715440243,0.4256800736,0.3027759021,0.000419475871,0,0.004303271302,2.738013699e-05,False
2026-02-25,82,random_forest,"{'max_depth': 3, 'min_samples_leaf': 50}",0,0.2483880116,0.5368408594,0.214771129,-5.832217862e-05,0,-0.005740885861,2.738013699e-05,False
2026-02-26,83,random_forest,"{'max_depth': 3, 'min_samples_leaf': 50}",0,0.2783338194,0.476854017,0.2448121636,-0.0001221031792,0,0.004245360463,2.730593607e-05,False
2026-02-27,83,random_forest,"{'max_depth': 3, 'min_samples_leaf': 50}",0,0.282324311,0.4179563696,0.2997193193,0.0002811828447,0,0.01131573966,2.723173516e-05,False
2026-03-02,83,random_forest,"{'max_depth': 3, 'min_samples_leaf': 50}",0,0.2903937901,0.4277845318,0.2818216782,5.547392611e-05,0,0.00780674241,2.760273973e-05,False
2026-03-03,83,random_forest,"{'max_depth': 3, 'min_samples_leaf': 50}",0,0.3269094704,0.272564838,0.4005256916,0.0006468142619,1,0.005134750556,2.752853881e-05,False
2026-03-04,83,random_forest,"{'max_depth': 3, 'min_samples_leaf': 50}",0,0.2969747996,0.3897774767,0.3132477238,0.0002430710688,0,-0.001128928399,2.752853881e-05,False
2026-03-05,83,random_forest,"{'max_depth': 3, 'min_samples_leaf': 50}",0,0.3336787854,0.2778635873,0.3884576273,0.0004812625691,1,-0.00152948164,2.74543379e-05,False
2026-03-06,83,random_forest,"{'max_depth': 3, 'min_samples_leaf': 50}",0,0.3253631795,0.2622012213,0.4124355992,0.0007585514542,1,0.01782740529,2.738013699e-05,False
2026-03-09,83,random_forest,"{'max_depth': 3, 'min_samples_leaf': 50}",0,0.3368388706,0.2681777303,0.3949833991,0.0005021775477,1,-0.0007967568577,2.752853881e-05,False
2026-03-10,83,random_forest,"{'max_depth': 3, 'min_samples_leaf': 50}",0,0.3211286075,0.2981464671,0.3807249254,0.0005450533846,1,-0.001844800586,2.752853881e-05,False
2026-03-11,83,random_forest,"{'max_depth': 3, 'min_samples_leaf': 50}",0,0.3317283622,0.3183859604,0.3498856773,0.0001893776731,0,-0.00759874808,2.752853881e-05,False
2026-03-12,83,random_forest,"{'max_depth': 3, 'min_samples_leaf': 50}",0,0.3354384539,0.2414394021,0.423122144,0.0007435101263,1,-0.01042933536,2.760273973e-05,False
2026-03-13,83,random_forest,"{'max_depth': 3, 'min_samples_leaf': 50}",0,0.3300071244,0.2447889584,0.4252039173,0.0008149548876,1,0.0009725372532,2.760273973e-05,False
2026-03-16,83,random_forest,"{'max_depth': 3, 'min_samples_leaf': 50}",0,0.3194020643,0.2799355253,0.4006624105,0.0007234337241,1,-0.002379625736,2.760273973e-05,False
2026-03-17,83,random_forest,"{'max_depth': 3, 'min_samples_leaf': 50}",0,0.3139163675,0.314593339,0.3714902935,0.0005430216094,1,-0.01036865293,2.760273973e-05,False
2026-03-18,83,random_forest,"{'max_depth': 3, 'min_samples_leaf': 50}",0,0.3232117411,0.2713995783,0.4053886805,0.0007232819824,1,0.00430768109,2.767694064e-05,False
2026-03-19,83,random_forest,"{'max_depth': 3, 'min_samples_leaf': 50}",0,0.3315073066,0.2466545564,0.421838137,0.0007726831342,1,-0.0120942595,2.767694064e-05,False
2026-03-20,83,random_forest,"{'max_depth': 3, 'min_samples_leaf': 50}",0,0.3465047059,0.2332013624,0.4202939317,0.0006093567526,1,-0.004087714639,2.775114155e-05,False
2026-03-23,83,random_forest,"{'max_depth': 3, 'min_samples_leaf': 50}",0,0.3233708179,0.2472582412,0.4293709409,0.0009153605481,1,0.002855716516,2.775114155e-05,False
2026-03-24,83,random_forest,"{'max_depth': 3, 'min_samples_leaf': 50}",0,0.3438055807,0.2621520053,0.394042414,0.0004245016412,0,-0.002808653285,2.775114155e-05,False
2026-03-25,83,random_forest,"{'max_depth': 3, 'min_samples_leaf': 50}",0,0.3186848193,0.3226417337,0.358673447,0.0003915490544,0,-0.01068915559,2.767694064e-05,False
2026-03-26,83,random_forest,"{'max_depth': 3, 'min_samples_leaf': 50}",0,0.3359227764,0.2578780443,0.4061991793,0.0006019700178,1,-0.01308945238,2.767694064e-05,False
2026-03-27,84,random_forest,"{'max_depth': 3, 'min_samples_leaf': 50}",0,0.358381882,0.3015516132,0.3400665048,-0.0001664466545,0,-0.01271658755,2.767694064e-05,False
2026-03-30,84,random_forest,"{'max_depth': 3, 'min_samples_leaf': 50}",0,0.3370540623,0.3034349833,0.3595109544,0.0002057405476,0,0.01784208903,2.752853881e-05,False
2026-03-31,84,random_forest,"{'max_depth': 3, 'min_samples_leaf': 50}",0,0.304469012,0.3869450683,0.3085859197,0.0001209297822,0,0.002049190624,2.74543379e-05,False
2026-04-01,84,random_forest,"{'max_depth': 3, 'min_samples_leaf': 50}",0,0.2664234248,0.5155258067,0.2180507685,-0.0002299344026,0,0.01455715243,2.74543379e-05,False
2026-04-02,84,random_forest,"{'max_depth': 3, 'min_samples_leaf': 50}",0,0.2447877433,0.5526327208,0.2025795359,-0.0001376054435,0,0.004680888317,2.74543379e-05,False
2026-04-06,84,random_forest,"{'max_depth': 3, 'min_samples_leaf': 50}",0,0.2450103585,0.5648723794,0.1901172621,-0.0002408395435,0,0.003913722968,2.760273973e-05,False
2026-04-07,84,random_forest,"{'max_depth': 3, 'min_samples_leaf': 50}",0,0.2496125488,0.5394221676,0.2109652836,-0.0001181967637,0,-0.0005618132201,2.752853881e-05,False
2026-04-08,84,random_forest,"{'max_depth': 3, 'min_samples_leaf': 50}",0,0.2075037235,0.654203763,0.1382925135,-0.0002834184675,0,0.00751281206,2.738013699e-05,False
2026-04-09,84,random_forest,"{'max_depth': 3, 'min_samples_leaf': 50}",0,0.2083775902,0.656331398,0.1352910118,-0.0003165358086,0,-0.002729973117,2.730593607e-05,False
2026-04-10,84,random_forest,"{'max_depth': 3, 'min_samples_leaf': 50}",0,0.2144289036,0.6426426431,0.1429284533,-0.000315533041,0,0.01282827645,2.738013699e-05,False
2026-04-13,84,random_forest,"{'max_depth': 3, 'min_samples_leaf': 50}",0,0.2068025403,0.6595542228,0.1336432369,-0.0003140405163,0,0.009844580439,2.752853881e-05,False
2026-04-14,84,random_forest,"{'max_depth': 3, 'min_samples_leaf': 50}",0,0.196112122,0.679120788,0.12476709,-0.0002784010563,0,0.006731284217,2.752853881e-05,False
2026-04-15,84,random_forest,"{'max_depth': 3, 'min_samples_leaf': 50}",0,0.2062900799,0.6550447054,0.1386652147,-0.000268185897,0,0.0008558120467,2.752853881e-05,False
2026-04-16,84,random_forest,"{'max_depth': 3, 'min_samples_leaf': 50}",0,0.2196096414,0.6225849499,0.1578054086,-0.0002471012714,0,0.005664599051,2.74543379e-05,False
2026-04-17,84,random_forest,"{'max_depth': 3, 'min_samples_leaf': 50}",0,0.2413813693,0.5726645967,0.185954034,-0.0002380618167,0,-8.473521766e-05,2.74543379e-05,False
2026-04-20,84,random_forest,"{'max_depth': 3, 'min_samples_leaf': 50}",0,0.2372155992,0.5791185021,0.1836658987,-0.0002146870497,0,-0.008728968712,2.752853881e-05,False
2026-04-21,84,random_forest,"{'max_depth': 3, 'min_samples_leaf': 50}",0,0.2351958867,0.5632999178,0.2015041955,-4.980258411e-05,0,0.002904882561,2.738013699e-05,False
2026-04-22,84,random_forest,"{'max_depth': 3, 'min_samples_leaf': 50}",0,0.2470247308,0.5384306654,0.2145446038,-6.315027348e-05,0,-0.00147989831,2.738013699e-05,False
2026-04-23,84,random_forest,"{'max_depth': 3, 'min_samples_leaf': 50}",0,0.2477686669,0.5237675088,0.2284638243,4.216504126e-05,0,0.004488220192,2.738013699e-05,False
2026-04-24,84,random_forest,"{'max_depth': 3, 'min_samples_leaf': 50}",0,0.2336958606,0.5950350191,0.1712691203,-0.0002797331989,0,0.002804380536,2.738013699e-05,False
2026-04-27,84,random_forest,"{'max_depth': 3, 'min_samples_leaf': 50}",0,0.2606448848,0.4930064599,0.2463486554,5.75373439e-05,0,-0.0001826372764,2.730593607e-05,False
2026-04-28,85,random_forest,"{'max_depth': 3, 'min_samples_leaf': 50}",0,0.2565860702,0.5273591706,0.2160547592,-0.0001228678914,0,0.0008157765463,2.730593607e-05,False
2026-04-29,85,random_forest,"{'max_depth': 3, 'min_samples_leaf': 50}",0,0.2729493434,0.503083631,0.2239670255,-0.0002232810105,0,0.005639237424,2.730593607e-05,False
2026-04-30,85,random_forest,"{'max_depth': 3, 'min_samples_leaf': 50}",0,0.2547122011,0.4990202135,0.2462675854,0.0001408673439,0,-0.0008318551368,2.730593607e-05,False
2026-05-01,85,random_forest,"{'max_depth': 3, 'min_samples_leaf': 50}",0,0.2608117011,0.5064533701,0.2327349289,-3.015803196e-05,0,-0.002860829564,2.730593607e-05,False
2026-05-04,85,random_forest,"{'max_depth': 3, 'min_samples_leaf': 50}",0,0.2527955513,0.5320715446,0.2151329041,-9.222318961e-05,0,0.002770965756,2.74543379e-05,False
2026-05-05,85,random_forest,"{'max_depth': 3, 'min_samples_leaf': 50}",0,0.268069209,0.4838913741,0.2480394169,2.09130822e-05,0,0.007786810725,2.738013699e-05,False
2026-05-06,85,random_forest,"{'max_depth': 3, 'min_samples_leaf': 50}",0,0.2475192682,0.5436998727,0.208780859,-9.06526143e-05,0,-0.004720727521,2.738013699e-05,False
2026-05-07,85,random_forest,"{'max_depth': 3, 'min_samples_leaf': 50}",0,0.2500277719,0.5333359515,0.2166362766,-5.220516254e-05,0,0.003660215867,2.738013699e-05,False
2026-05-08,85,random_forest,"{'max_depth': 3, 'min_samples_leaf': 50}",0,0.2477020525,0.5460578178,0.2062401297,-0.0001130847,0,0.003869883365,2.738013699e-05,False
2026-05-11,85,random_forest,"{'max_depth': 3, 'min_samples_leaf': 50}",0,0.2762252752,0.4757328004,0.2480419243,-6.108269867e-05,0,0.001750570699,2.74543379e-05,False
2026-05-12,85,random_forest,"{'max_depth': 3, 'min_samples_leaf': 50}",0,0.276074306,0.4759334648,0.2479922292,-5.996738296e-05,0,0.005199977041,2.74543379e-05,False
2026-05-13,85,random_forest,"{'max_depth': 3, 'min_samples_leaf': 50}",0,0.2791285592,0.4663570429,0.2545143979,-3.781463145e-05,0,0.006078072162,2.738013699e-05,False
2026-05-14,85,random_forest,"{'max_depth': 3, 'min_samples_leaf': 50}",0,0.2684819608,0.5075395245,0.2239785147,-0.0001782645937,0,-0.003531990392,2.738013699e-05,False
2026-05-15,85,random_forest,"{'max_depth': 3, 'min_samples_leaf': 50}",0,0.2843345838,0.4649679074,0.2506975088,-0.0001211036159,0,-0.001594951056,2.738013699e-05,False
2026-05-18,85,random_forest,"{'max_depth': 3, 'min_samples_leaf': 50}",0,0.3012210198,0.4651934103,0.23358557,-0.0004296127966,-1,-0.001429065489,2.730593607e-05,False
2026-05-19,85,random_forest,"{'max_depth': 3, 'min_samples_leaf': 50}",0,0.3627898575,0.3178390879,0.3193710546,-0.0003533997658,0,0.007530110945,2.723173516e-05,False
2026-05-20,85,random_forest,"{'max_depth': 3, 'min_samples_leaf': 50}",0,0.3026681401,0.4383664712,0.2589653886,-0.0002384471408,0,0.005523605487,2.708333333e-05,False
2026-05-21,85,random_forest,"{'max_depth': 3, 'min_samples_leaf': 50}",0,0.3003151744,0.447737952,0.2519468735,-0.0002716750937,0,-0.000803998205,2.730593607e-05,False
2026-05-22,85,random_forest,"{'max_depth': 3, 'min_samples_leaf': 50}",0,0.2672422447,0.5171413855,0.2156163698,-0.0002335780814,0,0.0007733458226,2.730593607e-05,False
2026-05-26,85,random_forest,"{'max_depth': 3, 'min_samples_leaf': 50}",0,0.277217957,0.4770835664,0.2456984765,-9.005990849e-05,0,-0.0005593209282,2.730593607e-05,False
2026-05-27,85,random_forest,"{'max_depth': 3, 'min_samples_leaf': 50}",0,0.2692966903,0.4862345486,0.244468761,-2.037244338e-05,0,0.005798034695,2.730593607e-05,False
2026-05-28,86,random_forest,"{'max_depth': 3, 'min_samples_leaf': 50}",0,0.2332100452,0.4975334319,0.2692565229,0.0005547827625,1,0.0007672390975,2.738013699e-05,False
2026-05-29,86,random_forest,"{'max_depth': 3, 'min_samples_leaf': 50}",0,0.2344191371,0.4875540196,0.2780268432,0.0006132002341,1,0.004209903525,2.738013699e-05,False
2026-06-01,86,random_forest,"{'max_depth': 3, 'min_samples_leaf': 50}",0,0.2348060033,0.5038671071,0.2613268896,0.0004749622816,1,0.003355187905,2.804794521e-05,False
2026-06-02,86,random_forest,"{'max_depth': 3, 'min_samples_leaf': 50}",0,0.2429935103,0.4682601767,0.288746313,0.0006133416092,1,-0.005157335721,2.797374429e-05,False
2026-06-03,86,random_forest,"{'max_depth': 3, 'min_samples_leaf': 50}",0,0.2486886664,0.4477927714,0.3035185622,0.0006749993044,1,0.006634824363,2.804794521e-05,False
2026-06-04,86,random_forest,"{'max_depth': 3, 'min_samples_leaf': 50}",0,0.2401760478,0.4695849855,0.2902389667,0.0006536412865,1,-0.01961958468,2.804794521e-05,False
2026-06-05,86,random_forest,"{'max_depth': 3, 'min_samples_leaf': 50}",0,0.2790389688,0.3538834292,0.367077602,0.0008815824942,1,-0.005569326662,2.804794521e-05,False
2026-06-08,86,random_forest,"{'max_depth': 3, 'min_samples_leaf': 50}",0,0.2739980402,0.3679340974,0.3580678624,0.0008597156199,1,-0.008848509399,2.819634703e-05,False
2026-06-09,86,random_forest,"{'max_depth': 3, 'min_samples_leaf': 50}",0,0.2723238088,0.3469891456,0.3806870456,0.00105850141,1,-0.01085373651,2.812214612e-05,False
2026-06-10,86,random_forest,"{'max_depth': 3, 'min_samples_leaf': 50}",0,0.2748636779,0.3616648504,0.3634714717,0.0008944962021,1,0.01234974453,2.812214612e-05,False
2026-06-11,86,random_forest,"{'max_depth': 3, 'min_samples_leaf': 50}",0,0.2666085662,0.3416051462,0.3917862875,0.001205184921,1,0.001404028572,2.804794521e-05,False
2026-06-12,86,random_forest,"{'max_depth': 3, 'min_samples_leaf': 50}",0,0.2649660508,0.3890699968,0.3459639524,0.0008530313215,1,0.003963611904,2.804794521e-05,False
2026-06-15,86,random_forest,"{'max_depth': 3, 'min_samples_leaf': 50}",0,0.2143754244,0.5942928618,0.1913317138,0.0001169922743,0,-0.005592698771,2.812214612e-05,False
2026-06-16,86,random_forest,"{'max_depth': 3, 'min_samples_leaf': 50}",0,0.2317512518,0.5212178126,0.2470309355,0.0003906232541,0,-0.01374962577,2.812214612e-05,False
2026-06-17,86,random_forest,"{'max_depth': 3, 'min_samples_leaf': 50}",0,0.257718392,0.4102927751,0.3319888329,0.0008133758375,1,-0.001364100228,2.841894977e-05,False
2026-06-18,86,random_forest,"{'max_depth': 3, 'min_samples_leaf': 50}",0,0.2405573174,0.4790071113,0.2804355713,0.0005709432403,1,-0.004426905906,2.841894977e-05,False
2026-06-22,86,random_forest,"{'max_depth': 3, 'min_samples_leaf': 50}",0,0.2465407501,0.4751994829,0.278259767,0.0004933569583,1,-0.0003134060598,2.85673516e-05,False
2026-06-23,86,random_forest,"{'max_depth': 3, 'min_samples_leaf': 50}",0,0.2683214041,0.3696668738,0.3620117221,0.000948445489,1,-0.002625233272,2.85673516e-05,False
2026-06-24,86,random_forest,"{'max_depth': 3, 'min_samples_leaf': 50}",0,0.257705605,0.3502796245,0.3920147705,0.001296420712,1,-0.006238899822,2.85673516e-05,False
2026-06-25,86,random_forest,"{'max_depth': 3, 'min_samples_leaf': 50}",0,0.258793254,0.3510461337,0.3901606123,0.001270582321,1,5.48432668e-05,2.849315068e-05,False
2026-06-26,86,random_forest,"{'max_depth': 3, 'min_samples_leaf': 50}",0,0.2584925798,0.3435717248,0.3979356953,0.001336153045,1,0.006068959204,2.841894977e-05,False
2026-06-29,87,random_forest,"{'max_depth': 3, 'min_samples_leaf': 50}",0,0.2587690284,0.4611810548,0.2800499168,0.0003668340505,0,0.00739257465,2.871575342e-05,False
2026-06-30,87,random_forest,"{'max_depth': 3, 'min_samples_leaf': 50}",0,0.2394841887,0.5372458493,0.2232699619,0.0001039548276,0,0.001020147383,2.871575342e-05,False
2026-07-01,87,random_forest,"{'max_depth': 3, 'min_samples_leaf': 50}",0,0.2414452609,0.5357096114,0.2228451277,8.082330784e-05,0,-0.003505479013,2.85673516e-05,False
2026-07-02,87,random_forest,"{'max_depth': 3, 'min_samples_leaf': 50}",0,0.2424629137,0.5186262589,0.2389108274,0.0001998274088,0,0.003392418107,2.834474886e-05,False
2026-07-06,87,random_forest,"{'max_depth': 3, 'min_samples_leaf': 50}",0,0.2196887358,0.5738120659,0.2064991983,0.0001680470455,0,-0.003345617016,2.871575342e-05,False
2026-07-07,87,random_forest,"{'max_depth': 3, 'min_samples_leaf': 50}",0,0.2377666981,0.5258192656,0.2364140363,0.0002269526753,0,0.003014224906,2.864155251e-05,False
2026-07-08,87,random_forest,"{'max_depth': 3, 'min_samples_leaf': 50}",0,0.2532310653,0.497868008,0.2489009268,0.0001719396885,0,0.005834008888,2.871575342e-05,False
2026-07-09,87,random_forest,"{'max_depth': 3, 'min_samples_leaf': 50}",0,0.2302405189,0.5412366295,0.2285228515,0.0002391336639,0,0.003856159095,2.841894977e-05,False
2026-07-10,87,random_forest,"{'max_depth': 3, 'min_samples_leaf': 50}",0,0.2233096237,0.5684853006,0.2082050757,0.000145369548,0,-0.004385540857,2.85673516e-05,False
2026-07-13,87,random_forest,"{'max_depth': 3, 'min_samples_leaf': 50}",0,0.2610786132,0.4865103358,0.252411051,0.0001212863317,0,0.001225238754,2.886415525e-05,False
2026-07-14,87,random_forest,"{'max_depth': 3, 'min_samples_leaf': 50}",0,0.2521606218,0.4974356809,0.2504036974,0.0001947890094,0,0.0007557374409,2.849315068e-05,False
2026-07-15,87,random_forest,"{'max_depth': 3, 'min_samples_leaf': 50}",0,0.2343170423,0.5296568115,0.2360261462,0.0002585108612,0,-0.002710079007,2.841894977e-05,False
2026-07-16,87,random_forest,"{'max_depth': 3, 'min_samples_leaf': 50}",0,0.2530028762,0.491526867,0.2554702568,0.000227078031,0,0.001630499235,2.849315068e-05,False
2026-07-17,87,random_forest,"{'max_depth': 3, 'min_samples_leaf': 50}",0,0.2815751667,0.385690614,0.3327342193,0.0005613687679,1,-0.00665270623,2.85673516e-05,False
2026-07-20,87,random_forest,"{'max_depth': 3, 'min_samples_leaf': 50}",0,0.2993302012,0.3838078778,0.316861921,0.0002552038762,0,0.002666592556,2.864155251e-05,False
2026-07-21,87,random_forest,"{'max_depth': 3, 'min_samples_leaf': 50}",0,0.2659302527,0.4668505715,0.2672191758,0.0001916323716,0,0.001058072386,2.871575342e-05,False
2026-07-22,87,random_forest,"{'max_depth': 3, 'min_samples_leaf': 50}",0,0.2771694685,0.456809351,0.2660211806,6.901089742e-05,0,-0.001609481596,2.886415525e-05,False
2026-07-23,87,random_forest,"{'max_depth': 3, 'min_samples_leaf': 50}",0,0.3120861781,0.3616869707,0.3262268512,0.0002023041768,0,0.000568689516,2.930936073e-05,False
2026-07-24,87,random_forest,"{'max_depth': 3, 'min_samples_leaf': 50}",0,0.3017689487,0.3855278089,0.3127032424,0.0001972349603,0,-0.007812952451,2.938356164e-05,False
2026-07-27,87,random_forest,"{'max_depth': 3, 'min_samples_leaf': 50}",0,0.2948644737,0.3864105647,0.3187249615,0.0003150830802,0,0.002259206692,2.938356164e-05,False
2026-07-28,87,random_forest,"{'max_depth': 3, 'min_samples_leaf': 50}",0,0.2835309917,0.3935222792,0.3229467291,0.0004629757494,1,-0.01420320975,2.893835616e-05,False
2026-07-29,88,random_forest,"{'max_depth': 3, 'min_samples_leaf': 50}",0,0.2849123172,0.3970467765,0.3180409063,0.000405476635,0,0.007662542889,2.841894977e-05,False
2026-07-30,88,random_forest,"{'max_depth': 3, 'min_samples_leaf': 50}",0,0.2729452141,0.4465695689,0.280485217,0.0002233390908,0,0.003155767072,2.834474886e-05,False
2026-07-31,88,random_forest,"{'max_depth': 3, 'min_samples_leaf': 50}",0,0.2633018179,0.4882634126,0.2484347695,6.219089361e-05,0,0.01098150682,2.841894977e-05,False
2026-08-03,88,random_forest,"{'max_depth': 3, 'min_samples_leaf': 50}",0,0.2361854932,0.568513604,0.1953009028,-9.337112003e-05,0,0.01406730228,2.901255708e-05,False
2026-08-04,88,random_forest,"{'max_depth': 3, 'min_samples_leaf': 50}",0,0.2360485032,0.5682788231,0.1956726737,-8.900668395e-05,0,-0.00781078532,2.886415525e-05,False
2026-08-05,88,random_forest,"{'max_depth': 3, 'min_samples_leaf': 50}",0,0.2372577559,0.5608129113,0.2019293328,-5.079774461e-05,0,-0.002142304505,2.886415525e-05,False
2026-08-06,88,random_forest,"{'max_depth': 3, 'min_samples_leaf': 50}",0,0.2369672046,0.5649286964,0.198104099,-7.865792269e-05,0,0.002905229752,2.893835616e-05,False
2026-08-07,88,random_forest,"{'max_depth': 3, 'min_samples_leaf': 50}",0,0.2392337456,0.5457266042,0.2150396502,3.485998546e-05,0,0.0005566317805,2.871575342e-05,False
2026-08-10,88,random_forest,"{'max_depth': 3, 'min_samples_leaf': 50}",0,0.2401855616,0.5449995124,0.214814926,2.350832941e-05,0,-0.005125729862,2.886415525e-05,False
2026-08-11,88,random_forest,"{'max_depth': 3, 'min_samples_leaf': 50}",0,0.2458712742,0.5254351873,0.2286935385,7.81498175e-05,0,-0.00286562938,2.886415525e-05,False
2026-08-12,88,random_forest,"{'max_depth': 3, 'min_samples_leaf': 50}",0,0.2464448172,0.5212592777,0.2322959051,0.0001013795255,0,0.003884535237,2.871575342e-05,False
2026-08-13,88,random_forest,"{'max_depth': 3, 'min_samples_leaf': 50}",0,0.2446781282,0.5248946652,0.2304272066,0.0001040605277,0,-0.002825739412,2.871575342e-05,False
2026-08-14,88,random_forest,"{'max_depth': 3, 'min_samples_leaf': 50}",0,0.2487025427,0.5218361992,0.2294612581,5.593713557e-05,0,-0.004522159593,2.864155251e-05,False
2026-08-17,88,random_forest,"{'max_depth': 3, 'min_samples_leaf': 50}",0,0.2562574372,0.4992916576,0.2444509052,0.0001007746255,0,-0.001626121998,2.871575342e-05,False
2026-08-18,88,random_forest,"{'max_depth': 3, 'min_samples_leaf': 50}",0,0.2630874335,0.4749951941,0.2619173723,0.0001728063054,0,-0.001687506912,2.864155251e-05,False
2026-08-19,88,random_forest,"{'max_depth': 3, 'min_samples_leaf': 50}",0,0.2634121226,0.4666194008,0.2699684766,0.0002343207691,0,-0.004386712496,2.864155251e-05,False
2026-08-20,88,random_forest,"{'max_depth': 3, 'min_samples_leaf': 50}",0,0.2803414353,0.4300962157,0.2895623491,0.0002222021658,0,-0.0004308036098,2.871575342e-05,False
