date,step,model,params,delta,p_short,p_flat,p_long,mu_hat,position,financing,calibration_skipped
2019-03-21,0,logistic,"{'C': 0.01, 'class_weight': None}",0,0.2543035235,0.4838196346,0.2618768419,0.000191817854,0,1.84760274e-05,False
2019-03-22,0,logistic,"{'C': 0.01, 'class_weight': None}",0,0.3098986818,0.3581605515,0.3319407667,0.0002197322061,0,1.825342466e-05,False
2019-03-25,0,logistic,"{'C': 0.01, 'class_weight': None}",0,0.255867493,0.410753153,0.333379354,0.0006732236066,1,1.825342466e-05,False
2019-03-26,0,logistic,"{'C': 0.01, 'class_weight': None}",0,0.277678997,0.4246894959,0.297631507,0.0002470720582,0,1.825342466e-05,False
2019-03-27,0,logistic,"{'C': 0.01, 'class_weight': None}",0,0.267158134,0.4012342734,0.3316075926,0.0005682907018,1,1.810502283e-05,False
2019-03-28,0,logistic,"{'C': 0.01, 'class_weight': None}",0,0.2848689799,0.4173092431,0.297821777,0.0001893639575,0,1.803082192e-05,False
2019-03-29,0,logistic,"{'C': 0.01, 'class_weight': None}",0,0.2457333832,0.4733902757,0.2808763411,0.0003935006367,0,1.780821918e-05,False
2019-04-01,0,logistic,"{'C': 0.01, 'class_weight': None}",0,0.3127684782,0.4461674911,0.2410640307,-0.0004319906107,-1,1.803082192e-05,False
2019-04-02,0,logistic,"{'C': 0.01, 'class_weight': None}",0,0.2349623948,0.5212564554,0.2437811498,0.000225508862,0,1.7956621e-05,False
2019-04-03,0,logistic,"{'C': 0.01, 'class_weight': None}",0,0.2922159131,0.475402085,0.2323820019,-0.0003232850339,0,1.810502283e-05,False
2019-04-04,0,logistic,"{'C': 0.01, 'class_weight': None}",0,0.2562600043,0.5018684027,0.2418715931,3.747526122e-05,0,1.810502283e-05,False
2019-04-05,0,logistic,"{'C': 0.01, 'class_weight': None}",0,0.2632238201,0.5288329314,0.2079432485,-0.0002542132231,0,1.810502283e-05,False
2019-04-08,0,logistic,"{'C': 0.01, 'class_weight': None}",0,0.2472009047,0.4911981641,0.2616009312,0.0002482168023,0,1.803082192e-05,False
2019-04-09,0,logistic,"{'C': 0.01, 'class_weight': None}",0,0.27973573,0.4478337389,0.272430531,5.599222524e-05,0,1.7956621e-05,False
2019-04-10,0,logistic,"{'C': 0.01, 'class_weight': None}",0,0.2487939542,0.4804468721,0.2707591737,0.0002984435261,0,1.803082192e-05,False
2019-04-11,0,logistic,"{'C': 0.01, 'class_weight': None}",0,0.2781615641,0.4906534669,0.2311849691,-0.0002161856711,0,1.803082192e-05,False
2019-04-12,0,logistic,"{'C': 0.01, 'class_weight': None}",0,0.2816384361,0.5043327007,0.2140288632,-0.0003633152703,0,1.810502283e-05,False
2019-04-15,0,logistic,"{'C': 0.01, 'class_weight': None}",0,0.2489579977,0.5068683455,0.2441736568,0.0001133306547,0,1.803082192e-05,False
2019-04-16,0,logistic,"{'C': 0.01, 'class_weight': None}",0,0.2620144668,0.5109626931,0.2270228401,-0.0001124022664,0,1.803082192e-05,False
2019-04-17,0,logistic,"{'C': 0.01, 'class_weight': None}",0,0.3104730849,0.4605020617,0.2290248535,-0.0004963655152,-1,1.810502283e-05,False
2019-04-18,0,logistic,"{'C': 0.01, 'class_weight': None}",0,0.2679362213,0.4776874295,0.2543763492,2.806024067e-05,0,1.7956621e-05,False
2019-04-22,1,logistic,"{'C': 0.01, 'class_weight': None}",0,0.2354956179,0.5534744054,0.2110299767,-2.299644612e-05,0,1.810502283e-05,False
2019-04-23,1,logistic,"{'C': 0.01, 'class_weight': None}",0,0.2311427762,0.5547805342,0.2140766895,3.335600616e-05,0,1.817922374e-05,False
2019-04-24,1,logistic,"{'C': 0.01, 'class_weight': None}",0,0.2919969527,0.4443752134,0.263627834,-0.0001237186133,0,1.810502283e-05,False
2019-04-25,1,logistic,"{'C': 0.01, 'class_weight': None}",0,0.2858621592,0.4491245018,0.265013339,-6.42057508e-05,0,1.803082192e-05,False
2019-04-26,1,logistic,"{'C': 0.01, 'class_weight': None}",0,0.2475241122,0.5319216951,0.2205541927,-5.589292085e-05,0,1.7956621e-05,False
2019-04-29,1,logistic,"{'C': 0.01, 'class_weight': None}",0,0.3278896243,0.4189128465,0.2531975292,-0.0004878182937,-1,1.810502283e-05,False
2019-04-30,1,logistic,"{'C': 0.01, 'class_weight': None}",0,0.2395975827,0.4175373533,0.342865064,0.0008459885254,1,1.803082192e-05,False
2019-05-01,1,logistic,"{'C': 0.01, 'class_weight': None}",0,0.4340772955,0.2888598324,0.2770628721,-0.001190408628,-1,1.803082192e-05,False
2019-05-02,1,logistic,"{'C': 0.01, 'class_weight': None}",0,0.3154320212,0.4027062163,0.2818617625,-0.0001900152778,0,1.832762557e-05,False
2019-05-03,1,logistic,"{'C': 0.01, 'class_weight': None}",0,0.2659215832,0.4872778095,0.2468006073,-2.626133533e-05,0,1.803082192e-05,False
2019-05-06,1,logistic,"{'C': 0.01, 'class_weight': None}",0,0.3030867383,0.3890077111,0.3079055506,8.893432938e-05,0,1.810502283e-05,False
2019-05-07,1,logistic,"{'C': 0.01, 'class_weight': None}",0,0.3538424157,0.3020998317,0.3440577526,-7.750603258e-05,0,1.803082192e-05,False
2019-05-08,1,logistic,"{'C': 0.01, 'class_weight': None}",0,0.3660429941,0.3520157442,0.2819412618,-0.0006022000854,-1,1.803082192e-05,False
2019-05-09,1,logistic,"{'C': 0.01, 'class_weight': None}",0,0.3131860766,0.3779258633,0.3088880601,1.330038566e-05,0,1.803082192e-05,False
2019-05-10,1,logistic,"{'C': 0.01, 'class_weight': None}",0,0.2871473955,0.4200522387,0.2928003658,0.0001155207125,0,1.803082192e-05,False
2019-05-13,1,logistic,"{'C': 0.01, 'class_weight': None}",0,0.3609806885,0.308120547,0.3308987645,-0.0002257939277,0,1.788242009e-05,False
2019-05-14,1,logistic,"{'C': 0.01, 'class_weight': None}",0,0.2863674049,0.4374671536,0.2761654415,8.012266072e-06,0,1.788242009e-05,False
2019-05-15,1,logistic,"{'C': 0.01, 'class_weight': None}",0,0.2349926162,0.4797684254,0.2852389584,0.000489080072,1,1.7956621e-05,False
2019-05-16,1,logistic,"{'C': 0.01, 'class_weight': None}",0,0.2482199931,0.4890747708,0.2627052361,0.0002269641165,0,1.780821918e-05,False
2019-05-17,1,logistic,"{'C': 0.01, 'class_weight': None}",0,0.2920501115,0.4311327025,0.276817186,-3.386850029e-05,0,1.773401826e-05,False
2019-05-20,1,logistic,"{'C': 0.01, 'class_weight': None}",0,0.2396928507,0.4859559652,0.274351184,0.0003762211005,0,1.773401826e-05,False
2019-05-21,2,logistic,"{'C': 0.01, 'class_weight': None}",0,0.2069579812,0.5432890297,0.2497529891,0.000516157113,1,1.773401826e-05,False
2019-05-22,2,logistic,"{'C': 0.01, 'class_weight': None}",0,0.2030035534,0.5337219588,0.2632744879,0.0006412088837,1,1.765981735e-05,False
2019-05-23,2,logistic,"{'C': 0.01, 'class_weight': None}",0,0.1899692804,0.4549835561,0.3550471635,0.001377540179,1,1.758561644e-05,False
2019-05-24,2,logistic,"{'C': 0.01, 'class_weight': None}",0,0.2478550274,0.4902492346,0.261895738,0.0002665118748,0,1.743721461e-05,False
2019-05-28,2,logistic,"{'C': 0.01, 'class_weight': None}",0,0.239815585,0.4359130541,0.3242713609,0.0007603037593,1,1.758561644e-05,False
2019-05-29,2,logistic,"{'C': 0.01, 'class_weight': None}",0,0.2344346763,0.402970171,0.3625951527,0.001067285899,1,1.758561644e-05,False
2019-05-30,2,logistic,"{'C': 0.01, 'class_weight': None}",0,0.2323251216,0.4460507067,0.3216241718,0.0008031212935,1,1.765981735e-05,False
2019-05-31,2,logistic,"{'C': 0.01, 'class_weight': None}",0,0.2540948426,0.382339475,0.3635656824,0.0009138560372,1,1.743721461e-05,False
2019-06-03,2,logistic,"{'C': 0.01, 'class_weight': None}",0,0.2947151937,0.3178447966,0.3874400097,0.000747023313,1,1.743721461e-05,False
2019-06-04,2,logistic,"{'C': 0.01, 'class_weight': None}",0,0.2451206193,0.4836175415,0.2712618393,0.0003530942993,0,1.743721461e-05,False
2019-06-05,2,logistic,"{'C': 0.01, 'class_weight': None}",0,0.1992878495,0.5148612288,0.2858509217,0.0008264958745,1,1.743721461e-05,False
2019-06-06,2,logistic,"{'C': 0.01, 'class_weight': None}",0,0.2186128184,0.5160714928,0.2653156888,0.0005281180217,1,1.728881279e-05,False
2019-06-07,2,logistic,"{'C': 0.01, 'class_weight': None}",0,0.2242720345,0.5516192548,0.2241087107,0.0001990711014,0,1.691780822e-05,False
2019-06-10,2,logistic,"{'C': 0.01, 'class_weight': None}",0,0.2436354588,0.5551858669,0.2011786743,-0.0001160647304,0,1.699200913e-05,False
2019-06-11,2,logistic,"{'C': 0.01, 'class_weight': None}",0,0.2189655175,0.555804215,0.2252302675,0.0002499841101,0,1.684360731e-05,False
2019-06-12,2,logistic,"{'C': 0.01, 'class_weight': None}",0,0.2151995566,0.5629618192,0.2218386242,0.0002573606306,0,1.662100457e-05,False
2019-06-13,2,logistic,"{'C': 0.01, 'class_weight': None}",0,0.203401671,0.5642496007,0.2323487283,0.0004256034412,1,1.625e-05,False
2019-06-14,2,logistic,"{'C': 0.01, 'class_weight': None}",0,0.2716548252,0.5207583369,0.2075868379,-0.0003002246662,0,1.632420091e-05,False
2019-06-17,2,logistic,"{'C': 0.01, 'class_weight': None}",0,0.2734985398,0.5115105065,0.2149909537,-0.0002643950004,0,1.654680365e-05,False
2019-06-18,2,logistic,"{'C': 0.01, 'class_weight': None}",0,0.2610990268,0.481685898,0.2572150752,0.0001265233234,0,1.647260274e-05,False
2019-06-19,2,logistic,"{'C': 0.01, 'class_weight': None}",0,0.2350848874,0.4944523446,0.270462768,0.0004293289734,1,1.617579909e-05,False
2019-06-20,3,logistic,"{'C': 0.01, 'class_weight': None}",0,0.2043469935,0.4975555036,0.2980975029,0.0008585507841,1,1.587899543e-05,False
2019-06-21,3,logistic,"{'C': 0.01, 'class_weight': None}",0,0.3186780139,0.4550515782,0.2262704079,-0.0005578518057,-1,1.565639269e-05,False
2019-06-24,3,logistic,"{'C': 0.01, 'class_weight': None}",0,0.2250718076,0.512542101,0.2623860914,0.0004461282672,1,1.580479452e-05,False
2019-06-25,3,logistic,"{'C': 0.01, 'class_weight': None}",0,0.2448812326,0.4524408064,0.3026779611,0.0005625120589,1,1.573059361e-05,False
2019-06-26,3,logistic,"{'C': 0.01, 'class_weight': None}",0,0.2824117674,0.4771989845,0.2403892481,-0.0001680085041,0,1.595319635e-05,False
2019-06-27,3,logistic,"{'C': 0.01, 'class_weight': None}",0,0.215895204,0.5267614474,0.2573433486,0.0004856678226,1,1.587899543e-05,False
2019-06-28,3,logistic,"{'C': 0.01, 'class_weight': None}",0,0.2208694225,0.5113780001,0.2677525774,0.0005168940333,1,1.573059361e-05,False
2019-07-01,3,logistic,"{'C': 0.01, 'class_weight': None}",0,0.2967136244,0.4444187642,0.2588676113,-0.0001567798214,0,1.639840183e-05,False
2019-07-02,3,logistic,"{'C': 0.01, 'class_weight': None}",0,0.1671839846,0.57461637,0.2581996455,0.000885063796,1,8.789954338e-06,False
2019-07-03,3,logistic,"{'C': 0.01, 'class_weight': None}",0,0.1542030613,0.6009958008,0.2448011378,0.0008980134623,1,1.639840183e-05,False
2019-07-05,3,logistic,"{'C': 0.01, 'class_weight': None}",0,0.2387667182,0.5300634015,0.2311698803,0.0001213367322,0,1.654680365e-05,False
2019-07-08,3,logistic,"{'C': 0.01, 'class_weight': None}",0,0.2152171418,0.5238467711,0.260936087,0.000515793199,1,1.676940639e-05,False
2019-07-09,3,logistic,"{'C': 0.01, 'class_weight': None}",0,0.2049349524,0.5435203785,0.2515446691,0.0005344308561,1,1.676940639e-05,False
2019-07-10,3,logistic,"{'C': 0.01, 'class_weight': None}",0,0.2150788979,0.5717506849,0.2131704171,0.000189219504,0,1.632420091e-05,False
2019-07-11,3,logistic,"{'C': 0.01, 'class_weight': None}",0,0.2285706387,0.5704903471,0.2009390142,-3.687742517e-06,0,1.610159817e-05,False
2019-07-12,3,logistic,"{'C': 0.01, 'class_weight': None}",0,0.220624912,0.5776661342,0.2017089538,6.578517053e-05,0,1.587899543e-05,False
2019-07-15,3,logistic,"{'C': 0.01, 'class_weight': None}",0,0.2135317763,0.5691442653,0.2173239585,0.0002302130376,0,1.602739726e-05,False
2019-07-16,3,logistic,"{'C': 0.01, 'class_weight': None}",0,0.2531291964,0.530151241,0.2167195626,-9.382749993e-05,0,1.595319635e-05,False
2019-07-17,3,logistic,"{'C': 0.01, 'class_weight': None}",0,0.2486419069,0.4727691578,0.2785889353,0.0003668710366,0,1.587899543e-05,False
2019-07-18,3,logistic,"{'C': 0.01, 'class_weight': None}",0,0.2161523081,0.4796319296,0.3042157623,0.0008051532123,1,1.521118721e-05,False
2019-07-19,3,logistic,"{'C': 0.01, 'class_weight': None}",0,0.3048211393,0.4114652138,0.2837136469,-5.182451013e-05,0,1.528538813e-05,False
2019-07-22,4,logistic,"{'C': 0.01, 'class_weight': None}",0,0.22756515,0.4933127784,0.2791220716,0.0005244932679,1,1.550799087e-05,False
2019-07-23,4,logistic,"{'C': 0.01, 'class_weight': None}",0,0.2204265006,0.5225836389,0.2569898605,0.0004310361212,1,1.528538813e-05,False
2019-07-24,4,logistic,"{'C': 0.01, 'class_weight': None}",0,0.2106022405,0.5281988366,0.2611989229,0.0005388473466,1,1.558219178e-05,False
2019-07-25,4,logistic,"{'C': 0.01, 'class_weight': None}",0,0.2472382252,0.4880806599,0.2646811149,0.0002675982879,0,1.558219178e-05,False
2019-07-26,4,logistic,"{'C': 0.01, 'class_weight': None}",0,0.2293582034,0.5372667986,0.233374998,0.0001980672243,0,1.573059361e-05,False
2019-07-29,4,logistic,"{'C': 0.01, 'class_weight': None}",0,0.188980805,0.5506057643,0.2604134307,0.0007075886473,1,1.573059361e-05,False
2019-07-30,4,logistic,"{'C': 0.01, 'class_weight': None}",0,0.2387269922,0.470995084,0.2902779238,0.000510698091,1,1.543378995e-05,False
2019-07-31,4,logistic,"{'C': 0.01, 'class_weight': None}",0,0.2610730276,0.3847248007,0.3542021716,0.0007667190651,1,1.543378995e-05,False
2019-08-01,4,logistic,"{'C': 0.01, 'class_weight': None}",0,0.2865785681,0.3275207778,0.3859006541,0.0007775244654,1,1.535958904e-05,False
2019-08-02,4,logistic,"{'C': 0.01, 'class_weight': None}",0,0.2600651248,0.386259089,0.3536757862,0.0007712449426,1,1.528538813e-05,False
2019-08-05,4,logistic,"{'C': 0.01, 'class_weight': None}",0,0.2309499204,0.3169423296,0.4521077501,0.001676975073,1,1.521118721e-05,False
2019-08-06,4,logistic,"{'C': 0.01, 'class_weight': None}",0,0.2282298736,0.390836005,0.3809341215,0.001213483734,1,1.521118721e-05,False
2019-08-07,4,logistic,"{'C': 0.01, 'class_weight': None}",0,0.2244480294,0.3948500123,0.3807019584,0.001242352254,1,1.498858447e-05,False
2019-08-08,4,logistic,"{'C': 0.01, 'class_weight': None}",0,0.1771605724,0.5319925738,0.2908468537,0.001010317871,1,1.498858447e-05,False
2019-08-09,4,logistic,"{'C': 0.01, 'class_weight': None}",0,0.1990557079,0.505610276,0.2953340161,0.0008646175424,1,1.484018265e-05,False
2019-08-12,4,logistic,"{'C': 0.01, 'class_weight': None}",0,0.1845032684,0.4891743383,0.3263223934,0.001193131509,1,1.484018265e-05,False
2019-08-13,4,logistic,"{'C': 0.01, 'class_weight': None}",0,0.1860971065,0.5587106803,0.2551922131,0.0006952005934,1,1.484018265e-05,False
2019-08-14,4,logistic,"{'C': 0.01, 'class_weight': None}",0,0.2182147244,0.4443896833,0.3373955924,0.0009972006141,1,1.4543379e-05,False
2019-08-15,4,logistic,"{'C': 0.01, 'class_weight': None}",0,0.1825113838,0.4984378069,0.3190508093,0.001159579277,1,1.417237443e-05,False
2019-08-16,4,logistic,"{'C': 0.01, 'class_weight': None}",0,0.1654711147,0.5891950184,0.2453338668,0.0007940509659,1,1.387557078e-05,False
2019-08-19,4,logistic,"{'C': 0.01, 'class_weight': None}",0,0.1596161159,0.6297418522,0.2106420319,0.0006046029717,1,1.439497717e-05,False
2019-08-20,5,logistic,"{'C': 0.01, 'class_weight': None}",0,0.1996351897,0.5488232183,0.251541592,0.0005627737064,1,1.439497717e-05,False
2019-08-21,5,logistic,"{'C': 0.01, 'class_weight': None}",0,0.1765211404,0.6014350524,0.2220438071,0.000546335716,1,1.461757991e-05,False
2019-08-22,5,logistic,"{'C': 0.01, 'class_weight': None}",0,0.185905243,0.5870284134,0.2270663435,0.0005049397452,1,1.484018265e-05,False
2019-08-23,5,logistic,"{'C': 0.01, 'class_weight': None}",0,0.2619860969,0.4497166091,0.2882972939,0.0003111230257,0,1.461757991e-05,False
2019-08-26,5,logistic,"{'C': 0.01, 'class_weight': None}",0,0.1509311624,0.5940370933,0.2550317443,0.0009819575926,1,1.491438356e-05,False
2019-08-27,5,logistic,"{'C': 0.01, 'class_weight': None}",0,0.2199963804,0.4833189557,0.2966846639,0.0007097002206,1,1.469178082e-05,False
2019-08-28,5,logistic,"{'C': 0.01, 'class_weight': None}",0,0.235377716,0.4973838907,0.2672383934,0.0003813685599,0,1.476598174e-05,False
2019-08-29,5,logistic,"{'C': 0.01, 'class_weight': None}",0,0.2128034106,0.5509034092,0.2362931803,0.0003505461435,0,1.476598174e-05,False
2019-08-30,5,logistic,"{'C': 0.01, 'class_weight': None}",0,0.2264212712,0.5423346422,0.2312440866,0.0002051813882,0,1.476598174e-05,False
2019-09-03,5,logistic,"{'C': 0.01, 'class_weight': None}",0,0.3284578059,0.3905916465,0.2809505475,-0.0002788422985,0,1.469178082e-05,False
2019-09-04,5,logistic,"{'C': 0.01, 'class_weight': None}",0,0.1793073841,0.5662835813,0.2544090346,0.0007474830137,1,1.461757991e-05,False
2019-09-05,5,logistic,"{'C': 0.01, 'class_weight': None}",0,0.2278538945,0.5598103005,0.212335805,6.284400643e-05,0,1.461757991e-05,False
2019-09-06,5,logistic,"{'C': 0.01, 'class_weight': None}",0,0.2006310115,0.5893542276,0.2100147609,0.0002676126646,0,1.4543379e-05,False
2019-09-09,5,logistic,"{'C': 0.01, 'class_weight': None}",0,0.2152210431,0.5781202099,0.206658747,0.000126066895,0,1.4543379e-05,False
2019-09-10,5,logistic,"{'C': 0.01, 'class_weight': None}",0,0.2507194489,0.547991824,0.2012887271,-0.0001989973979,0,1.446917808e-05,False
2019-09-11,5,logistic,"{'C': 0.01, 'class_weight': None}",0,0.2428807001,0.5630096266,0.1941096733,-0.0001850447938,0,1.4543379e-05,False
2019-09-12,5,logistic,"{'C': 0.01, 'class_weight': None}",0,0.2919407962,0.5127016898,0.1953575141,-0.0005743621547,-1,1.446917808e-05,False
2019-09-13,5,logistic,"{'C': 0.01, 'class_weight': None}",0,0.3167511003,0.5294051814,0.1538437183,-0.001062600842,-1,1.4543379e-05,False
2019-09-16,5,logistic,"{'C': 0.01, 'class_weight': None}",0,0.2286755022,0.5446374171,0.2266870807,0.0001553929915,0,1.476598174e-05,False
2019-09-17,5,logistic,"{'C': 0.01, 'class_weight': None}",0,0.2397121771,0.5271878307,0.2330999922,0.0001102043682,0,1.476598174e-05,False
2019-09-18,5,logistic,"{'C': 0.01, 'class_weight': None}",0,0.2325138749,0.5188535007,0.2486326243,0.0002759726653,0,1.446917808e-05,False
2019-09-19,6,logistic,"{'C': 0.01, 'class_weight': None}",0,0.2708427645,0.4634771,0.2656801355,7.115555333e-05,0,1.432077626e-05,False
2019-09-20,6,logistic,"{'C': 0.01, 'class_weight': None}",0,0.2804433654,0.4368876463,0.2826689883,0.0001100106583,0,1.417237443e-05,False
2019-09-23,6,logistic,"{'C': 0.01, 'class_weight': None}",0,0.2273100752,0.4940725712,0.2786173536,0.0005131325705,1,1.439497717e-05,False
2019-09-24,6,logistic,"{'C': 0.01, 'class_weight': None}",0,0.2626520846,0.3713956725,0.3659522429,0.000826525469,1,1.424657534e-05,False
2019-09-25,6,logistic,"{'C': 0.01, 'class_weight': None}",0,0.2843467904,0.4408974903,0.2747557193,2.39809099e-05,0,1.40239726e-05,False
2019-09-26,6,logistic,"{'C': 0.01, 'class_weight': None}",0,0.2455617909,0.4434602677,0.3109779414,0.0005874333001,1,1.357876712e-05,False
2019-09-27,6,logistic,"{'C': 0.01, 'class_weight': None}",0,0.2869512549,0.4100352797,0.3030134654,0.0001970058361,0,1.335616438e-05,False
2019-09-30,6,logistic,"{'C': 0.01, 'class_weight': None}",0,0.2500166546,0.4802931052,0.2696902402,0.0002676263433,0,1.394977169e-05,False
2019-10-01,6,logistic,"{'C': 0.01, 'class_weight': None}",0,0.3461447759,0.3394918057,0.3143634184,-0.0002051257632,0,1.350456621e-05,False
2019-10-02,6,logistic,"{'C': 0.01, 'class_weight': None}",0,0.3199787108,0.2934719027,0.3865493865,0.0005030704324,1,1.328196347e-05,False
2019-10-03,6,logistic,"{'C': 0.01, 'class_weight': None}",0,0.2545886119,0.4098080439,0.3356033441,0.0006834104569,1,1.261415525e-05,False
2019-10-04,6,logistic,"{'C': 0.01, 'class_weight': None}",0,0.2642102001,0.4837303798,0.2520594201,3.136831608e-05,0,1.268835616e-05,False
2019-10-07,6,logistic,"{'C': 0.01, 'class_weight': None}",0,0.2626130287,0.4680427555,0.2693442158,0.0001630808685,0,1.298515982e-05,False
2019-10-08,6,logistic,"{'C': 0.01, 'class_weight': None}",0,0.3186033033,0.3672411846,0.314155512,1.683218771e-05,0,1.276255708e-05,False
2019-10-09,6,logistic,"{'C': 0.01, 'class_weight': None}",0,0.2705527116,0.485192742,0.2442545464,-7.36998959e-05,0,1.253995434e-05,False
2019-10-10,6,logistic,"{'C': 0.01, 'class_weight': None}",0,0.2631403628,0.5315502631,0.2053093742,-0.0002811582285,0,1.246575342e-05,False
2019-10-11,6,logistic,"{'C': 0.01, 'class_weight': None}",0,0.3007382765,0.5314265908,0.1678351327,-0.0008435844794,-1,1.246575342e-05,False
2019-10-14,6,logistic,"{'C': 0.01, 'class_weight': None}",0,0.211008366,0.5972308374,0.1917607966,4.859197126e-05,0,1.246575342e-05,False
2019-10-15,6,logistic,"{'C': 0.01, 'class_weight': None}",0,0.2184222454,0.6303234285,0.1512543261,-0.0002898477221,0,1.239155251e-05,False
2019-10-16,6,logistic,"{'C': 0.01, 'class_weight': None}",0,0.2293059296,0.5960983305,0.1745957399,-0.0002177532736,0,1.23173516e-05,False
2019-10-17,6,logistic,"{'C': 0.01, 'class_weight': None}",0,0.2326413072,0.5807686378,0.186590055,-0.0001623973016,0,1.23173516e-05,False
2019-10-18,7,logistic,"{'C': 0.01, 'class_weight': None}",0,0.2518866881,0.5436904079,0.204422904,-0.0002197968523,0,1.23173516e-05,False
2019-10-21,7,logistic,"{'C': 0.01, 'class_weight': None}",0,0.217888074,0.5959443419,0.1861675841,-6.730614137e-05,0,1.239155251e-05,False
2019-10-22,7,logistic,"{'C': 0.01, 'class_weight': None}",0,0.2809940643,0.479667307,0.2393386287,-0.0002177801001,0,1.224315068e-05,False
2019-10-23,7,logistic,"{'C': 0.01, 'class_weight': None}",0,0.2345266325,0.5445176094,0.2209557581,3.577814786e-05,0,1.224315068e-05,False
2019-10-24,7,logistic,"{'C': 0.01, 'class_weight': None}",0,0.2529815678,0.5310816372,0.215936795,-0.0001496066039,0,1.239155251e-05,False
2019-10-25,7,logistic,"{'C': 0.01, 'class_weight': None}",0,0.2716472975,0.5535557109,0.1747969916,-0.0005849951145,-1,1.23173516e-05,False
2019-10-28,7,logistic,"{'C': 0.01, 'class_weight': None}",0,0.2562730664,0.5558560834,0.1878708502,-0.0003694318533,0,1.224315068e-05,False
2019-10-29,7,logistic,"{'C': 0.01, 'class_weight': None}",0,0.2712648765,0.5120710488,0.2166640747,-0.0002940907547,0,1.209474886e-05,False
2019-10-30,7,logistic,"{'C': 0.01, 'class_weight': None}",0,0.237672952,0.5247583908,0.2375686571,0.0001242445105,0,1.202054795e-05,False
2019-10-31,7,logistic,"{'C': 0.01, 'class_weight': None}",0,0.2287176726,0.4587028541,0.3125794733,0.0007130568864,1,1.142694064e-05,False
2019-11-01,7,logistic,"{'C': 0.01, 'class_weight': None}",0,0.3123760554,0.4754617577,0.2121621869,-0.0006611573609,-1,1.127853881e-05,False
2019-11-04,7,logistic,"{'C': 0.01, 'class_weight': None}",0,0.2540042149,0.5141396996,0.2318560854,-4.85448188e-05,0,1.135273973e-05,False
2019-11-05,7,logistic,"{'C': 0.01, 'class_weight': None}",0,0.2893458785,0.5196903575,0.190963764,-0.0006185736253,-1,1.157534247e-05,False
2019-11-06,7,logistic,"{'C': 0.01, 'class_weight': None}",0,0.2435349796,0.5180470542,0.2384179662,8.215475494e-05,0,1.157534247e-05,False
2019-11-07,7,logistic,"{'C': 0.01, 'class_weight': None}",0,0.3019452761,0.535021091,0.163033633,-0.0009135661418,-1,1.157534247e-05,False
2019-11-08,7,logistic,"{'C': 0.01, 'class_weight': None}",0,0.259740689,0.573554713,0.166704598,-0.0005432713334,-1,1.150114155e-05,False
2019-11-11,7,logistic,"{'C': 0.01, 'class_weight': None}",0,0.2383866888,0.5639691591,0.1976441521,-0.0001560161556,0,1.150114155e-05,False
2019-11-12,7,logistic,"{'C': 0.01, 'class_weight': None}",0,0.2697530512,0.5021493695,0.2280975793,-0.0002031407936,0,1.179794521e-05,False
2019-11-13,7,logistic,"{'C': 0.01, 'class_weight': None}",0,0.2595304716,0.496866943,0.2436025854,-1.298636821e-05,0,1.164954338e-05,False
2019-11-14,7,logistic,"{'C': 0.01, 'class_weight': None}",0,0.2411785496,0.4609627881,0.2978586622,0.0005099925275,1,1.164954338e-05,False
2019-11-15,7,logistic,"{'C': 0.01, 'class_weight': None}",0,0.261854496,0.4773504158,0.2607950882,8.618699325e-05,0,1.164954338e-05,False
2019-11-18,8,logistic,"{'C': 0.01, 'class_weight': None}",0,0.230319925,0.4686633569,0.301016718,0.0006336192495,1,1.164954338e-05,False
2019-11-19,8,logistic,"{'C': 0.01, 'class_weight': None}",0,0.2442889749,0.4226086137,0.3331024114,0.0007381443392,1,1.164954338e-05,False
2019-11-20,8,logistic,"{'C': 0.01, 'class_weight': None}",0,0.241772907,0.3971687445,0.3610583485,0.0009484837629,1,1.164954338e-05,False
2019-11-21,8,logistic,"{'C': 0.01, 'class_weight': None}",0,0.2473858121,0.4595094521,0.2931047358,0.000441287975,1,1.172374429e-05,False
2019-11-22,8,logistic,"{'C': 0.01, 'class_weight': None}",0,0.240817724,0.5040818135,0.2551004625,0.0002364574919,0,1.172374429e-05,False
2019-11-25,8,logistic,"{'C': 0.01, 'class_weight': None}",0,0.2252023125,0.5078715521,0.2669261354,0.0004435962148,1,1.194634703e-05,False
2019-11-26,8,logistic,"{'C': 0.01, 'class_weight': None}",0,0.2283610094,0.5101445155,0.2614944751,0.0003810480336,0,1.187214612e-05,False
2019-11-27,8,logistic,"{'C': 0.01, 'class_weight': None}",0,0.2296903132,0.5300222432,0.2402874437,0.0002261917994,0,6.47260274e-06,False
2019-11-29,8,logistic,"{'C': 0.01, 'class_weight': None}",0,0.2495052314,0.5406983209,0.2097964477,-0.000141844691,0,1.179794521e-05,False
2019-12-02,8,logistic,"{'C': 0.01, 'class_weight': None}",0,0.3098438467,0.389257958,0.3008981953,-1.296373462e-05,0,1.187214612e-05,False
2019-12-03,8,logistic,"{'C': 0.01, 'class_weight': None}",0,0.2401619142,0.3404599455,0.4193781404,0.001357738289,1,1.164954338e-05,False
2019-12-04,8,logistic,"{'C': 0.01, 'class_weight': None}",0,0.26214458,0.4553855828,0.2824698372,0.0002491947214,0,1.150114155e-05,False
2019-12-05,8,logistic,"{'C': 0.01, 'class_weight': None}",0,0.2452399205,0.4639174262,0.2908426534,0.0004433472318,1,1.142694064e-05,False
2019-12-06,8,logistic,"{'C': 0.01, 'class_weight': None}",0,0.2609721151,0.5180169313,0.2210109535,-0.0001587807761,0,1.135273973e-05,False
2019-12-09,8,logistic,"{'C': 0.01, 'class_weight': None}",0,0.25845728,0.473640383,0.267902337,0.0001801790833,0,1.142694064e-05,False
2019-12-10,8,logistic,"{'C': 0.01, 'class_weight': None}",0,0.257777147,0.4586186369,0.2836042162,0.0002923666257,0,1.157534247e-05,False
2019-12-11,8,logistic,"{'C': 0.01, 'class_weight': None}",0,0.2410474321,0.4363234357,0.3226291322,0.0006933213758,1,1.164954338e-05,False
2019-12-12,8,logistic,"{'C': 0.01, 'class_weight': None}",0,0.2570533014,0.46960199,0.2733447086,0.0002285507522,0,1.157534247e-05,False
2019-12-13,8,logistic,"{'C': 0.01, 'class_weight': None}",0,0.2412317589,0.4975912091,0.2611770319,0.0002743740657,0,1.164954338e-05,False
2019-12-16,8,logistic,"{'C': 0.01, 'class_weight': None}",0,0.232244567,0.5369211209,0.2308343121,0.0001412337572,0,1.164954338e-05,False
2019-12-17,8,logistic,"{'C': 0.01, 'class_weight': None}",0,0.2532125087,0.5243552273,0.222432264,-8.61134083e-05,0,1.157534247e-05,False
2019-12-18,9,logistic,"{'C': 0.01, 'class_weight': None}",0,0.2448506465,0.563411585,0.1917377686,-0.0002197909482,0,1.157534247e-05,False
2019-12-19,9,logistic,"{'C': 0.01, 'class_weight': None}",0,0.2369361717,0.4942608229,0.2688030054,0.0003621696185,0,1.164954338e-05,False
2019-12-20,9,logistic,"{'C': 0.01, 'class_weight': None}",0,0.2432654059,0.5372072132,0.2195273809,-2.012388244e-05,0,1.172374429e-05,False
2019-12-23,9,logistic,"{'C': 0.01, 'class_weight': None}",0,0.241159762,0.5448049353,0.2140353027,-4.016139694e-05,0,6.352739726e-06,False
2019-12-24,9,logistic,"{'C': 0.01, 'class_weight': None}",0,0.2387596365,0.529826033,0.2314143305,9.601764331e-05,0,1.172374429e-05,False
2019-12-26,9,logistic,"{'C': 0.01, 'class_weight': None}",0,0.2364871672,0.5268302832,0.2366825496,0.0001497032712,0,1.172374429e-05,False
2019-12-27,9,logistic,"{'C': 0.01, 'class_weight': None}",0,0.2430440347,0.5085426523,0.248413313,0.0001759668666,0,1.164954338e-05,False
2019-12-30,9,logistic,"{'C': 0.01, 'class_weight': None}",0,0.2432990143,0.4690030053,0.2876979803,0.0004381841858,1,1.164954338e-05,False
2019-12-31,9,logistic,"{'C': 0.01, 'class_weight': None}",0,0.241038004,0.4509935634,0.3079684326,0.0005926965733,1,1.150114155e-05,False
2020-01-02,9,logistic,"{'C': 0.01, 'class_weight': None}",0,0.2443386222,0.4828862771,0.2727751007,0.0003294517056,0,1.142694064e-05,False
2020-01-03,9,logistic,"{'C': 0.01, 'class_weight': None}",0,0.2426829336,0.446329199,0.3109878675,0.000599800122,1,1.127853881e-05,False
2020-01-06,9,logistic,"{'C': 0.01, 'class_weight': None}",0,0.2380329989,0.465571779,0.2963952221,0.0005389731967,1,1.157534247e-05,False
2020-01-07,9,logistic,"{'C': 0.01, 'class_weight': None}",0,0.2428902821,0.457483082,0.2996266358,0.0005217091638,1,1.142694064e-05,False
2020-01-08,9,logistic,"{'C': 0.01, 'class_weight': None}",0,0.2444019837,0.4764605611,0.2791374553,0.0003717419731,0,1.142694064e-05,False
2020-01-09,9,logistic,"{'C': 0.01, 'class_weight': None}",0,0.2354436694,0.5082801284,0.2562762021,0.0002898868842,0,1.142694064e-05,False
2020-01-10,9,logistic,"{'C': 0.01, 'class_weight': None}",0,0.2404744168,0.5407874383,0.2187381449,-3.022802015e-06,0,1.142694064e-05,False
2020-01-13,9,logistic,"{'C': 0.01, 'class_weight': None}",0,0.2343647788,0.5373784893,0.2282567319,0.000110065186,0,1.164954338e-05,False
2020-01-14,9,logistic,"{'C': 0.01, 'class_weight': None}",0,0.2391686513,0.5047021844,0.2561291643,0.0002589880863,0,1.164954338e-05,False
2020-01-15,9,logistic,"{'C': 0.01, 'class_weight': None}",0,0.2370169856,0.4771010105,0.2858820038,0.0004764097199,1,1.164954338e-05,False
2020-01-16,9,logistic,"{'C': 0.01, 'class_weight': None}",0,0.2340771063,0.5063876461,0.2595352476,0.0003227830096,0,1.150114155e-05,False
2020-01-17,9,logistic,"{'C': 0.01, 'class_weight': None}",0,0.2372062457,0.5475434793,0.215250275,-2.436797873e-07,0,1.157534247e-05,False
2020-01-21,10,logistic,"{'C': 0.01, 'class_weight': None}",0,0.2295104647,0.4556446541,0.3148448812,0.0007521201129,1,1.157534247e-05,False
2020-01-22,10,logistic,"{'C': 0.01, 'class_weight': None}",0,0.2292048485,0.4928942579,0.2779008936,0.0005083546726,1,1.150114155e-05,False
2020-01-23,10,logistic,"{'C': 0.01, 'class_weight': None}",0,0.2289289705,0.478472424,0.2925986055,0.0006085189097,1,1.150114155e-05,False
2020-01-24,10,logistic,"{'C': 0.01, 'class_weight': None}",0,0.2314946389,0.4091642266,0.3593411344,0.001032766464,1,1.142694064e-05,False
2020-01-27,10,logistic,"{'C': 0.01, 'class_weight': None}",0,0.2356943621,0.3063532839,0.457952354,0.001656309265,1,1.150114155e-05,False
2020-01-28,10,logistic,"{'C': 0.01, 'class_weight': None}",0,0.2316662338,0.4185749105,0.3497588557,0.0009675299098,1,1.164954338e-05,False
2020-01-29,10,logistic,"{'C': 0.01, 'class_weight': None}",0,0.2328616738,0.3833860773,0.3837522489,0.001184500236,1,1.157534247e-05,False
2020-01-30,10,logistic,"{'C': 0.01, 'class_weight': None}",0,0.2300711554,0.4378657875,0.3320630571,0.0008623780743,1,1.164954338e-05,False
2020-01-31,10,logistic,"{'C': 0.01, 'class_weight': None}",0,0.2347813447,0.3613618135,0.4038568417,0.001303104386,1,1.150114155e-05,False
2020-02-03,10,logistic,"{'C': 0.01, 'class_weight': None}",0,0.2370759373,0.4098836192,0.3530404435,0.0009460484974,1,1.164954338e-05,False
2020-02-04,10,logistic,"{'C': 0.01, 'class_weight': None}",0,0.228017931,0.5406032411,0.2313788279,0.0002078182537,0,1.164954338e-05,False
2020-02-05,10,logistic,"{'C': 0.01, 'class_weight': None}",0,0.2278124197,0.5717081763,0.2004794041,3.534819501e-06,0,1.164954338e-05,False
2020-02-06,10,logistic,"{'C': 0.01, 'class_weight': None}",0,0.2280614014,0.5710114817,0.2009271169,4.523356068e-06,0,1.164954338e-05,False
2020-02-07,10,logistic,"{'C': 0.01, 'class_weight': None}",0,0.2274922076,0.567991349,0.2045164434,3.300589459e-05,0,1.157534247e-05,False
2020-02-10,10,logistic,"{'C': 0.01, 'class_weight': None}",0,0.2275431381,0.5836262278,0.1888306341,-7.19408949e-05,0,1.172374429e-05,False
2020-02-11,10,logistic,"{'C': 0.01, 'class_weight': None}",0,0.2279829294,0.5616942868,0.2103227838,6.77699709e-05,0,1.164954338e-05,False
2020-02-12,10,logistic,"{'C': 0.01, 'class_weight': None}",0,0.2273460759,0.5802903889,0.1923635352,-4.68165511e-05,0,1.172374429e-05,False
2020-02-13,10,logistic,"{'C': 0.01, 'class_weight': None}",0,0.227571542,0.5506912978,0.2217371603,0.0001471382302,0,1.179794521e-05,False
2020-02-14,10,logistic,"{'C': 0.01, 'class_weight': None}",0,0.2274379776,0.569444592,0.2031174303,2.411670344e-05,0,1.172374429e-05,False
2020-02-18,10,logistic,"{'C': 0.01, 'class_weight': None}",0,0.2282701378,0.5198890098,0.2518408524,0.0003421670558,0,1.172374429e-05,False
2020-02-19,10,logistic,"{'C': 0.01, 'class_weight': None}",0,0.2285156595,0.5285338516,0.2429504889,0.0002809493699,0,1.172374429e-05,False
2020-02-20,11,logistic,"{'C': 0.01, 'class_weight': None}",0,0.2282397772,0.4801427782,0.2916174446,0.0006071825155,1,1.172374429e-05,False
2020-02-21,11,logistic,"{'C': 0.01, 'class_weight': None}",0,0.241037353,0.4071720649,0.3517905822,0.0009040721534,1,1.157534247e-05,False
2020-02-24,11,logistic,"{'C': 0.01, 'class_weight': None}",0,0.2611852167,0.279664376,0.4591504073,0.001455322729,1,1.135273973e-05,False
2020-02-25,11,logistic,"{'C': 0.01, 'class_weight': None}",0,0.2639864817,0.1902516253,0.5457618929,0.002007975586,1,1.135273973e-05,False
2020-02-26,11,logistic,"{'C': 0.01, 'class_weight': None}",0,0.2616763265,0.2089985149,0.5293251587,0.001917365535,1,1.135273973e-05,False
2020-02-27,11,logistic,"{'C': 0.01, 'class_weight': None}",0,0.2872675247,0.1572775749,0.5554549004,0.001885548126,1,1.075913242e-05,False
2020-02-28,11,logistic,"{'C': 0.01, 'class_weight': None}",0,0.2748985379,0.1593540223,0.5657474398,0.002053134761,1,9.423515982e-06,False
2020-03-02,11,logistic,"{'C': 0.01, 'class_weight': None}",0,0.2360815992,0.4284403701,0.3354780307,0.0008355133043,1,8.384703196e-06,False
2020-03-03,11,logistic,"{'C': 0.01, 'class_weight': None}",0,0.2455832981,0.3137548528,0.4406618491,0.001457732497,1,7.049086758e-06,False
2020-03-04,11,logistic,"{'C': 0.01, 'class_weight': None}",0,0.2146664458,0.5815689488,0.2037646054,0.0001327148296,0,5.342465753e-06,False
2020-03-05,11,logistic,"{'C': 0.01, 'class_weight': None}",0,0.2398666396,0.3755658861,0.3845674743,0.001131114424,1,4.600456621e-06,False
2020-03-06,11,logistic,"{'C': 0.01, 'class_weight': None}",0,0.243107072,0.3384743061,0.4184186219,0.001329897891,1,3.339041096e-06,False
2020-03-09,11,logistic,"{'C': 0.01, 'class_weight': None}",0,0.2701129474,0.07649056016,0.6533964925,0.002673549472,1,2.448630137e-06,False
2020-03-10,11,logistic,"{'C': 0.01, 'class_weight': None}",0,0.2151368925,0.5831652244,0.2016978831,0.0001152165592,0,3.264840183e-06,False
2020-03-11,11,logistic,"{'C': 0.01, 'class_weight': None}",0,0.2452315534,0.4098743553,0.3448940912,0.0008246256337,1,3.116438356e-06,False
2020-03-12,11,logistic,"{'C': 0.01, 'class_weight': None}",0,0.3254966227,0.206915647,0.4675877303,0.0009953557606,1,2.448630137e-06,False
2020-03-13,11,logistic,"{'C': 0.01, 'class_weight': None}",0,0.2111073677,0.6846504772,0.104242155,-0.0004995908229,-1,2.077625571e-06,False
2020-03-16,11,logistic,"{'C': 0.01, 'class_weight': None}",0,0.2857008779,0.272552091,0.4417470311,0.00114306069,1,1.780821918e-06,False
2020-03-17,11,logistic,"{'C': 0.01, 'class_weight': None}",0,0.210231501,0.716585263,0.073183236,-0.000698804746,-1,1.409817352e-06,False
2020-03-18,11,logistic,"{'C': 0.01, 'class_weight': None}",0,0.2644668366,0.6306012131,0.1049319503,-0.0009231325643,-1,1.484018265e-07,False
2020-03-19,11,logistic,"{'C': 0.01, 'class_weight': None}",0,0.2106132076,0.6422927325,0.14709406,-0.0002110754222,0,2.96803653e-07,False
2020-03-20,12,logistic,"{'C': 0.01, 'class_weight': 'balanced'}",0,0.2638642795,0.2439025012,0.4922332193,0.00169773804,1,3.710045662e-07,False
2020-03-23,12,logistic,"{'C': 0.01, 'class_weight': 'balanced'}",0,0.2812016284,0.2205658753,0.4982324962,0.001591532936,1,1.484018265e-07,False
2020-03-24,12,logistic,"{'C': 0.01, 'class_weight': 'balanced'}",0,0.2276699522,0.6931125593,0.07921748845,-0.0008907729833,-1,7.420091324e-08,False
2020-03-25,12,logistic,"{'C': 0.01, 'class_weight': 'balanced'}",0,0.2437024957,0.641519757,0.1147777473,-0.0007783888102,-1,0,False
2020-03-26,12,logistic,"{'C': 0.01, 'class_weight': 'balanced'}",0,0.3322397025,0.6315333281,0.03622696944,-0.002086913666,-1,0,False
2020-03-27,12,logistic,"{'C': 0.01, 'class_weight': 'balanced'}",0,0.2878273207,0.6219821962,0.09019048309,-0.001328355445,-1,2.226027397e-07,False
2020-03-30,12,logistic,"{'C': 0.01, 'class_weight': 'balanced'}",0,0.3402349324,0.6168496341,0.04291543356,-0.00210837132,-1,8.904109589e-07,False
2020-03-31,12,logistic,"{'C': 0.01, 'class_weight': 'balanced'}",0,0.2864952026,0.6318901185,0.08161467884,-0.001377136697,-1,8.162100457e-07,False
2020-04-01,12,logistic,"{'C': 0.01, 'class_weight': 'balanced'}",0,0.2234272964,0.5805155153,0.1960571883,-3.462271514e-05,0,6.678082192e-07,False
2020-04-02,12,logistic,"{'C': 0.01, 'class_weight': 'balanced'}",0,0.2644916476,0.6558290309,0.07967932143,-0.001202501037,-1,6.678082192e-07,False
2020-04-03,12,logistic,"{'C': 0.01, 'class_weight': 'balanced'}",0,0.2435908587,0.6308824277,0.1255267137,-0.0007020088527,-1,7.420091324e-07,False
2020-04-06,12,logistic,"{'C': 0.01, 'class_weight': 'balanced'}",0,0.337278965,0.64235343,0.02036760493,-0.002241303428,-1,1.113013699e-06,False
2020-04-07,12,logistic,"{'C': 0.01, 'class_weight': 'balanced'}",0,0.2846984763,0.6460926859,0.06920883787,-0.001448818942,-1,1.038812785e-06,False
2020-04-08,12,logistic,"{'C': 0.01, 'class_weight': 'balanced'}",0,0.3429061214,0.6346294671,0.02246441152,-0.002274724301,-1,1.632420091e-06,False
2020-04-09,12,logistic,"{'C': 0.01, 'class_weight': 'balanced'}",0,0.3324962317,0.6272547814,0.04024898686,-0.002060885669,-1,1.855022831e-06,False
2020-04-13,12,logistic,"{'C': 0.01, 'class_weight': 'balanced'}",0,0.3176861759,0.6339695406,0.04834428352,-0.001877397745,-1,1.929223744e-06,False
2020-04-14,12,logistic,"{'C': 0.01, 'class_weight': 'balanced'}",0,0.3396423707,0.6300562664,0.03030136291,-0.002191814994,-1,1.484018265e-06,False
2020-04-15,12,logistic,"{'C': 0.01, 'class_weight': 'balanced'}",0,0.2912094796,0.6073850822,0.1014054383,-0.001278591209,-1,1.038812785e-06,False
2020-04-16,12,logistic,"{'C': 0.01, 'class_weight': 'balanced'}",0,0.267623754,0.6231129544,0.1092632916,-0.001021703305,-1,1.038812785e-06,False
2020-04-17,12,logistic,"{'C': 0.01, 'class_weight': 'balanced'}",0,0.2866357058,0.6643096659,0.04905462833,-0.001606810995,-1,8.904109589e-07,False
2020-04-20,12,logistic,"{'C': 0.01, 'class_weight': 'balanced'}",0,0.2618940722,0.6080119998,0.130093928,-0.0008265245763,-1,8.904109589e-07,False
2020-04-21,13,logistic,"{'C': 0.01, 'class_weight': 'balanced'}",0,0.2046884433,0.574773712,0.2205378447,0.0003836013755,0,8.162100457e-07,False
2020-04-22,13,logistic,"{'C': 0.01, 'class_weight': 'balanced'}",0,0.205825646,0.6939358634,0.1002384906,-0.0004773022559,-1,8.904109589e-07,False
2020-04-23,13,logistic,"{'C': 0.01, 'class_weight': 'balanced'}",0,0.2042494596,0.6764004976,0.1193500427,-0.0003283561819,0,8.162100457e-07,False
2020-04-24,13,logistic,"{'C': 0.01, 'class_weight': 'balanced'}",0,0.2038126316,0.7174751866,0.07871218179,-0.0006120108936,-1,8.904109589e-07,False
2020-04-27,13,logistic,"{'C': 0.01, 'class_weight': 'balanced'}",0,0.2040071433,0.7268580665,0.0691347902,-0.0006814572908,-1,8.904109589e-07,False
2020-04-28,13,logistic,"{'C': 0.01, 'class_weight': 'balanced'}",0,0.2036189695,0.6666077809,0.1297732496,-0.0002491222946,0,8.162100457e-07,False
2020-04-29,13,logistic,"{'C': 0.01, 'class_weight': 'balanced'}",0,0.2038368358,0.7159483915,0.08021477267,-0.000601592984,-1,7.420091324e-07,False
2020-04-30,13,logistic,"{'C': 0.01, 'class_weight': 'balanced'}",0,0.2035385711,0.6739956398,0.1224657891,-0.0003001126785,0,6.678082192e-07,False
2020-05-01,13,logistic,"{'C': 0.01, 'class_weight': 'balanced'}",0,0.2101166112,0.6700526655,0.1198307233,-0.0003761522158,0,8.904109589e-07,False
2020-05-04,13,logistic,"{'C': 0.01, 'class_weight': 'balanced'}",0,0.2055986097,0.6502071522,0.1441942381,-0.0001643844603,0,9.646118721e-07,False
2020-05-05,13,logistic,"{'C': 0.01, 'class_weight': 'balanced'}",0,0.2068765583,0.660957852,0.1321655897,-0.0002606246829,0,9.646118721e-07,False
2020-05-06,13,logistic,"{'C': 0.01, 'class_weight': 'balanced'}",0,0.206204291,0.652725663,0.1410700461,-0.0001917696759,0,8.904109589e-07,False
2020-05-07,13,logistic,"{'C': 0.01, 'class_weight': 'balanced'}",0,0.206324206,0.6251004108,0.1685753833,1.752791519e-06,0,8.162100457e-07,False
2020-05-08,13,logistic,"{'C': 0.01, 'class_weight': 'balanced'}",0,0.204714592,0.7112369427,0.08404846527,-0.0005821332194,-1,8.904109589e-07,False
2020-05-11,13,logistic,"{'C': 0.01, 'class_weight': 'balanced'}",0,0.2037895841,0.7016659708,0.09454444504,-0.0004998146086,-1,8.904109589e-07,False
2020-05-12,13,logistic,"{'C': 0.01, 'class_weight': 'balanced'}",0,0.2089638656,0.5635538736,0.2274822607,0.000395418189,0,9.646118721e-07,False
2020-05-13,13,logistic,"{'C': 0.01, 'class_weight': 'balanced'}",0,0.2215253979,0.4651172897,0.3133573124,0.0008932751351,1,9.646118721e-07,False
2020-05-14,13,logistic,"{'C': 0.01, 'class_weight': 'balanced'}",0,0.209673408,0.6086969253,0.1816296667,6.48720611e-05,0,8.904109589e-07,False
2020-05-15,13,logistic,"{'C': 0.01, 'class_weight': 'balanced'}",0,0.2070661427,0.6586496125,0.1342842447,-0.0002472919184,0,8.904109589e-07,False
2020-05-18,13,logistic,"{'C': 0.01, 'class_weight': 'balanced'}",0,0.2038904415,0.7003195813,0.0957899772,-0.000491883965,-1,9.646118721e-07,False
2020-05-19,13,logistic,"{'C': 0.01, 'class_weight': 'balanced'}",0,0.2046950007,0.629529092,0.1657759072,-3.833987473e-06,0,9.646118721e-07,False
2020-05-20,14,logistic,"{'C': 0.01, 'class_weight': 'balanced'}",0,0.2143283322,0.6612754181,0.1243962497,-0.0003829663126,0,8.904109589e-07,False
2020-05-21,14,logistic,"{'C': 0.01, 'class_weight': 'balanced'}",0,0.2148386802,0.6455456668,0.139615653,-0.0002800584251,0,8.904109589e-07,False
2020-05-22,14,logistic,"{'C': 0.01, 'class_weight': 'balanced'}",0,0.2135979159,0.6867524881,0.09964959598,-0.0005511763294,-1,8.904109589e-07,False
2020-05-26,14,logistic,"{'C': 0.01, 'class_weight': 'balanced'}",0,0.214729072,0.6562286417,0.1290422863,-0.0003537259684,0,1.038812785e-06,False
2020-05-27,14,logistic,"{'C': 0.01, 'class_weight': 'balanced'}",0,0.2142934174,0.6689809391,0.1167256434,-0.0004368054669,-1,1.113013699e-06,False
2020-05-28,14,logistic,"{'C': 0.01, 'class_weight': 'balanced'}",0,0.2144808148,0.6601352946,0.1253838907,-0.0003773478656,0,1.113013699e-06,False
2020-05-29,14,logistic,"{'C': 0.01, 'class_weight': 'balanced'}",0,0.2150181605,0.6591625952,0.1258192443,-0.0003790446555,0,1.038812785e-06,False
2020-06-01,14,logistic,"{'C': 0.01, 'class_weight': 'balanced'}",0,0.2141848997,0.6741188265,0.1116962738,-0.0004713459626,-1,1.038812785e-06,False
2020-06-02,14,logistic,"{'C': 0.01, 'class_weight': 'balanced'}",0,0.2146834424,0.6709371641,0.1143793935,-0.0004568306415,-1,1.113013699e-06,False
2020-06-03,14,logistic,"{'C': 0.01, 'class_weight': 'balanced'}",0,0.2140595907,0.6992423976,0.08669801168,-0.0006467037662,-1,1.187214612e-06,False
2020-06-04,14,logistic,"{'C': 0.01, 'class_weight': 'balanced'}",0,0.2139680838,0.697930004,0.08810191217,-0.0006359808969,-1,1.113013699e-06,False
2020-06-05,14,logistic,"{'C': 0.01, 'class_weight': 'balanced'}",0,0.2139721814,0.7347413584,0.05128646018,-0.0008959085257,-1,1.113013699e-06,False
2020-06-08,14,logistic,"{'C': 0.01, 'class_weight': 'balanced'}",0,0.2160298576,0.7156907117,0.06827943073,-0.0007942163113,-1,1.261415525e-06,False
2020-06-09,14,logistic,"{'C': 0.01, 'class_weight': 'balanced'}",0,0.2170650309,0.6377522969,0.1451826723,-0.0002605227507,0,1.409817352e-06,False
2020-06-10,14,logistic,"{'C': 0.01, 'class_weight': 'balanced'}",0,0.2177633812,0.5299256127,0.2523110062,0.0004895287677,1,1.261415525e-06,False
2020-06-11,14,logistic,"{'C': 0.01, 'class_weight': 'balanced'}",0,0.2452267301,0.1941900579,0.5605832119,0.002421918835,1,1.261415525e-06,False
2020-06-12,14,logistic,"{'C': 0.01, 'class_weight': 'balanced'}",0,0.2324804622,0.4164992556,0.3510202822,0.001055701733,1,1.187214612e-06,False
2020-06-15,14,logistic,"{'C': 0.01, 'class_weight': 'balanced'}",0,0.2208449583,0.5358499387,0.243305103,0.0003985978909,0,1.335616438e-06,False
2020-06-16,14,logistic,"{'C': 0.01, 'class_weight': 'balanced'}",0,0.2233081833,0.545031993,0.2316598237,0.0002945240542,0,1.261415525e-06,False
2020-06-17,14,logistic,"{'C': 0.01, 'class_weight': 'balanced'}",0,0.2201112469,0.5286862498,0.2512025033,0.0004608612361,1,1.261415525e-06,False
2020-06-18,14,logistic,"{'C': 0.01, 'class_weight': 'balanced'}",0,0.2185168142,0.5511199123,0.2303632734,0.0003279048635,0,1.187214612e-06,False
2020-06-19,15,logistic,"{'C': 0.01, 'class_weight': 'balanced'}",0,0.2386072482,0.5001375139,0.2612552379,0.0003483113051,0,1.113013699e-06,False
2020-06-22,15,logistic,"{'C': 0.01, 'class_weight': 'balanced'}",0,0.2290818726,0.5562046918,0.2147134356,0.0001045750167,0,1.187214612e-06,False
2020-06-23,15,logistic,"{'C': 0.01, 'class_weight': 'balanced'}",0,0.2307847454,0.5311365303,0.2380787244,0.0002548585106,0,1.187214612e-06,False
2020-06-24,15,logistic,"{'C': 0.01, 'class_weight': 'balanced'}",0,0.2394941894,0.4002032851,0.3603025254,0.001042789295,1,1.113013699e-06,False
2020-06-25,15,logistic,"{'C': 0.01, 'class_weight': 'balanced'}",0,0.2323152608,0.5204651521,0.2472195872,0.0003058141877,0,1.187214612e-06,False
2020-06-26,15,logistic,"{'C': 0.01, 'class_weight': 'balanced'}",0,0.2421328719,0.4112628781,0.34660425,0.0009217033191,1,1.038812785e-06,False
2020-06-29,15,logistic,"{'C': 0.01, 'class_weight': 'balanced'}",0,0.2347732297,0.5072870106,0.2579397597,0.0003595615717,0,1.038812785e-06,False
2020-06-30,15,logistic,"{'C': 0.01, 'class_weight': 'balanced'}",0,0.2279175857,0.5348123044,0.2372701099,0.0002751221006,0,1.187214612e-06,False
2020-07-01,15,logistic,"{'C': 0.01, 'class_weight': 'balanced'}",0,0.2361004231,0.564925853,0.1989737239,-7.070631206e-05,0,1.038812785e-06,False
2020-07-02,15,logistic,"{'C': 0.01, 'class_weight': 'balanced'}",0,0.2259664481,0.5451806498,0.2288529021,0.0002331132787,0,1.038812785e-06,False
2020-07-06,15,logistic,"{'C': 0.01, 'class_weight': 'balanced'}",0,0.2220028892,0.6152141121,0.1627829987,-0.0001995651374,0,1.113013699e-06,False
2020-07-07,15,logistic,"{'C': 0.01, 'class_weight': 'balanced'}",0,0.2230181269,0.5334059211,0.243575952,0.0003642755061,0,1.113013699e-06,False
2020-07-08,15,logistic,"{'C': 0.01, 'class_weight': 'balanced'}",0,0.2219797567,0.5868693622,0.1911508811,1.851773091e-06,0,1.113013699e-06,False
2020-07-09,15,logistic,"{'C': 0.01, 'class_weight': 'balanced'}",0,0.2245791013,0.5049339146,0.2704869841,0.0005409948876,1,9.646118721e-07,False
2020-07-10,15,logistic,"{'C': 0.01, 'class_weight': 'balanced'}",0,0.2210382981,0.6327362483,0.1462254536,-0.0003082574158,0,9.646118721e-07,False
2020-07-13,15,logistic,"{'C': 0.01, 'class_weight': 'balanced'}",0,0.2298674751,0.5145793947,0.2555531302,0.0003871182771,0,1.038812785e-06,False
2020-07-14,15,logistic,"{'C': 0.01, 'class_weight': 'balanced'}",0,0.2226466737,0.5665000489,0.2108532774,0.0001355490465,0,1.113013699e-06,False
2020-07-15,15,logistic,"{'C': 0.01, 'class_weight': 'balanced'}",0,0.2240039941,0.5642418623,0.2117541436,0.0001296307434,0,1.187214612e-06,False
2020-07-16,15,logistic,"{'C': 0.01, 'class_weight': 'balanced'}",0,0.2215683978,0.5674928392,0.210938763,0.0001459329994,0,8.162100457e-07,False
2020-07-17,15,logistic,"{'C': 0.01, 'class_weight': 'balanced'}",0,0.2222530879,0.6069104991,0.170836413,-0.0001447128011,0,8.162100457e-07,False
2020-07-20,15,logistic,"{'C': 0.01, 'class_weight': 'balanced'}",0,0.2214728637,0.6027845108,0.1757426255,-0.0001028391755,0,9.646118721e-07,False
2020-07-21,16,logistic,"{'C': 0.01, 'class_weight': 'balanced'}",0,0.2173846726,0.5140945828,0.2685207446,0.00060182295,1,9.646118721e-07,False
2020-07-22,16,logistic,"{'C': 0.01, 'class_weight': 'balanced'}",0,0.2162247247,0.5482082095,0.2355670658,0.0003744173197,0,9.646118721e-07,False
2020-07-23,16,logistic,"{'C': 0.01, 'class_weight': 'balanced'}",0,0.2201792129,0.3935801145,0.3862406725,0.001426491628,1,8.904109589e-07,False
2020-07-24,16,logistic,"{'C': 0.01, 'class_weight': 'balanced'}",0,0.2196965503,0.4594652455,0.3208382042,0.000958561594,1,8.162100457e-07,False
2020-07-27,16,logistic,"{'C': 0.01, 'class_weight': 'balanced'}",0,0.2188038939,0.5490296924,0.2321664137,0.0003263225667,0,8.162100457e-07,False
2020-07-28,16,logistic,"{'C': 0.01, 'class_weight': 'balanced'}",0,0.2201274006,0.4360494076,0.3438231919,0.001120626816,1,8.162100457e-07,False
2020-07-29,16,logistic,"{'C': 0.01, 'class_weight': 'balanced'}",0,0.2186934754,0.5310262894,0.2502802352,0.00045814756,1,8.162100457e-07,False
2020-07-30,16,logistic,"{'C': 0.01, 'class_weight': 'balanced'}",0,0.2184046904,0.4850947273,0.2965005823,0.0007945845551,1,6.678082192e-07,False
2020-07-31,16,logistic,"{'C': 0.01, 'class_weight': 'balanced'}",0,0.2185228888,0.5211537222,0.2603233889,0.0005322355081,1,6.678082192e-07,False
2020-08-03,16,logistic,"{'C': 0.01, 'class_weight': 'balanced'}",0,0.2229836396,0.5546369458,0.2223794146,0.0002175003004,0,7.420091324e-07,False
2020-08-04,16,logistic,"{'C': 0.01, 'class_weight': 'balanced'}",0,0.2158061148,0.5479470414,0.2362468438,0.0003831465398,0,6.678082192e-07,False
2020-08-05,16,logistic,"{'C': 0.01, 'class_weight': 'balanced'}",0,0.2158720912,0.5591892052,0.2249387037,0.0003008774887,0,7.420091324e-07,False
2020-08-06,16,logistic,"{'C': 0.01, 'class_weight': 'balanced'}",0,0.2144949201,0.6299889238,0.1555161561,-0.000187922879,0,7.420091324e-07,False
2020-08-07,16,logistic,"{'C': 0.01, 'class_weight': 'balanced'}",0,0.2148649006,0.6430768979,0.1420582015,-0.0002884919062,0,7.420091324e-07,False
2020-08-10,16,logistic,"{'C': 0.01, 'class_weight': 'balanced'}",0,0.2159643233,0.5829242548,0.2011114219,0.0001279560328,0,8.162100457e-07,False
2020-08-11,16,logistic,"{'C': 0.01, 'class_weight': 'balanced'}",0,0.2213526762,0.560059596,0.2185877278,0.0002049996849,0,8.162100457e-07,False
2020-08-12,16,logistic,"{'C': 0.01, 'class_weight': 'balanced'}",0,0.2172566741,0.627967314,0.1547760119,-0.0002184696509,0,8.162100457e-07,False
2020-08-13,16,logistic,"{'C': 0.01, 'class_weight': 'balanced'}",0,0.2171010953,0.635410972,0.1474879327,-0.0002696842292,0,7.420091324e-07,False
2020-08-14,16,logistic,"{'C': 0.01, 'class_weight': 'balanced'}",0,0.2187553002,0.6061625551,0.1750821446,-8.549466621e-05,0,7.420091324e-07,False
2020-08-17,16,logistic,"{'C': 0.01, 'class_weight': 'balanced'}",0,0.2197452599,0.5520654427,0.2281892974,0.0002890098424,0,7.420091324e-07,False
2020-08-18,16,logistic,"{'C': 0.01, 'class_weight': 'balanced'}",0,0.2215148065,0.5071099041,0.2713752893,0.0005847502002,1,6.678082192e-07,False
2020-08-19,17,logistic,"{'C': 0.01, 'class_weight': 'balanced'}",0,0.2314387662,0.4117100576,0.3568511762,0.001125962918,1,8.162100457e-07,False
2020-08-20,17,logistic,"{'C': 0.01, 'class_weight': 'balanced'}",0,0.2266745523,0.4749322589,0.2983931888,0.0007503544942,1,8.162100457e-07,False
2020-08-21,17,logistic,"{'C': 0.01, 'class_weight': 'balanced'}",0,0.2228871642,0.5331504304,0.2439624054,0.0003947120914,0,7.420091324e-07,False
2020-08-24,17,logistic,"{'C': 0.01, 'class_weight': 'balanced'}",0,0.2243328106,0.5097965541,0.2658706353,0.0005385747872,1,8.904109589e-07,False
2020-08-25,17,logistic,"{'C': 0.01, 'class_weight': 'balanced'}",0,0.2184154851,0.5967936397,0.1847908752,1.132368192e-05,0,8.162100457e-07,False
2020-08-26,17,logistic,"{'C': 0.01, 'class_weight': 'balanced'}",0,0.2192393388,0.5851847542,0.1955759071,8.112253208e-05,0,8.162100457e-07,False
2020-08-27,17,logistic,"{'C': 0.01, 'class_weight': 'balanced'}",0,0.2204668609,0.5667924465,0.2127406926,0.0001929724138,0,8.162100457e-07,False
2020-08-28,17,logistic,"{'C': 0.01, 'class_weight': 'balanced'}",0,0.2165518767,0.628690509,0.1547576143,-0.0001869696779,0,7.420091324e-07,False
2020-08-31,17,logistic,"{'C': 0.01, 'class_weight': 'balanced'}",0,0.2264798676,0.4770251318,0.2964950006,0.000738522451,1,8.162100457e-07,False
2020-09-01,17,logistic,"{'C': 0.01, 'class_weight': 'balanced'}",0,0.2252345795,0.5291978486,0.2455675719,0.0003848292373,0,8.904109589e-07,False
2020-09-02,17,logistic,"{'C': 0.01, 'class_weight': 'balanced'}",0,0.2237976556,0.5178871994,0.258315145,0.0004892943006,1,8.904109589e-07,False
2020-09-03,17,logistic,"{'C': 0.01, 'class_weight': 'balanced'}",0,0.2580654108,0.2307715991,0.5111629901,0.001989437062,1,8.162100457e-07,False
2020-09-04,17,logistic,"{'C': 0.01, 'class_weight': 'balanced'}",0,0.2401331477,0.4073647821,0.3525020702,0.001015570533,1,8.162100457e-07,False
2020-09-08,17,logistic,"{'C': 0.01, 'class_weight': 'balanced'}",0,0.246963961,0.2402782046,0.5127578344,0.002102019297,1,9.646118721e-07,False
2020-09-09,17,logistic,"{'C': 0.01, 'class_weight': 'balanced'}",0,0.237400883,0.3652908116,0.3973083054,0.001361629411,1,8.904109589e-07,False
2020-09-10,17,logistic,"{'C': 0.01, 'class_weight': 'balanced'}",0,0.2456841032,0.2072205087,0.5470953881,0.002359806768,1,8.904109589e-07,False
2020-09-11,17,logistic,"{'C': 0.01, 'class_weight': 'balanced'}",0,0.238486214,0.3234035607,0.4381102253,0.00164420205,1,8.162100457e-07,False
2020-09-14,17,logistic,"{'C': 0.01, 'class_weight': 'balanced'}",0,0.2372634894,0.331198232,0.4315382786,0.001608236222,1,8.162100457e-07,False
2020-09-15,17,logistic,"{'C': 0.01, 'class_weight': 'balanced'}",0,0.2344321558,0.3630995343,0.4024683099,0.001425664997,1,8.162100457e-07,False
2020-09-16,17,logistic,"{'C': 0.01, 'class_weight': 'balanced'}",0,0.2403219741,0.2791767939,0.480501232,0.001931327486,1,8.904109589e-07,False
2020-09-17,17,logistic,"{'C': 0.01, 'class_weight': 'balanced'}",0,0.2396730018,0.2912139469,0.4691130513,0.001855611935,1,6.678082192e-07,False
2020-09-18,18,logistic,"{'C': 0.01, 'class_weight': 'balanced'}",0,0.256500015,0.4330235569,0.3104764281,0.0005265950598,1,7.420091324e-07,False
2020-09-21,18,logistic,"{'C': 0.01, 'class_weight': 'balanced'}",0,0.2517768356,0.3800852669,0.3681378975,0.0009830200889,1,7.420091324e-07,False
2020-09-22,18,logistic,"{'C': 0.01, 'class_weight': 'balanced'}",0,0.2610336263,0.4760927483,0.2628736255,0.0001439043025,0,7.420091324e-07,False
2020-09-23,18,logistic,"{'C': 0.01, 'class_weight': 'balanced'}",0,0.2618722384,0.2915697669,0.4465579947,0.001450485914,1,8.162100457e-07,False
2020-09-24,18,logistic,"{'C': 0.01, 'class_weight': 'balanced'}",0,0.2634855312,0.4161374488,0.32037702,0.0005326220604,1,7.420091324e-07,False
2020-09-25,18,logistic,"{'C': 0.01, 'class_weight': 'balanced'}",0,0.2605969224,0.5609603514,0.1784427261,-0.0004561932413,-1,7.420091324e-07,False
2020-09-28,18,logistic,"{'C': 0.01, 'class_weight': 'balanced'}",0,0.2509794167,0.5208327233,0.22818786,-1.100049304e-05,0,8.162100457e-07,False
2020-09-29,18,logistic,"{'C': 0.01, 'class_weight': 'balanced'}",0,0.2376068098,0.4520998751,0.3102933151,0.0007005910178,1,6.678082192e-07,False
2020-09-30,18,logistic,"{'C': 0.01, 'class_weight': 'balanced'}",0,0.2422224278,0.5112130798,0.2465644924,0.0002017487726,0,7.420091324e-07,False
2020-10-01,18,logistic,"{'C': 0.01, 'class_weight': 'balanced'}",0,0.261432001,0.5120990688,0.2264689302,-0.0001202878001,0,6.678082192e-07,False
2020-10-02,18,logistic,"{'C': 0.01, 'class_weight': 'balanced'}",0,0.2457698556,0.5709896925,0.1832404519,-0.0002842855125,0,6.678082192e-07,False
2020-10-05,18,logistic,"{'C': 0.01, 'class_weight': 'balanced'}",0,0.251305235,0.6373325285,0.1113622365,-0.0008499754343,-1,7.420091324e-07,False
2020-10-06,18,logistic,"{'C': 0.01, 'class_weight': 'balanced'}",0,0.2528989325,0.4601267401,0.2869743274,0.0003918382905,0,7.420091324e-07,False
2020-10-07,18,logistic,"{'C': 0.01, 'class_weight': 'balanced'}",0,0.2581913806,0.5934931804,0.148315439,-0.0006494500523,-1,7.420091324e-07,False
2020-10-08,18,logistic,"{'C': 0.01, 'class_weight': 'balanced'}",0,0.246177626,0.5867713838,0.1670509902,-0.0004039136551,-1,6.678082192e-07,False
2020-10-09,18,logistic,"{'C': 0.01, 'class_weight': 'balanced'}",0,0.2451272295,0.6104456125,0.144427158,-0.0005560532291,-1,7.420091324e-07,False
2020-10-12,18,logistic,"{'C': 0.01, 'class_weight': 'balanced'}",0,0.245004996,0.5453770742,0.2096179298,-8.844313816e-05,0,7.420091324e-07,False
2020-10-13,18,logistic,"{'C': 0.01, 'class_weight': 'balanced'}",0,0.2424414535,0.4790680042,0.2784905423,0.0004281649651,1,8.162100457e-07,False
2020-10-14,18,logistic,"{'C': 0.01, 'class_weight': 'balanced'}",0,0.2467358604,0.4447633904,0.3085007492,0.0006030576055,1,8.904109589e-07,False
2020-10-15,18,logistic,"{'C': 0.01, 'class_weight': 'balanced'}",0,0.2475346832,0.5144938627,0.2379714541,9.09695019e-05,0,8.162100457e-07,False
2020-10-16,18,logistic,"{'C': 0.01, 'class_weight': 'balanced'}",0,0.2610248806,0.516846633,0.2221284863,-0.0001475684813,0,8.162100457e-07,False
2020-10-19,19,logistic,"{'C': 0.01, 'class_weight': 'balanced'}",0,0.246109818,0.4029024285,0.3509877535,0.0009204167338,1,8.162100457e-07,False
2020-10-20,19,logistic,"{'C': 0.01, 'class_weight': 'balanced'}",0,0.2513192404,0.4990835759,0.2495971838,0.0001435018304,0,7.420091324e-07,False
2020-10-21,19,logistic,"{'C': 0.01, 'class_weight': 'balanced'}",0,0.2458869939,0.4762055642,0.2779074419,0.000397783857,0,7.420091324e-07,False
2020-10-22,19,logistic,"{'C': 0.01, 'class_weight': 'balanced'}",0,0.2500599209,0.4951584092,0.2547816699,0.0001925525812,0,6.678082192e-07,False
2020-10-23,19,logistic,"{'C': 0.01, 'class_weight': 'balanced'}",0,0.2426347915,0.5130546016,0.2443106069,0.0001870941208,0,7.420091324e-07,False
2020-10-26,19,logistic,"{'C': 0.01, 'class_weight': 'balanced'}",0,0.2547426986,0.2868025781,0.4584547233,0.001610976005,1,8.162100457e-07,False
2020-10-27,19,logistic,"{'C': 0.01, 'class_weight': 'balanced'}",0,0.2487791625,0.3413006832,0.4099201543,0.001318492106,1,7.420091324e-07,False
2020-10-28,19,logistic,"{'C': 0.01, 'class_weight': 'balanced'}",0,0.3022242574,0.2196003944,0.4781753482,0.001306701108,1,7.420091324e-07,False
2020-10-29,19,logistic,"{'C': 0.01, 'class_weight': 'balanced'}",0,0.2773234883,0.4019485016,0.3207280102,0.0004100390256,1,6.678082192e-07,False
2020-10-30,19,logistic,"{'C': 0.01, 'class_weight': 'balanced'}",0,0.2757522219,0.4054271599,0.3188206182,0.0004110985619,1,6.678082192e-07,False
2020-11-02,19,logistic,"{'C': 0.01, 'class_weight': 'balanced'}",0,0.2866195983,0.4178844021,0.2954959996,0.0001415759166,0,6.678082192e-07,False
2020-11-03,19,logistic,"{'C': 0.01, 'class_weight': 'balanced'}",0,0.2533880556,0.4753234985,0.271288446,0.0002798206368,0,7.420091324e-07,False
2020-11-04,19,logistic,"{'C': 0.01, 'class_weight': 'balanced'}",0,0.2206803148,0.4747420705,0.3045776147,0.0008259799125,1,7.420091324e-07,False
2020-11-05,19,logistic,"{'C': 0.01, 'class_weight': 'balanced'}",0,0.2216232803,0.5356167595,0.2427599602,0.0003732670037,0,7.420091324e-07,False
2020-11-06,19,logistic,"{'C': 0.01, 'class_weight': 'balanced'}",0,0.2157627297,0.620142677,0.1640945933,-0.0001365266652,0,7.420091324e-07,False
2020-11-09,19,logistic,"{'C': 0.01, 'class_weight': 'balanced'}",0,0.227773998,0.5571175459,0.2151084561,0.0001169681694,0,8.162100457e-07,False
2020-11-10,19,logistic,"{'C': 0.01, 'class_weight': 'balanced'}",0,0.2138213261,0.6207883232,0.1653903507,-0.0001089923977,0,7.420091324e-07,False
2020-11-11,19,logistic,"{'C': 0.01, 'class_weight': 'balanced'}",0,0.2191962589,0.640921034,0.1398827071,-0.000342613122,0,7.420091324e-07,False
2020-11-12,19,logistic,"{'C': 0.01, 'class_weight': 'balanced'}",0,0.218821251,0.5410427921,0.240135957,0.0003807385554,0,7.420091324e-07,False
2020-11-13,19,logistic,"{'C': 0.01, 'class_weight': 'balanced'}",0,0.2291641228,0.6377463367,0.1330895405,-0.0004849911925,-1,6.678082192e-07,False
2020-11-16,19,logistic,"{'C': 0.01, 'class_weight': 'balanced'}",0,0.229626346,0.5931217606,0.1772518933,-0.000172240739,0,6.678082192e-07,False
2020-11-17,20,logistic,"{'C': 0.01, 'class_weight': 'balanced'}",0,0.2232468391,0.5249512829,0.251801878,0.00040726175,1,6.678082192e-07,False
2020-11-18,20,logistic,"{'C': 0.01, 'class_weight': 'balanced'}",0,0.2292894325,0.4286794511,0.3420311164,0.0009984819764,1,6.678082192e-07,False
2020-11-19,20,logistic,"{'C': 0.01, 'class_weight': 'balanced'}",0,0.2280727602,0.4785051767,0.2934220631,0.0006607411762,1,5.194063927e-07,False
2020-11-20,20,logistic,"{'C': 0.01, 'class_weight': 'balanced'}",0,0.2316479027,0.4443127873,0.32403931,0.000846973276,1,5.194063927e-07,False
2020-11-23,20,logistic,"{'C': 0.01, 'class_weight': 'balanced'}",0,0.236953829,0.4764542427,0.2865919282,0.0005278829828,1,5.936073059e-07,False
2020-11-24,20,logistic,"{'C': 0.01, 'class_weight': 'balanced'}",0,0.2300575065,0.5741683575,0.1957741361,-5.95110187e-05,0,6.678082192e-07,False
2020-11-25,20,logistic,"{'C': 0.01, 'class_weight': 'balanced'}",0,0.2210622634,0.5235758268,0.2553619098,0.0004534483728,1,3.595890411e-07,False
2020-11-27,20,logistic,"{'C': 0.01, 'class_weight': 'balanced'}",0,0.2225231463,0.5709204979,0.2065563558,8.903435944e-05,0,6.678082192e-07,False
2020-11-30,20,logistic,"{'C': 0.01, 'class_weight': 'balanced'}",0,0.2213468615,0.4849160748,0.2937370637,0.0007264599828,1,5.936073059e-07,False
2020-12-01,20,logistic,"{'C': 0.01, 'class_weight': 'balanced'}",0,0.2441157752,0.538738059,0.2171461658,-3.860234065e-05,0,6.678082192e-07,False
2020-12-02,20,logistic,"{'C': 0.01, 'class_weight': 'balanced'}",0,0.2236847168,0.5637357325,0.2125795507,0.0001213476076,0,6.678082192e-07,False
2020-12-03,20,logistic,"{'C': 0.01, 'class_weight': 'balanced'}",0,0.2256460461,0.5156031439,0.2587508101,0.0004345491929,1,5.936073059e-07,False
2020-12-04,20,logistic,"{'C': 0.01, 'class_weight': 'balanced'}",0,0.2308742576,0.5967820163,0.1723437261,-0.000235546591,0,6.678082192e-07,False
2020-12-07,20,logistic,"{'C': 0.01, 'class_weight': 'balanced'}",0,0.2240550926,0.5285137607,0.2474311467,0.0003682358264,0,5.936073059e-07,False
2020-12-08,20,logistic,"{'C': 0.01, 'class_weight': 'balanced'}",0,0.2312278741,0.5143495797,0.2544225462,0.0003507918846,0,6.678082192e-07,False
2020-12-09,20,logistic,"{'C': 0.01, 'class_weight': 'balanced'}",0,0.2462380154,0.3858612314,0.3679007531,0.001024433798,1,5.936073059e-07,False
2020-12-10,20,logistic,"{'C': 0.01, 'class_weight': 'balanced'}",0,0.2379139395,0.4127842755,0.3493017851,0.0009693480114,1,5.936073059e-07,False
2020-12-11,20,logistic,"{'C': 0.01, 'class_weight': 'balanced'}",0,0.2430680879,0.4373748049,0.3195571073,0.0007070278167,1,5.936073059e-07,False
2020-12-14,20,logistic,"{'C': 0.01, 'class_weight': 'balanced'}",0,0.2454176312,0.3507739738,0.403808395,0.001290143189,1,6.678082192e-07,False
2020-12-15,20,logistic,"{'C': 0.01, 'class_weight': 'balanced'}",0,0.2419598462,0.4354534231,0.3225867307,0.0007392491363,1,5.936073059e-07,False
2020-12-16,20,logistic,"{'C': 0.01, 'class_weight': 'balanced'}",0,0.2351285545,0.4361941672,0.3286772782,0.0008474552445,1,6.678082192e-07,False
2020-12-17,21,logistic,"{'C': 0.01, 'class_weight': 'balanced'}",0,0.2315827029,0.4724940918,0.2959232054,0.0006469222859,1,5.936073059e-07,False
2020-12-18,21,logistic,"{'C': 0.01, 'class_weight': 'balanced'}",0,0.2449236948,0.4769445186,0.2781317866,0.0003940204002,0,5.936073059e-07,False
2020-12-21,21,logistic,"{'C': 0.01, 'class_weight': 'balanced'}",0,0.2553932152,0.3930693441,0.3515374407,0.0008189745641,1,6.678082192e-07,False
2020-12-22,21,logistic,"{'C': 0.01, 'class_weight': 'balanced'}",0,0.2406100167,0.4028749728,0.3565150106,0.0009940572982,1,6.678082192e-07,False
2020-12-23,21,logistic,"{'C': 0.01, 'class_weight': 'balanced'}",0,0.2472801714,0.4554399227,0.2972799059,0.0005084070547,1,3.595890411e-07,False
2020-12-24,21,logistic,"{'C': 0.01, 'class_weight': 'balanced'}",0,0.2310727794,0.5055622871,0.2633649335,0.000419413075,1,6.678082192e-07,False
2020-12-28,21,logistic,"{'C': 0.01, 'class_weight': 'balanced'}",0,0.2340805372,0.506796515,0.2591229478,0.0003607483642,0,8.162100457e-07,False
2020-12-29,21,logistic,"{'C': 0.01, 'class_weight': 'balanced'}",0,0.2385195206,0.4444162456,0.3170642338,0.0007322876449,1,7.420091324e-07,False
2020-12-30,21,logistic,"{'C': 0.01, 'class_weight': 'balanced'}",0,0.2368909006,0.4393852814,0.323723818,0.0007951832911,1,5.936073059e-07,False
2020-12-31,21,logistic,"{'C': 0.01, 'class_weight': 'balanced'}",0,0.2292385866,0.4256447922,0.3451166212,0.001020077792,1,6.678082192e-07,False
2021-01-04,21,logistic,"{'C': 0.01, 'class_weight': 'balanced'}",0,0.2734385542,0.2848133347,0.4417481111,0.001292321318,1,6.678082192e-07,False
2021-01-05,21,logistic,"{'C': 0.01, 'class_weight': 'balanced'}",0,0.2470170338,0.4592940268,0.2936889394,0.0004852675221,1,6.678082192e-07,False
2021-01-06,21,logistic,"{'C': 0.01, 'class_weight': 'balanced'}",0,0.2473973533,0.49111095,0.2614916967,0.0002519299013,0,6.678082192e-07,False
2021-01-07,21,logistic,"{'C': 0.01, 'class_weight': 'balanced'}",0,0.2272374019,0.5706589274,0.2021036707,1.848521733e-05,0,6.678082192e-07,False
2021-01-08,21,logistic,"{'C': 0.01, 'class_weight': 'balanced'}",0,0.2285226699,0.599237398,0.172239932,-0.0002067448255,0,5.936073059e-07,False
2021-01-11,21,logistic,"{'C': 0.01, 'class_weight': 'balanced'}",0,0.2358441629,0.5112422831,0.2529135539,0.0002997905447,0,5.936073059e-07,False
2021-01-12,21,logistic,"{'C': 0.01, 'class_weight': 'balanced'}",0,0.239618936,0.4772411614,0.2831399026,0.0004798373705,1,6.678082192e-07,False
2021-01-13,21,logistic,"{'C': 0.01, 'class_weight': 'balanced'}",0,0.2309082909,0.4846714683,0.2844202408,0.0005712085303,1,6.678082192e-07,False
2021-01-14,21,logistic,"{'C': 0.01, 'class_weight': 'balanced'}",0,0.2446157722,0.4367301597,0.3186540681,0.0006860788062,1,6.678082192e-07,False
2021-01-15,21,logistic,"{'C': 0.01, 'class_weight': 'balanced'}",0,0.2531800264,0.4381030803,0.3087168933,0.0005343178394,1,6.678082192e-07,False
2021-01-19,21,logistic,"{'C': 0.01, 'class_weight': 'balanced'}",0,0.2481221586,0.4581044052,0.2937734362,0.0004754372344,1,6.678082192e-07,False
2021-01-20,22,logistic,"{'C': 0.01, 'class_weight': 'balanced'}",0,0.2498167751,0.490940279,0.2592429459,0.0002221542216,0,5.936073059e-07,False
2021-01-21,22,logistic,"{'C': 0.01, 'class_weight': 'balanced'}",0,0.2444154713,0.5213829475,0.2342015812,9.396260878e-05,0,6.678082192e-07,False
2021-01-22,22,logistic,"{'C': 0.01, 'class_weight': 'balanced'}",0,0.249419967,0.5129345938,0.2376454392,7.143633039e-05,0,5.936073059e-07,False
2021-01-25,22,logistic,"{'C': 0.01, 'class_weight': 'balanced'}",0,0.2521568876,0.3786568096,0.3691863028,0.0009863758306,1,6.678082192e-07,False
2021-01-26,22,logistic,"{'C': 0.01, 'class_weight': 'balanced'}",0,0.2579565386,0.4545252518,0.2875182096,0.0003476699773,0,5.194063927e-07,False
2021-01-27,22,logistic,"{'C': 0.01, 'class_weight': 'balanced'}",0,0.3041906161,0.2636708791,0.4321385049,0.0009462918236,1,5.936073059e-07,False
2021-01-28,22,logistic,"{'C': 0.01, 'class_weight': 'balanced'}",0,0.2816572597,0.3793935388,0.3389492015,0.0004921615954,1,5.194063927e-07,False
2021-01-29,22,logistic,"{'C': 0.01, 'class_weight': 'balanced'}",0,0.2851460397,0.3805741376,0.3342798227,0.0004258946373,1,4.452054795e-07,False
2021-02-01,22,logistic,"{'C': 0.01, 'class_weight': 'balanced'}",0,0.2796195108,0.423422955,0.2969575342,0.0002110546429,0,5.194063927e-07,False
2021-02-02,22,logistic,"{'C': 0.01, 'class_weight': 'balanced'}",0,0.2621746271,0.49035356,0.2474718129,2.152853925e-05,0,5.194063927e-07,False
2021-02-03,22,logistic,"{'C': 0.01, 'class_weight': 'balanced'}",0,0.2428964753,0.5363235317,0.220779993,1.228959933e-05,0,2.96803653e-07,False
2021-02-04,22,logistic,"{'C': 0.01, 'class_weight': 'balanced'}",0,0.2373756269,0.5615481497,0.2010762233,-7.660321506e-05,0,2.96803653e-07,False
2021-02-05,22,logistic,"{'C': 0.01, 'class_weight': 'balanced'}",0,0.234718225,0.592913821,0.172367954,-0.0002568737931,0,2.226027397e-07,False
2021-02-08,22,logistic,"{'C': 0.01, 'class_weight': 'balanced'}",0,0.2259094642,0.5797732512,0.1943172846,-1.689934119e-05,0,3.710045662e-07,False
2021-02-09,22,logistic,"{'C': 0.01, 'class_weight': 'balanced'}",0,0.232735108,0.5416854231,0.2255794689,0.0001423601272,0,2.96803653e-07,False
2021-02-10,22,logistic,"{'C': 0.01, 'class_weight': 'balanced'}",0,0.2333175748,0.5483727634,0.2183096618,8.48809757e-05,0,3.710045662e-07,False
2021-02-11,22,logistic,"{'C': 0.01, 'class_weight': 'balanced'}",0,0.236117139,0.551379885,0.212502976,1.697465465e-05,0,3.710045662e-07,False
2021-02-12,22,logistic,"{'C': 0.01, 'class_weight': 'balanced'}",0,0.2368747048,0.6188644667,0.1442608285,-0.00047820454,-1,2.96803653e-07,False
2021-02-16,22,logistic,"{'C': 0.01, 'class_weight': 'balanced'}",0,0.2464688496,0.5709080207,0.1826231296,-0.0002942543302,0,2.96803653e-07,False
2021-02-17,22,logistic,"{'C': 0.01, 'class_weight': 'balanced'}",0,0.2399046534,0.5406368088,0.2194585379,3.102983436e-05,0,2.96803653e-07,False
2021-02-18,22,logistic,"{'C': 0.01, 'class_weight': 'balanced'}",0,0.2499767289,0.4796155638,0.2704077073,0.0003004930146,0,2.226027397e-07,False
2021-02-19,23,logistic,"{'C': 0.01, 'class_weight': 'balanced'}",0,0.2572145434,0.5166936585,0.2260917981,-9.132220898e-05,0,2.96803653e-07,False
2021-02-22,23,logistic,"{'C': 0.01, 'class_weight': 'balanced'}",0,0.2543076677,0.4353287268,0.3103636055,0.0005373526872,1,2.226027397e-07,False
2021-02-23,23,logistic,"{'C': 0.01, 'class_weight': 'balanced'}",0,0.2466517576,0.4388852037,0.3144630388,0.0006387153578,1,2.96803653e-07,False
2021-02-24,23,logistic,"{'C': 0.01, 'class_weight': 'balanced'}",0,0.2468917958,0.4986166619,0.2544915424,0.0002085469962,0,2.226027397e-07,False
2021-02-25,23,logistic,"{'C': 0.01, 'class_weight': 'balanced'}",0,0.2721344859,0.3473228046,0.3805427095,0.0008701789935,1,2.96803653e-07,False
2021-02-26,23,logistic,"{'C': 0.01, 'class_weight': 'balanced'}",0,0.2463774391,0.4083710675,0.3452514934,0.0008609803685,1,2.96803653e-07,False
2021-03-01,23,logistic,"{'C': 0.01, 'class_weight': 'balanced'}",0,0.267118914,0.3934945799,0.3393865061,0.00062376472,1,3.710045662e-07,False
2021-03-02,23,logistic,"{'C': 0.01, 'class_weight': 'balanced'}",0,0.2452250441,0.4011406394,0.3536343165,0.0009316479445,1,2.96803653e-07,False
2021-03-03,23,logistic,"{'C': 0.01, 'class_weight': 'balanced'}",0,0.2587634895,0.3656982455,0.375538265,0.0009604153497,1,3.710045662e-07,False
2021-03-04,23,logistic,"{'C': 0.01, 'class_weight': 'balanced'}",0,0.259041448,0.3908192593,0.3501392927,0.0007765709783,1,2.96803653e-07,False
2021-03-05,23,logistic,"{'C': 0.01, 'class_weight': 'balanced'}",0,0.2432204375,0.5231994355,0.233580127,9.392151638e-05,0,2.96803653e-07,False
2021-03-08,23,logistic,"{'C': 0.01, 'class_weight': 'balanced'}",0,0.2532641649,0.4509880202,0.2957478149,0.0004428953481,1,3.710045662e-07,False
2021-03-09,23,logistic,"{'C': 0.01, 'class_weight': 'balanced'}",0,0.24938597,0.4725575872,0.2780564428,0.0003531936887,0,3.710045662e-07,False
2021-03-10,23,logistic,"{'C': 0.01, 'class_weight': 'balanced'}",0,0.2423391757,0.4758917195,0.2817691047,0.0004460592988,1,2.96803653e-07,False
2021-03-11,23,logistic,"{'C': 0.01, 'class_weight': 'balanced'}",0,0.2411794761,0.5755740413,0.1832464826,-0.0002459938697,0,2.96803653e-07,False
2021-03-12,23,logistic,"{'C': 0.01, 'class_weight': 'balanced'}",0,0.2330782063,0.6457170807,0.121204713,-0.0006123656308,-1,2.96803653e-07,False
2021-03-15,23,logistic,"{'C': 0.01, 'class_weight': 'balanced'}",0,0.2280529538,0.5873737204,0.1845733258,-0.0001128853865,0,2.96803653e-07,False
2021-03-16,23,logistic,"{'C': 0.01, 'class_weight': 'balanced'}",0,0.2406814449,0.5531683064,0.2061502487,-7.788033533e-05,0,1.484018265e-07,False
2021-03-17,23,logistic,"{'C': 0.01, 'class_weight': 'balanced'}",0,0.2400270464,0.5828379413,0.1771350123,-0.000278745353,0,1.484018265e-07,False
2021-03-18,23,logistic,"{'C': 0.01, 'class_weight': 'balanced'}",0,0.2474060101,0.5685894971,0.1840044928,-0.0002992342428,0,7.420091324e-08,False
2021-03-19,23,logistic,"{'C': 0.01, 'class_weight': 'balanced'}",0,0.2451605822,0.5840170482,0.1708223695,-0.0003721409459,0,7.420091324e-08,False
2021-03-22,24,logistic,"{'C': 0.01, 'class_weight': None}",0,0.2602196508,0.5749723806,0.1648079686,-0.0005690806433,-1,2.226027397e-07,False
2021-03-23,24,logistic,"{'C': 0.01, 'class_weight': None}",0,0.2953538774,0.4605698708,0.2440762518,-0.0003357500741,0,7.420091324e-08,False
2021-03-24,24,logistic,"{'C': 0.01, 'class_weight': None}",0,0.3162364571,0.4279736185,0.2557899243,-0.0004502133005,-1,1.484018265e-07,False
2021-03-25,24,logistic,"{'C': 0.01, 'class_weight': None}",0,0.2807169681,0.4945633851,0.2247196468,-0.00033522738,0,1.484018265e-07,False
2021-03-26,24,logistic,"{'C': 0.01, 'class_weight': None}",0,0.2640521849,0.5840512961,0.151896519,-0.0006977893009,-1,1.484018265e-07,False
2021-03-29,24,logistic,"{'C': 0.01, 'class_weight': None}",0,0.2472279826,0.560874387,0.1918976304,-0.000252042409,0,2.226027397e-07,False
2021-03-30,24,logistic,"{'C': 0.01, 'class_weight': None}",0,0.2328182317,0.5648122153,0.202369553,-4.03750036e-05,0,1.484018265e-07,False
2021-03-31,24,logistic,"{'C': 0.01, 'class_weight': None}",0,0.2636981361,0.5045765563,0.2317253076,-0.0001235803458,0,2.226027397e-07,False
2021-04-01,24,logistic,"{'C': 0.01, 'class_weight': None}",0,0.2430075497,0.5513616499,0.2056308004,-0.0001137756013,0,1.484018265e-07,False
2021-04-05,24,logistic,"{'C': 0.01, 'class_weight': None}",0,0.2674023457,0.5669189388,0.1656787155,-0.0006310353027,-1,2.226027397e-07,False
2021-04-06,24,logistic,"{'C': 0.01, 'class_weight': None}",0,0.2300347875,0.5668996339,0.2030655786,-8.976118473e-06,0,1.484018265e-07,False
2021-04-07,24,logistic,"{'C': 0.01, 'class_weight': None}",0,0.2531830906,0.5492167882,0.1976001212,-0.0002677929277,0,1.484018265e-07,False
2021-04-08,24,logistic,"{'C': 0.01, 'class_weight': None}",0,0.2339316321,0.5764377326,0.1896306354,-0.0001420386911,0,7.420091324e-08,False
2021-04-09,24,logistic,"{'C': 0.01, 'class_weight': None}",0,0.2559388382,0.6041721391,0.1398890228,-0.0007066383352,-1,1.484018265e-07,False
2021-04-12,24,logistic,"{'C': 0.01, 'class_weight': None}",0,0.2347767462,0.5727215952,0.1925016586,-0.0001295304679,0,1.484018265e-07,False
2021-04-13,24,logistic,"{'C': 0.01, 'class_weight': None}",0,0.2487427438,0.5353010977,0.2159561585,-9.438091176e-05,0,2.226027397e-07,False
2021-04-14,24,logistic,"{'C': 0.01, 'class_weight': None}",0,0.280099993,0.4997609564,0.2201390506,-0.000362126195,0,1.484018265e-07,False
2021-04-15,24,logistic,"{'C': 0.01, 'class_weight': None}",0,0.252301589,0.4897619406,0.2579364704,0.0001720342371,0,1.484018265e-07,False
2021-04-16,24,logistic,"{'C': 0.01, 'class_weight': None}",0,0.2853242553,0.4947589712,0.2199167734,-0.0004133066661,-1,1.484018265e-07,False
2021-04-19,24,logistic,"{'C': 0.01, 'class_weight': None}",0,0.2449759051,0.4971280748,0.2578960201,0.0002412835824,0,1.484018265e-07,False
2021-04-20,24,logistic,"{'C': 0.01, 'class_weight': None}",0,0.2635309588,0.4231074745,0.3133615667,0.0004617797939,1,2.226027397e-07,False
2021-04-21,25,logistic,"{'C': 0.01, 'class_weight': None}",0,0.2664866722,0.4637050852,0.2698082426,0.0001547848696,0,2.226027397e-07,False
2021-04-22,25,logistic,"{'C': 0.01, 'class_weight': None}",0,0.2742128505,0.3596647605,0.366122389,0.0007704544661,1,2.226027397e-07,False
2021-04-23,25,logistic,"{'C': 0.01, 'class_weight': None}",0,0.2701524319,0.5155642851,0.214283283,-0.0002769603563,0,2.226027397e-07,False
2021-04-26,25,logistic,"{'C': 0.01, 'class_weight': None}",0,0.244778324,0.4979395174,0.2572821586,0.0002705657526,0,2.226027397e-07,False
2021-04-27,25,logistic,"{'C': 0.01, 'class_weight': None}",0,0.2451552477,0.4789826496,0.2758621027,0.0003998682636,0,7.420091324e-08,False
2021-04-28,25,logistic,"{'C': 0.01, 'class_weight': None}",0,0.2431623009,0.4957903769,0.2610473222,0.0003127783115,0,7.420091324e-08,False
2021-04-29,25,logistic,"{'C': 0.01, 'class_weight': None}",0,0.245920721,0.4493478122,0.3047314668,0.0005990764475,1,7.420091324e-08,False
2021-04-30,25,logistic,"{'C': 0.01, 'class_weight': None}",0,0.2427473513,0.4692861146,0.2879665341,0.0005092072282,1,7.420091324e-08,False
2021-05-03,25,logistic,"{'C': 0.01, 'class_weight': None}",0,0.2593778331,0.4347735797,0.3058485873,0.0004797633971,1,2.96803653e-07,False
2021-05-04,25,logistic,"{'C': 0.01, 'class_weight': None}",0,0.2629904305,0.350698231,0.3863113385,0.001020990847,1,1.484018265e-07,False
2021-05-05,25,logistic,"{'C': 0.01, 'class_weight': None}",0,0.2647981928,0.4142743863,0.3209274208,0.0005363189493,1,1.484018265e-07,False
2021-05-06,25,logistic,"{'C': 0.01, 'class_weight': None}",0,0.2520000418,0.4385153998,0.3094845584,0.0005755573273,1,1.484018265e-07,False
2021-05-07,25,logistic,"{'C': 0.01, 'class_weight': None}",0,0.2400418293,0.5406179137,0.219340257,4.404352488e-05,0,1.484018265e-07,False
2021-05-10,25,logistic,"{'C': 0.01, 'class_weight': None}",0,0.2393889694,0.4258752315,0.3347357991,0.0008754313502,1,1.484018265e-07,False
2021-05-11,25,logistic,"{'C': 0.01, 'class_weight': None}",0,0.2988430718,0.3370334549,0.3641234733,0.0005231626254,1,7.420091324e-08,False
2021-05-12,25,logistic,"{'C': 0.01, 'class_weight': None}",0,0.3501440873,0.2651747773,0.3846811354,0.0001848757515,0,1.484018265e-07,False
2021-05-13,25,logistic,"{'C': 0.01, 'class_weight': None}",0,0.2805339402,0.3797249691,0.3397410907,0.000522001278,1,1.484018265e-07,False
2021-05-14,25,logistic,"{'C': 0.01, 'class_weight': None}",0,0.2678265837,0.5175086578,0.2146647585,-0.0002522302767,0,7.420091324e-08,False
2021-05-17,25,logistic,"{'C': 0.01, 'class_weight': None}",0,0.2371248407,0.4780614116,0.2848137477,0.0005398490458,1,1.484018265e-07,False
2021-05-18,25,logistic,"{'C': 0.01, 'class_weight': None}",0,0.2519609025,0.4574257801,0.2906133174,0.0004409763291,1,1.484018265e-07,False
2021-05-19,25,logistic,"{'C': 0.01, 'class_weight': None}",0,0.288745263,0.4205662238,0.2906885132,9.354091201e-05,0,7.420091324e-08,False
2021-05-20,26,logistic,"{'C': 0.01, 'class_weight': None}",0,0.2561387807,0.471059436,0.2728017833,0.000275850194,0,7.420091324e-08,False
2021-05-21,26,logistic,"{'C': 0.01, 'class_weight': None}",0,0.2721287481,0.4672199705,0.2606512814,3.747495985e-05,0,7.420091324e-08,False
2021-05-24,26,logistic,"{'C': 0.01, 'class_weight': None}",0,0.2476719446,0.5468172975,0.2055107579,-0.00012719282,0,1.484018265e-07,False
2021-05-25,26,logistic,"{'C': 0.01, 'class_weight': None}",0,0.2297552113,0.4987263419,0.2715184467,0.0005160321041,1,1.484018265e-07,False
2021-05-26,26,logistic,"{'C': 0.01, 'class_weight': None}",0,0.2267532811,0.5776822229,0.1955644959,-8.592823003e-07,0,1.484018265e-07,False
2021-05-27,26,logistic,"{'C': 0.01, 'class_weight': None}",0,0.2270281846,0.5847414947,0.1882303207,-5.610933522e-05,0,1.484018265e-07,False
2021-05-28,26,logistic,"{'C': 0.01, 'class_weight': None}",0,0.2208730154,0.5800290353,0.1990979493,8.009125625e-05,0,7.420091324e-08,False
2021-06-01,26,logistic,"{'C': 0.01, 'class_weight': None}",0,0.2474467998,0.5050010047,0.2475521955,0.0001767476645,0,1.484018265e-07,False
2021-06-02,26,logistic,"{'C': 0.01, 'class_weight': None}",0,0.2259831464,0.5410249012,0.2329919525,0.0002751093897,0,1.484018265e-07,False
2021-06-03,26,logistic,"{'C': 0.01, 'class_weight': None}",0,0.2353751301,0.5301425026,0.2344823674,0.0001970297446,0,1.484018265e-07,False
2021-06-04,26,logistic,"{'C': 0.01, 'class_weight': None}",0,0.2287327834,0.6020680372,0.1691991794,-0.0002088454359,0,1.484018265e-07,False
2021-06-07,26,logistic,"{'C': 0.01, 'class_weight': None}",0,0.2337388651,0.5327771149,0.23348402,0.0002053297404,0,1.484018265e-07,False
2021-06-08,26,logistic,"{'C': 0.01, 'class_weight': None}",0,0.2176130627,0.4992455604,0.2831413769,0.0007142478224,1,1.484018265e-07,False
2021-06-09,26,logistic,"{'C': 0.01, 'class_weight': None}",0,0.2306636871,0.4830076441,0.2863286688,0.0006137660453,1,2.226027397e-07,False
2021-06-10,26,logistic,"{'C': 0.01, 'class_weight': None}",0,0.2299299523,0.5038750931,0.2661949546,0.0004761633937,1,2.226027397e-07,False
2021-06-11,26,logistic,"{'C': 0.01, 'class_weight': None}",0,0.2099703948,0.6119741168,0.1780554885,3.208779277e-05,0,2.226027397e-07,False
2021-06-14,26,logistic,"{'C': 0.01, 'class_weight': None}",0,0.2096686584,0.6026573956,0.187673946,0.0001039901753,0,2.226027397e-07,False
2021-06-15,26,logistic,"{'C': 0.01, 'class_weight': None}",0,0.2105735003,0.5417420433,0.2476844564,0.0005262478817,1,2.226027397e-07,False
2021-06-16,26,logistic,"{'C': 0.01, 'class_weight': None}",0,0.2550968788,0.4726647626,0.2722383586,0.0002816541543,0,2.96803653e-07,False
2021-06-17,26,logistic,"{'C': 0.01, 'class_weight': None}",0,0.2504464529,0.4175372584,0.3320162887,0.0007547542376,1,2.96803653e-07,False
2021-06-18,26,logistic,"{'C': 0.01, 'class_weight': None}",0,0.3196812346,0.3310872974,0.349231468,0.0002238879116,0,3.710045662e-07,False
2021-06-21,27,logistic,"{'C': 0.01, 'class_weight': None}",0,0.2800376082,0.4783017821,0.2416606097,-0.000183989595,0,3.710045662e-07,False
2021-06-22,27,logistic,"{'C': 0.01, 'class_weight': None}",0,0.2367086493,0.5582315315,0.2050598192,-3.947146445e-05,0,2.96803653e-07,False
2021-06-23,27,logistic,"{'C': 0.01, 'class_weight': None}",0,0.2539725442,0.5456735126,0.2003539432,-0.0002353553861,0,3.710045662e-07,False
2021-06-24,27,logistic,"{'C': 0.01, 'class_weight': None}",0,0.243075947,0.5595365569,0.1973874961,-0.0001542838507,0,3.710045662e-07,False
2021-06-25,27,logistic,"{'C': 0.01, 'class_weight': None}",0,0.2432258464,0.6105205563,0.1462535974,-0.0005223223003,-1,4.452054795e-07,False
2021-06-28,27,logistic,"{'C': 0.01, 'class_weight': None}",0,0.2235781763,0.565855253,0.2105665707,0.0001233335872,0,3.710045662e-07,False
2021-06-29,27,logistic,"{'C': 0.01, 'class_weight': None}",0,0.2454662092,0.5601252978,0.194408493,-0.0001980927104,0,2.96803653e-07,False
2021-06-30,27,logistic,"{'C': 0.01, 'class_weight': None}",0,0.2460933809,0.4993220613,0.2545845578,0.0002274799035,0,3.710045662e-07,False
2021-07-01,27,logistic,"{'C': 0.01, 'class_weight': None}",0,0.242506376,0.5786420478,0.1788515763,-0.0002818371721,0,3.710045662e-07,False
2021-07-02,27,logistic,"{'C': 0.01, 'class_weight': None}",0,0.2207900831,0.6455549658,0.1336549512,-0.0004019377252,-1,3.710045662e-07,False
2021-07-06,27,logistic,"{'C': 0.01, 'class_weight': None}",0,0.2481521222,0.4723375801,0.2795102977,0.0003868619945,0,3.710045662e-07,False
2021-07-07,27,logistic,"{'C': 0.01, 'class_weight': None}",0,0.2482036223,0.4819666462,0.2698297315,0.0003169685428,0,3.710045662e-07,False
2021-07-08,27,logistic,"{'C': 0.01, 'class_weight': None}",0,0.2748977874,0.3906022044,0.3345000082,0.0005299431379,1,4.452054795e-07,False
2021-07-09,27,logistic,"{'C': 0.01, 'class_weight': None}",0,0.2424182638,0.612348555,0.1452331812,-0.0005220538686,-1,4.452054795e-07,False
2021-07-12,27,logistic,"{'C': 0.01, 'class_weight': None}",0,0.2287502214,0.5875177223,0.1837320563,-0.0001176460837,0,3.710045662e-07,False
2021-07-13,27,logistic,"{'C': 0.01, 'class_weight': None}",0,0.2589840894,0.5429408124,0.1980750982,-0.0002987632315,0,3.710045662e-07,False
2021-07-14,27,logistic,"{'C': 0.01, 'class_weight': None}",0,0.2543660788,0.4834755482,0.262158373,0.000204086944,0,4.452054795e-07,False
2021-07-15,27,logistic,"{'C': 0.01, 'class_weight': None}",0,0.2537385473,0.4545343209,0.2917271318,0.0004219890415,1,3.710045662e-07,False
2021-07-16,27,logistic,"{'C': 0.01, 'class_weight': None}",0,0.2919462137,0.4437271905,0.2643265958,-0.000133320025,0,3.710045662e-07,False
2021-07-19,27,logistic,"{'C': 0.01, 'class_weight': None}",0,0.323133752,0.1875595319,0.4893067161,0.001186876015,1,3.710045662e-07,False
2021-07-20,27,logistic,"{'C': 0.01, 'class_weight': None}",0,0.3093198485,0.3691811851,0.3214989663,0.0001134330543,0,3.710045662e-07,False
2021-07-21,28,logistic,"{'C': 0.01, 'class_weight': None}",0,0.2464747327,0.5125904466,0.2409348207,0.0001439991065,0,3.710045662e-07,False
2021-07-22,28,logistic,"{'C': 0.01, 'class_weight': None}",0,0.2412086665,0.5043664726,0.2544248608,0.0002895726144,0,3.710045662e-07,False
2021-07-23,28,logistic,"{'C': 0.01, 'class_weight': None}",0,0.257060593,0.5378171352,0.2051222719,-0.0002107376487,0,3.710045662e-07,False
2021-07-26,28,logistic,"{'C': 0.01, 'class_weight': None}",0,0.2391001636,0.5051019576,0.2557978788,0.0003190863976,0,3.710045662e-07,False
2021-07-27,28,logistic,"{'C': 0.01, 'class_weight': None}",0,0.2580969402,0.3613602293,0.3805428304,0.001032550926,1,3.710045662e-07,False
2021-07-28,28,logistic,"{'C': 0.01, 'class_weight': None}",0,0.2600106662,0.4507593393,0.2892299945,0.0003624453833,0,3.710045662e-07,False
2021-07-29,28,logistic,"{'C': 0.01, 'class_weight': None}",0,0.2550774181,0.4979885352,0.2469340467,0.0001064462691,0,4.452054795e-07,False
2021-07-30,28,logistic,"{'C': 0.01, 'class_weight': None}",0,0.2546789012,0.4843265611,0.2609945377,0.0002106006579,0,4.452054795e-07,False
2021-08-02,28,logistic,"{'C': 0.01, 'class_weight': None}",0,0.2820348436,0.3721985992,0.3457665572,0.0005604235024,1,3.710045662e-07,False
2021-08-03,28,logistic,"{'C': 0.01, 'class_weight': None}",0,0.261029988,0.4621761002,0.2767939118,0.0002640913971,0,3.710045662e-07,False
2021-08-04,28,logistic,"{'C': 0.01, 'class_weight': None}",0,0.2588336826,0.4577353456,0.2834309718,0.0003320252291,0,3.710045662e-07,False
2021-08-05,28,logistic,"{'C': 0.01, 'class_weight': None}",0,0.2443586669,0.5142744842,0.2413668488,0.0001668623764,0,3.710045662e-07,False
2021-08-06,28,logistic,"{'C': 0.01, 'class_weight': None}",0,0.2353735584,0.6006732603,0.1639531813,-0.0003021017288,0,4.452054795e-07,False
2021-08-09,28,logistic,"{'C': 0.01, 'class_weight': None}",0,0.2227117225,0.5875246095,0.189763668,5.961329632e-07,0,4.452054795e-07,False
2021-08-10,28,logistic,"{'C': 0.01, 'class_weight': None}",0,0.2524270623,0.524421352,0.2231515857,-3.865339644e-05,0,3.710045662e-07,False
2021-08-11,28,logistic,"{'C': 0.01, 'class_weight': None}",0,0.2321663697,0.530667199,0.2371664313,0.0002508132047,0,3.710045662e-07,False
2021-08-12,28,logistic,"{'C': 0.01, 'class_weight': None}",0,0.2383864338,0.5509557699,0.2106577964,3.335545854e-06,0,4.452054795e-07,False
2021-08-13,28,logistic,"{'C': 0.01, 'class_weight': None}",0,0.2318690901,0.5610338641,0.2070970459,3.881538757e-05,0,4.452054795e-07,False
2021-08-16,28,logistic,"{'C': 0.01, 'class_weight': None}",0,0.251880813,0.4173966358,0.3307225512,0.0007347980457,1,4.452054795e-07,False
2021-08-17,28,logistic,"{'C': 0.01, 'class_weight': None}",0,0.2696445907,0.3508483802,0.3795070291,0.0009172244855,1,5.194063927e-07,False
2021-08-18,28,logistic,"{'C': 0.01, 'class_weight': None}",0,0.3247206458,0.2482150976,0.4270642566,0.0007421525864,1,5.194063927e-07,False
2021-08-19,29,logistic,"{'C': 0.01, 'class_weight': None}",0,0.2880340377,0.2575877628,0.4543781996,0.001284914814,1,4.452054795e-07,False
2021-08-20,29,logistic,"{'C': 0.01, 'class_weight': None}",0,0.2669823385,0.4570715516,0.2759461099,0.0002137722512,0,3.710045662e-07,False
2021-08-23,29,logistic,"{'C': 0.01, 'class_weight': None}",0,0.2233547367,0.544591452,0.2320538113,0.0003081650918,0,3.710045662e-07,False
2021-08-24,29,logistic,"{'C': 0.01, 'class_weight': None}",0,0.2302321285,0.5451647374,0.224603134,0.000191241667,0,3.710045662e-07,False
2021-08-25,29,logistic,"{'C': 0.01, 'class_weight': None}",0,0.2149737221,0.5925079315,0.1925183463,0.0001054239162,0,4.452054795e-07,False
2021-08-26,29,logistic,"{'C': 0.01, 'class_weight': None}",0,0.2486802395,0.4567323645,0.2945873959,0.000516503398,1,3.710045662e-07,False
2021-08-27,29,logistic,"{'C': 0.01, 'class_weight': None}",0,0.2405845099,0.5172936586,0.2421218315,0.0002192869725,0,3.710045662e-07,False
2021-08-30,29,logistic,"{'C': 0.01, 'class_weight': None}",0,0.2186747088,0.5472754019,0.2340498893,0.0003659011348,0,3.710045662e-07,False
2021-08-31,29,logistic,"{'C': 0.01, 'class_weight': None}",0,0.2288405121,0.4948811184,0.2762783695,0.0005711533792,1,2.96803653e-07,False
2021-09-01,29,logistic,"{'C': 0.01, 'class_weight': None}",0,0.2375309949,0.5557726496,0.2066963555,-3.856178273e-06,0,3.710045662e-07,False
2021-09-02,29,logistic,"{'C': 0.01, 'class_weight': None}",0,0.2359390297,0.5458769742,0.2181839962,9.253831156e-05,0,3.710045662e-07,False
2021-09-03,29,logistic,"{'C': 0.01, 'class_weight': None}",0,0.2450686153,0.5750664148,0.1798649699,-0.0002645521741,0,3.710045662e-07,False
2021-09-07,29,logistic,"{'C': 0.01, 'class_weight': None}",0,0.2620369845,0.4696578691,0.2683051464,0.0002055429153,0,3.710045662e-07,False
2021-09-08,29,logistic,"{'C': 0.01, 'class_weight': None}",0,0.2523162393,0.4134660134,0.3342177474,0.000764084679,1,3.710045662e-07,False
2021-09-09,29,logistic,"{'C': 0.01, 'class_weight': None}",0,0.2941429012,0.3093169777,0.3965401211,0.0008173313957,1,2.96803653e-07,False
2021-09-10,29,logistic,"{'C': 0.01, 'class_weight': None}",0,0.3548308879,0.3052587743,0.3399103378,-0.0001496905916,0,3.710045662e-07,False
2021-09-13,29,logistic,"{'C': 0.01, 'class_weight': None}",0,0.2574382154,0.3826809914,0.3598807933,0.0008986492942,1,4.452054795e-07,False
2021-09-14,29,logistic,"{'C': 0.01, 'class_weight': None}",0,0.273608349,0.275888867,0.450502784,0.001391667912,1,2.96803653e-07,False
2021-09-15,29,logistic,"{'C': 0.01, 'class_weight': None}",0,0.2743421269,0.3607776009,0.3648802723,0.0007768113098,1,2.96803653e-07,False
2021-09-16,29,logistic,"{'C': 0.01, 'class_weight': None}",0,0.2560242943,0.4013891758,0.3425865299,0.0007889991371,1,2.96803653e-07,False
2021-09-17,29,logistic,"{'C': 0.01, 'class_weight': None}",0,0.3458696804,0.3202675907,0.3338627289,-0.0001092258154,0,2.96803653e-07,False
2021-09-20,30,logistic,"{'C': 0.01, 'class_weight': None}",0,0.3595175874,0.1441920889,0.4962903237,0.0009042734624,1,2.96803653e-07,False
2021-09-21,30,logistic,"{'C': 0.01, 'class_weight': None}",0,0.3627226882,0.2248714715,0.4124058404,0.0002794304975,0,2.226027397e-07,False
2021-09-22,30,logistic,"{'C': 0.01, 'class_weight': None}",0,0.2763989438,0.3878221921,0.3357788641,0.0005372537407,1,2.226027397e-07,False
2021-09-23,30,logistic,"{'C': 0.01, 'class_weight': None}",0,0.2783065565,0.4933411315,0.2283523121,-0.0002425537943,0,2.226027397e-07,False
2021-09-24,30,logistic,"{'C': 0.01, 'class_weight': None}",0,0.2374935233,0.6250051049,0.1375013718,-0.0005081559001,-1,2.226027397e-07,False
2021-09-27,30,logistic,"{'C': 0.01, 'class_weight': None}",0,0.2623805975,0.51485572,0.2227636826,-0.000134344561,0,2.96803653e-07,False
2021-09-28,30,logistic,"{'C': 0.01, 'class_weight': None}",0,0.3586356182,0.2536922916,0.3876720902,0.0001419103041,0,2.96803653e-07,False
2021-09-29,30,logistic,"{'C': 0.01, 'class_weight': None}",0,0.3192231386,0.3679864552,0.3127904062,-2.340656217e-05,0,2.96803653e-07,False
2021-09-30,30,logistic,"{'C': 0.01, 'class_weight': None}",0,0.314480338,0.2177486904,0.4677709716,0.001120076799,1,2.96803653e-07,False
2021-10-01,30,logistic,"{'C': 0.01, 'class_weight': None}",0,0.3135922318,0.3842800185,0.3021277496,-4.677177076e-05,0,2.96803653e-07,False
2021-10-04,30,logistic,"{'C': 0.01, 'class_weight': None}",0,0.3269598027,0.3081558384,0.3648843589,0.0002743277061,0,2.96803653e-07,False
2021-10-05,30,logistic,"{'C': 0.01, 'class_weight': None}",0,0.3081018795,0.4604837681,0.2314143524,-0.00049744933,-1,2.96803653e-07,False
2021-10-06,30,logistic,"{'C': 0.01, 'class_weight': None}",0,0.2764327914,0.4408812876,0.282685921,0.0001602915348,0,2.96803653e-07,False
2021-10-07,30,logistic,"{'C': 0.01, 'class_weight': None}",0,0.2822825449,0.4981194498,0.2195980053,-0.0003415707829,0,3.710045662e-07,False
2021-10-08,30,logistic,"{'C': 0.01, 'class_weight': None}",0,0.2356439053,0.5906576976,0.1736983971,-0.0002341979391,0,3.710045662e-07,False
2021-10-11,30,logistic,"{'C': 0.01, 'class_weight': None}",0,0.2484982822,0.5151502989,0.236351419,9.093113866e-05,0,3.710045662e-07,False
2021-10-12,30,logistic,"{'C': 0.01, 'class_weight': None}",0,0.2616584972,0.4668778871,0.2714636157,0.0002178427808,0,4.452054795e-07,False
2021-10-13,30,logistic,"{'C': 0.01, 'class_weight': None}",0,0.252131814,0.4704456069,0.2774225791,0.0003485615792,0,3.710045662e-07,False
2021-10-14,30,logistic,"{'C': 0.01, 'class_weight': None}",0,0.2198229913,0.5997903557,0.1803866529,-3.987018009e-05,0,3.710045662e-07,False
2021-10-15,30,logistic,"{'C': 0.01, 'class_weight': None}",0,0.1934636966,0.6944371207,0.1120991828,-0.0002795918723,0,3.710045662e-07,False
2021-10-18,30,logistic,"{'C': 0.01, 'class_weight': None}",0,0.1823198293,0.6827303714,0.1349497994,-1.402773474e-05,0,4.452054795e-07,False
2021-10-19,31,logistic,"{'C': 0.01, 'class_weight': None}",0,0.1940970356,0.6793099536,0.1265930108,-0.0001828114432,0,3.710045662e-07,False
2021-10-20,31,logistic,"{'C': 0.01, 'class_weight': None}",0,0.1770483773,0.715618949,0.1073326737,-0.0001611354808,0,3.710045662e-07,False
2021-10-21,31,logistic,"{'C': 0.01, 'class_weight': None}",0,0.1980022015,0.6734975818,0.1285002166,-0.0002055891074,0,4.452054795e-07,False
2021-10-22,31,logistic,"{'C': 0.01, 'class_weight': None}",0,0.2240987652,0.6234374057,0.1524638291,-0.000278015726,0,4.452054795e-07,False
2021-10-25,31,logistic,"{'C': 0.01, 'class_weight': None}",0,0.2188019368,0.5951877213,0.1860103418,9.8609192e-06,0,4.452054795e-07,False
2021-10-26,31,logistic,"{'C': 0.01, 'class_weight': None}",0,0.2299366295,0.5673403883,0.2027229822,2.510147378e-05,0,4.452054795e-07,False
2021-10-27,31,logistic,"{'C': 0.01, 'class_weight': None}",0,0.2386709801,0.4337206797,0.3276083402,0.0008320078739,1,4.452054795e-07,False
2021-10-28,31,logistic,"{'C': 0.01, 'class_weight': None}",0,0.2466612299,0.4788843231,0.274454447,0.0003796176782,0,4.452054795e-07,False
2021-10-29,31,logistic,"{'C': 0.01, 'class_weight': None}",0,0.2099955452,0.5787625831,0.2112418717,0.0002712613891,0,3.710045662e-07,False
2021-11-01,31,logistic,"{'C': 0.01, 'class_weight': None}",0,0.2173991159,0.5672990747,0.2153018094,0.0002312376012,0,3.710045662e-07,False
2021-11-02,31,logistic,"{'C': 0.01, 'class_weight': None}",0,0.2162035992,0.532080108,0.2517162928,0.0005013442261,1,3.710045662e-07,False
2021-11-03,31,logistic,"{'C': 0.01, 'class_weight': None}",0,0.2123889708,0.5969748347,0.1906361945,0.0001024397025,0,3.710045662e-07,False
2021-11-04,31,logistic,"{'C': 0.01, 'class_weight': None}",0,0.2068050696,0.5238097208,0.2693852096,0.0007144696144,1,2.96803653e-07,False
2021-11-05,31,logistic,"{'C': 0.01, 'class_weight': None}",0,0.25120367,0.4480328309,0.3007634991,0.0005244562569,1,3.710045662e-07,False
2021-11-08,31,logistic,"{'C': 0.01, 'class_weight': None}",0,0.2829939954,0.3954779641,0.3215280405,0.0003762911472,0,4.452054795e-07,False
2021-11-09,31,logistic,"{'C': 0.01, 'class_weight': None}",0,0.2734897615,0.2960388354,0.4304714031,0.001239547214,1,2.96803653e-07,False
2021-11-10,31,logistic,"{'C': 0.01, 'class_weight': None}",0,0.3537313274,0.2884184071,0.3578502655,-2.367105663e-05,0,3.710045662e-07,False
2021-11-11,31,logistic,"{'C': 0.01, 'class_weight': None}",0,0.3165331976,0.37699419,0.3064726124,-4.290199811e-05,0,3.710045662e-07,False
2021-11-12,31,logistic,"{'C': 0.01, 'class_weight': None}",0,0.2641069896,0.5298522031,0.2060408074,-0.0002692940673,0,3.710045662e-07,False
2021-11-15,31,logistic,"{'C': 0.01, 'class_weight': None}",0,0.2598988131,0.4997306275,0.2403705594,1.402192286e-05,0,3.710045662e-07,False
2021-11-16,31,logistic,"{'C': 0.01, 'class_weight': None}",0,0.253877724,0.5143692145,0.2317530616,8.766706492e-06,0,3.710045662e-07,False
2021-11-17,32,logistic,"{'C': 0.01, 'class_weight': None}",0,0.3046992013,0.3420964544,0.3532043443,0.0004095657293,1,3.710045662e-07,False
2021-11-18,32,logistic,"{'C': 0.01, 'class_weight': None}",0,0.2958968361,0.3400761883,0.3640269755,0.000567583757,1,3.710045662e-07,False
2021-11-19,32,logistic,"{'C': 0.01, 'class_weight': None}",0,0.3595033084,0.3165699091,0.3239267824,-0.0003042191255,0,3.710045662e-07,False
2021-11-22,32,logistic,"{'C': 0.01, 'class_weight': None}",0,0.3617464226,0.1993970985,0.4388564789,0.0004895551442,1,3.710045662e-07,False
2021-11-23,32,logistic,"{'C': 0.01, 'class_weight': None}",0,0.3268900504,0.2519739152,0.4211360345,0.0006859858327,1,4.452054795e-07,False
2021-11-24,32,logistic,"{'C': 0.01, 'class_weight': None}",0,0.2998801203,0.3963658666,0.3037540132,0.0001036356563,0,2.397260274e-07,False
2021-11-26,32,logistic,"{'C': 0.01, 'class_weight': None}",0,0.4632296333,0.09124769895,0.4455226678,-0.0004007354481,-1,4.452054795e-07,False
2021-11-29,32,logistic,"{'C': 0.01, 'class_weight': None}",0,0.3136174523,0.2493868637,0.436995684,0.0009209981694,1,4.452054795e-07,False
2021-11-30,32,logistic,"{'C': 0.01, 'class_weight': None}",0,0.2871983928,0.09623832082,0.6165632864,0.002437645735,1,3.710045662e-07,False
2021-12-01,32,logistic,"{'C': 0.01, 'class_weight': None}",0,0.2567292577,0.06758510065,0.6756856416,0.003138124067,1,4.452054795e-07,False
2021-12-02,32,logistic,"{'C': 0.01, 'class_weight': None}",0,0.2983672358,0.175663529,0.5259692352,0.001692432276,1,3.710045662e-07,False
2021-12-03,32,logistic,"{'C': 0.01, 'class_weight': None}",0,0.304225344,0.2232008376,0.4725738184,0.001259904543,1,4.452054795e-07,False
2021-12-06,32,logistic,"{'C': 0.01, 'class_weight': None}",0,0.2808272004,0.3440566467,0.3751161529,0.0007853897581,1,3.710045662e-07,False
2021-12-07,32,logistic,"{'C': 0.01, 'class_weight': None}",0,0.1986239332,0.5859536318,0.215422435,0.0004130733595,1,4.452054795e-07,False
2021-12-08,32,logistic,"{'C': 0.01, 'class_weight': None}",0,0.1796610002,0.6339028181,0.1864361816,0.0003828357226,0,5.194063927e-07,False
2021-12-09,32,logistic,"{'C': 0.01, 'class_weight': None}",0,0.2007943763,0.5869295953,0.2122760284,0.0003707238231,0,4.452054795e-07,False
2021-12-10,32,logistic,"{'C': 0.01, 'class_weight': None}",0,0.2101111161,0.6713899244,0.1184989596,-0.0003799371054,0,4.452054795e-07,False
2021-12-13,32,logistic,"{'C': 0.01, 'class_weight': None}",0,0.2117096291,0.5438723604,0.2444180105,0.000497672797,1,3.710045662e-07,False
2021-12-14,32,logistic,"{'C': 0.01, 'class_weight': None}",0,0.2740907525,0.4510536962,0.2748555513,0.0001370849072,0,3.710045662e-07,False
2021-12-15,32,logistic,"{'C': 0.01, 'class_weight': None}",0,0.2218348129,0.5861094209,0.1920557662,3.304650444e-05,0,3.710045662e-07,False
2021-12-16,32,logistic,"{'C': 0.01, 'class_weight': None}",0,0.2084764485,0.509443779,0.2820797725,0.0007944475802,1,3.710045662e-07,False
2021-12-17,33,logistic,"{'C': 0.01, 'class_weight': None}",0,0.2722150044,0.5202675487,0.2075174469,-0.0003466801489,0,3.710045662e-07,False
2021-12-20,33,logistic,"{'C': 0.01, 'class_weight': None}",0,0.3014027661,0.3705271047,0.3280701292,0.0002411070019,0,5.194063927e-07,False
2021-12-21,33,logistic,"{'C': 0.01, 'class_weight': None}",0,0.2363837039,0.5928776632,0.1707386329,-0.0002756469686,0,5.194063927e-07,False
2021-12-22,33,logistic,"{'C': 0.01, 'class_weight': None}",0,0.2066300377,0.6362898192,0.1570801431,-9.634576415e-05,0,5.936073059e-07,False
2021-12-23,33,logistic,"{'C': 0.01, 'class_weight': None}",0,0.1872219623,0.7004271376,0.1123509002,-0.0002346748564,0,5.194063927e-07,False
2021-12-27,33,logistic,"{'C': 0.01, 'class_weight': None}",0,0.1821010231,0.7228739329,0.09502504396,-0.000310541333,0,4.452054795e-07,False
2021-12-28,33,logistic,"{'C': 0.01, 'class_weight': None}",0,0.2060079486,0.6257451168,0.1682469346,-1.097682847e-05,0,4.452054795e-07,False
2021-12-29,33,logistic,"{'C': 0.01, 'class_weight': None}",0,0.1777606011,0.7141507771,0.1080886218,-0.0001770817599,0,3.710045662e-07,False
2021-12-30,33,logistic,"{'C': 0.01, 'class_weight': None}",0,0.2121719179,0.6276076046,0.1602204776,-0.000125492242,0,3.710045662e-07,False
2021-12-31,33,logistic,"{'C': 0.01, 'class_weight': None}",0,0.249295911,0.5714911845,0.1792129045,-0.0003353068562,0,4.452054795e-07,False
2022-01-03,33,logistic,"{'C': 0.01, 'class_weight': None}",0,0.2077172495,0.6605624433,0.1317203072,-0.0002871920601,0,5.936073059e-07,False
2022-01-04,33,logistic,"{'C': 0.01, 'class_weight': None}",0,0.214670674,0.6655640815,0.1197652445,-0.0004370465556,-1,5.936073059e-07,False
2022-01-05,33,logistic,"{'C': 0.01, 'class_weight': None}",0,0.3154480226,0.385758503,0.2987934744,-9.813571874e-05,0,6.678082192e-07,False
2022-01-06,33,logistic,"{'C': 0.01, 'class_weight': None}",0,0.3415410789,0.3676864848,0.2907724363,-0.000397909561,0,7.420091324e-07,False
2022-01-07,33,logistic,"{'C': 0.01, 'class_weight': None}",0,0.350022691,0.4286266138,0.2213506952,-0.0009715334592,-1,7.420091324e-07,False
2022-01-10,33,logistic,"{'C': 0.01, 'class_weight': None}",0,0.3135110828,0.4099306643,0.2765582529,-0.0002385951138,0,9.646118721e-07,False
2022-01-11,33,logistic,"{'C': 0.01, 'class_weight': None}",0,0.3040373897,0.4198152815,0.2761473288,-0.0001534390518,0,8.162100457e-07,False
2022-01-12,33,logistic,"{'C': 0.01, 'class_weight': None}",0,0.2592427633,0.4580381163,0.2827191203,0.0003098899389,0,8.904109589e-07,False
2022-01-13,33,logistic,"{'C': 0.01, 'class_weight': None}",0,0.2856124549,0.2621814556,0.4522060895,0.001272629891,1,8.904109589e-07,False
2022-01-14,33,logistic,"{'C': 0.01, 'class_weight': None}",0,0.3337862944,0.3683296945,0.2978840111,-0.0002751233303,0,9.646118721e-07,False
2022-01-18,33,logistic,"{'C': 0.01, 'class_weight': None}",0,0.4057725121,0.175085779,0.4191417089,-8.024389545e-05,0,1.187214612e-06,False
2022-01-19,34,logistic,"{'C': 0.01, 'class_weight': None}",0,0.4079722733,0.1337182429,0.4583094837,0.000172830837,0,1.261415525e-06,False
2022-01-20,34,logistic,"{'C': 0.01, 'class_weight': None}",0,0.4175248735,0.1008629989,0.4816121276,0.0002504625333,0,1.261415525e-06,False
2022-01-21,34,logistic,"{'C': 0.01, 'class_weight': None}",0,0.4545621059,0.07884885849,0.4665890356,-0.0002026410883,0,1.261415525e-06,False
2022-01-24,34,logistic,"{'C': 0.01, 'class_weight': None}",0,0.4114893844,0.1032524348,0.4852581808,0.0003328721149,0,1.409817352e-06,False
2022-01-25,34,logistic,"{'C': 0.01, 'class_weight': None}",0,0.384384436,0.1216076367,0.4940079274,0.0006484032916,1,1.409817352e-06,False
2022-01-26,34,logistic,"{'C': 0.01, 'class_weight': None}",0,0.3016994618,0.158983207,0.5393173311,0.001744185916,1,1.409817352e-06,False
2022-01-27,34,logistic,"{'C': 0.01, 'class_weight': None}",0,0.2860856018,0.1550106325,0.5589037657,0.002030048018,1,1.484018265e-06,False
2022-01-28,34,logistic,"{'C': 0.01, 'class_weight': None}",0,0.3651311036,0.396766814,0.2381020824,-0.001003342893,-1,1.409817352e-06,False
2022-01-31,34,logistic,"{'C': 0.01, 'class_weight': None}",0,0.231118749,0.6131789822,0.1557022688,-0.0003425843612,0,1.632420091e-06,False
2022-02-01,34,logistic,"{'C': 0.01, 'class_weight': None}",0,0.2234944693,0.6016859495,0.1748195812,-0.0001346294674,0,1.409817352e-06,False
2022-02-02,34,logistic,"{'C': 0.01, 'class_weight': None}",0,0.1814282769,0.6720676785,0.1465040446,5.524479679e-05,0,1.409817352e-06,False
2022-02-03,34,logistic,"{'C': 0.01, 'class_weight': None}",0,0.2517038761,0.5058024264,0.2424936975,8.646317734e-05,0,1.484018265e-06,False
2022-02-04,34,logistic,"{'C': 0.01, 'class_weight': None}",0,0.2776760536,0.630940565,0.09138338135,-0.001237305431,-1,1.706621005e-06,False
2022-02-07,34,logistic,"{'C': 0.01, 'class_weight': None}",0,0.2534235688,0.5907567206,0.1558197105,-0.0005498677816,-1,2.003424658e-06,False
2022-02-08,34,logistic,"{'C': 0.01, 'class_weight': None}",0,0.2339612568,0.6729214123,0.09311733085,-0.0008169982694,-1,1.855022831e-06,False
2022-02-09,34,logistic,"{'C': 0.01, 'class_weight': None}",0,0.16748712,0.7415912405,0.09092163949,-0.0002124487133,0,1.929223744e-06,False
2022-02-10,34,logistic,"{'C': 0.01, 'class_weight': None}",0,0.2865767596,0.5546901637,0.1587330768,-0.000838367085,-1,2.96803653e-06,False
2022-02-11,34,logistic,"{'C': 0.01, 'class_weight': None}",0,0.3597831166,0.245566512,0.3946503714,0.000166900591,0,2.671232877e-06,False
2022-02-14,34,logistic,"{'C': 0.01, 'class_weight': None}",0,0.3186431851,0.3680653079,0.313291507,-3.147397062e-05,0,3.190639269e-06,False
2022-02-15,34,logistic,"{'C': 0.01, 'class_weight': None}",0,0.2714080931,0.51914184,0.2094500669,-0.0003338723896,0,2.96803653e-06,False
2022-02-16,34,logistic,"{'C': 0.01, 'class_weight': None}",0,0.2043427685,0.6771655237,0.1184917077,-0.0003590389125,0,2.819634703e-06,False
2022-02-17,35,logistic,"{'C': 0.01, 'class_weight': None}",0,0.2856707204,0.382593008,0.3317362716,0.000396804627,0,2.671232877e-06,False
2022-02-18,35,logistic,"{'C': 0.01, 'class_weight': None}",0,0.328436029,0.3823418866,0.2892220844,-0.0003158691163,0,2.597031963e-06,False
2022-02-22,35,logistic,"{'C': 0.01, 'class_weight': None}",0,0.3236296734,0.2735439125,0.4028264141,0.0005511157965,1,2.74543379e-06,False
2022-02-23,35,logistic,"{'C': 0.01, 'class_weight': None}",0,0.2938190158,0.1481649175,0.5580160667,0.001955745311,1,2.52283105e-06,False
2022-02-24,35,logistic,"{'C': 0.01, 'class_weight': None}",0,0.4157514453,0.2780732483,0.3061753064,-0.001020733347,-1,2.374429224e-06,False
2022-02-25,35,logistic,"{'C': 0.01, 'class_weight': None}",0,0.316933652,0.5616957322,0.1213706158,-0.001420547806,-1,2.448630137e-06,False
2022-02-28,35,logistic,"{'C': 0.01, 'class_weight': None}",0,0.2983118443,0.427361243,0.2743269128,-0.0001380985214,0,2.597031963e-06,False
2022-03-01,35,logistic,"{'C': 0.01, 'class_weight': None}",0,0.3193400536,0.1616318824,0.519028064,0.001431984253,1,2.374429224e-06,False
2022-03-02,35,logistic,"{'C': 0.01, 'class_weight': None}",0,0.3117426869,0.481228609,0.2070287041,-0.0007519886427,-1,2.52283105e-06,False
2022-03-03,35,logistic,"{'C': 0.01, 'class_weight': None}",0,0.2615067736,0.3805792438,0.3579139826,0.0008150779589,1,2.819634703e-06,False
2022-03-04,35,logistic,"{'C': 0.01, 'class_weight': None}",0,0.2808580485,0.3888990822,0.3302428692,0.000431613759,1,2.52283105e-06,False
2022-03-07,35,logistic,"{'C': 0.01, 'class_weight': None}",0,0.2556363948,0.1800210006,0.5643426045,0.002363329498,1,2.819634703e-06,False
2022-03-08,35,logistic,"{'C': 0.01, 'class_weight': None}",0,0.3497096828,0.3429210995,0.3073692177,-0.0003862534232,0,2.671232877e-06,False
2022-03-09,35,logistic,"{'C': 0.01, 'class_weight': None}",0,0.3073147306,0.537164845,0.1555204244,-0.001082467188,-1,2.819634703e-06,False
2022-03-10,35,logistic,"{'C': 0.01, 'class_weight': None}",0,0.2421812455,0.6105381358,0.1472806187,-0.0005248068386,-1,2.893835616e-06,False
2022-03-11,35,logistic,"{'C': 0.01, 'class_weight': None}",0,0.2438698222,0.6039637801,0.1521663978,-0.000505481159,-1,2.96803653e-06,False
2022-03-14,35,logistic,"{'C': 0.01, 'class_weight': None}",0,0.2594010401,0.5954619088,0.1451370511,-0.0007034903042,-1,3.339041096e-06,False
2022-03-15,35,logistic,"{'C': 0.01, 'class_weight': None}",0,0.2586551363,0.6660058214,0.07533904231,-0.001201109252,-1,3.413242009e-06,False
2022-03-16,35,logistic,"{'C': 0.01, 'class_weight': None}",0,0.1889209987,0.7381666683,0.07291233296,-0.0005578179776,-1,3.264840183e-06,False
2022-03-17,35,logistic,"{'C': 0.01, 'class_weight': None}",0,0.1832657037,0.7420677841,0.07466651218,-0.000491541452,-1,2.96803653e-06,False
2022-03-18,35,logistic,"{'C': 0.01, 'class_weight': None}",0,0.1507908001,0.8123943361,0.03681486382,-0.0004574852747,-1,3.116438356e-06,False
2022-03-21,36,logistic,"{'C': 0.01, 'class_weight': None}",0,0.187235718,0.6911775959,0.121586686,-0.0001879656418,0,4.006849315e-06,False
2022-03-22,36,logistic,"{'C': 0.01, 'class_weight': None}",0,0.2034725991,0.7105134303,0.08601397066,-0.0006084558611,-1,3.784246575e-06,False
2022-03-23,36,logistic,"{'C': 0.01, 'class_weight': None}",0,0.2386538539,0.6126505662,0.1486955799,-0.0004815846687,-1,3.710045662e-06,False
2022-03-24,36,logistic,"{'C': 0.01, 'class_weight': None}",0,0.1974935311,0.6883445681,0.1141619008,-0.0003418505312,0,3.858447489e-06,False
2022-03-25,36,logistic,"{'C': 0.01, 'class_weight': None}",0,0.1930051556,0.7296198203,0.07737502414,-0.0005718560723,-1,4.081050228e-06,False
2022-03-28,36,logistic,"{'C': 0.01, 'class_weight': None}",0,0.2075249635,0.6921411821,0.1003338544,-0.0005411123663,-1,4.377853881e-06,False
2022-03-29,36,logistic,"{'C': 0.01, 'class_weight': None}",0,0.2346627437,0.602895825,0.1624414313,-0.0003410776475,0,4.081050228e-06,False
2022-03-30,36,logistic,"{'C': 0.01, 'class_weight': None}",0,0.2407358273,0.5522926185,0.2069715542,-6.881859603e-05,0,4.081050228e-06,False
2022-03-31,36,logistic,"{'C': 0.01, 'class_weight': None}",0,0.2887320929,0.4211854235,0.2900824836,8.642043801e-05,0,3.858447489e-06,False
2022-04-01,36,logistic,"{'C': 0.01, 'class_weight': None}",0,0.3246845868,0.3949665177,0.2803488956,-0.0003319495345,0,3.932648402e-06,False
2022-04-04,36,logistic,"{'C': 0.01, 'class_weight': None}",0,0.2696804592,0.4767646652,0.2535548756,-1.47309731e-06,0,4.897260274e-06,False
2022-04-05,36,logistic,"{'C': 0.01, 'class_weight': None}",0,0.2779436575,0.4910565129,0.2309998296,-0.0002485280072,0,4.823059361e-06,False
2022-04-06,36,logistic,"{'C': 0.01, 'class_weight': None}",0,0.3660046775,0.3905248612,0.2434704613,-0.001003589034,-1,4.971461187e-06,False
2022-04-07,36,logistic,"{'C': 0.01, 'class_weight': None}",0,0.2968223625,0.5017135999,0.2014640376,-0.0006496131648,-1,5.0456621e-06,False
2022-04-08,36,logistic,"{'C': 0.01, 'class_weight': None}",0,0.2929127075,0.5408692686,0.1662180239,-0.0008737457245,-1,5.194063927e-06,False
2022-04-11,36,logistic,"{'C': 0.01, 'class_weight': None}",0,0.3729715115,0.3240988894,0.3029295991,-0.0006290576228,-1,5.71347032e-06,False
2022-04-12,36,logistic,"{'C': 0.01, 'class_weight': None}",0,0.3891366238,0.2814381921,0.3294251841,-0.0005878847111,-1,5.49086758e-06,False
2022-04-13,36,logistic,"{'C': 0.01, 'class_weight': None}",0,0.3189520957,0.3880592407,0.2929886636,-0.0001828946374,0,5.565068493e-06,False
2022-04-14,36,logistic,"{'C': 0.01, 'class_weight': None}",0,0.3825084966,0.2654496672,0.3520418362,-0.0003561115142,0,5.861872146e-06,False
2022-04-18,36,logistic,"{'C': 0.01, 'class_weight': None}",0,0.2960456208,0.4344803709,0.2694740083,-0.0001370360134,0,6.010273973e-06,False
2022-04-19,36,logistic,"{'C': 0.01, 'class_weight': None}",0,0.3001748238,0.4294216864,0.2704034898,-0.0001698807479,0,6.010273973e-06,False
2022-04-20,37,logistic,"{'C': 0.01, 'class_weight': None}",0,0.2674540803,0.4094343014,0.3231116184,0.0005419968993,1,6.084474886e-06,False
2022-04-21,37,logistic,"{'C': 0.01, 'class_weight': None}",0,0.3674598215,0.2554577236,0.377082455,-1.945119513e-05,0,6.158675799e-06,False
2022-04-22,37,logistic,"{'C': 0.01, 'class_weight': None}",0,0.5022430911,0.1035558069,0.394201102,-0.001191847514,-1,6.158675799e-06,False
2022-04-25,37,logistic,"{'C': 0.01, 'class_weight': None}",0,0.4366016351,0.1411005208,0.4222978441,-0.0003485725639,0,6.752283105e-06,False
2022-04-26,37,logistic,"{'C': 0.01, 'class_weight': None}",0,0.431303384,0.08682832436,0.4818682916,0.0001477634441,0,6.158675799e-06,False
2022-04-27,37,logistic,"{'C': 0.01, 'class_weight': None}",0,0.4468325549,0.164047487,0.3891199581,-0.000695243119,-1,6.084474886e-06,False
2022-04-28,37,logistic,"{'C': 0.01, 'class_weight': None}",0,0.412041494,0.2268373843,0.3611211218,-0.0005688510443,-1,6.084474886e-06,False
2022-04-29,37,logistic,"{'C': 0.01, 'class_weight': None}",0,0.454047974,0.1598300144,0.3861220115,-0.0007872609764,-1,6.307077626e-06,False
2022-05-02,37,logistic,"{'C': 0.01, 'class_weight': None}",0,0.410928291,0.1718072225,0.4172644865,-0.0001385043085,0,6.678082192e-06,False
2022-05-03,37,logistic,"{'C': 0.01, 'class_weight': None}",0,0.3546391085,0.3268717097,0.3184891818,-0.000333678974,0,6.752283105e-06,False
2022-05-04,37,logistic,"{'C': 0.01, 'class_weight': None}",0,0.3186579427,0.3973364674,0.2840055899,-0.000244271291,0,6.603881279e-06,False
2022-05-05,37,logistic,"{'C': 0.01, 'class_weight': None}",0,0.3451225039,0.3372958941,0.317581602,-0.0002486494514,0,6.307077626e-06,False
2022-05-06,37,logistic,"{'C': 0.01, 'class_weight': None}",0,0.3736852419,0.402470691,0.2238440671,-0.001224792128,-1,6.307077626e-06,False
2022-05-09,37,logistic,"{'C': 0.01, 'class_weight': None}",0,0.3995157327,0.1865424649,0.4139418023,-5.323345867e-05,0,6.826484018e-06,False
2022-05-10,37,logistic,"{'C': 0.01, 'class_weight': None}",0,0.3822201515,0.2617172722,0.3560625763,-0.0003189527049,0,6.603881279e-06,False
2022-05-11,37,logistic,"{'C': 0.01, 'class_weight': None}",0,0.3859588091,0.1717211676,0.4423200233,0.000289653169,0,6.752283105e-06,False
2022-05-12,37,logistic,"{'C': 0.01, 'class_weight': None}",0,0.3431018262,0.1623423732,0.4945558006,0.001093523538,1,7.123287671e-06,False
2022-05-13,37,logistic,"{'C': 0.01, 'class_weight': None}",0,0.339799212,0.4390010481,0.2211997399,-0.0009176357079,-1,7.642694064e-06,False
2022-05-16,37,logistic,"{'C': 0.01, 'class_weight': None}",0,0.2516849713,0.4853829924,0.2629320363,0.0002443583086,0,7.939497717e-06,False
2022-05-17,37,logistic,"{'C': 0.01, 'class_weight': None}",0,0.2161696444,0.5681841041,0.2156462515,0.0002335901103,0,7.865296804e-06,False
2022-05-18,37,logistic,"{'C': 0.01, 'class_weight': None}",0,0.2399526762,0.2762573322,0.4837899916,0.002008205869,1,7.642694064e-06,False
2022-05-19,38,logistic,"{'C': 0.01, 'class_weight': None}",0,0.3066016098,0.3722267899,0.3211716003,7.463349188e-05,0,7.79109589e-06,False
2022-05-20,38,logistic,"{'C': 0.01, 'class_weight': None}",0,0.3083159678,0.3665957607,0.3250882715,8.704673844e-05,0,7.642694064e-06,False
2022-05-23,38,logistic,"{'C': 0.01, 'class_weight': None}",0,0.24426847,0.559710994,0.196020536,-0.000246733197,0,7.939497717e-06,False
2022-05-24,38,logistic,"{'C': 0.01, 'class_weight': None}",0,0.2436182904,0.4967189244,0.2596627852,0.000239072344,0,7.865296804e-06,False
2022-05-25,38,logistic,"{'C': 0.01, 'class_weight': None}",0,0.258630276,0.5339833394,0.2073863847,-0.0003042614082,0,7.865296804e-06,False
2022-05-26,38,logistic,"{'C': 0.01, 'class_weight': None}",0,0.2630427628,0.5479766012,0.188980636,-0.0004868606989,-1,7.939497717e-06,False
2022-05-27,38,logistic,"{'C': 0.01, 'class_weight': None}",0,0.2114890933,0.6540994307,0.134411476,-0.000384064137,0,8.01369863e-06,False
2022-05-31,38,logistic,"{'C': 0.01, 'class_weight': None}",0,0.2340435975,0.5642593995,0.201697003,-0.000102078654,0,8.607305936e-06,False
2022-06-01,38,logistic,"{'C': 0.01, 'class_weight': None}",0,0.2478694685,0.5262581378,0.2258723937,-5.778978507e-05,0,8.533105023e-06,False
2022-06-02,38,logistic,"{'C': 0.01, 'class_weight': None}",0,0.2370719572,0.6060721429,0.1568558999,-0.0004699832449,-1,8.681506849e-06,False
2022-06-03,38,logistic,"{'C': 0.01, 'class_weight': None}",0,0.2244943279,0.6150427507,0.1604629214,-0.0003174671131,0,8.978310502e-06,False
2022-06-06,38,logistic,"{'C': 0.01, 'class_weight': None}",0,0.2087316983,0.6450537277,0.146214574,-0.0002676879175,0,9.349315068e-06,False
2022-06-07,38,logistic,"{'C': 0.01, 'class_weight': None}",0,0.259005461,0.5676625889,0.1733319501,-0.0005644837526,-1,9.349315068e-06,False
2022-06-08,38,logistic,"{'C': 0.01, 'class_weight': None}",0,0.266464449,0.5109917694,0.2225437817,-0.0002681784356,0,9.497716895e-06,False
2022-06-09,38,logistic,"{'C': 0.01, 'class_weight': None}",0,0.333119159,0.3921026896,0.2747781514,-0.0005390577432,-1,9.646118721e-06,False
2022-06-10,38,logistic,"{'C': 0.01, 'class_weight': None}",0,0.4307561143,0.2314595392,0.3377843465,-0.001037579749,-1,1.031392694e-05,False
2022-06-13,38,logistic,"{'C': 0.01, 'class_weight': None}",0,0.429341483,0.1121532682,0.4585052488,-0.0001142639812,0,1.283675799e-05,False
2022-06-14,38,logistic,"{'C': 0.01, 'class_weight': None}",0,0.3897634572,0.2184904244,0.3917461184,-0.0002226271623,0,1.357876712e-05,False
2022-06-15,38,logistic,"{'C': 0.01, 'class_weight': None}",0,0.3734846238,0.3056625513,0.3208528249,-0.0005943285907,-1,1.29109589e-05,False
2022-06-16,38,logistic,"{'C': 0.01, 'class_weight': None}",0,0.3481358626,0.2899021096,0.3619620278,-3.208423224e-05,0,1.179794521e-05,False
2022-06-17,38,logistic,"{'C': 0.01, 'class_weight': None}",0,0.356940103,0.3221666477,0.3208932494,-0.0004291401783,-1,1.209474886e-05,False
2022-06-21,39,logistic,"{'C': 0.01, 'class_weight': None}",0,0.3323455599,0.3619244662,0.3057299739,-0.0002920608927,0,1.261415525e-05,False
2022-06-22,39,logistic,"{'C': 0.01, 'class_weight': None}",0,0.3077824698,0.3731430658,0.3190744644,5.570669735e-05,0,1.194634703e-05,False
2022-06-23,39,logistic,"{'C': 0.01, 'class_weight': None}",0,0.2620302309,0.4281159,0.3098538691,0.0004429506423,1,1.224315068e-05,False
2022-06-24,39,logistic,"{'C': 0.01, 'class_weight': None}",0,0.2660547887,0.5119173612,0.22202785,-0.0002687615265,0,1.283675799e-05,False
2022-06-27,39,logistic,"{'C': 0.01, 'class_weight': None}",0,0.1887704244,0.5995283908,0.2117011848,0.0004254956328,1,1.328196347e-05,False
2022-06-28,39,logistic,"{'C': 0.01, 'class_weight': None}",0,0.2804571172,0.466203461,0.2533394218,-0.0001734691488,0,1.328196347e-05,False
2022-06-29,39,logistic,"{'C': 0.01, 'class_weight': None}",0,0.3022519861,0.4403091774,0.2574388365,-0.00036017934,0,1.320776256e-05,False
2022-06-30,39,logistic,"{'C': 0.01, 'class_weight': None}",0,0.3338713312,0.3622508361,0.3038778327,-0.0003214857658,0,1.276255708e-05,False
2022-07-01,39,logistic,"{'C': 0.01, 'class_weight': None}",0,0.2745216299,0.4866282015,0.2388501686,-0.0002248596723,0,1.283675799e-05,False
2022-07-05,39,logistic,"{'C': 0.01, 'class_weight': None}",0,0.3188958212,0.4019848597,0.2791193192,-0.0003609441804,0,1.409817352e-05,False
2022-07-06,39,logistic,"{'C': 0.01, 'class_weight': None}",0,0.2605825639,0.468077781,0.2713396551,0.000162985151,0,1.409817352e-05,False
2022-07-07,39,logistic,"{'C': 0.01, 'class_weight': None}",0,0.2484356218,0.5200183186,0.2315460595,-1.971847237e-05,0,1.446917808e-05,False
2022-07-08,39,logistic,"{'C': 0.01, 'class_weight': None}",0,0.2239665377,0.5860228034,0.1900106589,-9.24592568e-05,0,1.469178082e-05,False
2022-07-11,39,logistic,"{'C': 0.01, 'class_weight': None}",0,0.2208560661,0.5373791333,0.2417648007,0.0003343309549,0,1.617579909e-05,False
2022-07-12,39,logistic,"{'C': 0.01, 'class_weight': None}",0,0.2580107313,0.4720122931,0.2699769756,0.0001782975941,0,1.647260274e-05,False
2022-07-13,39,logistic,"{'C': 0.01, 'class_weight': None}",0,0.2899054674,0.4431809598,0.2669135729,-0.0001642198913,0,1.773401826e-05,False
2022-07-14,39,logistic,"{'C': 0.01, 'class_weight': None}",0,0.3143654275,0.3864526226,0.2991819499,-0.0001622360951,0,1.780821918e-05,False
2022-07-15,39,logistic,"{'C': 0.01, 'class_weight': None}",0,0.2351395947,0.5384441018,0.2264163036,7.408622052e-05,0,1.758561644e-05,False
2022-07-18,39,logistic,"{'C': 0.01, 'class_weight': None}",0,0.2318094179,0.5118385385,0.2563520436,0.0003362684186,0,1.855022831e-05,False
2022-07-19,39,logistic,"{'C': 0.01, 'class_weight': None}",0,0.2355106603,0.5463499245,0.2181394152,7.095335672e-06,0,1.869863014e-05,False
2022-07-20,39,logistic,"{'C': 0.01, 'class_weight': None}",0,0.2341758149,0.5437945608,0.2220296243,5.019149351e-05,0,1.862442922e-05,False
2022-07-21,40,logistic,"{'C': 0.01, 'class_weight': None}",0,0.1938399704,0.5658780127,0.2402820169,0.0006421912263,1,1.840182648e-05,False
2022-07-22,40,logistic,"{'C': 0.01, 'class_weight': None}",0,0.2129423613,0.5138561303,0.2732015084,0.0007033820357,1,1.84760274e-05,False
2022-07-25,40,logistic,"{'C': 0.01, 'class_weight': None}",0,0.2115367309,0.510451783,0.278011486,0.0007546688803,1,1.944063927e-05,False
2022-07-26,40,logistic,"{'C': 0.01, 'class_weight': None}",0,0.237406654,0.4427794257,0.3198139203,0.0008160960723,1,1.892123288e-05,False
2022-07-27,40,logistic,"{'C': 0.01, 'class_weight': None}",0,0.2538990272,0.4382221158,0.307878857,0.0005576185113,1,1.810502283e-05,False
2022-07-28,40,logistic,"{'C': 0.01, 'class_weight': None}",0,0.2165828785,0.5086430865,0.274774035,0.0006787787719,1,1.7956621e-05,False
2022-07-29,40,logistic,"{'C': 0.01, 'class_weight': None}",0,0.2110857062,0.5474649907,0.2414493031,0.0004771824229,1,1.788242009e-05,False
2022-08-01,40,logistic,"{'C': 0.01, 'class_weight': None}",0,0.2615781504,0.4206959121,0.3177259374,0.0005560940159,1,1.899543379e-05,False
2022-08-02,40,logistic,"{'C': 0.01, 'class_weight': None}",0,0.2723733222,0.4256272133,0.3019994645,0.0003258558369,0,1.899543379e-05,False
2022-08-03,40,logistic,"{'C': 0.01, 'class_weight': None}",0,0.2500901,0.4802125817,0.2696973183,0.0003015224392,0,1.869863014e-05,False
2022-08-04,40,logistic,"{'C': 0.01, 'class_weight': None}",0,0.2256319841,0.4969057131,0.2774623028,0.0006082084261,1,1.855022831e-05,False
2022-08-05,40,logistic,"{'C': 0.01, 'class_weight': None}",0,0.2348549525,0.5555100005,0.2096350471,-8.066641712e-06,0,1.914383562e-05,False
2022-08-08,40,logistic,"{'C': 0.01, 'class_weight': None}",0,0.2676579601,0.4671505295,0.2651915104,8.950159391e-05,0,1.966324201e-05,False
2022-08-09,40,logistic,"{'C': 0.01, 'class_weight': None}",0,0.2688664731,0.4594205528,0.2717129741,0.0001276134256,0,1.981164384e-05,False
2022-08-10,40,logistic,"{'C': 0.01, 'class_weight': None}",0,0.2490727216,0.4662121365,0.2847151419,0.000427634145,1,1.966324201e-05,False
2022-08-11,40,logistic,"{'C': 0.01, 'class_weight': None}",0,0.2546933421,0.4921273565,0.2531793015,0.0001276562493,0,1.944063927e-05,False
2022-08-12,40,logistic,"{'C': 0.01, 'class_weight': None}",0,0.2186697132,0.5651787728,0.216151514,0.000205513307,0,1.951484018e-05,False
2022-08-15,40,logistic,"{'C': 0.01, 'class_weight': None}",0,0.2502909815,0.4893792579,0.2603297606,0.0002272350032,0,2.01826484e-05,False
2022-08-16,40,logistic,"{'C': 0.01, 'class_weight': None}",0,0.2566292498,0.4801943769,0.2631763733,0.0001852390414,0,2.003424658e-05,False
2022-08-17,40,logistic,"{'C': 0.01, 'class_weight': None}",0,0.2918462007,0.4196206781,0.2885331212,2.54921869e-05,0,1.988584475e-05,False
2022-08-18,40,logistic,"{'C': 0.01, 'class_weight': None}",0,0.2567970336,0.4601648362,0.2830381302,0.0003367578749,0,2.010844749e-05,False
2022-08-19,41,logistic,"{'C': 0.01, 'class_weight': None}",0,0.3192291567,0.4068178364,0.273953007,-0.0003337179321,0,2.033105023e-05,False
2022-08-22,41,logistic,"{'C': 0.01, 'class_weight': None}",0,0.3573592825,0.3462556246,0.2963850929,-0.0005441228881,-1,2.092465753e-05,False
2022-08-23,41,logistic,"{'C': 0.01, 'class_weight': None}",0,0.3675810354,0.3388621409,0.2935568237,-0.0006689682553,-1,2.077625571e-05,False
2022-08-24,41,logistic,"{'C': 0.01, 'class_weight': None}",0,0.3350574404,0.3720751607,0.2928673989,-0.000346729615,0,2.092465753e-05,False
2022-08-25,41,logistic,"{'C': 0.01, 'class_weight': None}",0,0.3080362432,0.4098205318,0.282143225,-0.0001575861595,0,2.136986301e-05,False
2022-08-26,41,logistic,"{'C': 0.01, 'class_weight': None}",0,0.3778342439,0.2659318026,0.3562339535,-0.0002870763276,0,2.144406393e-05,False
2022-08-29,41,logistic,"{'C': 0.01, 'class_weight': None}",0,0.3563261462,0.303929446,0.3397444077,-0.000198088104,0,2.203767123e-05,False
2022-08-30,41,logistic,"{'C': 0.01, 'class_weight': None}",0,0.3493734336,0.2575317279,0.3930948385,0.0002849059075,0,2.203767123e-05,False
2022-08-31,41,logistic,"{'C': 0.01, 'class_weight': None}",0,0.3479390964,0.2710444933,0.3810164103,0.0002058576065,0,2.196347032e-05,False
2022-09-01,41,logistic,"{'C': 0.01, 'class_weight': None}",0,0.3497283411,0.3098345121,0.3404371468,-0.0001262732517,0,2.203767123e-05,False
2022-09-02,41,logistic,"{'C': 0.01, 'class_weight': None}",0,0.3318345939,0.3496440393,0.3185213668,-0.000115691057,0,2.181506849e-05,False
2022-09-06,41,logistic,"{'C': 0.01, 'class_weight': None}",0,0.3316461246,0.3678653443,0.3004885311,-0.0002533786091,0,2.255707763e-05,False
2022-09-07,41,logistic,"{'C': 0.01, 'class_weight': None}",0,0.3139728839,0.4081617362,0.2778653799,-0.0002504928495,0,2.277968037e-05,False
2022-09-08,41,logistic,"{'C': 0.01, 'class_weight': None}",0,0.2980175386,0.414674795,0.2873076665,-1.670239707e-05,0,2.270547945e-05,False
2022-09-09,41,logistic,"{'C': 0.01, 'class_weight': None}",0,0.2645522097,0.474220782,0.2612270083,0.0001184767632,0,2.285388128e-05,False
2022-09-12,41,logistic,"{'C': 0.01, 'class_weight': None}",0,0.2596828425,0.4914769413,0.2488402163,7.163889477e-05,0,2.35216895e-05,False
2022-09-13,41,logistic,"{'C': 0.01, 'class_weight': None}",0,0.3632875911,0.3190599511,0.3176524578,-0.0004392092263,-1,2.433789954e-05,False
2022-09-14,41,logistic,"{'C': 0.01, 'class_weight': None}",0,0.3471884348,0.3416828222,0.311128743,-0.0003275574873,0,2.404109589e-05,False
2022-09-15,41,logistic,"{'C': 0.01, 'class_weight': None}",0,0.3605219413,0.3198550454,0.3196230133,-0.0003961004342,0,2.389269406e-05,False
2022-09-16,41,logistic,"{'C': 0.01, 'class_weight': None}",0,0.3434587702,0.3747405881,0.2818006417,-0.0005170110362,-1,2.374429224e-05,False
2022-09-19,41,logistic,"{'C': 0.01, 'class_weight': None}",0,0.3160843912,0.4170093437,0.2669062651,-0.0003565904237,0,2.500570776e-05,False
2022-09-20,42,logistic,"{'C': 0.01, 'class_weight': None}",0,0.3421961538,0.3757206551,0.2820831911,-0.0005310805235,-1,2.485730594e-05,False
2022-09-21,42,logistic,"{'C': 0.01, 'class_weight': None}",0,0.3533779519,0.3169638193,0.3296582288,-0.0002726761384,0,2.456050228e-05,False
2022-09-22,42,logistic,"{'C': 0.01, 'class_weight': None}",0,0.3915157249,0.3284684984,0.2800157767,-0.001049421395,-1,2.441210046e-05,False
2022-09-23,42,logistic,"{'C': 0.01, 'class_weight': None}",0,0.3926649125,0.322230523,0.2851045646,-0.001021304507,-1,2.404109589e-05,False
2022-09-26,42,logistic,"{'C': 0.01, 'class_weight': None}",0,0.4127044885,0.3274741578,0.2598213537,-0.001423175392,-1,2.515410959e-05,False
2022-09-27,42,logistic,"{'C': 0.01, 'class_weight': None}",0,0.3765540501,0.3618260221,0.2616199278,-0.001041024143,-1,2.485730594e-05,False
2022-09-28,42,logistic,"{'C': 0.01, 'class_weight': None}",0,0.3099737912,0.3602252805,0.3298009283,0.0001703748209,0,2.52283105e-05,False
2022-09-29,42,logistic,"{'C': 0.01, 'class_weight': None}",0,0.3546292064,0.3459679225,0.2994028712,-0.0005221523313,-1,2.493150685e-05,False
2022-09-30,42,logistic,"{'C': 0.01, 'class_weight': None}",0,0.4002608375,0.3228424968,0.2768966657,-0.001162868568,-1,2.470890411e-05,False
2022-10-03,42,logistic,"{'C': 0.01, 'class_weight': None}",0,0.3151344255,0.3297157563,0.3551498182,0.0003161750081,0,2.567351598e-05,False
2022-10-04,42,logistic,"{'C': 0.01, 'class_weight': None}",0,0.2755435655,0.4139962023,0.3104602322,0.000369604769,0,2.559931507e-05,False
2022-10-05,42,logistic,"{'C': 0.01, 'class_weight': None}",0,0.2581996815,0.5142722392,0.2275280793,-0.000102713552,0,2.567351598e-05,False
2022-10-06,42,logistic,"{'C': 0.01, 'class_weight': None}",0,0.2658008807,0.4954806342,0.238718485,-9.254731179e-05,0,2.567351598e-05,False
2022-10-07,42,logistic,"{'C': 0.01, 'class_weight': None}",0,0.3500392078,0.3948843436,0.2550764486,-0.0008222542712,-1,2.559931507e-05,False
2022-10-10,42,logistic,"{'C': 0.01, 'class_weight': None}",0,0.3172420806,0.4202340267,0.2625238927,-0.000430045757,-1,2.559931507e-05,False
2022-10-11,42,logistic,"{'C': 0.01, 'class_weight': None}",0,0.3575127817,0.3852341391,0.2572530792,-0.0008813177675,-1,2.723173516e-05,False
2022-10-12,42,logistic,"{'C': 0.01, 'class_weight': None}",0,0.320213465,0.3985992153,0.2811873197,-0.0003142660511,0,2.74543379e-05,False
2022-10-13,42,logistic,"{'C': 0.01, 'class_weight': None}",0,0.3874501534,0.3589746415,0.2535752051,-0.001214913314,-1,2.812214612e-05,False
2022-10-14,42,logistic,"{'C': 0.01, 'class_weight': None}",0,0.3329419625,0.4013294132,0.2657286243,-0.0005648237578,-1,2.827054795e-05,False
2022-10-17,42,logistic,"{'C': 0.01, 'class_weight': None}",0,0.2676006499,0.4888360628,0.2435632874,-7.296363329e-05,0,2.945776256e-05,False
2022-10-18,42,logistic,"{'C': 0.01, 'class_weight': None}",0,0.2543268619,0.4708906489,0.2747824892,0.0003064658161,0,2.997716895e-05,False
2022-10-19,43,logistic,"{'C': 0.01, 'class_weight': None}",0,0.291692206,0.4745431546,0.2337646394,-0.0004283776586,0,3.019977169e-05,False
2022-10-20,43,logistic,"{'C': 0.01, 'class_weight': None}",0,0.314036174,0.4413940543,0.2445697718,-0.0005715106944,-1,3.034817352e-05,False
2022-10-21,43,logistic,"{'C': 0.01, 'class_weight': None}",0,0.3319769063,0.4379612985,0.2300617952,-0.0008719759543,-1,3.034817352e-05,False
2022-10-24,43,logistic,"{'C': 0.01, 'class_weight': None}",0,0.2683308156,0.5197181376,0.2119510468,-0.0003628898676,0,3.086757991e-05,False
2022-10-25,43,logistic,"{'C': 0.01, 'class_weight': None}",0,0.2500464191,0.5153448944,0.2346086864,6.328293256e-06,0,3.071917808e-05,False
2022-10-26,43,logistic,"{'C': 0.01, 'class_weight': None}",0,0.3008144095,0.4086157742,0.2905698163,-6.75077121e-05,0,3.049657534e-05,False
2022-10-27,43,logistic,"{'C': 0.01, 'class_weight': None}",0,0.2874143299,0.3858767145,0.3267089556,0.000359411216,0,3.064497717e-05,False
2022-10-28,43,logistic,"{'C': 0.01, 'class_weight': None}",0,0.3165776486,0.4424217565,0.2410005949,-0.0006261907997,-1,3.101598174e-05,False
2022-10-31,43,logistic,"{'C': 0.01, 'class_weight': None}",0,0.3052271371,0.417072567,0.2777002959,-0.0002158470319,0,3.131278539e-05,False
2022-11-01,43,logistic,"{'C': 0.01, 'class_weight': None}",0,0.2979660272,0.3786844039,0.3233495689,0.0002240972015,0,3.13869863e-05,False
2022-11-02,43,logistic,"{'C': 0.01, 'class_weight': None}",0,0.3257283558,0.3452006304,0.3290710138,-1.539931483e-05,0,3.131278539e-05,False
2022-11-03,43,logistic,"{'C': 0.01, 'class_weight': None}",0,0.3406815588,0.3661794264,0.2931390147,-0.0004566203657,-1,3.153538813e-05,False
2022-11-04,43,logistic,"{'C': 0.01, 'class_weight': None}",0,0.3252334554,0.3921904236,0.282576121,-0.0003824104389,0,3.123858447e-05,False
2022-11-07,43,logistic,"{'C': 0.01, 'class_weight': None}",0,0.2764939139,0.4644310105,0.2590750757,-6.964200716e-05,0,3.183219178e-05,False
2022-11-08,43,logistic,"{'C': 0.01, 'class_weight': None}",0,0.2850325496,0.4024895615,0.3124778888,0.000269995691,0,3.175799087e-05,False
2022-11-09,43,logistic,"{'C': 0.01, 'class_weight': None}",0,0.3066741757,0.3808615417,0.3124642826,4.749798517e-05,0,3.183219178e-05,False
2022-11-10,43,logistic,"{'C': 0.01, 'class_weight': None}",0,0.2544671156,0.3168536525,0.4286792318,0.001514039888,1,3.175799087e-05,False
2022-11-11,43,logistic,"{'C': 0.01, 'class_weight': None}",0,0.2680322097,0.4398305835,0.2921372068,0.0002819051272,0,3.175799087e-05,False
2022-11-14,43,logistic,"{'C': 0.01, 'class_weight': None}",0,0.2640572959,0.4462114247,0.2897312794,0.0003034967055,0,3.220319635e-05,False
2022-11-15,43,logistic,"{'C': 0.01, 'class_weight': None}",0,0.2724176562,0.3964615975,0.3311207463,0.0005488240438,1,3.198059361e-05,False
2022-11-16,43,logistic,"{'C': 0.01, 'class_weight': None}",0,0.2852747726,0.3652625731,0.3494626543,0.000563494165,1,3.205479452e-05,False
2022-11-17,44,logistic,"{'C': 0.01, 'class_weight': None}",0,0.316231535,0.4150673416,0.2687011234,-0.000386832531,0,3.205479452e-05,False
2022-11-18,44,logistic,"{'C': 0.01, 'class_weight': None}",0,0.287875771,0.4514855628,0.2606386662,-0.0001598577969,0,3.220319635e-05,False
2022-11-21,44,logistic,"{'C': 0.01, 'class_weight': None}",0,0.280876333,0.4389801024,0.2801435646,7.043907155e-05,0,3.272260274e-05,False
2022-11-22,44,logistic,"{'C': 0.01, 'class_weight': None}",0,0.24976966,0.4755455239,0.2746848161,0.0003468843309,0,3.264840183e-05,False
2022-11-23,44,logistic,"{'C': 0.01, 'class_weight': None}",0,0.2716189545,0.4583391573,0.2700418882,8.398163782e-05,0,1.757990868e-05,False
2022-11-25,44,logistic,"{'C': 0.01, 'class_weight': None}",0,0.2490672393,0.4862599523,0.2646728084,0.0002729545044,0,3.272260274e-05,False
2022-11-28,44,logistic,"{'C': 0.01, 'class_weight': None}",0,0.2906368515,0.3913243302,0.3180388183,0.0002770436006,0,3.272260274e-05,False
2022-11-29,44,logistic,"{'C': 0.01, 'class_weight': None}",0,0.290259961,0.4076313412,0.3021086979,0.0001517769908,0,3.25e-05,False
2022-11-30,44,logistic,"{'C': 0.01, 'class_weight': None}",0,0.295690949,0.4005262501,0.3037828009,0.0001093575912,0,3.242579909e-05,False
2022-12-01,44,logistic,"{'C': 0.01, 'class_weight': None}",0,0.2562861186,0.4032484242,0.3404654572,0.0008130129477,1,3.212899543e-05,False
2022-12-02,44,logistic,"{'C': 0.01, 'class_weight': None}",0,0.2640313791,0.4630363749,0.272932246,0.0001856409111,0,3.220319635e-05,False
2022-12-05,44,logistic,"{'C': 0.01, 'class_weight': None}",0,0.2893169569,0.4201337707,0.2905492724,6.778194369e-05,0,3.235159817e-05,False
2022-12-06,44,logistic,"{'C': 0.01, 'class_weight': None}",0,0.2957457736,0.3414584166,0.3627958097,0.0005872358928,1,3.242579909e-05,False
2022-12-07,44,logistic,"{'C': 0.01, 'class_weight': None}",0,0.2967014816,0.3340297736,0.3692687448,0.0006298616279,1,3.183219178e-05,False
2022-12-08,44,logistic,"{'C': 0.01, 'class_weight': None}",0,0.2962115746,0.4055997525,0.2981886729,5.86361057e-05,0,3.175799087e-05,False
2022-12-09,44,logistic,"{'C': 0.01, 'class_weight': None}",0,0.3122441716,0.4170503928,0.2707054356,-0.0003294740483,0,3.198059361e-05,False
2022-12-12,44,logistic,"{'C': 0.01, 'class_weight': None}",0,0.2839328295,0.4441350243,0.2719321463,-2.764606237e-05,0,3.25e-05,False
2022-12-13,44,logistic,"{'C': 0.01, 'class_weight': None}",0,0.2761751036,0.3927062224,0.331118674,0.0005321843805,1,3.227739726e-05,False
2022-12-14,44,logistic,"{'C': 0.01, 'class_weight': None}",0,0.2621225218,0.450163071,0.2877144072,0.0003251659907,0,3.212899543e-05,False
2022-12-15,44,logistic,"{'C': 0.01, 'class_weight': None}",0,0.3027386914,0.3497694324,0.3474918762,0.0003910652526,0,3.220319635e-05,False
2022-12-16,44,logistic,"{'C': 0.01, 'class_weight': None}",0,0.3257291106,0.3578640681,0.3164068213,-9.797969133e-05,0,3.198059361e-05,False
2022-12-19,45,logistic,"{'C': 0.01, 'class_weight': None}",0,0.3079055272,0.4072766509,0.2848178219,-0.0001807546373,0,3.242579909e-05,False
2022-12-20,45,logistic,"{'C': 0.01, 'class_weight': None}",0,0.3075835816,0.4286541501,0.2637622683,-0.0003497522569,0,3.227739726e-05,False
2022-12-21,45,logistic,"{'C': 0.01, 'class_weight': None}",0,0.2721882974,0.4660428198,0.2617688828,-1.004895823e-06,0,3.212899543e-05,False
2022-12-22,45,logistic,"{'C': 0.01, 'class_weight': None}",0,0.2906092105,0.4374320265,0.271958763,-0.0001076014644,0,3.227739726e-05,False
2022-12-23,45,logistic,"{'C': 0.01, 'class_weight': None}",0,0.2766054851,0.476860243,0.2465342719,-0.0001712427164,0,3.220319635e-05,False
2022-12-27,45,logistic,"{'C': 0.01, 'class_weight': None}",0,0.2788891196,0.4592794233,0.2618314571,-6.960397441e-05,0,3.309360731e-05,False
2022-12-28,45,logistic,"{'C': 0.01, 'class_weight': None}",0,0.2804121284,0.4439041104,0.2756837612,2.805486577e-05,0,3.309360731e-05,False
2022-12-29,45,logistic,"{'C': 0.01, 'class_weight': None}",0,0.2609301033,0.466600662,0.2724692347,0.0002026816848,0,3.301940639e-05,False
2022-12-30,45,logistic,"{'C': 0.01, 'class_weight': None}",0,0.2796520913,0.4665197536,0.2538281551,-0.0001429719602,0,3.279680365e-05,False
2023-01-03,45,logistic,"{'C': 0.01, 'class_weight': None}",0,0.2943148779,0.4054135567,0.3002715654,8.58901415e-05,0,3.36130137e-05,False
2023-01-04,45,logistic,"{'C': 0.01, 'class_weight': None}",0,0.2789332895,0.4277736467,0.2932930639,0.0001874214526,0,3.376141553e-05,False
2023-01-05,45,logistic,"{'C': 0.01, 'class_weight': None}",0,0.2995607183,0.4032753487,0.2971639331,6.352617722e-06,0,3.457762557e-05,False
2023-01-06,45,logistic,"{'C': 0.01, 'class_weight': None}",0,0.2670869626,0.4440360028,0.2888770346,0.0002734618609,0,3.465182648e-05,False
2023-01-09,45,logistic,"{'C': 0.01, 'class_weight': None}",0,0.2449139655,0.4669778686,0.2881081659,0.0004958581274,1,3.487442922e-05,False
2023-01-10,45,logistic,"{'C': 0.01, 'class_weight': None}",0,0.2403000622,0.4947466525,0.2649532853,0.0003539462185,0,3.509703196e-05,False
2023-01-11,45,logistic,"{'C': 0.01, 'class_weight': None}",0,0.2304453141,0.4964297869,0.273124899,0.0005224627597,1,3.502283105e-05,False
2023-01-12,45,logistic,"{'C': 0.01, 'class_weight': None}",0,0.2427920543,0.4682455958,0.2889623499,0.0005247337928,1,3.457762557e-05,False
2023-01-13,45,logistic,"{'C': 0.01, 'class_weight': None}",0,0.2335612623,0.5157433125,0.2506954252,0.0003067631362,0,3.465182648e-05,False
2023-01-17,45,logistic,"{'C': 0.01, 'class_weight': None}",0,0.24939135,0.483881274,0.266727376,0.0002746992758,0,3.494863014e-05,False
2023-01-18,45,logistic,"{'C': 0.01, 'class_weight': None}",0,0.2586791866,0.4346265273,0.306694286,0.0005059942203,1,3.480022831e-05,False
2023-01-19,45,logistic,"{'C': 0.01, 'class_weight': None}",0,0.2940986096,0.4189789977,0.2869223927,-2.112859199e-05,0,3.494863014e-05,False
2023-01-20,46,logistic,"{'C': 0.01, 'class_weight': None}",0,0.3021713284,0.4483351845,0.2494934871,-0.0003986980515,0,3.502283105e-05,False
2023-01-23,46,logistic,"{'C': 0.01, 'class_weight': None}",0,0.2791928859,0.4636675723,0.2571395418,-9.841598994e-05,0,3.509703196e-05,False
2023-01-24,46,logistic,"{'C': 0.01, 'class_weight': None}",0,0.2749223446,0.4559555241,0.2691221313,4.415146864e-05,0,3.502283105e-05,False
2023-01-25,46,logistic,"{'C': 0.01, 'class_weight': None}",0,0.2852459838,0.450331558,0.2644224582,-0.0001011451628,0,3.502283105e-05,False
2023-01-26,46,logistic,"{'C': 0.01, 'class_weight': None}",0,0.2720296203,0.4670081206,0.2609622592,7.015651342e-06,0,3.494863014e-05,False
2023-01-27,46,logistic,"{'C': 0.01, 'class_weight': None}",0,0.2833293026,0.4656701564,0.251000541,-0.0001915940413,0,3.509703196e-05,False
2023-01-30,46,logistic,"{'C': 0.01, 'class_weight': None}",0,0.2945016978,0.4408850777,0.2646132245,-0.000195231798,0,3.502283105e-05,False
2023-01-31,46,logistic,"{'C': 0.01, 'class_weight': None}",0,0.2989312029,0.4340976593,0.2669711379,-0.0002216392435,0,3.487442922e-05,False
2023-02-01,46,logistic,"{'C': 0.01, 'class_weight': None}",0,0.302428571,0.4106742537,0.2868971753,-9.409671465e-05,0,3.457762557e-05,False
2023-02-02,46,logistic,"{'C': 0.01, 'class_weight': None}",0,0.2876239298,0.4465042661,0.2658718041,-0.000113814253,0,3.457762557e-05,False
2023-02-03,46,logistic,"{'C': 0.01, 'class_weight': None}",0,0.3053173125,0.448255805,0.2464268825,-0.0004564016268,-1,3.487442922e-05,False
2023-02-06,46,logistic,"{'C': 0.01, 'class_weight': None}",0,0.2963382849,0.4494133354,0.2542483797,-0.0002993561358,0,3.494863014e-05,False
2023-02-07,46,logistic,"{'C': 0.01, 'class_weight': None}",0,0.3122166213,0.4315468688,0.2562365099,-0.0004471198588,-1,3.494863014e-05,False
2023-02-08,46,logistic,"{'C': 0.01, 'class_weight': None}",0,0.3018357002,0.4378644141,0.2602998857,-0.0003064582334,0,3.502283105e-05,False
2023-02-09,46,logistic,"{'C': 0.01, 'class_weight': None}",0,0.3104998722,0.428166516,0.2613336118,-0.0003875068856,0,3.539383562e-05,False
2023-02-10,46,logistic,"{'C': 0.01, 'class_weight': None}",0,0.3155072738,0.4352338246,0.2492589016,-0.000538446213,-1,3.554223744e-05,False
2023-02-13,46,logistic,"{'C': 0.01, 'class_weight': None}",0,0.2965036581,0.4459925854,0.2575037565,-0.0002743232729,0,3.569063927e-05,False
2023-02-14,46,logistic,"{'C': 0.01, 'class_weight': None}",0,0.3269657245,0.4091715755,0.2638627,-0.0005368985231,-1,3.561643836e-05,False
2023-02-15,46,logistic,"{'C': 0.01, 'class_weight': None}",0,0.3062718673,0.4349090313,0.2588191014,-0.0003644682523,0,3.554223744e-05,False
2023-02-16,46,logistic,"{'C': 0.01, 'class_weight': None}",0,0.3347556805,0.3957581979,0.2694861216,-0.0005712095985,-1,3.591324201e-05,False
2023-02-17,46,logistic,"{'C': 0.01, 'class_weight': None}",0,0.3299540207,0.4050553489,0.2649906304,-0.0005585156439,-1,3.591324201e-05,False
2023-02-21,47,logistic,"{'C': 0.01, 'class_weight': None}",0,0.3620885744,0.3746625489,0.2632488767,-0.0008727529574,-1,3.606164384e-05,False
2023-02-22,47,logistic,"{'C': 0.01, 'class_weight': None}",0,0.3373140107,0.3872582874,0.2754277019,-0.0005156459138,-1,3.591324201e-05,False
2023-02-23,47,logistic,"{'C': 0.01, 'class_weight': None}",0,0.3285992043,0.3919098974,0.2794908983,-0.0003918491739,0,3.591324201e-05,False
2023-02-24,47,logistic,"{'C': 0.01, 'class_weight': None}",0,0.3637784133,0.3750448863,0.2611767004,-0.0009073445099,-1,3.606164384e-05,False
2023-02-27,47,logistic,"{'C': 0.01, 'class_weight': None}",0,0.3216249847,0.4039158003,0.274459215,-0.0003610596224,0,3.628424658e-05,False
2023-02-28,47,logistic,"{'C': 0.01, 'class_weight': None}",0,0.3306241016,0.3864784125,0.2828974859,-0.0003847498696,0,3.621004566e-05,False
2023-03-01,47,logistic,"{'C': 0.01, 'class_weight': None}",0,0.3372052415,0.3810926347,0.2817021237,-0.000462797321,-1,3.635844749e-05,False
2023-03-02,47,logistic,"{'C': 0.01, 'class_weight': None}",0,0.3139197474,0.4150945313,0.2709857213,-0.0003098507407,0,3.64326484e-05,False
2023-03-03,47,logistic,"{'C': 0.01, 'class_weight': None}",0,0.2836869364,0.4403288282,0.2759842354,4.46257001e-05,0,3.64326484e-05,False
2023-03-06,47,logistic,"{'C': 0.01, 'class_weight': None}",0,0.2905307377,0.434217249,0.2752520134,-3.232567609e-05,0,3.658105023e-05,False
2023-03-07,47,logistic,"{'C': 0.01, 'class_weight': None}",0,0.3072495517,0.4123767333,0.280373715,-0.0001633467152,0,3.739726027e-05,False
2023-03-08,47,logistic,"{'C': 0.01, 'class_weight': None}",0,0.3058077683,0.4142965532,0.2798956785,-0.0001523475158,0,3.75456621e-05,False
2023-03-09,47,logistic,"{'C': 0.01, 'class_weight': None}",0,0.3198302558,0.3869249326,0.2932448117,-0.0001876085652,0,3.747146119e-05,False
2023-03-10,47,logistic,"{'C': 0.01, 'class_weight': None}",0,0.3198442549,0.3855084546,0.2946472905,-0.0001761926629,0,3.717465753e-05,False
2023-03-13,47,logistic,"{'C': 0.01, 'class_weight': None}",0,0.3120409835,0.383207245,0.3047517715,-1.204153024e-05,0,3.613584475e-05,False
2023-03-14,47,logistic,"{'C': 0.01, 'class_weight': None}",0,0.2680665852,0.4457713223,0.2861620925,0.0002903823047,0,3.621004566e-05,False
2023-03-15,47,logistic,"{'C': 0.01, 'class_weight': None}",0,0.3230763082,0.3797929081,0.2971307837,-0.0001892111976,0,3.524543379e-05,False
2023-03-16,47,logistic,"{'C': 0.01, 'class_weight': None}",0,0.2985484344,0.4251135268,0.2763380388,-0.0001064527233,0,3.517123288e-05,False
2023-03-17,47,logistic,"{'C': 0.01, 'class_weight': None}",0,0.3218186683,0.3937283875,0.2844529442,-0.0002806859256,0,3.353881279e-05,False
2023-03-20,47,logistic,"{'C': 0.01, 'class_weight': None}",0,0.252740959,0.4731902456,0.2740687954,0.0003494986341,0,3.569063927e-05,False
2023-03-21,47,logistic,"{'C': 0.01, 'class_weight': None}",0,0.278822074,0.449253818,0.2719241079,6.156684489e-05,0,3.546803653e-05,False
2023-03-22,48,logistic,"{'C': 0.01, 'class_weight': None}",0,0.3057040102,0.407469889,0.2868261008,-9.812806633e-05,0,3.554223744e-05,False
2023-03-23,48,logistic,"{'C': 0.01, 'class_weight': None}",0,0.278322791,0.4292155768,0.2924616323,0.0002334799493,0,3.509703196e-05,False
2023-03-24,48,logistic,"{'C': 0.01, 'class_weight': None}",0,0.2789222865,0.452092681,0.2689850326,3.221515981e-05,0,3.517123288e-05,False
2023-03-27,48,logistic,"{'C': 0.01, 'class_weight': None}",0,0.2835245092,0.4514062575,0.2650692333,-4.818255262e-05,0,3.64326484e-05,False
2023-03-28,48,logistic,"{'C': 0.01, 'class_weight': None}",0,0.2878681915,0.433243909,0.2788878996,2.143606811e-05,0,3.561643836e-05,False
2023-03-29,48,logistic,"{'C': 0.01, 'class_weight': None}",0,0.283053801,0.4427713021,0.2741748969,3.235764147e-05,0,3.561643836e-05,False
2023-03-30,48,logistic,"{'C': 0.01, 'class_weight': None}",0,0.2718835613,0.4529255618,0.2751908768,0.0001569791896,0,3.687785388e-05,False
2023-03-31,48,logistic,"{'C': 0.01, 'class_weight': None}",0,0.275028513,0.459645547,0.26532594,4.231666731e-05,0,3.598744292e-05,False
2023-04-03,48,logistic,"{'C': 0.01, 'class_weight': None}",0,0.2697696699,0.4417612084,0.2884691217,0.0002892733848,0,3.635844749e-05,False
2023-04-04,48,logistic,"{'C': 0.01, 'class_weight': None}",0,0.2580823871,0.4439332224,0.2979843905,0.0004898796588,1,3.621004566e-05,False
2023-04-05,48,logistic,"{'C': 0.01, 'class_weight': None}",0,0.264811922,0.437023705,0.298164373,0.0004213811126,0,3.606164384e-05,False
2023-04-06,48,logistic,"{'C': 0.01, 'class_weight': None}",0,0.2752370654,0.4312854197,0.2934775149,0.000274013848,0,3.64326484e-05,False
2023-04-10,48,logistic,"{'C': 0.01, 'class_weight': None}",0,0.2864327999,0.4387686327,0.2747985674,2.393833648e-06,0,3.769406393e-05,False
2023-04-11,48,logistic,"{'C': 0.01, 'class_weight': None}",0,0.2902773212,0.4288968216,0.2808258572,1.247815134e-05,0,3.739726027e-05,False
2023-04-12,48,logistic,"{'C': 0.01, 'class_weight': None}",0,0.2856555944,0.4299976526,0.284346753,8.979810474e-05,0,3.724885845e-05,False
2023-04-13,48,logistic,"{'C': 0.01, 'class_weight': None}",0,0.2738176135,0.4508044121,0.2753779743,0.0001384174515,0,3.784246575e-05,False
2023-04-14,48,logistic,"{'C': 0.01, 'class_weight': None}",0,0.2832993472,0.452843868,0.2638567848,-5.59129394e-05,0,3.813926941e-05,False
2023-04-17,48,logistic,"{'C': 0.01, 'class_weight': None}",0,0.2821493284,0.4459728885,0.2718777831,2.268200206e-05,0,3.86586758e-05,False
2023-04-18,48,logistic,"{'C': 0.01, 'class_weight': None}",0,0.2807486692,0.437123459,0.2821278718,0.0001224017888,0,3.858447489e-05,False
2023-04-19,48,logistic,"{'C': 0.01, 'class_weight': None}",0,0.2856542871,0.4390802024,0.2752655106,1.437020947e-05,0,3.828767123e-05,False
2023-04-20,48,logistic,"{'C': 0.01, 'class_weight': None}",0,0.2931091729,0.4208907774,0.2860000498,2.600820478e-05,0,3.799086758e-05,False
2023-04-21,49,logistic,"{'C': 0.01, 'class_weight': None}",0,0.2703085868,0.4518334428,0.2778579704,0.0002101471975,0,3.813926941e-05,False
2023-04-24,49,logistic,"{'C': 0.01, 'class_weight': None}",0,0.2647012253,0.4400538438,0.2952449309,0.0004124055197,0,3.858447489e-05,False
2023-04-25,49,logistic,"{'C': 0.01, 'class_weight': None}",0,0.2789722999,0.4017954416,0.3192322585,0.0004633545983,1,3.799086758e-05,False
2023-04-26,49,logistic,"{'C': 0.01, 'class_weight': None}",0,0.2768614482,0.419432128,0.3037064238,0.0003565198834,0,3.828767123e-05,False
2023-04-27,49,logistic,"{'C': 0.01, 'class_weight': None}",0,0.3069978401,0.4113071051,0.2816950548,-0.000138303919,0,3.843607306e-05,False
2023-04-28,49,logistic,"{'C': 0.01, 'class_weight': None}",0,0.293028758,0.42440221,0.2825690321,1.372240017e-05,0,3.784246575e-05,False
2023-05-01,49,logistic,"{'C': 0.01, 'class_weight': None}",0,0.3016269947,0.4244209474,0.2739520579,-0.000146829486,0,3.910388128e-05,False
2023-05-02,49,logistic,"{'C': 0.01, 'class_weight': None}",0,0.2713898895,0.4249643101,0.3036458004,0.0004127266127,0,3.888127854e-05,False
2023-05-03,49,logistic,"{'C': 0.01, 'class_weight': None}",0,0.2882324545,0.4124725751,0.2992949705,0.0002020945998,0,3.902968037e-05,False
2023-05-04,49,logistic,"{'C': 0.01, 'class_weight': None}",0,0.2870647213,0.4034728728,0.3094624059,0.0002984875733,0,3.902968037e-05,False
2023-05-05,49,logistic,"{'C': 0.01, 'class_weight': None}",0,0.2761314349,0.4526219886,0.2712465765,9.498716762e-05,0,3.902968037e-05,False
2023-05-08,49,logistic,"{'C': 0.01, 'class_weight': None}",0,0.2914537973,0.4363224702,0.2722237325,-5.571878414e-05,0,3.940068493e-05,False
2023-05-09,49,logistic,"{'C': 0.01, 'class_weight': None}",0,0.2835259884,0.4419762443,0.2744977673,4.530025458e-05,0,3.925228311e-05,False
2023-05-10,49,logistic,"{'C': 0.01, 'class_weight': None}",0,0.2817906194,0.4265617155,0.2916476651,0.0002054624782,0,3.888127854e-05,False
2023-05-11,49,logistic,"{'C': 0.01, 'class_weight': None}",0,0.271473359,0.4387789038,0.2897477372,0.0002966436847,0,3.858447489e-05,False
2023-05-12,49,logistic,"{'C': 0.01, 'class_weight': None}",0,0.2903462973,0.4384747918,0.2711789108,-5.290202185e-05,0,3.895547945e-05,False
2023-05-15,49,logistic,"{'C': 0.01, 'class_weight': None}",0,0.2742502135,0.4479728406,0.2777769459,0.0001686229735,0,3.86586758e-05,False
2023-05-16,49,logistic,"{'C': 0.01, 'class_weight': None}",0,0.2876074439,0.4332367341,0.279155822,4.161473816e-05,0,3.880707763e-05,False
2023-05-17,49,logistic,"{'C': 0.01, 'class_weight': None}",0,0.2945409846,0.4341529979,0.2713060175,-9.532361209e-05,0,3.902968037e-05,False
2023-05-18,49,logistic,"{'C': 0.01, 'class_weight': None}",0,0.2956215384,0.4420939064,0.2622845552,-0.0001813126698,0,3.940068493e-05,False
2023-05-19,49,logistic,"{'C': 0.01, 'class_weight': None}",0,0.2979055609,0.4437319317,0.2583625075,-0.0002374997334,0,3.925228311e-05,False
2023-05-22,50,logistic,"{'C': 0.01, 'class_weight': None}",0,0.2652909644,0.4604660789,0.2742429567,0.0002316813627,0,4.006849315e-05,False
2023-05-23,50,logistic,"{'C': 0.01, 'class_weight': None}",0,0.2996752448,0.4204550787,0.2798696765,-7.640668824e-05,0,3.962328767e-05,False
2023-05-24,50,logistic,"{'C': 0.01, 'class_weight': None}",0,0.3135851452,0.4062187386,0.2801961162,-0.0002172666839,0,3.984589041e-05,False
2023-05-25,50,logistic,"{'C': 0.01, 'class_weight': None}",0,0.3152617159,0.4115266424,0.2732116417,-0.0002926933133,0,3.992009132e-05,False
2023-05-26,50,logistic,"{'C': 0.01, 'class_weight': None}",0,0.3149869282,0.4197720234,0.2652410484,-0.0003561842161,0,3.962328767e-05,False
2023-05-30,50,logistic,"{'C': 0.01, 'class_weight': None}",0,0.2878682037,0.4256850936,0.2864467027,0.0001001949631,0,4.118150685e-05,False
2023-05-31,50,logistic,"{'C': 0.01, 'class_weight': None}",0,0.2984625347,0.4123855073,0.2891519579,1.335320451e-05,0,4.095890411e-05,False
2023-06-01,50,logistic,"{'C': 0.01, 'class_weight': None}",0,0.2963385269,0.4117232819,0.2919381912,5.846259844e-05,0,4.081050228e-05,False
2023-06-02,50,logistic,"{'C': 0.01, 'class_weight': None}",0,0.2738276982,0.4474330165,0.2787392853,0.0001809823001,0,4.081050228e-05,False
2023-06-05,50,logistic,"{'C': 0.01, 'class_weight': None}",0,0.2935673884,0.4237392874,0.2826933241,1.013489453e-05,0,4.051369863e-05,False
2023-06-06,50,logistic,"{'C': 0.01, 'class_weight': None}",0,0.255947488,0.4533739556,0.2906785563,0.000464892413,1,4.03652968e-05,False
2023-06-07,50,logistic,"{'C': 0.01, 'class_weight': None}",0,0.3069131712,0.4158241145,0.2772627143,-0.0001728095835,0,4.021689498e-05,False
2023-06-08,50,logistic,"{'C': 0.01, 'class_weight': None}",0,0.2566054563,0.45310712,0.2902874237,0.0004548461296,1,3.992009132e-05,False
2023-06-09,50,logistic,"{'C': 0.01, 'class_weight': None}",0,0.2953562519,0.428647103,0.2759966452,-6.405591952e-05,0,3.984589041e-05,False
2023-06-12,50,logistic,"{'C': 0.01, 'class_weight': None}",0,0.2827662455,0.4392100036,0.2780237508,8.276528395e-05,0,4.006849315e-05,False
2023-06-13,50,logistic,"{'C': 0.01, 'class_weight': None}",0,0.2832509149,0.4375449253,0.2792041598,8.758534454e-05,0,3.97716895e-05,False
2023-06-14,50,logistic,"{'C': 0.01, 'class_weight': None}",0,0.2879043632,0.4270336526,0.2850619842,8.829880401e-05,0,3.97716895e-05,False
2023-06-15,50,logistic,"{'C': 0.01, 'class_weight': None}",0,0.3060732957,0.4135890879,0.2803376164,-0.0001385527074,0,3.954908676e-05,False
2023-06-16,50,logistic,"{'C': 0.01, 'class_weight': None}",0,0.2939273705,0.4299632158,0.2761094137,-4.83687611e-05,0,3.962328767e-05,False
2023-06-20,50,logistic,"{'C': 0.01, 'class_weight': None}",0,0.2798301109,0.4297029649,0.2904669242,0.0002166175143,0,3.999429224e-05,False
2023-06-21,50,logistic,"{'C': 0.01, 'class_weight': None}",0,0.2902373479,0.4145354363,0.2952272158,0.0001488078896,0,4.006849315e-05,False
2023-06-22,51,logistic,"{'C': 0.01, 'class_weight': None}",0,0.2797363425,0.4427480769,0.2775155806,0.0001245960212,0,4.006849315e-05,False
2023-06-23,51,logistic,"{'C': 0.01, 'class_weight': None}",0,0.2888774284,0.4260909517,0.2850316199,9.30939294e-05,0,4.014269406e-05,False
2023-06-26,51,logistic,"{'C': 0.01, 'class_weight': None}",0,0.2790615331,0.4235192751,0.2974191918,0.0002972456712,0,4.081050228e-05,False
2023-06-27,51,logistic,"{'C': 0.01, 'class_weight': None}",0,0.2756471054,0.447175593,0.2771773016,0.0001638642767,0,4.03652968e-05,False
2023-06-28,51,logistic,"{'C': 0.01, 'class_weight': None}",0,0.2779862908,0.4282950067,0.2937187025,0.000277503648,0,4.03652968e-05,False
2023-06-29,51,logistic,"{'C': 0.01, 'class_weight': None}",0,0.2857284418,0.4502658159,0.2640057423,-4.95462438e-05,0,4.051369863e-05,False
2023-06-30,51,logistic,"{'C': 0.01, 'class_weight': None}",0,0.2945954197,0.440154859,0.2652497213,-0.0001304445312,0,2.169520548e-05,False
2023-07-03,51,logistic,"{'C': 0.01, 'class_weight': None}",0,0.2857107611,0.4619006088,0.2523886301,-0.0001460809774,0,4.03652968e-05,False
2023-07-05,51,logistic,"{'C': 0.01, 'class_weight': None}",0,0.2908358408,0.4571481995,0.2520159597,-0.0002019285611,0,4.03652968e-05,False
2023-07-06,51,logistic,"{'C': 0.01, 'class_weight': None}",0,0.2884030601,0.4608281713,0.2507687686,-0.0001872748198,0,4.051369863e-05,False
2023-07-07,51,logistic,"{'C': 0.01, 'class_weight': None}",0,0.3089164562,0.4394489994,0.2516345444,-0.0003911813761,0,4.051369863e-05,False
2023-07-10,51,logistic,"{'C': 0.01, 'class_weight': None}",0,0.2835646218,0.4519229529,0.2645124253,-2.305888006e-05,0,4.066210046e-05,False
2023-07-11,51,logistic,"{'C': 0.01, 'class_weight': None}",0,0.2849967597,0.4414758613,0.2735273791,3.725499144e-05,0,4.073630137e-05,False
2023-07-12,51,logistic,"{'C': 0.01, 'class_weight': None}",0,0.2864064512,0.4042954832,0.3092980656,0.0003205511013,0,4.058789954e-05,False
2023-07-13,51,logistic,"{'C': 0.01, 'class_weight': None}",0,0.263895262,0.4268718703,0.3092328677,0.0005516831303,1,4.058789954e-05,False
2023-07-14,51,logistic,"{'C': 0.01, 'class_weight': None}",0,0.2818915486,0.4473902181,0.2707182333,4.582523524e-05,0,4.073630137e-05,False
2023-07-17,51,logistic,"{'C': 0.01, 'class_weight': None}",0,0.2885720817,0.4332545799,0.2781733384,3.913872359e-05,0,4.073630137e-05,False
2023-07-18,51,logistic,"{'C': 0.01, 'class_weight': None}",0,0.282775625,0.4242596308,0.2929647442,0.0002219370414,0,4.073630137e-05,False
2023-07-19,51,logistic,"{'C': 0.01, 'class_weight': None}",0,0.2739607826,0.4360019914,0.290037226,0.0002882826967,0,4.073630137e-05,False
2023-07-20,51,logistic,"{'C': 0.01, 'class_weight': None}",0,0.2979921308,0.4292823333,0.2727255359,-0.0001031630403,0,4.073630137e-05,False
2023-07-21,51,logistic,"{'C': 0.01, 'class_weight': None}",0,0.2846515423,0.4427243885,0.2726240692,3.328742568e-05,0,4.081050228e-05,False
2023-07-24,52,logistic,"{'C': 0.01, 'class_weight': None}",0,0.2587311599,0.4629332306,0.2783356095,0.000362381823,0,4.08847032e-05,False
2023-07-25,52,logistic,"{'C': 0.01, 'class_weight': None}",0,0.2523296152,0.4693260406,0.2783443442,0.0004280968973,0,4.08847032e-05,False
2023-07-26,52,logistic,"{'C': 0.01, 'class_weight': None}",0,0.2547389952,0.4507876511,0.2944733537,0.0005368125287,1,4.08847032e-05,False
2023-07-27,52,logistic,"{'C': 0.01, 'class_weight': None}",0,0.2805924263,0.4257060902,0.2937014836,0.0002653208316,0,4.08847032e-05,False
2023-07-28,52,logistic,"{'C': 0.01, 'class_weight': None}",0,0.2604581,0.4891810953,0.2503608047,0.0001132610248,0,4.095890411e-05,False
2023-07-31,52,logistic,"{'C': 0.01, 'class_weight': None}",0,0.2620227349,0.4674608692,0.2705163959,0.000263947428,0,4.118150685e-05,False
2023-08-01,52,logistic,"{'C': 0.01, 'class_weight': None}",0,0.2678427704,0.4381690944,0.2939881352,0.0003984297823,0,4.110730594e-05,False
2023-08-02,52,logistic,"{'C': 0.01, 'class_weight': None}",0,0.283762075,0.4198326468,0.2964052781,0.0002551848231,0,4.103310502e-05,False
2023-08-03,52,logistic,"{'C': 0.01, 'class_weight': None}",0,0.2798892369,0.4368934943,0.2832172688,0.0001858042647,0,4.110730594e-05,False
2023-08-04,52,logistic,"{'C': 0.01, 'class_weight': None}",0,0.2888891588,0.4183142535,0.2927965876,0.0001727588937,0,4.110730594e-05,False
2023-08-07,52,logistic,"{'C': 0.01, 'class_weight': None}",0,0.279654914,0.4381235087,0.2822215772,0.0001799705308,0,4.125570776e-05,False
2023-08-08,52,logistic,"{'C': 0.01, 'class_weight': None}",0,0.2649044144,0.4189383022,0.3161572833,0.0006119473136,1,4.132990868e-05,False
2023-08-09,52,logistic,"{'C': 0.01, 'class_weight': None}",0,0.2851253447,0.3863303537,0.3285443016,0.0005070650761,1,4.118150685e-05,False
2023-08-10,52,logistic,"{'C': 0.01, 'class_weight': None}",0,0.2908752821,0.3675856868,0.3415390311,0.0005555986092,1,4.110730594e-05,False
2023-08-11,52,logistic,"{'C': 0.01, 'class_weight': None}",0,0.2729545131,0.4559457884,0.2710996985,0.0001566757969,0,4.110730594e-05,False
2023-08-14,52,logistic,"{'C': 0.01, 'class_weight': None}",0,0.2685530597,0.4584416478,0.2730052924,0.0002175726484,0,4.125570776e-05,False
2023-08-15,52,logistic,"{'C': 0.01, 'class_weight': None}",0,0.2928318325,0.4096801526,0.2974880149,0.0001711381594,0,4.125570776e-05,False
2023-08-16,52,logistic,"{'C': 0.01, 'class_weight': None}",0,0.2817232903,0.4232152149,0.2950614948,0.0002649749546,0,4.125570776e-05,False
2023-08-17,52,logistic,"{'C': 0.01, 'class_weight': None}",0,0.3010425666,0.3892998739,0.3096575595,0.0001876120815,0,4.125570776e-05,False
2023-08-18,52,logistic,"{'C': 0.01, 'class_weight': None}",0,0.294065115,0.4158773936,0.2900574914,9.702524968e-05,0,4.118150685e-05,False
2023-08-21,52,logistic,"{'C': 0.01, 'class_weight': None}",0,0.292800961,0.4267900074,0.2804090316,3.017444273e-05,0,4.132990868e-05,False
2023-08-22,53,logistic,"{'C': 0.01, 'class_weight': None}",0,0.3079132657,0.3873016044,0.3047851299,5.739355499e-05,0,4.132990868e-05,False
2023-08-23,53,logistic,"{'C': 0.01, 'class_weight': None}",0,0.3009033259,0.3924016699,0.3066950043,0.0001449931464,0,4.132990868e-05,False
2023-08-24,53,logistic,"{'C': 0.01, 'class_weight': None}",0,0.3179216322,0.3280202777,0.3540580901,0.0003606787501,0,4.140410959e-05,False
2023-08-25,53,logistic,"{'C': 0.01, 'class_weight': None}",0,0.2933308952,0.4226326472,0.2840364576,3.597401116e-05,0,4.162671233e-05,False
2023-08-28,53,logistic,"{'C': 0.01, 'class_weight': None}",0,0.2720702013,0.4173324383,0.3105973605,0.0004727400169,1,4.140410959e-05,False
2023-08-29,53,logistic,"{'C': 0.01, 'class_weight': None}",0,0.2567494266,0.4246320489,0.3186185245,0.0006958858182,1,4.125570776e-05,False
2023-08-30,53,logistic,"{'C': 0.01, 'class_weight': None}",0,0.2369820904,0.470325637,0.2926922726,0.000684972215,1,4.125570776e-05,False
2023-08-31,53,logistic,"{'C': 0.01, 'class_weight': None}",0,0.2532313962,0.4399884591,0.3067801447,0.0006344329573,1,4.125570776e-05,False
2023-09-01,53,logistic,"{'C': 0.01, 'class_weight': None}",0,0.2559286451,0.4690160394,0.2750553155,0.0003454431709,0,4.103310502e-05,False
2023-09-05,53,logistic,"{'C': 0.01, 'class_weight': None}",0,0.2515602691,0.4902684378,0.2581712931,0.0002511440426,0,4.118150685e-05,False
2023-09-06,53,logistic,"{'C': 0.01, 'class_weight': None}",0,0.2692703545,0.4660814791,0.2646481663,0.0001229321359,0,4.118150685e-05,False
2023-09-07,53,logistic,"{'C': 0.01, 'class_weight': None}",0,0.2831258254,0.4352205855,0.2816535891,0.0001209684571,0,4.103310502e-05,False
2023-09-08,53,logistic,"{'C': 0.01, 'class_weight': None}",0,0.2644522061,0.4997550742,0.2357927196,-6.537198037e-05,0,4.118150685e-05,False
2023-09-11,53,logistic,"{'C': 0.01, 'class_weight': None}",0,0.2670257418,0.4731410624,0.2598331959,0.0001062802571,0,4.118150685e-05,False
2023-09-12,53,logistic,"{'C': 0.01, 'class_weight': None}",0,0.2589300564,0.4282110464,0.3128588972,0.0006260840826,1,4.125570776e-05,False
2023-09-13,53,logistic,"{'C': 0.01, 'class_weight': None}",0,0.2623576023,0.4218324548,0.315809943,0.0006152540731,1,4.118150685e-05,False
2023-09-14,53,logistic,"{'C': 0.01, 'class_weight': None}",0,0.261337729,0.4360508114,0.3026114596,0.0005169857754,1,4.118150685e-05,False
2023-09-15,53,logistic,"{'C': 0.01, 'class_weight': None}",0,0.2871416027,0.4175222943,0.295336103,0.0001925096415,0,4.125570776e-05,False
2023-09-18,53,logistic,"{'C': 0.01, 'class_weight': None}",0,0.2653047415,0.4545447431,0.2801505154,0.000291290631,0,4.118150685e-05,False
2023-09-19,53,logistic,"{'C': 0.01, 'class_weight': None}",0,0.2819808758,0.4270949543,0.2909241699,0.0002090741924,0,4.110730594e-05,False
2023-09-20,53,logistic,"{'C': 0.01, 'class_weight': None}",0,0.2829596717,0.3991033723,0.317936956,0.0004215606729,0,4.125570776e-05,False
2023-09-21,54,logistic,"{'C': 0.01, 'class_weight': None}",0,0.353869343,0.3128838747,0.3332467823,-0.0001917594731,0,4.132990868e-05,False
2023-09-22,54,logistic,"{'C': 0.01, 'class_weight': None}",0,0.3157757559,0.3787341218,0.3054901224,-3.023710593e-05,0,4.125570776e-05,False
2023-09-25,54,logistic,"{'C': 0.01, 'class_weight': None}",0,0.3382514116,0.3891507473,0.2725978411,-0.0005314943441,-1,4.140410959e-05,False
2023-09-26,54,logistic,"{'C': 0.01, 'class_weight': None}",0,0.3243049576,0.350117337,0.3255777054,4.790444238e-05,0,4.140410959e-05,False
2023-09-27,54,logistic,"{'C': 0.01, 'class_weight': None}",0,0.341155278,0.3660575717,0.2927871503,-0.0003948893441,0,4.140410959e-05,False
2023-09-28,54,logistic,"{'C': 0.01, 'class_weight': None}",0,0.3512281943,0.3458230183,0.3029487874,-0.0004143472631,0,4.125570776e-05,False
2023-09-29,54,logistic,"{'C': 0.01, 'class_weight': None}",0,0.3306306399,0.3950755413,0.2742938188,-0.0004394538842,0,4.118150685e-05,False
2023-10-02,54,logistic,"{'C': 0.01, 'class_weight': None}",0,0.3413589238,0.3512969011,0.307344175,-0.0002770313859,0,4.170091324e-05,False
2023-10-03,54,logistic,"{'C': 0.01, 'class_weight': None}",0,0.3532685687,0.3554143158,0.2913171155,-0.0005310889571,-1,4.170091324e-05,False
2023-10-04,54,logistic,"{'C': 0.01, 'class_weight': None}",0,0.298094761,0.3930848876,0.3088203514,0.0001783246656,0,4.162671233e-05,False
2023-10-05,54,logistic,"{'C': 0.01, 'class_weight': None}",0,0.3017399503,0.3912069629,0.3070530868,0.0001264222233,0,4.162671233e-05,False
2023-10-06,54,logistic,"{'C': 0.01, 'class_weight': None}",0,0.3156553485,0.4481461273,0.2361985242,-0.0005999388227,-1,4.177511416e-05,False
2023-10-09,54,logistic,"{'C': 0.01, 'class_weight': None}",0,0.2943342551,0.4625452876,0.2431204573,-0.0003244941038,0,4.177511416e-05,False
2023-10-10,54,logistic,"{'C': 0.01, 'class_weight': None}",0,0.2853451474,0.4047375162,0.3099173364,0.0003179689131,0,4.162671233e-05,False
2023-10-11,54,logistic,"{'C': 0.01, 'class_weight': None}",0,0.2642377436,0.4461698583,0.2895923981,0.0003667212588,0,4.162671233e-05,False
2023-10-12,54,logistic,"{'C': 0.01, 'class_weight': None}",0,0.3135698292,0.4008167512,0.2856134196,-0.0001714159651,0,4.177511416e-05,False
2023-10-13,54,logistic,"{'C': 0.01, 'class_weight': None}",0,0.2907732573,0.4272720782,0.2819546645,3.196272644e-05,0,4.170091324e-05,False
2023-10-16,54,logistic,"{'C': 0.01, 'class_weight': None}",0,0.2931736685,0.4252802887,0.2815460428,4.00631914e-06,0,4.162671233e-05,False
2023-10-17,54,logistic,"{'C': 0.01, 'class_weight': None}",0,0.2824163738,0.4911104946,0.2264731316,-0.0003395760731,0,4.170091324e-05,False
2023-10-18,54,logistic,"{'C': 0.01, 'class_weight': None}",0,0.3044778394,0.4602480219,0.2352741387,-0.0004930543152,-1,4.162671233e-05,False
2023-10-19,54,logistic,"{'C': 0.01, 'class_weight': None}",0,0.3396119308,0.3961860972,0.264201972,-0.0006146099578,-1,4.155251142e-05,False
2023-10-20,55,logistic,"{'C': 0.01, 'class_weight': None}",0,0.3541680214,0.3975705078,0.2482614708,-0.0009033981976,-1,4.140410959e-05,False
2023-10-23,55,logistic,"{'C': 0.01, 'class_weight': None}",0,0.3499260927,0.3593278683,0.290746039,-0.0005089290818,-1,4.140410959e-05,False
2023-10-24,55,logistic,"{'C': 0.01, 'class_weight': None}",0,0.3422947155,0.3357699196,0.3219353649,-0.0001729991478,0,4.140410959e-05,False
2023-10-25,55,logistic,"{'C': 0.01, 'class_weight': None}",0,0.343690972,0.3197637461,0.3365452819,-6.663228466e-05,0,4.14783105e-05,False
2023-10-26,55,logistic,"{'C': 0.01, 'class_weight': None}",0,0.3131774803,0.2614896307,0.425332889,0.000979826096,1,4.14783105e-05,False
2023-10-27,55,logistic,"{'C': 0.01, 'class_weight': None}",0,0.3861951958,0.2795915839,0.3342132203,-0.0005218986812,-1,4.14783105e-05,False
2023-10-30,55,logistic,"{'C': 0.01, 'class_weight': None}",0,0.3259091201,0.3702393971,0.3038514828,-0.0001543053964,0,4.155251142e-05,False
2023-10-31,55,logistic,"{'C': 0.01, 'class_weight': None}",0,0.3066372904,0.3888735822,0.3044891274,4.864948875e-05,0,4.14783105e-05,False
2023-11-01,55,logistic,"{'C': 0.01, 'class_weight': None}",0,0.3224347537,0.2942445208,0.3833207256,0.0005378127903,1,4.132990868e-05,False
2023-11-02,55,logistic,"{'C': 0.01, 'class_weight': None}",0,0.2578342871,0.4499155754,0.2922501375,0.0004481594014,1,4.110730594e-05,False
2023-11-03,55,logistic,"{'C': 0.01, 'class_weight': None}",0,0.2803419424,0.4223115528,0.2973465048,0.0002593793838,0,4.103310502e-05,False
2023-11-06,55,logistic,"{'C': 0.01, 'class_weight': None}",0,0.2065832936,0.541219541,0.2521971654,0.0006430149681,1,4.125570776e-05,False
2023-11-07,55,logistic,"{'C': 0.01, 'class_weight': None}",0,0.225246003,0.4723767373,0.3023772597,0.0008661029832,1,4.118150685e-05,False
2023-11-08,55,logistic,"{'C': 0.01, 'class_weight': None}",0,0.2417901012,0.4510424953,0.3071674034,0.0007359665602,1,4.110730594e-05,False
2023-11-09,55,logistic,"{'C': 0.01, 'class_weight': None}",0,0.2831683113,0.3987135863,0.3181181024,0.000401976723,0,4.110730594e-05,False
2023-11-10,55,logistic,"{'C': 0.01, 'class_weight': None}",0,0.2167189598,0.5842228586,0.1990581816,0.0001000749264,0,4.103310502e-05,False
2023-11-13,55,logistic,"{'C': 0.01, 'class_weight': None}",0,0.2279550975,0.5420098452,0.2300350573,0.0002407098162,0,4.118150685e-05,False
2023-11-14,55,logistic,"{'C': 0.01, 'class_weight': None}",0,0.214164369,0.5287167226,0.2571189084,0.0006059069569,1,4.095890411e-05,False
2023-11-15,55,logistic,"{'C': 0.01, 'class_weight': None}",0,0.2188287647,0.5557184787,0.2254527566,0.0002964728991,0,4.103310502e-05,False
2023-11-16,55,logistic,"{'C': 0.01, 'class_weight': None}",0,0.2176994612,0.5218074274,0.2604931114,0.0005975181097,1,4.08847032e-05,False
2023-11-17,55,logistic,"{'C': 0.01, 'class_weight': None}",0,0.2324130666,0.5128677238,0.2547192096,0.0003988912434,0,4.081050228e-05,False
2023-11-20,56,logistic,"{'C': 0.01, 'class_weight': None}",0,0.2216866421,0.5457477241,0.2325656338,0.0003382751933,0,4.110730594e-05,False
2023-11-21,56,logistic,"{'C': 0.01, 'class_weight': None}",0,0.2031628356,0.5879220754,0.208915089,0.0003339287165,0,4.103310502e-05,False
2023-11-22,56,logistic,"{'C': 0.01, 'class_weight': None}",0,0.1956380873,0.5725571976,0.2318047151,0.000599810463,1,2.21347032e-05,False
2023-11-24,56,logistic,"{'C': 0.01, 'class_weight': None}",0,0.1876984573,0.6603602178,0.151941325,2.367609963e-05,0,4.110730594e-05,False
2023-11-27,56,logistic,"{'C': 0.01, 'class_weight': None}",0,0.2009952531,0.5772137297,0.2217910172,0.0004622604875,1,4.073630137e-05,False
2023-11-28,56,logistic,"{'C': 0.01, 'class_weight': None}",0,0.2258187908,0.5016865496,0.2724946596,0.0006246514564,1,4.058789954e-05,False
2023-11-29,56,logistic,"{'C': 0.01, 'class_weight': None}",0,0.2153243127,0.4951280342,0.2895476531,0.000872993721,1,4.043949772e-05,False
2023-11-30,56,logistic,"{'C': 0.01, 'class_weight': None}",0,0.237254512,0.4771575048,0.2855879832,0.0006149196816,1,4.043949772e-05,False
2023-12-01,56,logistic,"{'C': 0.01, 'class_weight': None}",0,0.264115159,0.3872111728,0.3486736682,0.0008583467809,1,4.029109589e-05,False
2023-12-04,56,logistic,"{'C': 0.01, 'class_weight': None}",0,0.243101769,0.4653590104,0.2915392207,0.0006038195255,1,4.051369863e-05,False
2023-12-05,56,logistic,"{'C': 0.01, 'class_weight': None}",0,0.250710995,0.3989080679,0.3503809371,0.001010214672,1,4.043949772e-05,False
2023-12-06,56,logistic,"{'C': 0.01, 'class_weight': None}",0,0.2529152389,0.3612749922,0.385809769,0.001279347575,1,4.043949772e-05,False
2023-12-07,56,logistic,"{'C': 0.01, 'class_weight': None}",0,0.259167108,0.3679377236,0.3728951683,0.001108707205,1,4.03652968e-05,False
2023-12-08,56,logistic,"{'C': 0.01, 'class_weight': None}",0,0.2253595763,0.5438125777,0.230827846,0.0002862016225,0,4.03652968e-05,False
2023-12-11,56,logistic,"{'C': 0.01, 'class_weight': None}",0,0.2442444387,0.5047569207,0.2509986406,0.0002581766437,0,4.058789954e-05,False
2023-12-12,56,logistic,"{'C': 0.01, 'class_weight': None}",0,0.232402447,0.5168376591,0.2507598938,0.0003779564867,0,4.051369863e-05,False
2023-12-13,56,logistic,"{'C': 0.01, 'class_weight': None}",0,0.25798008,0.4696692342,0.2723506859,0.0002928190932,0,4.03652968e-05,False
2023-12-14,56,logistic,"{'C': 0.01, 'class_weight': None}",0,0.2048001151,0.4866065015,0.3085933834,0.001138053855,1,4.029109589e-05,False
2023-12-15,56,logistic,"{'C': 0.01, 'class_weight': None}",0,0.2540139417,0.4167005041,0.3292855542,0.0008025143109,1,4.03652968e-05,False
2023-12-18,56,logistic,"{'C': 0.01, 'class_weight': None}",0,0.2563004672,0.4505333671,0.2931661657,0.0004815248377,1,4.051369863e-05,False
2023-12-19,56,logistic,"{'C': 0.01, 'class_weight': None}",0,0.2082122243,0.5316247397,0.260163036,0.0007040984132,1,4.029109589e-05,False
2023-12-20,57,logistic,"{'C': 0.01, 'class_weight': None}",0,0.2485020538,0.4538734069,0.2976245394,0.0006084527445,1,4.03652968e-05,False
2023-12-21,57,logistic,"{'C': 0.01, 'class_weight': None}",0,0.2270279681,0.5292759386,0.2436960932,0.000386365547,0,4.021689498e-05,False
2023-12-22,57,logistic,"{'C': 0.01, 'class_weight': None}",0,0.2175141164,0.5469213535,0.23556453,0.0004172193433,0,4.03652968e-05,False
2023-12-26,57,logistic,"{'C': 0.01, 'class_weight': None}",0,0.2124780164,0.5586022915,0.2289196921,0.0004143587497,0,4.043949772e-05,False
2023-12-27,57,logistic,"{'C': 0.01, 'class_weight': None}",0,0.2044816441,0.5291773485,0.2663410074,0.0008032126383,1,4.03652968e-05,False
2023-12-28,57,logistic,"{'C': 0.01, 'class_weight': None}",0,0.2533744334,0.4815215171,0.2651040495,0.0002918156419,0,4.043949772e-05,False
2023-12-29,57,logistic,"{'C': 0.01, 'class_weight': None}",0,0.2503394116,0.4472689655,0.3023916229,0.000628708565,1,4.006849315e-05,False
2024-01-02,57,logistic,"{'C': 0.01, 'class_weight': None}",0,0.2679266494,0.3992177515,0.3328555991,0.0006982231505,1,4.051369863e-05,False
2024-01-03,57,logistic,"{'C': 0.01, 'class_weight': None}",0,0.3088722205,0.3465477698,0.3445800097,0.0003745917551,0,4.066210046e-05,False
2024-01-04,57,logistic,"{'C': 0.01, 'class_weight': None}",0,0.3324989044,0.3785859206,0.2889151749,-0.000324111903,0,4.066210046e-05,False
2024-01-05,57,logistic,"{'C': 0.01, 'class_weight': None}",0,0.2898035793,0.4554305744,0.2547658463,-0.0001664379272,0,4.058789954e-05,False
2024-01-08,57,logistic,"{'C': 0.01, 'class_weight': None}",0,0.2527055288,0.5256569013,0.2216375699,-5.777455415e-05,0,4.073630137e-05,False
2024-01-09,57,logistic,"{'C': 0.01, 'class_weight': None}",0,0.2792010281,0.4836227344,0.2371762375,-0.000201983606,0,4.058789954e-05,False
2024-01-10,57,logistic,"{'C': 0.01, 'class_weight': None}",0,0.2636136575,0.5151073693,0.2212789732,-0.0001725463549,0,4.051369863e-05,False
2024-01-11,57,logistic,"{'C': 0.01, 'class_weight': None}",0,0.2734848248,0.4646235539,0.2618916213,5.929850112e-05,0,4.051369863e-05,False
2024-01-12,57,logistic,"{'C': 0.01, 'class_weight': None}",0,0.2562966783,0.4717584864,0.2719448353,0.0003179545449,0,4.043949772e-05,False
2024-01-16,57,logistic,"{'C': 0.01, 'class_weight': None}",0,0.2735735304,0.4723478884,0.2540785812,-5.681931762e-06,0,4.043949772e-05,False
2024-01-17,57,logistic,"{'C': 0.01, 'class_weight': None}",0,0.3080771258,0.4294055944,0.2625172798,-0.0002902141688,0,4.058789954e-05,False
2024-01-18,57,logistic,"{'C': 0.01, 'class_weight': None}",0,0.3716707114,0.3695051301,0.2588241585,-0.0009724668813,-1,4.043949772e-05,False
2024-01-19,57,logistic,"{'C': 0.01, 'class_weight': None}",0,0.2693321581,0.5250646264,0.2056032154,-0.0003597223528,0,4.043949772e-05,False
2024-01-22,57,logistic,"{'C': 0.01, 'class_weight': None}",0,0.2762284972,0.5216129957,0.2021585071,-0.0004586726541,-1,4.051369863e-05,False
2024-01-23,58,logistic,"{'C': 0.01, 'class_weight': None}",0,0.2242192492,0.5635956548,0.2121850959,0.0001703267668,0,4.043949772e-05,False
2024-01-24,58,logistic,"{'C': 0.01, 'class_weight': None}",0,0.2180142487,0.5710805935,0.2109051578,0.0002232317061,0,4.03652968e-05,False
2024-01-25,58,logistic,"{'C': 0.01, 'class_weight': None}",0,0.2304254287,0.5413820172,0.2281925541,0.0002378220212,0,4.03652968e-05,False
2024-01-26,58,logistic,"{'C': 0.01, 'class_weight': None}",0,0.2470570192,0.518565272,0.2343777088,0.0001185386637,0,4.03652968e-05,False
2024-01-29,58,logistic,"{'C': 0.01, 'class_weight': None}",0,0.2488491329,0.5213033934,0.2298474737,6.319715892e-05,0,4.021689498e-05,False
2024-01-30,58,logistic,"{'C': 0.01, 'class_weight': None}",0,0.2373336147,0.5073364964,0.2553298889,0.0003891457994,0,4.021689498e-05,False
2024-01-31,58,logistic,"{'C': 0.01, 'class_weight': None}",0,0.297164986,0.281524927,0.4213100869,0.001135161287,1,4.021689498e-05,False
2024-02-01,58,logistic,"{'C': 0.01, 'class_weight': None}",0,0.2618780215,0.3098552631,0.4282667154,0.00155241335,1,4.021689498e-05,False
2024-02-02,58,logistic,"{'C': 0.01, 'class_weight': None}",0,0.2805941621,0.3850451245,0.3343607134,0.0005934956363,1,4.029109589e-05,False
2024-02-05,58,logistic,"{'C': 0.01, 'class_weight': None}",0,0.2398882028,0.4978589075,0.2622528897,0.0004196590639,0,4.021689498e-05,False
2024-02-06,58,logistic,"{'C': 0.01, 'class_weight': None}",0,0.1894992021,0.567996312,0.2425044858,0.0007728030666,1,4.03652968e-05,False
2024-02-07,58,logistic,"{'C': 0.01, 'class_weight': None}",0,0.2139920805,0.573558621,0.2124492985,0.0002769337404,0,4.029109589e-05,False
2024-02-08,58,logistic,"{'C': 0.01, 'class_weight': None}",0,0.2059448281,0.6303648708,0.1636903011,-3.953586785e-05,0,4.03652968e-05,False
2024-02-09,58,logistic,"{'C': 0.01, 'class_weight': None}",0,0.2104383424,0.6058683586,0.183693299,7.811783784e-05,0,4.03652968e-05,False
2024-02-12,58,logistic,"{'C': 0.01, 'class_weight': None}",0,0.2732518447,0.4939466183,0.2328015369,-0.0001618676238,0,4.029109589e-05,False
2024-02-13,58,logistic,"{'C': 0.01, 'class_weight': None}",0,0.3524381878,0.4369376176,0.2106241945,-0.001151894802,-1,4.043949772e-05,False
2024-02-14,58,logistic,"{'C': 0.01, 'class_weight': None}",0,0.3177256883,0.4499352193,0.2323390923,-0.0006198459291,-1,4.029109589e-05,False
2024-02-15,58,logistic,"{'C': 0.01, 'class_weight': None}",0,0.2609259862,0.4962715746,0.2428024392,4.577988537e-05,0,4.029109589e-05,False
2024-02-16,58,logistic,"{'C': 0.01, 'class_weight': None}",0,0.3254259772,0.4082719377,0.2663020851,-0.0004208050559,0,4.03652968e-05,False
2024-02-20,58,logistic,"{'C': 0.01, 'class_weight': None}",0,0.3383062718,0.3927856656,0.2689080625,-0.0005310409714,-1,4.03652968e-05,False
2024-02-21,58,logistic,"{'C': 0.01, 'class_weight': None}",0,0.3185108593,0.401660671,0.2798284697,-0.0002395913861,0,4.03652968e-05,False
2024-02-22,59,logistic,"{'C': 0.01, 'class_weight': None}",0,0.2972582627,0.4401855307,0.2625562066,-0.0001520468079,0,4.043949772e-05,False
2024-02-23,59,logistic,"{'C': 0.01, 'class_weight': None}",0,0.279271866,0.4214667508,0.2992613832,0.0003301193354,0,4.051369863e-05,False
2024-02-26,59,logistic,"{'C': 0.01, 'class_weight': None}",0,0.2884264652,0.4127132659,0.2988602689,0.0002335376557,0,4.058789954e-05,False
2024-02-27,59,logistic,"{'C': 0.01, 'class_weight': None}",0,0.2379883731,0.515262501,0.2467491259,0.0003234238599,0,4.043949772e-05,False
2024-02-28,59,logistic,"{'C': 0.01, 'class_weight': None}",0,0.2592400853,0.4376836581,0.3030762566,0.0005653681527,1,4.043949772e-05,False
2024-02-29,59,logistic,"{'C': 0.01, 'class_weight': None}",0,0.2279911795,0.417931487,0.3540773335,0.001299109667,1,4.043949772e-05,False
2024-03-01,59,logistic,"{'C': 0.01, 'class_weight': None}",0,0.284761081,0.3570657198,0.3581731993,0.0007537788918,1,4.021689498e-05,False
2024-03-04,59,logistic,"{'C': 0.01, 'class_weight': None}",0,0.2411993672,0.4756983208,0.283102312,0.0005866517377,1,4.066210046e-05,False
2024-03-05,59,logistic,"{'C': 0.01, 'class_weight': None}",0,0.2834410214,0.2995741296,0.416984849,0.001246032361,1,4.058789954e-05,False
2024-03-06,59,logistic,"{'C': 0.01, 'class_weight': None}",0,0.2800792896,0.324080901,0.3958398094,0.001108153627,1,4.058789954e-05,False
2024-03-07,59,logistic,"{'C': 0.01, 'class_weight': None}",0,0.2629243564,0.3797955205,0.3572801231,0.0009690977758,1,4.058789954e-05,False
2024-03-08,59,logistic,"{'C': 0.01, 'class_weight': None}",0,0.2618433947,0.3556595077,0.3824970976,0.001185412937,1,4.051369863e-05,False
2024-03-11,59,logistic,"{'C': 0.01, 'class_weight': None}",0,0.2561860859,0.3837536243,0.3600602898,0.001060417297,1,4.066210046e-05,False
2024-03-12,59,logistic,"{'C': 0.01, 'class_weight': None}",0,0.2731603896,0.4165909485,0.3102486618,0.0004818654903,1,4.066210046e-05,False
2024-03-13,59,logistic,"{'C': 0.01, 'class_weight': None}",0,0.2574544955,0.4603035933,0.2822419112,0.0004139526607,0,4.066210046e-05,False
2024-03-14,59,logistic,"{'C': 0.01, 'class_weight': None}",0,0.3001445792,0.4017793827,0.2980760381,0.0001077061165,0,4.066210046e-05,False
2024-03-15,59,logistic,"{'C': 0.01, 'class_weight': None}",0,0.3124750725,0.3915744578,0.2959504697,-3.52877283e-05,0,4.066210046e-05,False
2024-03-18,59,logistic,"{'C': 0.01, 'class_weight': None}",0,0.3420481092,0.3909106178,0.2670412729,-0.0005720920067,-1,4.066210046e-05,False
2024-03-19,59,logistic,"{'C': 0.01, 'class_weight': None}",0,0.2776989234,0.4608373262,0.2614637505,3.843467519e-05,0,4.066210046e-05,False
2024-03-20,59,logistic,"{'C': 0.01, 'class_weight': None}",0,0.2493620884,0.495232747,0.2554051646,0.0002779580589,0,4.058789954e-05,False
2024-03-21,59,logistic,"{'C': 0.01, 'class_weight': None}",0,0.2452629308,0.4686062167,0.2861308525,0.0005698863349,1,4.066210046e-05,False
2024-03-22,60,logistic,"{'C': 0.01, 'class_weight': None}",0,0.2607175828,0.4159255217,0.3233568955,0.0007155393687,1,4.051369863e-05,False
2024-03-25,60,logistic,"{'C': 0.01, 'class_weight': None}",0,0.2596168558,0.4307285835,0.3096545607,0.0006150112914,1,4.051369863e-05,False
2024-03-26,60,logistic,"{'C': 0.01, 'class_weight': None}",0,0.2280737478,0.4603095235,0.3116167287,0.000950793568,1,4.051369863e-05,False
2024-03-27,60,logistic,"{'C': 0.01, 'class_weight': None}",0,0.2377689762,0.4344092357,0.327821788,0.0009845889689,1,4.043949772e-05,False
2024-03-28,60,logistic,"{'C': 0.01, 'class_weight': None}",0,0.2356725093,0.410438552,0.3538889387,0.001218315996,1,4.051369863e-05,False
2024-04-01,60,logistic,"{'C': 0.01, 'class_weight': None}",0,0.3201228661,0.3579949025,0.3218822313,0.0001012598737,0,4.03652968e-05,False
2024-04-02,60,logistic,"{'C': 0.01, 'class_weight': None}",0,0.2753496044,0.4399128354,0.2847375602,0.000252412473,0,4.021689498e-05,False
2024-04-03,60,logistic,"{'C': 0.01, 'class_weight': None}",0,0.2729251487,0.4607608078,0.2663140435,0.0001268223092,0,4.021689498e-05,False
2024-04-04,60,logistic,"{'C': 0.01, 'class_weight': None}",0,0.3287050149,0.3550688083,0.3162261768,-3.184958696e-05,0,4.014269406e-05,False
2024-04-05,60,logistic,"{'C': 0.01, 'class_weight': None}",0,0.3414292128,0.398336934,0.2602338532,-0.000617241505,-1,4.029109589e-05,False
2024-04-08,60,logistic,"{'C': 0.01, 'class_weight': None}",0,0.3111903916,0.410563703,0.2782459054,-0.0001638600509,0,4.029109589e-05,False
2024-04-09,60,logistic,"{'C': 0.01, 'class_weight': None}",0,0.2876728279,0.3914920176,0.3208351545,0.0004217084582,0,4.029109589e-05,False
2024-04-10,60,logistic,"{'C': 0.01, 'class_weight': None}",0,0.3501155587,0.358875485,0.2910089563,-0.0004544578184,-1,4.043949772e-05,False
2024-04-11,60,logistic,"{'C': 0.01, 'class_weight': None}",0,0.3150616673,0.4203085977,0.2646297351,-0.0003140927019,0,4.043949772e-05,False
2024-04-12,60,logistic,"{'C': 0.01, 'class_weight': None}",0,0.3411835478,0.3420881111,0.3167283411,-0.0001542656684,0,4.043949772e-05,False
2024-04-15,60,logistic,"{'C': 0.01, 'class_weight': None}",0,0.3988016274,0.2838904522,0.3173079203,-0.0007336821393,-1,4.043949772e-05,False
2024-04-16,60,logistic,"{'C': 0.01, 'class_weight': None}",0,0.3626215773,0.3582152896,0.2791631331,-0.0006778007111,-1,4.043949772e-05,False
2024-04-17,60,logistic,"{'C': 0.01, 'class_weight': None}",0,0.3659099151,0.2494172475,0.3846728374,0.0001488687653,0,4.043949772e-05,False
2024-04-18,60,logistic,"{'C': 0.01, 'class_weight': None}",0,0.3851133166,0.2551620538,0.3597246296,-0.0002491704159,0,4.051369863e-05,False
2024-04-19,60,logistic,"{'C': 0.01, 'class_weight': None}",0,0.3601389291,0.2641090135,0.3757520575,0.0001346628056,0,4.043949772e-05,False
2024-04-22,60,logistic,"{'C': 0.01, 'class_weight': None}",0,0.329607018,0.3152145363,0.3551784457,0.0002765048045,0,4.021689498e-05,False
2024-04-23,61,logistic,"{'C': 0.01, 'class_weight': None}",0,0.2734532875,0.4010661114,0.3254806011,0.0005768673943,1,4.043949772e-05,False
2024-04-24,61,logistic,"{'C': 0.01, 'class_weight': None}",0,0.2378499464,0.5179014961,0.2442485575,0.0002778601976,0,4.051369863e-05,False
2024-04-25,61,logistic,"{'C': 0.01, 'class_weight': None}",0,0.2921532672,0.4275126202,0.2803341125,2.003432507e-05,0,4.058789954e-05,False
2024-04-26,61,logistic,"{'C': 0.01, 'class_weight': None}",0,0.2829428857,0.4506892272,0.2663678871,-1.906634978e-08,0,4.051369863e-05,False
2024-04-29,61,logistic,"{'C': 0.01, 'class_weight': None}",0,0.2473890832,0.4889612955,0.2636496212,0.0003387599618,0,4.043949772e-05,False
2024-04-30,61,logistic,"{'C': 0.01, 'class_weight': None}",0,0.2764566259,0.3857757226,0.3377676515,0.0006462723075,1,4.051369863e-05,False
2024-05-01,61,logistic,"{'C': 0.01, 'class_weight': None}",0,0.3089225487,0.2638216596,0.4272557917,0.001044243996,1,4.051369863e-05,False
2024-05-02,61,logistic,"{'C': 0.01, 'class_weight': None}",0,0.2256348383,0.4121912242,0.3621739375,0.001360537109,1,4.051369863e-05,False
2024-05-03,61,logistic,"{'C': 0.01, 'class_weight': None}",0,0.1982864852,0.4541979999,0.3475155149,0.00151896011,1,4.043949772e-05,False
2024-05-06,61,logistic,"{'C': 0.01, 'class_weight': None}",0,0.1952261466,0.5291154655,0.2756583879,0.0009658502523,1,4.043949772e-05,False
2024-05-07,61,logistic,"{'C': 0.01, 'class_weight': None}",0,0.1972770401,0.5124049253,0.2903180345,0.001064211017,1,4.043949772e-05,False
2024-05-08,61,logistic,"{'C': 0.01, 'class_weight': None}",0,0.1886762808,0.5790395742,0.232284145,0.000679715434,1,4.043949772e-05,False
2024-05-09,61,logistic,"{'C': 0.01, 'class_weight': None}",0,0.1732052851,0.5973449741,0.2294497407,0.0008137061565,1,4.051369863e-05,False
2024-05-10,61,logistic,"{'C': 0.01, 'class_weight': None}",0,0.1754839017,0.6224610223,0.2020550761,0.0005678689171,1,4.058789954e-05,False
2024-05-13,61,logistic,"{'C': 0.01, 'class_weight': None}",0,0.1933347447,0.5831712932,0.2234939621,0.0005609701216,1,4.043949772e-05,False
2024-05-14,61,logistic,"{'C': 0.01, 'class_weight': None}",0,0.1822694258,0.5816997945,0.2360307798,0.0007752049838,1,4.03652968e-05,False
2024-05-15,61,logistic,"{'C': 0.01, 'class_weight': None}",0,0.1563389562,0.6303092702,0.2133517736,0.0008540317231,1,4.043949772e-05,False
2024-05-16,61,logistic,"{'C': 0.01, 'class_weight': None}",0,0.1790878856,0.6131028563,0.207809258,0.0005780672742,1,4.043949772e-05,False
2024-05-17,61,logistic,"{'C': 0.01, 'class_weight': None}",0,0.1706932351,0.6036163157,0.2256904493,0.0008086422208,1,4.051369863e-05,False
2024-05-20,61,logistic,"{'C': 0.01, 'class_weight': None}",0,0.1791385734,0.6190655756,0.201795851,0.0005286659264,1,4.043949772e-05,False
2024-05-21,61,logistic,"{'C': 0.01, 'class_weight': None}",0,0.1523044333,0.6628685909,0.1848269758,0.0006630864172,1,4.043949772e-05,False
2024-05-22,62,logistic,"{'C': 0.01, 'class_weight': None}",0,0.1795824564,0.595813983,0.2246035606,0.0007166539976,1,4.043949772e-05,False
2024-05-23,62,logistic,"{'C': 0.01, 'class_weight': None}",0,0.2013428522,0.5465272843,0.2521298635,0.0007186612706,1,4.051369863e-05,False
2024-05-24,62,logistic,"{'C': 0.01, 'class_weight': None}",0,0.1826362794,0.5832438886,0.234119832,0.0007626798764,1,4.051369863e-05,False
2024-05-28,62,logistic,"{'C': 0.01, 'class_weight': None}",0,0.1956824365,0.5964017633,0.2079158002,0.0004183134259,0,4.051369863e-05,False
2024-05-29,62,logistic,"{'C': 0.01, 'class_weight': None}",0,0.2144482975,0.5816294223,0.2039222803,0.0001956487633,0,4.051369863e-05,False
2024-05-30,62,logistic,"{'C': 0.01, 'class_weight': None}",0,0.2427313726,0.4791667457,0.2781018816,0.0005089949492,1,4.051369863e-05,False
2024-05-31,62,logistic,"{'C': 0.01, 'class_weight': None}",0,0.2299243028,0.4185142252,0.351561472,0.00123331088,1,4.051369863e-05,False
2024-06-03,62,logistic,"{'C': 0.01, 'class_weight': None}",0,0.2172076447,0.3969601811,0.3858321742,0.001639607614,1,4.095890411e-05,False
2024-06-04,62,logistic,"{'C': 0.01, 'class_weight': None}",0,0.1821058551,0.4382055491,0.3796885958,0.001945949261,1,4.095890411e-05,False
2024-06-05,62,logistic,"{'C': 0.01, 'class_weight': None}",0,0.172440851,0.4398714677,0.3876876813,0.002108711408,1,4.08847032e-05,False
2024-06-06,62,logistic,"{'C': 0.01, 'class_weight': None}",0,0.1581567959,0.5306211848,0.3112220192,0.001634868905,1,4.08847032e-05,False
2024-06-07,62,logistic,"{'C': 0.01, 'class_weight': None}",0,0.2017416054,0.527885845,0.2703725496,0.0008622296629,1,4.095890411e-05,False
2024-06-10,62,logistic,"{'C': 0.01, 'class_weight': None}",0,0.1906470611,0.61882491,0.1905280289,0.0003286940325,0,4.095890411e-05,False
2024-06-11,62,logistic,"{'C': 0.01, 'class_weight': None}",0,0.174105551,0.646229869,0.17966458,0.0004085789608,0,4.095890411e-05,False
2024-06-12,62,logistic,"{'C': 0.01, 'class_weight': None}",0,0.205371038,0.5560864545,0.2385425075,0.0005678576697,1,4.08847032e-05,False
2024-06-13,62,logistic,"{'C': 0.01, 'class_weight': None}",0,0.1659851488,0.6084270453,0.2255878058,0.0008625417519,1,4.08847032e-05,False
2024-06-14,62,logistic,"{'C': 0.01, 'class_weight': None}",0,0.1587112159,0.5853095115,0.2559792726,0.001182241127,1,4.08847032e-05,False
2024-06-17,62,logistic,"{'C': 0.01, 'class_weight': None}",0,0.1871100723,0.5693406035,0.2435493242,0.0007936001771,1,4.095890411e-05,False
2024-06-18,62,logistic,"{'C': 0.01, 'class_weight': None}",0,0.1528368802,0.6118205462,0.2353425736,0.001074842555,1,4.081050228e-05,False
2024-06-20,62,logistic,"{'C': 0.01, 'class_weight': None}",0,0.1949195394,0.5275649916,0.277515469,0.0009892268293,1,4.081050228e-05,False
2024-06-21,62,logistic,"{'C': 0.01, 'class_weight': None}",0,0.1940375923,0.5372866233,0.2686757844,0.0009266453288,1,4.073630137e-05,False
2024-06-24,63,logistic,"{'C': 0.01, 'class_weight': None}",0,0.1977744386,0.5473244604,0.2549011009,0.0007821155533,1,4.081050228e-05,False
2024-06-25,63,logistic,"{'C': 0.01, 'class_weight': None}",0,0.1756171203,0.5647893285,0.2595935512,0.001044303667,1,4.073630137e-05,False
2024-06-26,63,logistic,"{'C': 0.01, 'class_weight': None}",0,0.1709242274,0.6108433017,0.2182324709,0.0007587966558,1,4.081050228e-05,False
2024-06-27,63,logistic,"{'C': 0.01, 'class_weight': None}",0,0.1720373618,0.602420952,0.2255416862,0.0008063761951,1,4.073630137e-05,False
2024-06-28,63,logistic,"{'C': 0.01, 'class_weight': None}",0,0.2118537067,0.5069137005,0.2812325928,0.0008515423242,1,4.066210046e-05,False
2024-07-01,63,logistic,"{'C': 0.01, 'class_weight': None}",0,0.2272374611,0.5506384328,0.2221241061,0.0002198024877,0,4.058789954e-05,False
2024-07-02,63,logistic,"{'C': 0.01, 'class_weight': None}",0,0.2009631097,0.6211926928,0.1778441975,0.0001293660649,0,2.185502283e-05,False
2024-07-03,63,logistic,"{'C': 0.01, 'class_weight': None}",0,0.2064976524,0.581909424,0.2115929237,0.0003450550234,0,4.058789954e-05,False
2024-07-05,63,logistic,"{'C': 0.01, 'class_weight': None}",0,0.1946442267,0.5778102205,0.2275455528,0.0005935533046,1,4.051369863e-05,False
2024-07-08,63,logistic,"{'C': 0.01, 'class_weight': None}",0,0.1625684249,0.6159391975,0.2214923776,0.0008696710428,1,4.051369863e-05,False
2024-07-09,63,logistic,"{'C': 0.01, 'class_weight': None}",0,0.1850415281,0.5439871449,0.270971327,0.001040467962,1,4.051369863e-05,False
2024-07-10,63,logistic,"{'C': 0.01, 'class_weight': None}",0,0.1686034221,0.590749958,0.2406466199,0.0009627780246,1,4.051369863e-05,False
2024-07-11,63,logistic,"{'C': 0.01, 'class_weight': None}",0,0.1885097538,0.4854448241,0.3260454221,0.001448794124,1,4.03652968e-05,False
2024-07-12,63,logistic,"{'C': 0.01, 'class_weight': None}",0,0.1690075369,0.5609184883,0.2700739748,0.001195631647,1,4.029109589e-05,False
2024-07-15,63,logistic,"{'C': 0.01, 'class_weight': None}",0,0.1895342053,0.5395956791,0.2708701156,0.0009941520733,1,4.029109589e-05,False
2024-07-16,63,logistic,"{'C': 0.01, 'class_weight': None}",0,0.1750711998,0.5393298502,0.28559895,0.001259225776,1,4.029109589e-05,False
2024-07-17,63,logistic,"{'C': 0.01, 'class_weight': None}",0,0.2552737639,0.3351604312,0.4095658049,0.001445120084,1,4.029109589e-05,False
2024-07-18,63,logistic,"{'C': 0.01, 'class_weight': None}",0,0.2820113407,0.3843876621,0.3336009971,0.0005626654022,1,4.029109589e-05,False
2024-07-19,63,logistic,"{'C': 0.01, 'class_weight': None}",0,0.3348632119,0.2961388605,0.3689979275,0.0003124050329,0,4.029109589e-05,False
2024-07-22,63,logistic,"{'C': 0.01, 'class_weight': None}",0,0.2416197587,0.4378309173,0.320549324,0.0008666524371,1,4.029109589e-05,False
2024-07-23,63,logistic,"{'C': 0.01, 'class_weight': None}",0,0.2527816535,0.4227661248,0.3244522217,0.0007850327612,1,4.014269406e-05,False
2024-07-24,64,logistic,"{'C': 0.01, 'class_weight': None}",0,0.3125265873,0.341011792,0.3464616207,0.0003476311019,0,4.006849315e-05,False
2024-07-25,64,logistic,"{'C': 0.01, 'class_weight': None}",0,0.3487056086,0.2933966694,0.357897722,7.287912529e-05,0,3.999429224e-05,False
2024-07-26,64,logistic,"{'C': 0.01, 'class_weight': None}",0,0.3600260283,0.3209117946,0.3190621772,-0.0003525349356,0,3.992009132e-05,False
2024-07-29,64,logistic,"{'C': 0.01, 'class_weight': None}",0,0.3071343191,0.3305459868,0.3623196941,0.0005291367412,1,4.014269406e-05,False
2024-07-30,64,logistic,"{'C': 0.01, 'class_weight': None}",0,0.3024455974,0.3188707734,0.3786836292,0.0007075681518,1,4.006849315e-05,False
2024-07-31,64,logistic,"{'C': 0.01, 'class_weight': None}",0,0.2648874685,0.3614159688,0.3736965627,0.001047894709,1,4.014269406e-05,False
2024-08-01,64,logistic,"{'C': 0.01, 'class_weight': None}",0,0.2816202736,0.2624115935,0.4559681329,0.001536922084,1,3.984589041e-05,False
2024-08-02,64,logistic,"{'C': 0.01, 'class_weight': None}",0,0.2569888845,0.311718472,0.4312926435,0.001588809168,1,3.925228311e-05,False
2024-08-05,64,logistic,"{'C': 0.01, 'class_weight': None}",0,0.3194868357,0.1573003537,0.5232128106,0.001691728944,1,3.969748858e-05,False
2024-08-06,64,logistic,"{'C': 0.01, 'class_weight': None}",0,0.3675473492,0.2030152617,0.4294373891,0.0004546667666,1,3.962328767e-05,False
2024-08-07,64,logistic,"{'C': 0.01, 'class_weight': None}",0,0.3118859399,0.2496011451,0.4385129149,0.001090815852,1,3.962328767e-05,False
2024-08-08,64,logistic,"{'C': 0.01, 'class_weight': None}",0,0.2634304528,0.4359255815,0.3006439656,0.0004779958291,1,3.962328767e-05,False
2024-08-09,64,logistic,"{'C': 0.01, 'class_weight': None}",0,0.2485944082,0.5333136548,0.218091937,-3.247890485e-05,0,3.954908676e-05,False
2024-08-12,64,logistic,"{'C': 0.01, 'class_weight': None}",0,0.2630694701,0.5064891735,0.2304413564,-8.019046041e-05,0,3.954908676e-05,False
2024-08-13,64,logistic,"{'C': 0.01, 'class_weight': None}",0,0.2185544239,0.5521057139,0.2293398622,0.0003616647247,0,3.947488584e-05,False
2024-08-14,64,logistic,"{'C': 0.01, 'class_weight': None}",0,0.1875300443,0.5773814052,0.2350885505,0.0007217632497,1,3.947488584e-05,False
2024-08-15,64,logistic,"{'C': 0.01, 'class_weight': None}",0,0.1650543948,0.610925095,0.2240205101,0.0008607278492,1,3.962328767e-05,False
2024-08-16,64,logistic,"{'C': 0.01, 'class_weight': None}",0,0.1486286677,0.6623946673,0.188976665,0.000746561424,1,3.954908676e-05,False
2024-08-19,64,logistic,"{'C': 0.01, 'class_weight': None}",0,0.1296893103,0.669307494,0.2010031957,0.001034553526,1,3.940068493e-05,False
2024-08-20,64,logistic,"{'C': 0.01, 'class_weight': None}",0,0.1750469741,0.6087669399,0.216186086,0.0006968629721,1,3.925228311e-05,False
2024-08-21,64,logistic,"{'C': 0.01, 'class_weight': None}",0,0.1477030882,0.6456083614,0.2066885504,0.0008976825858,1,3.902968037e-05,False
2024-08-22,65,logistic,"{'C': 0.01, 'class_weight': None}",0,0.2130140912,0.5349309461,0.2520549627,0.0006018016172,1,3.917808219e-05,False
2024-08-23,65,logistic,"{'C': 0.01, 'class_weight': None}",0,0.1789432248,0.6105782927,0.2104784824,0.0006139588316,1,3.895547945e-05,False
2024-08-26,65,logistic,"{'C': 0.01, 'class_weight': None}",0,0.1986226121,0.5759783601,0.2253990278,0.0005340139313,1,3.888127854e-05,False
2024-08-27,65,logistic,"{'C': 0.01, 'class_weight': None}",0,0.1820905699,0.5868624106,0.2310470195,0.0007469714809,1,3.880707763e-05,False
2024-08-28,65,logistic,"{'C': 0.01, 'class_weight': None}",0,0.2066330878,0.56981587,0.2235510422,0.0004379532355,0,3.86586758e-05,False
2024-08-29,65,logistic,"{'C': 0.01, 'class_weight': None}",0,0.2250556881,0.5290498851,0.2458944268,0.0004302762234,0,3.873287671e-05,False
2024-08-30,65,logistic,"{'C': 0.01, 'class_weight': None}",0,0.1834732093,0.5917402206,0.22478657,0.0006827480567,1,3.86586758e-05,False
2024-09-03,65,logistic,"{'C': 0.01, 'class_weight': None}",0,0.3175372814,0.3590649727,0.3233977459,0.0001138041217,0,3.851027397e-05,False
2024-09-04,65,logistic,"{'C': 0.01, 'class_weight': None}",0,0.3057356852,0.3919468543,0.3023174605,6.445932932e-05,0,3.843607306e-05,False
2024-09-05,65,logistic,"{'C': 0.01, 'class_weight': None}",0,0.2640733201,0.4284538228,0.3074728571,0.000528338641,1,3.821347032e-05,False
2024-09-06,65,logistic,"{'C': 0.01, 'class_weight': None}",0,0.2941755319,0.3656240303,0.3402004378,0.00048547481,1,3.806506849e-05,False
2024-09-09,65,logistic,"{'C': 0.01, 'class_weight': None}",0,0.245381316,0.4171086714,0.3375100126,0.0009587720272,1,3.791666667e-05,False
2024-09-10,65,logistic,"{'C': 0.01, 'class_weight': None}",0,0.2706636319,0.4040644329,0.3252719352,0.0006042252483,1,3.75456621e-05,False
2024-09-11,65,logistic,"{'C': 0.01, 'class_weight': None}",0,0.2548789032,0.4624485787,0.282672518,0.0004227218238,0,3.784246575e-05,False
2024-09-12,65,logistic,"{'C': 0.01, 'class_weight': None}",0,0.256237032,0.4805326635,0.2632303046,0.0002530463149,0,3.75456621e-05,False
2024-09-13,65,logistic,"{'C': 0.01, 'class_weight': None}",0,0.1962738192,0.5882531928,0.215472988,0.0004782414065,1,3.687785388e-05,False
2024-09-16,65,logistic,"{'C': 0.01, 'class_weight': None}",0,0.2028466187,0.5523514776,0.2448019037,0.0006467599866,1,3.680365297e-05,False
2024-09-17,65,logistic,"{'C': 0.01, 'class_weight': None}",0,0.26014102,0.5007938773,0.2390651027,1.967845186e-05,0,3.672945205e-05,False
2024-09-18,65,logistic,"{'C': 0.01, 'class_weight': None}",0,0.2863971892,0.4683051217,0.2452976891,-0.0001966343494,0,3.591324201e-05,False
2024-09-19,65,logistic,"{'C': 0.01, 'class_weight': None}",0,0.2132764329,0.5464347193,0.2402888478,0.0005047919483,1,3.561643836e-05,False
2024-09-20,65,logistic,"{'C': 0.01, 'class_weight': None}",0,0.1858519113,0.5986456789,0.2155024098,0.0005841763221,1,3.524543379e-05,False
2024-09-23,66,logistic,"{'C': 0.01, 'class_weight': None}",0,0.1872407057,0.6043538817,0.2084054126,0.0005062362379,1,3.502283105e-05,False
2024-09-24,66,logistic,"{'C': 0.01, 'class_weight': None}",0,0.202330452,0.5784846956,0.2191848524,0.0004396529665,1,3.480022831e-05,False
2024-09-25,66,logistic,"{'C': 0.01, 'class_weight': None}",0,0.1966529024,0.5896505252,0.2136965725,0.0004532286485,1,3.480022831e-05,False
2024-09-26,66,logistic,"{'C': 0.01, 'class_weight': None}",0,0.218515094,0.5480997313,0.2333851747,0.0003893787427,0,3.47260274e-05,False
2024-09-27,66,logistic,"{'C': 0.01, 'class_weight': None}",0,0.27162643,0.5157032098,0.2126703602,-0.0003148903356,0,3.47260274e-05,False
2024-09-30,66,logistic,"{'C': 0.01, 'class_weight': None}",0,0.2609812087,0.502970631,0.2360481604,-1.970390849e-05,0,3.509703196e-05,False
2024-10-01,66,logistic,"{'C': 0.01, 'class_weight': None}",0,0.3508521758,0.3681298815,0.2810179427,-0.000570319491,-1,3.494863014e-05,False
2024-10-02,66,logistic,"{'C': 0.01, 'class_weight': None}",0,0.2822017941,0.479949553,0.2378486529,-0.0002203614321,0,3.480022831e-05,False
2024-10-03,66,logistic,"{'C': 0.01, 'class_weight': None}",0,0.2963357223,0.4757111053,0.2279531725,-0.0004428941537,-1,3.47260274e-05,False
2024-10-04,66,logistic,"{'C': 0.01, 'class_weight': None}",0,0.2539380075,0.5598757205,0.186186272,-0.0003477859071,0,3.509703196e-05,False
2024-10-07,66,logistic,"{'C': 0.01, 'class_weight': None}",0,0.3816851928,0.4026024933,0.2157123139,-0.001406025136,-1,3.539383562e-05,False
2024-10-08,66,logistic,"{'C': 0.01, 'class_weight': None}",0,0.2746261716,0.5241161507,0.2012576776,-0.0004367270893,-1,3.524543379e-05,False
2024-10-09,66,logistic,"{'C': 0.01, 'class_weight': None}",0,0.2545302003,0.5484349329,0.1970348668,-0.0002668745512,0,3.524543379e-05,False
2024-10-10,66,logistic,"{'C': 0.01, 'class_weight': None}",0,0.2693693865,0.5195160977,0.2111145158,-0.0003044786237,0,3.524543379e-05,False
2024-10-11,66,logistic,"{'C': 0.01, 'class_weight': None}",0,0.2231630759,0.5762816441,0.20055528,7.925211525e-05,0,3.509703196e-05,False
2024-10-14,66,logistic,"{'C': 0.01, 'class_weight': None}",0,0.2380621078,0.5382015222,0.2237363699,0.0001139576973,0,3.509703196e-05,False
2024-10-15,66,logistic,"{'C': 0.01, 'class_weight': None}",0,0.2841553399,0.4697846859,0.2460599742,-0.0001743766554,0,3.509703196e-05,False
2024-10-16,66,logistic,"{'C': 0.01, 'class_weight': None}",0,0.2747642389,0.4835160008,0.2417197603,-0.0001139643767,0,3.502283105e-05,False
2024-10-17,66,logistic,"{'C': 0.01, 'class_weight': None}",0,0.2665490156,0.4944489965,0.2390019879,-5.247206235e-05,0,3.517123288e-05,False
2024-10-18,66,logistic,"{'C': 0.01, 'class_weight': None}",0,0.2172777631,0.5633971472,0.2193250898,0.000289277351,0,3.509703196e-05,False
2024-10-21,66,logistic,"{'C': 0.01, 'class_weight': None}",0,0.285136387,0.4754952057,0.2393684073,-0.0002379296107,0,3.509703196e-05,False
2024-10-22,67,logistic,"{'C': 0.01, 'class_weight': None}",0,0.2705982377,0.4878750654,0.2415266969,-7.19919548e-05,0,3.502283105e-05,False
2024-10-23,67,logistic,"{'C': 0.01, 'class_weight': None}",0,0.3207717285,0.4266986331,0.2525296384,-0.0004919296869,-1,3.509703196e-05,False
2024-10-24,67,logistic,"{'C': 0.01, 'class_weight': None}",0,0.2989237293,0.4449006797,0.2561755909,-0.0002418200437,0,3.487442922e-05,False
2024-10-25,67,logistic,"{'C': 0.01, 'class_weight': None}",0,0.3252705119,0.4303284866,0.2444010014,-0.0006022356424,-1,3.509703196e-05,False
2024-10-28,67,logistic,"{'C': 0.01, 'class_weight': None}",0,0.3012810664,0.444193798,0.2545251356,-0.0002788255703,0,3.487442922e-05,False
2024-10-29,67,logistic,"{'C': 0.01, 'class_weight': None}",0,0.2951132611,0.4408901039,0.263996635,-0.0001409298566,0,3.487442922e-05,False
2024-10-30,67,logistic,"{'C': 0.01, 'class_weight': None}",0,0.3255269451,0.406238013,0.2682350419,-0.0004148618562,0,3.465182648e-05,False
2024-10-31,67,logistic,"{'C': 0.01, 'class_weight': None}",0,0.3929046103,0.3121399135,0.2949554762,-0.0008835892054,-1,3.442922374e-05,False
2024-11-01,67,logistic,"{'C': 0.01, 'class_weight': None}",0,0.3796498185,0.3507003509,0.2696498307,-0.0009511799273,-1,3.4206621e-05,False
2024-11-04,67,logistic,"{'C': 0.01, 'class_weight': None}",0,0.3278755697,0.4075958057,0.2645286246,-0.0004681661962,-1,3.450342466e-05,False
2024-11-05,67,logistic,"{'C': 0.01, 'class_weight': None}",0,0.3078284097,0.4381158488,0.2540557414,-0.0003488103806,0,3.442922374e-05,False
2024-11-06,67,logistic,"{'C': 0.01, 'class_weight': None}",0,0.250185633,0.5054168981,0.244397469,0.0001574163692,0,3.442922374e-05,False
2024-11-07,67,logistic,"{'C': 0.01, 'class_weight': None}",0,0.1802844794,0.5871532277,0.2325622929,0.0007703177753,1,3.435502283e-05,False
2024-11-08,67,logistic,"{'C': 0.01, 'class_weight': None}",0,0.1994173839,0.5660735862,0.2345090299,0.0005922547349,1,3.435502283e-05,False
2024-11-11,67,logistic,"{'C': 0.01, 'class_weight': None}",0,0.2057134636,0.546428985,0.2478575514,0.000634947267,1,3.435502283e-05,False
2024-11-12,67,logistic,"{'C': 0.01, 'class_weight': None}",0,0.2029529511,0.554808425,0.2422386238,0.0006180916384,1,3.435502283e-05,False
2024-11-13,67,logistic,"{'C': 0.01, 'class_weight': None}",0,0.209914187,0.5405245754,0.2495612376,0.0006060251132,1,3.413242009e-05,False
2024-11-14,67,logistic,"{'C': 0.01, 'class_weight': None}",0,0.2123260044,0.5411996324,0.2464743633,0.0005570194549,1,3.4206621e-05,False
2024-11-15,67,logistic,"{'C': 0.01, 'class_weight': None}",0,0.3026594823,0.4351518963,0.2621886215,-0.0002316903444,0,3.413242009e-05,False
2024-11-18,67,logistic,"{'C': 0.01, 'class_weight': None}",0,0.2509192397,0.4973509719,0.2517297885,0.0002084359793,0,3.435502283e-05,False
2024-11-19,67,logistic,"{'C': 0.01, 'class_weight': None}",0,0.2718984675,0.461730795,0.2663707375,0.0001128712612,0,3.428082192e-05,False
2024-11-20,68,logistic,"{'C': 0.01, 'class_weight': None}",0,0.269540488,0.4523063414,0.2781531706,0.0002249638703,0,3.428082192e-05,False
2024-11-21,68,logistic,"{'C': 0.01, 'class_weight': None}",0,0.264118618,0.474239603,0.261641779,0.0001477509452,0,3.435502283e-05,False
2024-11-22,68,logistic,"{'C': 0.01, 'class_weight': None}",0,0.2113786136,0.5438520894,0.2447692969,0.000544144075,1,3.435502283e-05,False
2024-11-25,68,logistic,"{'C': 0.01, 'class_weight': None}",0,0.2203998246,0.4941042559,0.2854959195,0.0007784224192,1,3.428082192e-05,False
2024-11-26,68,logistic,"{'C': 0.01, 'class_weight': None}",0,0.1919699702,0.5388137333,0.2692162965,0.0009347476909,1,3.4206621e-05,False
2024-11-27,68,logistic,"{'C': 0.01, 'class_weight': None}",0,0.1934941838,0.5324399078,0.2740659083,0.0009581135144,1,1.837899543e-05,False
2024-11-29,68,logistic,"{'C': 0.01, 'class_weight': None}",0,0.184291208,0.5511765593,0.2645322327,0.0009746790972,1,3.398401826e-05,False
2024-12-02,68,logistic,"{'C': 0.01, 'class_weight': None}",0,0.2123167376,0.4870365324,0.30064673,0.000980767312,1,3.346461187e-05,False
2024-12-03,68,logistic,"{'C': 0.01, 'class_weight': None}",0,0.1942932055,0.5414422582,0.2642645363,0.0008718230102,1,3.331621005e-05,False
2024-12-04,68,logistic,"{'C': 0.01, 'class_weight': None}",0,0.1868846459,0.5387804544,0.2743348997,0.001026818227,1,3.316780822e-05,False
2024-12-05,68,logistic,"{'C': 0.01, 'class_weight': None}",0,0.2134204811,0.5177525381,0.2688269808,0.0007156353891,1,3.309360731e-05,False
2024-12-06,68,logistic,"{'C': 0.01, 'class_weight': None}",0,0.1862157588,0.5660215772,0.247762664,0.0008214274557,1,3.279680365e-05,False
2024-12-09,68,logistic,"{'C': 0.01, 'class_weight': None}",0,0.2207382825,0.5072631035,0.271998614,0.0006672650742,1,3.279680365e-05,False
2024-12-10,68,logistic,"{'C': 0.01, 'class_weight': None}",0,0.2345099337,0.4829045517,0.2825855146,0.0006131013151,1,3.272260274e-05,False
2024-12-11,68,logistic,"{'C': 0.01, 'class_weight': None}",0,0.2251664183,0.5147172003,0.2601163813,0.0005278182414,1,3.25e-05,False
2024-12-12,68,logistic,"{'C': 0.01, 'class_weight': None}",0,0.2403873335,0.5020607135,0.2575519529,0.0003540733695,0,3.227739726e-05,False
2024-12-13,68,logistic,"{'C': 0.01, 'class_weight': None}",0,0.2315970648,0.532245389,0.2361575461,0.0002717987117,0,3.220319635e-05,False
2024-12-16,68,logistic,"{'C': 0.01, 'class_weight': None}",0,0.2616173068,0.476515284,0.2618674093,0.0001747400953,0,3.242579909e-05,False
2024-12-17,68,logistic,"{'C': 0.01, 'class_weight': None}",0,0.2784232475,0.445032187,0.2765445655,0.0001226739061,0,3.25e-05,False
2024-12-18,68,logistic,"{'C': 0.01, 'class_weight': None}",0,0.3723032915,0.3371077081,0.2905890004,-0.0007105714258,-1,3.235159817e-05,False
2024-12-19,68,logistic,"{'C': 0.01, 'class_weight': None}",0,0.3818930997,0.3401643725,0.2779425278,-0.0009080966906,-1,3.227739726e-05,False
2024-12-20,69,logistic,"{'C': 0.01, 'class_weight': None}",0,0.3049627854,0.4353765958,0.2596606188,-0.0002897716649,0,3.220319635e-05,False
2024-12-23,69,logistic,"{'C': 0.01, 'class_weight': None}",0,0.2799780816,0.4539594855,0.2660624329,1.250112041e-05,0,1.742009132e-05,False
2024-12-24,69,logistic,"{'C': 0.01, 'class_weight': None}",0,0.2208270596,0.536806544,0.2423663964,0.000418358946,0,3.264840183e-05,False
2024-12-26,69,logistic,"{'C': 0.01, 'class_weight': None}",0,0.2462397433,0.4898599625,0.2639002942,0.0003345145876,0,3.227739726e-05,False
2024-12-27,69,logistic,"{'C': 0.01, 'class_weight': None}",0,0.2603129957,0.4760425995,0.2636444049,0.000190962299,0,3.198059361e-05,False
2024-12-30,69,logistic,"{'C': 0.01, 'class_weight': None}",0,0.2986706725,0.4202257876,0.2811035399,-5.553720553e-05,0,3.242579909e-05,False
2024-12-31,69,logistic,"{'C': 0.01, 'class_weight': None}",0,0.3088608676,0.399809555,0.2913295774,-7.647123701e-05,0,3.242579909e-05,False
2025-01-02,69,logistic,"{'C': 0.01, 'class_weight': None}",0,0.3101570137,0.3939198,0.2959231864,-5.287956807e-05,0,3.235159817e-05,False
2025-01-03,69,logistic,"{'C': 0.01, 'class_weight': None}",0,0.2271549249,0.5347217032,0.2381233719,0.0003209000653,0,3.220319635e-05,False
2025-01-06,69,logistic,"{'C': 0.01, 'class_weight': None}",0,0.2405048163,0.5036355547,0.255859629,0.0003280731621,0,3.227739726e-05,False
2025-01-07,69,logistic,"{'C': 0.01, 'class_weight': None}",0,0.2673321976,0.4844693905,0.2481984119,-2.769711201e-06,0,3.227739726e-05,False
2025-01-08,69,logistic,"{'C': 0.01, 'class_weight': None}",0,0.2627945009,0.4876562621,0.249549237,5.362876275e-05,0,3.227739726e-05,False
2025-01-10,69,logistic,"{'C': 0.01, 'class_weight': None}",0,0.2979489702,0.4599165482,0.2421344816,-0.0003589812052,0,3.235159817e-05,False
2025-01-13,69,logistic,"{'C': 0.01, 'class_weight': None}",0,0.3162249029,0.4358056325,0.2479694647,-0.0004962304597,-1,3.242579909e-05,False
2025-01-14,69,logistic,"{'C': 0.01, 'class_weight': None}",0,0.2796751766,0.472889123,0.2474357004,-0.0001329643234,0,3.235159817e-05,False
2025-01-15,69,logistic,"{'C': 0.01, 'class_weight': None}",0,0.219167579,0.5309819026,0.2498505185,0.000494716715,1,3.227739726e-05,False
2025-01-16,69,logistic,"{'C': 0.01, 'class_weight': None}",0,0.2378029044,0.5030765959,0.2591204998,0.0003812409285,0,3.220319635e-05,False
2025-01-17,69,logistic,"{'C': 0.01, 'class_weight': None}",0,0.2045212497,0.5470829004,0.2483958498,0.0006303932069,1,3.220319635e-05,False
2025-01-21,69,logistic,"{'C': 0.01, 'class_weight': None}",0,0.201782396,0.5244062968,0.2738113072,0.0008605713544,1,3.235159817e-05,False
2025-01-22,69,logistic,"{'C': 0.01, 'class_weight': None}",0,0.2111928764,0.5218600657,0.2669470579,0.0007112164955,1,3.235159817e-05,False
2025-01-23,69,logistic,"{'C': 0.01, 'class_weight': None}",0,0.1686788236,0.5944330237,0.2368881527,0.0008990517987,1,3.235159817e-05,False
2025-01-24,70,logistic,"{'C': 0.01, 'class_weight': None}",0,0.1627420424,0.6185275481,0.2187304095,0.0008108359611,1,3.227739726e-05,False
2025-01-27,70,logistic,"{'C': 0.01, 'class_weight': None}",0,0.2281588623,0.511268197,0.2605729407,0.0004872487743,1,3.205479452e-05,False
2025-01-28,70,logistic,"{'C': 0.01, 'class_weight': None}",0,0.1987605252,0.5583735998,0.242865875,0.0006414121402,1,3.198059361e-05,False
2025-01-29,70,logistic,"{'C': 0.01, 'class_weight': None}",0,0.2034712261,0.5466505701,0.2498782038,0.0006499852475,1,3.198059361e-05,False
2025-01-30,70,logistic,"{'C': 0.01, 'class_weight': None}",0,0.1967354323,0.5514926082,0.2517719594,0.0007327369399,1,3.190639269e-05,False
2025-01-31,70,logistic,"{'C': 0.01, 'class_weight': None}",0,0.2080239703,0.5414527171,0.2505233127,0.0006093966689,1,3.198059361e-05,False
2025-02-03,70,logistic,"{'C': 0.01, 'class_weight': None}",0,0.2669426932,0.4620449126,0.2710123942,0.0001808877367,0,3.220319635e-05,False
2025-02-04,70,logistic,"{'C': 0.01, 'class_weight': None}",0,0.2207604193,0.5229649892,0.2562745915,0.0005273038962,1,3.212899543e-05,False
2025-02-05,70,logistic,"{'C': 0.01, 'class_weight': None}",0,0.1773052225,0.5722831504,0.2504116271,0.0009170624212,1,3.212899543e-05,False
2025-02-06,70,logistic,"{'C': 0.01, 'class_weight': None}",0,0.1832381787,0.5657576257,0.2510041956,0.0008621914768,1,3.220319635e-05,False
2025-02-07,70,logistic,"{'C': 0.01, 'class_weight': None}",0,0.1962752567,0.5537614425,0.2499633007,0.0007229437457,1,3.227739726e-05,False
2025-02-10,70,logistic,"{'C': 0.01, 'class_weight': None}",0,0.1955812286,0.5552574601,0.2491613114,0.0007235228941,1,3.227739726e-05,False
2025-02-11,70,logistic,"{'C': 0.01, 'class_weight': None}",0,0.1920439542,0.5641476868,0.2438083589,0.0007163888806,1,3.227739726e-05,False
2025-02-12,70,logistic,"{'C': 0.01, 'class_weight': None}",0,0.2117236044,0.5499460086,0.2383303869,0.0004750549353,1,3.227739726e-05,False
2025-02-13,70,logistic,"{'C': 0.01, 'class_weight': None}",0,0.1994754619,0.5579513497,0.2425731884,0.0006318981413,1,3.220319635e-05,False
2025-02-14,70,logistic,"{'C': 0.01, 'class_weight': None}",0,0.1979760796,0.5633032347,0.2387206857,0.0006162533737,1,3.220319635e-05,False
2025-02-18,70,logistic,"{'C': 0.01, 'class_weight': None}",0,0.185082565,0.5753454275,0.2395720075,0.0007525481322,1,3.220319635e-05,False
2025-02-19,70,logistic,"{'C': 0.01, 'class_weight': None}",0,0.1897926145,0.5628077568,0.2473996287,0.0007676258621,1,3.220319635e-05,False
2025-02-20,70,logistic,"{'C': 0.01, 'class_weight': None}",0,0.2154994234,0.5146956616,0.269804915,0.0006879881873,1,3.212899543e-05,False
2025-02-21,70,logistic,"{'C': 0.01, 'class_weight': None}",0,0.2534323513,0.4677582712,0.2788093775,0.0003787368574,0,3.205479452e-05,False
2025-02-24,70,logistic,"{'C': 0.01, 'class_weight': None}",0,0.261485392,0.4552337579,0.2832808501,0.0003334864334,0,3.198059361e-05,False
2025-02-25,71,logistic,"{'C': 0.01, 'class_weight': None}",0,0.2541886801,0.4279768837,0.3178344362,0.0006836687614,1,3.190639269e-05,False
2025-02-26,71,logistic,"{'C': 0.01, 'class_weight': None}",0,0.258732884,0.4271611831,0.3141059329,0.000608298536,1,3.198059361e-05,False
2025-02-27,71,logistic,"{'C': 0.01, 'class_weight': None}",0,0.2667062035,0.4095732764,0.3237205201,0.0006046160497,1,3.205479452e-05,False
2025-02-28,71,logistic,"{'C': 0.01, 'class_weight': None}",0,0.2336528486,0.4875385055,0.2788086459,0.0005796604992,1,3.205479452e-05,False
2025-03-03,71,logistic,"{'C': 0.01, 'class_weight': None}",0,0.2648922724,0.4058322524,0.3292754752,0.0006670612497,1,3.227739726e-05,False
2025-03-04,71,logistic,"{'C': 0.01, 'class_weight': None}",0,0.2800606583,0.4144921142,0.3054472276,0.0003249033652,0,3.220319635e-05,False
2025-03-05,71,logistic,"{'C': 0.01, 'class_weight': None}",0,0.2497637191,0.4750039929,0.275232288,0.0003891738748,0,3.227739726e-05,False
2025-03-06,71,logistic,"{'C': 0.01, 'class_weight': None}",0,0.2719212728,0.4438226606,0.2842560666,0.0002381379759,0,3.220319635e-05,False
2025-03-07,71,logistic,"{'C': 0.01, 'class_weight': None}",0,0.2294747446,0.5198679217,0.2506573338,0.0003976722686,0,3.220319635e-05,False
2025-03-10,71,logistic,"{'C': 0.01, 'class_weight': None}",0,0.2766358944,0.4371241017,0.2862400038,0.0002065093192,0,3.212899543e-05,False
2025-03-11,71,logistic,"{'C': 0.01, 'class_weight': None}",0,0.2674155954,0.4575958768,0.2749885278,0.0002097076159,0,3.220319635e-05,False
2025-03-12,71,logistic,"{'C': 0.01, 'class_weight': None}",0,0.2500493233,0.48121644,0.2687342368,0.0003345947262,0,3.227739726e-05,False
2025-03-13,71,logistic,"{'C': 0.01, 'class_weight': None}",0,0.2467026939,0.4814020047,0.2718953014,0.0003934055642,0,3.220319635e-05,False
2025-03-14,71,logistic,"{'C': 0.01, 'class_weight': None}",0,0.1953913563,0.5675477194,0.2370609243,0.0006322617204,1,3.212899543e-05,False
2025-03-17,71,logistic,"{'C': 0.01, 'class_weight': None}",0,0.2036388999,0.5653617061,0.230999394,0.0005010821112,1,3.220319635e-05,False
2025-03-18,71,logistic,"{'C': 0.01, 'class_weight': None}",0,0.2021282978,0.5553118357,0.2425598665,0.0006082642731,1,3.220319635e-05,False
2025-03-19,71,logistic,"{'C': 0.01, 'class_weight': None}",0,0.1990502772,0.5583498286,0.2425998942,0.00063953873,1,3.212899543e-05,False
2025-03-20,71,logistic,"{'C': 0.01, 'class_weight': None}",0,0.2036475611,0.5579813231,0.2383711159,0.0005596538455,1,3.212899543e-05,False
2025-03-21,71,logistic,"{'C': 0.01, 'class_weight': None}",0,0.1834476864,0.5827042449,0.2338480687,0.0007268147537,1,3.212899543e-05,False
2025-03-24,71,logistic,"{'C': 0.01, 'class_weight': None}",0,0.1677537437,0.6071039425,0.2251423138,0.0008153761082,1,3.212899543e-05,False
2025-03-25,71,logistic,"{'C': 0.01, 'class_weight': None}",0,0.1656864429,0.6125160423,0.2217975148,0.0008095516523,1,3.212899543e-05,False
2025-03-26,72,logistic,"{'C': 0.01, 'class_weight': None}",0,0.1870569728,0.6071515503,0.2057914769,0.0004555806051,1,3.212899543e-05,False
2025-03-27,72,logistic,"{'C': 0.01, 'class_weight': None}",0,0.2089657211,0.5828379636,0.2081963154,0.0002535692012,0,3.212899543e-05,False
2025-03-28,72,logistic,"{'C': 0.01, 'class_weight': None}",0,0.2520928435,0.5052943102,0.2426128463,9.30843656e-05,0,3.212899543e-05,False
2025-03-31,72,logistic,"{'C': 0.01, 'class_weight': None}",0,0.3006344147,0.4141222784,0.2852433069,-5.644210726e-05,0,3.205479452e-05,False
2025-04-01,72,logistic,"{'C': 0.01, 'class_weight': None}",0,0.2879298545,0.401446188,0.3106239575,0.0002746423106,0,3.205479452e-05,False
2025-04-02,72,logistic,"{'C': 0.01, 'class_weight': None}",0,0.2619281285,0.4692706116,0.2688012598,0.0002030237201,0,3.205479452e-05,False
2025-04-03,72,logistic,"{'C': 0.01, 'class_weight': None}",0,0.3000726698,0.3029118524,0.3970154779,0.0008423202566,1,3.198059361e-05,False
2025-04-04,72,logistic,"{'C': 0.01, 'class_weight': None}",0,0.306099336,0.2717764904,0.4221241736,0.000982090445,1,3.175799087e-05,False
2025-04-07,72,logistic,"{'C': 0.01, 'class_weight': None}",0,0.4062458471,0.2201167906,0.3736373623,-0.0004165760864,0,3.183219178e-05,False
2025-04-08,72,logistic,"{'C': 0.01, 'class_weight': None}",0,0.2902117293,0.330439325,0.3793489457,0.0008007321131,1,3.198059361e-05,False
2025-04-09,72,logistic,"{'C': 0.01, 'class_weight': None}",0,0.2525466136,0.5715720159,0.1758813705,-0.0004447002953,-1,3.227739726e-05,False
2025-04-10,72,logistic,"{'C': 0.01, 'class_weight': None}",0,0.2747146991,0.4865824983,0.2387028027,-0.0001665853678,0,3.220319635e-05,False
2025-04-11,72,logistic,"{'C': 0.01, 'class_weight': None}",0,0.1656251078,0.6944622429,0.1399126493,0.0001456021647,0,3.220319635e-05,False
2025-04-14,72,logistic,"{'C': 0.01, 'class_weight': None}",0,0.2598174512,0.5358643725,0.2043181763,-0.0002909008,0,3.212899543e-05,False
2025-04-15,72,logistic,"{'C': 0.01, 'class_weight': None}",0,0.2259869037,0.578763242,0.1952498542,-2.175037146e-05,0,3.212899543e-05,False
2025-04-16,72,logistic,"{'C': 0.01, 'class_weight': None}",0,0.2729318138,0.4497759803,0.277292206,0.0001597574054,0,3.212899543e-05,False
2025-04-17,72,logistic,"{'C': 0.01, 'class_weight': None}",0,0.2472579872,0.5219200773,0.2308219355,4.769243166e-05,0,3.220319635e-05,False
2025-04-21,72,logistic,"{'C': 0.01, 'class_weight': None}",0,0.2475103313,0.4993613823,0.2531282864,0.0002233781663,0,3.220319635e-05,False
2025-04-22,72,logistic,"{'C': 0.01, 'class_weight': None}",0,0.1817834251,0.6268325051,0.1913840698,0.0003937119043,0,3.212899543e-05,False
2025-04-23,72,logistic,"{'C': 0.01, 'class_weight': None}",0,0.1996064587,0.6081101921,0.1922833492,0.000220926761,0,3.212899543e-05,False
2025-04-24,72,logistic,"{'C': 0.01, 'class_weight': None}",0,0.1925133497,0.6286792722,0.1788073781,0.0001848737664,0,3.205479452e-05,False
2025-04-25,73,logistic,"{'C': 0.01, 'class_weight': None}",0,0.1316640178,0.7037203269,0.1646156553,0.0007019486256,1,3.205479452e-05,False
2025-04-28,73,logistic,"{'C': 0.01, 'class_weight': None}",0,0.1435661985,0.675567216,0.1808665854,0.0007145073833,1,3.205479452e-05,False
2025-04-29,73,logistic,"{'C': 0.01, 'class_weight': None}",0,0.1481746456,0.6651601521,0.1866652023,0.0007152916956,1,3.198059361e-05,False
2025-04-30,73,logistic,"{'C': 0.01, 'class_weight': None}",0,0.1722897605,0.6324358513,0.1952743882,0.0005398341346,1,3.198059361e-05,False
2025-05-01,73,logistic,"{'C': 0.01, 'class_weight': None}",0,0.1740479323,0.6164365719,0.2095154958,0.0006395140169,1,3.198059361e-05,False
2025-05-02,73,logistic,"{'C': 0.01, 'class_weight': None}",0,0.1211995239,0.7180406644,0.1607598117,0.000777095283,1,3.212899543e-05,False
2025-05-05,73,logistic,"{'C': 0.01, 'class_weight': None}",0,0.1591590209,0.6600214728,0.1808195063,0.0005546764807,1,3.212899543e-05,False
2025-05-06,73,logistic,"{'C': 0.01, 'class_weight': None}",0,0.1653377151,0.6518599702,0.1828023147,0.0005078788689,1,3.212899543e-05,False
2025-05-07,73,logistic,"{'C': 0.01, 'class_weight': None}",0,0.1867529054,0.6149173877,0.1983297069,0.0004171860937,0,3.220319635e-05,False
2025-05-08,73,logistic,"{'C': 0.01, 'class_weight': None}",0,0.2015451371,0.6075711292,0.1908837337,0.0002044130052,0,3.220319635e-05,False
2025-05-09,73,logistic,"{'C': 0.01, 'class_weight': None}",0,0.1616966065,0.6614082876,0.1768951059,0.0004963060204,1,3.220319635e-05,False
2025-05-12,73,logistic,"{'C': 0.01, 'class_weight': None}",0,0.125381814,0.7112756577,0.1633425283,0.000755667933,1,3.279680365e-05,False
2025-05-13,73,logistic,"{'C': 0.01, 'class_weight': None}",0,0.1364508599,0.7117039703,0.1518451697,0.0005474937856,1,3.272260274e-05,False
2025-05-14,73,logistic,"{'C': 0.01, 'class_weight': None}",0,0.1218590883,0.7313185634,0.1468223483,0.0006552018819,1,3.272260274e-05,False
2025-05-15,73,logistic,"{'C': 0.01, 'class_weight': None}",0,0.1401488092,0.6928878429,0.166963348,0.0006345849987,1,3.25e-05,False
2025-05-16,73,logistic,"{'C': 0.01, 'class_weight': None}",0,0.1225289357,0.7208667073,0.1566043569,0.0007291698785,1,3.242579909e-05,False
2025-05-19,73,logistic,"{'C': 0.01, 'class_weight': None}",0,0.1736669858,0.6370680094,0.1892650048,0.0004761029555,1,3.257420091e-05,False
2025-05-20,73,logistic,"{'C': 0.01, 'class_weight': None}",0,0.1603308827,0.6353470085,0.2043221088,0.0007368685957,1,3.25e-05,False
2025-05-21,73,logistic,"{'C': 0.01, 'class_weight': None}",0,0.2824368679,0.4800717821,0.23749135,-0.0002376678235,0,3.235159817e-05,False
2025-05-22,73,logistic,"{'C': 0.01, 'class_weight': None}",0,0.2525278425,0.5206482275,0.22682393,-1.997035262e-05,0,3.242579909e-05,False
2025-05-23,73,logistic,"{'C': 0.01, 'class_weight': None}",0,0.3163023382,0.452853333,0.2308443288,-0.0006388704845,-1,3.235159817e-05,False
2025-05-27,74,logistic,"{'C': 0.01, 'class_weight': None}",0,0.2329766995,0.5119433315,0.255079969,0.0004351812911,1,3.227739726e-05,False
2025-05-28,74,logistic,"{'C': 0.01, 'class_weight': None}",0,0.2451970039,0.4925124701,0.262290526,0.0003693970861,0,3.227739726e-05,False
2025-05-29,74,logistic,"{'C': 0.01, 'class_weight': None}",0,0.2229367325,0.4990753234,0.2779879441,0.0007260875393,1,3.235159817e-05,False
2025-05-30,74,logistic,"{'C': 0.01, 'class_weight': None}",0,0.2353407531,0.4947226717,0.2699365751,0.0005330449398,1,3.235159817e-05,False
2025-06-02,74,logistic,"{'C': 0.01, 'class_weight': None}",0,0.270710721,0.4539781125,0.2753111665,0.0002153451422,0,3.294520548e-05,False
2025-06-03,74,logistic,"{'C': 0.01, 'class_weight': None}",0,0.2434976715,0.5116292697,0.2448730588,0.0002436951631,0,3.287100457e-05,False
2025-06-04,74,logistic,"{'C': 0.01, 'class_weight': None}",0,0.2511393678,0.4810960247,0.2677646075,0.0003535740253,0,3.294520548e-05,False
2025-06-05,74,logistic,"{'C': 0.01, 'class_weight': None}",0,0.2773395883,0.4341576414,0.2885027702,0.0002558993383,0,3.294520548e-05,False
2025-06-06,74,logistic,"{'C': 0.01, 'class_weight': None}",0,0.2413274597,0.5310938583,0.227578682,0.0001238217831,0,3.287100457e-05,False
2025-06-09,74,logistic,"{'C': 0.01, 'class_weight': None}",0,0.2599112191,0.4900581671,0.2500306139,0.0001181462387,0,3.294520548e-05,False
2025-06-10,74,logistic,"{'C': 0.01, 'class_weight': None}",0,0.2286456345,0.5179195081,0.2534348574,0.0004659754722,1,3.301940639e-05,False
2025-06-11,74,logistic,"{'C': 0.01, 'class_weight': None}",0,0.2645634865,0.4753436226,0.2600928909,0.0001532141996,0,3.301940639e-05,False
2025-06-12,74,logistic,"{'C': 0.01, 'class_weight': None}",0,0.2255636761,0.5197183161,0.2547180079,0.0005080467434,1,3.309360731e-05,False
2025-06-13,74,logistic,"{'C': 0.01, 'class_weight': None}",0,0.3308797533,0.4127425125,0.2563777342,-0.0005557556021,-1,3.301940639e-05,False
2025-06-16,74,logistic,"{'C': 0.01, 'class_weight': None}",0,0.2871204951,0.4487464499,0.2641330551,-4.436499284e-05,0,3.287100457e-05,False
2025-06-17,74,logistic,"{'C': 0.01, 'class_weight': None}",0,0.3417287447,0.3914559733,0.266815282,-0.0005810003898,-1,3.279680365e-05,False
2025-06-18,74,logistic,"{'C': 0.01, 'class_weight': None}",0,0.3151007339,0.4106491396,0.2742501265,-0.0002475039447,0,3.279680365e-05,False
2025-06-20,74,logistic,"{'C': 0.01, 'class_weight': None}",0,0.2918136015,0.4391055005,0.2690808981,-5.173063633e-05,0,3.257420091e-05,False
2025-06-23,74,logistic,"{'C': 0.01, 'class_weight': None}",0,0.250957394,0.4492930345,0.2997495715,0.0006181967204,1,3.25e-05,False
2025-06-24,74,logistic,"{'C': 0.01, 'class_weight': None}",0,0.2238011739,0.4775956186,0.2986032075,0.0008866011718,1,3.25e-05,False
2025-06-25,74,logistic,"{'C': 0.01, 'class_weight': None}",0,0.2081704986,0.5076870431,0.2841424583,0.000927713856,1,3.25e-05,False
2025-06-26,75,logistic,"{'C': 0.01, 'class_weight': None}",0,0.2112676276,0.4915549473,0.2971774251,0.001001544182,1,3.257420091e-05,False
2025-06-27,75,logistic,"{'C': 0.01, 'class_weight': None}",0,0.2094394002,0.5064818661,0.2840787337,0.0009126905559,1,3.257420091e-05,False
2025-06-30,75,logistic,"{'C': 0.01, 'class_weight': None}",0,0.2015881667,0.5297069938,0.2687048396,0.0008665541538,1,3.272260274e-05,False
2025-07-01,75,logistic,"{'C': 0.01, 'class_weight': None}",0,0.2466167553,0.475811621,0.2775716237,0.0004803760867,1,3.264840183e-05,False
2025-07-02,75,logistic,"{'C': 0.01, 'class_weight': None}",0,0.1971263205,0.5767909974,0.2260826821,0.0005622746944,1,1.761986301e-05,False
2025-07-03,75,logistic,"{'C': 0.01, 'class_weight': None}",0,0.1684284127,0.6448126809,0.1867589064,0.0005320793436,1,3.279680365e-05,False
2025-07-07,75,logistic,"{'C': 0.01, 'class_weight': None}",0,0.2337841236,0.5331690213,0.2330468551,0.0002458002569,0,3.279680365e-05,False
2025-07-08,75,logistic,"{'C': 0.01, 'class_weight': None}",0,0.2174610914,0.5675382455,0.2150006631,0.000264081017,0,3.279680365e-05,False
2025-07-09,75,logistic,"{'C': 0.01, 'class_weight': None}",0,0.2009413024,0.5743047675,0.2247539301,0.0005124881273,1,3.279680365e-05,False
2025-07-10,75,logistic,"{'C': 0.01, 'class_weight': None}",0,0.1984080005,0.5745626476,0.2270293519,0.0005569799363,1,3.279680365e-05,False
2025-07-11,75,logistic,"{'C': 0.01, 'class_weight': None}",0,0.223799037,0.5387927141,0.237408249,0.0003833592112,0,3.272260274e-05,False
2025-07-14,75,logistic,"{'C': 0.01, 'class_weight': None}",0,0.2124228545,0.547606817,0.2399703284,0.0005203313477,1,3.279680365e-05,False
2025-07-15,75,logistic,"{'C': 0.01, 'class_weight': None}",0,0.2853894236,0.4426915381,0.2719190383,3.881412164e-05,0,3.279680365e-05,False
2025-07-16,75,logistic,"{'C': 0.01, 'class_weight': None}",0,0.2397862944,0.4893071564,0.2709065493,0.0004952999498,1,3.272260274e-05,False
2025-07-17,75,logistic,"{'C': 0.01, 'class_weight': None}",0,0.2414621467,0.5200774475,0.2384604057,0.000211967965,0,3.272260274e-05,False
2025-07-18,75,logistic,"{'C': 0.01, 'class_weight': None}",0,0.2658014129,0.4622724087,0.2719261784,0.000238516797,0,3.264840183e-05,False
2025-07-21,75,logistic,"{'C': 0.01, 'class_weight': None}",0,0.2760517469,0.4536993904,0.2702488628,0.000120279813,0,3.272260274e-05,False
2025-07-22,75,logistic,"{'C': 0.01, 'class_weight': None}",0,0.2490954861,0.4467059168,0.3041985971,0.0006736120869,1,3.272260274e-05,False
2025-07-23,75,logistic,"{'C': 0.01, 'class_weight': None}",0,0.2077448649,0.5247626877,0.2674924474,0.0007938552884,1,3.272260274e-05,False
2025-07-24,75,logistic,"{'C': 0.01, 'class_weight': None}",0,0.2359742996,0.4980063079,0.2660193925,0.0004940486353,1,3.279680365e-05,False
2025-07-25,75,logistic,"{'C': 0.01, 'class_weight': None}",0,0.1956741869,0.5527872213,0.2515385918,0.0007859649931,1,3.279680365e-05,False
2025-07-28,76,logistic,"{'C': 0.01, 'class_weight': None}",0,0.2203392064,0.5311522825,0.2485085111,0.0005152075764,1,3.264840183e-05,False
2025-07-29,76,logistic,"{'C': 0.01, 'class_weight': None}",0,0.2206967299,0.5282564439,0.2510468262,0.0005322732876,1,3.264840183e-05,False
2025-07-30,76,logistic,"{'C': 0.01, 'class_weight': None}",0,0.2563980688,0.4577787651,0.2858231661,0.0004524449014,1,3.272260274e-05,False
2025-07-31,76,logistic,"{'C': 0.01, 'class_weight': None}",0,0.2818065953,0.3802199732,0.3379734315,0.000619144322,1,3.272260274e-05,False
2025-08-01,76,logistic,"{'C': 0.01, 'class_weight': None}",0,0.2788300636,0.3053072494,0.415862687,0.00128482473,1,3.227739726e-05,False
2025-08-04,76,logistic,"{'C': 0.01, 'class_weight': None}",0,0.2117055118,0.4708111622,0.317483326,0.00116577088,1,3.227739726e-05,False
2025-08-05,76,logistic,"{'C': 0.01, 'class_weight': None}",0,0.2679964029,0.383629671,0.348373926,0.0008446012387,1,3.220319635e-05,False
2025-08-06,76,logistic,"{'C': 0.01, 'class_weight': None}",0,0.2332385344,0.4321154636,0.334646002,0.001086523358,1,3.205479452e-05,False
2025-08-07,76,logistic,"{'C': 0.01, 'class_weight': None}",0,0.2262060448,0.4385452635,0.3352486917,0.001163044861,1,3.205479452e-05,False
2025-08-08,76,logistic,"{'C': 0.01, 'class_weight': None}",0,0.1801561501,0.5803671684,0.2394766815,0.0008506770869,1,3.205479452e-05,False
2025-08-11,76,logistic,"{'C': 0.01, 'class_weight': None}",0,0.2348144657,0.4926614975,0.2725240368,0.0005637239021,1,3.220319635e-05,False
2025-08-12,76,logistic,"{'C': 0.01, 'class_weight': None}",0,0.18420353,0.5774060712,0.2383903988,0.0008006052478,1,3.212899543e-05,False
2025-08-13,76,logistic,"{'C': 0.01, 'class_weight': None}",0,0.1609970219,0.6042676417,0.2347353365,0.001007079181,1,3.183219178e-05,False
2025-08-14,76,logistic,"{'C': 0.01, 'class_weight': None}",0,0.191375286,0.5739638902,0.2346608238,0.0006971584985,1,3.190639269e-05,False
2025-08-15,76,logistic,"{'C': 0.01, 'class_weight': None}",0,0.2015332701,0.5670078419,0.231458888,0.0005676099995,1,3.190639269e-05,False
2025-08-18,76,logistic,"{'C': 0.01, 'class_weight': None}",0,0.2058027443,0.5554163227,0.238780933,0.0005838668164,1,3.212899543e-05,False
2025-08-19,76,logistic,"{'C': 0.01, 'class_weight': None}",0,0.2502367929,0.4726348632,0.2771283439,0.0004442522123,1,3.190639269e-05,False
2025-08-20,76,logistic,"{'C': 0.01, 'class_weight': None}",0,0.2453101029,0.4707339057,0.2839559914,0.0005501117926,1,3.190639269e-05,False
2025-08-21,76,logistic,"{'C': 0.01, 'class_weight': None}",0,0.2880033502,0.4264470088,0.2855496411,0.0001284072506,0,3.205479452e-05,False
2025-08-22,76,logistic,"{'C': 0.01, 'class_weight': None}",0,0.2089507521,0.5511677805,0.2398814674,0.00056079115,1,3.168378995e-05,False
2025-08-25,76,logistic,"{'C': 0.01, 'class_weight': None}",0,0.2300047788,0.5134378172,0.2565574039,0.0004824502604,1,3.183219178e-05,False
2025-08-26,77,logistic,"{'C': 0.01, 'class_weight': None}",0,0.2372093682,0.5129125488,0.249878083,0.0003494089114,0,3.175799087e-05,False
2025-08-27,77,logistic,"{'C': 0.01, 'class_weight': None}",0,0.2089813731,0.5601018686,0.2309167583,0.0004804607254,1,3.160958904e-05,False
2025-08-28,77,logistic,"{'C': 0.01, 'class_weight': None}",0,0.2259566654,0.5158825316,0.258160803,0.0005309382789,1,3.160958904e-05,False
2025-08-29,77,logistic,"{'C': 0.01, 'class_weight': None}",0,0.2408181258,0.5057695057,0.2534123685,0.0003417156456,0,3.13869863e-05,False
2025-09-02,77,logistic,"{'C': 0.01, 'class_weight': None}",0,0.2973037902,0.3548236639,0.3478725459,0.0005407349016,1,3.116438356e-05,False
2025-09-03,77,logistic,"{'C': 0.01, 'class_weight': None}",0,0.2753187375,0.4156923412,0.3089889213,0.000445985198,1,3.101598174e-05,False
2025-09-04,77,logistic,"{'C': 0.01, 'class_weight': None}",0,0.2346799262,0.4948495883,0.2704704855,0.0005430810284,1,3.086757991e-05,False
2025-09-05,77,logistic,"{'C': 0.01, 'class_weight': None}",0,0.2075620355,0.5089218087,0.2835161558,0.0009241140121,1,3.019977169e-05,False
2025-09-08,77,logistic,"{'C': 0.01, 'class_weight': None}",0,0.2129418712,0.4952481376,0.2918099912,0.0009373333983,1,3.042237443e-05,False
2025-09-09,77,logistic,"{'C': 0.01, 'class_weight': None}",0,0.2216019679,0.4719684528,0.3064295793,0.0009689676477,1,3.042237443e-05,False
2025-09-10,77,logistic,"{'C': 0.01, 'class_weight': None}",0,0.2241938259,0.4845095109,0.2912966632,0.0008192204389,1,3.034817352e-05,False
2025-09-11,77,logistic,"{'C': 0.01, 'class_weight': None}",0,0.2012267389,0.5366512285,0.2621220326,0.0008136522412,1,3.02739726e-05,False
2025-09-12,77,logistic,"{'C': 0.01, 'class_weight': None}",0,0.1835084869,0.6097896452,0.2067018679,0.0005407414234,1,3.02739726e-05,False
2025-09-15,77,logistic,"{'C': 0.01, 'class_weight': None}",0,0.1871771719,0.5856034236,0.2272194046,0.0006710478948,1,3.012557078e-05,False
2025-09-16,77,logistic,"{'C': 0.01, 'class_weight': None}",0,0.2212889563,0.5430044405,0.2357066032,0.0003949408894,0,2.997716895e-05,False
2025-09-17,77,logistic,"{'C': 0.01, 'class_weight': None}",0,0.2231947549,0.5162491897,0.2605560554,0.0005784505266,1,2.982876712e-05,False
2025-09-18,77,logistic,"{'C': 0.01, 'class_weight': None}",0,0.2361085581,0.5226005044,0.2412909374,0.0002904715474,0,2.990296804e-05,False
2025-09-19,77,logistic,"{'C': 0.01, 'class_weight': None}",0,0.1845854936,0.6129391189,0.2024753875,0.0004953431301,1,2.990296804e-05,False
2025-09-22,77,logistic,"{'C': 0.01, 'class_weight': None}",0,0.2094440623,0.5827601353,0.2077958024,0.0002870775708,0,2.96803653e-05,False
2025-09-23,77,logistic,"{'C': 0.01, 'class_weight': None}",0,0.2545315351,0.4986048716,0.2468635933,0.0001494235338,0,2.96803653e-05,False
2025-09-24,77,logistic,"{'C': 0.01, 'class_weight': None}",0,0.2431975069,0.5223382973,0.2344641958,0.0001629820184,0,2.982876712e-05,False
2025-09-25,78,logistic,"{'C': 0.01, 'class_weight': None}",0,0.2906681317,0.4643709116,0.2449609567,-0.0002281450702,0,2.997716895e-05,False
2025-09-26,78,logistic,"{'C': 0.01, 'class_weight': None}",0,0.2311659436,0.5771190301,0.1917150263,-6.117671928e-05,0,2.982876712e-05,False
2025-09-29,78,logistic,"{'C': 0.01, 'class_weight': None}",0,0.2518948924,0.5191029425,0.2290021651,3.32985748e-05,0,2.997716895e-05,False
2025-09-30,78,logistic,"{'C': 0.01, 'class_weight': None}",0,0.2715750764,0.4825738221,0.2458511016,-2.813327185e-05,0,2.982876712e-05,False
2025-10-01,78,logistic,"{'C': 0.01, 'class_weight': None}",0,0.2565406786,0.4639918737,0.2794674477,0.0003974997412,0,2.975456621e-05,False
2025-10-02,78,logistic,"{'C': 0.01, 'class_weight': None}",0,0.2356290729,0.5181361791,0.2462347481,0.0003378971159,0,2.982876712e-05,False
2025-10-03,78,logistic,"{'C': 0.01, 'class_weight': None}",0,0.2467294719,0.5191773708,0.2340931573,0.0001269204772,0,2.990296804e-05,False
2025-10-06,78,logistic,"{'C': 0.01, 'class_weight': None}",0,0.247063686,0.5315200658,0.2214162481,2.027666312e-05,0,2.982876712e-05,False
2025-10-07,78,logistic,"{'C': 0.01, 'class_weight': None}",0,0.2792328016,0.477314793,0.2434524053,-0.0001249848891,0,2.975456621e-05,False
2025-10-08,78,logistic,"{'C': 0.01, 'class_weight': None}",0,0.2623831323,0.5168278238,0.2207890439,-0.0001394953952,0,2.975456621e-05,False
2025-10-09,78,logistic,"{'C': 0.01, 'class_weight': None}",0,0.2887454154,0.479120903,0.2321336815,-0.000313228199,0,2.990296804e-05,False
2025-10-10,78,logistic,"{'C': 0.01, 'class_weight': None}",0,0.3562071935,0.3254808747,0.3183119317,-0.0002922794245,0,2.982876712e-05,False
2025-10-13,78,logistic,"{'C': 0.01, 'class_weight': None}",0,0.3218590063,0.3734485592,0.3046924345,-5.645385311e-05,0,2.982876712e-05,False
2025-10-14,78,logistic,"{'C': 0.01, 'class_weight': None}",0,0.3719464527,0.3435138054,0.2845397418,-0.0007262981521,-1,2.982876712e-05,False
2025-10-15,78,logistic,"{'C': 0.01, 'class_weight': None}",0,0.3194396526,0.4074043056,0.2731560418,-0.000288932704,0,2.990296804e-05,False
2025-10-16,78,logistic,"{'C': 0.01, 'class_weight': None}",0,0.365282048,0.3098435854,0.3248743665,-0.0003304382763,0,2.982876712e-05,False
2025-10-17,78,logistic,"{'C': 0.01, 'class_weight': None}",0,0.3045572385,0.4591935343,0.2362492272,-0.0004393354486,-1,2.96803653e-05,False
2025-10-20,78,logistic,"{'C': 0.01, 'class_weight': None}",0,0.267327131,0.4739488218,0.2587240472,0.0001196199138,0,2.945776256e-05,False
2025-10-21,78,logistic,"{'C': 0.01, 'class_weight': None}",0,0.2472706257,0.5037347775,0.2489945968,0.0002428483604,0,2.938356164e-05,False
2025-10-22,78,logistic,"{'C': 0.01, 'class_weight': None}",0,0.252819668,0.4790435843,0.2681367478,0.000342763424,0,2.938356164e-05,False
2025-10-23,78,logistic,"{'C': 0.01, 'class_weight': None}",0,0.2521880061,0.5303200954,0.2174918985,-6.342649954e-05,0,2.930936073e-05,False
2025-10-24,79,logistic,"{'C': 0.01, 'class_weight': None}",0,0.1950499868,0.60997559,0.1949744231,0.0003274867971,0,2.91609589e-05,False
2025-10-27,79,logistic,"{'C': 0.01, 'class_weight': None}",0,0.1904866569,0.6210208797,0.1884924634,0.0003210035682,0,2.886415525e-05,False
2025-10-28,79,logistic,"{'C': 0.01, 'class_weight': None}",0,0.1944250036,0.6146984543,0.1908765421,0.0003005616642,0,2.886415525e-05,False
2025-10-29,79,logistic,"{'C': 0.01, 'class_weight': None}",0,0.1968944095,0.6118657267,0.1912398638,0.0002785664442,0,2.91609589e-05,False
2025-10-30,79,logistic,"{'C': 0.01, 'class_weight': None}",0,0.2402738166,0.5210770166,0.2386491668,0.0002249498789,0,2.908675799e-05,False
2025-10-31,79,logistic,"{'C': 0.01, 'class_weight': None}",0,0.1928482742,0.6072237618,0.199927964,0.0003899030461,0,2.886415525e-05,False
2025-11-03,79,logistic,"{'C': 0.01, 'class_weight': None}",0,0.2473048084,0.4826131412,0.2700820504,0.0004088845274,0,2.953196347e-05,False
2025-11-04,79,logistic,"{'C': 0.01, 'class_weight': None}",0,0.2835395859,0.4660084951,0.250451919,-0.0001163221562,0,2.938356164e-05,False
2025-11-05,79,logistic,"{'C': 0.01, 'class_weight': None}",0,0.29311759,0.4496439891,0.2572384209,-0.0001580192553,0,2.938356164e-05,False
2025-11-06,79,logistic,"{'C': 0.01, 'class_weight': None}",0,0.3064364834,0.3741617735,0.3194017431,0.0002116580852,0,2.91609589e-05,False
2025-11-07,79,logistic,"{'C': 0.01, 'class_weight': None}",0,0.2764172243,0.4274981406,0.296084635,0.0003257419621,0,2.908675799e-05,False
2025-11-10,79,logistic,"{'C': 0.01, 'class_weight': None}",0,0.28174328,0.4511855673,0.2670711527,3.661925578e-05,0,2.930936073e-05,False
2025-11-11,79,logistic,"{'C': 0.01, 'class_weight': None}",0,0.267112936,0.4933783567,0.2395087073,-3.91655643e-05,0,2.930936073e-05,False
2025-11-12,79,logistic,"{'C': 0.01, 'class_weight': None}",0,0.2507982528,0.4762219125,0.2729798347,0.0003971029807,0,2.930936073e-05,False
2025-11-13,79,logistic,"{'C': 0.01, 'class_weight': None}",0,0.3498971827,0.3161988199,0.3339039974,-0.0001096872805,0,2.938356164e-05,False
2025-11-14,79,logistic,"{'C': 0.01, 'class_weight': None}",0,0.3506784303,0.3950525075,0.2542690622,-0.000763493897,-1,2.930936073e-05,False
2025-11-17,79,logistic,"{'C': 0.01, 'class_weight': None}",0,0.395430264,0.2783862221,0.3261835139,-0.0006322123399,-1,2.945776256e-05,False
2025-11-18,79,logistic,"{'C': 0.01, 'class_weight': None}",0,0.3976156077,0.2425643275,0.3598200648,-0.000381460617,0,2.923515982e-05,False
2025-11-19,79,logistic,"{'C': 0.01, 'class_weight': None}",0,0.4150417472,0.2765067398,0.308451513,-0.0009741206392,-1,2.930936073e-05,False
2025-11-20,79,logistic,"{'C': 0.01, 'class_weight': None}",0,0.3891980296,0.2011821747,0.4096197957,0.0001074842524,0,2.923515982e-05,False
2025-11-21,79,logistic,"{'C': 0.01, 'class_weight': None}",0,0.3609127423,0.3161549008,0.3229323569,-0.0003099398938,0,2.893835616e-05,False
2025-11-24,80,logistic,"{'C': 0.01, 'class_weight': None}",0,0.3299650898,0.3541774495,0.3158574607,-6.943230028e-05,0,2.901255708e-05,False
2025-11-25,80,logistic,"{'C': 0.01, 'class_weight': None}",0,0.245106658,0.4672099001,0.2876834419,0.0005609154536,1,2.893835616e-05,False
2025-11-26,80,logistic,"{'C': 0.01, 'class_weight': None}",0,0.2268303601,0.5097295086,0.2634401313,0.0005493639929,1,1.566210046e-05,False
2025-11-28,80,logistic,"{'C': 0.01, 'class_weight': None}",0,0.1737158174,0.636216753,0.1900674297,0.00049215208,1,2.878995434e-05,False
2025-12-01,80,logistic,"{'C': 0.01, 'class_weight': None}",0,0.2621205236,0.4701654234,0.267714053,0.0002268961585,0,2.827054795e-05,False
2025-12-02,80,logistic,"{'C': 0.01, 'class_weight': None}",0,0.2190368849,0.5625728597,0.2183902553,0.0002630968012,0,2.797374429e-05,False
2025-12-03,80,logistic,"{'C': 0.01, 'class_weight': None}",0,0.2080171382,0.5939335044,0.1980493574,0.0002097440649,0,2.760273973e-05,False
2025-12-04,80,logistic,"{'C': 0.01, 'class_weight': None}",0,0.1973872387,0.6149002708,0.1877124905,0.0002335294288,0,2.752853881e-05,False
2025-12-05,80,logistic,"{'C': 0.01, 'class_weight': None}",0,0.1924914293,0.6499556576,0.1575529131,3.862660332e-05,0,2.752853881e-05,False
2025-12-08,80,logistic,"{'C': 0.01, 'class_weight': None}",0,0.2578386271,0.5077405566,0.2344208163,3.826036909e-07,0,2.767694064e-05,False
2025-12-09,80,logistic,"{'C': 0.01, 'class_weight': None}",0,0.2801561809,0.4878253638,0.2320184554,-0.0002449243499,0,2.767694064e-05,False
2025-12-10,80,logistic,"{'C': 0.01, 'class_weight': None}",0,0.2442366906,0.5402643156,0.2154989937,-1.533878621e-05,0,2.738013699e-05,False
2025-12-11,80,logistic,"{'C': 0.01, 'class_weight': None}",0,0.206186433,0.5740783314,0.2197352356,0.0004040341745,0,2.715753425e-05,False
2025-12-12,80,logistic,"{'C': 0.01, 'class_weight': None}",0,0.2157062722,0.5479638128,0.236329915,0.0004422015315,1,2.693493151e-05,False
2025-12-15,80,logistic,"{'C': 0.01, 'class_weight': None}",0,0.2768277998,0.4191864885,0.3039857117,0.0003720534588,0,2.708333333e-05,False
2025-12-16,80,logistic,"{'C': 0.01, 'class_weight': None}",0,0.2861231651,0.3478215746,0.3660552603,0.000781067802,1,2.700913242e-05,False
2025-12-17,80,logistic,"{'C': 0.01, 'class_weight': None}",0,0.3126675916,0.2968020275,0.390530381,0.0007108312672,1,2.700913242e-05,False
2025-12-18,80,logistic,"{'C': 0.01, 'class_weight': None}",0,0.3058271561,0.3354043288,0.3587685151,0.0005226198903,1,2.686073059e-05,False
2025-12-19,80,logistic,"{'C': 0.01, 'class_weight': None}",0,0.2338241524,0.4936637931,0.2725120545,0.0005521207005,1,2.686073059e-05,False
2025-12-22,80,logistic,"{'C': 0.01, 'class_weight': None}",0,0.2334572322,0.514834512,0.2517082558,0.0003872180839,0,2.700913242e-05,False
2025-12-23,80,logistic,"{'C': 0.01, 'class_weight': None}",0,0.2274377417,0.5599789207,0.2125833376,0.0001310215912,0,1.458333333e-05,False
2025-12-24,81,logistic,"{'C': 0.01, 'class_weight': None}",0,0.2308552089,0.5488557831,0.220289008,0.000164677553,0,2.738013699e-05,False
2025-12-26,81,logistic,"{'C': 0.01, 'class_weight': None}",0,0.2008104154,0.6173122726,0.181877312,0.0001585878988,0,2.700913242e-05,False
2025-12-29,81,logistic,"{'C': 0.01, 'class_weight': None}",0,0.2286163334,0.5168594945,0.2545241721,0.0004636268035,1,2.730593607e-05,False
2025-12-30,81,logistic,"{'C': 0.01, 'class_weight': None}",0,0.2500739205,0.4835147338,0.2664113457,0.0003425092914,0,2.708333333e-05,False
2025-12-31,81,logistic,"{'C': 0.01, 'class_weight': None}",0,0.2643806485,0.4256857639,0.3099335876,0.000549043858,1,2.723173516e-05,False
2026-01-02,81,logistic,"{'C': 0.01, 'class_weight': None}",0,0.2532463845,0.4282424287,0.3185111868,0.0007309003296,1,2.708333333e-05,False
2026-01-05,81,logistic,"{'C': 0.01, 'class_weight': None}",0,0.2691767814,0.4638740435,0.2669491751,0.0001536139655,0,2.700913242e-05,False
2026-01-06,81,logistic,"{'C': 0.01, 'class_weight': None}",0,0.2457626903,0.5063883504,0.2478489593,0.0002363082858,0,2.693493151e-05,False
2026-01-07,81,logistic,"{'C': 0.01, 'class_weight': None}",0,0.253362212,0.4583080346,0.2883297534,0.0004861433311,1,2.686073059e-05,False
2026-01-08,81,logistic,"{'C': 0.01, 'class_weight': None}",0,0.2678545573,0.469542202,0.2626032407,0.0001319142521,0,2.686073059e-05,False
2026-01-09,81,logistic,"{'C': 0.01, 'class_weight': None}",0,0.2142139132,0.5891440661,0.1966420207,0.0001421656732,0,2.686073059e-05,False
2026-01-12,81,logistic,"{'C': 0.01, 'class_weight': None}",0,0.2584838436,0.5119518812,0.2295642753,-3.994343016e-05,0,2.723173516e-05,False
2026-01-13,81,logistic,"{'C': 0.01, 'class_weight': None}",0,0.2480823482,0.5018688984,0.2500487534,0.0002305975473,0,2.723173516e-05,False
2026-01-14,81,logistic,"{'C': 0.01, 'class_weight': None}",0,0.2585053011,0.4597467164,0.2817479825,0.000380998637,0,2.723173516e-05,False
2026-01-15,81,logistic,"{'C': 0.01, 'class_weight': None}",0,0.2714146955,0.426438017,0.3021472875,0.0004150496849,0,2.730593607e-05,False
2026-01-16,81,logistic,"{'C': 0.01, 'class_weight': None}",0,0.2670822053,0.4803252106,0.2525925841,5.893399929e-05,0,2.723173516e-05,False
2026-01-20,81,logistic,"{'C': 0.01, 'class_weight': None}",0,0.402083668,0.2536737739,0.3442425581,-0.0005670007643,-1,2.74543379e-05,False
2026-01-21,81,logistic,"{'C': 0.01, 'class_weight': None}",0,0.3370769824,0.3096675036,0.3532555141,0.0001633186337,0,2.74543379e-05,False
2026-01-22,81,logistic,"{'C': 0.01, 'class_weight': None}",0,0.2979386786,0.3814049484,0.320656373,0.0002961262535,0,2.752853881e-05,False
2026-01-23,81,logistic,"{'C': 0.01, 'class_weight': None}",0,0.2621889862,0.4997745673,0.2380364465,-9.046628321e-06,0,2.74543379e-05,False
2026-01-26,81,logistic,"{'C': 0.01, 'class_weight': None}",0,0.2764645829,0.4335162347,0.2900191824,0.0002660849703,0,2.723173516e-05,False
2026-01-27,82,logistic,"{'C': 0.01, 'class_weight': None}",0,0.271725893,0.448007552,0.2802665551,0.0002358853929,0,2.723173516e-05,False
2026-01-28,82,logistic,"{'C': 0.01, 'class_weight': None}",0,0.2852228561,0.4570676172,0.2577095266,-8.197457885e-05,0,2.730593607e-05,False
2026-01-29,82,logistic,"{'C': 0.01, 'class_weight': None}",0,0.2932724762,0.379302515,0.3274250088,0.0004000345573,0,2.723173516e-05,False
2026-01-30,82,logistic,"{'C': 0.01, 'class_weight': None}",0,0.2780584806,0.4447823686,0.2771591508,0.000147118534,0,2.723173516e-05,False
2026-02-02,82,logistic,"{'C': 0.01, 'class_weight': None}",0,0.3390768729,0.3433448901,0.317578237,-0.0001400449128,0,2.738013699e-05,False
2026-02-03,82,logistic,"{'C': 0.01, 'class_weight': None}",0,0.3410445446,0.3117478002,0.3472076552,7.942593776e-05,0,2.738013699e-05,False
2026-02-04,82,logistic,"{'C': 0.01, 'class_weight': None}",0,0.3449644971,0.2897920709,0.365243432,0.0001856483969,0,2.738013699e-05,False
2026-02-05,82,logistic,"{'C': 0.01, 'class_weight': None}",0,0.3877660194,0.2027447944,0.4094891862,0.0001125573513,0,2.723173516e-05,False
2026-02-06,82,logistic,"{'C': 0.01, 'class_weight': None}",0,0.3490091669,0.393368635,0.2576221981,-0.000724056824,-1,2.730593607e-05,False
2026-02-09,82,logistic,"{'C': 0.01, 'class_weight': None}",0,0.3084536294,0.3793991478,0.3121472228,0.0001240193963,0,2.738013699e-05,False
2026-02-10,82,logistic,"{'C': 0.01, 'class_weight': None}",0,0.2755122264,0.4082033245,0.3162844491,0.0004886560371,1,2.738013699e-05,False
2026-02-11,82,logistic,"{'C': 0.01, 'class_weight': None}",0,0.301963546,0.3694090983,0.3286273557,0.0003223539583,0,2.74543379e-05,False
2026-02-12,82,logistic,"{'C': 0.01, 'class_weight': None}",0,0.3263550397,0.2417344537,0.4319105066,0.000911101218,1,2.74543379e-05,False
2026-02-13,82,logistic,"{'C': 0.01, 'class_weight': None}",0,0.2938192193,0.3584561315,0.3477246492,0.000558455516,1,2.730593607e-05,False
2026-02-17,82,logistic,"{'C': 0.01, 'class_weight': None}",0,0.2674862077,0.3776318591,0.3548819331,0.0008810309929,1,2.738013699e-05,False
2026-02-18,82,logistic,"{'C': 0.01, 'class_weight': None}",0,0.2797497636,0.4128916896,0.3073585468,0.0003739710382,0,2.74543379e-05,False
2026-02-19,82,logistic,"{'C': 0.01, 'class_weight': None}",0,0.2611885792,0.4268464326,0.3119649882,0.0005978021783,1,2.738013699e-05,False
2026-02-20,82,logistic,"{'C': 0.01, 'class_weight': None}",0,0.234139405,0.5189607694,0.2468998256,0.0003443863442,0,2.738013699e-05,False
2026-02-23,82,logistic,"{'C': 0.01, 'class_weight': None}",0,0.3009033492,0.3748352131,0.3242614377,0.0002977597774,0,2.738013699e-05,False
2026-02-24,82,logistic,"{'C': 0.01, 'class_weight': None}",0,0.2478874776,0.4875586774,0.264553845,0.0003487035041,0,2.738013699e-05,False
2026-02-25,82,logistic,"{'C': 0.01, 'class_weight': None}",0,0.2137340117,0.5580199657,0.2282460225,0.0003989359412,0,2.738013699e-05,False
2026-02-26,83,logistic,"{'C': 0.01, 'class_weight': None}",0,0.2308699647,0.4930192392,0.276110796,0.0006080902815,1,2.730593607e-05,False
2026-02-27,83,logistic,"{'C': 0.01, 'class_weight': None}",0,0.2119169817,0.512518356,0.2755646622,0.0007943236019,1,2.723173516e-05,False
2026-03-02,83,logistic,"{'C': 0.01, 'class_weight': None}",0,0.3862435696,0.3010531198,0.3127033106,-0.0006592603154,-1,2.760273973e-05,False
2026-03-03,83,logistic,"{'C': 0.01, 'class_weight': None}",0,0.3676840457,0.3149226316,0.3173933227,-0.0004346980465,-1,2.752853881e-05,False
2026-03-04,83,logistic,"{'C': 0.01, 'class_weight': None}",0,0.3412548093,0.3746335457,0.284111645,-0.0004376322043,-1,2.752853881e-05,False
2026-03-05,83,logistic,"{'C': 0.01, 'class_weight': None}",0,0.3763882722,0.3315811512,0.2920305766,-0.000727079297,-1,2.74543379e-05,False
2026-03-06,83,logistic,"{'C': 0.01, 'class_weight': None}",0,0.360899836,0.347570108,0.291530056,-0.0005753267167,-1,2.738013699e-05,False
2026-03-09,83,logistic,"{'C': 0.01, 'class_weight': None}",0,0.4083544634,0.2986750721,0.2929704646,-0.001041029666,-1,2.752853881e-05,False
2026-03-10,83,logistic,"{'C': 0.01, 'class_weight': None}",0,0.3999112154,0.2929437885,0.3071449961,-0.0008416286047,-1,2.752853881e-05,False
2026-03-11,83,logistic,"{'C': 0.01, 'class_weight': None}",0,0.3773834422,0.3619024719,0.2607140859,-0.0009899987926,-1,2.752853881e-05,False
2026-03-12,83,logistic,"{'C': 0.01, 'class_weight': None}",0,0.4566746367,0.1997741672,0.3435511961,-0.001118585905,-1,2.760273973e-05,False
2026-03-13,83,logistic,"{'C': 0.01, 'class_weight': None}",0,0.4135367401,0.2542430921,0.3322201679,-0.0007761797907,-1,2.760273973e-05,False
2026-03-16,83,logistic,"{'C': 0.01, 'class_weight': None}",0,0.342484474,0.3259971905,0.3315183355,-6.714875008e-05,0,2.760273973e-05,False
2026-03-17,83,logistic,"{'C': 0.01, 'class_weight': None}",0,0.3458336686,0.3380131144,0.3161532169,-0.0002249249394,0,2.760273973e-05,False
2026-03-18,83,logistic,"{'C': 0.01, 'class_weight': None}",0,0.4012749178,0.2657437422,0.33298134,-0.0006466936796,-1,2.767694064e-05,False
2026-03-19,83,logistic,"{'C': 0.01, 'class_weight': None}",0,0.3909165959,0.2275570978,0.3815263063,-0.0001504566228,0,2.767694064e-05,False
2026-03-20,83,logistic,"{'C': 0.01, 'class_weight': None}",0,0.4079358353,0.209157428,0.3829067366,-0.0003105011378,0,2.775114155e-05,False
2026-03-23,83,logistic,"{'C': 0.01, 'class_weight': None}",0,0.3553683948,0.2813841481,0.3632474572,5.949642248e-05,0,2.775114155e-05,False
2026-03-24,83,logistic,"{'C': 0.01, 'class_weight': None}",0,0.4095412261,0.2913177474,0.2991410265,-0.001003134119,-1,2.775114155e-05,False
2026-03-25,83,logistic,"{'C': 0.01, 'class_weight': None}",0,0.3340817753,0.3434734592,0.3224447654,-5.590524472e-05,0,2.767694064e-05,False
2026-03-26,83,logistic,"{'C': 0.01, 'class_weight': None}",0,0.4153464479,0.2651638486,0.3194897035,-0.0008971933821,-1,2.767694064e-05,False
2026-03-27,84,logistic,"{'C': 0.01, 'class_weight': None}",0,0.3992949144,0.2619367202,0.3387683653,-0.0005886513338,-1,2.767694064e-05,False
2026-03-30,84,logistic,"{'C': 0.01, 'class_weight': None}",0,0.3361700472,0.271021939,0.3928080139,0.0004844746805,1,2.752853881e-05,False
2026-03-31,84,logistic,"{'C': 0.01, 'class_weight': None}",0,0.3770468007,0.2972547113,0.325698488,-0.0004706992755,-1,2.74543379e-05,False
2026-04-01,84,logistic,"{'C': 0.01, 'class_weight': None}",0,0.3282850094,0.375237649,0.2964773416,-0.0002168447623,0,2.74543379e-05,False
2026-04-02,84,logistic,"{'C': 0.01, 'class_weight': None}",0,0.2820146746,0.4980054138,0.2199799117,-0.0003711865394,0,2.74543379e-05,False
2026-04-06,84,logistic,"{'C': 0.01, 'class_weight': None}",0,0.2620858471,0.5186467432,0.2192674097,-0.0001764281851,0,2.760273973e-05,False
2026-04-07,84,logistic,"{'C': 0.01, 'class_weight': None}",0,0.2593156007,0.5213631024,0.2193212969,-0.0001481160693,0,2.752853881e-05,False
2026-04-08,84,logistic,"{'C': 0.01, 'class_weight': None}",0,0.161745963,0.6686063692,0.1696476678,0.0004311174814,1,2.738013699e-05,False
2026-04-09,84,logistic,"{'C': 0.01, 'class_weight': None}",0,0.1507578676,0.7034392385,0.1458028939,0.000348446803,0,2.730593607e-05,False
2026-04-10,84,logistic,"{'C': 0.01, 'class_weight': None}",0,0.120054179,0.76443939,0.115506431,0.0004118785521,0,2.738013699e-05,False
2026-04-13,84,logistic,"{'C': 0.01, 'class_weight': None}",0,0.1475079508,0.7071517603,0.1453402889,0.0003773999251,0,2.752853881e-05,False
2026-04-14,84,logistic,"{'C': 0.01, 'class_weight': None}",0,0.1202284665,0.7402961535,0.1394753799,0.0006043687415,1,2.752853881e-05,False
2026-04-15,84,logistic,"{'C': 0.01, 'class_weight': None}",0,0.1177099521,0.7629072544,0.1193827935,0.0004668811482,1,2.752853881e-05,False
2026-04-16,84,logistic,"{'C': 0.01, 'class_weight': None}",0,0.1127067813,0.772384017,0.1149092017,0.0004809713012,1,2.74543379e-05,False
2026-04-17,84,logistic,"{'C': 0.01, 'class_weight': None}",0,0.0918142407,0.8001531179,0.1080326414,0.0006354735311,1,2.74543379e-05,False
2026-04-20,84,logistic,"{'C': 0.01, 'class_weight': None}",0,0.1248428725,0.7415134466,0.1336436809,0.0005106766113,1,2.752853881e-05,False
2026-04-21,84,logistic,"{'C': 0.01, 'class_weight': None}",0,0.1696945473,0.6789987615,0.1513066911,0.0002025004411,0,2.738013699e-05,False
2026-04-22,84,logistic,"{'C': 0.01, 'class_weight': None}",0,0.1470977002,0.7004896152,0.1524126846,0.0004388426156,1,2.738013699e-05,False
2026-04-23,84,logistic,"{'C': 0.01, 'class_weight': None}",0,0.1769778083,0.656759254,0.1662629377,0.0002504182898,0,2.738013699e-05,False
2026-04-24,84,logistic,"{'C': 0.01, 'class_weight': None}",0,0.1242541487,0.7450695005,0.1306763508,0.0004925534114,1,2.738013699e-05,False
2026-04-27,84,logistic,"{'C': 0.01, 'class_weight': None}",0,0.1703152273,0.6738144195,0.1558703532,0.0002332387304,0,2.730593607e-05,False
2026-04-28,85,logistic,"{'C': 0.01, 'class_weight': None}",0,0.2152902354,0.5873079861,0.1974017786,0.0001412035884,0,2.730593607e-05,False
2026-04-29,85,logistic,"{'C': 0.01, 'class_weight': None}",0,0.2623222433,0.5358511478,0.2018266089,-0.0002958770774,0,2.730593607e-05,False
2026-04-30,85,logistic,"{'C': 0.01, 'class_weight': None}",0,0.2253666243,0.5523083952,0.2223249805,0.0002418935555,0,2.730593607e-05,False
2026-05-01,85,logistic,"{'C': 0.01, 'class_weight': None}",0,0.231233576,0.5513304579,0.2174359661,0.0001432682183,0,2.730593607e-05,False
2026-05-04,85,logistic,"{'C': 0.01, 'class_weight': None}",0,0.2825314291,0.5070275724,0.2104409985,-0.000429272978,-1,2.74543379e-05,False
2026-05-05,85,logistic,"{'C': 0.01, 'class_weight': None}",0,0.2488282311,0.5275080097,0.2236637592,1.681891883e-05,0,2.738013699e-05,False
2026-05-06,85,logistic,"{'C': 0.01, 'class_weight': None}",0,0.2231263368,0.536506198,0.2403674651,0.0004106659912,0,2.738013699e-05,False
2026-05-07,85,logistic,"{'C': 0.01, 'class_weight': None}",0,0.2576603603,0.516214811,0.2261248286,-5.204722135e-05,0,2.738013699e-05,False
2026-05-08,85,logistic,"{'C': 0.01, 'class_weight': None}",0,0.1807169198,0.6199658025,0.1993172777,0.0005043935511,1,2.738013699e-05,False
2026-05-11,85,logistic,"{'C': 0.01, 'class_weight': None}",0,0.2647089275,0.5125543811,0.2227366914,-0.000150389246,0,2.74543379e-05,False
2026-05-12,85,logistic,"{'C': 0.01, 'class_weight': None}",0,0.2627218017,0.5058641383,0.23141406,-6.007208316e-05,0,2.74543379e-05,False
2026-05-13,85,logistic,"{'C': 0.01, 'class_weight': None}",0,0.2588630403,0.5338918315,0.2072451283,-0.0002171717421,0,2.738013699e-05,False
2026-05-14,85,logistic,"{'C': 0.01, 'class_weight': None}",0,0.2375841602,0.5509870299,0.2114288099,3.071638055e-05,0,2.738013699e-05,False
2026-05-15,85,logistic,"{'C': 0.01, 'class_weight': None}",0,0.3057247692,0.5014454655,0.1928297653,-0.0008052504455,-1,2.738013699e-05,False
2026-05-18,85,logistic,"{'C': 0.01, 'class_weight': None}",0,0.3070399061,0.4627722088,0.2301878852,-0.0005156667338,-1,2.730593607e-05,False
2026-05-19,85,logistic,"{'C': 0.01, 'class_weight': None}",0,0.3876808583,0.351282654,0.2610364877,-0.001076534107,-1,2.723173516e-05,False
2026-05-20,85,logistic,"{'C': 0.01, 'class_weight': None}",0,0.324067144,0.3943115658,0.2816212902,-0.0002699933311,0,2.708333333e-05,False
2026-05-21,85,logistic,"{'C': 0.01, 'class_weight': None}",0,0.3545722651,0.3954680841,0.2499596508,-0.000833383331,-1,2.730593607e-05,False
2026-05-22,85,logistic,"{'C': 0.01, 'class_weight': None}",0,0.3098985965,0.4374034647,0.2526979388,-0.0003619566581,0,2.730593607e-05,False
2026-05-26,85,logistic,"{'C': 0.01, 'class_weight': None}",0,0.3004179837,0.3961711582,0.3034108581,0.0001444355396,0,2.730593607e-05,False
2026-05-27,85,logistic,"{'C': 0.01, 'class_weight': None}",0,0.267999926,0.435803931,0.296196143,0.000411947063,0,2.730593607e-05,False
2026-05-28,86,logistic,"{'C': 0.01, 'class_weight': None}",0,0.2306091649,0.482256196,0.2871346391,0.0007247308438,1,2.738013699e-05,False
2026-05-29,86,logistic,"{'C': 0.01, 'class_weight': None}",0,0.2164214067,0.5045416348,0.2790369585,0.0008020479839,1,2.738013699e-05,False
2026-06-01,86,logistic,"{'C': 0.01, 'class_weight': None}",0,0.2481427971,0.4310415545,0.3208156484,0.0008196378703,1,2.804794521e-05,False
2026-06-02,86,logistic,"{'C': 0.01, 'class_weight': None}",0,0.2248431198,0.5110838385,0.2640730417,0.0005970960839,1,2.797374429e-05,False
2026-06-03,86,logistic,"{'C': 0.01, 'class_weight': None}",0,0.2754725351,0.4075714117,0.3169560532,0.000514159869,1,2.804794521e-05,False
2026-06-04,86,logistic,"{'C': 0.01, 'class_weight': None}",0,0.2398537561,0.4582404858,0.3019057582,0.0007507383816,1,2.804794521e-05,False
2026-06-05,86,logistic,"{'C': 0.01, 'class_weight': None}",0,0.3215955392,0.313126229,0.3652782318,0.0004397815458,1,2.804794521e-05,False
2026-06-08,86,logistic,"{'C': 0.01, 'class_weight': None}",0,0.3366563302,0.2972908715,0.3660527983,0.0002947825858,0,2.819634703e-05,False
2026-06-09,86,logistic,"{'C': 0.01, 'class_weight': None}",0,0.3276937977,0.2759594858,0.3963467164,0.0006284968892,1,2.812214612e-05,False
2026-06-10,86,logistic,"{'C': 0.01, 'class_weight': None}",0,0.3818627607,0.2339989333,0.384138306,-1.365006642e-05,0,2.812214612e-05,False
2026-06-11,86,logistic,"{'C': 0.01, 'class_weight': None}",0,0.2980607715,0.2922224772,0.4097167512,0.001033615703,1,2.804794521e-05,False
2026-06-12,86,logistic,"{'C': 0.01, 'class_weight': None}",0,0.2700409856,0.4039768724,0.3259821419,0.0006413159354,1,2.804794521e-05,False
2026-06-15,86,logistic,"{'C': 0.01, 'class_weight': None}",0,0.2451551856,0.4402938226,0.3145509918,0.0007992375011,1,2.812214612e-05,False
2026-06-16,86,logistic,"{'C': 0.01, 'class_weight': None}",0,0.2452591194,0.4178171168,0.3369237638,0.000978185729,1,2.812214612e-05,False
2026-06-17,86,logistic,"{'C': 0.01, 'class_weight': None}",0,0.2799924367,0.3523039321,0.3677036312,0.0008770448902,1,2.841894977e-05,False
2026-06-18,86,logistic,"{'C': 0.01, 'class_weight': None}",0,0.2540360641,0.3894031008,0.3565608352,0.00104803628,1,2.841894977e-05,False
2026-06-22,86,logistic,"{'C': 0.01, 'class_weight': None}",0,0.2720060516,0.4408362095,0.2871577389,0.0003092366768,0,2.85673516e-05,False
2026-06-23,86,logistic,"{'C': 0.01, 'class_weight': None}",0,0.3076232387,0.362103002,0.3302737593,0.0002984665608,0,2.85673516e-05,False
2026-06-24,86,logistic,"{'C': 0.01, 'class_weight': None}",0,0.2366082842,0.3973586281,0.3660330876,0.00129923996,1,2.85673516e-05,False
2026-06-25,86,logistic,"{'C': 0.01, 'class_weight': None}",0,0.2672171102,0.3599365684,0.3728463214,0.001046699836,1,2.849315068e-05,False
2026-06-26,86,logistic,"{'C': 0.01, 'class_weight': None}",0,0.2418533528,0.4161123769,0.3420342703,0.001053498862,1,2.841894977e-05,False
2026-06-29,87,logistic,"{'C': 0.01, 'class_weight': None}",0,0.2596514082,0.4373313137,0.3030172782,0.0005427157482,1,2.871575342e-05,False
2026-06-30,87,logistic,"{'C': 0.01, 'class_weight': None}",0,0.2581191824,0.4710940579,0.2707867597,0.0002988529026,0,2.871575342e-05,False
2026-07-01,87,logistic,"{'C': 0.01, 'class_weight': None}",0,0.2555265023,0.4677376784,0.2767358193,0.0003727712819,0,2.85673516e-05,False
2026-07-02,87,logistic,"{'C': 0.01, 'class_weight': None}",0,0.2424760734,0.504535174,0.2529887526,0.000312939516,0,2.834474886e-05,False
2026-07-06,87,logistic,"{'C': 0.01, 'class_weight': None}",0,0.1990253679,0.5738777313,0.2270969008,0.000541460272,1,2.871575342e-05,False
2026-07-07,87,logistic,"{'C': 0.01, 'class_weight': None}",0,0.2423242649,0.5247053653,0.2329703698,0.0001534355036,0,2.864155251e-05,False
2026-07-08,87,logistic,"{'C': 0.01, 'class_weight': None}",0,0.246971475,0.5115655748,0.2414629503,0.0001750336739,0,2.871575342e-05,False
2026-07-09,87,logistic,"{'C': 0.01, 'class_weight': None}",0,0.220590957,0.5380821354,0.2413269076,0.000439135242,1,2.841894977e-05,False
2026-07-10,87,logistic,"{'C': 0.01, 'class_weight': None}",0,0.1814939288,0.613876157,0.2046299142,0.0005369719451,1,2.85673516e-05,False
2026-07-13,87,logistic,"{'C': 0.01, 'class_weight': None}",0,0.2869245214,0.4642001317,0.2488753469,-0.000166976895,0,2.886415525e-05,False
2026-07-14,87,logistic,"{'C': 0.01, 'class_weight': None}",0,0.2477231402,0.4921616061,0.2601152536,0.0003175186004,0,2.849315068e-05,False
2026-07-15,87,logistic,"{'C': 0.01, 'class_weight': None}",0,0.2173447684,0.5206705687,0.2619846629,0.0006379415455,1,2.841894977e-05,False
2026-07-16,87,logistic,"{'C': 0.01, 'class_weight': None}",0,0.2731703045,0.4591452623,0.2676844332,0.0001225927548,0,2.849315068e-05,False
2026-07-17,87,logistic,"{'C': 0.01, 'class_weight': None}",0,0.2898348013,0.4175026184,0.2926625803,0.0001559962631,0,2.85673516e-05,False
2026-07-20,87,logistic,"{'C': 0.01, 'class_weight': None}",0,0.3511091134,0.3543974692,0.2944934174,-0.0004452496663,-1,2.864155251e-05,False
2026-07-21,87,logistic,"{'C': 0.01, 'class_weight': None}",0,0.2794039118,0.4530954921,0.2675005961,5.844925184e-05,0,2.871575342e-05,False
2026-07-22,87,logistic,"{'C': 0.01, 'class_weight': None}",0,0.3098336466,0.4316946829,0.2584716705,-0.0003200819781,0,2.886415525e-05,False
2026-07-23,87,logistic,"{'C': 0.01, 'class_weight': None}",0,0.3475670867,0.3609801067,0.2914528067,-0.0004341016823,-1,2.930936073e-05,False
2026-07-24,87,logistic,"{'C': 0.01, 'class_weight': None}",0,0.3078745221,0.4229359598,0.2691895181,-0.0002141718911,0,2.938356164e-05,False
2026-07-27,87,logistic,"{'C': 0.01, 'class_weight': None}",0,0.3059854158,0.39247386,0.3015407242,6.505546602e-05,0,2.938356164e-05,False
2026-07-28,87,logistic,"{'C': 0.01, 'class_weight': None}",0,0.3004681489,0.3846692469,0.3148626042,0.0002276816803,0,2.893835616e-05,False
2026-07-29,88,logistic,"{'C': 0.01, 'class_weight': None}",0,0.3324766071,0.3587003455,0.3088230475,-0.000145602928,0,2.841894977e-05,False
2026-07-30,88,logistic,"{'C': 0.01, 'class_weight': None}",0,0.2838703107,0.4323406604,0.2837890289,0.0001403728178,0,2.834474886e-05,False
2026-07-31,88,logistic,"{'C': 0.01, 'class_weight': None}",0,0.2701761489,0.4879785846,0.2418452665,-5.974913707e-05,0,2.841894977e-05,False
2026-08-03,88,logistic,"{'C': 0.01, 'class_weight': None}",0,0.2570093886,0.4709004364,0.272090175,0.0003155892259,0,2.901255708e-05,False
2026-08-04,88,logistic,"{'C': 0.01, 'class_weight': None}",0,0.2428733719,0.5211995175,0.2359271105,0.0001664026806,0,2.886415525e-05,False
2026-08-05,88,logistic,"{'C': 0.01, 'class_weight': None}",0,0.2207172839,0.5611822474,0.2181004688,0.0002451468581,0,2.886415525e-05,False
2026-08-06,88,logistic,"{'C': 0.01, 'class_weight': None}",0,0.2215375264,0.5648567139,0.2136057597,0.0002007630028,0,2.893835616e-05,False
2026-08-07,88,logistic,"{'C': 0.01, 'class_weight': None}",0,0.1995151212,0.5843685217,0.2161163572,0.0004417772146,1,2.871575342e-05,False
2026-08-10,88,logistic,"{'C': 0.01, 'class_weight': None}",0,0.2231296911,0.5600637457,0.2168065632,0.0002105485533,0,2.886415525e-05,False
2026-08-11,88,logistic,"{'C': 0.01, 'class_weight': None}",0,0.2228022519,0.554117966,0.2230797821,0.0002642989939,0,2.886415525e-05,False
2026-08-12,88,logistic,"{'C': 0.01, 'class_weight': None}",0,0.2250450257,0.5504763629,0.2244786114,0.0002530642928,0,2.871575342e-05,False
2026-08-13,88,logistic,"{'C': 0.01, 'class_weight': None}",0,0.2199188654,0.5458755204,0.2342056142,0.0003827163449,0,2.871575342e-05,False
2026-08-14,88,logistic,"{'C': 0.01, 'class_weight': None}",0,0.2178535126,0.5721602976,0.2099861898,0.0002085833223,0,2.864155251e-05,False
2026-08-17,88,logistic,"{'C': 0.01, 'class_weight': None}",0,0.2494006483,0.5154939722,0.2351053795,9.434351764e-05,0,2.871575342e-05,False
2026-08-18,88,logistic,"{'C': 0.01, 'class_weight': None}",0,0.2628325028,0.4795134972,0.257654,0.0001410641954,0,2.864155251e-05,False
2026-08-19,88,logistic,"{'C': 0.01, 'class_weight': None}",0,0.2599603523,0.4745511913,0.2654884565,0.0002328901927,0,2.864155251e-05,False
2026-08-20,88,logistic,"{'C': 0.01, 'class_weight': None}",0,0.3005456004,0.4275728174,0.2718815823,-0.0001226227591,0,2.871575342e-05,False
