date,step,model,params,delta,p_short,p_flat,p_long,mu_hat,position,financing,calibration_skipped
2019-03-21,0,majority_baseline,{},0,0.2729545228,0.4601682731,0.2668772041,7.327375669e-05,0,1.84760274e-05,False
2019-03-22,0,majority_baseline,{},0,0.2729545228,0.4601682731,0.2668772041,7.327375669e-05,0,1.825342466e-05,False
2019-03-25,0,majority_baseline,{},0,0.2729545228,0.4601682731,0.2668772041,7.327375669e-05,0,1.825342466e-05,False
2019-03-26,0,majority_baseline,{},0,0.2729545228,0.4601682731,0.2668772041,7.327375669e-05,0,1.825342466e-05,False
2019-03-27,0,majority_baseline,{},0,0.2729545228,0.4601682731,0.2668772041,7.327375669e-05,0,1.810502283e-05,False
2019-03-28,0,majority_baseline,{},0,0.2729545228,0.4601682731,0.2668772041,7.327375669e-05,0,1.803082192e-05,False
2019-03-29,0,majority_baseline,{},0,0.2729545228,0.4601682731,0.2668772041,7.327375669e-05,0,1.780821918e-05,False
2019-04-01,0,majority_baseline,{},0,0.2729545228,0.4601682731,0.2668772041,7.327375669e-05,0,1.803082192e-05,False
2019-04-02,0,majority_baseline,{},0,0.2729545228,0.4601682731,0.2668772041,7.327375669e-05,0,1.7956621e-05,False
2019-04-03,0,majority_baseline,{},0,0.2729545228,0.4601682731,0.2668772041,7.327375669e-05,0,1.810502283e-05,False
2019-04-04,0,majority_baseline,{},0,0.2729545228,0.4601682731,0.2668772041,7.327375669e-05,0,1.810502283e-05,False
2019-04-05,0,majority_baseline,{},0,0.2729545228,0.4601682731,0.2668772041,7.327375669e-05,0,1.810502283e-05,False
2019-04-08,0,majority_baseline,{},0,0.2729545228,0.4601682731,0.2668772041,7.327375669e-05,0,1.803082192e-05,False
2019-04-09,0,majority_baseline,{},0,0.2729545228,0.4601682731,0.2668772041,7.327375669e-05,0,1.7956621e-05,False
2019-04-10,0,majority_baseline,{},0,0.2729545228,0.4601682731,0.2668772041,7.327375669e-05,0,1.803082192e-05,False
2019-04-11,0,majority_baseline,{},0,0.2729545228,0.4601682731,0.2668772041,7.327375669e-05,0,1.803082192e-05,False
2019-04-12,0,majority_baseline,{},0,0.2729545228,0.4601682731,0.2668772041,7.327375669e-05,0,1.810502283e-05,False
2019-04-15,0,majority_baseline,{},0,0.2729545228,0.4601682731,0.2668772041,7.327375669e-05,0,1.803082192e-05,False
2019-04-16,0,majority_baseline,{},0,0.2729545228,0.4601682731,0.2668772041,7.327375669e-05,0,1.803082192e-05,False
2019-04-17,0,majority_baseline,{},0,0.2729545228,0.4601682731,0.2668772041,7.327375669e-05,0,1.810502283e-05,False
2019-04-18,0,majority_baseline,{},0,0.2729545228,0.4601682731,0.2668772041,7.327375669e-05,0,1.7956621e-05,False
2019-04-22,1,majority_baseline,{},0,0.2533437135,0.4899967412,0.2566595453,0.0001437966281,0,1.810502283e-05,False
2019-04-23,1,majority_baseline,{},0,0.2533437135,0.4899967412,0.2566595453,0.0001437966281,0,1.817922374e-05,False
2019-04-24,1,majority_baseline,{},0,0.2533437135,0.4899967412,0.2566595453,0.0001437966281,0,1.810502283e-05,False
2019-04-25,1,majority_baseline,{},0,0.2533437135,0.4899967412,0.2566595453,0.0001437966281,0,1.803082192e-05,False
2019-04-26,1,majority_baseline,{},0,0.2533437135,0.4899967412,0.2566595453,0.0001437966281,0,1.7956621e-05,False
2019-04-29,1,majority_baseline,{},0,0.2533437135,0.4899967412,0.2566595453,0.0001437966281,0,1.810502283e-05,False
2019-04-30,1,majority_baseline,{},0,0.2533437135,0.4899967412,0.2566595453,0.0001437966281,0,1.803082192e-05,False
2019-05-01,1,majority_baseline,{},0,0.2533437135,0.4899967412,0.2566595453,0.0001437966281,0,1.803082192e-05,False
2019-05-02,1,majority_baseline,{},0,0.2533437135,0.4899967412,0.2566595453,0.0001437966281,0,1.832762557e-05,False
2019-05-03,1,majority_baseline,{},0,0.2533437135,0.4899967412,0.2566595453,0.0001437966281,0,1.803082192e-05,False
2019-05-06,1,majority_baseline,{},0,0.2533437135,0.4899967412,0.2566595453,0.0001437966281,0,1.810502283e-05,False
2019-05-07,1,majority_baseline,{},0,0.2533437135,0.4899967412,0.2566595453,0.0001437966281,0,1.803082192e-05,False
2019-05-08,1,majority_baseline,{},0,0.2533437135,0.4899967412,0.2566595453,0.0001437966281,0,1.803082192e-05,False
2019-05-09,1,majority_baseline,{},0,0.2533437135,0.4899967412,0.2566595453,0.0001437966281,0,1.803082192e-05,False
2019-05-10,1,majority_baseline,{},0,0.2533437135,0.4899967412,0.2566595453,0.0001437966281,0,1.803082192e-05,False
2019-05-13,1,majority_baseline,{},0,0.2533437135,0.4899967412,0.2566595453,0.0001437966281,0,1.788242009e-05,False
2019-05-14,1,majority_baseline,{},0,0.2533437135,0.4899967412,0.2566595453,0.0001437966281,0,1.788242009e-05,False
2019-05-15,1,majority_baseline,{},0,0.2533437135,0.4899967412,0.2566595453,0.0001437966281,0,1.7956621e-05,False
2019-05-16,1,majority_baseline,{},0,0.2533437135,0.4899967412,0.2566595453,0.0001437966281,0,1.780821918e-05,False
2019-05-17,1,majority_baseline,{},0,0.2533437135,0.4899967412,0.2566595453,0.0001437966281,0,1.773401826e-05,False
2019-05-20,1,majority_baseline,{},0,0.2533437135,0.4899967412,0.2566595453,0.0001437966281,0,1.773401826e-05,False
2019-05-21,2,majority_baseline,{},0,0.2571518746,0.483197196,0.2596509294,0.0001753920369,0,1.773401826e-05,False
2019-05-22,2,majority_baseline,{},0,0.2571518746,0.483197196,0.2596509294,0.0001753920369,0,1.765981735e-05,False
2019-05-23,2,majority_baseline,{},0,0.2571518746,0.483197196,0.2596509294,0.0001753920369,0,1.758561644e-05,False
2019-05-24,2,majority_baseline,{},0,0.2571518746,0.483197196,0.2596509294,0.0001753920369,0,1.743721461e-05,False
2019-05-28,2,majority_baseline,{},0,0.2571518746,0.483197196,0.2596509294,0.0001753920369,0,1.758561644e-05,False
2019-05-29,2,majority_baseline,{},0,0.2571518746,0.483197196,0.2596509294,0.0001753920369,0,1.758561644e-05,False
2019-05-30,2,majority_baseline,{},0,0.2571518746,0.483197196,0.2596509294,0.0001753920369,0,1.765981735e-05,False
2019-05-31,2,majority_baseline,{},0,0.2571518746,0.483197196,0.2596509294,0.0001753920369,0,1.743721461e-05,False
2019-06-03,2,majority_baseline,{},0,0.2571518746,0.483197196,0.2596509294,0.0001753920369,0,1.743721461e-05,False
2019-06-04,2,majority_baseline,{},0,0.2571518746,0.483197196,0.2596509294,0.0001753920369,0,1.743721461e-05,False
2019-06-05,2,majority_baseline,{},0,0.2571518746,0.483197196,0.2596509294,0.0001753920369,0,1.743721461e-05,False
2019-06-06,2,majority_baseline,{},0,0.2571518746,0.483197196,0.2596509294,0.0001753920369,0,1.728881279e-05,False
2019-06-07,2,majority_baseline,{},0,0.2571518746,0.483197196,0.2596509294,0.0001753920369,0,1.691780822e-05,False
2019-06-10,2,majority_baseline,{},0,0.2571518746,0.483197196,0.2596509294,0.0001753920369,0,1.699200913e-05,False
2019-06-11,2,majority_baseline,{},0,0.2571518746,0.483197196,0.2596509294,0.0001753920369,0,1.684360731e-05,False
2019-06-12,2,majority_baseline,{},0,0.2571518746,0.483197196,0.2596509294,0.0001753920369,0,1.662100457e-05,False
2019-06-13,2,majority_baseline,{},0,0.2571518746,0.483197196,0.2596509294,0.0001753920369,0,1.625e-05,False
2019-06-14,2,majority_baseline,{},0,0.2571518746,0.483197196,0.2596509294,0.0001753920369,0,1.632420091e-05,False
2019-06-17,2,majority_baseline,{},0,0.2571518746,0.483197196,0.2596509294,0.0001753920369,0,1.654680365e-05,False
2019-06-18,2,majority_baseline,{},0,0.2571518746,0.483197196,0.2596509294,0.0001753920369,0,1.647260274e-05,False
2019-06-19,2,majority_baseline,{},0,0.2571518746,0.483197196,0.2596509294,0.0001753920369,0,1.617579909e-05,False
2019-06-20,3,majority_baseline,{},0,0.2469801536,0.4899595318,0.2630603146,0.0002737635809,0,1.587899543e-05,False
2019-06-21,3,majority_baseline,{},0,0.2469801536,0.4899595318,0.2630603146,0.0002737635809,0,1.565639269e-05,False
2019-06-24,3,majority_baseline,{},0,0.2469801536,0.4899595318,0.2630603146,0.0002737635809,0,1.580479452e-05,False
2019-06-25,3,majority_baseline,{},0,0.2469801536,0.4899595318,0.2630603146,0.0002737635809,0,1.573059361e-05,False
2019-06-26,3,majority_baseline,{},0,0.2469801536,0.4899595318,0.2630603146,0.0002737635809,0,1.595319635e-05,False
2019-06-27,3,majority_baseline,{},0,0.2469801536,0.4899595318,0.2630603146,0.0002737635809,0,1.587899543e-05,False
2019-06-28,3,majority_baseline,{},0,0.2469801536,0.4899595318,0.2630603146,0.0002737635809,0,1.573059361e-05,False
2019-07-01,3,majority_baseline,{},0,0.2469801536,0.4899595318,0.2630603146,0.0002737635809,0,1.639840183e-05,False
2019-07-02,3,majority_baseline,{},0,0.2469801536,0.4899595318,0.2630603146,0.0002737635809,0,8.789954338e-06,False
2019-07-03,3,majority_baseline,{},0,0.2469801536,0.4899595318,0.2630603146,0.0002737635809,0,1.639840183e-05,False
2019-07-05,3,majority_baseline,{},0,0.2469801536,0.4899595318,0.2630603146,0.0002737635809,0,1.654680365e-05,False
2019-07-08,3,majority_baseline,{},0,0.2469801536,0.4899595318,0.2630603146,0.0002737635809,0,1.676940639e-05,False
2019-07-09,3,majority_baseline,{},0,0.2469801536,0.4899595318,0.2630603146,0.0002737635809,0,1.676940639e-05,False
2019-07-10,3,majority_baseline,{},0,0.2469801536,0.4899595318,0.2630603146,0.0002737635809,0,1.632420091e-05,False
2019-07-11,3,majority_baseline,{},0,0.2469801536,0.4899595318,0.2630603146,0.0002737635809,0,1.610159817e-05,False
2019-07-12,3,majority_baseline,{},0,0.2469801536,0.4899595318,0.2630603146,0.0002737635809,0,1.587899543e-05,False
2019-07-15,3,majority_baseline,{},0,0.2469801536,0.4899595318,0.2630603146,0.0002737635809,0,1.602739726e-05,False
2019-07-16,3,majority_baseline,{},0,0.2469801536,0.4899595318,0.2630603146,0.0002737635809,0,1.595319635e-05,False
2019-07-17,3,majority_baseline,{},0,0.2469801536,0.4899595318,0.2630603146,0.0002737635809,0,1.587899543e-05,False
2019-07-18,3,majority_baseline,{},0,0.2469801536,0.4899595318,0.2630603146,0.0002737635809,0,1.521118721e-05,False
2019-07-19,3,majority_baseline,{},0,0.2469801536,0.4899595318,0.2630603146,0.0002737635809,0,1.528538813e-05,False
2019-07-22,4,majority_baseline,{},0,0.2467142722,0.486822886,0.2664628418,0.000283968327,0,1.550799087e-05,False
2019-07-23,4,majority_baseline,{},0,0.2467142722,0.486822886,0.2664628418,0.000283968327,0,1.528538813e-05,False
2019-07-24,4,majority_baseline,{},0,0.2467142722,0.486822886,0.2664628418,0.000283968327,0,1.558219178e-05,False
2019-07-25,4,majority_baseline,{},0,0.2467142722,0.486822886,0.2664628418,0.000283968327,0,1.558219178e-05,False
2019-07-26,4,majority_baseline,{},0,0.2467142722,0.486822886,0.2664628418,0.000283968327,0,1.573059361e-05,False
2019-07-29,4,majority_baseline,{},0,0.2467142722,0.486822886,0.2664628418,0.000283968327,0,1.573059361e-05,False
2019-07-30,4,majority_baseline,{},0,0.2467142722,0.486822886,0.2664628418,0.000283968327,0,1.543378995e-05,False
2019-07-31,4,majority_baseline,{},0,0.2467142722,0.486822886,0.2664628418,0.000283968327,0,1.543378995e-05,False
2019-08-01,4,majority_baseline,{},0,0.2467142722,0.486822886,0.2664628418,0.000283968327,0,1.535958904e-05,False
2019-08-02,4,majority_baseline,{},0,0.2467142722,0.486822886,0.2664628418,0.000283968327,0,1.528538813e-05,False
2019-08-05,4,majority_baseline,{},0,0.2467142722,0.486822886,0.2664628418,0.000283968327,0,1.521118721e-05,False
2019-08-06,4,majority_baseline,{},0,0.2467142722,0.486822886,0.2664628418,0.000283968327,0,1.521118721e-05,False
2019-08-07,4,majority_baseline,{},0,0.2467142722,0.486822886,0.2664628418,0.000283968327,0,1.498858447e-05,False
2019-08-08,4,majority_baseline,{},0,0.2467142722,0.486822886,0.2664628418,0.000283968327,0,1.498858447e-05,False
2019-08-09,4,majority_baseline,{},0,0.2467142722,0.486822886,0.2664628418,0.000283968327,0,1.484018265e-05,False
2019-08-12,4,majority_baseline,{},0,0.2467142722,0.486822886,0.2664628418,0.000283968327,0,1.484018265e-05,False
2019-08-13,4,majority_baseline,{},0,0.2467142722,0.486822886,0.2664628418,0.000283968327,0,1.484018265e-05,False
2019-08-14,4,majority_baseline,{},0,0.2467142722,0.486822886,0.2664628418,0.000283968327,0,1.4543379e-05,False
2019-08-15,4,majority_baseline,{},0,0.2467142722,0.486822886,0.2664628418,0.000283968327,0,1.417237443e-05,False
2019-08-16,4,majority_baseline,{},0,0.2467142722,0.486822886,0.2664628418,0.000283968327,0,1.387557078e-05,False
2019-08-19,4,majority_baseline,{},0,0.2467142722,0.486822886,0.2664628418,0.000283968327,0,1.439497717e-05,False
2019-08-20,5,majority_baseline,{},0,0.2598949326,0.4702065239,0.2698985435,0.0002008908374,0,1.439497717e-05,False
2019-08-21,5,majority_baseline,{},0,0.2598949326,0.4702065239,0.2698985435,0.0002008908374,0,1.461757991e-05,False
2019-08-22,5,majority_baseline,{},0,0.2598949326,0.4702065239,0.2698985435,0.0002008908374,0,1.484018265e-05,False
2019-08-23,5,majority_baseline,{},0,0.2598949326,0.4702065239,0.2698985435,0.0002008908374,0,1.461757991e-05,False
2019-08-26,5,majority_baseline,{},0,0.2598949326,0.4702065239,0.2698985435,0.0002008908374,0,1.491438356e-05,False
2019-08-27,5,majority_baseline,{},0,0.2598949326,0.4702065239,0.2698985435,0.0002008908374,0,1.469178082e-05,False
2019-08-28,5,majority_baseline,{},0,0.2598949326,0.4702065239,0.2698985435,0.0002008908374,0,1.476598174e-05,False
2019-08-29,5,majority_baseline,{},0,0.2598949326,0.4702065239,0.2698985435,0.0002008908374,0,1.476598174e-05,False
2019-08-30,5,majority_baseline,{},0,0.2598949326,0.4702065239,0.2698985435,0.0002008908374,0,1.476598174e-05,False
2019-09-03,5,majority_baseline,{},0,0.2598949326,0.4702065239,0.2698985435,0.0002008908374,0,1.469178082e-05,False
2019-09-04,5,majority_baseline,{},0,0.2598949326,0.4702065239,0.2698985435,0.0002008908374,0,1.461757991e-05,False
2019-09-05,5,majority_baseline,{},0,0.2598949326,0.4702065239,0.2698985435,0.0002008908374,0,1.461757991e-05,False
2019-09-06,5,majority_baseline,{},0,0.2598949326,0.4702065239,0.2698985435,0.0002008908374,0,1.4543379e-05,False
2019-09-09,5,majority_baseline,{},0,0.2598949326,0.4702065239,0.2698985435,0.0002008908374,0,1.4543379e-05,False
2019-09-10,5,majority_baseline,{},0,0.2598949326,0.4702065239,0.2698985435,0.0002008908374,0,1.446917808e-05,False
2019-09-11,5,majority_baseline,{},0,0.2598949326,0.4702065239,0.2698985435,0.0002008908374,0,1.4543379e-05,False
2019-09-12,5,majority_baseline,{},0,0.2598949326,0.4702065239,0.2698985435,0.0002008908374,0,1.446917808e-05,False
2019-09-13,5,majority_baseline,{},0,0.2598949326,0.4702065239,0.2698985435,0.0002008908374,0,1.4543379e-05,False
2019-09-16,5,majority_baseline,{},0,0.2598949326,0.4702065239,0.2698985435,0.0002008908374,0,1.476598174e-05,False
2019-09-17,5,majority_baseline,{},0,0.2598949326,0.4702065239,0.2698985435,0.0002008908374,0,1.476598174e-05,False
2019-09-18,5,majority_baseline,{},0,0.2598949326,0.4702065239,0.2698985435,0.0002008908374,0,1.446917808e-05,False
2019-09-19,6,majority_baseline,{},0,0.2500238407,0.4933114141,0.2566647452,0.0001780742465,0,1.432077626e-05,False
2019-09-20,6,majority_baseline,{},0,0.2500238407,0.4933114141,0.2566647452,0.0001780742465,0,1.417237443e-05,False
2019-09-23,6,majority_baseline,{},0,0.2500238407,0.4933114141,0.2566647452,0.0001780742465,0,1.439497717e-05,False
2019-09-24,6,majority_baseline,{},0,0.2500238407,0.4933114141,0.2566647452,0.0001780742465,0,1.424657534e-05,False
2019-09-25,6,majority_baseline,{},0,0.2500238407,0.4933114141,0.2566647452,0.0001780742465,0,1.40239726e-05,False
2019-09-26,6,majority_baseline,{},0,0.2500238407,0.4933114141,0.2566647452,0.0001780742465,0,1.357876712e-05,False
2019-09-27,6,majority_baseline,{},0,0.2500238407,0.4933114141,0.2566647452,0.0001780742465,0,1.335616438e-05,False
2019-09-30,6,majority_baseline,{},0,0.2500238407,0.4933114141,0.2566647452,0.0001780742465,0,1.394977169e-05,False
2019-10-01,6,majority_baseline,{},0,0.2500238407,0.4933114141,0.2566647452,0.0001780742465,0,1.350456621e-05,False
2019-10-02,6,majority_baseline,{},0,0.2500238407,0.4933114141,0.2566647452,0.0001780742465,0,1.328196347e-05,False
2019-10-03,6,majority_baseline,{},0,0.2500238407,0.4933114141,0.2566647452,0.0001780742465,0,1.261415525e-05,False
2019-10-04,6,majority_baseline,{},0,0.2500238407,0.4933114141,0.2566647452,0.0001780742465,0,1.268835616e-05,False
2019-10-07,6,majority_baseline,{},0,0.2500238407,0.4933114141,0.2566647452,0.0001780742465,0,1.298515982e-05,False
2019-10-08,6,majority_baseline,{},0,0.2500238407,0.4933114141,0.2566647452,0.0001780742465,0,1.276255708e-05,False
2019-10-09,6,majority_baseline,{},0,0.2500238407,0.4933114141,0.2566647452,0.0001780742465,0,1.253995434e-05,False
2019-10-10,6,majority_baseline,{},0,0.2500238407,0.4933114141,0.2566647452,0.0001780742465,0,1.246575342e-05,False
2019-10-11,6,majority_baseline,{},0,0.2500238407,0.4933114141,0.2566647452,0.0001780742465,0,1.246575342e-05,False
2019-10-14,6,majority_baseline,{},0,0.2500238407,0.4933114141,0.2566647452,0.0001780742465,0,1.246575342e-05,False
2019-10-15,6,majority_baseline,{},0,0.2500238407,0.4933114141,0.2566647452,0.0001780742465,0,1.239155251e-05,False
2019-10-16,6,majority_baseline,{},0,0.2500238407,0.4933114141,0.2566647452,0.0001780742465,0,1.23173516e-05,False
2019-10-17,6,majority_baseline,{},0,0.2500238407,0.4933114141,0.2566647452,0.0001780742465,0,1.23173516e-05,False
2019-10-18,7,majority_baseline,{},0,0.2575885131,0.4858769043,0.2565345827,9.178037799e-05,0,1.23173516e-05,False
2019-10-21,7,majority_baseline,{},0,0.2575885131,0.4858769043,0.2565345827,9.178037799e-05,0,1.239155251e-05,False
2019-10-22,7,majority_baseline,{},0,0.2575885131,0.4858769043,0.2565345827,9.178037799e-05,0,1.224315068e-05,False
2019-10-23,7,majority_baseline,{},0,0.2575885131,0.4858769043,0.2565345827,9.178037799e-05,0,1.224315068e-05,False
2019-10-24,7,majority_baseline,{},0,0.2575885131,0.4858769043,0.2565345827,9.178037799e-05,0,1.239155251e-05,False
2019-10-25,7,majority_baseline,{},0,0.2575885131,0.4858769043,0.2565345827,9.178037799e-05,0,1.23173516e-05,False
2019-10-28,7,majority_baseline,{},0,0.2575885131,0.4858769043,0.2565345827,9.178037799e-05,0,1.224315068e-05,False
2019-10-29,7,majority_baseline,{},0,0.2575885131,0.4858769043,0.2565345827,9.178037799e-05,0,1.209474886e-05,False
2019-10-30,7,majority_baseline,{},0,0.2575885131,0.4858769043,0.2565345827,9.178037799e-05,0,1.202054795e-05,False
2019-10-31,7,majority_baseline,{},0,0.2575885131,0.4858769043,0.2565345827,9.178037799e-05,0,1.142694064e-05,False
2019-11-01,7,majority_baseline,{},0,0.2575885131,0.4858769043,0.2565345827,9.178037799e-05,0,1.127853881e-05,False
2019-11-04,7,majority_baseline,{},0,0.2575885131,0.4858769043,0.2565345827,9.178037799e-05,0,1.135273973e-05,False
2019-11-05,7,majority_baseline,{},0,0.2575885131,0.4858769043,0.2565345827,9.178037799e-05,0,1.157534247e-05,False
2019-11-06,7,majority_baseline,{},0,0.2575885131,0.4858769043,0.2565345827,9.178037799e-05,0,1.157534247e-05,False
2019-11-07,7,majority_baseline,{},0,0.2575885131,0.4858769043,0.2565345827,9.178037799e-05,0,1.157534247e-05,False
2019-11-08,7,majority_baseline,{},0,0.2575885131,0.4858769043,0.2565345827,9.178037799e-05,0,1.150114155e-05,False
2019-11-11,7,majority_baseline,{},0,0.2575885131,0.4858769043,0.2565345827,9.178037799e-05,0,1.150114155e-05,False
2019-11-12,7,majority_baseline,{},0,0.2575885131,0.4858769043,0.2565345827,9.178037799e-05,0,1.179794521e-05,False
2019-11-13,7,majority_baseline,{},0,0.2575885131,0.4858769043,0.2565345827,9.178037799e-05,0,1.164954338e-05,False
2019-11-14,7,majority_baseline,{},0,0.2575885131,0.4858769043,0.2565345827,9.178037799e-05,0,1.164954338e-05,False
2019-11-15,7,majority_baseline,{},0,0.2575885131,0.4858769043,0.2565345827,9.178037799e-05,0,1.164954338e-05,False
2019-11-18,8,majority_baseline,{},0,0.2473210145,0.496075636,0.2566033495,0.0001938564734,0,1.164954338e-05,False
2019-11-19,8,majority_baseline,{},0,0.2473210145,0.496075636,0.2566033495,0.0001938564734,0,1.164954338e-05,False
2019-11-20,8,majority_baseline,{},0,0.2473210145,0.496075636,0.2566033495,0.0001938564734,0,1.164954338e-05,False
2019-11-21,8,majority_baseline,{},0,0.2473210145,0.496075636,0.2566033495,0.0001938564734,0,1.172374429e-05,False
2019-11-22,8,majority_baseline,{},0,0.2473210145,0.496075636,0.2566033495,0.0001938564734,0,1.172374429e-05,False
2019-11-25,8,majority_baseline,{},0,0.2473210145,0.496075636,0.2566033495,0.0001938564734,0,1.194634703e-05,False
2019-11-26,8,majority_baseline,{},0,0.2473210145,0.496075636,0.2566033495,0.0001938564734,0,1.187214612e-05,False
2019-11-27,8,majority_baseline,{},0,0.2473210145,0.496075636,0.2566033495,0.0001938564734,0,6.47260274e-06,False
2019-11-29,8,majority_baseline,{},0,0.2473210145,0.496075636,0.2566033495,0.0001938564734,0,1.179794521e-05,False
2019-12-02,8,majority_baseline,{},0,0.2473210145,0.496075636,0.2566033495,0.0001938564734,0,1.187214612e-05,False
2019-12-03,8,majority_baseline,{},0,0.2473210145,0.496075636,0.2566033495,0.0001938564734,0,1.164954338e-05,False
2019-12-04,8,majority_baseline,{},0,0.2473210145,0.496075636,0.2566033495,0.0001938564734,0,1.150114155e-05,False
2019-12-05,8,majority_baseline,{},0,0.2473210145,0.496075636,0.2566033495,0.0001938564734,0,1.142694064e-05,False
2019-12-06,8,majority_baseline,{},0,0.2473210145,0.496075636,0.2566033495,0.0001938564734,0,1.135273973e-05,False
2019-12-09,8,majority_baseline,{},0,0.2473210145,0.496075636,0.2566033495,0.0001938564734,0,1.142694064e-05,False
2019-12-10,8,majority_baseline,{},0,0.2473210145,0.496075636,0.2566033495,0.0001938564734,0,1.157534247e-05,False
2019-12-11,8,majority_baseline,{},0,0.2473210145,0.496075636,0.2566033495,0.0001938564734,0,1.164954338e-05,False
2019-12-12,8,majority_baseline,{},0,0.2473210145,0.496075636,0.2566033495,0.0001938564734,0,1.157534247e-05,False
2019-12-13,8,majority_baseline,{},0,0.2473210145,0.496075636,0.2566033495,0.0001938564734,0,1.164954338e-05,False
2019-12-16,8,majority_baseline,{},0,0.2473210145,0.496075636,0.2566033495,0.0001938564734,0,1.164954338e-05,False
2019-12-17,8,majority_baseline,{},0,0.2473210145,0.496075636,0.2566033495,0.0001938564734,0,1.157534247e-05,False
2019-12-18,9,majority_baseline,{},0,0.2400649047,0.4999386309,0.2599964644,0.0002778066385,0,1.157534247e-05,False
2019-12-19,9,majority_baseline,{},0,0.2400649047,0.4999386309,0.2599964644,0.0002778066385,0,1.164954338e-05,False
2019-12-20,9,majority_baseline,{},0,0.2400649047,0.4999386309,0.2599964644,0.0002778066385,0,1.172374429e-05,False
2019-12-23,9,majority_baseline,{},0,0.2400649047,0.4999386309,0.2599964644,0.0002778066385,0,6.352739726e-06,False
2019-12-24,9,majority_baseline,{},0,0.2400649047,0.4999386309,0.2599964644,0.0002778066385,0,1.172374429e-05,False
2019-12-26,9,majority_baseline,{},0,0.2400649047,0.4999386309,0.2599964644,0.0002778066385,0,1.172374429e-05,False
2019-12-27,9,majority_baseline,{},0,0.2400649047,0.4999386309,0.2599964644,0.0002778066385,0,1.164954338e-05,False
2019-12-30,9,majority_baseline,{},0,0.2400649047,0.4999386309,0.2599964644,0.0002778066385,0,1.164954338e-05,False
2019-12-31,9,majority_baseline,{},0,0.2400649047,0.4999386309,0.2599964644,0.0002778066385,0,1.150114155e-05,False
2020-01-02,9,majority_baseline,{},0,0.2400649047,0.4999386309,0.2599964644,0.0002778066385,0,1.142694064e-05,False
2020-01-03,9,majority_baseline,{},0,0.2400649047,0.4999386309,0.2599964644,0.0002778066385,0,1.127853881e-05,False
2020-01-06,9,majority_baseline,{},0,0.2400649047,0.4999386309,0.2599964644,0.0002778066385,0,1.157534247e-05,False
2020-01-07,9,majority_baseline,{},0,0.2400649047,0.4999386309,0.2599964644,0.0002778066385,0,1.142694064e-05,False
2020-01-08,9,majority_baseline,{},0,0.2400649047,0.4999386309,0.2599964644,0.0002778066385,0,1.142694064e-05,False
2020-01-09,9,majority_baseline,{},0,0.2400649047,0.4999386309,0.2599964644,0.0002778066385,0,1.142694064e-05,False
2020-01-10,9,majority_baseline,{},0,0.2400649047,0.4999386309,0.2599964644,0.0002778066385,0,1.142694064e-05,False
2020-01-13,9,majority_baseline,{},0,0.2400649047,0.4999386309,0.2599964644,0.0002778066385,0,1.164954338e-05,False
2020-01-14,9,majority_baseline,{},0,0.2400649047,0.4999386309,0.2599964644,0.0002778066385,0,1.164954338e-05,False
2020-01-15,9,majority_baseline,{},0,0.2400649047,0.4999386309,0.2599964644,0.0002778066385,0,1.164954338e-05,False
2020-01-16,9,majority_baseline,{},0,0.2400649047,0.4999386309,0.2599964644,0.0002778066385,0,1.150114155e-05,False
2020-01-17,9,majority_baseline,{},0,0.2400649047,0.4999386309,0.2599964644,0.0002778066385,0,1.157534247e-05,False
2020-01-21,10,majority_baseline,{},0,0.2298857737,0.4999728388,0.2701413876,0.0004511844392,1,1.157534247e-05,False
2020-01-22,10,majority_baseline,{},0,0.2298857737,0.4999728388,0.2701413876,0.0004511844392,1,1.150114155e-05,False
2020-01-23,10,majority_baseline,{},0,0.2298857737,0.4999728388,0.2701413876,0.0004511844392,1,1.150114155e-05,False
2020-01-24,10,majority_baseline,{},0,0.2298857737,0.4999728388,0.2701413876,0.0004511844392,1,1.142694064e-05,False
2020-01-27,10,majority_baseline,{},0,0.2298857737,0.4999728388,0.2701413876,0.0004511844392,1,1.150114155e-05,False
2020-01-28,10,majority_baseline,{},0,0.2298857737,0.4999728388,0.2701413876,0.0004511844392,1,1.164954338e-05,False
2020-01-29,10,majority_baseline,{},0,0.2298857737,0.4999728388,0.2701413876,0.0004511844392,1,1.157534247e-05,False
2020-01-30,10,majority_baseline,{},0,0.2298857737,0.4999728388,0.2701413876,0.0004511844392,1,1.164954338e-05,False
2020-01-31,10,majority_baseline,{},0,0.2298857737,0.4999728388,0.2701413876,0.0004511844392,1,1.150114155e-05,False
2020-02-03,10,majority_baseline,{},0,0.2298857737,0.4999728388,0.2701413876,0.0004511844392,1,1.164954338e-05,False
2020-02-04,10,majority_baseline,{},0,0.2298857737,0.4999728388,0.2701413876,0.0004511844392,1,1.164954338e-05,False
2020-02-05,10,majority_baseline,{},0,0.2298857737,0.4999728388,0.2701413876,0.0004511844392,1,1.164954338e-05,False
2020-02-06,10,majority_baseline,{},0,0.2298857737,0.4999728388,0.2701413876,0.0004511844392,1,1.164954338e-05,False
2020-02-07,10,majority_baseline,{},0,0.2298857737,0.4999728388,0.2701413876,0.0004511844392,1,1.157534247e-05,False
2020-02-10,10,majority_baseline,{},0,0.2298857737,0.4999728388,0.2701413876,0.0004511844392,1,1.172374429e-05,False
2020-02-11,10,majority_baseline,{},0,0.2298857737,0.4999728388,0.2701413876,0.0004511844392,1,1.164954338e-05,False
2020-02-12,10,majority_baseline,{},0,0.2298857737,0.4999728388,0.2701413876,0.0004511844392,1,1.172374429e-05,False
2020-02-13,10,majority_baseline,{},0,0.2298857737,0.4999728388,0.2701413876,0.0004511844392,1,1.179794521e-05,False
2020-02-14,10,majority_baseline,{},0,0.2298857737,0.4999728388,0.2701413876,0.0004511844392,1,1.172374429e-05,False
2020-02-18,10,majority_baseline,{},0,0.2298857737,0.4999728388,0.2701413876,0.0004511844392,1,1.172374429e-05,False
2020-02-19,10,majority_baseline,{},0,0.2298857737,0.4999728388,0.2701413876,0.0004511844392,1,1.172374429e-05,False
2020-02-20,11,majority_baseline,{},0,0.2265539795,0.5136157215,0.259830299,0.0004096312996,0,1.172374429e-05,False
2020-02-21,11,majority_baseline,{},0,0.2265539795,0.5136157215,0.259830299,0.0004096312996,0,1.157534247e-05,False
2020-02-24,11,majority_baseline,{},0,0.2265539795,0.5136157215,0.259830299,0.0004096312996,0,1.135273973e-05,False
2020-02-25,11,majority_baseline,{},0,0.2265539795,0.5136157215,0.259830299,0.0004096312996,0,1.135273973e-05,False
2020-02-26,11,majority_baseline,{},0,0.2265539795,0.5136157215,0.259830299,0.0004096312996,0,1.135273973e-05,False
2020-02-27,11,majority_baseline,{},0,0.2265539795,0.5136157215,0.259830299,0.0004096312996,0,1.075913242e-05,False
2020-02-28,11,majority_baseline,{},0,0.2265539795,0.5136157215,0.259830299,0.0004096312996,1,9.423515982e-06,False
2020-03-02,11,majority_baseline,{},0,0.2265539795,0.5136157215,0.259830299,0.0004096312996,1,8.384703196e-06,False
2020-03-03,11,majority_baseline,{},0,0.2265539795,0.5136157215,0.259830299,0.0004096312996,1,7.049086758e-06,False
2020-03-04,11,majority_baseline,{},0,0.2265539795,0.5136157215,0.259830299,0.0004096312996,1,5.342465753e-06,False
2020-03-05,11,majority_baseline,{},0,0.2265539795,0.5136157215,0.259830299,0.0004096312996,1,4.600456621e-06,False
2020-03-06,11,majority_baseline,{},0,0.2265539795,0.5136157215,0.259830299,0.0004096312996,1,3.339041096e-06,False
2020-03-09,11,majority_baseline,{},0,0.2265539795,0.5136157215,0.259830299,0.0004096312996,1,2.448630137e-06,False
2020-03-10,11,majority_baseline,{},0,0.2265539795,0.5136157215,0.259830299,0.0004096312996,1,3.264840183e-06,False
2020-03-11,11,majority_baseline,{},0,0.2265539795,0.5136157215,0.259830299,0.0004096312996,1,3.116438356e-06,False
2020-03-12,11,majority_baseline,{},0,0.2265539795,0.5136157215,0.259830299,0.0004096312996,1,2.448630137e-06,False
2020-03-13,11,majority_baseline,{},0,0.2265539795,0.5136157215,0.259830299,0.0004096312996,1,2.077625571e-06,False
2020-03-16,11,majority_baseline,{},0,0.2265539795,0.5136157215,0.259830299,0.0004096312996,1,1.780821918e-06,False
2020-03-17,11,majority_baseline,{},0,0.2265539795,0.5136157215,0.259830299,0.0004096312996,1,1.409817352e-06,False
2020-03-18,11,majority_baseline,{},0,0.2265539795,0.5136157215,0.259830299,0.0004096312996,1,1.484018265e-07,False
2020-03-19,11,majority_baseline,{},0,0.2265539795,0.5136157215,0.259830299,0.0004096312996,1,2.96803653e-07,False
2020-03-20,12,majority_baseline,{},0,0.2136903748,0.5234772961,0.2628323292,0.0005172240766,1,3.710045662e-07,False
2020-03-23,12,majority_baseline,{},0,0.2136903748,0.5234772961,0.2628323292,0.0005172240766,1,1.484018265e-07,False
2020-03-24,12,majority_baseline,{},0,0.2136903748,0.5234772961,0.2628323292,0.0005172240766,1,7.420091324e-08,False
2020-03-25,12,majority_baseline,{},0,0.2136903748,0.5234772961,0.2628323292,0.0005172240766,1,0,False
2020-03-26,12,majority_baseline,{},0,0.2136903748,0.5234772961,0.2628323292,0.0005172240766,1,0,False
2020-03-27,12,majority_baseline,{},0,0.2136903748,0.5234772961,0.2628323292,0.0005172240766,1,2.226027397e-07,False
2020-03-30,12,majority_baseline,{},0,0.2136903748,0.5234772961,0.2628323292,0.0005172240766,1,8.904109589e-07,False
2020-03-31,12,majority_baseline,{},0,0.2136903748,0.5234772961,0.2628323292,0.0005172240766,1,8.162100457e-07,False
2020-04-01,12,majority_baseline,{},0,0.2136903748,0.5234772961,0.2628323292,0.0005172240766,1,6.678082192e-07,False
2020-04-02,12,majority_baseline,{},0,0.2136903748,0.5234772961,0.2628323292,0.0005172240766,1,6.678082192e-07,False
2020-04-03,12,majority_baseline,{},0,0.2136903748,0.5234772961,0.2628323292,0.0005172240766,1,7.420091324e-07,False
2020-04-06,12,majority_baseline,{},0,0.2136903748,0.5234772961,0.2628323292,0.0005172240766,1,1.113013699e-06,False
2020-04-07,12,majority_baseline,{},0,0.2136903748,0.5234772961,0.2628323292,0.0005172240766,1,1.038812785e-06,False
2020-04-08,12,majority_baseline,{},0,0.2136903748,0.5234772961,0.2628323292,0.0005172240766,1,1.632420091e-06,False
2020-04-09,12,majority_baseline,{},0,0.2136903748,0.5234772961,0.2628323292,0.0005172240766,1,1.855022831e-06,False
2020-04-13,12,majority_baseline,{},0,0.2136903748,0.5234772961,0.2628323292,0.0005172240766,1,1.929223744e-06,False
2020-04-14,12,majority_baseline,{},0,0.2136903748,0.5234772961,0.2628323292,0.0005172240766,1,1.484018265e-06,False
2020-04-15,12,majority_baseline,{},0,0.2136903748,0.5234772961,0.2628323292,0.0005172240766,1,1.038812785e-06,False
2020-04-16,12,majority_baseline,{},0,0.2136903748,0.5234772961,0.2628323292,0.0005172240766,1,1.038812785e-06,False
2020-04-17,12,majority_baseline,{},0,0.2136903748,0.5234772961,0.2628323292,0.0005172240766,1,8.904109589e-07,False
2020-04-20,12,majority_baseline,{},0,0.2136903748,0.5234772961,0.2628323292,0.0005172240766,1,8.904109589e-07,False
2020-04-21,13,majority_baseline,{},0,0.2200413548,0.5232656961,0.2566929491,0.0005053891443,1,8.162100457e-07,False
2020-04-22,13,majority_baseline,{},0,0.2200413548,0.5232656961,0.2566929491,0.0005053891443,1,8.904109589e-07,False
2020-04-23,13,majority_baseline,{},0,0.2200413548,0.5232656961,0.2566929491,0.0005053891443,1,8.162100457e-07,False
2020-04-24,13,majority_baseline,{},0,0.2200413548,0.5232656961,0.2566929491,0.0005053891443,1,8.904109589e-07,False
2020-04-27,13,majority_baseline,{},0,0.2200413548,0.5232656961,0.2566929491,0.0005053891443,1,8.904109589e-07,False
2020-04-28,13,majority_baseline,{},0,0.2200413548,0.5232656961,0.2566929491,0.0005053891443,1,8.162100457e-07,False
2020-04-29,13,majority_baseline,{},0,0.2200413548,0.5232656961,0.2566929491,0.0005053891443,1,7.420091324e-07,False
2020-04-30,13,majority_baseline,{},0,0.2200413548,0.5232656961,0.2566929491,0.0005053891443,1,6.678082192e-07,False
2020-05-01,13,majority_baseline,{},0,0.2200413548,0.5232656961,0.2566929491,0.0005053891443,1,8.904109589e-07,False
2020-05-04,13,majority_baseline,{},0,0.2200413548,0.5232656961,0.2566929491,0.0005053891443,1,9.646118721e-07,False
2020-05-05,13,majority_baseline,{},0,0.2200413548,0.5232656961,0.2566929491,0.0005053891443,1,9.646118721e-07,False
2020-05-06,13,majority_baseline,{},0,0.2200413548,0.5232656961,0.2566929491,0.0005053891443,1,8.904109589e-07,False
2020-05-07,13,majority_baseline,{},0,0.2200413548,0.5232656961,0.2566929491,0.0005053891443,1,8.162100457e-07,False
2020-05-08,13,majority_baseline,{},0,0.2200413548,0.5232656961,0.2566929491,0.0005053891443,1,8.904109589e-07,False
2020-05-11,13,majority_baseline,{},0,0.2200413548,0.5232656961,0.2566929491,0.0005053891443,1,8.904109589e-07,False
2020-05-12,13,majority_baseline,{},0,0.2200413548,0.5232656961,0.2566929491,0.0005053891443,1,9.646118721e-07,False
2020-05-13,13,majority_baseline,{},0,0.2200413548,0.5232656961,0.2566929491,0.0005053891443,1,9.646118721e-07,False
2020-05-14,13,majority_baseline,{},0,0.2200413548,0.5232656961,0.2566929491,0.0005053891443,1,8.904109589e-07,False
2020-05-15,13,majority_baseline,{},0,0.2200413548,0.5232656961,0.2566929491,0.0005053891443,1,8.904109589e-07,False
2020-05-18,13,majority_baseline,{},0,0.2200413548,0.5232656961,0.2566929491,0.0005053891443,1,9.646118721e-07,False
2020-05-19,13,majority_baseline,{},0,0.2200413548,0.5232656961,0.2566929491,0.0005053891443,1,9.646118721e-07,False
2020-05-20,14,majority_baseline,{},0,0.2231485734,0.5268907988,0.2499606278,0.0004251317644,1,8.904109589e-07,False
2020-05-21,14,majority_baseline,{},0,0.2231485734,0.5268907988,0.2499606278,0.0004251317644,1,8.904109589e-07,False
2020-05-22,14,majority_baseline,{},0,0.2231485734,0.5268907988,0.2499606278,0.0004251317644,1,8.904109589e-07,False
2020-05-26,14,majority_baseline,{},0,0.2231485734,0.5268907988,0.2499606278,0.0004251317644,1,1.038812785e-06,False
2020-05-27,14,majority_baseline,{},0,0.2231485734,0.5268907988,0.2499606278,0.0004251317644,1,1.113013699e-06,False
2020-05-28,14,majority_baseline,{},0,0.2231485734,0.5268907988,0.2499606278,0.0004251317644,1,1.113013699e-06,False
2020-05-29,14,majority_baseline,{},0,0.2231485734,0.5268907988,0.2499606278,0.0004251317644,1,1.038812785e-06,False
2020-06-01,14,majority_baseline,{},0,0.2231485734,0.5268907988,0.2499606278,0.0004251317644,1,1.038812785e-06,False
2020-06-02,14,majority_baseline,{},0,0.2231485734,0.5268907988,0.2499606278,0.0004251317644,1,1.113013699e-06,False
2020-06-03,14,majority_baseline,{},0,0.2231485734,0.5268907988,0.2499606278,0.0004251317644,1,1.187214612e-06,False
2020-06-04,14,majority_baseline,{},0,0.2231485734,0.5268907988,0.2499606278,0.0004251317644,1,1.113013699e-06,False
2020-06-05,14,majority_baseline,{},0,0.2231485734,0.5268907988,0.2499606278,0.0004251317644,1,1.113013699e-06,False
2020-06-08,14,majority_baseline,{},0,0.2231485734,0.5268907988,0.2499606278,0.0004251317644,1,1.261415525e-06,False
2020-06-09,14,majority_baseline,{},0,0.2231485734,0.5268907988,0.2499606278,0.0004251317644,1,1.409817352e-06,False
2020-06-10,14,majority_baseline,{},0,0.2231485734,0.5268907988,0.2499606278,0.0004251317644,1,1.261415525e-06,False
2020-06-11,14,majority_baseline,{},0,0.2231485734,0.5268907988,0.2499606278,0.0004251317644,1,1.261415525e-06,False
2020-06-12,14,majority_baseline,{},0,0.2231485734,0.5268907988,0.2499606278,0.0004251317644,1,1.187214612e-06,False
2020-06-15,14,majority_baseline,{},0,0.2231485734,0.5268907988,0.2499606278,0.0004251317644,1,1.335616438e-06,False
2020-06-16,14,majority_baseline,{},0,0.2231485734,0.5268907988,0.2499606278,0.0004251317644,1,1.261415525e-06,False
2020-06-17,14,majority_baseline,{},0,0.2231485734,0.5268907988,0.2499606278,0.0004251317644,1,1.261415525e-06,False
2020-06-18,14,majority_baseline,{},0,0.2231485734,0.5268907988,0.2499606278,0.0004251317644,1,1.187214612e-06,False
2020-06-19,15,majority_baseline,{},0,0.230240083,0.5160020359,0.2537578812,0.0003710062266,0,1.113013699e-06,False
2020-06-22,15,majority_baseline,{},0,0.230240083,0.5160020359,0.2537578812,0.0003710062266,0,1.187214612e-06,False
2020-06-23,15,majority_baseline,{},0,0.230240083,0.5160020359,0.2537578812,0.0003710062266,0,1.187214612e-06,False
2020-06-24,15,majority_baseline,{},0,0.230240083,0.5160020359,0.2537578812,0.0003710062266,0,1.113013699e-06,False
2020-06-25,15,majority_baseline,{},0,0.230240083,0.5160020359,0.2537578812,0.0003710062266,0,1.187214612e-06,False
2020-06-26,15,majority_baseline,{},0,0.230240083,0.5160020359,0.2537578812,0.0003710062266,0,1.038812785e-06,False
2020-06-29,15,majority_baseline,{},0,0.230240083,0.5160020359,0.2537578812,0.0003710062266,0,1.038812785e-06,False
2020-06-30,15,majority_baseline,{},0,0.230240083,0.5160020359,0.2537578812,0.0003710062266,0,1.187214612e-06,False
2020-07-01,15,majority_baseline,{},0,0.230240083,0.5160020359,0.2537578812,0.0003710062266,0,1.038812785e-06,False
2020-07-02,15,majority_baseline,{},0,0.230240083,0.5160020359,0.2537578812,0.0003710062266,0,1.038812785e-06,False
2020-07-06,15,majority_baseline,{},0,0.230240083,0.5160020359,0.2537578812,0.0003710062266,0,1.113013699e-06,False
2020-07-07,15,majority_baseline,{},0,0.230240083,0.5160020359,0.2537578812,0.0003710062266,0,1.113013699e-06,False
2020-07-08,15,majority_baseline,{},0,0.230240083,0.5160020359,0.2537578812,0.0003710062266,0,1.113013699e-06,False
2020-07-09,15,majority_baseline,{},0,0.230240083,0.5160020359,0.2537578812,0.0003710062266,0,9.646118721e-07,False
2020-07-10,15,majority_baseline,{},0,0.230240083,0.5160020359,0.2537578812,0.0003710062266,0,9.646118721e-07,False
2020-07-13,15,majority_baseline,{},0,0.230240083,0.5160020359,0.2537578812,0.0003710062266,0,1.038812785e-06,False
2020-07-14,15,majority_baseline,{},0,0.230240083,0.5160020359,0.2537578812,0.0003710062266,0,1.113013699e-06,False
2020-07-15,15,majority_baseline,{},0,0.230240083,0.5160020359,0.2537578812,0.0003710062266,0,1.187214612e-06,False
2020-07-16,15,majority_baseline,{},0,0.230240083,0.5160020359,0.2537578812,0.0003710062266,0,8.162100457e-07,False
2020-07-17,15,majority_baseline,{},0,0.230240083,0.5160020359,0.2537578812,0.0003710062266,0,8.162100457e-07,False
2020-07-20,15,majority_baseline,{},0,0.230240083,0.5160020359,0.2537578812,0.0003710062266,0,9.646118721e-07,False
2020-07-21,16,majority_baseline,{},0,0.2234225527,0.5232646052,0.2533128421,0.0004368953091,1,9.646118721e-07,False
2020-07-22,16,majority_baseline,{},0,0.2234225527,0.5232646052,0.2533128421,0.0004368953091,1,9.646118721e-07,False
2020-07-23,16,majority_baseline,{},0,0.2234225527,0.5232646052,0.2533128421,0.0004368953091,1,8.904109589e-07,False
2020-07-24,16,majority_baseline,{},0,0.2234225527,0.5232646052,0.2533128421,0.0004368953091,1,8.162100457e-07,False
2020-07-27,16,majority_baseline,{},0,0.2234225527,0.5232646052,0.2533128421,0.0004368953091,1,8.162100457e-07,False
2020-07-28,16,majority_baseline,{},0,0.2234225527,0.5232646052,0.2533128421,0.0004368953091,1,8.162100457e-07,False
2020-07-29,16,majority_baseline,{},0,0.2234225527,0.5232646052,0.2533128421,0.0004368953091,1,8.162100457e-07,False
2020-07-30,16,majority_baseline,{},0,0.2234225527,0.5232646052,0.2533128421,0.0004368953091,1,6.678082192e-07,False
2020-07-31,16,majority_baseline,{},0,0.2234225527,0.5232646052,0.2533128421,0.0004368953091,1,6.678082192e-07,False
2020-08-03,16,majority_baseline,{},0,0.2234225527,0.5232646052,0.2533128421,0.0004368953091,1,7.420091324e-07,False
2020-08-04,16,majority_baseline,{},0,0.2234225527,0.5232646052,0.2533128421,0.0004368953091,1,6.678082192e-07,False
2020-08-05,16,majority_baseline,{},0,0.2234225527,0.5232646052,0.2533128421,0.0004368953091,1,7.420091324e-07,False
2020-08-06,16,majority_baseline,{},0,0.2234225527,0.5232646052,0.2533128421,0.0004368953091,1,7.420091324e-07,False
2020-08-07,16,majority_baseline,{},0,0.2234225527,0.5232646052,0.2533128421,0.0004368953091,1,7.420091324e-07,False
2020-08-10,16,majority_baseline,{},0,0.2234225527,0.5232646052,0.2533128421,0.0004368953091,1,8.162100457e-07,False
2020-08-11,16,majority_baseline,{},0,0.2234225527,0.5232646052,0.2533128421,0.0004368953091,1,8.162100457e-07,False
2020-08-12,16,majority_baseline,{},0,0.2234225527,0.5232646052,0.2533128421,0.0004368953091,1,8.162100457e-07,False
2020-08-13,16,majority_baseline,{},0,0.2234225527,0.5232646052,0.2533128421,0.0004368953091,1,7.420091324e-07,False
2020-08-14,16,majority_baseline,{},0,0.2234225527,0.5232646052,0.2533128421,0.0004368953091,1,7.420091324e-07,False
2020-08-17,16,majority_baseline,{},0,0.2234225527,0.5232646052,0.2533128421,0.0004368953091,1,7.420091324e-07,False
2020-08-18,16,majority_baseline,{},0,0.2234225527,0.5232646052,0.2533128421,0.0004368953091,1,6.678082192e-07,False
2020-08-19,17,majority_baseline,{},0,0.2267363897,0.519681019,0.2535825912,0.0004285958946,1,8.162100457e-07,False
2020-08-20,17,majority_baseline,{},0,0.2267363897,0.519681019,0.2535825912,0.0004285958946,1,8.162100457e-07,False
2020-08-21,17,majority_baseline,{},0,0.2267363897,0.519681019,0.2535825912,0.0004285958946,1,7.420091324e-07,False
2020-08-24,17,majority_baseline,{},0,0.2267363897,0.519681019,0.2535825912,0.0004285958946,1,8.904109589e-07,False
2020-08-25,17,majority_baseline,{},0,0.2267363897,0.519681019,0.2535825912,0.0004285958946,1,8.162100457e-07,False
2020-08-26,17,majority_baseline,{},0,0.2267363897,0.519681019,0.2535825912,0.0004285958946,1,8.162100457e-07,False
2020-08-27,17,majority_baseline,{},0,0.2267363897,0.519681019,0.2535825912,0.0004285958946,1,8.162100457e-07,False
2020-08-28,17,majority_baseline,{},0,0.2267363897,0.519681019,0.2535825912,0.0004285958946,1,7.420091324e-07,False
2020-08-31,17,majority_baseline,{},0,0.2267363897,0.519681019,0.2535825912,0.0004285958946,1,8.162100457e-07,False
2020-09-01,17,majority_baseline,{},0,0.2267363897,0.519681019,0.2535825912,0.0004285958946,1,8.904109589e-07,False
2020-09-02,17,majority_baseline,{},0,0.2267363897,0.519681019,0.2535825912,0.0004285958946,1,8.904109589e-07,False
2020-09-03,17,majority_baseline,{},0,0.2267363897,0.519681019,0.2535825912,0.0004285958946,1,8.162100457e-07,False
2020-09-04,17,majority_baseline,{},0,0.2267363897,0.519681019,0.2535825912,0.0004285958946,1,8.162100457e-07,False
2020-09-08,17,majority_baseline,{},0,0.2267363897,0.519681019,0.2535825912,0.0004285958946,1,9.646118721e-07,False
2020-09-09,17,majority_baseline,{},0,0.2267363897,0.519681019,0.2535825912,0.0004285958946,1,8.904109589e-07,False
2020-09-10,17,majority_baseline,{},0,0.2267363897,0.519681019,0.2535825912,0.0004285958946,1,8.904109589e-07,False
2020-09-11,17,majority_baseline,{},0,0.2267363897,0.519681019,0.2535825912,0.0004285958946,1,8.162100457e-07,False
2020-09-14,17,majority_baseline,{},0,0.2267363897,0.519681019,0.2535825912,0.0004285958946,1,8.162100457e-07,False
2020-09-15,17,majority_baseline,{},0,0.2267363897,0.519681019,0.2535825912,0.0004285958946,1,8.162100457e-07,False
2020-09-16,17,majority_baseline,{},0,0.2267363897,0.519681019,0.2535825912,0.0004285958946,1,8.904109589e-07,False
2020-09-17,17,majority_baseline,{},0,0.2267363897,0.519681019,0.2535825912,0.0004285958946,1,6.678082192e-07,False
2020-09-18,18,majority_baseline,{},0,0.2401350786,0.5032559314,0.2566089901,0.0002929907827,0,7.420091324e-07,False
2020-09-21,18,majority_baseline,{},0,0.2401350786,0.5032559314,0.2566089901,0.0002929907827,0,7.420091324e-07,False
2020-09-22,18,majority_baseline,{},0,0.2401350786,0.5032559314,0.2566089901,0.0002929907827,0,7.420091324e-07,False
2020-09-23,18,majority_baseline,{},0,0.2401350786,0.5032559314,0.2566089901,0.0002929907827,0,8.162100457e-07,False
2020-09-24,18,majority_baseline,{},0,0.2401350786,0.5032559314,0.2566089901,0.0002929907827,0,7.420091324e-07,False
2020-09-25,18,majority_baseline,{},0,0.2401350786,0.5032559314,0.2566089901,0.0002929907827,0,7.420091324e-07,False
2020-09-28,18,majority_baseline,{},0,0.2401350786,0.5032559314,0.2566089901,0.0002929907827,0,8.162100457e-07,False
2020-09-29,18,majority_baseline,{},0,0.2401350786,0.5032559314,0.2566089901,0.0002929907827,0,6.678082192e-07,False
2020-09-30,18,majority_baseline,{},0,0.2401350786,0.5032559314,0.2566089901,0.0002929907827,0,7.420091324e-07,False
2020-10-01,18,majority_baseline,{},0,0.2401350786,0.5032559314,0.2566089901,0.0002929907827,0,6.678082192e-07,False
2020-10-02,18,majority_baseline,{},0,0.2401350786,0.5032559314,0.2566089901,0.0002929907827,0,6.678082192e-07,False
2020-10-05,18,majority_baseline,{},0,0.2401350786,0.5032559314,0.2566089901,0.0002929907827,0,7.420091324e-07,False
2020-10-06,18,majority_baseline,{},0,0.2401350786,0.5032559314,0.2566089901,0.0002929907827,0,7.420091324e-07,False
2020-10-07,18,majority_baseline,{},0,0.2401350786,0.5032559314,0.2566089901,0.0002929907827,0,7.420091324e-07,False
2020-10-08,18,majority_baseline,{},0,0.2401350786,0.5032559314,0.2566089901,0.0002929907827,0,6.678082192e-07,False
2020-10-09,18,majority_baseline,{},0,0.2401350786,0.5032559314,0.2566089901,0.0002929907827,0,7.420091324e-07,False
2020-10-12,18,majority_baseline,{},0,0.2401350786,0.5032559314,0.2566089901,0.0002929907827,0,7.420091324e-07,False
2020-10-13,18,majority_baseline,{},0,0.2401350786,0.5032559314,0.2566089901,0.0002929907827,0,8.162100457e-07,False
2020-10-14,18,majority_baseline,{},0,0.2401350786,0.5032559314,0.2566089901,0.0002929907827,0,8.904109589e-07,False
2020-10-15,18,majority_baseline,{},0,0.2401350786,0.5032559314,0.2566089901,0.0002929907827,0,8.162100457e-07,False
2020-10-16,18,majority_baseline,{},0,0.2401350786,0.5032559314,0.2566089901,0.0002929907827,0,8.162100457e-07,False
2020-10-19,19,majority_baseline,{},0,0.2269502003,0.526326083,0.2467237167,0.0003517052809,0,8.162100457e-07,False
2020-10-20,19,majority_baseline,{},0,0.2269502003,0.526326083,0.2467237167,0.0003517052809,0,7.420091324e-07,False
2020-10-21,19,majority_baseline,{},0,0.2269502003,0.526326083,0.2467237167,0.0003517052809,0,7.420091324e-07,False
2020-10-22,19,majority_baseline,{},0,0.2269502003,0.526326083,0.2467237167,0.0003517052809,0,6.678082192e-07,False
2020-10-23,19,majority_baseline,{},0,0.2269502003,0.526326083,0.2467237167,0.0003517052809,0,7.420091324e-07,False
2020-10-26,19,majority_baseline,{},0,0.2269502003,0.526326083,0.2467237167,0.0003517052809,0,8.162100457e-07,False
2020-10-27,19,majority_baseline,{},0,0.2269502003,0.526326083,0.2467237167,0.0003517052809,0,7.420091324e-07,False
2020-10-28,19,majority_baseline,{},0,0.2269502003,0.526326083,0.2467237167,0.0003517052809,0,7.420091324e-07,False
2020-10-29,19,majority_baseline,{},0,0.2269502003,0.526326083,0.2467237167,0.0003517052809,0,6.678082192e-07,False
2020-10-30,19,majority_baseline,{},0,0.2269502003,0.526326083,0.2467237167,0.0003517052809,0,6.678082192e-07,False
2020-11-02,19,majority_baseline,{},0,0.2269502003,0.526326083,0.2467237167,0.0003517052809,0,6.678082192e-07,False
2020-11-03,19,majority_baseline,{},0,0.2269502003,0.526326083,0.2467237167,0.0003517052809,0,7.420091324e-07,False
2020-11-04,19,majority_baseline,{},0,0.2269502003,0.526326083,0.2467237167,0.0003517052809,0,7.420091324e-07,False
2020-11-05,19,majority_baseline,{},0,0.2269502003,0.526326083,0.2467237167,0.0003517052809,0,7.420091324e-07,False
2020-11-06,19,majority_baseline,{},0,0.2269502003,0.526326083,0.2467237167,0.0003517052809,0,7.420091324e-07,False
2020-11-09,19,majority_baseline,{},0,0.2269502003,0.526326083,0.2467237167,0.0003517052809,0,8.162100457e-07,False
2020-11-10,19,majority_baseline,{},0,0.2269502003,0.526326083,0.2467237167,0.0003517052809,0,7.420091324e-07,False
2020-11-11,19,majority_baseline,{},0,0.2269502003,0.526326083,0.2467237167,0.0003517052809,0,7.420091324e-07,False
2020-11-12,19,majority_baseline,{},0,0.2269502003,0.526326083,0.2467237167,0.0003517052809,0,7.420091324e-07,False
2020-11-13,19,majority_baseline,{},0,0.2269502003,0.526326083,0.2467237167,0.0003517052809,0,6.678082192e-07,False
2020-11-16,19,majority_baseline,{},0,0.2269502003,0.526326083,0.2467237167,0.0003517052809,0,6.678082192e-07,False
2020-11-17,20,majority_baseline,{},0,0.2269274298,0.5195660447,0.2535065255,0.000384783679,0,6.678082192e-07,False
2020-11-18,20,majority_baseline,{},0,0.2269274298,0.5195660447,0.2535065255,0.000384783679,0,6.678082192e-07,False
2020-11-19,20,majority_baseline,{},0,0.2269274298,0.5195660447,0.2535065255,0.000384783679,0,5.194063927e-07,False
2020-11-20,20,majority_baseline,{},0,0.2269274298,0.5195660447,0.2535065255,0.000384783679,0,5.194063927e-07,False
2020-11-23,20,majority_baseline,{},0,0.2269274298,0.5195660447,0.2535065255,0.000384783679,0,5.936073059e-07,False
2020-11-24,20,majority_baseline,{},0,0.2269274298,0.5195660447,0.2535065255,0.000384783679,0,6.678082192e-07,False
2020-11-25,20,majority_baseline,{},0,0.2269274298,0.5195660447,0.2535065255,0.000384783679,0,3.595890411e-07,False
2020-11-27,20,majority_baseline,{},0,0.2269274298,0.5195660447,0.2535065255,0.000384783679,0,6.678082192e-07,False
2020-11-30,20,majority_baseline,{},0,0.2269274298,0.5195660447,0.2535065255,0.000384783679,0,5.936073059e-07,False
2020-12-01,20,majority_baseline,{},0,0.2269274298,0.5195660447,0.2535065255,0.000384783679,0,6.678082192e-07,False
2020-12-02,20,majority_baseline,{},0,0.2269274298,0.5195660447,0.2535065255,0.000384783679,0,6.678082192e-07,False
2020-12-03,20,majority_baseline,{},0,0.2269274298,0.5195660447,0.2535065255,0.000384783679,0,5.936073059e-07,False
2020-12-04,20,majority_baseline,{},0,0.2269274298,0.5195660447,0.2535065255,0.000384783679,0,6.678082192e-07,False
2020-12-07,20,majority_baseline,{},0,0.2269274298,0.5195660447,0.2535065255,0.000384783679,0,5.936073059e-07,False
2020-12-08,20,majority_baseline,{},0,0.2269274298,0.5195660447,0.2535065255,0.000384783679,0,6.678082192e-07,False
2020-12-09,20,majority_baseline,{},0,0.2269274298,0.5195660447,0.2535065255,0.000384783679,0,5.936073059e-07,False
2020-12-10,20,majority_baseline,{},0,0.2269274298,0.5195660447,0.2535065255,0.000384783679,0,5.936073059e-07,False
2020-12-11,20,majority_baseline,{},0,0.2269274298,0.5195660447,0.2535065255,0.000384783679,0,5.936073059e-07,False
2020-12-14,20,majority_baseline,{},0,0.2269274298,0.5195660447,0.2535065255,0.000384783679,0,6.678082192e-07,False
2020-12-15,20,majority_baseline,{},0,0.2269274298,0.5195660447,0.2535065255,0.000384783679,0,5.936073059e-07,False
2020-12-16,20,majority_baseline,{},0,0.2269274298,0.5195660447,0.2535065255,0.000384783679,0,6.678082192e-07,False
2020-12-17,21,majority_baseline,{},0,0.2269294349,0.5163575321,0.2567130329,0.0004110640211,1,5.936073059e-07,False
2020-12-18,21,majority_baseline,{},0,0.2269294349,0.5163575321,0.2567130329,0.0004110640211,1,5.936073059e-07,False
2020-12-21,21,majority_baseline,{},0,0.2269294349,0.5163575321,0.2567130329,0.0004110640211,1,6.678082192e-07,False
2020-12-22,21,majority_baseline,{},0,0.2269294349,0.5163575321,0.2567130329,0.0004110640211,1,6.678082192e-07,False
2020-12-23,21,majority_baseline,{},0,0.2269294349,0.5163575321,0.2567130329,0.0004110640211,1,3.595890411e-07,False
2020-12-24,21,majority_baseline,{},0,0.2269294349,0.5163575321,0.2567130329,0.0004110640211,1,6.678082192e-07,False
2020-12-28,21,majority_baseline,{},0,0.2269294349,0.5163575321,0.2567130329,0.0004110640211,1,8.162100457e-07,False
2020-12-29,21,majority_baseline,{},0,0.2269294349,0.5163575321,0.2567130329,0.0004110640211,1,7.420091324e-07,False
2020-12-30,21,majority_baseline,{},0,0.2269294349,0.5163575321,0.2567130329,0.0004110640211,1,5.936073059e-07,False
2020-12-31,21,majority_baseline,{},0,0.2269294349,0.5163575321,0.2567130329,0.0004110640211,1,6.678082192e-07,False
2021-01-04,21,majority_baseline,{},0,0.2269294349,0.5163575321,0.2567130329,0.0004110640211,1,6.678082192e-07,False
2021-01-05,21,majority_baseline,{},0,0.2269294349,0.5163575321,0.2567130329,0.0004110640211,1,6.678082192e-07,False
2021-01-06,21,majority_baseline,{},0,0.2269294349,0.5163575321,0.2567130329,0.0004110640211,1,6.678082192e-07,False
2021-01-07,21,majority_baseline,{},0,0.2269294349,0.5163575321,0.2567130329,0.0004110640211,1,6.678082192e-07,False
2021-01-08,21,majority_baseline,{},0,0.2269294349,0.5163575321,0.2567130329,0.0004110640211,1,5.936073059e-07,False
2021-01-11,21,majority_baseline,{},0,0.2269294349,0.5163575321,0.2567130329,0.0004110640211,1,5.936073059e-07,False
2021-01-12,21,majority_baseline,{},0,0.2269294349,0.5163575321,0.2567130329,0.0004110640211,1,6.678082192e-07,False
2021-01-13,21,majority_baseline,{},0,0.2269294349,0.5163575321,0.2567130329,0.0004110640211,1,6.678082192e-07,False
2021-01-14,21,majority_baseline,{},0,0.2269294349,0.5163575321,0.2567130329,0.0004110640211,1,6.678082192e-07,False
2021-01-15,21,majority_baseline,{},0,0.2269294349,0.5163575321,0.2567130329,0.0004110640211,1,6.678082192e-07,False
2021-01-19,21,majority_baseline,{},0,0.2269294349,0.5163575321,0.2567130329,0.0004110640211,1,6.678082192e-07,False
2021-01-20,22,majority_baseline,{},0,0.2399286854,0.4967452207,0.2633260939,0.0003445268667,0,5.936073059e-07,False
2021-01-21,22,majority_baseline,{},0,0.2399286854,0.4967452207,0.2633260939,0.0003445268667,0,6.678082192e-07,False
2021-01-22,22,majority_baseline,{},0,0.2399286854,0.4967452207,0.2633260939,0.0003445268667,0,5.936073059e-07,False
2021-01-25,22,majority_baseline,{},0,0.2399286854,0.4967452207,0.2633260939,0.0003445268667,0,6.678082192e-07,False
2021-01-26,22,majority_baseline,{},0,0.2399286854,0.4967452207,0.2633260939,0.0003445268667,0,5.194063927e-07,False
2021-01-27,22,majority_baseline,{},0,0.2399286854,0.4967452207,0.2633260939,0.0003445268667,0,5.936073059e-07,False
2021-01-28,22,majority_baseline,{},0,0.2399286854,0.4967452207,0.2633260939,0.0003445268667,0,5.194063927e-07,False
2021-01-29,22,majority_baseline,{},0,0.2399286854,0.4967452207,0.2633260939,0.0003445268667,0,4.452054795e-07,False
2021-02-01,22,majority_baseline,{},0,0.2399286854,0.4967452207,0.2633260939,0.0003445268667,0,5.194063927e-07,False
2021-02-02,22,majority_baseline,{},0,0.2399286854,0.4967452207,0.2633260939,0.0003445268667,0,5.194063927e-07,False
2021-02-03,22,majority_baseline,{},0,0.2399286854,0.4967452207,0.2633260939,0.0003445268667,0,2.96803653e-07,False
2021-02-04,22,majority_baseline,{},0,0.2399286854,0.4967452207,0.2633260939,0.0003445268667,0,2.96803653e-07,False
2021-02-05,22,majority_baseline,{},0,0.2399286854,0.4967452207,0.2633260939,0.0003445268667,0,2.226027397e-07,False
2021-02-08,22,majority_baseline,{},0,0.2399286854,0.4967452207,0.2633260939,0.0003445268667,0,3.710045662e-07,False
2021-02-09,22,majority_baseline,{},0,0.2399286854,0.4967452207,0.2633260939,0.0003445268667,0,2.96803653e-07,False
2021-02-10,22,majority_baseline,{},0,0.2399286854,0.4967452207,0.2633260939,0.0003445268667,0,3.710045662e-07,False
2021-02-11,22,majority_baseline,{},0,0.2399286854,0.4967452207,0.2633260939,0.0003445268667,0,3.710045662e-07,False
2021-02-12,22,majority_baseline,{},0,0.2399286854,0.4967452207,0.2633260939,0.0003445268667,0,2.96803653e-07,False
2021-02-16,22,majority_baseline,{},0,0.2399286854,0.4967452207,0.2633260939,0.0003445268667,0,2.96803653e-07,False
2021-02-17,22,majority_baseline,{},0,0.2399286854,0.4967452207,0.2633260939,0.0003445268667,0,2.96803653e-07,False
2021-02-18,22,majority_baseline,{},0,0.2399286854,0.4967452207,0.2633260939,0.0003445268667,0,2.226027397e-07,False
2021-02-19,23,majority_baseline,{},0,0.2400176214,0.5165592651,0.2434231135,0.0001943209282,0,2.96803653e-07,False
2021-02-22,23,majority_baseline,{},0,0.2400176214,0.5165592651,0.2434231135,0.0001943209282,0,2.226027397e-07,False
2021-02-23,23,majority_baseline,{},0,0.2400176214,0.5165592651,0.2434231135,0.0001943209282,0,2.96803653e-07,False
2021-02-24,23,majority_baseline,{},0,0.2400176214,0.5165592651,0.2434231135,0.0001943209282,0,2.226027397e-07,False
2021-02-25,23,majority_baseline,{},0,0.2400176214,0.5165592651,0.2434231135,0.0001943209282,0,2.96803653e-07,False
2021-02-26,23,majority_baseline,{},0,0.2400176214,0.5165592651,0.2434231135,0.0001943209282,0,2.96803653e-07,False
2021-03-01,23,majority_baseline,{},0,0.2400176214,0.5165592651,0.2434231135,0.0001943209282,0,3.710045662e-07,False
2021-03-02,23,majority_baseline,{},0,0.2400176214,0.5165592651,0.2434231135,0.0001943209282,0,2.96803653e-07,False
2021-03-03,23,majority_baseline,{},0,0.2400176214,0.5165592651,0.2434231135,0.0001943209282,0,3.710045662e-07,False
2021-03-04,23,majority_baseline,{},0,0.2400176214,0.5165592651,0.2434231135,0.0001943209282,0,2.96803653e-07,False
2021-03-05,23,majority_baseline,{},0,0.2400176214,0.5165592651,0.2434231135,0.0001943209282,0,2.96803653e-07,False
2021-03-08,23,majority_baseline,{},0,0.2400176214,0.5165592651,0.2434231135,0.0001943209282,0,3.710045662e-07,False
2021-03-09,23,majority_baseline,{},0,0.2400176214,0.5165592651,0.2434231135,0.0001943209282,0,3.710045662e-07,False
2021-03-10,23,majority_baseline,{},0,0.2400176214,0.5165592651,0.2434231135,0.0001943209282,0,2.96803653e-07,False
2021-03-11,23,majority_baseline,{},0,0.2400176214,0.5165592651,0.2434231135,0.0001943209282,0,2.96803653e-07,False
2021-03-12,23,majority_baseline,{},0,0.2400176214,0.5165592651,0.2434231135,0.0001943209282,0,2.96803653e-07,False
2021-03-15,23,majority_baseline,{},0,0.2400176214,0.5165592651,0.2434231135,0.0001943209282,0,2.96803653e-07,False
2021-03-16,23,majority_baseline,{},0,0.2400176214,0.5165592651,0.2434231135,0.0001943209282,0,1.484018265e-07,False
2021-03-17,23,majority_baseline,{},0,0.2400176214,0.5165592651,0.2434231135,0.0001943209282,0,1.484018265e-07,False
2021-03-18,23,majority_baseline,{},0,0.2400176214,0.5165592651,0.2434231135,0.0001943209282,0,7.420091324e-08,False
2021-03-19,23,majority_baseline,{},0,0.2400176214,0.5165592651,0.2434231135,0.0001943209282,0,7.420091324e-08,False
2021-03-22,24,random_forest,"{'max_depth': 3, 'min_samples_leaf': 50}",0,0.2524134583,0.5942981247,0.153288417,-0.0005773560747,-1,2.226027397e-07,False
2021-03-23,24,random_forest,"{'max_depth': 3, 'min_samples_leaf': 50}",0,0.2646857204,0.5138803347,0.2214339449,-0.0002065474967,0,7.420091324e-08,False
2021-03-24,24,random_forest,"{'max_depth': 3, 'min_samples_leaf': 50}",0,0.2808719627,0.4575952029,0.2615328344,-7.345101056e-05,0,1.484018265e-07,False
2021-03-25,24,random_forest,"{'max_depth': 3, 'min_samples_leaf': 50}",0,0.2666566034,0.4951858554,0.2381575413,-0.000105667115,0,1.484018265e-07,False
2021-03-26,24,random_forest,"{'max_depth': 3, 'min_samples_leaf': 50}",0,0.2354941292,0.5578161306,0.2066897402,-3.488254241e-05,0,1.484018265e-07,False
2021-03-29,24,random_forest,"{'max_depth': 3, 'min_samples_leaf': 50}",0,0.2543684317,0.5229072759,0.2227242924,-9.938411774e-05,0,2.226027397e-07,False
2021-03-30,24,random_forest,"{'max_depth': 3, 'min_samples_leaf': 50}",0,0.2609043469,0.5034278273,0.2356678258,-6.886789707e-05,0,1.484018265e-07,False
2021-03-31,24,random_forest,"{'max_depth': 3, 'min_samples_leaf': 50}",0,0.2616439443,0.4968619926,0.2414940632,-3.422560317e-05,0,2.226027397e-07,False
2021-04-01,24,random_forest,"{'max_depth': 3, 'min_samples_leaf': 50}",0,0.2011820663,0.6791040739,0.1197138598,-0.0003311337541,0,1.484018265e-07,False
2021-04-05,24,random_forest,"{'max_depth': 3, 'min_samples_leaf': 50}",0,0.224157586,0.6347864441,0.1410559699,-0.0003966120317,0,2.226027397e-07,False
2021-04-06,24,random_forest,"{'max_depth': 3, 'min_samples_leaf': 50}",0,0.2505601359,0.5421856557,0.2072542084,-0.0001738592218,0,1.484018265e-07,False
2021-04-07,24,random_forest,"{'max_depth': 3, 'min_samples_leaf': 50}",0,0.2263484797,0.6204858539,0.1531656664,-0.0003308136535,0,1.484018265e-07,False
2021-04-08,24,random_forest,"{'max_depth': 3, 'min_samples_leaf': 50}",0,0.2240925988,0.6332195622,0.142687839,-0.0003843258032,0,7.420091324e-08,False
2021-04-09,24,random_forest,"{'max_depth': 3, 'min_samples_leaf': 50}",0,0.2342109685,0.6038321912,0.1619568403,-0.000342582984,0,1.484018265e-07,False
2021-04-12,24,random_forest,"{'max_depth': 3, 'min_samples_leaf': 50}",0,0.24802034,0.5453773878,0.2066022722,-0.0001544123008,0,1.484018265e-07,False
2021-04-13,24,random_forest,"{'max_depth': 3, 'min_samples_leaf': 50}",0,0.2375019561,0.5886046494,0.1738933944,-0.0002884653038,0,2.226027397e-07,False
2021-04-14,24,random_forest,"{'max_depth': 3, 'min_samples_leaf': 50}",0,0.2507506618,0.5328447987,0.2164045396,-0.0001102346182,0,1.484018265e-07,False
2021-04-15,24,random_forest,"{'max_depth': 3, 'min_samples_leaf': 50}",0,0.2391553678,0.5458290206,0.2150156116,-1.009910008e-05,0,1.484018265e-07,False
2021-04-16,24,random_forest,"{'max_depth': 3, 'min_samples_leaf': 50}",0,0.2622871935,0.4683462761,0.2693665304,0.0001589817879,0,1.484018265e-07,False
2021-04-19,24,random_forest,"{'max_depth': 3, 'min_samples_leaf': 50}",0,0.2683164209,0.4588615329,0.2728220463,0.0001264597888,0,1.484018265e-07,False
2021-04-20,24,random_forest,"{'max_depth': 3, 'min_samples_leaf': 50}",0,0.2608195633,0.4768794314,0.2623010053,0.0001223882703,0,2.226027397e-07,False
2021-04-21,25,random_forest,"{'max_depth': 3, 'min_samples_leaf': 50}",0,0.2514920707,0.5150654329,0.2334424964,3.657374675e-05,0,2.226027397e-07,False
2021-04-22,25,random_forest,"{'max_depth': 3, 'min_samples_leaf': 50}",0,0.2806757092,0.3937902594,0.3255340313,0.0004190632259,1,2.226027397e-07,False
2021-04-23,25,random_forest,"{'max_depth': 3, 'min_samples_leaf': 50}",0,0.2495707644,0.5210330299,0.2293962057,2.581327601e-05,0,2.226027397e-07,False
2021-04-26,25,random_forest,"{'max_depth': 3, 'min_samples_leaf': 50}",0,0.2580839742,0.5255855345,0.2163304912,-0.0001481550975,0,2.226027397e-07,False
2021-04-27,25,random_forest,"{'max_depth': 3, 'min_samples_leaf': 50}",0,0.268443767,0.4834285472,0.2481276858,-1.876999485e-05,0,7.420091324e-08,False
2021-04-28,25,random_forest,"{'max_depth': 3, 'min_samples_leaf': 50}",0,0.2593335311,0.4963138569,0.2443526121,4.041497631e-05,0,7.420091324e-08,False
2021-04-29,25,random_forest,"{'max_depth': 3, 'min_samples_leaf': 50}",0,0.260445335,0.4642770848,0.2752775802,0.0002510468904,0,7.420091324e-08,False
2021-04-30,25,random_forest,"{'max_depth': 3, 'min_samples_leaf': 50}",0,0.2830396469,0.3936857809,0.3232745721,0.0003805430663,0,7.420091324e-08,False
2021-05-03,25,random_forest,"{'max_depth': 3, 'min_samples_leaf': 50}",0,0.2594456337,0.4835969953,0.2569573709,0.0001294931437,0,2.96803653e-07,False
2021-05-04,25,random_forest,"{'max_depth': 3, 'min_samples_leaf': 50}",0,0.2828110667,0.4080470379,0.3091418953,0.0002816403701,0,1.484018265e-07,False
2021-05-05,25,random_forest,"{'max_depth': 3, 'min_samples_leaf': 50}",0,0.2588572981,0.4779855644,0.2631571375,0.0001793942061,0,1.484018265e-07,False
2021-05-06,25,random_forest,"{'max_depth': 3, 'min_samples_leaf': 50}",0,0.2517371795,0.5112114886,0.2370513319,6.006242153e-05,0,1.484018265e-07,False
2021-05-07,25,random_forest,"{'max_depth': 3, 'min_samples_leaf': 50}",0,0.2501879806,0.5104003333,0.2394116861,9.159682099e-05,0,1.484018265e-07,False
2021-05-10,25,random_forest,"{'max_depth': 3, 'min_samples_leaf': 50}",0,0.2646391076,0.436755631,0.2986052614,0.0003781945498,0,1.484018265e-07,False
2021-05-11,25,random_forest,"{'max_depth': 3, 'min_samples_leaf': 50}",0,0.3254200152,0.3377755975,0.3368043873,7.638659058e-05,0,7.420091324e-08,False
2021-05-12,25,random_forest,"{'max_depth': 3, 'min_samples_leaf': 50}",0,0.3199217528,0.317526701,0.3625515463,0.0003125211546,0,1.484018265e-07,False
2021-05-13,25,random_forest,"{'max_depth': 3, 'min_samples_leaf': 50}",0,0.3132945004,0.3395107959,0.3471947037,0.0002653944942,0,1.484018265e-07,False
2021-05-14,25,random_forest,"{'max_depth': 3, 'min_samples_leaf': 50}",0,0.2556870587,0.4951001217,0.2492128196,0.0001096660395,0,7.420091324e-08,False
2021-05-17,25,random_forest,"{'max_depth': 3, 'min_samples_leaf': 50}",0,0.2553909604,0.4879649015,0.2566441382,0.0001656096165,0,1.484018265e-07,False
2021-05-18,25,random_forest,"{'max_depth': 3, 'min_samples_leaf': 50}",0,0.2738359763,0.4451288623,0.2810351613,0.0001655473134,0,1.484018265e-07,False
2021-05-19,25,random_forest,"{'max_depth': 3, 'min_samples_leaf': 50}",0,0.3162712445,0.3541142524,0.3296145032,0.0001115162401,0,7.420091324e-08,False
2021-05-20,26,random_forest,"{'max_depth': 3, 'min_samples_leaf': 50}",0,0.2576203277,0.4866393785,0.2557402938,0.0001393625066,0,7.420091324e-08,False
2021-05-21,26,random_forest,"{'max_depth': 3, 'min_samples_leaf': 50}",0,0.2606153654,0.4287494688,0.3106351659,0.0005051375285,1,7.420091324e-08,False
2021-05-24,26,random_forest,"{'max_depth': 3, 'min_samples_leaf': 50}",0,0.2478178129,0.5276790177,0.2245031694,7.773407524e-06,0,1.484018265e-07,False
2021-05-25,26,random_forest,"{'max_depth': 3, 'min_samples_leaf': 50}",0,0.2429732137,0.5166456399,0.2403811464,0.0001675545343,0,1.484018265e-07,False
2021-05-26,26,random_forest,"{'max_depth': 3, 'min_samples_leaf': 50}",0,0.2445023556,0.5889127341,0.1665849103,-0.0003766774621,0,1.484018265e-07,False
2021-05-27,26,random_forest,"{'max_depth': 3, 'min_samples_leaf': 50}",0,0.2480426857,0.5793397366,0.1726175777,-0.0003668349373,0,1.484018265e-07,False
2021-05-28,26,random_forest,"{'max_depth': 3, 'min_samples_leaf': 50}",0,0.243917478,0.5398012126,0.2162813094,-1.438216183e-05,0,7.420091324e-08,False
2021-06-01,26,random_forest,"{'max_depth': 3, 'min_samples_leaf': 50}",0,0.2484513128,0.507439466,0.2441092212,0.0001425354965,0,1.484018265e-07,False
2021-06-02,26,random_forest,"{'max_depth': 3, 'min_samples_leaf': 50}",0,0.2475154443,0.5594978189,0.1929867369,-0.000215622466,0,1.484018265e-07,False
2021-06-03,26,random_forest,"{'max_depth': 3, 'min_samples_leaf': 50}",0,0.2557743148,0.5405035002,0.2037221849,-0.0002166217923,0,1.484018265e-07,False
2021-06-04,26,random_forest,"{'max_depth': 3, 'min_samples_leaf': 50}",0,0.2248683375,0.6199403737,0.1551912888,-0.0002728777225,0,1.484018265e-07,False
2021-06-07,26,random_forest,"{'max_depth': 3, 'min_samples_leaf': 50}",0,0.2372504039,0.5542770965,0.2084724997,-7.419431933e-06,0,1.484018265e-07,False
2021-06-08,26,random_forest,"{'max_depth': 3, 'min_samples_leaf': 50}",0,0.2397940327,0.5084185874,0.2517873799,0.0002794907275,0,1.484018265e-07,False
2021-06-09,26,random_forest,"{'max_depth': 3, 'min_samples_leaf': 50}",0,0.2497275674,0.4913947065,0.2588777261,0.0002364934651,0,2.226027397e-07,False
2021-06-10,26,random_forest,"{'max_depth': 3, 'min_samples_leaf': 50}",0,0.2404391684,0.5233384049,0.2362224267,0.0001616528706,0,2.226027397e-07,False
2021-06-11,26,random_forest,"{'max_depth': 3, 'min_samples_leaf': 50}",0,0.2418932057,0.5304644822,0.227642312,8.631236335e-05,0,2.226027397e-07,False
2021-06-14,26,random_forest,"{'max_depth': 3, 'min_samples_leaf': 50}",0,0.2444756768,0.5342993363,0.2212249869,1.583165896e-05,0,2.226027397e-07,False
2021-06-15,26,random_forest,"{'max_depth': 3, 'min_samples_leaf': 50}",0,0.2445176474,0.5151823458,0.2403000069,0.0001523730357,0,2.226027397e-07,False
2021-06-16,26,random_forest,"{'max_depth': 3, 'min_samples_leaf': 50}",0,0.2630184284,0.4235344532,0.3134471184,0.0005026089853,1,2.96803653e-07,False
2021-06-17,26,random_forest,"{'max_depth': 3, 'min_samples_leaf': 50}",0,0.2696911953,0.4278072237,0.302501581,0.0003609564186,0,2.96803653e-07,False
2021-06-18,26,random_forest,"{'max_depth': 3, 'min_samples_leaf': 50}",0,0.2867826057,0.252608625,0.4606087693,0.001334436567,1,3.710045662e-07,False
2021-06-21,27,random_forest,"{'max_depth': 3, 'min_samples_leaf': 50}",0,0.2849455376,0.4507120803,0.2643423821,-6.745639032e-05,0,3.710045662e-07,False
2021-06-22,27,random_forest,"{'max_depth': 3, 'min_samples_leaf': 50}",0,0.2663142586,0.4973982248,0.2362875166,-9.362484e-05,0,2.96803653e-07,False
2021-06-23,27,random_forest,"{'max_depth': 3, 'min_samples_leaf': 50}",0,0.271632115,0.5051867948,0.2231810902,-0.0002375434361,0,3.710045662e-07,False
2021-06-24,27,random_forest,"{'max_depth': 3, 'min_samples_leaf': 50}",0,0.2615990539,0.5321942187,0.2062067274,-0.0002650191474,0,3.710045662e-07,False
2021-06-25,27,random_forest,"{'max_depth': 3, 'min_samples_leaf': 50}",0,0.2604417344,0.5302132278,0.2093450378,-0.0002316478674,0,4.452054795e-07,False
2021-06-28,27,random_forest,"{'max_depth': 3, 'min_samples_leaf': 50}",0,0.2611299281,0.5213038126,0.2175662594,-0.0001791651466,0,3.710045662e-07,False
2021-06-29,27,random_forest,"{'max_depth': 3, 'min_samples_leaf': 50}",0,0.2639611588,0.5287347809,0.2073040603,-0.0002793361808,0,2.96803653e-07,False
2021-06-30,27,random_forest,"{'max_depth': 3, 'min_samples_leaf': 50}",0,0.2429563807,0.5531410243,0.203902595,-0.0001064475539,0,3.710045662e-07,False
2021-07-01,27,random_forest,"{'max_depth': 3, 'min_samples_leaf': 50}",0,0.2379066747,0.5846757578,0.1774175675,-0.0002489185714,0,3.710045662e-07,False
2021-07-02,27,random_forest,"{'max_depth': 3, 'min_samples_leaf': 50}",0,0.2305681143,0.6037253325,0.1657065531,-0.0002639628071,0,3.710045662e-07,False
2021-07-06,27,random_forest,"{'max_depth': 3, 'min_samples_leaf': 50}",0,0.2701710265,0.4300082857,0.2998206878,0.0003256858491,0,3.710045662e-07,False
2021-07-07,27,random_forest,"{'max_depth': 3, 'min_samples_leaf': 50}",0,0.2755121457,0.4411522157,0.2833356386,0.0001573240074,0,3.710045662e-07,False
2021-07-08,27,random_forest,"{'max_depth': 3, 'min_samples_leaf': 50}",0,0.3044007741,0.3659438752,0.3296553507,0.0002181144311,0,4.452054795e-07,False
2021-07-09,27,random_forest,"{'max_depth': 3, 'min_samples_leaf': 50}",0,0.2658876431,0.4856350765,0.2484772804,-2.217325168e-06,0,4.452054795e-07,False
2021-07-12,27,random_forest,"{'max_depth': 3, 'min_samples_leaf': 50}",0,0.2755009348,0.4605442287,0.2639548365,1.846874547e-05,0,3.710045662e-07,False
2021-07-13,27,random_forest,"{'max_depth': 3, 'min_samples_leaf': 50}",0,0.2656578095,0.4973384522,0.2370037384,-8.232414235e-05,0,3.710045662e-07,False
2021-07-14,27,random_forest,"{'max_depth': 3, 'min_samples_leaf': 50}",0,0.2652104207,0.4939222837,0.2408672956,-5.042051545e-05,0,4.452054795e-07,False
2021-07-15,27,random_forest,"{'max_depth': 3, 'min_samples_leaf': 50}",0,0.270142861,0.4610903803,0.2687667587,0.0001032933821,0,3.710045662e-07,False
2021-07-16,27,random_forest,"{'max_depth': 3, 'min_samples_leaf': 50}",0,0.3069836534,0.2898225229,0.4031938237,0.0007211276198,1,3.710045662e-07,False
2021-07-19,27,random_forest,"{'max_depth': 3, 'min_samples_leaf': 50}",0,0.3230890098,0.2444784398,0.4324325505,0.0007795078673,1,3.710045662e-07,False
2021-07-20,27,random_forest,"{'max_depth': 3, 'min_samples_leaf': 50}",0,0.3385615484,0.3010757921,0.3603626595,0.0001174476916,0,3.710045662e-07,False
2021-07-21,28,random_forest,"{'max_depth': 3, 'min_samples_leaf': 50}",0,0.2667950011,0.4774044285,0.2558005705,6.026082039e-05,0,3.710045662e-07,False
2021-07-22,28,random_forest,"{'max_depth': 3, 'min_samples_leaf': 50}",0,0.2630722795,0.482612503,0.2543152175,8.44451506e-05,0,3.710045662e-07,False
2021-07-23,28,random_forest,"{'max_depth': 3, 'min_samples_leaf': 50}",0,0.2569095937,0.5033725904,0.239717816,3.777887329e-05,0,3.710045662e-07,False
2021-07-26,28,random_forest,"{'max_depth': 3, 'min_samples_leaf': 50}",0,0.2550801928,0.52775181,0.2171679971,-0.000106189319,0,3.710045662e-07,False
2021-07-27,28,random_forest,"{'max_depth': 3, 'min_samples_leaf': 50}",0,0.2760980968,0.405724252,0.3181776512,0.0004188512425,1,3.710045662e-07,False
2021-07-28,28,random_forest,"{'max_depth': 3, 'min_samples_leaf': 50}",0,0.2644269474,0.4743089497,0.2612641029,0.0001214177227,0,3.710045662e-07,False
2021-07-29,28,random_forest,"{'max_depth': 3, 'min_samples_leaf': 50}",0,0.2635915168,0.4933942443,0.2430142388,-1.127190381e-06,0,4.452054795e-07,False
2021-07-30,28,random_forest,"{'max_depth': 3, 'min_samples_leaf': 50}",0,0.2663967326,0.4732758902,0.2603273772,9.631674085e-05,0,4.452054795e-07,False
2021-08-02,28,random_forest,"{'max_depth': 3, 'min_samples_leaf': 50}",0,0.2664816342,0.414411303,0.3191070628,0.0005153682747,1,3.710045662e-07,False
2021-08-03,28,random_forest,"{'max_depth': 3, 'min_samples_leaf': 50}",0,0.2564424027,0.4848503542,0.2587072431,0.000177780974,0,3.710045662e-07,False
2021-08-04,28,random_forest,"{'max_depth': 3, 'min_samples_leaf': 50}",0,0.2711797668,0.4469200058,0.2819002275,0.0002057011485,0,3.710045662e-07,False
2021-08-05,28,random_forest,"{'max_depth': 3, 'min_samples_leaf': 50}",0,0.2598245462,0.5005481253,0.2396273286,9.88847228e-06,0,3.710045662e-07,False
2021-08-06,28,random_forest,"{'max_depth': 3, 'min_samples_leaf': 50}",0,0.2584398373,0.5141645356,0.2273956271,-6.453684319e-05,0,4.452054795e-07,False
2021-08-09,28,random_forest,"{'max_depth': 3, 'min_samples_leaf': 50}",0,0.2599822957,0.5062496994,0.233768005,-3.343723497e-05,0,4.452054795e-07,False
2021-08-10,28,random_forest,"{'max_depth': 3, 'min_samples_leaf': 50}",0,0.251278155,0.5346493634,0.2140724816,-9.276456453e-05,0,3.710045662e-07,False
2021-08-11,28,random_forest,"{'max_depth': 3, 'min_samples_leaf': 50}",0,0.2440084044,0.5495840881,0.2064075074,-7.956768373e-05,0,3.710045662e-07,False
2021-08-12,28,random_forest,"{'max_depth': 3, 'min_samples_leaf': 50}",0,0.2450592126,0.5501468766,0.2047939109,-0.0001009142921,0,4.452054795e-07,False
2021-08-13,28,random_forest,"{'max_depth': 3, 'min_samples_leaf': 50}",0,0.240443729,0.5534360537,0.2061202172,-4.830311281e-05,0,4.452054795e-07,False
2021-08-16,28,random_forest,"{'max_depth': 3, 'min_samples_leaf': 50}",0,0.2424578403,0.5375995419,0.2199426177,3.160147594e-05,0,4.452054795e-07,False
2021-08-17,28,random_forest,"{'max_depth': 3, 'min_samples_leaf': 50}",0,0.2699991976,0.4213109868,0.3086898156,0.0004080848388,1,5.194063927e-07,False
2021-08-18,28,random_forest,"{'max_depth': 3, 'min_samples_leaf': 50}",0,0.3262951952,0.2267469781,0.4469578267,0.0008695299408,1,5.194063927e-07,False
2021-08-19,29,random_forest,"{'max_depth': 3, 'min_samples_leaf': 50}",0,0.3340972336,0.2089519875,0.4569507789,0.0008744300679,1,4.452054795e-07,False
2021-08-20,29,random_forest,"{'max_depth': 3, 'min_samples_leaf': 50}",0,0.2673645597,0.4467834156,0.2858520247,0.0002805589137,0,3.710045662e-07,False
2021-08-23,29,random_forest,"{'max_depth': 3, 'min_samples_leaf': 50}",0,0.2433436154,0.5246599339,0.2319964507,0.0001217025609,0,3.710045662e-07,False
2021-08-24,29,random_forest,"{'max_depth': 3, 'min_samples_leaf': 50}",0,0.2479307688,0.5345602294,0.2175090018,-2.387332844e-05,0,3.710045662e-07,False
2021-08-25,29,random_forest,"{'max_depth': 3, 'min_samples_leaf': 50}",0,0.2448323914,0.536900478,0.2182671306,1.034982958e-05,0,4.452054795e-07,False
2021-08-26,29,random_forest,"{'max_depth': 3, 'min_samples_leaf': 50}",0,0.2675240094,0.4479222976,0.284553693,0.0002698549907,0,3.710045662e-07,False
2021-08-27,29,random_forest,"{'max_depth': 3, 'min_samples_leaf': 50}",0,0.2431741081,0.4914556494,0.2653702425,0.0003602758786,0,3.710045662e-07,False
2021-08-30,29,random_forest,"{'max_depth': 3, 'min_samples_leaf': 50}",0,0.2424550353,0.5260223471,0.2315226176,0.0001266086011,0,3.710045662e-07,False
2021-08-31,29,random_forest,"{'max_depth': 3, 'min_samples_leaf': 50}",0,0.2403392955,0.5414414996,0.2182192049,5.183094576e-05,0,2.96803653e-07,False
2021-09-01,29,random_forest,"{'max_depth': 3, 'min_samples_leaf': 50}",0,0.2244938106,0.6340732905,0.1414328988,-0.0003459588611,0,3.710045662e-07,False
2021-09-02,29,random_forest,"{'max_depth': 3, 'min_samples_leaf': 50}",0,0.2285399875,0.628684273,0.1427757395,-0.0003740845713,0,3.710045662e-07,False
2021-09-03,29,random_forest,"{'max_depth': 3, 'min_samples_leaf': 50}",0,0.235763265,0.5547123948,0.2095243401,3.267995685e-05,0,3.710045662e-07,False
2021-09-07,29,random_forest,"{'max_depth': 3, 'min_samples_leaf': 50}",0,0.2579552781,0.4984029936,0.2436417284,6.839414212e-05,0,3.710045662e-07,False
2021-09-08,29,random_forest,"{'max_depth': 3, 'min_samples_leaf': 50}",0,0.2581847729,0.4846051165,0.2572101106,0.0001626104585,0,3.710045662e-07,False
2021-09-09,29,random_forest,"{'max_depth': 3, 'min_samples_leaf': 50}",0,0.2938362923,0.3550928369,0.3510708708,0.0004972968933,1,2.96803653e-07,False
2021-09-10,29,random_forest,"{'max_depth': 3, 'min_samples_leaf': 50}",0,0.295593284,0.2819815961,0.4224251199,0.0009876471079,1,3.710045662e-07,False
2021-09-13,29,random_forest,"{'max_depth': 3, 'min_samples_leaf': 50}",0,0.2991647575,0.2796446322,0.4211906103,0.0009456375039,1,4.452054795e-07,False
2021-09-14,29,random_forest,"{'max_depth': 3, 'min_samples_leaf': 50}",0,0.2958711476,0.2592971715,0.4448316809,0.001144175306,1,2.96803653e-07,False
2021-09-15,29,random_forest,"{'max_depth': 3, 'min_samples_leaf': 50}",0,0.2713136638,0.4201076632,0.308578673,0.0004051884604,1,2.96803653e-07,False
2021-09-16,29,random_forest,"{'max_depth': 3, 'min_samples_leaf': 50}",0,0.2831956598,0.3884746123,0.3283297279,0.0004348487334,1,2.96803653e-07,False
2021-09-17,29,random_forest,"{'max_depth': 3, 'min_samples_leaf': 50}",0,0.3077797004,0.2131300226,0.479090277,0.00127661003,1,2.96803653e-07,False
2021-09-20,30,random_forest,"{'max_depth': 3, 'min_samples_leaf': 50}",0,0.332702316,0.2219962296,0.4453014545,0.0007915034653,1,2.96803653e-07,False
2021-09-21,30,random_forest,"{'max_depth': 3, 'min_samples_leaf': 50}",0,0.3257558444,0.2452488711,0.4289952845,0.0007403160942,1,2.226027397e-07,False
2021-09-22,30,random_forest,"{'max_depth': 3, 'min_samples_leaf': 50}",0,0.3088117694,0.319536758,0.3716514726,0.0004908197317,1,2.226027397e-07,False
2021-09-23,30,random_forest,"{'max_depth': 3, 'min_samples_leaf': 50}",0,0.2502745824,0.5015772278,0.2481481898,0.0001581278363,0,2.226027397e-07,False
2021-09-24,30,random_forest,"{'max_depth': 3, 'min_samples_leaf': 50}",0,0.2403217009,0.5343112988,0.2253670003,8.891720259e-05,0,2.226027397e-07,False
2021-09-27,30,random_forest,"{'max_depth': 3, 'min_samples_leaf': 50}",0,0.2647074513,0.4837290522,0.2515634965,4.836254011e-05,0,2.96803653e-07,False
2021-09-28,30,random_forest,"{'max_depth': 3, 'min_samples_leaf': 50}",0,0.3324574921,0.2566047199,0.410937788,0.0005499962552,1,2.96803653e-07,False
2021-09-29,30,random_forest,"{'max_depth': 3, 'min_samples_leaf': 50}",0,0.3052836863,0.3152506715,0.3794656422,0.0005790089439,1,2.96803653e-07,False
2021-09-30,30,random_forest,"{'max_depth': 3, 'min_samples_leaf': 50}",0,0.3260560438,0.2872461227,0.3866978334,0.0004374656624,1,2.96803653e-07,False
2021-10-01,30,random_forest,"{'max_depth': 3, 'min_samples_leaf': 50}",0,0.2745048638,0.4208018257,0.3046933105,0.0003343134703,0,2.96803653e-07,False
2021-10-04,30,random_forest,"{'max_depth': 3, 'min_samples_leaf': 50}",0,0.2864355231,0.3803255253,0.3332389516,0.0004260562712,1,2.96803653e-07,False
2021-10-05,30,random_forest,"{'max_depth': 3, 'min_samples_leaf': 50}",0,0.2672604641,0.4783814502,0.2543580857,4.448568357e-05,0,2.96803653e-07,False
2021-10-06,30,random_forest,"{'max_depth': 3, 'min_samples_leaf': 50}",0,0.2550101994,0.4769277015,0.2680620991,0.0002554344046,0,2.96803653e-07,False
2021-10-07,30,random_forest,"{'max_depth': 3, 'min_samples_leaf': 50}",0,0.2485962575,0.5101947673,0.2412089752,0.000124481652,0,3.710045662e-07,False
2021-10-08,30,random_forest,"{'max_depth': 3, 'min_samples_leaf': 50}",0,0.2483332035,0.5082279241,0.2434388725,0.0001427429996,0,3.710045662e-07,False
2021-10-11,30,random_forest,"{'max_depth': 3, 'min_samples_leaf': 50}",0,0.2537807072,0.4997527242,0.2464665685,0.0001136475479,0,3.710045662e-07,False
2021-10-12,30,random_forest,"{'max_depth': 3, 'min_samples_leaf': 50}",0,0.2459760567,0.509962252,0.2440616914,0.0001690449669,0,4.452054795e-07,False
2021-10-13,30,random_forest,"{'max_depth': 3, 'min_samples_leaf': 50}",0,0.2445867901,0.5273291307,0.2280840791,6.859566026e-05,0,3.710045662e-07,False
2021-10-14,30,random_forest,"{'max_depth': 3, 'min_samples_leaf': 50}",0,0.2021684302,0.659308641,0.1385229288,-0.0001729527551,0,3.710045662e-07,False
2021-10-15,30,random_forest,"{'max_depth': 3, 'min_samples_leaf': 50}",0,0.1999574009,0.6697486034,0.1302939958,-0.0002108027671,0,3.710045662e-07,False
2021-10-18,30,random_forest,"{'max_depth': 3, 'min_samples_leaf': 50}",0,0.1957052874,0.6757986012,0.1284961115,-0.0001840808104,0,4.452054795e-07,False
2021-10-19,31,random_forest,"{'max_depth': 3, 'min_samples_leaf': 50}",0,0.1861646469,0.7170705877,0.09676476538,-0.0003211315203,0,3.710045662e-07,False
2021-10-20,31,random_forest,"{'max_depth': 3, 'min_samples_leaf': 50}",0,0.1909160492,0.7070442325,0.1020397183,-0.0003278327945,0,3.710045662e-07,False
2021-10-21,31,random_forest,"{'max_depth': 3, 'min_samples_leaf': 50}",0,0.1927656506,0.7034662881,0.1037680613,-0.0003327532937,0,4.452054795e-07,False
2021-10-22,31,random_forest,"{'max_depth': 3, 'min_samples_leaf': 50}",0,0.2108859354,0.624821443,0.1642926216,-7.092932603e-05,0,4.452054795e-07,False
2021-10-25,31,random_forest,"{'max_depth': 3, 'min_samples_leaf': 50}",0,0.1892578751,0.7102955085,0.1004466164,-0.0003237318912,0,4.452054795e-07,False
2021-10-26,31,random_forest,"{'max_depth': 3, 'min_samples_leaf': 50}",0,0.2151665685,0.6115726663,0.1732607652,-4.69834867e-05,0,4.452054795e-07,False
2021-10-27,31,random_forest,"{'max_depth': 3, 'min_samples_leaf': 50}",0,0.230034699,0.5466038084,0.2233614925,0.0001709706242,0,4.452054795e-07,False
2021-10-28,31,random_forest,"{'max_depth': 3, 'min_samples_leaf': 50}",0,0.2319483105,0.5526124753,0.2154392142,9.681889169e-05,0,4.452054795e-07,False
2021-10-29,31,random_forest,"{'max_depth': 3, 'min_samples_leaf': 50}",0,0.2339215346,0.5378460706,0.2282323948,0.0001694414543,0,3.710045662e-07,False
2021-11-01,31,random_forest,"{'max_depth': 3, 'min_samples_leaf': 50}",0,0.2457323591,0.5164160139,0.237851627,0.0001279413112,0,3.710045662e-07,False
2021-11-02,31,random_forest,"{'max_depth': 3, 'min_samples_leaf': 50}",0,0.2538481882,0.4605116782,0.2856401336,0.000392288271,0,3.710045662e-07,False
2021-11-03,31,random_forest,"{'max_depth': 3, 'min_samples_leaf': 50}",0,0.253726399,0.475570208,0.270703393,0.0002871910406,0,3.710045662e-07,False
2021-11-04,31,random_forest,"{'max_depth': 3, 'min_samples_leaf': 50}",0,0.2507725944,0.4864158063,0.2628115992,0.0002585526677,0,2.96803653e-07,False
2021-11-05,31,random_forest,"{'max_depth': 3, 'min_samples_leaf': 50}",0,0.2633136752,0.4045596318,0.332126693,0.0006348157163,1,3.710045662e-07,False
2021-11-08,31,random_forest,"{'max_depth': 3, 'min_samples_leaf': 50}",0,0.29028603,0.3986693193,0.3110446507,0.0002338726785,0,4.452054795e-07,False
2021-11-09,31,random_forest,"{'max_depth': 3, 'min_samples_leaf': 50}",0,0.2850694915,0.3481004286,0.3668300799,0.0006791660743,1,2.96803653e-07,False
2021-11-10,31,random_forest,"{'max_depth': 3, 'min_samples_leaf': 50}",0,0.3066080658,0.2980208546,0.3953710796,0.0006817109952,1,3.710045662e-07,False
2021-11-11,31,random_forest,"{'max_depth': 3, 'min_samples_leaf': 50}",0,0.2786759301,0.4223282911,0.2989957787,0.00025622518,0,3.710045662e-07,False
2021-11-12,31,random_forest,"{'max_depth': 3, 'min_samples_leaf': 50}",0,0.2505057035,0.5183742061,0.2311200904,3.564527886e-05,0,3.710045662e-07,False
2021-11-15,31,random_forest,"{'max_depth': 3, 'min_samples_leaf': 50}",0,0.2592108077,0.4908473894,0.2499418029,8.849556595e-05,0,3.710045662e-07,False
2021-11-16,31,random_forest,"{'max_depth': 3, 'min_samples_leaf': 50}",0,0.2644846476,0.4505730135,0.2849423389,0.0002883418128,0,3.710045662e-07,False
2021-11-17,32,random_forest,"{'max_depth': 3, 'min_samples_leaf': 50}",0,0.3087731845,0.386737754,0.3044890615,2.668800176e-05,0,3.710045662e-07,False
2021-11-18,32,random_forest,"{'max_depth': 3, 'min_samples_leaf': 50}",0,0.3039220918,0.353928443,0.3421494652,0.0003383999317,0,3.710045662e-07,False
2021-11-19,32,random_forest,"{'max_depth': 3, 'min_samples_leaf': 50}",0,0.3057304404,0.3585137002,0.3357558594,0.0002763829155,0,3.710045662e-07,False
2021-11-22,32,random_forest,"{'max_depth': 3, 'min_samples_leaf': 50}",0,0.3281215829,0.2512851757,0.4205932414,0.0006707618271,1,3.710045662e-07,False
2021-11-23,32,random_forest,"{'max_depth': 3, 'min_samples_leaf': 50}",0,0.3271158411,0.2939409123,0.3789432466,0.0003848832575,0,4.452054795e-07,False
2021-11-24,32,random_forest,"{'max_depth': 3, 'min_samples_leaf': 50}",0,0.3071831999,0.3410569915,0.3517598087,0.0003763804824,0,2.397260274e-07,False
2021-11-26,32,random_forest,"{'max_depth': 3, 'min_samples_leaf': 50}",0,0.3239071855,0.159304071,0.5167887436,0.001391424966,1,4.452054795e-07,False
2021-11-29,32,random_forest,"{'max_depth': 3, 'min_samples_leaf': 50}",0,0.3508736983,0.2255790282,0.4235472735,0.0004815057165,1,4.452054795e-07,False
2021-11-30,32,random_forest,"{'max_depth': 3, 'min_samples_leaf': 50}",0,0.3293024822,0.160221995,0.5104755229,0.001296840295,1,3.710045662e-07,False
2021-12-01,32,random_forest,"{'max_depth': 3, 'min_samples_leaf': 50}",0,0.3170127539,0.1534973151,0.529489931,0.001545130078,1,4.452054795e-07,False
2021-12-02,32,random_forest,"{'max_depth': 3, 'min_samples_leaf': 50}",0,0.327224521,0.2080113209,0.464764158,0.0009920846407,1,3.710045662e-07,False
2021-12-03,32,random_forest,"{'max_depth': 3, 'min_samples_leaf': 50}",0,0.2976028838,0.2088400562,0.4935570601,0.001469791305,1,4.452054795e-07,False
2021-12-06,32,random_forest,"{'max_depth': 3, 'min_samples_leaf': 50}",0,0.3151190544,0.3000378244,0.3848431212,0.0005375251868,1,3.710045662e-07,False
2021-12-07,32,random_forest,"{'max_depth': 3, 'min_samples_leaf': 50}",0,0.2214743565,0.5839660049,0.1945596386,5.412124014e-05,0,4.452054795e-07,False
2021-12-08,32,random_forest,"{'max_depth': 3, 'min_samples_leaf': 50}",0,0.2120889267,0.6268692586,0.1610418147,-9.67111849e-05,0,5.194063927e-07,False
2021-12-09,32,random_forest,"{'max_depth': 3, 'min_samples_leaf': 50}",0,0.2402509492,0.5426192949,0.2171297559,4.060974267e-05,0,4.452054795e-07,False
2021-12-10,32,random_forest,"{'max_depth': 3, 'min_samples_leaf': 50}",0,0.1964388138,0.6777292179,0.1258319683,-0.0002016597469,0,4.452054795e-07,False
2021-12-13,32,random_forest,"{'max_depth': 3, 'min_samples_leaf': 50}",0,0.2342388916,0.5334242144,0.232336894,0.0002039226676,0,3.710045662e-07,False
2021-12-14,32,random_forest,"{'max_depth': 3, 'min_samples_leaf': 50}",0,0.2484632978,0.5150773003,0.2364594019,0.0001017290612,0,3.710045662e-07,False
2021-12-15,32,random_forest,"{'max_depth': 3, 'min_samples_leaf': 50}",0,0.2164350086,0.5948522952,0.1887126962,5.923951777e-05,0,3.710045662e-07,False
2021-12-16,32,random_forest,"{'max_depth': 3, 'min_samples_leaf': 50}",0,0.2390954226,0.5237784677,0.2371261097,0.0001929972905,0,3.710045662e-07,False
2021-12-17,33,random_forest,"{'max_depth': 3, 'min_samples_leaf': 50}",0,0.2515238079,0.455757944,0.2927182481,0.0004529224047,1,3.710045662e-07,False
2021-12-20,33,random_forest,"{'max_depth': 3, 'min_samples_leaf': 50}",0,0.2644695196,0.4579757759,0.2775547046,0.0002244861108,0,5.194063927e-07,False
2021-12-21,33,random_forest,"{'max_depth': 3, 'min_samples_leaf': 50}",0,0.2636301862,0.4941255068,0.242244307,-1.936440295e-05,0,5.194063927e-07,False
2021-12-22,33,random_forest,"{'max_depth': 3, 'min_samples_leaf': 50}",0,0.2196484707,0.5996837256,0.1806678037,-4.928136034e-05,0,5.936073059e-07,False
2021-12-23,33,random_forest,"{'max_depth': 3, 'min_samples_leaf': 50}",0,0.2083204514,0.6522357748,0.1394437739,-0.00023775597,0,5.194063927e-07,False
2021-12-27,33,random_forest,"{'max_depth': 3, 'min_samples_leaf': 50}",0,0.1975015134,0.6506074823,0.1518910043,-4.845298705e-05,0,4.452054795e-07,False
2021-12-28,33,random_forest,"{'max_depth': 3, 'min_samples_leaf': 50}",0,0.1942531318,0.6796844223,0.1260624459,-0.0002023282696,0,4.452054795e-07,False
2021-12-29,33,random_forest,"{'max_depth': 3, 'min_samples_leaf': 50}",0,0.184940989,0.7184634953,0.09659551569,-0.0003257541918,0,3.710045662e-07,False
2021-12-30,33,random_forest,"{'max_depth': 3, 'min_samples_leaf': 50}",0,0.2372468495,0.5461051628,0.2166479876,4.352009468e-05,0,3.710045662e-07,False
2021-12-31,33,random_forest,"{'max_depth': 3, 'min_samples_leaf': 50}",0,0.2348564293,0.5630766594,0.2020669113,-3.817241863e-05,0,4.452054795e-07,False
2022-01-03,33,random_forest,"{'max_depth': 3, 'min_samples_leaf': 50}",0,0.2211589175,0.605077407,0.1737636755,-0.0001125304114,0,5.936073059e-07,False
2022-01-04,33,random_forest,"{'max_depth': 3, 'min_samples_leaf': 50}",0,0.2315584274,0.5863685032,0.1820730694,-0.0001500027647,0,5.936073059e-07,False
2022-01-05,33,random_forest,"{'max_depth': 3, 'min_samples_leaf': 50}",0,0.2811040568,0.3885625254,0.3303334178,0.0004459710153,1,6.678082192e-07,False
2022-01-06,33,random_forest,"{'max_depth': 3, 'min_samples_leaf': 50}",0,0.2947893489,0.4056063811,0.2996042701,9.972337376e-05,0,7.420091324e-07,False
2022-01-07,33,random_forest,"{'max_depth': 3, 'min_samples_leaf': 50}",0,0.2983346893,0.4070769428,0.2945883679,3.101149044e-05,0,7.420091324e-07,False
2022-01-10,33,random_forest,"{'max_depth': 3, 'min_samples_leaf': 50}",0,0.2993232521,0.3798383816,0.3208383664,0.0002089017306,0,9.646118721e-07,False
2022-01-11,33,random_forest,"{'max_depth': 3, 'min_samples_leaf': 50}",0,0.2946278271,0.4287663613,0.2766058116,-6.268306826e-05,0,8.162100457e-07,False
2022-01-12,33,random_forest,"{'max_depth': 3, 'min_samples_leaf': 50}",0,0.266534367,0.5087803698,0.2246852633,-0.0001715089043,0,8.904109589e-07,False
2022-01-13,33,random_forest,"{'max_depth': 3, 'min_samples_leaf': 50}",0,0.3115862746,0.2597863006,0.4286274248,0.0008630866829,1,8.904109589e-07,False
2022-01-14,33,random_forest,"{'max_depth': 3, 'min_samples_leaf': 50}",0,0.2929659404,0.3714841934,0.3355498662,0.0003728585922,0,9.646118721e-07,False
2022-01-18,33,random_forest,"{'max_depth': 3, 'min_samples_leaf': 50}",0,0.3573242313,0.1552562758,0.4874194929,0.00085682997,1,1.187214612e-06,False
2022-01-19,34,random_forest,"{'max_depth': 3, 'min_samples_leaf': 50}",0,0.3894865681,0.1283631378,0.4821502941,0.0005159363735,1,1.261415525e-06,False
2022-01-20,34,random_forest,"{'max_depth': 3, 'min_samples_leaf': 50}",0,0.3982259323,0.1283889617,0.473385106,0.0003716619971,0,1.261415525e-06,False
2022-01-21,34,random_forest,"{'max_depth': 3, 'min_samples_leaf': 50}",0,0.389294975,0.1363732853,0.4743317397,0.0004617704155,1,1.261415525e-06,False
2022-01-24,34,random_forest,"{'max_depth': 3, 'min_samples_leaf': 50}",0,0.4301555018,0.1431486545,0.4266958437,-0.0002604023557,0,1.409817352e-06,False
2022-01-25,34,random_forest,"{'max_depth': 3, 'min_samples_leaf': 50}",0,0.4083662458,0.1417012551,0.449932499,0.0001092046083,0,1.409817352e-06,False
2022-01-26,34,random_forest,"{'max_depth': 3, 'min_samples_leaf': 50}",0,0.3733323905,0.1550639343,0.4716036752,0.0005911921224,1,1.409817352e-06,False
2022-01-27,34,random_forest,"{'max_depth': 3, 'min_samples_leaf': 50}",0,0.338602933,0.1925908335,0.4688062336,0.0008952290213,1,1.484018265e-06,False
2022-01-28,34,random_forest,"{'max_depth': 3, 'min_samples_leaf': 50}",0,0.3511043461,0.2787304012,0.3701652527,7.265286966e-05,0,1.409817352e-06,False
2022-01-31,34,random_forest,"{'max_depth': 3, 'min_samples_leaf': 50}",0,0.2314452313,0.5441317721,0.2244229966,0.0001461709803,0,1.632420091e-06,False
2022-02-01,34,random_forest,"{'max_depth': 3, 'min_samples_leaf': 50}",0,0.2010456439,0.6341189709,0.1648353852,3.385964798e-06,0,1.409817352e-06,False
2022-02-02,34,random_forest,"{'max_depth': 3, 'min_samples_leaf': 50}",0,0.1932497932,0.6424895721,0.1642606347,7.201499853e-05,0,1.409817352e-06,False
2022-02-03,34,random_forest,"{'max_depth': 3, 'min_samples_leaf': 50}",0,0.2489864558,0.4968080718,0.2542054724,0.0001956347645,0,1.484018265e-06,False
2022-02-04,34,random_forest,"{'max_depth': 3, 'min_samples_leaf': 50}",0,0.2480943559,0.531481705,0.2204239391,-3.77995866e-05,0,1.706621005e-06,False
2022-02-07,34,random_forest,"{'max_depth': 3, 'min_samples_leaf': 50}",0,0.2435922967,0.5512955837,0.2051121196,-0.0001053707956,0,2.003424658e-06,False
2022-02-08,34,random_forest,"{'max_depth': 3, 'min_samples_leaf': 50}",0,0.2157494264,0.6308957044,0.1533548692,-0.0002159740798,0,1.855022831e-06,False
2022-02-09,34,random_forest,"{'max_depth': 3, 'min_samples_leaf': 50}",0,0.16105893,0.7444972633,0.0944438067,-0.0001272614743,0,1.929223744e-06,False
2022-02-10,34,random_forest,"{'max_depth': 3, 'min_samples_leaf': 50}",0,0.2558888139,0.5263582557,0.2177529304,-0.0001296439878,0,2.96803653e-06,False
2022-02-11,34,random_forest,"{'max_depth': 3, 'min_samples_leaf': 50}",0,0.2748445747,0.4184150346,0.3067403907,0.0003303229525,0,2.671232877e-06,False
2022-02-14,34,random_forest,"{'max_depth': 3, 'min_samples_leaf': 50}",0,0.3514966189,0.2982652358,0.3502381453,-7.361625968e-05,0,3.190639269e-06,False
2022-02-15,34,random_forest,"{'max_depth': 3, 'min_samples_leaf': 50}",0,0.3135443094,0.3753540568,0.3111016338,4.31208836e-07,0,2.96803653e-06,False
2022-02-16,34,random_forest,"{'max_depth': 3, 'min_samples_leaf': 50}",0,0.25087292,0.5315611493,0.2175659307,-8.417948529e-05,0,2.819634703e-06,False
2022-02-17,35,random_forest,"{'max_depth': 3, 'min_samples_leaf': 50}",0,0.2767781556,0.4122015237,0.3110203206,0.0003312847841,0,2.671232877e-06,False
2022-02-18,35,random_forest,"{'max_depth': 3, 'min_samples_leaf': 50}",0,0.2763128765,0.4129291735,0.3107579501,0.0003337968998,0,2.597031963e-06,False
2022-02-22,35,random_forest,"{'max_depth': 3, 'min_samples_leaf': 50}",0,0.3337666999,0.2993207551,0.3669125449,0.0001953699669,0,2.74543379e-06,False
2022-02-23,35,random_forest,"{'max_depth': 3, 'min_samples_leaf': 50}",0,0.3433034051,0.2418094939,0.4148871009,0.0004518840215,1,2.52283105e-06,False
2022-02-24,35,random_forest,"{'max_depth': 3, 'min_samples_leaf': 50}",0,0.3659871778,0.2018784974,0.4321343248,0.0003616297099,0,2.374429224e-06,False
2022-02-25,35,random_forest,"{'max_depth': 3, 'min_samples_leaf': 50}",0,0.2362749854,0.537427482,0.2262975326,0.0001025105921,0,2.448630137e-06,False
2022-02-28,35,random_forest,"{'max_depth': 3, 'min_samples_leaf': 50}",0,0.3415185381,0.2965716695,0.3619097925,8.573605987e-05,0,2.597031963e-06,False
2022-03-01,35,random_forest,"{'max_depth': 3, 'min_samples_leaf': 50}",0,0.3538643731,0.1992287248,0.4469069021,0.0005833277803,1,2.374429224e-06,False
2022-03-02,35,random_forest,"{'max_depth': 3, 'min_samples_leaf': 50}",0,0.2972158043,0.4170520603,0.2857321354,-4.524426757e-05,0,2.52283105e-06,False
2022-03-03,35,random_forest,"{'max_depth': 3, 'min_samples_leaf': 50}",0,0.3087896328,0.3505068909,0.3407034763,0.0002425564737,0,2.819634703e-06,False
2022-03-04,35,random_forest,"{'max_depth': 3, 'min_samples_leaf': 50}",0,0.3093350967,0.3523526085,0.3383122948,0.0002200974816,0,2.52283105e-06,False
2022-03-07,35,random_forest,"{'max_depth': 3, 'min_samples_leaf': 50}",0,0.3604303054,0.1846660106,0.454903684,0.0005789277119,1,2.819634703e-06,False
2022-03-08,35,random_forest,"{'max_depth': 3, 'min_samples_leaf': 50}",0,0.3762672303,0.1835677988,0.440164971,0.0003222775113,0,2.671232877e-06,False
2022-03-09,35,random_forest,"{'max_depth': 3, 'min_samples_leaf': 50}",0,0.3165250952,0.3734846324,0.3099902723,-5.282646719e-05,0,2.819634703e-06,False
2022-03-10,35,random_forest,"{'max_depth': 3, 'min_samples_leaf': 50}",0,0.2841035599,0.4475172693,0.2683791708,-4.645946425e-05,0,2.893835616e-06,False
2022-03-11,35,random_forest,"{'max_depth': 3, 'min_samples_leaf': 50}",0,0.2740142335,0.4523592479,0.2736265186,8.709432536e-05,0,2.96803653e-06,False
2022-03-14,35,random_forest,"{'max_depth': 3, 'min_samples_leaf': 50}",0,0.2847470456,0.4480239511,0.2672290033,-6.087398066e-05,0,3.339041096e-06,False
2022-03-15,35,random_forest,"{'max_depth': 3, 'min_samples_leaf': 50}",0,0.254037092,0.5249724685,0.2209904395,-0.0001041865736,0,3.413242009e-06,False
2022-03-16,35,random_forest,"{'max_depth': 3, 'min_samples_leaf': 50}",0,0.1956506181,0.6408815273,0.1634678547,3.318714758e-05,0,3.264840183e-06,False
2022-03-17,35,random_forest,"{'max_depth': 3, 'min_samples_leaf': 50}",0,0.183313214,0.6879851381,0.1287016479,-0.0001012805492,0,2.96803653e-06,False
2022-03-18,35,random_forest,"{'max_depth': 3, 'min_samples_leaf': 50}",0,0.1766478526,0.7218786202,0.1014735272,-0.0002349940228,0,3.116438356e-06,False
2022-03-21,36,lightgbm,"{'num_leaves': 7, 'learning_rate': 0.03, 'min_child_samples': 60}",0,0.4506559481,0.3068298622,0.2425141897,-0.001825547353,-1,4.006849315e-06,False
2022-03-22,36,lightgbm,"{'num_leaves': 7, 'learning_rate': 0.03, 'min_child_samples': 60}",0,0.2687360146,0.5024774389,0.2287865465,-0.0001763326339,0,3.784246575e-06,False
2022-03-23,36,lightgbm,"{'num_leaves': 7, 'learning_rate': 0.03, 'min_child_samples': 60}",0,0.4333696455,0.3911197974,0.1755105571,-0.002156775053,-1,3.710045662e-06,False
2022-03-24,36,lightgbm,"{'num_leaves': 7, 'learning_rate': 0.03, 'min_child_samples': 60}",0,0.231743907,0.5897567678,0.1784993252,-0.000193721165,0,3.858447489e-06,False
2022-03-25,36,lightgbm,"{'num_leaves': 7, 'learning_rate': 0.03, 'min_child_samples': 60}",0,0.3384595894,0.431875474,0.2296649366,-0.0008409706404,-1,4.081050228e-06,False
2022-03-28,36,lightgbm,"{'num_leaves': 7, 'learning_rate': 0.03, 'min_child_samples': 60}",0,0.251311511,0.5454215347,0.2032669543,-0.0001981340415,0,4.377853881e-06,False
2022-03-29,36,lightgbm,"{'num_leaves': 7, 'learning_rate': 0.03, 'min_child_samples': 60}",0,0.3267120822,0.4364694805,0.2368184373,-0.0006747606921,-1,4.081050228e-06,False
2022-03-30,36,lightgbm,"{'num_leaves': 7, 'learning_rate': 0.03, 'min_child_samples': 60}",0,0.4113508795,0.3591427225,0.229506398,-0.001543802311,-1,4.081050228e-06,False
2022-03-31,36,lightgbm,"{'num_leaves': 7, 'learning_rate': 0.03, 'min_child_samples': 60}",0,0.2869036204,0.3718625711,0.3412338085,0.0004839148666,1,3.858447489e-06,False
2022-04-01,36,lightgbm,"{'num_leaves': 7, 'learning_rate': 0.03, 'min_child_samples': 60}",0,0.2300573052,0.495146408,0.2747962869,0.0005376977213,1,3.932648402e-06,False
2022-04-04,36,lightgbm,"{'num_leaves': 7, 'learning_rate': 0.03, 'min_child_samples': 60}",0,0.3128638006,0.4915043745,0.1956318249,-0.0008473436345,-1,4.897260274e-06,False
2022-04-05,36,lightgbm,"{'num_leaves': 7, 'learning_rate': 0.03, 'min_child_samples': 60}",0,0.3260204369,0.3735099416,0.3004696216,-0.0001953747569,0,4.823059361e-06,False
2022-04-06,36,lightgbm,"{'num_leaves': 7, 'learning_rate': 0.03, 'min_child_samples': 60}",0,0.2744330917,0.3084276622,0.4171392462,0.001167695331,1,4.971461187e-06,False
2022-04-07,36,lightgbm,"{'num_leaves': 7, 'learning_rate': 0.03, 'min_child_samples': 60}",0,0.3449905638,0.3311372446,0.3238721916,-0.0002041743924,0,5.0456621e-06,False
2022-04-08,36,lightgbm,"{'num_leaves': 7, 'learning_rate': 0.03, 'min_child_samples': 60}",0,0.3499910296,0.3245930812,0.3254158893,-0.0002408442403,0,5.194063927e-06,False
2022-04-11,36,lightgbm,"{'num_leaves': 7, 'learning_rate': 0.03, 'min_child_samples': 60}",0,0.3039812375,0.3144339839,0.3815847786,0.0006192059136,1,5.71347032e-06,False
2022-04-12,36,lightgbm,"{'num_leaves': 7, 'learning_rate': 0.03, 'min_child_samples': 60}",0,0.3560184575,0.3312640017,0.3127175408,-0.0003931732779,0,5.49086758e-06,False
2022-04-13,36,lightgbm,"{'num_leaves': 7, 'learning_rate': 0.03, 'min_child_samples': 60}",0,0.3681352726,0.3615942855,0.2702704419,-0.0008250586431,-1,5.565068493e-06,False
2022-04-14,36,lightgbm,"{'num_leaves': 7, 'learning_rate': 0.03, 'min_child_samples': 60}",0,0.290021928,0.3900791464,0.3198989256,0.0002954468368,0,5.861872146e-06,False
2022-04-18,36,lightgbm,"{'num_leaves': 7, 'learning_rate': 0.03, 'min_child_samples': 60}",0,0.3544361137,0.3449503557,0.3006135307,-0.0004678363099,-1,6.010273973e-06,False
2022-04-19,36,lightgbm,"{'num_leaves': 7, 'learning_rate': 0.03, 'min_child_samples': 60}",0,0.3053693826,0.4179292887,0.2767013287,-0.0001731106235,0,6.010273973e-06,False
2022-04-20,37,lightgbm,"{'num_leaves': 7, 'learning_rate': 0.03, 'min_child_samples': 60}",0,0.2941940775,0.4463317528,0.2594741697,-0.0001915971892,0,6.084474886e-06,False
2022-04-21,37,lightgbm,"{'num_leaves': 7, 'learning_rate': 0.03, 'min_child_samples': 60}",0,0.3418631125,0.3370959092,0.3210409782,-0.0001913492133,0,6.158675799e-06,False
2022-04-22,37,lightgbm,"{'num_leaves': 7, 'learning_rate': 0.03, 'min_child_samples': 60}",0,0.484937886,0.1651511792,0.3499109349,-0.001355911353,-1,6.158675799e-06,False
2022-04-25,37,lightgbm,"{'num_leaves': 7, 'learning_rate': 0.03, 'min_child_samples': 60}",0,0.3000385377,0.2776293447,0.4223321176,0.0009691931856,1,6.752283105e-06,False
2022-04-26,37,lightgbm,"{'num_leaves': 7, 'learning_rate': 0.03, 'min_child_samples': 60}",0,0.451375346,0.2499659845,0.2986586695,-0.00141516418,-1,6.158675799e-06,False
2022-04-27,37,lightgbm,"{'num_leaves': 7, 'learning_rate': 0.03, 'min_child_samples': 60}",0,0.4483350017,0.2142095283,0.33745547,-0.00109587069,-1,6.084474886e-06,False
2022-04-28,37,lightgbm,"{'num_leaves': 7, 'learning_rate': 0.03, 'min_child_samples': 60}",0,0.3367924753,0.3103841086,0.3528234162,9.510750319e-05,0,6.084474886e-06,False
2022-04-29,37,lightgbm,"{'num_leaves': 7, 'learning_rate': 0.03, 'min_child_samples': 60}",0,0.3889901647,0.2914498174,0.3195600178,-0.0006570818278,-1,6.307077626e-06,False
2022-05-02,37,lightgbm,"{'num_leaves': 7, 'learning_rate': 0.03, 'min_child_samples': 60}",0,0.4245982594,0.3077103904,0.2676913503,-0.001388273917,-1,6.678082192e-06,False
2022-05-03,37,lightgbm,"{'num_leaves': 7, 'learning_rate': 0.03, 'min_child_samples': 60}",0,0.308802341,0.4451214363,0.2460762227,-0.0004326664608,-1,6.752283105e-06,False
2022-05-04,37,lightgbm,"{'num_leaves': 7, 'learning_rate': 0.03, 'min_child_samples': 60}",0,0.2233572093,0.4697609081,0.3068818827,0.000846128411,1,6.603881279e-06,False
2022-05-05,37,lightgbm,"{'num_leaves': 7, 'learning_rate': 0.03, 'min_child_samples': 60}",0,0.2800029836,0.3217487647,0.3982482517,0.0009824895539,1,6.307077626e-06,False
2022-05-06,37,lightgbm,"{'num_leaves': 7, 'learning_rate': 0.03, 'min_child_samples': 60}",0,0.4034637317,0.2766808357,0.3198554326,-0.0007945094939,-1,6.307077626e-06,False
2022-05-09,37,lightgbm,"{'num_leaves': 7, 'learning_rate': 0.03, 'min_child_samples': 60}",0,0.2882984327,0.2126515637,0.4990500036,0.001655835135,1,6.826484018e-06,False
2022-05-10,37,lightgbm,"{'num_leaves': 7, 'learning_rate': 0.03, 'min_child_samples': 60}",0,0.3272649661,0.3536198074,0.3191152266,-6.490454134e-05,0,6.603881279e-06,False
2022-05-11,37,lightgbm,"{'num_leaves': 7, 'learning_rate': 0.03, 'min_child_samples': 60}",0,0.3144293545,0.3932209421,0.2923497034,-0.0001411128208,0,6.752283105e-06,False
2022-05-12,37,lightgbm,"{'num_leaves': 7, 'learning_rate': 0.03, 'min_child_samples': 60}",0,0.3322625433,0.3361540727,0.331583384,-1.993418118e-05,0,7.123287671e-06,False
2022-05-13,37,lightgbm,"{'num_leaves': 7, 'learning_rate': 0.03, 'min_child_samples': 60}",0,0.3405320772,0.3826795821,0.2767883407,-0.0005092453667,-1,7.642694064e-06,False
2022-05-16,37,lightgbm,"{'num_leaves': 7, 'learning_rate': 0.03, 'min_child_samples': 60}",0,0.2928940581,0.436905235,0.2702007068,-9.888658233e-05,0,7.939497717e-06,False
2022-05-17,37,lightgbm,"{'num_leaves': 7, 'learning_rate': 0.03, 'min_child_samples': 60}",0,0.2414491189,0.5095445068,0.2490063742,0.0002390316962,0,7.865296804e-06,False
2022-05-18,37,lightgbm,"{'num_leaves': 7, 'learning_rate': 0.03, 'min_child_samples': 60}",0,0.2670622348,0.3890730067,0.3438647584,0.0007008830899,1,7.642694064e-06,False
2022-05-19,38,lightgbm,"{'num_leaves': 7, 'learning_rate': 0.03, 'min_child_samples': 60}",0,0.2658412878,0.4813733383,0.2527853739,-3.420141589e-05,0,7.79109589e-06,False
2022-05-20,38,lightgbm,"{'num_leaves': 7, 'learning_rate': 0.03, 'min_child_samples': 60}",0,0.2644938519,0.496396818,0.2391093302,-0.0001237747934,0,7.642694064e-06,False
2022-05-23,38,lightgbm,"{'num_leaves': 7, 'learning_rate': 0.03, 'min_child_samples': 60}",0,0.2300695282,0.6029053518,0.1670251199,-0.0003236063529,0,7.939497717e-06,False
2022-05-24,38,lightgbm,"{'num_leaves': 7, 'learning_rate': 0.03, 'min_child_samples': 60}",0,0.3046704749,0.4187068816,0.2766226435,-0.0002416440788,0,7.865296804e-06,False
2022-05-25,38,lightgbm,"{'num_leaves': 7, 'learning_rate': 0.03, 'min_child_samples': 60}",0,0.309675828,0.469578356,0.220745816,-0.0007123678232,-1,7.865296804e-06,False
2022-05-26,38,lightgbm,"{'num_leaves': 7, 'learning_rate': 0.03, 'min_child_samples': 60}",0,0.2788113755,0.5474611031,0.1737275214,-0.0007588917313,-1,7.939497717e-06,False
2022-05-27,38,lightgbm,"{'num_leaves': 7, 'learning_rate': 0.03, 'min_child_samples': 60}",0,0.2305848789,0.5667128533,0.2027022678,-6.003758261e-05,0,8.01369863e-06,False
2022-05-31,38,lightgbm,"{'num_leaves': 7, 'learning_rate': 0.03, 'min_child_samples': 60}",0,0.2791162071,0.5414433727,0.1794404203,-0.0007189026314,-1,8.607305936e-06,False
2022-06-01,38,lightgbm,"{'num_leaves': 7, 'learning_rate': 0.03, 'min_child_samples': 60}",0,0.2161652767,0.563851025,0.2199836984,0.000213825505,0,8.533105023e-06,False
2022-06-02,38,lightgbm,"{'num_leaves': 7, 'learning_rate': 0.03, 'min_child_samples': 60}",0,0.2433822157,0.4858889029,0.2707288815,0.0003247701168,0,8.681506849e-06,False
2022-06-03,38,lightgbm,"{'num_leaves': 7, 'learning_rate': 0.03, 'min_child_samples': 60}",0,0.3825499004,0.3218705259,0.2955795737,-0.0008750209869,-1,8.978310502e-06,False
2022-06-06,38,lightgbm,"{'num_leaves': 7, 'learning_rate': 0.03, 'min_child_samples': 60}",0,0.3040976612,0.4071964379,0.2887059009,-0.0001449295233,0,9.349315068e-06,False
2022-06-07,38,lightgbm,"{'num_leaves': 7, 'learning_rate': 0.03, 'min_child_samples': 60}",0,0.2915856447,0.4358800835,0.2725342719,-0.0001420315061,0,9.349315068e-06,False
2022-06-08,38,lightgbm,"{'num_leaves': 7, 'learning_rate': 0.03, 'min_child_samples': 60}",0,0.3761443608,0.3467182208,0.2771374184,-0.0009500812014,-1,9.497716895e-06,False
2022-06-09,38,lightgbm,"{'num_leaves': 7, 'learning_rate': 0.03, 'min_child_samples': 60}",0,0.2459548375,0.5135923262,0.2404528364,7.110514009e-05,0,9.646118721e-06,False
2022-06-10,38,lightgbm,"{'num_leaves': 7, 'learning_rate': 0.03, 'min_child_samples': 60}",0,0.3181600611,0.4136672442,0.2681726948,-0.0004397236676,-1,1.031392694e-05,False
2022-06-13,38,lightgbm,"{'num_leaves': 7, 'learning_rate': 0.03, 'min_child_samples': 60}",0,0.3826274256,0.2291843941,0.3881881803,-0.0001783057752,0,1.283675799e-05,False
2022-06-14,38,lightgbm,"{'num_leaves': 7, 'learning_rate': 0.03, 'min_child_samples': 60}",0,0.4450187948,0.2381864044,0.3167948009,-0.001337806856,-1,1.357876712e-05,False
2022-06-15,38,lightgbm,"{'num_leaves': 7, 'learning_rate': 0.03, 'min_child_samples': 60}",0,0.380329854,0.2869646661,0.3327054799,-0.000573279622,-1,1.29109589e-05,False
2022-06-16,38,lightgbm,"{'num_leaves': 7, 'learning_rate': 0.03, 'min_child_samples': 60}",0,0.3745332915,0.2487888804,0.3766778281,-0.0001843299954,0,1.179794521e-05,False
2022-06-17,38,lightgbm,"{'num_leaves': 7, 'learning_rate': 0.03, 'min_child_samples': 60}",0,0.3579508438,0.3034277113,0.3386214449,-0.000305692223,0,1.209474886e-05,False
2022-06-21,39,lightgbm,"{'num_leaves': 7, 'learning_rate': 0.03, 'min_child_samples': 60}",0,0.3601123039,0.3768890393,0.2629986568,-0.0008965483049,-1,1.261415525e-05,False
2022-06-22,39,lightgbm,"{'num_leaves': 7, 'learning_rate': 0.03, 'min_child_samples': 60}",0,0.2958789852,0.3811440119,0.3229770029,0.0002046331447,0,1.194634703e-05,False
2022-06-23,39,lightgbm,"{'num_leaves': 7, 'learning_rate': 0.03, 'min_child_samples': 60}",0,0.3010586957,0.4168446992,0.282096605,-0.0001597272023,0,1.224315068e-05,False
2022-06-24,39,lightgbm,"{'num_leaves': 7, 'learning_rate': 0.03, 'min_child_samples': 60}",0,0.2444529621,0.4967551051,0.2587919328,0.0002284270444,0,1.283675799e-05,False
2022-06-27,39,lightgbm,"{'num_leaves': 7, 'learning_rate': 0.03, 'min_child_samples': 60}",0,0.2714046938,0.4703978804,0.2581974258,-4.576197665e-05,0,1.328196347e-05,False
2022-06-28,39,lightgbm,"{'num_leaves': 7, 'learning_rate': 0.03, 'min_child_samples': 60}",0,0.2465800373,0.4793797212,0.2740402414,0.0003237227075,0,1.328196347e-05,False
2022-06-29,39,lightgbm,"{'num_leaves': 7, 'learning_rate': 0.03, 'min_child_samples': 60}",0,0.2594712552,0.5066882758,0.233840469,-0.0001125854093,0,1.320776256e-05,False
2022-06-30,39,lightgbm,"{'num_leaves': 7, 'learning_rate': 0.03, 'min_child_samples': 60}",0,0.345812769,0.4128778312,0.2413093998,-0.0009193045575,-1,1.276255708e-05,False
2022-07-01,39,lightgbm,"{'num_leaves': 7, 'learning_rate': 0.03, 'min_child_samples': 60}",0,0.3292499392,0.4207384595,0.2500116014,-0.0006870683814,-1,1.283675799e-05,False
2022-07-05,39,lightgbm,"{'num_leaves': 7, 'learning_rate': 0.03, 'min_child_samples': 60}",0,0.2812875778,0.4053013551,0.3134110671,0.0002774822311,0,1.409817352e-05,False
2022-07-06,39,lightgbm,"{'num_leaves': 7, 'learning_rate': 0.03, 'min_child_samples': 60}",0,0.3637829684,0.3064373668,0.3297796649,-0.000422717867,-1,1.409817352e-05,False
2022-07-07,39,lightgbm,"{'num_leaves': 7, 'learning_rate': 0.03, 'min_child_samples': 60}",0,0.3044233167,0.4364223353,0.259154348,-0.0003687874112,0,1.446917808e-05,False
2022-07-08,39,lightgbm,"{'num_leaves': 7, 'learning_rate': 0.03, 'min_child_samples': 60}",0,0.3409767942,0.4300642949,0.2289589109,-0.0009653440851,-1,1.469178082e-05,False
2022-07-11,39,lightgbm,"{'num_leaves': 7, 'learning_rate': 0.03, 'min_child_samples': 60}",0,0.3582789843,0.4034632198,0.2382577959,-0.001067355387,-1,1.617579909e-05,False
2022-07-12,39,lightgbm,"{'num_leaves': 7, 'learning_rate': 0.03, 'min_child_samples': 60}",0,0.1859052141,0.5547469511,0.2593478348,0.0008184294729,1,1.647260274e-05,False
2022-07-13,39,lightgbm,"{'num_leaves': 7, 'learning_rate': 0.03, 'min_child_samples': 60}",0,0.3533473354,0.3988106781,0.2478419865,-0.0009447426596,-1,1.773401826e-05,False
2022-07-14,39,lightgbm,"{'num_leaves': 7, 'learning_rate': 0.03, 'min_child_samples': 60}",0,0.3273774763,0.4098679323,0.2627545915,-0.00057091222,-1,1.780821918e-05,False
2022-07-15,39,lightgbm,"{'num_leaves': 7, 'learning_rate': 0.03, 'min_child_samples': 60}",0,0.2645430016,0.4800365015,0.2554204969,1.656987777e-06,0,1.758561644e-05,False
2022-07-18,39,lightgbm,"{'num_leaves': 7, 'learning_rate': 0.03, 'min_child_samples': 60}",0,0.2837984876,0.4349035946,0.2812979179,6.8498161e-06,0,1.855022831e-05,False
2022-07-19,39,lightgbm,"{'num_leaves': 7, 'learning_rate': 0.03, 'min_child_samples': 60}",0,0.2251454249,0.5384368952,0.2364176799,0.0002505374013,0,1.869863014e-05,False
2022-07-20,39,lightgbm,"{'num_leaves': 7, 'learning_rate': 0.03, 'min_child_samples': 60}",0,0.2318886492,0.5053859241,0.2627254267,0.0003842015369,0,1.862442922e-05,False
2022-07-21,40,lightgbm,"{'num_leaves': 7, 'learning_rate': 0.03, 'min_child_samples': 60}",0,0.2527309684,0.4290768026,0.318192229,0.0006489608977,1,1.840182648e-05,False
2022-07-22,40,lightgbm,"{'num_leaves': 7, 'learning_rate': 0.03, 'min_child_samples': 60}",0,0.2346293643,0.4919415616,0.2734290741,0.0004863109809,1,1.84760274e-05,False
2022-07-25,40,lightgbm,"{'num_leaves': 7, 'learning_rate': 0.03, 'min_child_samples': 60}",0,0.2265518628,0.5172268576,0.2562212796,0.0004350753106,1,1.944063927e-05,False
2022-07-26,40,lightgbm,"{'num_leaves': 7, 'learning_rate': 0.03, 'min_child_samples': 60}",0,0.1990863678,0.3968152803,0.4040983519,0.001852918444,1,1.892123288e-05,False
2022-07-27,40,lightgbm,"{'num_leaves': 7, 'learning_rate': 0.03, 'min_child_samples': 60}",0,0.2179531158,0.3672252367,0.4148216476,0.001745267481,1,1.810502283e-05,False
2022-07-28,40,lightgbm,"{'num_leaves': 7, 'learning_rate': 0.03, 'min_child_samples': 60}",0,0.2006212918,0.4647879481,0.3345907601,0.001301255419,1,1.7956621e-05,False
2022-07-29,40,lightgbm,"{'num_leaves': 7, 'learning_rate': 0.03, 'min_child_samples': 60}",0,0.2116137459,0.5401863908,0.2481998633,0.0005239276052,1,1.788242009e-05,False
2022-08-01,40,lightgbm,"{'num_leaves': 7, 'learning_rate': 0.03, 'min_child_samples': 60}",0,0.2324871831,0.4008816029,0.366631214,0.001226878976,1,1.899543379e-05,False
2022-08-02,40,lightgbm,"{'num_leaves': 7, 'learning_rate': 0.03, 'min_child_samples': 60}",0,0.2743111428,0.3915935259,0.3340953314,0.0005538874467,1,1.899543379e-05,False
2022-08-03,40,lightgbm,"{'num_leaves': 7, 'learning_rate': 0.03, 'min_child_samples': 60}",0,0.2514350887,0.4476331427,0.3009317687,0.0005288909597,1,1.869863014e-05,False
2022-08-04,40,lightgbm,"{'num_leaves': 7, 'learning_rate': 0.03, 'min_child_samples': 60}",0,0.2672416419,0.3859827749,0.3467755832,0.000723034538,1,1.855022831e-05,False
2022-08-05,40,lightgbm,"{'num_leaves': 7, 'learning_rate': 0.03, 'min_child_samples': 60}",0,0.3242290556,0.3494591061,0.3263118384,-9.836082643e-06,0,1.914383562e-05,False
2022-08-08,40,lightgbm,"{'num_leaves': 7, 'learning_rate': 0.03, 'min_child_samples': 60}",0,0.2504649128,0.3052151594,0.4443199278,0.001644763612,1,1.966324201e-05,False
2022-08-09,40,lightgbm,"{'num_leaves': 7, 'learning_rate': 0.03, 'min_child_samples': 60}",0,0.2878369839,0.296516823,0.4156461931,0.001046484849,1,1.981164384e-05,False
2022-08-10,40,lightgbm,"{'num_leaves': 7, 'learning_rate': 0.03, 'min_child_samples': 60}",0,0.2189235305,0.4973028087,0.2837736608,0.0007245833998,1,1.966324201e-05,False
2022-08-11,40,lightgbm,"{'num_leaves': 7, 'learning_rate': 0.03, 'min_child_samples': 60}",0,0.196065845,0.5172417069,0.2866924481,0.0009777375732,1,1.944063927e-05,False
2022-08-12,40,lightgbm,"{'num_leaves': 7, 'learning_rate': 0.03, 'min_child_samples': 60}",0,0.2346461959,0.5222385905,0.2431152135,0.0002523027508,0,1.951484018e-05,False
2022-08-15,40,lightgbm,"{'num_leaves': 7, 'learning_rate': 0.03, 'min_child_samples': 60}",0,0.2261500634,0.4660869665,0.3077629701,0.0008367175199,1,2.01826484e-05,False
2022-08-16,40,lightgbm,"{'num_leaves': 7, 'learning_rate': 0.03, 'min_child_samples': 60}",0,0.3053174931,0.4245948589,0.270087648,-0.000252722743,0,2.003424658e-05,False
2022-08-17,40,lightgbm,"{'num_leaves': 7, 'learning_rate': 0.03, 'min_child_samples': 60}",0,0.2552033205,0.4269486375,0.3178480421,0.0006213593113,1,1.988584475e-05,False
2022-08-18,40,lightgbm,"{'num_leaves': 7, 'learning_rate': 0.03, 'min_child_samples': 60}",0,0.3223349244,0.3268448602,0.3508202154,0.0001983315215,0,2.010844749e-05,False
2022-08-19,41,lightgbm,"{'num_leaves': 7, 'learning_rate': 0.03, 'min_child_samples': 60}",0,0.2523209131,0.389895162,0.3577839249,0.0009890823981,1,2.033105023e-05,False
2022-08-22,41,lightgbm,"{'num_leaves': 7, 'learning_rate': 0.03, 'min_child_samples': 60}",0,0.4292081025,0.2601772485,0.310614649,-0.001157632908,-1,2.092465753e-05,False
2022-08-23,41,lightgbm,"{'num_leaves': 7, 'learning_rate': 0.03, 'min_child_samples': 60}",0,0.4012718702,0.285815115,0.3129130148,-0.0008584704149,-1,2.077625571e-05,False
2022-08-24,41,lightgbm,"{'num_leaves': 7, 'learning_rate': 0.03, 'min_child_samples': 60}",0,0.3782857179,0.3033377734,0.3183765087,-0.0005846646228,-1,2.092465753e-05,False
2022-08-25,41,lightgbm,"{'num_leaves': 7, 'learning_rate': 0.03, 'min_child_samples': 60}",0,0.3350697256,0.3849968899,0.2799333846,-0.0004469709788,-1,2.136986301e-05,False
2022-08-26,41,lightgbm,"{'num_leaves': 7, 'learning_rate': 0.03, 'min_child_samples': 60}",0,0.3486340865,0.2931654885,0.358200425,2.224724955e-05,0,2.144406393e-05,False
2022-08-29,41,lightgbm,"{'num_leaves': 7, 'learning_rate': 0.03, 'min_child_samples': 60}",0,0.3935702626,0.3173455903,0.2890841472,-0.000965351227,-1,2.203767123e-05,False
2022-08-30,41,lightgbm,"{'num_leaves': 7, 'learning_rate': 0.03, 'min_child_samples': 60}",0,0.3845371616,0.2937107863,0.3217520521,-0.0006214998136,-1,2.203767123e-05,False
2022-08-31,41,lightgbm,"{'num_leaves': 7, 'learning_rate': 0.03, 'min_child_samples': 60}",0,0.3147942344,0.3513912665,0.3338144991,0.0001743169031,0,2.196347032e-05,False
2022-09-01,41,lightgbm,"{'num_leaves': 7, 'learning_rate': 0.03, 'min_child_samples': 60}",0,0.3890431382,0.2742422492,0.3367146126,-0.0005510637881,-1,2.203767123e-05,False
2022-09-02,41,lightgbm,"{'num_leaves': 7, 'learning_rate': 0.03, 'min_child_samples': 60}",0,0.3224198803,0.3140605196,0.3635196001,0.0003274486384,0,2.181506849e-05,False
2022-09-06,41,lightgbm,"{'num_leaves': 7, 'learning_rate': 0.03, 'min_child_samples': 60}",0,0.3020278053,0.3653736461,0.3325985486,0.0002934871857,0,2.255707763e-05,False
2022-09-07,41,lightgbm,"{'num_leaves': 7, 'learning_rate': 0.03, 'min_child_samples': 60}",0,0.3152669645,0.409947379,0.2747856565,-0.0002873657818,0,2.277968037e-05,False
2022-09-08,41,lightgbm,"{'num_leaves': 7, 'learning_rate': 0.03, 'min_child_samples': 60}",0,0.2589259482,0.4325689488,0.308505103,0.000541107053,1,2.270547945e-05,False
2022-09-09,41,lightgbm,"{'num_leaves': 7, 'learning_rate': 0.03, 'min_child_samples': 60}",0,0.235295595,0.5017847736,0.2629196313,0.0004262492094,1,2.285388128e-05,False
2022-09-12,41,lightgbm,"{'num_leaves': 7, 'learning_rate': 0.03, 'min_child_samples': 60}",0,0.2610795531,0.490413544,0.2485069029,5.499126832e-05,0,2.35216895e-05,False
2022-09-13,41,lightgbm,"{'num_leaves': 7, 'learning_rate': 0.03, 'min_child_samples': 60}",0,0.3074928608,0.3816537233,0.3108534159,7.012217516e-05,0,2.433789954e-05,False
2022-09-14,41,lightgbm,"{'num_leaves': 7, 'learning_rate': 0.03, 'min_child_samples': 60}",0,0.3484686874,0.3688418049,0.2826895077,-0.0005605901535,-1,2.404109589e-05,False
2022-09-15,41,lightgbm,"{'num_leaves': 7, 'learning_rate': 0.03, 'min_child_samples': 60}",0,0.3318074267,0.3612645319,0.3069280414,-0.0002051572615,0,2.389269406e-05,False
2022-09-16,41,lightgbm,"{'num_leaves': 7, 'learning_rate': 0.03, 'min_child_samples': 60}",0,0.2803529818,0.4382428978,0.2814041204,0.0001155164449,0,2.374429224e-05,False
2022-09-19,41,lightgbm,"{'num_leaves': 7, 'learning_rate': 0.03, 'min_child_samples': 60}",0,0.3072576502,0.4354678806,0.2572744692,-0.000342244468,0,2.500570776e-05,False
2022-09-20,42,lightgbm,"{'num_leaves': 7, 'learning_rate': 0.03, 'min_child_samples': 60}",0,0.2957263547,0.4284545376,0.2758191077,-0.000106946235,0,2.485730594e-05,False
2022-09-21,42,lightgbm,"{'num_leaves': 7, 'learning_rate': 0.03, 'min_child_samples': 60}",0,0.3423324498,0.3585679584,0.2990995918,-0.0003993217141,0,2.456050228e-05,False
2022-09-22,42,lightgbm,"{'num_leaves': 7, 'learning_rate': 0.03, 'min_child_samples': 60}",0,0.316870691,0.4086218136,0.2745074954,-0.0003324974111,0,2.441210046e-05,False
2022-09-23,42,lightgbm,"{'num_leaves': 7, 'learning_rate': 0.03, 'min_child_samples': 60}",0,0.3447037171,0.3360311501,0.3192651328,-0.0002656782669,0,2.404109589e-05,False
2022-09-26,42,lightgbm,"{'num_leaves': 7, 'learning_rate': 0.03, 'min_child_samples': 60}",0,0.4068789013,0.3308553127,0.2622657861,-0.001344733463,-1,2.515410959e-05,False
2022-09-27,42,lightgbm,"{'num_leaves': 7, 'learning_rate': 0.03, 'min_child_samples': 60}",0,0.4456080176,0.2830948687,0.2712971137,-0.001668400744,-1,2.485730594e-05,False
2022-09-28,42,lightgbm,"{'num_leaves': 7, 'learning_rate': 0.03, 'min_child_samples': 60}",0,0.3395005453,0.3749019992,0.2855974555,-0.0004761365401,-1,2.52283105e-05,False
2022-09-29,42,lightgbm,"{'num_leaves': 7, 'learning_rate': 0.03, 'min_child_samples': 60}",0,0.3728310312,0.3376189633,0.2895500055,-0.000784575219,-1,2.493150685e-05,False
2022-09-30,42,lightgbm,"{'num_leaves': 7, 'learning_rate': 0.03, 'min_child_samples': 60}",0,0.3826074601,0.331899268,0.2854932719,-0.0009158596167,-1,2.470890411e-05,False
2022-10-03,42,lightgbm,"{'num_leaves': 7, 'learning_rate': 0.03, 'min_child_samples': 60}",0,0.2555287942,0.4073883583,0.3370828475,0.0007817034015,1,2.567351598e-05,False
2022-10-04,42,lightgbm,"{'num_leaves': 7, 'learning_rate': 0.03, 'min_child_samples': 60}",0,0.2355785559,0.4418357023,0.3225857418,0.0008713995419,1,2.559931507e-05,False
2022-10-05,42,lightgbm,"{'num_leaves': 7, 'learning_rate': 0.03, 'min_child_samples': 60}",0,0.2660565137,0.4884082155,0.2455352708,-4.181149621e-05,0,2.567351598e-05,False
2022-10-06,42,lightgbm,"{'num_leaves': 7, 'learning_rate': 0.03, 'min_child_samples': 60}",0,0.2722071976,0.4624867208,0.2653060816,5.026191491e-05,0,2.567351598e-05,False
2022-10-07,42,lightgbm,"{'num_leaves': 7, 'learning_rate': 0.03, 'min_child_samples': 60}",0,0.2724897729,0.4614011475,0.2661090796,5.36679169e-05,0,2.559931507e-05,False
2022-10-10,42,lightgbm,"{'num_leaves': 7, 'learning_rate': 0.03, 'min_child_samples': 60}",0,0.2595003342,0.4907224103,0.2497772555,5.81343409e-05,0,2.559931507e-05,False
2022-10-11,42,lightgbm,"{'num_leaves': 7, 'learning_rate': 0.03, 'min_child_samples': 60}",0,0.3174378291,0.4239611928,0.2586009782,-0.00046273408,-1,2.723173516e-05,False
2022-10-12,42,lightgbm,"{'num_leaves': 7, 'learning_rate': 0.03, 'min_child_samples': 60}",0,0.3124274818,0.4051399781,0.2824325401,-0.0002252470318,0,2.74543379e-05,False
2022-10-13,42,lightgbm,"{'num_leaves': 7, 'learning_rate': 0.03, 'min_child_samples': 60}",0,0.3164190576,0.3942554773,0.2893254651,-0.0002119542435,0,2.812214612e-05,False
2022-10-14,42,lightgbm,"{'num_leaves': 7, 'learning_rate': 0.03, 'min_child_samples': 60}",0,0.2914968332,0.3897988452,0.3187043216,0.0002716777998,0,2.827054795e-05,False
2022-10-17,42,lightgbm,"{'num_leaves': 7, 'learning_rate': 0.03, 'min_child_samples': 60}",0,0.2692420567,0.4653930048,0.2653649384,8.091304837e-05,0,2.945776256e-05,False
2022-10-18,42,lightgbm,"{'num_leaves': 7, 'learning_rate': 0.03, 'min_child_samples': 60}",0,0.2035565652,0.5546678914,0.2417755434,0.0005651348607,1,2.997716895e-05,False
2022-10-19,43,lightgbm,"{'num_leaves': 7, 'learning_rate': 0.03, 'min_child_samples': 60}",0,0.3979934025,0.3555567987,0.2464497987,-0.001419207326,-1,3.019977169e-05,False
2022-10-20,43,lightgbm,"{'num_leaves': 7, 'learning_rate': 0.03, 'min_child_samples': 60}",0,0.2765381305,0.4573848862,0.2660769833,-1.40603985e-05,0,3.034817352e-05,False
2022-10-21,43,lightgbm,"{'num_leaves': 7, 'learning_rate': 0.03, 'min_child_samples': 60}",0,0.2652164834,0.4647172755,0.2700662411,0.0001342064335,0,3.034817352e-05,False
2022-10-24,43,lightgbm,"{'num_leaves': 7, 'learning_rate': 0.03, 'min_child_samples': 60}",0,0.2372111379,0.518608692,0.2441801702,0.0002148235162,0,3.086757991e-05,False
2022-10-25,43,lightgbm,"{'num_leaves': 7, 'learning_rate': 0.03, 'min_child_samples': 60}",0,0.3380690616,0.4205430917,0.2413878466,-0.0008439368707,-1,3.071917808e-05,False
2022-10-26,43,lightgbm,"{'num_leaves': 7, 'learning_rate': 0.03, 'min_child_samples': 60}",0,0.2872225678,0.4377009474,0.2750764848,-5.183077457e-05,0,3.049657534e-05,False
2022-10-27,43,lightgbm,"{'num_leaves': 7, 'learning_rate': 0.03, 'min_child_samples': 60}",0,0.2288076868,0.3345971105,0.4365952026,0.001841066733,1,3.064497717e-05,False
2022-10-28,43,lightgbm,"{'num_leaves': 7, 'learning_rate': 0.03, 'min_child_samples': 60}",0,0.3168710178,0.4213504891,0.2617784932,-0.0004629207925,-1,3.101598174e-05,False
2022-10-31,43,lightgbm,"{'num_leaves': 7, 'learning_rate': 0.03, 'min_child_samples': 60}",0,0.3358495544,0.4406927638,0.2234576818,-0.0009646236376,-1,3.131278539e-05,False
2022-11-01,43,lightgbm,"{'num_leaves': 7, 'learning_rate': 0.03, 'min_child_samples': 60}",0,0.2522026669,0.4618323416,0.2859649915,0.0003951731338,0,3.13869863e-05,False
2022-11-02,43,lightgbm,"{'num_leaves': 7, 'learning_rate': 0.03, 'min_child_samples': 60}",0,0.2677800401,0.4291039029,0.3031160569,0.0003723596993,0,3.131278539e-05,False
2022-11-03,43,lightgbm,"{'num_leaves': 7, 'learning_rate': 0.03, 'min_child_samples': 60}",0,0.303933459,0.4025602104,0.2935063305,-7.60581854e-05,0,3.153538813e-05,False
2022-11-04,43,lightgbm,"{'num_leaves': 7, 'learning_rate': 0.03, 'min_child_samples': 60}",0,0.3033575134,0.3512341946,0.345408292,0.0003452294729,0,3.123858447e-05,False
2022-11-07,43,lightgbm,"{'num_leaves': 7, 'learning_rate': 0.03, 'min_child_samples': 60}",0,0.3647302323,0.3578731626,0.2773966051,-0.0008297297952,-1,3.183219178e-05,False
2022-11-08,43,lightgbm,"{'num_leaves': 7, 'learning_rate': 0.03, 'min_child_samples': 60}",0,0.3779993938,0.3465988987,0.2754017074,-0.0009820484558,-1,3.175799087e-05,False
2022-11-09,43,lightgbm,"{'num_leaves': 7, 'learning_rate': 0.03, 'min_child_samples': 60}",0,0.2770410718,0.4067086375,0.3162502907,0.0003823062971,0,3.183219178e-05,False
2022-11-10,43,lightgbm,"{'num_leaves': 7, 'learning_rate': 0.03, 'min_child_samples': 60}",0,0.2978534487,0.3056791454,0.3964674059,0.0008104130853,1,3.175799087e-05,False
2022-11-11,43,lightgbm,"{'num_leaves': 7, 'learning_rate': 0.03, 'min_child_samples': 60}",0,0.2443043985,0.3768404408,0.3788551607,0.001219731734,1,3.175799087e-05,False
2022-11-14,43,lightgbm,"{'num_leaves': 7, 'learning_rate': 0.03, 'min_child_samples': 60}",0,0.3554228063,0.248564911,0.3960122827,0.0002151894546,0,3.220319635e-05,False
2022-11-15,43,lightgbm,"{'num_leaves': 7, 'learning_rate': 0.03, 'min_child_samples': 60}",0,0.2466594164,0.3237482452,0.4295923383,0.001601579165,1,3.198059361e-05,False
2022-11-16,43,lightgbm,"{'num_leaves': 7, 'learning_rate': 0.03, 'min_child_samples': 60}",0,0.2827621895,0.2590843665,0.458153444,0.001459161309,1,3.205479452e-05,False
2022-11-17,44,lightgbm,"{'num_leaves': 7, 'learning_rate': 0.03, 'min_child_samples': 60}",0,0.3598725866,0.3493254003,0.2908020132,-0.0006575790411,-1,3.205479452e-05,False
2022-11-18,44,lightgbm,"{'num_leaves': 7, 'learning_rate': 0.03, 'min_child_samples': 60}",0,0.3114199715,0.3556630303,0.3329169982,0.000183398802,0,3.220319635e-05,False
2022-11-21,44,lightgbm,"{'num_leaves': 7, 'learning_rate': 0.03, 'min_child_samples': 60}",0,0.3051096345,0.3861368159,0.3087535496,5.255338234e-05,0,3.272260274e-05,False
2022-11-22,44,lightgbm,"{'num_leaves': 7, 'learning_rate': 0.03, 'min_child_samples': 60}",0,0.325103287,0.4190251768,0.2558715362,-0.0005823128837,-1,3.264840183e-05,False
2022-11-23,44,lightgbm,"{'num_leaves': 7, 'learning_rate': 0.03, 'min_child_samples': 60}",0,0.3420493764,0.3603702561,0.2975803675,-0.0004188714147,-1,1.757990868e-05,False
2022-11-25,44,lightgbm,"{'num_leaves': 7, 'learning_rate': 0.03, 'min_child_samples': 60}",0,0.2492209477,0.450337253,0.3004417992,0.0005613642127,1,3.272260274e-05,False
2022-11-28,44,lightgbm,"{'num_leaves': 7, 'learning_rate': 0.03, 'min_child_samples': 60}",0,0.2557862174,0.3548493523,0.3893644303,0.001214611543,1,3.272260274e-05,False
2022-11-29,44,lightgbm,"{'num_leaves': 7, 'learning_rate': 0.03, 'min_child_samples': 60}",0,0.3098184078,0.3234483054,0.3667332868,0.0004740735203,1,3.25e-05,False
2022-11-30,44,lightgbm,"{'num_leaves': 7, 'learning_rate': 0.03, 'min_child_samples': 60}",0,0.3704049323,0.3853246638,0.2442704039,-0.001143416288,-1,3.242579909e-05,False
2022-12-01,44,lightgbm,"{'num_leaves': 7, 'learning_rate': 0.03, 'min_child_samples': 60}",0,0.229592235,0.4992401856,0.2711675794,0.0005263925658,1,3.212899543e-05,False
2022-12-02,44,lightgbm,"{'num_leaves': 7, 'learning_rate': 0.03, 'min_child_samples': 60}",0,0.2667244303,0.4729028703,0.2603726994,5.60506803e-05,0,3.220319635e-05,False
2022-12-05,44,lightgbm,"{'num_leaves': 7, 'learning_rate': 0.03, 'min_child_samples': 60}",0,0.2946950554,0.3870112815,0.3182936631,0.0002372707177,0,3.235159817e-05,False
2022-12-06,44,lightgbm,"{'num_leaves': 7, 'learning_rate': 0.03, 'min_child_samples': 60}",0,0.1865784042,0.2996872946,0.5137343012,0.002936445341,1,3.242579909e-05,False
2022-12-07,44,lightgbm,"{'num_leaves': 7, 'learning_rate': 0.03, 'min_child_samples': 60}",0,0.2672816681,0.2758340762,0.4568842556,0.001643508361,1,3.183219178e-05,False
2022-12-08,44,lightgbm,"{'num_leaves': 7, 'learning_rate': 0.03, 'min_child_samples': 60}",0,0.3182792429,0.3272490497,0.3544717074,0.0002874346935,0,3.175799087e-05,False
2022-12-09,44,lightgbm,"{'num_leaves': 7, 'learning_rate': 0.03, 'min_child_samples': 60}",0,0.3255746776,0.3961139434,0.2783113791,-0.0004052434588,0,3.198059361e-05,False
2022-12-12,44,lightgbm,"{'num_leaves': 7, 'learning_rate': 0.03, 'min_child_samples': 60}",0,0.2780611395,0.4651855365,0.256753324,-9.017163563e-05,0,3.25e-05,False
2022-12-13,44,lightgbm,"{'num_leaves': 7, 'learning_rate': 0.03, 'min_child_samples': 60}",0,0.301769505,0.411400437,0.286830058,-9.075381585e-05,0,3.227739726e-05,False
2022-12-14,44,lightgbm,"{'num_leaves': 7, 'learning_rate': 0.03, 'min_child_samples': 60}",0,0.2554442663,0.4093045605,0.3352511732,0.0007794178093,1,3.212899543e-05,False
2022-12-15,44,lightgbm,"{'num_leaves': 7, 'learning_rate': 0.03, 'min_child_samples': 60}",0,0.2594967593,0.3830137245,0.3574895162,0.00091793336,1,3.220319635e-05,False
2022-12-16,44,lightgbm,"{'num_leaves': 7, 'learning_rate': 0.03, 'min_child_samples': 60}",0,0.2951613328,0.3527047906,0.3521338766,0.0005068205037,1,3.198059361e-05,False
2022-12-19,45,lightgbm,"{'num_leaves': 7, 'learning_rate': 0.03, 'min_child_samples': 60}",0,0.3476864668,0.3875710788,0.2647424544,-0.0007553450438,-1,3.242579909e-05,False
2022-12-20,45,lightgbm,"{'num_leaves': 7, 'learning_rate': 0.03, 'min_child_samples': 60}",0,0.3038088687,0.417710458,0.2784806734,-0.0001903654327,0,3.227739726e-05,False
2022-12-21,45,lightgbm,"{'num_leaves': 7, 'learning_rate': 0.03, 'min_child_samples': 60}",0,0.35187981,0.3785855057,0.2695346844,-0.0007593750116,-1,3.212899543e-05,False
2022-12-22,45,lightgbm,"{'num_leaves': 7, 'learning_rate': 0.03, 'min_child_samples': 60}",0,0.3043884997,0.3999027319,0.2957087684,-5.534936133e-05,0,3.227739726e-05,False
2022-12-23,45,lightgbm,"{'num_leaves': 7, 'learning_rate': 0.03, 'min_child_samples': 60}",0,0.342290672,0.3885205165,0.2691888115,-0.0006633048247,-1,3.220319635e-05,False
2022-12-27,45,lightgbm,"{'num_leaves': 7, 'learning_rate': 0.03, 'min_child_samples': 60}",0,0.3475227721,0.3842204331,0.2682567948,-0.0007248954509,-1,3.309360731e-05,False
2022-12-28,45,lightgbm,"{'num_leaves': 7, 'learning_rate': 0.03, 'min_child_samples': 60}",0,0.2667570973,0.4468613197,0.286381583,0.0002564413256,0,3.309360731e-05,False
2022-12-29,45,lightgbm,"{'num_leaves': 7, 'learning_rate': 0.03, 'min_child_samples': 60}",0,0.3565668015,0.3721483965,0.271284802,-0.000793392958,-1,3.301940639e-05,False
2022-12-30,45,lightgbm,"{'num_leaves': 7, 'learning_rate': 0.03, 'min_child_samples': 60}",0,0.2959763918,0.423863205,0.2801604032,-9.583567985e-05,0,3.279680365e-05,False
2023-01-03,45,lightgbm,"{'num_leaves': 7, 'learning_rate': 0.03, 'min_child_samples': 60}",0,0.2885340693,0.4485427383,0.2629231923,-0.0001601456769,0,3.36130137e-05,False
2023-01-04,45,lightgbm,"{'num_leaves': 7, 'learning_rate': 0.03, 'min_child_samples': 60}",0,0.3159585363,0.4084426957,0.275598768,-0.0003392605598,0,3.376141553e-05,False
2023-01-05,45,lightgbm,"{'num_leaves': 7, 'learning_rate': 0.03, 'min_child_samples': 60}",0,0.2815940711,0.4444204713,0.2739854576,1.965627212e-06,0,3.457762557e-05,False
2023-01-06,45,lightgbm,"{'num_leaves': 7, 'learning_rate': 0.03, 'min_child_samples': 60}",0,0.2394065955,0.4288331834,0.3317602211,0.0009099075493,1,3.465182648e-05,False
2023-01-09,45,lightgbm,"{'num_leaves': 7, 'learning_rate': 0.03, 'min_child_samples': 60}",0,0.2433995138,0.4387388542,0.317861632,0.0007549795436,1,3.487442922e-05,False
2023-01-10,45,lightgbm,"{'num_leaves': 7, 'learning_rate': 0.03, 'min_child_samples': 60}",0,0.2959103813,0.443750037,0.2603395817,-0.0002573679566,0,3.509703196e-05,False
2023-01-11,45,lightgbm,"{'num_leaves': 7, 'learning_rate': 0.03, 'min_child_samples': 60}",0,0.2516646923,0.488815272,0.2595200357,0.0001922677057,0,3.502283105e-05,False
2023-01-12,45,lightgbm,"{'num_leaves': 7, 'learning_rate': 0.03, 'min_child_samples': 60}",0,0.241107211,0.4410230978,0.3178696912,0.0007786879371,1,3.457762557e-05,False
2023-01-13,45,lightgbm,"{'num_leaves': 7, 'learning_rate': 0.03, 'min_child_samples': 60}",0,0.290518179,0.4362052303,0.2732765907,-9.587751081e-05,0,3.465182648e-05,False
2023-01-17,45,lightgbm,"{'num_leaves': 7, 'learning_rate': 0.03, 'min_child_samples': 60}",0,0.2833926525,0.4250151087,0.2915922388,0.0001275088025,0,3.494863014e-05,False
2023-01-18,45,lightgbm,"{'num_leaves': 7, 'learning_rate': 0.03, 'min_child_samples': 60}",0,0.2818732809,0.3997657378,0.3183609813,0.0003622540588,0,3.480022831e-05,False
2023-01-19,45,lightgbm,"{'num_leaves': 7, 'learning_rate': 0.03, 'min_child_samples': 60}",0,0.296827188,0.4161906793,0.2869821328,-4.878179183e-05,0,3.494863014e-05,False
2023-01-20,46,lightgbm,"{'num_leaves': 7, 'learning_rate': 0.03, 'min_child_samples': 60}",0,0.3065554353,0.4193938298,0.2740507349,-0.0002422756048,0,3.502283105e-05,False
2023-01-23,46,lightgbm,"{'num_leaves': 7, 'learning_rate': 0.03, 'min_child_samples': 60}",0,0.2826201871,0.4428182892,0.2745615237,9.280601002e-06,0,3.509703196e-05,False
2023-01-24,46,lightgbm,"{'num_leaves': 7, 'learning_rate': 0.03, 'min_child_samples': 60}",0,0.3049510323,0.4236294618,0.2714195059,-0.0002473095463,0,3.502283105e-05,False
2023-01-25,46,lightgbm,"{'num_leaves': 7, 'learning_rate': 0.03, 'min_child_samples': 60}",0,0.3064726169,0.4223259091,0.271201474,-0.0002648255175,0,3.502283105e-05,False
2023-01-26,46,lightgbm,"{'num_leaves': 7, 'learning_rate': 0.03, 'min_child_samples': 60}",0,0.2902812648,0.4352574363,0.2744612989,-7.071657351e-05,0,3.494863014e-05,False
2023-01-27,46,lightgbm,"{'num_leaves': 7, 'learning_rate': 0.03, 'min_child_samples': 60}",0,0.3137313274,0.4162717937,0.2699968789,-0.0003497364676,0,3.509703196e-05,False
2023-01-30,46,lightgbm,"{'num_leaves': 7, 'learning_rate': 0.03, 'min_child_samples': 60}",0,0.279062699,0.4446335417,0.2763037593,6.035760281e-05,0,3.502283105e-05,False
2023-01-31,46,lightgbm,"{'num_leaves': 7, 'learning_rate': 0.03, 'min_child_samples': 60}",0,0.2941644096,0.4282550895,0.2775805009,-8.522387388e-05,0,3.487442922e-05,False
2023-02-01,46,lightgbm,"{'num_leaves': 7, 'learning_rate': 0.03, 'min_child_samples': 60}",0,0.2951769488,0.4320834776,0.2727395736,-0.0001354547535,0,3.457762557e-05,False
2023-02-02,46,lightgbm,"{'num_leaves': 7, 'learning_rate': 0.03, 'min_child_samples': 60}",0,0.309552443,0.4200459612,0.2704015958,-0.0003032249159,0,3.457762557e-05,False
2023-02-03,46,lightgbm,"{'num_leaves': 7, 'learning_rate': 0.03, 'min_child_samples': 60}",0,0.3209009539,0.410673114,0.2684259321,-0.0004367362423,-1,3.487442922e-05,False
2023-02-06,46,lightgbm,"{'num_leaves': 7, 'learning_rate': 0.03, 'min_child_samples': 60}",0,0.312103706,0.4189831122,0.2689131818,-0.0003418179584,0,3.494863014e-05,False
2023-02-07,46,lightgbm,"{'num_leaves': 7, 'learning_rate': 0.03, 'min_child_samples': 60}",0,0.2996487561,0.423781038,0.2765702059,-0.0001502014397,0,3.494863014e-05,False
2023-02-08,46,lightgbm,"{'num_leaves': 7, 'learning_rate': 0.03, 'min_child_samples': 60}",0,0.3216501549,0.4090473227,0.2693025224,-0.0004372779835,-1,3.502283105e-05,False
2023-02-09,46,lightgbm,"{'num_leaves': 7, 'learning_rate': 0.03, 'min_child_samples': 60}",0,0.3229764067,0.4065133788,0.2705102145,-0.0004410633909,-1,3.539383562e-05,False
2023-02-10,46,lightgbm,"{'num_leaves': 7, 'learning_rate': 0.03, 'min_child_samples': 60}",0,0.3152568841,0.4155889286,0.2691541873,-0.0003724248769,0,3.554223744e-05,False
2023-02-13,46,lightgbm,"{'num_leaves': 7, 'learning_rate': 0.03, 'min_child_samples': 60}",0,0.3169379273,0.4174187204,0.2656433523,-0.000418638149,0,3.569063927e-05,False
2023-02-14,46,lightgbm,"{'num_leaves': 7, 'learning_rate': 0.03, 'min_child_samples': 60}",0,0.3385355101,0.3955736229,0.265890867,-0.0006398063844,-1,3.561643836e-05,False
2023-02-15,46,lightgbm,"{'num_leaves': 7, 'learning_rate': 0.03, 'min_child_samples': 60}",0,0.2848406887,0.4405616278,0.2745976835,-1.337026181e-05,0,3.554223744e-05,False
2023-02-16,46,lightgbm,"{'num_leaves': 7, 'learning_rate': 0.03, 'min_child_samples': 60}",0,0.3256497158,0.4026042142,0.27174607,-0.000458538686,-1,3.591324201e-05,False
2023-02-17,46,lightgbm,"{'num_leaves': 7, 'learning_rate': 0.03, 'min_child_samples': 60}",0,0.3497485928,0.3850445119,0.2652068953,-0.0007613072652,-1,3.591324201e-05,False
2023-02-21,47,lightgbm,"{'num_leaves': 7, 'learning_rate': 0.03, 'min_child_samples': 60}",0,0.3106604518,0.4193002221,0.2700393261,-0.0002838792622,0,3.606164384e-05,False
2023-02-22,47,lightgbm,"{'num_leaves': 7, 'learning_rate': 0.03, 'min_child_samples': 60}",0,0.3101367093,0.4202971707,0.26956612,-0.000282352989,0,3.591324201e-05,False
2023-02-23,47,lightgbm,"{'num_leaves': 7, 'learning_rate': 0.03, 'min_child_samples': 60}",0,0.3260219084,0.4112543319,0.2627237597,-0.0005033586688,-1,3.591324201e-05,False
2023-02-24,47,lightgbm,"{'num_leaves': 7, 'learning_rate': 0.03, 'min_child_samples': 60}",0,0.3467460494,0.396801452,0.2564524986,-0.0007697977807,-1,3.606164384e-05,False
2023-02-27,47,lightgbm,"{'num_leaves': 7, 'learning_rate': 0.03, 'min_child_samples': 60}",0,0.3063184934,0.4234409686,0.270240538,-0.0002372292346,0,3.628424658e-05,False
2023-02-28,47,lightgbm,"{'num_leaves': 7, 'learning_rate': 0.03, 'min_child_samples': 60}",0,0.2909036921,0.4344637035,0.2746326044,-4.129616489e-05,0,3.621004566e-05,False
2023-03-01,47,lightgbm,"{'num_leaves': 7, 'learning_rate': 0.03, 'min_child_samples': 60}",0,0.3184707567,0.4145820418,0.2669472015,-0.0003902987825,0,3.635844749e-05,False
2023-03-02,47,lightgbm,"{'num_leaves': 7, 'learning_rate': 0.03, 'min_child_samples': 60}",0,0.3250755382,0.4108694062,0.2640550556,-0.0004825781931,-1,3.64326484e-05,False
2023-03-03,47,lightgbm,"{'num_leaves': 7, 'learning_rate': 0.03, 'min_child_samples': 60}",0,0.309035064,0.4202440603,0.2707208757,-0.0002614188144,0,3.64326484e-05,False
2023-03-06,47,lightgbm,"{'num_leaves': 7, 'learning_rate': 0.03, 'min_child_samples': 60}",0,0.2923338902,0.4334557615,0.2742103484,-5.959663869e-05,0,3.658105023e-05,False
2023-03-07,47,lightgbm,"{'num_leaves': 7, 'learning_rate': 0.03, 'min_child_samples': 60}",0,0.2792490647,0.4404852288,0.2802657064,0.000125904113,0,3.739726027e-05,False
2023-03-08,47,lightgbm,"{'num_leaves': 7, 'learning_rate': 0.03, 'min_child_samples': 60}",0,0.3072149899,0.4227993226,0.2699856875,-0.0002486195273,0,3.75456621e-05,False
2023-03-09,47,lightgbm,"{'num_leaves': 7, 'learning_rate': 0.03, 'min_child_samples': 60}",0,0.2845822711,0.436442393,0.2789753359,6.000457901e-05,0,3.747146119e-05,False
2023-03-10,47,lightgbm,"{'num_leaves': 7, 'learning_rate': 0.03, 'min_child_samples': 60}",0,0.3139058877,0.4209166391,0.2651774732,-0.000357585875,0,3.717465753e-05,False
2023-03-13,47,lightgbm,"{'num_leaves': 7, 'learning_rate': 0.03, 'min_child_samples': 60}",0,0.328643818,0.410882214,0.260473968,-0.0005490724671,-1,3.613584475e-05,False
2023-03-14,47,lightgbm,"{'num_leaves': 7, 'learning_rate': 0.03, 'min_child_samples': 60}",0,0.2737128871,0.4479584597,0.2783286532,0.0001673024274,0,3.621004566e-05,False
2023-03-15,47,lightgbm,"{'num_leaves': 7, 'learning_rate': 0.03, 'min_child_samples': 60}",0,0.2997191059,0.429686285,0.2705946092,-0.0001659276603,0,3.524543379e-05,False
2023-03-16,47,lightgbm,"{'num_leaves': 7, 'learning_rate': 0.03, 'min_child_samples': 60}",0,0.2506613759,0.4596064588,0.2897321653,0.0005001641051,1,3.517123288e-05,False
2023-03-17,47,lightgbm,"{'num_leaves': 7, 'learning_rate': 0.03, 'min_child_samples': 60}",0,0.2512625836,0.4618164402,0.2869209762,0.0004707610987,1,3.353881279e-05,False
2023-03-20,47,lightgbm,"{'num_leaves': 7, 'learning_rate': 0.03, 'min_child_samples': 60}",0,0.2720428971,0.4420272388,0.285929864,0.0002472654297,0,3.569063927e-05,False
2023-03-21,47,lightgbm,"{'num_leaves': 7, 'learning_rate': 0.03, 'min_child_samples': 60}",0,0.2740798271,0.4389190631,0.2870011099,0.0002349892828,0,3.546803653e-05,False
2023-03-22,48,lightgbm,"{'num_leaves': 7, 'learning_rate': 0.03, 'min_child_samples': 30}",0,0.3065119631,0.4166875898,0.2768004471,-0.000189818658,0,3.554223744e-05,False
2023-03-23,48,lightgbm,"{'num_leaves': 7, 'learning_rate': 0.03, 'min_child_samples': 30}",0,0.2937864105,0.413078041,0.2931355485,7.824169863e-05,0,3.509703196e-05,False
2023-03-24,48,lightgbm,"{'num_leaves': 7, 'learning_rate': 0.03, 'min_child_samples': 30}",0,0.3032624716,0.4164320594,0.280305469,-0.0001269031622,0,3.517123288e-05,False
2023-03-27,48,lightgbm,"{'num_leaves': 7, 'learning_rate': 0.03, 'min_child_samples': 30}",0,0.3128316974,0.4191441523,0.2680241503,-0.0003284582526,0,3.64326484e-05,False
2023-03-28,48,lightgbm,"{'num_leaves': 7, 'learning_rate': 0.03, 'min_child_samples': 30}",0,0.3060424302,0.415991922,0.2779656477,-0.0001752552722,0,3.561643836e-05,False
2023-03-29,48,lightgbm,"{'num_leaves': 7, 'learning_rate': 0.03, 'min_child_samples': 30}",0,0.3101596452,0.4177657462,0.2720746086,-0.0002670175317,0,3.561643836e-05,False
2023-03-30,48,lightgbm,"{'num_leaves': 7, 'learning_rate': 0.03, 'min_child_samples': 30}",0,0.3104762386,0.4179505805,0.2715731808,-0.0002744759733,0,3.687785388e-05,False
2023-03-31,48,lightgbm,"{'num_leaves': 7, 'learning_rate': 0.03, 'min_child_samples': 30}",0,0.3098845233,0.4180279512,0.2720875256,-0.0002640486892,0,3.598744292e-05,False
2023-04-03,48,lightgbm,"{'num_leaves': 7, 'learning_rate': 0.03, 'min_child_samples': 30}",0,0.2999430914,0.4145387431,0.2855181655,-4.907442393e-05,0,3.635844749e-05,False
2023-04-04,48,lightgbm,"{'num_leaves': 7, 'learning_rate': 0.03, 'min_child_samples': 30}",0,0.2742583412,0.4124457037,0.3132959551,0.0004488332004,1,3.621004566e-05,False
2023-04-05,48,lightgbm,"{'num_leaves': 7, 'learning_rate': 0.03, 'min_child_samples': 30}",0,0.2842213841,0.4126634991,0.3031151168,0.0002606315546,0,3.606164384e-05,False
2023-04-06,48,lightgbm,"{'num_leaves': 7, 'learning_rate': 0.03, 'min_child_samples': 30}",0,0.2889625606,0.4129087705,0.2981286689,0.0001698942832,0,3.64326484e-05,False
2023-04-10,48,lightgbm,"{'num_leaves': 7, 'learning_rate': 0.03, 'min_child_samples': 30}",0,0.3053796577,0.4158011188,0.2788192236,-0.0001612707964,0,3.769406393e-05,False
2023-04-11,48,lightgbm,"{'num_leaves': 7, 'learning_rate': 0.03, 'min_child_samples': 30}",0,0.299223136,0.4143354069,0.2864414571,-3.391603481e-05,0,3.739726027e-05,False
2023-04-12,48,lightgbm,"{'num_leaves': 7, 'learning_rate': 0.03, 'min_child_samples': 30}",0,0.2957073455,0.4135519202,0.2907407343,3.836742429e-05,0,3.724885845e-05,False
2023-04-13,48,lightgbm,"{'num_leaves': 7, 'learning_rate': 0.03, 'min_child_samples': 30}",0,0.3118762759,0.4193334765,0.2687902476,-0.0003121566599,0,3.784246575e-05,False
2023-04-14,48,lightgbm,"{'num_leaves': 7, 'learning_rate': 0.03, 'min_child_samples': 30}",0,0.3024178029,0.4148216434,0.2827605537,-9.772241799e-05,0,3.813926941e-05,False
2023-04-17,48,lightgbm,"{'num_leaves': 7, 'learning_rate': 0.03, 'min_child_samples': 30}",0,0.303207318,0.4158339245,0.2809587575,-0.0001209023838,0,3.86586758e-05,False
2023-04-18,48,lightgbm,"{'num_leaves': 7, 'learning_rate': 0.03, 'min_child_samples': 30}",0,0.2979984224,0.4137624291,0.2882391485,-6.243680265e-06,0,3.858447489e-05,False
2023-04-19,48,lightgbm,"{'num_leaves': 7, 'learning_rate': 0.03, 'min_child_samples': 30}",0,0.3036954748,0.4152388912,0.281065634,-0.0001250918257,0,3.828767123e-05,False
2023-04-20,48,lightgbm,"{'num_leaves': 7, 'learning_rate': 0.03, 'min_child_samples': 30}",0,0.3016371873,0.4145998942,0.2837629185,-8.127621104e-05,0,3.799086758e-05,False
2023-04-21,49,lightgbm,"{'num_leaves': 7, 'learning_rate': 0.03, 'min_child_samples': 30}",0,0.277389763,0.4190545013,0.3035557357,0.0003497949935,0,3.813926941e-05,False
2023-04-24,49,lightgbm,"{'num_leaves': 7, 'learning_rate': 0.03, 'min_child_samples': 30}",0,0.2747989985,0.4141051973,0.3110958042,0.0004391553876,1,3.858447489e-05,False
2023-04-25,49,lightgbm,"{'num_leaves': 7, 'learning_rate': 0.03, 'min_child_samples': 30}",0,0.2587107353,0.3862268266,0.3550624381,0.0009703927441,1,3.799086758e-05,False
2023-04-26,49,lightgbm,"{'num_leaves': 7, 'learning_rate': 0.03, 'min_child_samples': 30}",0,0.2915790285,0.3947103788,0.3137105927,0.0002869179285,0,3.828767123e-05,False
2023-04-27,49,lightgbm,"{'num_leaves': 7, 'learning_rate': 0.03, 'min_child_samples': 30}",0,0.3134723353,0.4243071015,0.2622205632,-0.0003668556093,0,3.843607306e-05,False
2023-04-28,49,lightgbm,"{'num_leaves': 7, 'learning_rate': 0.03, 'min_child_samples': 30}",0,0.2774583099,0.4278463034,0.2946953867,0.0002756304196,0,3.784246575e-05,False
2023-05-01,49,lightgbm,"{'num_leaves': 7, 'learning_rate': 0.03, 'min_child_samples': 30}",0,0.2772998305,0.4529217885,0.2697783809,7.070582719e-05,0,3.910388128e-05,False
2023-05-02,49,lightgbm,"{'num_leaves': 7, 'learning_rate': 0.03, 'min_child_samples': 30}",0,0.2867745215,0.4014826228,0.3117428557,0.0003204007137,0,3.888127854e-05,False
2023-05-03,49,lightgbm,"{'num_leaves': 7, 'learning_rate': 0.03, 'min_child_samples': 30}",0,0.2585761418,0.4113935064,0.3300303518,0.0007642665468,1,3.902968037e-05,False
2023-05-04,49,lightgbm,"{'num_leaves': 7, 'learning_rate': 0.03, 'min_child_samples': 30}",0,0.2574649346,0.3807900195,0.3617450459,0.001038704896,1,3.902968037e-05,False
2023-05-05,49,lightgbm,"{'num_leaves': 7, 'learning_rate': 0.03, 'min_child_samples': 30}",0,0.2794321336,0.4368826536,0.2836852129,0.0001638963439,0,3.902968037e-05,False
2023-05-08,49,lightgbm,"{'num_leaves': 7, 'learning_rate': 0.03, 'min_child_samples': 30}",0,0.3232627779,0.4650050451,0.211732177,-0.0008868866386,-1,3.940068493e-05,False
2023-05-09,49,lightgbm,"{'num_leaves': 7, 'learning_rate': 0.03, 'min_child_samples': 30}",0,0.3079648221,0.4900670312,0.2019681467,-0.0008092786529,-1,3.925228311e-05,False
2023-05-10,49,lightgbm,"{'num_leaves': 7, 'learning_rate': 0.03, 'min_child_samples': 30}",0,0.2854719193,0.4008793857,0.313648695,0.0003497011804,0,3.888127854e-05,False
2023-05-11,49,lightgbm,"{'num_leaves': 7, 'learning_rate': 0.03, 'min_child_samples': 30}",0,0.296334171,0.42929487,0.2743709589,-8.849987766e-05,0,3.858447489e-05,False
2023-05-12,49,lightgbm,"{'num_leaves': 7, 'learning_rate': 0.03, 'min_child_samples': 30}",0,0.3039027665,0.438288696,0.2578085375,-0.0003042495735,0,3.895547945e-05,False
2023-05-15,49,lightgbm,"{'num_leaves': 7, 'learning_rate': 0.03, 'min_child_samples': 30}",0,0.2916301832,0.4342094404,0.2741603765,-4.149173451e-05,0,3.86586758e-05,False
2023-05-16,49,lightgbm,"{'num_leaves': 7, 'learning_rate': 0.03, 'min_child_samples': 30}",0,0.3075094906,0.4485613085,0.2439292009,-0.0004566936022,-1,3.880707763e-05,False
2023-05-17,49,lightgbm,"{'num_leaves': 7, 'learning_rate': 0.03, 'min_child_samples': 30}",0,0.2797793388,0.4695175103,0.250703151,-0.0001131303408,0,3.902968037e-05,False
2023-05-18,49,lightgbm,"{'num_leaves': 7, 'learning_rate': 0.03, 'min_child_samples': 30}",0,0.2773599728,0.4633231776,0.2593168496,-1.66457692e-05,0,3.940068493e-05,False
2023-05-19,49,lightgbm,"{'num_leaves': 7, 'learning_rate': 0.03, 'min_child_samples': 30}",0,0.2903776567,0.4829103981,0.2267119451,-0.0004218673895,0,3.925228311e-05,False
2023-05-22,50,lightgbm,"{'num_leaves': 7, 'learning_rate': 0.03, 'min_child_samples': 30}",0,0.2695313904,0.448318875,0.2821497346,0.0002537083433,0,4.006849315e-05,False
2023-05-23,50,lightgbm,"{'num_leaves': 7, 'learning_rate': 0.03, 'min_child_samples': 30}",0,0.2889392752,0.4260440677,0.2850166571,7.723936709e-05,0,3.962328767e-05,False
2023-05-24,50,lightgbm,"{'num_leaves': 7, 'learning_rate': 0.03, 'min_child_samples': 30}",0,0.2838219106,0.4226125295,0.2935655599,0.0002011998702,0,3.984589041e-05,False
2023-05-25,50,lightgbm,"{'num_leaves': 7, 'learning_rate': 0.03, 'min_child_samples': 30}",0,0.299718541,0.4158324051,0.2844490539,-3.874633372e-05,0,3.992009132e-05,False
2023-05-26,50,lightgbm,"{'num_leaves': 7, 'learning_rate': 0.03, 'min_child_samples': 30}",0,0.2765949226,0.4484985237,0.2749065536,0.0001205252667,0,3.962328767e-05,False
2023-05-30,50,lightgbm,"{'num_leaves': 7, 'learning_rate': 0.03, 'min_child_samples': 30}",0,0.2815619552,0.4415505155,0.2768875293,8.574077665e-05,0,4.118150685e-05,False
2023-05-31,50,lightgbm,"{'num_leaves': 7, 'learning_rate': 0.03, 'min_child_samples': 30}",0,0.2919992095,0.4203136288,0.2876871617,6.787764494e-05,0,4.095890411e-05,False
2023-06-01,50,lightgbm,"{'num_leaves': 7, 'learning_rate': 0.03, 'min_child_samples': 30}",0,0.270079534,0.4522990152,0.2776214508,0.0002103683871,0,4.081050228e-05,False
2023-06-02,50,lightgbm,"{'num_leaves': 7, 'learning_rate': 0.03, 'min_child_samples': 30}",0,0.2442287119,0.4718142127,0.2839570754,0.0005299195787,1,4.081050228e-05,False
2023-06-05,50,lightgbm,"{'num_leaves': 7, 'learning_rate': 0.03, 'min_child_samples': 30}",0,0.2601664736,0.4522498092,0.2875837172,0.0003955908288,0,4.051369863e-05,False
2023-06-06,50,lightgbm,"{'num_leaves': 7, 'learning_rate': 0.03, 'min_child_samples': 30}",0,0.2605616126,0.4645728618,0.2748655256,0.0002856779138,0,4.03652968e-05,False
2023-06-07,50,lightgbm,"{'num_leaves': 7, 'learning_rate': 0.03, 'min_child_samples': 30}",0,0.2736103574,0.4419468005,0.2844428421,0.0002306877716,0,4.021689498e-05,False
2023-06-08,50,lightgbm,"{'num_leaves': 7, 'learning_rate': 0.03, 'min_child_samples': 30}",0,0.2759248455,0.4494517704,0.2746233841,0.000125085336,0,3.992009132e-05,False
2023-06-09,50,lightgbm,"{'num_leaves': 7, 'learning_rate': 0.03, 'min_child_samples': 30}",0,0.2518464541,0.4521779358,0.2959756101,0.0005513022258,1,3.984589041e-05,False
2023-06-12,50,lightgbm,"{'num_leaves': 7, 'learning_rate': 0.03, 'min_child_samples': 30}",0,0.269065592,0.4567838021,0.2741506059,0.0001919515753,0,4.006849315e-05,False
2023-06-13,50,lightgbm,"{'num_leaves': 7, 'learning_rate': 0.03, 'min_child_samples': 30}",0,0.2617613963,0.4543065281,0.2839320756,0.000348741105,0,3.97716895e-05,False
2023-06-14,50,lightgbm,"{'num_leaves': 7, 'learning_rate': 0.03, 'min_child_samples': 30}",0,0.2649666536,0.4472278134,0.287805533,0.0003478897372,0,3.97716895e-05,False
2023-06-15,50,lightgbm,"{'num_leaves': 7, 'learning_rate': 0.03, 'min_child_samples': 30}",0,0.2819410876,0.4435555897,0.2745033227,6.198725743e-05,0,3.954908676e-05,False
2023-06-16,50,lightgbm,"{'num_leaves': 7, 'learning_rate': 0.03, 'min_child_samples': 30}",0,0.2726775287,0.4435231895,0.2837992817,0.0002349609444,0,3.962328767e-05,False
2023-06-20,50,lightgbm,"{'num_leaves': 7, 'learning_rate': 0.03, 'min_child_samples': 30}",0,0.269557969,0.4393673848,0.2910746462,0.0003277025863,0,3.999429224e-05,False
2023-06-21,50,lightgbm,"{'num_leaves': 7, 'learning_rate': 0.03, 'min_child_samples': 30}",0,0.2669221508,0.4358791223,0.2971987269,0.0004058707017,0,4.006849315e-05,False
2023-06-22,51,lightgbm,"{'num_leaves': 7, 'learning_rate': 0.03, 'min_child_samples': 30}",0,0.2904086137,0.4676682204,0.2419231659,-0.0002815579253,0,4.006849315e-05,False
2023-06-23,51,lightgbm,"{'num_leaves': 7, 'learning_rate': 0.03, 'min_child_samples': 30}",0,0.2750604109,0.4033121118,0.3216274773,0.0005399661884,1,4.014269406e-05,False
2023-06-26,51,lightgbm,"{'num_leaves': 7, 'learning_rate': 0.03, 'min_child_samples': 30}",0,0.2674289388,0.3928509828,0.3397200784,0.0007691332969,1,4.081050228e-05,False
2023-06-27,51,lightgbm,"{'num_leaves': 7, 'learning_rate': 0.03, 'min_child_samples': 30}",0,0.2831567695,0.4443863422,0.2724568882,4.727909789e-05,0,4.03652968e-05,False
2023-06-28,51,lightgbm,"{'num_leaves': 7, 'learning_rate': 0.03, 'min_child_samples': 30}",0,0.2798132946,0.4410264439,0.2791602615,0.0001374966345,0,4.03652968e-05,False
2023-06-29,51,lightgbm,"{'num_leaves': 7, 'learning_rate': 0.03, 'min_child_samples': 30}",0,0.2990190389,0.4905394001,0.210441561,-0.0006322683085,-1,4.051369863e-05,False
2023-06-30,51,lightgbm,"{'num_leaves': 7, 'learning_rate': 0.03, 'min_child_samples': 30}",0,0.2839569909,0.450071976,0.2659710331,-1.495352082e-05,0,2.169520548e-05,False
2023-07-03,51,lightgbm,"{'num_leaves': 7, 'learning_rate': 0.03, 'min_child_samples': 30}",0,0.2872689221,0.4528045153,0.2599265626,-9.936081767e-05,0,4.03652968e-05,False
2023-07-05,51,lightgbm,"{'num_leaves': 7, 'learning_rate': 0.03, 'min_child_samples': 30}",0,0.2900663195,0.4894960578,0.2204376227,-0.000456910172,-1,4.03652968e-05,False
2023-07-06,51,lightgbm,"{'num_leaves': 7, 'learning_rate': 0.03, 'min_child_samples': 30}",0,0.2800874263,0.4672640597,0.252648514,-8.604456831e-05,0,4.051369863e-05,False
2023-07-07,51,lightgbm,"{'num_leaves': 7, 'learning_rate': 0.03, 'min_child_samples': 30}",0,0.2782986032,0.4598765641,0.2618248327,8.761376422e-06,0,4.051369863e-05,False
2023-07-10,51,lightgbm,"{'num_leaves': 7, 'learning_rate': 0.03, 'min_child_samples': 30}",0,0.2796215143,0.4623348392,0.2580436465,-3.63331707e-05,0,4.066210046e-05,False
2023-07-11,51,lightgbm,"{'num_leaves': 7, 'learning_rate': 0.03, 'min_child_samples': 30}",0,0.2794160684,0.4552836148,0.2653003167,2.619560932e-05,0,4.073630137e-05,False
2023-07-12,51,lightgbm,"{'num_leaves': 7, 'learning_rate': 0.03, 'min_child_samples': 30}",0,0.2821157021,0.4303290577,0.2875552402,0.0001836925719,0,4.058789954e-05,False
2023-07-13,51,lightgbm,"{'num_leaves': 7, 'learning_rate': 0.03, 'min_child_samples': 30}",0,0.2718840298,0.3905554826,0.3375604877,0.0007053041653,1,4.058789954e-05,False
2023-07-14,51,lightgbm,"{'num_leaves': 7, 'learning_rate': 0.03, 'min_child_samples': 30}",0,0.268654024,0.3903574945,0.3409884816,0.0007670852012,1,4.073630137e-05,False
2023-07-17,51,lightgbm,"{'num_leaves': 7, 'learning_rate': 0.03, 'min_child_samples': 30}",0,0.2716561034,0.4221742676,0.306169629,0.0004463095346,1,4.073630137e-05,False
2023-07-18,51,lightgbm,"{'num_leaves': 7, 'learning_rate': 0.03, 'min_child_samples': 30}",0,0.2758695837,0.4511992173,0.272931199,0.000126224279,0,4.073630137e-05,False
2023-07-19,51,lightgbm,"{'num_leaves': 7, 'learning_rate': 0.03, 'min_child_samples': 30}",0,0.2790058149,0.4746569575,0.2463372275,-0.0001274568821,0,4.073630137e-05,False
2023-07-20,51,lightgbm,"{'num_leaves': 7, 'learning_rate': 0.03, 'min_child_samples': 30}",0,0.2862651829,0.4665954647,0.2471393524,-0.0001954889832,0,4.073630137e-05,False
2023-07-21,51,lightgbm,"{'num_leaves': 7, 'learning_rate': 0.03, 'min_child_samples': 30}",0,0.2882589272,0.478448742,0.2332923309,-0.0003312891865,0,4.081050228e-05,False
2023-07-24,52,lightgbm,"{'num_leaves': 7, 'learning_rate': 0.03, 'min_child_samples': 30}",0,0.2580261664,0.4804783503,0.2614954833,0.0002303065669,0,4.08847032e-05,False
2023-07-25,52,lightgbm,"{'num_leaves': 7, 'learning_rate': 0.03, 'min_child_samples': 30}",0,0.2577818112,0.4721369916,0.2700811972,0.0003038347355,0,4.08847032e-05,False
2023-07-26,52,lightgbm,"{'num_leaves': 7, 'learning_rate': 0.03, 'min_child_samples': 30}",0,0.256454285,0.4825994666,0.2609462483,0.0002418816107,0,4.08847032e-05,False
2023-07-27,52,lightgbm,"{'num_leaves': 7, 'learning_rate': 0.03, 'min_child_samples': 30}",0,0.2557674438,0.4864942242,0.2577383321,0.0002223881956,0,4.08847032e-05,False
2023-07-28,52,lightgbm,"{'num_leaves': 7, 'learning_rate': 0.03, 'min_child_samples': 30}",0,0.2602087605,0.4934381829,0.2463530565,8.266502473e-05,0,4.095890411e-05,False
2023-07-31,52,lightgbm,"{'num_leaves': 7, 'learning_rate': 0.03, 'min_child_samples': 30}",0,0.2606703932,0.5025017387,0.2368278682,-8.626477825e-07,0,4.118150685e-05,False
2023-08-01,52,lightgbm,"{'num_leaves': 7, 'learning_rate': 0.03, 'min_child_samples': 30}",0,0.2611302161,0.5043395704,0.2345302135,-2.458436399e-05,0,4.110730594e-05,False
2023-08-02,52,lightgbm,"{'num_leaves': 7, 'learning_rate': 0.03, 'min_child_samples': 30}",0,0.2507288197,0.4557890547,0.2934821256,0.000569734123,1,4.103310502e-05,False
2023-08-03,52,lightgbm,"{'num_leaves': 7, 'learning_rate': 0.03, 'min_child_samples': 30}",0,0.256884989,0.4603162501,0.2827987609,0.0004182328113,0,4.110730594e-05,False
2023-08-04,52,lightgbm,"{'num_leaves': 7, 'learning_rate': 0.03, 'min_child_samples': 30}",0,0.2468554171,0.4333333443,0.3198112386,0.000827251767,1,4.110730594e-05,False
2023-08-07,52,lightgbm,"{'num_leaves': 7, 'learning_rate': 0.03, 'min_child_samples': 30}",0,0.2459223209,0.4306596179,0.3234180612,0.0008666561918,1,4.125570776e-05,False
2023-08-08,52,lightgbm,"{'num_leaves': 7, 'learning_rate': 0.03, 'min_child_samples': 30}",0,0.2569231156,0.4735352491,0.2695416353,0.000308176637,0,4.132990868e-05,False
2023-08-09,52,lightgbm,"{'num_leaves': 7, 'learning_rate': 0.03, 'min_child_samples': 30}",0,0.2431239111,0.4183294128,0.338546676,0.001020498185,1,4.118150685e-05,False
2023-08-10,52,lightgbm,"{'num_leaves': 7, 'learning_rate': 0.03, 'min_child_samples': 30}",0,0.2469984987,0.4292388789,0.3237626224,0.0008584711018,1,4.110730594e-05,False
2023-08-11,52,lightgbm,"{'num_leaves': 7, 'learning_rate': 0.03, 'min_child_samples': 30}",0,0.2517691681,0.4552153014,0.2930155305,0.0005552064121,1,4.110730594e-05,False
2023-08-14,52,lightgbm,"{'num_leaves': 7, 'learning_rate': 0.03, 'min_child_samples': 30}",0,0.2560714693,0.4906442864,0.2532842443,0.0001824256748,0,4.125570776e-05,False
2023-08-15,52,lightgbm,"{'num_leaves': 7, 'learning_rate': 0.03, 'min_child_samples': 30}",0,0.2450660388,0.4269321979,0.3280017633,0.0009133538628,1,4.125570776e-05,False
2023-08-16,52,lightgbm,"{'num_leaves': 7, 'learning_rate': 0.03, 'min_child_samples': 30}",0,0.2467531085,0.4229909239,0.3302559676,0.0009147014516,1,4.125570776e-05,False
2023-08-17,52,lightgbm,"{'num_leaves': 7, 'learning_rate': 0.03, 'min_child_samples': 30}",0,0.2524785904,0.4363918714,0.3111295382,0.0006977740213,1,4.125570776e-05,False
2023-08-18,52,lightgbm,"{'num_leaves': 7, 'learning_rate': 0.03, 'min_child_samples': 30}",0,0.2530252774,0.4438859629,0.3030887597,0.0006256534763,1,4.118150685e-05,False
2023-08-21,52,lightgbm,"{'num_leaves': 7, 'learning_rate': 0.03, 'min_child_samples': 30}",0,0.2430112691,0.4166422687,0.3403464623,0.001036541381,1,4.132990868e-05,False
2023-08-22,53,lightgbm,"{'num_leaves': 7, 'learning_rate': 0.03, 'min_child_samples': 30}",0,0.3030091446,0.357622134,0.3393687214,0.0003925578794,0,4.132990868e-05,False
2023-08-23,53,lightgbm,"{'num_leaves': 7, 'learning_rate': 0.03, 'min_child_samples': 30}",0,0.2672283327,0.4616270217,0.2711446456,0.0001973827571,0,4.132990868e-05,False
2023-08-24,53,lightgbm,"{'num_leaves': 7, 'learning_rate': 0.03, 'min_child_samples': 30}",0,0.2625591689,0.3835317231,0.3539091079,0.0009270342388,1,4.140410959e-05,False
2023-08-25,53,lightgbm,"{'num_leaves': 7, 'learning_rate': 0.03, 'min_child_samples': 30}",0,0.3039463721,0.4177624746,0.2782911532,-0.0001201848236,0,4.162671233e-05,False
2023-08-28,53,lightgbm,"{'num_leaves': 7, 'learning_rate': 0.03, 'min_child_samples': 30}",0,0.2687221909,0.3951695506,0.3361082585,0.0007172134525,1,4.140410959e-05,False
2023-08-29,53,lightgbm,"{'num_leaves': 7, 'learning_rate': 0.03, 'min_child_samples': 30}",0,0.2172350762,0.4163071157,0.3664578082,0.001495073877,1,4.125570776e-05,False
2023-08-30,53,lightgbm,"{'num_leaves': 7, 'learning_rate': 0.03, 'min_child_samples': 30}",0,0.2546883432,0.5099382912,0.2353733656,3.127385599e-05,0,4.125570776e-05,False
2023-08-31,53,lightgbm,"{'num_leaves': 7, 'learning_rate': 0.03, 'min_child_samples': 30}",0,0.2617267229,0.4877868882,0.2504863889,8.361095142e-05,0,4.125570776e-05,False
2023-09-01,53,lightgbm,"{'num_leaves': 7, 'learning_rate': 0.03, 'min_child_samples': 30}",0,0.2746709187,0.4619132904,0.2634157909,5.741304323e-05,0,4.103310502e-05,False
2023-09-05,53,lightgbm,"{'num_leaves': 7, 'learning_rate': 0.03, 'min_child_samples': 30}",0,0.2774862678,0.5669279459,0.1555857863,-0.0008597134525,-1,4.118150685e-05,False
2023-09-06,53,lightgbm,"{'num_leaves': 7, 'learning_rate': 0.03, 'min_child_samples': 30}",0,0.2599076215,0.5245588327,0.2155335459,-0.0001856678282,0,4.118150685e-05,False
2023-09-07,53,lightgbm,"{'num_leaves': 7, 'learning_rate': 0.03, 'min_child_samples': 30}",0,0.2674916691,0.4913111053,0.2411972256,-5.201263042e-05,0,4.103310502e-05,False
2023-09-08,53,lightgbm,"{'num_leaves': 7, 'learning_rate': 0.03, 'min_child_samples': 30}",0,0.2446430474,0.4695262039,0.2858307488,0.000549908483,1,4.118150685e-05,False
2023-09-11,53,lightgbm,"{'num_leaves': 7, 'learning_rate': 0.03, 'min_child_samples': 30}",0,0.2688307101,0.4967327858,0.2344365041,-0.0001214329335,0,4.118150685e-05,False
2023-09-12,53,lightgbm,"{'num_leaves': 7, 'learning_rate': 0.03, 'min_child_samples': 30}",0,0.272669764,0.4680509671,0.2592792689,4.38540084e-05,0,4.125570776e-05,False
2023-09-13,53,lightgbm,"{'num_leaves': 7, 'learning_rate': 0.03, 'min_child_samples': 30}",0,0.2811033601,0.4313784362,0.2875182037,0.000190013517,0,4.118150685e-05,False
2023-09-14,53,lightgbm,"{'num_leaves': 7, 'learning_rate': 0.03, 'min_child_samples': 30}",0,0.2377890798,0.4415111134,0.3206998068,0.0009074144381,1,4.118150685e-05,False
2023-09-15,53,lightgbm,"{'num_leaves': 7, 'learning_rate': 0.03, 'min_child_samples': 30}",0,0.2671334293,0.4639260726,0.2689404982,0.0001801987773,0,4.125570776e-05,False
2023-09-18,53,lightgbm,"{'num_leaves': 7, 'learning_rate': 0.03, 'min_child_samples': 30}",0,0.2991751662,0.4562386671,0.2445861667,-0.0003489188925,0,4.118150685e-05,False
2023-09-19,53,lightgbm,"{'num_leaves': 7, 'learning_rate': 0.03, 'min_child_samples': 30}",0,0.2932382991,0.4574557186,0.2493059823,-0.000249173331,0,4.110730594e-05,False
2023-09-20,53,lightgbm,"{'num_leaves': 7, 'learning_rate': 0.03, 'min_child_samples': 30}",0,0.2636729141,0.4310298798,0.3052972061,0.0005151693456,1,4.125570776e-05,False
2023-09-21,54,lightgbm,"{'num_leaves': 7, 'learning_rate': 0.03, 'min_child_samples': 30}",0,0.2993120234,0.3952527115,0.3054352651,0.0001379634112,0,4.132990868e-05,False
2023-09-22,54,lightgbm,"{'num_leaves': 7, 'learning_rate': 0.03, 'min_child_samples': 30}",0,0.294405459,0.3133059291,0.3922886119,0.0009038626408,1,4.125570776e-05,False
2023-09-25,54,lightgbm,"{'num_leaves': 7, 'learning_rate': 0.03, 'min_child_samples': 30}",0,0.3163359645,0.3661078797,0.3175561558,6.344348959e-05,0,4.140410959e-05,False
2023-09-26,54,lightgbm,"{'num_leaves': 7, 'learning_rate': 0.03, 'min_child_samples': 30}",0,0.249915642,0.3172931221,0.4327912359,0.001693336524,1,4.140410959e-05,False
2023-09-27,54,lightgbm,"{'num_leaves': 7, 'learning_rate': 0.03, 'min_child_samples': 30}",0,0.2918275057,0.3355442324,0.372628262,0.0007682774404,1,4.140410959e-05,False
2023-09-28,54,lightgbm,"{'num_leaves': 7, 'learning_rate': 0.03, 'min_child_samples': 30}",0,0.2935777921,0.3183192912,0.3881029166,0.0008778527014,1,4.125570776e-05,False
2023-09-29,54,lightgbm,"{'num_leaves': 7, 'learning_rate': 0.03, 'min_child_samples': 30}",0,0.2971355935,0.3134941922,0.3893702143,0.0008518490338,1,4.118150685e-05,False
2023-10-02,54,lightgbm,"{'num_leaves': 7, 'learning_rate': 0.03, 'min_child_samples': 30}",0,0.2737049459,0.3712449585,0.3550500956,0.0008090857049,1,4.170091324e-05,False
2023-10-03,54,lightgbm,"{'num_leaves': 7, 'learning_rate': 0.03, 'min_child_samples': 30}",0,0.3202649332,0.3288166505,0.3509184163,0.0002980873326,0,4.170091324e-05,False
2023-10-04,54,lightgbm,"{'num_leaves': 7, 'learning_rate': 0.03, 'min_child_samples': 30}",0,0.2914383705,0.322845151,0.3857164785,0.0008801053831,1,4.162671233e-05,False
2023-10-05,54,lightgbm,"{'num_leaves': 7, 'learning_rate': 0.03, 'min_child_samples': 30}",0,0.3271722529,0.3430252068,0.3298025403,5.334316655e-05,0,4.162671233e-05,False
2023-10-06,54,lightgbm,"{'num_leaves': 7, 'learning_rate': 0.03, 'min_child_samples': 30}",0,0.2989606749,0.4593309454,0.2417083797,-0.0003835215559,0,4.177511416e-05,False
2023-10-09,54,lightgbm,"{'num_leaves': 7, 'learning_rate': 0.03, 'min_child_samples': 30}",0,0.2754678399,0.5431976136,0.1813345466,-0.0006403200692,-1,4.177511416e-05,False
2023-10-10,54,lightgbm,"{'num_leaves': 7, 'learning_rate': 0.03, 'min_child_samples': 30}",0,0.29327277,0.480232762,0.226494468,-0.0004506119023,-1,4.162671233e-05,False
2023-10-11,54,lightgbm,"{'num_leaves': 7, 'learning_rate': 0.03, 'min_child_samples': 30}",0,0.2791011657,0.5205898479,0.2003089863,-0.0005211976055,-1,4.162671233e-05,False
2023-10-12,54,lightgbm,"{'num_leaves': 7, 'learning_rate': 0.03, 'min_child_samples': 30}",0,0.274653625,0.4700196313,0.2553267437,-2.231313076e-05,0,4.177511416e-05,False
2023-10-13,54,lightgbm,"{'num_leaves': 7, 'learning_rate': 0.03, 'min_child_samples': 30}",0,0.3074167412,0.4129821194,0.2796011394,-0.0001579232549,0,4.170091324e-05,False
2023-10-16,54,lightgbm,"{'num_leaves': 7, 'learning_rate': 0.03, 'min_child_samples': 30}",0,0.2885832593,0.4427208802,0.2686958604,-5.48504566e-05,0,4.162671233e-05,False
2023-10-17,54,lightgbm,"{'num_leaves': 7, 'learning_rate': 0.03, 'min_child_samples': 30}",0,0.279513587,0.5051867808,0.2152996322,-0.0004019054521,0,4.170091324e-05,False
2023-10-18,54,lightgbm,"{'num_leaves': 7, 'learning_rate': 0.03, 'min_child_samples': 30}",0,0.2846144429,0.4485960604,0.2667894967,-2.990204907e-05,0,4.162671233e-05,False
2023-10-19,54,lightgbm,"{'num_leaves': 7, 'learning_rate': 0.03, 'min_child_samples': 30}",0,0.2739902234,0.4768042158,0.2492055608,-6.59534308e-05,0,4.155251142e-05,False
2023-10-20,55,lightgbm,"{'num_leaves': 7, 'learning_rate': 0.03, 'min_child_samples': 30}",0,0.3099221055,0.4024446059,0.2876332886,-0.0001242881688,0,4.140410959e-05,False
2023-10-23,55,lightgbm,"{'num_leaves': 7, 'learning_rate': 0.03, 'min_child_samples': 30}",0,0.2816055938,0.397957123,0.3204372832,0.0004371651012,0,4.140410959e-05,False
2023-10-24,55,lightgbm,"{'num_leaves': 7, 'learning_rate': 0.03, 'min_child_samples': 30}",0,0.300544628,0.3532861886,0.3461691833,0.0004554572357,1,4.140410959e-05,False
2023-10-25,55,lightgbm,"{'num_leaves': 7, 'learning_rate': 0.03, 'min_child_samples': 30}",0,0.3047046871,0.4183740015,0.2769213113,-0.0001592580892,0,4.14783105e-05,False
2023-10-26,55,lightgbm,"{'num_leaves': 7, 'learning_rate': 0.03, 'min_child_samples': 30}",0,0.2824241535,0.3731280272,0.3444478193,0.0006271144233,1,4.14783105e-05,False
2023-10-27,55,lightgbm,"{'num_leaves': 7, 'learning_rate': 0.03, 'min_child_samples': 30}",0,0.2689245897,0.2811632025,0.4499122078,0.001636809952,1,4.14783105e-05,False
2023-10-30,55,lightgbm,"{'num_leaves': 7, 'learning_rate': 0.03, 'min_child_samples': 30}",0,0.2859747815,0.4096047951,0.3044204234,0.0002600347472,0,4.155251142e-05,False
2023-10-31,55,lightgbm,"{'num_leaves': 7, 'learning_rate': 0.03, 'min_child_samples': 30}",0,0.2983072846,0.4552836407,0.2464090748,-0.0003456896858,0,4.14783105e-05,False
2023-11-01,55,lightgbm,"{'num_leaves': 7, 'learning_rate': 0.03, 'min_child_samples': 30}",0,0.2988130687,0.4496575475,0.2515293839,-0.0003085801455,0,4.132990868e-05,False
2023-11-02,55,lightgbm,"{'num_leaves': 7, 'learning_rate': 0.03, 'min_child_samples': 30}",0,0.2983796367,0.5576808877,0.1439394756,-0.001192911637,-1,4.110730594e-05,False
2023-11-03,55,lightgbm,"{'num_leaves': 7, 'learning_rate': 0.03, 'min_child_samples': 30}",0,0.260584699,0.4090060219,0.3304092791,0.0007351707339,1,4.103310502e-05,False
2023-11-06,55,lightgbm,"{'num_leaves': 7, 'learning_rate': 0.03, 'min_child_samples': 30}",0,0.2678380704,0.4486472619,0.2835146677,0.0002733802698,0,4.125570776e-05,False
2023-11-07,55,lightgbm,"{'num_leaves': 7, 'learning_rate': 0.03, 'min_child_samples': 30}",0,0.2528109259,0.4185413284,0.3286477457,0.000800361235,1,4.118150685e-05,False
2023-11-08,55,lightgbm,"{'num_leaves': 7, 'learning_rate': 0.03, 'min_child_samples': 30}",0,0.2356201704,0.3366608645,0.4277189651,0.00179510781,1,4.110730594e-05,False
2023-11-09,55,lightgbm,"{'num_leaves': 7, 'learning_rate': 0.03, 'min_child_samples': 30}",0,0.2981856765,0.4551354985,0.246678825,-0.0003422138998,0,4.110730594e-05,False
2023-11-10,55,lightgbm,"{'num_leaves': 7, 'learning_rate': 0.03, 'min_child_samples': 30}",0,0.2789997829,0.5614934773,0.1595067398,-0.0008655182156,-1,4.103310502e-05,False
2023-11-13,55,lightgbm,"{'num_leaves': 7, 'learning_rate': 0.03, 'min_child_samples': 30}",0,0.292382966,0.5121610298,0.1954560042,-0.0007058315295,-1,4.118150685e-05,False
2023-11-14,55,lightgbm,"{'num_leaves': 7, 'learning_rate': 0.03, 'min_child_samples': 30}",0,0.2930664878,0.5551243083,0.1518092039,-0.001073400014,-1,4.095890411e-05,False
2023-11-15,55,lightgbm,"{'num_leaves': 7, 'learning_rate': 0.03, 'min_child_samples': 30}",0,0.2863237524,0.5398906579,0.1737855897,-0.0008226917869,-1,4.103310502e-05,False
2023-11-16,55,lightgbm,"{'num_leaves': 7, 'learning_rate': 0.03, 'min_child_samples': 30}",0,0.2830130398,0.5219435769,0.1950433833,-0.0006131248559,-1,4.08847032e-05,False
2023-11-17,55,lightgbm,"{'num_leaves': 7, 'learning_rate': 0.03, 'min_child_samples': 30}",0,0.2893147431,0.4538996545,0.2567856024,-0.0001677272824,0,4.081050228e-05,False
2023-11-20,56,lightgbm,"{'num_leaves': 7, 'learning_rate': 0.03, 'min_child_samples': 30}",0,0.2668048141,0.4132951859,0.3199,0.0005937126744,1,4.110730594e-05,False
2023-11-21,56,lightgbm,"{'num_leaves': 7, 'learning_rate': 0.03, 'min_child_samples': 30}",0,0.2727424479,0.5080053432,0.2192522089,-0.0002962741391,0,4.103310502e-05,False
2023-11-22,56,lightgbm,"{'num_leaves': 7, 'learning_rate': 0.03, 'min_child_samples': 30}",0,0.2794097216,0.4317545582,0.2888357202,0.0002082753319,0,2.21347032e-05,False
2023-11-24,56,lightgbm,"{'num_leaves': 7, 'learning_rate': 0.03, 'min_child_samples': 30}",0,0.3004718027,0.5381589213,0.161369276,-0.001058084635,-1,4.110730594e-05,False
2023-11-27,56,lightgbm,"{'num_leaves': 7, 'learning_rate': 0.03, 'min_child_samples': 30}",0,0.2818586906,0.508471379,0.2096699304,-0.000468917558,-1,4.073630137e-05,False
2023-11-28,56,lightgbm,"{'num_leaves': 7, 'learning_rate': 0.03, 'min_child_samples': 30}",0,0.246152653,0.3550139924,0.3988333546,0.001456136175,1,4.058789954e-05,False
2023-11-29,56,lightgbm,"{'num_leaves': 7, 'learning_rate': 0.03, 'min_child_samples': 30}",0,0.2413209565,0.4278509743,0.3308280692,0.0009457137273,1,4.043949772e-05,False
2023-11-30,56,lightgbm,"{'num_leaves': 7, 'learning_rate': 0.03, 'min_child_samples': 30}",0,0.260990547,0.3591732115,0.3798362415,0.001147127829,1,4.043949772e-05,False
2023-12-01,56,lightgbm,"{'num_leaves': 7, 'learning_rate': 0.03, 'min_child_samples': 30}",0,0.256896432,0.360717179,0.382386389,0.001210222166,1,4.029109589e-05,False
2023-12-04,56,lightgbm,"{'num_leaves': 7, 'learning_rate': 0.03, 'min_child_samples': 30}",0,0.2726853599,0.4648606219,0.2624540182,6.012608156e-05,0,4.051369863e-05,False
2023-12-05,56,lightgbm,"{'num_leaves': 7, 'learning_rate': 0.03, 'min_child_samples': 30}",0,0.263952618,0.4412758065,0.2947715754,0.0004160762126,0,4.043949772e-05,False
2023-12-06,56,lightgbm,"{'num_leaves': 7, 'learning_rate': 0.03, 'min_child_samples': 30}",0,0.2550838136,0.3849867802,0.3599294063,0.001043900117,1,4.043949772e-05,False
2023-12-07,56,lightgbm,"{'num_leaves': 7, 'learning_rate': 0.03, 'min_child_samples': 30}",0,0.2627367831,0.4315384414,0.3057247755,0.0005187874418,1,4.03652968e-05,False
2023-12-08,56,lightgbm,"{'num_leaves': 7, 'learning_rate': 0.03, 'min_child_samples': 30}",0,0.2762503076,0.4513138531,0.2724358393,0.0001056862749,0,4.03652968e-05,False
2023-12-11,56,lightgbm,"{'num_leaves': 7, 'learning_rate': 0.03, 'min_child_samples': 30}",0,0.2883827664,0.4777719958,0.2338452378,-0.0003368812201,0,4.058789954e-05,False
2023-12-12,56,lightgbm,"{'num_leaves': 7, 'learning_rate': 0.03, 'min_child_samples': 30}",0,0.2797463848,0.51543398,0.2048196353,-0.0004871485704,-1,4.051369863e-05,False
2023-12-13,56,lightgbm,"{'num_leaves': 7, 'learning_rate': 0.03, 'min_child_samples': 30}",0,0.3028206813,0.4830648625,0.2141144563,-0.0006478199742,-1,4.03652968e-05,False
2023-12-14,56,lightgbm,"{'num_leaves': 7, 'learning_rate': 0.03, 'min_child_samples': 30}",0,0.2727180208,0.3646245037,0.3626574755,0.0008850734024,1,4.029109589e-05,False
2023-12-15,56,lightgbm,"{'num_leaves': 7, 'learning_rate': 0.03, 'min_child_samples': 30}",0,0.2671686928,0.3103749738,0.4224563334,0.001434633246,1,4.03652968e-05,False
2023-12-18,56,lightgbm,"{'num_leaves': 7, 'learning_rate': 0.03, 'min_child_samples': 30}",0,0.2654177442,0.320136279,0.4144459768,0.00138666066,1,4.051369863e-05,False
2023-12-19,56,lightgbm,"{'num_leaves': 7, 'learning_rate': 0.03, 'min_child_samples': 30}",0,0.2587176389,0.4682100869,0.2730722741,0.0002911793876,0,4.029109589e-05,False
2023-12-20,57,lightgbm,"{'num_leaves': 7, 'learning_rate': 0.03, 'min_child_samples': 30}",0,0.2586567684,0.5370051355,0.2043380961,-0.0002606519332,0,4.03652968e-05,False
2023-12-21,57,lightgbm,"{'num_leaves': 7, 'learning_rate': 0.03, 'min_child_samples': 30}",0,0.3003721647,0.4984461371,0.2011816982,-0.0007142060592,-1,4.021689498e-05,False
2023-12-22,57,lightgbm,"{'num_leaves': 7, 'learning_rate': 0.03, 'min_child_samples': 30}",0,0.3053091662,0.4632361836,0.2314546502,-0.0005165666055,-1,4.03652968e-05,False
2023-12-26,57,lightgbm,"{'num_leaves': 7, 'learning_rate': 0.03, 'min_child_samples': 30}",0,0.3352249231,0.4632242726,0.2015508043,-0.001068492825,-1,4.043949772e-05,False
2023-12-27,57,lightgbm,"{'num_leaves': 7, 'learning_rate': 0.03, 'min_child_samples': 30}",0,0.320351424,0.5206374244,0.1590111516,-0.00126485577,-1,4.03652968e-05,False
2023-12-28,57,lightgbm,"{'num_leaves': 7, 'learning_rate': 0.03, 'min_child_samples': 30}",0,0.3158555292,0.5008795224,0.1832649483,-0.001019869631,-1,4.043949772e-05,False
2023-12-29,57,lightgbm,"{'num_leaves': 7, 'learning_rate': 0.03, 'min_child_samples': 30}",0,0.3205621414,0.445805336,0.2336325226,-0.0006550817933,-1,4.006849315e-05,False
2024-01-02,57,lightgbm,"{'num_leaves': 7, 'learning_rate': 0.03, 'min_child_samples': 30}",0,0.2798083623,0.457904722,0.2622869156,-2.289357187e-06,0,4.051369863e-05,False
2024-01-03,57,lightgbm,"{'num_leaves': 7, 'learning_rate': 0.03, 'min_child_samples': 30}",0,0.2389424122,0.3931841565,0.3678734312,0.001282536708,1,4.066210046e-05,False
2024-01-04,57,lightgbm,"{'num_leaves': 7, 'learning_rate': 0.03, 'min_child_samples': 30}",0,0.2563259221,0.4383306879,0.3053433901,0.0005915403522,1,4.066210046e-05,False
2024-01-05,57,lightgbm,"{'num_leaves': 7, 'learning_rate': 0.03, 'min_child_samples': 30}",0,0.2694257886,0.3984759003,0.3320983111,0.0006766436828,1,4.058789954e-05,False
2024-01-08,57,lightgbm,"{'num_leaves': 7, 'learning_rate': 0.03, 'min_child_samples': 30}",0,0.2844888838,0.5372059357,0.1783051805,-0.0007389686381,-1,4.073630137e-05,False
2024-01-09,57,lightgbm,"{'num_leaves': 7, 'learning_rate': 0.03, 'min_child_samples': 30}",0,0.288292034,0.4775145874,0.2341933785,-0.0003196464239,0,4.058789954e-05,False
2024-01-10,57,lightgbm,"{'num_leaves': 7, 'learning_rate': 0.03, 'min_child_samples': 30}",0,0.2607035307,0.5590298217,0.1802666476,-0.0004790339929,-1,4.051369863e-05,False
2024-01-11,57,lightgbm,"{'num_leaves': 7, 'learning_rate': 0.03, 'min_child_samples': 30}",0,0.2613326279,0.4870974955,0.2515698766,9.924021634e-05,0,4.051369863e-05,False
2024-01-12,57,lightgbm,"{'num_leaves': 7, 'learning_rate': 0.03, 'min_child_samples': 30}",0,0.2718785645,0.4105372209,0.3175842146,0.0005324744197,1,4.043949772e-05,False
2024-01-16,57,lightgbm,"{'num_leaves': 7, 'learning_rate': 0.03, 'min_child_samples': 30}",0,0.2445076794,0.4545048963,0.3009874243,0.0006769808474,1,4.043949772e-05,False
2024-01-17,57,lightgbm,"{'num_leaves': 7, 'learning_rate': 0.03, 'min_child_samples': 30}",0,0.2766888111,0.4782396059,0.2450715831,-0.0001114821664,0,4.058789954e-05,False
2024-01-18,57,lightgbm,"{'num_leaves': 7, 'learning_rate': 0.03, 'min_child_samples': 30}",0,0.2656889143,0.4787629027,0.255548183,8.720336771e-05,0,4.043949772e-05,False
2024-01-19,57,lightgbm,"{'num_leaves': 7, 'learning_rate': 0.03, 'min_child_samples': 30}",0,0.2583168882,0.5237801368,0.2179029749,-0.0001459283499,0,4.043949772e-05,False
2024-01-22,57,lightgbm,"{'num_leaves': 7, 'learning_rate': 0.03, 'min_child_samples': 30}",0,0.2410326925,0.6320172849,0.1269500227,-0.0007145909916,-1,4.051369863e-05,False
2024-01-23,58,lightgbm,"{'num_leaves': 7, 'learning_rate': 0.03, 'min_child_samples': 30}",0,0.2534453093,0.6099114717,0.136643219,-0.0007457803195,-1,4.043949772e-05,False
2024-01-24,58,lightgbm,"{'num_leaves': 7, 'learning_rate': 0.03, 'min_child_samples': 30}",0,0.2403411105,0.4689003718,0.2907585177,0.0006480957326,1,4.03652968e-05,False
2024-01-25,58,lightgbm,"{'num_leaves': 7, 'learning_rate': 0.03, 'min_child_samples': 30}",0,0.2692069553,0.4980226345,0.2327704102,-0.0001208129338,0,4.03652968e-05,False
2024-01-26,58,lightgbm,"{'num_leaves': 7, 'learning_rate': 0.03, 'min_child_samples': 30}",0,0.2562211163,0.496592242,0.2471866417,0.0001296744878,0,4.03652968e-05,False
2024-01-29,58,lightgbm,"{'num_leaves': 7, 'learning_rate': 0.03, 'min_child_samples': 30}",0,0.2712475277,0.5431949415,0.1855575308,-0.0005276652568,-1,4.021689498e-05,False
2024-01-30,58,lightgbm,"{'num_leaves': 7, 'learning_rate': 0.03, 'min_child_samples': 30}",0,0.296709893,0.5681652043,0.1351249028,-0.001200041643,-1,4.021689498e-05,False
2024-01-31,58,lightgbm,"{'num_leaves': 7, 'learning_rate': 0.03, 'min_child_samples': 30}",0,0.2445596842,0.3931902953,0.3622500204,0.001189527441,1,4.021689498e-05,False
2024-02-01,58,lightgbm,"{'num_leaves': 7, 'learning_rate': 0.03, 'min_child_samples': 30}",0,0.2195905214,0.3614711078,0.4189383708,0.001908013706,1,4.021689498e-05,False
2024-02-02,58,lightgbm,"{'num_leaves': 7, 'learning_rate': 0.03, 'min_child_samples': 30}",0,0.2825851211,0.5166580568,0.2007568221,-0.0005191830897,-1,4.029109589e-05,False
2024-02-05,58,lightgbm,"{'num_leaves': 7, 'learning_rate': 0.03, 'min_child_samples': 30}",0,0.2183324771,0.6149802478,0.1666872751,-0.0001415437604,0,4.021689498e-05,False
2024-02-06,58,lightgbm,"{'num_leaves': 7, 'learning_rate': 0.03, 'min_child_samples': 30}",0,0.2827215686,0.6185101424,0.09876828894,-0.001354435042,-1,4.03652968e-05,False
2024-02-07,58,lightgbm,"{'num_leaves': 7, 'learning_rate': 0.03, 'min_child_samples': 30}",0,0.2189917918,0.5645116349,0.2164965733,0.0002589637911,0,4.029109589e-05,False
2024-02-08,58,lightgbm,"{'num_leaves': 7, 'learning_rate': 0.03, 'min_child_samples': 30}",0,0.2617668173,0.5945261231,0.1437070596,-0.0007730112846,-1,4.03652968e-05,False
2024-02-09,58,lightgbm,"{'num_leaves': 7, 'learning_rate': 0.03, 'min_child_samples': 30}",0,0.2634705844,0.556233949,0.1802954665,-0.0004912644319,-1,4.03652968e-05,False
2024-02-12,58,lightgbm,"{'num_leaves': 7, 'learning_rate': 0.03, 'min_child_samples': 30}",0,0.2898109136,0.475833048,0.2343560384,-0.0003182705718,0,4.029109589e-05,False
2024-02-13,58,lightgbm,"{'num_leaves': 7, 'learning_rate': 0.03, 'min_child_samples': 30}",0,0.2658088373,0.4586813876,0.2755097751,0.0002633281094,0,4.043949772e-05,False
2024-02-14,58,lightgbm,"{'num_leaves': 7, 'learning_rate': 0.03, 'min_child_samples': 30}",0,0.2501219826,0.526737882,0.2231401355,-4.64126471e-06,0,4.029109589e-05,False
2024-02-15,58,lightgbm,"{'num_leaves': 7, 'learning_rate': 0.03, 'min_child_samples': 30}",0,0.2602748,0.5668055476,0.1729196524,-0.0005189315637,-1,4.029109589e-05,False
2024-02-16,58,lightgbm,"{'num_leaves': 7, 'learning_rate': 0.03, 'min_child_samples': 30}",0,0.2586675862,0.5486670331,0.1926653807,-0.0003410764806,0,4.03652968e-05,False
2024-02-20,58,lightgbm,"{'num_leaves': 7, 'learning_rate': 0.03, 'min_child_samples': 30}",0,0.281943258,0.4415130037,0.2765437382,0.000107006037,0,4.03652968e-05,False
2024-02-21,58,lightgbm,"{'num_leaves': 7, 'learning_rate': 0.03, 'min_child_samples': 30}",0,0.2750937141,0.4171945696,0.3077117163,0.0004317877239,0,4.03652968e-05,False
2024-02-22,59,lightgbm,"{'num_leaves': 7, 'learning_rate': 0.03, 'min_child_samples': 30}",0,0.2371731724,0.6523911008,0.1104357268,-0.0007780216689,-1,4.043949772e-05,False
2024-02-23,59,lightgbm,"{'num_leaves': 7, 'learning_rate': 0.03, 'min_child_samples': 30}",0,0.2260005065,0.6485549835,0.12544451,-0.0005419450984,-1,4.051369863e-05,False
2024-02-26,59,lightgbm,"{'num_leaves': 7, 'learning_rate': 0.03, 'min_child_samples': 30}",0,0.2459534869,0.5601867061,0.1938598071,-0.0001883501373,0,4.058789954e-05,False
2024-02-27,59,lightgbm,"{'num_leaves': 7, 'learning_rate': 0.03, 'min_child_samples': 30}",0,0.2678031802,0.5783578824,0.1538389374,-0.0007368899876,-1,4.043949772e-05,False
2024-02-28,59,lightgbm,"{'num_leaves': 7, 'learning_rate': 0.03, 'min_child_samples': 30}",0,0.2415244493,0.5110418044,0.2474337463,0.0002929529959,0,4.043949772e-05,False
2024-02-29,59,lightgbm,"{'num_leaves': 7, 'learning_rate': 0.03, 'min_child_samples': 30}",0,0.2645830316,0.4309212919,0.3044956765,0.0005224613636,1,4.043949772e-05,False
2024-03-01,59,lightgbm,"{'num_leaves': 7, 'learning_rate': 0.03, 'min_child_samples': 30}",0,0.2692043682,0.5203830018,0.21041263,-0.0002905948406,0,4.021689498e-05,False
2024-03-04,59,lightgbm,"{'num_leaves': 7, 'learning_rate': 0.03, 'min_child_samples': 30}",0,0.2932121286,0.5363972532,0.1703906181,-0.0008611419448,-1,4.066210046e-05,False
