Date,Open,High,Low,Close,Volume,VIX,DXY,TNX,OIL,OIL_WTI,QQQ_Close,IWM_Close,DIA_Close,DGS2,DGS10,is_half_day
2015-01-02,170.4725887,170.8855953,168.6553498,169.6878662,121465900,17.79000092,91.08000183,2.122999907,56.41999817,52.68999863,94.56116486,102.543129,141.0953369,0.66,2.12,0
2015-01-05,168.6471124,168.8123125,166.3177617,166.6233826,169632600,19.92000008,91.37999725,2.039000034,53.11000061,50.04000092,93.17406464,101.1721878,138.6372986,0.68,2.04,0
2015-01-06,166.9289341,167.4493263,164.2609162,165.053894,209151400,21.12000084,91.5,1.963000059,51.09999847,47.93000031,91.92477417,99.42188263,137.4875336,0.65,1.97,0
2015-01-07,166.3755362,167.4493556,165.9294947,167.1106873,125346700,19.30999947,91.88999939,1.953999996,51.15000153,48.65000153,93.10973358,100.6462631,139.2319641,0.62,1.96,0
2015-01-08,168.5148859,170.2908212,168.4983748,170.0760498,147217800,17.01000023,92.37000275,2.016000032,50.95999908,48.79000092,94.89183807,102.3534241,141.7455444,0.62,2.03,0
2015-01-09,170.489042,170.5055658,168.1018655,168.7131195,158567300,17.54999924,91.94000244,1.970999956,50.11000061,48.36000061,94.26718903,101.3705139,140.5244446,0.59,1.98,0
2015-01-12,168.8453624,169.0023069,166.7885849,167.391571,144396100,19.60000038,91.98000336,1.911999941,47.43000031,46.06999969,93.28426361,101.0342636,139.7474365,0.56,1.92,0
2015-01-13,168.6057455,169.7291236,165.6238385,166.9206848,214553300,20.55999947,92.30999756,1.889999986,46.59000015,45.88999939,93.25670624,101.1118622,139.5411835,0.54,1.91,0
2015-01-14,164.9135281,166.1112573,164.021445,165.9130096,192991100,21.47999954,92.16000366,1.837000012,48.68999863,48.47999954,92.74229431,100.7066193,138.0187988,0.51,1.86,0
2015-01-15,166.5490221,166.8628985,164.2774861,164.3931274,176613900,22.38999939,92.34999847,1.774999976,47.66999817,46.25,91.53894043,99.00806427,137.2259064,0.44,1.77,0
2015-01-16,164.1865834,166.7059252,164.0048595,166.5489807,211879600,20.95000076,92.51999664,1.815000057,47.68999863,48.68999863,92.6137085,100.6203842,138.6210938,0.49,1.83,0
2015-01-20,167.1850468,167.449377,165.3430411,166.9042053,130991100,19.88999939,93.05000305,1.807000041,47.99000168,46.38999939,93.34859467,100.1979294,138.8035736,0.53,1.82,0
2015-01-21,166.4416325,168.2258237,165.9790672,167.7467346,122942700,18.85000038,92.90000153,1.853000045,49.02999878,47.77999878,93.82624054,99.87889099,139.1607208,0.53,1.87,0
2015-01-22,168.4983389,170.3733787,167.1271547,170.2412262,174356000,16.39999962,94.23999786,1.896000028,48.52000046,46.31000137,95.56240082,101.9137268,141.2002411,0.53,1.9,0
2015-01-23,169.985216,170.2412906,169.1757267,169.3078918,117516800,16.65999985,95,1.817000031,48.79000092,45.59000015,95.77368927,101.8447342,140.0019226,0.52,1.81,0
2015-01-26,169.0931346,169.7952382,168.3827629,169.7043762,92009700,15.52000046,94.80000305,1.827999949,48.15999985,45.15000153,95.66347504,102.8276749,140.07341,0.54,1.83,0
2015-01-27,167.6558608,168.6057707,166.6398683,167.4658813,134044600,17.21999931,94.01999664,1.825000048,49.59999847,46.22999954,93.18325043,102.3361969,137.7639465,0.54,1.83,0
2015-01-28,168.6470997,168.7462173,165.1282883,165.3182678,168514300,20.44000053,94.47000122,1.723999977,48.47000122,44.45000076,92.70559692,100.6117477,136.279892,0.5,1.73,0
2015-01-29,165.5164476,167.1023907,164.1122158,166.8463287,173585400,18.76000023,94.77999878,1.751000047,49.13000107,44.52999878,93.59661102,101.999939,138.009903,0.51,1.77,0
2015-01-30,165.6734035,166.9950165,164.4839429,164.7482605,197729700,20.96999931,94.80000305,1.674999952,52.99000168,48.24000168,92.87093353,99.75816345,136.0655823,0.47,1.68,0
2015-02-02,165.2439034,166.8794056,163.4349329,166.7885437,163107000,19.43000031,94.5,1.672999978,54.75,49.56999969,93.67929077,100.6721115,137.509964,0.49,1.68,0
2015-02-03,167.6806547,169.2087839,167.3089513,169.2005157,124212900,17.32999992,93.59999847,1.779999971,57.90999985,53.04999924,94.57951355,102.4741516,139.9383545,0.52,1.79,0
2015-02-04,168.4405568,169.6465412,168.1018885,168.5561981,134306700,18.32999992,93.98999786,1.797000051,54.15999985,48.45000076,94.49684906,102.0947571,140.0971527,0.52,1.81,0
2015-02-05,169.2170406,170.4065014,169.1427024,170.2578125,97953200,16.85000038,94.69999695,1.815000057,56.56999969,50.47999954,95.31441498,103.4139938,141.7002716,0.52,1.83,0
2015-02-06,170.6212713,171.1829668,169.2666103,169.7870026,125672000,17.29000092,94.69999695,1.937999964,57.79999924,51.68999863,94.73564148,103.3018646,141.3351288,0.65,1.95,0
2015-02-09,169.1426952,169.8613225,168.6223029,169.0270538,87219000,18.54999924,94.44999695,1.947999954,58.34000015,52.86000061,94.43252563,102.4827499,140.5415344,0.65,1.96,0
2015-02-10,170.0595727,171.0838208,169.0683469,170.8277588,96164200,17.22999954,94.76000214,1.991000056,56.43000031,50.02000046,95.90233612,103.1380692,141.6685638,0.67,2.01,0
2015-02-11,170.6625165,171.3563643,170.0182275,170.9268341,91087800,16.95999908,94.98999786,1.988000035,54.65999985,48.84000015,96.25138855,102.9914932,141.8193054,0.67,2,0
2015-02-12,171.7198557,172.6284752,170.9599252,172.5706482,97545900,15.34000015,94.08999634,1.985999942,57.04999924,51.20999908,97.37207031,104.1640778,142.7240295,0.61,1.99,0
2015-02-13,172.6944829,173.3305036,172.4384083,173.2809448,93670400,14.68999958,94.19999695,2.020999908,57.38999939,52.77999878,98.20800018,104.7848587,143.1208954,0.66,2.02,0
2015-02-17,172.9671293,173.7270724,172.7193355,173.5536041,76968200,15.80000019,94.05999756,2.144999981,62.52999878,53.52999878,98.29986572,105.1125336,143.3034058,0.7,2.14,0
2015-02-18,173.1818413,173.6444065,172.9175112,173.5700684,80652900,15.44999981,94.19999695,2.065999985,60.52999878,52.13999939,98.43765259,105.2246323,143.2240448,0.62,2.07,0
2015-02-19,172.9753158,173.8095841,172.8348952,173.4461365,91462500,15.28999996,94.40000153,2.112999916,60.20999908,51.15999985,98.92453766,105.2332382,142.9224243,0.67,2.11,0
2015-02-20,173.0332236,174.5613529,172.4137138,174.4870148,140896400,14.30000019,94.25,2.132999897,60.22000122,50.34000015,99.58592224,105.517746,144.1480103,0.67,2.13,0
2015-02-23,174.2391922,174.4622192,173.8592206,174.4622192,74411100,14.56000042,94.56999969,2.059000015,58.90000153,49.45000076,99.68697357,105.6212463,143.9728241,0.64,2.06,0
2015-02-24,174.3878281,175.1560266,174.0904629,174.9577789,72472300,13.68999958,94.48999786,1.988000035,58.65999985,49.27999878,99.76043701,105.7591705,144.7606812,0.6,1.99,0
2015-02-25,174.8339072,175.3129962,174.4704595,174.8091278,73061700,13.84000015,94.20999908,1.968999982,61.63000107,50.99000168,99.51241302,105.8798981,144.8005524,0.61,1.96,0
2015-02-26,174.7183025,174.875247,173.9996625,174.6026611,72697900,13.90999985,95.29000092,2.016000032,60.04999924,48.16999817,100.0176239,106.2678986,144.8403473,0.66,2.03,0
2015-02-27,174.5035043,174.7678345,173.9583453,174.0079041,108076000,13.34000015,95.25,2.002000093,62.58000183,49.75999832,99.57672882,105.6902008,144.1877747,0.63,2,0
2015-03-02,174.1070554,175.1643512,174.0574966,175.1065369,87491400,13.03999996,95.45999908,2.084000111,59.54000092,49.59000015,100.4769745,106.4575653,145.3734589,0.66,2.08,0
2015-03-03,174.6769269,175.1560158,173.5287696,174.3878174,110325800,13.85999966,95.37999725,2.121999979,61.02000046,50.52000046,100.008461,105.8281708,144.7288666,0.68,2.12,0
2015-03-04,173.7931459,173.8674967,172.6862914,173.6527252,114497200,14.22999954,95.97000122,2.122999907,60.54999924,51.52999878,99.62267303,105.5005264,143.8614349,0.66,2.12,0
2015-03-05,173.9748955,174.1235844,173.3388744,173.8427429,76873000,14.03999996,96.37999725,2.111999989,60.47999954,50.75999832,99.79720306,105.8109207,144.1717987,0.65,2.11,0
2015-03-06,172.9836486,173.4131789,171.0673049,171.3977051,188128000,15.19999981,97.62000275,2.24000001,59.72999954,49.61000061,98.66732025,104.4745026,141.967514,0.73,2.24,0
2015-03-09,171.5959235,172.463227,171.4389791,172.1080475,89818900,15.06000042,97.58999634,2.194999933,58.52999878,50,98.95209503,104.9314728,143.0814972,0.7,2.2,0
2015-03-10,170.7450969,170.8276906,169.2747827,169.3160858,157121300,16.69000053,98.62000275,2.125999928,56.38999939,48.29000092,97.11486053,103.7243576,140.6066437,0.7,2.14,0
2015-03-11,169.5722225,169.7456908,168.8370714,168.9196777,110145700,16.87000084,99.80000305,2.108999968,57.54000092,48.16999817,96.55452728,104.3623734,140.3361511,0.7,2.11,0
2015-03-12,169.5473724,171.1333154,169.4978137,171.0672455,93993500,15.42000008,99.15000153,2.095999956,57.08000183,47.04999924,97.18836975,106.0954819,142.4210663,0.67,2.1,0
2015-03-13,170.7946884,171.7528538,168.9857181,170.0182343,162410900,16,100.3300018,2.111999989,54.66999817,44.84000015,96.76580811,105.7160797,141.2990723,0.68,2.13,0
2015-03-16,170.7451546,172.3806569,170.0430385,172.2897949,136099200,15.60999966,99.59999847,2.09800005,53.43999863,43.88000107,98.01509857,106.3368607,143.0657349,0.66,2.1,0
2015-03-17,171.5546372,172.1576231,170.9681624,171.7776642,94510400,15.65999985,99.58999634,2.058000088,53.43000031,43.45999908,98.17126465,106.6214218,142.0470734,0.7,2.06,0
2015-03-18,171.3068764,174.5118116,170.6708427,173.8427429,228808500,13.97000027,98.55000305,1.950999975,55.90999985,44.65999985,99.13578033,107.4749985,143.8215942,0.57,1.93,0
2015-03-19,173.4296693,173.8509314,172.6614708,173.0496979,117917300,14.06999969,99.09999847,1.976999998,54.43000031,43.95999908,99.28276062,107.6819382,142.9702911,0.63,1.98,0
2015-03-20,173.9963915,175.0832965,173.8138565,174.577179,177715100,13.02000046,97.91000366,1.929999948,55.31999969,45.72000122,99.92543793,108.6303406,144.254364,0.6,1.93,0
2015-03-23,174.5854873,175.1579824,174.2370148,174.2370148,71784500,13.40999985,97.02999878,1.914999962,55.91999817,47.45000076,99.73207855,108.5354919,144.1667786,0.6,1.92,0
2015-03-24,174.1125858,174.5689107,173.1916181,173.2579956,77805300,13.61999989,97.19000244,1.878000021,55.11000061,47.50999832,99.37302399,108.5096512,143.3535614,0.58,1.88,0
2015-03-25,173.4653881,173.6977031,170.6775956,170.7190704,159521700,15.43999958,96.98000336,1.919999957,56.47999954,49.20999908,97.09880829,105.9176941,141.0338898,0.59,1.93,0
2015-03-26,170.0553255,171.225193,169.3583679,170.3125305,153067200,15.80000019,97.44000244,2.006999969,59.18999863,51.43000031,96.76737976,105.7879791,140.6830597,0.61,2.01,0
2015-03-27,170.1964123,170.8767599,170.0055721,170.7025299,118939000,15.06999969,97.29000092,1.947999954,56.40999985,48.86999893,97.15408325,106.462532,140.9462891,0.58,1.95,0
2015-03-30,171.7313722,173.0837878,171.7147874,172.7850952,96180400,14.51000023,97.98000336,1.963000059,56.29000092,48.68000031,98.26816559,107.9068375,143.0028839,0.58,1.96,0
2015-03-31,171.9636312,172.6605889,171.2169062,171.2749786,126768700,15.28999996,98.36000061,1.934000015,55.11000061,47.59999847,97.22775269,107.5609055,141.5599976,0.56,1.94,0
2015-04-01,171.2418066,171.2666966,169.6819664,170.6693115,137303600,15.10999966,98.19000244,1.868000031,57.09999847,50.09000015,96.72135925,107.6041489,140.8904724,0.55,1.87,0
2015-04-02,170.6029953,171.7313884,170.4204602,171.2833557,86900900,14.67000008,97.44000244,1.904000044,54.95000076,49.13999939,96.78578186,107.8030472,141.3606873,0.55,1.92,0
2015-04-06,170.3955165,172.9509945,170.2627741,172.4365845,114368200,14.73999977,97.11000061,1.904000044,58.11999893,52.13999939,97.57759857,108.2787399,142.3651581,0.51,1.92,0
2015-04-07,172.4615134,173.2082386,171.9471032,171.9802856,81236300,14.77999973,97.83000183,1.893000007,59.09999847,53.97999954,97.41188812,107.586853,142.2296295,0.52,1.89,0
2015-04-08,172.2042397,173.0007446,171.8142797,172.5610046,89351900,13.97999954,98.06999969,1.894999981,55.54999924,50.41999817,98.18527985,108.5122299,142.4926758,0.54,1.92,0
2015-04-09,172.395096,173.5566711,171.9055759,173.3243561,85548900,13.09000015,99.16000366,1.957999945,56.56999969,50.79000092,98.80216217,108.1230927,143.010788,0.56,1.97,0
2015-04-10,173.5732728,174.3117054,173.3741529,174.2702179,72722900,12.57999992,99.38999939,1.950999975,57.86999893,51.63999939,99.20726013,108.6419601,143.7840576,0.57,1.96,0
2015-04-13,174.1291597,174.7597399,173.4322146,173.4819946,74436600,13.93999958,99.48999786,1.93900001,57.93000031,51.90999985,98.95867157,108.7111282,143.2021637,0.54,1.94,0
2015-04-14,173.2829114,173.9964541,172.6606362,173.8139191,75099900,13.67000008,98.76000214,1.904000044,58.43000031,53.29000092,98.67327118,108.6852188,143.6326141,0.53,1.9,0
2015-04-15,174.2785336,175.0999287,174.1955585,174.593811,99529300,12.84000015,98.33000183,1.899999976,60.31999969,56.38999939,99.29013824,109.4462662,144.1906891,0.51,1.91,0
2015-04-16,174.2619266,175.0501392,174.062794,174.5440216,68934900,12.60000038,97.41999817,1.878000021,60.40000153,56.70999908,99.15203857,109.3857422,144.2146301,0.5,1.9,0
2015-04-17,173.3575405,173.5981479,171.7562127,172.5361328,191113200,13.89000034,97.51999664,1.850000024,63.45000076,55.74000168,97.60523987,107.6128311,141.9395905,0.51,1.87,0
2015-04-20,173.4571547,174.4445002,173.3741923,174.1126251,92189500,13.30000019,97.94000244,1.894999981,63.45000076,56.38000107,99.06919861,108.6679077,143.60672,0.55,1.9,0
2015-04-21,174.7929699,174.950615,173.6065045,173.9051971,72559800,13.25,97.98000336,1.916000009,62.08000183,55.25999832,99.49269867,108.5554886,142.9925232,0.55,1.92,0
2015-04-22,174.2453429,174.9423007,173.3243751,174.7597656,78264600,12.71000004,98.01999664,1.972000003,62.72999954,56.15999985,100.0359421,108.7198105,143.6307373,0.57,1.99,0
2015-04-23,174.3614729,175.8466432,174.2453154,175.1994781,102585900,12.47999954,97.27999878,1.947000027,64.84999847,57.74000168,100.4134293,109.2127838,143.8779755,0.55,1.96,0
2015-04-24,175.6143232,175.8715282,175.1579856,175.6060181,61327400,12.28999996,96.91999817,1.917000055,65.27999878,57.15000153,101.7760925,108.8495178,144.0135803,0.54,1.93,0
2015-04-27,176.1702151,176.294665,174.6850449,174.875885,79358100,13.11999989,96.76999664,1.924000025,64.83000183,56.99000168,101.5182571,107.6473923,143.7183075,0.54,1.94,0
2015-04-28,174.8509905,175.4815579,173.6811104,175.431778,86863500,12.40999985,96.08999634,1.97300005,64.63999939,57.06000137,101.3156967,108.2441483,144.2527771,0.56,2,0
2015-04-29,174.5439955,175.3073181,173.9051356,174.7099457,125684900,13.39000034,95.12000275,2.035000086,65.83999634,58.58000183,100.6804352,107.0679398,143.6386414,0.56,2.06,0
2015-04-30,174.1374161,174.5273761,172.2622862,172.9592438,161304900,14.55000019,94.59999847,2.046000004,66.77999878,59.63000107,99.09677887,104.8020706,142.131012,0.58,2.05,0
2015-05-01,173.7392317,174.8759297,173.6396717,174.8344421,103399700,12.69999981,95.30000305,2.117000103,66.45999908,59.15000153,100.4042053,105.4852753,143.5031891,0.6,2.12,0
2015-05-04,175.257547,175.9130171,175.1496946,175.3322296,70927200,12.85000038,95.48000336,2.13499999,66.44999695,58.93000031,100.5699387,105.8658218,143.9338379,0.6,2.16,0
2015-05-05,175.0916214,175.4483991,173.1833086,173.3243561,113326200,14.31000042,95.12999725,2.176000118,67.51999664,60.40000153,98.93104553,104.5166626,142.793045,0.62,2.19,0
2015-05-06,173.8719724,174.1789575,171.5488093,172.6108246,135060200,15.14999962,94.12999725,2.24000001,67.76999664,60.93000031,98.2497406,104.8798904,142.2985535,0.65,2.25,0
2015-05-07,172.5112716,173.7226395,172.1793965,173.2994843,88244900,15.13000011,94.62000275,2.184000015,65.54000092,58.93999863,98.83898163,105.27771,143.0085297,0.63,2.18,0
2015-05-08,174.9671914,175.7802941,174.8842163,175.5811615,155877300,12.85999966,94.79000092,2.150000095,65.38999939,59.38999939,100.0727539,106.0647202,145.0585175,0.59,2.16,0
2015-05-11,175.5396665,175.805164,174.6684788,174.7431488,75708100,13.85000038,95.01000214,2.273999929,64.91000366,59.25,99.68606567,106.1252518,144.4442596,0.62,2.28,0
2015-05-12,173.9133825,174.7596799,173.0919752,174.2203674,119727600,13.85999966,94.52999878,2.25999999,66.86000061,60.75,99.23490143,105.9350052,144.1571655,0.61,2.28,0
2015-05-13,174.6269483,175.2492232,174.0212708,174.2535858,94667900,13.76000023,93.62000275,2.282000065,66.80999756,60.5,99.43743896,105.9350052,144.1810608,0.59,2.27,0
2015-05-14,175.2658533,176.161931,174.9920508,176.0706635,95934000,12.73999977,93.36000061,2.239000082,66.58999634,59.88000107,100.8922043,107.0592957,145.6088867,0.56,2.23,0
2015-05-15,176.2615356,176.4025832,175.7803079,176.2615356,76510100,12.38000011,93.13999939,2.141000032,66.56999969,59.68999863,100.8922043,106.9382172,145.8831329,0.55,2.14,0
2015-05-18,176.0955091,177.0579514,176.0291316,176.8090515,74549700,12.72999954,94.19000244,2.227999926,66.26999664,59.43000031,101.3341599,108.1490097,146.0429535,0.58,2.23,0
2015-05-19,176.9252038,177.1990063,176.4688664,176.7509613,72114600,12.85000038,95.26999664,2.262000084,64.01999664,57.25999832,101.2236404,108.0019531,146.2428284,0.63,2.27,0
2015-05-20,176.8505969,177.373312,176.3112968,176.6265869,76857500,12.88000011,95.44999695,2.250999928,65.02999878,58.97999954,101.2880936,108.2008743,146.0669708,0.6,2.26,0
2015-05-21,176.4855336,177.3484163,176.3195835,177.1409912,64764600,12.10999966,95.26000214,2.184999943,66.54000092,60.72000122,101.8128967,108.0798111,146.131012,0.6,2.19,0
2015-05-22,176.7593399,177.17419,176.6514874,176.717865,57433500,12.13000011,96.01000214,2.214999914,65.37000275,59.72000122,101.7116165,107.6128311,145.7071838,0.64,2.21,0
2015-05-26,176.2282823,176.6514374,174.4029448,174.8177948,124308600,14.06000042,97.30000305,2.137000084,63.72000122,58.02999878,100.5423126,106.5836105,144.1962738,0.64,2.14,0
2015-05-27,175.2742014,176.7095795,174.8676437,176.4772644,93214000,13.27000046,97.37000275,2.13499999,62.06000137,57.50999832,102.162796,107.8895798,145.1156921,0.64,2.14,0
2015-05-28,176.1702111,176.3859286,175.5894236,176.2780762,74974600,13.31000042,96.97000122,2.130000114,62.58000183,57.68000031,101.9326248,107.794426,144.931778,0.62,2.13,0
2015-05-29,176.2116786,176.2531534,174.9173487,175.1828461,124919600,13.84000015,96.91000366,2.095000029,65.55999756,60.29999924,101.3249054,107.1457672,143.9884186,0.61,2.12,0
2015-06-01,175.8466273,176.1785022,174.7514172,175.5396423,93338800,13.97000027,97.38999939,2.191999912,64.87999725,60.20000076,101.665596,107.4830627,144.2202911,0.64,2.19,0
2015-06-02,175.0833072,176.0540548,174.4610322,175.3654022,91531000,14.23999977,95.83999634,2.266000032,65.48999786,61.25999832,101.3433228,107.6906357,144.0204315,0.64,2.27,0
2015-06-03,175.8963793,176.4522768,175.3404819,175.8300018,87820900,13.65999985,95.47000122,2.365999937,63.79999924,59.63999939,101.647171,108.7630386,144.6039734,0.69,2.38,0
2015-06-04,175.1247686,175.780226,174.0295586,174.3448486,151882800,14.71000004,95.45999908,2.306999922,62.02999878,58,100.8737793,107.6733398,143.2689362,0.66,2.31,0
2015-06-05,174.1955283,174.7182434,173.3907182,174.0461884,121704700,14.21000004,96.30999756,2.40199995,63.31000137,59.13000107,100.6343842,108.4517059,142.7012939,0.73,2.41,0
2015-06-08,173.9383464,174.087699,172.9012211,172.9758911,89063300,15.28999996,95.30000305,2.381000042,62.68999863,58.13999939,99.61241913,107.9500961,142.1496582,0.7,2.39,0
2015-06-09,172.9510193,173.4903321,172.3204516,172.9510193,105034700,14.47000027,95.16999817,2.417000055,64.87999725,60.13999939,99.4466629,107.6214294,142.0697174,0.72,2.42,0
2015-06-10,173.7142649,175.4068598,173.6561925,175.0251923,134551300,13.22000027,94.65000153,2.477999926,65.69999695,61.43000031,100.8093185,108.9619522,143.9484863,0.75,2.5,0
2015-06-11,175.4649692,175.9710867,175.2326541,175.5894318,73876400,12.85000038,94.98000336,2.382999897,65.11000061,60.77000046,100.9566345,109.2387161,144.4121094,0.73,2.39,0
2015-06-12,174.7680001,175.464945,173.9714825,174.245285,135382400,13.77999973,94.97000122,2.38499999,63.86999893,59.95999908,100.1280212,108.9100876,143.204895,0.74,2.39,0
2015-06-15,173.1086513,173.7807065,172.4034011,173.4986115,124384200,15.39000034,94.80999756,2.35800004,62.61000061,59.52000046,99.63082123,108.5641327,142.3815613,0.72,2.36,0
2015-06-16,173.3492629,174.5274484,173.1750329,174.4444733,85308200,14.81000042,95,2.318000078,62.63000107,59.97000122,100.1740417,109.333847,143.2689362,0.71,2.32,0
2015-06-17,174.7265778,175.3322681,173.70605,174.7265778,126708600,14.5,94.30000305,2.305999994,63.86999893,59.91999817,100.4502411,109.1695175,143.4847565,0.67,2.32,0
2015-06-18,175.3239341,177.0082244,174.7597441,176.5435944,165867900,13.18999958,94.04000092,2.351000071,64.26000214,60.45000076,101.9142151,110.6311035,144.9638214,0.66,2.35,0
2015-06-19,176.3018084,176.3768416,175.3846938,175.7598724,130478700,13.96000004,94.08999634,2.26699996,63.02000046,59.61000061,101.4103012,110.5792465,144.0900879,0.65,2.26,0
2015-06-22,176.6769719,177.2439061,176.4518596,176.6602936,70696000,12.73999977,94.33000183,2.359999895,63.34000015,59.68000031,102.1577988,111.3403244,145.019928,0.68,2.37,0
2015-06-23,176.8687638,177.1188872,176.3935409,176.7853851,68476800,12.10999966,95.43000031,2.40899992,64.44999695,61.00999832,102.24086,111.5737839,145.1801453,0.7,2.42,0
2015-06-24,176.518578,176.8937566,175.476408,175.5014191,92307300,13.26000023,95.26000214,2.371000051,63.49000168,60.27000046,101.714859,110.6311035,143.8094635,0.68,2.38,0
2015-06-25,176.0017024,176.1267577,174.8928318,174.967865,97107400,14.01000023,95.19000244,2.392999887,63.20000076,59.70000076,101.5118256,110.5705872,143.2003937,0.68,2.4,0
2015-06-26,175.3263076,175.5680982,174.3841948,174.9344635,104174800,14.02000046,95.47000122,2.476000071,63.25999832,59.63000107,100.8381424,110.2678986,143.5850525,0.72,2.49,0
2015-06-29,173.4587821,174.9428312,171.1910191,171.2660522,202621300,18.85000038,94.79000092,2.33100009,62.00999832,58.33000183,98.45726013,107.4830627,140.7876129,0.64,2.33,0
2015-06-30,172.8001156,172.8501504,171.1493219,171.6245575,182925100,18.22999954,95.48999786,2.335000038,63.59000015,59.47000122,98.8079071,107.9846878,140.9318695,0.64,2.35,0
2015-07-01,173.1919541,173.4420774,172.2164846,173.0001984,135979900,16.09000015,96.30999756,2.417999983,62.00999832,56.95999908,99.59231567,108.3046875,142.19841,0.69,2.43,0
2015-07-02,173.475475,173.6422196,172.4249593,172.8418274,104373700,16.79000092,96.11000061,2.392999887,62.06999969,56.93000031,99.62001038,107.504776,141.9178009,0.64,2.4,0
2015-07-06,171.5578375,173.1252523,171.3577363,172.349884,117975400,17.01000023,96.30000305,2.278000116,56.54000092,52.52999878,99.38930511,107.4700089,141.62117,0.6,2.3,0
2015-07-07,172.5500035,173.5588169,170.1738509,173.4337616,173820200,16.09000015,96.87000275,2.230999947,56.84999847,52.33000183,99.63845062,107.5916367,142.3826904,0.58,2.27,0
2015-07-08,172.0997316,172.3831987,170.2905266,170.5239716,164020100,19.65999985,96.29000092,2.20600009,57.04999924,51.65000153,97.90354156,105.9501495,140.2745667,0.55,2.22,0
2015-07-09,172.616668,172.8751368,170.7240967,170.8324738,144113100,19.96999931,96.61000061,2.301000118,58.61000061,52.77999878,97.84819031,106.332283,140.4829559,0.6,2.32,0
2015-07-10,172.8251544,173.4004343,170.8742149,172.9835663,129456900,16.82999992,96.02999878,2.417000055,58.72999954,52.74000168,99.34315491,107.8087769,142.2063751,0.65,2.42,0
2015-07-13,174.2424787,175.0011688,174.2007894,174.8927917,106069400,13.89999962,96.86000061,2.430000067,57.84999847,52.20000076,101.0873184,109.0246811,143.9617767,0.69,2.44,0
2015-07-14,174.8511098,175.9599802,174.7927422,175.6514893,81709600,13.36999989,96.63999939,2.398999929,58.50999832,53.04000092,101.7517395,109.632637,144.5469055,0.66,2.41,0
2015-07-15,175.6931686,176.1517259,175.1178888,175.5931244,97914100,13.22999954,97.12999725,2.349999905,57.04999924,51.40999985,101.8625107,109.0507202,144.5549316,0.64,2.36,0
2015-07-16,176.6436079,177.002121,176.4018302,177.002121,106683300,12.10999966,97.66000366,2.351999998,57.50999832,50.90999985,103.3021317,109.7021179,145.1400909,0.67,2.36,0
2015-07-17,176.9937641,177.2105435,176.5852417,177.1521759,89030000,11.94999981,97.86000061,2.348999977,57.52000046,50.88999939,104.8248138,109.2244415,144.85289,0.68,2.34,0
2015-07-20,177.3774042,177.7359047,176.9271921,177.2440033,70446800,12.25,98.02999878,2.371999979,56.65000153,50.15000153,105.1847305,108.6338501,144.9732056,0.71,2.38,0
2015-07-21,177.1105134,177.3689822,176.2434337,176.5435791,77965000,12.22000027,97.33000183,2.339999914,57.04000092,50.36000061,105.1201172,108.1214294,143.5931854,0.71,2.35,0
2015-07-22,175.8598998,176.5602476,175.826556,176.2267456,88667900,12.11999989,97.59999847,2.322000027,56.13000107,49.18999863,103.9296341,108.5209427,143.0556488,0.75,2.33,0
2015-07-23,176.3601831,176.4602274,174.876134,175.2346344,90509100,12.64000034,97.12000275,2.27699995,55.27000046,48.45000076,103.5420685,107.3223953,142.1410217,0.71,2.28,0
2015-07-24,175.3347099,175.3930648,173.0836249,173.4171143,117755000,13.73999977,97.23999786,2.270999908,54.61999893,48.13999939,102.526947,105.5940247,140.825119,0.7,2.27,0
2015-07-27,172.5332864,173.0418657,171.9663394,172.4082184,132361100,15.60000038,96.5,2.227999926,53.47000122,47.38999939,101.6779327,104.7168579,139.7902069,0.68,2.23,0
2015-07-28,173.2420098,174.6677041,172.4166193,174.5259705,123544800,13.43999958,96.76999664,2.25,53.29999924,47.97999954,102.5546265,105.6114349,141.2985687,0.69,2.26,0
2015-07-29,174.6509751,175.951601,174.5092416,175.7265015,105791300,12.5,96.98000336,2.279000044,53.38000107,48.79000092,102.942215,105.9066925,142.2212372,0.7,2.29,0
2015-07-30,175.2179502,175.9349636,174.600981,175.768219,91304400,12.13000011,97.55999756,2.267999887,53.31000137,48.52000046,103.4313354,106.2106857,142.1891785,0.72,2.28,0
2015-07-31,176.2684546,176.2934657,175.2179519,175.5014191,103266900,12.11999989,97.37000275,2.204999924,52.20999908,47.11999893,103.3113708,106.7925949,141.7558441,0.67,2.2,0
2015-08-03,175.4680686,175.5264235,173.9589959,174.9094543,113965700,12.56000042,97.48999786,2.150000095,49.52000046,45.16999817,102.9883499,106.2628098,141.0096588,0.68,2.16,0
2015-08-04,174.8344311,175.2929884,174.0840738,174.5676422,81820800,13,97.93000031,2.210999966,49.99000168,45.74000168,102.7945557,106.0109482,140.6647186,0.74,2.23,0
2015-08-05,175.4597707,176.1767843,174.8594796,175.1429596,85786800,12.51000023,97.95999908,2.267999887,49.59000015,45.15000153,103.5882263,106.2541122,140.6968231,0.73,2.28,0
2015-08-06,175.3263607,175.4347505,173.1252979,173.7089233,116030800,13.77000046,97.83000183,2.233999968,49.52000046,44.65999985,101.9271088,104.8210678,139.7821198,0.71,2.23,0
2015-08-07,173.5504411,173.7005074,172.4749148,173.375351,117858000,13.39000034,97.55999756,2.174999952,48.61000061,43.86999893,101.797905,104.117569,139.4772797,0.73,2.18,0
2015-08-10,174.4842574,175.6431499,174.4842574,175.5597839,80270700,12.22999954,97.16000366,2.237999916,50.40999985,44.95999908,102.9606628,105.3161621,141.3626709,0.73,2.24,0
2015-08-11,174.2257855,174.6426535,173.2169595,173.9756622,126081400,13.71000004,97.29000092,2.137000084,49.18000031,43.08000183,101.641037,104.4128799,139.693924,0.68,2.15,0
2015-08-12,172.6750223,174.3675049,171.2159846,174.184082,172123700,13.60999966,96.26000214,2.130000114,49.65999985,43.29999924,101.9916916,104.2131042,139.7740936,0.67,2.14,0
2015-08-13,174.0257316,174.7094013,173.4254406,173.9673767,89383300,13.48999977,96.44999695,2.188999891,49.22000122,42.22999954,101.825592,103.8657074,139.8543091,0.72,2.19,0
2015-08-14,173.7755795,174.6760158,173.6338459,174.6009827,72786500,12.82999992,96.56999969,2.196000099,49.02999878,42.5,101.9824905,104.5344543,140.327713,0.73,2.2,0
2015-08-17,174.0090014,175.576416,173.5504442,175.576416,79072600,13.02000046,96.81999969,2.150000095,49.02999878,41.86999893,102.8314667,105.6374588,140.9695587,0.72,2.16,0
2015-08-18,175.3013314,175.651499,174.8344413,175.0678864,71692700,13.78999996,96.97000122,2.196000099,48.81000137,42.61999893,102.305481,104.7950058,140.6727142,0.74,2.2,0
2015-08-19,174.3258512,175.0928868,172.8751588,173.6838837,172946000,15.25,96.45999908,2.128999949,47.15999985,40.79999924,101.6317902,103.7093811,139.3970947,0.67,2.12,0
2015-08-20,172.1747818,173.6588306,169.9987308,170.0570984,194327900,19.13999939,95.75,2.084000111,46.61999893,41.13999939,98.8171463,101.0864487,136.5728302,0.69,2.09,0
2015-08-21,168.1895379,170.0320998,164.6795169,164.937973,346588500,28.03000069,94.83000183,2.053999901,45.45999908,40.45000076,94.49827576,99.90527344,132.3389282,0.64,2.05,0
2015-08-24,156.317161,164.6461752,152.0734352,157.9929657,507244300,40.74000168,93.30999756,1.996999979,42.68999863,38.24000168,90.86231232,96.00563812,127.4851761,0.59,2.01,0
2015-08-25,162.9370671,162.9537454,155.8419763,156.1337891,369833100,36.02000046,94.52999878,2.132999897,43.20999908,39.31000137,90.52087402,95.26741791,125.9638367,0.67,2.12,0
2015-08-26,160.1440154,162.4034328,157.0508492,162.1283112,339257000,30.31999969,95.09999847,2.171999931,43.13999939,38.59999847,95.07966614,97.6905365,130.9302368,0.67,2.18,0
2015-08-27,164.2626743,166.2636356,162.7536141,166.1385803,274143900,26.10000038,95.61000061,2.167999983,47.56000137,42.56000137,97.48829651,99.43627167,133.9808655,0.68,2.18,0
2015-08-28,165.4965682,166.6137711,165.0129998,166.1468811,160414400,26.04999924,96.11000061,2.186000109,50.04999924,45.22000122,97.46984863,100.4177094,133.8843994,0.72,2.19,0
2015-08-31,165.1714265,166.0218408,164.2543119,164.8045807,163298800,28.43000031,95.94999695,2.200000048,54.15000153,49.20000076,96.26086426,100.0529251,132.9586334,0.74,2.21,0
2015-09-01,161.0110643,162.3867361,159.0184362,159.8855286,256000400,31.39999962,95.44999695,2.171999931,49.56000137,45.40999985,93.25245667,97.18682861,129.1594086,0.7,2.17,0
2015-09-02,162.2617058,162.9620537,160.427489,162.9203644,160269300,26.09000015,95.83000183,2.193000078,50.5,46.25,95.8825531,98.93257141,131.5741882,0.72,2.2,0
2015-09-03,163.6289784,165.1213725,162.545132,163.0370331,152087800,25.61000061,96.41000366,2.167999983,50.68000031,46.75,95.41188812,98.77619934,131.7431946,0.71,2.18,0
2015-09-04,160.7859934,161.6280622,159.7521561,160.5692139,207081000,27.79999924,96.23000336,2.128000021,49.61000061,46.04999924,94.27682495,98.02926636,129.5699005,0.71,2.13,0
2015-09-08,163.3622488,164.7545866,162.7202685,164.6045074,116025700,24.89999962,95.87999725,2.194000006,49.52000046,45.93999863,96.93456268,100.2700653,132.7413788,0.74,2.2,0
2015-09-09,166.1802628,166.3053182,162.036594,162.4034271,149347700,26.22999954,96.01000214,2.180999994,47.58000183,44.15000153,95.8456192,99.11494446,130.8174438,0.75,2.21,0
2015-09-10,162.211644,164.4293844,161.953188,163.2871704,158611100,24.37000084,95.45999908,2.221999884,48.88999939,45.91999817,96.8884201,99.56655121,131.5178375,0.75,2.23,0
2015-09-11,162.8953543,164.0959363,162.1866736,164.0292358,119691200,23.20000076,95.19000244,2.183000088,48.13999939,44.63000107,97.42369843,100.0355377,132.3227844,0.71,2.2,0
2015-09-14,164.2043072,164.2543293,162.9370248,163.4205933,79452000,24.25,95.25,2.180000067,46.36999893,44,97.12836456,99.57524109,131.8236847,0.73,2.18,0
2015-09-15,163.9208703,165.9051665,163.3789469,165.4632874,113806200,22.54000092,95.61000061,2.280999899,46.63000107,44.59000015,98.27268982,100.6956024,133.7072754,0.82,2.28,0
2015-09-16,165.763409,167.0890463,165.4215742,166.8972778,99581600,21.35000038,95.41999817,2.302999973,46.61000061,47.15000153,98.8263855,101.5641479,134.8340759,0.82,2.3,0
2015-09-17,166.7638395,169.1566572,166.1468704,166.522049,276046600,21.13999939,94.55000305,2.217000008,49.08000183,46.90000153,98.86326599,101.9115295,134.270752,0.7,2.21,0
2015-09-18,164.0187793,166.5078369,163.3902265,163.8008728,223657500,22.28000069,94.86000061,2.130000114,47.47000122,44.68000031,97.45720673,100.5045319,131.897934,0.69,2.13,0
2015-09-21,164.6305739,165.6697731,163.5997507,164.6473389,105726200,20.13999939,95.88999939,2.213999987,48.91999817,46.68000031,97.7624588,100.3221588,132.994812,0.72,2.2,0
2015-09-22,162.4851433,162.9712258,161.3788839,162.5102844,153890900,22.44000053,96.27999878,2.125,49.08000183,45.83000183,96.30081177,98.80226898,131.4624176,0.69,2.14,0
2015-09-23,162.6778691,163.1471866,161.6721871,162.2504578,92790600,22.12999916,96.06999969,2.144000053,47.75,44.47999954,96.37484741,98.50692749,131.1317139,0.7,2.16,0
2015-09-24,161.035235,162.1247292,159.702706,161.6637878,159378800,23.46999931,95.98999786,2.119999886,48.16999817,44.90999985,96.02331543,98.34195709,130.5509338,0.67,2.13,0
2015-09-25,163.1220276,163.4237335,160.7502868,161.6218872,155054800,23.62000084,96.26999664,2.167999983,48.59999847,45.70000076,95.20924377,97.04763031,131.3656464,0.7,2.17,0
2015-09-28,160.7251418,160.8340951,157.2555308,157.5656128,178515900,27.62999916,96.02999878,2.095000029,47.34000015,44.43000031,92.49874878,94.33007812,128.8735352,0.67,2.1,0
2015-09-29,157.7835094,159.0154738,156.6604854,157.6577911,159045600,26.82999992,95.88999939,2.053999901,48.22999954,45.22999954,92.01770782,93.6594162,129.2282715,0.64,2.05,0
2015-09-30,159.5434646,160.7670531,158.7640652,160.5994415,163452000,24.5,96.34999847,2.059999943,48.36999893,45.09000015,94.1361618,95.11399078,131.155899,0.64,2.06,0
2015-10-01,160.9766028,161.3202148,159.0825679,161.0185089,131079000,22.54999924,96.19000244,2.042000055,47.68999863,44.74000168,94.56168365,94.94849396,131.0510101,0.64,2.05,0
2015-10-02,159.0406169,163.4488624,158.4958635,163.4237213,211003300,20.94000053,95.83000183,1.988999963,48.13000107,45.54000092,96.21759033,96.35951233,132.7367401,0.58,1.99,0
2015-10-05,164.6473009,166.5581002,164.5383477,166.3318176,126320800,19.54000092,96.11000061,2.055999994,49.25,46.25999832,97.5959549,98.65898132,135.1562805,0.61,2.07,0
2015-10-06,166.1977631,166.7592689,165.0998928,165.7619629,110274500,19.39999962,95.45999908,2.035000086,51.91999817,48.52999878,97.13339233,97.979599,135.2449951,0.61,2.05,0
2015-10-07,166.6921896,167.4716017,165.5021312,167.1196136,124307300,18.39999962,95.5,2.062000036,51.33000183,47.81000137,97.71619415,99.71292114,136.2611694,0.65,2.08,0
2015-10-08,166.7341414,168.91313,166.4324354,168.6281891,153055200,17.42000008,95.31999969,2.10800004,53.04999924,49.43000031,98.10473633,100.6100311,137.4064484,0.65,2.12,0
2015-10-09,168.7706048,169.2063922,168.100146,168.7286987,107069200,17.07999992,94.80999756,2.098999977,52.65000153,49.63000107,98.54875183,100.810379,137.7210236,0.65,2.12,0
2015-10-12,168.8041273,169.0890682,168.376716,168.8879395,56395600,16.17000008,94.83999634,2.089999914,49.86000061,47.09999847,98.78930664,100.6622849,138.0516968,0.65,2.12,0
2015-10-13,168.1588162,169.4243106,167.6559816,167.8235931,88038700,17.67000008,94.76000214,2.055000067,49.24000168,46.65999985,98.15096283,99.28609467,137.6241608,0.64,2.06,0
2015-10-14,167.7649251,168.3431957,166.725726,167.019043,99106200,18.03000069,93.93000031,1.980999947,49.15000153,46.63999939,97.99372101,98.31060028,136.3580475,0.57,1.99,0
2015-10-15,167.6811337,169.5919332,167.3123806,169.5835571,134142200,16.04999924,94.37000275,2.023000002,48.70999908,46.38000107,99.6033783,100.6622849,138.1726379,0.61,2.04,0
2015-10-16,169.9858155,170.3713207,169.2231684,170.3545685,114580100,15.05000019,94.54000092,2.023000002,48.72999954,47.25999832,100.0196533,100.5316772,138.6890717,0.61,2.04,0
2015-10-19,169.7092982,170.4384155,169.3992162,170.4384155,76523900,14.97999954,94.95999908,2.028000116,48.61000061,45.88999939,100.5931931,100.7233047,138.8827362,0.61,2.04,0
2015-10-20,170.0025958,170.8322773,169.7511721,170.2204895,78448500,15.75,94.84999847,2.071000099,48.70999908,45.54999924,100.0751343,100.5839462,138.7938538,0.66,2.08,0
2015-10-21,170.6395196,170.7903661,168.9968959,169.1645203,102038000,16.70000076,95.05000305,2.029999971,47.84999847,45.20000076,99.46459961,99.05092621,138.366272,0.64,2.04,0
2015-10-22,170.111494,172.2318107,169.1644833,172.0222931,174911700,14.44999981,96.33999634,2.025000095,48.08000183,45.38000107,101.4905548,99.92195892,141.0451965,0.61,2.04,0
2015-10-23,173.6901415,174.2767884,172.893977,173.9080353,144442300,14.46000004,97.06999969,2.082999945,47.99000168,44.59999847,104.3305206,100.906189,142.3120575,0.66,2.09,0
2015-10-26,173.7320145,173.7906728,173.1118378,173.4805908,69033000,15.28999996,96.86000061,2.058000088,47.54000092,43.97999954,104.3952789,100.2180939,142.0296021,0.66,2.07,0
2015-10-27,172.8101042,173.480563,172.4664922,173.14534,77905800,15.43000031,96.91000366,2.028000116,46.81000137,43.20000076,104.6080627,99.12063599,141.7471771,0.65,2.05,0
2015-10-28,173.480648,175.1400245,172.8185777,175.1148834,135906700,14.32999992,97.77999878,2.092000008,49.04999924,45.93999863,105.4776306,102.0123749,143.3690338,0.73,2.1,0
2015-10-29,174.6119663,175.3829895,174.4946369,175.0142365,90525500,14.60999966,97.27999878,2.173000097,48.79999924,46.06000137,105.3111038,100.9236298,143.1270142,0.75,2.19,0
2015-10-30,175.2069569,175.5254277,174.1007109,174.2599335,131076900,15.06999969,96.94999695,2.151000023,49.56000137,46.59000015,104.8393173,100.4619904,142.4089203,0.75,2.16,0
2015-11-02,174.5868408,176.5143926,174.4611226,176.32164,86270800,14.14999962,96.93000031,2.187000036,48.79000092,46.13999939,106.0234222,102.5523911,143.7240906,0.77,2.2,0
2015-11-03,175.9696437,177.3859848,175.7433611,176.8328552,95246100,14.53999996,97.16000366,2.220000029,50.54000092,47.90000153,106.3934708,103.0837097,144.4906006,0.8,2.23,0
2015-11-04,177.1262032,177.2519086,175.7601442,176.2965088,96224500,15.51000023,97.94999695,2.230000019,48.58000183,46.31999969,106.4027023,103.0314331,144.1517639,0.84,2.25,0
2015-11-05,176.3551421,176.8160833,175.2321309,176.1204834,78408700,15.05000019,97.94000244,2.244999886,47.97999954,45.20000076,106.115921,103.1098251,144.1436768,0.85,2.26,0
2015-11-06,175.7768789,176.2629613,174.7041499,176.0282898,110471500,14.32999992,99.16000366,2.332999945,47.41999817,44.29000092,106.1899261,103.8414841,144.5470428,0.9,2.34,0
2015-11-09,175.4165502,175.5674095,173.4387031,174.3857269,131008700,16.52000046,98.98000336,2.342000008,47.18999863,43.86999893,105.0613327,102.6220627,143.1591949,0.89,2.36,0
2015-11-10,173.9080026,174.8215091,173.6398266,174.7879791,75874600,15.28999996,99.29000092,2.322000027,47.43999863,44.20999908,104.7930527,102.9269409,143.4497223,0.87,2.32,0
2015-11-11,175.0561842,175.1064664,174.0337371,174.1007843,67846000,16.05999947,99.01000214,2.338000059,45.81000137,42.93000031,104.6635361,102.0297852,142.9897614,0.87,2.32,0
2015-11-12,173.0614876,173.5308049,171.6535359,171.6702881,121315200,18.37000084,98.65000153,2.319000006,44.06000137,41.75,103.6459579,100.0787582,140.9402924,0.89,2.32,0
2015-11-13,171.2596701,171.5278459,169.6589527,169.7427521,153577100,20.07999992,98.98999786,2.279999971,43.61000061,40.74000168,101.6107788,99.35579681,139.2780151,0.86,2.28,0
2015-11-16,169.5584585,172.3827525,169.4411164,172.3240814,117645200,18.15999985,99.44000244,2.273000002,43.58000183,41.74000168,103.0723877,100.2093582,141.2227325,0.88,2.27,0
2015-11-17,172.6341339,173.5140977,171.7038753,172.1983337,121123700,18.84000015,99.62999725,2.260999918,43.56999969,40.66999817,103.1371613,99.82615662,141.3356171,0.86,2.25,0
2015-11-18,172.6759936,175.0728751,172.6341003,174.9304047,121342500,16.85000038,99.65000153,2.269000053,44.13999939,40.75,105.1168442,101.5159073,143.4093781,0.9,2.27,0
2015-11-19,174.8131192,175.1986373,174.4862723,174.7796021,88220500,16.98999977,98.98999786,2.247999907,44.18000031,40.54000092,105.1908264,101.0891113,143.3529053,0.91,2.24,0
2015-11-20,175.5338332,176.0953388,175.0393748,175.4165039,94011500,15.47000027,99.56999969,2.262000084,44.65999985,40.38999939,105.9031601,101.7423401,144.1405182,0.93,2.26,0
2015-11-23,175.4752234,175.9780581,174.7544822,175.2154236,64931200,15.61999989,99.80000305,2.25,44.83000183,41.75,105.5978851,102.2475662,143.8815002,0.94,2.25,0
2015-11-24,174.2096893,175.8523129,173.8241841,175.4500427,98874400,15.93000031,99.52999878,2.243000031,46.11999893,42.86999893,105.5054016,102.9966049,144.0758514,0.93,2.24,0
2015-11-25,175.5757886,175.7769301,175.1651294,175.424942,51980100,15.18999958,99.80000305,2.232000113,46.16999817,43.04000092,105.5978851,103.7979355,144.0353241,0.93,2.23,0
2015-11-27,175.5170996,175.8271944,175.0394061,175.6260529,37317800,15.11999989,100.0199966,2.224999905,44.86000061,41.70999908,105.7458725,104.1898956,144.0110016,0.92,2.22,1
2015-11-30,175.7852642,175.9025935,174.7879584,174.8969116,112822700,16.12999916,100.1699982,2.217999935,44.61000061,41.65000153,105.4776306,103.736969,143.4686737,0.94,2.21,0
2015-12-01,175.5254525,176.6819936,175.2488877,176.5646515,97858400,14.67000008,99.80000305,2.154999971,44.43999863,41.84999847,106.5322113,104.4250336,144.7476501,0.91,2.15,0
2015-12-02,176.5144277,176.8328986,174.5114394,174.7628632,108441300,15.90999985,99.98999786,2.177999973,42.49000168,39.93999863,105.8754044,103.3014679,143.5172577,0.94,2.18,0
2015-12-03,175.0142618,175.2824377,171.5949327,172.3156738,166224200,18.11000061,97.62000275,2.329999924,43.84000015,41.08000183,104.0807495,101.5594482,141.5258789,0.96,2.33,0
2015-12-04,172.3156276,175.9696145,172.3156276,175.6762848,192913900,14.81000042,98.34999847,2.275000095,43,39.97000122,106.51371,102.5872421,144.4319763,0.96,2.28,0
2015-12-07,175.3494316,175.7684667,173.64815,174.6119385,102027100,15.84000015,98.66000366,2.224999905,40.72999954,37.65000153,106.0326614,101.045578,143.5576935,0.94,2.23,0
2015-12-08,173.0531697,174.5616862,172.458134,173.4386749,103372400,17.60000038,98.47000122,2.237999916,40.25999832,37.50999832,106.0419159,100.4881134,142.2868805,0.94,2.24,0
2015-12-09,172.801705,174.8884917,171.1171757,172.0893402,162401500,19.61000061,97.34999847,2.207999945,40.11000061,37.15999985,104.4323196,99.36451721,141.6553802,0.93,2.22,0
2015-12-10,172.1564554,173.8409726,171.9217967,172.5335846,116128900,19.34000015,97.94000244,2.239000082,39.72999954,36.75999832,104.904068,99.69551086,142.3758087,0.95,2.24,0
2015-12-11,170.4216313,171.0837014,168.879572,169.1896667,211173300,24.38999939,97.56999969,2.138999939,37.93000031,35.61999893,102.4896088,97.47442627,139.8258514,0.88,2.13,0
2015-12-14,169.348877,170.1701823,167.5721592,170.0444641,182385200,22.72999954,97.59999847,2.224999905,37.91999817,36.31000137,103.2666855,96.77763367,140.7729492,0.97,2.23,0
2015-12-15,171.5530098,172.7346922,170.0193394,171.8295746,154069600,20.95000076,98.22000122,2.267999887,38.45000076,37.34999847,103.8957291,98.1712265,142.0358734,0.98,2.28,0
2015-12-16,172.952626,174.6455322,171.6368618,174.3438263,197017000,17.86000061,97.87000275,2.286999941,37.18999863,35.52000046,105.4406357,99.66934967,143.8006287,1.02,2.3,0
2015-12-17,174.6538358,174.720883,171.6703078,171.6870728,173092500,18.94000053,99.26999664,2.237999916,37.18000031,34.95000076,103.9049759,98.60673523,141.7444458,1,2.24,0
2015-12-18,170.9468578,171.0817373,168.4682654,168.6284485,251393500,20.70000076,98.69999695,2.198999882,36.88000107,34.72999954,101.9118347,97.09991455,138.7487335,0.97,2.19,0
2015-12-21,169.8003408,170.1965791,168.6874979,170.0195312,99094300,18.70000076,98.45999908,2.197000027,36.34999847,34.74000168,103.0438766,97.83153534,139.7629242,0.96,2.2,0
2015-12-22,170.9047174,171.8573771,169.9183411,171.5623016,111026200,16.60000038,98.23999786,2.239000082,36.11000061,36.13999939,103.7212601,98.72866058,141.1910248,0.99,2.24,0
2015-12-23,172.565575,173.7289994,172.4728381,173.6868439,110987200,15.56999969,98.33999634,2.263999939,37.36000061,37.5,104.4914398,99.97422028,142.651535,1.01,2.27,0
2015-12-24,173.4339065,173.9481725,173.1809865,173.400177,48539600,15.73999977,97.98000336,2.243000031,37.88999939,38.09999847,104.472847,100.1631622,142.1727753,1.03,2.25,1
2015-12-28,172.7089223,173.0461404,171.9333102,173.0039978,65899900,16.90999985,97.91999817,2.224999905,36.61999893,36.81000137,104.4171677,99.69953918,141.9781342,1.05,2.24,0
2015-12-29,174.0999594,175.179073,174.0662427,174.8502808,92640700,16.07999992,98.09999847,2.306999922,37.79000092,37.86999893,106.0595932,100.7755051,143.6008759,1.09,2.32,0
2015-12-30,174.6057619,174.6900728,173.4676283,173.6109467,63317700,17.29000092,98.26999664,2.302999973,36.45999908,36.59999847,105.1038055,99.76078796,142.6433258,1.08,2.31,0
2015-12-31,172.9365598,173.5772795,171.8742981,171.8742981,114877900,18.20999908,98.62999725,2.269000053,37.27999878,37.04000092,103.7955093,98.51859283,141.1747894,1.06,2.27,0
2016-01-04,169.024753,169.4799988,167.4229346,169.4715729,222353500,20.70000076,98.87000275,2.244999886,37.22000122,36.75999832,101.6055984,96.23537445,138.9839325,1.02,2.24,0
2016-01-05,169.7918801,170.2134091,168.6537595,169.7581635,110845800,19.34000015,99.40000153,2.247999907,36.41999817,35.97000122,101.4293365,96.44530487,139.0651703,1.04,2.25,0
2016-01-06,167.2120832,168.6621437,166.5882287,167.6167603,152112600,20.59000015,99.18000031,2.177000046,34.22999954,33.97000122,100.4550323,94.97569275,137.0772247,0.99,2.18,0
2016-01-07,164.6745725,166.453426,163.2076465,163.595459,213436100,24.98999977,98.22000122,2.153000116,33.75,33.27000046,97.30944061,92.43881226,133.8477936,0.96,2.16,0
2016-01-08,164.5565168,165.1129382,161.5130765,161.7997131,209817200,27.01000023,98.54000092,2.130000114,33.54999924,33.15999985,96.51146698,90.84666443,132.45224,0.94,2.13,0
2016-01-11,162.7186931,163.0559241,160.0293477,161.9599457,187941300,24.29999924,98.73000336,2.157999992,31.54999924,31.40999985,96.80835724,90.45302582,132.9310303,0.94,2.17,0
2016-01-12,163.4015703,164.0169992,161.1421673,163.2666779,172330500,22.46999931,98.97000122,2.101999998,30.86000061,30.44000053,97.93113708,90.72422028,133.8398132,0.93,2.12,0
2016-01-13,163.9326229,164.2782797,158.8152676,159.1946411,221168900,25.21999931,98.93000031,2.065999985,30.30999947,30.47999954,94.55355072,87.81114197,130.9187775,0.91,2.08,0
2016-01-14,159.8016514,162.9293894,158.2082722,161.8081207,240795600,23.95000076,99.08999634,2.09800005,31.03000069,31.20000076,96.56708527,89.02710724,132.7362976,0.9,2.1,0
2016-01-15,157.4579118,159.1355886,156.4040895,158.3346863,324846400,27.02000046,98.95999908,2.032999992,31.01000023,29.42000008,93.56995392,87.58370209,129.6319122,0.85,2.03,0
2016-01-19,160.1473352,160.2737888,156.9774283,158.545517,195244400,26.04999924,98.98999786,2.035000086,28.76000023,28.45999908,93.7741394,86.40274811,129.9079437,0.88,2.06,0
2016-01-20,155.9910106,158.0733647,152.6103529,156.5137024,286547800,27.59000015,99.08999634,1.983999968,27.87999916,26.54999924,93.48646545,86.76141357,127.951416,0.85,2.01,0
2016-01-21,156.9858843,159.2284095,155.6622767,157.3905487,195772900,26.69000053,99.05999756,2.019000053,29.25,29.53000069,93.57926941,86.56018066,128.7550659,0.84,2.02,0
2016-01-22,159.9955629,160.8217563,159.2368158,160.6194305,168319600,22.34000015,99.56999969,2.048000097,32.18000031,32.18999863,96.28872681,88.67720032,130.5329895,0.88,2.07,0
2016-01-25,160.1135929,160.3074927,157.9975217,158.1914215,130371700,24.14999962,99.36000061,2.022000074,30.5,30.34000015,94.85975647,86.70894623,128.8362427,0.88,2.03,0
2016-01-26,158.8489825,160.6278353,158.5117644,160.3496246,141036800,22.5,99.36000061,1.993999958,31.79999924,31.45000076,95.71341705,88.44104767,131.1418457,0.85,2.01,0
2016-01-27,159.826939,161.4961902,157.7024292,158.6045074,185681700,23.11000061,98.90000153,2.000999928,33.09999847,32.29999924,93.32870483,87.2250824,129.3234863,0.84,2.02,0
2016-01-28,160.147345,160.3496707,157.7867794,159.4307404,143798800,22.42000008,98.51000214,1.985000014,33.88999939,33.22000122,94.64633942,87.20754242,130.3056183,0.83,2,0
2016-01-29,160.1979924,163.452199,160.0799647,163.3173065,210529300,20.20000076,99.61000061,1.930999994,34.74000168,33.61999893,96.6227951,90.06814575,133.4393463,0.76,1.94,0
2016-02-01,162.3140337,164.042306,161.7323213,163.258255,136061600,19.97999954,99,1.965999961,34.68999863,31.62000084,96.88256836,89.65697479,133.4150543,0.81,1.97,0
2016-02-02,161.833425,161.8418509,159.7932132,160.315918,182564900,21.97999954,98.87000275,1.863999963,32.72000122,29.87999916,94.78554535,87.72370148,131.0362701,0.75,1.87,0
2016-02-03,161.3697297,161.681657,157.7361519,161.2769928,205054900,21.64999962,97.29000092,1.881000042,35.04000092,32.27999878,94.33085632,87.83744049,132.4895172,0.72,1.88,0
2016-02-04,160.7796469,162.4994801,160.1473532,161.5299683,139531800,21.84000015,96.47000122,1.863999963,34.45999908,31.71999931,94.32159424,88.17860413,133.252594,0.7,1.87,0
2016-02-05,161.0156935,161.5889669,157.8204956,158.4527893,180788300,23.37999916,97.02999878,1.84800005,34.06000137,30.88999939,91.04607391,85.7641449,131.4665985,0.74,1.86,0
2016-02-08,156.6149455,156.9100082,154.1110613,156.31987,191526700,26,96.56999969,1.735000014,32.88000107,29.69000053,89.65422058,84.3557663,130.1758118,0.66,1.75,0
2016-02-09,154.5831387,157.6012883,154.4482463,156.3282623,184513100,26.54000092,96.06999969,1.728999972,30.31999969,27.94000053,89.37585449,83.78715515,130.0865326,0.69,1.74,0
2016-02-10,157.154445,158.7815407,156.066893,156.1933594,148214100,26.29000092,95.88999939,1.705000043,30.84000015,27.45000076,89.71917725,83.83087158,129.3963928,0.71,1.71,0
2016-02-11,153.7233337,155.2071254,152.6695103,154.1617279,219058900,28.13999939,95.55999756,1.644000053,30.05999947,26.20999908,89.58927917,82.92110443,127.2938232,0.64,1.63,0
2016-02-12,155.9320601,157.3568177,155.0890018,157.3399658,127632400,25.39999962,95.98000336,1.748000026,33.36000061,29.44000053,90.95329285,84.49575043,129.8754578,0.71,1.74,0
2016-02-16,159.1440908,160.0208657,158.1830051,159.995575,120250700,24.11000061,96.87000275,1.777999997,32.18000031,29.04000092,93.00393677,86.49900055,131.6777191,0.74,1.78,0
2016-02-17,161.1590087,162.9800175,161.0325422,162.6090698,136009500,22.30999947,96.79000092,1.819000006,34.5,30.65999985,95.11029816,87.85491943,133.8940125,0.74,1.81,0
2016-02-18,162.8788033,162.9378236,161.6310811,161.9430084,102343000,21.63999939,96.94999695,1.758999944,34.27999878,30.77000046,94.02467346,87.43501282,133.5611267,0.71,1.75,0
2016-02-19,161.167402,162.018886,160.5603992,161.8671417,114793000,20.53000069,96.59999847,1.748000026,33.00999832,29.63999939,94.30300903,87.87241364,133.3924561,0.76,1.76,0
2016-02-22,163.44366,164.3541643,163.3762138,164.2108459,103640300,19.37999916,97.37999725,1.766000032,34.68999863,31.47999954,95.83405304,88.85218048,135.2177124,0.78,1.77,0
2016-02-23,163.5532483,163.8230331,162.0188766,162.1369171,111455300,20.97999954,97.48000336,1.745000005,33.27000046,31.87000084,94.25660706,88.03862762,133.7591858,0.76,1.74,0
2016-02-24,160.7121923,163.157056,159.6077881,162.8788452,150812200,20.71999931,97.45999908,1.741999984,34.40999985,32.15000153,95.1566925,88.88715363,134.1828461,0.75,1.75,0
2016-02-25,163.3256598,164.8600318,162.5669125,164.851593,110728300,19.11000061,97.29000092,1.697000027,35.29000092,33.06999969,96.0938797,89.70071411,135.9510956,0.72,1.71,0
2016-02-26,165.7199183,165.8126424,164.3120001,164.4721832,129833700,19.80999947,98.15000153,1.761999965,35.09999847,32.77999878,95.97323608,90.26931763,135.4947052,0.8,1.76,0
2016-02-29,164.4890853,165.4333064,162.9884427,163.1823425,125918100,20.54999924,98.20999908,1.74000001,35.97000122,33.75,95.11029816,89.86692047,134.4191284,0.78,1.74,0
2016-03-01,164.4047942,167.102591,163.9326836,167.01828,141799700,17.70000076,98.34999847,1.833999991,35.95999908,34.40000153,98.16311646,91.8002243,137.3199615,0.85,1.83,0
2016-03-02,166.7063213,167.8191514,166.2932182,167.7685699,102415000,17.09000015,98.20999908,1.84800005,36.93000031,34.65999985,98.20024109,92.74497223,137.6216125,0.85,1.84,0
2016-03-03,167.5915001,168.442997,167.0182268,168.4261322,95172200,16.70000076,97.56999969,1.830000043,37.06999969,34.56999969,98.01464081,93.71595764,137.9963837,0.85,1.83,0
2016-03-04,168.6200992,169.7498071,167.7939056,168.9741821,129293600,16.86000061,97.33999634,1.883000016,38.72000122,35.91999817,98.05176544,94.23212433,138.5423126,0.88,1.88,0
2016-03-07,168.0552166,169.5137165,167.9793444,169.1090393,100219000,17.35000038,97.06999969,1.90199995,40.84000015,37.90000153,97.44861603,95.25561523,139.0312042,0.91,1.91,0
2016-03-08,168.0383966,168.5442239,167.1026013,167.2627716,123974900,18.67000008,97.20999908,1.832000017,39.65000153,36.5,96.64136505,92.95493317,138.2164764,0.88,1.83,0
2016-03-09,168.0721092,168.4346181,167.2880583,168.088974,94801200,18.34000015,97.16999817,1.89199996,41.06999969,38.29000092,97.26303864,93.4272995,138.5423126,0.9,1.9,0
2016-03-10,168.5779117,169.5137067,166.4028201,168.2238159,156838700,18.04999924,96.06999969,1.92900002,40.04999924,37.84000015,97.11458588,92.66625214,138.5749207,0.93,1.93,0
2016-03-11,169.6739044,170.9806473,168.2069912,170.9384918,137964500,16.5,96.16999817,1.976999998,40.38999939,38.5,98.81262207,94.65200043,140.3431244,0.97,1.98,0
2016-03-14,170.4326321,171.1745145,170.10384,170.7192688,73612000,16.92000008,96.62000275,1.963000059,39.52999878,37.18000031,98.97964478,94.40705872,140.4897766,0.97,1.97,0
2016-03-15,169.7581955,170.744572,169.4968495,170.4410706,93169100,16.84000015,96.62999725,1.958999991,38.74000168,36.34000015,98.94256592,92.93743134,140.6772461,0.98,1.97,0
2016-03-16,169.9605466,171.8321369,169.9183911,171.4274597,129303200,14.98999977,95.88999939,1.937999964,40.33000183,38.45999908,99.82406616,93.59350586,141.3536072,0.87,1.94,0
2016-03-17,171.3431339,173.0208113,170.9468955,172.5149841,134278500,14.43999958,94.76000214,1.902999997,41.54000092,40.20000076,99.76838684,95.0281601,142.5513916,0.87,1.91,0
2016-03-18,173.0149558,173.5318742,172.7014196,173.1929169,138372400,14.02000046,94.98999786,1.871000051,41.20000076,39.43999863,99.92472076,95.88545227,143.4702148,0.84,1.88,0
2016-03-21,172.9302084,173.6674477,172.7014051,173.4386444,72926700,13.78999996,95.29000092,1.922999978,41.54000092,39.90999985,100.3156281,95.6579895,143.7314453,0.87,1.92,0
2016-03-22,172.6675008,173.9131891,172.5065045,173.3454285,97471900,14.17000008,95.65000153,1.934999943,41.79000092,41.45000076,100.6227112,95.54430389,143.4782867,0.91,1.94,0
2016-03-23,172.9641071,173.1505375,172.0319549,172.2014465,81052500,14.93999958,96.05000305,1.875,40.47000122,39.79000092,99.79444122,93.77803802,142.7515106,0.87,1.88,0
2016-03-24,171.1760466,172.1590408,170.9557256,172.1251373,84360900,14.73999977,96.13999939,1.899999976,40.43999863,39.45999908,99.82234192,94.05883026,142.857666,0.89,1.91,0
2016-03-28,172.5404039,172.7522555,171.7777434,172.2268677,62408200,15.23999977,95.94000244,1.870000005,40.27000046,39.38999939,99.68273926,94.17289734,143.0046692,0.89,1.89,0
2016-03-29,171.8200823,173.9301285,171.5150156,173.8199615,92922900,13.81999969,95.16000366,1.81400001,39.13999939,38.27999878,101.2835083,96.78759766,143.7804108,0.78,1.81,0
2016-03-30,174.8199296,175.3029445,174.2182654,174.5826569,86365300,13.56000042,94.83999634,1.830000043,39.25999832,38.31999969,101.7767487,96.7963562,144.4500427,0.76,1.83,0
2016-03-31,174.4894388,174.9131419,173.9979415,174.1589508,94584100,13.94999981,94.58999634,1.786000013,39.59999847,38.34000015,101.6278381,97.068367,144.2459259,0.73,1.78,0
2016-04-01,173.1675242,175.5317826,172.853975,175.3453522,114423500,13.10000038,94.62000275,1.792000055,39.65999985,36.79000092,102.7074127,97.49828339,145.1279144,0.76,1.79,0
2016-04-04,175.2690546,175.4724368,174.4724906,174.7775574,63497000,14.11999989,94.51000214,1.779000044,37.68999863,35.70000076,102.3165283,96.68230438,144.6378632,0.75,1.78,0
2016-04-05,173.4386576,174.7860306,172.7776816,173.0319061,99662200,15.42000008,94.62999725,1.726999998,37.86999893,35.88999939,101.3300171,95.58555603,143.5763855,0.72,1.73,0
2016-04-06,173.0319031,174.9809403,172.8539421,174.9216156,91839800,14.09000015,94.43000031,1.754999995,39.84000015,37.75,102.9958878,96.66471863,144.5725403,0.73,1.76,0
2016-04-07,173.836968,174.1928772,172.0997821,172.8285522,113859000,16.15999985,94.48000336,1.690999985,39.43000031,37.25999832,101.5161514,95.35742188,143.1434631,0.7,1.7,0
2016-04-08,174.006389,174.4385745,172.7607009,173.2945709,95040600,15.35999966,94.23999786,1.720000029,41.93999863,39.72000122,101.4416809,95.73467255,143.4456482,0.7,1.72,0
2016-04-11,173.9301541,174.6250335,172.7946327,172.8878479,83757500,16.26000023,93.94999695,1.723999977,42.83000183,40.36000061,101.0694351,95.43637085,143.2659912,0.7,1.73,0
2016-04-12,173.0572911,174.7775246,172.6166363,174.497879,115350600,14.85000038,93.95999908,1.781000018,44.68999863,42.16999817,101.9163513,96.4629364,144.6134644,0.74,1.79,0
2016-04-13,175.413107,176.3452591,175.2775189,176.2605133,96336400,13.84000015,94.73999786,1.761999965,44.18000031,41.75999832,103.2192688,98.5424118,146.1078339,0.75,1.77,0
2016-04-14,176.3197914,176.7689156,175.9215095,176.2689362,65212900,13.72000027,94.90000153,1.781000018,43.84000015,41.5,103.228569,98.41957092,146.2629242,0.77,1.8,0
2016-04-15,176.2690118,176.4045999,175.7520933,176.0741119,75761600,13.61999989,94.69999695,1.751999974,43.09999847,40.36000061,102.9679718,98.66526031,146.0177307,0.74,1.76,0
2016-04-18,176.0740454,177.3451546,175.4130696,177.311264,82531000,13.35000038,94.48999786,1.773000002,42.90999985,39.77999878,103.517067,99.41106415,146.9167328,0.75,1.78,0
2016-04-19,177.7350913,178.1248911,177.0571633,177.8706665,88316100,13.23999977,93.98000336,1.782999992,44.02999878,41.08000183,102.8842087,99.49005127,147.3580017,0.77,1.79,0
2016-04-20,177.9129814,178.7349667,177.4384358,178.0401001,81100300,13.27999973,94.48999786,1.853999972,45.79999924,42.63000107,102.9679718,99.6391983,147.7093506,0.8,1.85,0
2016-04-21,178.0570317,178.1671987,176.8113433,177.0825195,85695000,13.94999981,94.59999847,1.870000005,44.52999878,43.18000031,102.977272,99.13903809,146.8513336,0.82,1.88,0
2016-04-22,176.7266104,177.3536829,176.1842708,177.0825195,99251700,13.22000027,95.12000275,1.888000011,45.11000061,43.72999954,101.4230881,100.1217575,147.0147858,0.84,1.89,0
2016-04-25,176.4808531,176.8198235,175.8707195,176.7774506,66166500,14.07999992,94.83999634,1.90199995,44.47999954,42.63999939,101.4230881,99.41106415,146.7205963,0.85,1.91,0
2016-04-26,177.1418458,177.5486102,176.5656156,177.0401611,75864200,13.96000004,94.56999969,1.930999994,45.74000168,44.04000092,100.9298477,100.3849869,146.8022766,0.86,1.94,0
2016-04-27,176.6588192,177.7943407,176.3029101,177.404541,77329400,13.77000046,94.38999939,1.860000014,47.18000031,45.33000183,100.1201782,100.7359619,147.3008728,0.83,1.87,0
2016-04-28,176.6503529,177.7519709,175.3792432,175.7944641,97216200,15.22000027,93.76000214,1.838000059,48.13999939,46.02999878,98.91029358,99.58655548,145.625473,0.78,1.84,0
2016-04-29,175.1758248,175.5232645,173.7437062,174.8453369,142424100,15.69999981,93.08000183,1.819000006,48.13000107,45.91999817,98.38916016,98.69158173,145.1270447,0.77,1.83,0
2016-05-02,175.3453433,176.4130708,174.9131707,176.2351227,62188000,14.68000031,92.62999725,1.86500001,48.09999847,44.77999878,99.31980896,99.56898499,146.0341339,0.8,1.88,0
2016-05-03,175.0063455,175.2436182,173.955557,174.7012787,106422100,15.60000038,92.94000244,1.799999952,46.75,43.65000153,98.39846039,97.93701172,144.8899841,0.75,1.81,0
2016-05-04,173.7098373,174.4386073,173.2268095,173.7267761,92243800,16.04999924,93.18000031,1.784000039,44.61999893,43.77999878,97.76561737,97.12978363,144.0892944,0.75,1.79,0
2016-05-05,174.192853,174.5487621,173.2691832,173.6928864,67619200,15.90999985,93.77999878,1.746999979,45.00999832,44.31999969,97.73767853,96.74369049,144.1872711,0.72,1.76,0
2016-05-06,172.9217174,174.3707878,172.7691905,174.3284149,89315000,14.72000027,93.88999939,1.779000044,45.36999893,44.65999985,98.25886536,97.31407166,144.9227905,0.74,1.79,0
2016-05-09,174.2013251,174.904661,174.0233641,174.4724884,74374900,14.56999969,94.15000153,1.75999999,43.63000107,43.43999863,98.53804779,97.59479523,144.6285248,0.72,1.77,0
2016-05-10,175.1758061,176.6587669,175.1080121,176.6418152,77472200,13.63000011,94.29000092,1.75999999,45.52000046,44.65999985,99.88749695,98.57750702,146.4427032,0.72,1.77,0
2016-05-11,176.1842257,176.7180828,174.9893799,174.9893799,81727000,14.68999958,93.81999969,1.736999989,47.59999847,46.22999954,98.98477936,97.35788727,144.8899841,0.74,1.73,0
2016-05-12,175.6588404,175.828332,174.0318219,175.0402374,89586300,14.40999985,94.13999939,1.756999969,48.08000183,46.70000076,98.54733276,96.84022522,144.9880524,0.76,1.75,0
2016-05-13,174.7437188,175.2945279,173.1929632,173.5149689,96474600,15.03999996,94.61000061,1.705000043,47.83000183,46.20999908,98.18439484,96.19970703,143.4027405,0.76,1.71,0
2016-05-16,173.6843815,175.7011995,173.6250568,175.2266541,77486800,14.68000031,94.56999969,1.753000021,48.97000122,47.72000122,99.41285706,97.41931152,144.8572845,0.79,1.75,0
2016-05-17,174.9555266,175.2436416,173.065801,173.5912018,114924900,15.56999969,94.55000305,1.758999944,49.27999878,48.31000137,98.16577911,95.87506866,143.4681549,0.82,1.76,0
2016-05-18,173.2437773,174.8199538,172.5573801,173.6420593,120062100,15.94999981,95.08000183,1.879999995,48.93000031,48.18999863,98.51943207,96.37519836,143.5253143,0.9,1.87,0
2016-05-19,172.9217384,173.3284898,171.8370593,173.0403748,115430500,16.32999992,95.29000092,1.845000029,48.81000137,48.15999985,98.00757599,95.60307312,142.7489319,0.89,1.85,0
2016-05-20,173.6505171,174.6504633,173.5996748,174.1335449,104990400,15.19999981,95.30999756,1.848999977,48.72000122,47.75,99.08713531,97.20874023,143.3163757,0.89,1.85,0
2016-05-23,174.1504976,174.4301433,173.7098556,173.896286,58682600,15.81999969,95.23000336,1.838000059,48.34999847,48.08000183,98.95684814,97.0947113,143.3329163,0.91,1.84,0
2016-05-24,174.7097567,176.463894,174.6843356,176.1503448,93537800,14.42000008,95.56999969,1.858999968,48.61000061,48.61999893,100.9391327,99.09519196,145.0386505,0.92,1.86,0
2016-05-25,176.8282964,177.7604486,176.1503687,177.3452148,76621400,13.89999962,95.34999847,1.870000005,49.74000168,49.56000137,101.665062,99.67428589,146.2031097,0.92,1.87,0
2016-05-26,177.4807877,177.709591,177.0825057,177.3960419,55280700,13.43000031,95.16999817,1.822999954,49.59000015,49.47999954,101.9628525,99.56023407,146.0391235,0.87,1.83,0
2016-05-27,177.5570881,178.1672219,177.5062458,178.1587524,64211200,13.11999989,95.51999664,1.850999951,49.31999969,49.33000183,102.4933472,100.5516968,146.3835297,0.9,1.85,0
2016-05-31,178.4298969,178.5400638,177.2604718,177.8197632,109879400,14.18999958,95.88999939,1.833999991,49.68999863,49.09999847,102.6887817,100.9026489,145.6865234,0.87,1.84,0
2016-06-01,177.2096331,178.3621064,177.0147333,178.1841583,69936200,14.19999981,95.45999908,1.845999956,49.70999908,49.00999832,102.6980667,101.5870438,145.7520599,0.91,1.85,0
2016-06-02,177.7858798,178.7434403,177.3113342,178.7265015,63044700,13.63000011,95.55999756,1.81099999,50.04000092,49.16999817,102.9121323,102.3679428,146.2031097,0.89,1.81,0
2016-06-03,178.1672058,178.5400667,176.9893113,178.192627,101757100,13.47000027,94.02999878,1.703999996,49.63999939,48.61999893,102.4282303,101.7537384,146.0226593,0.78,1.71,0
2016-06-06,178.5485281,179.4552591,178.3875188,179.09935,64887000,13.64999962,93.90000153,1.72300005,50.54999924,49.68999863,102.8004608,102.8505096,146.9411621,0.8,1.73,0
2016-06-07,179.251831,179.938228,179.2264099,179.3789368,60974800,14.05000019,93.83000183,1.713000059,51.43999863,50.36000061,102.5398865,103.148819,147.1052399,0.78,1.72,0
2016-06-08,179.5145293,180.0907723,179.3874235,179.9636536,66170900,14.07999992,93.58999634,1.70599997,52.50999832,51.22999954,102.7166901,103.9122009,147.6628113,0.78,1.71,0
2016-06-09,179.234883,179.8365471,178.9637198,179.7179108,73786900,14.64000034,94.09999847,1.679999948,51.95000076,50.56000137,102.5491943,103.2453461,147.5152435,0.77,1.68,0
2016-06-10,178.345167,178.6841244,177.4723264,178.014679,113829200,17.03000069,94.59999847,1.639000058,50.54000092,49.06999969,101.3858566,101.8414841,146.5558014,0.73,1.64,0
2016-06-13,177.4129579,178.2688335,176.5570823,176.6418152,117751200,20.96999931,94.37000275,1.616000056,50.34999847,48.88000107,100.5389557,100.7359619,145.4487,0.73,1.62,0
2016-06-14,176.2605125,176.8875978,175.3453121,176.2944031,125059300,20.5,94.93000031,1.610999942,49.83000183,48.49000168,100.5389557,100.4463959,144.9976044,0.74,1.62,0
2016-06-15,176.2944177,177.4130003,175.8622451,176.0486755,109124500,20.13999939,94.61000061,1.595999956,48.97000122,48.00999832,100.2504883,100.5166092,144.8009186,0.69,1.6,0
2016-06-16,176.0486327,176.743512,174.2182323,176.5740204,149533100,19.37000084,94.56999969,1.56400001,47.18999863,46.20999908,100.5482559,100.507843,145.5306702,0.7,1.57,0
2016-06-17,176.4701468,176.4957002,175.2605736,175.9164734,117055700,19.40999985,94.20999908,1.618000031,49.16999817,47.97999954,99.3697052,100.0778885,145.049942,0.7,1.62,0
2016-06-20,177.8756373,178.548564,176.9641909,177.0493774,82789600,18.37000084,93.61000061,1.669999957,50.65000153,49.36999893,99.99491882,101.1658707,146.1017914,0.74,1.67,0
2016-06-21,177.4327486,177.9608688,176.9898019,177.552002,72461700,18.47999954,94.01999664,1.697000027,50.61999893,48.84999847,100.3121719,100.9728775,146.3153381,0.76,1.71,0
2016-06-22,177.7307854,178.4548316,177.1174789,177.2622986,95560500,21.17000008,93.72000122,1.684999943,49.88000107,49.13000107,100.0695724,100.5780182,145.9127502,0.75,1.69,0
2016-06-23,178.7189265,179.6218465,178.2589531,179.5707397,102731400,17.25,93.52999878,1.738999963,50.90999985,50.11000061,101.4972839,102.4995575,147.753418,0.78,1.74,0
2016-06-24,173.4547041,179.6047957,172.6795511,173.1224976,333444400,25.76000023,95.44999695,1.578999996,48.40999985,47.63999939,97.31682587,98.60383606,142.6669922,0.64,1.57,0
2016-06-27,171.7170577,171.7255842,169.2127243,170.0219574,230775800,23.85000038,96.54000092,1.460000038,47.15999985,46.33000183,95.38525391,95.36617279,140.6784363,0.61,1.46,0
2016-06-28,171.6233202,173.1139933,171.3166669,173.0884399,159382400,18.75,96.25,1.460999966,48.58000183,47.84999847,97.47545624,96.84022522,142.8312378,0.61,1.46,0
2016-06-29,174.4853692,176.2656552,174.3831558,176.035675,137328600,16.63999939,95.76999664,1.476999998,50.61000061,49.88000107,99.20173645,99.04254913,145.1485596,0.62,1.5,0
2016-06-30,176.504229,178.4889424,175.9505426,178.4378357,165021900,15.63000011,96.13999939,1.488000035,49.68000031,48.33000183,100.3494949,100.8851166,147.0877991,0.58,1.49,0
2016-07-01,178.4378679,179.2982077,178.2760212,178.8126678,106055300,14.77000046,95.65000153,1.45599997,49.84000015,48.99000168,100.8534164,101.2448578,147.3425446,0.59,1.46,0
2016-07-05,177.9863711,178.097111,176.930131,177.5263977,109803700,15.57999992,96.16999817,1.366999984,47.95999908,46.59999847,100.2375336,99.75325775,146.4387054,0.56,1.37,0
2016-07-06,177.0323817,178.7104551,176.3764817,178.5912018,96021500,14.96000004,96.05999756,1.38499999,48.79999924,47.43000031,101.0586929,100.4775391,147.0714264,0.58,1.38,0
2016-07-07,178.7700669,179.4344803,177.7138267,178.4804535,85593800,14.76000023,96.33000183,1.386999965,46.40000153,45.13999939,101.3572845,100.6893005,146.9152527,0.58,1.4,0
2016-07-08,179.7751683,181.3850946,179.5451751,181.1380615,133971000,13.19999981,96.30000305,1.366000056,46.75999832,45.40999985,102.9249496,103.0360184,148.9777069,0.61,1.37,0
2016-07-11,181.5980735,182.3476734,181.3936336,181.776947,73633900,13.53999996,96.56999969,1.434000015,46.25,44.75999832,103.5128708,104.2270432,149.6515656,0.66,1.43,0
2016-07-12,182.73953,183.3954299,181.80253,183.09729,101275600,13.55000019,96.44000244,1.513000011,48.47000122,46.79999924,104.0353928,105.6209946,150.6951599,0.69,1.53,0
2016-07-13,183.5146476,183.523161,182.5861743,183.071701,87324100,13.03999996,96.22000122,1.468000054,46.25999832,44.75,103.7834625,105.2063217,150.8677063,0.68,1.48,0
2016-07-14,184.3323176,184.5623108,183.7019844,184.093811,91230900,12.81999969,96.08000183,1.531000018,47.36999893,45.68000031,104.4926376,105.3122101,151.9852448,0.68,1.53,0
2016-07-15,184.6561288,184.8520423,183.4039619,183.8469086,107155400,12.67000008,96.58000183,1.593999982,47.61000061,45.95000076,104.3246613,105.6033325,152.0305481,0.71,1.6,0
2016-07-18,183.9661272,184.5027737,183.7105806,184.3409271,58725900,12.43999958,96.55999756,1.587000012,46.95999908,45.24000168,105.0152283,105.7797852,152.1949463,0.68,1.59,0
2016-07-19,183.9235559,184.187616,183.6765357,184.1535492,54345700,11.97000027,97.05000305,1.557999969,46.65999985,44.65000153,104.6325989,105.2504425,152.4745789,0.7,1.56,0
2016-07-20,184.1534632,185.1585963,184.1534632,184.9200897,58159500,11.77000046,97.19999695,1.580000043,47.16999817,44.93999863,105.8549957,105.9385757,152.7705536,0.73,1.59,0
2016-07-21,184.8094024,185.0308691,183.7787027,184.2216492,67777300,12.73999977,97,1.565000057,46.20000076,44.75,105.6124039,105.4357224,152.1127167,0.7,1.57,0
2016-07-22,184.3408908,185.099004,184.0768308,185.0478973,62787500,12.02000046,97.47000122,1.570000052,45.68999863,44.18999863,106.050972,106.2209167,152.5485535,0.71,1.57,0
2016-07-25,184.8434737,184.8945804,183.9661071,184.5453339,55873100,12.86999989,97.29000092,1.57099998,44.72000122,43.13000107,106.0602798,106.0621262,151.9729614,0.72,1.58,0
2016-07-26,184.443139,184.988299,183.7872391,184.6305389,70080500,13.05000019,97.16000366,1.562999964,44.86999893,42.91999817,106.1815948,106.5738068,151.800293,0.75,1.57,0
2016-07-27,185.0053294,185.0734761,183.6679763,184.4346161,84083900,12.82999992,97.05000305,1.514999986,43.47000122,41.91999817,106.9188156,106.873764,151.7837982,0.73,1.52,0
2016-07-28,184.238688,184.9371811,183.7787146,184.6475677,65035700,12.72000027,96.73999786,1.511000037,42.70000076,41.13999939,107.292038,106.6002655,151.6193695,0.72,1.52,0
2016-07-29,184.3835071,185.303454,184.1024071,184.945694,79519400,11.86999989,95.52999878,1.457999945,42.45999908,41.59999847,107.5253372,106.8119965,151.4138336,0.67,1.46,0
2016-08-01,185.0052964,185.3971232,184.3408832,184.7923431,73311400,12.43999958,95.70999908,1.496000051,42.45000076,40.06000137,108.0945282,106.9002151,151.1999664,0.67,1.51,0
2016-08-02,184.5453548,184.698688,182.7735945,183.6083679,92295500,13.36999989,95.05999756,1.536999941,41.79999924,39.50999832,107.2733994,105.4092636,150.4597931,0.67,1.55,0
2016-08-03,183.5487832,184.2046832,183.2506562,184.14505,53993600,12.85999966,95.55999756,1.542000055,43.09999847,40.83000183,107.6279678,106.2649994,150.7805328,0.67,1.55,0
2016-08-04,184.2557406,184.6560939,182.5010072,184.3409271,46585500,12.42000008,95.76000214,1.503000021,44.29000092,41.93000031,107.9359283,106.3620529,150.854538,0.64,1.51,0
2016-08-05,184.3409325,185.8912261,184.3409325,185.8486328,71892200,11.39000034,96.19000244,1.582000017,44.27000046,41.79999924,108.9716873,107.8971558,152.3429871,0.72,1.59,0
2016-08-08,186.0359961,186.1382225,185.4738093,185.7378693,39906500,11.5,96.40000153,1.582999945,45.38999939,43.02000046,108.8503799,107.8442078,152.3594666,0.74,1.59,0
2016-08-09,185.8060525,186.3426861,185.5249526,185.8486328,51251700,11.65999985,96.18000031,1.544999957,44.97999954,42.77000046,109.1023178,107.9589157,152.4170227,0.71,1.55,0
2016-08-10,185.9593394,186.0359995,185.0393796,185.3886261,57941100,12.05000019,95.65000153,1.508999944,44.04999924,41.70999908,108.8223724,107.1825333,152.2277832,0.69,1.5,0
2016-08-11,185.9167558,186.4959955,185.6526957,186.2489624,72504300,11.68000031,95.86000061,1.572999954,46.04000092,43.49000168,109.2889633,107.6942291,153.1982727,0.76,1.57,0
2016-08-12,185.9422927,186.3000657,185.6867592,186.0871124,61313500,11.55000019,95.72000122,1.514999986,46.97000122,44.49000168,109.3636093,107.8001251,152.8692932,0.71,1.51,0
2016-08-15,186.4533735,186.97298,186.44486,186.6237335,49813500,11.81000042,95.62999725,1.552999973,48.34999847,45.74000168,109.8301697,108.8675842,153.3791199,0.72,1.55,0
2016-08-16,186.206369,186.2745026,185.6612091,185.6612091,53213600,12.64000034,94.79000092,1.575999975,49.22999954,46.58000183,109.2236633,107.9853668,152.7540436,0.76,1.57,0
2016-08-17,185.6952551,186.146715,184.8604819,186.0104218,75134300,12.18999958,94.72000122,1.56099999,49.84999847,46.79000092,109.4195938,107.6677475,153.033783,0.74,1.56,0
2016-08-18,185.9848947,186.461908,185.8741678,186.4278412,52989300,11.43000031,94.16000366,1.536000013,50.88999939,48.22000122,109.4475861,108.4617844,153.2310181,0.71,1.53,0
2016-08-19,185.9593295,186.3341294,185.4738028,186.1552429,75443000,11.34000015,94.51000214,1.577999949,50.88000107,48.52000046,109.4195938,108.4617844,152.9307251,0.76,1.58,0
2016-08-22,185.9167353,186.3767217,185.5504619,186.1467285,61368800,12.27000046,94.51999664,1.539000034,49.15999985,47.04999924,109.5035629,108.7088165,152.7656097,0.76,1.55,0
2016-08-23,186.7600674,187.0582072,186.4619275,186.5215607,53399200,12.38000011,94.54000092,1.552999973,49.95999908,48.09999847,109.6995239,109.4675217,152.9141846,0.74,1.55,0
2016-08-24,186.3767554,186.4704554,185.1501422,185.5675354,71728900,13.44999981,94.79000092,1.559000015,49.04999924,46.77000046,108.9903717,108.5764618,152.3860626,0.76,1.56,0
2016-08-25,185.1841812,185.8571209,185.0308611,185.4397278,69224800,13.63000011,94.76999664,1.577000022,49.66999817,47.33000183,108.8130493,108.7882156,152.1466217,0.78,1.58,0
2016-08-26,185.6271464,186.6493197,184.2046198,185.0904999,122506300,13.64999962,95.56999969,1.63499999,49.91999817,47.63999939,108.9716873,108.5676575,151.6928558,0.84,1.62,0
2016-08-29,185.2182561,186.2659826,185.1841763,186.0019226,70502200,12.93999958,95.58000183,1.565999985,49.25999832,46.97999954,109.1209793,109.1322708,152.5263824,0.81,1.57,0
2016-08-30,185.9167335,186.1978334,185.1415934,185.6952667,58114500,13.11999989,96.05000305,1.570000052,48.36999893,46.34999847,108.7663803,109.3351822,152.2622375,0.8,1.57,0
2016-08-31,185.3630887,185.482342,184.3920221,185.1671753,85269500,13.42000008,96.01999664,1.567999959,47.04000092,44.70000076,108.6544113,108.7176056,151.7919006,0.8,1.58,0
2016-09-01,185.158604,185.4652572,184.0171776,185.1756439,97844200,13.47999954,95.65000153,1.570000052,47.04999924,43.15999985,108.9343491,108.79702,151.9239807,0.78,1.57,0
2016-09-02,186.0274617,186.4363283,185.4397085,186.0104218,79293900,11.97999954,95.87999725,1.595999956,46.83000183,44.43999863,109.2889633,109.8468781,152.551178,0.8,1.6,0
2016-09-06,186.2915776,186.6493377,185.5760575,186.5726776,56702100,12.02000046,94.81999969,1.542999983,47.25999832,44.83000183,109.9701233,109.9527435,152.9307251,0.74,1.55,0
2016-09-07,186.4107963,186.7344895,185.9508229,186.555603,76554900,11.93999958,94.95999908,1.541000009,47.97999954,45.5,110.0354538,110.6409073,152.9307251,0.74,1.54,0
2016-09-08,186.2233844,186.4959709,185.8230312,186.1296844,74102900,12.51000023,95.02999878,1.616000056,49.99000168,47.61999893,109.3916016,110.4203339,152.5180359,0.78,1.61,0
2016-09-09,184.8179369,184.8690436,181.6491903,181.6747437,221589100,17.5,95.33999634,1.672000051,48.00999832,45.88000107,106.6388168,106.9708023,149.2914734,0.79,1.67,0
2016-09-12,180.9165907,184.6816032,180.8484441,184.28125,168110900,15.15999985,95.09999847,1.672000051,48.31999969,46.29000092,108.5517731,108.4617844,151.2637177,0.79,1.68,0
2016-09-13,183.0035456,183.2676056,181.0103059,181.6321259,182828800,17.85000038,95.62999725,1.733999968,47.09999847,44.90000153,107.5813293,106.3796997,149.2006836,0.8,1.73,0
2016-09-14,181.6831876,182.8842471,181.0102611,181.5639343,134185500,18.13999939,95.33000183,1.68900001,45.84999847,43.58000183,108.0945282,106.3973389,148.89534,0.77,1.7,0
2016-09-15,181.4021418,183.761655,181.2232554,183.3783417,134427900,16.29999924,95.29000092,1.702999949,46.59000015,43.90999985,109.7742004,107.6677475,150.4054871,0.74,1.71,0
2016-09-16,182.7636832,182.9434733,181.9846274,182.6695099,155236400,15.36999989,96.11000061,1.700999975,45.77000046,43.02999878,109.7218018,107.5089722,149.6315918,0.77,1.7,0
2016-09-19,183.3201247,183.9622117,182.3783918,182.7037201,80250500,15.52999973,95.83999634,1.69599998,45.95000076,43.29999924,109.2447128,108.223587,149.6398773,0.79,1.7,0
2016-09-20,183.5598245,183.7139191,182.6780261,182.712265,69665300,15.92000008,96.01999664,1.687999964,45.88000107,43.43999863,109.450531,107.7648163,149.6977692,0.79,1.69,0
2016-09-21,183.4143029,184.9467448,182.7294074,184.7669678,110284400,13.30000019,95.66000366,1.667999983,46.83000183,45.34000015,110.5263062,109.326355,151.0290527,0.79,1.66,0
2016-09-22,185.7772103,186.2309508,185.5289423,185.9313049,76678700,12.02000046,95.44999695,1.631999969,47.65000153,46.31999969,111.4056625,110.8967209,151.8558044,0.79,1.63,0
2016-09-23,185.5374671,185.6744488,184.8183328,184.9125061,73630900,12.28999996,95.48000336,1.61500001,45.88999939,44.47999954,110.6947021,110.111557,150.8305206,0.77,1.62,0
2016-09-26,184.0820914,184.2618685,183.2174058,183.4143219,89827300,14.5,95.30999756,1.588999987,47.34999847,45.93000031,109.7685928,109.0181122,149.4497223,0.76,1.59,0
2016-09-27,183.2516479,184.6471082,182.8835112,184.552948,78494800,13.10000038,95.44000244,1.555999994,45.97000122,44.66999817,110.8537292,109.4604416,150.4832611,0.75,1.56,0
2016-09-28,184.7755422,185.6231018,183.8166963,185.4689941,87411000,12.39000034,95.43000031,1.567000031,48.68999863,47.04999924,111.0408096,110.3008652,151.3928223,0.75,1.57,0
2016-09-29,185.2635365,185.6659122,183.2431018,183.7910156,128070600,14.02000046,95.54000092,1.557000041,49.24000168,47.83000183,110.2363358,108.6907654,149.8383026,0.73,1.56,0
2016-09-30,184.6214494,185.8799412,184.3731814,185.1779327,117202900,13.28999996,95.45999908,1.60800004,49.06000137,48.24000168,111.0595322,109.8850632,151.1281281,0.77,1.6,0
2016-10-03,184.7669637,184.9552973,184.0991812,184.7327118,83512100,13.56999969,95.75,1.621999979,49.09999847,48.81000137,110.9005051,109.5400391,150.7478638,0.8,1.63,0
2016-10-04,184.8440479,185.0666334,183.2003064,183.7910156,119948100,13.63000011,96.12000275,1.682999969,50.86999893,48.68999863,110.7321472,109.000412,150.0533295,0.82,1.69,0
2016-10-05,184.4159473,185.0323518,184.3474564,184.6042938,72816000,12.98999977,96.12999725,1.715999961,51.86000061,49.83000183,111.1250229,109.6550598,151.0290527,0.85,1.72,0
2016-10-06,184.3817011,184.9552973,183.8423569,184.7327118,62927400,12.84000015,96.66000366,1.741999984,52.50999832,50.43999863,111.0688782,109.5400391,150.9131927,0.86,1.75,0
2016-10-07,185.0067067,185.1779274,183.3715218,184.0992126,89788300,13.47999954,96.51999664,1.735999942,51.93000031,49.81000137,110.825676,108.6642456,150.6651306,0.83,1.73,0
2016-10-10,185.0580597,185.5203566,184.9125215,185.0580597,51855000,13.38000011,96.51999664,1.72300005,51.93000031,49.81000137,111.5272827,109.9647141,151.4092865,0.83,1.73,0
2016-10-11,184.6300195,184.6985103,181.9931801,182.720871,130367400,15.35999966,97.69999695,1.758999944,52.40999985,50.79000092,109.9369507,107.9564896,149.8217773,0.87,1.77,0
2016-10-12,182.8578132,183.4827873,182.3612644,182.960556,73866100,15.90999985,97.97000122,1.777999997,51.81000137,50.18000031,109.8434219,107.868042,149.9623108,0.87,1.79,0
2016-10-13,181.6335763,182.8578159,180.8202687,182.3612671,101357000,16.69000053,97.51999664,1.738000035,52.02999878,50.43999863,109.450531,106.9745026,149.5240173,0.85,1.75,0
2016-10-14,183.3372275,183.7995374,182.3783818,182.4554291,93346200,16.12000084,98.01999664,1.79400003,51.95000076,50.34999847,109.5814743,106.5410233,149.8961639,0.84,1.8,0
2016-10-17,182.4297956,182.6866331,181.6421703,181.8219604,58275700,16.20999908,97.88999939,1.766000032,51.52000046,49.93999863,109.2821045,106.4171829,149.4249725,0.81,1.77,0
2016-10-18,183.4142965,183.4742178,182.5838629,182.960556,76869700,15.27999973,97.90000153,1.748999953,51.68000031,50.29000092,110.2550278,107.027565,149.9623108,0.82,1.75,0
2016-10-19,183.2259467,183.7567344,182.8663795,183.4485321,66519200,14.40999985,97.87000275,1.751999974,52.66999817,51.59999847,110.2456512,107.4787598,150.4832611,0.81,1.76,0
2016-10-20,183.0975401,183.6625798,182.4468966,183.1061096,73639800,13.75,98.31999969,1.746999979,51.38000107,50.43000031,110.1147079,107.1602631,150.1029205,0.84,1.76,0
2016-10-21,183.1060772,183.2772977,182.1472184,183.1916809,89089100,13.34000015,98.69999695,1.74000001,51.77999878,50.84999847,110.5263062,107.107193,149.9869995,0.84,1.74,0
2016-10-24,184.0649222,184.3388855,183.6197382,183.9707489,60146600,13.02000046,98.66999817,1.763000011,51.45999908,50.52000046,111.8546753,107.7884064,150.5995331,0.84,1.77,0
2016-10-25,183.7909999,184.0478373,183.1917212,183.3543854,66542300,13.46000004,98.72000122,1.758000016,50.79000092,49.95999908,111.4992065,106.9833374,150.2022552,0.86,1.77,0
2016-10-26,182.5325114,183.5684045,182.2927868,182.9862518,75705500,14.23999977,98.62999725,1.789999962,49.97999954,49.18000031,110.7414703,105.9217377,150.4421539,0.86,1.79,0
2016-10-27,183.7053258,183.7395647,182.4211522,182.4981995,77220200,15.35999966,98.88999939,1.843000054,50.47000122,49.72000122,110.2363358,104.7097397,150.2435913,0.87,1.85,0
2016-10-28,182.4726136,183.1489396,181.2483736,181.9589386,140623200,16.19000053,98.34999847,1.845000029,49.70999908,48.70000076,109.5440598,104.4177933,150.10289,0.86,1.86,0
2016-10-31,182.2927529,182.5153514,181.8047736,181.9674377,61272500,17.05999947,98.44999695,1.833999991,48.29999924,46.86000061,109.4411697,104.83358,149.9456482,0.86,1.84,0
2016-11-01,182.2927891,182.3441671,179.4419341,180.6490479,122781800,18.55999947,97.69999695,1.820000052,48.33000183,46.66999817,108.6179504,103.5508194,149.0766296,0.83,1.83,0
2016-11-02,180.3408232,180.7260858,179.1251401,179.5617676,103330800,19.31999969,97.40000153,1.799000025,46.86000061,45.34000015,107.7479553,102.2326355,148.4394073,0.81,1.81,0
2016-11-03,179.7758969,179.989926,178.4660398,178.7399902,88939300,22.07999992,97.16000366,1.812000036,46.34999847,44.65999985,106.6908646,101.7372513,148.2406769,0.81,1.82,0
2016-11-04,178.8512016,179.6901916,178.3974611,178.5429993,109122100,22.51000023,97.06999969,1.782999992,45.58000183,44.06999969,106.3166809,102.3918915,147.9097137,0.8,1.79,0
2016-11-07,178.5430139,182.5153921,178.5430139,182.4811401,109794900,18.70999908,97.77999878,1.827999949,46.15000153,44.88999939,108.8424759,104.8955307,150.9304352,0.82,1.83,0
2016-11-08,182.087341,183.8680641,181.8219471,183.3030243,106772100,18.73999977,97.86000061,1.861999989,46.04000092,44.97999954,109.5534134,105.1697693,151.7747955,0.87,1.88,0
2016-11-09,181.8133801,185.8628188,181.7876977,185.2464142,258429000,14.38000011,98.5,2.072000027,46.36000061,45.27000046,110.0585785,108.4076767,153.9100647,0.9,2.07,0
2016-11-10,186.0340075,186.8986799,184.2532846,185.7086792,172113300,14.73999977,98.79000092,2.117000103,45.84000015,44.65999985,108.2811584,110.1416397,155.7060547,0.92,2.15,0
2016-11-11,184.9895938,185.5203817,184.3389502,185.2806702,100552700,14.17000008,98.79000092,2.117000103,45.84000015,44.65999985,108.3279648,112.671814,155.9875336,0.92,2.15,0
2016-11-14,185.8028711,186.0083437,184.6813612,185.426178,94580000,14.47999954,100.1100006,2.221999884,44.43000031,43.31999969,107.2334442,114.2553711,156.2357483,1,2.23,0
2016-11-15,185.8114277,186.8730164,185.6059682,186.8730164,91652600,13.36999989,100.1900024,2.237999916,46.95000076,45.81000137,108.7208328,114.6092453,156.707489,1.02,2.23,0
2016-11-16,186.2565788,186.7531276,186.1367231,186.5219727,65617700,13.72000027,100.4100037,2.22300005,46.63000107,45.56999969,109.366333,114.6003647,156.4095764,1,2.22,0
2016-11-17,186.6760991,187.5407715,186.5647998,187.4808502,69797200,13.35000038,100.8899994,2.276000023,46.49000168,45.41999817,110.1614609,115.2727509,156.6744385,1.04,2.29,0
2016-11-18,187.549348,187.7205686,186.8815655,187.0613556,86265800,12.85000038,101.2099991,2.335000038,46.86000061,45.68999863,109.7498627,115.8831482,156.4196625,1.07,2.34,0
2016-11-21,187.6350239,188.4996967,187.4894857,188.4740143,72402600,12.42000008,101.0500031,2.338999987,48.90000153,47.49000168,110.8911362,116.4228134,157.1499634,1.08,2.33,0
2016-11-22,188.7821676,189.0218791,188.1143981,188.8421021,67429000,12.40999985,101.0400009,2.321000099,49.11999893,48.02999878,111.2279434,117.4844055,157.7144012,1.07,2.31,0
2016-11-23,188.3284044,188.9961738,188.1315013,188.944809,56620200,12.43000031,101.6999969,2.357000113,48.95000076,47.95999908,110.7788925,118.2186813,158.1875,1.12,2.36,0
2016-11-25,189.2873138,189.68112,189.2102534,189.6468811,37872300,12.34000015,101.4899979,2.371999979,47.24000168,46.06000137,111.1343918,118.6079559,158.7768097,1.12,2.36,1
2016-11-28,189.3386508,189.6126011,188.6537552,188.756485,76572500,13.14999962,101.3300018,2.319999933,48.24000168,47.08000183,110.8817902,117.0686035,158.3451843,1.11,2.32,0
2016-11-29,188.7906881,189.5783132,188.4910423,189.1245728,69886700,12.89999962,100.9300003,2.302000046,46.38000107,45.22999954,111.2653275,117.006691,158.6855316,1.09,2.3,0
2016-11-30,189.7409977,189.9036618,188.6109183,188.6708527,113291800,13.32999992,101.5,2.368000031,50.47000122,49.43999863,109.9182587,116.4316559,158.8598022,1.11,2.37,0
2016-12-01,188.9705324,188.9705324,187.6178672,187.9774475,79040500,14.06999969,101.0400009,2.440999985,50.45999908,51.06000137,108.019249,115.8654251,159.274826,1.14,2.45,0
2016-12-02,188.0630225,188.5595714,187.7120118,188.071579,74840300,14.11999989,100.7699966,2.390000105,54.45999908,51.68000031,108.2343903,115.8035202,159.1420288,1.11,2.4,0
2016-12-05,188.9019838,189.5440708,188.7050808,189.2016296,67837800,12.14000034,100.1399994,2.387000084,54.93999863,51.79000092,109.0763092,117.7940369,159.5404663,1.13,2.39,0
2016-12-06,189.3899713,189.8351553,188.9105485,189.8009033,59877400,11.78999996,100.4899979,2.395999908,53.93000031,50.93000031,109.3382645,119.0679779,159.7645111,1.12,2.39,0
2016-12-07,189.646822,192.3435822,189.5269663,192.2836609,110738100,12.22000027,100.2300034,2.346999884,53,49.77000046,110.7227554,120.2268829,162.24617,1.1,2.34,0
2016-12-08,192.2580265,193.2254289,191.9926195,192.7545624,99714400,12.64000034,101.0699997,2.387000084,53.88999939,50.84000015,110.91922,122.1200714,162.91008,1.12,2.4,0
2016-12-09,192.9771187,193.9359645,192.9428667,193.9188385,88005800,11.75,101.5699997,2.463999987,54.33000183,51.5,111.7891769,122.3589554,164.0804138,1.15,2.47,0
2016-12-12,193.8246555,194.3040914,193.2767417,193.6962433,102016100,12.64000034,100.9599991,2.479000092,55.68999863,52.83000183,111.2840347,121.0673218,164.404129,1.15,2.49,0
2016-12-13,194.3554961,195.4855626,194.3383701,194.9890137,110477500,12.72000027,101.0299988,2.480999947,55.72000122,52.97999954,112.687233,121.0761719,165.3586731,1.17,2.48,0
2016-12-14,194.6893732,195.3913817,192.942889,193.3795166,142501800,13.18999958,102,2.525000095,53.90000153,51.04000092,112.4533844,119.5634003,164.4539337,1.27,2.54,0
2016-12-15,193.6192195,195.0318058,193.3880645,194.1756897,124972600,12.78999996,103.1299973,2.579999924,54.02000046,50.90000153,112.6311493,120.4569016,164.8855438,1.29,2.6,0
2016-12-16,194.631242,194.6915296,193.4772879,193.7959137,156420200,12.19999981,102.9499969,2.596999884,55.20999908,51.90000153,112.2136154,120.235733,164.8539734,1.28,2.6,0
2016-12-19,193.9767407,194.6398391,193.8303447,194.217865,90341100,11.71000004,103.1399994,2.542000055,54.91999817,52.11999893,112.6733551,121.0230713,165.1949768,1.24,2.54,0
2016-12-20,194.7518268,195.1135264,194.5193224,194.9671173,89838800,11.44999981,103.2900009,2.568000078,55.34999847,52.22999954,113.1049347,122.0493317,165.8769989,1.25,2.57,0
2016-12-21,194.8379758,195.0102057,194.4246216,194.4246216,67909000,11.27000046,103.0199966,2.546000004,54.45999908,52.49000168,113.0204697,121.2531204,165.6608124,1.21,2.55,0
2016-12-22,194.2781866,194.3987488,193.6925895,194.0887299,56219100,11.43000031,103.0899963,2.552999973,55.04999924,52.95000076,112.7015076,120.20755,165.5026855,1.22,2.55,0
2016-12-23,194.1317568,194.3815012,193.9423133,194.3728943,36697800,11.43999958,103.0100021,2.542999983,55.15999985,53.02000046,112.7765503,120.8471603,165.5692291,1.22,2.55,0
2016-12-27,194.6399035,195.2513214,194.6226766,194.8551941,42672500,11.98999977,103.0199966,2.562999964,56.09000015,53.90000153,113.3582764,121.3890457,165.7023315,1.28,2.57,0
2016-12-28,195.1135303,195.1307441,193.1328546,193.2447968,64095000,12.94999981,103.2600021,2.506000042,56.22000122,54.06000137,112.4763336,120.1453857,164.7623749,1.26,2.51,0
2016-12-29,193.3136786,193.6667582,192.7625353,193.2017365,48696100,13.36999989,102.6800003,2.476999998,56.13999939,53.77000046,112.3168259,120.2520142,164.6875763,1.22,2.49,0
2016-12-30,193.5289362,193.6150577,191.8066122,192.4955444,108998300,14.03999996,102.3899994,2.446000099,56.13000107,53.72000122,111.162796,119.7900467,164.2882996,1.2,2.45,0
2017-01-03,193.7958815,194.4762068,192.7969436,193.9681244,91366500,12.85000038,103.2099991,2.450000048,55.47000122,52.33000183,112.1573181,120.3852081,165.0452118,1.22,2.45,0
2017-01-04,194.2953947,195.2685121,194.2867878,195.1221161,78744400,11.85000038,102.6999969,2.451999903,56.45999908,53.25999832,112.7672195,122.3928528,165.6524353,1.24,2.46,0
2017-01-05,194.8551752,195.1221333,194.1748497,194.9671173,78379000,11.67000008,101.5199966,2.368000031,56.88999939,53.75999832,113.4051743,120.9804153,165.3197327,1.17,2.37,0
2017-01-06,195.0790605,196.1296794,194.5365241,195.6646576,71559900,11.31999969,102.2200012,2.417999983,57.09999847,53.99000168,114.399704,120.5362473,165.951828,1.22,2.42,0
2017-01-09,195.4063039,195.544093,194.9843297,195.0187836,46939700,11.56000042,101.9300003,2.375999928,54.93999863,51.95999908,114.7750168,119.7456131,165.3280792,1.21,2.38,0
2017-01-10,195.0359974,195.8713257,194.6312501,195.0187836,63771900,11.48999977,102.0100021,2.378999949,53.63999939,50.81999969,115.0283279,120.8915405,165.028595,1.19,2.38,0
2017-01-11,194.9326055,195.56987,194.2695071,195.56987,74650000,11.26000023,101.7799988,2.369999886,55.09999847,52.25,115.3379745,121.1047668,165.8021698,1.2,2.38,0
2017-01-12,195.0531915,195.268482,193.7270078,195.0790253,72113200,11.53999996,101.3499985,2.361000061,56.00999832,53.00999832,115.1596832,120.1719971,165.3197327,1.18,2.36,0
2017-01-13,195.2512468,195.8282238,195.2168061,195.526825,62717900,11.22999954,101.1800003,2.380000114,55.45000076,52.36999893,115.5537567,121.042572,165.2781677,1.21,2.4,0
2017-01-17,194.8895888,195.294336,194.4504008,194.8379211,61240800,11.86999989,100.3300018,2.326999903,55.47000122,52.47999954,115.2065964,119.3992004,164.7707672,1.17,2.33,0
2017-01-18,195.0876591,195.3115696,194.5365159,195.2685089,54793300,12.47999954,100.9300003,2.388999939,53.91999817,51.08000183,115.441185,119.7900467,164.6542511,1.23,2.42,0
2017-01-19,195.34601,195.483799,194.1145544,194.5451355,66608800,12.77999973,101.1500015,2.459000111,54.15999985,51.36999893,115.3848724,118.812912,164.0970459,1.25,2.47,0
2017-01-20,195.2254491,195.7507585,194.5968044,195.259903,129168600,11.53999996,100.7399979,2.467000008,55.49000168,52.41999817,115.6381989,119.4257965,164.8237762,1.2,2.48,0
2017-01-23,195.2599115,195.320186,193.994002,194.7518158,75061600,11.77000046,100.1600037,2.403000116,55.22999954,52.75,115.7320099,118.9283905,164.6740265,1.16,2.41,0
2017-01-24,194.9671288,196.4138883,194.8551867,196.0005341,95555300,11.06999969,100.3499985,2.470999956,55.43999863,53.18000031,116.5107651,120.7494049,165.5565491,1.21,2.47,0
2017-01-25,196.947771,197.696991,196.7841481,197.696991,84437700,10.81000042,100.0299988,2.523000002,55.08000183,52.75,117.6835785,121.886467,166.8721008,1.23,2.53,0
2017-01-26,197.5506004,197.8175718,197.2147477,197.4903259,59970700,10.63000011,100.3799973,2.507999897,56.24000168,53.77999878,117.8055344,121.3979263,167.1218414,1.21,2.51,0
2017-01-27,197.5678029,197.7141989,196.9994328,197.1802826,59711100,10.57999992,100.5299988,2.480999947,55.52000046,53.16999817,118.0307312,120.9804153,167.0469208,1.22,2.49,0
2017-01-30,196.4913748,196.5172087,194.9757341,195.9574585,79737300,11.88000011,100.4300003,2.48300004,55.22999954,52.63000107,117.1112366,119.2925644,166.0061951,1.22,2.49,0
2017-01-31,195.4665743,196.0005037,194.8982173,195.9402161,75880800,11.98999977,99.51000214,2.450999975,55.70000076,52.81000137,116.8766785,120.1275864,165.1569214,1.19,2.45,0
2017-02-01,195.940214,196.8530438,195.4321315,196.0177155,79117700,11.81000042,99.63999939,2.473999977,55.65999985,53.88000107,117.6835785,120.0565262,165.3817139,1.22,2.48,0
2017-02-02,196.0176989,196.4310662,195.3287798,196.1468811,69657600,11.93000031,99.84999847,2.470000029,56.56000137,53.54000092,117.5803604,119.7545013,165.3651123,1.21,2.48,0
2017-02-03,197.0510913,197.6797359,196.7410725,197.4988861,80563200,10.97000027,99.87000275,2.490999937,56.81000137,53.83000183,117.9181137,121.5844421,166.8387604,1.21,2.49,0
2017-02-06,197.0941454,197.4902857,196.8099603,197.145813,57790100,11.36999989,99.91000366,2.413000107,55.72000122,53.00999832,118.0588531,120.6694946,166.7555237,1.16,2.42,0
2017-02-07,197.5333476,197.7744719,196.9649775,197.1544342,57931200,11.28999996,100.2600021,2.388999939,55.04999924,52.16999817,118.490448,120.1364975,167.0053558,1.16,2.4,0
2017-02-08,197.15446,197.5419803,196.6119237,197.4128113,51566200,11.44999981,100.2799988,2.351000071,55.11999893,52.34000015,118.6874847,119.9233017,166.9470825,1.15,2.34,0
2017-02-09,197.4127882,198.8853679,197.4127882,198.5839691,65955200,10.88000011,100.6500015,2.394999981,55.63000107,53,119.1190796,121.6110764,167.9544678,1.2,2.4,0
2017-02-10,198.9284725,199.5915711,198.6012267,199.3676605,66015900,10.85000038,100.8000031,2.40899992,56.70000076,53.86000061,119.5131226,122.5349579,168.8037262,1.2,2.41,0
2017-02-13,199.8585547,200.7111101,199.8327209,200.4527588,55182100,11.06999969,100.9599991,2.434000015,55.59000015,52.93000031,120.1886749,122.8547592,170.0193176,1.2,2.43,0
2017-02-14,200.2718615,201.2622058,199.9274019,201.2535858,71109000,10.73999977,101.25,2.470000029,55.97000122,53.20000076,120.5921021,123.2633667,170.8270264,1.25,2.47,0
2017-02-15,201.0382747,202.4936407,200.9866071,202.304184,86785800,11.97000027,101.1800003,2.502000093,55.75,53.11000061,121.3051682,124.0007019,171.8344879,1.27,2.51,0
2017-02-16,202.3300216,202.5108714,201.3827512,202.131958,84722400,11.76000023,100.4400024,2.450000048,55.65000153,53.36000061,121.2676392,123.6541901,171.9177094,1.22,2.45,0
2017-02-17,201.468883,202.4506073,201.451656,202.4506073,77204100,11.48999977,100.9499969,2.424999952,55.81000137,53.40000153,121.7930374,123.5743179,171.8852081,1.21,2.42,0
2017-02-21,202.820876,203.828434,202.812256,203.6562042,88946100,11.56999969,101.3700027,2.427000046,56.65999985,54.06000137,122.3935318,124.542572,172.8786774,1.22,2.43,0
2017-02-22,203.2514901,203.699285,203.0878672,203.4753876,62115200,11.73999977,101.3300018,2.417999983,55.84000015,53.59000015,122.4404526,123.9918213,173.195816,1.22,2.42,0
2017-02-23,203.9920573,204.0092711,202.8553172,203.6131439,74615900,11.71000004,101.0500031,2.388000011,56.58000183,54.45000076,121.98069,123.254509,173.5047913,1.18,2.38,0
2017-02-24,202.7692346,203.9145686,202.7261738,203.871521,82381600,11.47000027,101.0899963,2.316999912,55.99000168,53.99000168,122.2152557,123.1656189,173.5967102,1.12,2.31,0
2017-02-27,203.7853621,204.362339,203.5356309,204.1901093,56515400,12.09000015,101.1299973,2.368999958,55.93000031,54.04999924,122.365387,124.3648834,173.8971863,1.2,2.36,0
2017-02-28,203.8112221,204.0523464,203.251472,203.6389923,96961900,12.92000008,101.1200027,2.35800004,55.59000015,54.00999832,121.9900818,122.4461136,173.638443,1.22,2.36,0
2017-03-01,205.2923655,206.9544146,205.2751386,206.4893799,149158200,12.53999996,101.7799988,2.463000059,55.59999847,53.83000183,123.3223801,124.6846619,176.1764526,1.29,2.46,0
2017-03-02,206.2999648,206.3085849,205.137404,205.1890717,70246000,11.81000042,102.1999969,2.489000082,55.08000183,52.61000061,122.7031479,123.254509,175.2330322,1.32,2.49,0
2017-03-03,205.1029773,205.4818907,204.7240639,205.3182678,81974300,10.96000004,101.5400009,2.492000103,55.90000153,53.33000183,122.9283295,123.1656189,175.2497253,1.32,2.49,0
2017-03-06,204.5259831,205.0598993,204.1040089,204.7068329,55391500,11.23999977,101.6399994,2.493999958,56.00999832,53.20000076,122.65625,122.3217316,174.8907471,1.31,2.49,0
2017-03-07,204.4054168,204.7584964,203.8887143,204.0953979,65103700,11.44999981,101.8099976,2.510999918,55.91999817,53.13999939,122.4498367,121.5222473,174.6319122,1.32,2.52,0
2017-03-08,204.3882124,204.6465636,203.5787179,203.716507,78168800,11.85999966,102.0699997,2.552000046,53.11000061,50.27999878,122.6655807,120.7227554,174.164444,1.36,2.57,0
2017-03-09,203.8370034,204.3020382,203.0102954,203.9747925,90683900,12.30000019,101.8499985,2.59800005,52.18999863,49.27999878,122.7594452,120.243103,174.2144928,1.37,2.6,0
2017-03-10,204.9307606,204.9738213,203.7423526,204.6896362,81991700,11.65999985,101.25,2.582000017,51.36999893,48.49000168,123.2754669,120.776062,174.6151886,1.36,2.58,0
2017-03-13,204.6293306,204.8360142,204.3020979,204.7929535,57256800,11.35000038,101.3799973,2.60800004,51.34999847,48.40000153,123.4818802,121.0603561,174.4398193,1.4,2.62,0
2017-03-14,204.2504169,204.3020977,203.3978749,204.0092926,59880800,12.30000019,101.6999969,2.595000029,50.91999817,47.72000122,123.1816635,120.4829178,174.1060638,1.4,2.6,0
2017-03-15,204.5776284,206.196617,204.345111,205.7746429,96081800,11.63000011,100.7399979,2.507999897,51.81000137,48.86000061,123.9416504,122.3484116,174.9742126,1.33,2.51,0
2017-03-16,205.912501,205.9900025,205.0427319,205.3699646,78344000,11.21000004,100.2699966,2.522000074,51.74000168,48.75,123.8571701,122.5083008,174.8572998,1.35,2.53,0
2017-03-17,205.631982,205.8222629,205.0092468,205.0092468,89002100,11.27999973,100.3000031,2.500999928,51.75999832,48.77999878,123.813942,122.9968948,174.7134552,1.33,2.5,0
2017-03-20,205.0092189,205.2946403,204.3951414,204.7843475,52537000,11.34000015,100.4100037,2.47300005,51.61999893,48.22000122,123.9267883,122.4639206,174.6715698,1.3,2.47,0
2017-03-21,205.3898999,205.5109866,202.0254051,202.1551361,131809300,12.47000027,99.80999756,2.436000109,50.95999908,47.34000015,122.0463409,119.008316,172.6138306,1.27,2.43,0
2017-03-22,202.1896997,202.9162198,201.5669644,202.6307983,97569200,12.81000042,99.68000031,2.395999908,50.63999939,48.04000092,122.8737335,119.0349808,172.6639557,1.27,2.4,0
2017-03-23,202.6307474,203.5475482,202.042616,202.4145203,100410300,13.11999989,99.76000214,2.417999983,50.56000137,47.70000076,122.5634995,119.7278519,172.5804138,1.26,2.41,0
2017-03-24,202.7172427,203.2880722,201.4890743,202.2674866,112504900,12.96000004,99.62999725,2.400000095,50.79999924,47.97000122,122.8173141,119.8143005,172.1119232,1.26,2.4,0
2017-03-27,200.5981935,202.3193659,200.3214297,202.0598907,87454500,12.5,99.16999817,2.372999907,50.75,47.72999954,123.0148239,120.0370026,171.6768646,1.27,2.38,0
2017-03-28,201.7571479,203.954009,201.6447056,203.5302124,93483900,11.52999973,99.70999908,2.40899992,51.33000183,48.36999893,123.7669449,120.9724274,172.9483948,1.3,2.42,0
2017-03-29,203.2449071,203.9541254,203.0200224,203.7205963,61950400,11.42000008,100,2.385999918,52.41999817,49.50999832,124.3404236,121.3644257,172.5804138,1.26,2.39,0
2017-03-30,203.6600292,204.5681859,203.4870502,204.3692474,56737900,11.53999996,100.4100037,2.415999889,52.95999908,50.34999847,124.547287,122.2820511,173.1240692,1.28,2.42,0
2017-03-31,204.0318995,204.5594942,203.8416186,203.8935242,73733100,12.36999989,100.3499985,2.395999908,52.83000183,50.59999847,124.462677,122.4779816,172.6054077,1.27,2.4,0
2017-04-03,203.9454027,204.1443279,202.3107263,203.5388947,85546500,12.38000011,100.5400009,2.349999905,53.11999893,50.24000168,124.3874435,121.1862106,172.5300903,1.24,2.35,0
2017-04-04,203.2535335,203.7551821,202.8729715,203.6686859,56466200,11.78999996,100.5400009,2.349999905,54.16999817,51.02999878,124.5848694,121.043663,172.8647766,1.25,2.36,0
2017-04-05,204.3432781,205.3206289,202.8556344,203.0632172,108800600,12.89000034,100.5599976,2.357000113,54.36000061,51.15000153,124.0772247,119.67173,172.5384827,1.24,2.34,0
2017-04-06,203.2015942,204.1529856,202.7604825,203.6340485,69135800,12.39000034,100.6699982,2.342999935,54.88999939,51.70000076,124.143013,120.7853165,172.6974487,1.24,2.34,0
2017-04-07,203.3832351,204.1184126,202.9421365,203.4264832,74412300,12.86999989,101.1800003,2.372999907,55.24000168,52.24000168,124.0772247,120.7318878,172.6388702,1.29,2.38,0
2017-04-10,203.564894,204.3433065,203.0199974,203.5475922,67615300,14.05000019,101.0199966,2.361000061,55.97999954,53.08000183,124.1242065,120.9991608,172.6473236,1.29,2.37,0
2017-04-11,203.1669704,203.4091437,201.8177154,203.3053589,88045300,15.06999969,100.7099991,2.298000097,56.22999954,53.40000153,123.5882645,121.9613037,172.5970306,1.24,2.32,0
2017-04-12,203.0286111,203.218892,202.1896488,202.4145203,81864400,15.77000046,100.7799988,2.296000004,55.86000061,53.11000061,123.0899887,120.3042755,172.0450592,1.24,2.28,0
2017-04-13,202.0772043,202.8123817,201.0998535,201.0998535,92880400,15.96000004,100.5599976,2.232000113,55.88999939,53.18000031,122.6010895,119.1282883,170.9575348,1.21,2.24,0
2017-04-17,201.6188196,202.8815918,201.4198943,202.8815918,68405400,14.65999985,100.3000031,2.252000093,55.36000061,52.65000153,123.6164932,120.5269928,172.4631958,1.21,2.26,0
2017-04-18,202.1463921,202.8123752,201.5928512,202.276123,83225800,14.42000008,99.5,2.178999901,54.88999939,52.40999985,123.4284668,120.5536957,171.5515137,1.18,2.18,0
2017-04-19,202.8383692,203.2102736,201.6793817,201.9042664,68699900,14.93000031,99.73999786,2.201999903,52.93000031,50.43999863,123.6259079,120.9724274,170.522583,1.19,2.21,0
2017-04-20,202.5183488,203.988704,202.1983368,203.5475922,92572200,14.14999962,99.77999878,2.240999937,52.99000168,50.27000046,124.6600952,122.5136871,172.0700531,1.21,2.24,0
2017-04-21,203.4697228,203.5216152,202.5010295,202.89888,110389800,14.63000011,99.98000336,2.236999989,51.95999908,49.61999893,124.6318893,122.237442,171.8456573,1.2,2.24,0
2017-04-24,205.1390307,205.3379692,202.8729742,205.1303864,119209900,10.84000015,99.08999634,2.273000002,51.59999847,49.22999954,126.1362228,123.7608795,173.6289978,1.25,2.28,0
2017-04-25,205.7704031,206.6699022,205.683907,206.3239441,76698300,10.76000023,98.81999969,2.326999903,52.09999847,49.56000137,127.0482254,124.9635696,175.5547333,1.29,2.35,0
2017-04-26,206.2893391,207.1715495,206.1509637,206.1941986,84702500,10.85000038,98.95999908,2.311000109,51.81999969,49.61999893,126.8696213,125.6050034,175.378891,1.28,2.32,0
2017-04-27,206.5142051,206.6698823,205.83092,206.3671722,57410300,10.35999966,99.08000183,2.296000004,51.43999863,48.97000122,127.6311264,125.5693359,175.4542389,1.25,2.3,0
2017-04-28,206.6266222,206.6525684,205.78766,205.9174042,63532800,10.81999969,99.05000305,2.282000065,51.72999954,49.33000183,127.8567429,123.885582,175.0524445,1.28,2.29,0
2017-05-01,206.4363861,206.8601961,206.0212337,206.4363861,66882500,10.10999966,99.13999939,2.325000048,51.52000046,48.84000015,128.9944,124.5982513,174.918396,1.28,2.33,0
2017-05-02,206.5747121,206.6957988,206.1076674,206.5141754,57375700,10.59000015,98.98000336,2.296000004,50.45999908,47.65999985,129.2106476,123.9657135,175.094223,1.27,2.29,0
2017-05-03,206.5142587,206.6093991,205.5888,206.2634277,73137700,10.68000031,99.20999908,2.309000015,50.79000092,47.81999969,128.7969818,123.1996002,175.1695862,1.3,2.33,0
2017-05-04,206.5661194,206.643958,205.6579627,206.5055695,61462700,10.46000004,98.76000214,2.355999947,48.38000107,45.52000046,128.8439636,123.0303802,175.1444702,1.32,2.36,0
2017-05-05,206.8775048,207.3359054,206.436393,207.3186035,62001300,10.56999969,98.65000153,2.351999998,49.09999847,46.22000122,129.3140411,123.8232117,175.630127,1.32,2.36,0
2017-05-08,207.3618199,207.5088528,206.8601714,207.2839813,48385700,9.770000458,99.15000153,2.375999928,49.34000015,46.43000031,129.5961456,123.3065033,175.7556458,1.33,2.39,0
2017-05-09,207.5434909,207.7424162,206.7477634,207.0937347,51363200,9.960000038,99.58999634,2.407000065,48.72999954,45.88000107,130.0474091,123.2530975,175.5045319,1.37,2.42,0
2017-05-10,207.0504695,207.4656219,206.8428867,207.4656219,54293800,10.21000004,99.66999817,2.414000034,50.22000122,47.33000183,130.1226044,124.0192184,175.3872681,1.35,2.41,0
2017-05-11,207.0158324,207.2061133,205.9606431,207.0417786,62358300,10.60000038,99.62000275,2.400000095,50.77000046,47.83000183,130.0191956,123.1551132,175.2199097,1.35,2.39,0
2017-05-12,206.7909565,207.0850222,206.4276965,206.695816,53912700,10.39999962,99.25,2.335000038,50.84000015,47.84000015,130.3106384,122.5047302,174.9937592,1.29,2.33,0
2017-05-15,207.1196335,207.9585958,207.1023317,207.8375092,61918900,10.42000008,98.91000366,2.338000059,51.81999969,48.84999847,130.7243652,123.4579773,175.7640839,1.31,2.34,0
2017-05-16,208.1315634,208.1575096,207.2580106,207.6472168,51241800,10.64999962,98.11000061,2.328999996,51.65000153,48.65999985,131.2696686,123.5025253,175.780777,1.29,2.33,0
2017-05-17,207.6472747,207.6472747,203.9022186,203.9627686,172174100,15.59000015,97.41999817,2.21600008,52.20999908,49.06999969,127.9320145,120.1706467,172.8671417,1.26,2.22,0
2017-05-18,203.8848355,205.631954,203.6253604,204.7843475,107047700,14.65999985,97.87999725,2.23300004,52.50999832,49.34999847,129.050827,120.6071243,173.2773743,1.27,2.23,0
2017-05-19,205.2687568,206.7823468,205.2168644,206.1163635,115011400,12.03999996,97.15000153,2.244999886,53.61000061,50.33000183,129.5961456,121.1862106,174.4680786,1.28,2.23,0
2017-05-22,206.6266353,207.3272223,206.5574543,207.1628876,61010600,10.93000031,96.98000336,2.253999949,53.86999893,50.72999954,130.6867523,122.0058365,175.2070618,1.29,2.25,0
2017-05-23,207.5347655,207.7855963,207.1542037,207.6212616,48341700,10.72000027,97.34999847,2.285000086,54.15000153,51.47000122,130.8184204,122.4067154,175.6016998,1.31,2.29,0
2017-05-24,207.8548189,208.2094214,207.5174919,208.1056366,46927700,10.02000046,97.23999786,2.266000032,53.95999908,51.36000061,131.420105,122.486969,176.1895752,1.29,2.26,0
2017-05-25,208.6159037,209.3770273,208.4083341,209.1002502,64071700,9.989999771,97.25,2.255000114,51.45999908,48.90000153,132.5389099,122.5670929,176.8277893,1.3,2.25,0
2017-05-26,208.9099913,209.2213589,208.8321527,209.0570374,46629900,9.81000042,97.40000153,2.25,52.15000153,49.79999924,132.7739716,122.5314407,176.7941284,1.3,2.25,0
2017-05-30,208.7370082,209.1262144,208.581331,208.8753967,35201900,10.38000011,97.27999878,2.217000008,51.84000015,49.65999985,132.8868103,121.5693283,176.5170441,1.28,2.21,0
2017-05-31,209.1694444,209.2040481,208.131557,208.8234863,91796000,10.40999985,96.91999817,2.196000099,50.31000137,48.31999969,132.8397675,121.4445877,176.3406372,1.28,2.21,0
2017-06-01,209.2819238,210.501448,208.9965024,210.4841461,68962000,9.890000343,97.19999695,2.217000008,50.33000183,48.36000061,133.3569183,123.78759,177.5162506,1.28,2.21,0
2017-06-02,210.5360263,211.340398,210.2419605,211.1847076,88666100,9.75,96.72000122,2.15899992,49.95000076,47.65999985,134.8800201,124.5894089,177.9445801,1.28,2.15,0
2017-06-05,211.0117661,211.2971876,210.8301295,211.029068,44698800,10.06999969,96.80000305,2.181999922,49.47000122,47.40000153,134.8518066,123.8143311,177.9025574,1.32,2.18,0
2017-06-06,210.4668298,211.0203707,210.2765488,210.3544006,50375400,10.44999981,96.63999939,2.147000074,50.11999893,48.18999863,134.315918,123.6985321,177.4910431,1.3,2.14,0
2017-06-07,210.6917142,210.968478,210.0257309,210.7436066,54144300,10.39000034,96.75,2.177999973,48.06000137,45.72000122,134.8424072,123.8143311,177.7850037,1.32,2.18,0
2017-06-08,210.8387525,211.3230992,210.3198021,210.8473969,65950700,10.15999985,96.91999817,2.194000006,47.86000061,45.63999939,134.9834595,125.5069962,177.9025574,1.33,2.19,0
2017-06-09,211.1154904,211.9112045,209.2645869,210.527359,132256400,10.69999981,97.26999664,2.198999882,48.15000153,45.83000183,131.6081543,126.157341,178.5826874,1.35,2.21,0
2017-06-12,210.2852208,210.5360385,209.6365394,210.4841461,86108100,11.46000004,97.13999939,2.213000059,48.29000092,46.08000183,130.9029388,125.9524231,178.3560486,1.35,2.21,0
2017-06-13,211.0203473,211.5652438,210.6743892,211.5133514,60067000,10.42000008,96.98000336,2.207000017,48.72000122,46.45999908,131.9654236,126.5938873,179.1705322,1.38,2.21,0
2017-06-14,211.7815547,211.7901991,210.4236417,211.2453156,78602300,10.64000034,96.94000244,2.138000011,47,44.72999954,131.391922,125.8455124,179.5651398,1.35,2.15,0
2017-06-15,209.896,210.959847,209.6192362,210.8387604,66464900,10.89999962,97.43000031,2.161999941,46.91999817,44.45999908,130.8089752,125.2041092,179.4391937,1.35,2.16,0
2017-06-16,210.9978021,211.0499475,210.0069986,210.8848114,84553100,10.38000011,97.16000366,2.157000065,47.36999893,44.74000168,130.2414246,124.8922806,179.661377,1.32,2.16,0
2017-06-19,211.7105008,212.7013044,211.6148963,212.6404724,65123800,10.36999989,97.52999878,2.190000057,46.90999985,44.20000076,132.4191742,125.8187866,180.8055115,1.36,2.19,0
2017-06-20,212.2840812,212.2927676,211.1889869,211.2063599,56906400,10.85999966,97.75,2.153000116,46.02000046,43.22999954,131.3822021,124.5448227,180.367981,1.36,2.16,0
2017-06-21,211.597514,211.7104915,210.6849287,211.1542511,55977600,10.75,97.55999756,2.154999971,44.81999969,42.52999878,132.6831512,124.2330551,179.9389191,1.36,2.16,0
2017-06-22,211.162959,211.6583541,210.8848322,211.0586548,44148100,10.47999954,97.54000092,2.153000116,45.22000122,42.74000168,132.6454926,124.7051849,179.8043671,1.34,2.15,0
2017-06-23,211.1195058,211.6409737,210.7370881,211.3107147,66986800,10.02000046,97.30000305,2.144000053,45.54000092,43.00999832,133.1545715,125.533699,179.8128204,1.34,2.15,0
2017-06-26,211.9799051,212.3970953,211.2411557,211.4497375,56700500,9.899999619,97.43000031,2.137000084,45.83000183,43.38000107,132.5323029,125.6851807,179.9221802,1.36,2.14,0
2017-06-27,211.2324295,211.5279425,209.7288448,209.7462311,82247700,11.06000042,96.47000122,2.197999954,46.65000153,44.24000168,130.1282959,124.5804596,179.1313629,1.38,2.21,0
2017-06-28,210.7631259,211.823461,210.5284581,211.6235657,70042600,10.02999973,96.05000305,2.220999956,47.31000137,44.74000168,132.0043488,126.4869461,180.2333679,1.34,2.22,0
2017-06-29,211.7713364,211.8234819,208.5555715,209.7636566,106949700,11.43999958,95.62999725,2.26699996,47.41999817,44.93000031,129.7134857,125.7386093,178.8621521,1.38,2.27,0
2017-06-30,210.5719469,210.9456781,209.963561,210.1547699,86820700,11.18000031,95.66000366,2.302000046,47.91999817,46.04000092,129.7606201,125.5425873,179.3921051,1.38,2.31,0
2017-07-03,211.0934368,211.528,210.5111237,210.5111237,39153800,11.22000027,96.19999695,2.345999956,49.68000031,47.06999969,128.3936462,126.5938873,180.4437714,1.41,2.35,1
2017-07-05,210.8761561,211.2064151,210.0678616,210.9978333,54427600,11.06999969,96.29000092,2.334000111,47.79000092,45.13000107,129.6568909,126.1395187,180.5194092,1.41,2.33,0
2017-07-06,210.2329549,210.354632,208.8858065,209.0683289,65400800,12.53999996,95.81999969,2.369999886,48.11000061,45.52000046,128.4879303,124.4923782,179.3080139,1.4,2.37,0
2017-07-07,209.6420163,210.5719748,209.0770761,210.4242249,57972300,11.18999958,96.01000214,2.392999887,46.70999908,44.22999954,129.873764,125.7002182,180.0735474,1.4,2.39,0
2017-07-10,210.4242089,211.0239083,210.1200093,210.650177,36663300,11.10999966,96.05000305,2.371000051,46.88000107,44.40000153,130.7222595,125.1544037,180.023056,1.4,2.38,0
2017-07-11,210.6501345,210.8065841,209.3290721,210.4936981,50354600,10.89000034,95.73999786,2.361999989,47.52000046,45.04000092,131.0898895,125.5212173,180.0146484,1.37,2.37,0
2017-07-12,211.4584283,212.2406366,211.4584283,212.0755005,59610400,10.30000019,95.79000092,2.326999903,47.74000168,45.49000168,132.6454926,126.4875183,181.0662079,1.35,2.33,0
2017-07-13,212.0842395,212.5448754,211.8582581,212.4318848,39471600,9.899999619,95.73000336,2.34800005,48.41999817,46.08000183,132.9377136,126.5949936,181.2597504,1.37,2.35,0
2017-07-14,212.4318801,213.7790287,212.3362757,213.4226837,60262700,9.510000229,95.11000061,2.319000006,48.90999985,46.54000092,133.9841461,126.8096466,181.9327698,1.35,2.33,0
2017-07-17,213.344461,213.7268787,213.2227838,213.3966064,33531900,9.819999695,95.12999725,2.309000015,48.41999817,46.02000046,134.0502014,127.1049118,181.8991394,1.36,2.31,0
2017-07-18,212.988071,213.5616975,212.6491123,213.509552,42742500,9.890000343,94.66000366,2.263000011,48.84000015,46.40000153,134.9457855,126.77388,181.4616699,1.36,2.27,0
2017-07-19,213.8225193,214.6742596,213.8138195,214.6655731,51034300,9.789999962,94.80000305,2.267999887,49.70000076,47.11999893,135.7376862,128.0354004,181.9832306,1.37,2.27,0
2017-07-20,214.9175295,215.0392066,214.2135394,214.7610931,47135200,9.579999924,94.26999664,2.266000032,49.29999924,46.79000092,135.9168396,128.1248932,181.8739014,1.37,2.27,0
2017-07-21,214.1875438,214.5960343,213.9615624,214.5699615,82340800,9.359999657,93.94000244,2.232000113,48.06000137,45.77000046,135.86026,127.5433731,181.5167389,1.36,2.24,0
2017-07-24,214.4916905,214.6568266,214.0484408,214.5177765,46622300,9.430000305,93.98000336,2.253999949,48.59999847,46.34000015,136.4824829,127.7222672,181.1462708,1.37,2.26,0
2017-07-25,215.2651984,215.3695026,214.8132623,215.0392303,54915600,9.430000305,94.05000305,2.325999975,50.20000076,47.88999939,136.1336517,128.885437,181.7947388,1.4,2.33,0
2017-07-26,215.3260852,215.3608444,214.787231,215.0479584,47575400,9.600000381,93.66999817,2.282000065,50.97000122,48.75,136.5767517,128.1696472,182.5947876,1.36,2.29,0
2017-07-27,215.5085669,215.5433262,213.5269467,214.8480225,70766600,10.10999966,93.86000061,2.309999943,51.49000168,49.04000092,135.718811,127.3554382,183.361145,1.36,2.32,0
2017-07-28,214.3699965,214.7263414,213.9180603,214.5959778,50088400,10.28999996,93.26000214,2.289000034,52.52000046,49.70999908,135.6056824,127.0155258,183.6138763,1.34,2.3,0
2017-07-31,214.9958026,215.0914071,214.2657396,214.4743347,65838700,10.26000023,92.86000061,2.292000055,52.65000153,50.16999817,135.0305786,126.6127701,184.186554,1.34,2.3,0
2017-08-01,215.074024,215.1087832,214.4308657,214.9523468,55050400,10.09000015,93.02999878,2.250999928,52.63000107,49.15999985,135.3417511,126.8544159,184.7508087,1.34,2.26,0
2017-08-02,215.0826676,215.1956582,214.1266234,215.0565948,47211200,10.27999973,92.83000183,2.262000084,52.36000061,49.59000015,135.7093811,125.4675751,185.188797,1.36,2.27,0
2017-08-03,214.9436516,214.9697244,214.3613385,214.6394653,40856000,10.43999958,92.80999756,2.227999926,52.00999832,49.02999878,135.1814423,124.841301,185.331955,1.34,2.24,0
2017-08-04,215.1261373,215.3607918,214.6481152,215.0305328,60191800,10.02999973,93.54000092,2.26699996,52.41999817,49.58000183,135.4265747,125.4496994,185.7613678,1.36,2.27,0
2017-08-07,215.1000999,215.4303589,214.9957957,215.4303589,31995000,9.930000305,93.43000031,2.256999969,52.36999893,49.38999939,136.2845154,125.655426,185.9971466,1.36,2.26,0
2017-08-08,215.1174433,216.3342281,214.5264438,214.9001617,61719400,10.96000004,93.63999939,2.282999992,52.13999939,49.16999817,136.0488129,125.2617798,185.8625641,1.36,2.29,0
2017-08-09,214.213562,214.9436249,213.8572171,214.8914795,62632600,11.10999966,93.51999664,2.240999937,52.70000076,49.56000137,135.8696136,124.1791534,185.7024231,1.33,2.24,0
2017-08-10,214.0571346,214.1875115,211.8061004,211.8582458,120479500,16.04000092,93.40000153,2.211999893,51.90000153,48.59000015,132.9565582,121.9244385,184.102356,1.33,2.2,0
2017-08-11,212.0841769,212.7620942,211.8495091,212.1710815,74869900,15.51000023,93.06999969,2.188999891,52.09999847,48.81999969,133.9652863,122.1034164,184.186554,1.3,2.19,0
2017-08-14,213.4487314,214.4916804,213.4139722,214.2743988,73291900,12.32999992,93.45999908,2.219000101,50.72999954,47.59000015,135.6905212,123.9554749,185.2561798,1.33,2.22,0
2017-08-15,214.656812,214.6741982,213.9441353,214.2483215,55242700,12.03999996,93.84999847,2.266000032,50.79999924,47.54999924,135.7848053,122.9354782,185.4161072,1.35,2.27,0
2017-08-16,214.7698049,215.1696089,214.1961784,214.6220551,56715500,11.73999977,93.48999786,2.226000071,50.27000046,46.77999878,136.020462,122.9712906,185.6772766,1.33,2.23,0
2017-08-17,214.0136652,214.3265512,211.2759094,211.2759094,128490400,15.55000019,93.62000275,2.198999882,51.02999878,47.09000015,133.2393494,120.7255402,183.4369659,1.32,2.19,0
2017-08-18,211.1108016,212.2319821,210.5024158,210.9456787,136748000,14.26000023,93.43000031,2.194000006,52.72000122,48.50999832,133.1451569,120.7165451,182.8029938,1.33,2.19,0
2017-08-21,210.884826,211.3715346,210.1808357,211.1107941,65469700,13.18999958,93.09999847,2.180000067,51.65999985,47.36999893,132.9754639,120.6360626,182.9803162,1.32,2.18,0
2017-08-22,211.6930975,213.4747957,211.6757112,213.3183594,63140100,11.35000038,93.55000305,2.214999914,51.86999893,47.63999939,135.0023193,121.9423523,184.6264801,1.33,2.22,0
2017-08-23,212.3536172,212.9793892,212.2058674,212.5535126,50203800,12.25,93.15000153,2.171000004,52.56999969,48.40999985,134.5215149,121.7455215,183.9764404,1.32,2.17,0
2017-08-24,212.9359794,213.0924158,211.8495714,212.0581665,50741700,12.22999954,93.27999878,2.194000006,52.04000092,47.43000031,134.1255798,122.1213226,183.756958,1.33,2.19,0
2017-08-25,212.8490123,213.4660978,212.4057627,212.5535126,64445900,11.27999973,92.73999786,2.16899991,52.40999985,47.86999893,133.8427277,122.4702454,184.077713,1.35,2.17,0
2017-08-28,213.0836779,213.1097506,212.1450199,212.5622101,40565600,11.31999969,92.20999908,2.15899992,51.88999939,46.56999969,134.2575531,122.9891739,183.9932709,1.33,2.16,0
2017-08-29,211.2498745,213.0663456,211.1368838,212.8056183,51135700,11.69999981,92.34999847,2.135999918,52,46.43999863,134.7854767,123.0160751,184.5420227,1.33,2.13,0
2017-08-30,212.7882341,214.0832373,212.6057117,213.813797,62030800,11.22000027,92.87999725,2.142999887,50.86000061,45.95999908,136.3693237,123.8033676,184.8291473,1.33,2.15,0
2017-08-31,214.4308514,215.3434367,213.8485383,215.1000824,103803900,10.59000015,92.66999817,2.121000051,52.38000107,47.22999954,137.8305969,125.0201874,185.32724,1.33,2.12,0
2017-09-01,215.4737981,215.830143,215.2565165,215.4042664,62007000,10.13000011,92.80999756,2.157000065,52.31999969,47.29000092,137.6420441,125.7270889,185.6649017,1.35,2.16,0
2017-09-05,214.9001111,215.1260924,212.892432,213.8571625,91398800,12.22999954,92.30999756,2.069999933,53.38000107,48.65999985,136.4070129,124.5191422,183.7653961,1.3,2.07,0
2017-09-06,214.5351348,214.9175525,214.0049672,214.5872803,57916900,11.63000011,92.29000092,2.10800004,54.20000076,49.15999985,136.8218536,124.7786484,184.2550354,1.3,2.1,0
2017-09-07,214.8915058,214.908892,214.152743,214.5612335,58034700,11.55000019,91.52999878,2.061000109,54.49000168,49.09000015,137.1423645,124.4654617,184.136795,1.27,2.05,0
2017-09-08,214.2744316,214.7698401,214.0658498,214.3092041,63832800,12.11999989,91.33000183,2.061000109,53.77999878,47.47999954,135.9545441,124.5638733,184.2466125,1.27,2.06,0
2017-09-11,215.5781116,216.6732194,215.5607387,216.5950012,71364800,10.72999954,91.86000061,2.125,53.84000015,48.06999969,137.519516,125.8701859,186.3740845,1.32,2.14,0
2017-09-12,216.959996,217.3597867,216.7774737,217.3250275,56896000,10.57999992,91.91000366,2.171000004,54.27000046,48.22999954,137.8494873,126.639679,186.9313507,1.33,2.17,0
2017-09-13,217.0382323,217.464109,216.9252417,217.4293365,59228000,10.5,92.51999664,2.194999933,55.15999985,49.29999924,138.0380249,127.0155258,187.218277,1.35,2.2,0
2017-09-14,217.1078072,217.5597567,216.9339845,217.359848,95446300,10.43999958,92.12000275,2.197000027,55.47000122,49.88999939,137.2272186,126.8991318,187.6910858,1.37,2.2,0
2017-09-15,217.2157002,217.739756,217.1108917,217.65242,95432400,10.17000008,91.87000275,2.201999903,55.61999893,49.88999939,137.6986389,127.4180984,188.1884766,1.39,2.2,0
2017-09-18,218.019247,218.4646964,217.7310104,218.1153259,46235200,10.14999962,92.05000305,2.229000092,55.47999954,49.90999985,137.5181732,128.285965,188.7891693,1.4,2.23,0
2017-09-19,218.3599118,218.421059,218.0105413,218.3337097,47108100,10.18000031,91.79000092,2.243000031,55.13999939,49.47999954,137.7543945,128.285965,189.1445007,1.4,2.24,0
2017-09-20,218.4210964,218.525905,217.4166327,218.4123535,59574100,9.779999733,92.51000214,2.27699995,56.29000092,50.40999985,137.3292236,128.6975403,189.4152222,1.45,2.28,0
2017-09-21,218.2550929,218.3424288,217.6524174,217.8271027,48211400,9.670000076,92.26000214,2.278000116,56.43000031,50.54999924,136.4882965,128.5633087,189.0513763,1.45,2.27,0
2017-09-22,217.5301629,218.0367595,217.5039608,217.8708038,51214000,9.590000153,92.16999817,2.262000084,56.86000061,50.65999985,136.3560333,129.1090851,188.8230133,1.46,2.26,0
2017-09-25,217.6174813,217.9668651,216.6829078,217.4253235,57064400,10.21000004,92.65000153,2.220000029,59.02000046,52.22000122,134.9199371,129.2880402,188.5015411,1.44,2.22,0
2017-09-26,217.8532712,218.0978331,217.3204725,217.5563049,54082000,10.17000008,92.97000122,2.229000092,58.43999863,51.88000107,135.2695007,129.6997528,188.39151,1.45,2.24,0
2017-09-27,218.2551271,218.7879258,217.3729444,218.4036102,81001400,9.869999886,93.36000061,2.309000015,57.90000153,52.13999939,136.4882965,132.2379456,188.7553558,1.47,2.31,0
2017-09-28,218.1240468,218.7441947,218.0367109,218.6655884,44778800,9.550000191,93.08999634,2.309000015,57.40999985,51.56000137,136.4410248,132.5877991,189.161438,1.45,2.31,0
2017-09-29,218.6569195,219.5129001,218.4735046,219.4342804,85578000,9.510000229,93.08000183,2.325999975,57.54000092,51.66999817,137.4236755,132.9016418,189.3476105,1.47,2.33,0
2017-10-02,219.6613502,220.3863068,219.4866516,220.3863068,59023000,9.449999809,93.55999756,2.336999893,56.11999893,50.58000183,137.5465546,134.5339661,190.5487671,1.49,2.34,0
2017-10-03,220.3863044,220.8841581,220.3076847,220.8579559,66810200,9.510000229,93.56999969,2.334000111,56,50.41999817,137.8394012,134.8299561,191.3948212,1.47,2.33,0
2017-10-04,220.7094317,221.3645113,220.5958803,221.1199493,55953600,9.630000114,93.45999908,2.329999924,55.79999924,49.97999954,137.9716797,134.3994598,191.5386658,1.47,2.33,0
2017-10-05,221.4518382,222.4475587,221.154872,222.4300995,63522800,9.18999958,93.95999908,2.349999905,57,50.79000092,139.3227997,134.7671661,192.5791168,1.49,2.35,0
2017-10-06,221.9846916,222.4650861,221.7226703,222.1768494,80646000,9.649999619,93.80000305,2.369999886,55.61999893,49.29000092,139.5116882,134.5788116,192.5030212,1.54,2.37,0
2017-10-09,222.4039129,222.4650467,221.5479325,221.809967,35803100,10.32999992,93.73999786,2.361000061,55.79000092,49.58000183,139.3511047,134.0227814,192.4860687,1.54,2.37,0
2017-10-10,222.3777129,222.7707581,221.8361713,222.3951721,43057400,10.07999992,93.29000092,2.345000029,56.61000061,50.91999817,139.4550323,134.4084167,193.1036682,1.51,2.35,0
2017-10-11,222.2991356,222.7445984,222.1331933,222.7445984,47674300,9.850000381,92.95999908,2.345000029,56.93999863,51.29999924,139.8707428,134.3097534,193.3997192,1.51,2.35,0
2017-10-12,222.4301465,222.779517,222.1768415,222.412674,47065100,9.909999847,93.12000275,2.322999954,56.25,50.59999847,139.6156311,134.2111053,193.1629028,1.51,2.33,0
2017-10-13,222.8493816,222.962933,222.4126618,222.6834259,54800400,9.609999657,93.08999634,2.279999971,57.16999817,51.45000076,140.1542053,133.9689331,193.5013275,1.51,2.28,0
2017-10-16,222.9105138,223.172535,222.5698729,222.9803772,38221700,9.909999847,93.27999878,2.306999922,57.81999969,51.86999893,140.6360779,133.8523712,194.1104279,1.54,2.3,0
2017-10-17,222.928004,223.1813089,222.709644,223.1376343,31561000,10.31000042,93.48999786,2.298000097,57.88000107,51.88000107,140.8155823,133.4666748,194.4488068,1.54,2.3,0
2017-10-18,223.5132003,223.5568749,223.1638298,223.3559875,40888300,10.06999969,93.36000061,2.338999987,58.15000153,52.04000092,140.6455231,134.1034851,195.8108978,1.59,2.34,0
2017-10-19,222.5786197,223.4520593,222.1593724,223.4171143,61903800,10.05000019,93.26999664,2.321000099,57.22999954,51.29000092,140.1258545,133.8972015,195.9715881,1.58,2.33,0
2017-10-20,224.2119206,224.5962361,223.399615,224.5700073,89176400,9.970000267,93.69999695,2.381000042,57.75,51.47000122,140.5037994,134.5160828,197.3795166,1.6,2.39,0
2017-10-23,224.8932442,224.9194463,223.6180031,223.6966095,63915300,11.06999969,93.94000244,2.375999928,57.36999893,51.90000153,139.5872955,133.5114746,196.973175,1.58,2.38,0
2017-10-24,224.1245904,224.3254645,223.731532,224.0896454,66935900,11.15999985,93.95999908,2.405999899,58.33000183,52.47000122,139.8235168,133.7895355,198.3616791,1.6,2.42,0
2017-10-25,223.7577379,223.8712893,221.853646,222.9803772,103715300,11.22999954,93.70999908,2.444000006,58.43999863,52.18000031,139.2944336,133.1438141,197.4049225,1.61,2.44,0
2017-10-26,223.5917669,223.8625176,223.1463042,223.2685852,69798000,11.30000019,94.61000061,2.451999903,59.29999924,52.63999939,138.8503571,133.4218445,197.9891205,1.63,2.46,0
2017-10-27,224.0110748,225.2513709,223.2773887,225.0941315,85562500,9.800000191,94.91999817,2.427999973,60.43999863,53.90000153,142.8941498,134.3456116,198.2600555,1.59,2.42,0
2017-10-30,224.0110532,224.9980442,223.958649,224.2556152,54285700,10.5,94.48999786,2.369999886,60.90000153,54.15000153,143.2153778,132.9285278,197.5489349,1.58,2.37,0
2017-10-31,224.6312284,224.8583312,224.3080599,224.6050262,60304800,10.18000031,94.55000305,2.375999928,61.36999893,54.38000107,143.7539215,133.870285,197.8029022,1.6,2.38,0
2017-11-01,225.3823395,225.722967,224.5351021,224.9019318,54202700,10.19999981,94.81999969,2.375999928,61.29000092,54.29999924,143.7067108,132.9823761,198.2770233,1.61,2.37,0
2017-11-02,224.8320909,225.1290571,223.7664935,224.9893036,56449500,9.930000305,94.69000244,2.346999884,60.61999893,54.54000092,143.4327087,133.3769989,198.9288788,1.61,2.35,0
2017-11-03,225.1465498,225.7841704,224.736032,225.740509,59589700,9.140000343,94.94000244,2.342999935,62.06999969,55.63999939,144.8121948,133.287323,199.1152191,1.63,2.34,0
2017-11-06,225.6094512,226.2208696,225.5395878,226.089859,49652600,9.399999619,94.72000122,2.319999933,64.26999664,57.34999847,145.303421,133.4398041,199.3099213,1.61,2.32,0
2017-11-07,226.1946384,226.5265497,225.4260073,225.9326172,57502200,9.890000343,94.91000366,2.306999922,63.68999863,57.20000076,145.388443,131.843338,199.3183899,1.63,2.32,0
2017-11-08,225.7579376,226.4130173,225.4784305,226.316925,50469600,9.779999733,94.87000275,2.325000048,63.49000168,56.81000137,145.9742584,132.022644,199.3522491,1.65,2.32,0
2017-11-09,225.1116256,225.688099,223.9149908,225.4959412,95085500,10.5,94.44000244,2.33100009,63.93000031,57.16999817,145.2089844,131.5562897,198.7257385,1.63,2.33,0
2017-11-10,225.1115999,225.600724,224.7971478,225.4260254,59984700,11.28999996,94.38999939,2.400000095,63.52000046,56.74000168,145.1995392,131.4576416,198.4802399,1.67,2.4,0
2017-11-13,224.7447366,225.8627382,224.7097916,225.6356354,50228600,11.5,94.48999786,2.400000095,63.15999985,56.75999832,145.3790283,131.493515,198.6749725,1.7,2.4,0
2017-11-14,224.8320805,225.216396,224.0547065,225.1115875,61315200,11.59000015,93.83000183,2.381000042,62.20999908,55.70000076,144.8499146,131.1347809,198.3531952,1.68,2.38,0
2017-11-15,224.1420455,224.6661145,223.2773489,223.9848328,80811500,13.13000011,93.80999756,2.335000038,61.86999893,55.33000183,144.169632,130.6146088,197.2355804,1.68,2.33,0
2017-11-16,224.9281576,226.2558029,224.8844963,225.8889465,67777000,11.76000023,93.93000031,2.361000061,61.36000061,55.13999939,146.0120544,132.5339203,198.8866119,1.72,2.37,0
2017-11-17,225.5395803,225.8627487,225.1465218,225.2251282,75756800,11.43000031,93.66000366,2.354000092,62.72000122,56.54999924,145.4546051,133.1438141,198.0735779,1.73,2.35,0
2017-11-20,225.4696787,225.8015633,225.22509,225.6094055,48075500,10.64999962,94.08000183,2.371999979,62.22000122,56.09000015,145.341217,134.1124573,198.7185211,1.77,2.37,0
2017-11-21,226.3780721,227.2689975,225.5745226,227.085556,69176800,9.729999542,93.94999695,2.362999916,62.56999969,56.83000183,146.9190826,135.5116119,200.0594635,1.77,2.36,0
2017-11-22,227.0942758,227.2252864,226.7187032,226.8846588,45033400,9.880000114,93.22000122,2.322000027,63.31999969,58.02000046,147.0986023,135.3322296,199.5841217,1.74,2.32,0
2017-11-24,227.3738035,227.5135571,227.23405,227.4087219,27856500,9.670000076,92.76000214,2.339999914,63.86000061,58.95000076,147.6371613,135.3860016,199.8388367,1.75,2.34,1
2017-11-27,227.452394,227.7493602,227.0942806,227.2951813,52274900,9.869999886,92.90000153,2.328000069,63.84000015,58.11000061,147.5710144,134.9734955,200.0594635,1.74,2.32,0
2017-11-28,227.7581899,229.6273374,227.6620977,229.6011353,98971700,10.02999973,93.26000214,2.338000059,63.61000061,57.99000168,147.9489288,137.0991364,202.2745361,1.75,2.34,0
2017-11-29,229.7320831,230.2648952,229.0158829,229.461319,77512100,10.69999981,93.26000214,2.375999928,63.11000061,57.29999924,145.3695984,137.5565033,203.1909485,1.78,2.37,0
2017-11-30,230.3784154,232.3785727,230.2998091,231.4702148,127894400,11.27999973,93.01000214,2.417000055,63.56999969,57.40000153,146.5883636,137.8076172,206.0936279,1.78,2.42,0
2017-12-01,231.2518703,231.7322514,227.758112,230.9898224,164390900,11.43000031,92.90000153,2.361999989,63.49000168,58.36000061,145.964859,137.24263,205.762619,1.78,2.37,0
2017-12-04,232.605676,233.0336528,230.6578963,230.7103271,94040600,11.68000031,93.19000244,2.378999949,62.45000076,57.47000122,144.2830353,136.7313843,206.3227386,1.8,2.37,0
2017-12-05,229.8805695,231.5925036,229.7495588,229.8805695,77994500,11.32999992,93.37999725,2.355999947,62.86000061,57.61999893,144.3775024,135.368042,205.3891449,1.83,2.36,0
2017-12-06,229.9766444,230.3522437,229.4613182,229.9242401,75898600,11.02000046,93.61000061,2.329999924,61.22000122,55.95999908,145.0294037,134.7312622,205.0581818,1.78,2.33,0
2017-12-07,230.6491852,230.9636106,229.6621942,230.6491852,77218600,10.15999985,93.80000305,2.375999928,62.20000076,56.68999863,145.5207672,135.6730804,205.6861877,1.8,2.37,0
2017-12-08,231.6012884,231.915714,230.6142972,231.9069977,76563900,9.579999924,93.90000153,2.382999897,63.40000153,57.36000061,146.1632538,135.7986145,206.7556,1.8,2.38,0
2017-12-11,232.6057129,232.6668601,231.8807697,232.6057129,83077500,9.340000153,93.87000275,2.38499999,64.69000244,57.99000168,147.2970123,135.7447968,207.2223663,1.82,2.39,0
2017-12-12,233.3917622,233.4878544,232.640617,233.0161896,85195800,9.920000076,94.09999847,2.403000116,63.34000015,57.13999939,147.0986023,135.3232727,208.3001556,1.83,2.4,0
2017-12-13,233.2607849,233.6975047,232.9026715,232.9900208,102905400,10.18000031,93.43000031,2.348999977,62.43999863,56.59999847,147.3820953,136.1304626,209.0300903,1.79,2.36,0
2017-12-14,233.2869761,233.4005275,231.9855596,232.0379639,100666700,10.48999977,93.48999786,2.345999956,63.31000137,57.04000092,147.278183,134.6236572,208.4104919,1.82,2.35,0
2017-12-15,233.0396843,234.4355488,232.9870122,233.9702606,144610300,9.420000076,93.93000031,2.355000019,63.22999954,57.29999924,148.95047,136.5430298,209.4661102,1.84,2.35,0
2017-12-18,235.3661379,235.8050901,235.2607937,235.4539337,83653600,9.529999733,93.69999695,2.39199996,63.40999985,57.15999985,150.1993256,138.3905945,210.776062,1.84,2.39,0
2017-12-19,235.6996737,235.7435582,234.4793743,234.5496216,82382900,10.02999973,93.47000122,2.463000059,63.79999924,57.45999908,149.3092499,137.2964478,210.4442902,1.87,2.46,0
2017-12-20,235.5153504,235.5680226,234.1282736,234.4267578,76751500,9.720000267,93.34999847,2.496999979,64.55999756,58.09000015,149.1482849,137.5655212,210.16362,1.87,2.49,0
2017-12-21,235.0500138,235.6206728,234.6637338,234.9095459,67032300,9.619999886,93.27999878,2.480999947,64.90000153,58.36000061,149.1672516,138.1678009,210.6654968,1.89,2.48,0
2017-12-22,234.9271832,234.9623069,234.3126395,234.848175,78720900,9.899999619,93.34999847,2.484999895,65.25,58.47000122,148.9968414,137.9157104,210.4442902,1.91,2.48,0
2017-12-26,234.4442955,234.786691,234.3038544,234.567215,45244400,10.25,93.26000214,2.467000008,67.01999664,59.97000122,148.1920471,137.9967194,210.3167419,1.92,2.47,0
2017-12-27,234.733977,235.0412488,234.4091568,234.6813049,57751000,10.47000027,93.02999878,2.414000034,66.44000244,59.63999939,148.210968,137.8617096,210.5123138,1.89,2.42,0
2017-12-28,235.1817903,235.2081264,234.7955103,235.1642151,45116100,10.18000031,92.59999847,2.431999922,66.72000122,59.84000015,148.3908844,138.4018555,211.0652618,1.91,2.43,0
2017-12-29,235.7436235,235.7611719,234.0843984,234.2775116,96007400,11.03999996,92.12000275,2.404999971,66.59999847,60.41999817,147.4724884,137.2584839,210.4273376,1.89,2.4,0
2018-01-02,235.137825,235.9893931,234.7515451,235.9542694,86655700,9.770000458,91.84999847,2.464999914,66.56999969,60.36999893,150.0572662,138.5549316,210.9716949,1.92,2.46,0
2018-01-03,236.1210726,237.5959718,236.1210726,237.4467163,90070400,9.149999619,92.16000366,2.447000027,67.83999634,61.63000107,151.515274,138.6989746,211.7628021,1.94,2.44,0
2018-01-04,238.0876384,238.9304189,237.5082184,238.4475555,80636400,9.220000267,91.84999847,2.453000069,68.06999969,62.00999832,151.7804413,139.0680847,213.1663055,1.96,2.46,0
2018-01-05,239.2376641,240.1594527,238.7460399,240.0365601,83524000,9.220000267,91.94999695,2.476000071,67.62000275,61.43999863,153.3047485,139.3561859,214.969574,1.96,2.47,0
2018-01-08,239.9400503,240.6336023,239.6503537,240.4755859,57319200,9.520000458,92.33000183,2.480000019,67.77999878,61.72999954,153.9011993,139.5722656,214.8590546,1.96,2.49,0
2018-01-09,240.8969627,241.6431868,240.6160269,241.0198822,57254000,10.07999992,92.52999878,2.546000004,68.81999969,62.95999908,153.910675,139.3831635,215.9052887,1.98,2.55,0
2018-01-10,240.264843,240.9145104,239.597654,240.651123,69574300,9.819999695,92.33000183,2.549999952,69.19999695,63.56999969,153.5508575,139.4011688,215.73526,1.98,2.55,0
2018-01-11,241.2041968,242.4069214,241.0373929,242.4069214,62361500,9.880000114,91.84999847,2.530999899,69.26000214,63.79999924,154.6018829,141.7960052,217.427948,1.98,2.54,0
2018-01-12,242.6702806,244.153914,242.3717696,243.9871368,90816100,10.15999985,90.97000122,2.552000046,69.87000275,64.30000305,155.7379913,142.3901367,219.3844299,1.99,2.55,0
2018-01-16,245.2425382,245.8921787,242.4595701,243.1531219,106555100,11.65999985,90.38999939,2.54399991,69.15000153,63.72999954,155.2930145,140.5716248,219.2992859,2.03,2.54,0
2018-01-17,244.0837329,245.85709,243.1531565,245.4708099,113258800,11.90999985,90.54000092,2.578000069,69.37999725,63.97000122,156.968811,141.9039764,222.0808258,2.05,2.57,0
2018-01-18,245.3566965,245.7780734,244.5665612,245.0582123,100728000,12.22000027,90.5,2.611000061,69.30999756,63.95000076,156.9972534,140.9316711,221.2982635,2.05,2.62,0
2018-01-19,245.6374841,246.1730194,245.0580912,246.1730194,140920100,11.27000046,90.56999969,2.637000084,68.61000061,63.36999893,157.4895935,142.7862396,221.7442474,2.06,2.64,0
2018-01-22,245.9623742,248.1746826,245.9096753,248.1746826,91322400,11.02999973,90.40000153,2.664999962,69.02999878,63.49000168,159.1748657,143.5515442,222.9698334,2.08,2.66,0
2018-01-23,248.2185375,248.9910973,247.8937174,248.7014008,97084700,11.10000038,90.12000275,2.624000072,69.95999908,64.47000122,160.4909058,144.0106659,222.876236,2.06,2.63,0
2018-01-24,249.3423099,249.939305,247.4284854,248.6048737,134816100,11.47000027,89.20999908,2.654000044,70.52999878,65.61000061,159.4494324,143.1194,223.4719086,2.08,2.65,0
2018-01-25,249.4652165,249.5617731,247.9200968,248.7102051,84587300,11.57999992,89.38999939,2.621000051,70.41999817,65.51000214,159.3926697,143.1734161,224.4762421,2.08,2.63,0
2018-01-26,249.5442928,251.6337093,249.289693,251.589798,107743100,11.07999992,89.06999969,2.661999941,70.51999664,66.13999939,161.8353424,143.6865387,226.3145294,2.13,2.66,0
2018-01-29,251.0190718,251.4580238,249.7636756,249.9216919,90118300,13.84000015,89.30999756,2.698999882,69.45999908,65.55999756,161.0495148,142.8763123,224.8250732,2.11,2.7,0
2018-01-30,248.095682,249.9743827,246.8841702,247.3582458,131796400,14.78999996,89.19000244,2.726000071,69.01999664,64.5,159.7239838,141.5078583,221.8123169,2.13,2.73,0
2018-01-31,248.2098767,248.7102618,246.4101569,247.4812012,108364800,13.53999996,89.12999725,2.720000029,69.05000305,64.73000336,160.3867798,140.7696381,222.5101929,2.14,2.72,0
2018-02-01,246.752513,248.4995335,246.4101175,247.2002258,90102500,13.47000027,88.66999817,2.773000002,69.08000183,65.80000305,159.023407,141.2108154,222.6635132,2.16,2.78,0
2018-02-02,245.8833841,246.0150911,241.7835867,241.8187103,173174800,17.30999947,89.19999695,2.854000092,68.58000183,65.44999695,155.851593,138.4918976,216.9695892,2.15,2.84,0
2018-02-05,240.0628952,242.1698597,231.1609344,231.7052307,294681800,37.31999969,89.55000305,2.79399991,67.62000275,64.15000153,149.7069092,133.1712036,207.0458832,2.08,2.77,0
2018-02-06,228.202399,236.7707517,227.1138064,236.27034,355026800,29.97999954,89.58999634,2.767999887,66.86000061,63.38999939,153.673996,134.7646942,211.888504,2.1,2.79,0
2018-02-07,235.7172656,239.1059628,234.909582,234.9886169,167376100,27.72999954,90.26000214,2.844000101,65.51000214,61.79000092,151.6857758,134.8997498,211.7183838,2.15,2.84,0
2018-02-08,235.2870874,235.4275552,226.1393148,226.1744385,246449500,33.45999908,90.23000336,2.851000071,64.80999756,61.15000153,145.2854309,130.938446,203.1307373,2.13,2.85,0
2018-02-09,228.9574168,231.4243255,222.0395404,229.5719604,283565300,29.05999947,90.44000244,2.828999996,62.79000092,59.20000076,147.7944031,132.1358337,205.9904633,2.05,2.83,0
2018-02-12,231.6174257,234.4091811,229.7123888,232.9430695,143736000,25.61000061,90.20999908,2.857000113,62.59000015,59.29000092,150.4170685,133.387207,209.5140228,2.09,2.86,0
2018-02-13,231.7402866,234.0667265,231.1608669,233.5224304,81223600,24.96999931,89.69999695,2.839999914,62.72000122,59.18999863,151.1933746,133.6753235,209.8544312,2.1,2.83,0
2018-02-14,232.0388163,237.0340924,232.0300287,236.6741486,120735700,19.26000023,89.12000275,2.913000107,64.36000061,60.59999847,154.024292,136.0791168,212.1779175,2.17,2.91,0
2018-02-15,238.41239,239.7029099,235.9542428,239.6941223,111200300,19.12999916,88.58999634,2.891000032,64.33000183,61.34000015,156.883606,137.5645905,214.9013977,2.19,2.9,0
2018-02-16,239.0708032,241.704515,239.0268919,239.764328,160420100,19.45999908,89.09999847,2.877000093,64.83999634,61.68000031,156.1830444,138.0507507,214.9910431,2.21,2.87,0
2018-02-20,238.8162522,240.2560278,237.47306,238.2631683,86369700,20.60000038,89.72000122,2.892999887,65.25,61.90000153,156.4954224,136.9163361,212.7639465,2.25,2.88,0
2018-02-21,238.7021002,241.177796,236.9814158,237.0779724,98883700,20.02000046,90.08000183,2.943000078,65.41999817,61.68000031,156.0504608,137.0604248,211.3731995,2.26,2.94,0
2018-02-22,237.9998893,239.7117868,236.7181563,237.3853455,110511300,18.71999931,89.75,2.917000055,66.38999939,62.77000046,156.0315094,136.8443298,212.8835144,2.25,2.92,0
2018-02-23,238.6055869,241.1690521,238.1315111,241.1690521,92766400,16.48999977,89.87999725,2.871000051,67.30999756,63.54999924,159.2221832,138.6269073,215.8016357,2.25,2.88,0
2018-02-26,242.2401016,244.0661574,241.6519208,243.969574,86491400,15.80000019,89.81999969,2.858999968,67.5,63.90999985,161.3335114,139.5362091,219.2232971,2.22,2.86,0
2018-02-27,244.1538057,244.8649324,240.8616665,240.9231262,99099200,18.59000015,90.36000061,2.907999992,66.62999725,63.00999832,159.3358307,137.5286102,216.697525,2.27,2.9,0
2018-02-28,242.0206807,242.4684206,238.1666943,238.4827271,121907800,19.85000038,90.61000061,2.868000031,65.77999878,61.63999939,158.3133087,135.3588562,213.4893188,2.25,2.87,0
2018-03-01,238.2720015,239.8171216,233.5225362,235.0149841,176855100,22.46999931,90.31999969,2.803999901,65.70999908,60.99000168,155.7285767,134.998764,209.8884735,2.22,2.81,0
2018-03-02,233.346946,236.7883425,232.4866169,236.2264709,139083200,19.59000015,89.94000244,2.857000113,64.37000275,61.25,157.1581879,137.1595154,209.3509064,2.25,2.86,0
2018-03-05,235.0413262,239.5713156,234.9359552,238.9567719,97307400,18.72999954,90.08000183,2.881000042,65.54000092,62.56999969,158.900238,138.3838654,212.3288116,2.24,2.88,0
2018-03-06,239.9311436,240.0101786,238.0699915,239.562439,79213200,18.36000061,89.62000275,2.877000093,65.79000092,62.59999847,159.572464,139.8783417,212.3288116,2.25,2.88,0
2018-03-07,237.4028297,239.8258267,237.2096897,239.4746704,87063500,17.76000023,89.63999939,2.882999897,64.33999634,61.15000153,159.9417419,141.1117096,211.7059326,2.25,2.89,0
2018-03-08,240.1506359,240.7563918,239.1586268,240.6334991,66901200,16.54000092,90.12000275,2.865999937,63.61000061,60.11999893,160.8222656,140.8236389,212.5847778,2.25,2.86,0
2018-03-09,242.0380896,244.8210297,241.7220303,244.8210297,113625300,14.64000034,90.08999634,2.894000053,65.48999786,62.04000092,163.9467468,143.0743561,216.3562469,2.27,2.9,0
2018-03-12,245.1108655,245.7341699,244.1275902,244.5138702,71924800,15.77999973,89.90000153,2.869999886,64.94999695,61.36000061,164.817749,143.3264771,214.9910431,2.27,2.87,0
2018-03-13,245.6727116,246.1731235,242.3278987,242.9336548,91968900,16.35000038,89.66000366,2.84800005,64.63999939,60.70999908,162.5738831,142.6602478,213.5063477,2.26,2.84,0
2018-03-14,243.8905136,244.0748659,241.1339089,241.6869659,105895100,17.22999954,89.69999695,2.816999912,64.88999939,60.95999908,162.5454407,141.9850311,211.5096893,2.26,2.81,0
2018-03-15,242.1962203,242.8370732,240.9232484,241.4236603,83433000,16.59000015,90.13999939,2.825999975,65.12000275,61.18999863,162.4034119,141.2738342,212.4653778,2.29,2.82,0
2018-03-16,241.9498095,242.7342863,241.6325112,241.6853943,100343700,15.80000019,90.23000336,2.84800005,66.20999908,62.34000015,161.920578,142.0660858,212.9389496,2.31,2.85,0
2018-03-19,240.9362663,241.8617469,236.7671382,238.41539,109208400,19.02000046,89.90000153,2.845000029,66.05000305,62.06000137,158.4658356,140.6976318,210.2120514,2.31,2.85,0
2018-03-20,238.8119932,239.4554397,238.1421053,238.820816,59757300,18.20000076,90.37000275,2.878999949,67.41999817,63.40000153,158.9873657,140.6615601,211.2292328,2.34,2.89,0
2018-03-21,238.7767258,240.8656874,238.150925,238.3624573,78709600,17.86000061,89.77999878,2.907000065,69.47000122,65.16999817,158.2950897,141.4808502,210.8190002,2.31,2.89,0
2018-03-22,236.1412809,236.9874367,232.130803,232.404068,148785900,23.34000015,89.86000061,2.832000017,68.91000366,64.30000305,154.3880005,138.3784943,204.6128845,2.29,2.83,0
2018-03-23,232.8447373,233.1708584,227.2565107,227.4504242,183534800,24.87000084,89.44000244,2.829999924,70.44999695,65.87999725,150.3196411,135.4007111,200.9969025,2.28,2.82,0
2018-03-26,231.046664,233.9553397,228.6492002,233.6732788,141956100,21.03000069,89.02999878,2.842999935,70.12000275,65.55000305,155.9052887,138.3604431,206.7158051,2.33,2.85,0
2018-03-27,234.6076217,235.1364523,228.1467967,229.6981049,129941400,22.5,89.37000275,2.786000013,70.11000061,65.25,150.8601837,135.6804199,203.6981659,2.26,2.78,0
2018-03-28,229.8303123,231.4962094,227.9176187,229.0193939,146452300,22.87000084,90.05999756,2.775000095,69.52999878,64.37999725,149.1247253,135.6353149,203.6895905,2.28,2.77,0
2018-03-29,230.1564425,233.8055351,229.0282257,231.9457245,111601600,19.96999931,90.15000153,2.740999937,70.26999664,64.94000244,151.8559723,137.0069275,206.3567047,2.27,2.74,0
2018-04-02,231.4168886,231.9281274,224.4713058,226.9392853,186286300,23.62000084,90.05000305,2.732000113,67.63999939,63.00999832,147.4746552,133.6681061,201.8688354,2.25,2.73,0
2018-04-03,228.1732834,230.3239512,226.3840011,229.8479767,119956900,21.10000038,90.19999695,2.78399992,68.12000275,63.50999832,149.1342316,135.581131,205.288208,2.28,2.79,0
2018-04-04,226.3046886,233.012285,226.1724809,232.3071594,123715300,20.05999947,90.13999939,2.788000107,68.01999664,63.36999893,151.486084,137.304718,207.2628479,2.28,2.79,0
2018-04-05,234.0611209,235.0218926,232.9769913,234.1404724,82652600,18.94000053,90.45999908,2.832000017,68.33000183,63.54000092,152.3490601,138.4416809,209.357193,2.3,2.83,0
2018-04-06,232.1837048,233.6732801,227.4063959,228.9224396,179521200,21.48999977,90.11000061,2.775000095,67.11000061,62.06000137,148.5368195,135.6804199,204.4162445,2.27,2.77,0
2018-04-09,230.3768262,233.4353558,229.1164016,230.050705,105442900,21.77000046,89.83999634,2.786000013,68.65000153,63.41999817,149.5799866,135.8428802,204.9291077,2.29,2.78,0
2018-04-10,232.9329031,234.493034,231.7958904,233.7085571,103529000,20.46999931,89.58999634,2.796999931,71.04000092,65.51000214,152.8801422,138.4055939,208.5878296,2.32,2.8,0
2018-04-11,232.2277791,234.1404727,232.1572773,232.4833984,91140200,20.23999977,89.56999969,2.789999962,72.05999756,66.81999969,151.99823,138.7033691,206.7669525,2.32,2.79,0
2018-04-12,233.8055663,235.3392291,233.6292715,234.3961029,68890500,18.48999977,89.75,2.834000111,72.01999664,67.06999969,153.8284912,139.6508179,209.2717133,2.34,2.83,0
2018-04-13,235.7005754,235.8151643,232.7037521,233.7085571,85079200,17.40999985,89.80000305,2.828999996,72.58000183,67.38999939,153.0318298,138.9199524,208.2201996,2.37,2.82,0
2018-04-16,235.3391786,236.3968935,234.5194643,235.6300354,63405300,16.55999947,89.43000031,2.832000017,71.41999817,66.22000122,154.1983185,140.2013245,209.9640656,2.39,2.83,0
2018-04-17,237.3929197,238.7503146,236.8817078,238.1509552,64682000,15.25,89.51999664,2.813999891,71.58000183,66.51999664,157.5174713,141.7263489,211.8276672,2.41,2.82,0
2018-04-18,238.5916706,239.1293241,237.8688995,238.3272552,57303900,15.60000038,89.62000275,2.867000103,73.48000336,68.47000122,157.8399048,142.1053009,211.4685669,2.42,2.87,0
2018-04-19,237.6749116,237.8776479,235.9737774,237.0050507,77655900,15.96000004,89.94000244,2.914000034,73.77999878,68.29000092,156.3889313,141.1217194,210.7761536,2.44,2.92,0
2018-04-20,236.9345883,237.1549434,234.1140326,234.9954529,99953100,16.87999916,90.31999969,2.950999975,74.05999756,68.37999725,153.9138184,140.3636932,209.1015472,2.46,2.96,0
2018-04-23,235.5683413,236.1236403,233.8848257,234.9601593,65558000,16.34000015,90.94000244,2.97300005,74.70999908,68.63999939,153.5250092,140.1561737,208.9904022,2.49,2.98,0
2018-04-24,235.9825979,236.2029529,230.2974278,231.7958527,112885500,18.02000046,90.76999664,2.98300004,73.86000061,67.69999695,150.2722321,139.3530884,205.3468323,2.48,3,0
2018-04-25,231.7341661,232.8094997,229.9184428,232.3687897,103840900,17.84000015,91.16999817,3.023999929,74,68.05000305,150.4523926,139.1455231,205.8684998,2.49,3.03,0
2018-04-26,233.391269,235.5595552,232.9505589,234.7310181,67731900,16.23999977,91.55999756,2.99000001,74.73999786,68.19000244,153.6198273,139.7861786,207.9384155,2.49,3,0
2018-04-27,235.3391514,235.638831,234.0170214,234.9513245,57053600,15.40999985,91.54000092,2.957000017,74.63999939,68.09999847,153.7146912,139.5876617,207.792984,2.49,2.96,0
2018-04-30,235.5683604,236.1236594,233.0739263,233.144455,82182300,15.93000031,91.83999634,2.936000109,75.16999817,68.56999969,152.624054,138.3514709,206.5869904,2.49,2.95,0
2018-05-01,232.5803103,233.6644667,231.0290024,233.5587006,74203400,15.48999977,92.44999695,2.976000071,75.16999817,67.25,154.3690186,139.0281982,205.9198303,2.5,2.97,0
2018-05-02,233.3648205,234.175712,231.6019801,231.9898071,86368900,15.97000027,92.51000214,2.963999987,73.36000061,67.93000031,153.4586334,139.55159,204.5086517,2.49,2.97,0
2018-05-03,231.161324,232.1308649,228.3319451,231.4786224,136311500,15.89999962,92.41000366,2.946000099,73.62000275,68.43000031,153.4396515,138.7935791,204.5000763,2.49,2.94,0
2018-05-04,230.5089967,235.1540983,230.1828756,234.4753876,91222100,14.77000046,92.56999969,2.944000006,74.87000275,69.72000122,156.3510132,140.5261536,207.4251099,2.51,2.95,0
2018-05-07,235.2422047,236.2381868,234.5546713,235.2686462,55304900,14.75,92.75,2.950000048,76.16999817,70.73000336,157.6502228,141.7173157,208.1949768,2.49,2.95,0
2018-05-08,234.898438,235.6300048,233.7085156,235.2686462,67499200,14.71000004,93.12000275,2.969000101,74.84999847,69.05999756,157.4889832,142.4211426,208.1949768,2.51,2.97,0
2018-05-09,235.938579,237.8688916,235.4185442,237.5427704,59666100,13.42000008,93.04000092,3.003999949,77.20999908,71.13999939,159.2054596,143.1881409,209.8884125,2.54,3,0
2018-05-10,238.2830759,240.090003,238.1773098,239.763855,72063900,13.22999954,92.65000153,2.970999956,77.47000122,71.36000061,160.8555908,143.9551697,211.6502686,2.54,2.97,0
2018-05-11,239.8873622,240.7599598,239.3761234,240.4955444,59871500,12.64999962,92.54000092,2.970999956,77.12000275,70.69999695,160.7038574,144.2348785,212.5740051,2.54,2.97,0
2018-05-14,240.9274058,241.5796482,240.0636043,240.6101074,54790600,12.93000031,92.58999634,2.994999886,78.23000336,70.95999908,160.9788666,143.6844482,213.1983795,2.55,3,0
2018-05-15,239.384936,239.4025548,238.0099225,238.9530487,87036100,14.63000011,93.22000122,3.079999924,78.43000031,71.30999756,159.1960297,143.7115326,211.5220795,2.58,3.08,0
2018-05-16,238.988284,240.4161804,238.9618156,239.9578247,53942600,13.42000008,93.38999939,3.095000029,79.27999878,71.48999786,160.2486572,145.2095032,212.0865021,2.58,3.09,0
2018-05-17,239.6933448,240.8303841,238.9793968,239.7550507,56536400,13.43000031,93.47000122,3.108999968,79.30000305,71.48999786,159.6322784,145.8771667,211.8897858,2.57,3.11,0
2018-05-18,239.4114117,239.7727973,238.8032294,239.1557922,64368000,13.42000008,93.63999939,3.066999912,78.51000214,71.27999878,158.8072357,146.0666504,211.8529053,2.55,3.06,0
2018-05-21,240.6365438,241.4915225,240.2487167,240.9538422,58025900,13.07999992,93.68000031,3.065000057,79.22000122,72.23999786,159.6985779,147.0322266,214.3745422,2.58,3.06,0
2018-05-22,241.4738735,241.7294929,239.9578296,240.2839508,52966400,13.22000027,93.61000061,3.065000057,79.56999969,72.12999725,159.4900208,145.9674377,212.8650208,2.59,3.06,0
2018-05-23,239.0146765,240.97143,238.8560004,240.9449615,64694200,12.57999992,94.01000214,3.003000021,79.80000305,71.83999634,160.8366394,146.1569214,213.2510223,2.53,3.01,0
2018-05-24,240.548432,240.8216702,238.6710024,240.4514618,76043800,12.52999973,93.77999878,2.980999947,78.79000092,70.70999908,160.7891846,146.2110596,212.6334381,2.5,2.98,0
2018-05-25,239.8785706,240.5043715,239.3761544,239.8785706,56374800,13.22000027,94.19000244,2.930999994,76.44000244,67.87999725,160.9504089,145.9494019,212.1702423,2.48,2.93,0
2018-05-29,238.2567144,239.0147498,236.0091034,237.1196747,115908600,17.02000046,94.83000183,2.767999887,75.38999939,66.73000336,160.239212,145.7508698,208.808075,2.32,2.77,0
2018-05-30,238.4241671,240.7246609,238.3536653,240.2839508,69678400,14.93999958,94.15000153,2.842000008,77.5,68.20999908,161.386673,148.0608978,211.5955811,2.42,2.84,0
2018-05-31,239.8784767,240.1781563,238.2126067,238.8119659,93519900,15.43000031,93.98999786,2.822000027,77.58999634,67.04000092,161.2822876,146.8788757,209.4342194,2.4,2.83,0
2018-06-01,240.1077086,241.4562806,240.0371799,241.156601,71258400,13.46000004,94.19000244,2.894999981,77.58999634,65.80999756,163.8144226,147.8443451,211.3040161,2.47,2.89,0
2018-06-04,241.9762775,242.5580181,241.7383038,242.3023987,45385200,12.73999977,94.01999664,2.937000036,75.29000092,64.75,165.2937622,148.6294556,212.8821716,2.52,2.94,0
2018-06-05,242.4346116,242.857703,241.6677803,242.4786987,51135000,12.39999962,93.88999939,2.91899991,75.37999725,65.51999664,165.8058929,149.549881,212.8393402,2.49,2.92,0
2018-06-06,243.0868925,244.6117323,242.4698876,244.5059662,62732200,11.64000034,93.66000366,2.974999905,75.36000061,64.73000336,166.7731628,150.6327057,215.7297974,2.52,2.97,0
2018-06-07,244.9907615,245.2816183,243.571661,244.4795227,72969400,12.13000011,93.40000153,2.933000088,77.31999969,65.94999695,165.417038,149.8115845,216.595993,2.5,2.93,0
2018-06-08,244.0212011,245.2551841,243.8537291,245.202301,72139700,12.18000031,93.55000305,2.937000036,76.45999908,65.73999786,165.4265594,150.2627563,217.2307129,2.5,2.93,0
2018-06-11,245.422661,246.2423754,245.3080721,245.5284271,58892500,12.35000038,93.58000183,2.957000017,76.45999908,66.09999847,165.8722839,150.488327,217.3336182,2.52,2.96,0
2018-06-12,245.942677,246.2070923,245.2022872,245.8457336,72329000,12.34000015,93.80000305,2.957000017,75.87999725,66.36000061,166.7446899,151.1740875,217.256424,2.54,2.96,0
2018-06-13,246.0836688,246.3392881,244.858482,245.0612183,79070600,12.93999958,93.70999908,2.976999998,76.73999786,66.63999939,166.7352295,150.5785675,216.2958221,2.59,2.98,0
2018-06-14,245.9251719,246.2072061,245.0878116,245.6783752,77097600,12.11999989,94.76999664,2.946000099,75.94000244,66.88999939,168.4232635,151.3816528,216.1329193,2.59,2.94,0
2018-06-15,244.8956036,245.7013009,243.7888809,245.3648529,120041600,11.97999954,94.79000092,2.924000025,73.44000244,65.05999756,167.8352814,151.4267578,215.3820953,2.55,2.93,0
2018-06-18,243.9128226,244.9841496,243.4347378,244.8601837,52917600,12.31000042,94.75,2.926000118,75.33999634,65.84999847,167.738327,152.1397247,214.5145264,2.56,2.92,0
2018-06-19,242.5936398,244.1430517,242.1775109,243.9217072,97531500,13.35000038,95.08999634,2.892999887,75.08000183,65.06999969,167.2631531,152.1486969,212.0664215,2.54,2.89,0
2018-06-20,244.6033711,245.0018021,244.0013206,244.3377686,53785500,12.78999996,95.05999756,2.927999973,74.73999786,66.22000122,168.4510956,153.3759003,211.705658,2.56,2.93,0
2018-06-21,244.3289274,244.3466523,242.3102665,242.806076,71061400,14.64000034,94.87000275,2.897000074,73.05000305,65.54000092,166.9875641,151.9411163,210.0220337,2.56,2.9,0
2018-06-22,244.0633697,244.1784732,243.0274653,243.2488098,54898500,13.77000046,94.51999664,2.900000095,75.55000305,68.58000183,166.6169434,151.4358215,211.0442352,2.56,2.9,0
2018-06-25,242.0978096,242.2571712,238.2552716,239.9374847,137854200,17.32999992,94.27999878,2.875,74.73000336,68.08000183,162.8630219,148.9633026,208.1409149,2.54,2.87,0
2018-06-26,240.5040964,241.318629,239.7515197,240.4686737,68547400,15.92000008,94.68000031,2.880000114,76.30999756,70.52999878,163.5282593,149.8295898,208.4501038,2.53,2.88,0
2018-06-27,241.0530773,242.4785233,238.3260974,238.4766235,105110700,17.90999985,95.29000092,2.826999903,77.62000275,72.76000214,161.3044281,147.4292755,207.1186981,2.52,2.83,0
2018-06-28,238.4234623,240.6014848,237.7151437,239.8400726,76650500,16.85000038,95.38999939,2.846999884,77.84999847,73.44999695,162.691925,147.8804779,207.9433441,2.52,2.84,0
2018-06-29,240.9290781,242.2925679,240.0702603,240.1853638,97592500,16.09000015,94.62999725,2.848999977,79.44000244,74.15000153,163.1291199,147.7812347,208.5016174,2.52,2.85,0
2018-07-02,238.6182812,240.8582869,238.3792118,240.6988983,63554800,15.60000038,94.87000275,2.865999937,77.30000305,73.94000244,164.2220306,148.8009033,208.5016174,2.57,2.87,0
2018-07-03,241.5930418,241.6904474,239.4238824,239.8488464,42187100,16.13999939,94.58999634,2.838000059,77.76000214,74.13999939,162.3213196,149.394104,207.5826111,2.53,2.83,1
2018-07-05,240.9733116,241.8675249,239.9019849,241.805542,56925900,14.97000027,94.47000122,2.839999914,77.38999939,72.94000244,164.3360901,151.0966797,209.2060394,2.55,2.84,0
2018-07-06,241.8321995,244.2227043,241.4514664,243.8508606,66493700,13.36999989,94.04000092,2.83100009,77.11000061,73.80000305,166.8925018,152.3736115,210.1080017,2.53,2.82,0
2018-07-09,244.8513192,246.0997056,244.8070611,246.0465851,50550400,12.68999958,94.08000183,2.859999895,78.06999969,73.84999847,168.3941193,153.3335876,212.8910675,2.57,2.86,0
2018-07-10,246.4981192,247.0293514,246.2059293,246.9319458,51966800,12.64000034,94.11000061,2.872999907,78.86000061,74.11000061,168.5176697,152.6362305,214.0850525,2.59,2.87,0
2018-07-11,245.3825454,246.1705449,244.8247529,245.1257782,77054700,13.63000011,94.72000122,2.842000008,73.40000153,70.37999725,167.662262,151.3412018,212.2382965,2.58,2.85,0
2018-07-12,246.3829638,247.401143,245.7809133,247.3480225,60124700,12.57999992,94.80999756,2.852999926,74.44999695,70.33000183,170.5514221,152.074707,214.1451416,2.6,2.85,0
2018-07-13,247.1709421,247.8438109,246.7193907,247.5427856,48216000,12.18000031,94.75,2.83100009,75.33000183,71.01000214,170.6939697,151.621933,214.9181824,2.59,2.83,0
2018-07-16,247.5871476,247.7287843,246.8788289,247.3215179,48201000,12.82999992,94.51000214,2.85800004,71.83999634,68.05999756,170.2852783,151.0332794,215.321991,2.59,2.85,0
2018-07-17,246.5511894,248.7115136,246.4980688,248.3219452,52315500,12.06000042,94.97000122,2.864000082,72.16000366,68.08000183,171.3212433,151.7034607,215.8460083,2.62,2.86,0
2018-07-18,248.4016865,248.9506167,247.9589975,248.8443756,44593500,12.10000038,95.08000183,2.875,72.90000153,68.76000214,170.9980469,152.1290436,216.4902496,2.6,2.88,0
2018-07-19,248.1803489,248.561055,247.427772,247.9058838,61412100,12.86999989,95.16999817,2.846999884,72.58000183,69.45999908,170.1427612,153.2068176,215.4250793,2.6,2.84,0
2018-07-20,247.7021936,248.3308314,247.4631513,247.6225128,82337700,12.85999966,94.45999908,2.894999981,73.06999969,70.45999908,170.1047821,152.5819244,215.3975067,2.6,2.89,0
2018-07-23,247.4189132,248.2865664,247.0736028,248.0829468,47047600,12.61999989,94.66999817,2.964999914,73.05999756,67.88999939,170.6464386,152.7720947,215.2427216,2.64,2.96,0
2018-07-24,249.4907027,250.1724341,248.4636608,249.3313141,68026900,12.40999985,94.61000061,2.948999882,73.44000244,68.51999664,171.3497467,151.141983,216.9198914,2.63,2.95,0
2018-07-25,249.083268,251.7748234,249.0390099,251.4561005,78882900,12.28999996,94.36000061,2.936000109,73.93000031,69.30000305,173.7445984,151.694397,218.4766388,2.66,2.94,0
2018-07-26,250.7391287,251.5447991,250.6417231,250.8630676,57919500,12.14000034,94.75,2.974999905,74.54000092,69.61000061,171.1121521,152.5093994,219.4226837,2.69,2.98,0
2018-07-27,251.1906744,251.28808,248.2423765,249.1631775,76768700,13.02999973,94.68000031,2.960000038,74.29000092,68.69000244,168.8027496,149.6657562,218.6830444,2.67,2.96,0
2018-07-30,249.2427137,249.4020752,247.3391298,247.8615265,63742500,14.26000023,94.36000061,2.974999905,74.97000122,70.12999725,166.4173737,148.7057495,217.4875183,2.66,2.98,0
2018-07-31,248.6229415,249.6942411,248.2422355,249.0833282,68570500,12.82999992,94.48999786,2.963999987,74.25,68.76000214,167.6908112,150.2182007,218.6056366,2.67,2.96,0
2018-08-01,249.2870423,249.7917143,248.0209582,248.6672668,53853300,13.14999962,94.62000275,3.003000021,74.25,67.66000366,168.3275757,150.1186066,217.6938782,2.67,3,0
2018-08-02,247.3658229,250.1901544,247.1621761,250.0219574,63426400,12.18999958,95.16999817,2.986000061,73.44999695,68.95999908,170.6179352,151.214386,217.6853638,2.66,2.98,0
2018-08-03,250.1458398,251.1463212,249.9687534,251.0932007,53935400,11.64000034,95.13999939,2.953000069,73.20999908,68.48999786,171.140625,150.6891022,218.7948303,2.63,2.95,0
2018-08-06,251.1287056,252.3239446,250.739137,252.0140839,39400900,11.27000046,95.36000061,2.937999964,73.75,69.01000214,172.1480255,151.5313568,219.1904907,2.64,2.94,0
2018-08-07,252.6781775,253.2271078,252.5453491,252.8463745,43196600,10.93000031,95.22000122,2.97300005,74.65000153,69.16999817,172.775238,151.8936157,220.2828064,2.68,2.98,0
2018-08-08,252.6780801,253.138467,252.2796491,252.740036,42114600,10.85000038,95.09999847,2.970999956,72.27999878,66.94000244,172.9842834,151.7577362,219.8526611,2.68,2.96,0
2018-08-09,252.801996,253.1915645,252.2619283,252.3947296,35717000,11.27000046,95.5,2.934999943,72.06999969,66.80999756,172.879776,152.1472473,219.4570923,2.64,2.93,0
2018-08-10,250.9604415,251.5005092,249.9953556,250.7036743,77076000,13.15999985,96.36000061,2.857000113,72.80999756,67.62999725,171.5587616,151.7215729,217.8572998,2.61,2.87,0
2018-08-13,250.9781462,251.5890593,249.4729926,249.7651825,65732900,14.77999973,96.38999939,2.877000093,72.61000061,67.19999695,171.3687439,150.8340607,216.7736664,2.61,2.88,0
2018-08-14,250.4911877,251.5979103,250.1016192,251.3588409,43842000,13.31000042,96.73000336,2.894999981,72.45999908,67.04000092,172.4425812,152.3283234,217.7799072,2.63,2.89,0
2018-08-15,250.0130437,250.1547074,248.0475035,249.4818115,102925400,14.64000034,96.69999695,2.851999998,70.76000214,65.01000214,170.33284,150.4174347,216.5328522,2.61,2.86,0
2018-08-16,250.916166,252.3681991,250.8807433,251.5005188,69967900,13.44999981,96.65000153,2.871000051,71.43000031,65.45999908,170.8935242,151.812149,220.1279907,2.63,2.87,0
2018-08-17,251.2968395,252.8285533,250.8895732,252.3858643,65618500,12.64000034,96.09999847,2.872999907,71.83000183,65.91000366,170.9315643,152.4641571,221.0829773,2.61,2.87,0
2018-08-20,252.8373906,253.1915364,252.3858392,252.9259338,39807500,12.48999977,95.90000153,2.822999954,72.20999908,66.43000031,170.77948,152.8898468,221.875885,2.6,2.82,0
2018-08-21,253.43953,254.3780288,252.9614182,253.5192108,67272000,12.85999966,95.26000214,2.844000101,72.62999725,67.34999847,171.4067383,154.646759,222.4274597,2.61,2.85,0
2018-08-22,253.1119004,253.8910374,252.8462707,253.3686676,44993300,12.25,95.15000153,2.822999954,74.77999878,67.86000061,172.0719757,155.0271301,221.6604004,2.6,2.82,0
2018-08-23,253.1915576,254.0503754,252.7134459,253.032196,49204900,12.40999985,95.62000275,2.821000099,74.73000336,67.83000183,171.8248901,154.5562439,221.0656738,2.61,2.82,0
2018-08-24,253.6077687,254.6967938,253.5546482,254.55513,57487400,11.98999977,95.15000153,2.825999975,75.81999969,68.72000122,173.4214478,155.398468,222.2379303,2.63,2.82,0
2018-08-27,255.7502902,256.6710909,255.5909286,256.5648499,57072400,12.15999985,94.77999878,2.84800005,76.20999908,68.87000275,175.1891327,155.6248932,224.5908508,2.67,2.85,0
2018-08-28,257.0252027,257.1314707,256.2283679,256.6887817,46943500,12.5,94.72000122,2.884000063,75.94999695,68.52999878,175.4457397,155.7697601,224.6425629,2.67,2.88,0
2018-08-29,256.901241,258.3001262,256.6621987,258.0699463,61485500,12.25,94.59999847,2.884000063,77.13999939,69.51000214,177.470047,156.22258,225.2372284,2.67,2.89,0
2018-08-30,257.5919541,257.9637979,256.4321108,257.0252991,61229500,13.52999973,94.72000122,2.859999895,77.76999664,70.25,177.1563873,156.0958252,224.0995483,2.64,2.86,0
2018-08-31,256.6179594,257.4767771,256.1310123,257.0340881,66140800,12.85999966,95.13999939,2.852999926,77.41999817,69.80000305,177.3844604,156.6934814,223.961731,2.62,2.86,0
2018-09-04,256.6179909,256.9455765,255.5909491,256.5914307,57594400,13.15999985,95.41999817,2.90199995,78.16999817,69.87000275,176.6241913,155.9962158,223.8582611,2.66,2.9,0
2018-09-05,256.2372047,256.4408514,254.8914401,255.9007568,72452400,13.90999985,95.12999725,2.90199995,77.26999664,68.72000122,174.3433533,155.5795746,224.0219879,2.66,2.9,0
2018-09-06,256.0070546,256.3080798,254.1034972,255.1305389,65909900,14.64999962,95.01999664,2.878999949,76.5,67.76999664,172.7847595,154.529068,224.3408813,2.64,2.88,0
2018-09-07,254.0857594,255.6086104,253.84669,254.6346893,73524800,14.88000011,95.37000275,2.941999912,76.83000183,67.75,172.1195221,154.4475708,223.6943665,2.71,2.94,0
2018-09-10,255.6440663,255.9096959,254.8826541,255.0774384,50210900,14.15999985,95.15000153,2.937000036,77.37000275,67.54000092,172.6992645,154.6377563,223.1772308,2.73,2.94,0
2018-09-11,254.4310894,256.3612071,254.085806,255.9185181,50530500,13.22000027,95.05999756,2.976999998,79.05999756,69.25,174.0297394,154.8912811,224.116806,2.76,2.98,0
2018-09-12,255.927333,256.582504,255.1924812,255.9804535,59810800,13.14000034,94.80000305,2.963000059,79.73999786,70.37000275,173.51651,154.5199738,224.3064728,2.74,2.97,0
2018-09-13,257.0430433,257.6805168,256.7597157,257.4945679,51034200,12.36999989,94.54000092,2.963000059,78.18000031,68.58999634,175.3697052,154.5562439,225.6250763,2.76,2.97,0
2018-09-14,257.6981494,257.8840713,256.7596508,257.5387878,55079900,12.06999969,94.98000336,2.993999958,78.08999634,68.98999786,174.8565369,155.2082825,225.7199097,2.78,2.99,0
2018-09-17,257.4856623,257.5210579,255.9008279,256.175293,68244000,13.68000031,94.51000214,3.000999928,78.05000305,68.91000366,172.338089,153.5600739,224.9356537,2.78,2.99,0
2018-09-18,256.3877702,258.1585263,256.3612099,257.5653381,61930400,12.78999996,94.62000275,3.048000097,79.02999878,69.84999847,173.7636566,154.2030334,226.5989227,2.81,3.05,0
2018-09-19,257.6185602,258.2560337,257.4945942,257.8399048,49080600,11.75,94.55000305,3.082999945,79.40000153,71.12000275,173.6306152,153.6415253,227.9004669,2.81,3.08,0
2018-09-20,259.0970906,260.2480715,257.8575395,259.9293213,100360600,11.80000019,93.91000366,3.078000069,78.69999695,70.80000305,175.5503082,155.0634003,230.1586914,2.81,3.07,0
2018-09-21,260.6701636,260.7857881,259.5317505,259.6918335,105479700,11.68000031,94.22000122,3.068000078,78.80000305,70.77999878,174.5904388,154.3207703,230.6992188,2.81,3.07,0
2018-09-24,259.1137727,259.2560777,258.251067,258.8291626,53409600,12.19999981,94.26000214,3.078000069,81.19999695,72.08000183,175.076004,153.7502136,229.2310944,2.83,3.08,0
2018-09-25,259.2827705,259.3894925,258.3489258,258.5890503,44370000,12.42000008,94.12999725,3.101999998,81.87000275,72.27999878,175.3139954,153.9856567,228.6351776,2.83,3.1,0
2018-09-26,258.7313132,259.9141847,257.397234,257.8152466,79739700,12.89000034,94.19000244,3.061000109,81.33999634,71.56999969,175.4377747,152.578186,227.8147125,2.83,3.06,0
2018-09-27,258.2865565,259.6206354,258.0108491,258.5355835,59249500,12.40999985,95,3.055999994,81.72000122,72.12000275,176.9230042,152.5872498,228.2205505,2.83,3.06,0
2018-09-28,257.9130857,259.0604015,257.8775298,258.5623474,70091400,12.11999989,95.19000244,3.055999994,82.72000122,73.25,176.8849182,153.0503998,228.3501282,2.81,3.05,0
2018-10-01,259.7984846,260.5277875,258.7935014,259.4605408,62078900,12,95.30000305,3.079999924,84.98000336,75.30000305,177.2467041,151.0345459,230.3622742,2.82,3.09,0
2018-10-02,259.3093567,260.0208546,258.9358298,259.3093567,47258200,12.05000019,95.51000214,3.055999994,84.80000305,75.23000336,176.8468323,149.4000397,231.0878448,2.82,3.05,0
2018-10-03,260.3589159,260.7769285,259.0960026,259.4517517,64694600,11.60999966,95.76000214,3.161000013,86.29000092,76.41000366,177.0372925,150.7076263,231.4160614,2.85,3.15,0
2018-10-04,258.9714428,259.0248038,255.8408135,257.4239197,111545900,14.22000027,95.75,3.197000027,84.58000183,74.33000183,173.638382,148.5919189,229.947876,2.87,3.19,0
2018-10-05,257.6462869,258.1621189,254.5601157,255.983139,105951700,14.81999969,95.62000275,3.224999905,84.16000366,74.33999634,171.5152588,147.2480164,228.2810516,2.88,3.23,0
2018-10-08,255.2982943,256.3388881,253.9197566,255.983139,87742200,15.68999958,95.76999664,3.23300004,83.91000366,74.29000092,170.4679718,146.9392395,228.7214966,2.88,3.23,0
2018-10-09,255.6007285,256.9081002,255.0492862,255.6096039,74339000,15.94999981,95.68000031,3.207999945,85,74.95999908,171.0201874,146.367218,228.2033539,2.88,3.21,0
2018-10-10,255.1026377,255.1738038,247.1426473,247.5161743,214731000,22.95999908,95.51000214,3.224999905,83.08999634,73.16999817,163.4988251,142.1629944,221.1472931,2.88,3.22,0
2018-10-11,246.4310705,248.0497596,240.4543953,242.064209,274840500,24.97999954,95.01999664,3.132999897,80.26000214,70.97000122,161.470932,139.4479065,216.1466675,2.85,3.14,0
2018-10-12,246.1554389,246.440049,242.2421445,245.4261627,183186500,21.30999947,95.22000122,3.141000032,80.43000031,71.33999634,165.9647064,139.4751892,218.7635651,2.85,3.15,0
2018-10-15,245.0703044,246.395508,243.9585718,244.0475159,102263700,21.29999924,95.06999969,3.163000107,80.77999878,71.77999878,163.9558411,139.992691,217.934433,2.85,3.16,0
2018-10-16,246.0042089,249.7574195,245.5328354,249.3838654,118255800,17.62000084,95.05000305,3.155999899,81.41000366,71.91999817,168.7257233,144.051651,222.7536774,2.87,3.16,0
2018-10-17,249.4193964,250.0508528,246.8579605,249.428299,110626000,17.39999962,95.58000183,3.178999901,80.05000305,69.75,168.7923584,143.4342499,221.933136,2.89,3.19,0
2018-10-18,248.4944366,249.0903372,244.5544633,245.8262787,134557500,20.05999947,95.90000153,3.174999952,79.29000092,68.65000153,164.8793182,140.7464142,219.0917816,2.87,3.17,0
2018-10-19,246.4755351,248.4054874,244.9991511,245.6928711,139901600,19.88999939,95.70999908,3.197999954,79.77999878,69.12000275,164.7269897,139.2572021,219.7787933,2.92,3.2,0
2018-10-22,246.359973,246.680139,244.056466,244.5901031,82415800,19.63999939,96.01000214,3.196000099,79.83000183,69.16999817,165.5743713,138.95755,218.6725464,2.92,3.2,0
2018-10-23,240.9791968,244.4655755,238.8980093,243.3449402,146352700,20.70999908,95.95999908,3.165999889,76.44000244,66.43000031,164.9650269,137.713562,217.4887085,2.89,3.17,0
2018-10-24,243.0959037,243.4783603,235.420524,235.9719391,177806700,25.22999954,96.43000031,3.124000072,76.16999817,66.81999969,157.4151611,132.5286102,212.2777252,2.84,3.1,0
2018-10-25,237.8040571,241.744031,236.7812686,240.2053833,138061500,24.21999931,96.68000031,3.135999918,76.88999939,67.33000183,162.8609467,135.3980408,215.8467865,2.86,3.14,0
2018-10-26,236.5055661,241.0236356,233.2770902,235.9808044,201574600,24.15999985,96.36000061,3.076999903,77.62000275,67.58999634,158.671814,133.9179688,213.0467834,2.81,3.08,0
2018-10-29,239.0669082,240.3565285,231.106921,234.6733398,160749100,24.70000076,96.58000183,3.086999893,77.33999634,67.04000092,155.4062653,133.1824341,211.2665558,2.81,3.08,0
2018-10-30,234.504388,238.4621389,234.0152095,238.1508484,157116000,23.35000038,97.01000214,3.109999895,75.91000366,66.18000031,157.9672546,135.960968,214.9220276,2.84,3.12,0
2018-10-31,240.7124496,243.0070819,240.2410758,240.6946716,128296300,21.22999954,97.12999725,3.15899992,75.47000122,65.30999756,161.6803741,136.2334137,217.0739136,2.87,3.15,0
2018-11-01,241.5573266,243.4517238,240.4722743,243.2560577,99495000,19.34000015,96.27999878,3.144000053,75.5,63.68999863,163.8129578,139.3752747,219.2689819,2.84,3.14,0
2018-11-02,244.3588629,244.785778,239.7696267,241.8152313,122634100,19.51000023,96.54000092,3.213999987,72.83000183,63.13999939,161.2614594,139.8383636,218.1714172,2.91,3.22,0
2018-11-05,242.3043795,243.7007224,241.3349518,243.1493073,65622500,19.95999908,96.34999847,3.200999975,73.16999817,63.09999847,160.8616028,139.7294159,219.9170685,2.91,3.2,0
2018-11-06,243.0869368,244.8479034,243.0246733,244.6878204,60085900,19.90999985,96.31999969,3.213999987,72.12999725,62.20999908,162.0802765,140.4195099,221.4293365,2.93,3.22,0
2018-11-07,246.8579535,250.0063873,246.4310385,249.9263458,102752100,16.36000061,96,3.213000059,72.06999969,61.66999817,167.1643066,142.9347687,226.2256012,2.96,3.22,0
2018-11-08,249.1259047,250.1131373,248.3343653,249.4727783,65584900,16.71999931,96.63999939,3.233999968,70.65000153,60.66999817,166.0979309,142.5534058,226.502121,2.98,3.24,0
2018-11-09,248.1653992,248.3521627,245.6306435,247.0358887,98812600,17.36000061,96.91000366,3.188999891,70.18000031,60.18999863,163.2989044,139.911026,224.7651672,2.94,3.19,0
2018-11-12,246.5289114,246.7690359,241.9040933,242.4199524,99673600,20.45000076,97.54000092,3.186000109,70.12000275,59.93000031,158.357666,137.1414642,219.6923218,2.94,3.19,0
2018-11-13,242.8824056,244.8746214,241.2459387,241.9663391,98176600,20.02000046,97.30000305,3.144999981,65.47000122,55.68999863,158.4909363,136.705658,218.6899261,2.89,3.14,0
2018-11-14,243.8341571,244.2343646,238.7557688,240.3121948,125335900,21.25,96.80000305,3.119999886,66.12000275,56.25,157.2818451,135.7068176,216.8319855,2.86,3.12,0
2018-11-15,239.049232,243.2827192,237.4750281,242.8202209,135101400,19.97999954,96.93000031,3.118000031,66.62000275,56.45999908,160.0332489,137.6409454,218.8281097,2.86,3.11,0
2018-11-16,241.7261581,244.3587323,241.2102992,243.4515686,126668000,18.13999939,96.47000122,3.073999882,66.76000214,56.45999908,159.4715729,137.9678497,220.067749,2.81,3.08,0
2018-11-19,242.8468755,243.1403881,238.4177499,239.3338165,103061700,20.10000038,96.19000244,3.056999922,66.79000092,56.75999832,154.2923279,135.1709747,216.4382019,2.79,3.06,0
2018-11-20,236.0074626,237.4660687,234.041927,234.9046326,136021300,22.47999954,96.80999756,3.048000097,62.52999878,53.43000031,151.5313568,132.5649414,211.7951813,2.79,3.06,0
2018-11-21,236.4521744,237.5994901,235.696218,235.7050934,75563700,20.79999924,96.70999908,3.061000109,63.47999954,54.63000107,152.6832886,134.4173584,211.9251099,2.81,3.06,0
2018-11-23,234.0686416,235.5272479,233.9708222,234.1309052,42807900,21.52000046,96.91999817,3.053999901,58.79999924,50.41999817,151.5789337,134.2902374,210.3312836,2.81,3.05,1
2018-11-26,236.3809912,238.1330826,235.9896592,237.9107361,79981400,18.89999962,97.06999969,3.072000027,60.47999954,51.63000107,155.0825043,136.0336609,213.432373,2.84,3.07,0
2018-11-27,236.8790791,238.7112122,236.274303,238.7112122,75502400,19.02000046,97.37000275,3.055000067,60.20999908,51.56000137,155.6061096,134.9077301,214.3939056,2.83,3.06,0
2018-11-28,239.7784859,244.2076111,238.6489482,244.2076111,127629600,18.48999977,96.79000092,3.04399991,58.75999832,50.29000092,160.6140747,138.2402191,219.885788,2.81,3.06,0
2018-11-29,243.4338139,245.0702807,242.295401,243.6739655,82346400,18.79000092,96.77999878,3.035000086,59.50999832,51.45000076,160.0904083,137.8679657,219.66922,2.81,3.03,0
2018-11-30,243.5228344,245.7196194,243.2026684,245.1593018,98204200,18.06999969,97.26999664,3.013000011,58.70999908,50.93000031,161.2519226,138.5852661,221.332489,2.8,3.01,0
2018-12-03,249.2771716,249.3838936,246.8135815,248.4055634,103176300,16.44000053,97.04000092,2.992000103,61.68999863,52.95000076,164.0700531,139.911026,224.1218262,2.83,2.98,0
2018-12-04,247.578456,248.0053712,240.045353,240.3566437,177986000,20.73999977,96.97000122,2.924000025,62.08000183,53.25,157.7769012,133.9542847,217.1918488,2.8,2.91,0
2018-12-06,236.50555,240.1075526,233.4104768,239.9919281,204185400,21.19000053,96.80999756,2.875999928,60.06000137,51.49000168,158.8908081,133.6637268,216.3170013,2.75,2.87,0
2018-12-07,239.6539668,241.2192949,233.5794717,234.4154968,161018900,23.22999954,96.51000214,2.849999905,61.66999817,52.61000061,153.6449127,130.776123,211.6306152,2.72,2.85,0
2018-12-10,234.2375874,235.8295959,230.0130039,234.8601685,151445900,22.63999939,97.22000122,2.855999947,59.97000122,51,155.2539062,130.3947601,211.9771423,2.72,2.85,0
2018-12-11,238.0530909,238.2398543,233.4460773,234.913559,121504400,21.76000023,97.38999939,2.878999949,60.20000076,51.65000153,155.7680511,130.2585449,211.5613251,2.78,2.89,0
2018-12-12,237.884095,239.2448546,236.0163788,236.0964203,97976700,21.45999908,97.04000092,2.905999899,60.15000153,51.15000153,157.1390076,131.5025482,212.9906006,2.77,2.91,0
2018-12-13,237.0391612,237.9018668,234.9046401,236.0163727,96662700,20.64999962,97.05999756,2.911000013,61.45000076,52.58000183,157.1865997,129.641037,213.3284912,2.75,2.91,0
2018-12-14,233.872918,234.8245675,231.1069408,231.6583557,116961100,21.62999916,97.44000244,2.891000032,60.27999878,51.20000076,153.359314,127.6796646,209.1272125,2.73,2.89,0
2018-12-17,230.7067305,231.8184631,225.4860389,227.1136169,165492300,24.52000046,97.09999847,2.857000113,59.61000061,49.88000107,149.8842468,124.836174,204.8046265,2.7,2.86,0
2018-12-18,228.7501165,229.4171561,225.2637111,226.8646088,134515100,25.57999992,97.13999939,2.825000048,56.25999832,46.24000168,150.8267822,124.6813431,205.61026,2.65,2.82,0
2018-12-19,226.9445888,230.7066872,221.7683701,223.4670868,214992800,25.57999992,97.04000092,2.778000116,57.24000168,47.20000076,147.12323,122.0847473,202.1972504,2.63,2.77,0
2018-12-20,222.2220101,223.7873247,217.5883026,219.8295593,252053400,28.37999916,96.27999878,2.789000034,54.34999847,45.88000107,144.9906311,120.0712662,198.2732086,2.67,2.79,0
2018-12-21,220.7285861,223.3854887,214.6812189,215.3253174,255345600,30.11000061,96.95999908,2.792000055,53.81999969,45.59000015,140.4968414,116.9553757,194.6390991,2.63,2.79,0
2018-12-24,213.8403251,215.4505713,209.5731897,209.6358032,147311600,36.06999969,96.55000305,2.749000072,50.47000122,42.52999878,137.0127869,114.6867752,189.4363098,2.55,2.74,1
2018-12-26,211.0939646,220.2276154,209.1169376,220.2276154,218485400,30.40999985,97.05000305,2.796999931,54.47000122,46.22000122,145.5677643,120.1988297,198.6518555,2.61,2.81,0
2018-12-27,216.9981927,222.1151757,213.7687596,221.9183807,186267300,29.95999908,96.48000336,2.743000031,52.15999985,44.61000061,146.1310577,120.6999283,200.8667297,2.56,2.77,0
2018-12-28,223.2692391,224.8973673,220.4691998,221.6321564,153100200,28.34000015,96.38999939,2.736000061,52.20000076,45.33000183,146.054657,121.0461273,200.18927,2.52,2.72,0
2018-12-31,223.2513302,223.8149199,221.3816618,223.5733795,144299400,25.42000008,96.16999817,2.686000109,53.79999924,45.40999985,147.286377,121.9936218,202.5518341,2.48,2.69,0
2019-01-02,220.0487218,224.7273837,220.0218855,223.805954,126925200,23.21999931,96.81999969,2.661000013,54.90999985,46.54000092,147.8783722,122.6860733,202.6907654,2.5,2.66,0
2019-01-03,222.0615329,222.3657004,217.9822513,218.465332,144140700,25.45000076,96.30999756,2.553999901,55.95000076,47.09000015,143.0471039,120.4903641,196.9235229,2.39,2.56,0
2019-01-04,221.4890038,226.427088,221.113282,225.7829895,142628800,21.37999916,96.19000244,2.65899992,57.06000137,47.95999908,149.1673431,124.9911346,203.4899139,2.5,2.67,0
2019-01-07,226.0513296,228.9676543,225.15675,227.5631714,103139100,21.39999962,95.70999908,2.681999922,57.33000183,48.52000046,150.9432373,127.177681,204.4279633,2.53,2.7,0
2019-01-08,229.7459478,230.184283,227.2232266,229.7012024,102512600,20.46999931,95.90000153,2.71600008,58.72000122,49.77999878,152.3085632,129.1274109,206.651535,2.58,2.73,0
2019-01-09,230.4079383,231.6156263,229.1823685,230.7747192,95006600,19.97999954,95.22000122,2.727999926,61.43999863,52.36000061,153.5498047,130.1933594,207.52005,2.56,2.74,0
2019-01-10,229.2450418,231.8393179,228.5651524,231.5888367,96823900,19.5,95.54000092,2.730999947,61.68000031,52.59000015,153.9890137,130.8675537,208.4581146,2.56,2.74,0
2019-01-11,230.5153136,231.70512,229.9338422,231.6782837,73858100,18.19000053,95.66999817,2.700999975,60.47999954,51.59000015,153.4257202,130.9040222,208.3539429,2.55,2.71,0
2019-01-14,229.7817356,231.0699326,229.3791911,230.2648163,70908200,19.06999969,95.58999634,2.710000038,58.99000168,50.50999832,152.0699005,129.60112,207.5373993,2.53,2.71,0
2019-01-15,230.6405384,233.2169322,230.6315838,232.9038239,85208300,18.60000038,95.97000122,2.710999966,60.63999939,52.11000061,155.0393219,130.6944885,209.0140839,2.53,2.72,0
2019-01-16,233.3331984,234.3530323,233.1274626,233.4674072,77636700,19.04000092,96.05999756,2.730999947,61.31999969,52.31000137,155.0106354,131.6693115,210.0737305,2.55,2.73,0
2019-01-17,232.5996992,236.0975095,232.5549539,235.2386932,96118400,18.05999947,96.06999969,2.749000072,61.18000031,52.06999969,156.2327576,132.8628235,211.7587738,2.56,2.75,0
2019-01-18,237.0457599,238.8349194,235.2744821,238.3697205,127900300,17.79999924,96.33999634,2.78399992,62.70000076,53.79999924,157.7795105,134.2294464,214.7348633,2.62,2.79,0
2019-01-22,236.9026424,237.1173328,233.5390134,235.1492462,115531200,20.79999924,96.30000305,2.730000019,61.5,52.56999969,154.6191559,132.1066437,212.0837708,2.58,2.74,0
2019-01-23,236.1780345,236.8758057,233.1811865,235.6412811,86030300,19.52000046,96.12000275,2.755000114,61.13999939,52.61999893,154.8196564,131.742218,213.5787964,2.58,2.76,0
2019-01-24,235.4623866,236.3480393,234.4515069,235.7665405,59204100,18.88999939,96.59999847,2.711999893,61.09000015,53.13000107,155.8222198,132.5348511,213.3615265,2.56,2.72,0
2019-01-25,237.609323,238.584439,235.8649088,237.7614136,96883400,17.42000008,95.79000092,2.753000021,61.63999939,53.68999863,157.6840363,134.2386169,215.0304108,2.6,2.76,0
2019-01-28,235.6233404,236.0169303,234.1920075,235.9543304,85613700,18.87000084,95.75,2.743999958,59.93000031,51.99000168,155.7362976,133.5188141,213.039856,2.6,2.75,0
2019-01-29,236.0975256,236.661088,234.8093284,235.6412811,66136300,19.12999916,95.81999969,2.711999893,61.31999969,53.31000137,154.2659302,133.1999207,213.5701904,2.56,2.72,0
2019-01-30,237.1531329,240.2125809,236.3927346,239.3716736,92473700,17.65999985,95.33999634,2.694999933,61.65000153,54.22999954,158.1901245,134.6576843,217.4554901,2.52,2.7,0
2019-01-31,239.3090397,241.9569882,239.094322,241.4739075,104012100,16.56999969,95.58000183,2.63499999,61.88999939,53.79000092,160.5579987,135.8056335,217.4032135,2.45,2.63,0
2019-02-01,241.6707647,242.61009,240.803021,241.5902557,85782500,16.13999939,95.58000183,2.690999985,61.86999893,55.25999832,159.8801117,135.9149628,217.7161865,2.52,2.7,0
2019-02-04,241.6348783,243.3524831,240.9639436,243.289856,60744800,15.72999954,95.84999847,2.723999977,62.50999832,54.56000137,161.8660583,137.5366821,219.3155212,2.53,2.73,0
2019-02-05,243.7193275,244.6139073,243.2183649,244.3097534,79552800,15.56999969,96.09999847,2.701999903,61.97999954,53.65999985,163.298233,137.6824341,220.7409973,2.53,2.71,0
2019-02-06,244.0324315,244.5244395,243.2541515,243.9876862,58347800,15.38000011,96.41999817,2.701999903,62.68999863,54.00999832,162.8113403,137.5093536,220.6628113,2.52,2.7,0
2019-02-07,242.3774571,242.9231377,240.0068261,241.6618042,95482000,16.37000084,96.51000214,2.65199995,61.63000107,52.63999939,160.6248474,136.3795929,218.9504242,2.48,2.65,0
2019-02-08,240.4183679,242.0554372,239.5953423,241.9570465,75788900,15.72000027,96.63999939,2.631999969,62.09999847,52.72000122,160.9398956,136.5253754,218.4463043,2.45,2.63,0
2019-02-11,242.6100428,242.8694513,241.5633725,242.0911713,68021400,15.97000027,97.05999756,2.661000013,61.50999832,52.40999985,160.7870941,137.6642303,218.1161194,2.48,2.65,0
2019-02-12,243.7013974,245.5799928,243.6298158,245.2042847,72270200,15.43000031,96.70999908,2.684000015,62.41999817,53.09999847,163.1645203,139.3861694,221.236496,2.5,2.68,0
2019-02-13,246.0362486,246.8413648,245.6157951,246.0004578,65277200,15.64999962,97.12999725,2.707999945,63.61000061,53.90000153,163.279129,139.7778931,222.3403625,2.53,2.71,0
2019-02-14,244.9180045,246.5819367,244.1039337,245.4547577,83234400,16.21999931,96.98000336,2.657000065,64.56999969,54.40999985,163.4796295,140.096817,221.7840576,2.5,2.66,0
2019-02-15,247.2260738,248.165399,247.0203379,248.1296082,97088700,14.90999985,96.91999817,2.665999889,66.25,55.59000015,164.1671295,142.3289337,225.4342194,2.52,2.66,0
2019-02-19,247.3334206,249.2120162,247.324466,248.5589905,59120800,14.88000011,96.51999664,2.647000074,66.44999695,56.09000015,164.4917297,142.7206879,225.573761,2.5,2.65,0
2019-02-20,248.5232137,249.5162115,248.0222512,249.059967,76610800,14.02000046,96.44999695,2.654000044,67.08000183,56.91999817,164.4631195,143.3949432,226.1750031,2.5,2.65,0
2019-02-21,248.4247976,248.7826241,247.2171096,248.1743164,64214700,14.46000004,96.61000061,2.687999964,67.06999969,56.95999908,163.8615265,142.8482666,225.3296051,2.53,2.69,0
2019-02-22,248.7915997,249.9098246,248.1564556,249.7130432,78114600,13.51000023,96.51000214,2.654999971,67.12000275,57.25999832,165.0741272,144.0873718,226.7590027,2.48,2.65,0
2019-02-25,251.1353786,251.6542228,249.9724086,250.0529175,69030700,14.85000038,96.41000366,2.673000097,64.76000214,55.47999954,165.6756897,144.1237793,227.3864899,2.51,2.67,0
2019-02-26,249.7040206,250.7506635,249.4982575,249.8739929,56844100,15.17000008,96,2.635999918,65.20999908,55.5,165.8475647,143.1307068,227.081543,2.48,2.64,0
2019-02-27,249.1583124,250.1155192,248.2279693,249.7666473,56921600,14.69999981,96.15000153,2.693000078,66.38999939,56.93999863,165.7425537,143.3311768,226.4974976,2.5,2.69,0
2019-02-28,249.5519797,249.9903423,248.9794628,249.3014984,69268300,14.77999973,96.16000366,2.710999966,66.02999878,57.22000122,165.3605957,142.8391418,225.9832458,2.52,2.73,0
2019-03-01,250.875975,251.2695923,249.42676,250.8580933,78880500,13.56999969,96.52999878,2.755000114,65.06999969,55.79999924,166.5063782,144.1693268,226.9768677,2.55,2.76,0
2019-03-04,251.9135813,252.155108,247.6553744,249.9454956,106494600,14.63000011,96.68000031,2.721999884,65.66999817,56.59000015,166.5349731,142.8665009,225.1117554,2.55,2.72,0
2019-03-05,250.0708203,250.2676289,249.0599408,249.6056213,59114600,14.73999977,96.84999847,2.721999884,65.86000061,56.56000137,166.6591339,142.2013855,225.0332794,2.55,2.72,0
2019-03-06,249.7219222,249.7308767,247.7717449,248.0937805,75039800,15.73999977,96.87000275,2.691999912,65.98999786,56.22000122,165.7138519,139.4135437,223.882782,2.52,2.69,0
2019-03-07,247.6465166,247.7896526,245.1774949,246.0184021,94885100,16.59000015,97.66999817,2.635999918,66.30000305,56.65999985,163.6801758,138.1926422,222.0873566,2.47,2.64,0
2019-03-08,244.1665095,245.6962327,243.701338,245.5262604,85795800,16.04999924,97.37000275,2.625,65.73999786,56.06999969,163.4319153,138.15625,222.0002441,2.45,2.62,0
2019-03-11,246.2420198,249.2477945,246.2151835,249.0867767,65098900,14.32999992,97.22000122,2.642999887,66.58000183,56.79000092,166.8309479,140.5705872,223.7869415,2.47,2.64,0
2019-03-12,249.6414602,250.5449947,249.4536061,250.026123,79667500,13.77000046,96.94000244,2.605000019,66.66999817,56.86999893,167.7476196,140.6434937,223.0025024,2.45,2.61,0
2019-03-13,250.9117201,252.611416,250.750675,251.6810455,80639200,13.40999985,96.55000305,2.611000061,67.55000305,58.25999832,169.0079041,141.1992188,224.3011932,2.45,2.61,0
2019-03-14,251.7078431,252.1282966,251.0816538,251.519989,67518400,13.5,96.79000092,2.630000114,67.23000336,58.61000061,168.7214813,140.6252136,224.4667206,2.46,2.63,0
2019-03-15,252.0708143,253.5713273,251.8821053,252.7626648,81309000,12.88000011,96.59999847,2.592999935,67.16000366,58.52000046,170.2873383,140.9987793,225.6416016,2.43,2.59,0
2019-03-18,252.9782328,253.975604,252.7536029,253.6790771,62199800,13.10000038,96.51999664,2.601999998,67.54000092,59.09000015,170.6929016,141.9007721,226.2092896,2.45,2.6,0
2019-03-19,254.739391,255.503111,252.8524937,253.7420197,90268100,13.56000042,96.37999725,2.614000082,67.61000061,59.02999878,171.2667847,141.1809845,226.1132355,2.46,2.61,0
2019-03-20,253.5263829,254.7303963,251.8731095,252.9782715,84609200,13.90999985,95.76000214,2.535000086,68.5,59.83000183,171.9459534,140.004425,224.7244873,2.4,2.54,0
2019-03-21,252.1607186,256.2399805,252.1157761,255.8356628,79550400,13.63000011,96.5,2.536999941,67.86000061,59.97999954,174.6337891,141.8405457,226.7244873,2.41,2.54,0
2019-03-22,254.4789156,255.0000453,250.8488859,250.9117889,122659300,16.47999954,96.65000153,2.454999924,67.02999878,59.04000092,170.7980957,136.679184,222.6893768,2.31,2.44,0
2019-03-25,250.5702315,251.7562843,249.4650696,250.7229919,85575200,16.32999992,96.56999969,2.420000076,67.20999908,58.81999969,170.4729004,137.2821808,222.7854614,2.26,2.43,0
2019-03-26,252.4751985,253.5444398,251.1903211,252.5920105,68125900,14.68000031,96.73999786,2.414000034,67.97000122,59.93999863,171.2667847,138.7254944,223.9994659,2.24,2.41,0
2019-03-27,252.5829497,253.1670097,249.7256626,251.2711182,72224700,15.14999962,96.76999664,2.374000072,67.83000183,59.40999985,170.1667938,138.1865387,223.6938019,2.22,2.39,0
2019-03-28,251.9001025,252.6728165,250.7499979,252.2235565,56238500,14.43000031,97.19999695,2.388999939,67.81999969,59.29999924,170.5589905,139.4197693,224.5410767,2.23,2.39,0
2019-03-29,253.7331013,254.1374189,252.6099512,253.8139648,82186800,13.71000004,97.27999878,2.414000034,68.38999939,60.13999939,171.8503265,139.8491058,226.3315125,2.27,2.41,0
2019-04-01,255.8086396,257.120471,255.5390672,256.8239441,77617900,13.39999962,97.25,2.496999979,69.01000214,61.59000015,174.1268616,141.374649,229.1788788,2.33,2.49,0
2019-04-02,257.0127016,257.1834226,256.1590965,256.9497986,40070400,13.35999966,97.36000061,2.480999947,69.37000275,62.58000183,174.7868652,141.0092621,228.5674286,2.3,2.48,0
2019-04-03,258.1628804,258.5582315,256.7521968,257.3542175,68243200,13.73999977,97.08999634,2.51699996,69.30999756,62.45999908,175.7911835,141.7400818,228.8382568,2.33,2.52,0
2019-04-04,257.6776457,258.2886329,256.985795,258.0370483,48997500,13.57999992,97.30999756,2.512000084,69.40000153,62.09999847,175.7242584,142.4343719,230.3931122,2.33,2.51,0
2019-04-05,258.7019171,259.3398587,258.4143841,259.2859497,58621700,12.81999969,97.40000153,2.500999928,70.33999634,63.08000183,176.6329651,143.7680817,230.7249451,2.35,2.5,0
2019-04-08,258.8636006,259.5913995,258.2076712,259.4835815,53566300,13.18000031,97.05000305,2.519000053,71.09999847,64.40000153,177.0825195,143.5305328,229.9038849,2.36,2.52,0
2019-04-09,258.5222051,258.8456592,257.6057245,258.1538086,66142300,14.27999973,97.01000214,2.499000072,70.61000061,63.97999954,176.4607849,141.7766418,228.4102936,2.35,2.51,0
2019-04-10,258.5670539,259.1241592,258.1537424,259.0343018,52601500,13.30000019,96.94999695,2.476999998,71.73000336,64.61000061,177.4076996,143.7041168,228.4888763,2.31,2.48,0
2019-04-11,259.5195414,259.5285354,258.3963913,258.9624634,55093100,13.02000046,97.18000031,2.503999949,70.83000183,63.58000183,176.9868622,143.5214386,228.3142395,2.35,2.51,0
2019-04-12,260.5708026,260.9931081,259.0073866,260.7145691,69727800,12.01000023,96.97000122,2.559999943,71.55000305,63.88999939,177.7520752,144.042099,230.6462402,2.4,2.56,0
2019-04-15,260.7864748,260.8853263,259.7441882,260.5438843,49596700,12.31999969,96.94000244,2.552999973,71.18000031,63.40000153,177.7808075,143.5762024,230.4191589,2.4,2.55,0
2019-04-16,261.4244076,261.4783166,260.1215426,260.7145691,52153200,12.18000031,97.04000092,2.592000008,71.72000122,64.05000305,178.3929749,143.9142303,231.0480804,2.41,2.6,0
2019-04-17,261.8287579,261.8557124,259.6633212,260.0766602,58268300,12.60000038,97.01000214,2.592000008,71.62000275,63.75999832,179.0146942,142.5987701,231.0480804,2.4,2.59,0
2019-04-18,260.6606421,260.8583176,259.3667712,260.5887451,68708500,12.09000015,97.47000122,2.559999943,71.97000122,64,179.2443085,142.1785736,232.0862732,2.38,2.57,0
2019-04-22,259.825035,260.9661455,259.7351775,260.813385,40160100,12.42000008,97.27999878,2.589999914,74.04000092,65.69999695,179.7512512,141.8039856,231.6581116,2.38,2.59,0
2019-04-23,261.1817233,263.3921017,260.9481268,263.1584778,52246600,12.27999973,97.56999969,2.569999933,74.51000214,66.30000305,182.0373383,143.9416046,232.8903503,2.36,2.57,0
2019-04-24,263.077693,263.410141,262.4307574,262.5745239,50392900,13.14000034,98.09999847,2.522000074,74.56999969,65.88999939,181.4634247,144.3892822,232.4009552,2.32,2.53,0
2019-04-25,262.4756837,263.0687103,261.2267551,262.4127808,57770900,13.25,98.19999695,2.53399992,74.34999847,65.20999908,182.1999969,143.1925507,231.1861725,2.33,2.54,0
2019-04-26,262.4577977,263.7067267,261.685056,263.6348572,50916400,12.72999954,98.01000214,2.505000114,72.15000153,63.29999924,182.3625641,144.5810699,231.8940735,2.28,2.51,0
2019-04-29,263.7245807,264.5691916,263.6347232,264.0480347,57197700,13.10999966,97.86000061,2.536000013,72.04000092,63.5,182.7164764,145.2753601,231.9814148,2.3,2.54,0
2019-04-30,263.7066468,264.4703943,262.2959911,264.1828613,81111700,13.11999989,97.48000336,2.509000063,72.80000305,63.90999985,181.3007965,144.5993347,232.2873383,2.27,2.51,0
2019-05-01,264.8118095,265.0184789,262.1881191,262.197113,71671900,14.80000019,97.69000244,2.510999918,72.18000031,63.59999847,180.7173309,143.2291107,230.8540649,2.31,2.52,0
2019-05-02,262.0803636,262.9968718,260.1395567,261.6311035,65030200,14.42000008,97.83000183,2.552000046,70.75,61.81000137,179.9329834,143.8959045,229.7442017,2.35,2.55,0
2019-05-03,263.1045712,264.4703114,261.7388036,264.1917725,56543700,12.86999989,97.51999664,2.530999899,70.84999847,61.93999863,182.8025818,146.6455688,231.570694,2.33,2.54,0
2019-05-06,259.8969819,263.544972,259.5824944,263.1047058,107198100,15.43999958,97.51999664,2.5,71.23999786,62.25,181.6834412,146.8100586,230.9589233,2.31,2.51,0
2019-05-07,260.7055306,261.298557,256.8059577,258.7108154,144729900,19.31999969,97.62999725,2.447999954,69.87999725,61.40000153,178.1442566,143.9051056,226.8076324,2.28,2.45,0
2019-05-08,258.3514709,260.0586536,257.7584444,258.3514709,91568300,19.39999962,97.62000275,2.482000113,70.37000275,62.11999893,177.6947021,143.2016907,226.9299927,2.3,2.49,0
2019-05-09,256.2849164,258.1717869,254.5507517,257.5697937,103471100,19.10000038,97.37000275,2.457000017,70.38999939,61.70000076,176.7381897,142.6809845,225.8637848,2.26,2.45,0
2019-05-10,256.635338,259.6184317,253.6522443,258.863678,112429300,16.04000092,97.33000183,2.454999924,70.62000275,61.65999985,176.9581757,143.073761,227.1572723,2.26,2.47,0
2019-05-13,253.7599926,254.721388,251.5226595,252.3582764,127290500,20.54999924,97.31999969,2.404999971,70.23000336,61.04000092,170.8172302,138.5153656,221.5202332,2.18,2.4,0
2019-05-14,253.373693,256.168105,253.2479145,254.6406097,77003200,18.05999947,97.52999878,2.41899991,71.23999786,61.77999878,172.6920319,140.2601624,223.5652924,2.2,2.42,0
2019-05-15,253.0143054,256.7701133,252.8076358,256.1321716,73956400,16.44000053,97.56999969,2.378999949,71.76999664,62.02000046,175.1311646,140.7169189,224.5354004,2.16,2.37,0
2019-05-16,256.8330106,259.8610193,256.7611411,258.5042725,76749600,15.28999996,97.83999634,2.404999971,72.62000275,62.86999893,176.8912048,141.5938721,226.4930573,2.2,2.4,0
2019-05-17,256.2039992,259.3128707,256.1860113,256.8329468,100353000,15.96000004,98,2.392999887,72.20999908,62.75999832,175.0833588,139.6207123,225.5502625,2.2,2.39,0
2019-05-20,255.2336049,256.9407876,254.3889939,255.1347809,62877600,16.30999947,97.93000031,2.415999889,71.97000122,63.09999847,172.1277008,138.6524048,224.8757172,2.21,2.41,0
2019-05-21,256.8239222,257.8122995,256.5723377,257.4349365,46847100,14.94999981,98.05999756,2.426000118,72.18000031,62.99000168,173.9259796,140.515976,226.7155762,2.26,2.43,0
2019-05-22,256.4824991,257.5966549,256.1680117,256.6442261,49482500,14.75,98.11000061,2.392999887,70.98999786,61.41999817,173.1511688,139.3375397,225.690567,2.23,2.39,0
2019-05-23,254.424888,254.469803,252.0977248,253.5084076,98733800,16.92000008,97.84999847,2.296000004,67.76000214,57.90999985,170.5015717,136.4691467,223.2022858,2.12,2.31,0
2019-05-24,254.9461289,255.359468,253.463576,254.0835571,55268100,15.85000038,97.61000061,2.323999882,68.69000244,58.63000107,170.4154968,137.7480316,224.3937531,2.16,2.32,0
2019-05-28,254.3620184,255.3144474,251.7024069,251.7203674,70029400,17.5,97.95999908,2.267999887,70.11000061,59.13999939,169.7746277,136.6518555,222.0721588,2.12,2.26,0
2019-05-29,250.6062703,251.0105879,248.6295149,250.0312042,104972900,17.89999962,98.13999939,2.236000061,69.44999695,58.81000137,168.3781128,135.5099335,220.1445923,2.09,2.25,0
2019-05-30,250.7859809,251.6216256,249.6179155,250.7141113,62523800,17.29999924,98.13999939,2.226999998,66.87000275,56.59000015,169.0859528,135.1353607,220.6703186,2.06,2.22,0
2019-05-31,248.1713535,248.9979769,247.3087541,247.3357086,86862800,18.70999908,97.75,2.14199996,64.48999786,53.5,166.3885193,133.2444305,217.4724579,1.95,2.14,0
2019-06-03,247.371607,248.4857634,245.376891,246.7067108,96428000,18.86000061,97.13999939,2.08100009,61.27999878,53.25,162.7249756,133.7102814,217.7176971,1.82,2.07,0
2019-06-04,248.9979322,252.1966622,248.5486721,252.0618896,77231900,16.96999931,97.06999969,2.118999958,61.97000122,53.47999954,167.3067474,137.1725311,222.2297974,1.88,2.12,0
2019-06-05,253.6791977,254.2722243,251.8731907,254.2452698,71169700,16.09000015,97.37000275,2.122999907,60.63000107,51.68000031,168.5502319,137.1999207,224.0520782,1.83,2.12,0
2019-06-06,254.5417974,256.5724345,253.8948618,255.8985443,69430400,15.93000031,97.02999878,2.124000072,61.66999817,52.59000015,169.8894043,136.843689,225.795639,1.88,2.12,0
2019-06-07,256.913834,259.5375246,256.7431129,258.4592896,74272200,16.29999924,96.61000061,2.084000111,63.29000092,53.99000168,173.1703186,137.8119507,228.0122528,1.85,2.09,0
2019-06-10,260.0046661,261.3075308,259.5554062,259.6452637,60799100,15.93999958,96.76000214,2.142999887,62.29000092,53.25999832,175.1885834,138.6250153,228.6604614,1.9,2.15,0
2019-06-11,261.460393,261.8287896,258.9355534,259.582489,58641300,15.98999977,96.69000244,2.140000105,62.29000092,53.27000046,175.4276886,138.2138977,228.5641937,1.93,2.15,0
2019-06-12,259.3488366,259.9059146,258.6120435,259.1242065,47096300,15.90999985,97,2.127000093,59.97000122,51.13999939,174.4138489,138.3692322,228.1874542,1.88,2.13,0
2019-06-13,260.0316934,260.5528504,259.3308489,260.1934204,48945200,15.81999969,97.01000214,2.09100008,61.31000137,52.27999878,175.4468689,139.83078,229.1600037,1.83,2.1,0
2019-06-14,259.9058838,260.5078768,259.1421364,259.9058838,52324700,15.27999973,97.56999969,2.092999935,62.00999832,52.50999832,174.7007294,138.6067352,229.1161652,1.84,2.09,0
2019-06-17,260.1394722,260.7684471,259.8339787,260.0046997,39205700,15.35000038,97.55999756,2.085999966,60.93999863,51.93000031,175.7529907,139.5628815,229.2650909,1.86,2.09,0
2019-06-18,261.819717,263.7784837,261.4602871,262.7272034,85434800,15.14999962,97.63999939,2.059999943,62.13999939,53.90000153,178.3068848,141.1854858,232.4629059,1.86,2.06,0
2019-06-19,262.8619671,263.8503444,261.8915777,263.3202209,78674400,14.32999992,97.12000275,2.029000044,61.81999969,53.75999832,178.9764557,141.6896667,232.6644135,1.74,2.03,0
2019-06-20,265.9979361,266.2405267,263.383239,265.8361816,116570000,14.75,96.62999725,2.000999928,64.44999695,56.65000153,180.6408234,142.3588715,234.8722382,1.72,2.01,0
2019-06-21,265.5670872,266.8220902,265.2330222,265.449707,83309500,15.39999962,96.22000122,2.068000078,65.19999695,57.43000031,180.3730164,141.1304932,234.571106,1.77,2.07,0
2019-06-24,265.6574273,265.9734169,264.9712219,265.1247253,47582700,15.26000023,95.98000336,2.020999908,64.86000061,57.90000153,180.3787537,139.4161835,234.6325989,1.72,2.02,0
2019-06-25,265.1788831,265.2059687,262.4160411,262.5243835,82028700,16.28000069,96.16000366,1.993999958,65.05000305,57.83000183,177.2823029,138.5636749,232.9551697,1.71,2,0
2019-06-26,263.4182412,263.9238575,262.1542003,262.2625427,51584900,16.20999908,96.20999908,2.049000025,66.48999786,59.38000107,178.1067505,138.2427826,232.9200592,1.77,2.05,0
2019-06-27,263.0209535,263.6981212,262.6417551,263.1925049,40355200,15.81999969,96.19000244,2.005000114,66.55000305,59.43000031,178.7873993,140.8371429,232.8586121,1.74,2.01,0
2019-06-28,264.1675575,265.043362,263.6529311,264.5467834,59350900,15.07999992,96.12999725,2,66.55000305,58.47000122,179.0175018,142.5514069,233.4733734,1.75,2,0
2019-07-01,267.8694243,268.0861367,265.7476271,266.9484863,78705600,14.06000042,96.83999634,2.03399992,65.05999756,59.09000015,181.4332428,143.1014709,234.4570007,1.78,2.03,0
2019-07-02,266.9033308,267.6978785,266.0636496,267.6437073,61504500,12.93000031,96.73000336,1.975999951,62.40000153,56.25,182.1521912,142.2305145,235.062973,1.77,1.98,0
2019-07-03,268.3209524,269.8017058,268.1764866,269.7836304,40898900,12.56999969,96.76999664,1.952999949,63.81999969,57.34000015,183.5231018,143.2481384,236.7315063,1.77,1.96,1
2019-07-05,268.5556854,269.6391647,267.2645589,269.4766235,51677300,13.27999973,97.25,2.048000097,64.23000336,57.50999832,183.1492615,143.6331635,236.4768372,1.87,2.04,0
2019-07-08,268.1674925,269.2961056,267.4542014,267.9959412,45841800,13.96000004,97.37999725,2.03399992,64.11000061,57.65999985,181.8646545,142.2672424,235.4141541,1.88,2.05,0
2019-07-09,266.8401927,268.6278977,266.7860214,268.3299561,41101300,14.09000015,97.48999786,2.053999901,64.16000366,57.83000183,182.7753601,142.4597473,235.2384796,1.92,2.07,0
2019-07-10,269.3952842,270.56002,268.8625824,269.611969,58448500,13.02999973,97.09999847,2.061000109,67.01000214,60.43000031,184.5967712,142.7072906,235.9674377,1.82,2.07,0
2019-07-11,270.2531783,270.4879111,269.2419454,270.2441406,50826100,12.93000031,97.05000305,2.119999886,66.51999664,60.20000076,184.4625702,142.0105743,237.9259186,1.85,2.13,0
2019-07-12,270.7316174,271.5261651,270.424638,271.4539185,40326000,12.39000034,96.80999756,2.105999947,66.72000122,60.20999908,185.5266418,143.110611,240.0951385,1.84,2.12,0
2019-07-15,271.8872921,271.8872921,271.0385732,271.5441895,33900000,12.68000031,96.93000031,2.092000008,66.48000336,59.58000183,186.1210327,142.3588715,240.2794495,1.83,2.09,0
2019-07-16,271.454059,271.6617338,270.3615691,270.6685486,36650100,12.85999966,97.40000153,2.121999979,64.34999847,57.61999893,185.1624146,142.3130341,240.1214905,1.87,2.13,0
2019-07-17,270.6413256,270.8038392,268.8265076,268.8265076,36036300,13.97000027,97.22000122,2.061000109,63.65999985,56.77999878,184.251709,141.2955017,239.1203156,1.83,2.06,0
2019-07-18,268.3298826,270.1898338,267.8874753,269.8106079,51392600,13.52999973,96.79000092,2.038000107,61.93000031,55.29999924,184.4625702,141.8272247,239.1114502,1.77,2.04,0
2019-07-19,270.9031801,270.9302657,268.1403383,268.3118896,58678600,14.44999981,97.15000153,2.048000097,62.47000122,55.63000107,183.1108704,141.0112762,238.5867157,1.8,2.05,0
2019-07-22,268.7091319,269.5127174,268.1945055,268.9709778,43638100,13.52999973,97.26000214,2.042999983,63.25999832,56.22000122,184.5680084,140.8829498,238.7624207,1.8,2.05,0
2019-07-23,270.0905766,270.8941345,269.2599055,270.8941345,44564500,12.60999966,97.70999908,2.073999882,63.83000183,56.77000046,185.7759399,141.8180084,240.2567139,1.83,2.08,0
2019-07-24,270.1358242,272.1673279,270.0455296,272.1673279,47213200,12.06999969,97.73000336,2.049999952,63.18000031,55.88000107,187.0796509,144.1648712,239.6062012,1.83,2.05,0
2019-07-25,271.7158457,271.7700169,270.0635408,270.8671265,55394100,12.73999977,97.81999969,2.073999882,63.38999939,56.02000046,185.3061829,142.4230499,238.5339661,1.86,2.08,0
2019-07-26,271.553272,272.8805217,271.4268541,272.6818848,45084100,12.15999985,98.01000214,2.08100009,63.45999908,56.20000076,187.2138824,144.109848,238.947113,1.86,2.08,0
2019-07-29,272.5645593,272.6819395,271.6345833,272.1853333,38126500,12.82999992,98.04000092,2.055000067,63.70999908,56.86999893,186.571579,143.1472321,239.184433,1.85,2.06,0
2019-07-30,270.785812,271.9234625,270.406586,271.5171509,45849000,13.93999958,98.05000305,2.061000109,64.72000122,58.04999924,185.7663422,144.6965637,238.9910583,1.85,2.06,0
2019-07-31,271.7608252,271.9504519,266.5331124,268.5465393,104245200,16.12000084,98.51999664,2.020999908,65.16999817,58.58000183,183.1971436,143.5231171,236.0114136,1.89,2.02,0
2019-08-01,268.7000847,271.6525253,265.4135517,266.2080994,142646600,17.87000084,98.38999939,1.894000053,60.5,53.95000076,182.286438,141.4421844,233.585556,1.73,1.9,0
2019-08-02,265.314239,265.5580094,262.6507024,264.2036743,116749700,17.61000061,98.09999847,1.855000019,61.88999939,55.65999985,179.6022644,139.8745422,232.7505646,1.72,1.86,0
2019-08-05,260.1136939,260.2220364,254.3622865,256.2583618,178745400,24.59000015,97.5,1.735000014,59.81000137,54.68999863,173.2560577,135.6759033,225.9741364,1.59,1.75,0
2019-08-06,258.1453887,260.0685496,256.673673,259.8518372,120711700,20.17000008,97.62999725,1.738999963,58.93999863,53.63000107,175.6813965,136.922699,228.7778625,1.6,1.73,0
2019-08-07,256.7819249,260.7727111,254.6511176,260.005249,140572300,19.48999977,97.54000092,1.684000015,56.22999954,51.09000015,176.6304474,136.8860168,228.7338104,1.59,1.71,0
2019-08-08,261.4951277,265.1066895,260.9443777,265.1066895,87713900,16.90999985,97.62000275,1.715999961,57.38000107,52.54000092,180.4745941,139.8379364,232.1529083,1.62,1.72,0
2019-08-09,264.1675786,264.7634893,261.5221171,263.3008118,93730000,17.96999931,97.48999786,1.733999968,58.52999878,54.5,178.7778473,138.0777588,231.3179169,1.63,1.74,0
2019-08-12,261.8020599,263.2918233,259.1475602,260.0956116,65527600,21.09000015,97.37999725,1.639000058,58.56999969,54.93000031,176.7263184,136.2901459,227.9955444,1.58,1.65,0
2019-08-13,259.7975735,265.585102,259.4544709,264.1404724,94299800,17.52000046,97.80999756,1.679999948,61.29999924,57.09999847,180.5992432,137.7569122,231.3091583,1.66,1.68,0
2019-08-14,260.0956313,260.7005524,256.2041761,256.3305664,135622100,22.10000038,97.98999786,1.58099997,59.47999954,55.22999954,175.2020569,133.9066467,224.1985474,1.58,1.59,0
2019-08-15,257.2153956,257.9016011,254.9672076,257.0077209,99556600,21.18000031,98.13999939,1.529000044,58.22999954,54.47000122,175.0007324,133.3749542,225.3236542,1.48,1.52,0
2019-08-16,258.6600504,261.233266,257.0619168,260.7998962,83018300,18.46999931,98.13999939,1.539000034,58.63999939,54.86999893,177.8095398,136.2534943,228.1383514,1.48,1.55,0
2019-08-19,263.8154737,264.6190316,263.1383061,263.941864,53571800,16.87999916,98.34999847,1.59800005,59.74000168,56.20999908,180.6375732,137.6285858,230.3061676,1.53,1.6,0
2019-08-20,263.4363133,263.9690153,261.7930738,261.9194641,51596400,17.5,98.19000244,1.56099999,60.02999878,56.34000015,179.2379456,136.7301483,228.8521423,1.5,1.55,0
2019-08-21,264.0773481,264.4204232,263.3911427,264.0502625,49524700,15.80000019,98.30000305,1.577000022,60.29999924,55.68000031,180.8293152,137.8577576,230.9142609,1.56,1.59,0
2019-08-22,264.7545318,265.3865385,262.1993369,263.9689941,51666400,16.68000031,98.16999817,1.610000014,59.91999817,55.34999847,180.2445068,137.536911,231.3813019,1.61,1.62,0
2019-08-23,262.6687816,264.3300959,255.9422398,257.1882324,149161500,19.87000084,97.63999939,1.527999997,59.34000015,54.16999817,174.5405731,133.319931,225.8558655,1.51,1.52,0
2019-08-26,259.3732594,260.0323792,257.8473727,260.0323792,72423800,19.31999969,98.08000183,1.544999957,58.70000076,53.63999939,177.1768646,134.7866974,228.3322144,1.54,1.54,0
2019-08-27,261.4229061,261.7930945,258.2537518,259.0121765,66668900,20.30999947,98,1.49000001,59.50999832,54.93000031,176.8030243,132.7882233,227.1865845,1.53,1.49,0
2019-08-28,258.3530199,260.9984816,257.5494344,260.835968,59696700,19.35000038,98.20999908,1.465999961,60.49000168,55.77999878,177.4356842,134.3374786,229.4690399,1.5,1.47,0
2019-08-29,263.3911606,264.6913249,262.3889381,264.1676331,57899400,17.87999916,98.51000214,1.516000032,61.08000183,56.70999908,180.1486359,136.6934662,232.5621338,1.53,1.5,0
2019-08-30,265.6483683,265.6664161,263.1202866,264.0502625,62901200,18.97999954,98.91999817,1.506000042,60.43000031,55.09999847,179.7172699,136.4459991,232.7648163,1.5,1.5,0
2019-09-03,262.3528412,263.2647417,261.1790673,262.5063171,69101400,19.65999985,98.94999695,1.465999961,58.25999832,53.93999863,177.9725189,134.4474945,230.3767242,1.47,1.47,0
2019-09-04,264.6732442,265.5038877,263.9238299,265.4858398,46887300,17.32999992,98.44999695,1.458999991,60.70000076,56.25999832,180.5417328,135.5292511,232.5886383,1.43,1.47,0
2019-09-05,267.9688278,269.8107042,265.449756,268.8988037,83258100,16.27000046,98.41000366,1.565000057,60.95000076,56.29999924,183.8490295,138.0502777,235.8932495,1.55,1.57,0
2019-09-06,269.2147848,269.7474867,268.5376171,269.1064148,49584300,15,98.38999939,1.549999952,61.54000092,56.52000046,183.6669006,137.4177399,236.4573212,1.53,1.55,0
2019-09-09,270.0906626,270.1809296,268.3029296,269.2419434,51260300,15.27000046,98.27999878,1.621999979,62.59000015,57.84999847,183.2834167,139.2603302,236.8804169,1.58,1.63,0
2019-09-10,268.4833764,269.2418283,267.2283735,269.1786194,57947100,15.19999981,98.33000183,1.702000022,62.38000107,57.40000153,182.7561798,141.0388031,237.4001923,1.67,1.72,0
2019-09-11,269.485721,271.1741218,268.8356388,271.092865,68821100,14.60999966,98.65000153,1.73300004,60.81000137,55.75,184.4721985,143.9265137,239.4271545,1.68,1.75,0
2019-09-12,271.9957065,273.0881961,271.237282,272.0318298,72908700,14.22000027,98.30999756,1.791000009,60.38000107,55.09000015,185.2391052,143.9631805,239.9823151,1.72,1.79,0
2019-09-13,272.4741927,272.8263331,271.481008,271.8511963,62104800,13.73999977,98.26000214,1.902999997,60.22000122,54.84999847,184.5776062,144.2106781,240.2290802,1.79,1.9,0
2019-09-16,270.7225737,271.8963474,270.3704608,271.0115051,58191200,14.67000008,98.65000153,1.840999961,69.01999664,62.90000153,183.7531586,144.7515717,238.9688721,1.74,1.84,0
2019-09-17,270.8129115,271.7880209,270.6413602,271.6977539,41475500,14.43999958,98.26000214,1.812000036,64.55000305,59.34000015,184.6351318,144.3757477,239.312561,1.72,1.81,0
2019-09-18,271.3094217,271.9685414,269.2779191,271.860199,73375800,13.94999981,98.59999847,1.786000013,63.59999847,58.11000061,184.5584259,143.4864349,239.6738434,1.77,1.8,0
2019-09-19,272.2485358,273.2417207,271.5081591,271.8422241,76560500,14.05000019,98.26999664,1.774000049,64.40000153,58.13000107,184.8652191,142.7897034,239.1892395,1.74,1.79,0
2019-09-20,272.4444725,272.7256865,269.7686627,270.5578003,89565000,15.31999969,98.51000214,1.754999995,64.27999878,58.09000015,182.9095764,142.4872284,237.8439178,1.69,1.74,0
2019-09-23,269.8956,271.2108476,269.6416244,270.4942627,43476800,14.90999985,98.59999847,1.707999945,64.76999664,58.63999939,182.9902496,142.3772583,237.9410248,1.68,1.72,0
2019-09-24,271.5827644,271.9727935,267.410284,268.3717651,94869400,17.04999924,98.33999634,1.63499999,63.09999847,57.29000092,180.5600128,140.2281952,236.7131958,1.6,1.64,0
2019-09-25,268.4534447,270.403618,266.9749326,269.9591675,71854000,15.96000004,99.04000092,1.731999993,62.38999939,56.49000168,182.5868073,141.7645264,238.1353607,1.68,1.73,0
2019-09-26,269.9681806,270.1767866,267.9907971,269.3967285,56179700,16.06999969,99.20999908,1.684999943,62.74000168,56.40999985,181.9144135,140.1822052,237.5170898,1.66,1.7,0
2019-09-27,270.1496446,270.258515,266.3944309,267.9454956,84746600,17.21999931,99.11000061,1.674999952,61.90999985,55.90999985,179.6570435,139.0598755,236.730835,1.63,1.69,0
2019-09-30,268.4624432,269.8955852,268.4171013,269.1880798,51662400,16.23999977,99.37999725,1.674999952,60.77999878,54.06999969,181.3668976,139.2254791,237.7820587,1.63,1.68,0
2019-10-01,270.0679132,270.7209972,265.7684596,265.986145,88242400,18.55999947,99.12999725,1.644000053,58.88999939,53.61999893,179.887558,136.4932251,234.5312805,1.56,1.65,0
2019-10-02,264.4080086,264.417088,259.9997099,261.2877197,122539500,20.55999947,99.04000092,1.595999956,57.68999863,52.63999939,176.7945404,135.4628754,230.3088074,1.48,1.6,0
2019-10-03,261.0608435,263.4554944,258.348744,263.4282837,85278800,19.12000084,98.86000061,1.536000013,57.70999908,52.45000076,178.7348938,135.9136658,231.448349,1.39,1.54,0
2019-10-04,264.0814181,267.2470482,264.0269691,266.9930725,65091200,17.04000092,98.80999756,1.514999986,58.36999893,52.81000137,181.3668976,137.2016144,234.6726532,1.4,1.52,0
2019-10-07,266.194831,267.8184758,265.5598781,265.8410645,59610500,17.86000061,98.98999786,1.552999973,58.34999847,52.75,180.8193512,136.9624176,233.8599396,1.46,1.56,0
2019-10-08,263.9907184,264.7254347,261.6776991,261.7139893,95708100,20.28000069,99.13999939,1.536999941,58.24000168,52.63000107,178.1104889,134.736084,231.0684814,1.42,1.54,0
2019-10-09,263.7277101,265.1336421,263.1018364,264.1993713,62359400,18.63999939,99.12000275,1.588999987,58.31999969,52.59000015,179.8491516,135.352478,232.7027283,1.47,1.59,0
2019-10-10,264.1176045,266.8659939,263.9543404,265.986145,55296300,17.56999969,98.70999908,1.657999992,59.09999847,53.54999924,181.2419739,135.8952026,234.0984802,1.53,1.67,0
2019-10-11,268.7346034,270.9750423,268.6167089,268.7436829,98720400,15.57999992,98.30000305,1.751999974,60.50999832,54.70000076,183.5762024,138.1951294,236.8811188,1.63,1.76,0
2019-10-14,268.426116,269.0973589,268.0995879,268.4442749,40394800,14.56999969,98.44999695,1.73300004,59.34999847,53.59000015,183.5569611,137.6891479,236.6159821,1.63,1.76,0
2019-10-15,269.487455,271.8458159,269.3695328,271.1020203,46754500,13.53999996,98.29000092,1.771000028,58.74000168,52.81000137,185.8912048,139.2714844,238.7007599,1.61,1.77,0
2019-10-16,270.6394153,271.3560002,270.231255,270.666626,48928200,13.68000031,98.01000214,1.748000026,59.41999817,53.36000061,185.4300995,139.4186859,238.577179,1.58,1.75,0
2019-10-17,271.8276316,272.3355828,270.775439,271.4648132,45736600,13.78999996,97.61000061,1.756999969,59.90999985,53.93000031,185.9200592,141.0653839,238.8420563,1.6,1.76,0
2019-10-18,270.9296955,271.5737002,269.4239729,270.2766113,64304000,14.25,97.27999878,1.746999979,59.41999817,53.77999878,184.1333466,140.3938293,236.5730133,1.58,1.76,0
2019-10-21,271.5919445,272.3085021,271.1565457,272.1089478,39048600,14,97.33000183,1.792000055,58.95999908,53.31000137,185.7663269,141.7093201,237.0768585,1.62,1.8,0
2019-10-22,272.6440336,272.9342994,271.1292592,271.2199707,48594700,14.46000004,97.52999878,1.768000007,59.70000076,54.15999985,184.2870178,141.8657684,236.7320557,1.6,1.78,0
2019-10-23,270.9660114,272.0635461,270.7573777,272.0091248,34352200,14.01000023,97.47000122,1.758999944,61.16999817,55.97000122,184.6424561,142.0405426,237.1033325,1.58,1.77,0
2019-10-24,272.9433417,273.0884746,271.6280941,272.4535217,35453100,13.71000004,97.62999725,1.766000032,61.66999817,56.22999954,186.4387207,141.8381042,236.8736267,1.58,1.77,0
2019-10-25,271.8820684,274.1134552,271.827647,273.5692139,45205400,12.64999962,97.83000183,1.800999999,62.02000046,56.65999985,187.9276276,142.5924835,238.305481,1.63,1.8,0
2019-10-28,274.7846474,275.6100749,274.7574367,275.1111755,42147000,13.10999966,97.76000214,1.853000045,61.56999969,55.81000137,189.7815552,143.8251953,239.3750763,1.64,1.85,0
2019-10-29,274.8392187,275.9549126,274.712217,275.0296936,44284900,13.19999981,97.69000244,1.835000038,61.59000015,55.54000092,188.3118286,144.2943878,239.4281311,1.64,1.84,0
2019-10-30,275.2291061,276.2450085,273.922938,275.8731384,49643900,12.32999992,97.65000153,1.797999978,60.61000061,55.06000137,189.224411,143.8160248,240.197113,1.61,1.78,0
2019-10-31,275.8640616,275.8640616,273.6871239,275.1383972,69053800,13.22000027,97.34999847,1.690999985,60.22999954,54.18000031,189.3108521,143.0064697,239.0832672,1.52,1.69,0
2019-11-01,276.5807028,277.7326588,276.417411,277.6873169,71141500,12.30000019,97.23999786,1.728000045,61.68999863,56.20000076,191.030304,145.4443665,241.6114197,1.56,1.73,0
2019-11-04,279.2384383,279.3744918,278.4311416,278.8030396,60606900,12.82999992,97.51000214,1.786000013,62.13000107,56.54000092,192.211792,146.2263489,242.6808929,1.6,1.79,0
2019-11-05,279.0025497,279.301895,278.2043326,278.4945984,42933200,13.10000038,97.98000336,1.866000056,62.95999908,57.22999954,192.3174744,146.4103088,242.9106903,1.63,1.86,0
2019-11-06,278.4945131,278.8301207,277.6146642,278.5580139,46487100,12.61999989,97.94999695,1.81400001,61.74000168,56.34999847,191.8851929,145.5639191,242.9019165,1.61,1.81,0
2019-11-07,279.8914253,280.8710376,279.0659976,279.5376587,54272300,12.72999954,98.13999939,1.925999999,62.29000092,57.15000153,192.5288239,145.9503479,244.8906708,1.68,1.92,0
2019-11-08,279.1930197,280.2815027,278.4945936,280.2270813,49032100,12.06999969,98.34999847,1.932999969,62.50999832,57.24000168,193.2972412,146.3459167,244.9084473,1.68,1.94,0
2019-11-11,278.8483051,279.8642076,278.712224,279.691864,35797300,12.68999958,98.19999695,1.942999959,62.18000031,56.86000061,193.0379181,146.0699615,244.9879608,1.68,1.94,0
2019-11-12,280.0547292,281.1794745,279.5104877,280.2814941,46484600,12.68000031,98.30999756,1.909000039,62.06000137,56.79999924,193.5950012,146.1159363,245.1029053,1.66,1.92,0
2019-11-13,279.2927282,280.7712398,279.0659633,280.3721313,53917700,13,98.37000275,1.870000005,62.36999893,57.11999893,193.6430511,145.4903717,245.7746277,1.63,1.88,0
2019-11-14,280.0909879,280.8619942,279.456035,280.7803345,51219900,13.05000019,98.16000366,1.815000057,62.27999878,56.77000046,193.4893646,145.4443665,245.9338074,1.58,1.82,0
2019-11-15,282.113741,282.8575367,281.4243944,282.8121948,62023600,12.05000019,98,1.833999991,63.29999924,57.72000122,194.911026,146.1986694,247.9032898,1.61,1.84,0
2019-11-18,282.5763016,283.2565963,282.1227717,283.020752,49228000,12.46000004,97.79000092,1.807999969,62.43999863,57.04999924,195.0647125,145.830719,248.1955109,1.6,1.81,0
2019-11-19,283.6194734,283.6285528,282.2951737,282.9391785,67804700,12.85999966,97.86000061,1.786000013,60.90999985,55.20999908,195.3528748,146.3734741,247.3630371,1.6,1.79,0
2019-11-20,282.3494805,282.8665111,280.3358073,281.8868713,79406200,12.77999973,97.93000031,1.738000035,62.40000153,57.11000061,194.180954,145.8214874,246.362442,1.56,1.73,0
2019-11-21,281.9958415,282.1046843,280.6352518,281.4334412,54664700,13.13000011,97.98999786,1.771999955,63.97000122,58.58000183,193.7487335,145.1039276,245.9372559,1.6,1.77,0
2019-11-22,282.1771873,282.3132407,281.0524422,282.0592651,44850200,12.34000015,98.26999664,1.774000049,63.38999939,57.77000046,193.873642,145.5547638,246.9469452,1.61,1.77,0
2019-11-25,282.9845321,284.2453308,282.9845321,284.2453308,48647200,11.86999989,98.31999969,1.764000058,63.65000153,58.00999832,196.1693878,148.6457977,248.6648254,1.61,1.76,0
2019-11-26,284.2815678,285.0707052,283.9640914,284.8892822,37569000,11.53999996,98.25,1.74000001,64.26999664,58.40999985,196.5439911,148.7469635,249.1607971,1.58,1.74,0
2019-11-27,285.3700146,286.1591797,285.1523291,286.1591797,44444600,11.75,98.41000366,1.76699996,64.05999756,58.11000061,197.9176483,149.7957611,249.6477051,1.63,1.77,0
2019-11-29,285.5968332,285.8417571,284.8711965,285.0979614,36592700,12.61999989,98.26999664,1.776000023,62.43000031,55.16999817,197.0146942,148.8205566,248.7976532,1.61,1.78,1
2019-12-02,285.3519574,285.4154583,282.2498282,282.6761475,75767800,14.90999985,97.86000061,1.835999966,60.91999817,55.95999908,194.997467,147.3670654,246.362442,1.61,1.83,0
2019-12-03,279.9639862,280.8619942,278.5852654,280.7803345,73941700,15.96000004,97.73999786,1.708999991,60.81999969,56.09999847,193.4701691,146.8978271,243.9801941,1.53,1.72,0
2019-12-04,281.8234708,283.1114801,281.4787837,282.5128174,49080000,14.80000019,97.65000153,1.781000018,63,58.43000031,194.4499359,147.9098206,245.3439178,1.58,1.77,0
2019-12-05,283.2112544,283.2293856,281.7145838,283.020752,40709000,14.52000046,97.41000366,1.797000051,63.38999939,58.43000031,194.834198,148.0570374,245.6184845,1.58,1.8,0
2019-12-06,284.9256012,286.0050045,284.9165217,285.605896,48927000,13.61999989,97.69999695,1.842000008,64.38999939,59.20000076,196.9185944,149.7865295,248.5762024,1.61,1.84,0
2019-12-09,285.2158369,285.8870522,284.6353055,284.7078857,34838500,15.85999966,97.63999939,1.828999996,64.25,59.02000046,196.0252838,149.5013885,247.7438965,1.63,1.83,0
2019-12-10,284.653497,285.3156329,283.7373578,284.3904419,52649800,15.68000031,97.41000366,1.832999945,64.33999634,59.24000168,195.861969,149.593338,247.4781952,1.65,1.85,0
2019-12-11,284.8439568,285.451699,284.3087949,285.1977234,53429100,14.98999977,97.16000366,1.789999962,63.72000122,58.75999832,196.8993988,149.5473175,247.7085419,1.61,1.79,0
2019-12-12,285.206781,288.4359113,284.9709643,287.6558533,96389600,13.93999958,97.40000153,1.896999955,64.19999695,59.18000031,198.3691254,150.8352814,249.6832123,1.66,1.9,0
2019-12-13,287.4199981,289.0527221,286.6489918,287.828186,81503900,12.63000011,97.16999817,1.819000006,65.22000122,60.06999969,199.0222931,150.2557373,249.8248901,1.61,1.82,0
2019-12-16,289.5517189,290.3952781,287.7648094,289.8056946,82749700,12.14000034,97.06999969,1.89199996,65.33999634,60.20999908,201.02034,151.3148041,250.6751099,1.65,1.89,0
2019-12-17,290.186556,290.4858736,289.7874475,289.8690796,61097700,12.28999996,97.20999908,1.889000058,66.09999847,60.93999863,201.1355743,152.0718689,250.9672089,1.63,1.89,0
2019-12-18,290.2591354,290.4859003,289.8328162,289.8872375,48133000,12.57999992,97.41000366,1.924000025,66.16999817,60.93000031,201.2892761,152.3673248,250.7990265,1.63,1.92,0
2019-12-19,290.0776683,291.1480197,289.8236927,291.0754395,85310500,12.5,97.41999817,1.907999992,66.54000092,61.22000122,202.5476532,153.0229034,251.9060364,1.62,1.92,0
2019-12-20,292.105526,293.4819293,291.1302213,292.3516541,147142100,12.51000023,97.70999908,1.917000055,66.13999939,60.43999863,203.3641357,153.2445374,252.6752777,1.63,1.92,0
2019-12-23,293.1355366,293.1902255,292.6524324,292.7982788,52990000,12.60999966,97.66000366,1.934999943,66.38999939,60.52000046,203.9012909,153.5491943,253.4480286,1.64,1.93,0
2019-12-24,293.0261288,293.0716936,292.5065561,292.807373,20270000,12.67000008,97.65000153,1.909999967,67.19999695,61.11000061,204.0071564,153.9000397,253.1637726,1.62,1.9,1
2019-12-26,293.190221,294.375213,293.1811247,294.3660889,30911200,12.64999962,97.58999634,1.904999971,67.91999817,61.68000031,205.8073273,153.9000397,254.096344,1.64,1.9,0
2019-12-27,295.0952934,295.1499824,293.7644828,294.2931519,42528800,13.43000031,96.91999817,1.873999953,68.16000366,61.72000122,205.6340942,153.1429443,254.3362122,1.59,1.88,0
2019-12-30,294.3751577,294.51188,292.1874892,292.6705933,49729100,14.81999969,96.73999786,1.894999981,68.44000244,61.68000031,204.286377,152.7551727,252.7373352,1.58,1.9,0
2019-12-31,292.1692834,293.6277198,291.8229016,293.3815918,57077300,13.77999973,96.38999939,1.91900003,66,61.06000137,204.6714325,152.9675293,253.2436218,1.58,1.92,0
2020-01-02,294.9129662,296.1435228,293.9923228,296.1252747,59151200,12.47000027,96.84999847,1.881999969,66.25,61.18000031,208.0888672,153.0690765,256.3703308,1.58,1.88,0
2020-01-03,292.7434443,295.0040214,292.6887554,293.882843,77709700,14.02000046,96.83999634,1.787999988,68.59999847,63.04999924,206.1827545,152.4689178,254.3273315,1.53,1.8,0
2020-01-06,292.132842,295.0861838,292.0143401,295.0041504,55653900,13.85000038,96.66999817,1.81099999,68.91000366,63.27000046,207.5112915,152.6720428,254.9135895,1.54,1.81,0
2020-01-07,294.4389421,294.91295,293.7279582,294.1746216,40496400,13.78999996,96.98000336,1.827000022,68.26999664,62.70000076,207.4823761,152.1642609,253.812149,1.54,1.83,0
2020-01-08,294.366059,296.9547706,294.1199588,295.7424622,68296000,13.44999981,97.30000305,1.873999953,65.44000244,59.61000061,209.0419006,152.6351471,255.2867279,1.58,1.87,0
2020-01-09,297.3011671,297.8207399,296.7177814,297.7478027,48473300,12.53999996,97.44999695,1.85800004,65.37000275,59.56000137,210.8132019,152.8197632,257.2052612,1.58,1.85,0
2020-01-10,298.3311768,298.4861196,296.4261047,296.8909607,53029300,12.56000042,97.36000061,1.825000048,64.98000336,59.04000092,210.2741394,152.2473602,256.0327454,1.56,1.83,0
2020-01-13,297.5107715,298.9418355,297.0823564,298.9327393,47086800,12.31999969,97.34999847,1.84800005,64.19999695,58.08000183,212.7000275,153.2353516,256.7257385,1.58,1.85,0
2020-01-14,298.4952712,299.5435129,297.9210095,298.4770508,62832800,12.39000034,97.37000275,1.817999959,64.48999786,58.22999954,211.8624573,153.7985382,256.9033813,1.58,1.82,0
2020-01-15,298.3859382,299.9081603,298.3039048,299.1516113,72056600,12.42000008,97.23000336,1.787999988,64,57.81000137,211.9491577,154.5371857,257.9069519,1.56,1.79,0
2020-01-16,300.5279599,301.6400146,300.30008,301.6400146,54050300,12.31999969,97.31999969,1.809000015,64.62000275,58.52000046,213.9803619,156.5315247,260.198761,1.58,1.81,0
2020-01-17,302.3510996,302.7886112,301.5763022,302.5789795,95846000,12.10000038,97.61000061,1.835999966,64.84999847,58.54000092,215.0392456,156.1068115,260.6235046,1.58,1.84,0
2020-01-21,301.6217565,302.7885001,301.5488471,301.9863586,77742400,12.85000038,97.52999878,1.769000053,64.58999634,58.34000015,214.9430542,154.8141327,259.3438721,1.53,1.78,0
2020-01-22,302.843189,303.4903878,301.8678844,302.0228271,48914900,12.90999985,97.52999878,1.769000053,63.20999908,56.74000168,215.5110016,154.7126465,259.3260193,1.53,1.77,0
2020-01-23,301.3755881,302.7793354,300.2635336,302.3691406,51963000,12.97999954,97.69000244,1.74000001,62.04000092,55.59000015,216.2041321,154.6110382,259.0861511,1.51,1.74,0
2020-01-24,303.0255254,303.1075588,298.3949911,299.6802368,87578400,14.56000042,97.84999847,1.680999994,60.68999863,54.18999863,214.3846588,152.7089844,257.5399475,1.49,1.7,0
2020-01-27,294.4481106,296.3531829,294.1108529,294.8765259,84062500,18.22999954,97.95999908,1.605000019,59.31999969,53.13999939,209.9564514,150.9730988,253.5940704,1.44,1.61,0
2020-01-28,296.2985176,298.8416647,294.9677069,297.9666138,63834000,16.28000069,98.01999664,1.641000032,59.50999832,53.47999954,213.1813507,152.2288361,255.3091888,1.45,1.65,0
2020-01-29,299.3246193,299.552499,297.5198016,297.7203369,53888900,16.38999939,97.98999786,1.593999982,59.81000137,53.33000183,213.5278778,151.3608856,255.3091888,1.42,1.6,0
2020-01-30,295.6604853,298.8963966,294.9130604,298.6867371,75491800,15.48999977,97.87000275,1.557999969,58.29000092,52.13999939,214.2884216,151.3608856,256.420166,1.41,1.57,0
2020-01-31,298.0669124,298.221883,292.3516945,293.2632141,113845600,18.84000015,97.38999939,1.519999981,58.15999985,51.56000137,210.8902435,148.2215881,250.9813538,1.33,1.51,0
2020-02-03,294.7397601,297.301127,294.6212581,295.4416199,69083000,17.96999931,97.80000305,1.519999981,54.45000076,50.11000061,214.0766144,149.8743744,252.367569,1.36,1.54,0
2020-02-04,299.0421543,300.8105041,298.723117,299.9445496,62573200,16.04999924,97.95999908,1.603000045,53.95999908,49.61000061,218.9765625,152.1365204,255.9758301,1.41,1.61,0
2020-02-05,302.8705016,303.6179541,301.412093,303.4082947,65951100,15.14999962,98.26999664,1.649000049,55.27999878,50.75,219.6985626,154.4817352,260.2592163,1.44,1.66,0
2020-02-06,304.3654167,304.620641,303.3536158,304.4292297,50359700,14.96000004,98.5,1.644000053,54.93000031,50.95000076,221.5950012,154.1309052,261.0413513,1.44,1.65,0
2020-02-07,303.3719309,304.4383931,302.2598759,302.8067932,64139400,15.47000027,98.68000031,1.577999949,54.47000122,50.31999969,220.6419983,152.2380829,258.7749939,1.41,1.59,0
2020-02-10,301.9225662,305.1311043,301.8860976,305.0672913,42070000,15.03999996,98.83000183,1.547000051,53.27000046,49.56999969,223.3084869,153.0967712,260.3392639,1.37,1.56,0
2020-02-11,306.4163396,307.2002329,305.067281,305.5959778,54864500,15.18000031,98.72000122,1.590000033,54.00999832,49.93999863,223.3470459,154.1586151,260.3302917,1.41,1.59,0
2020-02-12,307.0270899,307.7745426,306.6624877,307.5649109,43992700,13.73999977,99.05000305,1.629999995,55.79000092,51.16999817,225.5226593,155.220459,262.8008423,1.44,1.62,0
2020-02-13,306.1428905,308.2029332,305.8694458,307.2367249,54501900,14.14999962,99.06999969,1.616999984,56.34000015,51.41999817,225.233902,155.626709,262.0010071,1.44,1.61,0
2020-02-14,307.6469095,307.8474448,306.4528213,307.7289429,64582200,13.68000031,99.12000275,1.588000059,57.31999969,52.04999924,225.8788452,155.0265503,261.7521667,1.42,1.59,0
2020-02-18,306.7353777,307.7927435,305.5503859,306.9359131,57226200,14.82999992,99.45999908,1.555999994,57.75,52.04999924,225.9654694,154.6941528,260.3392639,1.41,1.55,0
2020-02-19,307.9022702,309.0781107,307.6197013,308.403595,48814700,14.38000011,99.59999847,1.570000052,59.11999893,53.29000092,228.1314697,155.4881744,261.3612671,1.42,1.56,0
2020-02-20,307.8564937,308.6768833,304.1557279,307.1364136,74163400,15.56000042,99.87000275,1.524999976,59.31000137,53.77999878,226.0136108,155.8667755,260.1881409,1.39,1.52,0
2020-02-21,305.7874255,306.0973388,303.153121,303.9735107,113788200,17.07999992,99.26000214,1.470999956,58.5,53.38000107,221.6720428,154.2878265,258.1956177,1.34,1.46,0
2020-02-24,294.5483543,304.0463697,292.8164454,293.8920593,161088400,25.03000069,99.29000092,1.376999974,56.29999924,51.43000031,213.1236267,149.6435394,249.1238403,1.26,1.38,0
2020-02-25,295.2776354,295.8883379,284.1115213,284.9865723,218913200,27.85000038,98.97000122,1.330000043,54.95000076,49.90000153,207.3283691,144.3251648,241.2285309,1.2,1.33,0
2020-02-26,286.3810972,289.963361,283.2090282,283.9382324,194773800,27.55999947,99,1.309999943,53.43000031,48.72999954,208.3969116,142.6539612,240.3730621,1.16,1.33,0
2020-02-27,278.4325947,283.9928664,271.1860352,271.1860352,284353500,39.15999985,98.44000244,1.299000025,52.18000031,47.09000015,197.9616241,137.6310577,229.4656372,1.11,1.3,0
2020-02-28,263.1556386,271.5325034,260.2752342,270.0467224,384975800,40.11000061,98.12999725,1.126999974,50.52000046,44.75999832,198.1157074,135.1103668,226.8456268,0.86,1.13,0
2020-03-02,271.8242105,281.8053597,268.4060125,281.7415466,238703600,33.41999817,97.36000061,1.088000059,51.90000153,46.75,208.3391266,139.4500427,237.9580383,0.84,1.1,0
2020-03-03,282.1152386,286.0712293,271.2408195,273.6745605,300139100,36.81999969,97.15000153,1.00999999,51.86000061,47.18000031,201.6582794,136.6061554,231.0695801,0.71,1.02,0
2020-03-04,279.0342862,285.396701,276.4911396,285.1779175,176613400,31.98999977,97.33999634,0.9919999838,51.13000107,46.77999878,210.0719604,140.4933777,241.3978119,0.67,1.02,0
2020-03-05,277.9952281,281.1764223,273.4649751,275.6981812,186366800,39.61999893,96.81999969,0.925999999,49.99000168,45.90000153,203.6895142,136.0244598,232.9944153,0.59,0.92,0
2020-03-06,267.2119174,272.3437763,264.5502962,271.140564,228667200,41.93999863,95.94999695,0.7059999704,45.27000046,41.27999878,200.2528229,133.3283386,230.6686707,0.49,0.74,0
2020-03-09,250.9412775,259.0446983,249.2549889,249.9659729,309417300,54.45999908,94.90000153,0.4990000129,34.36000061,31.12999916,186.342392,120.3648453,212.7301636,0.38,0.54,0
2020-03-10,259.4548791,262.9915508,249.3005403,262.9004211,276444100,47.29999924,96.41000366,0.7480000257,37.22000122,34.36000061,196.4888,124.1227875,223.2009277,0.5,0.76,0
2020-03-11,255.8634838,256.9937589,246.9123575,250.0844269,255316300,53.90000153,96.51000214,0.8199999928,35.79000092,32.97999954,187.9307251,116.2283325,210.1637573,0.5,0.82,0
2020-03-12,233.3489141,243.0657121,225.7650677,226.1570282,392220700,75.47000122,97.47000122,0.8489999771,33.22000122,31.5,170.6991119,103.3848877,189.0172424,0.5,0.88,0
2020-03-13,239.811552,247.4592105,226.5307262,245.4903259,329566100,57.83000183,98.75,0.9509999752,33.84999847,31.72999954,185.1582489,110.3098145,206.8397522,0.49,0.94,0
2020-03-16,219.8402382,234.169324,216.3582414,218.6279297,297240000,82.69000244,98.08999634,0.7279999852,30.04999924,28.70000076,162.9785919,95.67510986,180.4445801,0.36,0.73,0
2020-03-17,223.3586844,233.5039126,216.0938884,230.4320831,262070500,75.91000366,99.58000183,0.996999979,28.72999954,26.95000076,175.3391113,100.0608902,190.2292175,0.47,1.02,0
2020-03-18,215.3464508,226.3940611,207.8446503,218.7646484,327597100,76.44999695,101.1600037,1.266000032,24.87999916,20.37000084,170.0059662,92.30496216,177.6820984,0.54,1.18,0
2020-03-19,218.0810285,225.491686,211.6730478,219.229538,289322000,72,102.7600021,1.118999958,28.46999931,25.21999931,171.026413,95.90592957,179.3930664,0.44,1.12,0
2020-03-20,222.3707796,224.149528,209.5069616,209.7820282,347158800,66.04000092,102.8199997,0.9380000234,26.97999954,22.43000031,164.3262787,93.62531281,171.5205078,0.37,0.92,0
2020-03-23,209.2226805,210.5888216,200.1180622,204.4182281,326025200,61.59000015,102.4899979,0.7639999986,27.03000069,23.36000061,164.4449615,92.2403183,166.3632355,0.28,0.76,0
2020-03-24,214.9348414,223.8102402,214.3663808,222.9391937,235494500,61.66999817,101.7399979,0.8159999847,27.14999962,24.01000023,177.1791687,100.6795425,184.6951141,0.38,0.84,0
2020-03-25,224.5162655,235.0420516,219.8218472,226.2766724,299430300,63.95000076,101.0500031,0.8579999804,27.38999939,24.48999977,175.867157,101.9308243,189.5394745,0.34,0.88,0
2020-03-26,228.7797338,240.9558761,228.3487994,239.4888916,257632800,61,99.41999817,0.8109999895,26.34000015,22.60000038,185.1283875,108.2708054,201.1678619,0.3,0.83,0
2020-03-27,232.2180645,239.1313295,230.182591,232.3555908,224341200,65.54000092,98.37000275,0.7490000129,24.93000031,21.51000023,178.7612457,104.3314743,193.3739624,0.25,0.72,0
2020-03-30,234.4460298,240.6166235,232.4564034,239.9014587,171369500,57.08000183,99.18000031,0.6700000167,22.76000023,20.09000015,185.263443,106.6302032,199.4070587,0.23,0.7,0
2020-03-31,238.9020818,241.4418276,234.9228288,236.3256531,194881100,53.54000092,99.05000305,0.6980000138,22.73999977,20.47999954,183.6813202,106.0926132,195.9480743,0.23,0.7,0
2020-04-01,227.3677408,236.2431403,223.6268713,225.6898499,189554600,57.06000137,99.66999817,0.6349999905,24.73999977,20.30999947,175.8768005,98.86279297,187.1441803,0.23,0.62,0
2020-04-02,224.8096719,231.67709,224.2595387,230.8977509,177660400,50.90999985,100.1800003,0.6269999743,29.94000053,25.31999969,179.446228,99.79896545,191.2377625,0.23,0.63,0
2020-04-03,229.9166755,232.2638986,224.8371698,227.5603027,135561200,46.79999924,100.5800018,0.5870000124,34.11000061,28.34000015,176.8993988,96.97194672,188.2346191,0.23,0.62,0
2020-04-06,236.4081525,244.8067701,227.5419314,242.844635,188061200,45.24000168,100.6900024,0.675999999,33.04999924,26.07999992,189.5467682,104.3963776,202.4728394,0.27,0.67,0
2020-04-07,251.4174762,252.169324,242.872182,243.0922241,201427200,46.70000076,99.98000336,0.7360000014,31.87000084,23.62999916,189.4695892,104.665184,202.5353546,0.28,0.75,0
2020-04-08,245.687007,253.0587255,243.2022716,251.2524719,153774500,43.34999847,100.1200027,0.7639999986,32.84000015,25.09000015,193.4924622,109.4386978,209.4444885,0.27,0.77,0
2020-04-09,254.5073627,257.8264895,252.5727607,255.0758514,189999200,41.66999817,99.51999664,0.7289999723,31.47999954,22.76000023,193.7722015,114.6756897,211.9560699,0.23,0.73,0
2020-04-13,254.1039397,254.4431805,248.8502113,252.7469482,114839100,41.16999817,99.34999847,0.7490000129,31.73999977,22.40999985,195.8656158,111.5705643,209.113739,0.25,0.76,0
2020-04-14,257.6247434,261.2188944,252.6094128,260.2011719,134143400,37.75999832,98.88999939,0.7519999743,29.60000038,20.11000061,204.3840027,113.8321915,214.2262268,0.23,0.76,0
2020-04-15,254.4981845,260.3387009,252.5635547,254.6723938,121775000,40.84000015,99.45999908,0.6380000114,27.69000053,19.87000084,202.0397797,109.1884384,210.1147614,0.2,0.63,0
2020-04-16,255.9468032,256.7536613,252.8385975,255.9009705,131798300,40.11000061,100.0299988,0.6090000272,27.81999969,19.87000084,205.7249756,108.3635025,210.3471832,0.2,0.61,0
2020-04-17,261.659054,263.4194469,258.9267433,262.8143311,146684800,38.15000153,99.77999878,0.6539999843,28.07999992,18.27000046,207.6929626,113.1370239,216.8039551,0.2,0.65,0
2020-04-20,259.1192584,262.9518353,257.9640094,258.1840515,100109300,43.83000183,99.95999908,0.6259999871,25.56999969,-37.63000107,205.233017,111.8022842,211.6260834,0.2,0.63,0
2020-04-21,253.7280133,254.929123,249.4094918,250.3447266,126385700,45.40999985,100.2600021,0.57099998,19.32999992,10.01000023,197.6599731,109.1328201,205.8846893,0.2,0.58,0
2020-04-22,255.2133111,257.6430352,253.8930029,255.9009705,92951600,41.97999954,100.3899994,0.6190000176,20.37000084,13.77999973,203.5254669,110.4582672,209.9537048,0.22,0.63,0
2020-04-23,257.1755244,260.3387699,255.580163,255.8827209,104709700,41.38000107,100.4300003,0.6129999757,21.32999992,16.5,203.0913696,111.5427551,210.2220154,0.22,0.61,0
2020-04-24,257.3956309,260.1187646,255.3509793,259.4494324,85063200,35.93000031,100.3799973,0.5960000157,21.44000053,16.94000053,206.2941589,113.4614182,212.6903229,0.22,0.6,0
2020-04-27,261.4206759,264.3088407,260.9622361,263.1902466,77896600,33.29000092,100.0400009,0.6560000181,19.98999977,12.77999973,207.9534912,117.9568939,215.8114014,0.24,0.67,0
2020-04-28,266.8301905,267.1786091,261.6773336,261.9799194,105270000,33.56999969,99.87000275,0.6100000143,20.45999908,12.34000015,204.0367432,119.6716232,215.6056824,0.2,0.62,0
2020-04-29,267.2978452,270.3693967,266.2709447,268.8381958,118745600,31.22999954,99.56999969,0.6269999743,22.54000092,15.06000042,211.2720947,125.5574646,220.3990631,0.2,0.63,0
2020-04-30,267.4629491,268.9391399,264.6022891,266.3352051,122901700,34.15000153,99.01999664,0.621999979,25.27000046,18.84000015,211.1853027,120.7839203,217.5105133,0.2,0.64,0
2020-05-01,261.5948583,266.5001686,258.1198775,259.2843323,125180000,37.18999863,98.80000305,0.6420000196,26.44000053,19.78000069,205.233017,115.9918594,212.19841,0.2,0.64,0
2020-05-04,257.404697,260.3020391,255.9285347,259.9994812,80873200,35.97000122,99.48000336,0.6370000243,27.20000076,20.38999939,207.625473,116.4923859,212.3235779,0.19,0.64,0
2020-05-05,262.8143709,265.2074131,260.1278925,262.4017639,79569900,33.61000061,99.70999908,0.6570000052,30.96999931,24.55999947,209.9793854,117.3914642,213.557724,0.19,0.66,0
2020-05-06,264.0979359,264.4830096,260.1920209,260.6229553,73632600,34.11999893,100.0899963,0.7110000253,29.71999931,23.98999977,211.2720947,116.5294571,211.8227844,0.17,0.72,0
2020-05-07,263.8320411,265.6933051,263.2635803,263.7678528,75250400,31.44000053,99.88999939,0.6309999824,29.45999908,23.54999924,213.992569,118.1237259,213.6560516,0.13,0.63,0
2020-05-08,266.8944094,268.5998196,265.7666377,268.1322021,76452400,27.97999954,99.73000336,0.6819999814,30.96999931,24.73999977,216.9253082,122.6840515,217.8682404,0.16,0.69,0
2020-05-11,266.2067625,269.5625444,265.7850058,268.1872253,79514200,27.56999969,100.2399979,0.726000011,29.62999916,24.13999939,218.8643799,122.0722961,216.9202423,0.17,0.73,0
2020-05-12,269.3700042,269.7825831,262.7042731,262.8418274,95870800,33.04000092,99.93000031,0.6779999733,29.97999954,25.78000069,214.2820129,117.6880722,212.9139404,0.17,0.69,0
2020-05-13,262.2824185,263.3184963,255.7725716,258.1931458,144721100,35.27999878,100.2399979,0.648999989,29.19000053,25.29000092,211.6000671,113.748764,208.2098389,0.16,0.64,0
2020-05-14,255.7635079,261.4114601,250.2988868,261.2831116,121977900,32.61000061,100.4700012,0.6190000176,31.12999916,27.55999947,214.002243,114.119545,211.7244415,0.16,0.63,0
2020-05-15,258.8992509,262.5300857,257.9548661,262.4842529,111146300,31.88999939,100.4000015,0.6399999857,32.5,29.43000031,215.3914337,115.9362183,212.2817841,0.16,0.64,0
2020-05-18,268.6914141,272.0838781,268.3705288,270.4793396,119703800,29.29999924,99.66999817,0.7440000176,34.81000137,31.81999969,219.4046326,122.9806519,220.3640747,0.18,0.73,0
2020-05-19,269.88341,271.5887919,267.6829054,267.7012329,95189300,30.53000069,99.37000275,0.7110000253,34.65000153,32.5,218.8547211,120.5521851,217.0397491,0.17,0.7,0
2020-05-20,271.2312398,273.1108312,271.00202,272.2489624,85861700,27.98999977,99.12000275,0.6800000072,35.75,33.49000168,223.2248993,124.2041626,220.184906,0.16,0.68,0
2020-05-21,272.1206277,272.927486,269.2782961,270.3693848,78293900,29.53000069,99.37000275,0.6769999862,36.06000137,33.91999817,220.793808,124.42659,219.5486755,0.17,0.68,0
2020-05-22,270.085132,271.0570218,268.8473394,270.8828125,63958200,28.15999985,99.86000061,0.6570000052,35.13000107,33.25,221.5559387,125.0290985,219.4231873,0.17,0.66,0
2020-05-26,276.8332953,277.0716928,270.9010865,274.2201843,88951400,28.01000023,98.91000366,0.6980000138,36.16999817,34.34999847,220.95784,128.6347656,224.2349396,0.18,0.69,0
2020-05-27,277.0075813,278.3370675,272.1939648,278.3003845,104817400,27.62000084,99.05999756,0.6800000072,34.74000168,32.81000137,222.163681,132.6296692,229.1811829,0.19,0.68,0
2020-05-28,279.3272768,281.3352447,277.1175943,277.7869263,90405200,28.59000015,98.37999725,0.7049999833,35.29000092,33.70999908,221.8743134,129.4874725,227.9087524,0.17,0.7,0
2020-05-29,277.3193395,279.611538,274.577879,279.0247498,119090800,27.51000023,98.33999634,0.6480000019,35.33000183,35.49000168,225.1254272,128.7459412,227.8550262,0.16,0.65,0
2020-06-01,278.3829258,280.7576401,277.8694755,280.1524963,55758300,28.22999954,97.83000183,0.6620000005,38.31999969,35.43999863,225.8006592,129.9787292,228.7331085,0.14,0.66,0
2020-06-02,281.0693437,282.5180287,279.7398855,282.472168,74267200,26.84000015,97.66999817,0.6800000072,39.56999969,36.81000137,227.3153076,131.0539093,231.0449219,0.17,0.68,0
2020-06-03,284.4526665,287.1849772,284.1776138,286.2314148,92567600,25.65999985,97.27999878,0.7609999776,39.79000092,37.29000092,228.3378906,134.2146301,235.8119202,0.19,0.77,0
2020-06-04,285.2503334,286.9832489,283.3890693,285.4795532,75794400,25.80999947,96.68000031,0.8199999928,39.99000168,37.40999985,226.7364349,134.0200043,235.955307,0.19,0.82,0
2020-06-05,290.8616625,294.5658352,290.7974743,292.7962646,150524700,24.52000046,96.94000244,0.9039999843,42.29999924,39.54999924,231.2320099,139.201355,243.3117981,0.22,0.91,0
2020-06-08,293.6031686,296.5280166,293.062213,296.3354797,73641200,25.80999947,96.62000275,0.8840000033,40.79999924,38.18999863,233.0263672,141.8986053,247.5588379,0.22,0.88,0
2020-06-09,293.676412,296.4087223,292.8145433,294.1257019,77479200,27.56999969,96.31999969,0.8289999962,41.18000031,38.93999863,234.7146149,139.2755127,244.9605103,0.2,0.84,0
2020-06-10,294.703388,295.5927622,291.7693628,292.4845276,95000800,27.56999969,95.95999908,0.7480000257,41.72999954,39.59999847,237.5315857,135.4937592,242.3440704,0.17,0.75,0
2020-06-11,285.5713184,286.2039676,275.0730636,275.6231689,209243600,40.79000092,96.73000336,0.6529999971,38.54999924,36.34000015,225.7621002,125.1588593,225.8299255,0.19,0.66,0
2020-06-12,282.6188813,283.3890566,273.7801789,278.9238586,194678900,36.09000015,97.31999969,0.699000001,38.72999954,36.25999832,227.5564575,128.1620178,230.050293,0.19,0.71,0
2020-06-15,273.2484115,282.6556039,272.0748069,281.527832,135782700,34.40000153,96.68000031,0.7020000219,39.72000122,37.11999893,230.3252106,131.1251068,231.4928589,0.19,0.71,0
2020-06-16,289.2570869,289.403791,282.0962619,286.9465332,137627500,33.66999817,96.95999908,0.7559999824,40.95999908,38.38000107,234.2805023,134.2778778,236.3942108,0.21,0.75,0
2020-06-17,287.9643214,288.2577295,285.0211184,285.7546387,83398900,33.47000122,97.16000366,0.7329999804,40.70999908,37.95999908,235.0233307,131.8505249,234.6021881,0.19,0.74,0
2020-06-18,284.2418488,286.3414829,283.783409,285.8647156,80828700,32.93999863,97.41999817,0.6940000057,41.50999832,38.84000015,235.6600494,131.8040161,234.2706909,0.19,0.71,0
2020-06-19,289.323518,289.516902,282.2877226,284.2308655,135549600,35.11999893,97.62000275,0.6970000267,42.18999863,39.75,235.62146,131.1251068,232.565979,0.19,0.7,0
2020-06-22,283.6323733,286.4503687,282.4904486,286.0543823,74649400,31.77000046,97.04000092,0.7039999962,43.08000183,40.45999908,238.4471741,132.4364014,233.931839,0.19,0.71,0
2020-06-23,288.6973649,289.6274972,286.9660419,287.3712463,68471200,31.37000084,96.69000244,0.7089999914,42.63000107,40.36999893,240.4766235,132.9944611,234.9923401,0.18,0.72,0
2020-06-24,285.3360277,285.9530525,278.2081614,280.0407715,132813500,33.84000015,97.15000153,0.6840000153,40.31000137,38.00999832,235.5190125,128.6791077,228.8187103,0.19,0.69,0
2020-06-25,279.4698475,283.3100723,277.453043,283.0429993,89468000,32.22000122,97.43000031,0.6740000248,41.04999924,38.72000122,237.7610321,130.6228638,231.3438416,0.17,0.68,0
2020-06-26,281.9471132,282.1589336,275.7401601,276.3203125,127961000,34.72999954,97.5,0.6359999776,41.02000046,38.49000168,232.1463318,127.107338,224.9994812,0.17,0.64,0
2020-06-29,277.5727537,280.5196623,275.2888763,280.3815308,79773300,31.78000069,97.54000092,0.6359999776,41.70999908,39.70000076,234.6782379,131.2645721,229.9689636,0.16,0.64,0
2020-06-30,279.9486629,285.6675596,279.7921233,283.973053,113394800,30.43000031,97.38999939,0.6529999971,41.15000153,39.27000046,239.2782745,133.1618805,231.7302551,0.16,0.66,0
2020-07-01,285.0873678,287.2238951,284.6269107,285.9622192,72396500,28.62000084,97.19999695,0.6819999814,42.02999878,39.81999969,242.0711517,131.8970184,231.227005,0.17,0.69,0
2020-07-02,289.3881896,290.7327451,286.8741108,287.5371704,69344200,27.68000031,97.31999969,0.6690000296,43.13999939,40.65000153,243.7139893,132.4364014,232.2245483,0.16,0.68,0
2020-07-06,291.3495847,292.5559799,290.6036466,291.9757996,61713800,27.94000053,96.79000092,0.6840000153,43.09999847,40.63000107,249.7056427,133.3943634,236.3402252,0.16,0.69,0
2020-07-07,290.437854,292.4085953,288.5868079,288.964386,82910000,29.43000031,96.87999725,0.6499999762,43.08000183,40.61999893,247.9854736,131.032074,232.7816315,0.16,0.65,0
2020-07-08,289.7287797,291.2851268,287.9698584,291.1746216,54638600,28.07999992,96.43000031,0.6529999971,43.29000092,40.90000153,251.2518463,132.0086517,234.2913208,0.16,0.67,0
2020-07-09,291.7824393,292.0218859,286.1096047,289.5169983,83354200,29.26000023,96.69999695,0.6050000191,42.34999847,39.61999893,253.3682861,129.3394623,231.1641235,0.16,0.62,0
2020-07-10,289.4526376,292.7403092,288.0252314,292.4732361,57550400,27.29000092,96.65000153,0.6330000162,43.24000168,40.54999924,255.0981598,131.4227295,234.3813019,0.16,0.65,0
2020-07-13,294.8122876,297.1882341,289.2868021,289.9406433,102997500,32.18999863,96.45999908,0.6399999857,42.72000122,40.09999847,249.8505249,129.7579041,234.5788574,0.16,0.64,0
2020-07-14,288.5224061,294.4715321,287.3252289,293.6979675,93657000,29.52000046,96.26000214,0.6150000095,42.90000153,40.29000092,251.6190491,131.9063263,239.5663147,0.14,0.63,0
2020-07-15,296.9119194,297.4920997,294.0202356,296.3962097,87196500,27.76000023,96.08000183,0.6299999952,43.79000092,41.20000076,252.1312714,136.7424622,241.651062,0.16,0.64,0
2020-07-16,294.4991603,295.8713134,293.8545091,295.4200745,54622500,28,96.34999847,0.6119999886,43.36999893,40.75,250.4111023,135.9333344,240.3570557,0.16,0.62,0
2020-07-17,296.4238389,297.0592719,294.4530692,296.2764893,62774900,25.68000031,95.94000244,0.628000021,43.13999939,40.59000015,250.7009888,136.3332825,239.8902893,0.14,0.64,0
2020-07-20,296.0094429,299.4168367,295.2635047,298.6708984,56308800,24.45999908,95.83000183,0.6200000048,43.27999878,40.81000137,257.8136902,135.747345,239.9623718,0.16,0.62,0
2020-07-21,300.6324542,301.074475,298.3209505,299.3063354,57292200,24.84000015,95.12000275,0.6069999933,44.31999969,41.95999908,255.1270752,137.6725311,241.329361,0.14,0.61,0
2020-07-22,298.9472012,301.3231759,298.836696,301.0100403,57792900,24.31999969,94.97000122,0.5950000286,44.29000092,41.90000153,256.0257874,137.7468872,242.804245,0.14,0.6,0
2020-07-23,300.6507208,301.3506242,296.05537,297.4183044,75738000,26.07999992,94.69000244,0.5820000172,43.31000137,41.06999969,249.3384247,137.8864136,239.8453369,0.16,0.59,0
2020-07-24,295.5673699,296.5251003,294.0018048,295.5028992,73766600,25.84000015,94.44000244,0.5889999866,43.34000015,41.29000092,246.9707489,135.8589172,238.0467529,0.14,0.59,0
2020-07-27,296.1937084,297.832935,295.4017074,297.657959,48293000,24.73999977,93.66999817,0.6090000272,43.40999985,41.59999847,251.3774872,137.2726135,239.1799316,0.15,0.62,0
2020-07-28,296.9304136,298.0447402,295.4753812,295.7700806,57495000,25.44000053,93.76000214,0.5809999704,43.22000122,41.04000092,248.1787567,135.9054413,237.3631592,0.14,0.59,0
2020-07-29,296.6448504,299.969365,296.608006,299.4075928,48454200,24.10000038,93.26000214,0.5789999962,43.75,41.27000046,251.0392456,138.9001465,238.7751617,0.12,0.58,0
2020-07-30,296.4422441,298.7537475,294.3609974,298.339325,61861700,24.76000023,93.01999664,0.5410000086,42.93999863,39.91999817,252.3535461,138.3513947,236.7787018,0.11,0.55,0
2020-07-31,300.1259066,300.7981841,295.9173224,300.6968689,84986800,24.45999908,93.48999786,0.5360000134,43.29999924,40.27000046,256.8568726,137.0493927,237.740799,0.11,0.55,0
2020-08-03,302.3545837,303.551761,301.8112477,302.7874146,53077900,24.28000069,93.5,0.5630000234,44.15000153,41.00999832,260.3262329,139.2814789,239.8722687,0.11,0.56,0
2020-08-04,301.9308263,303.9568481,301.9308263,303.9568481,41917900,23.76000023,93.37999725,0.5149999857,44.43000031,41.70000076,261.2926331,140.2393799,241.3922424,0.11,0.52,0
2020-08-05,305.2553867,306.10264,304.9883137,305.8447571,42697700,22.98999977,92.83000183,0.5429999828,45.16999817,42.18999863,261.940155,143.0294952,244.6208954,0.11,0.55,0
2020-08-06,305.264608,308.008914,304.9422825,307.8891907,43679400,22.64999962,92.79000092,0.5360000134,45.09000015,41.95000076,265.4095154,142.9736938,246.3295898,0.11,0.55,0
2020-08-07,306.9222425,308.3957106,306.0197366,308.1102295,57308300,22.20999908,93.44000244,0.5619999766,44.40000153,41.22000122,262.3459778,145.2429657,246.9770966,0.13,0.57,0
2020-08-10,308.5614833,309.2153244,306.627558,309.0311584,44282100,22.12999916,93.58000183,0.574000001,44.99000168,41.93999863,261.2249451,146.7496643,250.1430054,0.14,0.59,0
2020-08-11,310.2099748,310.8454078,305.7527531,306.4802551,69601100,24.03000069,93.62999725,0.6579999924,44.5,41.61000061,256.2770996,145.9033051,249.2884216,0.16,0.64,0
2020-08-12,308.9114371,311.5268299,308.8838108,310.7532654,53774400,22.28000069,93.44000244,0.6700000167,45.43000031,42.66999817,262.7228699,146.4984894,251.8516235,0.16,0.69,0
2020-08-13,309.9888956,311.4992082,309.2705837,310.1914978,41816100,22.12999916,93.33999634,0.7160000205,44.95999908,42.24000168,263.3220215,146.1915741,251.2939606,0.16,0.71,0
2020-08-14,309.8047583,310.7348906,309.0772281,310.2007446,47260400,22.04999924,93.09999847,0.7089999914,44.79999924,42.00999832,263.0128479,146.0986176,251.6357422,0.14,0.71,0
2020-08-17,311.2137225,311.5820825,310.2099295,311.1860962,35481000,21.35000038,92.84999847,0.6830000281,45.36999893,42.88999939,266.0665588,146.8518982,250.8713684,0.14,0.69,0
2020-08-18,311.5820768,312.2819805,309.9888853,311.8583679,38733900,21.51000023,92.26999664,0.6690000296,45.45999908,42.88999939,268.6274719,145.4475555,250.1967621,0.14,0.67,0
2020-08-19,312.2359485,312.7516582,309.9981337,310.559906,68054200,22.54000092,92.88999939,0.6750000119,45.36999893,42.93000031,266.8203735,145.4568329,249.504303,0.14,0.68,0
2020-08-20,308.8377736,312.0057207,308.7088603,311.5268555,42207800,22.71999931,92.79000092,0.6439999938,44.90000153,42.58000183,270.521637,144.8616333,249.8999939,0.13,0.65,0
2020-08-21,311.1953341,312.8529684,310.8545723,312.631958,55106600,22.54000092,93.25,0.6399999857,44.34999847,42.34000015,272.3964844,143.792099,251.7242279,0.16,0.64,0
2020-08-24,315.0631176,315.8735265,312.6042928,315.7998657,48588700,22.37000084,93.30000305,0.6460000277,45.13000107,42.61999893,274.09729,145.2987823,255.2303314,0.14,0.65,0
2020-08-25,316.3616628,316.9878777,315.2013018,316.9049988,38463400,22.03000069,93.01999664,0.6819999814,45.86000061,43.34999847,276.2523499,145.4568329,254.7255249,0.15,0.69,0
2020-08-26,317.4943867,320.3491982,316.9510507,320.0821533,50790200,23.27000046,93.01000214,0.6869999766,45.63999939,43.38999939,282.1473694,144.5454254,255.4556732,0.16,0.69,0
2020-08-27,320.9478294,322.2278856,319.1244091,320.7820435,58034100,24.46999931,93.01000214,0.7459999919,45.09000015,43.04000092,281.2680359,144.8988342,256.9068298,0.16,0.74,0
2020-08-28,321.8042374,322.9830064,320.6162503,322.8540649,48588900,22.95999908,92.37000275,0.7289999723,45.04999924,42.97000122,282.6981506,146.1265106,258.402832,0.14,0.74,0
2020-08-31,322.6422984,323.5171501,321.4543112,321.6845398,66099200,26.40999985,92.13999939,0.6930000186,45.27999878,42.61000061,284.9692383,144.5547333,256.2216492,0.14,0.72,0
2020-09-01,322.513357,324.8156425,321.6200691,324.7143555,54908700,26.12000084,92.33999634,0.6719999909,45.58000183,42.75999832,289.8397827,146.2102203,258.4841003,0.13,0.68,0
2020-09-02,326.6206117,330.3779288,325.4786591,329.4109802,69540000,26.56999969,92.84999847,0.6510000229,44.43000031,41.50999832,292.5843201,147.372757,262.4676514,0.14,0.66,0
2020-09-03,327.7256539,328.1953291,315.4959174,318.0744934,148011100,33.59999847,92.73999786,0.621999979,44.06999969,41.36999893,277.7502441,143.0202026,255.3744812,0.13,0.63,0
2020-09-04,318.7560526,320.3215899,308.3865492,315.4776001,139156300,30.75,92.72000122,0.7210000157,42.65999985,39.77000046,274.0489807,142.1087799,253.9594879,0.14,0.72,0
2020-09-08,310.0810492,315.5420924,306.5539598,306.8578491,114465300,31.45999908,93.48000336,0.6840000153,39.77999878,36.75999832,260.8770447,139.3744965,248.2362518,0.14,0.69,0
2020-09-09,310.8545224,315.3762137,309.9888609,312.9173889,91462300,28.80999947,93.26000214,0.7030000091,40.79000092,38.04999924,268.5405884,141.485672,252.2290039,0.14,0.71,0
2020-09-10,314.786913,315.4407543,306.5263111,307.4840698,90569500,29.70999908,93.33999634,0.6850000024,40.06000137,37.29999924,263.1867676,139.6442108,248.5697021,0.14,0.68,0
2020-09-11,309.2614125,310.3204582,304.8225993,307.6405945,84680200,26.87000084,93.33000183,0.6690000296,39.83000183,37.33000183,261.3603516,138.7141418,249.741272,0.13,0.67,0
2020-09-14,310.7992782,313.4607333,307.7878993,311.6925659,65605700,25.85000038,93.06999969,0.6710000038,39.61000061,37.25999832,265.9119873,142.3691711,252.8417816,0.14,0.68,0
2020-09-15,314.142216,314.9710331,311.7017993,313.2673645,52920900,25.59000015,93.05000305,0.67900002,40.52999878,38.27999878,269.6808472,142.6388855,252.8868408,0.14,0.68,0
2020-09-16,314.5014007,315.9288064,311.7478483,312.0241394,82096000,26.04000092,93.20999908,0.6869999766,42.22000122,40.15999985,265.3804016,143.987442,253.292511,0.14,0.69,0
2020-09-17,307.1800718,310.9926693,306.6551441,309.2797546,91523300,26.45999908,92.97000122,0.6840000153,43.29999924,40.97000122,261.2346802,142.9364929,251.9766235,0.13,0.69,0
2020-09-18,310.0831693,310.1941168,303.2411334,305.7190552,105877900,25.82999992,92.93000031,0.6940000057,43.15000153,41.11000061,257.9006348,142.5644684,249.8236542,0.14,0.7,0
2020-09-21,301.142357,302.4645288,297.4716924,302.3165894,99450800,27.78000069,93.54000092,0.6710000038,41.43999863,39.31000137,258.5190735,137.5702057,245.2340851,0.14,0.68,0
2020-09-22,303.7959671,305.9502737,301.2902797,305.3955078,63612100,26.86000061,93.98999786,0.6639999747,41.72000122,39.59999847,263.3220215,138.6304321,246.471817,0.13,0.68,0
2020-09-23,305.9504163,306.2278135,297.8139401,298.3132324,93112200,28.57999992,94.38999939,0.675999999,41.77000046,39.93000031,255.2816772,134.5003052,241.7467651,0.14,0.68,0
2020-09-24,297.0001883,302.1594469,295.6872431,299.1082764,76681300,28.51000023,94.34999847,0.6660000086,41.93999863,40.31000137,256.4704285,134.5003052,242.2166138,0.14,0.67,0
2020-09-25,298.2576534,304.7298577,297.3885548,303.9439697,71069400,26.37999916,94.58000183,0.6589999795,41.91999817,40.25,262.4330139,136.6848907,245.4690552,0.12,0.66,0
2020-09-28,308.0953849,309.7041808,307.1060556,308.9922485,64584600,26.19000053,94.26000214,0.6629999876,42.43000031,40.59999847,267.8833313,140.055069,249.2633514,0.14,0.67,0
2020-09-29,308.7887839,309.5284529,306.6159675,307.3094177,51304000,26.27000046,93.88999939,0.6449999809,41.02999878,39.29000092,266.6753235,139.4202423,247.9263763,0.11,0.66,0
2020-09-30,307.9751979,312.7831321,307.7810397,309.6394958,104081100,26.37000084,93.88999939,0.6769999862,40.95000076,40.22000122,268.5018311,139.8403778,250.7090912,0.13,0.69,0
2020-10-01,312.2283039,313.199123,309.7503817,311.6273193,88698700,26.70000076,93.70999908,0.6769999862,40.93000031,38.72000122,272.7637024,142.0716095,251.2872314,0.14,0.68,0
2020-10-02,306.689949,311.5995746,306.2183938,308.6685791,89431100,27.62999916,93.83999634,0.69599998,39.27000046,37.04999924,265.0905457,142.697113,250.0767365,0.13,0.7,0
2020-10-05,310.72127,314.3272067,310.6750513,314.1423035,45713100,27.95999908,93.51000214,0.7620000243,41.29000092,39.22000122,270.743866,146.6368103,254.3318024,0.14,0.78,0
2020-10-06,314.2809735,316.3705797,309.1679336,309.6764526,90128900,29.47999954,93.83000183,0.7419999838,42.65000153,40.66999817,265.9119873,146.2167053,250.9077606,0.14,0.76,0
2020-10-07,312.6259052,315.8712619,312.5981684,315.066864,56999600,28.05999947,93.62999725,0.7850000262,41.99000168,39.95000076,270.5120544,149.4095001,255.6057587,0.16,0.81,0
2020-10-08,316.9992897,317.9238902,316.083916,317.8591614,45242500,26.36000061,93.61000061,0.7649999857,43.34000015,41.18999863,271.9519958,151.1086121,256.8435059,0.13,0.78,0
2020-10-09,319.5049503,321.1599931,318.8854838,320.6976929,59528600,25,93.05999756,0.7749999762,42.84999847,40.59999847,276.1073608,151.892807,258.3250427,0.16,0.79,0
2020-10-12,323.2310414,327.3270143,322.7410043,325.8569031,80388500,25.06999969,93.06999969,0.77700001,41.72000122,39.43000031,284.6309814,152.9103851,260.6109314,0.16,0.79,0
2020-10-13,325.7182319,325.8939083,322.7687544,323.7303467,73255500,26.06999969,93.52999878,0.7269999981,42.45000076,40.20000076,284.6212769,151.892807,259.0570068,0.16,0.74,0
2020-10-14,324.3036388,325.3946607,320.9658444,321.6962585,57727900,26.39999962,93.37999725,0.7220000029,43.31999969,41.04000092,282.2440186,150.38974,257.602417,0.14,0.73,0
2020-10-15,317.7944317,321.7794576,317.2581758,321.2986755,60357700,26.96999931,93.86000061,0.7310000062,43.15999985,40.95999908,280.3499451,151.9394836,257.5210876,0.14,0.74,0
2020-10-16,322.6485898,324.3036326,320.9288463,321.1045227,89501900,27.40999985,93.68000031,0.7440000176,42.93000031,40.88000107,278.813324,151.5661011,258.4674683,0.14,0.76,0
2020-10-19,322.3620206,322.9907423,315.325823,316.2226868,68425600,29.18000031,93.43000031,0.7609999776,42.61999893,40.83000183,274.2614746,149.7549438,254.9062958,0.16,0.78,0
2020-10-20,317.563305,320.7254514,316.805154,317.4893494,60051900,29.35000038,93.06999969,0.7969999909,43.15999985,41.45999908,274.8511353,150.0816803,255.7377625,0.14,0.81,0
2020-10-21,317.4431045,319.6066947,316.5832327,316.8883667,63575000,28.64999962,92.61000061,0.8159999847,41.72999954,40.02999878,274.6384277,148.7933502,254.8521729,0.14,0.83,0
2020-10-22,317.1009713,319.2090592,314.9651464,318.6265564,55399300,28.11000061,92.94999695,0.84799999,42.45999908,40.63999939,274.6288757,151.360672,256.3705444,0.16,0.87,0
2020-10-23,319.8470585,319.9025322,317.2581882,319.708374,49143900,27.54999924,92.76999664,0.8410000205,41.77000046,39.84999847,275.1699829,152.238266,256.09021,0.18,0.85,0
2020-10-26,316.3335672,317.1194832,310.314409,313.8001709,91473000,32.45999908,93.05000305,0.800999999,40.45999908,38.56000137,271.0435181,148.9521027,250.3601227,0.16,0.81,0
2020-10-27,314.1423378,314.4751805,312.5057765,312.7184448,65994100,33.34999847,92.94000244,0.7779999971,41.20000076,39.56999969,273.1599121,147.6730499,248.2451172,0.16,0.79,0
2020-10-28,307.0599518,312.7462415,301.5400835,302.0301208,127094300,40.27999878,93.41000366,0.7810000181,39.11999893,37.38999939,262.5103149,143.1265564,239.9481049,0.16,0.79,0
2020-10-29,302.2612007,308.2618499,300.5784207,305.0997314,90597700,37.59000015,93.95999908,0.8349999785,37.65000153,36.16999817,267.100647,144.8350372,240.9512482,0.16,0.85,0
2020-10-30,303.5278633,304.8315534,298.276139,301.9190674,120287300,38.02000046,94.04000092,0.8600000143,37.45999908,35.79000092,260.3262329,142.9211731,239.5684052,0.14,0.88,0
2020-11-02,305.3031006,307.3002129,302.5662628,305.3031006,86068300,37.13000107,94.05000305,0.8489999771,38.97000122,36.81000137,260.9061279,145.4698334,243.3102264,0.16,0.87,0
2020-11-03,308.5299804,312.746157,305.386344,310.6935425,93294200,35.54999924,93.55000305,0.8820000291,39.70999908,37.65999985,265.4192505,149.5962372,248.2361603,0.17,0.9,0
2020-11-04,315.1593475,321.7055356,313.9851149,317.6372986,126959700,29.56999969,93.41000366,0.7680000067,41.22999954,39.15000153,277.2670593,149.7642517,251.724884,0.14,0.78,0
2020-11-05,322.9075222,325.6351054,322.5561694,323.8321228,82039700,27.57999992,92.52999878,0.7760000229,40.93000031,38.79000092,284.495697,153.9560242,256.6056213,0.14,0.79,0
2020-11-06,323.5454189,325.0063034,321.4373311,323.7580872,74973000,24.86000061,92.23000336,0.8199999928,39.45000076,37.13999939,284.708313,152.7517242,255.9819336,0.16,0.83,0
2020-11-09,336.5268805,336.9059701,327.3640852,327.8263855,172304200,25.75,92.73000336,0.9580000043,42.40000153,40.29000092,278.890625,158.287796,263.6643372,0.17,0.96,0
2020-11-10,326.8370643,328.3996416,324.0817725,327.3456116,85552000,24.79999924,92.75,0.9720000029,43.61000061,41.36000061,273.8943787,161.2285767,266.1861877,0.19,0.98,0
2020-11-11,329.5276225,330.6001625,328.2886612,329.7772827,58649000,23.45000076,93.04000092,0.9580000043,43.79999924,41.45000076,280.0212402,161.163269,265.824585,0.19,0.98,0
2020-11-12,328.769485,329.8235433,324.7752317,326.578186,67546200,25.35000038,92.95999908,0.8849999905,43.52999878,41.11999893,278.7069702,158.6892548,263.0589294,0.17,0.88,0
2020-11-13,328.4828518,331.8391565,327.9650777,331.0994873,62892200,23.10000038,92.76000214,0.8930000067,42.77999878,40.13000107,281.1520386,161.9754639,266.7645264,0.17,0.89,0
2020-11-16,333.7624016,335.4266717,332.4771929,335.2325134,74541100,22.45000076,92.56999969,0.9060000181,43.81999969,41.34000015,283.3457031,165.8311157,271.1300049,0.19,0.91,0
2020-11-17,332.8284282,334.6314104,331.3213249,333.4294128,66111000,22.70999908,92.41999817,0.871999979,43.75,41.43000031,282.4470215,166.6059723,269.620636,0.18,0.87,0
2020-11-18,333.6975921,334.2431031,329.3796951,329.416687,70591300,23.84000015,92.31999969,0.8820000291,44.34000015,41.81999969,280.3594666,164.2720184,266.4120789,0.16,0.88,0
2020-11-19,328.7879967,331.173454,327.4473145,330.8036194,59940900,23.11000061,92.29000092,0.8539999723,44.20000076,41.74000168,282.5532532,165.5323639,266.9273987,0.18,0.86,0
2020-11-20,330.5446952,330.7481084,328.4643439,328.5382996,70417300,23.70000076,92.38999939,0.8289999962,44.95999908,42.15000153,280.6204834,165.7097473,264.9815674,0.16,0.83,0
2020-11-23,330.3412996,331.7651924,328.1130088,330.5077209,63230600,22.65999985,92.51000214,0.8569999933,46.06000137,43.06000137,280.6300964,168.8092346,268.025116,0.16,0.86,0
2020-11-24,333.0503479,336.3789155,332.1997312,335.8334045,62415900,21.63999939,92.23000336,0.8820000291,47.86000061,44.90999985,284.572998,171.9833832,272.1376343,0.16,0.88,0
2020-11-25,335.7502373,335.7779742,334.2246518,335.3156738,45330900,21.25,91.98999786,0.878000021,48.61000061,45.70999908,286.3222046,171.3951874,270.60672,0.17,0.88,0
2020-11-27,336.406617,336.7209777,335.2416114,336.2494507,28514100,20.84000015,91.79000092,0.8420000076,48.18000031,45.52999878,288.9604187,172.1233826,271.0596008,0.16,0.84,1
2020-11-30,335.4728577,335.7409998,332.088844,334.7609253,83872700,20.56999969,91.87000275,0.8439999819,47.59000015,45.34000015,289.5498962,168.9959869,268.6862793,0.16,0.84,0
2020-12-01,338.0062794,339.9571733,337.4145214,338.4223328,74231400,20.77000046,91.30999756,0.9340000153,47.41999817,44.54999924,293.2607422,170.5643616,270.335083,0.17,0.92,0
2020-12-02,337.3126915,339.2913215,336.7394439,339.1341553,45927000,21.17000008,91.12000275,0.9480000138,48.25,45.27999878,293.6377869,170.7417297,271.0052185,0.16,0.95,0
2020-12-03,339.032493,340.4286487,337.9414712,339.041748,62882000,21.28000069,90.70999908,0.9200000167,48.70999908,45.63999939,294.0533142,171.7033539,271.8024292,0.16,0.92,0
2020-12-04,339.6242325,341.9634705,339.5317668,341.9634705,50749900,20.79000092,90.69999695,0.9689999819,49.25,46.25999832,295.2516174,175.6989899,274.0942078,0.16,0.97,0
2020-12-07,341.1960744,341.7508404,339.994105,341.2608032,48944300,21.29999924,90.79000092,0.9279999733,48.79000092,45.75999832,296.9234314,175.8670502,272.7444763,0.14,0.94,0
2020-12-08,339.9940865,342.8233616,339.9478677,342.2593689,42458900,20.68000031,90.97000122,0.9129999876,48.84000015,45.59999847,297.9285278,178.1263275,273.7408752,0.14,0.92,0
2020-12-09,342.9158978,343.0730641,338.3576233,339.1897583,74098300,22.27000046,91.08999634,0.9409999847,48.86000061,45.52000046,291.183075,176.8286591,272.5452576,0.16,0.95,0
2020-12-10,337.8212641,340.1235102,336.9521374,339.0787354,57735400,22.52000046,90.79000092,0.9079999924,50.25,46.77999878,292.352417,178.5370789,272.2372742,0.14,0.92,0
2020-12-11,337.3867781,339.0880399,335.8704477,338.6812134,57698600,23.30999947,90.98000336,0.8930000067,49.97000122,46.56999969,291.7049866,177.6595306,272.5905762,0.11,0.9,0
2020-12-14,340.8447456,341.9172574,336.9891491,337.1648254,69216200,24.71999931,90.70999908,0.8920000196,50.29000092,46.99000168,293.8213501,177.8674316,270.9328613,0.13,0.9,0
2020-12-15,339.6982972,341.723175,338.3299062,341.723175,63865300,22.88999939,90.47000122,0.9229999781,50.75999832,47.61999893,296.9621582,182.3157654,274.1214294,0.11,0.92,0
2020-12-16,341.9357531,343.1747143,341.0573714,342.2593689,58420500,22.5,90.44999695,0.9200000167,51.08000183,47.81999969,298.5953369,181.6602173,273.6957092,0.13,0.92,0
2020-12-17,343.8959099,344.376692,343.073002,344.1732788,64119500,21.93000031,89.81999969,0.9300000072,51.5,48.36000061,300.5473633,183.8235016,274.9093018,0.13,0.94,0
2020-12-18,344.4612008,344.6283315,340.7934488,342.7991028,136542300,21.56999969,90.01999664,0.9480000138,52.25999832,49.09999847,299.6389771,182.9338226,274.0001221,0.13,0.95,0
2020-12-21,338.8899538,351.4159755,336.1600382,341.5734253,96386700,25.15999985,90.04000092,0.9409999847,50.90999985,47.74000168,299.0784607,182.8401794,274.2178345,0.13,0.95,0
2020-12-22,341.8983061,342.0097266,339.8740922,340.9976196,47949000,24.22999954,90.65000153,0.9179999828,50.08000183,47.02000046,299.8916321,184.9192047,272.3391724,0.13,0.93,0
2020-12-23,341.9634255,343.2076683,340.9791734,341.3041687,46201400,23.30999947,90.41000366,0.9549999833,51.20000076,48.11999893,298.3814087,186.4925079,273.4373779,0.13,0.96,0
2020-12-24,341.7777174,342.6598437,341.1927598,342.6319885,26457900,21.53000069,90.33000183,0.9279999733,51.29000092,48.22999954,299.6981506,186.3707581,274.1089478,0.13,0.94,1
2020-12-28,345.1760839,345.9653501,344.5539769,345.5753784,39000400,21.70000076,90.33999634,0.9330000281,50.86000061,47.61999893,302.7187195,185.6777344,275.9058838,0.13,0.94,0
2020-12-29,347.0982166,347.2746419,344.3311518,344.9161377,53680500,23.07999992,90.01000214,0.9350000024,51.09000015,48,302.9897766,182.081604,275.4159241,0.12,0.94,0
2020-12-30,345.73329,346.4389909,345.0183229,345.4082947,49455300,22.77000046,89.62999725,0.925999999,51.34000015,48.40000153,302.9993896,183.9358978,276.0239258,0.12,0.93,0
2020-12-31,345.2133253,347.8875306,344.7026385,347.163269,78520700,22.75,89.94000244,0.9169999957,51.79999924,48.52000046,303.7449341,183.6081085,277.5304565,0.13,0.93,0
2021-01-04,348.4910954,348.6211048,338.7506988,342.4370117,110210800,26.96999931,89.87999725,0.9169999957,51.09000015,47.61999893,299.4560242,181.2107086,274.3812256,0.11,0.93,0
2021-01-05,341.7962081,345.8817859,341.749764,344.7953796,66426200,25.34000015,89.44000244,0.9549999833,53.59999847,49.93000031,301.9247437,184.0108185,275.7606812,0.13,0.96,0
2021-01-06,343.2911839,350.0417009,342.7433476,346.856781,107997700,25.06999969,89.52999878,1.042000055,54.29999924,50.63000107,297.7424316,191.5401611,279.7268677,0.14,1.04,0
2021-01-07,349.2245978,352.7530455,349.0481726,352.0102234,68766800,22.37000084,89.83000183,1.07099998,54.38000107,50.83000183,304.9454346,194.9489899,281.8052673,0.14,1.08,0
2021-01-08,353.3936727,354.2293546,350.1530713,354.0158081,71677200,21.55999947,90.09999847,1.105000019,55.99000168,52.24000168,308.866394,194.5276184,282.2954407,0.14,1.13,0
2021-01-11,350.8495753,353.3844766,350.7288603,351.6295471,51034700,24.07999992,90.54000092,1.131999969,55.65999985,52.25,304.4031982,194.3589935,281.5057373,0.14,1.15,0
2021-01-12,351.8152452,352.7159036,349.4660071,351.7037964,52547700,23.32999992,90.05000305,1.138000011,56.58000183,53.20999908,303.9191589,197.8427277,282.0230713,0.14,1.15,0
2021-01-13,351.6294773,353.644397,350.8495056,352.6508789,45303600,22.20999908,90.31999969,1.088000059,56.06000137,52.90999985,305.9715881,196.4286346,281.9232483,0.14,1.1,0
2021-01-14,353.3937533,353.8951739,351.0816931,351.4159546,49989100,23.25,90.23999786,1.128999949,56.41999817,53.56999969,304.3355103,200.3525543,281.396759,0.16,1.15,0
2021-01-15,349.800313,350.5988455,346.9961266,348.8532104,107160000,24.34000015,90.77999878,1.097000003,55.09999847,52.36000061,301.9247437,197.3651123,279.7607727,0.13,1.11,0
2021-01-19,351.3045005,352.1309163,349.8281224,351.5923462,51233300,23.23999977,90.5,1.092000008,55.90000153,52.97999954,306.3297729,199.8936462,280.8502197,0.14,1.1,0
2021-01-20,353.8765126,357.2935676,353.486541,356.4578857,61836100,21.57999992,90.47000122,1.090000033,56.08000183,53.24000168,313.4552612,200.7739258,283.0746765,0.13,1.1,0
2021-01-21,357.0150029,357.4421525,355.8636202,356.7828674,47840100,21.31999969,90.12999725,1.108999968,56.09999847,53.13000107,315.9628296,199.0320892,283.1654358,0.13,1.12,0
2021-01-22,354.9350947,356.6807578,354.5543892,355.5200806,52860500,21.90999985,90.23999786,1.090999961,55.40999985,52.27000046,315.0528564,201.3451843,281.4404297,0.13,1.1,0
2021-01-25,356.2537204,357.2750939,351.4159962,356.9222717,70402000,23.19000053,90.38999939,1.039999962,55.88000107,52.77000046,317.6570129,201.1485291,281.1498413,0.13,1.05,0
2021-01-26,357.8693763,358.2779371,356.1330073,356.3651428,42665300,23.02000046,90.16999817,1.039999962,55.90999985,52.61000061,318.1217346,199.7531433,280.9136963,0.11,1.05,0
2021-01-27,353.050191,353.1430508,345.4268702,347.655365,123351100,37.20999908,90.65000153,1.014000058,55.81000137,52.84999847,309.2536316,196.0915222,275.3479614,0.12,1.04,0
2021-01-28,349.465967,354.6379514,349.0295795,350.6452332,94198100,30.20999908,90.45999908,1.057000041,55.52999878,52.34000015,311.0834351,195.4640045,277.899353,0.12,1.07,0
2021-01-29,348.7881477,349.7538391,341.9540656,343.6254578,126765100,33.09000015,90.58000183,1.093000054,55.88000107,52.20000076,304.5387573,192.504776,272.2154846,0.11,1.11,0
2021-02-01,347.0145967,350.375913,343.9132709,349.3452454,75817600,30.23999977,91.01999664,1.077000022,56.34999847,53.54999924,312.1484375,197.234024,274.222168,0.11,1.09,0
2021-02-02,352.5208412,355.8357418,349.4288099,354.2850647,64450700,25.55999947,91.19999695,1.105000019,57.45999908,54.75999832,317.2408142,200.0434875,278.5804443,0.11,1.12,0
2021-02-03,355.1115876,356.2815595,353.2916533,354.5637512,52427100,22.90999985,91.12000275,1.131000042,58.45999908,55.68999863,315.9822083,200.6428528,278.9798584,0.11,1.15,0
2021-02-04,355.5943666,358.6399827,354.6751193,358.5935669,47142600,21.77000046,91.52999878,1.139000058,58.84000015,56.22999954,319.7192993,204.7352905,282.0758972,0.11,1.15,0
2021-02-05,360.4598875,360.7105835,358.5470939,360.0048828,48669800,20.87000084,91.04000092,1.169999957,59.34000015,56.84999847,320.8035889,207.572876,282.8659363,0.09,1.19,0
2021-02-08,361.4535082,362.6513352,360.5992655,362.6049194,38365200,21.23999977,90.93000031,1.159999967,60.56000137,57.97000122,322.9526978,212.8733826,284.9996948,0.11,1.19,0
2021-02-09,361.769184,362.9577448,361.3606516,362.3634644,35551100,21.62999916,90.44000244,1.156999946,61.09000015,58.36000061,322.8850098,213.8753967,285.0267639,0.11,1.18,0
2021-02-10,364.0997996,364.2483697,359.8099411,362.2055664,59154400,21.98999977,90.37000275,1.133000016,61.47000122,58.68000031,322.149353,212.4706879,285.5534363,0.11,1.15,0
2021-02-11,363.2827144,363.7005696,360.3671077,362.7905884,42913300,21.25,90.41999817,1.157999992,61.13999939,58.24000168,323.9209595,212.2272034,285.7168884,0.11,1.16,0
2021-02-12,361.9920325,364.8240737,361.9177333,364.5826721,50593300,19.96999931,90.48000336,1.200000048,62.43000031,59.47000122,325.7314148,212.8265686,286.0437927,0.11,1.2,0
2021-02-16,365.8082281,366.0032422,363.5518789,364.2668457,50972400,21.45999908,90.51000214,1.299000025,63.34999847,60.04999924,324.8504028,211.4873962,286.5339966,0.13,1.3,0
2021-02-17,362.5212661,364.6011904,361.5091307,364.3504944,52290600,21.5,90.94999695,1.300999999,64.33999634,61.13999939,323.291626,209.829834,287.4602966,0.11,1.29,0
2021-02-18,361.7506089,363.5426879,360.0328009,362.7998657,59712800,22.48999977,90.58999634,1.286999941,63.93000031,60.52000046,321.8781738,206.5801544,286.5159607,0.11,1.29,0
2021-02-19,364.0534437,364.3412894,361.7134999,362.1592102,83241000,22.04999924,90.36000061,1.345000029,62.90999985,59.24000168,320.4743652,210.8880463,286.4803467,0.11,1.34,0
2021-02-22,359.4013903,361.778455,359.1042501,359.3735352,67414200,23.45000076,90.01000214,1.370000005,65.23999786,61.49000168,312.1677856,209.5207977,286.7440796,0.11,1.37,0
2021-02-23,357.172851,361.1563028,353.031563,359.809906,107284100,23.11000061,90.16999817,1.361999989,65.37000275,61.66999817,311.2382812,207.6759033,286.9079895,0.11,1.37,0
2021-02-24,358.723511,364.2019299,357.7392591,363.7747803,72433900,21.34000015,90.18000031,1.389000058,67.04000092,63.22000122,313.803894,212.5831146,290.6739502,0.12,1.38,0
2021-02-25,362.5120336,363.8769912,353.5701709,355.0093994,146670500,28.88999939,90.12999725,1.518000007,66.87999725,63.52999878,302.8639221,204.7259216,285.6253662,0.17,1.54,0
2021-02-26,356.8850463,358.0271346,351.202375,353.1801453,152701600,27.95000076,90.93000031,1.460000038,66.12999725,61.5,304.1322021,204.4449615,281.5044861,0.14,1.44,0
2021-03-01,358.0364298,362.9855734,353.3751601,361.7413025,105348800,23.35000038,91.04000092,1.44599998,63.68999863,60.63999939,313.2810974,211.7121429,287.0899963,0.13,1.45,0
2021-03-02,361.9641337,362.1962691,358.4170976,358.9185181,79595300,24.10000038,90.79000092,1.414999962,62.70000076,59.75,308.2564392,207.6384277,285.8163147,0.13,1.42,0
2021-03-03,358.2221827,359.1878459,354.0623049,354.1644592,119940200,26.67000008,90.94999695,1.470000029,64.06999969,61.27999878,299.3107605,205.3908691,284.7247925,0.14,1.47,0
2021-03-04,353.9787992,356.5601449,345.3062199,349.7817993,183433000,28.56999969,91.62999725,1.549999952,66.73999786,63.83000183,294.4119568,199.6501617,281.6226501,0.14,1.54,0
2021-03-05,353.2730623,357.2658097,346.0118858,356.2165527,152039600,24.65999985,91.98000336,1.55400002,69.36000061,66.08999634,298.8461609,203.8830872,286.7715454,0.14,1.56,0
2021-03-08,357.1728777,359.9770636,354.1644115,354.4429626,123149200,25.46999931,92.30999756,1.595999956,68.23999786,65.05000305,290.3845825,204.8476715,289.5096436,0.17,1.59,0
2021-03-09,358.2778885,362.0477662,357.7764679,359.5035706,113633600,24.03000069,91.95999908,1.546000004,67.51999664,64.01000214,301.837616,209.1555176,289.8372498,0.17,1.55,0
2021-03-10,361.8434568,363.4312554,360.4320835,361.7413025,109899400,22.55999947,91.79000092,1.519999981,67.90000153,64.44000244,300.9759827,212.7891083,294.1308899,0.16,1.53,0
2021-03-11,364.2019038,367.3775004,363.7468991,365.4089966,86245000,21.90999985,91.41999817,1.52699995,69.62999725,66.01999664,307.9079895,217.4715271,295.9504089,0.14,1.54,0
2021-03-12,364.0534557,366.0405207,363.2456287,365.9012451,64653600,20.69000053,91.68000031,1.63499999,69.22000122,65.61000061,305.4100037,218.7545471,298.6611023,0.14,1.64,0
2021-03-15,366.1518388,368.343212,364.0162042,368.0832214,73427200,20.03000069,91.83000183,1.606999993,68.87999725,65.38999939,308.672821,219.5318298,300.280365,0.14,1.62,0
2021-03-16,368.6960693,369.4017418,366.848252,367.6189575,73722500,19.79000092,91.87000275,1.621000051,68.38999939,64.80000305,310.3669739,215.8608093,299.1615906,0.15,1.62,0
2021-03-17,366.3375684,369.6710298,365.1954519,368.8724976,97959300,19.22999954,91.40000153,1.641000032,68,64.59999847,311.6448975,217.5558319,300.8989868,0.13,1.63,0
2021-03-18,366.2911796,368.3711042,362.8277085,363.5055542,115349100,21.57999992,91.84999847,1.730000019,63.27999878,60,302.0990601,210.9348755,299.616394,0.16,1.71,0
2021-03-19,363.2055743,364.7799518,360.6623425,362.8329468,113624500,20.95000076,91.91999817,1.731999993,64.52999878,61.41999817,303.1640625,212.5269165,297.1743469,0.16,1.74,0
2021-03-22,363.3452831,367.108886,363.2893904,365.7301331,73778600,18.87999916,91.80000305,1.684000015,64.62000275,61.54999924,308.8493347,210.9254761,298.2955322,0.15,1.69,0
2021-03-23,365.0967423,366.5406847,362.0690971,362.8516235,90686600,20.29999924,92.33999634,1.638000011,60.79000092,57.75999832,307.5019226,203.274353,295.3967896,0.15,1.63,0
2021-03-24,364.248938,365.8792082,360.9604513,361.007019,97588600,21.20000076,92.52999878,1.613999963,64.41000366,61.18000031,302.3158264,198.5731812,295.4149475,0.14,1.62,0
2021-03-25,359.5725036,363.8298174,357.6347946,363.0379944,116128600,19.80999947,92.87999725,1.613999963,61.95000076,58.56000137,301.7923584,203.2813416,297.3384094,0.14,1.63,0
2021-03-26,364.1837334,369.2888185,363.5875351,368.8882446,114409100,18.86000061,92.76999664,1.659999967,64.56999969,60.97000122,306.3193359,206.9874268,301.3673706,0.14,1.67,0
2021-03-29,367.4163153,369.6055409,365.9351018,368.7019043,108107600,20.73999977,92.94000244,1.720999956,64.98000336,61.56000137,306.2320862,201.1609192,302.324585,0.14,1.73,0
2021-03-30,367.4349969,368.3945263,366.1307579,367.7237854,76262200,19.61000061,93.30000305,1.725999951,64.13999939,60.54999924,304.6907959,204.5479889,301.5589294,0.16,1.73,0
2021-03-31,368.2919754,370.7699893,368.2640291,369.2142334,112734200,19.39999962,93.23000336,1.746000051,63.54000092,59.15999985,309.3534241,207.2970886,300.9755554,0.16,1.74,0
2021-04-01,371.1425954,373.2573066,370.937646,373.2013855,99682900,17.32999992,92.93000031,1.67900002,64.86000061,61.45000076,314.6267395,209.9241486,302.1332092,0.17,1.69,0
2021-04-05,375.8564898,379.098409,375.7819757,378.558075,91684800,17.90999985,92.59999847,1.720000029,62.15000153,58.65000153,320.9083252,211.078186,305.5515137,0.17,1.73,0
2021-04-06,377.9991164,379.377841,377.6637318,378.3344727,62021000,18.12000084,92.33999634,1.656000018,62.74000168,59.33000183,320.6852722,210.4589539,304.7950439,0.16,1.67,0
2021-04-07,378.1668461,379.1170506,377.7103794,378.7723694,55836300,17.15999985,92.45999908,1.652999997,63.15999985,59.77000046,321.4606934,207.0625305,304.7950439,0.16,1.68,0
2021-04-08,380.0207124,380.6262357,379.0891292,380.570343,57863100,16.95000076,92.05999756,1.631999969,63.20000076,59.59999847,324.8147583,208.8170166,305.4876404,0.14,1.64,0
2021-04-09,380.4491822,383.5047732,380.3280719,383.3370667,61104600,16.69000053,92.16000366,1.666000009,62.95000076,59.31999969,326.7825012,208.8451843,307.9761963,0.16,1.67,0
2021-04-12,382.7408482,383.7469452,382.135325,383.4768066,56704900,16.90999985,92.13999939,1.674999952,63.27999878,59.70000076,326.3560486,208.0289001,307.693573,0.18,1.69,0
2021-04-13,383.3744102,385.2375765,382.9924577,384.6134033,56551000,16.64999962,91.84999847,1.623000026,63.66999817,60.18000031,330.1656799,207.4847412,307.0008545,0.16,1.64,0
2021-04-14,384.5853652,385.6380585,382.7594707,383.2998047,61659900,16.98999977,91.69000244,1.638000011,66.58000183,63.15000153,326.2009277,209.5301056,307.6753845,0.16,1.64,0
2021-04-15,385.4332038,387.6876475,385.386636,387.4174805,60229800,16.56999969,91.66999817,1.529999971,66.94000244,63.45999908,331.1446838,210.4401703,310.3280029,0.16,1.56,0
2021-04-16,388.7029553,389.3178035,387.2869596,388.7122803,82037300,16.25,91.55999756,1.572999954,66.76999664,63.13000107,331.5325623,210.7779388,311.7250366,0.16,1.59,0
2021-04-19,387.7807304,388.2278721,385.4797194,386.8025513,78498500,17.29000092,91.06999969,1.600999951,67.05000305,63.38000107,328.4983826,208.038269,310.7128601,0.16,1.61,0
2021-04-20,385.5915264,386.6907875,382.498664,383.9705811,81851800,18.68000031,91.23999786,1.562000036,66.56999969,62.43999863,326.1040649,203.7786255,308.3145142,0.15,1.58,0
2021-04-21,383.3556529,387.8086176,383.2158927,387.6036682,66793000,17.5,91.16000366,1.56400001,65.31999969,61.34999847,328.8957825,208.7607269,311.214386,0.15,1.57,0
2021-04-22,387.4360751,388.2651692,383.0017308,384.0637207,97582800,18.70999908,91.33000183,1.55400002,65.40000153,61.43000031,324.9310913,207.8975525,308.3145142,0.16,1.57,0
2021-04-23,384.6227137,389.6346354,384.5481996,388.2279358,73209200,17.32999992,90.86000061,1.567000031,66.11000061,62.13999939,329.0218811,211.819397,310.421051,0.16,1.58,0
2021-04-26,388.8800379,389.6066716,388.293136,389.0383911,52182400,17.63999939,90.80999756,1.570000052,65.65000153,61.90999985,331.1640625,214.0243073,309.9104309,0.18,1.58,0
2021-04-27,389.3364507,389.5321036,387.817966,388.9544983,51303100,17.55999947,90.91000366,1.621999979,66.41999817,62.93999863,329.7294922,214.3433075,309.8739014,0.17,1.63,0
2021-04-28,389.2246954,390.3426064,388.3769514,388.8427429,51238900,17.28000069,90.61000061,1.620000005,67.26999664,63.86000061,328.6147156,214.709198,308.5427246,0.17,1.63,0
2021-04-29,391.5629604,391.9355879,387.9484139,391.3207397,78544300,17.61000061,90.61000061,1.639999986,68.55999756,65.01000214,329.7973022,213.9117432,310.5487061,0.16,1.65,0
2021-04-30,389.0569805,389.9047244,387.8552306,388.7495422,85527000,18.61000061,91.27999878,1.631000042,67.25,63.58000183,327.6356812,211.0031281,309.0623474,0.16,1.65,0
2021-05-03,390.733811,391.1157634,389.0942444,389.5879822,68128300,18.30999947,90.94999695,1.606999993,67.55999756,64.48999786,325.8907776,212.0352631,311.0411072,0.16,1.63,0
2021-05-04,387.6036719,388.0974096,383.5047132,387.1844482,101591200,19.47999954,91.29000092,1.592000008,68.87999725,65.69000244,320.0261536,209.5019531,311.3875122,0.16,1.61,0
2021-05-05,388.8241184,389.0570141,386.7466781,387.3056335,60162200,19.14999962,91.30999756,1.583999991,68.95999908,65.62999725,318.9501038,208.6668854,312.1079407,0.16,1.59,0
2021-05-06,387.3801503,390.5289054,385.3772525,390.3984985,74321400,18.38999939,90.94999695,1.56099999,68.08999634,64.70999908,321.3542786,208.8451843,315.0533142,0.16,1.58,0
2021-05-07,391.1624256,393.8919572,390.4823597,393.2398376,67733800,16.69000053,90.23000336,1.577000022,68.27999878,64.90000153,323.961731,211.4722748,317.2142639,0.14,1.6,0
2021-05-10,393.5938417,393.8174125,389.2247148,389.3458252,81852400,19.65999985,90.20999908,1.601999998,68.31999969,64.91999817,315.7802734,206.0961151,317.0866089,0.16,1.63,0
2021-05-11,384.8368978,386.8584168,382.0048779,385.8709412,116888000,21.84000015,90.13999939,1.623999953,68.55000305,65.27999878,315.3441467,205.4393311,312.6822815,0.16,1.64,0
2021-05-12,383.094885,384.3618243,376.3595298,377.6730652,134811000,27.59000015,90.70999908,1.695000052,69.31999969,66.08000183,307.1820374,198.7683411,306.3815308,0.16,1.69,0
2021-05-13,379.2194959,384.138253,379.1728997,382.2098694,106394000,23.12999916,90.75,1.667999983,67.05000305,63.81999969,309.5569763,202.4275055,310.4391785,0.16,1.66,0
2021-05-14,384.9394271,388.9266014,384.9114807,388.0788574,82201600,18.80999947,90.31999969,1.63499999,68.70999908,65.37000275,316.3909912,207.3721313,313.9133911,0.16,1.63,0
2021-05-17,386.9702877,387.9018707,385.0791469,387.0913696,65129200,19.71999931,90.22000122,1.639999986,69.45999908,66.26999664,314.4715881,207.653595,313.3572083,0.16,1.64,0
2021-05-18,387.352214,387.5944347,383.5979355,383.7563171,59810200,21.34000015,89.75,1.64199996,68.70999908,65.48999786,312.3487549,206.0773468,311.0411072,0.16,1.64,0
2021-05-19,379.0798024,382.9272167,377.5985603,382.7502136,106467100,22.18000031,90.19000244,1.682999969,66.66000366,63.36000061,312.707489,204.4916687,309.518219,0.16,1.68,0
2021-05-20,383.6258787,388.1254406,383.5047968,386.8677979,78022200,20.67000008,89.80999756,1.633999944,65.11000061,62.04999924,318.7561035,205.8521423,311.414917,0.15,1.63,0
2021-05-21,388.3490043,389.5880256,386.0945893,386.5510559,76578700,20.14999962,90.01999664,1.631999969,66.44000244,63.58000183,316.9920349,206.3869781,312.5324097,0.17,1.63,0
2021-05-24,388.7868255,391.5629529,388.5446048,390.4916382,51376700,18.39999962,89.83000183,1.60800004,68.45999908,66.05000305,322.3234863,207.7286224,314.2868042,0.15,1.61,0
2021-05-25,391.5722798,391.9262859,389.0476977,389.6252747,57451400,18.84000015,89.63999939,1.56400001,68.65000153,66.06999969,322.7694397,205.7208099,313.5740356,0.15,1.56,0
2021-05-26,390.2121706,390.9015329,389.1781271,390.3984985,43088600,17.36000061,90.04000092,1.574000001,68.87000275,66.20999908,323.8939209,209.5582581,313.65625,0.14,1.58,0
2021-05-27,391.4232216,391.9355809,390.3239321,390.6034241,56707700,16.73999977,89.97000122,1.610000014,69.45999908,66.84999847,322.6821289,211.7161713,314.871521,0.14,1.61,0
2021-05-28,392.1684588,392.4293009,391.0691978,391.3020935,58520200,16.76000023,90.02999878,1.58099997,69.62999725,66.31999969,323.6999817,211.5754852,315.8218689,0.14,1.58,0
2021-06-01,393.6589514,393.7986831,390.5195219,390.9573669,54216600,17.89999962,89.83000183,1.61500001,70.25,67.72000122,322.624054,213.9773865,316.0319824,0.16,1.62,0
2021-06-02,391.6095369,392.4107131,390.6034398,391.5722656,49097100,17.47999954,89.90000153,1.590999961,71.34999847,68.83000183,323.2541199,214.2306976,316.4797974,0.13,1.59,0
2021-06-03,389.262039,391.2556122,387.7994466,390.1190796,58138800,18.04000092,90.5,1.625,71.30999756,68.80999756,319.8903809,212.4386597,316.1691589,0.16,1.63,0
2021-06-04,391.9635774,393.9851251,390.1842503,393.6870117,55938800,16.42000008,90.13999939,1.559999943,71.88999939,69.62000275,325.3188171,213.358139,317.8868103,0.14,1.56,0
2021-06-07,393.6776507,393.8546537,392.3734402,393.3050232,51555000,16.42000008,89.94999695,1.569000006,71.48999786,69.23000336,326.2882385,216.2197876,316.6898499,0.16,1.57,0
2021-06-08,394.1620869,394.2552509,391.5629907,393.3888855,47134300,17.06999969,90.08000183,1.527999997,72.22000122,70.05000305,326.4433594,218.5091248,316.4614258,0.14,1.53,0
2021-06-09,394.2273229,394.3018655,392.5784311,392.802002,48436300,17.88999939,90.12000275,1.488999963,72.22000122,69.95999908,326.5209045,217.0548401,315.0452271,0.16,1.5,0
2021-06-10,394.0223149,395.5780709,392.7087795,394.6278381,51020100,16.10000038,90.08000183,1.458999991,72.51999664,70.29000092,329.9233093,215.4452362,315.2186279,0.14,1.45,0
2021-06-11,395.1775383,395.3917842,393.8919491,395.2799988,45570800,15.64999962,90.55999756,1.462000012,72.69000244,70.91000366,330.7860718,217.7192078,315.3468628,0.16,1.47,0
2021-06-14,395.3917483,396.2674385,394.1527554,396.164978,42358500,16.38999939,90.51999664,1.501000047,72.86000061,70.87999725,333.9559021,217.080246,314.5973511,0.16,1.51,0
2021-06-15,396.3140142,396.351257,394.5626338,395.438324,51508500,17.02000046,90.54000092,1.498999953,73.98999786,72.12000275,331.7748108,216.460022,313.7842102,0.16,1.51,0
2021-06-16,395.5780453,395.8016161,391.1902979,393.2304382,80386100,18.14999962,91.12999725,1.569000006,74.38999939,72.15000153,330.5631409,215.9996338,311.3630066,0.21,1.57,0
2021-06-17,392.8205426,394.0781567,390.6313173,393.1000061,90949700,17.75,91.88999939,1.511000037,73.08000183,71.04000092,334.760437,213.5752869,309.434967,0.23,1.52,0
2021-06-18,389.8251298,390.5167474,387.5913772,387.7969971,118676300,20.70000076,92.23000336,1.450000048,73.51000214,71.63999939,332.1334534,208.7266388,304.6792908,0.26,1.45,0
2021-06-21,389.5540952,393.5356314,388.740971,393.3486938,72822000,17.88999939,91.86000061,1.483999968,74.90000153,73.66000366,334.1976624,213.190033,310.0049133,0.27,1.5,0
2021-06-22,393.339353,396.2834342,392.6196691,395.4515991,57700300,16.65999985,91.73000336,1.472000003,74.80999756,73.05999756,337.3129883,214.1578979,310.618103,0.25,1.48,0
2021-06-23,395.5263738,396.3301425,394.8908317,394.9749451,49445400,16.31999969,91.80000305,1.486999989,75.19000244,73.08000183,337.4779663,214.8626404,310.0049133,0.26,1.5,0
2021-06-24,397.115259,397.7320901,396.8628904,397.3115234,45110300,15.97000027,91.81999969,1.486999989,75.55999756,73.30000305,339.5644836,217.8977203,312.933197,0.26,1.49,0
2021-06-25,398.0592595,399.1714724,397.732133,398.7228394,58129500,15.61999989,91.80999756,1.536000013,76.18000031,74.05000305,339.1471558,218.2642059,315.1932983,0.28,1.54,0
2021-06-28,399.246264,399.6948685,398.0499377,399.5266418,53159600,15.76000023,91.87999725,1.478000045,74.68000031,72.91000366,343.2716675,216.5352325,313.6835632,0.25,1.49,0
2021-06-29,399.9098344,400.5453765,399.2088613,399.7416077,35970500,16.02000046,92.05000305,1.480000019,74.76000214,72.98000336,344.5139771,215.5015717,313.7383423,0.27,1.49,0
2021-06-30,399.2835916,400.7509687,399.2555538,400.0780334,64827900,15.82999992,92.44000244,1.442999959,75.12999725,73.47000122,343.97052,215.5297852,315.6508179,0.25,1.45,0
2021-07-01,400.8350084,402.4519295,400.7695774,402.2930298,53441000,15.47999954,92.59999847,1.480000019,75.83999634,75.23000336,344.1063843,217.4279022,316.940979,0.25,1.48,0
2021-07-02,403.4520908,405.7232368,402.3772425,405.3680725,57697700,15.06999969,92.23000336,1.430999994,76.16999817,75.16000366,348.0563049,215.360672,318.3869019,0.24,1.44,0
2021-07-06,405.424111,405.6390863,401.9005635,404.6296692,68710400,16.44000053,92.55000305,1.370000005,74.52999878,73.37000275,349.5605774,212.2315674,316.4470825,0.22,1.37,0
2021-07-07,405.3119991,406.3400987,403.3025486,406.0596924,63549500,16.20000076,92.63999939,1.32099998,73.43000031,72.19999695,350.2981567,210.258316,317.4536438,0.22,1.33,0
2021-07-08,400.7510055,403.5081778,399.5733615,402.7511292,97595200,19,92.36000061,1.287999988,74.12000275,72.94000244,348.1824341,208.3225708,315.1293335,0.19,1.3,0
2021-07-09,404.2558779,407.3495038,402.554843,407.050415,76238600,16.18000031,92.12999725,1.355999947,75.55000305,74.55999756,350.3563538,212.7202148,319.1098022,0.23,1.37,0
2021-07-12,406.9662877,408.7607914,406.5363655,408.5084229,52889600,16.17000008,92.23000336,1.363000035,75.16000366,74.09999847,351.724762,212.8987579,320.2994385,0.23,1.38,0
2021-07-13,407.7232879,409.2187028,406.8540882,407.1157837,52911300,17.12000084,92.75,1.414999962,76.48999786,75.25,351.724762,208.8863983,319.3569946,0.26,1.42,0
2021-07-14,408.8074416,409.2934678,406.4802204,407.7232666,64130400,16.32999992,92.41000366,1.355999947,74.76000214,73.12999725,352.3555603,205.6633606,319.7321167,0.23,1.37,0
2021-07-15,406.386764,407.0596993,404.4333893,406.3306885,55126400,17.01000023,92.62000275,1.297000051,73.47000122,71.65000153,349.8808594,204.4981995,320.2170715,0.23,1.31,0
2021-07-16,407.5083538,407.5550739,402.7510868,403.1436157,75874700,18.45000076,92.69000244,1.299999952,73.58999634,71.80999756,347.0469666,201.9799194,317.4766541,0.25,1.31,0
2021-07-19,398.3302836,403.2090573,394.3861407,397.190033,147987000,22.5,92.88999939,1.180999994,68.62000275,66.41999817,344.2034607,198.9541779,311.1956177,0.21,1.19,0
2021-07-20,397.8535794,404.1530095,397.0591376,402.881897,99608200,19.72999954,92.97000122,1.208999991,69.34999847,67.41999817,348.2018433,205.1277924,315.956604,0.2,1.23,0
2021-07-21,404.078212,406.2839552,402.8351658,406.1437378,64724400,17.90999985,92.75,1.279999971,72.23000336,70.30000305,350.8901062,208.6609039,318.6210632,0.22,1.3,0
2021-07-22,406.3214189,407.2373674,405.3400679,406.9943542,47878500,17.69000053,92.81999969,1.264999986,73.79000092,71.91000366,353.2096558,205.3438721,318.8683167,0.2,1.27,0
2021-07-23,408.9196385,411.5179109,408.2373763,411.1814575,63766600,17.20000076,92.91000366,1.286000013,74.09999847,72.06999969,357.3341064,206.3023376,320.98349,0.22,1.3,0
2021-07-26,410.5925855,412.2001513,410.5458654,412.1907959,43719200,17.57999992,92.65000153,1.276000023,74.5,71.91000366,357.6156616,206.9037628,321.752533,0.22,1.29,0
2021-07-27,411.1534178,411.1814556,407.4896527,410.3122559,67397100,19.36000061,92.43000031,1.233999968,74.48000336,71.65000153,353.675354,204.4887695,321.0291748,0.2,1.25,0
2021-07-28,410.9385155,411.5179821,408.7234448,410.1440735,52472400,18.30999947,92.31999969,1.261000037,74.73999786,72.38999939,355.0340576,207.4957123,319.8754883,0.2,1.26,0
2021-07-29,411.0692703,412.9198208,411.0599149,411.8450012,47435300,17.70000076,91.86000061,1.269000053,76.05000305,73.62000275,355.664917,209.0931091,321.2124329,0.2,1.28,0
2021-07-30,409.2841256,411.2935758,409.1532636,409.8449097,68951200,18.23999977,92.16999817,1.238999963,76.33000183,73.94999695,353.8112793,207.7118378,319.9853516,0.19,1.24,0
2021-08-02,411.555373,412.1068018,408.6299736,408.9851379,58783300,19.45999908,92.05000305,1.174000025,72.88999939,71.26000214,353.8404236,206.6782074,318.9508057,0.17,1.2,0
2021-08-03,409.7794757,412.4338234,407.5924434,412.3123169,58053900,18.04000092,92.08000183,1.175999999,72.41000366,70.55999756,355.9851685,207.5333099,321.4595337,0.17,1.19,0
2021-08-04,411.0319034,412.2843051,410.0505525,410.2842102,46732200,17.96999931,92.26999664,1.184000015,70.37999725,68.15000153,356.4995422,204.9492493,318.6210632,0.17,1.19,0
2021-08-05,411.4431375,412.9665901,411.1253665,412.8824768,38969700,17.28000069,92.23999786,1.217000008,71.29000092,69.08999634,358.7608032,208.6326904,321.0199585,0.21,1.23,0
2021-08-06,413.2002366,413.985323,412.9198303,413.5647278,46930000,16.14999962,92.80000305,1.289999962,70.69999695,68.27999878,357.1886597,209.9105988,322.3750916,0.21,1.31,0
2021-08-09,413.5366565,413.8544275,412.461837,413.228241,41222600,16.71999931,92.94999695,1.317000031,69.04000092,66.48000336,357.8485718,208.7548523,321.5144348,0.23,1.33,0
2021-08-10,413.6769091,414.4526686,412.9946469,413.7423401,43339300,16.79000092,93.05999756,1.342000008,70.62999725,68.29000092,356.0143127,209.1682892,322.9611816,0.24,1.36,0
2021-08-11,414.8078095,414.863885,413.6862412,414.7704163,44034300,16.17000008,92.91000366,1.328999996,71.44000244,69.25,355.4028931,210.1925201,324.9845581,0.23,1.35,0
2021-08-12,414.6208372,416.1536451,413.7235998,416.0134277,38909400,15.59000015,93.04000092,1.366999984,71.30999756,69.08999634,356.6838989,209.6945343,325.2501526,0.23,1.36,0
2021-08-13,416.4620637,416.7891902,415.9760661,416.7705078,39470300,15.44999981,92.51999664,1.297000051,70.58999634,68.44000244,357.9358826,207.7869873,325.396698,0.23,1.29,0
2021-08-16,415.4714212,417.8827561,413.9199307,417.7519226,73740000,16.12000084,92.62999725,1.256999969,69.51000214,67.29000092,358.091095,205.8512878,326.4769287,0.21,1.26,0
2021-08-17,415.2002757,415.8732109,412.0318929,415.0133667,92673900,17.90999985,93.12999725,1.258000016,69.02999878,66.58999634,354.9370728,203.3423767,323.9682617,0.23,1.26,0
2021-08-18,414.0040335,415.5648794,410.2281458,410.4711304,89351900,21.56999969,93.13999939,1.273000002,68.23000336,65.45999908,351.5209656,201.566452,320.5714722,0.23,1.27,0
2021-08-19,407.7513683,412.3030443,407.6111794,411.1066895,92812200,21.67000008,93.56999969,1.241999984,66.44999695,63.68999863,353.2192688,199.1515198,319.9853516,0.22,1.24,0
2021-08-20,411.4525287,414.7050257,410.9665024,414.3778992,72008700,18.55999947,93.5,1.25999999,65.18000031,62.31999969,356.8780212,202.5155029,322.0867615,0.23,1.26,0
2021-08-23,416.0602797,418.9296033,414.4527135,418.0230103,54973000,17.14999962,92.95999908,1.254999995,68.75,65.63999939,362.2157288,206.3680878,324.1870728,0.23,1.25,0
2021-08-24,418.686554,419.2193003,418.1725184,418.686554,38744700,17.21999931,92.88999939,1.289999962,71.05000305,67.54000092,363.322113,208.3977814,324.4531555,0.24,1.29,0
2021-08-25,418.8735068,420.0791601,418.4996317,419.5651245,40529700,16.79000092,92.83000183,1.342000008,72.25,68.36000061,363.7394714,209.1307068,324.85672,0.23,1.35,0
2021-08-26,419.2846466,419.5183043,416.9948186,417.0882874,57829600,18.84000015,93.05999756,1.342000008,71.06999969,67.41999817,361.4296875,206.9130859,323.0039673,0.25,1.34,0
2021-08-27,417.8920757,421.1913209,417.8360001,420.8174744,77235100,16.38999939,92.69000244,1.312000036,72.69999695,68.73999786,364.9427795,212.7484131,325.2143555,0.22,1.31,0
2021-08-30,421.490386,423.4531161,421.2473729,422.6680298,48357400,16.19000053,92.65000153,1.284999967,73.41000366,69.20999908,369.0383606,211.8744965,324.7650452,0.2,1.29,0
2021-08-31,422.5745859,422.9110393,421.4436908,422.0418396,59300200,16.47999954,92.62999725,1.30400002,72.98999786,68.5,368.7373657,212.2879791,324.6182556,0.2,1.3,0
2021-09-01,422.9764417,423.4904771,422.0324556,422.2661133,48721400,16.11000061,92.44999695,1.302000046,71.58999634,68.58999634,369.3487854,213.7162323,324.2789001,0.2,1.31,0
2021-09-02,423.6868142,424.3690764,422.3689814,423.5653076,42501000,16.40999985,92.23000336,1.29400003,73.02999878,69.98999786,369.1741638,215.2008972,325.489563,0.2,1.29,0
2021-09-03,422.4344229,423.9765579,422.03251,423.4624939,47170500,16.40999985,92.04000092,1.322000027,72.61000061,69.29000092,370.3095703,214.2048492,324.8201294,0.21,1.33,0
2021-09-07,423.1167138,423.2101826,421.27549,421.9484253,51671500,18.13999939,92.51999664,1.370000005,71.69000244,68.34999847,370.8336792,212.7296143,322.3435059,0.22,1.38,0
2021-09-08,421.4155828,422.1445935,419.5182554,421.4342651,56181900,17.95999908,92.65000153,1.333999991,72.59999847,69.30000305,369.5428772,210.4086761,321.6922302,0.22,1.35,0
2021-09-09,421.2380591,422.9858139,419.3874801,419.6304932,57970400,18.79999924,92.48000336,1.299000025,71.44999695,68.13999939,368.2715759,210.3052826,320.3899231,0.23,1.3,0
2021-09-10,421.5558679,421.9764346,416.2004234,416.3219299,89948200,20.95000076,92.58000183,1.340999961,72.91999817,69.72000122,365.476532,208.2474518,317.9960327,0.23,1.35,0
2021-09-13,419.3127864,419.5744819,415.0788814,417.3874207,83738600,19.37000084,92.62000275,1.324000001,73.51000214,70.44999695,365.2242432,209.4314117,320.3807068,0.21,1.33,0
2021-09-14,418.8267846,419.0324046,414.247099,415.1350098,78197100,19.45999908,92.65000153,1.27699995,73.59999847,70.45999908,364.1858215,206.7627411,317.7850037,0.21,1.28,0
2021-09-15,415.5554511,419.097709,414.4525938,418.602356,78792200,18.18000031,92.48999786,1.30400002,75.45999908,72.61000061,366.8934326,208.6326904,319.9404907,0.21,1.31,0
2021-09-16,418.0790317,419.0510271,414.9947331,417.9388428,77786700,18.69000053,92.86000061,1.33099997,75.66999817,72.61000061,367.145874,208.7830505,319.3533936,0.23,1.34,0
2021-09-17,417.1681341,417.5900482,413.5113737,413.8676758,118425000,20.80999947,93.19999695,1.370000005,75.33999634,71.97000122,362.7979736,209.055542,317.6954651,0.23,1.37,0
2021-09-20,407.7543679,409.3295711,402.1098471,406.9667664,166445500,25.70999908,93.23999786,1.309000015,73.91999817,70.29000092,355.3014221,204.0847168,311.9598694,0.23,1.31,0
2021-09-21,409.3013818,410.5953087,406.0572078,406.5822754,92526100,24.36000061,93.19999695,1.324000001,74.36000061,70.55999756,355.7385864,204.3948212,311.6932983,0.22,1.33,0
2021-09-22,408.851363,412.5831207,406.694837,410.5484619,102350100,20.87000084,93.45999908,1.335999966,76.19000244,72.23000336,359.0613403,207.5708771,314.8091736,0.25,1.32,0
2021-09-23,412.4143729,417.140011,412.1799666,415.5366516,76396000,18.62999916,93.09999847,1.409999967,77.25,73.30000305,362.3744202,211.2449341,319.4602051,0.27,1.41,0
2021-09-24,413.9051651,416.933704,413.689501,416.2210999,62094800,17.75,93.33000183,1.460000038,78.08999634,73.98000336,362.714386,210.2260742,319.7450256,0.29,1.47,0
2021-09-27,415.1896536,416.3522993,414.3364116,415.0302734,61371100,18.76000023,93.37999725,1.483999968,79.52999878,75.44999695,359.8192139,213.4211731,320.4251404,0.31,1.48,0
2021-09-28,412.2643709,412.5925454,405.9354016,406.666748,130436300,23.25,93.76999664,1.534000039,79.08999634,75.29000092,349.6372375,208.5673218,315.1952515,0.31,1.54,0
2021-09-29,408.0449991,409.7796109,406.7885851,407.3511658,82329200,22.55999947,94.33999634,1.541000009,78.63999939,74.83000183,349.0639648,208.1243286,315.976532,0.3,1.55,0
2021-09-30,408.823211,409.5264297,402.0348156,402.3723755,140506000,23.13999939,94.25,1.529000044,78.51999664,75.02999878,347.7815247,206.1733246,310.9394531,0.28,1.52,0
2021-10-01,404.0976889,408.8326844,400.5815947,407.1543274,129240100,21.10000038,94.04000092,1.478999972,79.27999878,75.87999725,349.938385,209.5003815,315.4342346,0.27,1.48,0
2021-10-04,405.9916262,406.8917382,399.7657825,401.903595,128570000,22.95999908,93.80999756,1.480999947,81.26000214,77.62000275,342.5933838,207.5964813,312.5204773,0.27,1.49,0
2021-10-05,403.4037658,408.326297,402.6068075,406.0853882,90682500,21.29999924,93.98000336,1.529000044,82.55999756,78.93000031,347.2179871,208.3128204,315.3882446,0.28,1.54,0
2021-10-06,402.4942987,407.979411,400.8722256,407.7731323,113032200,21,94.26999664,1.524000049,81.08000183,77.43000031,349.4429321,207.2289276,316.2981873,0.3,1.53,0
2021-10-07,411.045405,414.1301704,410.867254,411.2985535,72437500,19.54000092,94.22000122,1.57099998,81.94999695,78.30000305,352.6491089,210.423996,319.5245667,0.32,1.58,0
2021-10-08,412.0674384,412.4518681,409.9202692,410.5484619,74557400,18.77000046,94.06999969,1.605000019,82.38999939,79.34999847,350.8905029,208.8406067,319.4325256,0.32,1.61,0
2021-10-11,409.8922293,412.7988731,407.5106533,407.5762939,65233300,20,94.31999969,1.613999963,83.65000153,80.51999664,348.1992493,207.6436462,317.0885925,0.32,1.61,0
2021-10-12,408.4950241,408.8981959,405.7852745,406.572876,71181200,19.85000038,94.51999664,1.580000043,83.41999817,80.63999939,346.9848633,208.7840729,315.9857483,0.35,1.59,0
2021-10-13,407.5948987,408.8513126,404.6226439,408.0355835,72974000,18.63999939,94.08000183,1.549000025,83.18000031,80.44000244,349.7634583,209.7736969,316.086853,0.37,1.56,0
2021-10-14,411.6923882,415.0491018,411.2235756,414.8990784,70236800,16.86000061,93.95999908,1.519000053,84,81.30999756,356.2050171,212.8839417,320.9031677,0.36,1.52,0
2021-10-15,417.0086721,418.4244948,416.3898362,418.0588074,66260200,16.29999924,93.94000244,1.575999975,84.86000061,82.27999878,358.4492798,212.2147827,324.4310303,0.41,1.59,0
2021-10-18,416.2773553,419.63404,415.6210064,419.2965088,62213200,16.30999947,93.94999695,1.583999991,84.33000183,82.44000244,362.0536804,212.0922546,324.1092834,0.44,1.59,0
2021-10-19,420.918595,422.596923,420.3091159,422.531311,46996800,15.69999981,93.79000092,1.63499999,85.08000183,82.95999908,364.7935486,212.8839417,325.9114075,0.41,1.65,0
2021-10-20,422.9907287,424.4909343,422.8782183,424.1908875,49571600,15.48999977,93.55999756,1.636000037,85.81999969,83.87000275,364.3175049,214.2977295,327.35495,0.4,1.65,0
2021-10-21,423.590818,425.5223231,423.1595185,425.2973022,41305400,15.01000023,93.76999664,1.675999999,84.61000061,82.5,366.54245,214.8443756,327.2905579,0.45,1.68,0
2021-10-22,424.8660138,426.3099643,422.9157378,424.8566284,58845100,15.43000031,93.61000061,1.654999971,85.52999878,83.76000214,363.4625549,214.3354492,328.007843,0.48,1.66,0
2021-10-25,425.9442973,427.4632453,424.1722009,427.1350708,45214500,15.23999977,93.80999756,1.63499999,85.98999786,83.76000214,367.1836853,216.3712311,328.752533,0.47,1.64,0
2021-10-26,428.6821752,429.8916909,427.1444564,427.5195007,56075100,15.97999954,93.94999695,1.618999958,86.40000153,84.65000153,368.3398438,214.7407532,328.7066345,0.47,1.63,0
2021-10-27,427.9789975,428.6447033,425.5505233,425.6255493,72438000,16.97999954,93.86000061,1.529000044,84.58000183,82.66000366,369.1947937,210.7915955,326.3896179,0.5,1.54,0
2021-10-28,427.0506774,429.8072972,427.0413206,429.7322998,51437900,16.53000069,93.34999847,1.567999959,84.31999969,82.80999756,373.2947998,214.995224,328.5227051,0.5,1.57,0
2021-10-29,427.4351621,430.8950011,427.1445006,430.6043396,70162400,16.26000023,94.12000275,1.557000041,84.37999725,83.56999969,375.131012,214.9386139,329.3778381,0.48,1.55,0
2021-11-01,431.5887337,431.9638066,429.6197443,431.3449707,48433600,16.40999985,93.87999725,1.575000048,84.70999908,84.05000305,376.4134827,220.5088501,330.2053833,0.5,1.58,0
2021-11-02,431.5137861,433.3984215,431.3825049,433.0889893,48908400,16.03000069,94.08999634,1.549000025,84.72000122,83.91000366,377.9874573,220.9706573,331.5293579,0.46,1.56,0
2021-11-03,432.5263426,436.1362041,432.0856577,435.7330322,52509800,15.10000038,93.86000061,1.578999996,81.98999786,80.86000061,382.0000305,224.9197693,332.4394836,0.47,1.6,0
2021-11-04,436.3331935,437.8709124,435.9862768,437.7865295,52847100,15.43999958,94.34999847,1.524000049,80.54000092,78.80999756,386.8967285,224.8349762,332.2466125,0.41,1.53,0
2021-11-05,440.0086998,441.2932416,437.7959183,439.305481,66390600,16.47999954,94.31999969,1.452999949,82.73999786,81.26999664,387.2659607,227.9075165,334.0393982,0.39,1.45,0
2021-11-08,440.4024705,440.8994106,438.996033,439.680481,50405200,17.21999931,94.05000305,1.496999979,83.43000031,81.93000031,386.7412415,228.6144257,334.977356,0.45,1.51,0
2021-11-09,440.0462289,440.2806352,436.8207962,438.2272339,51149100,17.78000069,93.95999908,1.432000041,84.77999878,84.15000153,384.0791626,227.2854462,334.0210266,0.41,1.46,0
2021-11-10,436.5394276,438.2271698,433.2202558,434.7016907,69429700,18.72999954,94.84999847,1.559999943,82.63999939,81.33999634,378.4344177,223.7039642,331.9890747,0.51,1.56,0
2021-11-11,436.1924979,436.2675239,434.8235735,434.8423157,34848500,17.65999985,95.18000031,1.559999943,82.87000275,81.58999634,379.4837341,225.5041351,330.5086975,0.51,1.56,0
2021-11-12,436.1081354,438.6772188,435.161125,438.1240234,53466700,16.29000092,95.12999725,1.582000017,82.16999817,80.79000092,383.4768372,225.7303314,332.1822815,0.53,1.58,0
2021-11-15,439.4085641,439.5679443,437.1488846,438.2740173,46980500,16.48999977,95.41000366,1.623000026,82.05000305,80.87999725,383.3893738,224.8349762,332.1454163,0.53,1.63,0
2021-11-16,438.0114604,441.1431241,437.936463,440.008606,48857500,16.37000084,95.91999817,1.633999944,82.43000031,80.76000214,386.1194763,225.249649,332.7796631,0.54,1.63,0
2021-11-17,439.7461632,439.9243142,438.3209833,438.9398193,47858300,17.11000061,95.83000183,1.603999972,80.27999878,78.36000061,386.3234558,222.2996521,330.8673706,0.52,1.6,0
2021-11-18,439.9711778,440.6931674,437.2520708,440.4306335,50625600,17.59000015,95.54000092,1.588999987,81.23999786,79.01000214,390.326416,221.3571014,330.4076233,0.52,1.59,0
2021-11-19,440.3180373,441.5650945,439.2772874,439.6429749,57315600,17.90999985,96.06999969,1.536000013,78.88999939,76.09999847,392.5026245,219.3401489,327.8843079,0.52,1.54,0
2021-11-22,441.5182564,444.0029569,438.1990558,438.4053345,72762000,19.17000008,96.5,1.625,79.69999695,76.75,387.9460144,218.4070282,328.1514282,0.63,1.63,0
2021-11-23,438.0771664,439.839906,435.4799554,438.9866638,73206500,19.37999916,96.48999786,1.667000055,82.30999756,78.5,386.1777954,218.0300598,329.828125,0.6,1.67,0
2021-11-24,436.9895143,440.2805872,436.1737851,440.1586914,61858800,18.57999992,96.83999634,1.644999981,82.25,78.38999939,387.4212952,218.265686,329.8373108,0.64,1.64,0
2021-11-26,433.5014352,434.9641276,429.2164831,430.3416443,112669600,28.62000084,96.08999634,1.481999993,72.72000122,68.15000153,380.0763855,210.0375977,321.5367737,0.5,1.48,1
2021-11-29,435.1237263,437.4584039,432.9296868,435.6206665,86268800,22.95999908,96.33999634,1.529999971,73.44000244,69.94999695,388.3248901,209.9056549,323.5360413,0.51,1.52,0
2021-11-30,433.1827469,435.0861245,426.900648,427.1444397,148559600,27.19000053,95.98999786,1.442999959,70.56999969,66.18000031,382.6218567,205.6266785,317.741272,0.52,1.43,0
2021-12-01,432.8451797,435.6861821,422.2031312,422.4000244,131939200,31.12000084,96.05000305,1.434000015,68.87000275,65.56999969,376.1123352,200.9989624,313.6509705,0.56,1.43,0
2021-12-02,422.6157168,430.4355057,422.2219018,428.8696594,127637800,27.95000076,96.12999725,1.447999954,69.66999817,66.5,378.8230591,206.6068726,319.3166199,0.63,1.44,0
2021-12-03,430.5292832,431.5887754,420.918627,425.1379395,137331600,30.67000008,96.12000275,1.343000054,69.87999725,66.26000214,372.2357788,202.3656006,318.9756775,0.6,1.35,0
2021-12-06,427.6789484,432.0482849,425.269245,430.1730347,98977500,27.18000031,96.29000092,1.434000015,73.08000183,69.48999786,375.2185059,206.4278259,325.0376282,0.65,1.43,0
2021-12-07,435.4423499,439.633534,430.0416217,439.0709534,95484700,21.88999939,96.37000275,1.480000019,75.44000244,72.05000305,386.5177917,211.2157135,329.5701904,0.7,1.48,0
2021-12-08,439.4649033,440.6838045,437.7115203,440.2337341,72238800,19.89999962,95.88999939,1.508999944,75.81999969,72.36000061,388.2471924,212.6577301,329.8003845,0.68,1.52,0
2021-12-09,438.9491271,440.3368224,437.0645203,437.2614136,61272600,21.57999992,96.26999664,1.486999989,74.41999817,70.94000244,382.5343628,207.841568,329.9109802,0.7,1.49,0
2021-12-10,439.9618301,441.527648,437.4114887,441.3776245,77159800,18.69000053,96.05000305,1.488999963,75.15000153,71.66999817,386.692627,207.2666016,331.8640137,0.67,1.48,0
2021-12-13,440.8619104,441.2088271,437.1864077,437.4677124,87724700,20.30999947,96.31999969,1.424000025,74.38999939,71.29000092,381.1062622,204.2376862,328.9253235,0.66,1.42,0
2021-12-14,434.2047678,436.6894684,431.5419162,434.4579163,97264100,21.88999939,96.56999969,1.437999964,73.69999695,70.73000336,377.1616821,202.4792786,328.1239014,0.67,1.44,0
2021-12-15,434.5141671,441.4900704,432.0013105,441.2463074,116899300,19.29000092,96.51000214,1.463000059,73.87999725,70.87000275,385.7600098,205.6935272,331.4772949,0.69,1.47,0
2021-12-16,443.0935164,443.3747925,435.8081508,437.3552551,116568600,20.56999969,96.04000092,1.422000051,75.01999664,72.37999725,375.8403015,201.5338898,331.1363525,0.64,1.44,0
2021-12-17,434.2811766,437.2827106,430.9973783,432.7004395,135511600,21.56999969,96.56999969,1.40199995,73.51999664,70.86000061,373.96521,203.3868103,326.3849792,0.66,1.41,0
2021-12-20,427.6289667,428.4945963,424.4863,428.0994263,107134800,22.87000084,96.55000305,1.41900003,71.51999664,68.23000336,370.3375854,200.5318451,322.3607788,0.65,1.43,0
2021-12-21,431.5148641,435.8430974,429.3507619,435.7019653,69806300,21.01000023,96.48999786,1.486999989,73.98000336,71.12000275,378.6258545,206.2607422,327.5662537,0.7,1.48,0
2021-12-22,435.4479435,440.1713469,435.2503298,440.0584412,58890200,18.62999916,96.08000183,1.457000017,75.29000092,72.76000214,383.23703,208.2460175,329.8553772,0.68,1.46,0
2021-12-23,441.0558028,444.2925666,440.9523155,442.7965088,56439700,17.95999908,96.01999664,1.493000031,76.84999847,73.79000092,386.1262207,209.9098511,331.6734314,0.71,1.5,0
2021-12-27,444.1701982,449.1100227,444.1231638,449.0629883,56808600,17.68000031,96.08999634,1.480999947,78.59999847,75.56999969,392.5078125,211.876236,334.959259,0.76,1.48,0
2021-12-28,449.4958013,450.5213995,447.9338724,448.6960144,47274600,17.54000092,96.19999695,1.480999947,78.94000244,75.98000336,390.6886902,210.5811005,335.9467468,0.74,1.49,0
2021-12-29,448.799621,450.2862606,447.802249,449.2700806,54503000,16.95000076,95.93000031,1.542999983,79.23000336,76.55999756,390.6303406,210.8079681,336.7313538,0.75,1.55,0
2021-12-30,449.6934009,450.7001911,447.5669435,448.0279846,55329000,17.32999992,95.97000122,1.514999986,79.31999969,76.98999786,389.4629822,210.751236,336.0205994,0.73,1.52,0
2021-12-31,447.538742,448.6866357,446.6260494,446.8988953,65237400,17.21999931,95.66999817,1.511999965,77.77999878,75.20999908,387.0309143,210.2974854,335.3283691,0.73,1.52,0
2022-01-03,448.1597508,449.6181927,445.8545163,449.4864502,72668200,16.60000038,96.23999786,1.628000021,78.98000336,76.08000183,390.7568359,213.0107117,337.5065613,0.78,1.63,0
2022-01-04,450.9072851,451.6223929,447.4823256,449.3359375,71178700,16.90999985,96.29000092,1.667999983,80,76.98999786,385.688446,212.6892853,339.527771,0.77,1.66,0
2022-01-05,448.9689403,449.7405008,440.6135745,440.7076721,104538900,19.72999954,96.19000244,1.705000043,80.80000305,77.84999847,373.8397217,205.4855804,336.0391846,0.83,1.71,0
2022-01-06,440.2466362,443.0035222,437.9319546,440.2936707,86858900,19.61000061,96.25,1.73300004,81.98999786,79.45999908,373.5770569,206.6578064,334.4701538,0.88,1.73,0
2022-01-07,440.3030417,441.4791904,437.1979919,438.5529175,85111600,18.76000023,95.73999786,1.771000028,81.75,78.90000153,369.5301208,204.2660217,334.3961487,0.87,1.76,0
2022-01-10,435.3633131,438.2236867,429.6237004,438.0072937,119362000,19.39999962,95.98999786,1.779999971,80.87000275,78.23000336,369.773407,203.5569916,332.9933472,0.92,1.78,0
2022-01-11,437.743821,442.0908628,434.7516763,441.9967651,74303100,18.40999985,95.62000275,1.746000051,83.72000122,81.22000122,375.3281555,205.7219086,334.6084595,0.9,1.75,0
2022-01-12,443.7279811,445.2428756,441.2345515,443.1916504,67605400,17.62000084,95,1.725000024,84.66999817,82.63999939,376.8164673,204.1903992,334.986969,0.92,1.74,0
2022-01-13,444.2926187,444.9418553,436.0595761,437.0851746,91173100,20.30999947,94.79000092,1.710999966,84.47000122,82.12000275,367.3900452,202.318573,333.3716431,0.91,1.7,0
2022-01-14,433.9425031,437.612082,432.7287094,437.2639465,95890900,19.19000053,95.16999817,1.771999955,86.05999756,83.81999969,369.6760864,202.6021729,331.47052,0.99,1.78,0
2022-01-18,432.5780671,432.7850705,428.4098031,429.5200806,109709100,22.79000092,95.73000336,1.86500001,87.51000214,85.43000031,360.4733582,196.4761963,326.5879517,1.06,1.87,0
2022-01-19,431.0632797,432.4558217,424.7873366,425.0602112,109357600,23.85000038,95.51000214,1.827000022,88.44000244,86.95999908,356.5139771,193.2808075,323.357666,1.04,1.83,0
2022-01-20,426.9420243,431.6372012,418.2385229,420.3555908,122379700,25.59000015,95.73999786,1.832999945,88.37999725,86.90000153,351.8834534,189.7829742,320.570282,1.08,1.83,0
2022-01-21,419.2358829,421.5881805,412.0755028,412.1037292,202271200,28.85000038,95.63999939,1.746999979,87.88999939,85.13999939,342.1262207,186.2283783,316.2088318,1.01,1.75,0
2022-01-24,406.5052455,414.3619251,395.9010984,413.8538208,251783900,29.89999962,95.91999817,1.735000014,86.26999664,83.30999756,343.6924744,190.5203705,317.5574341,0.99,1.75,0
2022-01-25,407.4744176,413.7409422,401.9135823,408.8011169,167997300,31.15999985,95.94999695,1.782999992,88.19999695,85.59999847,335.7250977,187.9772949,316.7722168,1.02,1.78,0
2022-01-26,414.6818242,417.8056822,403.5225099,407.7754822,186391100,31.95999908,96.48999786,1.84800005,89.95999908,87.34999847,335.1998596,185.2641144,315.3868103,1.13,1.85,0
2022-01-27,412.3671716,415.5004193,404.0776775,405.7619019,149878300,30.48999977,97.26000214,1.807000041,89.33999634,86.61000061,331.8241882,181.0572205,315.4699402,1.18,1.81,0
2022-01-28,407.1168645,415.8862373,402.5440116,415.8392029,164457400,27.65999985,97.26999664,1.781999946,90.02999878,86.81999969,342.2332458,184.5834045,320.6054688,1.15,1.78,0
2022-01-31,415.1710773,423.6769928,413.8255701,423.3288574,152251400,24.82999992,96.54000092,1.781999946,91.20999908,88.15000153,353.1772461,190.2462006,324.2721558,1.18,1.79,0
2022-02-01,424.0533959,426.8291186,420.5343678,426.1893005,123155400,21.95999908,96.38999939,1.799999952,89.16000366,88.19999695,355.5801086,192.2503967,326.9139404,1.18,1.81,0
2022-02-02,428.5886397,431.0538431,426.2833764,430.3293457,117361000,22.09000015,95.94000244,1.766000032,89.47000122,88.26000214,358.4693909,190.3407288,328.8442688,1.16,1.78,0
2022-02-03,424.3074506,426.2080967,419.3770153,420.214447,118024400,24.35000038,95.37999725,1.827000022,91.11000061,90.26999664,343.9355774,186.7388611,324.1798706,1.19,1.82,0
2022-02-04,419.9792336,426.0293363,417.6080992,422.1903992,118454400,23.21999931,95.48000336,1.929999948,93.26999664,92.30999756,348.2743225,187.54245,324.0782776,1.31,1.93,0
2022-02-07,422.952609,424.3451511,419.5088412,420.8355408,84472900,22.86000061,95.40000153,1.916000009,92.69000244,91.31999969,345.4726562,188.4689178,324.105957,1.3,1.92,0
2022-02-08,420.3367735,425.2201457,418.9159766,424.2980347,81012000,21.44000053,95.63999939,1.953999996,90.77999878,89.36000061,349.3541565,191.6831512,327.4680176,1.35,1.96,0
2022-02-09,428.3251482,430.8279962,428.1275632,430.5080872,92589900,19.95999908,95.48999786,1.92900002,91.55000305,89.66000366,356.7572632,195.3228302,330.3591003,1.36,1.94,0
2022-02-10,424.6744501,430.6681005,420.7790597,422.7738037,140103700,23.90999985,95.55000305,2.030999899,91.41000366,89.87999725,348.6828918,192.326004,325.6299744,1.61,2.03,0
2022-02-11,422.8584318,424.9284364,413.0070082,414.4371948,153214600,27.36000061,96.08000183,1.955000043,94.44000244,93.09999847,337.6221313,190.3785858,320.771759,1.5,1.92,0
2022-02-14,413.9290949,415.5098319,409.6196699,413.0822449,123006300,28.32999992,96.37000275,1.996000051,96.48000336,95.45999908,338.0403748,189.7167969,319.4785461,1.58,1.98,0
2022-02-15,417.5140449,419.9133771,416.9965221,419.7440186,88482700,25.70000076,95.98999786,2.045000076,93.27999878,92.06999969,346.4454651,194.8028717,323.4778137,1.58,2.05,0
2022-02-16,417.7021806,421.5881808,415.8297609,420.214447,84863600,24.29000092,95.69999695,2.046999931,94.80999756,93.66000366,346.3579407,195.2094116,322.9698486,1.52,2.03,0
2022-02-17,417.0341942,420.1862791,410.6359553,411.2381287,102259100,28.11000061,95.80000305,1.972000003,92.97000122,91.76000214,336.0559387,190.208374,317.4373169,1.49,1.97,0
2022-02-18,411.4921744,412.743613,406.3077292,408.5753479,132642900,27.75,96.04000092,1.932000041,93.54000092,91.06999969,332.2230225,188.5729218,315.4197998,1.47,1.92,0
2022-02-22,406.3736133,409.7703179,400.6998429,404.1906738,124391800,28.80999947,96.02999878,1.947999954,96.83999634,92.34999847,328.886322,185.9164581,310.8224792,1.56,1.94,0
2022-02-23,407.0980795,407.6626367,396.4562863,397.0208435,132578000,31.02000046,96.19000244,1.976999998,96.83999634,92.09999847,320.4617615,182.4374237,306.6690063,1.58,1.99,0
2022-02-24,386.7365552,403.4284794,386.3790301,402.995636,213942900,30.31999969,97.13999939,1.968999982,99.08000183,92.80999756,331.2307129,187.220993,307.4273987,1.54,1.96,0
2022-02-25,404.228234,411.9720084,402.5816256,411.8873291,121804500,27.59000015,96.62000275,1.985999942,97.93000031,91.58999634,336.3671265,191.4373779,315.0128174,1.55,1.97,0
2022-02-28,406.5052023,412.3106847,405.2537927,410.8334351,145615000,30.14999962,96.70999908,1.838999987,100.9899979,95.72000122,337.3692322,192.2125549,313.90271,1.44,1.83,0
2022-03-01,409.3374336,411.3415958,401.8759237,404.5763855,137785900,33.31999969,97.41000366,1.707000017,104.9700012,103.4100037,332.2035522,188.5917969,308.1861267,1.31,1.72,0
2022-03-02,406.8252119,413.7409734,406.072488,412.019104,117726500,30.73999977,97.38999939,1.86500001,112.9300003,110.5999985,337.777771,193.0823059,313.5881958,1.5,1.86,0
2022-03-03,414.4465567,415.0487298,408.1706149,409.9677734,105501700,30.47999954,97.79000092,1.843999982,110.4599991,107.6699982,332.9526672,190.7945251,312.7833557,1.53,1.86,0
2022-03-04,406.2418253,407.7661096,402.6004729,406.6370239,113978200,31.97999954,98.65000153,1.723999977,118.1100006,115.6800003,328.1275635,187.8071594,311.2479248,1.5,1.74,0
2022-03-07,406.0536235,406.7593129,394.5838175,394.6496887,137896600,36.45000076,99.29000092,1.751000047,123.2099991,119.4000015,316.0258179,183.1369934,303.8475952,1.55,1.78,0
2022-03-08,394.8284242,401.9699959,390.5942887,391.6575317,164772700,35.13000107,99.05999756,1.871999979,127.9800034,123.6999969,314.5568848,184.1485443,302.0529785,1.63,1.86,0
2022-03-09,400.022388,404.1342002,397.8394486,402.1582642,116990800,32.45000076,97.97000122,1.947999954,111.1399994,108.6999969,325.8803406,189.3386078,308.407959,1.68,1.94,0
2022-03-10,397.5570832,401.2360799,395.5999843,400.3422241,93972700,30.22999954,98.51000214,2.010999918,109.3300018,106.0199966,322.2614746,188.9982758,307.2146912,1.72,1.98,0
2022-03-11,402.8263104,403.4379022,394.7438182,395.2519226,95636300,30.75,99.12000275,2.003999949,112.6699982,109.3300018,315.5783691,185.9825897,305.281311,1.75,2,0
2022-03-14,396.0234397,399.4671782,391.2247467,392.3632507,95729200,31.77000046,99.05999756,2.140000105,106.9000015,103.0100021,309.5177612,182.1822357,305.3276367,1.87,2.14,0
2022-03-15,394.9695807,401.6218853,393.6993629,400.9914856,106219100,29.82999992,99.06999969,2.160000086,99.91000366,96.44000244,319.2263794,185.0844574,310.9889221,1.85,2.15,0
2022-03-16,404.4916703,409.9395705,399.7023675,409.8831177,144954800,26.67000008,98.37999725,2.187999964,98.01999664,95.04000092,331.0653381,190.9079437,315.7713623,1.95,2.19,0
2022-03-17,407.9730547,415.0111389,407.5966928,415.0111389,102676900,25.67000008,98.01000214,2.191999912,106.6399994,102.9800034,335.0733643,193.9047546,319.5546265,1.94,2.2,0
2022-03-18,413.4028913,419.8776351,412.6666955,419.5567322,106345500,23.87000084,98.23000336,2.148000002,107.9300003,104.6999969,341.9316406,195.9467468,321.883667,1.97,2.14,0
2022-03-21,419.3868116,421.3877523,415.9323459,419.434021,88349800,23.53000069,98.5,2.315000057,115.6200027,112.1200027,340.9810791,194.2167358,320.2611084,2.14,2.32,0
2022-03-22,420.8214687,425.2764051,420.8214687,424.3420105,74650400,22.94000053,98.48999786,2.372999907,115.4800034,111.7600021,347.6821594,196.1641693,322.7643127,2.18,2.38,0
2022-03-23,421.8125618,423.3038199,418.7922549,418.8771973,79426100,23.56999969,98.62000275,2.321000099,121.5999985,114.9300003,342.6855164,192.7608948,318.3792725,2.13,2.32,0
2022-03-24,420.897027,425.2009454,419.7833,425.1914978,64736900,21.67000008,98.79000092,2.34100008,119.0299988,112.3399963,350.3023071,194.9774017,321.763031,2.13,2.34,0
2022-03-25,425.8238365,427.5416361,423.247137,427.2679138,77101300,20.80999947,98.80999756,2.492000103,120.6500015,113.9000015,350.0101013,195.2426605,323.1352539,2.3,2.48,0
2022-03-28,426.6732397,430.3070374,424.7855555,430.3070374,68529800,19.62999916,99.08999634,2.476999998,112.4800034,105.9599991,355.4255981,195.3089294,324.0159912,2.35,2.46,0
2022-03-29,434.186324,436.121218,431.5058154,435.6304016,86581500,18.89999962,98.40000153,2.400000095,110.2300034,104.2399979,361.5423889,200.5376129,327.2424011,2.35,2.41,0
2022-03-30,434.4882853,435.3000045,430.8356208,432.9403992,79666900,19.32999992,97.79000092,2.35800004,113.4499969,107.8199997,357.5488892,196.5119324,326.4543152,2.31,2.35,0
2022-03-31,432.1759304,432.9970685,425.8238619,426.2769165,121699900,20.55999947,98.30999756,2.326999903,107.9100037,100.2799988,353.1172485,194.4375,321.5498657,2.28,2.32,0
2022-04-01,427.8530993,427.9946699,423.9172936,427.4850159,89048800,19.62999916,98.62999725,2.377000093,104.3899994,99.26999664,352.4450989,196.6161194,322.6437988,2.44,2.39,0
2022-04-04,427.6831495,431.2508713,426.8620116,431.1470337,59601000,18.56999969,98.98999786,2.411999941,107.5299988,103.2799988,359.7014465,196.9381866,323.7842407,2.43,2.42,0
2022-04-05,429.6558116,432.1192257,424.5590699,425.7011108,74214500,21.03000069,99.47000122,2.555999994,106.6399994,101.9599991,351.7146301,192.2778015,321.0954895,2.51,2.54,0
2022-04-06,421.7936428,423.7190601,418.5656899,421.444397,106898000,22.10000038,99.59999847,2.608999968,101.0699997,96.23000336,344.0783997,189.5498047,319.6214905,2.5,2.61,0
2022-04-07,420.5666429,425.3802439,418.6223303,423.5680542,78097200,21.54999924,99.75,2.65199995,100.5800018,96.02999878,344.8965454,188.934082,320.7526245,2.47,2.66,0
2022-04-08,422.8129864,425.3236101,420.8969879,422.4354553,79272700,21.15999985,99.80000305,2.713000059,102.7799988,98.26000214,340.0751648,187.427948,322.0507202,2.53,2.72,0
2022-04-11,419.1697603,420.0097938,414.7148527,415.2150879,89770500,24.37000084,99.93000031,2.779999971,98.48000336,94.29000092,332.0299072,186.1681519,318.1843872,2.5,2.79,0
2022-04-12,418.1975269,420.7175979,412.1286294,413.6765442,84363600,24.26000023,100.2900009,2.724999905,104.6399994,100.5999985,330.6273193,186.7554321,317.2758484,2.39,2.72,0
2022-04-13,413.431127,419.1696739,413.2517947,418.4146118,74070400,21.81999969,99.87999725,2.687000036,108.7799988,104.25,337.3480225,190.3075562,320.5578003,2.37,2.7,0
2022-04-14,418.6411619,419.7549175,413.1008133,413.2046509,97869500,22.70000076,100.3199997,2.828000069,111.6999969,106.9499969,329.6338196,188.4604492,319.3113708,2.47,2.83,0
2022-04-18,412.2796819,415.0545801,411.1470598,413.3745422,66002500,22.17000008,100.7799988,2.861999989,113.1600037,108.2099991,329.8871765,187.1911774,319.1351318,2.46,2.85,0
2022-04-19,413.2706774,420.7647857,413.1007927,420.0474854,77821000,21.37000084,100.9599991,2.913000107,107.25,102.5599976,337.2602844,190.9232635,323.7910767,2.61,2.93,0
2022-04-20,421.8219348,422.4354264,418.5751156,419.7360229,65224400,20.31999969,100.3899994,2.839999914,106.8000031,102.75,332.3415527,191.6526031,326.0260925,2.6,2.85,0
2022-04-21,423.3510108,424.7384601,412.5534532,413.4595337,85417300,22.68000031,100.5800018,2.917000055,108.3300018,103.7900009,325.4650879,187.3616486,322.4833679,2.68,2.9,0
2022-04-22,412.3740611,413.4783403,401.5481909,402.114502,132471800,28.20999908,101.2200012,2.905999899,106.6500015,102.0699997,316.9425049,182.5118713,313.7281494,2.72,2.9,0
2022-04-25,399.8776385,404.615716,395.3188645,404.4458313,119647700,27.02000046,101.75,2.825999975,102.3199997,98.54000092,321.0138245,183.6201172,315.8519592,2.63,2.81,0
2022-04-26,401.9162928,402.1145204,392.7044129,392.7327271,103996300,33.52000046,102.3000031,2.772000074,104.9899979,101.6999969,308.8971558,177.83255,308.3304749,2.54,2.77,0
2022-04-27,393.808661,399.1697059,391.7039116,393.8369751,122030000,31.60000038,102.9499969,2.818000078,105.3199997,102.0199966,308.5270081,177.0937195,308.8682861,2.58,2.82,0
2022-04-28,398.5751272,405.5123731,394.148505,403.7851257,105449100,29.98999977,103.6200027,2.862999916,107.5899963,105.3600006,319.4846191,180.3995819,314.6741638,2.63,2.85,0
2022-04-29,399.8021034,401.9540624,388.1173327,388.8629761,145491100,33.40000153,102.9599991,2.887000084,109.3399963,104.6900024,305.1083069,175.1898193,305.7706299,2.7,2.89,0
2022-05-02,388.9290721,392.5628705,382.2749672,391.2037354,158312500,32.34000015,103.7399979,2.996000051,107.5800018,105.1699982,310.2023621,177.0274353,306.7443848,2.73,2.99,0
2022-05-03,391.7039805,395.403826,390.1466178,392.9970398,100028200,29.25,103.4700012,2.960000038,104.9700012,102.4100037,310.5335083,178.542984,307.2173767,2.78,2.97,0
2022-05-04,393.6576656,405.5312158,390.4769222,404.9649048,144247900,25.42000008,102.5899963,2.917000055,110.1399994,107.8099976,321.0332947,183.3075714,315.8798523,2.66,2.93,0
2022-05-05,400.7082377,401.1329783,386.4467944,390.5713806,172929100,31.20000076,103.75,3.065999985,110.9000015,108.2600021,304.8647461,175.8717957,306.2806702,2.71,3.05,0
2022-05-06,388.0135079,391.5057065,382.9450802,388.2400208,151770800,30.19000053,103.6600037,3.122999907,112.3899994,109.7699966,301.2122192,172.9448853,305.1955566,2.72,3.12,0
2022-05-09,382.3504814,383.5869124,374.2334327,375.8096619,155586100,34.75,103.6500015,3.078999996,105.9400024,103.0899963,289.4267883,165.6701508,299.1950684,2.61,3.05,0
2022-05-10,381.7747206,383.2754262,372.6477827,376.6779785,132497200,32.99000168,103.9199982,2.993000031,102.4599991,99.76000214,292.9429016,165.717514,298.480896,2.62,2.99,0
2022-05-11,375.7152783,381.3500175,369.9483873,370.6940308,142361000,32.56000137,103.8499985,2.921000004,107.5100021,105.7099991,284.2547302,161.5970917,295.3552551,2.66,2.91,0
2022-05-12,367.5038552,373.572754,363.5208397,370.3070679,125090800,31.77000046,104.8499985,2.816999912,107.4499969,106.1299973,283.5827026,163.4915466,294.5948181,2.56,2.84,0
2022-05-13,374.4316198,380.5382798,373.3933877,379.1602783,104174400,28.87000084,104.5599976,2.934999943,111.5500031,110.4899979,294.0922852,168.6729126,298.8518677,2.61,2.93,0
2022-05-16,377.5179868,381.2839077,375.271638,377.6217957,78622400,27.46999931,104.1900024,2.877000093,114.2399979,114.1999969,290.683197,167.8677063,299.36203,2.58,2.88,0
2022-05-17,383.7001932,385.6256395,379.9720048,385.389679,83029700,26.10000038,103.3600006,2.967999935,111.9300003,112.4000015,298.2122803,173.0016937,303.3685303,2.71,2.98,0
2022-05-18,380.8402785,381.1234196,368.6175121,369.8539429,117674500,30.95999908,103.8099976,2.885999918,109.1100006,109.5899963,283.5729675,166.9394531,292.6565552,2.68,2.89,0
2022-05-19,366.7959212,372.0059481,365.3707104,367.5887451,98510700,29.35000038,102.7200012,2.855000019,112.0400009,112.2099991,282.0534363,167.2141266,290.4584045,2.63,2.84,0
2022-05-20,371.1658796,374.7336013,359.1696554,367.749176,131432200,29.43000031,103.1500015,2.786999941,112.5500031,113.2300034,281.1769104,166.7879028,290.444458,2.6,2.78,0
2022-05-23,370.7694822,375.3943316,368.4570863,374.6298218,76414900,28.47999954,102.0800018,2.858999968,113.4199982,110.2900009,285.8521118,168.8055115,296.4129028,2.65,2.86,0
2022-05-24,370.5146933,372.9592411,365.2291712,371.7700195,91448800,29.45000076,101.8600006,2.75999999,113.5599976,109.7699966,279.774353,166.3047943,296.9242554,2.5,2.76,0
2022-05-25,370.2786961,377.0177426,369.8822986,375.0545349,91472900,28.37000084,102.0599976,2.749000072,114.0299988,110.3300018,283.6897278,169.2980804,298.681366,2.48,2.75,0
2022-05-26,376.2815784,384.1815329,376.0739319,382.5486755,82168300,27.5,101.8300018,2.756000042,117.4000015,114.0899963,291.5500793,173.0774841,303.4876404,2.46,2.75,0
2022-05-27,385.0026052,392.0531063,384.8044064,391.9398499,84768700,25.71999931,101.6699982,2.743000031,119.4300003,115.0699997,301.0661316,177.7378235,308.7122803,2.47,2.74,0
2022-05-31,390.3259307,393.072515,387.0036166,389.7407532,95937000,26.19000053,101.75,2.844000101,122.8399963,114.6699982,300.267395,175.530777,306.9737549,2.53,2.85,0
2022-06-01,391.8550353,392.8649247,384.0777548,386.5883789,86585800,25.69000053,102.5500031,2.930999994,116.2900009,115.2600021,298.0466919,174.5362244,305.2632141,2.66,2.94,0
2022-06-02,386.4278937,393.997498,384.1815447,393.9503174,79609600,24.71999931,101.7699966,2.913000107,117.6100006,116.8700027,306.2089233,178.7987213,309.3630066,2.65,2.92,0
2022-06-03,389.2404567,390.7883715,386.5127682,387.4849243,71874300,24.79000092,102.1399994,2.957000017,119.7200012,118.8700027,298.2414856,177.1884613,306.1837769,2.66,2.96,0
2022-06-06,391.4868432,393.2140616,387.4943806,388.6647644,57508900,25.06999969,102.4400024,3.038000107,119.5100021,118.5,299.2349243,177.9556885,306.2766724,2.73,3.04,0
2022-06-07,385.181975,392.8459684,384.7194728,392.3929138,59272400,24.02000046,102.3199997,2.971999884,120.5699997,119.4100037,301.8161011,180.8258057,308.8053284,2.75,2.98,0
2022-06-08,390.6846049,392.4684805,387.3339765,388.1268005,64350000,23.95999908,102.5400009,3.029000044,123.5800018,122.1100006,299.6440735,178.0315094,306.2116699,2.78,3.03,0
2022-06-09,386.3523122,388.6175274,378.8959656,378.8959656,86289800,26.09000015,103.2200012,3.04399991,123.0699997,121.5100021,291.6182861,174.3408508,300.2802429,2.83,3.04,0
2022-06-10,372.7044023,373.5538545,367.8624874,367.909668,132893900,27.75,104.1500015,3.155999899,122.0100021,120.6699982,281.3326721,169.6112671,292.2573242,3.06,3.15,0
2022-06-13,358.518436,360.3683584,352.3362528,353.9407959,170004900,34.02000046,105.0800018,3.365999937,122.2699966,120.9300003,268.2518005,161.6430359,284.0856323,3.4,3.43,0
2022-06-14,355.6869276,356.7157121,349.7784664,352.8742676,104011800,32.68999863,105.5199966,3.48300004,121.1699982,118.9300003,268.7387695,160.8642426,282.8955688,3.45,3.49,0
2022-06-15,356.1682429,362.3409784,351.2225195,357.9049377,125666800,29.62000084,105.1600037,3.394999981,118.5100021,115.3099976,275.449707,163.219574,285.6196594,3.2,3.33,0
2022-06-16,349.7029686,350.1088138,343.6340416,346.0597229,134473300,32.95000076,103.6299973,3.306999922,119.8099976,117.5899963,264.3362122,155.6598053,278.8051453,3.14,3.28,0
2022-06-17,346.4739765,350.1424194,343.3079297,346.8057251,111113900,31.12999916,104.6999969,3.239000082,113.1200027,109.5599976,267.5505066,156.8754578,278.3504944,3.17,3.25,0
2022-06-21,352.5216956,356.9200258,352.4458458,355.5360718,76811900,30.19000053,104.4400024,3.306999922,114.6500015,110.6500015,274.3006592,159.6866302,284.4723816,3.21,3.31,0
2022-06-22,351.3178358,358.9959877,350.900749,354.89151,90059400,28.95000076,104.1999969,3.155999899,111.7399979,106.1900024,273.9006042,159.3827057,283.8386841,3.06,3.16,0
2022-06-23,357.0243626,359.1002793,353.4696649,358.3703918,79292100,29.04999924,104.4300003,3.068000078,110.0500031,104.2699966,277.9797668,161.2916565,285.8235779,3.01,3.09,0
2022-06-24,361.5364108,369.7738317,361.5079744,369.7643433,98050300,27.22999954,104.1900024,3.125,113.1200027,107.6200027,287.5043335,166.2871857,293.5389099,3.04,3.13,0
2022-06-27,370.6838633,370.977716,367.2618882,368.3519897,66009600,26.95000076,103.9400024,3.194000006,115.0899963,109.5699997,285.3964233,166.9045258,292.9238892,3.08,3.2,0
2022-06-28,369.9065842,372.683981,360.7117548,360.8255005,86548900,28.36000061,104.5100021,3.20600009,117.9800034,111.7600021,276.701416,163.7704315,288.2462769,3.1,3.2,0
2022-06-29,361.3753088,362.3611242,358.7116578,360.5316467,65676000,28.15999985,105.1100006,3.092999935,116.2600021,109.7799988,276.9550781,162.1084137,288.9077454,3.06,3.1,0
2022-06-30,356.6451314,360.8349472,353.1567954,357.6025391,112508300,28.70999908,104.6900024,2.971999884,114.8099976,105.7600021,273.519989,160.8453064,286.829895,2.92,2.98,0
2022-07-01,356.9485401,361.8208599,354.3322732,361.3847961,74839700,26.70000076,105.1399994,2.888999939,111.6299973,108.4300003,275.3253479,162.7922211,289.6533508,2.84,2.88,0
2022-07-05,356.3038639,362.0861766,353.4790543,362.0671997,81438000,27.54000092,106.5,2.809000015,102.7699966,99.5,280.0388184,164.1408081,288.591095,2.82,2.82,0
2022-07-06,362.2093973,365.7735828,359.8301397,363.2900391,70426200,26.72999954,107.0999985,2.913000107,100.6900024,98.52999878,281.8344727,162.9251862,289.2433167,2.97,2.93,0
2022-07-07,365.0626969,369.5273889,363.3090403,368.7311401,64525900,26.07999992,107.1299973,3.007999897,104.6500015,102.7300034,287.8654785,166.7810516,292.5419617,3.03,3.01,0
2022-07-08,367.1007157,370.2952282,365.5745794,368.4278259,72397800,24.63999939,107.0100021,3.101000071,107.0199966,104.7900009,288.2265625,166.7620544,292.0853577,3.12,3.09,0
2022-07-11,365.7546186,366.7214857,363.5270027,364.2189941,58366900,26.17000008,108.0199966,2.990999937,107.0999985,104.0899963,282.0687561,163.4095154,290.4452209,3.07,2.99,0
2022-07-12,363.6692331,366.0485198,359.2519257,360.9960938,62219200,27.29000092,108.0699997,2.957999945,99.48999786,95.83999634,279.3362122,162.8491821,288.833252,3.03,2.96,0
2022-07-13,355.5644996,362.0293155,355.1474128,359.1002197,84224600,26.81999969,107.9599991,2.904000044,99.56999969,96.30000305,278.760437,162.7067566,286.7646484,3.13,2.91,0
2022-07-14,354.1520493,359.3087317,351.7159192,358.2281189,89704800,26.39999962,108.5400009,2.960000038,99.09999847,95.77999878,279.7558899,161.0352173,285.5067444,3.15,2.96,0
2022-07-15,362.6264957,365.1858892,360.7211977,365.0721436,79060400,24.22999954,108.0599976,2.930000067,101.1600037,97.58999634,284.8303528,164.3877411,291.4616699,3.13,2.93,0
2022-07-18,368.1528836,368.8258982,360.8349458,362.0577698,63203600,25.29999924,107.3700027,2.960000038,106.2699966,102.5999985,282.4200439,163.9223785,289.5879211,3.15,2.96,0
2022-07-19,365.9727086,372.4090895,365.3186709,371.840332,78506000,24.5,106.6800003,3.019000053,107.3499985,104.2200012,291.1053772,169.7062225,296.5420532,3.23,3.01,0
2022-07-20,372.0298499,375.6224718,370.6648439,374.2100525,71843800,23.87999916,107.0800018,3.036000013,106.9199982,102.2600021,295.7213135,172.3654633,297.129364,3.25,3.04,0
2022-07-21,373.6318809,378.0681363,371.2336462,378.020752,64903900,23.11000061,106.9100037,2.910000086,103.8600006,96.34999847,299.9663391,173.2486725,298.6861267,3.1,2.91,0
2022-07-22,378.143944,379.3383025,372.2952697,374.5133972,72197300,23.03000069,106.7300034,2.782999992,103.1999969,94.69999695,294.7063599,170.4849701,297.4276428,2.98,2.77,0
2022-07-25,375.1390328,375.8215358,372.7313099,374.9684143,53631500,23.36000061,106.4800034,2.819999933,105.1500015,96.69999695,293.027771,171.3682556,298.2666931,3,2.81,0
2022-07-26,373.3285099,373.5370533,369.6411191,370.5321655,52946400,24.69000053,107.1900024,2.786999941,104.4000015,94.98000336,287.2701111,170.3140106,296.0108337,3.02,2.81,0
2022-07-27,373.8215016,381.8977938,373.5276488,380.1536255,82342100,23.23999977,106.4499969,2.733999968,106.6200027,97.26000214,299.4100647,174.1889191,300.1777344,2.96,2.78,0
2022-07-28,380.9593046,385.6135629,377.4140667,384.9216003,73966600,22.32999992,106.3499985,2.680999994,107.1399994,96.41999817,302.3377075,176.5821991,303.1795044,2.85,2.68,0
2022-07-29,386.3529064,391.5190777,385.5850941,390.5332336,87003700,21.32999992,105.9000015,2.64199996,110.0100021,98.62000275,307.8514709,177.8358765,306.376709,2.89,2.67,0
2022-08-01,387.8411455,391.8792907,387.1302061,389.37677,69997500,22.84000015,105.4499969,2.605999947,100.0299988,93.88999939,307.6660461,177.7693634,305.7989197,2.9,2.6,0
2022-08-02,387.8127144,391.4906457,385.6325118,386.8079224,63435400,23.93000031,106.2399979,2.740999937,100.5400009,94.41999817,306.7487183,177.5984192,302.0700378,3.06,2.75,0
2022-08-03,388.931285,394.0310956,388.6469208,392.8651733,67820600,21.95000076,106.5100021,2.747999907,96.77999878,90.66000366,315.1022034,180.210144,305.9107666,3.1,2.73,0
2022-08-04,392.7892674,393.4717704,390.9597903,392.5997009,45656600,21.44000053,105.6900024,2.676000118,94.12000275,88.54000092,316.5758057,179.8302765,305.1650085,3.03,2.68,0
2022-08-05,388.3245571,392.5807048,388.2676843,391.9361267,56814900,21.14999962,106.6200027,2.839999914,94.91999817,89.01000214,313.9897766,181.2073669,305.7335815,3.24,2.83,0
2022-08-08,393.6235388,395.8701032,390.3816417,391.4812317,53886100,21.29000092,106.4400024,2.765000105,96.65000153,90.76000214,312.9747925,183.1258087,306.1532288,3.21,2.77,0
2022-08-09,390.7512904,391.2536864,388.8554518,389.9266052,44931800,21.77000046,106.3700027,2.796999931,96.30999756,90.5,309.4324341,180.6280518,305.6776428,3.28,2.8,0
2022-08-10,396.9696639,398.2588492,395.0169523,398.1166382,68665700,19.73999977,105.1999969,2.786000013,97.40000153,91.93000031,318.0689087,185.7850494,310.6090393,3.23,2.78,0
2022-08-11,400.9603962,402.818339,397.3772622,398.1166382,59489700,20.20000076,105.0899963,2.888000011,99.59999847,94.33999634,316.2635803,186.4783173,311.0843811,3.23,2.87,0
2022-08-12,400.0503958,404.960611,399.1024765,404.8563538,61694500,19.53000069,105.6299973,2.848999977,98.15000153,92.08999634,322.4213257,190.2867279,314.9249573,3.25,2.84,0
2022-08-15,402.6476113,407.0459701,402.5907384,406.5245972,54048300,19.95000076,106.5500031,2.790999889,95.09999847,89.41000366,325.0269775,190.9610291,316.3606567,3.2,2.79,0
2022-08-16,405.4535511,409.2452285,404.6478139,407.3209534,59289000,19.69000053,106.5,2.823999882,92.33999634,86.52999878,324.2658386,190.8850555,318.5700378,3.25,2.82,0
2022-08-17,403.7282975,407.1313242,402.4296528,404.4297485,63563400,19.89999962,106.5699997,2.892999887,93.65000153,88.11000061,320.5671692,187.6749878,317.1343994,3.28,2.89,0
2022-08-18,404.6288095,406.2876682,403.3396531,405.6051941,49023200,19.55999947,107.4800034,2.880000114,96.58999634,90.5,321.3381042,188.9191437,317.488739,3.22,2.88,0
2022-08-19,402.8467197,403.1121359,399.2825342,400.1546326,68016900,20.60000038,108.1699982,2.989000082,96.72000122,90.76999664,315.072998,184.8637848,314.7949524,3.25,2.98,0
2022-08-22,395.3296404,395.5002878,390.9218225,391.8223572,77695600,23.79999924,109.0500031,3.036999941,96.48000336,90.23000336,306.7780457,181.0553741,308.9295044,3.32,3.03,0
2022-08-23,391.3958557,393.7846308,390.3247023,390.8745117,49105200,24.11000061,108.6200027,3.053999901,100.2200012,93.73999786,306.5243225,181.3498383,307.3883667,3.29,3.05,0
2022-08-24,390.6469823,393.49074,389.9645082,392.1257629,49177800,22.81999969,108.6800003,3.105999947,101.2200012,94.88999939,307.4123535,182.7364197,308.0888977,3.36,3.11,0
2022-08-25,393.6139873,397.7090055,392.5238859,397.6616211,50942300,21.78000069,108.4700012,3.026000023,99.33999634,92.51999664,312.8479919,185.5760956,311.1617126,3.35,3.03,0
2022-08-26,397.5479235,398.0882156,384.1443295,384.2012024,103087000,25.55999947,108.8000031,3.035000086,100.9899979,93.05999756,300.0249023,179.4788513,301.6161499,3.37,3.04,0
2022-08-29,381.2531377,384.7035488,380.3052185,381.6607361,65370800,26.20999908,108.8399963,3.109999895,105.0899963,97.01000214,297.0679016,177.8263397,299.907135,3.42,3.12,0
2022-08-30,382.8172571,383.054237,375.376084,377.4709778,85652400,26.20999908,108.7699966,3.109999895,99.30999756,91.63999939,293.7597351,175.3380585,297.0489502,3.46,3.11,0
2022-08-31,379.1013408,380.3431127,374.4660307,374.5987244,76029700,25.87000084,108.6999969,3.132999897,96.48999786,89.55000305,292.0519409,174.2743988,294.8167114,3.45,3.15,0
2022-09-01,372.4280765,376.1154681,369.7265004,375.774231,78740100,25.55999947,109.6900024,3.265000105,92.36000061,86.61000061,292.178833,172.3749237,296.133606,3.51,3.26,0
2022-09-02,379.4331073,380.6464428,370.0012994,371.8118286,99632100,25.46999931,109.5299988,3.193000078,93.01999664,86.87000275,288.0508728,171.0358124,293.0514832,3.4,3.2,0
2022-09-06,372.6555302,373.5939611,368.1908383,370.4089661,76637400,26.90999985,110.2099991,3.339999914,92.83000183,86.87999725,285.9819641,169.3453064,291.5943909,3.5,3.33,0
2022-09-07,370.0960816,377.8311057,369.8780787,377.0632935,70964200,24.63999939,109.8399963,3.265000105,88,81.94000244,291.7591858,173.0302429,295.4518127,3.45,3.27,0
2022-09-08,374.7978458,379.9829369,373.5939697,379.5279541,80821700,23.61000061,109.7099991,3.292000055,89.15000153,83.54000092,293.271759,174.4738159,297.2358093,3.48,3.29,0
2022-09-09,381.7649973,386.2865907,381.4995811,385.4239807,76706900,22.79000092,109,3.321000099,92.83999634,86.79000092,299.6833191,177.978302,301.0091248,3.56,3.33,0
2022-09-12,387.4904606,390.2868342,387.1871195,389.5664062,69256300,23.87000084,108.3300018,3.361999989,94,87.77999878,303.2453003,180.134201,303.1480713,3.58,3.37,0
2022-09-13,380.902392,382.106268,371.5085374,372.6270752,122947100,27.27000046,109.8199997,3.421999931,93.16999817,87.30999756,286.6163025,173.0872192,291.155426,3.75,3.42,0
2022-09-14,373.9257161,375.5656268,370.7501807,374.0489502,85023700,26.15999985,109.6600037,3.411999941,94.09999847,88.48000336,288.8900146,173.7615204,291.4637756,3.78,3.41,0
2022-09-15,372.4943332,375.3380909,368.5320378,369.8022461,87633800,26.27000046,109.7399979,3.459000111,90.83999634,85.09999847,284.0789795,172.4983826,289.8758545,3.87,3.45,0
2022-09-16,365.6295207,367.6378325,363.6973121,366.9810791,103084800,26.29999924,109.7600021,3.447999954,91.34999847,85.11000061,282.3419189,169.9911499,288.4833374,3.85,3.45,0
2022-09-19,363.8401419,369.8270264,363.7639806,369.8270264,73278500,25.76000023,109.7399979,3.49000001,92,85.73000336,284.5406494,171.4442291,290.4499817,3.95,3.49,0
2022-09-20,366.5052303,367.5141501,362.8312449,365.5819702,77274900,27.15999985,110.2200012,3.571000099,90.62000275,84.44999695,282.2725525,169.1078644,287.5187378,3.96,3.57,0
2022-09-21,367.5045556,370.5503693,359.1952455,359.2047729,106746600,27.98999977,110.6399994,3.50999999,89.83000183,82.94000244,277.2180786,166.5246277,282.6397705,4.02,3.51,0
2022-09-22,358.4337957,360.0709155,355.4451174,356.1875305,89472600,27.35000038,111.3499985,3.707999945,90.45999908,83.48999786,273.8062134,162.7731934,281.4317017,4.11,3.7,0
2022-09-23,352.7229098,352.7609904,345.7842127,350.2196655,122346900,29.92000008,113.1900024,3.697000027,86.15000153,78.73999786,269.3482056,158.8983307,277.0675659,4.2,3.69,0
2022-09-26,348.7538795,352.370758,345.5367462,346.7550659,92581200,32.25999832,114.0999985,3.878000021,84.05999756,76.70999908,268.2337036,156.7227325,274.1270142,4.27,3.88,0
2022-09-27,350.286271,352.551591,343.4808127,345.869873,108294100,32.59999847,114.1100006,3.963999987,86.26999664,78.5,268.3412781,157.2572937,272.7971802,4.3,3.97,0
2022-09-28,346.8217085,354.360053,345.1274821,352.675354,110802200,30.18000031,112.5999985,3.704999924,89.31999969,82.15000153,273.6791077,162.2309875,277.8822937,4.07,3.72,0
2022-09-29,349.1345668,349.4200992,342.3671895,345.3082886,112952300,31.84000015,112.25,3.746999979,88.48999786,81.23000336,265.7895813,158.5937958,273.6494446,4.16,3.76,0
2022-09-30,344.3659693,348.2779363,339.8353587,339.9685974,153711200,31.62000084,112.1200027,3.803999901,87.95999908,79.48999786,261.2827454,157.4387054,269.0513,4.22,3.83,0
2022-10-03,343.6806281,350.7906724,341.9007424,348.9441528,89756500,30.10000038,111.75,3.651000023,88.86000061,83.62999725,267.4124756,161.6104431,276.0655823,4.12,3.67,0
2022-10-04,354.4551693,359.7853281,348.9061121,359.7567749,103602800,29.06999969,110.0699997,3.617000103,91.80000305,86.51999664,275.8201599,168.016098,283.8852844,4.1,3.62,0
2022-10-05,355.3974985,361.1749818,353.0750723,358.9191895,88065700,28.54999924,111.0699997,3.759000063,93.37000275,87.76000214,275.6734619,166.7750702,283.5574036,4.15,3.76,0
2022-10-06,357.5200463,360.4706729,354.7217134,355.2166748,82333500,30.52000046,112.2600021,3.825999975,94.41999817,88.44999695,273.5031128,165.8395386,280.2236328,4.23,3.83,0
2022-10-07,351.1904867,355.3023263,343.5474285,345.3082886,107789500,31.36000061,112.8000031,3.882999897,97.91999817,92.63999939,263.0816345,160.9613342,274.3611755,4.3,3.89,0
2022-10-10,346.421899,346.6598523,340.4350153,342.6717529,76042800,32.45000076,113.1399994,3.888000011,96.19000244,91.12999725,260.4517517,160.0639648,273.4153748,4.3,3.89,0
2022-10-11,340.9774934,345.536686,338.5694076,340.5015869,92482800,33.63000107,113.2200012,3.938999891,94.29000092,89.34999847,256.8735352,160.1116791,273.7244263,4.3,3.93,0
2022-10-12,340.9109745,342.4814606,339.1310593,339.37854,76991800,33.56999969,113.3199997,3.90199995,92.44999695,87.26999664,256.7856445,159.6725311,273.6026001,4.28,3.91,0
2022-10-13,332.3826842,349.8008835,331.3356839,348.335083,147254500,31.94000053,112.3600006,3.951999903,94.56999969,89.11000061,262.8078308,163.6247406,281.4689941,4.47,3.97,0
2022-10-14,350.7907255,352.4183469,339.7592145,340.3969421,123737000,32.02000046,113.3099976,4.010000229,91.62999725,85.61000061,254.9085236,159.2429962,277.9667053,4.48,4,0
2022-10-17,346.4695417,350.2482413,340.0638282,349.1441345,93168200,31.37000084,112.0400009,4.014999866,91.62000275,85.45999908,263.3259583,164.32164,282.8738098,4.45,4.02,0
2022-10-18,357.0537438,357.3583311,349.8104292,353.2464905,97162900,30.5,112.1299973,3.997999907,90.02999878,82.81999969,265.4082947,166.2691345,286.0671997,4.43,4.01,0
2022-10-19,351.2095432,353.9317441,347.9353035,350.7431641,79746900,30.76000023,112.9800034,4.126999855,92.41000366,85.55000305,264.4404602,163.4433594,285.0183716,4.55,4.14,0
2022-10-20,350.2958089,354.7122361,347.040595,347.802063,88283100,29.97999954,112.8799973,4.225999832,92.37999725,85.98000336,263.0912476,161.3622742,284.0444641,4.62,4.24,0
2022-10-21,347.5260111,356.7395553,346.0221591,356.2541504,131038400,29.69000053,112.0100021,4.212999821,93.5,85.05000305,269.2601929,164.8657684,291.3083191,4.49,4.21,0
2022-10-24,357.7771401,361.7461856,355.1310711,360.6135254,85436900,29.85000038,111.9899979,4.234000206,93.26000214,84.58000183,272.2224731,165.5722198,295.2158203,4.5,4.25,0
2022-10-25,360.5372987,366.6860033,360.4230857,366.3719177,78846300,28.45999908,110.9499969,4.107999802,93.51999664,85.31999969,277.8536377,170.087677,298.4391785,4.42,4.1,0
2022-10-26,363.2309444,368.9037428,362.9739652,363.6116638,104087300,27.28000069,109.6999969,4.014999866,95.69000244,87.91000366,271.7140808,170.9277191,298.3362732,4.39,4.04,0
2022-10-27,364.6111437,366.4481365,361.051342,361.6700439,81971800,27.38999939,110.5899963,3.937000036,96.95999908,89.08000183,266.7672729,170.9658813,300.2852173,4.3,3.96,0
2022-10-28,361.565298,370.7502902,361.3844512,370.2743835,100302000,25.75,110.6699982,4.010000229,95.76999664,87.90000153,274.930481,174.8513031,307.8940735,4.41,4.02,0
2022-10-31,367.8186895,369.6842352,366.6955569,367.599762,96631300,25.87999916,111.5299988,4.077000141,94.83000183,86.52999878,271.7336121,175.0135345,306.8070984,4.51,4.1,0
2022-11-01,371.3403947,371.578348,364.8204688,365.9911804,85407600,25.80999947,111.4800034,4.052000046,94.65000153,88.37000275,268.9570923,175.2522278,305.8607483,4.54,4.07,0
2022-11-02,365.401023,369.9031092,356.7014669,356.8061523,126990400,25.86000061,111.3499985,4.059000015,96.16000366,90,259.7380371,169.4384918,301.1286316,4.61,4.1,0
2022-11-03,353.5699975,356.1684576,351.0191455,353.1321716,87100100,25.29999924,112.9300003,4.124000072,94.66999817,88.16999817,254.664093,168.3025055,299.7323608,4.71,4.14,0
2022-11-04,358.8336081,360.6134943,352.1709151,358.2149353,103505200,24.54999924,110.8799973,4.156000137,98.56999969,92.61000061,258.7604065,170.5745087,303.7336426,4.66,4.17,0
2022-11-07,359.5093372,362.231538,357.4343915,361.6414185,68286900,24.35000038,110.1200027,4.214000225,97.91999817,91.79000092,261.6052856,171.3477478,307.7442627,4.72,4.22,0
2022-11-08,362.7455237,366.562304,359.5188919,363.5926514,84641100,25.54000092,109.6200027,4.125999928,95.36000061,88.91000366,263.5117188,171.4145813,310.8270264,4.67,4.14,0
2022-11-09,361.6223725,362.7740873,355.6069062,356.1018677,78495500,26.09000015,110.5500031,4.151000023,92.65000153,85.83000183,257.4307861,166.7082214,304.8580627,4.61,4.12,0
2022-11-10,369.3511192,376.0043135,367.0572748,375.6711731,141455800,23.53000069,108.2099991,3.828999996,93.66999817,86.47000122,276.426239,176.9705963,316.0276489,4.34,3.82,0
2022-11-11,376.5277607,380.1065874,374.6431602,379.3070679,93839900,22.52000046,106.2900009,3.812999964,95.98999786,88.95999908,281.5197144,178.4216156,316.524292,4.34,3.82,0
2022-11-14,377.5462142,380.8965861,375.8043799,376.0804138,71903500,23.72999954,106.6600037,3.86500001,93.13999939,85.87000275,279.0561218,176.4264221,314.6313477,4.4,3.88,0
2022-11-15,381.8198822,382.923989,375.4808024,379.2880554,93194500,24.54000092,106.4000015,3.799000025,93.86000061,86.91999817,282.9178162,179.04216,315.0437012,4.37,3.8,0
2022-11-16,377.6603994,378.6122125,375.7663006,376.3945007,68508500,24.11000061,106.2799988,3.691999912,92.86000061,85.58999634,279.0561218,175.8918152,314.9125977,4.35,3.67,0
2022-11-17,371.6450058,375.9186672,371.3404477,375.2428589,74496300,23.93000031,106.6900024,3.775000095,89.77999878,81.63999939,278.4402771,174.2594147,314.9404602,4.43,3.77,0
2022-11-18,378.5741561,378.64079,374.1006517,376.9465637,92922500,23.12000084,106.9300003,3.818000078,87.62000275,80.08000183,278.4499512,175.3858948,316.7724609,4.51,3.82,0
2022-11-21,375.6235663,376.7466989,373.7389658,375.5759583,51243200,22.36000061,107.8399963,3.825000048,87.44999695,79.73000336,275.5854797,174.4694366,316.4720154,4.48,3.83,0
2022-11-22,377.5175869,380.7918259,376.1088932,380.6300049,60429000,21.29000092,107.2200012,3.757999897,88.36000061,80.94999695,279.5546875,176.3309937,320.1433716,4.47,3.76,0
2022-11-23,380.2969582,383.5140915,380.0685323,383.0286865,68261600,20.35000038,106.0800018,3.70600009,85.41000366,77.94000244,282.3604736,176.7891693,321.0729065,4.46,3.71,0
2022-11-25,382.467117,383.4950916,382.1911121,382.9430237,30545400,20.5,105.9599991,3.690999985,83.62999725,76.27999878,280.5029907,177.161499,322.5469971,4.42,3.68,1
2022-11-28,379.8591259,381.4962458,376.070899,376.8323669,67881600,22.20999908,106.6800003,3.703000069,83.19000244,77.23999786,276.3871155,173.591156,317.8241577,4.46,3.69,0
2022-11-29,376.9655538,378.1553201,374.3480678,376.1850891,52310000,21.88999939,106.8199997,3.747999907,83.02999878,78.19999695,274.2950134,174.0971222,317.8147583,4.48,3.75,0
2022-11-30,376.4326115,388.0352173,374.5194866,388.0352173,144566700,20.57999992,105.9499969,3.703000069,85.43000031,80.55000305,286.7989807,178.8703156,325.0165405,4.38,3.68,0
2022-12-01,389.0727002,390.2434409,385.2464213,387.7496948,76398200,19.84000015,104.7300034,3.529000044,86.87999725,81.22000122,287.1509094,178.4788818,323.382782,4.25,3.53,0
2022-12-02,382.8667939,388.2064511,382.7621084,387.3022461,85342700,19.05999947,104.5500031,3.506000042,85.56999969,79.98000336,286.0071106,179.5194702,323.6925354,4.28,3.51,0
2022-12-05,384.4849425,385.4177008,378.9834635,380.335022,77289800,20.75,105.2900009,3.598999977,82.68000031,76.93000031,281.2069092,174.5744324,319.2701111,4.41,3.6,0
2022-12-06,380.1732617,380.7157732,372.7681558,374.8526001,77972200,22.17000008,105.5800018,3.513000011,79.34999847,74.25,275.3802185,171.9014893,315.9180603,4.34,3.51,0
2022-12-07,374.0054437,376.5753507,373.0821838,374.2148438,65927900,22.68000031,105.0999985,3.407999992,77.16999817,72.01000214,274.2558899,171.3955078,315.8993835,4.26,3.42,0
2022-12-08,376.0994826,378.21248,374.3195675,377.1464539,60737900,22.29000092,104.7699966,3.490999937,76.15000153,71.45999908,277.501709,172.6365051,317.7959595,4.31,3.48,0
2022-12-09,375.9090843,378.4599366,374.2053307,374.329071,81447700,22.82999992,104.8099976,3.566999912,76.09999847,71.01999664,275.7321777,170.5172119,314.8946838,4.33,3.57,0
2022-12-12,375.1190595,379.7258606,374.4528077,379.7258606,75405800,25,105.1299973,3.611000061,77.98999786,73.16999817,279.1929321,172.5219879,319.8240967,4.39,3.61,0
2022-12-13,390.4527382,390.7097172,379.8400288,382.6002808,123782500,22.54999924,103.9800034,3.500999928,80.68000031,75.38999939,282.1943054,173.9509277,320.9414062,4.22,3.51,0
2022-12-14,382.2577658,385.9603339,377.2131664,380.1542664,108111300,21.13999939,103.7699966,3.503000021,82.69999695,77.27999878,280.1021423,172.8096619,319.4486084,4.23,3.49,0
2022-12-15,375.2999009,376.204135,369.1988044,370.85495,117705900,22.82999992,104.5599976,3.450000048,81.20999908,76.11000061,270.6973267,168.4843903,312.4814758,4.23,3.44,0
2022-12-16,368.3029384,369.6415902,364.3443519,366.4766235,119858000,22.62000084,104.6999969,3.482000113,79.04000092,74.29000092,268.1163635,167.2280426,309.5829773,4.17,3.48,0
2022-12-19,366.6678033,367.0024735,361.705207,363.3689575,79878100,22.42000008,104.7200012,3.58100009,79.80000305,75.19000244,264.3483887,164.9646912,308.0867004,4.25,3.57,0
2022-12-20,362.6136428,365.4821946,361.2941043,363.8662415,74427200,21.47999954,103.9700012,3.684000015,79.98999786,76.08999634,264.1426086,165.8374329,309.027771,4.25,3.69,0
2022-12-21,366.4574768,370.4352053,365.9220161,369.3069153,78167400,20.06999969,104.1600037,3.684000015,82.19999695,78.29000092,267.9743347,168.6953888,313.9401855,4.21,3.68,0
2022-12-22,366.2662257,369.2877703,358.3490243,364.0383301,100120900,21.96999931,104.4300003,3.66899991,80.98000336,77.48999786,261.4181824,166.4895935,310.7970276,4.24,3.67,0
2022-12-23,363.0151861,366.2757765,361.466173,366.1323547,59857300,20.87000084,104.3099976,3.750999928,83.91999817,79.55999756,262.0061646,167.2472382,312.3686218,4.31,3.75,0
2022-12-27,366.0176166,366.3618288,363.0151854,364.6885071,51638200,21.64999962,104.1800003,3.859999895,84.33000183,79.52999878,258.3018799,166.1251831,312.7826843,4.32,3.84,0
2022-12-28,364.6216127,366.5913785,359.9267752,360.15625,70911500,22.13999939,104.4599991,3.887000084,83.26000214,78.95999908,254.8916321,163.5453491,309.2065735,4.31,3.88,0
2022-12-29,362.996132,367.5093216,362.4702133,366.6391907,66970900,21.44000053,103.8399963,3.835000038,82.26000214,78.40000153,261.1046753,167.6884155,312.4910583,4.34,3.83,0
2022-12-30,363.9619135,365.8168837,361.8487257,365.6734619,84022200,21.67000008,103.5199966,3.878999949,85.91000366,80.26000214,260.9478149,167.2184601,311.8038635,4.41,3.88,0
2023-01-03,367.5284135,369.49815,361.2749624,364.1339722,74850700,22.89999962,104.5199966,3.792999983,82.09999847,76.93000031,259.1839294,166.29776,311.7005005,4.4,3.79,0
2023-01-04,366.3905569,368.9722652,363.3498989,366.9451599,85934100,22.01000023,104.25,3.709000111,77.83999634,72.83999634,260.4186707,168.3693085,312.9613953,4.36,3.69,0
2023-01-05,364.9944857,365.109223,362.1641897,362.757019,76970500,22.45999908,105.0400009,3.720000029,78.69000244,73.66999817,256.3419495,166.5663147,309.8183899,4.45,3.71,0
2023-01-06,365.8455091,372.1945842,362.7857381,371.0758362,104189600,21.12999916,103.8799973,3.569000006,78.56999969,73.76999664,263.4173889,170.3065796,316.4623108,4.24,3.55,0
2023-01-09,373.2655709,376.4496802,370.6838914,370.8655396,73978100,21.96999931,103,3.51699996,79.65000153,74.62999725,265.1225586,170.5942688,315.5306091,4.19,3.53,0
2023-01-10,370.2821987,373.5332179,369.345128,373.4662781,65358100,20.57999992,103.2399979,3.621000051,80.09999847,75.12000275,267.3667297,173.1165619,317.3562622,4.24,3.61,0
2023-01-11,375.0440258,378.2663609,374.2312636,378.1898499,68881100,21.09000015,103.1900024,3.553999901,82.66999817,77.41000366,271.9921875,175.2743988,319.7372131,4.2,3.54,0
2023-01-12,379.2894696,381.0297021,375.2256882,379.5667419,90157700,18.82999992,102.25,3.448999882,84.02999878,78.38999939,273.4621582,178.2186737,321.8451843,4.12,3.43,0
2023-01-13,376.3730941,381.6129923,376.1053638,381.0392761,63903900,18.35000038,102.1999969,3.510999918,85.27999878,79.86000061,275.343689,179.3887329,322.823822,4.22,3.49,0
2023-01-17,381.0201897,382.6935116,379.6623956,380.3412781,62677300,19.36000061,102.3899994,3.535000086,85.91999817,80.18000031,275.9022827,179.1681366,319.1725464,4.18,3.53,0
2023-01-18,381.5269163,382.5882663,374.1356048,374.3363953,99632300,20.34000015,102.3600006,3.375,84.98000336,79.48000336,272.3156128,176.2718201,313.3473816,4.06,3.37,0
2023-01-19,372.299722,373.9443593,370.2917593,371.6112976,86958900,20.52000046,102.0599976,3.397000074,86.16000366,80.33000183,269.6402283,174.5839081,311.1451721,4.09,3.39,0
2023-01-20,373.0072862,378.68702,371.362649,378.5340271,91806400,19.85000038,102.0100021,3.483999968,87.62999725,81.30999756,277.0194702,177.4610291,314.2722168,4.14,3.48,0
2023-01-23,379.3372455,385.0074085,378.3810617,383.0759277,84178800,19.80999947,102.1399994,3.525000095,88.19000244,81.62000275,283.173645,179.6572418,316.6268616,4.21,3.52,0
2023-01-24,381.4025948,383.5731215,380.2169362,382.6647644,59524900,19.20000076,101.9199982,3.469000101,86.12999725,80.12999725,282.595459,179.2735901,317.5027771,4.12,3.46,0
2023-01-25,378.6010846,383.1429588,376.3157907,382.8082886,84800300,19.07999992,101.6399994,3.461999893,86.12000275,80.15000153,281.9683533,179.7723236,317.7099915,4.11,3.46,0
2023-01-26,385.466459,387.1780365,382.5022828,387.0154724,72287400,18.72999954,101.8399963,3.493000031,87.47000122,81.01000214,287.4659424,180.836853,319.6314087,4.17,3.49,0
2023-01-27,385.9732126,390.2760403,385.7628509,387.9046936,68346200,18.51000023,101.9300003,3.517999887,86.66000366,79.68000031,290.3274841,181.8151245,319.8668518,4.19,3.52,0
2023-01-30,385.1509394,387.3788647,382.741366,383.0377808,74202000,19.94000053,102.2799988,3.551000118,84.90000153,77.90000153,284.457489,179.2832184,317.4651489,4.25,3.55,0
2023-01-31,383.5540273,388.7174142,383.209786,388.6696167,86811800,19.39999962,102.0999985,3.529000044,84.48999786,78.87000275,288.7203064,183.6372375,321.0159302,4.21,3.52,0
2023-02-01,387.4552892,395.5446264,384.7206172,392.800354,101459200,17.87000084,101.2200012,3.397000074,82.83999634,76.41000366,294.8941956,186.5240021,321.0537109,4.09,3.39,0
2023-02-02,396.6824551,399.9813013,394.7892295,398.5183411,101654500,18.72999954,101.75,3.395999908,82.16999817,75.87999725,305.4779358,190.197113,320.6391907,4.09,3.4,0
2023-02-03,393.5557311,398.7000052,393.0776391,394.2824402,94736800,18.32999992,102.9199982,3.532000065,79.94000244,73.38999939,300.0488586,188.9216156,319.2736511,4.3,3.53,0
2023-02-06,391.8346679,393.268944,390.2187146,391.8728943,60295300,19.43000031,103.6200027,3.634000063,80.98999786,74.11000061,297.5107727,186.188324,318.8025208,4.44,3.63,0
2023-02-07,390.9548667,398.2409826,389.7118394,396.9979553,90990700,18.65999985,103.4300003,3.674000025,83.69000244,77.13999939,303.6748352,187.5693359,321.665863,4.47,3.67,0
2023-02-08,395.028268,396.3669197,391.9684678,392.6569214,76227500,19.62999916,103.4100037,3.653000116,85.08999634,78.47000122,298.275116,184.8264465,319.6879578,4.45,3.63,0
2023-02-09,396.2521723,396.4051652,388.0289849,389.2528992,78694900,20.70999908,103.2200012,3.683000088,84.5,78.05999756,295.6390076,182.1507416,317.4840393,4.48,3.67,0
2023-02-10,388.0768127,390.5437837,387.2640797,390.1613159,70769700,20.53000069,103.6299973,3.743999958,86.38999939,79.72000122,293.6987,182.5151672,319.0380249,4.5,3.74,0
2023-02-13,390.8115224,394.8753043,390.3525435,394.7414246,64913500,20.34000015,103.3499985,3.717000008,86.61000061,80.13999939,298.4024963,184.7113647,322.6359253,4.52,3.72,0
2023-02-14,393.2211334,396.8641924,390.6107695,394.5598145,88389300,18.90999985,103.2300034,3.760999918,85.58000183,79.05999756,300.6074524,184.625061,321.3080139,4.6,3.77,0
2023-02-15,392.3700514,395.9174853,391.5286049,395.8410034,61555700,18.22999954,103.9199982,3.809000015,85.37999725,78.58999634,302.9104004,186.4952087,321.797699,4.62,3.81,0
2023-02-16,390.8784407,394.8179139,390.256927,390.3907776,76431500,20.17000008,103.8600006,3.842999935,85.13999939,78.48999786,297.2265625,184.7113647,317.776062,4.62,3.86,0
2023-02-17,388.268034,389.6545123,386.346095,389.4154663,89257800,20.02000046,103.8600006,3.828000069,83,76.33999634,295.129425,185.2197113,319.1457214,4.6,3.82,0
2023-02-21,385.3994753,386.4512834,381.3452649,381.6034241,82655900,22.87000084,104.1800003,3.954999924,83.05000305,76.16000366,288.1422119,179.7531433,312.5042419,4.67,3.95,0
2023-02-22,382.0145867,383.554058,379.6241269,381.0775452,83742300,22.29000092,104.5899963,3.923000097,80.59999847,73.94999695,288.3577881,180.2422333,311.8153992,4.66,3.93,0
2023-02-23,383.965235,384.5772068,378.8879005,383.1046753,96242400,21.13999939,104.5999985,3.878999949,82.20999908,75.38999939,290.8763123,181.527359,312.9004211,4.66,3.88,0
2023-02-24,378.0942481,379.8440518,376.392242,379.0121765,108194400,21.67000008,105.2099991,3.948999882,83.16000366,76.31999969,286.0058594,179.8298645,309.5513,4.78,3.95,0
2023-02-27,382.349258,383.707052,379.3659688,380.3030396,80444700,20.95000076,104.6699982,3.921999931,82.44999695,75.68000031,288.0540161,180.4628601,310.4380798,4.78,3.92,0
2023-02-28,379.8249911,381.7851567,378.792296,378.8974915,96438600,20.70000076,104.8700027,3.915999889,83.88999939,77.05000305,287.6816101,180.4723816,308.0889893,4.81,3.92,0
2023-03-01,378.0846868,379.3086011,376.1436346,377.4440308,99706800,20.57999992,104.4800034,3.993999958,84.30999756,77.69000244,285.368866,180.7026062,308.4946899,4.89,4.01,0
2023-03-02,375.4742885,381.2209631,375.1396183,380.3795166,85127800,19.59000015,105.0299988,4.072999954,84.75,78.16000366,287.7305603,181.13414,311.7400818,4.89,4.08,0
2023-03-03,382.196266,386.7285976,381.5460679,386.4799805,90120000,18.48999977,104.5199966,3.963999987,85.83000183,79.68000031,293.6790466,183.6564484,315.2966614,4.86,3.97,0
2023-03-06,387.3022545,389.597119,386.3078443,386.7476807,72795900,18.61000061,104.3499985,3.98300004,86.18000031,80.45999908,294.012207,180.9711304,315.7401123,4.89,3.98,0
2023-03-07,386.699921,386.938967,380.2074239,380.8193665,108310600,19.59000015,105.6200027,3.974999905,83.29000092,77.58000183,290.4059753,178.8708344,310.2589417,5,3.97,0
2023-03-08,380.9341416,382.1962823,379.212993,381.440918,74746600,19.11000061,105.6600037,3.976000071,82.66000366,76.66000366,291.8563232,178.9571228,309.9003296,5.05,3.98,0
2023-03-09,382.2249901,383.8887702,373.4185435,374.4034119,111945300,22.61000061,105.3099976,3.924999952,81.58999634,75.72000122,286.7996521,173.9797058,304.7964783,4.9,3.93,0
2023-03-10,373.8583476,375.9332796,367.4806171,369.000946,189253000,24.79999924,104.5800018,3.694999933,82.77999878,76.68000031,282.7718811,168.963913,301.6362,4.6,3.7,0
2023-03-13,365.0805952,373.28467,363.9714183,368.4750366,157790000,26.52000046,103.5999985,3.515000105,80.76999664,74.80000305,284.8690491,166.2114868,300.7775269,4.03,3.55,0
2023-03-14,373.3898317,376.210586,370.0909854,374.5659485,149752400,23.72999954,103.5999985,3.638000011,77.44999695,71.33000183,291.4152527,169.2900085,303.9567871,4.2,3.64,0
2023-03-15,368.9818486,372.4240876,366.8973454,372.2232971,172996900,26.13999939,104.6500015,3.492000103,73.69000244,67.61000061,292.9440613,166.4992065,301.4569092,3.93,3.51,0
2023-03-16,369.8710404,379.0982086,369.3642641,378.7539673,143254200,22.98999977,104.4199982,3.585000038,74.69999695,68.34999847,300.6662903,168.77211,304.9570007,4.14,3.56,0
2023-03-17,377.4256197,378.5582159,372.9431857,374.3253479,140553400,25.51000023,103.7099991,3.394999981,72.97000122,66.73999786,299.2453613,164.2166595,301.2754211,3.81,3.39,0
2023-03-20,375.1028012,378.3374637,374.4021417,377.9247131,93055800,24.14999962,103.2799988,3.480999947,73.79000092,67.63999939,300.3072815,166.3457336,304.869812,3.92,3.47,0
2023-03-21,381.2841505,383.3670016,379.6908238,382.887085,91524200,21.37999916,103.2600021,3.605999947,75.31999969,69.33000183,304.596405,169.4146729,308.0102844,4.17,3.59,0
2023-03-22,382.7142886,386.3232414,376.3217962,376.3601685,111746600,22.26000023,102.3499985,3.5,76.69000244,70.90000153,300.4544678,164.6098785,302.8644714,3.96,3.48,0
2023-03-23,379.2204878,383.2517989,374.6708879,377.3776245,119351300,22.61000061,102.5299988,3.405999899,75.91000366,69.95999908,304.0173645,163.8792725,303.4888611,3.76,3.38,0
2023-03-24,376.1010524,379.9403854,373.759057,379.8540039,107682400,21.73999977,103.1200027,3.380000114,74.98999786,69.26000214,305.1362,165.3616638,304.8888245,3.76,3.38,0
2023-03-27,382.1288335,382.8967177,379.6716626,380.5643005,74010400,20.60000038,102.8600006,3.528000116,78.12000275,72.80999756,303.0456543,167.2001801,306.7712708,3.94,3.53,0
2023-03-28,379.8731772,380.5642583,377.876737,379.710022,62871700,19.96999931,102.4300003,3.563999891,78.65000153,73.19999695,301.4360046,166.9595337,306.2983093,4.02,3.55,0
2023-03-29,383.8661193,385.4690538,382.6663277,385.2290955,77497900,19.12000084,102.6399994,3.565999985,78.27999878,72.97000122,306.932373,168.8558502,309.3914185,4.08,3.57,0
2023-03-30,387.8589999,388.1085659,385.6226014,387.4846802,69840000,19.02000046,102.1399994,3.551000118,79.26999664,74.37000275,309.8375854,168.6247864,310.7157288,4.1,3.55,0
2023-03-31,388.4060846,393.2436519,388.3004878,392.946106,112062600,18.70000076,102.5100021,3.493999958,79.76999664,75.66999817,314.9903564,171.7242889,314.6317749,4.06,3.48,0
2023-04-03,392.4277954,394.8465645,392.0342603,394.4434509,67391100,18.54999924,102.0899963,3.430000067,84.93000031,80.41999817,314.2248535,171.8013153,317.743927,3.97,3.43,0
2023-04-04,395.0865872,395.3745547,390.8825125,392.2550964,66601500,19,101.5899963,3.336999893,84.94000244,80.70999908,313.1647949,168.7884369,315.8804932,3.84,3.35,0
2023-04-05,391.5255733,392.2838497,389.577113,391.2280273,65200200,19.07999992,101.8499985,3.286999941,84.98999786,80.61000061,310.0731506,167.1327972,316.7127686,3.79,3.3,0
2023-04-06,390.4313108,393.0324797,389.3850962,392.7541199,63743300,18.39999962,101.8199997,3.288000107,85.12000275,80.69999695,312.1636658,167.3830566,316.7885437,3.82,3.3,0
2023-04-10,390.2777878,393.2340907,389.6635098,393.1572876,63681000,18.96999931,102.5800018,3.414999962,84.18000031,79.73999786,311.9869995,169.1734924,317.7911682,4,3.41,0
2023-04-11,393.781166,394.6641961,392.4949931,393.2628479,59297900,19.10000038,102.1999969,3.434000015,85.61000061,81.52999878,309.9847412,170.5114594,318.6804504,4.03,3.43,0
2023-04-12,395.326451,395.6144185,391.0743975,391.6598816,86420400,19.09000015,101.5,3.421000004,87.33000183,83.26000214,307.2463989,169.2601166,318.4060364,3.95,3.41,0
2023-04-13,392.7445207,397.2173467,391.6023169,396.8622131,85814800,17.79999924,101.0100021,3.451999903,86.08999634,82.16000366,313.26297,171.5029144,321.962738,3.96,3.45,0
2023-04-14,396.2287698,398.4171885,393.5892283,395.8928223,78161500,17.06999969,101.5500031,3.522000074,86.30999756,82.51999664,312.6740723,169.9050293,320.5152893,4.08,3.52,0
2023-04-17,395.8064398,397.3325711,394.5778543,397.313385,66436400,16.95000076,102.0999985,3.59100008,84.76000214,80.83000183,312.9389954,172.0900726,321.5369568,4.18,3.6,0
2023-04-18,398.887446,399.0218367,396.1999249,397.5724792,63560000,16.82999992,101.75,3.572000027,84.76999664,80.86000061,312.9586487,171.3585358,321.4234009,4.19,3.58,0
2023-04-19,395.6624175,398.4075263,395.6048299,397.5053101,55227300,16.45999908,101.9700012,3.601999998,83.12000275,79.16000366,312.8115234,171.579895,320.6572876,4.24,3.6,0
2023-04-20,394.692989,397.0829935,393.7907435,395.3360901,75840400,17.17000008,101.8399963,3.545000076,81.09999847,77.29000092,310.4265137,170.6943665,319.6734924,4.14,3.54,0
2023-04-21,395.6336418,396.1039507,393.6947893,395.6432495,73457400,16.77000046,101.8199997,3.569999933,81.66000366,77.87000275,310.7503052,170.9157257,319.999176,4.17,3.57,0
2023-04-24,395.4416619,396.4782982,394.1075091,396.0559692,64332100,16.88999939,101.3499985,3.515000105,82.73000336,78.76000214,310.1025696,170.8002472,320.6049194,4.12,3.52,0
2023-04-25,394.0883231,394.6450428,389.7114858,389.7690735,97766700,18.76000023,101.8600006,3.395999908,80.76999664,77.06999969,304.2528381,166.5841217,317.3681335,3.86,3.4,0
2023-04-26,390.3833858,391.4583944,387.5614737,388.1181641,80447000,18.84000015,101.4700012,3.431999922,77.69000244,74.30000305,306.0980225,164.9766083,315.115509,3.9,3.43,0
2023-04-27,390.6521772,396.1136313,390.4026111,395.8448792,92968400,17.03000069,101.5,3.528000116,78.37000275,74.76000214,314.4211121,167.1809235,320.0842896,4.07,3.53,0
2023-04-28,394.9617272,399.2329964,394.9041396,399.2233887,89433100,15.77999973,101.6699982,3.451999903,79.54000092,76.77999878,316.5902405,168.6440277,322.7627563,4.04,3.44,0
2023-05-01,398.7818805,400.8455159,398.5899021,398.820282,62122300,16.07999992,102.1500015,3.573999882,79.30999756,75.66000366,316.2271118,168.7402802,322.1285706,4.14,3.59,0
2023-05-02,398.1099667,398.1579759,391.4391442,394.3378296,103998500,17.78000069,101.9599991,3.438999891,75.31999969,71.66000366,313.4690857,165.2750244,318.8255005,3.97,3.44,0
2023-05-03,394.8369427,397.2461332,391.3911452,391.6311035,91531800,18.34000015,101.3399963,3.403000116,72.33000183,68.59999847,311.4177551,165.8814545,316.2132568,3.89,3.38,0
2023-05-04,390.5848962,390.911236,387.5230261,388.8572083,94901900,20.09000015,101.4000015,3.351000071,72.5,68.55999756,310.3184814,164.0236359,313.5823364,3.75,3.37,0
2023-05-05,392.4853886,397.1021839,392.2262442,396.0559692,87891800,17.19000053,101.2099991,3.446000099,75.30000305,71.33999634,316.9141235,167.9221191,318.6929321,3.92,3.44,0
2023-05-08,396.3823017,396.6414461,394.7601813,396.1615295,50046800,16.97999954,101.3700027,3.520999908,77.01000214,73.16000366,317.6993103,167.5370941,318.2103271,4,3.52,0
2023-05-09,394.6162032,395.5376348,394.1938743,394.4242249,49220100,17.70999908,101.6399994,3.520999908,77.44000244,73.70999908,315.6872864,167.0365448,317.7844543,4.01,3.53,0
2023-05-10,397.2557473,397.8892407,392.4469739,396.2671204,96142900,16.94000053,101.4800034,3.438999891,76.41000366,72.55999756,319.1224976,167.883606,317.5194702,3.9,3.43,0
2023-05-11,395.4032564,395.8639575,393.5027763,395.5760193,70157100,16.93000031,102.0599976,3.397000074,74.98000336,70.87000275,320.1629333,166.5937805,315.4751282,3.89,3.39,0
2023-05-12,396.8142811,397.0254455,392.6390005,395.0577698,70481500,17.03000069,102.6800003,3.463000059,74.16999817,70.04000092,319.0145264,166.2568817,315.3521423,3.98,3.46,0
2023-05-15,395.6624694,396.8238594,393.7524105,396.4207458,54289400,17.12000084,102.4300003,3.507999897,75.23000336,71.11000061,320.7419739,168.2879028,315.891449,3.99,3.5,0
2023-05-16,395.316924,396.238385,393.7619987,393.7716064,57705500,17.98999977,102.5599976,3.549000025,74.91000366,70.86000061,321.105072,165.8332977,312.6548157,4.06,3.54,0
2023-05-17,395.7871896,399.1561839,394.1458832,398.5515137,87287000,16.87000084,102.8799973,3.58100009,76.95999908,72.83000183,324.9917908,169.5296173,316.6866455,4.12,3.57,0
2023-05-18,398.2348355,402.8132592,398.0140926,402.3909302,97177200,16.04999924,103.5800018,3.648000002,75.86000061,71.86000061,331.0279846,170.5595856,318.0589294,4.24,3.65,0
2023-05-19,403.2931485,403.8210451,400.5864117,401.8053894,103793300,16.80999947,103.1999969,3.691999912,75.58000183,71.55000305,330.2820435,169.5200195,316.973877,4.28,3.7,0
2023-05-22,401.8246283,403.5043366,400.5864351,401.9685974,60745400,17.20999908,103.1999969,3.719000101,75.98999786,71.98999786,331.3910828,171.5894928,315.7503052,4.29,3.72,0
2023-05-23,400.3271669,401.9013072,397.0637403,397.4572754,86383500,18.53000069,103.4899979,3.697999954,76.83999634,72.91000366,327.1903076,170.7810059,313.578186,4.26,3.7,0
2023-05-24,395.8544144,396.2383418,393.4164299,394.5778198,89213700,20.03000069,103.8899994,3.719000101,78.36000061,74.33999634,325.5120239,168.9713287,311.1122437,4.31,3.73,0
2023-05-25,398.0812545,399.4442307,395.8448558,397.994873,90961600,19.13999939,104.2099991,3.813999891,76.26000214,71.83000183,333.4326782,167.6526337,310.8656921,4.5,3.83,0
2023-05-26,398.6475192,403.8690143,398.5707455,403.1491394,93830000,17.95000076,104.2099991,3.809999943,76.94999695,72.66999817,341.9519958,169.5585175,313.7963867,4.54,3.8,0
2023-05-30,405.0783705,405.606267,401.9205113,403.3026733,72216000,17.45999908,104.1699982,3.700000048,73.54000092,69.45999908,343.5027771,168.9328156,313.4929199,4.46,3.69,0
2023-05-31,401.4790054,402.3812509,399.5017515,401.0662842,110811800,17.94000053,104.3199997,3.637000084,72.66000366,68.08999634,341.5496216,167.2675934,312.5444336,4.4,3.64,0
2023-06-01,401.2966731,405.932684,400.0489016,404.8768616,88865000,15.64999962,103.5599976,3.60800004,74.27999878,70.09999847,345.4951782,169.0771942,313.8912354,4.33,3.61,0
2023-06-02,407.4491996,411.518883,406.921303,410.731842,91426200,14.60000038,104.0199966,3.690999985,76.12999725,71.73999786,348.0863647,175.2088318,320.6539307,4.5,3.69,0
2023-06-05,411.0773899,412.363563,409.2441049,409.9447937,65460200,14.72999954,104,3.693000078,76.70999908,72.15000153,348.3316956,172.8601532,318.8139648,4.46,3.69,0
2023-06-06,409.5320737,411.3653294,408.8793648,410.8374329,64022200,13.96000004,104.1299973,3.698999882,76.29000092,71.73999786,348.2728271,177.4131622,318.8518982,4.51,3.7,0
2023-06-07,411.2309384,412.3635346,408.9945106,409.4168396,85373300,13.93999958,104.0999985,3.78399992,76.94999695,72.52999878,342.3641968,180.7326355,319.800293,4.56,3.79,0
2023-06-08,409.483998,412.3443112,408.7161432,411.8931885,61952800,13.64999962,103.3399963,3.713999987,75.95999908,71.29000092,346.6140747,180.0569916,321.355835,4.52,3.73,0
2023-06-09,412.6898814,414.6383416,411.6436667,412.6322937,85742800,13.82999992,103.5599976,3.744999886,74.79000092,70.16999817,347.9391174,178.5994415,321.7922058,4.59,3.75,0
2023-06-12,413.6113458,416.4524439,412.8914709,416.3756409,76104300,15.01000023,103.6299973,3.765000105,71.83999634,67.12000275,353.8182373,179.3426666,323.5942383,4.55,3.73,0
2023-06-13,417.8345547,419.7637993,417.1722675,419.1207275,95899700,14.60999966,103.3399963,3.838999987,74.29000092,69.41999817,356.5369873,181.3986511,324.969574,4.67,3.84,0
2023-06-14,419.4567178,421.4243642,416.1740754,419.619873,100612100,13.88000011,103.0100021,3.796000004,73.19999695,68.26999664,359.1281433,179.4488678,322.8829956,4.74,3.83,0
2023-06-15,418.8039712,426.0699149,418.7080113,424.8221436,110303100,14.5,102.1200027,3.727999926,75.66999817,70.62000275,363.4074097,180.9256897,327.0088196,4.62,3.72,0
2023-06-16,426.8049109,427.3733126,422.9031576,423.3752136,114165800,13.53999996,102.3000031,3.769000053,76.61000061,71.77999878,361.1205139,179.4778137,326.0163574,4.7,3.77,0
2023-06-20,421.4387253,422.3250355,419.1072878,421.1785889,76160400,13.88000011,102.5400009,3.729000092,75.90000153,70.5,360.6036072,178.6959991,323.6492615,4.68,3.74,0
2023-06-21,420.1959163,420.9955241,418.4328804,419.0205688,76982300,13.19999981,102.0699997,3.72300005,77.12000275,72.52999878,355.6893616,178.2809143,322.6702271,4.68,3.72,0
2023-06-22,418.0668136,420.6390713,417.7296183,420.5331116,70637200,12.90999985,102.3899994,3.799000025,74.13999939,69.51000214,359.8860779,176.9585114,322.5845947,4.77,3.8,0
2023-06-23,417.0841009,419.1361444,416.6409458,417.3538513,92074500,13.43999958,102.9000015,3.739000082,73.84999847,69.16000366,356.3183899,174.2944794,320.512207,4.71,3.74,0
2023-06-26,416.7855155,418.7026694,415.4078625,415.6487122,72823600,14.25,102.6900024,3.719000101,74.18000031,69.37000275,351.5418396,174.4681549,320.4931946,4.65,3.72,0
2023-06-27,416.5253768,420.8221262,416.0725783,420.2055664,72813700,13.73999977,102.4899979,3.767999887,72.26000214,67.69999695,357.5862427,176.9874725,322.480011,4.74,3.77,0
2023-06-28,419.126531,421.4290677,418.5099713,420.417511,75636000,13.43000031,102.9100037,3.710000038,74.02999878,69.55999756,358.2840576,177.8562012,321.909668,4.71,3.71,0
2023-06-29,420.0032533,422.2383451,419.5986423,422.0745544,67882300,13.53999996,103.3399963,3.854000092,74.33999634,69.86000061,357.5665894,179.9025269,324.3147888,4.87,3.85,0
2023-06-30,425.2826785,428.0379844,424.9647405,427.0553284,104964000,13.59000015,102.9100037,3.819000006,74.90000153,70.63999939,363.0803528,180.7615814,326.8719482,4.87,3.81,0
2023-07-03,426.7085093,427.8260258,426.4291155,427.5466614,32793400,13.56999969,102.9899979,3.85800004,74.65000153,69.79000092,363.9353333,181.1283722,327.0811157,4.94,3.86,1
2023-07-05,425.7354802,427.64302,425.7258368,426.9108276,58418400,14.18000031,103.3700027,3.944999933,76.65000153,71.79000092,363.9255676,179.32341,325.8833008,4.94,3.95,0
2023-07-06,423.3366648,423.9917689,421.0630286,423.5678711,80658300,15.43999958,103.1699982,4.040999889,76.51999664,71.80000305,361.1539307,176.4276276,322.480011,4.99,4.05,0
2023-07-07,422.5755014,426.4387389,422.2575635,422.4984131,86134200,14.82999992,102.2699966,4.050000191,78.47000122,73.86000061,359.954895,178.2905731,320.7689514,4.94,4.06,0
2023-07-10,422.1420304,423.7412758,421.5736288,423.5678711,62443500,15.06999969,101.9700012,4.006000042,77.69000244,72.98999786,360.0728149,181.340744,322.8127747,4.85,4.01,0
2023-07-11,424.3288783,426.7566319,423.3558364,426.2652893,64463800,14.84000015,101.7300034,3.980000019,79.40000153,74.83000183,361.8518677,183.2036591,325.7216797,4.88,3.99,0
2023-07-12,430.05152,431.101621,428.6256795,429.6950378,91924500,13.53999996,100.5199966,3.861000061,80.11000061,75.75,366.4219666,185.2017365,326.6628723,4.72,3.86,0
2023-07-13,431.5062844,433.8955238,431.0727726,433.1055298,72425200,13.60999966,99.76999664,3.760999918,81.36000061,76.88999939,372.6433411,186.6978302,326.9385376,4.59,3.76,0
2023-07-14,433.9918446,434.8396107,432.0746612,432.8357544,69815800,13.34000015,99.91000366,3.819000006,79.87000275,75.41999817,372.5647278,184.8735199,328.12677,4.74,3.83,0
2023-07-17,432.6912197,435.388724,432.6430321,434.338623,52680200,13.47999954,99.83999634,3.796999931,78.5,74.15000153,376.0439453,186.8522949,328.7731323,4.74,3.81,0
2023-07-18,434.0110664,438.2114701,433.5775252,437.5660095,80668200,13.30000019,99.94000244,3.789000034,79.62999725,75.75,379.1202393,189.1592255,332.3190002,4.74,3.8,0
2023-07-19,438.3559534,439.7239628,437.4888712,438.5390015,65891700,13.76000023,100.2799988,3.742000103,79.45999908,75.34999847,379.0317993,189.9603882,333.3742371,4.74,3.75,0
2023-07-20,437.5467609,438.4427145,434.9166721,435.6295776,70591600,13.98999977,100.8799973,3.854000092,79.63999939,75.62999725,370.2944031,188.3001556,335.0283203,4.8,3.85,0
2023-07-21,437.344426,437.5467609,435.6199636,435.6295776,71275600,13.60000038,101.0699997,3.836999893,81.06999969,77.06999969,369.1838074,187.7017212,335.0072632,4.82,3.84,0
2023-07-24,436.7760158,438.3849044,435.7451722,437.5756531,54023400,13.90999985,101.3499985,3.857000113,82.73999786,78.73999786,369.7734375,188.1650085,336.8435059,4.81,3.86,0
2023-07-25,437.305878,440.0226395,437.2576904,438.7702332,55191200,13.85999966,101.3499985,3.911999941,83.63999939,79.62999725,372.2797241,188.145752,337.0812683,4.85,3.91,0
2023-07-26,437.8357647,440.2635186,436.7856638,438.8377075,71052900,13.18999958,100.8899994,3.851000071,82.91999817,78.77999878,371.0413208,189.6322021,337.9658508,4.82,3.86,0
2023-07-27,442.2192453,442.6238857,435.0226561,435.9282532,92194400,14.40999985,101.7699966,4.012000084,84.23999786,80.08999634,370.1567993,187.180481,335.6066895,4.91,4.01,0
2023-07-28,439.1941327,441.0245841,435.9281975,440.1960754,80011800,13.32999992,101.6200027,3.969000101,84.98999786,80.58000183,376.8990173,189.603241,337.23349,4.87,3.96,0
2023-07-31,440.6682055,441.3907546,439.357968,441.0343018,62040400,13.63000011,101.8600006,3.959000111,85.55999756,81.80000305,377.0956726,191.8040161,338.2703552,4.88,3.97,0
2023-08-01,439.5698819,440.5140232,438.8184322,439.7722168,55291500,13.93000031,102.3000031,4.051000118,84.91000366,81.37000275,376.2208862,190.9256287,338.8699036,4.92,4.05,0
2023-08-02,436.6604316,436.9205387,432.9031828,433.6546326,93933400,16.09000015,102.5899963,4.078000069,83.19999695,79.48999786,367.9650879,188.3291321,335.578186,4.88,4.08,0
2023-08-03,431.6411885,434.2905351,430.9956984,432.4118958,64276100,15.92000008,102.5400009,4.18900013,85.13999939,81.55000305,367.3753662,187.7982178,334.8646545,4.9,4.2,0
2023-08-04,434.2230077,436.3232095,429.9358723,430.4561157,100128900,17.10000038,102.0199966,4.059999943,86.23999786,82.81999969,365.6553955,187.4217987,333.5898132,4.78,4.05,0
2023-08-07,432.2865817,434.3675262,431.5929335,434.2133789,58357500,15.77000046,102.0500031,4.078000069,85.33999634,81.94000244,368.7513123,187.5472717,337.3667603,4.76,4.09,0
2023-08-08,431.6796747,434.203804,428.9725267,432.3251648,71361300,15.98999977,102.5299988,4.026000023,86.16999817,82.91999817,365.6160583,186.3696442,335.8445435,4.74,4.02,0
2023-08-09,432.5948521,432.7586428,428.6738129,429.434906,78789600,15.96000004,102.4899979,4.012000084,87.55000305,84.40000153,361.5963135,184.9121704,334.189209,4.79,4,0
2023-08-10,431.7855978,435.1671361,428.4233463,429.5890503,93005500,15.85000038,102.5199966,4.079999924,86.40000153,82.81999969,362.2645874,184.0917206,334.7695923,4.82,4.09,0
2023-08-11,427.7200291,430.3501175,427.1227267,429.3385315,68690900,14.84000015,102.8399963,4.168000221,86.80999756,83.19000244,359.954895,184.3523102,335.8255005,4.89,4.16,0
2023-08-14,428.4233633,431.7085266,428.1150687,431.7085266,47867400,14.81999969,103.1900024,4.184000015,86.20999908,82.51000214,363.9943848,184.0337982,336.0253906,4.96,4.19,0
2023-08-15,429.9359198,430.292402,426.1112259,426.679657,75707500,16.45999908,103.2099991,4.221000195,84.88999939,80.98999786,360.1318359,181.6013641,332.6004333,4.92,4.21,0
2023-08-16,426.2654072,427.9224542,423.4426559,423.548645,80107200,16.78000069,103.4199982,4.257999897,83.44999695,79.37999725,356.3183899,179.3812866,330.8499756,4.97,4.28,0
2023-08-17,425.0129441,425.2730512,419.800954,420.3211975,95711300,17.88999939,103.4400024,4.308000088,84.12000275,80.38999939,352.4263306,177.267395,328.271759,4.94,4.3,0
2023-08-18,417.5080258,421.5543115,417.1612165,420.523468,98852000,17.29999924,103.3799973,4.250999928,84.80000305,81.25,351.9840698,178.2326508,328.8148804,4.92,4.26,0
2023-08-21,421.5350298,424.0013278,419.3866698,423.2595215,68719000,17.12999916,103.3300018,4.342000008,84.45999908,80.72000122,357.6550598,177.9720306,328.3861084,4.97,4.34,0
2023-08-22,425.0321948,425.0321948,421.5543399,422.1130981,64994200,16.96999931,103.5599976,4.328000069,84.02999878,80.34999847,357.1440125,177.4411621,326.7569885,5.02,4.34,0
2023-08-23,423.1728986,427.431134,423.0283947,426.8145447,68441000,15.97999954,103.3600006,4.197999954,83.20999908,78.88999939,362.7756653,179.3330383,328.5385437,4.95,4.19,0
2023-08-24,428.4136973,428.9242973,420.8702703,420.8992004,88517300,17.20000076,103.9800034,4.235000134,83.36000061,79.05000305,355.0209961,176.8523102,324.9181519,4.98,4.23,0
2023-08-25,422.6236627,425.1477622,419.0783632,423.8664551,102325100,15.68000031,104.0800018,4.238999844,84.48000336,79.83000183,357.7730103,177.6052094,327.2714844,5.03,4.25,0
2023-08-28,426.0533657,427.1709116,423.8664616,426.5543518,61595400,15.07999992,104.0599976,4.211999893,84.41999817,80.09999847,360.4660645,179.1882477,329.3771667,4.98,4.2,0
2023-08-29,426.4483589,432.9994866,426.2653108,432.7200928,83081900,14.44999981,103.5500031,4.122000217,85.48999786,81.16000366,368.338501,181.6882324,332.1495972,4.87,4.12,0
2023-08-30,433.0573434,435.1382881,432.3540518,434.5024414,69053900,13.88000011,103.1600037,4.118000031,85.86000061,81.62999725,370.3926697,182.3735504,332.8926697,4.9,4.12,0
2023-08-31,435.1189836,436.2557869,433.6835291,433.8665771,66084600,13.56999969,103.6200027,4.092999935,86.86000061,83.62999725,371.5032349,182.0550232,331.3778687,4.85,4.09,0
2023-09-01,436.5833516,437.0650509,433.2210705,434.6758118,58944100,13.09000015,104.2399979,4.172999859,88.55000305,85.55000305,371.1100769,184.2171783,332.4925232,4.87,4.18,0
2023-09-05,434.2326029,434.5505114,432.7297036,432.7971191,55166200,14.01000023,104.8099976,4.268000126,90.04000092,86.69000244,371.5818481,180.3368835,330.5870361,4.94,4.27,0
2023-09-06,431.9879277,432.0939169,427.5659317,429.8877258,70758500,14.44999981,104.8600006,4.289999962,90.59999847,87.54000092,368.309021,179.6611938,328.7006531,5.01,4.3,0
2023-09-07,426.8915071,429.2422019,426.5446978,428.5678406,70355400,14.39999962,105.0599976,4.260000229,89.91999817,86.87000275,365.6750793,177.9237823,329.3580322,4.94,4.27,0
2023-09-08,428.6160459,430.7451487,428.2595932,429.2133484,61659700,13.84000015,105.0899963,4.257999897,90.65000153,87.51000214,366.1860657,177.5280304,330.1391602,4.98,4.26,0
2023-09-11,431.8337369,432.344337,430.1285322,432.0360718,60180100,13.80000019,104.5699997,4.288000107,90.63999939,87.29000092,370.500824,177.952713,330.9586182,4.97,4.29,0
2023-09-12,430.5909909,432.1131477,429.0880916,429.6661072,67565400,14.22999954,104.7099991,4.263999939,92.05999756,88.83999634,366.3924866,177.7789917,330.8062744,4.98,4.27,0
2023-09-13,429.8876899,431.3231443,428.7894015,430.1670837,60199300,13.47999954,104.7699966,4.249000072,91.87999725,88.51999664,367.7880859,176.6110382,330.1773682,4.96,4.25,0
2023-09-14,432.6334271,434.5698384,431.3328331,433.8761902,83430800,12.81999969,105.4100037,4.288000107,93.69999695,90.16000366,370.7956238,179.1013794,333.4072266,5,4.29,0
2023-09-15,432.2935551,432.6222625,428.2136713,428.6487122,111848900,13.78999996,105.3199997,4.322000027,93.93000031,90.76999664,364.4465027,177.2288055,330.658905,5.02,4.33,0
2023-09-18,428.3394182,430.1956815,427.8656971,428.900177,55752200,14,105.1999969,4.318999767,94.43000031,91.48000336,364.826416,176.0512085,330.668396,5.05,4.32,0
2023-09-19,427.9816174,428.5713788,425.3326035,428.0106201,66514600,14.10999966,105.1999969,4.364999771,94.33999634,91.19999695,364.0488586,175.3658295,329.6367493,5.08,4.37,0
2023-09-20,429.2674385,429.683154,423.8726961,424.0757446,82562600,15.14000034,105.1600037,4.348999977,93.52999878,90.27999878,358.8027344,173.6091156,328.9202881,5.12,4.35,0
2023-09-21,421.2333898,421.4944143,416.9118068,417.0664978,104095800,17.54000092,105.3600006,4.480000019,93.30000305,89.62999725,352.2278137,170.9160919,325.3474731,5.12,4.49,0
2023-09-22,418.091289,419.6864978,415.7129476,416.1286926,100829700,17.20000076,105.5800018,4.438000202,93.26999664,90.02999878,352.2770691,170.5299988,324.3923035,5.1,4.44,0
2023-09-25,414.9202658,417.9173127,414.4851953,417.8786621,70874500,16.89999962,106,4.541999817,93.29000092,89.68000031,353.9503174,171.2925262,324.774353,5.09,4.55,0
2023-09-26,414.8428505,415.5486228,410.9079803,411.7394409,96168400,18.94000053,106.2300034,4.558000088,93.95999908,90.38999939,348.6353149,169.0901642,321.0106201,5.04,4.56,0
2023-09-27,412.909255,413.4700137,408.2686421,411.9037781,104705800,18.21999931,106.6699982,4.625999928,96.55000305,93.68000031,349.45224,170.6708832,320.4277649,5.1,4.61,0
2023-09-28,411.3527677,415.9643784,410.7630062,414.2918091,92258300,17.34000015,106.2200012,4.597000122,95.37999725,91.70999908,352.3754883,172.2128448,321.5646667,5.04,4.59,0
2023-09-29,417.3371661,417.5111825,411.7684074,413.2862854,115111300,17.52000046,106.1699982,4.572999954,95.30999756,90.79000092,352.6314087,171.3982391,319.9693298,5.03,4.59,0
2023-10-02,412.4548561,414.3691244,410.3665714,413.1219482,83798600,17.61000061,106.9000015,4.683000088,90.70999908,88.81999969,355.5743408,168.8089447,319.1477966,5.12,4.69,0
2023-10-03,410.946644,413.1799422,406.2286709,407.5918579,103760600,19.78000069,107,4.802000046,90.91999817,89.23000336,349.3341675,165.9674683,315.2215881,5.15,4.81,0
2023-10-04,408.0559363,411.3043594,406.5960637,410.5599365,87453000,18.57999992,106.8000031,4.735000134,85.80999756,84.22000122,354.0881042,166.0450897,316.1864319,5.05,4.73,0
2023-10-05,410.2698772,411.2463514,407.1858225,410.4052429,70142700,18.48999977,106.3300018,4.717000008,84.06999969,82.30999756,353.0447693,166.1711426,316.35849,5.03,4.72,0
2023-10-06,407.9592944,416.8151577,406.6347873,415.2779541,113273300,17.45000076,106.0400009,4.78399992,84.58000183,82.79000092,358.9602051,167.7712555,319.1574097,5.08,4.78,0
2023-10-09,413.3829806,418.5070216,412.8319288,417.936615,80374400,17.70000076,106.0800018,4.796999931,88.15000153,86.37999725,360.7909546,168.7410431,321.0583496,5.08,4.78,0
2023-10-10,418.5650271,422.7029164,418.1686369,420.111908,78607300,17.03000069,105.8300018,4.65500021,87.65000153,85.97000122,362.7889709,170.6515198,322.3574829,4.96,4.66,0
2023-10-11,421.1754404,422.0842024,418.7970986,421.8328552,62451700,16.09000015,105.8199997,4.59499979,85.81999969,83.48999786,365.3775635,170.3605804,322.9116516,4.99,4.58,0
2023-10-12,422.4418782,422.8189136,416.9117992,419.2611084,81154200,16.69000053,106.5699997,4.711999893,86,82.91000366,364.1078796,166.5105743,321.2303467,5.06,4.7,0
2023-10-13,420.7596597,421.9585079,415.6066453,417.1728516,95143100,19.31999969,106.6500015,4.629000187,90.88999939,87.69000244,359.5310059,165.1237793,321.6219482,5.04,4.63,0
2023-10-16,419.4158131,422.6255857,419.1741139,421.5621033,75433200,17.20999908,106.2399979,4.711999893,89.65000153,86.66000366,363.5960693,167.7906799,324.688324,5.09,4.71,0
2023-10-17,418.4393455,423.5923892,418.0913128,421.5427551,75324700,17.87999916,106.25,4.847000122,89.90000153,86.66000366,362.4051208,169.6623535,324.783905,5.19,4.83,0
2023-10-18,419.7735212,420.7306406,414.8428514,415.9256592,93559800,19.21999931,106.5699997,4.903999805,91.5,88.31999969,357.651123,166.1711426,321.5741882,5.19,4.91,0
2023-10-19,416.6411507,418.4490563,411.5944696,412.2712097,121323000,21.39999962,106.25,4.987999916,92.37999725,89.37000275,354.3046875,163.5236359,319.1764221,5.14,4.98,0
2023-10-20,411.8361657,412.3775697,407.0988372,407.2052002,123919900,21.70999908,106.1600037,4.923999786,92.16000366,88.75,349.019165,161.4095459,316.5546265,5.07,4.93,0
2023-10-23,405.6776064,410.3569291,403.9277065,406.4993896,92035100,20.37000084,105.5400009,4.837999821,89.83000183,85.48999786,350.0723572,160.0421448,314.767334,5.05,4.86,0
2023-10-24,408.6166764,410.7146385,406.7700909,409.5641479,78564200,18.96999931,106.2699966,4.840000153,88.06999969,83.73999786,353.4778748,161.4386292,316.7935791,5.02,4.83,0
2023-10-25,407.8819288,407.9109316,403.1736035,403.6860046,94223200,20.19000053,106.5299988,4.953000069,90.12999725,85.38999939,344.8262024,158.7717438,315.75177,5.08,4.95,0
2023-10-26,402.6225515,403.4733079,397.933581,398.8520203,115156800,20.68000031,106.5999985,4.84499979,87.93000031,83.20999908,338.2514038,159.1790619,313.3336182,5.02,4.86,0
2023-10-27,400.4376256,400.8340159,395.6229663,397.0441589,107367700,21.27000046,106.5599976,4.84499979,90.48000336,85.54000092,339.8754272,157.3073883,309.8639221,4.99,4.84,0
2023-10-30,399.8285411,402.8449428,398.5330367,401.7911377,86562700,19.75,106.1200027,4.875,87.44999695,82.30999756,343.7041931,158.1801758,314.6812439,5.03,4.88,0
2023-10-31,402.3614742,404.6334526,400.4568834,404.3144226,79665200,18.13999939,106.6600037,4.875,87.41000366,81.01999664,345.3478088,159.5475769,315.8760986,5.07,4.88,0
2023-11-01,405.2812643,409.4384791,404.7495084,408.6263733,98068100,16.87000084,106.8799973,4.789000034,84.62999725,80.44000244,351.342041,160.4591675,317.9787598,4.95,4.77,0
2023-11-02,412.4161644,416.6120885,412.3968391,416.4573975,94938900,15.65999985,106.1200027,4.669000149,86.84999847,82.45999908,357.7200012,164.7358551,323.436554,4.98,4.67,0
2023-11-03,418.7584346,421.803839,418.6327463,420.256958,100167800,14.90999985,105.0199966,4.558000088,84.88999939,80.51000214,361.9228516,169.2162476,325.5584717,4.83,4.57,0
2023-11-06,421.0109669,421.6683816,419.2803925,421.2236633,67831700,14.89000034,105.2200012,4.662000179,85.18000031,80.81999969,363.3992615,167.1021423,325.9693909,4.93,4.67,0
2023-11-07,421.2236973,423.0606053,420.0828842,422.4225159,64256100,14.81000042,105.5400009,4.571000099,81.61000061,77.37000275,366.8343201,166.5105743,326.4473572,4.91,4.58,0
2023-11-08,423.0219609,423.5440394,420.4309523,422.7319336,61746000,14.44999981,105.5899963,4.522999763,79.54000092,75.33000183,367.0705261,164.7358551,326.0458679,4.93,4.49,0
2023-11-09,423.8727134,423.9113935,419.0097267,419.4351196,83174400,15.28999996,105.9100037,4.630000114,80.01000214,75.73999786,364.2457275,162.185379,324.1246948,5.03,4.62,0
2023-11-10,421.5041322,426.2897593,419.4254953,425.9803772,89462200,14.17000008,105.8600006,4.627999783,81.43000031,77.16999817,372.4347839,163.9988403,327.8523254,5.04,4.61,0
2023-11-13,424.646224,426.676474,423.8631209,425.5743408,52236100,14.76000023,105.6600037,4.631999969,82.51999664,78.26000214,371.273407,164.0570374,328.3876038,5.02,4.63,0
2023-11-14,431.5007656,435.1165763,431.2783917,433.8307495,97176900,14.15999985,104.1100006,4.440999985,82.47000122,78.26000214,379.2654724,173.0662689,333.0233459,4.8,4.44,0
2023-11-15,435.1649221,436.392773,433.8984206,434.7492065,77327600,14.18000031,104.3899994,4.534999847,81.18000031,76.66000366,379.5509338,173.3668823,334.7915344,4.9,4.53,0
2023-11-16,434.3044706,435.5999748,433.2409882,435.2809448,66665800,14.31999969,104.3700027,4.445000172,77.41999817,72.90000153,379.8757629,170.5642395,334.5525208,4.83,4.45,0
2023-11-17,435.2906317,436.4314745,434.3721923,435.8223877,83133200,13.80000019,103.8199997,4.440999985,80.61000061,75.88999939,379.964386,172.9013824,334.6646118,4.88,4.44,0
2023-11-20,435.5709916,440.0182631,435.5613142,439.1771545,69936200,13.40999985,103.4700012,4.421999931,82.31999969,77.59999847,384.5903625,173.9099274,336.6662292,4.89,4.42,0
2023-11-21,438.132993,439.0514619,436.9534997,438.2200012,49244600,13.35000038,103.5899963,4.418000221,82.44999695,77.76999664,382.3561096,171.6697693,335.9959717,4.86,4.41,0
2023-11-22,439.8731841,441.2266936,438.8193792,439.9118347,59394900,12.85000038,103.9199982,4.415999889,81.95999908,77.09999847,383.9211121,172.7462158,337.6624451,4.89,4.42,0
2023-11-24,439.9602423,440.3759578,439.6315349,440.1825867,29737400,12.46000004,103.4000015,4.472000122,80.58000183,75.54000092,383.3796997,173.9099274,338.8500366,4.92,4.47,1
2023-11-27,439.554201,440.3663069,439.0031197,439.3898621,50506000,12.68999958,103.1999969,4.388999939,79.98000336,74.86000061,383.045166,173.3281097,338.3902588,4.84,4.39,0
2023-11-28,439.0031069,441.1203944,438.4423777,439.8248901,62115000,12.68999958,102.75,4.335999966,81.68000031,76.41000366,384.0490417,172.6589508,339.1468506,4.73,4.34,0
2023-11-29,441.9711752,443.1023405,439.1191422,439.5155029,63146000,12.97999954,102.7699966,4.270999908,83.09999847,77.86000061,383.6750183,173.5705109,339.6639404,4.64,4.27,0
2023-11-30,440.3566267,441.5941254,438.2876673,441.2460632,79752700,12.92000008,103.5,4.352000237,82.83000183,75.95999908,382.7104187,174.2299805,344.7880554,4.73,4.37,0
2023-12-01,440.6369649,444.3881412,440.0472331,443.8564148,89183400,12.63000011,103.2699966,4.225999832,78.87999725,74.06999969,383.803009,179.3213043,347.709137,4.56,4.22,0
2023-12-04,440.4726537,443.875768,439.2544802,441.5264587,72430900,13.07999992,103.6399994,4.288000107,78.02999878,73.04000092,380.2399597,181.2414551,347.3163757,4.64,4.28,0
2023-12-05,440.1439489,442.3965726,439.7668839,441.4394531,69793500,12.85000038,104.0500031,4.171000004,77.19999695,72.31999969,381.1946716,178.8170319,346.6172485,4.57,4.18,0
2023-12-06,443.5760377,443.6050404,439.2254521,439.6605225,69124700,12.97000027,104.1500015,4.120999813,74.30000305,69.37999725,378.9899292,178.496994,345.9563904,4.6,4.12,0
2023-12-07,441.7391105,443.6630266,441.1397012,443.0152893,66995400,13.06000042,103.5400009,4.129000187,74.05000305,69.33999634,384.2852783,179.7867889,346.5406494,4.58,4.14,0
2023-12-08,442.2708784,445.4516483,442.0291792,444.9199219,83194400,12.35000038,104.0100021,4.244999886,75.83999634,71.23000336,385.9978638,181.1541901,347.776062,4.71,4.23,0
2023-12-11,444.4268612,446.824528,444.2141647,446.6504822,65002200,12.63000011,104.0999985,4.238999844,76.02999878,71.31999969,389.295166,181.5324097,349.2798157,4.71,4.23,0
2023-12-12,446.3024099,448.7870848,445.3066104,448.6903992,68327600,12.06999969,103.8700027,4.205999851,73.23999786,68.61000061,392.3955688,181.3481598,350.927063,4.73,4.2,0
2023-12-13,449.0674108,455.1292452,448.7097007,454.8778687,93278000,12.18999958,102.8700027,4.032999992,74.26000214,69.47000122,397.3857727,187.4868317,356.0319519,4.46,4.04,0
2023-12-14,456.8115506,458.0007215,453.6694606,456.3378296,119026000,12.47999954,101.9599991,3.930000067,76.61000061,71.58000183,397.0412903,192.7042236,357.554657,4.37,3.92,0
2023-12-15,455.741744,456.9163325,453.7420701,455.5864258,141553700,12.27999973,102.5500031,3.927999973,76.55000305,71.43000031,398.9606018,191.0847015,357.6824036,4.44,3.91,0
2023-12-18,457.1881394,459.1295727,456.1300618,458.1491394,70375300,12.56000042,102.5100021,3.953999996,77.94999695,72.47000122,401.4734802,191.1525726,358.0183411,4.43,3.95,0
2023-12-19,458.6927057,461.0127325,458.6150614,460.9350586,55761800,12.52999973,102.1699982,3.921999931,79.23000336,73.44000244,403.5248718,194.8570862,360.4372864,4.41,3.93,0
2023-12-20,460.0807959,461.9639883,454.1206119,454.5477295,102921000,13.67000008,102.4100037,3.877000093,79.69999695,74.22000122,397.5286255,191.0455475,355.9257812,4.34,3.86,0
2023-12-21,457.5278813,459.1295876,455.1108063,458.8577881,86667500,13.64999962,101.8399963,3.894000053,79.38999939,73.88999939,402.1539917,194.296463,358.8822327,4.33,3.89,0
2023-12-22,459.9837189,461.459227,457.8869973,459.7798767,67160400,13.02999973,101.6999969,3.901000023,79.06999969,73.55999756,402.7556152,196.106842,358.8053894,4.31,3.9,0
2023-12-26,460.1876248,462.6241033,460.1099509,461.721344,55387000,12.98999977,101.4700012,3.885999918,81.06999969,75.56999969,405.2211609,198.6569977,360.293335,4.26,3.89,0
2023-12-27,461.517509,462.7017844,460.9836267,462.5561829,68000300,12.43000031,100.9899979,3.789000034,79.65000153,74.11000061,406.0460815,199.3578033,361.4546814,4.2,3.79,0
2023-12-28,462.9153345,463.565698,462.313495,462.730896,77158100,12.47000027,101.2300034,3.849999905,78.38999939,71.76999664,405.8487244,198.598587,361.9059448,4.26,3.84,0
2023-12-29,462.5367348,463.0609301,459.4401466,461.3912964,122283100,12.44999981,101.3300018,3.865999937,77.04000092,71.65000153,404.0923157,195.3574219,361.7523193,4.23,3.88,0
2024-01-02,458.3335624,459.799354,456.7124526,458.8092041,123623700,13.19999981,102.1999969,3.946000099,75.88999939,70.37999725,397.2542114,194.1991425,361.9634705,4.33,3.95,0
2024-01-03,456.6542463,457.3920005,454.4604468,455.0622864,103585900,14.03999996,102.4599991,3.907000065,78.25,72.69999695,393.0505981,189.0210114,359.1990356,4.33,3.91,0
2024-01-04,454.5865864,457.1686962,453.3731906,453.5964661,84232200,14.13000011,102.4199982,3.990999937,77.58999634,72.19000244,391.027832,188.6511688,359.5157471,4.38,3.99,0
2024-01-05,453.8003732,456.6639996,452.7714158,454.217804,86118900,13.35000038,102.4100037,4.041999817,78.76000214,73.80999756,391.4915771,188.096344,359.6117249,4.4,4.05,0
2024-01-08,454.7127833,460.8477195,454.5865854,460.7021179,74879100,13.07999992,102.2099991,4.001999855,76.12000275,70.76999664,399.5829468,191.4835358,361.7235413,4.36,4.01,0
2024-01-09,458.052024,461.0224144,457.5472621,460.0031738,65931400,12.76000023,102.5699997,4.019000053,77.58999634,72.23999786,400.372345,189.7704926,360.130127,4.36,4.02,0
2024-01-10,460.2750222,463.4686884,459.9935061,462.6047363,67310600,12.68999958,102.3600006,4.03000021,76.80000305,71.37000275,403.0858765,189.877533,361.8291321,4.37,4.04,0
2024-01-11,463.6045581,464.1190367,458.4306514,462.4008789,77940700,12.43999958,102.2900009,3.976999998,77.41000366,72.01999664,403.9246216,188.3883667,362.0401611,4.26,3.98,0
2024-01-12,463.8472262,464.5849804,461.3136701,462.7211914,58026400,12.69999981,102.4000015,3.950000048,78.29000092,72.68000031,404.1318665,188.0768585,360.830719,4.14,3.96,0
2024-01-16,461.3427835,462.6532272,459.2071951,461.0224304,85014900,13.84000015,103.3600006,4.065999985,78.29000092,72.40000153,404.0923157,185.7505951,358.6710815,4.22,4.07,0
2024-01-17,458.0035398,458.9451362,456.1106305,458.4597778,68843900,14.78999996,103.4499969,4.105999947,77.87999725,72.55999756,401.8129272,184.4268951,357.7687073,4.34,4.1,0
2024-01-18,460.1294153,463.0900893,458.5859794,462.5367737,91856200,14.13000011,103.5400009,4.144000053,79.09999847,74.08000183,407.5163269,185.5170135,359.7748413,4.34,4.14,0
2024-01-19,463.6627713,468.5843115,462.5852901,468.3027954,110834500,13.30000019,103.2900009,4.145999908,78.55999756,73.41000366,415.5977783,187.298233,363.6195374,4.39,4.15,0
2024-01-22,469.8365371,471.0110959,468.6425451,469.2929382,75844900,13.18999958,103.3300018,4.093999863,80.05999756,75.19000244,416.1405029,191.2986145,365.0313416,4.37,4.11,0
2024-01-23,469.8365662,470.9043308,468.7493683,470.6616516,49945300,12.55000019,103.6200027,4.142000198,79.55000305,74.37000275,417.8672791,190.7438049,364.0420227,4.31,4.14,0
2024-01-24,473.5252651,474.4571447,470.6810725,471.1761475,81765000,13.14000034,103.2399979,4.177999973,80.04000092,75.08999634,420.1861877,189.1767578,363.1296692,4.34,4.18,0
2024-01-25,473.3020267,474.0106606,471.1761844,473.7388611,72525000,13.44999981,103.5699997,4.131999969,82.43000031,77.36000061,420.6992798,190.7438049,365.4251709,4.28,4.14,0
2024-01-26,473.3117153,474.7969105,472.2924747,473.1369934,76641600,13.26000023,103.4700012,4.159999847,83.55000305,78.01000214,418.1929016,190.75354,366.0111084,4.34,4.15,0
2024-01-29,473.4476262,477.0295728,472.9040272,476.8839417,61322800,13.60000038,103.6100006,4.09100008,82.40000153,76.77999878,422.4754028,194.0920715,368.1430969,4.29,4.08,0
2024-01-30,476.1947226,477.2236798,475.7578883,476.5150757,58618400,13.31000042,103.4000015,4.059000015,82.87000275,77.81999969,419.663208,192.4374237,369.2765198,4.36,4.06,0
2024-01-31,474.3115277,474.758049,468.7201907,468.739624,126011100,14.35000038,103.2699966,3.967000008,81.70999908,75.84999847,411.4435425,187.7362213,366.2799072,4.27,3.99,0
2024-02-01,470.4383605,474.9036625,469.6326492,474.8745422,91891600,13.88000011,103.0500031,3.862999916,78.69999695,73.81999969,416.2885437,190.227951,369.8623352,4.2,3.87,0
2024-02-02,475.3113388,481.5239186,474.9715821,479.8737183,99228200,13.85000038,103.9199982,4.032999992,77.33000183,72.27999878,423.3240051,189.2254028,371.1300049,4.36,4.03,0
2024-02-05,479.2427515,479.9028316,475.874364,478.1264038,75757100,13.67000008,104.4499969,4.164000034,77.98999786,72.77999878,422.7714539,186.8212891,368.4024963,4.46,4.17,0
2024-02-06,479.0680669,479.844658,477.6411123,479.5146179,55918600,13.06000042,104.1800003,4.090000153,78.58999634,73.30999756,421.9228516,188.5051422,369.8430481,4.39,4.09,0
2024-02-07,481.7570127,483.9314087,480.8542236,483.5140076,70556500,12.82999992,104.0400009,4.110000134,79.20999908,73.86000061,426.2644958,188.0671539,371.3702087,4.41,4.09,0
2024-02-08,483.5139802,484.1061032,482.6985818,483.7275391,52343600,12.78999996,104.1500015,4.170000076,81.62999725,76.22000122,427.0539551,190.9190063,372.0232544,4.46,4.15,0
2024-02-09,484.2322867,486.9599981,483.8925299,486.5231934,63979400,12.93000031,104.0800018,4.186999798,82.19000244,76.83999634,431.2574768,194.0239258,371.4183044,4.48,4.17,0
2024-02-12,486.4940699,488.7558266,485.5912809,486.3096313,56502300,13.93000031,104.1699982,4.171999931,82,76.91999817,429.5701294,197.5474243,372.7532959,4.46,4.17,0
2024-02-13,480.0485287,482.5335611,476.3501004,479.6116943,113099200,15.85000038,104.9599991,4.315999985,82.76999664,77.87000275,422.8701172,189.4200897,367.6726379,4.64,4.31,0
2024-02-14,482.24231,484.4555426,479.9222831,483.9701843,68387800,14.38000011,104.7200012,4.267000198,81.59999847,76.63999939,427.478241,193.8195496,369.0844116,4.56,4.27,0
2024-02-15,484.6690676,487.4938562,484.1933963,487.3094177,61683000,14.01000023,104.3000031,4.239999771,82.86000061,78.02999878,428.7511292,198.987915,372.8876343,4.56,4.24,0
2024-02-16,487.0085316,488.1442535,484.1449058,484.8826599,75532900,14.23999977,104.2799988,4.295000076,83.47000122,79.19000244,424.8634033,196.2821045,371.4947815,4.64,4.3,0
2024-02-20,483.1450449,483.8148417,479.9708124,482.2131653,71736700,15.42000008,104.0800018,4.275000095,82.33999634,78.18000031,421.6564941,193.5762024,371.0138245,4.59,4.27,0
2024-02-21,480.9124933,482.8053732,479.1069448,482.6500549,59293400,15.34000015,104.0100021,4.324999809,83.02999878,77.91000366,419.9690857,192.6612854,371.360199,4.64,4.32,0
2024-02-22,489.2508804,493.5996718,488.2898509,492.6386719,76402500,14.53999996,103.9599991,4.327000141,83.66999817,78.61000061,432.2639771,194.1212921,375.6792297,4.69,4.33,0
2024-02-23,494.3568862,495.191718,492.2504476,492.9784851,61321800,13.75,103.9400024,4.260000229,81.62000275,76.48999786,430.9910889,194.5592651,376.3911438,4.67,4.26,0
2024-02-26,493.4152044,493.8520387,491.0466537,491.1728516,50386700,13.73999977,103.8300018,4.298999786,82.52999878,77.58000183,430.7640991,195.7857056,375.8427734,4.69,4.28,0
2024-02-27,491.8620813,492.3086026,489.9691722,492.0853271,48854500,13.43000031,103.8300018,4.315000057,83.65000153,78.87000275,431.8001709,198.5596924,374.8327637,4.7,4.31,0
2024-02-28,490.5322086,492.0174038,490.1730482,491.4349976,56506600,13.84000015,103.9800034,4.274000168,83.68000031,78.54000092,429.5010376,196.9244843,374.7749634,4.64,4.27,0
2024-02-29,493.1919731,494.8130532,490.5516229,493.2016602,83924800,13.39999962,104.1600037,4.251999855,83.62000275,78.26000214,433.1816101,198.296875,375.1117249,4.64,4.25,0
2024-03-01,494.0753617,498.2591184,493.6676477,497.8320007,76844800,13.10999966,103.8600006,4.179999828,83.55000305,79.97000122,439.70401,200.3992462,376.4199219,4.54,4.19,0
2024-03-04,497.036073,499.1425115,497.0069231,497.2981262,49799300,13.48999977,103.8300018,4.218999863,82.80000305,78.73999786,438.1350403,200.2143402,375.3811035,4.61,4.22,0
2024-03-05,495.2984238,495.7449748,490.1245175,492.3280334,72855600,14.46000004,103.8000031,4.137000084,82.04000092,78.15000153,430.2706909,198.296875,371.4947815,4.54,4.13,0
2024-03-06,495.5993764,497.0748847,493.5317748,494.8228149,68382400,14.5,103.3700027,4.104000092,82.95999908,79.12999725,432.9744263,199.7763367,372.4470215,4.55,4.11,0
2024-03-07,498.1135086,500.7829791,494.8810058,499.7345886,58652100,14.43999958,102.8199997,4.092000008,82.95999908,78.93000031,439.5462036,201.4407501,373.6688843,4.5,4.09,0
2024-03-08,500.3656384,503.0447667,496.1624187,496.7351379,86532500,14.73999977,102.7399979,4.089000225,82.08000183,78.01000214,433.2013245,201.3142242,373.2261963,4.48,4.09,0
2024-03-11,495.5314829,496.8904804,493.6094531,496.3080444,62557200,15.22000027,102.8700027,4.104000092,82.20999908,77.93000031,431.5929871,199.7179413,373.6399231,4.51,4.1,0
2024-03-12,498.4145,502.2294095,495.9003177,501.6470032,73114400,13.84000015,102.9599991,4.15500021,81.91999817,77.55999756,437.7799072,199.4454041,375.9197388,4.58,4.16,0
2024-03-13,501.9673186,502.1420405,499.4240454,500.8606873,55104100,13.75,102.7900009,4.191999912,84.02999878,79.72000122,434.4150696,200.2240906,376.3334656,4.61,4.19,0
2024-03-14,501.8313211,501.9866689,496.8321663,499.8705139,110171800,14.39999962,103.3600006,4.297999859,85.41999817,81.26000214,433.3198242,196.6422119,375.2271729,4.68,4.29,0
2024-03-15,496.8081641,498.259046,494.7730662,496.4381409,107646300,14.40999985,103.4300003,4.303999901,85.33999634,81.04000092,428.1690369,197.0120697,373.1665649,4.72,4.31,0
2024-03-18,500.4985888,501.9396941,498.9795682,499.3885193,88893300,14.32999992,103.5800018,4.340000153,86.88999939,82.72000122,432.252594,195.8830109,373.8705139,4.73,4.34,0
2024-03-19,498.6971497,502.4459963,497.6941767,502.1636353,60755300,13.81999969,103.8099976,4.296999931,87.37999725,83.47000122,433.3295593,196.7103424,376.927063,4.68,4.3,0
2024-03-20,502.2221371,506.944717,501.5502592,506.8083801,69594600,13.03999996,103.4100037,4.272999763,85.94999695,81.68000031,438.4674377,200.6036682,380.8710022,4.59,4.27,0
2024-03-21,509.6419596,510.3430186,508.2007948,508.4832153,60256100,12.92000008,104,4.270999908,85.77999878,81.06999969,440.5423279,202.9085236,383.5322571,4.62,4.27,0
2024-03-22,508.395611,508.8824774,507.2855413,507.5192871,79070800,13.06000042,104.4300003,4.217999935,85.43000031,80.62999725,441.0462341,200.1079865,380.4273682,4.59,4.22,0
2024-03-25,506.1462465,507.2660629,505.9612349,506.1170654,48512100,13.18999958,104.2300034,4.252999783,86.75,81.94999695,439.4456177,200.5666046,378.9038391,4.54,4.25,0
2024-03-26,507.5386368,507.8794788,504.7830162,505.1822205,65463700,13.23999977,104.2900009,4.234000206,86.25,81.62000275,438.0227966,200.2055359,378.8075256,4.56,4.24,0
2024-03-27,508.0060313,509.4666302,505.8443142,509.4276428,82999800,12.77999973,104.3499985,4.196000099,86.08999634,81.34999847,439.5147705,204.5673676,383.3490295,4.54,4.2,0
2024-03-28,509.4666896,510.8298797,509.0479917,509.3303528,96294900,13.01000023,104.5500031,4.205999851,87.48000336,83.16999817,438.7045898,205.2114105,383.5419617,4.59,4.2,0
2024-04-01,510.0702983,510.6058393,507.2853783,508.4441223,62477500,13.64999962,105.0199966,4.328999996,87.41999817,83.70999908,439.6333313,203.2793274,381.198761,4.72,4.33,0
2024-04-02,504.6271811,505.3477337,502.9134022,505.2114563,74230300,14.60999966,104.8199997,4.364999771,88.91999817,85.15000153,435.8391724,199.5420074,377.631134,4.7,4.36,0
2024-04-03,504.1208688,507.2660659,504.0721941,505.7664795,59155800,14.32999992,104.25,4.355000019,89.34999847,85.43000031,436.8173523,200.8495331,377.2742615,4.68,4.36,0
2024-04-04,509.7685045,510.1092871,499.2911323,499.5929871,96858100,16.35000038,104.1200027,4.309000015,90.65000153,86.58999634,430.138092,198.8394165,372.2214966,4.65,4.31,0
2024-04-05,500.9465351,506.7694375,500.5083435,504.8122253,74546500,16.03000069,104.3000031,4.377999783,91.16999817,86.91000366,435.2068176,199.5029907,374.9599609,4.73,4.39,0
2024-04-08,505.5133313,506.516245,504.2864187,505.094574,48401800,15.18999958,104.1399994,4.423999786,90.37999725,86.43000031,435.3353271,200.595871,375.1915283,4.78,4.42,0
2024-04-09,506.8278915,507.0713247,500.8394114,505.678894,68049200,14.97999954,104.1500015,4.366000175,89.41999817,85.23000336,436.9458618,201.3862762,374.9407959,4.74,4.36,0
2024-04-10,499.9922143,502.6018107,498.6387711,500.6154175,82652800,15.80000019,105.25,4.559999943,90.48000336,86.20999908,433.131897,196.0681305,370.765564,4.97,4.55,0
2024-04-11,502.1344876,505.8346601,498.6290736,504.3935547,70099000,14.90999985,105.2799988,4.576000214,89.73999786,85.01999664,440.0483093,197.3952332,370.7944641,4.93,4.56,0
2024-04-12,500.8588944,502.2708188,495.70784,497.431366,92561100,17.30999947,106.0400009,4.499000072,90.44999695,85.66000366,433.0331726,193.8823547,366.2914124,4.88,4.5,0
2024-04-15,501.5989208,501.7644387,490.3522905,491.1994629,92101400,19.22999954,106.2099991,4.627999783,90.09999847,85.41000366,425.9092712,191.0427399,363.8228455,4.93,4.63,0
2024-04-16,491.6765554,493.195576,489.0182547,490.3035889,73484000,18.39999962,106.2600021,4.65899992,90.01999664,85.36000061,425.9487915,190.3401794,364.4689941,4.97,4.67,0
2024-04-17,492.7573849,492.9229325,486.0094249,487.4018555,75910300,18.20999908,105.9499969,4.585000038,87.29000092,82.69000244,420.7516174,188.3300323,363.9578857,4.93,4.59,0
2024-04-18,488.7943602,490.8878796,485.4641812,486.3989563,74548100,18,106.1500015,4.646999836,87.11000061,82.73000336,418.350708,188.1738892,364.3339233,4.98,4.64,0
2024-04-19,486.3210783,487.314275,480.887633,482.1535034,102212600,18.70999908,106.1500015,4.614999771,87.29000092,83.13999939,409.6954041,188.4666138,366.415863,4.97,4.62,0
2024-04-22,484.75332,489.1838214,482.4163675,486.593689,67961000,16.94000053,106.0800018,4.623000145,87,82.84999847,413.8155823,190.5743713,368.8953247,4.97,4.62,0
2024-04-23,488.5995489,492.7963341,486.4086506,492.3678894,64633600,15.68999958,105.6900024,4.59800005,88.41999817,83.36000061,419.9908752,193.765213,371.4519043,4.86,4.61,0
2024-04-24,493.2540335,494.0427546,489.9141375,492.1342468,55928100,15.97000027,105.8600006,4.65199995,88.01999664,82.80999756,421.4136658,192.8967743,370.8924255,4.89,4.65,0
2024-04-25,486.0678933,491.0241893,484.4222826,490.264679,69122400,15.36999989,105.5999985,4.705999851,89.01000214,83.56999969,419.3782959,191.7258148,367.496521,4.96,4.7,0
2024-04-26,493.0495299,496.4868049,492.4166096,494.9093628,64306100,15.02999973,105.9400024,4.669000149,89.5,83.84999847,425.8500061,193.560318,368.8375244,4.96,4.67,0
2024-04-29,496.6913202,497.3339873,493.9259228,496.6621094,46415400,14.67000008,105.5800018,4.613999844,88.40000153,82.62999725,427.5791016,195.1216125,370.2749634,4.97,4.63,0
2024-04-30,495.2014591,496.1751917,488.7943115,488.7943115,77483600,15.64999962,106.2200012,4.68599987,87.86000061,81.93000031,419.5166016,191.1598511,364.8049011,5.04,4.69,0
2024-05-01,488.2100968,494.841214,486.7397509,487.2071533,80242800,15.39000034,105.7600021,4.59499979,83.44000244,79,416.4832458,191.559906,365.5379333,4.96,4.63,0
2024-05-02,490.9073317,492.6016468,486.4281553,491.7642212,62550200,14.68000031,105.3000031,4.571000099,83.66999817,78.94999695,421.7990112,195.0825653,368.7602844,4.87,4.58,0
2024-05-03,497.7332427,499.0867158,495.2015316,497.8598328,72756700,13.48999977,105.0299988,4.5,82.95999908,78.11000061,430.2764893,197.0146484,373.1403198,4.81,4.5,0
2024-05-06,500.2551957,503.0400571,499.8170041,503.0011292,47264700,13.48999977,105.0500031,4.488999844,83.33000183,78.48000336,434.9894714,199.5615082,374.7611694,4.82,4.49,0
2024-05-07,503.9651034,504.948583,502.8842744,503.5561523,52561300,13.22999954,105.4100037,4.462999821,83.16000366,78.37999725,435.0586853,200.010376,375.040863,4.82,4.47,0
2024-05-08,501.7254701,504.1403079,501.6086269,503.6047668,42047200,13,105.5500031,4.492000103,83.58000183,78.98999786,434.8017578,198.8491669,376.7195129,4.84,4.48,0
2024-05-09,503.7898986,506.5455791,503.1375142,506.5065918,43643700,12.68999958,105.2300034,4.448999882,83.87999725,79.26000214,435.7503052,200.8788605,380.115509,4.8,4.45,0
2024-05-10,508.1034888,508.9117037,505.9418306,507.1589966,52233200,12.55000019,105.3099976,4.504000187,82.79000092,78.26000214,436.7778625,199.3663483,381.2538757,4.87,4.5,0
2024-05-13,508.8336416,508.9407379,506.0877089,507.2269592,36716400,13.60000038,105.2200012,4.480999947,83.36000061,79.12000275,437.785614,199.785965,380.5593567,4.85,4.48,0
2024-05-14,507.4217835,510.0703671,506.8862424,509.5542603,57535900,13.42000008,105.0100021,4.445000172,82.37999725,78.01999664,440.6016235,201.8546753,381.6399231,4.81,4.45,0
2024-05-15,512.0178797,516.1562437,511.3849297,515.8641357,59504900,12.44999981,104.3499985,4.355999947,82.75,78.62999725,447.4883423,204.3722076,385.2094727,4.73,4.36,0
2024-05-16,515.9614786,517.5584145,514.6566507,514.8027344,50244800,12.42000008,104.4599991,4.376999855,83.26999664,79.23000336,446.5793457,202.8987732,385.1418762,4.78,4.38,0
2024-05-17,514.9195215,515.610893,513.4686695,515.5427246,59187600,11.98999977,104.4499969,4.420000076,83.98000336,80.05999756,446.361969,203.0451202,386.4308777,4.83,4.42,0
2024-05-20,515.6595993,517.5973177,515.2700824,516.1367188,37764200,12.14999962,104.5699997,4.436999798,83.70999908,79.80000305,449.4743042,203.4940033,384.6434021,4.82,4.44,0
2024-05-21,515.3772667,517.5584184,515.1727614,517.4025879,33437000,11.85999966,104.6600037,4.414000034,82.87999725,79.26000214,450.3536682,203.2988129,385.300293,4.82,4.41,0
2024-05-22,516.7112487,517.4220545,513.7413166,515.9127808,48390000,12.28999996,104.9400024,4.434000015,81.90000153,77.56999969,450.2647705,201.5814362,383.2519836,4.86,4.43,0
2024-05-23,518.9605991,519.0676954,510.9369917,512.1444702,57211200,12.77000046,105.1100006,4.474999905,81.36000061,76.87000275,448.2392273,198.2734528,377.4548645,4.91,4.47,0
2024-05-24,513.9848806,516.341357,513.0403883,515.5331421,41291100,11.93000031,104.7200012,4.467000008,82.12000275,77.72000122,452.4780273,200.4690247,377.4354553,4.93,4.46,0
2024-05-28,516.341249,516.5749353,513.2642204,515.8933105,36269600,12.92000008,104.6100006,4.541999817,84.22000122,79.83000183,454.1873169,200.1957855,375.4644165,4.94,4.54,0
2024-05-29,511.8718106,513.4589997,511.5699558,512.2807617,45190300,14.27999973,105.0999985,4.624000072,83.59999847,79.23000336,450.9860229,197.2391052,371.5804138,4.96,4.61,0
2024-05-30,510.7422172,511.4043482,507.636008,508.8823547,46377600,14.47000027,104.7200012,4.553999901,81.86000061,77.91000366,446.15448,199.1126556,368.5851135,4.92,4.55,0
2024-05-31,509.8367164,513.643985,504.7440541,513.517395,90785800,12.92000008,104.6699982,4.513999939,81.62000275,76.98999786,445.3245239,200.7910156,374.4307556,4.89,4.51,0
2024-06-03,515.1239586,515.4063196,508.8725535,513.9359741,46835700,13.10999966,104.1399994,4.40199995,78.36000061,74.22000122,447.7155762,199.6591034,373.1842041,4.82,4.41,0
2024-06-04,512.6313232,515.2506665,511.1707242,514.5106201,34632700,13.15999985,104.1100006,4.335999966,77.51999664,73.25,448.9407959,197.0829773,374.411377,4.77,4.33,0
2024-06-05,516.8282099,520.6452261,514.8417568,520.6257324,47610400,12.63000011,104.2699966,4.289000034,78.41000366,74.06999969,457.9913025,200.0981903,375.3968201,4.72,4.29,0
2024-06-06,520.9273852,521.3558299,518.6878124,520.6157837,30808500,12.57999992,104.0999985,4.281000137,79.87000275,75.55000305,457.8332214,198.6637573,376.1698303,4.72,4.28,0
2024-06-07,519.6421291,522.7873259,518.5515533,519.9829712,43224500,12.22000027,104.8899994,4.429999828,79.62000275,75.52999878,457.4281311,196.3315887,375.3581543,4.87,4.43,0
2024-06-10,519.1747617,521.910948,518.580799,521.5895996,35686100,12.73999977,105.1500015,4.468999863,81.62999725,77.73999786,459.2757874,197.0048981,376.131134,4.87,4.47,0
2024-06-11,520.0414093,522.9041857,518.0744503,522.8457642,36383400,12.85000038,105.2300034,4.403999805,81.91999817,77.90000153,462.4276733,196.3316956,374.8558044,4.81,4.39,0
2024-06-12,527.4028194,529.8274042,526.1077383,527.1398926,63251300,12.03999996,104.6500015,4.295000076,82.59999847,78.5,468.484436,199.3455505,374.5852966,4.75,4.31,0
2024-06-13,528.8829798,529.0582446,525.4164935,528.201355,44760900,11.93999958,105.1999969,4.237999916,82.75,78.62000275,471.0237122,197.603775,373.8026428,4.68,4.24,0
2024-06-14,526.672589,528.5518862,525.6696157,528.5227051,40089900,12.65999985,105.5500031,4.212999821,82.62000275,78.44999695,473.4641724,194.4626923,373.3967285,4.67,4.2,0
2024-06-17,527.8409679,534.1215548,527.3832826,532.7290649,55839500,12.75,105.3199997,4.278999805,84.25,80.33000183,479.2640686,196.0968475,375.4451599,4.75,4.28,0
2024-06-18,532.7875605,534.2092316,532.3688625,534.0826416,41376400,12.30000019,105.2600021,4.217000008,85.33000183,81.56999969,479.412262,196.4393158,375.9862366,4.69,4.22,0
2024-06-20,535.007685,535.6698161,530.8595743,532.6317749,70328200,13.27999973,105.5899963,4.254000187,85.70999908,82.16999817,475.7169495,195.6075897,378.8171692,4.7,4.25,0
2024-06-21,531.8102828,533.0313754,530.4621917,531.9177246,64338600,13.19999981,105.8000031,4.256999969,85.23999786,80.73000336,474.4422913,196.0479126,378.9565735,4.7,4.25,0
2024-06-24,531.7418546,534.3012597,530.0713785,530.1885986,45528700,13.32999992,105.4700012,4.248000145,86.01000214,81.62999725,469.0410156,196.8992157,381.5131226,4.71,4.25,0
2024-06-25,531.4096852,532.5917243,529.8955424,532.2302856,37936200,12.84000015,105.6100006,4.237999916,85.01000214,80.83000183,474.4047546,196.2533875,378.646698,4.65,4.23,0
2024-06-26,531.1166743,533.6076913,530.4719636,532.8945923,38550600,12.55000019,106.0500031,4.315999985,85.25,80.90000153,475.3844604,195.7347565,378.8598328,4.71,4.32,0
2024-06-27,532.7577452,534.311001,532.0153114,533.7346191,35041500,12.23999977,105.9100037,4.288000107,86.38999939,81.73999786,476.6115723,197.7212219,379.1697083,4.7,4.29,0
2024-06-28,534.5063503,537.554252,530.3937489,531.6343384,76144500,12.43999958,105.8700027,4.342999935,86.41000366,81.54000092,474.1375427,198.5333862,378.7532349,4.71,4.36,0
2024-07-01,533.0117876,533.2560061,529.9737237,532.7285156,40297800,12.22000027,105.9000015,4.479000092,86.59999847,83.37999725,476.918396,196.8698883,379.0728455,4.77,4.48,0
2024-07-02,531.1264606,536.3136597,531.0776288,536.3136597,40434800,12.02999973,105.7200012,4.43599987,86.23999786,82.80999756,481.9259033,197.5450745,380.8449097,4.74,4.43,0
2024-07-03,536.0010708,539.0684699,535.9620173,538.7070312,32789900,12.09000015,105.4000015,4.355000019,87.33999634,83.87999725,485.9437866,197.4961395,380.3994446,4.71,4.36,1
2024-07-05,539.0098526,542.2139687,538.3748606,541.8134766,41488400,12.47999954,104.8799973,4.271999836,86.54000092,83.16000366,491.0106201,196.5567474,381.2419739,4.6,4.28,0
2024-07-08,542.5949333,543.3861989,541.3738407,542.4386597,36110500,12.36999989,105.0100021,4.269000053,85.75,82.33000183,492.1784058,197.9364624,381.0095825,4.62,4.28,0
2024-07-09,543.3958914,544.2945987,542.6730142,542.9660645,27289700,12.51000023,105.1200027,4.300000191,84.66000366,81.41000366,492.6038818,197.0753479,380.5059204,4.62,4.3,0
2024-07-10,544.1872742,548.6808714,543.8942239,548.3389893,38701200,12.85000038,105.0500031,4.28000021,85.08000183,82.09999847,497.7400208,199.003067,384.6893311,4.62,4.28,0
2024-07-11,548.4560949,549.325527,542.9758465,543.6107788,53054200,12.92000008,104.4400024,4.19299984,85.40000153,82.62000275,486.8244934,206.1560974,385.0476685,4.5,4.2,0
2024-07-12,544.7342645,550.6345621,544.265384,547.0396729,53084400,12.46000004,104.0899963,4.18900013,85.02999878,82.20999908,489.6845093,208.5632629,387.6525269,4.45,4.18,0
2024-07-15,549.0325655,551.7775792,546.6880438,548.5441284,40584300,13.11999989,104.1900024,4.229000092,84.84999847,81.91000366,491.0006714,212.5263214,389.6278992,4.44,4.23,0
2024-07-16,549.8529667,552.0899863,549.1007547,551.796936,36475300,13.18999958,104.2699966,4.166999817,83.73000336,80.76000214,491.1886902,219.7772064,396.6969299,4.43,4.17,0
2024-07-17,545.8772131,547.5476893,543.7378566,544.0602417,57119000,14.47999954,103.75,4.145999908,85.08000183,82.84999847,476.769928,217.4776459,398.8951111,4.42,4.16,0
2024-07-18,545.5939607,546.580613,537.7008013,539.8792114,56270400,15.93000031,104.1699982,4.18900013,85.11000061,82.81999969,474.5136414,213.269989,393.8499146,4.46,4.2,0
2024-07-19,539.6447996,541.2664441,535.2390876,536.2941284,65509100,16.52000046,104.4000015,4.238999844,82.62999725,80.12999725,470.3077087,212.1838226,390.385498,4.49,4.25,0
2024-07-22,540.2113761,542.4288994,538.2771844,541.8232422,43346700,14.90999985,104.3099976,4.260000229,82.40000153,79.77999878,477.3142395,215.5597382,391.5480957,4.5,4.26,0
2024-07-23,541.7157018,543.8648366,540.4848906,540.9733276,34439600,14.72000027,104.4499969,4.238999844,81.01000214,76.95999908,475.6319275,217.8495026,390.9086304,4.4,4.25,0
2024-07-24,536.1671163,536.4699449,527.795298,528.713562,74515300,18.04000092,104.3899994,4.285999775,81.70999908,77.58999634,458.5708008,213.1721344,386.2389832,4.37,4.28,0
2024-07-25,528.8308137,534.7995603,525.0210402,525.9588013,61158300,18.45999908,104.3600006,4.256000042,82.37000275,78.27999878,453.513855,215.8337555,387.0334167,4.41,4.27,0
2024-07-26,529.7392825,534.5357078,528.9675139,531.8493042,53763800,16.38999939,104.3199997,4.199999809,81.12999725,77.16000366,458.1651001,219.405365,393.3113708,4.36,4.2,0
2024-07-29,533.3928583,534.3990077,530.1691258,532.1619873,39515800,16.60000038,104.5599976,4.177999973,79.77999878,75.80999756,459.0853577,216.9688416,392.8656921,4.36,4.17,0
2024-07-30,533.6271909,534.6822315,526.0661959,529.4656982,46853600,17.69000053,104.5500031,4.143000126,78.62999725,74.73000336,452.7815552,217.7907867,394.7063904,4.35,4.15,0
2024-07-31,536.2843252,540.6998152,534.9167372,538.0720215,65663400,16.36000061,104.0999985,4.109000206,80.72000122,77.91000366,466.1809998,219.0530853,395.7527466,4.29,4.09,0
2024-08-01,539.7913062,542.0381046,526.9551668,530.4523926,76428700,18.59000015,104.4199982,3.976000071,79.51999664,76.30999756,454.8894653,211.9294128,390.6566772,4.16,3.99,0
2024-08-02,523.3602389,524.5715531,516.375566,520.5761719,82789100,23.38999939,103.2099991,3.792000055,76.80999756,73.51999664,444.0926819,204.4338837,384.7468872,3.88,3.8,0
2024-08-05,499.8078828,511.471762,498.4695402,505.4151306,146267400,38.56999969,102.6900024,3.785000086,76.30000305,72.94000244,430.851532,197.8582001,374.7487793,3.89,3.78,0
2024-08-06,507.2125659,517.4990793,505.8938097,510.0748596,84826300,27.70999908,102.9700012,3.888000011,76.48000336,73.19999695,434.9683838,200.0109253,377.8004456,3.99,3.9,0
2024-08-07,516.2485983,519.2965002,506.0695875,506.6654663,70698300,27.85000038,103.1999969,3.967999935,78.33000183,75.23000336,430.2577515,197.6428986,375.6788025,4,3.96,0
2024-08-08,511.794114,519.00345,509.7720369,518.3782959,63276600,23.79000092,103.2099991,3.996999979,79.16000366,76.19000244,443.4197388,202.4474792,382.2183533,4.04,3.99,0
2024-08-09,517.5576103,522.1489301,516.3365178,520.6640625,45619600,20.37000084,103.1399994,3.941999912,79.66000366,76.83999634,445.7354126,202.0267181,382.8286438,4.05,3.94,0
2024-08-12,521.8558249,523.3406327,518.6712064,520.937561,42542100,20.70999908,103.1399994,3.90899992,82.30000305,80.05999756,446.6954041,200.206665,381.4917603,4.01,3.9,0
2024-08-13,524.1222351,529.7392606,523.8780166,529.5047607,52333100,18.12000084,102.5599976,3.851999998,80.69000244,78.34999847,457.7791138,203.5042877,385.3864136,3.93,3.85,0
2024-08-14,530.2960824,532.3573321,527.6292352,531.175293,42446900,16.19000053,102.5699997,3.819999933,79.76000214,76.98000336,457.9275513,202.2420044,387.6146545,3.94,3.83,0
2024-08-15,536.7922767,540.5629961,536.1866196,540.2797241,60846800,15.22999954,102.9800034,3.926000118,81.04000092,78.16000366,469.4962769,207.4868927,393.2241516,4.08,3.92,0
2024-08-16,538.6679084,542.184691,538.5116347,541.4910889,44430700,14.80000019,102.4599991,3.89199996,79.68000031,76.65000153,470.0999146,208.0348969,394.374939,4.06,3.89,0
2024-08-19,541.901307,546.668457,541.0514314,546.668457,39121800,14.64999962,101.8899994,3.867000103,77.66000366,74.37000275,476.275116,210.5790405,396.6730042,4.06,3.86,0
2024-08-20,546.2191463,547.8700658,544.4412283,545.779541,33732300,15.88000011,101.4400024,3.818000078,77.19999695,74.04000092,475.2756348,208.1229401,396.139679,3.99,3.82,0
2024-08-21,546.8248322,549.1106842,541.9013486,547.6551514,41514600,16.27000046,101.0400009,3.778000116,76.05000305,71.93000031,477.4924011,210.8334961,396.5566711,3.92,3.79,0
2024-08-22,549.5502187,550.1558758,542.1454973,543.3568115,56121500,17.54999924,101.5100021,3.861999989,77.22000122,73.01000214,469.9217834,208.9742279,395.0925903,3.99,3.86,0
2024-08-23,546.5904002,550.0680696,544.4021521,549.130249,50639400,15.85999966,100.7200012,3.806999922,79.01999664,74.83000183,475.0183105,215.6478424,399.3103333,3.9,3.81,0
2024-08-26,550.1559715,550.8690706,546.1214766,547.821228,35788600,16.14999962,100.8499985,3.818000078,81.43000031,77.41999817,470.4067078,215.7163086,400.1733093,3.91,3.82,0
2024-08-27,546.5512279,549.0618013,545.408302,548.5733643,32693900,15.43000031,100.5500031,3.832999945,79.55000305,75.52999878,471.8119507,214.0430298,400.3381042,3.83,3.83,0
2024-08-28,548.2315309,548.6613579,542.2041749,545.3887939,41066000,17.11000061,101.0899963,3.84100008,78.65000153,74.51999664,466.4580688,212.5948029,398.835144,3.83,3.84,0
2024-08-29,547.3523167,550.6443776,544.2946961,545.4376221,38715200,15.64999962,101.3399963,3.867000103,79.94000244,75.91000366,465.7752686,214.1115112,401.3270569,3.87,3.87,0
2024-08-30,547.8016709,551.1523417,544.2556134,550.6443481,62700100,15,101.6999969,3.911000013,78.80000305,73.55000305,471.3269958,215.354248,403.5571594,3.91,3.91,0
2024-09-03,547.5085497,547.8407131,536.8020487,539.3126221,60600100,20.71999931,101.8300018,3.844000101,73.75,70.33999634,457.0171204,208.7687836,397.7782898,3.88,3.84,0
2024-09-04,537.4760847,541.6082427,536.7532075,538.2087402,47224900,21.31999969,101.3600006,3.767999887,72.69999695,69.19999695,455.8295593,208.4164886,397.9431763,3.76,3.77,0
2024-09-05,538.1502078,540.9928853,534.4478166,536.8997803,44264300,19.89999962,101.1100006,3.730999947,72.69000244,69.15000153,456.2551575,207.3792572,396.0427856,3.75,3.73,0
2024-09-06,537.2221176,538.8437022,526.96494,527.8636475,68493800,22.37999916,101.1800003,3.710000038,71.05999756,67.66999817,444.0333252,203.435791,392.1740723,3.66,3.72,0
2024-09-09,532.0543727,535.0436043,530.1299002,533.7736206,40445800,19.45000076,101.5500031,3.697000027,71.83999634,68.70999908,449.7434082,204.0033264,396.6147766,3.68,3.7,0
2024-09-10,535.6786452,536.4504138,530.8138314,536.0986938,36394600,19.07999992,101.6299973,3.645999908,69.19000244,65.75,453.8998108,203.8369904,395.8489075,3.59,3.65,0
2024-09-11,536.0108196,542.5167748,527.4729497,541.5985107,75248600,17.69000053,101.6800003,3.653000116,70.61000061,67.30999756,463.7564087,204.4338837,396.828125,3.62,3.65,0
2024-09-12,542.1747992,546.46329,539.9572763,546.1604614,51819600,17.06999969,101.3700027,3.680000067,71.97000122,68.97000122,468.3086853,207.0661469,399.4460144,3.64,3.68,0
2024-09-13,546.7662021,550.0094311,546.5122053,549.0130005,39310500,16.55999947,101.1100006,3.650000095,71.61000061,68.65000153,470.4067078,212.1740417,402.3258057,3.57,3.66,0
2024-09-16,548.7491334,550.0874459,546.9517188,549.8237305,36656100,17.13999939,100.7600021,3.621000051,72.75,70.08999634,468.3284607,212.9372864,404.6916199,3.56,3.63,0
2024-09-17,552.0314852,553.4772993,547.8211605,550.0484619,49321000,17.61000061,100.8899994,3.64199996,73.69999695,71.19000244,468.5758972,214.6986237,404.5752258,3.59,3.65,0
2024-09-18,550.7029661,555.5385046,547.8602889,548.4171143,59044900,18.22999954,100.5999985,3.684999943,73.65000153,70.91000366,466.5471802,214.737793,403.5377502,3.61,3.7,0
2024-09-19,557.8049086,559.6316584,554.9426745,557.7755737,75315500,16.32999992,100.6100006,3.74000001,74.87999725,71.94999695,478.3434448,219.1607361,408.5991211,3.59,3.73,0
2024-09-20,556.4096808,557.8500617,553.7933835,556.8114014,77503100,16.14999962,100.7200012,3.727999926,74.48999786,71.91999817,477.4330139,216.8122711,408.9957886,3.55,3.73,0
2024-09-23,557.8793836,558.8494456,556.6642942,558.2026978,44116900,15.89000034,100.9199982,3.739000082,73.90000153,70.37000275,478.6985168,216.0196533,409.5209351,3.57,3.75,0
2024-09-24,558.9964259,559.8587166,556.1743945,559.7999268,46805700,15.39000034,100.3700027,3.736000061,75.16999817,71.55999756,481.0075378,216.3817139,410.5129089,3.49,3.74,0
2024-09-25,559.643201,560.3781038,557.4580493,558.5653076,38428600,15.40999985,100.9199982,3.780999899,73.45999908,69.69000244,481.4535217,213.7424774,407.5856934,3.53,3.79,0
2024-09-26,562.8179322,563.1413062,558.4281322,560.7797852,48336000,15.36999989,100.5599976,3.790999889,71.59999847,67.66999817,485.0707397,214.881424,410.0169678,3.6,3.79,0
2024-09-27,561.8478859,562.6611352,558.9376398,559.9664917,42100900,16.95999908,100.4199982,3.749000072,71.98000336,68.18000031,482.3751831,216.3345947,411.3103943,3.55,3.75,0
2024-09-30,558.9377165,562.8180252,556.644853,562.2105103,63557400,16.72999954,100.7799988,3.802000046,71.76999664,68.16999817,483.6833191,216.8844452,411.475647,3.66,3.81,0
2024-10-01,561.8576367,562.5043248,554.6065728,557.1738281,72668800,19.26000023,101.1900024,3.743000031,73.55999756,69.83000183,476.944397,213.9388275,409.9002991,3.61,3.74,0
2024-10-02,556.2823035,558.4282222,553.891417,557.4091187,38097800,18.89999962,101.6800003,3.785000086,73.90000153,70.09999847,477.6183167,213.6442719,410.2989502,3.63,3.79,0
2024-10-03,555.9391918,558.3300776,554.1068391,556.3899536,40846500,20.48999977,101.9899979,3.849999905,77.62000275,73.70999908,477.2615051,212.2107544,408.4220886,3.7,3.85,0
2024-10-04,560.8287828,561.8184615,556.6643338,561.446106,42939100,19.20999908,102.5199966,3.980999947,78.05000305,74.37999725,482.940033,215.1759949,411.7576599,3.93,3.98,0
2024-10-07,559.7999689,560.4467169,555.2239907,556.3704224,49964700,22.63999939,102.5400009,4.026000023,80.93000031,77.13999939,477.7670288,213.4871674,408.0622864,3.99,4.03,0
2024-10-08,558.9376805,562.2300906,558.0656413,561.6323242,37398700,21.42000008,102.5500031,4.032999992,77.18000031,73.56999969,484.9022522,213.6344604,409.2195129,3.98,4.04,0
2024-10-09,561.6224752,566.0809332,561.0247686,565.5223999,37912200,20.86000061,102.9300003,4.066999912,76.58000183,73.23999786,488.7176514,214.1057434,413.3525696,3.99,4.06,0
2024-10-10,564.1799759,565.9535388,562.9257131,564.5327148,44138100,20.93000031,102.9899979,4.096000195,79.40000153,75.84999847,488.1626587,212.9176941,412.9732361,3.98,4.09,0
2024-10-11,564.454298,568.6481718,564.3171018,567.913269,42268000,20.45999908,102.8899994,4.072999954,79.04000092,75.55999756,488.9257507,217.2477112,416.9313049,3.95,4.08,0
2024-10-14,569.520288,573.4888113,569.040161,572.5579224,36217200,19.70000076,103.3000031,4.09800005,77.45999908,73.83000183,493.0285339,218.8481598,419.0317383,3.95,4.08,0
2024-10-15,572.8224884,573.1262458,566.8942244,568.109314,54203600,20.63999939,103.2600021,4.038000107,74.25,70.58000183,486.438385,219.0249176,415.7741089,3.95,4.03,0
2024-10-16,568.1091978,571.0977901,567.3056971,570.5784302,30725400,19.57999992,103.5899963,4.015999794,74.22000122,70.38999939,486.4977417,222.6283569,418.8664856,3.93,4.02,0
2024-10-17,574.1157773,574.3215716,570.4412637,570.6274414,34393700,19.11000061,103.8300018,4.096000195,74.44999695,70.66999817,486.8347473,222.019577,420.5488892,3.96,4.09,0
2024-10-18,572.312958,573.6063942,570.8529605,572.8225098,37416800,18.03000069,103.4899979,4.072999954,73.05999756,69.22000122,490.0258179,221.5581055,420.8786926,3.95,4.08,0
2024-10-21,572.0972566,573.0771269,568.9126781,571.8817139,36439000,18.37000084,104.0100021,4.18200016,74.29000092,70.55999756,490.9672546,218.0724945,417.6975098,4.02,4.19,0
2024-10-22,569.353678,572.7342428,568.6971816,571.5780029,34183800,18.20000076,104.0800018,4.203999996,76.04000092,72.08999634,491.5023499,217.2477112,417.6392212,4.03,4.2,0
2024-10-23,569.559481,570.0004346,562.8571411,566.3552856,49314600,19.23999977,104.4300003,4.242000103,74.95999908,70.76999664,483.9707031,215.2643433,413.6020813,4.07,4.24,0
2024-10-24,568.3052337,568.3836401,564.9639019,567.5801392,34979900,19.07999992,104.0599976,4.199999809,74.37999725,70.19000244,487.8951111,215.7356262,412.2596436,4.07,4.21,0
2024-10-25,569.8044663,572.6950961,566.4435179,567.3841553,47268200,20.32999992,104.2600021,4.231999874,76.05000305,71.77999878,490.8681641,214.9207001,409.6914062,4.11,4.25,0
2024-10-28,570.8528345,570.9802224,568.8343041,569.1380615,30174700,19.79999924,104.3199997,4.277999878,71.41999817,67.37999725,490.9474182,218.4259338,412.541687,4.12,4.28,0
2024-10-29,568.1778099,571.1762109,566.7864108,570.0592041,42899700,19.34000015,104.2799988,4.274000168,71.12000275,67.20999908,495.6646423,217.7190094,411.0144043,4.11,4.28,0
2024-10-30,569.5887976,571.5779631,567.629057,568.3345947,41435800,20.35000038,103.9899979,4.265999794,72.55000305,68.61000061,491.9186401,217.4244385,410.284729,4.15,4.29,0
2024-10-31,563.9741674,564.0427655,556.9974954,557.1934814,60182500,23.15999985,103.9800034,4.28399992,73.16000366,69.26000214,479.5012817,213.8111877,406.3156738,4.16,4.28,0
2024-11-01,559.8195584,563.964391,559.1336372,559.545166,45667500,21.87999916,104.2799988,4.361000061,73.09999847,69.48999786,483.0490417,215.0090485,408.9909363,4.21,4.37,0
2024-11-04,559.6823835,560.9758197,556.4586313,558.3399658,38217000,21.97999954,103.8899994,4.309000015,75.08000183,71.47000122,481.6418152,216.098938,406.6853943,4.17,4.31,0
2024-11-05,559.2511987,565.1304208,559.0356559,565.0912476,39478300,20.48999977,103.4199982,4.289000034,75.52999878,71.98999786,487.7861023,220.1638489,410.8197937,4.19,4.26,0
2024-11-06,577.3397109,580.0147383,573.6064067,579.1426392,68182000,16.27000046,105.0899963,4.426000118,74.91999817,71.69000244,501.0358887,232.9183197,425.3439331,4.27,4.42,0
2024-11-07,581.1415644,584.639709,581.063158,583.6206055,47233200,15.19999981,104.5100021,4.34100008,75.62999725,72.36000061,508.9243164,232.0935364,425.4995117,4.21,4.31,0
2024-11-08,584.1693243,587.5695057,584.1693243,586.1486816,46444900,14.93999958,105,4.306000233,73.87000275,70.37999725,509.519043,233.8019867,428.1455994,4.26,4.3,0
2024-11-11,587.7360663,588.0888053,584.9826329,586.7072144,37586800,14.97000027,105.5400009,4.308000088,71.83000183,68.04000092,509.2217407,237.3170624,430.9668274,4.26,4.3,0
2024-11-12,586.6287817,587.2264883,582.4055428,584.8846436,43006100,14.71000004,106.0199966,4.43200016,71.88999939,68.12000275,508.3000183,233.1539459,427.4452515,4.34,4.43,0
2024-11-13,585.3451317,587.1676761,582.9836705,585.1687622,47388600,14.02000046,106.4800034,4.451000214,72.27999878,68.43000031,507.6459656,230.8465424,427.8537292,4.27,4.44,0
2024-11-14,585.2961834,585.7763103,580.7202055,581.4060669,38904100,14.31000042,106.6699982,4.418000221,72.55999756,68.69999695,504.1180115,227.7340546,425.801178,4.34,4.43,0
2024-11-15,577.8492248,578.3196033,572.1071978,573.9591675,75988800,16.13999939,106.6900024,4.427999973,71.04000092,67.01999664,492.1069031,224.336792,422.9549255,4.31,4.43,0
2024-11-18,574.4195277,577.6237227,573.5572969,576.31073,37001700,15.57999992,106.2799988,4.414000034,73.30000305,69.16000366,495.5258789,224.7786255,422.6434326,4.29,4.42,0
2024-11-19,572.9400989,579.1426361,572.2737942,578.4175415,49412000,16.35000038,106.2099991,4.379000187,73.30999756,69.38999939,498.9349976,226.4477997,421.3293152,4.27,4.39,0
2024-11-20,578.4958237,578.8975442,572.8615695,578.6134033,50032600,17.15999985,106.6800003,4.406000137,72.80999756,68.87000275,498.6475525,226.7423706,422.7408142,4.31,4.41,0
2024-11-21,581.4550802,583.1404284,575.6248397,581.7196045,46750300,16.87000084,106.9700012,4.43200016,74.23000336,70.09999847,500.4413452,230.188736,427.2962952,4.34,4.43,0
2024-11-22,581.709787,584.1497144,581.2101034,583.522583,38226400,15.23999977,107.4899979,4.409999847,75.16999817,71.23999786,501.2440491,234.4402008,431.3748474,4.37,4.41,0
2024-11-25,587.452008,588.765001,583.2189601,585.5020752,42441400,14.60000038,106.8199997,4.264999866,73.01000214,68.94000244,502.0368652,238.0043488,435.6578369,4.21,4.27,0
2024-11-26,586.7462862,589.2253866,586.0310001,588.559082,45621300,14.10000038,107.0100021,4.302000046,72.80999756,68.76999664,504.7324219,236.2566528,436.9427795,4.21,4.3,0
2024-11-27,588.3730114,588.7551154,585.2570307,586.7758179,34000200,14.10000038,106.0800018,4.242000103,72.83000183,68.72000122,500.7584229,236.580658,435.8330383,4.19,4.25,0
2024-11-29,587.5891194,591.2048439,587.3147867,590.4209595,30177400,13.51000023,105.7399979,4.177999973,72.94000244,68,505.1585693,237.4839783,438.1205444,4.13,4.18,1
2024-12-02,590.832439,592.1553,590.3425038,591.479187,31746000,13.34000015,106.4499969,4.196000099,71.83000183,68.09999847,510.6586304,237.3661499,436.806488,4.17,4.19,0
2024-12-03,591.2439871,591.9984466,590.2151352,591.753479,26906600,13.30000019,106.3700027,4.22300005,73.62000275,69.94000244,512.2244873,235.6773376,435.979126,4.17,4.23,0
2024-12-04,593.4389337,595.6730072,592.772629,595.4280396,42787600,13.44999981,106.3399963,4.179999828,72.30999756,68.54000092,518.5570068,236.521759,438.947937,4.13,4.19,0
2024-12-05,595.4279905,596.2314913,594.0953811,594.4481201,28762200,13.53999996,105.7099991,4.179999828,72.08999634,68.30000305,517.1201782,233.7627106,436.7383423,4.15,4.17,0
2024-12-06,595.2125259,596.8097196,594.8009971,595.5750732,31241500,12.77000046,105.9700012,4.151000023,71.12000275,67.19999695,521.7480469,234.59729,435.2587891,4.1,4.15,0
2024-12-09,595.4575376,595.6240989,591.9202193,592.5081177,34742700,14.18999958,106.1500015,4.198999882,72.13999939,68.37000275,517.6849976,233.4190521,433.2438049,4.13,4.2,0
2024-12-10,593.1841678,593.6055049,590.0093971,590.6658936,37234500,14.18000031,106.4000015,4.221000195,72.19000244,68.58999634,515.9208984,232.4077454,431.8907471,4.15,4.22,0
2024-12-11,593.5859415,596.1825623,593.3115491,595.2321167,28677700,13.57999992,106.7099991,4.270999908,73.51999664,70.29000092,525.1571655,233.4583435,430.7421265,4.15,4.26,0
2024-12-12,594.3697473,594.938029,592.1650391,592.1650391,31543800,13.92000008,106.9599991,4.323999882,73.41000366,70.01999664,521.7678833,230.4243622,428.561676,4.18,4.32,0
2024-12-13,594.1934038,594.90869,590.6756429,592.0474854,35904700,13.81000042,107,4.399000168,74.48999786,71.29000092,525.7617798,228.8435669,427.6856689,4.25,4.4,0
2024-12-16,593.8014854,595.5456835,593.0274093,594.5755615,43695200,14.68999958,106.8600006,4.396999836,73.91000366,70.70999908,533.3329468,230.188736,426.7122803,4.25,4.39,0
2024-12-17,592.0278914,592.9881452,590.7540718,592.1258545,55773500,15.86999989,106.9599991,4.385000229,73.19000244,70.08000183,530.984314,227.5534515,423.9866943,4.25,4.4,0
2024-12-18,591.8221131,594.203191,574.0962908,574.4784546,108248700,27.62000084,108.0299988,4.493999958,73.38999939,70.58000183,511.828064,217.479126,412.9385071,4.35,4.5,0
2024-12-19,579.4561297,581.0631315,574.0570344,574.302002,85919500,24.09000015,108.4100037,4.570000172,72.87999725,69.91000366,509.5486755,216.5140533,413.2403259,4.32,4.57,0
2024-12-20,571.977888,585.7225628,571.1323176,581.2000122,125716700,18.36000061,107.6200027,4.524000168,72.94000244,69.45999908,513.9983521,218.5426941,418.3489075,4.3,4.52,0
2024-12-23,580.9443313,585.2800771,577.7686569,584.6803589,57635800,16.78000069,108.0400009,4.598999977,72.62999725,69.23999786,519.0061646,218.0404663,418.6905823,4.3,4.59,0
2024-12-24,586.0272849,591.2184423,585.4471893,591.1790771,33160100,14.27000046,108.2600021,4.59100008,73.58000183,70.09999847,526.0437012,219.9903259,422.2147217,4.29,4.59,1
2024-12-26,589.4093279,592.3391499,588.0132459,591.2183838,41219100,14.72999954,108.1299973,4.578999996,73.26000214,69.62000275,525.6863403,222.2454681,422.9078064,4.3,4.58,0
2024-12-27,587.4823798,587.7183906,580.8165297,584.9949951,64969300,15.94999981,108,4.618999958,74.16999817,70.59999847,518.6983032,219.0055542,419.7741394,4.31,4.62,0
2024-12-30,577.9948725,581.7800468,574.5734058,578.3192749,56578800,17.39999962,108.1299973,4.545000076,74.38999939,70.98999786,511.7997742,217.3215485,415.6447144,4.24,4.55,0
2024-12-31,579.9808237,580.6985774,574.5832389,576.215332,57052700,17.35000038,108.4899979,4.572999954,74.63999939,71.72000122,507.4521179,217.5973053,415.381134,4.25,4.58,0
2025-01-02,579.4694872,581.1801901,570.729108,574.7994385,50204000,17.93000031,109.3899994,4.574999809,75.93000031,73.12999725,506.4595337,217.7745667,413.7215271,4.25,4.57,0
2025-01-03,577.6408634,582.6254735,576.5593423,581.9864502,37888500,16.12999916,108.9499969,4.596000195,76.51000214,73.95999908,514.7477417,221.0144958,417.0016174,4.28,4.6,0
2025-01-06,586.233767,589.606027,583.6086645,585.3390503,47679400,16.04000092,108.2600021,4.618000031,76.30000305,73.55999756,520.6637573,221.1031036,416.9724121,4.28,4.62,0
2025-01-07,587.3644406,587.688903,576.9035746,578.7224121,60393100,17.81999969,108.5400009,4.683000088,77.05000305,74.25,511.3728638,219.3305054,415.2151489,4.3,4.67,0
2025-01-08,578.7912507,580.6396121,575.3501613,579.5679321,47304700,17.70000076,109.0899963,4.69299984,76.16000366,73.31999969,511.4622803,218.335907,415.9962158,4.28,4.67,0
2025-01-10,576.0185903,576.0874193,568.8119506,570.7192993,73105000,19.54000092,109.6500015,4.776000023,79.76000214,76.56999969,503.4419556,213.5301514,409.3578491,4.4,4.77,0
2025-01-13,566.0788468,571.9581742,565.6658729,571.604248,47910100,19.19000053,109.9599991,4.802999973,81.01000214,78.81999969,501.8240051,213.9437561,412.9015198,4.4,4.79,0
2025-01-14,574.5241442,575.1533862,568.6152938,572.390686,48420600,18.70999908,109.2699966,4.788000107,79.91999817,77.5,501.3475647,216.3761749,415.0395203,4.37,4.78,0
2025-01-15,580.3937161,583.942939,579.2827312,582.8024902,56900200,16.12000084,109.0899963,4.652999878,82.02999878,80.04000092,512.8816528,220.6304321,421.9608154,4.27,4.66,0
2025-01-16,584.1690862,584.3460493,580.9836306,581.6817017,43319700,16.60000038,108.9599991,4.605999947,81.29000092,78.68000031,509.2884827,221.0735931,421.2970276,4.23,4.61,0
2025-01-17,586.9122299,589.2717981,585.5849166,587.5217896,58070600,15.97000027,109.3499985,4.609000206,80.79000092,77.87999725,517.8844604,222.0288086,424.5412292,4.27,4.61,0
2025-01-21,590.5595912,592.9093774,588.5932549,592.8995361,42532900,15.06000042,108.0599976,4.573999882,79.29000092,75.88999939,520.921814,226.2929382,429.7952271,4.29,4.57,0
2025-01-22,595.7213992,597.5894433,595.1708273,596.232666,48196000,15.10000038,108.1699982,4.598999977,79,75.44000244,527.5821533,224.8157501,430.9476624,4.29,4.6,0
2025-01-23,595.6033506,599.4868774,595.3280947,599.4868774,41152100,15.02000046,108.0500031,4.638000011,78.29000092,74.62000275,528.7039795,225.8399353,434.9516602,4.29,4.65,0
2025-01-24,599.5458113,600.4995157,596.5864654,597.7367554,34604700,14.85000038,107.4400024,4.625999928,78.5,74.66000366,525.7161865,225.2096405,433.7211609,4.27,4.63,0
2025-01-27,584.7983103,589.5961762,584.6311885,589.2815552,70361100,17.89999962,107.3399963,4.527999878,77.08000183,73.16999817,510.4100342,223.053009,436.6509094,4.17,4.53,0
2025-01-28,590.51059,595.1806398,587.1973173,594.3449707,44433300,16.40999985,107.8700027,4.551000118,77.48999786,73.76999664,517.9539795,223.2991943,437.9107361,4.19,4.55,0
2025-01-29,593.5584284,593.961561,589.1341703,591.680603,37177400,16.55999947,108,4.554999828,76.58000183,72.62000275,516.9812012,222.7870941,436.7095032,4.21,4.55,0
2025-01-30,593.7943006,596.3898191,590.6087852,594.8560791,39281300,15.84000015,107.8000031,4.512000084,76.87000275,72.73000336,519.1847534,225.0520935,438.3110352,4.18,4.52,0
2025-01-31,597.2746959,599.6933114,590.9332489,591.6903076,66566900,16.43000031,108.3700027,4.568999767,76.76000214,72.52999878,518.4303589,223.0333099,434.9614258,4.22,4.58,0
2025-02-03,582.6943021,590.1860392,580.5510025,587.7084961,65857200,18.62000084,108.9899979,4.543000221,75.95999908,73.16000366,514.281311,220.4236145,433.8676453,4.26,4.54,0
2025-02-04,587.7675351,592.1622687,587.2268046,591.651062,33457800,17.20999908,107.9599991,4.513000011,76.19999695,72.69999695,520.5942383,223.4764252,435.098114,4.21,4.52,0
2025-02-05,590.5302274,594.197426,588.5049031,594.0499268,30653100,15.77000046,107.5800018,4.421999931,74.61000061,71.02999878,522.956665,225.9088593,438.1645813,4.17,4.43,0
2025-02-06,595.7902227,596.2425018,592.4867912,596.1146851,35771500,15.5,107.6900024,4.440000057,74.29000092,70.61000061,525.6863403,225.1702576,436.8852844,4.21,4.45,0
2025-02-07,596.675005,597.8941241,589.9501077,590.65802,50788500,16.54000092,108.0400009,4.486999989,74.66000366,71,519.0557861,222.5606079,432.7445679,4.29,4.49,0
2025-02-10,593.8632273,595.308456,592.5949017,594.6693726,26048700,15.81000042,108.3199997,4.493000031,75.87000275,72.31999969,525.3389282,223.5650787,434.3657227,4.28,4.51,0
2025-02-11,592.408028,595.6623126,592.2900526,595.121582,30056700,16.02000046,107.9599991,4.537000179,77,73.31999969,524.0882568,222.265152,435.6645813,4.29,4.54,0
2025-02-12,589.1145137,594.3744406,588.4361251,593.2044678,45076100,15.89000034,107.9400024,4.637000084,75.18000031,71.37000275,524.3960571,220.2168121,433.2426453,4.36,4.62,0
2025-02-13,594.3055902,599.6737111,593.0471659,599.4672241,40921300,15.10000038,107.3099976,4.525000095,75.01999664,71.29000092,531.9398193,222.6984711,436.7876282,4.31,4.52,0
2025-02-14,599.6735728,600.7058874,598.8182213,599.4376221,26910400,14.77000046,106.5699997,4.472000122,74.73999786,70.73999786,534.1731567,222.5310669,435.3520813,4.26,4.47,0
2025-02-18,600.5979135,601.1976318,598.1399925,601.1976318,26749000,15.35000038,107.0500031,4.544000149,75.83999634,71.84999847,535.3841553,223.7521973,435.4790039,4.29,4.55,0
2025-02-19,599.8113974,602.9083418,599.3001306,602.6134033,31011100,15.27000046,107.1699982,4.534999847,76.04000092,72.25,535.5330811,222.9840546,436.2113953,4.28,4.53,0
2025-02-20,601.2467722,601.3844301,596.8028919,600.1063232,36554000,15.65999985,106.3399963,4.5,76.48000336,72.56999969,533.2599487,220.8470917,432.0317078,4.28,4.5,0
2025-02-21,599.8899931,600.027651,589.3799207,589.842041,76519800,18.20999908,106.6100006,4.420000076,74.43000031,70.40000153,522.1923218,214.4853973,424.6171875,4.19,4.42,0
2025-02-24,591.8869961,592.8800057,586.4500466,587.157959,50737200,18.97999954,106.5999985,4.393000126,74.77999878,70.69999695,516.0282593,212.9392853,424.9887695,4.13,4.4,0
2025-02-25,587.0989684,587.8265033,579.6366946,584.237915,58266500,19.43000031,106.3099976,4.297999859,73.01999664,68.93000031,509.5266724,212.1317749,426.5536499,4.07,4.3,0
2025-02-26,585.8994552,589.4880434,581.8979532,584.5328369,43321600,19.10000038,106.4199982,4.249000072,72.52999878,68.62000275,510.7575073,212.3976593,424.8029175,4.05,4.25,0
2025-02-27,586.8039491,587.9542992,574.8093444,575.2025757,74196700,21.12999916,107.2399979,4.284999847,74.04000092,70.34999847,496.5730896,209.1577301,422.8566284,4.07,4.29,0
2025-02-28,575.7039887,584.7097833,572.6365086,584.178894,88744100,19.62999916,107.6100006,4.230999947,73.18000031,69.76000214,504.4147339,211.3833313,428.7444763,3.99,4.24,0
2025-03-03,586.1452445,587.2857533,570.1392965,573.9441528,74249200,22.78000069,106.75,4.179999828,71.62000275,68.37000275,493.3768616,205.6026764,422.6022949,3.96,4.16,0
2025-03-04,569.9525173,575.5369061,562.6180602,567.1504517,109648200,23.51000023,105.7399979,4.210000038,71.04000092,68.26000214,491.88797,203.278595,416.2255859,3.96,4.22,0
2025-03-05,566.9833166,575.0354672,563.4340935,573.2460938,71230500,21.93000031,105.7399979,4.264999866,69.30000305,66.30999756,498.3002319,205.2973938,421.0178833,3.99,4.28,0
2025-03-06,565.7935864,570.4046474,560.5238196,563.0702515,80094900,24.87000084,104.0599976,4.285999775,69.45999908,66.36000061,484.5922852,202.1559448,416.5482788,3.96,4.29,0
2025-03-07,561.2907934,567.6715459,556.1094774,566.2262573,81158800,23.37000084,103.8399963,4.316999912,70.36000061,67.04000092,488.1557617,202.8157349,418.8564453,3.99,4.32,0
2025-03-10,558.0366128,559.9537433,546.2385913,551.1445923,99326600,27.86000061,103.9100037,4.212999821,69.27999878,66.02999878,469.2366638,197.7145844,410.2789917,3.89,4.22,0
2025-03-11,549.9843939,554.5266268,542.7286067,546.5629272,88102100,26.92000008,103.4400024,4.288000107,69.55999756,66.25,468.1149597,197.6948547,405.6333313,3.94,4.28,0
2025-03-12,552.7077616,553.6319423,544.3705128,549.4633179,69588200,24.22999954,103.6100006,4.31799984,70.94999695,67.68000031,473.3957214,198.0395355,404.8606873,4.01,4.32,0
2025-03-13,549.0896175,549.699177,540.4279077,542.1386108,74079400,24.65999985,103.8300018,4.274000168,69.87999725,66.55000305,464.8790588,195.0852051,399.8041992,3.94,4.27,0
2025-03-14,546.7497352,554.339826,542.2075022,553.3369751,62660300,21.77000046,103.7200012,4.308000088,70.58000183,67.18000031,476.115387,199.8023224,406.2396545,4.02,4.31,0
2025-03-17,553.3172228,560.1207901,552.8846264,557.6038818,49008700,20.51000023,103.3700027,4.306000233,71.06999969,67.58000183,479.2023926,202.3233337,410.0051575,4.06,4.31,0
2025-03-18,555.2933708,555.5096991,549.6499951,551.5770264,66041400,21.70000076,103.2399979,4.281000137,70.55999756,66.90000153,471.0332642,200.5665131,407.3840332,4.04,4.29,0
2025-03-19,553.3565564,561.3398771,552.1767426,557.5841675,66556000,19.89999962,103.4300003,4.256000042,70.77999878,67.16000366,477.3363647,203.6853943,411.1885986,3.99,4.25,0
2025-03-20,553.8482456,560.9663748,553.1304918,555.9718628,62958200,19.79999924,103.8499985,4.232999802,72,68.26000214,475.7183533,202.3924408,410.8951721,3.95,4.24,0
2025-03-21,551.5205298,557.0526817,550.2878724,556.1552734,83763000,19.28000069,104.0899963,4.251999855,72.16000366,68.27999878,477.2866516,201.1389465,411.1901245,3.94,4.25,0
2025-03-24,562.8806515,567.1703353,562.289,566.1151733,58766800,17.47999954,104.2600021,4.330999851,73,69.11000061,487.760437,206.1430054,416.9421387,4.04,4.34,0
2025-03-25,567.3181383,568.4127235,565.7304903,567.4759521,38355700,17.14999962,104.1800003,4.30700016,73.01999664,69,490.5438538,204.9980774,417.2655945,3.96,4.31,0
2025-03-26,567.2097619,568.3339599,559.3207546,560.701355,51848300,18.32999992,104.5500031,4.337999821,73.79000092,69.65000153,481.5175476,202.9155426,415.7075195,3.98,4.35,0
2025-03-27,559.3108688,562.9792884,557.1019564,559.2122803,42164200,18.69000053,104.0699997,4.368999958,74.02999878,69.91999817,478.7738647,201.948288,414.4434509,3.97,4.38,0
2025-03-28,557.6838015,558.413525,547.368903,547.9506836,71662700,21.64999962,104.0400009,4.255000114,73.62999725,69.36000061,466.1687622,197.842392,407.2704468,3.89,4.27,0
2025-03-31,542.2016063,552.9306607,539.2826521,551.6289673,95328200,22.28000069,104.2099991,4.245999813,74.73999786,71.48000336,466.1488953,196.8949127,411.4449158,3.89,4.23,0
2025-04-01,549.7159502,555.1297723,545.9982359,553.1870728,54609600,21.77000046,104.2600021,4.156000137,74.48999786,71.19999695,469.9065857,196.9146271,411.160675,3.87,4.17,0
2025-04-02,547.3491617,559.5475341,547.1125011,556.6878052,76014500,21.51000023,103.8099976,4.196000099,74.94999695,71.70999908,473.3361511,200.0236511,413.5517273,3.91,4.2,0
2025-04-03,537.5470145,540.3673199,529.2537231,529.2537231,125986000,30.02000046,102.0699997,4.054999828,70.13999939,66.94999695,447.9967651,187.1828918,397.0794067,3.71,4.06,0
2025-04-04,516.4045548,518.5740439,498.0527654,498.2697144,217965100,45.31000137,103.0199966,3.984999895,65.58000183,61.99000168,420.1722412,178.8329468,375.5214233,3.68,4.01,0
2025-04-07,482.4029468,515.9114867,475.1154618,497.3822021,256611400,46.97999954,103.2600021,4.15500021,64.20999908,60.70000076,421.1861877,177.2142792,371.9447021,3.73,4.15,0
2025-04-08,514.6196469,517.6963549,482.3733481,489.5917969,165816600,52.33000183,102.9599991,4.262000084,62.81999969,59.58000183,413.6012573,172.5458221,368.916748,3.71,4.26,0
2025-04-09,486.5939444,541.0083618,486.2093408,541.0083618,241867300,33.61999893,102.9000015,4.400000095,65.48000336,62.34999847,463.2461548,187.2125244,397.9221191,3.91,4.34,0
2025-04-10,524.7866028,526.0981671,502.2536501,517.3019409,162331200,40.72000122,100.8700027,4.394000053,63.33000183,60.06999969,443.5432739,179.3462067,387.7310486,3.84,4.4,0
2025-04-11,515.753695,528.9874872,512.8544826,526.5320435,97866300,37.56000137,99.77999878,4.493000031,64.76000214,61.5,451.7146606,181.9617157,393.8359375,3.96,4.48,0
2025-04-14,536.5017297,536.7285796,526.4531054,531.6401367,68034000,30.88999939,99.63999939,4.363999844,64.87999725,61.52999878,454.7765198,184.1034851,397.2754211,3.84,4.38,0
2025-04-15,532.18254,535.6931457,529.3622344,530.151123,56892900,30.12000084,100.2200012,4.322999954,64.66999817,61.33000183,455.2834778,184.3304749,395.5997314,3.84,4.35,0
2025-04-16,524.3034409,530.4273047,513.0714518,518.3669434,83484800,32.63999939,99.37999725,4.278999805,65.84999847,62.47000122,441.5551147,182.5637817,388.7991943,3.77,4.29,0
2025-04-17,520.3194821,523.8004752,516.6411916,519.1065063,79868100,29.64999962,99.37999725,4.333000183,67.95999908,64.68000031,441.4755859,184.0541382,383.688324,3.81,4.34,0
2025-04-21,513.9293312,514.4618777,501.4055508,506.7503662,69368100,33.81999969,98.27999878,4.40500021,66.26000214,63.08000183,430.5504456,180.362793,374.1393127,3.75,4.42,0
2025-04-22,512.9235349,521.9564215,511.9867032,519.9348755,75948100,30.56999969,98.91999817,4.388999939,67.44000244,64.30999756,441.853302,185.03125,384.188324,3.76,4.41,0
2025-04-23,532.9319549,537.8625839,526.472843,527.9914551,90590700,28.45000076,99.83999634,4.387000084,66.12000275,62.27000046,451.8737488,187.7751007,388.1492004,3.81,4.4,0
2025-04-24,529.2734572,539.8348871,528.0211182,539.1051636,64150400,26.46999931,99.29000092,4.304999828,66.55000305,62.79000092,464.5881958,191.5355225,393.119751,3.77,4.32,0
2025-04-25,539.065673,543.4045903,536.1467191,543.0003052,61119600,24.84000015,99.47000122,4.265999794,66.87000275,63.02000046,469.767395,191.5947418,393.1589966,3.74,4.29,0
2025-04-28,543.740005,545.8700106,537.4583875,543.2074585,47613800,25.14999962,99.01000214,4.21600008,65.86000061,62.04999924,469.6182861,192.404068,394.3845215,3.67,4.23,0
2025-04-29,541.2942981,547.7435995,540.9393072,546.6292725,47775100,24.17000008,99.23999786,4.172999859,64.25,60.41999817,472.7198181,193.5391083,397.2669067,3.65,4.19,0
2025-04-30,539.9729836,548.7988227,534.0069337,546.8462524,93101500,24.70000076,99.47000122,4.177000046,63.11999893,58.20999908,472.6601868,192.325119,398.3747559,3.6,4.17,0
2025-05-01,552.5954041,556.2440823,550.1202183,550.7217407,63186100,24.60000038,100.25,4.230999947,62.13000107,59.24000168,478.8334351,193.5193939,399.4335632,3.7,4.25,0
2025-05-02,556.894864,560.4942477,554.5774922,558.8967285,60717300,22.68000031,100,4.322000027,61.29000092,58.29000092,485.9412231,197.871994,404.9433899,3.83,4.33,0
2025-05-05,554.7648727,558.7882834,553.906948,555.6918335,38659200,23.63999939,99.83000183,4.342999935,60.22999954,57.13000107,483.0583496,196.3520508,404.1786499,3.83,4.36,0
2025-05-06,550.1891945,555.5339798,549.2326813,551.0471191,48264700,24.76000023,99.23999786,4.308000088,62.15000153,59.09000015,478.5650635,194.2102966,400.2373962,3.78,4.3,0
2025-05-07,552.3784371,555.9975022,548.325414,553.364563,55588000,23.54999924,99.61000061,4.275000095,61.11999893,58.06999969,480.4438782,194.8518066,402.9923706,3.78,4.26,0
2025-05-08,557.3977713,562.3974366,553.9069074,557.2202759,65130800,22.47999954,100.6399994,4.373000145,62.84000015,59.90999985,485.4044189,198.562912,405.7669067,3.9,4.37,0
2025-05-09,558.6205786,559.6264463,554.9522192,556.5103149,37603400,21.89999962,100.3399963,4.375,63.90999985,61.02000046,485.0863037,198.1977081,404.3355103,3.88,4.37,0
2025-05-12,573.4025587,574.9113601,569.0340285,574.9014893,78993600,18.38999939,101.7900009,4.456999779,64.95999908,61.95000076,504.8488464,205.1658936,415.914032,3.98,4.45,0
2025-05-13,575.3157162,580.9070937,574.7536773,578.6981812,67947200,18.21999931,101,4.499000072,66.62999725,63.66999817,512.5431519,205.9160004,413.2472839,4.02,4.49,0
2025-05-14,579.6546019,580.8083522,577.4160771,579.4376831,66283500,18.62000084,101.0400009,4.527999878,66.08999634,63.15000153,515.6148071,204.0900574,412.3062744,4.05,4.53,0
2025-05-15,577.4359032,582.770818,576.9822636,582.2679443,71268100,17.82999992,100.8799973,4.454999924,64.52999878,61.61999893,516.1814575,205.4224854,415.1787109,3.96,4.45,0
2025-05-16,583.0469103,586.2518194,581.1042713,585.9559937,76052100,17.23999977,101.0899963,4.440999985,65.41000366,62.49000168,518.4281616,207.1201324,418.5067444,3.98,4.43,0
2025-05-19,579.9405745,587.2773531,579.9405745,586.5969238,68168500,18.13999939,100.4300003,4.474999905,65.54000092,62.68999863,518.9251709,206.2515717,419.9686584,3.97,4.46,0
2025-05-20,584.8614156,585.8080579,581.4197858,584.6246948,60614500,18.09000015,100.1200027,4.480999947,65.37999725,62.56000137,517.1953735,206.3601379,418.9188538,3.97,4.48,0
2025-05-21,580.2759147,584.3584903,573.7477662,574.7733154,95197700,20.87000084,99.55999756,4.596000195,64.91000366,61.56999969,510.0081482,200.5665131,410.8538208,4,4.58,0
2025-05-22,574.576096,578.4811763,573.3434386,575.0001831,70860400,20.28000069,99.95999908,4.552999973,64.44000244,61.20000076,510.9624939,200.5566406,410.9225464,4,4.54,0
2025-05-23,567.988678,573.7378079,567.6139454,571.0752563,76029000,22.29000092,99.11000061,4.508999825,64.77999878,61.52999878,506.2305908,199.924942,408.4795227,4,4.51,0
2025-05-27,577.9388277,583.1061179,570.4048112,582.9483643,72588500,18.95999908,99.51999664,4.434000015,64.08999634,60.88999939,518.1397705,204.9980774,415.8577271,3.92,4.43,0
2025-05-28,583.352685,584.5459191,578.8460821,579.5758057,68445500,19.30999947,99.87999725,4.477000237,64.90000153,61.84000015,515.8434448,202.8365784,413.4735413,3.96,4.47,0
2025-05-29,584.8317737,584.9698458,577.9387639,581.8635254,69973300,19.18000031,99.27999878,4.423999786,64.15000153,60.93999863,516.8573608,203.4386444,414.4938049,3.92,4.43,0
2025-05-30,580.759129,582.928618,575.1480701,581.2127686,90601200,18.56999969,99.33000183,4.415999889,63.90000153,60.79000092,516.0422974,202.4023285,414.8765869,3.89,4.41,0
2025-06-02,579.6053592,584.5655411,576.9428072,584.4866943,61630500,18.36000061,98.69999695,4.461999893,64.62999725,62.52000046,520.118103,203.0339813,415.7203064,3.94,4.46,0
2025-06-03,584.1217914,588.7960181,583.6385392,587.8197632,63606200,17.69000053,99.25,4.460000038,65.62999725,63.40999985,524.1838379,206.310791,417.9770203,3.96,4.46,0
2025-06-04,588.6776647,589.6539196,587.2280285,587.6619263,57314200,17.61000061,98.79000092,4.364999771,64.86000061,62.84999847,525.6452026,205.7284698,416.9271545,3.87,4.37,0
2025-06-05,589.3383725,590.68936,582.8496478,584.8218994,92278700,18.47999954,98.73999786,4.394000053,65.33999634,63.36999893,521.6886597,205.817276,415.9754028,3.92,4.4,0
2025-06-06,590.3540723,592.4940087,588.5790578,590.8274536,66588700,16.77000046,99.19000244,4.510000229,66.47000122,64.58000183,526.7883301,209.1434479,420.3023071,4.04,4.51,0
2025-06-09,591.3993477,592.9081491,590.1864322,591.3599243,53016400,17.15999985,98.94000244,4.481999874,67.04000092,65.29000092,527.5637817,210.5844879,420.2826233,4.01,4.49,0
2025-06-10,591.892403,595.0973119,590.7781362,594.7127686,66247000,16.95000076,99.05000305,4.473999977,66.87000275,64.98000336,531.0531006,211.7194977,421.5090027,4.01,4.47,0
2025-06-11,595.8074158,596.6653405,590.9556932,593.0166626,73658200,17.26000023,98.62999725,4.412000179,69.76999664,68.15000153,529.2636719,210.8509521,421.4992676,3.94,4.41,0
2025-06-12,591.6853731,595.3734741,591.2021811,595.3734741,64129000,18.02000046,97.91999817,4.356999874,69.36000061,68.04000092,530.5062256,210.0120087,422.372467,3.9,4.36,0
2025-06-13,590.1964131,593.4999112,587.2182933,588.7172241,89506000,20.81999969,98.18000031,4.423999786,74.23000336,72.98000336,523.8458862,206.1726074,414.8372498,3.96,4.41,0
2025-06-16,592.0699628,596.0637603,591.8924072,594.3182983,79984100,19.11000061,98,4.452000141,73.23000336,71.76999664,531.1325073,208.603363,418.2418518,3.97,4.46,0
2025-06-17,591.8826172,593.4012293,588.480471,589.2398071,82209400,21.60000038,98.81999969,4.393000126,76.44999695,74.83999634,525.9534302,206.4062042,415.1315918,3.94,4.39,0
2025-06-18,590.1371268,592.8785252,588.1944277,589.151001,76605000,20.13999939,98.91000366,4.396999836,76.69999695,75.13999939,525.8638916,207.494873,414.8667297,3.94,4.38,0
2025-06-20,591.822501,592.8906824,586.362974,587.7674561,94051400,20.62000084,98.70999908,4.375,77.01000214,74.93000031,523.7166748,207.0594177,414.9838562,3.9,4.38,0
2025-06-23,588.5189525,593.9586782,585.4035095,593.572998,87426000,19.82999992,98.41999817,4.320000172,71.48000336,68.51000214,529.1017456,209.5930786,418.8801575,3.84,4.34,0
2025-06-24,597.7072084,601.1885919,596.7972471,600.1303711,67735300,17.47999954,97.86000061,4.293000221,67.13999939,64.37000275,537.1928101,212.2653198,423.8686829,3.75,4.3,0
2025-06-25,601.2479345,601.9402753,598.903912,600.4666138,62114800,16.76000023,97.68000031,4.293000221,67.68000031,64.91999817,538.5661011,209.7910309,422.9536133,3.74,4.29,0
2025-06-26,602.3162292,605.5998534,601.7030284,605.1646729,78548400,16.59000015,97.15000153,4.252999783,67.73000336,65.23999786,543.6018066,213.1956635,426.958252,3.7,4.26,0
2025-06-27,606.1636033,609.6351478,604.1360809,608.1713257,86258400,16.31999969,97.40000153,4.282999992,67.76999664,65.51999664,545.4629517,213.2649536,430.9629211,3.73,4.29,0
2025-06-30,610.6142202,612.4340221,608.2998374,611.0790405,92502500,16.72999954,96.87999725,4.230000019,67.61000061,65.11000061,548.9959106,213.5717468,433.5703125,3.72,4.24,0
2025-07-01,609.6053849,612.0483479,608.7746242,610.8812866,70030100,16.82999992,96.81999969,4.250999928,67.11000061,65.44999695,544.3682251,215.7689362,437.7422485,3.78,4.26,0
2025-07-02,610.47573,613.6901136,609.8526293,613.6505737,66510400,16.63999939,96.77999878,4.293000221,69.11000061,67.44999695,548.1599121,218.7578735,437.565094,3.78,4.3,0
2025-07-03,615.6287169,619.4167617,615.6089168,618.4870605,51065800,16.37999916,97.18000031,4.34800005,68.80000305,67,553.5539551,220.7868195,440.8907776,3.88,4.35,1
2025-07-07,616.5286748,617.1913758,611.0988485,613.8780518,74814500,17.79000092,97.48000336,4.394999981,69.58000183,67.93000031,549.3840332,217.4712677,436.8665466,3.9,4.4,0
2025-07-08,614.5406899,615.2923709,612.7307881,613.5418091,59024600,16.80999947,97.51000214,4.414999962,70.15000153,68.33000183,549.692627,218.9756317,435.2725525,3.9,4.42,0
2025-07-09,615.945167,617.8737489,614.1055046,617.2210083,66113300,15.93999958,97.47000122,4.342000008,70.19000244,68.37999725,553.5838013,221.3509674,437.3781738,3.86,4.34,0
2025-07-10,617.3594283,620.0001509,616.182467,618.9616699,57529000,15.77999973,97.65000153,4.346000195,68.63999939,66.56999969,552.7876587,222.489151,439.326355,3.86,4.35,0
2025-07-11,615.9154666,618.012229,614.7187655,616.7858276,63670200,16.39999962,97.84999847,4.422999859,70.36000061,68.44999695,551.5436401,219.4210052,436.4434509,3.9,4.43,0
2025-07-14,616.3308266,618.3089088,614.9857452,617.9627686,51898500,17.20000076,98.08000183,4.427000046,69.20999908,66.98000336,553.5440063,220.8956909,437.4371338,3.9,4.43,0
2025-07-15,620.6431288,620.979369,615.2429423,615.3220825,74317300,17.37999916,98.62000275,4.488999844,68.70999908,66.51999664,554.0515137,216.5706177,433.0783386,3.95,4.5,0
2025-07-16,616.904491,617.883632,611.2768447,617.3792114,88987500,17.15999985,98.38999939,4.454999924,68.51999664,66.37999725,554.6188965,218.7480011,435.2528687,3.88,4.46,0
2025-07-17,617.5573456,621.5135104,617.3397251,621.1574097,68885700,16.52000046,98.73000336,4.462999821,69.51999664,67.54000092,559.1071777,221.6181946,438.0668945,3.91,4.47,0
2025-07-18,622.4035754,622.5716955,619.5947324,620.7024536,65621600,16.40999985,98.48000336,4.43200016,69.27999878,67.33999634,558.5698242,220.0445251,436.3157959,3.88,4.44,0
2025-07-21,621.8793945,624.6189973,621.4541141,621.8793945,63375000,16.64999962,97.84999847,4.372000217,69.20999908,67.19999695,561.4658813,219.1537781,436.4929199,3.85,4.38,0
2025-07-22,622.205744,622.8288447,619.3276609,621.9683838,60046300,16.5,97.38999939,4.335999966,68.58999634,66.20999908,558.5598755,220.974884,437.9891357,3.83,4.35,0
2025-07-23,624.6288825,627.2597656,622.8288205,627.2597656,70511000,15.36999989,97.20999908,4.388000011,68.51000214,65.25,561.1075439,224.3498077,443.1568909,3.88,4.4,0
2025-07-24,627.6454884,629.1785505,627.0421878,627.4674683,71307100,15.39000034,97.37999725,4.407999992,69.18000031,66.02999878,562.3018188,221.2519989,440.1054077,3.91,4.43,0
2025-07-25,628.1301201,630.5928228,627.8828599,630.118042,56865400,14.93000031,97.65000153,4.386000156,68.44000244,65.16000366,563.6553345,222.0734711,441.9855652,3.91,4.4,0
2025-07-28,630.4939604,631.0478211,628.5752181,629.9598999,54917100,15.02999973,98.66000366,4.420000076,70.04000092,66.70999908,565.4168701,221.8161316,441.3161621,3.91,4.42,0
2025-07-29,631.3543821,631.6708825,627.3883779,628.2982788,60556300,15.97999954,98.91000366,4.329999924,72.51000214,69.20999908,564.5410767,220.4008331,439.4853516,3.86,4.34,0
2025-07-30,628.9510415,630.6917637,624.6190364,627.5070801,80418900,15.47999954,99.94000244,4.375999928,73.23999786,70,565.2974243,219.2824554,437.7923279,3.94,4.38,0
2025-07-31,632.4522656,632.8379458,623.8574957,625.1531372,103385200,16.71999931,100.0299988,4.360000134,72.52999878,69.26000214,562.3018188,217.1347504,434.4159546,3.94,4.37,0
2025-08-01,619.4364414,619.4760417,612.5032535,614.9066162,140103600,20.37999916,98.69000244,4.21999979,69.66999817,67.33000183,551.2251587,212.7107086,428.8939209,3.69,4.23,0
2025-08-04,618.8133257,624.3024917,618.7243458,624.2530518,73218000,17.52000046,98.77999878,4.199999809,68.76000214,66.29000092,561.3961792,217.4712677,434.8884888,3.69,4.22,0
2025-08-05,624.8662792,625.6773001,620.1683338,621.0881348,68051400,17.85000038,98.77999878,4.196000099,67.63999939,65.16000366,557.5845947,218.5797577,434.2290039,3.72,4.22,0
2025-08-06,622.1563553,626.4982607,621.2464543,625.84552,64357500,16.77000046,98.18000031,4.21999979,66.88999939,64.34999847,564.6008301,218.2927246,435.0459595,3.69,4.22,0
2025-08-07,629.2675537,629.9994345,622.2156853,625.3212891,74205800,16.56999969,98.40000153,4.243999958,66.43000031,63.88000107,566.5115356,217.5801239,432.8312073,3.72,4.23,0
2025-08-08,627.1114619,630.6621464,626.7949615,630.1972656,64051600,15.14999962,98.18000031,4.284999847,66.58999634,63.88000107,571.7961426,218.055191,434.9967651,3.76,4.27,0
2025-08-11,630.4742119,631.9478736,627.7048483,628.9510498,58742300,16.25,98.51999664,4.272999763,66.62999725,63.95999908,570.104187,218.0057068,433.1166687,3.76,4.27,0
2025-08-12,631.2950454,635.8050706,629.8114837,635.6468506,64730800,14.72999954,98.09999847,4.293000221,66.12000275,63.16999817,577.2697144,224.4784851,437.7135315,3.72,4.29,0
2025-08-13,637.8424937,639.1084953,635.6369513,637.8227539,60092800,14.48999977,97.83999634,4.237999916,65.62999725,62.65000153,577.5584106,228.8431702,442.3792725,3.67,4.24,0
2025-08-14,635.7457783,638.5447818,635.300758,637.8821411,59327500,14.82999992,98.25,4.293000221,66.83999634,63.95999908,577.1104736,225.8937836,442.123291,3.74,4.29,0
2025-08-15,638.9107149,639.0096552,635.4787709,636.3886719,68592500,15.09000015,97.84999847,4.328000069,65.84999847,62.79999924,574.5728149,224.7951965,442.7497559,3.75,4.33,0
2025-08-18,635.8150026,636.942524,635.1424618,636.2501831,43804900,14.98999977,98.16999817,4.34100008,66.59999847,63.41999817,574.3438721,225.6166687,442.2770386,3.77,4.34,0
2025-08-19,636.0721246,637.0512657,631.4829593,632.7984009,69750700,15.56999969,98.26999664,4.302000046,65.79000092,62.34999847,566.5513306,223.8846436,442.5133972,3.75,4.3,0
2025-08-20,632.3929061,632.650006,626.0135789,631.1170044,88890300,15.68999958,98.22000122,4.296000004,66.83999634,63.20999908,563.187561,223.0928802,442.5822754,3.74,4.29,0
2025-08-21,629.3071241,630.9785457,626.8641611,628.585083,54805800,16.60000038,98.62000275,4.329999924,67.66999817,63.52000046,560.5802002,223.6471252,441.193573,3.79,4.33,0
2025-08-22,630.7709104,639.4151206,630.2664897,638.2381592,84083200,14.22000027,97.72000122,4.260000229,67.73000336,63.65999985,569.2284546,232.4160309,449.7525024,3.68,4.26,0
2025-08-25,636.982001,638.2183023,635.3105191,635.4291992,51274300,14.78999996,98.43000031,4.275000095,68.80000305,64.80000305,567.5864868,229.9714355,446.2363586,3.73,4.28,0
2025-08-26,635.1622594,638.4359833,634.5391587,638.0897827,51581600,14.61999989,98.23000336,4.257999897,67.22000122,63.25,569.8653564,231.8717041,447.6349792,3.61,4.26,0
2025-08-27,637.5062179,640.2755209,637.3578376,639.5436401,48341100,14.85000038,98.23000336,4.237999916,68.05000305,64.15000153,570.7412109,233.5146179,449.1516418,3.59,4.24,0
2025-08-28,640.1470118,642.3624544,638.2678697,641.8085938,61519500,14.43000031,97.80999756,4.206999779,68.62000275,64.59999847,574.3139648,233.7917633,449.900238,3.62,4.22,0
2025-08-29,640.3744196,640.7404204,636.0919151,637.980957,74522200,15.35999966,97.76999664,4.227000237,68.12000275,64.01000214,567.6660156,232.7525482,449.2108154,3.59,4.23,0
2025-09-02,630.5136938,633.470917,627.9619509,633.2533569,81983500,17.17000008,98.40000153,4.27699995,69.13999939,65.58999634,562.9089355,231.4956055,446.768219,3.66,4.28,0
2025-09-03,635.6270215,637.1501834,633.4412793,636.6853027,70820900,16.35000038,98.13999939,4.210999966,67.59999847,63.97000122,567.3375854,231.2679596,446.4235535,3.61,4.22,0
2025-09-04,637.3579636,642.0361699,636.4579626,642.0064697,65219200,15.30000019,98.34999847,4.176000118,66.98999786,63.47999954,572.4728394,234.1579437,450.1562195,3.59,4.17,0
2025-09-05,644.340436,645.062477,636.2797877,640.1469116,85178900,15.18000031,97.76999664,4.085999966,65.5,61.86999893,573.2988892,235.3258209,448.1273804,3.51,4.1,0
2025-09-08,641.5119451,642.7186069,640.1371633,641.7196655,63133100,15.10999966,97.44999695,4.046000004,66.01999664,62.25999832,576.0953979,235.8008881,449.3191528,3.49,4.05,0
2025-09-09,641.8579832,643.7272854,640.1271613,643.203125,66133900,15.03999996,97.79000092,4.073999882,66.38999939,62.63000107,577.7275391,234.4152832,451.1018677,3.54,4.08,0
2025-09-10,646.4570825,647.3768836,643.4998591,645.062561,78034500,15.35000038,97.77999878,4.032000065,67.48999786,63.66999817,577.916687,233.9995728,449.0531921,3.54,4.04,0
2025-09-11,647.0108919,651.1154365,646.4273914,650.4230957,69934400,14.71000004,97.54000092,4.011000156,66.37000275,62.36999893,581.2804565,238.3246765,454.9528809,3.52,4.01,0
2025-09-12,650.3933645,651.8868262,649.7010841,650.2054443,72780100,14.76000023,97.55000305,4.06099987,66.98999786,62.68999863,583.8480835,235.8899536,452.3920898,3.56,4.06,0
2025-09-15,652.4111341,653.7957555,652.1144338,653.6671753,63772400,15.68999958,97.30000305,4.03399992,67.44000244,63.29999924,588.8439941,236.8895874,453.1308594,3.54,4.05,0
2025-09-16,654.2210124,654.5276731,651.9858301,652.7671509,61169000,16.36000061,96.62999725,4.026000023,68.47000122,64.51999664,588.3463745,236.4995117,451.860199,3.51,4.04,0
2025-09-17,652.7770979,654.4683197,647.1296508,651.9561768,101952200,15.72000027,96.87000275,4.076000214,67.94999695,64.05000305,587.1721191,237.10495,454.3028259,3.52,4.06,0
2025-09-18,654.63644,657.6035633,653.0341982,655.0023804,90459200,15.69999981,97.34999847,4.104000092,67.44000244,63.56999969,592.4666138,243.010498,455.6522217,3.57,4.11,0
2025-09-19,656.8877829,659.0895125,654.943866,658.246521,97945600,15.44999981,97.63999939,4.138999939,66.68000031,62.68000031,596.4772339,241.1643677,457.2602234,3.57,4.14,0
2025-09-22,656.7588293,661.8069718,656.7290468,661.3607178,69452200,16.10000038,97.33000183,4.143000126,66.56999969,62.63999939,600.0083618,242.563858,457.9812012,3.61,4.15,0
2025-09-23,661.2417286,661.85669,656.5406855,657.7606201,81708900,16.63999939,97.26000214,4.119999886,67.62999725,63.40999985,596.0229492,242.0179596,457.19104,3.53,4.12,0
2025-09-24,659.0498613,659.1490154,654.249604,655.6678467,68082200,16.18000031,97.87000275,4.146999836,69.30999756,64.98999786,593.930542,239.7947083,455.363739,3.57,4.16,0
2025-09-25,652.5338627,653.991755,649.0328388,652.6429443,89622100,16.73999977,98.55000305,4.171999931,69.41999817,64.98000336,591.3699341,237.5019531,453.7932434,3.64,4.18,0
2025-09-26,654.0910021,656.9274877,652.4743905,656.382019,69179200,15.28999996,98.15000153,4.186999798,70.12999725,65.72000122,593.8010254,239.5366364,456.6082764,3.63,4.2,0
2025-09-29,658.9010899,659.8135741,656.4216318,658.2266846,73499000,16.12000084,97.91000366,4.140999794,67.97000122,63.45000076,596.5509644,239.8145447,457.3589478,3.63,4.15,0
2025-09-30,657.4828204,661.1722853,656.1736593,660.7061157,86288000,16.28000069,97.76999664,4.147999763,67.01999664,62.36999893,598.1850586,240.1520233,458.050354,3.6,4.16,0
2025-10-01,657.720875,663.8699432,657.6117933,662.9575195,72545400,16.29000092,97.70999908,4.105999947,65.34999847,61.77999878,601.0545044,240.6780396,458.5639954,3.55,4.12,0
2025-10-02,664.9410037,665.0600129,661.3011766,663.7210693,56896000,16.62999916,97.84999847,4.087999821,64.11000061,60.47999954,603.5254517,242.1966248,459.403595,3.55,4.1,0
2025-10-03,664.4848021,667.1527012,662.6698219,663.7112427,70494400,16.64999962,97.72000122,4.118999958,64.52999878,60.88000107,600.9848022,243.9930878,461.7741699,3.58,4.13,0
2025-10-06,666.1014192,666.9841208,663.9591942,666.0914917,54623300,16.37000084,98.11000061,4.162000179,65.47000122,61.68999863,605.498291,244.9657593,461.1123657,3.6,4.18,0
2025-10-07,667.0138297,667.4601443,662.1838505,663.6219482,72020100,17.23999977,98.58000183,4.126999855,65.44999695,61.72999954,602.3099365,242.3355713,460.2530212,3.57,4.14,0
2025-10-08,664.7426772,667.6783772,663.9194802,667.5791626,60702200,16.29999924,98.84999847,4.129000187,66.25,62.54999924,609.2147217,244.8764496,460.3518066,3.58,4.13,0
2025-10-09,667.9957846,668.4023891,663.7112738,665.6452026,66501900,16.43000031,99.54000092,4.147999763,65.22000122,61.50999832,608.477417,243.2983246,457.8132935,3.6,4.14,0
2025-10-10,666.6071968,668.4122494,647.4757221,647.6542358,159422600,21.65999985,98.98000336,4.051000118,62.72999954,58.90000153,587.3546143,236.0131531,449.2892151,3.52,4.05,0
2025-10-13,655.2216031,659.6647725,654.348829,657.5919189,79560500,19.03000069,99.26999664,4.051000118,63.31999969,59.49000168,599.8190308,242.5836945,455.0278931,3.52,4.05,0
2025-10-14,651.7701536,660.3590301,647.8030208,656.7885742,88779600,20.80999947,99.05000305,4.021999836,62.38999939,58.70000076,595.8236694,246.0476227,457.0329895,3.48,4.03,0
2025-10-15,661.3409344,664.7228888,653.5157498,659.7044678,81702600,20.63999939,98.79000092,4.046000004,61.90999985,58.27000046,600.0282593,248.4594727,457.0329895,3.5,4.05,0
2025-10-16,661.3408829,663.2153676,651.7106462,655.2116699,110563300,25.30999947,98.38999939,3.976000071,61.06000137,57.45999908,597.8063965,243.2288513,453.9216003,3.41,3.99,0
2025-10-17,654.0810128,660.2895853,652.7322022,658.9308472,96500900,20.78000069,98.43000031,4.006999969,61.29000092,57.54000092,601.7320557,241.5911865,456.2683411,3.46,4.02,0
2025-10-20,661.8367798,666.6866142,661.7872028,665.7840576,60493400,18.22999954,98.58999634,3.986000061,61.00999832,57.52000046,609.3143311,246.3056641,461.4457092,3.46,4,0
2025-10-21,665.9228395,667.4600912,664.4748144,665.7740479,56249000,17.87000084,98.93000031,3.963000059,61.31999969,57.81999969,609.1549683,245.1444397,463.6195374,3.45,3.98,0
2025-10-22,666.4783067,666.4783067,657.8497808,662.3128052,80564000,18.60000038,98.90000153,3.953000069,62.59000015,58.5,603.286377,241.521698,460.2205811,3.45,3.97,0
2025-10-23,662.63019,667.1825016,662.3128121,666.2402954,65604500,17.29999924,98.94000244,3.990999937,65.98999786,61.79000092,608.3578491,244.5786896,461.7125854,3.48,4.01,0
2025-10-24,670.9016937,672.8951271,670.0983517,671.6851807,74356500,16.37000084,98.94999695,3.996999979,65.94000244,61.5,614.8540649,247.5661774,466.573822,3.48,4.02,0
2025-10-27,677.1201116,679.9070199,676.5151384,679.6094971,63339800,15.78999996,98.77999878,3.996999979,65.62000275,61.31000137,625.8041382,248.4296875,469.6763611,3.48,4.01,0
2025-10-28,681.4046233,683.2493255,679.2028937,681.4145508,61738100,16.42000008,98.69000244,3.98300004,64.40000153,60.15000153,630.6165771,247.0997009,471.4548035,3.47,3.99,0
2025-10-29,683.0608493,684.0328379,677.2589422,681.7418213,85657100,16.92000008,99.22000122,4.058000088,64.91999817,60.47999954,633.4562378,244.9955292,470.6841431,3.59,4.08,0
2025-10-30,678.2805222,680.3037381,674.2439575,674.2439575,76335800,16.90999985,99.52999878,4.092999935,65,60.56999969,623.7715454,243.0204163,469.3404846,3.61,4.11,0
2025-10-31,679.4111219,679.450832,673.6587916,676.4556274,87164100,17.44000053,99.80000305,4.100999832,65.06999969,60.97999954,626.7806396,244.3900909,469.9925842,3.6,4.11,0
2025-11-03,680.03597,680.1649066,674.3530716,677.7251587,57315000,17.17000008,99.87000275,4.105999947,64.88999939,61.04999924,629.7796021,243.6060181,467.8187561,3.6,4.13,0
2025-11-04,670.554558,674.3729598,669.0371611,669.6917114,78427000,19,100.2200012,4.089000225,64.44000244,60.56000137,616.9962769,239.3976898,465.27948,3.58,4.1,0
2025-11-05,669.4337786,675.2654685,668.6304367,672.0124512,74402400,18.01000023,100.1999969,4.157000065,63.52000046,59.59999847,621.0117188,242.8516846,467.4631348,3.63,4.17,0
2025-11-06,670.9115429,671.8140994,663.2252232,664.8021851,85035300,19.5,99.73000336,4.092999935,63.38000107,59.43000031,609.4439087,238.5540466,463.6788025,3.57,4.11,0
2025-11-07,662.421872,665.5658682,655.7769732,665.4567261,100592400,19.07999992,99.59999847,4.092999935,63.63000107,59.75,607.5209351,239.8046265,464.2518921,3.55,4.11,0
2025-11-10,671.6752577,676.5746692,669.4834555,675.8407593,75842900,17.60000038,99.62000275,4.110000134,64.05999756,60.13000107,620.961853,242.2065277,468.1646118,3.58,4.13,0
2025-11-11,674.362952,677.9532021,673.1529451,677.3878784,58953400,17.28000069,99.45999908,4.119999886,65.16000366,61.04000092,619.3078613,242.4149933,473.6878662,3.58,4.13,0
2025-11-12,679.1631581,679.3318048,675.3547447,677.7647705,62312500,17.51000023,99.48000336,4.065000057,62.70999908,58.49000168,618.8196411,241.8194427,476.9979553,3.56,4.08,0
2025-11-13,674.9084518,675.2654792,665.0104751,666.5179443,103457800,20,99.18000031,4.111999989,63.00999832,58.68999863,606.1858521,235.0206299,469.0736694,3.58,4.11,0
2025-11-14,659.9127671,670.1082678,657.8201189,666.4089355,96846700,19.82999992,99.26999664,4.147999763,64.38999939,60.09000015,606.644104,235.7054749,466.1687317,3.62,4.14,0
2025-11-17,664.1972328,668.1742932,656.7290761,660.2003174,90456100,22.37999916,99.58999634,4.132999897,64.19999695,59.90999985,601.4630737,231.020752,460.7541809,3.6,4.13,0
2025-11-18,656.6596721,659.6548769,650.4709542,654.656311,114467500,24.69000053,99.55000305,4.123000145,64.88999939,60.74000168,594.1397095,231.7254486,455.7940063,3.58,4.12,0
2025-11-19,655.3505889,661.8566848,653.3372398,657.1853638,94703000,23.65999985,100.2300034,4.132999897,63.50999832,59.43999863,597.6868286,231.6857452,456.2485657,3.58,4.13,0
2025-11-20,667.3808213,670.0090711,646.5335792,647.168335,165293500,26.42000008,100.1600037,4.105999947,63.38000107,59.13999939,583.5384521,227.3980255,452.6322632,3.55,4.1,0
2025-11-21,649.6675908,659.0895314,645.5020891,653.6149292,123956200,23.43000031,100.1800003,4.063000202,62.56000137,58.06000137,587.9224854,233.8395386,457.6242981,3.51,4.06,0
2025-11-24,657.2447592,664.5541959,656.1538219,663.2351074,80437900,20.52000046,100.1399994,4.038000107,63.36999893,58.84000015,602.9575806,238.1073914,459.4743042,3.46,4.04,0
2025-11-25,663.1359411,670.653674,659.0200171,669.4734497,81077100,18.55999947,99.66000366,4.001999855,62.47999954,57.95000076,606.6740723,243.2983246,466.1422424,3.43,4.01,0
2025-11-26,672.0620713,676.0986363,671.1595147,674.0952148,71879600,17.19000053,99.59999847,3.997999907,63.13000107,58.65000153,612.0344238,245.4521027,469.2783813,3.45,4,0
2025-11-28,675.2654787,678.0523871,674.9084513,677.7747192,49212000,16.35000038,99.45999908,4.017000198,63.20000076,58.54999924,616.9962769,246.8912811,472.078064,3.47,4.02,1
2025-12-01,673.2323337,677.3779801,673.1629016,674.6803589,61201200,17.23999977,99.41000366,4.096000195,63.16999817,59.31999969,614.9238281,243.784668,468.2593384,3.54,4.09,0
2025-12-02,676.3168032,678.2012155,673.7481185,675.9300537,62953800,16.59000015,99.36000061,4.085999966,62.45000076,58.63999939,619.7362671,243.338028,470.1786499,3.51,4.09,0
2025-12-03,674.9779024,679.2822076,674.1051283,678.2706299,57238500,16.07999992,98.84999847,4.05700016,62.66999817,58.95000076,621.2507324,247.7646942,474.2842102,3.49,4.06,0
2025-12-04,679.6689755,679.7384076,675.741553,678.7664795,61970300,15.77999973,98.98999786,4.107999802,63.25999832,59.66999817,620.6729126,249.938324,473.9478455,3.52,4.11,0
2025-12-05,679.8375624,682.7336127,678.9549214,680.0557861,79241000,15.40999985,98.98999786,4.138999939,63.75,60.08000183,623.2036133,248.8961792,474.8976135,3.56,4.14,0
2025-12-08,680.9484564,680.9980335,675.9696854,678.0127563,55231500,16.65999985,99.08999634,4.171999931,62.49000168,58.88000107,622.0079956,248.9954224,473.0377197,3.57,4.17,0
2025-12-09,677.5366324,679.7582168,676.9812363,677.4274902,58310100,16.93000031,99.22000122,4.18599987,61.93999863,58.25,622.7751465,249.5115356,471.3262329,3.61,4.18,0
2025-12-10,676.9515664,683.3088704,675.7118374,681.9204102,85671300,15.77000046,98.79000092,4.164000034,62.20999908,58.45999908,625.3258667,252.9059753,476.2035217,3.54,4.13,0
2025-12-11,679.5103474,683.5865618,676.5647198,683.5072021,86173700,14.85000038,98.34999847,4.140999794,61.27999878,57.59999847,623.3032837,255.873642,482.6538086,3.52,4.14,0
2025-12-12,682.5153843,683.2195721,673.5893361,676.1580811,113160300,15.73999977,98.40000153,4.193999767,61.11999893,57.43999863,611.3867798,251.9531555,480.2101746,3.52,4.19,0
2025-12-15,680.105379,680.125234,673.6687159,675.1365356,90811000,16.5,98.15000153,4.18200016,60.56000137,56.81999969,608.3179932,250.0475006,479.982666,3.51,4.18,0
2025-12-16,673.6488975,675.4837328,669.4338189,673.2918701,122030600,16.47999954,98.15000153,4.149000168,58.91999817,55.27000046,609.5235596,248.8644257,476.8267822,3.48,4.15,0
2025-12-17,674.3034691,674.8489377,665.684871,665.8832397,110625200,17.62000084,98.37000275,4.151000023,59.68000031,55.93999863,598.2248535,246.2154541,474.6700134,3.49,4.16,0
2025-12-18,672.0322188,675.1464323,669.3544528,670.911499,108650100,16.87000084,98.43000031,4.116000175,59.81999969,56.15000153,606.8931885,247.6793671,475.3724976,3.46,4.12,0
2025-12-19,673.0134543,677.4896665,672.8940328,676.9923096,103599500,14.90999985,98.59999847,4.151000023,60.47000122,56.65999985,614.8043213,249.7507324,477.0421143,3.48,4.16,0
2025-12-22,680.32459,681.7370667,676.9923229,681.2098999,69556700,14.07999992,98.29000092,4.169000149,62.06999969,58.00999832,617.7513428,252.5291901,479.3323669,3.44,4.17,0
2025-12-23,680.3046208,684.5620248,680.2548972,684.3233032,64840000,14,97.94000244,4.169000149,62.38000107,58.38000107,620.6444702,251.0354004,480.0958252,3.48,4.18,0
2025-12-24,684.3133825,687.1781631,684.1641511,686.7305298,39445600,13.47000027,97.98000336,4.136000156,62.24000168,58.34999847,622.4602661,251.662796,482.8520813,3.47,4.15,1
2025-12-26,686.9891612,688.003728,685.6264082,686.6608887,41613300,13.60000038,98.01999664,4.136000156,60.63999939,56.74000168,622.4202881,250.3781433,482.8719177,3.46,4.14,0
2025-12-29,683.9055083,685.5567673,682.4433082,684.2138672,62559500,14.19999981,98.04000092,4.116000175,61.93999863,58.08000183,619.4074097,248.8445282,480.4527893,3.45,4.12,0
2025-12-30,683.8160334,684.9201512,682.9506373,683.3783569,47160700,14.32999992,98.23999786,4.130000114,61.91999817,57.95000076,617.9707642,247.002182,479.4612732,3.45,4.14,0
2025-12-31,683.5076844,683.7264923,678.1063955,678.3152466,74144800,14.94999981,98.27999878,4.163000107,60.84999847,57.41999817,612.862854,245.1399384,476.467041,3.47,4.18,0
2026-01-02,682.0852056,683.2390469,676.2263269,679.5585938,89377200,14.51000023,98.41999817,4.186999798,60.75,57.31999969,611.6757202,247.7490692,479.5009766,3.47,4.19,0
2026-01-05,682.9107787,685.7855161,682.7516512,684.0845337,71927200,14.89999962,98.26999664,4.164999962,61.75999832,58.31999969,616.5341797,251.6827087,485.588501,3.46,4.17,0
2026-01-06,684.2934597,688.6602679,684.144289,688.1529541,69273800,14.75,98.58000183,4.178999901,60.70000076,57.13000107,621.951416,255.0188141,490.387207,3.47,4.18,0
2026-01-07,688.5309418,690.2916047,685.6761181,685.9347534,75588300,15.38000011,98.68000031,4.138000011,59.95999908,55.99000168,622.5500488,254.4213104,485.7769165,3.47,4.15,0
2026-01-08,685.1787574,686.96923,683.855771,685.8651123,64019200,15.44999981,98.93000031,4.183000088,61.99000168,57.75999832,619.0083618,257.1997375,488.3249512,3.49,4.19,0
2026-01-09,686.9791831,691.6344364,685.536836,690.401001,80125500,14.48999977,99.12999725,4.171000004,63.34000015,59.11999893,625.1738281,259.1516418,490.7937012,3.54,4.18,0
2026-01-12,687.028931,692.4103668,686.9792075,691.4852295,63976000,15.11999989,98.86000061,4.186999798,63.86999893,59.5,625.6925659,260.4163513,491.6661682,3.54,4.19,0
2026-01-13,691.8134787,692.4103434,687.695349,690.1026001,78309700,15.97999954,99.12999725,4.171000004,65.47000122,61.15000153,624.7647705,260.2669983,487.7399902,3.53,4.18,0
2026-01-14,687.3472638,688.0634286,682.4134612,686.7106323,94676700,16.75,99.12999725,4.139999866,66.51999664,62.02000046,618.0905151,262.0993652,487.3831177,3.51,4.15,0
2026-01-15,690.8983887,691.7737417,687.5959315,688.5806885,77862000,15.84000015,99.31999969,4.159999847,63.75999832,59.18999863,620.3153076,264.4097595,490.2583313,3.56,4.17,0
2026-01-16,689.9931508,690.5800586,686.451972,688.0037231,79289200,15.85999966,99.38999939,4.230999947,64.12999725,59.43999863,619.7965088,264.6587219,489.3845215,3.59,4.24,0
2026-01-20,677.887473,681.1501633,672.9934983,673.9981689,111623300,20.09000015,98.63999939,4.295000076,64.91999817,60.34000015,606.6276245,261.4918823,480.9143677,3.6,4.3,0
2026-01-21,676.0572512,685.0991655,674.5452668,681.7768555,127844500,16.89999962,98.76000214,4.252999783,65.23999786,60.61999893,614.8282471,266.6802979,486.7858887,3.6,4.26,0
2026-01-22,686.2033479,687.4766108,683.2888435,685.3379517,77112200,15.64000034,98.36000061,4.249000072,64.05999756,59.36000061,619.2976685,268.6720276,489.6523132,3.61,4.26,0
2026-01-23,684.5123007,687.3074439,683.5274831,685.5865479,63059600,16.09000015,97.59999847,4.238999844,65.87999725,61.06999969,621.2530518,263.7126465,486.914856,3.6,4.24,0
2026-01-26,686.8399051,690.4606778,686.2729109,689.0680542,60473800,16.14999962,97.04000092,4.212999821,65.58999634,60.63000107,623.9866333,262.8861084,490.0192566,3.56,4.22,0
2026-01-27,690.5104039,692.8480177,689.9036431,691.8134766,55506100,16.35000038,96.22000122,4.22300005,67.56999969,62.38999939,629.6432495,263.6329956,486.052002,3.53,4.24,0
2026-01-28,693.3652238,694.1510865,690.2716785,691.7438354,61172200,16.35000038,96.44999695,4.250999928,68.40000153,63.20999908,631.7283325,262.2088928,486.1213989,3.56,4.26,0
2026-01-29,692.7087687,693.3752099,681.2098794,690.3711548,97486200,16.87999916,96.27999878,4.227000237,70.70999908,65.41999817,627.9472656,262.2786255,486.2007141,3.53,4.24,0
2026-01-30,688.1330316,690.5402826,683.4877352,688.3120728,101835100,17.44000053,96.98999786,4.241000175,70.69000244,65.20999908,620.4050903,258.5740356,485.0303955,3.52,4.26,0
2026-02-02,685.9348096,693.2459323,685.7756214,691.7339478,79286500,16.34000015,97.61000061,4.275000095,66.30000305,62.13999939,624.6650391,261.0935364,489.9895325,3.57,4.29,0
2026-02-03,692.5296904,693.2757257,680.4140841,685.8850098,107904600,18,97.44000244,4.274000168,67.33000183,63.20999908,615.067688,261.6910706,488.2835388,3.57,4.28,0
2026-02-04,686.7006659,687.7948875,678.1561081,682.5626831,105204600,18.63999939,97.62000275,4.275000095,69.45999908,65.13999939,604.3230591,259.4404297,490.7036133,3.57,4.29,0
2026-02-05,677.340421,680.075884,672.2176206,674.0379639,113610800,21.77000046,97.81999969,4.210000038,67.55000305,63.29000092,595.6236572,254.7698669,484.9114075,3.47,4.21,0
2026-02-06,677.8576866,688.650307,677.250865,686.9692383,89127600,20.37000084,97.62999725,4.205999851,68.05000305,63.54999924,608.2138672,263.9217834,496.9322815,3.5,4.22,0
2026-02-09,685.7755944,692.1915108,684.7013472,690.2816772,73885200,17.36000061,96.81999969,4.197999954,69.04000092,64.36000061,612.8728638,265.7740784,497.120697,3.48,4.22,0
2026-02-10,691.2763607,692.8579217,688.0037135,688.4613037,65185700,17.79000092,96.80000305,4.146999836,68.80000305,63.95999908,610.029541,265.0570374,497.795166,3.45,4.16,0
2026-02-11,692.7087599,693.4547953,685.5368515,688.3021851,76353900,17.64999962,96.83000183,4.171999931,69.40000153,64.62999725,611.6657104,263.8520813,497.2297974,3.52,4.18,0
2026-02-12,690.5701102,691.674228,676.7734345,677.6687012,118829000,20.81999969,96.93000031,4.104000092,67.51999664,62.84000015,599.2250977,258.4645081,490.6242981,3.47,4.09,0
2026-02-13,678.0864378,682.6522007,673.9384983,678.1461182,96267500,20.60000038,96.87999725,4.056000233,67.75,62.88999939,600.5020752,261.8703308,491.229248,3.4,4.04,0
2026-02-17,676.5446599,681.319274,672.2077223,679.2402954,81354700,20.29000092,97.16000366,4.052000046,67.41999817,62.33000183,599.8834839,261.9500122,491.7946472,3.43,4.05,0
2026-02-18,680.4041503,685.507037,679.2204385,682.6621094,73570300,19.62000084,97.69999695,4.078999996,70.34999847,65.19000244,604.362915,262.8960571,492.9351807,3.47,4.09,0
2026-02-19,680.2250627,682.5526588,677.9471294,680.8616333,58649400,20.22999954,97.93000031,4.074999809,71.66000366,66.43000031,602.0484009,263.5035095,490.3366394,3.47,4.08,0
2026-02-20,678.7131824,686.4122581,678.1262745,685.7855835,100034000,19.09000015,97.80000305,4.085999966,71.76000214,66.38999939,607.3758545,263.5134888,492.633606,3.48,4.08,0
2026-02-23,684.1940215,686.3525335,676.7734345,678.7827759,90558100,21.01000023,97.69999695,4.028999805,71.48999786,66.30999756,599.9932251,259.4105225,484.6196899,3.43,4.03,0
2026-02-24,678.2953502,684.7112055,676.4053697,683.7164917,73798700,19.54999924,97.87999725,4.032999992,70.76999664,65.62999725,606.4380493,262.2387695,488.3734436,3.43,4.04,0
2026-02-25,686.5315693,690.0130676,686.4519752,689.4859009,56369500,17.93000031,97.69999695,4.047999859,70.84999847,65.41999817,615.2272949,263.4835815,491.3823853,3.45,4.05,0
2026-02-26,689.6151911,689.635044,680.7323437,685.656189,71671000,18.62999916,97.79000092,4.017000198,70.75,65.20999908,607.8048096,264.8877563,491.4220581,3.42,4.02,0
2026-02-27,679.4790749,683.2291046,678.0367278,682.3637085,83308900,19.86000061,97.61000061,3.961999893,72.48000336,67.01999664,605.859375,260.3267517,486.2582092,3.38,3.97,0
2026-03-02,675.1123138,684.9798583,674.4359156,682.751709,87477200,21.44000053,98.37999725,4.047999859,77.73999786,71.23000336,606.6575317,262.7167969,485.7815247,3.47,4.05,0
2026-03-03,671.4915421,679.0016197,666.1200629,676.7337036,105003100,23.56999969,99.05000305,4.056000233,81.40000153,74.55999756,600.1629028,258.1657104,482.1469727,3.51,4.06,0
2026-03-04,678.0267416,683.4579006,676.0273572,681.5082397,79182200,21.14999962,98.76999664,4.079999924,81.40000153,74.66000366,609.3112793,260.675293,484.3515015,3.54,4.09,0
2026-03-05,678.4744452,681.9062201,672.038615,677.7084961,106606500,23.75,99.31999969,4.145999908,85.41000366,81.01000214,607.4755249,255.6960144,476.5064087,3.57,4.13,0
2026-03-06,669.8502073,672.5359467,666.2195382,668.8256836,100687000,29.48999977,98.98999786,4.132999897,92.69000244,90.90000153,598.3371582,249.8503418,471.9284363,3.56,4.15,0
2026-03-09,662.8673651,676.3258117,658.8885098,674.6845703,102667700,25.5,99.18000031,4.136000156,98.95999908,94.76999664,606.3283081,252.5690155,474.5600281,3.56,4.12,0
2026-03-10,674.1374044,679.7476047,671.1930904,673.6002808,81505300,24.93000031,98.83000183,4.136000156,87.80000305,83.44999695,606.3383179,252.3100891,474.3813171,3.57,4.15,0
2026-03-11,673.9982141,676.4849986,669.7806371,672.7548218,68441700,24.22999954,99.23000336,4.208000183,91.98000336,87.25,606.2584839,251.8022308,471.5112915,3.64,4.21,0
2026-03-12,667.6120785,668.0995393,662.3500645,662.5390625,108882200,27.29000092,99.73999786,4.272999763,100.4599991,95.73000336,595.8530884,246.3847656,464.2322998,3.76,4.27,0
2026-03-13,665.7321453,668.785924,657.8639249,658.7890015,97200200,27.19000053,100.3600006,4.284999847,103.1399994,98.70999908,592.3213501,245.5681458,463.1697388,3.73,4.28,0
2026-03-16,664.8468199,668.5173163,663.5934708,665.4934082,82023100,23.51000023,99.70999908,4.21999979,100.2099991,93.5,598.9656982,247.888504,467.0326843,3.68,4.23,0
2026-03-17,668.835597,670.874748,666.1598146,667.2440186,87128000,22.37000084,99.58000183,4.202000141,103.4199982,96.20999908,601.8887939,249.4567719,467.6285095,3.68,4.2,0
2026-03-18,664.826892,666.1796882,657.6948111,657.9335327,82062600,25.09000015,100.0899963,4.258999825,107.3799973,96.31999969,593.4986572,245.4363403,459.7834167,3.76,4.26,0
2026-03-19,653.4971376,659.4753776,651.7066648,656.3121948,111272500,24.05999947,99.23000336,4.281000137,108.6500015,96.13999939,591.6230469,247.042511,457.8569031,3.79,4.25,0
2026-03-20,654.8230422,655.0025724,643.0632988,646.9034424,163617500,26.78000069,99.65000153,4.390999794,112.1900024,98.31999969,580.6888428,241.6453552,453.7009583,3.88,4.39,0
2026-03-23,656.379013,660.917309,652.2596207,653.6959229,134802700,26.14999962,98.94999695,4.334000111,99.94000244,88.12999725,587.3545532,246.8629303,459.7517395,3.83,4.34,0
2026-03-24,649.646381,655.3417305,648.2100787,651.5015869,96457500,26.95000076,99.43000031,4.392000198,104.4899979,92.34999847,583.3389282,248.1897888,458.9556274,3.9,4.39,0
2026-03-25,656.9774239,659.1917509,652.5588148,655.1322021,90653800,25.32999992,99.59999847,4.328000069,102.2200012,90.31999969,587.1747437,251.22258,461.9113159,3.84,4.33,0
2026-03-26,650.3844334,653.1672422,643.1630474,643.432373,96494400,27.44000053,99.90000153,4.415999889,108.0100021,94.48000336,573.1600952,246.8529663,457.1044922,3.96,4.42,0
2026-03-27,640.8489947,641.0085568,631.4831092,632.4606323,103649400,31.04999924,100.1500015,4.440000057,112.5699997,99.63999939,561.9624634,242.5232697,449.2225952,3.88,4.44,0
2026-03-30,638.4651675,638.7245092,627.66304,630.3460693,99275900,30.61000061,100.5100021,4.342000008,112.7799988,102.8799973,557.6671753,239.0415344,449.8893127,3.82,4.35,0
2026-03-31,637.2981539,649.865752,636.3405988,648.6688843,152534100,25.25,99.95999908,4.31099987,118.3499985,101.3799973,576.5463867,247.4116364,460.9658813,3.79,4.3,0
2026-04-01,652.2197518,656.8278753,651.3220401,653.5562744,97841500,24.54000092,99.65000153,4.318999767,101.1600037,100.1200027,583.6685791,248.967926,463.2449341,3.81,4.33,0
2026-04-02,644.7589215,656.5086805,643.4522902,654.1447754,68358700,23.87000084,100.0299988,4.313000202,109.0299988,111.5400009,584.3378296,250.6938171,462.8268738,3.79,4.31,0
2026-04-06,654.1746977,658.0247645,653.8356055,657.2368164,39105800,24.17000008,99.98000336,4.335000038,109.7699966,112.4100037,587.8540039,251.7612915,464.528717,3.84,4.34,0
2026-04-07,654.9626586,657.9150134,649.3869962,657.526001,69980400,25.78000069,99.63999939,4.342999935,109.2699966,112.9499969,587.9439087,252.3099823,463.6429749,3.81,4.33,0
2026-04-08,674.6519776,675.3402071,669.734653,674.2729492,93606100,21.04000092,99.12999725,4.290999889,94.75,94.41000366,605.4246826,259.8520508,476.8591919,3.79,4.29,0
2026-04-09,673.1059235,679.4096297,672.0386657,678.1628418,57134400,19.48999977,98.81999969,4.293000221,95.91999817,97.87000275,609.5202026,261.338501,479.5860291,3.78,4.29,0
2026-04-10,679.5692561,680.2774536,676.7066359,677.7140503,42253500,19.22999954,98.65000153,4.316999912,95.19999695,96.56999969,610.399231,260.6800537,476.948761,3.81,4.31,0
2026-04-13,675.6693025,684.5364734,674.8414791,684.3369751,54185800,19.12000084,98.37000275,4.296999931,99.36000061,99.08000183,616.7122803,264.4411316,479.8149414,3.78,4.3,0
2026-04-14,685.9229138,692.7952239,685.8929617,692.6755371,63480500,18.36000061,98.12000275,4.256000042,94.79000092,91.27999878,627.9099121,268.082489,483.158783,3.76,4.26,0
2026-04-15,693.4734516,698.4805716,692.4161779,698.1414185,58240400,18.17000008,98.05999756,4.282000065,94.93000031,91.29000092,636.7003174,268.7509155,482.3925171,3.76,4.29,0
2026-04-16,699.2585607,700.9741727,696.7350935,699.8569946,49972400,17.94000053,98.22000122,4.309000015,99.38999939,94.69000244,639.7669067,269.3095703,483.2981567,3.78,4.32,0
2026-04-17,704.3255249,710.559465,703.9464965,708.3152466,70661900,17.47999954,98.09999847,4.245999813,90.37999725,83.84999847,648.1376953,275.1257324,492.0555725,3.71,4.26,0
2026-04-20,706.958708,708.0857483,704.3254773,706.8988037,43546800,18.87000084,98.05000305,4.25,95.48000336,89.61000061,646.0799561,276.6920166,492.1651001,3.72,4.26,0
2026-04-21,708.4548936,709.452324,700.8345108,702.270813,58941400,19.5,98.41000366,4.291999817,98.48000336,92.12999725,643.6226807,273.8587646,489.2081299,3.78,4.3,0
2026-04-22,707.3278031,709.6218809,706.4001392,709.3825073,42518500,18.92000008,98.58999634,4.294000149,101.9100037,92.95999908,654.3908691,275.8240662,492.5932617,3.79,4.3,0
2026-04-23,707.6768674,710.5295037,700.4754491,706.6295776,56174000,19.30999947,98.80000305,4.322999954,105.0699997,95.84999847,650.704895,274.866333,490.8409729,3.83,4.34,0
2026-04-24,708.9236633,712.6340752,707.1881441,712.1054688,45182000,18.70999908,98.51000214,4.309999943,105.3300018,94.40000153,663.1512451,275.9936523,490.0544128,3.78,4.31,0
2026-04-27,711.3374146,713.7911153,710.469655,713.3322754,33135900,18.02000046,98.48000336,4.335999966,108.2300034,96.37000275,663.5008545,276.4825134,489.6760559,3.78,4.35,0
2026-04-28,709.9908769,711.0481506,707.4274736,709.8612061,43117400,17.82999992,98.62000275,4.354000092,111.2600021,99.93000031,656.828186,273.2601624,489.2678833,3.84,4.36,0
2026-04-29,709.1729992,710.3699278,706.5497524,709.7515259,41859200,18.80999947,98.91999817,4.418000221,118.0299988,106.8799973,660.84375,271.4344788,486.5299377,3.92,4.42,0
2026-04-30,712.7936807,717.9403947,708.624429,716.8132935,67240900,16.88999939,98.08000183,4.389999866,114.0100021,105.0699997,667.006958,277.3105469,494.4750061,3.88,4.4,0
2026-05-01,719.3966516,723.0073447,718.6186267,718.7982178,43049800,16.98999977,98.20999908,4.377999783,108.1699982,101.9400024,673.4099731,278.6174316,492.8521118,3.88,4.39,0
2026-05-04,718.2196821,720.2644022,713.1527189,716.164978,51950600,18.29000092,98.47000122,4.446000099,114.4400024,106.4199982,672.1413574,277.2207642,487.4160461,3.95,4.45,0
2026-05-05,719.9153565,723.1769125,719.6360468,721.9102173,36933200,17.37999916,98.48000336,4.415999889,109.8700027,102.2699966,680.8617554,281.8896484,490.8011475,3.93,4.43,0
2026-05-06,726.288862,732.7023927,725.9497698,731.9443359,53288900,17.38999939,98.01999664,4.355999947,101.2699966,95.08000183,695.0062256,286.1195679,496.8644104,3.87,4.36,0
2026-05-07,733.1611885,734.2384303,727.8748196,729.7001343,51724600,17.07999992,98.25,4.392000198,100.0599976,94.80999756,694.177124,281.5903625,493.7382507,3.92,4.41,0
2026-05-08,733.0415192,736.1834493,732.6824588,735.7246094,47227100,17.19000053,97.83999634,4.363999844,101.2900009,95.41999817,710.4492188,283.4958496,493.9572754,3.9,4.38,0
2026-05-11,734.5576163,738.8864301,734.5576163,737.4002686,44024000,18.37999916,97.94000244,4.409999847,104.2099991,98.06999969,712.506958,284.6530457,494.9329529,3.95,4.42,0
2026-05-12,734.9964788,736.9414802,729.9494836,736.2831421,54185300,17.98999977,98.29000092,4.462999821,107.7699966,102.1800003,706.463623,281.8996277,495.7095642,4,4.46,0
2026-05-13,736.5723675,741.9983911,733.5800764,740.4025269,44200200,17.87000084,98.48000336,4.480999947,105.6299973,101.0199966,713.9254761,281.9993896,494.9628296,3.98,4.46,0
2026-05-14,741.7391535,747.6040492,741.6493579,746.2474976,45307600,17.26000023,98.87999725,4.460999966,105.7200012,101.1699982,718.9998169,283.775177,498.606781,4,4.47,0
2026-05-15,739.8838927,741.5496454,736.063778,737.2706299,60410800,18.43000031,99.26999664,4.59499979,109.2600021,105.4199982,708.1517944,276.9414062,493.4725342,4.09,4.59,0
2026-05-18,737.9289136,739.5147938,731.5054597,736.7519531,47843900,17.81999969,98.97000122,4.623000145,112.0999985,108.6600037,705.1051025,275.3152771,495.1062622,4.07,4.61,0
2026-05-19,732.8919551,735.7545756,729.6503063,731.8446045,54255900,18.05999947,99.30000305,4.666999817,111.2799988,107.7699966,700.7599487,272.3523254,492.0878906,4.13,4.67,0
2026-05-20,733.8195334,739.9636778,732.0042028,739.3452759,45768000,17.44000053,99.11000061,4.572000027,105.0199966,98.26000214,712.3671875,279.2060242,498.3238525,4.04,4.57,0
2026-05-21,736.7419903,742.9559621,735.136142,740.8114624,43332200,16.76000023,99.19000244,4.585999966,102.5800018,96.34999847,713.725647,281.8197937,501.1828918,4.08,4.57,0
2026-05-22,744.3224329,747.0155071,742.5669457,743.723999,41762000,16.70000076,99.31999969,4.558000088,103.5400009,96.59999847,716.7523193,284.443573,504.1813965,4.13,4.56,0
2026-05-26,748.0827892,750.1973368,746.4469888,748.6613159,41123600,17.01000023,99.16999817,4.493000031,99.58000183,93.88999939,729.4783936,289.8208008,503.3146973,4.01,4.5,0
2026-05-27,748.9505199,749.4492351,746.297321,748.5316162,42106300,16.29000092,99.20999908,4.480999947,94.29000092,88.68000031,728.649292,289.6811218,504.9384766,4,4.48,0
2026-05-28,748.3221519,753.2095851,747.3047534,752.6609497,41562600,15.73999977,99.01999664,4.454999924,93.70999908,88.90000153,734.7924805,291.3371887,505.1077881,3.99,4.45,0
2026-05-29,753.957667,756.132058,752.7507543,754.5361328,55075700,15.31999969,98.91000366,4.453000069,92.05000305,87.36000061,737.4995117,289.7409668,508.8234863,3.98,4.45,0
2026-06-01,753.418999,758.3264003,752.7507377,756.5908203,43634900,16.04999924,99.19999695,4.474999905,94.98000336,92.16000366,741.9246826,288.2944336,509.4809875,4.05,4.47,0
2026-06-02,755.0847738,758.4461094,754.805464,757.6182251,31581900,15.77000046,99.22000122,4.454999924,96,93.76000214,745.3408813,290.9680481,512.0809937,4.05,4.46,0
2026-06-03,756.2018668,756.85016,751.6336186,752.3018799,51402500,16.05999947,99.52999878,4.491000175,97.80999756,96.01999664,743.3930664,286.9875183,506.3131714,4.08,4.49,0
2026-06-04,750.1673636,756.3614281,749.5389775,755.1445923,49923000,15.39999962,99.41000366,4.477000237,95.02999878,93.04000092,739.7969971,291.3172302,514.7208862,4.05,4.47,0
2026-06-05,750.3768677,750.885567,733.6400171,735.6547852,93989400,21.51000023,100.0699997,4.535999775,93.08999634,90.54000092,704.2860107,280.981781,507.7476501,4.17,4.55,0
2026-06-08,741.4498108,743.4247643,736.293113,737.3204346,49319100,18.92000008,100.0500031,4.552000046,94.25,91.30000305,715.2839355,283.4359436,506.9606934,4.15,4.56,0
2026-06-09,741.719176,744.9807929,720.7332622,735.1560669,87683500,19.87000084,99.91000366,4.527999878,91.44999695,88.19999695,707.0529785,284.3437805,507.4587402,4.13,4.53,0
2026-06-10,731.5054858,736.4826536,723.4661993,723.565918,60341300,22.21999931,99.94999695,4.541999817,93.09999847,90.02999878,692.9285278,281.3808289,498.3338318,4.13,4.55,0
2026-06-11,726.8873843,738.0984922,722.5485255,735.8642578,86330500,19.44000053,99.86000061,4.462999821,90.37999725,87.70999908,716.3327637,289.7210083,507.4089661,4.05,4.45,0
2026-06-12,738.8066884,742.5270843,733.1412911,739.8439941,57079500,17.68000031,99.75,4.486999989,87.33000183,84.87999725,720.5481567,292.2550049,511.0947876,4.09,4.48,0
2026-06-15,749.917997,754.7356027,749.8282623,752.8903809,60176400,16.20000076,99.62999725,4.468999863,83.16999817,80.75,743.1832886,294.6400146,516.4542236,4.07,4.47,0
2026-06-16,752.6111047,753.4988323,747.9531217,748.4019775,67093100,16.40999985,99.54000092,4.427999973,78.95999908,76.05000305,729.0587769,292.0799866,519.442688,4.05,4.43,0
2026-06-17,749.3594422,750.2172786,737.3204503,739.0560303,85945200,18.44000053,100.0899963,4.462999821,79.55000305,76.79000092,721.7168579,289.8800049,514.3223267,4.2,4.49,0
2026-06-18,747.7600098,748.2299805,743.8599854,746.7399902,80875700,16.39999962,100.8499985,4.451000214,79.84999847,76.59999847,739.8070068,295.5899963,514.9467163,4.19,4.46,0
2026-06-22,747.7000122,750.1799927,743.1300049,744.3900146,46628100,17.28000069,101.0199966,4.508999825,77.90000153,74.81999969,737.9500122,298.1799927,516.5050049,4.24,4.51,0
2026-06-23,733.8099976,739.6300049,732.2999878,733.5800171,66846800,19.48999977,101.4100037,4.493000031,77.08000183,73.20999908,713.6500244,295.3200073,516.0454712,4.16,4.5,0
2026-06-24,735.1699829,739.9500122,730.8400269,733.2399902,57439500,18.62999916,101.6100006,4.40199995,73.73999786,70.33999634,710.6199951,296.6900024,517.9433594,4.11,4.41,0
2026-06-25,738.9099731,739.3699951,729.5999756,734.2999878,53934400,18.88999939,101.4300003,4.392000198,75.26000214,71.91999817,716.3800049,298.9100037,518.6825562,4.09,4.4,0
2026-06-26,728.9500122,736.5300293,716.5800171,728.9899902,71034000,18.40999985,101.3600006,4.372000217,71.98999786,69.23000336,706.5200195,299.8299866,517.1741943,4.07,4.38,0
2026-06-29,736.5300293,741.5599976,732.0900269,741,58035200,17.64999962,101.1100006,4.374000072,73.15000153,70.75,724.0800171,298.9700012,521.0997925,4.1,4.38,0
2026-06-30,741.289978,748.0200195,740.8900146,746.7700195,55626000,16.45000076,101.1900024,4.418000221,72.91999817,69.5,736.4000244,300.4500122,521.809021,4.14,4.44,0
2026-07-01,745,749.4400024,742.3800049,745.7600098,47100900,16.59000015,101.3899994,4.474999905,71.56999969,68.58000183,725.1699829,299.3200073,521.8190308,4.17,4.48,0
2026-07-02,747.4000244,751.3099976,740.0300293,744.7800293,57447800,16.14999962,100.8600006,4.485000134,71.80000305,68.69000244,712.5999756,297.5799866,527.2929688,4.14,4.49,0
2026-07-06,748.7399902,752.4099731,747.4099731,751.2800293,50673300,15.56999969,100.8499985,4.479000092,71.98999786,68.55000305,722.8200073,298.8999939,529.5004883,4.13,4.48,0
2026-07-07,750.2199707,750.960022,745.210022,747.710022,43721500,16.12999916,101.1399994,4.528999805,74.16000366,70.44000244,709.4299927,296.1900024,527.8623047,4.19,4.55,0
2026-07-08,743.1599731,746.1500244,739.5100098,745.4000244,43767400,16.89999962,101.0500031,4.568999767,78.01999664,73.51999664,711.4400024,293.480011,522.1885986,4.21,4.56,0
2026-07-09,747.3499756,751.9699707,745.5900269,751.710022,41441700,15.84000015,100.9400024,4.539000034,76.30000305,72.08000183,723.2800293,297.2399902,523.6070557,4.16,4.54,0
2026-07-10,752.0499878,755.4199829,748.0999756,754.9500122,42191300,15.02999973,100.9700012,4.568999767,76.01000214,71.41000366,725.5100098,295.9899902,525.1952515,4.21,4.56,0
2026-07-13,752.4699707,753.9099731,748,749.1699829,44013600,17.15999985,101.2799988,4.609000206,83.30000305,78.13999939,711.7399902,293.480011,523.8866577,4.26,4.62,0
2026-07-14,750.9099731,753.3400269,748.6599731,751.8300171,35143100,16.5,100.9400024,4.585000038,84.73000336,79.33999634,719.6900024,294.5100098,524.1064453,4.18,4.58,0
2026-07-15,754.2399902,755.5800171,750.2000122,754.8099976,43844800,15.67000008,100.5,4.545000076,84.94999695,79.59999847,717.7399902,295.769989,525.3651123,4.13,4.55,0
2026-07-16,752.7600098,754.5700073,747.8800049,750.7199707,46409800,16.72999954,100.7300034,4.568999767,84.23000336,78.94999695,705.9400024,295.5899963,524.2463379,4.16,4.57,0
2026-07-17,742.0800171,747.289978,740.7999878,743.289978,62651000,18.77000046,100.75,4.540999889,88.09999847,82.48999786,695.3300171,294.0400085,520.37854,4.18,4.55,0
2026-07-20,747.0599976,748.7299805,741.5100098,742.0900269,50422300,18.64999962,100.9899979,4.59800005,89.22000122,83.23000336,696.0599976,292.3099976,517.5109253,4.21,4.6,0
2026-07-21,746.289978,749.039978,744.1799927,748.2800293,34324300,17.04999924,101.1800003,4.627999783,91.01000214,84.91000366,708.9699707,296.5400085,521.0779419,4.26,4.63,0
2026-07-22,746.6199951,750.0200195,746.3699951,747.4099731,32836200,16.63999939,101.1399994,4.657000065,94.06999969,86.83000183,705.3499756,293.7900085,521.0379639,4.31,4.67,0
2026-07-23,739.3699951,742.5599976,735.210022,738.1799927,55437300,18.70000076,101.4300003,4.703000069,100.6900024,92.19000244,691.960022,292.0899963,515.8323364,4.37,4.71,0
2026-07-24,738.5100098,743.7199707,737.289978,738.9299927,44782000,18.57999992,101.4700012,4.678999901,96.77999878,89.30999756,684.2299805,291.1700134,518.3302612,4.33,4.69,0
2026-07-27,744.9099731,745.5300293,735.8699951,739.0900269,41461200,18.67000008,101.5100021,4.640999794,88.36000061,82.61000061,682.1199951,292.9100037,520.828186,4.31,4.65,0
2026-07-28,739.1900024,742.789978,735.9799805,740.8599854,47322200,18.20999908,101.3799973,4.604000092,84.08999634,79.26000214,675.4899902,293.3699951,526.4534912,4.26,4.61,0
2026-07-29,739.9699707,742.6799927,729.0999756,729.460022,70697200,20.65999985,100.8000031,4.622000217,90.73999786,84.45999908,661.7299805,288.5700073,514.9829712,4.22,4.67,0
2026-07-30,736.0499878,742.4500122,734.5900269,741.6900024,66811300,17.09000015,100.0100021,4.663000107,89.02999878,83.58999634,683.5499878,292.5899963,521.0779419,4.23,4.68,0
2026-07-31,744.6799927,748.9000244,737.6799927,747.0300293,62445900,15.98999977,99.80000305,4.744999886,90.12000275,84.66999817,687.9899902,291.2000122,523.8856201,4.28,4.75,0
2026-08-03,749.4400024,758.5800171,748.7999878,757.6699829,59927500,15.85999966,99.95999908,4.68599987,83.76999664,80.33999634,700.0700073,296.2200012,530.7799072,4.25,4.7,0
2026-08-04,760.6300049,773.4099731,760.5200195,771.3300171,69154800,16.5,99.88999939,4.626999855,79.36000061,75.76999664,723.8499756,301.7099915,539.9822998,4.2,4.63,0
2026-08-05,775.8499756,776.8499756,769.5100098,769.789978,44689100,15.81000042,99.69000244,4.617000103,79.44999695,75.22000122,717.2999878,299.769989,542.3602905,4.18,4.63,0
2026-08-06,770.210022,771.8200073,767.460022,768.5599976,38416900,15.14999962,99.97000122,4.670000076,82.48999786,77.29000092,714.6500244,298.25,537.7441406,4.25,4.69,0
2026-08-07,771.0200195,773.9199829,769.6099854,773.2600098,43586300,14.89999962,99.59999847,4.659999847,83.55000305,78.18000031,723.0300293,301.5599976,539.1729736,4.19,4.65,0
2026-08-10,772.5999756,775.0499878,771.6199951,773.0300293,39249500,15.46000004,99.80999756,4.698999882,87.72000122,82.12999725,720.8699951,299.980011,538.543457,4.25,4.72,0
2026-08-11,774.5300293,774.6099854,769.2000122,770.5599976,36740600,15.27999973,99.81999969,4.684000015,88.91000366,83.19999695,718.4500122,300.9899902,536.8348999,4.22,4.7,0
2026-08-12,774.710022,774.9000244,771.2800293,772.4899902,33179100,14.55000019,100.0100021,4.68200016,88.98000336,83.26999664,723.7000122,302.7099915,536.7050171,4.2,4.68,0
2026-08-13,774.8699951,779.3699951,774.1099854,777.8800049,35634500,14.63000011,99.95999908,4.640999794,87.06999969,81.25,732.0700073,303.5,537.4643555,4.15,4.63,0
2026-08-14,778.539978,778.7999878,775.4299927,776.3400269,31367900,14.25,99.66999817,4.696000099,88.51999664,82.40000153,731.0700073,305.0899963,536.3552856,4.17,4.68,0
2026-08-17,776.1799927,776.7800293,772.5100098,772.6699829,34356600,15.18999958,99.63999939,4.723999977,90.87000275,84.5,729.8699951,304.0599976,533.7474365,4.19,4.72,0
2026-08-18,768.7000122,769.5,766.9199829,767.4500122,43920900,15.84000015,99.65000153,4.705999851,91.01999664,84.94000244,717.5100098,300.230011,532.4685059,4.19,4.71,0
2026-08-19,770.3599854,772.4699707,768.0999756,769.0599976,40306000,14.89000034,98.83000183,4.652999878,91.62000275,85.83000183,716.0800171,301.7200012,533.8273926,4.19,4.65,0
2026-08-20,765.960022,768.1500244,762.039978,762.5999756,45520300,16.01000023,98.90000153,4.696000099,93.77999878,87.83000183,710.9299927,297.6700134,527.072998,4.19,4.69,0
2026-08-21,766.0499878,767.8499756,764.1699829,765.7199707,39030400,15.13000011,98.80000305,4.737999916,94.38999939,87.05999756,713.4400024,299.9599915,532.2199707,4.19,4.69,0
