Date,TCM3M,TCM2Y,TCM10Y,session_minutes,is_half_day
2015-01-02,0.02,0.66,2.12,390,False
2015-01-05,0.03,0.68,2.04,390,False
2015-01-06,0.03,0.65,1.97,390,False
2015-01-07,0.03,0.62,1.96,390,False
2015-01-08,0.03,0.62,2.03,390,False
2015-01-09,0.02,0.59,1.98,390,False
2015-01-12,0.03,0.56,1.92,390,False
2015-01-13,0.03,0.54,1.91,390,False
2015-01-14,0.04,0.51,1.86,390,False
2015-01-15,0.03,0.44,1.77,390,False
2015-01-16,0.03,0.49,1.83,390,False
2015-01-20,0.03,0.53,1.82,390,False
2015-01-21,0.03,0.53,1.87,390,False
2015-01-22,0.03,0.53,1.9,390,False
2015-01-23,0.02,0.52,1.81,390,False
2015-01-26,0.03,0.54,1.83,390,False
2015-01-27,0.02,0.54,1.83,390,False
2015-01-28,0.02,0.5,1.73,390,False
2015-01-29,0.03,0.51,1.77,390,False
2015-01-30,0.02,0.47,1.68,390,False
2015-02-02,0.02,0.49,1.68,390,False
2015-02-03,0.02,0.52,1.79,390,False
2015-02-04,0.01,0.52,1.81,390,False
2015-02-05,0.02,0.52,1.83,390,False
2015-02-06,0.02,0.65,1.95,390,False
2015-02-09,0.01,0.65,1.96,390,False
2015-02-10,0.01,0.67,2.01,390,False
2015-02-11,0.01,0.67,2,390,False
2015-02-12,0.02,0.61,1.99,390,False
2015-02-13,0.01,0.66,2.02,390,False
2015-02-17,0.02,0.7,2.14,390,False
2015-02-18,0.02,0.62,2.07,390,False
2015-02-19,0.02,0.67,2.11,390,False
2015-02-20,0.02,0.67,2.13,390,False
2015-02-23,0.02,0.64,2.06,390,False
2015-02-24,0.02,0.6,1.99,390,False
2015-02-25,0.02,0.61,1.96,390,False
2015-02-26,0.03,0.66,2.03,390,False
2015-02-27,0.02,0.63,2,390,False
2015-03-02,0.02,0.66,2.08,390,False
2015-03-03,0.02,0.68,2.12,390,False
2015-03-04,0.01,0.66,2.12,390,False
2015-03-05,0.02,0.65,2.11,390,False
2015-03-06,0.01,0.73,2.24,390,False
2015-03-09,0.02,0.7,2.2,390,False
2015-03-10,0.02,0.7,2.14,390,False
2015-03-11,0.03,0.7,2.11,390,False
2015-03-12,0.03,0.67,2.1,390,False
2015-03-13,0.03,0.68,2.13,390,False
2015-03-16,0.05,0.66,2.1,390,False
2015-03-17,0.05,0.7,2.06,390,False
2015-03-18,0.03,0.57,1.93,390,False
2015-03-19,0.03,0.63,1.98,390,False
2015-03-20,0.01,0.6,1.93,390,False
2015-03-23,0.03,0.6,1.92,390,False
2015-03-24,0.02,0.58,1.88,390,False
2015-03-25,0.04,0.59,1.93,390,False
2015-03-26,0.03,0.61,2.01,390,False
2015-03-27,0.04,0.58,1.95,390,False
2015-03-30,0.04,0.58,1.96,390,False
2015-03-31,0.03,0.56,1.94,390,False
2015-04-01,0.03,0.55,1.87,390,False
2015-04-02,0.02,0.55,1.92,390,False
2015-04-06,0.03,0.51,1.92,390,False
2015-04-07,0.02,0.52,1.89,390,False
2015-04-08,0.03,0.54,1.92,390,False
2015-04-09,0.03,0.56,1.97,390,False
2015-04-10,0.02,0.57,1.96,390,False
2015-04-13,0.03,0.54,1.94,390,False
2015-04-14,0.02,0.53,1.9,390,False
2015-04-15,0.02,0.51,1.91,390,False
2015-04-16,0.02,0.5,1.9,390,False
2015-04-17,0.01,0.51,1.87,390,False
2015-04-20,0.03,0.55,1.9,390,False
2015-04-21,0.03,0.55,1.92,390,False
2015-04-22,0.03,0.57,1.99,390,False
2015-04-23,0.03,0.55,1.96,390,False
2015-04-24,0.03,0.54,1.93,390,False
2015-04-27,0.02,0.54,1.94,390,False
2015-04-28,0.02,0.56,2,390,False
2015-04-29,0.01,0.56,2.06,390,False
2015-04-30,0.01,0.58,2.05,390,False
2015-05-01,0.01,0.6,2.12,390,False
2015-05-04,0.02,0.6,2.16,390,False
2015-05-05,0.01,0.62,2.19,390,False
2015-05-06,0.02,0.65,2.25,390,False
2015-05-07,0.01,0.63,2.18,390,False
2015-05-08,0.01,0.59,2.16,390,False
2015-05-11,0.02,0.62,2.28,390,False
2015-05-12,0.03,0.61,2.28,390,False
2015-05-13,0.02,0.59,2.27,390,False
2015-05-14,0.01,0.56,2.23,390,False
2015-05-15,0.02,0.55,2.14,390,False
2015-05-18,0.02,0.58,2.23,390,False
2015-05-19,0.02,0.63,2.27,390,False
2015-05-20,0.02,0.6,2.26,390,False
2015-05-21,0.02,0.6,2.19,390,False
2015-05-22,0.02,0.64,2.21,390,False
2015-05-26,0.02,0.64,2.14,390,False
2015-05-27,0.01,0.64,2.14,390,False
2015-05-28,0.01,0.62,2.13,390,False
2015-05-29,0.01,0.61,2.12,390,False
2015-06-01,0.02,0.64,2.19,390,False
2015-06-02,0.01,0.64,2.27,390,False
2015-06-03,0.02,0.69,2.38,390,False
2015-06-04,0.02,0.66,2.31,390,False
2015-06-05,0.03,0.73,2.41,390,False
2015-06-08,0.02,0.7,2.39,390,False
2015-06-09,0.02,0.72,2.42,390,False
2015-06-10,0.02,0.75,2.5,390,False
2015-06-11,0.01,0.73,2.39,390,False
2015-06-12,0.02,0.74,2.39,390,False
2015-06-15,0.02,0.72,2.36,390,False
2015-06-16,0.01,0.71,2.32,390,False
2015-06-17,0.01,0.67,2.32,390,False
2015-06-18,0.01,0.66,2.35,390,False
2015-06-19,0.01,0.65,2.26,390,False
2015-06-22,0.01,0.68,2.37,390,False
2015-06-23,0.01,0.7,2.42,390,False
2015-06-24,0.01,0.68,2.38,390,False
2015-06-25,0.01,0.68,2.4,390,False
2015-06-26,0.01,0.72,2.49,390,False
2015-06-29,0.02,0.64,2.33,390,False
2015-06-30,0.01,0.64,2.35,390,False
2015-07-01,0.01,0.69,2.43,390,False
2015-07-02,0.01,0.64,2.4,390,False
2015-07-06,0.02,0.6,2.3,390,False
2015-07-07,0.02,0.58,2.27,390,False
2015-07-08,0.02,0.55,2.22,390,False
2015-07-09,0.03,0.6,2.32,390,False
2015-07-10,0.01,0.65,2.42,390,False
2015-07-13,0.02,0.69,2.44,390,False
2015-07-14,0.01,0.66,2.41,390,False
2015-07-15,0.02,0.64,2.36,390,False
2015-07-16,0.02,0.67,2.36,390,False
2015-07-17,0.03,0.68,2.34,390,False
2015-07-20,0.04,0.71,2.38,390,False
2015-07-21,0.03,0.71,2.35,390,False
2015-07-22,0.04,0.75,2.33,390,False
2015-07-23,0.03,0.71,2.28,390,False
2015-07-24,0.04,0.7,2.27,390,False
2015-07-27,0.05,0.68,2.23,390,False
2015-07-28,0.05,0.69,2.26,390,False
2015-07-29,0.06,0.7,2.29,390,False
2015-07-30,0.07,0.72,2.28,390,False
2015-07-31,0.08,0.67,2.2,390,False
2015-08-03,0.08,0.68,2.16,390,False
2015-08-04,0.08,0.74,2.23,390,False
2015-08-05,0.08,0.73,2.28,390,False
2015-08-06,0.04,0.71,2.23,390,False
2015-08-07,0.06,0.73,2.18,390,False
2015-08-10,0.12,0.73,2.24,390,False
2015-08-11,0.1,0.68,2.15,390,False
2015-08-12,0.1,0.67,2.14,390,False
2015-08-13,0.1,0.72,2.19,390,False
2015-08-14,0.09,0.73,2.2,390,False
2015-08-17,0.1,0.72,2.16,390,False
2015-08-18,0.07,0.74,2.2,390,False
2015-08-19,0.05,0.67,2.12,390,False
2015-08-20,0.02,0.69,2.09,390,False
2015-08-21,0.03,0.64,2.05,390,False
2015-08-24,0.06,0.59,2.01,390,False
2015-08-25,0.07,0.67,2.12,390,False
2015-08-26,0.06,0.67,2.18,390,False
2015-08-27,0.06,0.68,2.18,390,False
2015-08-28,0.06,0.72,2.19,390,False
2015-08-31,0.08,0.74,2.21,390,False
2015-09-01,0.03,0.7,2.17,390,False
2015-09-02,0.03,0.72,2.2,390,False
2015-09-03,0.02,0.71,2.18,390,False
2015-09-04,0.02,0.71,2.13,390,False
2015-09-08,0.06,0.74,2.2,390,False
2015-09-09,0.03,0.75,2.21,390,False
2015-09-10,0.02,0.75,2.23,390,False
2015-09-11,0.04,0.71,2.2,390,False
2015-09-14,0.07,0.73,2.18,390,False
2015-09-15,0.07,0.82,2.28,390,False
2015-09-16,0.06,0.82,2.3,390,False
2015-09-17,0.01,0.7,2.21,390,False
2015-09-18,0,0.69,2.13,390,False
2015-09-21,0.01,0.72,2.2,390,False
2015-09-22,0,0.69,2.14,390,False
2015-09-23,0.01,0.7,2.16,390,False
2015-09-24,0.01,0.67,2.13,390,False
2015-09-25,0,0.7,2.17,390,False
2015-09-28,0.01,0.67,2.1,390,False
2015-09-29,0.01,0.64,2.05,390,False
2015-09-30,0,0.64,2.06,390,False
2015-10-01,0,0.64,2.05,390,False
2015-10-02,0,0.58,1.99,390,False
2015-10-05,0.01,0.61,2.07,390,False
2015-10-06,0,0.61,2.05,390,False
2015-10-07,0,0.65,2.08,390,False
2015-10-08,0,0.65,2.12,390,False
2015-10-09,0.01,0.65,2.12,390,False
2015-10-12,,,,390,False
2015-10-13,0.01,0.64,2.06,390,False
2015-10-14,0,0.57,1.99,390,False
2015-10-15,0.01,0.61,2.04,390,False
2015-10-16,0.01,0.61,2.04,390,False
2015-10-19,0.02,0.61,2.04,390,False
2015-10-20,0.02,0.66,2.08,390,False
2015-10-21,0.01,0.64,2.04,390,False
2015-10-22,0,0.61,2.04,390,False
2015-10-23,0.01,0.66,2.09,390,False
2015-10-26,0.02,0.66,2.07,390,False
2015-10-27,0.03,0.65,2.05,390,False
2015-10-28,0.04,0.73,2.1,390,False
2015-10-29,0.07,0.75,2.19,390,False
2015-10-30,0.08,0.75,2.16,390,False
2015-11-02,0.08,0.77,2.2,390,False
2015-11-03,0.06,0.8,2.23,390,False
2015-11-04,0.05,0.84,2.25,390,False
2015-11-05,0.05,0.85,2.26,390,False
2015-11-06,0.08,0.9,2.34,390,False
2015-11-09,0.14,0.89,2.36,390,False
2015-11-10,0.13,0.87,2.32,390,False
2015-11-11,,,,390,False
2015-11-12,0.14,0.89,2.32,390,False
2015-11-13,0.14,0.86,2.28,390,False
2015-11-16,0.15,0.88,2.27,390,False
2015-11-17,0.14,0.86,2.25,390,False
2015-11-18,0.12,0.9,2.27,390,False
2015-11-19,0.11,0.91,2.24,390,False
2015-11-20,0.12,0.93,2.26,390,False
2015-11-23,0.14,0.94,2.25,390,False
2015-11-24,0.16,0.93,2.24,390,False
2015-11-25,0.19,0.93,2.23,390,False
2015-11-27,0.18,0.92,2.22,210,True
2015-11-30,0.22,0.94,2.21,390,False
2015-12-01,0.21,0.91,2.15,390,False
2015-12-02,0.21,0.94,2.18,390,False
2015-12-03,0.21,0.96,2.33,390,False
2015-12-04,0.23,0.96,2.28,390,False
2015-12-07,0.29,0.94,2.23,390,False
2015-12-08,0.27,0.94,2.24,390,False
2015-12-09,0.26,0.93,2.22,390,False
2015-12-10,0.24,0.95,2.24,390,False
2015-12-11,0.23,0.88,2.13,390,False
2015-12-14,0.26,0.97,2.23,390,False
2015-12-15,0.25,0.98,2.28,390,False
2015-12-16,0.27,1.02,2.3,390,False
2015-12-17,0.23,1,2.24,390,False
2015-12-18,0.19,0.97,2.19,390,False
2015-12-21,0.24,0.96,2.2,390,False
2015-12-22,0.21,0.99,2.24,390,False
2015-12-23,0.2,1.01,2.27,390,False
2015-12-24,0.2,1.03,2.25,210,True
2015-12-28,0.23,1.05,2.24,390,False
2015-12-29,0.23,1.09,2.32,390,False
2015-12-30,0.21,1.08,2.31,390,False
2015-12-31,0.16,1.06,2.27,390,False
2016-01-04,0.22,1.02,2.24,390,False
2016-01-05,0.2,1.04,2.25,390,False
2016-01-06,0.21,0.99,2.18,390,False
2016-01-07,0.2,0.96,2.16,390,False
2016-01-08,0.2,0.94,2.13,390,False
2016-01-11,0.21,0.94,2.17,390,False
2016-01-12,0.21,0.93,2.12,390,False
2016-01-13,0.22,0.91,2.08,390,False
2016-01-14,0.25,0.9,2.1,390,False
2016-01-15,0.24,0.85,2.03,390,False
2016-01-19,0.26,0.88,2.06,390,False
2016-01-20,0.26,0.85,2.01,390,False
2016-01-21,0.28,0.84,2.02,390,False
2016-01-22,0.31,0.88,2.07,390,False
2016-01-25,0.31,0.88,2.03,390,False
2016-01-26,0.31,0.85,2.01,390,False
2016-01-27,0.32,0.84,2.02,390,False
2016-01-28,0.35,0.83,2,390,False
2016-01-29,0.33,0.76,1.94,390,False
2016-02-01,0.35,0.81,1.97,390,False
2016-02-02,0.34,0.75,1.87,390,False
2016-02-03,0.33,0.72,1.88,390,False
2016-02-04,0.29,0.7,1.87,390,False
2016-02-05,0.3,0.74,1.86,390,False
2016-02-08,0.32,0.66,1.75,390,False
2016-02-09,0.3,0.69,1.74,390,False
2016-02-10,0.31,0.71,1.71,390,False
2016-02-11,0.28,0.64,1.63,390,False
2016-02-12,0.3,0.71,1.74,390,False
2016-02-16,0.3,0.74,1.78,390,False
2016-02-17,0.3,0.74,1.81,390,False
2016-02-18,0.3,0.71,1.75,390,False
2016-02-19,0.31,0.76,1.76,390,False
2016-02-22,0.33,0.78,1.77,390,False
2016-02-23,0.32,0.76,1.74,390,False
2016-02-24,0.33,0.75,1.75,390,False
2016-02-25,0.32,0.72,1.71,390,False
2016-02-26,0.33,0.8,1.76,390,False
2016-02-29,0.33,0.78,1.74,390,False
2016-03-01,0.33,0.85,1.83,390,False
2016-03-02,0.36,0.85,1.84,390,False
2016-03-03,0.28,0.85,1.83,390,False
2016-03-04,0.29,0.88,1.88,390,False
2016-03-07,0.32,0.91,1.91,390,False
2016-03-08,0.29,0.88,1.83,390,False
2016-03-09,0.3,0.9,1.9,390,False
2016-03-10,0.32,0.93,1.93,390,False
2016-03-11,0.33,0.97,1.98,390,False
2016-03-14,0.34,0.97,1.97,390,False
2016-03-15,0.34,0.98,1.97,390,False
2016-03-16,0.31,0.87,1.94,390,False
2016-03-17,0.29,0.87,1.91,390,False
2016-03-18,0.3,0.84,1.88,390,False
2016-03-21,0.31,0.87,1.92,390,False
2016-03-22,0.3,0.91,1.94,390,False
2016-03-23,0.3,0.87,1.88,390,False
2016-03-24,0.3,0.89,1.91,390,False
2016-03-28,0.29,0.89,1.89,390,False
2016-03-29,0.23,0.78,1.81,390,False
2016-03-30,0.2,0.76,1.83,390,False
2016-03-31,0.21,0.73,1.78,390,False
2016-04-01,0.23,0.76,1.79,390,False
2016-04-04,0.23,0.75,1.78,390,False
2016-04-05,0.23,0.72,1.73,390,False
2016-04-06,0.23,0.73,1.76,390,False
2016-04-07,0.23,0.7,1.7,390,False
2016-04-08,0.23,0.7,1.72,390,False
2016-04-11,0.23,0.7,1.73,390,False
2016-04-12,0.22,0.74,1.79,390,False
2016-04-13,0.23,0.75,1.77,390,False
2016-04-14,0.22,0.77,1.8,390,False
2016-04-15,0.22,0.74,1.76,390,False
2016-04-18,0.22,0.75,1.78,390,False
2016-04-19,0.21,0.77,1.79,390,False
2016-04-20,0.23,0.8,1.85,390,False
2016-04-21,0.23,0.82,1.88,390,False
2016-04-22,0.23,0.84,1.89,390,False
2016-04-25,0.25,0.85,1.91,390,False
2016-04-26,0.24,0.86,1.94,390,False
2016-04-27,0.24,0.83,1.87,390,False
2016-04-28,0.22,0.78,1.84,390,False
2016-04-29,0.22,0.77,1.83,390,False
2016-05-02,0.22,0.8,1.88,390,False
2016-05-03,0.21,0.75,1.81,390,False
2016-05-04,0.19,0.75,1.79,390,False
2016-05-05,0.2,0.72,1.76,390,False
2016-05-06,0.19,0.74,1.79,390,False
2016-05-09,0.24,0.72,1.77,390,False
2016-05-10,0.24,0.72,1.77,390,False
2016-05-11,0.26,0.74,1.73,390,False
2016-05-12,0.27,0.76,1.75,390,False
2016-05-13,0.29,0.76,1.71,390,False
2016-05-16,0.28,0.79,1.75,390,False
2016-05-17,0.28,0.82,1.76,390,False
2016-05-18,0.3,0.9,1.87,390,False
2016-05-19,0.31,0.89,1.85,390,False
2016-05-20,0.33,0.89,1.85,390,False
2016-05-23,0.35,0.91,1.84,390,False
2016-05-24,0.35,0.92,1.86,390,False
2016-05-25,0.33,0.92,1.87,390,False
2016-05-26,0.31,0.87,1.83,390,False
2016-05-27,0.32,0.9,1.85,390,False
2016-05-31,0.34,0.87,1.84,390,False
2016-06-01,0.3,0.91,1.85,390,False
2016-06-02,0.29,0.89,1.81,390,False
2016-06-03,0.3,0.78,1.71,390,False
2016-06-06,0.28,0.8,1.73,390,False
2016-06-07,0.28,0.78,1.72,390,False
2016-06-08,0.24,0.78,1.71,390,False
2016-06-09,0.26,0.77,1.68,390,False
2016-06-10,0.26,0.73,1.64,390,False
2016-06-13,0.27,0.73,1.62,390,False
2016-06-14,0.27,0.74,1.62,390,False
2016-06-15,0.26,0.69,1.6,390,False
2016-06-16,0.27,0.7,1.57,390,False
2016-06-17,0.27,0.7,1.62,390,False
2016-06-20,0.28,0.74,1.67,390,False
2016-06-21,0.27,0.76,1.71,390,False
2016-06-22,0.27,0.75,1.69,390,False
2016-06-23,0.31,0.78,1.74,390,False
2016-06-24,0.27,0.64,1.57,390,False
2016-06-27,0.27,0.61,1.46,390,False
2016-06-28,0.26,0.61,1.46,390,False
2016-06-29,0.26,0.62,1.5,390,False
2016-06-30,0.26,0.58,1.49,390,False
2016-07-01,0.28,0.59,1.46,390,False
2016-07-05,0.28,0.56,1.37,390,False
2016-07-06,0.27,0.58,1.38,390,False
2016-07-07,0.29,0.58,1.4,390,False
2016-07-08,0.28,0.61,1.37,390,False
2016-07-11,0.31,0.66,1.43,390,False
2016-07-12,0.29,0.69,1.53,390,False
2016-07-13,0.31,0.68,1.48,390,False
2016-07-14,0.32,0.68,1.53,390,False
2016-07-15,0.32,0.71,1.6,390,False
2016-07-18,0.32,0.68,1.59,390,False
2016-07-19,0.31,0.7,1.56,390,False
2016-07-20,0.32,0.73,1.59,390,False
2016-07-21,0.32,0.7,1.57,390,False
2016-07-22,0.33,0.71,1.57,390,False
2016-07-25,0.32,0.72,1.58,390,False
2016-07-26,0.31,0.75,1.57,390,False
2016-07-27,0.31,0.73,1.52,390,False
2016-07-28,0.25,0.72,1.52,390,False
2016-07-29,0.28,0.67,1.46,390,False
2016-08-01,0.29,0.67,1.51,390,False
2016-08-02,0.29,0.67,1.55,390,False
2016-08-03,0.28,0.67,1.55,390,False
2016-08-04,0.26,0.64,1.51,390,False
2016-08-05,0.28,0.72,1.59,390,False
2016-08-08,0.31,0.74,1.59,390,False
2016-08-09,0.29,0.71,1.55,390,False
2016-08-10,0.28,0.69,1.5,390,False
2016-08-11,0.28,0.76,1.57,390,False
2016-08-12,0.29,0.71,1.51,390,False
2016-08-15,0.31,0.72,1.55,390,False
2016-08-16,0.27,0.76,1.57,390,False
2016-08-17,0.3,0.74,1.56,390,False
2016-08-18,0.3,0.71,1.53,390,False
2016-08-19,0.3,0.76,1.58,390,False
2016-08-22,0.29,0.76,1.55,390,False
2016-08-23,0.3,0.74,1.55,390,False
2016-08-24,0.31,0.76,1.56,390,False
2016-08-25,0.33,0.78,1.58,390,False
2016-08-26,0.34,0.84,1.62,390,False
2016-08-29,0.33,0.81,1.57,390,False
2016-08-30,0.33,0.8,1.57,390,False
2016-08-31,0.33,0.8,1.58,390,False
2016-09-01,0.33,0.78,1.57,390,False
2016-09-02,0.33,0.8,1.6,390,False
2016-09-06,0.32,0.74,1.55,390,False
2016-09-07,0.34,0.74,1.54,390,False
2016-09-08,0.35,0.78,1.61,390,False
2016-09-09,0.35,0.79,1.67,390,False
2016-09-12,0.37,0.79,1.68,390,False
2016-09-13,0.36,0.8,1.73,390,False
2016-09-14,0.33,0.77,1.7,390,False
2016-09-15,0.29,0.74,1.71,390,False
2016-09-16,0.3,0.77,1.7,390,False
2016-09-19,0.3,0.79,1.7,390,False
2016-09-20,0.3,0.79,1.69,390,False
2016-09-21,0.22,0.79,1.66,390,False
2016-09-22,0.18,0.79,1.63,390,False
2016-09-23,0.18,0.77,1.62,390,False
2016-09-26,0.25,0.76,1.59,390,False
2016-09-27,0.26,0.75,1.56,390,False
2016-09-28,0.27,0.75,1.57,390,False
2016-09-29,0.26,0.73,1.56,390,False
2016-09-30,0.29,0.77,1.6,390,False
2016-10-03,0.32,0.8,1.63,390,False
2016-10-04,0.33,0.82,1.69,390,False
2016-10-05,0.32,0.85,1.72,390,False
2016-10-06,0.33,0.86,1.75,390,False
2016-10-07,0.33,0.83,1.73,390,False
2016-10-10,,,,390,False
2016-10-11,0.35,0.87,1.77,390,False
2016-10-12,0.37,0.87,1.79,390,False
2016-10-13,0.3,0.85,1.75,390,False
2016-10-14,0.32,0.84,1.8,390,False
2016-10-17,0.34,0.81,1.77,390,False
2016-10-18,0.34,0.82,1.75,390,False
2016-10-19,0.35,0.81,1.76,390,False
2016-10-20,0.35,0.84,1.76,390,False
2016-10-21,0.34,0.84,1.74,390,False
2016-10-24,0.33,0.84,1.77,390,False
2016-10-25,0.34,0.86,1.77,390,False
2016-10-26,0.33,0.86,1.79,390,False
2016-10-27,0.3,0.87,1.85,390,False
2016-10-28,0.3,0.86,1.86,390,False
2016-10-31,0.34,0.86,1.84,390,False
2016-11-01,0.35,0.83,1.83,390,False
2016-11-02,0.37,0.81,1.81,390,False
2016-11-03,0.38,0.81,1.82,390,False
2016-11-04,0.38,0.8,1.79,390,False
2016-11-07,0.41,0.82,1.83,390,False
2016-11-08,0.43,0.87,1.88,390,False
2016-11-09,0.45,0.9,2.07,390,False
2016-11-10,0.48,0.92,2.15,390,False
2016-11-11,,,,390,False
2016-11-14,0.55,1,2.23,390,False
2016-11-15,0.51,1.02,2.23,390,False
2016-11-16,0.47,1,2.22,390,False
2016-11-17,0.44,1.04,2.29,390,False
2016-11-18,0.44,1.07,2.34,390,False
2016-11-21,0.46,1.08,2.33,390,False
2016-11-22,0.49,1.07,2.31,390,False
2016-11-23,0.51,1.12,2.36,390,False
2016-11-25,0.49,1.12,2.36,210,True
2016-11-28,0.48,1.11,2.32,390,False
2016-11-29,0.48,1.09,2.3,390,False
2016-11-30,0.48,1.11,2.37,390,False
2016-12-01,0.48,1.14,2.45,390,False
2016-12-02,0.49,1.11,2.4,390,False
2016-12-05,0.49,1.13,2.39,390,False
2016-12-06,0.49,1.12,2.39,390,False
2016-12-07,0.52,1.1,2.34,390,False
2016-12-08,0.51,1.12,2.4,390,False
2016-12-09,0.54,1.15,2.47,390,False
2016-12-12,0.51,1.15,2.49,390,False
2016-12-13,0.54,1.17,2.48,390,False
2016-12-14,0.55,1.27,2.54,390,False
2016-12-15,0.51,1.29,2.6,390,False
2016-12-16,0.51,1.28,2.6,390,False
2016-12-19,0.52,1.24,2.54,390,False
2016-12-20,0.52,1.25,2.57,390,False
2016-12-21,0.52,1.21,2.55,390,False
2016-12-22,0.51,1.22,2.55,390,False
2016-12-23,0.52,1.22,2.55,390,False
2016-12-27,0.51,1.28,2.57,390,False
2016-12-28,0.53,1.26,2.51,390,False
2016-12-29,0.47,1.22,2.49,390,False
2016-12-30,0.51,1.2,2.45,390,False
2017-01-03,0.53,1.22,2.45,390,False
2017-01-04,0.53,1.24,2.46,390,False
2017-01-05,0.52,1.17,2.37,390,False
2017-01-06,0.53,1.22,2.42,390,False
2017-01-09,0.5,1.21,2.38,390,False
2017-01-10,0.52,1.19,2.38,390,False
2017-01-11,0.52,1.2,2.38,390,False
2017-01-12,0.52,1.18,2.36,390,False
2017-01-13,0.53,1.21,2.4,390,False
2017-01-17,0.55,1.17,2.33,390,False
2017-01-18,0.53,1.23,2.42,390,False
2017-01-19,0.52,1.25,2.47,390,False
2017-01-20,0.5,1.2,2.48,390,False
2017-01-23,0.51,1.16,2.41,390,False
2017-01-24,0.51,1.21,2.47,390,False
2017-01-25,0.5,1.23,2.53,390,False
2017-01-26,0.51,1.21,2.51,390,False
2017-01-27,0.52,1.22,2.49,390,False
2017-01-30,0.51,1.22,2.49,390,False
2017-01-31,0.52,1.19,2.45,390,False
2017-02-01,0.51,1.22,2.48,390,False
2017-02-02,0.52,1.21,2.48,390,False
2017-02-03,0.51,1.21,2.49,390,False
2017-02-06,0.53,1.16,2.42,390,False
2017-02-07,0.53,1.16,2.4,390,False
2017-02-08,0.54,1.15,2.34,390,False
2017-02-09,0.54,1.2,2.4,390,False
2017-02-10,0.55,1.2,2.41,390,False
2017-02-13,0.52,1.2,2.43,390,False
2017-02-14,0.54,1.25,2.47,390,False
2017-02-15,0.54,1.27,2.51,390,False
2017-02-16,0.53,1.22,2.45,390,False
2017-02-17,0.53,1.21,2.42,390,False
2017-02-21,0.53,1.22,2.43,390,False
2017-02-22,0.52,1.22,2.42,390,False
2017-02-23,0.51,1.18,2.38,390,False
2017-02-24,0.52,1.12,2.31,390,False
2017-02-27,0.5,1.2,2.36,390,False
2017-02-28,0.53,1.22,2.36,390,False
2017-03-01,0.63,1.29,2.46,390,False
2017-03-02,0.67,1.32,2.49,390,False
2017-03-03,0.71,1.32,2.49,390,False
2017-03-06,0.74,1.31,2.49,390,False
2017-03-07,0.76,1.32,2.52,390,False
2017-03-08,0.73,1.36,2.57,390,False
2017-03-09,0.73,1.37,2.6,390,False
2017-03-10,0.75,1.36,2.58,390,False
2017-03-13,0.79,1.4,2.62,390,False
2017-03-14,0.78,1.4,2.6,390,False
2017-03-15,0.73,1.33,2.51,390,False
2017-03-16,0.73,1.35,2.53,390,False
2017-03-17,0.73,1.33,2.5,390,False
2017-03-20,0.76,1.3,2.47,390,False
2017-03-21,0.77,1.27,2.43,390,False
2017-03-22,0.77,1.27,2.4,390,False
2017-03-23,0.76,1.26,2.41,390,False
2017-03-24,0.78,1.26,2.4,390,False
2017-03-27,0.78,1.27,2.38,390,False
2017-03-28,0.78,1.3,2.42,390,False
2017-03-29,0.78,1.26,2.39,390,False
2017-03-30,0.78,1.28,2.42,390,False
2017-03-31,0.76,1.27,2.4,390,False
2017-04-03,0.79,1.24,2.35,390,False
2017-04-04,0.79,1.25,2.36,390,False
2017-04-05,0.8,1.24,2.34,390,False
2017-04-06,0.79,1.24,2.34,390,False
2017-04-07,0.82,1.29,2.38,390,False
2017-04-10,0.82,1.29,2.37,390,False
2017-04-11,0.82,1.24,2.32,390,False
2017-04-12,0.81,1.24,2.28,390,False
2017-04-13,0.81,1.21,2.24,390,False
2017-04-17,0.83,1.21,2.26,390,False
2017-04-18,0.82,1.18,2.18,390,False
2017-04-19,0.81,1.19,2.21,390,False
2017-04-20,0.79,1.21,2.24,390,False
2017-04-21,0.79,1.2,2.24,390,False
2017-04-24,0.81,1.25,2.28,390,False
2017-04-25,0.82,1.29,2.35,390,False
2017-04-26,0.83,1.28,2.32,390,False
2017-04-27,0.81,1.25,2.3,390,False
2017-04-28,0.8,1.28,2.29,390,False
2017-05-01,0.83,1.28,2.33,390,False
2017-05-02,0.82,1.27,2.29,390,False
2017-05-03,0.85,1.3,2.33,390,False
2017-05-04,0.86,1.32,2.36,390,False
2017-05-05,0.9,1.32,2.36,390,False
2017-05-08,0.91,1.33,2.39,390,False
2017-05-09,0.91,1.37,2.42,390,False
2017-05-10,0.9,1.35,2.41,390,False
2017-05-11,0.89,1.35,2.39,390,False
2017-05-12,0.88,1.29,2.33,390,False
2017-05-15,0.9,1.31,2.34,390,False
2017-05-16,0.9,1.29,2.33,390,False
2017-05-17,0.9,1.26,2.22,390,False
2017-05-18,0.93,1.27,2.23,390,False
2017-05-19,0.92,1.28,2.23,390,False
2017-05-22,0.93,1.29,2.25,390,False
2017-05-23,0.92,1.31,2.29,390,False
2017-05-24,0.93,1.29,2.26,390,False
2017-05-25,0.94,1.3,2.25,390,False
2017-05-26,0.94,1.3,2.25,390,False
2017-05-30,0.93,1.28,2.21,390,False
2017-05-31,0.98,1.28,2.21,390,False
2017-06-01,0.98,1.28,2.21,390,False
2017-06-02,0.98,1.28,2.15,390,False
2017-06-05,0.96,1.32,2.18,390,False
2017-06-06,0.97,1.3,2.14,390,False
2017-06-07,1,1.32,2.18,390,False
2017-06-08,1.01,1.33,2.19,390,False
2017-06-09,1.01,1.35,2.21,390,False
2017-06-12,0.98,1.35,2.21,390,False
2017-06-13,1,1.38,2.21,390,False
2017-06-14,1.01,1.35,2.15,390,False
2017-06-15,1.02,1.35,2.16,390,False
2017-06-16,1.03,1.32,2.16,390,False
2017-06-19,1.02,1.36,2.19,390,False
2017-06-20,1.01,1.36,2.16,390,False
2017-06-21,0.99,1.36,2.16,390,False
2017-06-22,0.96,1.34,2.15,390,False
2017-06-23,0.97,1.34,2.15,390,False
2017-06-26,0.99,1.36,2.14,390,False
2017-06-27,1,1.38,2.21,390,False
2017-06-28,1.02,1.34,2.22,390,False
2017-06-29,1.04,1.38,2.27,390,False
2017-06-30,1.03,1.38,2.31,390,False
2017-07-03,1.06,1.41,2.35,210,True
2017-07-05,1.05,1.41,2.33,390,False
2017-07-06,1.04,1.4,2.37,390,False
2017-07-07,1.05,1.4,2.39,390,False
2017-07-10,1.04,1.4,2.38,390,False
2017-07-11,1.05,1.37,2.37,390,False
2017-07-12,1.05,1.35,2.33,390,False
2017-07-13,1.05,1.37,2.35,390,False
2017-07-14,1.04,1.35,2.33,390,False
2017-07-17,1.07,1.36,2.31,390,False
2017-07-18,1.07,1.36,2.27,390,False
2017-07-19,1.11,1.37,2.27,390,False
2017-07-20,1.15,1.37,2.27,390,False
2017-07-21,1.16,1.36,2.24,390,False
2017-07-24,1.17,1.37,2.26,390,False
2017-07-25,1.18,1.4,2.33,390,False
2017-07-26,1.13,1.36,2.29,390,False
2017-07-27,1.11,1.36,2.32,390,False
2017-07-28,1.08,1.34,2.3,390,False
2017-07-31,1.07,1.34,2.3,390,False
2017-08-01,1.08,1.34,2.26,390,False
2017-08-02,1.08,1.36,2.27,390,False
2017-08-03,1.08,1.34,2.24,390,False
2017-08-04,1.08,1.36,2.27,390,False
2017-08-07,1.02,1.36,2.26,390,False
2017-08-08,1.06,1.36,2.29,390,False
2017-08-09,1.06,1.33,2.24,390,False
2017-08-10,1.05,1.33,2.2,390,False
2017-08-11,1.03,1.3,2.19,390,False
2017-08-14,1.02,1.33,2.22,390,False
2017-08-15,1.04,1.35,2.27,390,False
2017-08-16,1.02,1.33,2.23,390,False
2017-08-17,1,1.32,2.19,390,False
2017-08-18,1.02,1.33,2.19,390,False
2017-08-21,1,1.32,2.18,390,False
2017-08-22,1,1.33,2.22,390,False
2017-08-23,1,1.32,2.17,390,False
2017-08-24,1.02,1.33,2.19,390,False
2017-08-25,1.03,1.35,2.17,390,False
2017-08-28,0.98,1.33,2.16,390,False
2017-08-29,1.03,1.33,2.13,390,False
2017-08-30,1.03,1.33,2.15,390,False
2017-08-31,1.01,1.33,2.12,390,False
2017-09-01,1.02,1.35,2.16,390,False
2017-09-05,1.03,1.3,2.07,390,False
2017-09-06,1.07,1.3,2.1,390,False
2017-09-07,1.05,1.27,2.05,390,False
2017-09-08,1.04,1.27,2.06,390,False
2017-09-11,1.05,1.32,2.14,390,False
2017-09-12,1.03,1.33,2.17,390,False
2017-09-13,1.04,1.35,2.2,390,False
2017-09-14,1.05,1.37,2.2,390,False
2017-09-15,1.05,1.39,2.2,390,False
2017-09-18,1.05,1.4,2.23,390,False
2017-09-19,1.04,1.4,2.24,390,False
2017-09-20,1.04,1.45,2.28,390,False
2017-09-21,1.04,1.45,2.27,390,False
2017-09-22,1.03,1.46,2.26,390,False
2017-09-25,1.05,1.44,2.22,390,False
2017-09-26,1.06,1.45,2.24,390,False
2017-09-27,1.07,1.47,2.31,390,False
2017-09-28,1.06,1.45,2.31,390,False
2017-09-29,1.06,1.47,2.33,390,False
2017-10-02,1.01,1.49,2.34,390,False
2017-10-03,1.07,1.47,2.33,390,False
2017-10-04,1.08,1.47,2.33,390,False
2017-10-05,1.07,1.49,2.35,390,False
2017-10-06,1.07,1.54,2.37,390,False
2017-10-09,,,,390,False
2017-10-10,1.08,1.51,2.35,390,False
2017-10-11,1.1,1.51,2.35,390,False
2017-10-12,1.09,1.51,2.33,390,False
2017-10-13,1.09,1.51,2.28,390,False
2017-10-16,1.1,1.54,2.3,390,False
2017-10-17,1.09,1.54,2.3,390,False
2017-10-18,1.09,1.59,2.34,390,False
2017-10-19,1.1,1.58,2.33,390,False
2017-10-20,1.11,1.6,2.39,390,False
2017-10-23,1.09,1.58,2.38,390,False
2017-10-24,1.12,1.6,2.42,390,False
2017-10-25,1.12,1.61,2.44,390,False
2017-10-26,1.11,1.63,2.46,390,False
2017-10-27,1.1,1.59,2.42,390,False
2017-10-30,1.12,1.58,2.37,390,False
2017-10-31,1.15,1.6,2.38,390,False
2017-11-01,1.18,1.61,2.37,390,False
2017-11-02,1.17,1.61,2.35,390,False
2017-11-03,1.18,1.63,2.34,390,False
2017-11-06,1.19,1.61,2.32,390,False
2017-11-07,1.22,1.63,2.32,390,False
2017-11-08,1.23,1.65,2.32,390,False
2017-11-09,1.24,1.63,2.33,390,False
2017-11-10,1.23,1.67,2.4,390,False
2017-11-13,1.24,1.7,2.4,390,False
2017-11-14,1.26,1.68,2.38,390,False
2017-11-15,1.25,1.68,2.33,390,False
2017-11-16,1.27,1.72,2.37,390,False
2017-11-17,1.29,1.73,2.35,390,False
2017-11-20,1.3,1.77,2.37,390,False
2017-11-21,1.3,1.77,2.36,390,False
2017-11-22,1.29,1.74,2.32,390,False
2017-11-24,1.29,1.75,2.34,210,True
2017-11-27,1.27,1.74,2.32,390,False
2017-11-28,1.3,1.75,2.34,390,False
2017-11-29,1.29,1.78,2.37,390,False
2017-11-30,1.27,1.78,2.42,390,False
2017-12-01,1.27,1.78,2.37,390,False
2017-12-04,1.29,1.8,2.37,390,False
2017-12-05,1.3,1.83,2.36,390,False
2017-12-06,1.3,1.78,2.33,390,False
2017-12-07,1.29,1.8,2.37,390,False
2017-12-08,1.28,1.8,2.38,390,False
2017-12-11,1.33,1.82,2.39,390,False
2017-12-12,1.34,1.83,2.4,390,False
2017-12-13,1.3,1.79,2.36,390,False
2017-12-14,1.32,1.82,2.35,390,False
2017-12-15,1.31,1.84,2.35,390,False
2017-12-18,1.38,1.84,2.39,390,False
2017-12-19,1.37,1.87,2.46,390,False
2017-12-20,1.38,1.87,2.49,390,False
2017-12-21,1.35,1.89,2.48,390,False
2017-12-22,1.33,1.91,2.48,390,False
2017-12-26,1.47,1.92,2.47,390,False
2017-12-27,1.44,1.89,2.42,390,False
2017-12-28,1.39,1.91,2.43,390,False
2017-12-29,1.39,1.89,2.4,390,False
2018-01-02,1.44,1.92,2.46,390,False
2018-01-03,1.41,1.94,2.44,390,False
2018-01-04,1.41,1.96,2.46,390,False
2018-01-05,1.39,1.96,2.47,390,False
2018-01-08,1.45,1.96,2.49,390,False
2018-01-09,1.44,1.98,2.55,390,False
2018-01-10,1.42,1.98,2.55,390,False
2018-01-11,1.43,1.98,2.54,390,False
2018-01-12,1.43,1.99,2.55,390,False
2018-01-16,1.45,2.03,2.54,390,False
2018-01-17,1.44,2.05,2.57,390,False
2018-01-18,1.45,2.05,2.62,390,False
2018-01-19,1.44,2.06,2.64,390,False
2018-01-22,1.44,2.08,2.66,390,False
2018-01-23,1.44,2.06,2.63,390,False
2018-01-24,1.43,2.08,2.65,390,False
2018-01-25,1.42,2.08,2.63,390,False
2018-01-26,1.41,2.13,2.66,390,False
2018-01-29,1.44,2.11,2.7,390,False
2018-01-30,1.44,2.13,2.73,390,False
2018-01-31,1.46,2.14,2.72,390,False
2018-02-01,1.48,2.16,2.78,390,False
2018-02-02,1.48,2.15,2.84,390,False
2018-02-05,1.51,2.08,2.77,390,False
2018-02-06,1.52,2.1,2.79,390,False
2018-02-07,1.55,2.15,2.84,390,False
2018-02-08,1.55,2.13,2.85,390,False
2018-02-09,1.55,2.05,2.83,390,False
2018-02-12,1.62,2.09,2.86,390,False
2018-02-13,1.59,2.1,2.83,390,False
2018-02-14,1.58,2.17,2.91,390,False
2018-02-15,1.58,2.19,2.9,390,False
2018-02-16,1.62,2.21,2.87,390,False
2018-02-20,1.66,2.25,2.88,390,False
2018-02-21,1.64,2.26,2.94,390,False
2018-02-22,1.63,2.25,2.92,390,False
2018-02-23,1.64,2.25,2.88,390,False
2018-02-26,1.66,2.22,2.86,390,False
2018-02-27,1.66,2.27,2.9,390,False
2018-02-28,1.65,2.25,2.87,390,False
2018-03-01,1.63,2.22,2.81,390,False
2018-03-02,1.65,2.25,2.86,390,False
2018-03-05,1.7,2.24,2.88,390,False
2018-03-06,1.68,2.25,2.88,390,False
2018-03-07,1.68,2.25,2.89,390,False
2018-03-08,1.67,2.25,2.86,390,False
2018-03-09,1.67,2.27,2.9,390,False
2018-03-12,1.71,2.27,2.87,390,False
2018-03-13,1.73,2.26,2.84,390,False
2018-03-14,1.76,2.26,2.81,390,False
2018-03-15,1.77,2.29,2.82,390,False
2018-03-16,1.78,2.31,2.85,390,False
2018-03-19,1.8,2.31,2.85,390,False
2018-03-20,1.81,2.34,2.89,390,False
2018-03-21,1.74,2.31,2.89,390,False
2018-03-22,1.72,2.29,2.83,390,False
2018-03-23,1.74,2.28,2.82,390,False
2018-03-26,1.79,2.33,2.85,390,False
2018-03-27,1.77,2.26,2.78,390,False
2018-03-28,1.73,2.28,2.77,390,False
2018-03-29,1.73,2.27,2.74,390,False
2018-04-02,1.77,2.25,2.73,390,False
2018-04-03,1.75,2.28,2.79,390,False
2018-04-04,1.71,2.28,2.79,390,False
2018-04-05,1.72,2.3,2.83,390,False
2018-04-06,1.73,2.27,2.77,390,False
2018-04-09,1.76,2.29,2.78,390,False
2018-04-10,1.74,2.32,2.8,390,False
2018-04-11,1.73,2.32,2.79,390,False
2018-04-12,1.75,2.34,2.83,390,False
2018-04-13,1.76,2.37,2.82,390,False
2018-04-16,1.79,2.39,2.83,390,False
2018-04-17,1.8,2.41,2.82,390,False
2018-04-18,1.81,2.42,2.87,390,False
2018-04-19,1.82,2.44,2.92,390,False
2018-04-20,1.81,2.46,2.96,390,False
2018-04-23,1.87,2.49,2.98,390,False
2018-04-24,1.87,2.48,3,390,False
2018-04-25,1.85,2.49,3.03,390,False
2018-04-26,1.82,2.49,3,390,False
2018-04-27,1.82,2.49,2.96,390,False
2018-04-30,1.87,2.49,2.95,390,False
2018-05-01,1.85,2.5,2.97,390,False
2018-05-02,1.84,2.49,2.97,390,False
2018-05-03,1.84,2.49,2.94,390,False
2018-05-04,1.84,2.51,2.95,390,False
2018-05-07,1.86,2.49,2.95,390,False
2018-05-08,1.87,2.51,2.97,390,False
2018-05-09,1.88,2.54,3,390,False
2018-05-10,1.9,2.54,2.97,390,False
2018-05-11,1.92,2.54,2.97,390,False
2018-05-14,1.93,2.55,3,390,False
2018-05-15,1.92,2.58,3.08,390,False
2018-05-16,1.92,2.58,3.09,390,False
2018-05-17,1.92,2.57,3.11,390,False
2018-05-18,1.91,2.55,3.06,390,False
2018-05-21,1.93,2.58,3.06,390,False
2018-05-22,1.93,2.59,3.06,390,False
2018-05-23,1.92,2.53,3.01,390,False
2018-05-24,1.91,2.5,2.98,390,False
2018-05-25,1.9,2.48,2.93,390,False
2018-05-29,1.93,2.32,2.77,390,False
2018-05-30,1.94,2.42,2.84,390,False
2018-05-31,1.93,2.4,2.83,390,False
2018-06-01,1.92,2.47,2.89,390,False
2018-06-04,1.94,2.52,2.94,390,False
2018-06-05,1.94,2.49,2.92,390,False
2018-06-06,1.95,2.52,2.97,390,False
2018-06-07,1.94,2.5,2.93,390,False
2018-06-08,1.93,2.5,2.93,390,False
2018-06-11,1.94,2.52,2.96,390,False
2018-06-12,1.92,2.54,2.96,390,False
2018-06-13,1.94,2.59,2.98,390,False
2018-06-14,1.94,2.59,2.94,390,False
2018-06-15,1.94,2.55,2.93,390,False
2018-06-18,1.94,2.56,2.92,390,False
2018-06-19,1.94,2.54,2.89,390,False
2018-06-20,1.94,2.56,2.93,390,False
2018-06-21,1.94,2.56,2.9,390,False
2018-06-22,1.93,2.56,2.9,390,False
2018-06-25,1.93,2.54,2.87,390,False
2018-06-26,1.93,2.53,2.88,390,False
2018-06-27,1.93,2.52,2.83,390,False
2018-06-28,1.93,2.52,2.84,390,False
2018-06-29,1.93,2.52,2.85,390,False
2018-07-02,1.98,2.57,2.87,390,False
2018-07-03,1.98,2.53,2.83,210,True
2018-07-05,1.96,2.55,2.84,390,False
2018-07-06,1.97,2.53,2.82,390,False
2018-07-09,1.98,2.57,2.86,390,False
2018-07-10,1.99,2.59,2.87,390,False
2018-07-11,1.97,2.58,2.85,390,False
2018-07-12,1.98,2.6,2.85,390,False
2018-07-13,1.98,2.59,2.83,390,False
2018-07-16,2.01,2.59,2.85,390,False
2018-07-17,2.02,2.62,2.86,390,False
2018-07-18,2,2.6,2.88,390,False
2018-07-19,2,2.6,2.84,390,False
2018-07-20,1.99,2.6,2.89,390,False
2018-07-23,1.99,2.64,2.96,390,False
2018-07-24,2.02,2.63,2.95,390,False
2018-07-25,2.01,2.66,2.94,390,False
2018-07-26,1.99,2.69,2.98,390,False
2018-07-27,2,2.67,2.96,390,False
2018-07-30,2.04,2.66,2.98,390,False
2018-07-31,2.03,2.67,2.96,390,False
2018-08-01,2.03,2.67,3,390,False
2018-08-02,2.02,2.66,2.98,390,False
2018-08-03,2.01,2.63,2.95,390,False
2018-08-06,2.05,2.64,2.94,390,False
2018-08-07,2.06,2.68,2.98,390,False
2018-08-08,2.06,2.68,2.96,390,False
2018-08-09,2.06,2.64,2.93,390,False
2018-08-10,2.05,2.61,2.87,390,False
2018-08-13,2.06,2.61,2.88,390,False
2018-08-14,2.08,2.63,2.89,390,False
2018-08-15,2.07,2.61,2.86,390,False
2018-08-16,2.07,2.63,2.87,390,False
2018-08-17,2.05,2.61,2.87,390,False
2018-08-20,2.06,2.6,2.82,390,False
2018-08-21,2.08,2.61,2.85,390,False
2018-08-22,2.09,2.6,2.82,390,False
2018-08-23,2.08,2.61,2.82,390,False
2018-08-24,2.09,2.63,2.82,390,False
2018-08-27,2.12,2.67,2.85,390,False
2018-08-28,2.13,2.67,2.88,390,False
2018-08-29,2.13,2.67,2.89,390,False
2018-08-30,2.11,2.64,2.86,390,False
2018-08-31,2.11,2.62,2.86,390,False
2018-09-04,2.13,2.66,2.9,390,False
2018-09-05,2.14,2.66,2.9,390,False
2018-09-06,2.13,2.64,2.88,390,False
2018-09-07,2.14,2.71,2.94,390,False
2018-09-10,2.14,2.73,2.94,390,False
2018-09-11,2.15,2.76,2.98,390,False
2018-09-12,2.16,2.74,2.97,390,False
2018-09-13,2.15,2.76,2.97,390,False
2018-09-14,2.16,2.78,2.99,390,False
2018-09-17,2.16,2.78,2.99,390,False
2018-09-18,2.17,2.81,3.05,390,False
2018-09-19,2.16,2.81,3.08,390,False
2018-09-20,2.17,2.81,3.07,390,False
2018-09-21,2.18,2.81,3.07,390,False
2018-09-24,2.22,2.83,3.08,390,False
2018-09-25,2.21,2.83,3.1,390,False
2018-09-26,2.2,2.83,3.06,390,False
2018-09-27,2.18,2.83,3.06,390,False
2018-09-28,2.19,2.81,3.05,390,False
2018-10-01,2.23,2.82,3.09,390,False
2018-10-02,2.23,2.82,3.05,390,False
2018-10-03,2.23,2.85,3.15,390,False
2018-10-04,2.22,2.87,3.19,390,False
2018-10-05,2.23,2.88,3.23,390,False
2018-10-08,,,,390,False
2018-10-09,2.25,2.88,3.21,390,False
2018-10-10,2.27,2.88,3.22,390,False
2018-10-11,2.27,2.85,3.14,390,False
2018-10-12,2.28,2.85,3.15,390,False
2018-10-15,2.31,2.85,3.16,390,False
2018-10-16,2.3,2.87,3.16,390,False
2018-10-17,2.31,2.89,3.19,390,False
2018-10-18,2.32,2.87,3.17,390,False
2018-10-19,2.31,2.92,3.2,390,False
2018-10-22,2.34,2.92,3.2,390,False
2018-10-23,2.33,2.89,3.17,390,False
2018-10-24,2.34,2.84,3.1,390,False
2018-10-25,2.34,2.86,3.14,390,False
2018-10-26,2.33,2.81,3.08,390,False
2018-10-29,2.34,2.81,3.08,390,False
2018-10-30,2.33,2.84,3.12,390,False
2018-10-31,2.34,2.87,3.15,390,False
2018-11-01,2.32,2.84,3.14,390,False
2018-11-02,2.33,2.91,3.22,390,False
2018-11-05,2.36,2.91,3.2,390,False
2018-11-06,2.35,2.93,3.22,390,False
2018-11-07,2.37,2.96,3.22,390,False
2018-11-08,2.35,2.98,3.24,390,False
2018-11-09,2.36,2.94,3.19,390,False
2018-11-12,,,,390,False
2018-11-13,2.38,2.89,3.14,390,False
2018-11-14,2.38,2.86,3.12,390,False
2018-11-15,2.37,2.86,3.11,390,False
2018-11-16,2.36,2.81,3.08,390,False
2018-11-19,2.38,2.79,3.06,390,False
2018-11-20,2.39,2.79,3.06,390,False
2018-11-21,2.41,2.81,3.06,390,False
2018-11-23,2.41,2.81,3.05,210,True
2018-11-26,2.41,2.84,3.07,390,False
2018-11-27,2.41,2.83,3.06,390,False
2018-11-28,2.4,2.81,3.06,390,False
2018-11-29,2.37,2.81,3.03,390,False
2018-11-30,2.37,2.8,3.01,390,False
2018-12-03,2.38,2.83,2.98,390,False
2018-12-04,2.42,2.8,2.91,390,False
2018-12-06,2.41,2.75,2.87,390,False
2018-12-07,2.4,2.72,2.85,390,False
2018-12-10,2.41,2.72,2.85,390,False
2018-12-11,2.41,2.78,2.89,390,False
2018-12-12,2.43,2.77,2.91,390,False
2018-12-13,2.43,2.75,2.91,390,False
2018-12-14,2.42,2.73,2.89,390,False
2018-12-17,2.4,2.7,2.86,390,False
2018-12-18,2.39,2.65,2.82,390,False
2018-12-19,2.4,2.63,2.77,390,False
2018-12-20,2.39,2.67,2.79,390,False
2018-12-21,2.39,2.63,2.79,390,False
2018-12-24,2.45,2.55,2.74,210,True
2018-12-26,2.44,2.61,2.81,390,False
2018-12-27,2.41,2.56,2.77,390,False
2018-12-28,2.4,2.52,2.72,390,False
2018-12-31,2.45,2.48,2.69,390,False
2019-01-02,2.42,2.5,2.66,390,False
2019-01-03,2.41,2.39,2.56,390,False
2019-01-04,2.42,2.5,2.67,390,False
2019-01-07,2.45,2.53,2.7,390,False
2019-01-08,2.46,2.58,2.73,390,False
2019-01-09,2.45,2.56,2.74,390,False
2019-01-10,2.43,2.56,2.74,390,False
2019-01-11,2.43,2.55,2.71,390,False
2019-01-14,2.45,2.53,2.71,390,False
2019-01-15,2.45,2.53,2.72,390,False
2019-01-16,2.43,2.55,2.73,390,False
2019-01-17,2.42,2.56,2.75,390,False
2019-01-18,2.41,2.62,2.79,390,False
2019-01-22,2.43,2.58,2.74,390,False
2019-01-23,2.41,2.58,2.76,390,False
2019-01-24,2.37,2.56,2.72,390,False
2019-01-25,2.39,2.6,2.76,390,False
2019-01-28,2.42,2.6,2.75,390,False
2019-01-29,2.42,2.56,2.72,390,False
2019-01-30,2.42,2.52,2.7,390,False
2019-01-31,2.41,2.45,2.63,390,False
2019-02-01,2.4,2.52,2.7,390,False
2019-02-04,2.42,2.53,2.73,390,False
2019-02-05,2.42,2.53,2.71,390,False
2019-02-06,2.42,2.52,2.7,390,False
2019-02-07,2.42,2.48,2.65,390,False
2019-02-08,2.43,2.45,2.63,390,False
2019-02-11,2.45,2.48,2.65,390,False
2019-02-12,2.43,2.5,2.68,390,False
2019-02-13,2.44,2.53,2.71,390,False
2019-02-14,2.43,2.5,2.66,390,False
2019-02-15,2.43,2.52,2.66,390,False
2019-02-19,2.45,2.5,2.65,390,False
2019-02-20,2.45,2.5,2.65,390,False
2019-02-21,2.45,2.53,2.69,390,False
2019-02-22,2.46,2.48,2.65,390,False
2019-02-25,2.47,2.51,2.67,390,False
2019-02-26,2.45,2.48,2.64,390,False
2019-02-27,2.45,2.5,2.69,390,False
2019-02-28,2.45,2.52,2.73,390,False
2019-03-01,2.44,2.55,2.76,390,False
2019-03-04,2.46,2.55,2.72,390,False
2019-03-05,2.46,2.55,2.72,390,False
2019-03-06,2.47,2.52,2.69,390,False
2019-03-07,2.45,2.47,2.64,390,False
2019-03-08,2.46,2.45,2.62,390,False
2019-03-11,2.46,2.47,2.64,390,False
2019-03-12,2.46,2.45,2.61,390,False
2019-03-13,2.45,2.45,2.61,390,False
2019-03-14,2.45,2.46,2.63,390,False
2019-03-15,2.45,2.43,2.59,390,False
2019-03-18,2.44,2.45,2.6,390,False
2019-03-19,2.46,2.46,2.61,390,False
2019-03-20,2.48,2.4,2.54,390,False
2019-03-21,2.49,2.41,2.54,390,False
2019-03-22,2.46,2.31,2.44,390,False
2019-03-25,2.46,2.26,2.43,390,False
2019-03-26,2.46,2.24,2.41,390,False
2019-03-27,2.44,2.22,2.39,390,False
2019-03-28,2.43,2.23,2.39,390,False
2019-03-29,2.4,2.27,2.41,390,False
2019-04-01,2.43,2.33,2.49,390,False
2019-04-02,2.42,2.3,2.48,390,False
2019-04-03,2.44,2.33,2.52,390,False
2019-04-04,2.44,2.33,2.51,390,False
2019-04-05,2.44,2.35,2.5,390,False
2019-04-08,2.43,2.36,2.52,390,False
2019-04-09,2.42,2.35,2.51,390,False
2019-04-10,2.43,2.31,2.48,390,False
2019-04-11,2.43,2.35,2.51,390,False
2019-04-12,2.44,2.4,2.56,390,False
2019-04-15,2.43,2.4,2.55,390,False
2019-04-16,2.43,2.41,2.6,390,False
2019-04-17,2.44,2.4,2.59,390,False
2019-04-18,2.42,2.38,2.57,390,False
2019-04-22,2.44,2.38,2.59,390,False
2019-04-23,2.45,2.36,2.57,390,False
2019-04-24,2.44,2.32,2.53,390,False
2019-04-25,2.43,2.33,2.54,390,False
2019-04-26,2.42,2.28,2.51,390,False
2019-04-29,2.44,2.3,2.54,390,False
2019-04-30,2.43,2.27,2.51,390,False
2019-05-01,2.43,2.31,2.52,390,False
2019-05-02,2.47,2.35,2.55,390,False
2019-05-03,2.43,2.33,2.54,390,False
2019-05-06,2.44,2.31,2.51,390,False
2019-05-07,2.43,2.28,2.45,390,False
2019-05-08,2.43,2.3,2.49,390,False
2019-05-09,2.43,2.26,2.45,390,False
2019-05-10,2.43,2.26,2.47,390,False
2019-05-13,2.41,2.18,2.4,390,False
2019-05-14,2.41,2.2,2.42,390,False
2019-05-15,2.42,2.16,2.37,390,False
2019-05-16,2.4,2.2,2.4,390,False
2019-05-17,2.39,2.2,2.39,390,False
2019-05-20,2.39,2.21,2.41,390,False
2019-05-21,2.39,2.26,2.43,390,False
2019-05-22,2.38,2.23,2.39,390,False
2019-05-23,2.37,2.12,2.31,390,False
2019-05-24,2.35,2.16,2.32,390,False
2019-05-28,2.37,2.12,2.26,390,False
2019-05-29,2.37,2.09,2.25,390,False
2019-05-30,2.38,2.06,2.22,390,False
2019-05-31,2.35,1.95,2.14,390,False
2019-06-03,2.35,1.82,2.07,390,False
2019-06-04,2.35,1.88,2.12,390,False
2019-06-05,2.35,1.83,2.12,390,False
2019-06-06,2.33,1.88,2.12,390,False
2019-06-07,2.28,1.85,2.09,390,False
2019-06-10,2.29,1.9,2.15,390,False
2019-06-11,2.27,1.93,2.15,390,False
2019-06-12,2.24,1.88,2.13,390,False
2019-06-13,2.19,1.83,2.1,390,False
2019-06-14,2.2,1.84,2.09,390,False
2019-06-17,2.23,1.86,2.09,390,False
2019-06-18,2.22,1.86,2.06,390,False
2019-06-19,2.18,1.74,2.03,390,False
2019-06-20,2.14,1.72,2.01,390,False
2019-06-21,2.11,1.77,2.07,390,False
2019-06-24,2.13,1.72,2.02,390,False
2019-06-25,2.12,1.71,2,390,False
2019-06-26,2.15,1.77,2.05,390,False
2019-06-27,2.14,1.74,2.01,390,False
2019-06-28,2.12,1.75,2,390,False
2019-07-01,2.21,1.78,2.03,390,False
2019-07-02,2.2,1.77,1.98,390,False
2019-07-03,2.21,1.77,1.96,210,True
2019-07-05,2.23,1.87,2.04,390,False
2019-07-08,2.26,1.88,2.05,390,False
2019-07-09,2.26,1.92,2.07,390,False
2019-07-10,2.2,1.82,2.07,390,False
2019-07-11,2.17,1.85,2.13,390,False
2019-07-12,2.14,1.84,2.12,390,False
2019-07-15,2.16,1.83,2.09,390,False
2019-07-16,2.15,1.87,2.13,390,False
2019-07-17,2.14,1.83,2.06,390,False
2019-07-18,2.05,1.77,2.04,390,False
2019-07-19,2.06,1.8,2.05,390,False
2019-07-22,2.09,1.8,2.05,390,False
2019-07-23,2.06,1.83,2.08,390,False
2019-07-24,2.1,1.83,2.05,390,False
2019-07-25,2.1,1.86,2.08,390,False
2019-07-26,2.12,1.86,2.08,390,False
2019-07-29,2.12,1.85,2.06,390,False
2019-07-30,2.08,1.85,2.06,390,False
2019-07-31,2.08,1.89,2.02,390,False
2019-08-01,2.07,1.73,1.9,390,False
2019-08-02,2.06,1.72,1.86,390,False
2019-08-05,2.05,1.59,1.75,390,False
2019-08-06,2.05,1.6,1.73,390,False
2019-08-07,2.02,1.59,1.71,390,False
2019-08-08,2.02,1.62,1.72,390,False
2019-08-09,2,1.63,1.74,390,False
2019-08-12,2,1.58,1.65,390,False
2019-08-13,2,1.66,1.68,390,False
2019-08-14,1.96,1.58,1.59,390,False
2019-08-15,1.91,1.48,1.52,390,False
2019-08-16,1.87,1.48,1.55,390,False
2019-08-19,1.94,1.53,1.6,390,False
2019-08-20,1.94,1.5,1.55,390,False
2019-08-21,1.97,1.56,1.59,390,False
2019-08-22,2,1.61,1.62,390,False
2019-08-23,1.97,1.51,1.52,390,False
2019-08-26,2.01,1.54,1.54,390,False
2019-08-27,1.98,1.53,1.49,390,False
2019-08-28,1.99,1.5,1.47,390,False
2019-08-29,1.99,1.53,1.5,390,False
2019-08-30,1.99,1.5,1.5,390,False
2019-09-03,1.98,1.47,1.47,390,False
2019-09-04,1.97,1.43,1.47,390,False
2019-09-05,1.97,1.55,1.57,390,False
2019-09-06,1.96,1.53,1.55,390,False
2019-09-09,1.96,1.58,1.63,390,False
2019-09-10,1.95,1.67,1.72,390,False
2019-09-11,1.96,1.68,1.75,390,False
2019-09-12,1.95,1.72,1.79,390,False
2019-09-13,1.96,1.79,1.9,390,False
2019-09-16,1.99,1.74,1.84,390,False
2019-09-17,1.99,1.72,1.81,390,False
2019-09-18,1.95,1.77,1.8,390,False
2019-09-19,1.93,1.74,1.79,390,False
2019-09-20,1.91,1.69,1.74,390,False
2019-09-23,1.94,1.68,1.72,390,False
2019-09-24,1.92,1.6,1.64,390,False
2019-09-25,1.89,1.68,1.73,390,False
2019-09-26,1.83,1.66,1.7,390,False
2019-09-27,1.8,1.63,1.69,390,False
2019-09-30,1.88,1.63,1.68,390,False
2019-10-01,1.82,1.56,1.65,390,False
2019-10-02,1.79,1.48,1.6,390,False
2019-10-03,1.7,1.39,1.54,390,False
2019-10-04,1.71,1.4,1.52,390,False
2019-10-07,1.75,1.46,1.56,390,False
2019-10-08,1.72,1.42,1.54,390,False
2019-10-09,1.69,1.47,1.59,390,False
2019-10-10,1.68,1.53,1.67,390,False
2019-10-11,1.68,1.63,1.76,390,False
2019-10-14,,,,390,False
2019-10-15,1.67,1.61,1.77,390,False
2019-10-16,1.66,1.58,1.75,390,False
2019-10-17,1.66,1.6,1.76,390,False
2019-10-18,1.66,1.58,1.76,390,False
2019-10-21,1.67,1.62,1.8,390,False
2019-10-22,1.65,1.6,1.78,390,False
2019-10-23,1.65,1.58,1.77,390,False
2019-10-24,1.67,1.58,1.77,390,False
2019-10-25,1.66,1.63,1.8,390,False
2019-10-28,1.65,1.64,1.85,390,False
2019-10-29,1.63,1.64,1.84,390,False
2019-10-30,1.62,1.61,1.78,390,False
2019-10-31,1.54,1.52,1.69,390,False
2019-11-01,1.52,1.56,1.73,390,False
2019-11-04,1.53,1.6,1.79,390,False
2019-11-05,1.56,1.63,1.86,390,False
2019-11-06,1.56,1.61,1.81,390,False
2019-11-07,1.56,1.68,1.92,390,False
2019-11-08,1.55,1.68,1.94,390,False
2019-11-11,,,,390,False
2019-11-12,1.59,1.66,1.92,390,False
2019-11-13,1.57,1.63,1.88,390,False
2019-11-14,1.57,1.58,1.82,390,False
2019-11-15,1.57,1.61,1.84,390,False
2019-11-18,1.57,1.6,1.81,390,False
2019-11-19,1.57,1.6,1.79,390,False
2019-11-20,1.57,1.56,1.73,390,False
2019-11-21,1.58,1.6,1.77,390,False
2019-11-22,1.58,1.61,1.77,390,False
2019-11-25,1.61,1.61,1.76,390,False
2019-11-26,1.6,1.58,1.74,390,False
2019-11-27,1.62,1.63,1.77,390,False
2019-11-29,1.59,1.61,1.78,210,True
2019-12-02,1.6,1.61,1.83,390,False
2019-12-03,1.57,1.53,1.72,390,False
2019-12-04,1.55,1.58,1.77,390,False
2019-12-05,1.54,1.58,1.8,390,False
2019-12-06,1.53,1.61,1.84,390,False
2019-12-09,1.54,1.63,1.83,390,False
2019-12-10,1.56,1.65,1.85,390,False
2019-12-11,1.57,1.61,1.79,390,False
2019-12-12,1.56,1.66,1.9,390,False
2019-12-13,1.57,1.61,1.82,390,False
2019-12-16,1.57,1.65,1.89,390,False
2019-12-17,1.56,1.63,1.89,390,False
2019-12-18,1.56,1.63,1.92,390,False
2019-12-19,1.57,1.62,1.92,390,False
2019-12-20,1.58,1.63,1.92,390,False
2019-12-23,1.59,1.64,1.93,390,False
2019-12-24,1.58,1.62,1.9,210,True
2019-12-26,1.58,1.64,1.9,390,False
2019-12-27,1.57,1.59,1.88,390,False
2019-12-30,1.57,1.58,1.9,390,False
2019-12-31,1.55,1.58,1.92,390,False
2020-01-02,1.54,1.58,1.88,390,False
2020-01-03,1.52,1.53,1.8,390,False
2020-01-06,1.56,1.54,1.81,390,False
2020-01-07,1.54,1.54,1.83,390,False
2020-01-08,1.54,1.58,1.87,390,False
2020-01-09,1.54,1.58,1.85,390,False
2020-01-10,1.54,1.56,1.83,390,False
2020-01-13,1.57,1.58,1.85,390,False
2020-01-14,1.57,1.58,1.82,390,False
2020-01-15,1.57,1.56,1.79,390,False
2020-01-16,1.55,1.58,1.81,390,False
2020-01-17,1.56,1.58,1.84,390,False
2020-01-21,1.56,1.53,1.78,390,False
2020-01-22,1.55,1.53,1.77,390,False
2020-01-23,1.55,1.51,1.74,390,False
2020-01-24,1.54,1.49,1.7,390,False
2020-01-27,1.55,1.44,1.61,390,False
2020-01-28,1.57,1.45,1.65,390,False
2020-01-29,1.56,1.42,1.6,390,False
2020-01-30,1.57,1.41,1.57,390,False
2020-01-31,1.55,1.33,1.51,390,False
2020-02-03,1.57,1.36,1.54,390,False
2020-02-04,1.57,1.41,1.61,390,False
2020-02-05,1.57,1.44,1.66,390,False
2020-02-06,1.57,1.44,1.65,390,False
2020-02-07,1.56,1.41,1.59,390,False
2020-02-10,1.58,1.37,1.56,390,False
2020-02-11,1.57,1.41,1.59,390,False
2020-02-12,1.58,1.44,1.62,390,False
2020-02-13,1.59,1.44,1.61,390,False
2020-02-14,1.58,1.42,1.59,390,False
2020-02-18,1.58,1.41,1.55,390,False
2020-02-19,1.58,1.42,1.56,390,False
2020-02-20,1.58,1.39,1.52,390,False
2020-02-21,1.56,1.34,1.46,390,False
2020-02-24,1.53,1.26,1.38,390,False
2020-02-25,1.53,1.2,1.33,390,False
2020-02-26,1.53,1.16,1.33,390,False
2020-02-27,1.45,1.11,1.3,390,False
2020-02-28,1.27,0.86,1.13,390,False
2020-03-02,1.13,0.84,1.1,390,False
2020-03-03,0.95,0.71,1.02,390,False
2020-03-04,0.72,0.67,1.02,390,False
2020-03-05,0.62,0.59,0.92,390,False
2020-03-06,0.45,0.49,0.74,390,False
2020-03-09,0.33,0.38,0.54,390,False
2020-03-10,0.44,0.5,0.76,390,False
2020-03-11,0.42,0.5,0.82,390,False
2020-03-12,0.33,0.5,0.88,390,False
2020-03-13,0.28,0.49,0.94,390,False
2020-03-16,0.24,0.36,0.73,390,False
2020-03-17,0.19,0.47,1.02,390,False
2020-03-18,0.02,0.54,1.18,390,False
2020-03-19,0.04,0.44,1.12,390,False
2020-03-20,0.05,0.37,0.92,390,False
2020-03-23,0.02,0.28,0.76,390,False
2020-03-24,0.01,0.38,0.84,390,False
2020-03-25,0,0.34,0.88,390,False
2020-03-26,0,0.3,0.83,390,False
2020-03-27,0.03,0.25,0.72,390,False
2020-03-30,0.12,0.23,0.7,390,False
2020-03-31,0.11,0.23,0.7,390,False
2020-04-01,0.09,0.23,0.62,390,False
2020-04-02,0.09,0.23,0.63,390,False
2020-04-03,0.1,0.23,0.62,390,False
2020-04-06,0.15,0.27,0.67,390,False
2020-04-07,0.14,0.28,0.75,390,False
2020-04-08,0.22,0.27,0.77,390,False
2020-04-09,0.25,0.23,0.73,390,False
2020-04-13,0.26,0.25,0.76,390,False
2020-04-14,0.2,0.23,0.76,390,False
2020-04-15,0.14,0.2,0.63,390,False
2020-04-16,0.14,0.2,0.61,390,False
2020-04-17,0.12,0.2,0.65,390,False
2020-04-20,0.12,0.2,0.63,390,False
2020-04-21,0.11,0.2,0.58,390,False
2020-04-22,0.12,0.22,0.63,390,False
2020-04-23,0.11,0.22,0.61,390,False
2020-04-24,0.12,0.22,0.6,390,False
2020-04-27,0.12,0.24,0.67,390,False
2020-04-28,0.11,0.2,0.62,390,False
2020-04-29,0.1,0.2,0.63,390,False
2020-04-30,0.09,0.2,0.64,390,False
2020-05-01,0.12,0.2,0.64,390,False
2020-05-04,0.13,0.19,0.64,390,False
2020-05-05,0.13,0.19,0.66,390,False
2020-05-06,0.12,0.17,0.72,390,False
2020-05-07,0.11,0.13,0.63,390,False
2020-05-08,0.12,0.16,0.69,390,False
2020-05-11,0.12,0.17,0.73,390,False
2020-05-12,0.13,0.17,0.69,390,False
2020-05-13,0.13,0.16,0.64,390,False
2020-05-14,0.12,0.16,0.63,390,False
2020-05-15,0.12,0.16,0.64,390,False
2020-05-18,0.13,0.18,0.73,390,False
2020-05-19,0.13,0.17,0.7,390,False
2020-05-20,0.12,0.16,0.68,390,False
2020-05-21,0.12,0.17,0.68,390,False
2020-05-22,0.12,0.17,0.66,390,False
2020-05-26,0.14,0.18,0.69,390,False
2020-05-27,0.15,0.19,0.68,390,False
2020-05-28,0.15,0.17,0.7,390,False
2020-05-29,0.14,0.16,0.65,390,False
2020-06-01,0.14,0.14,0.66,390,False
2020-06-02,0.15,0.17,0.68,390,False
2020-06-03,0.16,0.19,0.77,390,False
2020-06-04,0.15,0.19,0.82,390,False
2020-06-05,0.15,0.22,0.91,390,False
2020-06-08,0.17,0.22,0.88,390,False
2020-06-09,0.19,0.2,0.84,390,False
2020-06-10,0.17,0.17,0.75,390,False
2020-06-11,0.17,0.19,0.66,390,False
2020-06-12,0.16,0.19,0.71,390,False
2020-06-15,0.18,0.19,0.71,390,False
2020-06-16,0.17,0.21,0.75,390,False
2020-06-17,0.17,0.19,0.74,390,False
2020-06-18,0.16,0.19,0.71,390,False
2020-06-19,0.15,0.19,0.7,390,False
2020-06-22,0.16,0.19,0.71,390,False
2020-06-23,0.16,0.18,0.72,390,False
2020-06-24,0.15,0.19,0.69,390,False
2020-06-25,0.16,0.17,0.68,390,False
2020-06-26,0.14,0.17,0.64,390,False
2020-06-29,0.14,0.16,0.64,390,False
2020-06-30,0.16,0.16,0.66,390,False
2020-07-01,0.14,0.17,0.69,390,False
2020-07-02,0.14,0.16,0.68,390,False
2020-07-06,0.15,0.16,0.69,390,False
2020-07-07,0.15,0.16,0.65,390,False
2020-07-08,0.15,0.16,0.67,390,False
2020-07-09,0.13,0.16,0.62,390,False
2020-07-10,0.13,0.16,0.65,390,False
2020-07-13,0.14,0.16,0.64,390,False
2020-07-14,0.15,0.14,0.63,390,False
2020-07-15,0.16,0.16,0.64,390,False
2020-07-16,0.11,0.16,0.62,390,False
2020-07-17,0.11,0.14,0.64,390,False
2020-07-20,0.13,0.16,0.62,390,False
2020-07-21,0.13,0.14,0.61,390,False
2020-07-22,0.13,0.14,0.6,390,False
2020-07-23,0.12,0.16,0.59,390,False
2020-07-24,0.11,0.14,0.59,390,False
2020-07-27,0.11,0.15,0.62,390,False
2020-07-28,0.11,0.14,0.59,390,False
2020-07-29,0.11,0.12,0.58,390,False
2020-07-30,0.09,0.11,0.55,390,False
2020-07-31,0.09,0.11,0.55,390,False
2020-08-03,0.1,0.11,0.56,390,False
2020-08-04,0.09,0.11,0.52,390,False
2020-08-05,0.1,0.11,0.55,390,False
2020-08-06,0.1,0.11,0.55,390,False
2020-08-07,0.1,0.13,0.57,390,False
2020-08-10,0.11,0.14,0.59,390,False
2020-08-11,0.11,0.16,0.64,390,False
2020-08-12,0.11,0.16,0.69,390,False
2020-08-13,0.1,0.16,0.71,390,False
2020-08-14,0.1,0.14,0.71,390,False
2020-08-17,0.1,0.14,0.69,390,False
2020-08-18,0.09,0.14,0.67,390,False
2020-08-19,0.11,0.14,0.68,390,False
2020-08-20,0.11,0.13,0.65,390,False
2020-08-21,0.1,0.16,0.64,390,False
2020-08-24,0.12,0.14,0.65,390,False
2020-08-25,0.11,0.15,0.69,390,False
2020-08-26,0.11,0.16,0.69,390,False
2020-08-27,0.11,0.16,0.74,390,False
2020-08-28,0.1,0.14,0.74,390,False
2020-08-31,0.11,0.14,0.72,390,False
2020-09-01,0.12,0.13,0.68,390,False
2020-09-02,0.12,0.14,0.66,390,False
2020-09-03,0.11,0.13,0.63,390,False
2020-09-04,0.11,0.14,0.72,390,False
2020-09-08,0.13,0.14,0.69,390,False
2020-09-09,0.12,0.14,0.71,390,False
2020-09-10,0.12,0.14,0.68,390,False
2020-09-11,0.11,0.13,0.67,390,False
2020-09-14,0.11,0.14,0.68,390,False
2020-09-15,0.11,0.14,0.68,390,False
2020-09-16,0.12,0.14,0.69,390,False
2020-09-17,0.09,0.13,0.69,390,False
2020-09-18,0.1,0.14,0.7,390,False
2020-09-21,0.1,0.14,0.68,390,False
2020-09-22,0.1,0.13,0.68,390,False
2020-09-23,0.11,0.14,0.68,390,False
2020-09-24,0.1,0.14,0.67,390,False
2020-09-25,0.1,0.12,0.66,390,False
2020-09-28,0.11,0.14,0.67,390,False
2020-09-29,0.09,0.11,0.66,390,False
2020-09-30,0.1,0.13,0.69,390,False
2020-10-01,0.09,0.14,0.68,390,False
2020-10-02,0.09,0.13,0.7,390,False
2020-10-05,0.1,0.14,0.78,390,False
2020-10-06,0.1,0.14,0.76,390,False
2020-10-07,0.1,0.16,0.81,390,False
2020-10-08,0.09,0.13,0.78,390,False
2020-10-09,0.1,0.16,0.79,390,False
2020-10-12,,,,390,False
2020-10-13,0.11,0.16,0.74,390,False
2020-10-14,0.12,0.14,0.73,390,False
2020-10-15,0.11,0.14,0.74,390,False
2020-10-16,0.11,0.14,0.76,390,False
2020-10-19,0.11,0.16,0.78,390,False
2020-10-20,0.1,0.14,0.81,390,False
2020-10-21,0.1,0.14,0.83,390,False
2020-10-22,0.09,0.16,0.87,390,False
2020-10-23,0.1,0.18,0.85,390,False
2020-10-26,0.11,0.16,0.81,390,False
2020-10-27,0.1,0.16,0.79,390,False
2020-10-28,0.1,0.16,0.79,390,False
2020-10-29,0.09,0.16,0.85,390,False
2020-10-30,0.09,0.14,0.88,390,False
2020-11-02,0.09,0.16,0.87,390,False
2020-11-03,0.1,0.17,0.9,390,False
2020-11-04,0.1,0.14,0.78,390,False
2020-11-05,0.1,0.14,0.79,390,False
2020-11-06,0.1,0.16,0.83,390,False
2020-11-09,0.11,0.17,0.96,390,False
2020-11-10,0.1,0.19,0.98,390,False
2020-11-11,,,,390,False
2020-11-12,0.1,0.17,0.88,390,False
2020-11-13,0.09,0.17,0.89,390,False
2020-11-16,0.09,0.19,0.91,390,False
2020-11-17,0.09,0.18,0.87,390,False
2020-11-18,0.09,0.16,0.88,390,False
2020-11-19,0.07,0.18,0.86,390,False
2020-11-20,0.07,0.16,0.83,390,False
2020-11-23,0.08,0.16,0.86,390,False
2020-11-24,0.09,0.16,0.88,390,False
2020-11-25,0.09,0.17,0.88,390,False
2020-11-27,0.09,0.16,0.84,210,True
2020-11-30,0.08,0.16,0.84,390,False
2020-12-01,0.09,0.17,0.92,390,False
2020-12-02,0.09,0.16,0.95,390,False
2020-12-03,0.08,0.16,0.92,390,False
2020-12-04,0.09,0.16,0.97,390,False
2020-12-07,0.08,0.14,0.94,390,False
2020-12-08,0.09,0.14,0.92,390,False
2020-12-09,0.08,0.16,0.95,390,False
2020-12-10,0.08,0.14,0.92,390,False
2020-12-11,0.08,0.11,0.9,390,False
2020-12-14,0.09,0.13,0.9,390,False
2020-12-15,0.08,0.11,0.92,390,False
2020-12-16,0.09,0.13,0.92,390,False
2020-12-17,0.08,0.13,0.94,390,False
2020-12-18,0.08,0.13,0.95,390,False
2020-12-21,0.09,0.13,0.95,390,False
2020-12-22,0.09,0.13,0.93,390,False
2020-12-23,0.09,0.13,0.96,390,False
2020-12-24,0.09,0.13,0.94,210,True
2020-12-28,0.11,0.13,0.94,390,False
2020-12-29,0.1,0.12,0.94,390,False
2020-12-30,0.08,0.12,0.93,390,False
2020-12-31,0.09,0.13,0.93,390,False
2021-01-04,0.09,0.11,0.93,390,False
2021-01-05,0.09,0.13,0.96,390,False
2021-01-06,0.09,0.14,1.04,390,False
2021-01-07,0.09,0.14,1.08,390,False
2021-01-08,0.08,0.14,1.13,390,False
2021-01-11,0.08,0.14,1.15,390,False
2021-01-12,0.09,0.14,1.15,390,False
2021-01-13,0.09,0.14,1.1,390,False
2021-01-14,0.09,0.16,1.15,390,False
2021-01-15,0.09,0.13,1.11,390,False
2021-01-19,0.09,0.14,1.1,390,False
2021-01-20,0.08,0.13,1.1,390,False
2021-01-21,0.09,0.13,1.12,390,False
2021-01-22,0.08,0.13,1.1,390,False
2021-01-25,0.09,0.13,1.05,390,False
2021-01-26,0.07,0.11,1.05,390,False
2021-01-27,0.08,0.12,1.04,390,False
2021-01-28,0.07,0.12,1.07,390,False
2021-01-29,0.06,0.11,1.11,390,False
2021-02-01,0.07,0.11,1.09,390,False
2021-02-02,0.07,0.11,1.12,390,False
2021-02-03,0.04,0.11,1.15,390,False
2021-02-04,0.04,0.11,1.15,390,False
2021-02-05,0.03,0.09,1.19,390,False
2021-02-08,0.05,0.11,1.19,390,False
2021-02-09,0.04,0.11,1.18,390,False
2021-02-10,0.05,0.11,1.15,390,False
2021-02-11,0.05,0.11,1.16,390,False
2021-02-12,0.04,0.11,1.2,390,False
2021-02-16,0.04,0.13,1.3,390,False
2021-02-17,0.04,0.11,1.29,390,False
2021-02-18,0.03,0.11,1.29,390,False
2021-02-19,0.04,0.11,1.34,390,False
2021-02-22,0.03,0.11,1.37,390,False
2021-02-23,0.04,0.11,1.37,390,False
2021-02-24,0.03,0.12,1.38,390,False
2021-02-25,0.04,0.17,1.54,390,False
2021-02-26,0.04,0.14,1.44,390,False
2021-03-01,0.05,0.13,1.45,390,False
2021-03-02,0.04,0.13,1.42,390,False
2021-03-03,0.05,0.14,1.47,390,False
2021-03-04,0.04,0.14,1.54,390,False
2021-03-05,0.04,0.14,1.56,390,False
2021-03-08,0.05,0.17,1.59,390,False
2021-03-09,0.05,0.17,1.55,390,False
2021-03-10,0.04,0.16,1.53,390,False
2021-03-11,0.04,0.14,1.54,390,False
2021-03-12,0.04,0.14,1.64,390,False
2021-03-15,0.04,0.14,1.62,390,False
2021-03-16,0.02,0.15,1.62,390,False
2021-03-17,0.02,0.13,1.63,390,False
2021-03-18,0.01,0.16,1.71,390,False
2021-03-19,0.01,0.16,1.74,390,False
2021-03-22,0.03,0.15,1.69,390,False
2021-03-23,0.01,0.15,1.63,390,False
2021-03-24,0.02,0.14,1.62,390,False
2021-03-25,0.02,0.14,1.63,390,False
2021-03-26,0.02,0.14,1.67,390,False
2021-03-29,0.03,0.14,1.73,390,False
2021-03-30,0.02,0.16,1.73,390,False
2021-03-31,0.03,0.16,1.74,390,False
2021-04-01,0.02,0.17,1.69,390,False
2021-04-05,0.03,0.17,1.73,390,False
2021-04-06,0.02,0.16,1.67,390,False
2021-04-07,0.02,0.16,1.68,390,False
2021-04-08,0.01,0.14,1.64,390,False
2021-04-09,0.02,0.16,1.67,390,False
2021-04-12,0.02,0.18,1.69,390,False
2021-04-13,0.03,0.16,1.64,390,False
2021-04-14,0.02,0.16,1.64,390,False
2021-04-15,0.02,0.16,1.56,390,False
2021-04-16,0.02,0.16,1.59,390,False
2021-04-19,0.02,0.16,1.61,390,False
2021-04-20,0.03,0.15,1.58,390,False
2021-04-21,0.03,0.15,1.57,390,False
2021-04-22,0.03,0.16,1.57,390,False
2021-04-23,0.03,0.16,1.58,390,False
2021-04-26,0.03,0.18,1.58,390,False
2021-04-27,0.01,0.17,1.63,390,False
2021-04-28,0.01,0.17,1.63,390,False
2021-04-29,0.01,0.16,1.65,390,False
2021-04-30,0.01,0.16,1.65,390,False
2021-05-03,0.04,0.16,1.63,390,False
2021-05-04,0.02,0.16,1.61,390,False
2021-05-05,0.02,0.16,1.59,390,False
2021-05-06,0.02,0.16,1.58,390,False
2021-05-07,0.02,0.14,1.6,390,False
2021-05-10,0.02,0.16,1.63,390,False
2021-05-11,0.01,0.16,1.64,390,False
2021-05-12,0.02,0.16,1.69,390,False
2021-05-13,0.02,0.16,1.66,390,False
2021-05-14,0.01,0.16,1.63,390,False
2021-05-17,0.02,0.16,1.64,390,False
2021-05-18,0.02,0.16,1.64,390,False
2021-05-19,0.01,0.16,1.68,390,False
2021-05-20,0.01,0.15,1.63,390,False
2021-05-21,0.01,0.17,1.63,390,False
2021-05-24,0.02,0.15,1.61,390,False
2021-05-25,0.02,0.15,1.56,390,False
2021-05-26,0.02,0.14,1.58,390,False
2021-05-27,0.02,0.14,1.61,390,False
2021-05-28,0.01,0.14,1.58,390,False
2021-06-01,0.02,0.16,1.62,390,False
2021-06-02,0.02,0.13,1.59,390,False
2021-06-03,0.02,0.16,1.63,390,False
2021-06-04,0.02,0.14,1.56,390,False
2021-06-07,0.02,0.16,1.57,390,False
2021-06-08,0.02,0.14,1.53,390,False
2021-06-09,0.03,0.16,1.5,390,False
2021-06-10,0.03,0.14,1.45,390,False
2021-06-11,0.03,0.16,1.47,390,False
2021-06-14,0.03,0.16,1.51,390,False
2021-06-15,0.03,0.16,1.51,390,False
2021-06-16,0.04,0.21,1.57,390,False
2021-06-17,0.04,0.23,1.52,390,False
2021-06-18,0.05,0.26,1.45,390,False
2021-06-21,0.05,0.27,1.5,390,False
2021-06-22,0.04,0.25,1.48,390,False
2021-06-23,0.05,0.26,1.5,390,False
2021-06-24,0.05,0.26,1.49,390,False
2021-06-25,0.06,0.28,1.54,390,False
2021-06-28,0.05,0.25,1.49,390,False
2021-06-29,0.04,0.27,1.49,390,False
2021-06-30,0.05,0.25,1.45,390,False
2021-07-01,0.05,0.25,1.48,390,False
2021-07-02,0.05,0.24,1.44,390,False
2021-07-06,0.05,0.22,1.37,390,False
2021-07-07,0.05,0.22,1.33,390,False
2021-07-08,0.06,0.19,1.3,390,False
2021-07-09,0.06,0.23,1.37,390,False
2021-07-12,0.05,0.23,1.38,390,False
2021-07-13,0.05,0.26,1.42,390,False
2021-07-14,0.06,0.23,1.37,390,False
2021-07-15,0.05,0.23,1.31,390,False
2021-07-16,0.05,0.25,1.31,390,False
2021-07-19,0.05,0.21,1.19,390,False
2021-07-20,0.05,0.2,1.23,390,False
2021-07-21,0.05,0.22,1.3,390,False
2021-07-22,0.05,0.2,1.27,390,False
2021-07-23,0.05,0.22,1.3,390,False
2021-07-26,0.05,0.22,1.29,390,False
2021-07-27,0.05,0.2,1.25,390,False
2021-07-28,0.05,0.2,1.26,390,False
2021-07-29,0.06,0.2,1.28,390,False
2021-07-30,0.06,0.19,1.24,390,False
2021-08-02,0.05,0.17,1.2,390,False
2021-08-03,0.05,0.17,1.19,390,False
2021-08-04,0.05,0.17,1.19,390,False
2021-08-05,0.05,0.21,1.23,390,False
2021-08-06,0.06,0.21,1.31,390,False
2021-08-09,0.06,0.23,1.33,390,False
2021-08-10,0.05,0.24,1.36,390,False
2021-08-11,0.05,0.23,1.35,390,False
2021-08-12,0.06,0.23,1.36,390,False
2021-08-13,0.06,0.23,1.29,390,False
2021-08-16,0.06,0.21,1.26,390,False
2021-08-17,0.07,0.23,1.26,390,False
2021-08-18,0.07,0.23,1.27,390,False
2021-08-19,0.06,0.22,1.24,390,False
2021-08-20,0.05,0.23,1.26,390,False
2021-08-23,0.05,0.23,1.25,390,False
2021-08-24,0.05,0.24,1.29,390,False
2021-08-25,0.06,0.23,1.35,390,False
2021-08-26,0.05,0.25,1.34,390,False
2021-08-27,0.05,0.22,1.31,390,False
2021-08-30,0.05,0.2,1.29,390,False
2021-08-31,0.04,0.2,1.3,390,False
2021-09-01,0.05,0.2,1.31,390,False
2021-09-02,0.05,0.2,1.29,390,False
2021-09-03,0.05,0.21,1.33,390,False
2021-09-07,0.05,0.22,1.38,390,False
2021-09-08,0.05,0.22,1.35,390,False
2021-09-09,0.04,0.23,1.3,390,False
2021-09-10,0.05,0.23,1.35,390,False
2021-09-13,0.06,0.21,1.33,390,False
2021-09-14,0.04,0.21,1.28,390,False
2021-09-15,0.04,0.21,1.31,390,False
2021-09-16,0.04,0.23,1.34,390,False
2021-09-17,0.04,0.23,1.37,390,False
2021-09-20,0.04,0.23,1.31,390,False
2021-09-21,0.03,0.22,1.33,390,False
2021-09-22,0.03,0.25,1.32,390,False
2021-09-23,0.03,0.27,1.41,390,False
2021-09-24,0.03,0.29,1.47,390,False
2021-09-27,0.04,0.31,1.48,390,False
2021-09-28,0.04,0.31,1.54,390,False
2021-09-29,0.04,0.3,1.55,390,False
2021-09-30,0.04,0.28,1.52,390,False
2021-10-01,0.04,0.27,1.48,390,False
2021-10-04,0.04,0.27,1.49,390,False
2021-10-05,0.04,0.28,1.54,390,False
2021-10-06,0.04,0.3,1.53,390,False
2021-10-07,0.05,0.32,1.58,390,False
2021-10-08,0.05,0.32,1.61,390,False
2021-10-11,,,,390,False
2021-10-12,0.06,0.35,1.59,390,False
2021-10-13,0.05,0.37,1.56,390,False
2021-10-14,0.05,0.36,1.52,390,False
2021-10-15,0.05,0.41,1.59,390,False
2021-10-18,0.06,0.44,1.59,390,False
2021-10-19,0.05,0.41,1.65,390,False
2021-10-20,0.05,0.4,1.65,390,False
2021-10-21,0.06,0.45,1.68,390,False
2021-10-22,0.06,0.48,1.66,390,False
2021-10-25,0.06,0.47,1.64,390,False
2021-10-26,0.06,0.47,1.63,390,False
2021-10-27,0.06,0.5,1.54,390,False
2021-10-28,0.06,0.5,1.57,390,False
2021-10-29,0.05,0.48,1.55,390,False
2021-11-01,0.05,0.5,1.58,390,False
2021-11-02,0.05,0.46,1.56,390,False
2021-11-03,0.05,0.47,1.6,390,False
2021-11-04,0.04,0.41,1.53,390,False
2021-11-05,0.05,0.39,1.45,390,False
2021-11-08,0.06,0.45,1.51,390,False
2021-11-09,0.04,0.41,1.46,390,False
2021-11-10,0.05,0.51,1.56,390,False
2021-11-11,,,,390,False
2021-11-12,0.05,0.53,1.58,390,False
2021-11-15,0.05,0.53,1.63,390,False
2021-11-16,0.05,0.54,1.63,390,False
2021-11-17,0.05,0.52,1.6,390,False
2021-11-18,0.05,0.52,1.59,390,False
2021-11-19,0.05,0.52,1.54,390,False
2021-11-22,0.05,0.63,1.63,390,False
2021-11-23,0.06,0.6,1.67,390,False
2021-11-24,0.06,0.64,1.64,390,False
2021-11-26,0.06,0.5,1.48,210,True
2021-11-29,0.06,0.51,1.52,390,False
2021-11-30,0.05,0.52,1.43,390,False
2021-12-01,0.06,0.56,1.43,390,False
2021-12-02,0.05,0.63,1.44,390,False
2021-12-03,0.06,0.6,1.35,390,False
2021-12-06,0.05,0.65,1.43,390,False
2021-12-07,0.06,0.7,1.48,390,False
2021-12-08,0.07,0.68,1.52,390,False
2021-12-09,0.06,0.7,1.49,390,False
2021-12-10,0.06,0.67,1.48,390,False
2021-12-13,0.05,0.66,1.42,390,False
2021-12-14,0.05,0.67,1.44,390,False
2021-12-15,0.05,0.69,1.47,390,False
2021-12-16,0.05,0.64,1.44,390,False
2021-12-17,0.05,0.66,1.41,390,False
2021-12-20,0.07,0.65,1.43,390,False
2021-12-21,0.07,0.7,1.48,390,False
2021-12-22,0.08,0.68,1.46,390,False
2021-12-23,0.07,0.71,1.5,390,False
2021-12-27,0.06,0.76,1.48,390,False
2021-12-28,0.06,0.74,1.49,390,False
2021-12-29,0.05,0.75,1.55,390,False
2021-12-30,0.05,0.73,1.52,390,False
2021-12-31,0.06,0.73,1.52,390,False
2022-01-03,0.08,0.78,1.63,390,False
2022-01-04,0.08,0.77,1.66,390,False
2022-01-05,0.09,0.83,1.71,390,False
2022-01-06,0.1,0.88,1.73,390,False
2022-01-07,0.1,0.87,1.76,390,False
2022-01-10,0.13,0.92,1.78,390,False
2022-01-11,0.11,0.9,1.75,390,False
2022-01-12,0.12,0.92,1.74,390,False
2022-01-13,0.12,0.91,1.7,390,False
2022-01-14,0.13,0.99,1.78,390,False
2022-01-18,0.16,1.06,1.87,390,False
2022-01-19,0.17,1.04,1.83,390,False
2022-01-20,0.17,1.08,1.83,390,False
2022-01-21,0.17,1.01,1.75,390,False
2022-01-24,0.19,0.99,1.75,390,False
2022-01-25,0.19,1.02,1.78,390,False
2022-01-26,0.19,1.13,1.85,390,False
2022-01-27,0.2,1.18,1.81,390,False
2022-01-28,0.19,1.15,1.78,390,False
2022-01-31,0.22,1.18,1.79,390,False
2022-02-01,0.19,1.18,1.81,390,False
2022-02-02,0.19,1.16,1.78,390,False
2022-02-03,0.2,1.19,1.82,390,False
2022-02-04,0.23,1.31,1.93,390,False
2022-02-07,0.27,1.3,1.92,390,False
2022-02-08,0.25,1.35,1.96,390,False
2022-02-09,0.26,1.36,1.94,390,False
2022-02-10,0.4,1.61,2.03,390,False
2022-02-11,0.36,1.5,1.92,390,False
2022-02-14,0.43,1.58,1.98,390,False
2022-02-15,0.4,1.58,2.05,390,False
2022-02-16,0.38,1.52,2.03,390,False
2022-02-17,0.36,1.49,1.97,390,False
2022-02-18,0.35,1.47,1.92,390,False
2022-02-22,0.37,1.56,1.94,390,False
2022-02-23,0.34,1.58,1.99,390,False
2022-02-24,0.32,1.54,1.96,390,False
2022-02-25,0.33,1.55,1.97,390,False
2022-02-28,0.35,1.44,1.83,390,False
2022-03-01,0.32,1.31,1.72,390,False
2022-03-02,0.34,1.5,1.86,390,False
2022-03-03,0.38,1.53,1.86,390,False
2022-03-04,0.34,1.5,1.74,390,False
2022-03-07,0.38,1.55,1.78,390,False
2022-03-08,0.36,1.63,1.86,390,False
2022-03-09,0.38,1.68,1.94,390,False
2022-03-10,0.39,1.72,1.98,390,False
2022-03-11,0.4,1.75,2,390,False
2022-03-14,0.45,1.87,2.14,390,False
2022-03-15,0.46,1.85,2.15,390,False
2022-03-16,0.44,1.95,2.19,390,False
2022-03-17,0.4,1.94,2.2,390,False
2022-03-18,0.42,1.97,2.14,390,False
2022-03-21,0.54,2.14,2.32,390,False
2022-03-22,0.51,2.18,2.38,390,False
2022-03-23,0.5,2.13,2.32,390,False
2022-03-24,0.52,2.13,2.34,390,False
2022-03-25,0.55,2.3,2.48,390,False
2022-03-28,0.59,2.35,2.46,390,False
2022-03-29,0.55,2.35,2.41,390,False
2022-03-30,0.55,2.31,2.35,390,False
2022-03-31,0.52,2.28,2.32,390,False
2022-04-01,0.53,2.44,2.39,390,False
2022-04-04,0.66,2.43,2.42,390,False
2022-04-05,0.65,2.51,2.54,390,False
2022-04-06,0.67,2.5,2.61,390,False
2022-04-07,0.68,2.47,2.66,390,False
2022-04-08,0.7,2.53,2.72,390,False
2022-04-11,0.77,2.5,2.79,390,False
2022-04-12,0.74,2.39,2.72,390,False
2022-04-13,0.75,2.37,2.7,390,False
2022-04-14,0.79,2.47,2.83,390,False
2022-04-18,0.81,2.46,2.85,390,False
2022-04-19,0.81,2.61,2.93,390,False
2022-04-20,0.82,2.6,2.85,390,False
2022-04-21,0.83,2.68,2.9,390,False
2022-04-22,0.83,2.72,2.9,390,False
2022-04-25,0.91,2.63,2.81,390,False
2022-04-26,0.83,2.54,2.77,390,False
2022-04-27,0.82,2.58,2.82,390,False
2022-04-28,0.82,2.63,2.85,390,False
2022-04-29,0.85,2.7,2.89,390,False
2022-05-02,0.9,2.73,2.99,390,False
2022-05-03,0.91,2.78,2.97,390,False
2022-05-04,0.89,2.66,2.93,390,False
2022-05-05,0.85,2.71,3.05,390,False
2022-05-06,0.85,2.72,3.12,390,False
2022-05-09,0.92,2.61,3.05,390,False
2022-05-10,0.89,2.62,2.99,390,False
2022-05-11,0.91,2.66,2.91,390,False
2022-05-12,0.96,2.56,2.84,390,False
2022-05-13,1.03,2.61,2.93,390,False
2022-05-16,1.07,2.58,2.88,390,False
2022-05-17,1.06,2.71,2.98,390,False
2022-05-18,1.03,2.68,2.89,390,False
2022-05-19,1.05,2.63,2.84,390,False
2022-05-20,1.03,2.6,2.78,390,False
2022-05-23,1.07,2.65,2.86,390,False
2022-05-24,1.06,2.5,2.76,390,False
2022-05-25,1.06,2.48,2.75,390,False
2022-05-26,1.07,2.46,2.75,390,False
2022-05-27,1.08,2.47,2.74,390,False
2022-05-31,1.16,2.53,2.85,390,False
2022-06-01,1.15,2.66,2.94,390,False
2022-06-02,1.17,2.65,2.92,390,False
2022-06-03,1.21,2.66,2.96,390,False
2022-06-06,1.26,2.73,3.04,390,False
2022-06-07,1.26,2.75,2.98,390,False
2022-06-08,1.28,2.78,3.03,390,False
2022-06-09,1.3,2.83,3.04,390,False
2022-06-10,1.39,3.06,3.15,390,False
2022-06-13,1.73,3.4,3.43,390,False
2022-06-14,1.83,3.45,3.49,390,False
2022-06-15,1.74,3.2,3.33,390,False
2022-06-16,1.59,3.14,3.28,390,False
2022-06-17,1.63,3.17,3.25,390,False
2022-06-21,1.7,3.21,3.31,390,False
2022-06-22,1.61,3.06,3.16,390,False
2022-06-23,1.65,3.01,3.09,390,False
2022-06-24,1.73,3.04,3.13,390,False
2022-06-27,1.79,3.08,3.2,390,False
2022-06-28,1.79,3.1,3.2,390,False
2022-06-29,1.78,3.06,3.1,390,False
2022-06-30,1.72,2.92,2.98,390,False
2022-07-01,1.73,2.84,2.88,390,False
2022-07-05,1.9,2.82,2.82,390,False
2022-07-06,1.9,2.97,2.93,390,False
2022-07-07,1.95,3.03,3.01,390,False
2022-07-08,1.98,3.12,3.09,390,False
2022-07-11,2.18,3.07,2.99,390,False
2022-07-12,2.22,3.03,2.96,390,False
2022-07-13,2.39,3.13,2.91,390,False
2022-07-14,2.4,3.15,2.96,390,False
2022-07-15,2.37,3.13,2.93,390,False
2022-07-18,2.5,3.15,2.96,390,False
2022-07-19,2.52,3.23,3.01,390,False
2022-07-20,2.51,3.25,3.04,390,False
2022-07-21,2.48,3.1,2.91,390,False
2022-07-22,2.49,2.98,2.77,390,False
2022-07-25,2.62,3,2.81,390,False
2022-07-26,2.55,3.02,2.81,390,False
2022-07-27,2.44,2.96,2.78,390,False
2022-07-28,2.42,2.85,2.68,390,False
2022-07-29,2.41,2.89,2.67,390,False
2022-08-01,2.56,2.9,2.6,390,False
2022-08-02,2.56,3.06,2.75,390,False
2022-08-03,2.52,3.1,2.73,390,False
2022-08-04,2.5,3.03,2.68,390,False
2022-08-05,2.58,3.24,2.83,390,False
2022-08-08,2.65,3.21,2.77,390,False
2022-08-09,2.67,3.28,2.8,390,False
2022-08-10,2.65,3.23,2.78,390,False
2022-08-11,2.62,3.23,2.87,390,False
2022-08-12,2.63,3.25,2.84,390,False
2022-08-15,2.72,3.2,2.79,390,False
2022-08-16,2.7,3.25,2.82,390,False
2022-08-17,2.68,3.28,2.89,390,False
2022-08-18,2.71,3.22,2.88,390,False
2022-08-19,2.74,3.25,2.98,390,False
2022-08-22,2.82,3.32,3.03,390,False
2022-08-23,2.8,3.29,3.05,390,False
2022-08-24,2.82,3.36,3.11,390,False
2022-08-25,2.88,3.35,3.03,390,False
2022-08-26,2.89,3.37,3.04,390,False
2022-08-29,2.97,3.42,3.12,390,False
2022-08-30,2.97,3.46,3.11,390,False
2022-08-31,2.96,3.45,3.15,390,False
2022-09-01,2.97,3.51,3.26,390,False
2022-09-02,2.94,3.4,3.2,390,False
2022-09-06,3.04,3.5,3.33,390,False
2022-09-07,3.07,3.45,3.27,390,False
2022-09-08,3.06,3.48,3.29,390,False
2022-09-09,3.08,3.56,3.33,390,False
2022-09-12,3.17,3.58,3.37,390,False
2022-09-13,3.28,3.75,3.42,390,False
2022-09-14,3.24,3.78,3.41,390,False
2022-09-15,3.22,3.87,3.45,390,False
2022-09-16,3.2,3.85,3.45,390,False
2022-09-19,3.37,3.95,3.49,390,False
2022-09-20,3.35,3.96,3.57,390,False
2022-09-21,3.31,4.02,3.51,390,False
2022-09-22,3.29,4.11,3.7,390,False
2022-09-23,3.24,4.2,3.69,390,False
2022-09-26,3.39,4.27,3.88,390,False
2022-09-27,3.35,4.3,3.97,390,False
2022-09-28,3.4,4.07,3.72,390,False
2022-09-29,3.36,4.16,3.76,390,False
2022-09-30,3.33,4.22,3.83,390,False
2022-10-03,3.46,4.12,3.67,390,False
2022-10-04,3.45,4.1,3.62,390,False
2022-10-05,3.46,4.15,3.76,390,False
2022-10-06,3.46,4.23,3.83,390,False
2022-10-07,3.45,4.3,3.89,390,False
2022-10-10,,,,390,False
2022-10-11,3.67,4.3,3.93,390,False
2022-10-12,3.7,4.28,3.91,390,False
2022-10-13,3.79,4.47,3.97,390,False
2022-10-14,3.81,4.48,4,390,False
2022-10-17,3.97,4.45,4.02,390,False
2022-10-18,4.04,4.43,4.01,390,False
2022-10-19,4.07,4.55,4.14,390,False
2022-10-20,4.09,4.62,4.24,390,False
2022-10-21,4.09,4.49,4.21,390,False
2022-10-24,4.16,4.5,4.25,390,False
2022-10-25,4.14,4.42,4.1,390,False
2022-10-26,4.11,4.39,4.04,390,False
2022-10-27,4.13,4.3,3.96,390,False
2022-10-28,4.18,4.41,4.02,390,False
2022-10-31,4.22,4.51,4.1,390,False
2022-11-01,4.23,4.54,4.07,390,False
2022-11-02,4.22,4.61,4.1,390,False
2022-11-03,4.25,4.71,4.14,390,False
2022-11-04,4.21,4.66,4.17,390,False
2022-11-07,4.29,4.72,4.22,390,False
2022-11-08,4.28,4.67,4.14,390,False
2022-11-09,4.29,4.61,4.12,390,False
2022-11-10,4.28,4.34,3.82,390,False
2022-11-11,,,,390,False
2022-11-14,4.34,4.4,3.88,390,False
2022-11-15,4.31,4.37,3.8,390,False
2022-11-16,4.32,4.35,3.67,390,False
2022-11-17,4.32,4.43,3.77,390,False
2022-11-18,4.34,4.51,3.82,390,False
2022-11-21,4.41,4.48,3.83,390,False
2022-11-22,4.4,4.47,3.76,390,False
2022-11-23,4.4,4.46,3.71,390,False
2022-11-25,4.41,4.42,3.68,210,True
2022-11-28,4.41,4.46,3.69,390,False
2022-11-29,4.38,4.48,3.75,390,False
2022-11-30,4.37,4.38,3.68,390,False
2022-12-01,4.33,4.25,3.53,390,False
2022-12-02,4.34,4.28,3.51,390,False
2022-12-05,4.36,4.41,3.6,390,False
2022-12-06,4.37,4.34,3.51,390,False
2022-12-07,4.29,4.26,3.42,390,False
2022-12-08,4.28,4.31,3.48,390,False
2022-12-09,4.31,4.33,3.57,390,False
2022-12-12,4.38,4.39,3.61,390,False
2022-12-13,4.35,4.22,3.51,390,False
2022-12-14,4.33,4.23,3.49,390,False
2022-12-15,4.34,4.23,3.44,390,False
2022-12-16,4.31,4.17,3.48,390,False
2022-12-19,4.37,4.25,3.57,390,False
2022-12-20,4.35,4.25,3.69,390,False
2022-12-21,4.33,4.21,3.68,390,False
2022-12-22,4.35,4.24,3.67,390,False
2022-12-23,4.34,4.31,3.75,390,False
2022-12-27,4.46,4.32,3.84,390,False
2022-12-28,4.46,4.31,3.88,390,False
2022-12-29,4.45,4.34,3.83,390,False
2022-12-30,4.42,4.41,3.88,390,False
2023-01-03,4.53,4.4,3.79,390,False
2023-01-04,4.55,4.36,3.69,390,False
2023-01-05,4.66,4.45,3.71,390,False
2023-01-06,4.67,4.24,3.55,390,False
2023-01-09,4.7,4.19,3.53,390,False
2023-01-10,4.73,4.24,3.61,390,False
2023-01-11,4.72,4.2,3.54,390,False
2023-01-12,4.66,4.12,3.43,390,False
2023-01-13,4.67,4.22,3.49,390,False
2023-01-17,4.71,4.18,3.53,390,False
2023-01-18,4.69,4.06,3.37,390,False
2023-01-19,4.71,4.09,3.39,390,False
2023-01-20,4.72,4.14,3.48,390,False
2023-01-23,4.73,4.21,3.52,390,False
2023-01-24,4.72,4.12,3.46,390,False
2023-01-25,4.72,4.11,3.46,390,False
2023-01-26,4.71,4.17,3.49,390,False
2023-01-27,4.73,4.19,3.52,390,False
2023-01-30,4.72,4.25,3.55,390,False
2023-01-31,4.7,4.21,3.52,390,False
2023-02-01,4.66,4.09,3.39,390,False
2023-02-02,4.66,4.09,3.4,390,False
2023-02-03,4.7,4.3,3.53,390,False
2023-02-06,4.71,4.44,3.63,390,False
2023-02-07,4.71,4.47,3.67,390,False
2023-02-08,4.72,4.45,3.63,390,False
2023-02-09,4.77,4.48,3.67,390,False
2023-02-10,4.79,4.5,3.74,390,False
2023-02-13,4.81,4.52,3.72,390,False
2023-02-14,4.8,4.6,3.77,390,False
2023-02-15,4.79,4.62,3.81,390,False
2023-02-16,4.84,4.62,3.86,390,False
2023-02-17,4.84,4.6,3.82,390,False
2023-02-21,4.86,4.67,3.95,390,False
2023-02-22,4.84,4.66,3.93,390,False
2023-02-23,4.84,4.66,3.88,390,False
2023-02-24,4.86,4.78,3.95,390,False
2023-02-27,4.89,4.78,3.92,390,False
2023-02-28,4.88,4.81,3.92,390,False
2023-03-01,4.9,4.89,4.01,390,False
2023-03-02,4.91,4.89,4.08,390,False
2023-03-03,4.91,4.86,3.97,390,False
2023-03-06,4.93,4.89,3.98,390,False
2023-03-07,5.04,5,3.97,390,False
2023-03-08,5.06,5.05,3.98,390,False
2023-03-09,5.05,4.9,3.93,390,False
2023-03-10,5.01,4.6,3.7,390,False
2023-03-13,4.87,4.03,3.55,390,False
2023-03-14,4.88,4.2,3.64,390,False
2023-03-15,4.75,3.93,3.51,390,False
2023-03-16,4.74,4.14,3.56,390,False
2023-03-17,4.52,3.81,3.39,390,False
2023-03-20,4.81,3.92,3.47,390,False
2023-03-21,4.78,4.17,3.59,390,False
2023-03-22,4.79,3.96,3.48,390,False
2023-03-23,4.73,3.76,3.38,390,False
2023-03-24,4.74,3.76,3.38,390,False
2023-03-27,4.91,3.94,3.53,390,False
2023-03-28,4.8,4.02,3.55,390,False
2023-03-29,4.8,4.08,3.57,390,False
2023-03-30,4.97,4.1,3.55,390,False
2023-03-31,4.85,4.06,3.48,390,False
2023-04-03,4.9,3.97,3.43,390,False
2023-04-04,4.88,3.84,3.35,390,False
2023-04-05,4.86,3.79,3.3,390,False
2023-04-06,4.91,3.82,3.3,390,False
2023-04-10,5.08,4,3.41,390,False
2023-04-11,5.04,4.03,3.43,390,False
2023-04-12,5.02,3.95,3.41,390,False
2023-04-13,5.1,3.96,3.45,390,False
2023-04-14,5.14,4.08,3.52,390,False
2023-04-17,5.21,4.18,3.6,390,False
2023-04-18,5.2,4.19,3.58,390,False
2023-04-19,5.16,4.24,3.6,390,False
2023-04-20,5.12,4.14,3.54,390,False
2023-04-21,5.14,4.17,3.57,390,False
2023-04-24,5.2,4.12,3.52,390,False
2023-04-25,5.12,3.86,3.4,390,False
2023-04-26,5.16,3.9,3.43,390,False
2023-04-27,5.18,4.07,3.53,390,False
2023-04-28,5.1,4.04,3.44,390,False
2023-05-01,5.27,4.14,3.59,390,False
2023-05-02,5.24,3.97,3.44,390,False
2023-05-03,5.26,3.89,3.38,390,False
2023-05-04,5.26,3.75,3.37,390,False
2023-05-05,5.26,3.92,3.44,390,False
2023-05-08,5.31,4,3.52,390,False
2023-05-09,5.29,4.01,3.53,390,False
2023-05-10,5.24,3.9,3.43,390,False
2023-05-11,5.2,3.89,3.39,390,False
2023-05-12,5.25,3.98,3.46,390,False
2023-05-15,5.21,3.99,3.5,390,False
2023-05-16,5.23,4.06,3.54,390,False
2023-05-17,5.26,4.12,3.57,390,False
2023-05-18,5.31,4.24,3.65,390,False
2023-05-19,5.29,4.28,3.7,390,False
2023-05-22,5.4,4.29,3.72,390,False
2023-05-23,5.34,4.26,3.7,390,False
2023-05-24,5.37,4.31,3.73,390,False
2023-05-25,5.38,4.5,3.83,390,False
2023-05-26,5.34,4.54,3.8,390,False
2023-05-30,5.55,4.46,3.69,390,False
2023-05-31,5.52,4.4,3.64,390,False
2023-06-01,5.5,4.33,3.61,390,False
2023-06-02,5.5,4.5,3.69,390,False
2023-06-05,5.46,4.46,3.69,390,False
2023-06-06,5.44,4.51,3.7,390,False
2023-06-07,5.42,4.56,3.79,390,False
2023-06-08,5.38,4.52,3.73,390,False
2023-06-09,5.37,4.59,3.75,390,False
2023-06-12,5.4,4.55,3.73,390,False
2023-06-13,5.36,4.67,3.84,390,False
2023-06-14,5.36,4.74,3.83,390,False
2023-06-15,5.33,4.62,3.72,390,False
2023-06-16,5.34,4.7,3.77,390,False
2023-06-20,5.39,4.68,3.74,390,False
2023-06-21,5.4,4.68,3.72,390,False
2023-06-22,5.4,4.77,3.8,390,False
2023-06-23,5.41,4.71,3.74,390,False
2023-06-26,5.5,4.65,3.72,390,False
2023-06-27,5.44,4.74,3.77,390,False
2023-06-28,5.44,4.71,3.71,390,False
2023-06-29,5.46,4.87,3.85,390,False
2023-06-30,5.43,4.87,3.81,390,False
2023-07-03,5.44,4.94,3.86,210,True
2023-07-05,5.44,4.94,3.95,390,False
2023-07-06,5.46,4.99,4.05,390,False
2023-07-07,5.46,4.94,4.06,390,False
2023-07-10,5.48,4.85,4.01,390,False
2023-07-11,5.49,4.88,3.99,390,False
2023-07-12,5.47,4.72,3.86,390,False
2023-07-13,5.47,4.59,3.76,390,False
2023-07-14,5.49,4.74,3.83,390,False
2023-07-17,5.49,4.74,3.81,390,False
2023-07-18,5.49,4.74,3.8,390,False
2023-07-19,5.49,4.74,3.75,390,False
2023-07-20,5.49,4.8,3.85,390,False
2023-07-21,5.5,4.82,3.84,390,False
2023-07-24,5.51,4.81,3.86,390,False
2023-07-25,5.51,4.85,3.91,390,False
2023-07-26,5.51,4.82,3.86,390,False
2023-07-27,5.51,4.91,4.01,390,False
2023-07-28,5.52,4.87,3.96,390,False
2023-07-31,5.55,4.88,3.97,390,False
2023-08-01,5.54,4.92,4.05,390,False
2023-08-02,5.53,4.88,4.08,390,False
2023-08-03,5.54,4.9,4.2,390,False
2023-08-04,5.54,4.78,4.05,390,False
2023-08-07,5.56,4.76,4.09,390,False
2023-08-08,5.57,4.74,4.02,390,False
2023-08-09,5.55,4.79,4,390,False
2023-08-10,5.54,4.82,4.09,390,False
2023-08-11,5.54,4.89,4.16,390,False
2023-08-14,5.56,4.96,4.19,390,False
2023-08-15,5.56,4.92,4.21,390,False
2023-08-16,5.56,4.97,4.28,390,False
2023-08-17,5.56,4.94,4.3,390,False
2023-08-18,5.55,4.92,4.26,390,False
2023-08-21,5.57,4.97,4.34,390,False
2023-08-22,5.57,5.02,4.34,390,False
2023-08-23,5.57,4.95,4.19,390,False
2023-08-24,5.58,4.98,4.23,390,False
2023-08-25,5.61,5.03,4.25,390,False
2023-08-28,5.58,4.98,4.2,390,False
2023-08-29,5.56,4.87,4.12,390,False
2023-08-30,5.56,4.9,4.12,390,False
2023-08-31,5.56,4.85,4.09,390,False
2023-09-01,5.53,4.87,4.18,390,False
2023-09-05,5.55,4.94,4.27,390,False
2023-09-06,5.55,5.01,4.3,390,False
2023-09-07,5.53,4.94,4.27,390,False
2023-09-08,5.55,4.98,4.26,390,False
2023-09-11,5.55,4.97,4.29,390,False
2023-09-12,5.56,4.98,4.27,390,False
2023-09-13,5.55,4.96,4.25,390,False
2023-09-14,5.55,5,4.29,390,False
2023-09-15,5.56,5.02,4.33,390,False
2023-09-18,5.55,5.05,4.32,390,False
2023-09-19,5.54,5.08,4.37,390,False
2023-09-20,5.56,5.12,4.35,390,False
2023-09-21,5.57,5.12,4.49,390,False
2023-09-22,5.56,5.1,4.44,390,False
2023-09-25,5.58,5.09,4.55,390,False
2023-09-26,5.58,5.04,4.56,390,False
2023-09-27,5.58,5.1,4.61,390,False
2023-09-28,5.56,5.04,4.59,390,False
2023-09-29,5.55,5.03,4.59,390,False
2023-10-02,5.62,5.12,4.69,390,False
2023-10-03,5.62,5.15,4.81,390,False
2023-10-04,5.61,5.05,4.73,390,False
2023-10-05,5.61,5.03,4.72,390,False
2023-10-06,5.63,5.08,4.78,390,False
2023-10-09,,,,390,False
2023-10-10,5.61,4.96,4.66,390,False
2023-10-11,5.61,4.99,4.58,390,False
2023-10-12,5.63,5.06,4.7,390,False
2023-10-13,5.62,5.04,4.63,390,False
2023-10-16,5.61,5.09,4.71,390,False
2023-10-17,5.62,5.19,4.83,390,False
2023-10-18,5.61,5.19,4.91,390,False
2023-10-19,5.6,5.14,4.98,390,False
2023-10-20,5.58,5.07,4.93,390,False
2023-10-23,5.58,5.05,4.86,390,False
2023-10-24,5.58,5.02,4.83,390,False
2023-10-25,5.59,5.08,4.95,390,False
2023-10-26,5.59,5.02,4.86,390,False
2023-10-27,5.59,4.99,4.84,390,False
2023-10-30,5.6,5.03,4.88,390,False
2023-10-31,5.59,5.07,4.88,390,False
2023-11-01,5.57,4.95,4.77,390,False
2023-11-02,5.54,4.98,4.67,390,False
2023-11-03,5.53,4.83,4.57,390,False
2023-11-06,5.56,4.93,4.67,390,False
2023-11-07,5.55,4.91,4.58,390,False
2023-11-08,5.54,4.93,4.49,390,False
2023-11-09,5.54,5.03,4.62,390,False
2023-11-10,5.53,5.04,4.61,390,False
2023-11-13,5.55,5.02,4.63,390,False
2023-11-14,5.52,4.8,4.44,390,False
2023-11-15,5.53,4.9,4.53,390,False
2023-11-16,5.51,4.83,4.45,390,False
2023-11-17,5.5,4.88,4.44,390,False
2023-11-20,5.54,4.89,4.42,390,False
2023-11-21,5.53,4.86,4.41,390,False
2023-11-22,5.54,4.89,4.42,390,False
2023-11-24,5.54,4.92,4.47,210,True
2023-11-27,5.49,4.84,4.39,390,False
2023-11-28,5.47,4.73,4.34,390,False
2023-11-29,5.45,4.64,4.27,390,False
2023-11-30,5.45,4.73,4.37,390,False
2023-12-01,5.43,4.56,4.22,390,False
2023-12-04,5.46,4.64,4.28,390,False
2023-12-05,5.45,4.57,4.18,390,False
2023-12-06,5.45,4.6,4.12,390,False
2023-12-07,5.44,4.58,4.14,390,False
2023-12-08,5.44,4.71,4.23,390,False
2023-12-11,5.47,4.71,4.23,390,False
2023-12-12,5.46,4.73,4.2,390,False
2023-12-13,5.44,4.46,4.04,390,False
2023-12-14,5.43,4.37,3.92,390,False
2023-12-15,5.44,4.44,3.91,390,False
2023-12-18,5.46,4.43,3.95,390,False
2023-12-19,5.43,4.41,3.93,390,False
2023-12-20,5.44,4.34,3.86,390,False
2023-12-21,5.42,4.33,3.89,390,False
2023-12-22,5.44,4.31,3.9,390,False
2023-12-26,5.45,4.26,3.89,390,False
2023-12-27,5.44,4.2,3.79,390,False
2023-12-28,5.45,4.26,3.84,390,False
2023-12-29,5.4,4.23,3.88,390,False
2024-01-02,5.46,4.33,3.95,390,False
2024-01-03,5.48,4.33,3.91,390,False
2024-01-04,5.48,4.38,3.99,390,False
2024-01-05,5.47,4.4,4.05,390,False
2024-01-08,5.49,4.36,4.01,390,False
2024-01-09,5.47,4.36,4.02,390,False
2024-01-10,5.46,4.37,4.04,390,False
2024-01-11,5.46,4.26,3.98,390,False
2024-01-12,5.45,4.14,3.96,390,False
2024-01-16,5.45,4.22,4.07,390,False
2024-01-17,5.47,4.34,4.1,390,False
2024-01-18,5.45,4.34,4.14,390,False
2024-01-19,5.45,4.39,4.15,390,False
2024-01-22,5.46,4.37,4.11,390,False
2024-01-23,5.45,4.31,4.14,390,False
2024-01-24,5.44,4.34,4.18,390,False
2024-01-25,5.44,4.28,4.14,390,False
2024-01-26,5.44,4.34,4.15,390,False
2024-01-29,5.42,4.29,4.08,390,False
2024-01-30,5.42,4.36,4.06,390,False
2024-01-31,5.42,4.27,3.99,390,False
2024-02-01,5.42,4.2,3.87,390,False
2024-02-02,5.43,4.36,4.03,390,False
2024-02-05,5.42,4.46,4.17,390,False
2024-02-06,5.44,4.39,4.09,390,False
2024-02-07,5.43,4.41,4.09,390,False
2024-02-08,5.44,4.46,4.15,390,False
2024-02-09,5.44,4.48,4.17,390,False
2024-02-12,5.43,4.46,4.17,390,False
2024-02-13,5.45,4.64,4.31,390,False
2024-02-14,5.43,4.56,4.27,390,False
2024-02-15,5.43,4.56,4.24,390,False
2024-02-16,5.44,4.64,4.3,390,False
2024-02-20,5.44,4.59,4.27,390,False
2024-02-21,5.44,4.64,4.32,390,False
2024-02-22,5.45,4.69,4.33,390,False
2024-02-23,5.46,4.67,4.26,390,False
2024-02-26,5.47,4.69,4.28,390,False
2024-02-27,5.45,4.7,4.31,390,False
2024-02-28,5.45,4.64,4.27,390,False
2024-02-29,5.45,4.64,4.25,390,False
2024-03-01,5.42,4.54,4.19,390,False
2024-03-04,5.48,4.61,4.22,390,False
2024-03-05,5.47,4.54,4.13,390,False
2024-03-06,5.47,4.55,4.11,390,False
2024-03-07,5.47,4.5,4.09,390,False
2024-03-08,5.46,4.48,4.09,390,False
2024-03-11,5.48,4.51,4.1,390,False
2024-03-12,5.48,4.58,4.16,390,False
2024-03-13,5.48,4.61,4.19,390,False
2024-03-14,5.48,4.68,4.29,390,False
2024-03-15,5.48,4.72,4.31,390,False
2024-03-18,5.48,4.73,4.34,390,False
2024-03-19,5.48,4.68,4.3,390,False
2024-03-20,5.47,4.59,4.27,390,False
2024-03-21,5.48,4.62,4.27,390,False
2024-03-22,5.46,4.59,4.22,390,False
2024-03-25,5.46,4.54,4.25,390,False
2024-03-26,5.46,4.56,4.24,390,False
2024-03-27,5.45,4.54,4.2,390,False
2024-03-28,5.46,4.59,4.2,390,False
2024-04-01,5.44,4.72,4.33,390,False
2024-04-02,5.42,4.7,4.36,390,False
2024-04-03,5.42,4.68,4.36,390,False
2024-04-04,5.41,4.65,4.31,390,False
2024-04-05,5.43,4.73,4.39,390,False
2024-04-08,5.43,4.78,4.42,390,False
2024-04-09,5.43,4.74,4.36,390,False
2024-04-10,5.45,4.97,4.55,390,False
2024-04-11,5.45,4.93,4.56,390,False
2024-04-12,5.45,4.88,4.5,390,False
2024-04-15,5.45,4.93,4.63,390,False
2024-04-16,5.45,4.97,4.67,390,False
2024-04-17,5.45,4.93,4.59,390,False
2024-04-18,5.46,4.98,4.64,390,False
2024-04-19,5.45,4.97,4.62,390,False
2024-04-22,5.42,4.97,4.62,390,False
2024-04-23,5.45,4.86,4.61,390,False
2024-04-24,5.46,4.89,4.65,390,False
2024-04-25,5.47,4.96,4.7,390,False
2024-04-26,5.46,4.96,4.67,390,False
2024-04-29,5.45,4.97,4.63,390,False
2024-04-30,5.46,5.04,4.69,390,False
2024-05-01,5.46,4.96,4.63,390,False
2024-05-02,5.46,4.87,4.58,390,False
2024-05-03,5.45,4.81,4.5,390,False
2024-05-06,5.45,4.82,4.49,390,False
2024-05-07,5.45,4.82,4.47,390,False
2024-05-08,5.45,4.84,4.48,390,False
2024-05-09,5.46,4.8,4.45,390,False
2024-05-10,5.47,4.87,4.5,390,False
2024-05-13,5.45,4.85,4.48,390,False
2024-05-14,5.44,4.81,4.45,390,False
2024-05-15,5.45,4.73,4.36,390,False
2024-05-16,5.45,4.78,4.38,390,False
2024-05-17,5.46,4.83,4.42,390,False
2024-05-20,5.45,4.82,4.44,390,False
2024-05-21,5.45,4.82,4.41,390,False
2024-05-22,5.45,4.86,4.43,390,False
2024-05-23,5.46,4.91,4.47,390,False
2024-05-24,5.46,4.93,4.46,390,False
2024-05-28,5.46,4.94,4.54,390,False
2024-05-29,5.46,4.96,4.61,390,False
2024-05-30,5.46,4.92,4.55,390,False
2024-05-31,5.46,4.89,4.51,390,False
2024-06-03,5.52,4.82,4.41,390,False
2024-06-04,5.52,4.77,4.33,390,False
2024-06-05,5.51,4.72,4.29,390,False
2024-06-06,5.51,4.72,4.28,390,False
2024-06-07,5.52,4.87,4.43,390,False
2024-06-10,5.52,4.87,4.47,390,False
2024-06-11,5.52,4.81,4.39,390,False
2024-06-12,5.51,4.75,4.31,390,False
2024-06-13,5.51,4.68,4.24,390,False
2024-06-14,5.51,4.67,4.2,390,False
2024-06-17,5.52,4.75,4.28,390,False
2024-06-18,5.5,4.69,4.22,390,False
2024-06-20,5.5,4.7,4.25,390,False
2024-06-21,5.49,4.7,4.25,390,False
2024-06-24,5.5,4.71,4.25,390,False
2024-06-25,5.49,4.65,4.23,390,False
2024-06-26,5.5,4.71,4.32,390,False
2024-06-27,5.49,4.7,4.29,390,False
2024-06-28,5.48,4.71,4.36,390,False
2024-07-01,5.47,4.77,4.48,390,False
2024-07-02,5.47,4.74,4.43,390,False
2024-07-03,5.47,4.71,4.36,210,True
2024-07-05,5.46,4.6,4.28,390,False
2024-07-08,5.46,4.62,4.28,390,False
2024-07-09,5.46,4.62,4.3,390,False
2024-07-10,5.46,4.62,4.28,390,False
2024-07-11,5.44,4.5,4.2,390,False
2024-07-12,5.43,4.45,4.18,390,False
2024-07-15,5.43,4.44,4.23,390,False
2024-07-16,5.43,4.43,4.17,390,False
2024-07-17,5.43,4.42,4.16,390,False
2024-07-18,5.43,4.46,4.2,390,False
2024-07-19,5.43,4.49,4.25,390,False
2024-07-22,5.43,4.5,4.26,390,False
2024-07-23,5.41,4.4,4.25,390,False
2024-07-24,5.4,4.37,4.28,390,False
2024-07-25,5.39,4.41,4.27,390,False
2024-07-26,5.38,4.36,4.2,390,False
2024-07-29,5.41,4.36,4.17,390,False
2024-07-30,5.4,4.35,4.15,390,False
2024-07-31,5.41,4.29,4.09,390,False
2024-08-01,5.37,4.16,3.99,390,False
2024-08-02,5.29,3.88,3.8,390,False
2024-08-05,5.35,3.89,3.78,390,False
2024-08-06,5.34,3.99,3.9,390,False
2024-08-07,5.34,4,3.96,390,False
2024-08-08,5.34,4.04,3.99,390,False
2024-08-09,5.33,4.05,3.94,390,False
2024-08-12,5.33,4.01,3.9,390,False
2024-08-13,5.32,3.93,3.85,390,False
2024-08-14,5.32,3.94,3.83,390,False
2024-08-15,5.34,4.08,3.92,390,False
2024-08-16,5.33,4.06,3.89,390,False
2024-08-19,5.31,4.06,3.86,390,False
2024-08-20,5.29,3.99,3.82,390,False
2024-08-21,5.26,3.92,3.79,390,False
2024-08-22,5.28,3.99,3.86,390,False
2024-08-23,5.25,3.9,3.81,390,False
2024-08-26,5.24,3.91,3.82,390,False
2024-08-27,5.23,3.83,3.83,390,False
2024-08-28,5.21,3.83,3.84,390,False
2024-08-29,5.22,3.87,3.87,390,False
2024-08-30,5.21,3.91,3.91,390,False
2024-09-03,5.19,3.88,3.84,390,False
2024-09-04,5.18,3.76,3.77,390,False
2024-09-05,5.15,3.75,3.73,390,False
2024-09-06,5.13,3.66,3.72,390,False
2024-09-09,5.11,3.68,3.7,390,False
2024-09-10,5.06,3.59,3.65,390,False
2024-09-11,5.1,3.62,3.65,390,False
2024-09-12,5.06,3.64,3.68,390,False
2024-09-13,4.97,3.57,3.66,390,False
2024-09-16,4.96,3.56,3.63,390,False
2024-09-17,4.95,3.59,3.65,390,False
2024-09-18,4.84,3.61,3.7,390,False
2024-09-19,4.8,3.59,3.73,390,False
2024-09-20,4.75,3.55,3.73,390,False
2024-09-23,4.72,3.57,3.75,390,False
2024-09-24,4.69,3.49,3.74,390,False
2024-09-25,4.69,3.53,3.79,390,False
2024-09-26,4.68,3.6,3.79,390,False
2024-09-27,4.68,3.55,3.75,390,False
2024-09-30,4.73,3.66,3.81,390,False
2024-10-01,4.71,3.61,3.74,390,False
2024-10-02,4.69,3.63,3.79,390,False
2024-10-03,4.68,3.7,3.85,390,False
2024-10-04,4.73,3.93,3.98,390,False
2024-10-07,4.77,3.99,4.03,390,False
2024-10-08,4.75,3.98,4.04,390,False
2024-10-09,4.75,3.99,4.06,390,False
2024-10-10,4.75,3.98,4.09,390,False
2024-10-11,4.73,3.95,4.08,390,False
2024-10-14,,,,390,False
2024-10-15,4.73,3.95,4.03,390,False
2024-10-16,4.72,3.93,4.02,390,False
2024-10-17,4.74,3.96,4.09,390,False
2024-10-18,4.73,3.95,4.08,390,False
2024-10-21,4.73,4.02,4.19,390,False
2024-10-22,4.72,4.03,4.2,390,False
2024-10-23,4.73,4.07,4.24,390,False
2024-10-24,4.7,4.07,4.21,390,False
2024-10-25,4.73,4.11,4.25,390,False
2024-10-28,4.7,4.12,4.28,390,False
2024-10-29,4.7,4.11,4.28,390,False
2024-10-30,4.67,4.15,4.29,390,False
2024-10-31,4.64,4.16,4.28,390,False
2024-11-01,4.61,4.21,4.37,390,False
2024-11-04,4.65,4.17,4.31,390,False
2024-11-05,4.64,4.19,4.26,390,False
2024-11-06,4.64,4.27,4.42,390,False
2024-11-07,4.63,4.21,4.31,390,False
2024-11-08,4.63,4.26,4.3,390,False
2024-11-11,,,,390,False
2024-11-12,4.63,4.34,4.43,390,False
2024-11-13,4.6,4.27,4.44,390,False
2024-11-14,4.61,4.34,4.43,390,False
2024-11-15,4.6,4.31,4.43,390,False
2024-11-18,4.63,4.29,4.42,390,False
2024-11-19,4.62,4.27,4.39,390,False
2024-11-20,4.62,4.31,4.41,390,False
2024-11-21,4.63,4.34,4.43,390,False
2024-11-22,4.63,4.37,4.41,390,False
2024-11-25,4.62,4.21,4.27,390,False
2024-11-26,4.61,4.21,4.3,390,False
2024-11-27,4.6,4.19,4.25,390,False
2024-11-29,4.58,4.13,4.18,210,True
2024-12-02,4.51,4.17,4.19,390,False
2024-12-03,4.49,4.17,4.23,390,False
2024-12-04,4.47,4.13,4.19,390,False
2024-12-05,4.46,4.15,4.17,390,False
2024-12-06,4.42,4.1,4.15,390,False
2024-12-09,4.42,4.13,4.2,390,False
2024-12-10,4.41,4.15,4.22,390,False
2024-12-11,4.38,4.15,4.26,390,False
2024-12-12,4.35,4.18,4.32,390,False
2024-12-13,4.34,4.25,4.4,390,False
2024-12-16,4.37,4.25,4.39,390,False
2024-12-17,4.38,4.25,4.4,390,False
2024-12-18,4.36,4.35,4.5,390,False
2024-12-19,4.35,4.32,4.57,390,False
2024-12-20,4.34,4.3,4.52,390,False
2024-12-23,4.36,4.3,4.59,390,False
2024-12-24,4.4,4.29,4.59,210,True
2024-12-26,4.35,4.3,4.58,390,False
2024-12-27,4.31,4.31,4.62,390,False
2024-12-30,4.37,4.24,4.55,390,False
2024-12-31,4.37,4.25,4.58,390,False
2025-01-02,4.36,4.25,4.57,390,False
2025-01-03,4.34,4.28,4.6,390,False
2025-01-06,4.35,4.28,4.62,390,False
2025-01-07,4.35,4.3,4.67,390,False
2025-01-08,4.35,4.28,4.67,390,False
2025-01-10,4.36,4.4,4.77,390,False
2025-01-13,4.37,4.4,4.79,390,False
2025-01-14,4.36,4.37,4.78,390,False
2025-01-15,4.35,4.27,4.66,390,False
2025-01-16,4.34,4.23,4.61,390,False
2025-01-17,4.34,4.27,4.61,390,False
2025-01-21,4.36,4.29,4.57,390,False
2025-01-22,4.36,4.29,4.6,390,False
2025-01-23,4.36,4.29,4.65,390,False
2025-01-24,4.35,4.27,4.63,390,False
2025-01-27,4.32,4.17,4.53,390,False
2025-01-28,4.31,4.19,4.55,390,False
2025-01-29,4.31,4.21,4.55,390,False
2025-01-30,4.3,4.18,4.52,390,False
2025-01-31,4.31,4.22,4.58,390,False
2025-02-03,4.34,4.26,4.54,390,False
2025-02-04,4.33,4.21,4.52,390,False
2025-02-05,4.33,4.17,4.43,390,False
2025-02-06,4.34,4.21,4.45,390,False
2025-02-07,4.35,4.29,4.49,390,False
2025-02-10,4.35,4.28,4.51,390,False
2025-02-11,4.35,4.29,4.54,390,False
2025-02-12,4.35,4.36,4.62,390,False
2025-02-13,4.34,4.31,4.52,390,False
2025-02-14,4.34,4.26,4.47,390,False
2025-02-18,4.34,4.29,4.55,390,False
2025-02-19,4.34,4.28,4.53,390,False
2025-02-20,4.33,4.28,4.5,390,False
2025-02-21,4.32,4.19,4.42,390,False
2025-02-24,4.31,4.13,4.4,390,False
2025-02-25,4.3,4.07,4.3,390,False
2025-02-26,4.31,4.05,4.25,390,False
2025-02-27,4.32,4.07,4.29,390,False
2025-02-28,4.32,3.99,4.24,390,False
2025-03-03,4.35,3.96,4.16,390,False
2025-03-04,4.34,3.96,4.22,390,False
2025-03-05,4.35,3.99,4.28,390,False
2025-03-06,4.34,3.96,4.29,390,False
2025-03-07,4.34,3.99,4.32,390,False
2025-03-10,4.33,3.89,4.22,390,False
2025-03-11,4.34,3.94,4.28,390,False
2025-03-12,4.35,4.01,4.32,390,False
2025-03-13,4.34,3.94,4.27,390,False
2025-03-14,4.33,4.02,4.31,390,False
2025-03-17,4.34,4.06,4.31,390,False
2025-03-18,4.34,4.04,4.29,390,False
2025-03-19,4.33,3.99,4.25,390,False
2025-03-20,4.33,3.95,4.24,390,False
2025-03-21,4.33,3.94,4.25,390,False
2025-03-24,4.33,4.04,4.34,390,False
2025-03-25,4.33,3.96,4.31,390,False
2025-03-26,4.33,3.98,4.35,390,False
2025-03-27,4.33,3.97,4.38,390,False
2025-03-28,4.33,3.89,4.27,390,False
2025-03-31,4.32,3.89,4.23,390,False
2025-04-01,4.32,3.87,4.17,390,False
2025-04-02,4.32,3.91,4.2,390,False
2025-04-03,4.31,3.71,4.06,390,False
2025-04-04,4.28,3.68,4.01,390,False
2025-04-07,4.29,3.73,4.15,390,False
2025-04-08,4.31,3.71,4.26,390,False
2025-04-09,4.35,3.91,4.34,390,False
2025-04-10,4.34,3.84,4.4,390,False
2025-04-11,4.34,3.96,4.48,390,False
2025-04-14,4.33,3.84,4.38,390,False
2025-04-15,4.33,3.84,4.35,390,False
2025-04-16,4.33,3.77,4.29,390,False
2025-04-17,4.34,3.81,4.34,390,False
2025-04-21,4.34,3.75,4.42,390,False
2025-04-22,4.33,3.76,4.41,390,False
2025-04-23,4.33,3.81,4.4,390,False
2025-04-24,4.32,3.77,4.32,390,False
2025-04-25,4.32,3.74,4.29,390,False
2025-04-28,4.32,3.67,4.23,390,False
2025-04-29,4.31,3.65,4.19,390,False
2025-04-30,4.31,3.6,4.17,390,False
2025-05-01,4.31,3.7,4.25,390,False
2025-05-02,4.33,3.83,4.33,390,False
2025-05-05,4.33,3.83,4.36,390,False
2025-05-06,4.33,3.78,4.3,390,False
2025-05-07,4.34,3.78,4.26,390,False
2025-05-08,4.34,3.9,4.37,390,False
2025-05-09,4.34,3.88,4.37,390,False
2025-05-12,4.42,3.98,4.45,390,False
2025-05-13,4.41,4.02,4.49,390,False
2025-05-14,4.41,4.05,4.53,390,False
2025-05-15,4.38,3.96,4.45,390,False
2025-05-16,4.37,3.98,4.43,390,False
2025-05-19,4.39,3.97,4.46,390,False
2025-05-20,4.38,3.97,4.48,390,False
2025-05-21,4.36,4,4.58,390,False
2025-05-22,4.37,4,4.54,390,False
2025-05-23,4.36,4,4.51,390,False
2025-05-27,4.35,3.92,4.43,390,False
2025-05-28,4.35,3.96,4.47,390,False
2025-05-29,4.36,3.92,4.43,390,False
2025-05-30,4.36,3.89,4.41,390,False
2025-06-02,4.44,3.94,4.46,390,False
2025-06-03,4.43,3.96,4.46,390,False
2025-06-04,4.44,3.87,4.37,390,False
2025-06-05,4.44,3.92,4.4,390,False
2025-06-06,4.43,4.04,4.51,390,False
2025-06-09,4.44,4.01,4.49,390,False
2025-06-10,4.45,4.01,4.47,390,False
2025-06-11,4.45,3.94,4.41,390,False
2025-06-12,4.46,3.9,4.36,390,False
2025-06-13,4.45,3.96,4.41,390,False
2025-06-16,4.43,3.97,4.46,390,False
2025-06-17,4.42,3.94,4.39,390,False
2025-06-18,4.42,3.94,4.38,390,False
2025-06-20,4.39,3.9,4.38,390,False
2025-06-23,4.38,3.84,4.34,390,False
2025-06-24,4.38,3.75,4.3,390,False
2025-06-25,4.38,3.74,4.29,390,False
2025-06-26,4.39,3.7,4.26,390,False
2025-06-27,4.39,3.73,4.29,390,False
2025-06-30,4.41,3.72,4.24,390,False
2025-07-01,4.4,3.78,4.26,390,False
2025-07-02,4.41,3.78,4.3,390,False
2025-07-03,4.42,3.88,4.35,210,True
2025-07-07,4.42,3.9,4.4,390,False
2025-07-08,4.42,3.9,4.42,390,False
2025-07-09,4.42,3.86,4.34,390,False
2025-07-10,4.42,3.86,4.35,390,False
2025-07-11,4.41,3.9,4.43,390,False
2025-07-14,4.42,3.9,4.43,390,False
2025-07-15,4.42,3.95,4.5,390,False
2025-07-16,4.41,3.88,4.46,390,False
2025-07-17,4.41,3.91,4.47,390,False
2025-07-18,4.4,3.88,4.44,390,False
2025-07-21,4.41,3.85,4.38,390,False
2025-07-22,4.41,3.83,4.35,390,False
2025-07-23,4.41,3.88,4.4,390,False
2025-07-24,4.42,3.91,4.43,390,False
2025-07-25,4.42,3.91,4.4,390,False
2025-07-28,4.4,3.91,4.42,390,False
2025-07-29,4.4,3.86,4.34,390,False
2025-07-30,4.41,3.94,4.38,390,False
2025-07-31,4.41,3.94,4.37,390,False
2025-08-01,4.35,3.69,4.23,390,False
2025-08-04,4.35,3.69,4.22,390,False
2025-08-05,4.34,3.72,4.22,390,False
2025-08-06,4.32,3.69,4.22,390,False
2025-08-07,4.32,3.72,4.23,390,False
2025-08-08,4.32,3.76,4.27,390,False
2025-08-11,4.34,3.76,4.27,390,False
2025-08-12,4.33,3.72,4.29,390,False
2025-08-13,4.29,3.67,4.24,390,False
2025-08-14,4.3,3.74,4.29,390,False
2025-08-15,4.3,3.75,4.33,390,False
2025-08-18,4.33,3.77,4.34,390,False
2025-08-19,4.3,3.75,4.3,390,False
2025-08-20,4.3,3.74,4.29,390,False
2025-08-21,4.32,3.79,4.33,390,False
2025-08-22,4.27,3.68,4.26,390,False
2025-08-25,4.29,3.73,4.28,390,False
2025-08-26,4.28,3.61,4.26,390,False
2025-08-27,4.26,3.59,4.24,390,False
2025-08-28,4.26,3.62,4.22,390,False
2025-08-29,4.23,3.59,4.23,390,False
2025-09-02,4.2,3.66,4.28,390,False
2025-09-03,4.18,3.61,4.22,390,False
2025-09-04,4.16,3.59,4.17,390,False
2025-09-05,4.07,3.51,4.1,390,False
2025-09-08,4.1,3.49,4.05,390,False
2025-09-09,4.1,3.54,4.08,390,False
2025-09-10,4.09,3.54,4.04,390,False
2025-09-11,4.08,3.52,4.01,390,False
2025-09-12,4.08,3.56,4.06,390,False
2025-09-15,4.06,3.54,4.05,390,False
2025-09-16,4.04,3.51,4.04,390,False
2025-09-17,4.02,3.52,4.06,390,False
2025-09-18,4.03,3.57,4.11,390,False
2025-09-19,4.03,3.57,4.14,390,False
2025-09-22,4,3.61,4.15,390,False
2025-09-23,4,3.53,4.12,390,False
2025-09-24,4.02,3.57,4.16,390,False
2025-09-25,4.04,3.64,4.18,390,False
2025-09-26,4.02,3.63,4.2,390,False
2025-09-29,4.04,3.63,4.15,390,False
2025-09-30,4.02,3.6,4.16,390,False
2025-10-01,4.01,3.55,4.12,390,False
2025-10-02,4.02,3.55,4.1,390,False
2025-10-03,4.03,3.58,4.13,390,False
2025-10-06,4.02,3.6,4.18,390,False
2025-10-07,4.01,3.57,4.14,390,False
2025-10-08,4.01,3.58,4.13,390,False
2025-10-09,4.03,3.6,4.14,390,False
2025-10-10,4.02,3.52,4.05,390,False
2025-10-13,,,,390,False
2025-10-14,4.02,3.48,4.03,390,False
2025-10-15,4.03,3.5,4.05,390,False
2025-10-16,4.02,3.41,3.99,390,False
2025-10-17,4,3.46,4.02,390,False
2025-10-20,3.97,3.46,4,390,False
2025-10-21,3.96,3.45,3.98,390,False
2025-10-22,3.96,3.45,3.97,390,False
2025-10-23,3.95,3.48,4.01,390,False
2025-10-24,3.93,3.48,4.02,390,False
2025-10-27,3.89,3.48,4.01,390,False
2025-10-28,3.89,3.47,3.99,390,False
2025-10-29,3.93,3.59,4.08,390,False
2025-10-30,3.92,3.61,4.11,390,False
2025-10-31,3.89,3.6,4.11,390,False
2025-11-03,3.98,3.6,4.13,390,False
2025-11-04,3.96,3.58,4.1,390,False
2025-11-05,3.96,3.63,4.17,390,False
2025-11-06,3.93,3.57,4.11,390,False
2025-11-07,3.92,3.55,4.11,390,False
2025-11-10,3.95,3.58,4.13,390,False
2025-11-11,,,,390,False
2025-11-12,3.95,3.56,4.08,390,False
2025-11-13,3.96,3.58,4.11,390,False
2025-11-14,3.95,3.62,4.14,390,False
2025-11-17,3.97,3.6,4.13,390,False
2025-11-18,3.94,3.58,4.12,390,False
2025-11-19,3.95,3.58,4.13,390,False
2025-11-20,3.94,3.55,4.1,390,False
2025-11-21,3.9,3.51,4.06,390,False
2025-11-24,3.91,3.46,4.04,390,False
2025-11-25,3.9,3.43,4.01,390,False
2025-11-26,3.92,3.45,4,390,False
2025-11-28,3.88,3.47,4.02,210,True
2025-12-01,3.81,3.54,4.09,390,False
2025-12-02,3.77,3.51,4.09,390,False
2025-12-03,3.72,3.49,4.06,390,False
2025-12-04,3.71,3.52,4.11,390,False
2025-12-05,3.71,3.56,4.14,390,False
2025-12-08,3.73,3.57,4.17,390,False
2025-12-09,3.73,3.61,4.18,390,False
2025-12-10,3.69,3.54,4.13,390,False
2025-12-11,3.66,3.52,4.14,390,False
2025-12-12,3.63,3.52,4.19,390,False
2025-12-15,3.65,3.51,4.18,390,False
2025-12-16,3.64,3.48,4.15,390,False
2025-12-17,3.64,3.49,4.16,390,False
2025-12-18,3.62,3.46,4.12,390,False
2025-12-19,3.62,3.48,4.16,390,False
2025-12-22,3.64,3.44,4.17,390,False
2025-12-23,3.65,3.48,4.18,390,False
2025-12-24,3.69,3.47,4.15,210,True
2025-12-26,3.64,3.46,4.14,390,False
2025-12-29,3.68,3.45,4.12,390,False
2025-12-30,3.65,3.45,4.14,390,False
2025-12-31,3.67,3.47,4.18,390,False
2026-01-02,3.65,3.47,4.19,390,False
2026-01-05,3.64,3.46,4.17,390,False
2026-01-06,3.63,3.47,4.18,390,False
2026-01-07,3.62,3.47,4.15,390,False
2026-01-08,3.62,3.49,4.19,390,False
2026-01-09,3.62,3.54,4.18,390,False
2026-01-12,3.67,3.54,4.19,390,False
2026-01-13,3.67,3.53,4.18,390,False
2026-01-14,3.67,3.51,4.15,390,False
2026-01-15,3.68,3.56,4.17,390,False
2026-01-16,3.67,3.59,4.24,390,False
2026-01-20,3.7,3.6,4.3,390,False
2026-01-21,3.7,3.6,4.26,390,False
2026-01-22,3.71,3.61,4.26,390,False
2026-01-23,3.7,3.6,4.24,390,False
2026-01-26,3.67,3.56,4.22,390,False
2026-01-27,3.67,3.53,4.24,390,False
2026-01-28,3.68,3.56,4.26,390,False
2026-01-29,3.67,3.53,4.24,390,False
2026-01-30,3.67,3.52,4.26,390,False
2026-02-02,3.69,3.57,4.29,390,False
2026-02-03,3.69,3.57,4.28,390,False
2026-02-04,3.69,3.57,4.29,390,False
2026-02-05,3.67,3.47,4.21,390,False
2026-02-06,3.68,3.5,4.22,390,False
2026-02-09,3.69,3.48,4.22,390,False
2026-02-10,3.69,3.45,4.16,390,False
2026-02-11,3.7,3.52,4.18,390,False
2026-02-12,3.7,3.47,4.09,390,False
2026-02-13,3.68,3.4,4.04,390,False
2026-02-17,3.69,3.43,4.05,390,False
2026-02-18,3.7,3.47,4.09,390,False
2026-02-19,3.69,3.47,4.08,390,False
2026-02-20,3.69,3.48,4.08,390,False
2026-02-23,3.69,3.43,4.03,390,False
2026-02-24,3.69,3.43,4.04,390,False
2026-02-25,3.69,3.45,4.05,390,False
2026-02-26,3.68,3.42,4.02,390,False
2026-02-27,3.67,3.38,3.97,390,False
2026-03-02,3.72,3.47,4.05,390,False
2026-03-03,3.71,3.51,4.06,390,False
2026-03-04,3.71,3.54,4.09,390,False
2026-03-05,3.7,3.57,4.13,390,False
2026-03-06,3.69,3.56,4.15,390,False
2026-03-09,3.71,3.56,4.12,390,False
2026-03-10,3.71,3.57,4.15,390,False
2026-03-11,3.71,3.64,4.21,390,False
2026-03-12,3.72,3.76,4.27,390,False
2026-03-13,3.72,3.73,4.28,390,False
2026-03-16,3.72,3.68,4.23,390,False
2026-03-17,3.72,3.68,4.2,390,False
2026-03-18,3.73,3.76,4.26,390,False
2026-03-19,3.73,3.79,4.25,390,False
2026-03-20,3.74,3.88,4.39,390,False
2026-03-23,3.74,3.83,4.34,390,False
2026-03-24,3.74,3.9,4.39,390,False
2026-03-25,3.73,3.84,4.33,390,False
2026-03-26,3.73,3.96,4.42,390,False
2026-03-27,3.73,3.88,4.44,390,False
2026-03-30,3.71,3.82,4.35,390,False
2026-03-31,3.7,3.79,4.3,390,False
2026-04-01,3.7,3.81,4.33,390,False
2026-04-02,3.7,3.79,4.31,390,False
2026-04-06,3.72,3.84,4.34,390,False
2026-04-07,3.71,3.81,4.33,390,False
2026-04-08,3.69,3.79,4.29,390,False
2026-04-09,3.68,3.78,4.29,390,False
2026-04-10,3.69,3.81,4.31,390,False
2026-04-13,3.71,3.78,4.3,390,False
2026-04-14,3.71,3.76,4.26,390,False
2026-04-15,3.71,3.76,4.29,390,False
2026-04-16,3.7,3.78,4.32,390,False
2026-04-17,3.7,3.71,4.26,390,False
2026-04-20,3.71,3.72,4.26,390,False
2026-04-21,3.69,3.78,4.3,390,False
2026-04-22,3.69,3.79,4.3,390,False
2026-04-23,3.69,3.83,4.34,390,False
2026-04-24,3.69,3.78,4.31,390,False
2026-04-27,3.68,3.78,4.35,390,False
2026-04-28,3.68,3.84,4.36,390,False
2026-04-29,3.68,3.92,4.42,390,False
2026-04-30,3.68,3.88,4.4,390,False
2026-05-01,3.68,3.88,4.39,390,False
2026-05-04,3.7,3.95,4.45,390,False
2026-05-05,3.69,3.93,4.43,390,False
2026-05-06,3.69,3.87,4.36,390,False
2026-05-07,3.69,3.92,4.41,390,False
2026-05-08,3.69,3.9,4.38,390,False
2026-05-11,3.7,3.95,4.42,390,False
2026-05-12,3.7,4,4.46,390,False
2026-05-13,3.69,3.98,4.46,390,False
2026-05-14,3.69,4,4.47,390,False
2026-05-15,3.69,4.09,4.59,390,False
2026-05-18,3.68,4.07,4.61,390,False
2026-05-19,3.67,4.13,4.67,390,False
2026-05-20,3.65,4.04,4.57,390,False
2026-05-21,3.68,4.08,4.57,390,False
2026-05-22,3.68,4.13,4.56,390,False
2026-05-26,3.68,4.01,4.5,390,False
2026-05-27,3.68,4,4.48,390,False
2026-05-28,3.69,3.99,4.45,390,False
2026-05-29,3.69,3.98,4.45,390,False
2026-06-01,3.78,4.05,4.47,390,False
2026-06-02,3.77,4.05,4.46,390,False
2026-06-03,3.78,4.08,4.49,390,False
2026-06-04,3.78,4.05,4.47,390,False
2026-06-05,3.78,4.17,4.55,390,False
2026-06-08,3.8,4.15,4.56,390,False
2026-06-09,3.79,4.13,4.53,390,False
2026-06-10,3.79,4.13,4.55,390,False
2026-06-11,3.78,4.05,4.45,390,False
2026-06-12,3.78,4.09,4.48,390,False
2026-06-15,3.79,4.07,4.47,390,False
2026-06-16,3.79,4.05,4.43,390,False
2026-06-17,3.83,4.2,4.49,390,False
2026-06-18,3.83,4.19,4.46,390,False
2026-06-22,3.85,4.24,4.51,390,False
2026-06-23,3.85,4.16,4.5,390,False
2026-06-24,3.85,4.11,4.41,390,False
2026-06-25,3.84,4.09,4.4,390,False
2026-06-26,3.83,4.07,4.38,390,False
2026-06-29,3.87,4.1,4.38,390,False
2026-06-30,3.87,4.14,4.44,390,False
2026-07-01,3.85,4.17,4.48,390,False
2026-07-02,3.82,4.14,4.49,390,False
2026-07-06,3.87,4.13,4.48,390,False
2026-07-07,3.86,4.19,4.55,390,False
2026-07-08,3.87,4.21,4.56,390,False
2026-07-09,3.83,4.16,4.54,390,False
2026-07-10,3.85,4.21,4.56,390,False
2026-07-13,3.89,4.26,4.62,390,False
2026-07-14,3.84,4.18,4.58,390,False
2026-07-15,3.83,4.13,4.55,390,False
2026-07-16,3.84,4.16,4.57,390,False
2026-07-17,3.85,4.18,4.55,390,False
2026-07-20,3.86,4.21,4.6,390,False
2026-07-21,3.87,4.26,4.63,390,False
2026-07-22,3.89,4.31,4.67,390,False
2026-07-23,3.95,4.37,4.71,390,False
2026-07-24,3.96,4.33,4.69,390,False
2026-07-27,3.96,4.31,4.65,390,False
2026-07-28,3.9,4.26,4.61,390,False
2026-07-29,3.83,4.22,4.67,390,False
2026-07-30,3.82,4.23,4.68,390,False
2026-07-31,3.83,4.28,4.75,390,False
2026-08-03,3.91,4.25,4.7,390,False
2026-08-04,3.89,4.2,4.63,390,False
2026-08-05,3.89,4.18,4.63,390,False
2026-08-06,3.9,4.25,4.69,390,False
2026-08-07,3.87,4.19,4.65,390,False
2026-08-10,3.89,4.25,4.72,390,False
2026-08-11,3.89,4.22,4.7,390,False
2026-08-12,3.87,4.2,4.68,390,False
2026-08-13,3.87,4.15,4.63,390,False
2026-08-14,3.86,4.17,4.68,390,False
2026-08-17,3.87,4.19,4.72,390,False
2026-08-18,3.86,4.19,4.71,390,False
2026-08-19,3.86,4.19,4.65,390,False
2026-08-20,3.87,4.19,4.69,390,False
2026-08-21,3.88,4.24,4.74,390,False
