date,step,model,params,delta,p_short,p_flat,p_long,mu_hat,position,realised_o2c,financing,calibration_skipped
2019-03-21,0,majority_baseline,{},0,0.2729545228,0.4601682731,0.2668772041,7.327375669e-05,0,-0.01401737609,1.84760274e-05,False
2019-03-22,0,majority_baseline,{},0,0.2729545228,0.4601682731,0.2668772041,7.327375669e-05,0,0.000609651319,1.825342466e-05,False
2019-03-25,0,majority_baseline,{},0,0.2729545228,0.4601682731,0.2668772041,7.327375669e-05,0,0.000462667283,1.825342466e-05,False
2019-03-26,0,majority_baseline,{},0,0.2729545228,0.4601682731,0.2668772041,7.327375669e-05,0,-0.005193666562,1.825342466e-05,False
2019-03-27,0,majority_baseline,{},0,0.2729545228,0.4601682731,0.2668772041,7.327375669e-05,0,0.001284056963,1.810502283e-05,False
2019-03-28,0,majority_baseline,{},0,0.2729545228,0.4601682731,0.2668772041,7.327375669e-05,0,0.0003186954712,1.803082192e-05,False
2019-03-29,0,majority_baseline,{},0,0.2729545228,0.4601682731,0.2668772041,7.327375669e-05,0,0.003968999875,1.780821918e-05,False
2019-04-01,0,majority_baseline,{},0,0.2729545228,0.4601682731,0.2668772041,7.327375669e-05,0,-0.0002447466589,1.803082192e-05,False
2019-04-02,0,majority_baseline,{},0,0.2729545228,0.4601682731,0.2668772041,7.327375669e-05,0,-0.003132374362,1.7956621e-05,False
2019-04-03,0,majority_baseline,{},0,0.2729545228,0.4601682731,0.2668772041,7.327375669e-05,0,0.001394775957,1.810502283e-05,False
2019-04-04,0,majority_baseline,{},0,0.2729545228,0.4601682731,0.2668772041,7.327375669e-05,0,0.002257550192,1.810502283e-05,False
2019-04-05,0,majority_baseline,{},0,0.2729545228,0.4601682731,0.2668772041,7.327375669e-05,0,0.002395009985,1.810502283e-05,False
2019-04-08,0,majority_baseline,{},0,0.2729545228,0.4601682731,0.2668772041,7.327375669e-05,0,-0.001425009338,1.803082192e-05,False
2019-04-09,0,majority_baseline,{},0,0.2729545228,0.4601682731,0.2668772041,7.327375669e-05,0,0.001807066573,1.7956621e-05,False
2019-04-10,0,majority_baseline,{},0,0.2729545228,0.4601682731,0.2668772041,7.327375669e-05,0,-0.00214657489,1.803082192e-05,False
2019-04-11,0,majority_baseline,{},0,0.2729545228,0.4601682731,0.2668772041,7.327375669e-05,0,0.0005517366678,1.803082192e-05,False
2019-04-12,0,majority_baseline,{},0,0.2729545228,0.4601682731,0.2668772041,7.327375669e-05,0,-0.0009302265395,1.810502283e-05,False
2019-04-15,0,majority_baseline,{},0,0.2729545228,0.4601682731,0.2668772041,7.327375669e-05,0,-0.002715272611,1.803082192e-05,False
2019-04-16,0,majority_baseline,{},0,0.2729545228,0.4601682731,0.2668772041,7.327375669e-05,0,-0.006691769917,1.803082192e-05,False
2019-04-17,0,majority_baseline,{},0,0.2729545228,0.4601682731,0.2668772041,7.327375669e-05,0,-0.0002758255876,1.810502283e-05,False
2019-04-18,0,majority_baseline,{},0,0.2729545228,0.4601682731,0.2668772041,7.327375669e-05,0,0.003803905843,1.7956621e-05,False
2019-04-22,1,majority_baseline,{},0,0.2533437135,0.4899967412,0.2566595453,0.0001437966281,0,0.007568502177,1.810502283e-05,False
2019-04-23,1,majority_baseline,{},0,0.2533437135,0.4899967412,0.2566595453,0.0001437966281,0,-0.001912625484,1.817922374e-05,False
2019-04-24,1,majority_baseline,{},0,0.2533437135,0.4899967412,0.2566595453,0.0001437966281,0,-0.0002396527039,1.810502283e-05,False
2019-04-25,1,majority_baseline,{},0,0.2533437135,0.4899967412,0.2566595453,0.0001437966281,0,0.004484756998,1.803082192e-05,False
2019-04-26,1,majority_baseline,{},0,0.2533437135,0.4899967412,0.2566595453,0.0001437966281,0,0.001226484177,1.7956621e-05,False
2019-04-29,1,majority_baseline,{},0,0.2533437135,0.4899967412,0.2566595453,0.0001437966281,0,0.001805849229,1.810502283e-05,False
2019-04-30,1,majority_baseline,{},0,0.2533437135,0.4899967412,0.2566595453,0.0001437966281,0,-0.009873790788,1.803082192e-05,False
2019-05-01,1,majority_baseline,{},0,0.2533437135,0.4899967412,0.2566595453,0.0001437966281,0,-0.001714207423,1.803082192e-05,False
2019-05-02,1,majority_baseline,{},0,0.2533437135,0.4899967412,0.2566595453,0.0001437966281,0,0.004132201856,1.832762557e-05,False
2019-05-03,1,majority_baseline,{},0,0.2533437135,0.4899967412,0.2566595453,0.0001437966281,0,0.0123422897,1.803082192e-05,False
2019-05-06,1,majority_baseline,{},0,0.2533437135,0.4899967412,0.2566595453,0.0001437966281,0,-0.007651219595,1.810502283e-05,False
2019-05-07,1,majority_baseline,{},0,0.2533437135,0.4899967412,0.2566595453,0.0001437966281,0,0,1.803082192e-05,False
2019-05-08,1,majority_baseline,{},0,0.2533437135,0.4899967412,0.2566595453,0.0001437966281,0,0.005013472186,1.803082192e-05,False
2019-05-09,1,majority_baseline,{},0,0.2533437135,0.4899967412,0.2566595453,0.0001437966281,0,0.008682904136,1.803082192e-05,False
2019-05-10,1,majority_baseline,{},0,0.2533437135,0.4899967412,0.2566595453,0.0001437966281,0,-0.005523787172,1.803082192e-05,False
2019-05-13,1,majority_baseline,{},0,0.2533437135,0.4899967412,0.2566595453,0.0001437966281,0,0.005000190671,1.788242009e-05,False
2019-05-14,1,majority_baseline,{},0,0.2533437135,0.4899967412,0.2566595453,0.0001437966281,0,0.01232288533,1.788242009e-05,False
2019-05-15,1,majority_baseline,{},0,0.2533437135,0.4899967412,0.2566595453,0.0001437966281,0,0.006507192374,1.7956621e-05,False
2019-05-16,1,majority_baseline,{},0,0.2533437135,0.4899967412,0.2566595453,0.0001437966281,0,0.002454870152,1.780821918e-05,False
2019-05-17,1,majority_baseline,{},0,0.2533437135,0.4899967412,0.2566595453,0.0001437966281,0,-0.0003871908782,1.773401826e-05,False
2019-05-20,1,majority_baseline,{},0,0.2533437135,0.4899967412,0.2566595453,0.0001437966281,0,0.002379117656,1.773401826e-05,False
2019-05-21,2,majority_baseline,{},0,0.2571518746,0.483197196,0.2596509294,0.0001753920369,0,0.0006305574926,1.773401826e-05,False
2019-05-22,2,majority_baseline,{},0,0.2571518746,0.483197196,0.2596509294,0.0001753920369,0,-0.00360216495,1.765981735e-05,False
2019-05-23,2,majority_baseline,{},0,0.2571518746,0.483197196,0.2596509294,0.0001753920369,0,-0.003383349301,1.758561644e-05,False
2019-05-24,2,majority_baseline,{},0,0.2571518746,0.483197196,0.2596509294,0.0001753920369,0,-0.01038539825,1.743721461e-05,False
2019-05-28,2,majority_baseline,{},0,0.2571518746,0.483197196,0.2596509294,0.0001753920369,0,-0.002294699308,1.758561644e-05,False
2019-05-29,2,majority_baseline,{},0,0.2571518746,0.483197196,0.2596509294,0.0001753920369,0,-0.0002865770761,1.758561644e-05,False
2019-05-30,2,majority_baseline,{},0,0.2571518746,0.483197196,0.2596509294,0.0001753920369,0,-0.003367208977,1.765981735e-05,False
2019-05-31,2,majority_baseline,{},0,0.2571518746,0.483197196,0.2596509294,0.0001753920369,0,-0.002687843638,1.743721461e-05,False
2019-06-03,2,majority_baseline,{},0,0.2571518746,0.483197196,0.2596509294,0.0001753920369,0,0.01230515209,1.743721461e-05,False
2019-06-04,2,majority_baseline,{},0,0.2571518746,0.483197196,0.2596509294,0.0001753920369,0,0.002231448764,1.743721461e-05,False
2019-06-05,2,majority_baseline,{},0,0.2571518746,0.483197196,0.2596509294,0.0001753920369,0,0.005330153611,1.743721461e-05,False
2019-06-06,2,majority_baseline,{},0,0.2571518746,0.483197196,0.2596509294,0.0001753920369,0,0.006015462825,1.728881279e-05,False
2019-06-07,2,majority_baseline,{},0,0.2571518746,0.483197196,0.2596509294,0.0001753920369,0,-0.001382292397,1.691780822e-05,False
2019-06-10,2,majority_baseline,{},0,0.2571518746,0.483197196,0.2596509294,0.0001753920369,0,-0.007182365316,1.699200913e-05,False
2019-06-11,2,majority_baseline,{},0,0.2571518746,0.483197196,0.2596509294,0.0001753920369,0,-0.0008661305372,1.684360731e-05,False
2019-06-12,2,majority_baseline,{},0,0.2571518746,0.483197196,0.2596509294,0.0001753920369,0,0.0006219512546,1.662100457e-05,False
2019-06-13,2,majority_baseline,{},0,0.2571518746,0.483197196,0.2596509294,0.0001753920369,0,0,1.625e-05,False
2019-06-14,2,majority_baseline,{},0,0.2571518746,0.483197196,0.2596509294,0.0001753920369,0,-0.0005180781187,1.632420091e-05,False
2019-06-17,2,majority_baseline,{},0,0.2571518746,0.483197196,0.2596509294,0.0001753920369,0,0.003466073504,1.654680365e-05,False
2019-06-18,2,majority_baseline,{},0,0.2571518746,0.483197196,0.2596509294,0.0001753920369,0,0.001743325209,1.647260274e-05,False
2019-06-19,2,majority_baseline,{},0,0.2571518746,0.483197196,0.2596509294,0.0001753920369,0,-0.0006081043424,1.617579909e-05,False
2019-06-20,3,majority_baseline,{},0,0.2469801536,0.4899595318,0.2630603146,0.0002737635809,0,-0.0004419982959,1.587899543e-05,False
2019-06-21,3,majority_baseline,{},0,0.2469801536,0.4899595318,0.2630603146,0.0002737635809,0,-0.002005221557,1.565639269e-05,False
2019-06-24,3,majority_baseline,{},0,0.2469801536,0.4899595318,0.2630603146,0.0002737635809,0,-0.0100102222,1.580479452e-05,False
2019-06-25,3,majority_baseline,{},0,0.2469801536,0.4899595318,0.2630603146,0.0002737635809,0,-0.00438731374,1.573059361e-05,False
2019-06-26,3,majority_baseline,{},0,0.2469801536,0.4899595318,0.2630603146,0.0002737635809,0,0.0006522347278,1.595319635e-05,False
2019-06-27,3,majority_baseline,{},0,0.2469801536,0.4899595318,0.2630603146,0.0002737635809,0,0.001435550663,1.587899543e-05,False
2019-06-28,3,majority_baseline,{},0,0.2469801536,0.4899595318,0.2630603146,0.0002737635809,0,-0.003438010879,1.573059361e-05,False
2019-07-01,3,majority_baseline,{},0,0.2469801536,0.4899595318,0.2630603146,0.0002737635809,0,0.002773950079,1.639840183e-05,False
2019-07-02,3,majority_baseline,{},0,0.2469801536,0.4899595318,0.2630603146,0.0002737635809,0,0.005451225176,8.789954338e-06,False
2019-07-03,3,majority_baseline,{},0,0.2469801536,0.4899595318,0.2630603146,0.0002737635809,0,0.003429226292,1.639840183e-05,False
2019-07-05,3,majority_baseline,{},0,0.2469801536,0.4899595318,0.2630603146,0.0002737635809,0,-0.0006397172043,1.654680365e-05,False
2019-07-08,3,majority_baseline,{},0,0.2469801536,0.4899595318,0.2630603146,0.0002737635809,0,0.005582979894,1.676940639e-05,False
2019-07-09,3,majority_baseline,{},0,0.2469801536,0.4899595318,0.2630603146,0.0002737635809,0,0.000804337671,1.676940639e-05,False
2019-07-10,3,majority_baseline,{},0,0.2469801536,0.4899595318,0.2630603146,0.0002737635809,0,-3.344161618e-05,1.632420091e-05,False
2019-07-11,3,majority_baseline,{},0,0.2469801536,0.4899595318,0.2630603146,0.0002737635809,0,0.002667960044,1.610159817e-05,False
2019-07-12,3,majority_baseline,{},0,0.2469801536,0.4899595318,0.2630603146,0.0002737635809,0,-0.001261929378,1.587899543e-05,False
2019-07-15,3,majority_baseline,{},0,0.2469801536,0.4899595318,0.2630603146,0.0002737635809,0,-0.002893714117,1.602739726e-05,False
2019-07-16,3,majority_baseline,{},0,0.2469801536,0.4899595318,0.2630603146,0.0002737635809,0,-0.006705620746,1.595319635e-05,False
2019-07-17,3,majority_baseline,{},0,0.2469801536,0.4899595318,0.2630603146,0.0002737635809,0,0.005518301886,1.587899543e-05,False
2019-07-18,3,majority_baseline,{},0,0.2469801536,0.4899595318,0.2630603146,0.0002737635809,0,-0.009565374627,1.521118721e-05,False
2019-07-19,3,majority_baseline,{},0,0.2469801536,0.4899595318,0.2630603146,0.0002737635809,0,0.0009744585089,1.528538813e-05,False
2019-07-22,4,majority_baseline,{},0,0.2467142722,0.486822886,0.2664628418,0.000283968327,0,0.002975142372,1.550799087e-05,False
2019-07-23,4,majority_baseline,{},0,0.2467142722,0.486822886,0.2664628418,0.000283968327,0,0.007520304608,1.528538813e-05,False
2019-07-24,4,majority_baseline,{},0,0.2467142722,0.486822886,0.2664628418,0.000283968327,0,-0.003123554658,1.558219178e-05,False
2019-07-25,4,majority_baseline,{},0,0.2467142722,0.486822886,0.2664628418,0.000283968327,0,0.004156137538,1.558219178e-05,False
2019-07-26,4,majority_baseline,{},0,0.2467142722,0.486822886,0.2664628418,0.000283968327,0,-0.001391325677,1.573059361e-05,False
2019-07-29,4,majority_baseline,{},0,0.2467142722,0.486822886,0.2664628418,0.000283968327,0,0.002700802138,1.573059361e-05,False
2019-07-30,4,majority_baseline,{},0,0.2467142722,0.486822886,0.2664628418,0.000283968327,0,-0.01182762748,1.543378995e-05,False
2019-07-31,4,majority_baseline,{},0,0.2467142722,0.486822886,0.2664628418,0.000283968327,0,-0.009274225956,1.543378995e-05,False
2019-08-01,4,majority_baseline,{},0,0.2467142722,0.486822886,0.2664628418,0.000283968327,0,-0.004185846474,1.535958904e-05,False
2019-08-02,4,majority_baseline,{},0,0.2467142722,0.486822886,0.2664628418,0.000283968327,0,-0.01482171915,1.528538813e-05,False
2019-08-05,4,majority_baseline,{},0,0.2467142722,0.486822886,0.2664628418,0.000283968327,0,0.006610416356,1.521118721e-05,False
2019-08-06,4,majority_baseline,{},0,0.2467142722,0.486822886,0.2664628418,0.000283968327,0,0.01255276835,1.521118721e-05,False
2019-08-07,4,majority_baseline,{},0,0.2467142722,0.486822886,0.2664628418,0.000283968327,0,0.01381120086,1.498858447e-05,False
2019-08-08,4,majority_baseline,{},0,0.2467142722,0.486822886,0.2664628418,0.000283968327,0,-0.003281124825,1.498858447e-05,False
2019-08-09,4,majority_baseline,{},0,0.2467142722,0.486822886,0.2664628418,0.000283968327,0,-0.006518085842,1.484018265e-05,False
2019-08-12,4,majority_baseline,{},0,0.2467142722,0.486822886,0.2664628418,0.000283968327,0,0.01671647213,1.484018265e-05,False
2019-08-13,4,majority_baseline,{},0,0.2467142722,0.486822886,0.2664628418,0.000283968327,0,-0.01447569448,1.484018265e-05,False
2019-08-14,4,majority_baseline,{},0,0.2467142722,0.486822886,0.2664628418,0.000283968327,0,-0.0008073962632,1.4543379e-05,False
2019-08-15,4,majority_baseline,{},0,0.2467142722,0.486822886,0.2664628418,0.000283968327,0,0.008272811349,1.417237443e-05,False
2019-08-16,4,majority_baseline,{},0,0.2467142722,0.486822886,0.2664628418,0.000283968327,0,0.0004790858891,1.387557078e-05,False
2019-08-19,4,majority_baseline,{},0,0.2467142722,0.486822886,0.2664628418,0.000283968327,0,-0.005757935031,1.439497717e-05,False
2019-08-20,5,majority_baseline,{},0,0.2598949326,0.4702065239,0.2698985435,0.0002008908374,0,-0.000102566931,1.439497717e-05,False
2019-08-21,5,majority_baseline,{},0,0.2598949326,0.4702065239,0.2698985435,0.0002008908374,0,-0.002967041529,1.461757991e-05,False
2019-08-22,5,majority_baseline,{},0,0.2598949326,0.4702065239,0.2698985435,0.0002008908374,0,-0.02086486665,1.484018265e-05,False
2019-08-23,5,majority_baseline,{},0,0.2598949326,0.4702065239,0.2698985435,0.0002008908374,0,0.002541201613,1.461757991e-05,False
2019-08-26,5,majority_baseline,{},0,0.2598949326,0.4702065239,0.2698985435,0.0002008908374,0,-0.009221569709,1.491438356e-05,False
2019-08-27,5,majority_baseline,{},0,0.2598949326,0.4702065239,0.2698985435,0.0002008908374,0,0.009610679646,1.469178082e-05,False
2019-08-28,5,majority_baseline,{},0,0.2598949326,0.4702065239,0.2698985435,0.0002008908374,0,0.002947982418,1.476598174e-05,False
2019-08-29,5,majority_baseline,{},0,0.2598949326,0.4702065239,0.2698985435,0.0002008908374,0,-0.00601586938,1.476598174e-05,False
2019-08-30,5,majority_baseline,{},0,0.2598949326,0.4702065239,0.2698985435,0.0002008908374,0,0.0005849982521,1.476598174e-05,False
2019-09-03,5,majority_baseline,{},0,0.2598949326,0.4702065239,0.2698985435,0.0002008908374,0,0.003070184153,1.469178082e-05,False
2019-09-04,5,majority_baseline,{},0,0.2598949326,0.4702065239,0.2698985435,0.0002008908374,0,0.003470463428,1.461757991e-05,False
2019-09-05,5,majority_baseline,{},0,0.2598949326,0.4702065239,0.2698985435,0.0002008908374,0,-0.0004025409508,1.461757991e-05,False
2019-09-06,5,majority_baseline,{},0,0.2598949326,0.4702065239,0.2698985435,0.0002008908374,0,-0.003142349639,1.4543379e-05,False
2019-09-09,5,majority_baseline,{},0,0.2598949326,0.4702065239,0.2698985435,0.0002008908374,0,0.002589519671,1.4543379e-05,False
2019-09-10,5,majority_baseline,{},0,0.2598949326,0.4702065239,0.2698985435,0.0002008908374,0,0.005963744338,1.446917808e-05,False
2019-09-11,5,majority_baseline,{},0,0.2598949326,0.4702065239,0.2698985435,0.0002008908374,0,0.0001328084059,1.4543379e-05,False
2019-09-12,5,majority_baseline,{},0,0.2598949326,0.4702065239,0.2698985435,0.0002008908374,0,-0.00228644197,1.446917808e-05,False
2019-09-13,5,majority_baseline,{},0,0.2598949326,0.4702065239,0.2698985435,0.0002008908374,0,0.001067260595,1.4543379e-05,False
2019-09-16,5,majority_baseline,{},0,0.2598949326,0.4702065239,0.2698985435,0.0002008908374,0,0.003267356766,1.476598174e-05,False
2019-09-17,5,majority_baseline,{},0,0.2598949326,0.4702065239,0.2698985435,0.0002008908374,0,0.002030070357,1.476598174e-05,False
2019-09-18,5,majority_baseline,{},0,0.2598949326,0.4702065239,0.2698985435,0.0002008908374,0,-0.001492429498,1.446917808e-05,False
2019-09-19,6,majority_baseline,{},0,0.2500238407,0.4933114141,0.2566647452,0.0001780742465,0,-0.006924978814,1.432077626e-05,False
2019-09-20,6,majority_baseline,{},0,0.2500238407,0.4933114141,0.2566647452,0.0001780742465,0,0.002218127056,1.417237443e-05,False
2019-09-23,6,majority_baseline,{},0,0.2500238407,0.4933114141,0.2566647452,0.0001780742465,0,-0.01182328073,1.439497717e-05,False
2019-09-24,6,majority_baseline,{},0,0.2500238407,0.4933114141,0.2566647452,0.0001780742465,0,0.005608878449,1.424657534e-05,False
2019-09-25,6,majority_baseline,{},0,0.2500238407,0.4933114141,0.2566647452,0.0001780742465,0,-0.002116738368,1.40239726e-05,False
2019-09-26,6,majority_baseline,{},0,0.2500238407,0.4933114141,0.2566647452,0.0001780742465,0,-0.008158992803,1.357876712e-05,False
2019-09-27,6,majority_baseline,{},0,0.2500238407,0.4933114141,0.2566647452,0.0001780742465,0,0.002702935204,1.335616438e-05,False
2019-09-30,6,majority_baseline,{},0,0.2500238407,0.4933114141,0.2566647452,0.0001780742465,0,-0.01511385802,1.394977169e-05,False
2019-10-01,6,majority_baseline,{},0,0.2500238407,0.4933114141,0.2566647452,0.0001780742465,0,-0.01180103738,1.350456621e-05,False
2019-10-02,6,majority_baseline,{},0,0.2500238407,0.4933114141,0.2566647452,0.0001780742465,0,0.009068537878,1.328196347e-05,False
2019-10-03,6,majority_baseline,{},0,0.2500238407,0.4933114141,0.2566647452,0.0001780742465,0,0.01102559349,1.261415525e-05,False
2019-10-04,6,majority_baseline,{},0,0.2500238407,0.4933114141,0.2566647452,0.0001780742465,0,-0.001328976066,1.268835616e-05,False
2019-10-07,6,majority_baseline,{},0,0.2500238407,0.4933114141,0.2566647452,0.0001780742465,0,-0.008624277072,1.298515982e-05,False
2019-10-08,6,majority_baseline,{},0,0.2500238407,0.4933114141,0.2566647452,0.0001780742465,0,0.001788440467,1.276255708e-05,False
2019-10-09,6,majority_baseline,{},0,0.2500238407,0.4933114141,0.2566647452,0.0001780742465,0,0.007074653583,1.253995434e-05,False
2019-10-10,6,majority_baseline,{},0,0.2500238407,0.4933114141,0.2566647452,0.0001780742465,0,3.378612164e-05,1.246575342e-05,False
2019-10-11,6,majority_baseline,{},0,0.2500238407,0.4933114141,0.2566647452,0.0001780742465,0,6.764951244e-05,1.246575342e-05,False
2019-10-14,6,majority_baseline,{},0,0.2500238407,0.4933114141,0.2566647452,0.0001780742465,0,0.005991244514,1.246575342e-05,False
2019-10-15,6,majority_baseline,{},0,0.2500238407,0.4933114141,0.2566647452,0.0001780742465,0,0.0001005422544,1.239155251e-05,False
2019-10-16,6,majority_baseline,{},0,0.2500238407,0.4933114141,0.2566647452,0.0001780742465,0,-0.001334736491,1.23173516e-05,False
2019-10-17,6,majority_baseline,{},0,0.2500238407,0.4933114141,0.2566647452,0.0001780742465,0,-0.002410530152,1.23173516e-05,False
2019-10-18,7,majority_baseline,{},0,0.2575885131,0.4858769043,0.2565345827,9.178037799e-05,0,0.00190360291,1.23173516e-05,False
2019-10-21,7,majority_baseline,{},0,0.2575885131,0.4858769043,0.2565345827,9.178037799e-05,0,-0.005223158273,1.239155251e-05,False
2019-10-22,7,majority_baseline,{},0,0.2575885131,0.4858769043,0.2565345827,9.178037799e-05,0,0.003849609572,1.224315068e-05,False
2019-10-23,7,majority_baseline,{},0,0.2575885131,0.4858769043,0.2565345827,9.178037799e-05,0,-0.001794585102,1.224315068e-05,False
2019-10-24,7,majority_baseline,{},0,0.2575885131,0.4858769043,0.2565345827,9.178037799e-05,0,0.006205431354,1.239155251e-05,False
2019-10-25,7,majority_baseline,{},0,0.2575885131,0.4858769043,0.2565345827,9.178037799e-05,0,0.001188305672,1.23173516e-05,False
2019-10-28,7,majority_baseline,{},0,0.2575885131,0.4858769043,0.2565345827,9.178037799e-05,0,0.0006930412137,1.224315068e-05,False
2019-10-29,7,majority_baseline,{},0,0.2575885131,0.4858769043,0.2565345827,9.178037799e-05,0,0.002339985904,1.209474886e-05,False
2019-10-30,7,majority_baseline,{},0,0.2575885131,0.4858769043,0.2565345827,9.178037799e-05,0,-0.00263051452,1.202054795e-05,False
2019-10-31,7,majority_baseline,{},0,0.2575885131,0.4858769043,0.2565345827,9.178037799e-05,0,0.004001053051,1.142694064e-05,False
2019-11-01,7,majority_baseline,{},0,0.2575885131,0.4858769043,0.2565345827,9.178037799e-05,0,-0.001559236591,1.127853881e-05,False
2019-11-04,7,majority_baseline,{},0,0.2575885131,0.4858769043,0.2565345827,9.178037799e-05,0,-0.001820597182,1.135273973e-05,False
2019-11-05,7,majority_baseline,{},0,0.2575885131,0.4858769043,0.2565345827,9.178037799e-05,0,0.0002280148552,1.157534247e-05,False
2019-11-06,7,majority_baseline,{},0,0.2575885131,0.4858769043,0.2565345827,9.178037799e-05,0,-0.001263942339,1.157534247e-05,False
2019-11-07,7,majority_baseline,{},0,0.2575885131,0.4858769043,0.2565345827,9.178037799e-05,0,0.003703751624,1.157534247e-05,False
2019-11-08,7,majority_baseline,{},0,0.2575885131,0.4858769043,0.2565345827,9.178037799e-05,0,0.003025153075,1.150114155e-05,False
2019-11-11,7,majority_baseline,{},0,0.2575885131,0.4858769043,0.2565345827,9.178037799e-05,0,0.0008097166434,1.150114155e-05,False
2019-11-12,7,majority_baseline,{},0,0.2575885131,0.4858769043,0.2565345827,9.178037799e-05,0,0.003864773671,1.179794521e-05,False
2019-11-13,7,majority_baseline,{},0,0.2575885131,0.4858769043,0.2565345827,9.178037799e-05,0,0.002461152465,1.164954338e-05,False
2019-11-14,7,majority_baseline,{},0,0.2575885131,0.4858769043,0.2565345827,9.178037799e-05,0,0.002475787948,1.164954338e-05,False
2019-11-15,7,majority_baseline,{},0,0.2575885131,0.4858769043,0.2565345827,9.178037799e-05,0,0.001572850949,1.164954338e-05,False
2019-11-18,8,majority_baseline,{},0,0.2473210145,0.496075636,0.2566033495,0.0001938564734,0,-0.002398618703,1.164954338e-05,False
2019-11-19,8,majority_baseline,{},0,0.2473210145,0.496075636,0.2566033495,0.0001938564734,0,-0.001638427664,1.164954338e-05,False
2019-11-20,8,majority_baseline,{},0,0.2473210145,0.496075636,0.2566033495,0.0001938564734,0,-0.001994356715,1.164954338e-05,False
2019-11-21,8,majority_baseline,{},0,0.2473210145,0.496075636,0.2566033495,0.0001938564734,0,-0.0004179012525,1.172374429e-05,False
2019-11-22,8,majority_baseline,{},0,0.2473210145,0.496075636,0.2566033495,0.0001938564734,0,0.004455362723,1.172374429e-05,False
2019-11-25,8,majority_baseline,{},0,0.2473210145,0.496075636,0.2566033495,0.0001938564734,0,0.002137720024,1.194634703e-05,False
2019-11-26,8,majority_baseline,{},0,0.2473210145,0.496075636,0.2566033495,0.0001938564734,0,0.002765409844,1.187214612e-05,False
2019-11-27,8,majority_baseline,{},0,0.2473210145,0.496075636,0.2566033495,0.0001938564734,0,-0.001746769555,6.47260274e-06,False
2019-11-29,8,majority_baseline,{},0,0.2473210145,0.496075636,0.2566033495,0.0001938564734,0,-0.00937722641,1.179794521e-05,False
2019-12-02,8,majority_baseline,{},0,0.2473210145,0.496075636,0.2566033495,0.0001938564734,0,0.002915904371,1.187214612e-05,False
2019-12-03,8,majority_baseline,{},0,0.2473210145,0.496075636,0.2566033495,0.0001938564734,0,0.002446022675,1.164954338e-05,False
2019-12-04,8,majority_baseline,{},0,0.2473210145,0.496075636,0.2566033495,0.0001938564734,0,-0.0006726514428,1.150114155e-05,False
2019-12-05,8,majority_baseline,{},0,0.2473210145,0.496075636,0.2566033495,0.0001938564734,0,0.002387622583,1.142694064e-05,False
2019-12-06,8,majority_baseline,{},0,0.2473210145,0.496075636,0.2566033495,0.0001938564734,0,-0.001780936138,1.135273973e-05,False
2019-12-09,8,majority_baseline,{},0,0.2473210145,0.496075636,0.2566033495,0.0001938564734,0,-0.0009241236488,1.142694064e-05,False
2019-12-10,8,majority_baseline,{},0,0.2473210145,0.496075636,0.2566033495,0.0001938564734,0,0.001241966051,1.157534247e-05,False
2019-12-11,8,majority_baseline,{},0,0.2473210145,0.496075636,0.2566033495,0.0001938564734,0,0.008587005932,1.164954338e-05,False
2019-12-12,8,majority_baseline,{},0,0.2473210145,0.496075636,0.2566033495,0.0001938564734,0,0.001420179387,1.157534247e-05,False
2019-12-13,8,majority_baseline,{},0,0.2473210145,0.496075636,0.2566033495,0.0001938564734,0,0.0008771339865,1.164954338e-05,False
2019-12-16,8,majority_baseline,{},0,0.2473210145,0.496075636,0.2566033495,0.0001938564734,0,-0.001094042642,1.164954338e-05,False
2019-12-17,8,majority_baseline,{},0,0.2473210145,0.496075636,0.2566033495,0.0001938564734,0,-0.001281261445,1.157534247e-05,False
2019-12-18,9,majority_baseline,{},0,0.2400649047,0.4999386309,0.2599964644,0.0002778066385,0,0.003439668798,1.157534247e-05,False
2019-12-19,9,majority_baseline,{},0,0.2400649047,0.4999386309,0.2599964644,0.0002778066385,0,0.0008425996902,1.164954338e-05,False
2019-12-20,9,majority_baseline,{},0,0.2400649047,0.4999386309,0.2599964644,0.0002778066385,0,-0.001150518303,1.172374429e-05,False
2019-12-23,9,majority_baseline,{},0,0.2400649047,0.4999386309,0.2599964644,0.0002778066385,0,-0.0007465402519,6.352739726e-06,False
2019-12-24,9,majority_baseline,{},0,0.2400649047,0.4999386309,0.2599964644,0.0002778066385,0,0.004010597079,1.172374429e-05,False
2019-12-26,9,majority_baseline,{},0,0.2400649047,0.4999386309,0.2599964644,0.0002778066385,0,-0.00271824594,1.172374429e-05,False
2019-12-27,9,majority_baseline,{},0,0.2400649047,0.4999386309,0.2599964644,0.0002778066385,0,-0.005790449476,1.164954338e-05,False
2019-12-30,9,majority_baseline,{},0,0.2400649047,0.4999386309,0.2599964644,0.0002778066385,0,0.00414933557,1.164954338e-05,False
2019-12-31,9,majority_baseline,{},0,0.2400649047,0.4999386309,0.2599964644,0.0002778066385,0,0.004110732873,1.150114155e-05,False
2020-01-02,9,majority_baseline,{},0,0.2400649047,0.4999386309,0.2599964644,0.0002778066385,0,0.003892140942,1.142694064e-05,False
2020-01-03,9,majority_baseline,{},0,0.2400649047,0.4999386309,0.2599964644,0.0002778066385,0,0.009828776123,1.127853881e-05,False
2020-01-06,9,majority_baseline,{},0,0.2400649047,0.4999386309,0.2599964644,0.0002778066385,0,-0.0008977092862,1.157534247e-05,False
2020-01-07,9,majority_baseline,{},0,0.2400649047,0.4999386309,0.2599964644,0.0002778066385,0,0.004675821535,1.142694064e-05,False
2020-01-08,9,majority_baseline,{},0,0.2400649047,0.4999386309,0.2599964644,0.0002778066385,0,0.001502300008,1.142694064e-05,False
2020-01-09,9,majority_baseline,{},0,0.2400649047,0.4999386309,0.2599964644,0.0002778066385,0,-0.004827574883,1.142694064e-05,False
2020-01-10,9,majority_baseline,{},0,0.2400649047,0.4999386309,0.2599964644,0.0002778066385,0,0.004779550374,1.142694064e-05,False
2020-01-13,9,majority_baseline,{},0,0.2400649047,0.4999386309,0.2599964644,0.0002778066385,0,-6.104084549e-05,1.164954338e-05,False
2020-01-14,9,majority_baseline,{},0,0.2400649047,0.4999386309,0.2599964644,0.0002778066385,0,0.00256604973,1.164954338e-05,False
2020-01-15,9,majority_baseline,{},0,0.2400649047,0.4999386309,0.2599964644,0.0002778066385,0,0.003700336902,1.164954338e-05,False
2020-01-16,9,majority_baseline,{},0,0.2400649047,0.4999386309,0.2599964644,0.0002778066385,0,0.0007536928732,1.150114155e-05,False
2020-01-17,9,majority_baseline,{},0,0.2400649047,0.4999386309,0.2599964644,0.0002778066385,0,0.001208806124,1.157534247e-05,False
2020-01-21,10,majority_baseline,{},0,0.2298857737,0.4999728388,0.2701413876,0.0004511844392,1,-0.002708866931,1.157534247e-05,False
2020-01-22,10,majority_baseline,{},0,0.2298857737,0.4999728388,0.2701413876,0.0004511844392,1,0.003296725543,1.150114155e-05,False
2020-01-23,10,majority_baseline,{},0,0.2298857737,0.4999728388,0.2701413876,0.0004511844392,1,-0.01103962663,1.150114155e-05,False
2020-01-24,10,majority_baseline,{},0,0.2298857737,0.4999728388,0.2701413876,0.0004511844392,1,0.001454977053,1.142694064e-05,False
2020-01-27,10,majority_baseline,{},0,0.2298857737,0.4999728388,0.2701413876,0.0004511844392,1,0.005629782272,1.150114155e-05,False
2020-01-28,10,majority_baseline,{},0,0.2298857737,0.4999728388,0.2701413876,0.0004511844392,1,-0.005359673973,1.164954338e-05,False
2020-01-29,10,majority_baseline,{},0,0.2298857737,0.4999728388,0.2701413876,0.0004511844392,1,0.01023556372,1.157534247e-05,False
2020-01-30,10,majority_baseline,{},0,0.2298857737,0.4999728388,0.2701413876,0.0004511844392,1,-0.01611617425,1.164954338e-05,False
2020-01-31,10,majority_baseline,{},0,0.2298857737,0.4999728388,0.2701413876,0.0004511844392,1,0.002381286401,1.150114155e-05,False
2020-02-03,10,majority_baseline,{},0,0.2298857737,0.4999728388,0.2701413876,0.0004511844392,1,0.003017619072,1.164954338e-05,False
2020-02-04,10,majority_baseline,{},0,0.2298857737,0.4999728388,0.2701413876,0.0004511844392,1,0.001775653254,1.164954338e-05,False
2020-02-05,10,majority_baseline,{},0,0.2298857737,0.4999728388,0.2701413876,0.0004511844392,1,0.0002096594754,1.164954338e-05,False
2020-02-06,10,majority_baseline,{},0,0.2298857737,0.4999728388,0.2701413876,0.0004511844392,1,-0.001862853997,1.164954338e-05,False
2020-02-07,10,majority_baseline,{},0,0.2298857737,0.4999728388,0.2701413876,0.0004511844392,1,0.01041566763,1.157534247e-05,False
2020-02-10,10,majority_baseline,{},0,0.2298857737,0.4999728388,0.2701413876,0.0004511844392,1,-0.002677278155,1.172374429e-05,False
2020-02-11,10,majority_baseline,{},0,0.2298857737,0.4999728388,0.2701413876,0.0004511844392,1,0.001751705429,1.164954338e-05,False
2020-02-12,10,majority_baseline,{},0,0.2298857737,0.4999728388,0.2701413876,0.0004511844392,1,0.003572953816,1.172374429e-05,False
2020-02-13,10,majority_baseline,{},0,0.2298857737,0.4999728388,0.2701413876,0.0004511844392,1,0.0002666479188,1.179794521e-05,False
2020-02-14,10,majority_baseline,{},0,0.2298857737,0.4999728388,0.2701413876,0.0004511844392,1,0.0006537733647,1.172374429e-05,False
2020-02-18,10,majority_baseline,{},0,0.2298857737,0.4999728388,0.2701413876,0.0004511844392,1,0.001628194387,1.172374429e-05,False
2020-02-19,10,majority_baseline,{},0,0.2298857737,0.4999728388,0.2701413876,0.0004511844392,1,-0.00233901231,1.172374429e-05,False
2020-02-20,11,majority_baseline,{},0,0.2265539795,0.5136157215,0.259830299,0.0004096312996,0,-0.005931946996,1.172374429e-05,False
2020-02-21,11,majority_baseline,{},0,0.2265539795,0.5136157215,0.259830299,0.0004096312996,0,-0.002228140101,1.157534247e-05,False
2020-02-24,11,majority_baseline,{},0,0.2265539795,0.5136157215,0.259830299,0.0004096312996,0,-0.03485215901,1.135273973e-05,False
2020-02-25,11,majority_baseline,{},0,0.2265539795,0.5136157215,0.259830299,0.0004096312996,0,-0.008530118777,1.135273973e-05,False
2020-02-26,11,majority_baseline,{},0,0.2265539795,0.5136157215,0.259830299,0.0004096312996,0,-0.02602626167,1.135273973e-05,False
2020-02-27,11,majority_baseline,{},0,0.2265539795,0.5136157215,0.259830299,0.0004096312996,0,0.02618634294,1.075913242e-05,False
2020-02-28,11,majority_baseline,{},0,0.2265539795,0.5136157215,0.259830299,0.0004096312996,1,0.03648437379,9.423515982e-06,False
2020-03-02,11,majority_baseline,{},0,0.2265539795,0.5136157215,0.259830299,0.0004096312996,1,-0.02991925613,8.384703196e-06,False
2020-03-03,11,majority_baseline,{},0,0.2265539795,0.5136157215,0.259830299,0.0004096312996,1,0.02201747773,7.049086758e-06,False
2020-03-04,11,majority_baseline,{},0,0.2265539795,0.5136157215,0.259830299,0.0004096312996,1,-0.008262900856,5.342465753e-06,False
2020-03-05,11,majority_baseline,{},0,0.2265539795,0.5136157215,0.259830299,0.0004096312996,1,0.0147023627,4.600456621e-06,False
2020-03-06,11,majority_baseline,{},0,0.2265539795,0.5136157215,0.259830299,0.0004096312996,1,-0.00388658498,3.339041096e-06,False
2020-03-09,11,majority_baseline,{},0,0.2265539795,0.5136157215,0.259830299,0.0004096312996,1,0.01327992756,2.448630137e-06,False
2020-03-10,11,majority_baseline,{},0,0.2265539795,0.5136157215,0.259830299,0.0004096312996,1,-0.02258648599,3.264840183e-06,False
2020-03-11,11,majority_baseline,{},0,0.2265539795,0.5136157215,0.259830299,0.0004096312996,1,-0.03082030989,3.116438356e-06,False
2020-03-12,11,majority_baseline,{},0,0.2265539795,0.5136157215,0.259830299,0.0004096312996,1,0.02368015151,2.448630137e-06,False
2020-03-13,11,majority_baseline,{},0,0.2265539795,0.5136157215,0.259830299,0.0004096312996,1,-0.005514497615,2.077625571e-06,False
2020-03-16,11,majority_baseline,{},0,0.2265539795,0.5136157215,0.259830299,0.0004096312996,1,0.03166833987,1.780821918e-06,False
2020-03-17,11,majority_baseline,{},0,0.2265539795,0.5136157215,0.259830299,0.0004096312996,1,0.0158730159,1.409817352e-06,False
2020-03-18,11,majority_baseline,{},0,0.2265539795,0.5136157215,0.259830299,0.0004096312996,1,0.005266434627,1.484018265e-07,False
2020-03-19,11,majority_baseline,{},0,0.2265539795,0.5136157215,0.259830299,0.0004096312996,1,-0.0566115361,2.96803653e-07,False
2020-03-20,12,majority_baseline,{},0,0.2136903748,0.5234772961,0.2628323292,0.0005172240766,1,-0.02296334407,3.710045662e-07,False
2020-03-23,12,majority_baseline,{},0,0.2136903748,0.5234772961,0.2628323292,0.0005172240766,1,0.03724083191,1.484018265e-07,False
2020-03-24,12,majority_baseline,{},0,0.2136903748,0.5234772961,0.2628323292,0.0005172240766,1,0.007840887758,7.420091324e-08,False
2020-03-25,12,majority_baseline,{},0,0.2136903748,0.5234772961,0.2628323292,0.0005172240766,1,0.04680990602,0,False
2020-03-26,12,majority_baseline,{},0,0.2136903748,0.5234772961,0.2628323292,0.0005172240766,1,0.0005922292756,0,False
2020-03-27,12,majority_baseline,{},0,0.2136903748,0.5234772961,0.2628323292,0.0005172240766,1,0.02326944485,2.226027397e-07,False
2020-03-30,12,majority_baseline,{},0,0.2136903748,0.5234772961,0.2628323292,0.0005172240766,1,-0.01078445479,8.904109589e-07,False
2020-03-31,12,majority_baseline,{},0,0.2136903748,0.5234772961,0.2628323292,0.0005172240766,1,-0.007379634893,8.162100457e-07,False
2020-04-01,12,majority_baseline,{},0,0.2136903748,0.5234772961,0.2628323292,0.0005172240766,1,0.02708103637,6.678082192e-07,False
2020-04-02,12,majority_baseline,{},0,0.2136903748,0.5234772961,0.2628323292,0.0005172240766,1,-0.01024881207,6.678082192e-07,False
2020-04-03,12,majority_baseline,{},0,0.2136903748,0.5234772961,0.2628323292,0.0005172240766,1,0.02722614441,7.420091324e-07,False
2020-04-06,12,majority_baseline,{},0,0.2136903748,0.5234772961,0.2628323292,0.0005172240766,1,-0.03311325954,1.113013699e-06,False
2020-04-07,12,majority_baseline,{},0,0.2136903748,0.5234772961,0.2628323292,0.0005172240766,1,0.0226526626,1.038812785e-06,False
2020-04-08,12,majority_baseline,{},0,0.2136903748,0.5234772961,0.2628323292,0.0005172240766,1,0.002233682719,1.632420091e-06,False
2020-04-09,12,majority_baseline,{},0,0.2136903748,0.5234772961,0.2628323292,0.0005172240766,1,-0.005340300908,1.855022831e-06,False
2020-04-13,12,majority_baseline,{},0,0.2136903748,0.5234772961,0.2628323292,0.0005172240766,1,0.01000070241,1.929223744e-06,False
2020-04-14,12,majority_baseline,{},0,0.2136903748,0.5234772961,0.2628323292,0.0005172240766,1,0.0006845205266,1.484018265e-06,False
2020-04-15,12,majority_baseline,{},0,0.2136903748,0.5234772961,0.2628323292,0.0005172240766,1,-0.0001790715433,1.038812785e-06,False
2020-04-16,12,majority_baseline,{},0,0.2136903748,0.5234772961,0.2628323292,0.0005172240766,1,0.00441519992,1.038812785e-06,False
2020-04-17,12,majority_baseline,{},0,0.2136903748,0.5234772961,0.2628323292,0.0005172240766,1,-0.003609175237,8.904109589e-07,False
2020-04-20,12,majority_baseline,{},0,0.2136903748,0.5234772961,0.2628323292,0.0005172240766,1,-0.01333430526,8.904109589e-07,False
2020-04-21,13,majority_baseline,{},0,0.2200413548,0.5232656961,0.2566929491,0.0005053891443,1,0.002694449333,8.162100457e-07,False
2020-04-22,13,majority_baseline,{},0,0.2200413548,0.5232656961,0.2566929491,0.0005053891443,1,-0.005026930281,8.904109589e-07,False
2020-04-23,13,majority_baseline,{},0,0.2200413548,0.5232656961,0.2566929491,0.0005053891443,1,0.007979161789,8.162100457e-07,False
2020-04-24,13,majority_baseline,{},0,0.2200413548,0.5232656961,0.2566929491,0.0005053891443,1,0.006769054127,8.904109589e-07,False
2020-04-27,13,majority_baseline,{},0,0.2200413548,0.5232656961,0.2566929491,0.0005053891443,1,-0.01817736976,8.904109589e-07,False
2020-04-28,13,majority_baseline,{},0,0.2200413548,0.5232656961,0.2566929491,0.0005053891443,1,0.005762675149,8.162100457e-07,False
2020-04-29,13,majority_baseline,{},0,0.2200413548,0.5232656961,0.2566929491,0.0005053891443,1,-0.004216449651,7.420091324e-07,False
2020-04-30,13,majority_baseline,{},0,0.2200413548,0.5232656961,0.2566929491,0.0005053891443,1,-0.008832459426,6.678082192e-07,False
2020-05-01,13,majority_baseline,{},0,0.2200413548,0.5232656961,0.2566929491,0.0005053891443,1,0.01008056273,8.904109589e-07,False
2020-05-04,13,majority_baseline,{},0,0.2200413548,0.5232656961,0.2566929491,0.0005053891443,1,-0.001569956006,9.646118721e-07,False
2020-05-05,13,majority_baseline,{},0,0.2200413548,0.5232656961,0.2566929491,0.0005053891443,1,-0.01315792414,9.646118721e-07,False
2020-05-06,13,majority_baseline,{},0,0.2200413548,0.5232656961,0.2566929491,0.0005053891443,1,-0.0002432922845,8.904109589e-07,False
2020-05-07,13,majority_baseline,{},0,0.2200413548,0.5232656961,0.2566929491,0.0005053891443,1,0.004637761813,8.162100457e-07,False
2020-05-08,13,majority_baseline,{},0,0.2200413548,0.5232656961,0.2566929491,0.0005053891443,1,0.007439566173,8.904109589e-07,False
2020-05-11,13,majority_baseline,{},0,0.2200413548,0.5232656961,0.2566929491,0.0005053891443,1,-0.02423498035,8.904109589e-07,False
2020-05-12,13,majority_baseline,{},0,0.2200413548,0.5232656961,0.2566929491,0.0005053891443,1,-0.01559110515,9.646118721e-07,False
2020-05-13,13,majority_baseline,{},0,0.2200413548,0.5232656961,0.2566929491,0.0005053891443,1,0.0215808885,9.646118721e-07,False
2020-05-14,13,majority_baseline,{},0,0.2200413548,0.5232656961,0.2566929491,0.0005053891443,1,0.01384709298,8.904109589e-07,False
2020-05-15,13,majority_baseline,{},0,0.2200413548,0.5232656961,0.2566929491,0.0005053891443,1,0.006654196601,8.904109589e-07,False
2020-05-18,13,majority_baseline,{},0,0.2200413548,0.5232656961,0.2566929491,0.0005053891443,1,-0.008085628723,9.646118721e-07,False
2020-05-19,13,majority_baseline,{},0,0.2200413548,0.5232656961,0.2566929491,0.0005053891443,1,0.003752232444,9.646118721e-07,False
2020-05-20,14,majority_baseline,{},0,0.2231485734,0.5268907988,0.2499606278,0.0004251317644,1,-0.006435538955,8.904109589e-07,False
2020-05-21,14,majority_baseline,{},0,0.2231485734,0.5268907988,0.2499606278,0.0004251317644,1,0.002953441029,8.904109589e-07,False
2020-05-22,14,majority_baseline,{},0,0.2231485734,0.5268907988,0.2499606278,0.0004251317644,1,-0.009439294233,8.904109589e-07,False
2020-05-26,14,majority_baseline,{},0,0.2231485734,0.5268907988,0.2499606278,0.0004251317644,1,0.004667031924,1.038812785e-06,False
2020-05-27,14,majority_baseline,{},0,0.2231485734,0.5268907988,0.2499606278,0.0004251317644,1,-0.005514500831,1.113013699e-06,False
2020-05-28,14,majority_baseline,{},0,0.2231485734,0.5268907988,0.2499606278,0.0004251317644,1,0.006149626141,1.113013699e-06,False
2020-05-29,14,majority_baseline,{},0,0.2231485734,0.5268907988,0.2499606278,0.0004251317644,1,0.006356605725,1.038812785e-06,False
2020-06-01,14,majority_baseline,{},0,0.2231485734,0.5268907988,0.2499606278,0.0004251317644,1,0.004991025636,1.038812785e-06,False
2020-06-02,14,majority_baseline,{},0,0.2231485734,0.5268907988,0.2499606278,0.0004251317644,1,0.006253231555,1.113013699e-06,False
2020-06-03,14,majority_baseline,{},0,0.2231485734,0.5268907988,0.2499606278,0.0004251317644,1,0.0008035741703,1.187214612e-06,False
2020-06-04,14,majority_baseline,{},0,0.2231485734,0.5268907988,0.2499606278,0.0004251317644,1,0.006651279127,1.113013699e-06,False
2020-06-05,14,majority_baseline,{},0,0.2231485734,0.5268907988,0.2499606278,0.0004251317644,1,0.009306136218,1.113013699e-06,False
2020-06-08,14,majority_baseline,{},0,0.2231485734,0.5268907988,0.2499606278,0.0004251317644,1,0.001529880627,1.261415525e-06,False
2020-06-09,14,majority_baseline,{},0,0.2231485734,0.5268907988,0.2499606278,0.0004251317644,1,-0.007529131057,1.409817352e-06,False
2020-06-10,14,majority_baseline,{},0,0.2231485734,0.5268907988,0.2499606278,0.0004251317644,1,-0.03483595466,1.261415525e-06,False
2020-06-11,14,majority_baseline,{},0,0.2231485734,0.5268907988,0.2499606278,0.0004251317644,1,-0.01307422412,1.261415525e-06,False
2020-06-12,14,majority_baseline,{},0,0.2231485734,0.5268907988,0.2499606278,0.0004251317644,1,0.03029997668,1.187214612e-06,False
2020-06-15,14,majority_baseline,{},0,0.2231485734,0.5268907988,0.2499606278,0.0004251317644,1,-0.007987889869,1.335616438e-06,False
2020-06-16,14,majority_baseline,{},0,0.2231485734,0.5268907988,0.2499606278,0.0004251317644,1,-0.007673459871,1.261415525e-06,False
2020-06-17,14,majority_baseline,{},0,0.2231485734,0.5268907988,0.2499606278,0.0004251317644,1,0.005709457657,1.261415525e-06,False
2020-06-18,14,majority_baseline,{},0,0.2231485734,0.5268907988,0.2499606278,0.0004251317644,1,-0.01760193086,1.187214612e-06,False
2020-06-19,15,majority_baseline,{},0,0.230240083,0.5160020359,0.2537578812,0.0003710062266,0,0.008539254488,1.113013699e-06,False
2020-06-22,15,majority_baseline,{},0,0.230240083,0.5160020359,0.2537578812,0.0003710062266,0,-0.004593455992,1.187214612e-06,False
2020-06-23,15,majority_baseline,{},0,0.230240083,0.5160020359,0.2537578812,0.0003710062266,0,-0.01855796581,1.187214612e-06,False
2020-06-24,15,majority_baseline,{},0,0.230240083,0.5160020359,0.2537578812,0.0003710062266,0,0.0127854644,1.113013699e-06,False
2020-06-25,15,majority_baseline,{},0,0.230240083,0.5160020359,0.2537578812,0.0003710062266,0,-0.01995693688,1.187214612e-06,False
2020-06-26,15,majority_baseline,{},0,0.230240083,0.5160020359,0.2537578812,0.0003710062266,0,0.01011906629,1.038812785e-06,False
2020-06-29,15,majority_baseline,{},0,0.230240083,0.5160020359,0.2537578812,0.0003710062266,0,0.01437545748,1.038812785e-06,False
2020-06-30,15,majority_baseline,{},0,0.230240083,0.5160020359,0.2537578812,0.0003710062266,0,0.00306871331,1.187214612e-06,False
2020-07-01,15,majority_baseline,{},0,0.230240083,0.5160020359,0.2537578812,0.0003710062266,0,-0.006396319011,1.038812785e-06,False
2020-07-02,15,majority_baseline,{},0,0.230240083,0.5160020359,0.2537578812,0.0003710062266,0,0.002149359165,1.038812785e-06,False
2020-07-06,15,majority_baseline,{},0,0.230240083,0.5160020359,0.2537578812,0.0003710062266,0,-0.005073264276,1.113013699e-06,False
2020-07-07,15,majority_baseline,{},0,0.230240083,0.5160020359,0.2537578812,0.0003710062266,0,0.004990328903,1.113013699e-06,False
2020-07-08,15,majority_baseline,{},0,0.230240083,0.5160020359,0.2537578812,0.0003710062266,0,-0.007764144218,1.113013699e-06,False
2020-07-09,15,majority_baseline,{},0,0.230240083,0.5160020359,0.2537578812,0.0003710062266,0,0.0104355536,9.646118721e-07,False
2020-07-10,15,majority_baseline,{},0,0.230240083,0.5160020359,0.2537578812,0.0003710062266,0,-0.01652456327,9.646118721e-07,False
2020-07-13,15,majority_baseline,{},0,0.230240083,0.5160020359,0.2537578812,0.0003710062266,0,0.01793816087,1.038812785e-06,False
2020-07-14,15,majority_baseline,{},0,0.230240083,0.5160020359,0.2537578812,0.0003710062266,0,-0.00173691123,1.113013699e-06,False
2020-07-15,15,majority_baseline,{},0,0.230240083,0.5160020359,0.2537578812,0.0003710062266,0,0.003127052024,1.187214612e-06,False
2020-07-16,15,majority_baseline,{},0,0.230240083,0.5160020359,0.2537578812,0.0003710062266,0,-0.000497091159,8.162100457e-07,False
2020-07-17,15,majority_baseline,{},0,0.230240083,0.5160020359,0.2537578812,0.0003710062266,0,0.008991116788,8.162100457e-07,False
2020-07-20,15,majority_baseline,{},0,0.230240083,0.5160020359,0.2537578812,0.0003710062266,0,-0.004411096397,9.646118721e-07,False
2020-07-21,16,majority_baseline,{},0,0.2234225527,0.5232646052,0.2533128421,0.0004368953091,1,0.006900345646,9.646118721e-07,False
2020-07-22,16,majority_baseline,{},0,0.2234225527,0.5232646052,0.2533128421,0.0004368953091,1,-0.01075140083,9.646118721e-07,False
2020-07-23,16,majority_baseline,{},0,0.2234225527,0.5232646052,0.2533128421,0.0004368953091,1,-0.0002181251832,8.904109589e-07,False
2020-07-24,16,majority_baseline,{},0,0.2234225527,0.5232646052,0.2533128421,0.0004368953091,1,0.004943557234,8.162100457e-07,False
2020-07-27,16,majority_baseline,{},0,0.2234225527,0.5232646052,0.2533128421,0.0004368953091,1,-0.00390776083,8.162100457e-07,False
2020-07-28,16,majority_baseline,{},0,0.2234225527,0.5232646052,0.2533128421,0.0004368953091,1,0.009313299713,8.162100457e-07,False
2020-07-29,16,majority_baseline,{},0,0.2234225527,0.5232646052,0.2533128421,0.0004368953091,1,0.006399495813,8.162100457e-07,False
2020-07-30,16,majority_baseline,{},0,0.2234225527,0.5232646052,0.2533128421,0.0004368953091,1,0.001902409054,6.678082192e-07,False
2020-07-31,16,majority_baseline,{},0,0.2234225527,0.5232646052,0.2533128421,0.0004368953091,1,0.00143153411,6.678082192e-07,False
2020-08-03,16,majority_baseline,{},0,0.2234225527,0.5232646052,0.2533128421,0.0004368953091,1,0.006710218733,7.420091324e-07,False
2020-08-04,16,majority_baseline,{},0,0.2234225527,0.5232646052,0.2533128421,0.0004368953091,1,0.001930745097,6.678082192e-07,False
2020-08-05,16,majority_baseline,{},0,0.2234225527,0.5232646052,0.2533128421,0.0004368953091,1,0.008597729675,7.420091324e-07,False
2020-08-06,16,majority_baseline,{},0,0.2234225527,0.5232646052,0.2533128421,0.0004368953091,1,0.003870644859,7.420091324e-07,False
2020-08-07,16,majority_baseline,{},0,0.2234225527,0.5232646052,0.2533128421,0.0004368953091,1,0.001522144788,7.420091324e-07,False
2020-08-10,16,majority_baseline,{},0,0.2234225527,0.5232646052,0.2533128421,0.0004368953091,1,-0.01202321,8.162100457e-07,False
2020-08-11,16,majority_baseline,{},0,0.2234225527,0.5232646052,0.2533128421,0.0004368953091,1,0.005962318253,8.162100457e-07,False
2020-08-12,16,majority_baseline,{},0,0.2234225527,0.5232646052,0.2533128421,0.0004368953091,1,0.0006535788955,8.162100457e-07,False
2020-08-13,16,majority_baseline,{},0,0.2234225527,0.5232646052,0.2533128421,0.0004368953091,1,0.001278180569,7.420091324e-07,False
2020-08-14,16,majority_baseline,{},0,0.2234225527,0.5232646052,0.2533128421,0.0004368953091,1,-8.876956065e-05,7.420091324e-07,False
2020-08-17,16,majority_baseline,{},0,0.2234225527,0.5232646052,0.2533128421,0.0004368953091,1,0.0008867361783,7.420091324e-07,False
2020-08-18,16,majority_baseline,{},0,0.2234225527,0.5232646052,0.2533128421,0.0004368953091,1,-0.005367871663,6.678082192e-07,False
2020-08-19,17,majority_baseline,{},0,0.2267363897,0.519681019,0.2535825912,0.0004285958946,1,0.008707101451,8.162100457e-07,False
2020-08-20,17,majority_baseline,{},0,0.2267363897,0.519681019,0.2535825912,0.0004285958946,1,0.004616470052,8.162100457e-07,False
2020-08-21,17,majority_baseline,{},0,0.2267363897,0.519681019,0.2535825912,0.0004285958946,1,0.00233841421,7.420091324e-07,False
2020-08-24,17,majority_baseline,{},0,0.2267363897,0.519681019,0.2535825912,0.0004285958946,1,0.001717452079,8.904109589e-07,False
2020-08-25,17,majority_baseline,{},0,0.2267363897,0.519681019,0.2535825912,0.0004285958946,1,0.008150590084,8.162100457e-07,False
2020-08-26,17,majority_baseline,{},0,0.2267363897,0.519681019,0.2535825912,0.0004285958946,1,-0.0005165510782,8.162100457e-07,False
2020-08-27,17,majority_baseline,{},0,0.2267363897,0.519681019,0.2535825912,0.0004285958946,1,0.003262317201,8.162100457e-07,False
2020-08-28,17,majority_baseline,{},0,0.2267363897,0.519681019,0.2535825912,0.0004285958946,1,-0.00296848428,7.420091324e-07,False
2020-08-31,17,majority_baseline,{},0,0.2267363897,0.519681019,0.2535825912,0.0004285958946,1,0.006824518878,8.162100457e-07,False
2020-09-01,17,majority_baseline,{},0,0.2267363897,0.519681019,0.2535825912,0.0004285958946,1,0.00854314884,8.904109589e-07,False
2020-09-02,17,majority_baseline,{},0,0.2267363897,0.519681019,0.2535825912,0.0004285958946,1,-0.02944890164,8.904109589e-07,False
2020-09-03,17,majority_baseline,{},0,0.2267363897,0.519681019,0.2535825912,0.0004285958946,1,-0.01028514567,8.162100457e-07,False
2020-09-04,17,majority_baseline,{},0,0.2267363897,0.519681019,0.2535825912,0.0004285958946,1,-0.01039470199,8.162100457e-07,False
2020-09-08,17,majority_baseline,{},0,0.2267363897,0.519681019,0.2535825912,0.0004285958946,1,0.006636115454,9.646118721e-07,False
2020-09-09,17,majority_baseline,{},0,0.2267363897,0.519681019,0.2535825912,0.0004285958946,1,-0.02319932262,8.904109589e-07,False
2020-09-10,17,majority_baseline,{},0,0.2267363897,0.519681019,0.2535825912,0.0004285958946,1,-0.005240931893,8.904109589e-07,False
2020-09-11,17,majority_baseline,{},0,0.2267363897,0.519681019,0.2535825912,0.0004285958946,1,0.002874162724,8.162100457e-07,False
2020-09-14,17,majority_baseline,{},0,0.2267363897,0.519681019,0.2535825912,0.0004285958946,1,-0.002784890043,8.162100457e-07,False
2020-09-15,17,majority_baseline,{},0,0.2267363897,0.519681019,0.2535825912,0.0004285958946,1,-0.007876789585,8.162100457e-07,False
2020-09-16,17,majority_baseline,{},0,0.2267363897,0.519681019,0.2535825912,0.0004285958946,1,0.006835348288,8.904109589e-07,False
2020-09-17,17,majority_baseline,{},0,0.2267363897,0.519681019,0.2535825912,0.0004285958946,1,-0.01407401172,6.678082192e-07,False
2020-09-18,18,majority_baseline,{},0,0.2401350786,0.5032559314,0.2566089901,0.0002929907827,0,0.003899260053,7.420091324e-07,False
2020-09-21,18,majority_baseline,{},0,0.2401350786,0.5032559314,0.2566089901,0.0002929907827,0,0.005265180625,7.420091324e-07,False
2020-09-22,18,majority_baseline,{},0,0.2401350786,0.5032559314,0.2566089901,0.0002929907827,0,-0.02496216196,7.420091324e-07,False
2020-09-23,18,majority_baseline,{},0,0.2401350786,0.5032559314,0.2566089901,0.0002929907827,0,0.007097934945,8.162100457e-07,False
2020-09-24,18,majority_baseline,{},0,0.2401350786,0.5032559314,0.2566089901,0.0002929907827,0,0.01906511456,7.420091324e-07,False
2020-09-25,18,majority_baseline,{},0,0.2401350786,0.5032559314,0.2566089901,0.0002929907827,0,0.002910993296,7.420091324e-07,False
2020-09-28,18,majority_baseline,{},0,0.2401350786,0.5032559314,0.2566089901,0.0002929907827,0,-0.004790867684,8.162100457e-07,False
2020-09-29,18,majority_baseline,{},0,0.2401350786,0.5032559314,0.2566089901,0.0002929907827,0,0.005403999865,6.678082192e-07,False
2020-09-30,18,majority_baseline,{},0,0.2401350786,0.5032559314,0.2566089901,0.0002929907827,0,-0.001924824102,7.420091324e-07,False
2020-10-01,18,majority_baseline,{},0,0.2401350786,0.5032559314,0.2566089901,0.0002929907827,0,0.006451564909,6.678082192e-07,False
2020-10-02,18,majority_baseline,{},0,0.2401350786,0.5032559314,0.2566089901,0.0002929907827,0,0.01100997527,6.678082192e-07,False
2020-10-05,18,majority_baseline,{},0,0.2401350786,0.5032559314,0.2566089901,0.0002929907827,0,-0.01465096903,7.420091324e-07,False
2020-10-06,18,majority_baseline,{},0,0.2401350786,0.5032559314,0.2566089901,0.0002929907827,0,0.007807922169,7.420091324e-07,False
2020-10-07,18,majority_baseline,{},0,0.2401350786,0.5032559314,0.2566089901,0.0002929907827,0,0.002712534935,7.420091324e-07,False
2020-10-08,18,majority_baseline,{},0,0.2401350786,0.5032559314,0.2566089901,0.0002929907827,0,0.003733095795,6.678082192e-07,False
2020-10-09,18,majority_baseline,{},0,0.2401350786,0.5032559314,0.2566089901,0.0002929907827,0,0.008123791734,7.420091324e-07,False
2020-10-12,18,majority_baseline,{},0,0.2401350786,0.5032559314,0.2566089901,0.0002929907827,0,-0.006103082452,7.420091324e-07,False
2020-10-13,18,majority_baseline,{},0,0.2401350786,0.5032559314,0.2566089901,0.0002929907827,0,-0.008039935526,8.162100457e-07,False
2020-10-14,18,majority_baseline,{},0,0.2401350786,0.5032559314,0.2566089901,0.0002929907827,0,0.01102676285,8.904109589e-07,False
2020-10-15,18,majority_baseline,{},0,0.2401350786,0.5032559314,0.2566089901,0.0002929907827,0,-0.004785599883,8.162100457e-07,False
2020-10-16,18,majority_baseline,{},0,0.2401350786,0.5032559314,0.2566089901,0.0002929907827,0,-0.01904484242,8.162100457e-07,False
2020-10-19,19,majority_baseline,{},0,0.2269502003,0.526326083,0.2467237167,0.0003517052809,0,-0.0002328845897,8.162100457e-07,False
2020-10-20,19,majority_baseline,{},0,0.2269502003,0.526326083,0.2467237167,0.0003517052809,0,-0.001747518822,7.420091324e-07,False
2020-10-21,19,majority_baseline,{},0,0.2269502003,0.526326083,0.2467237167,0.0003517052809,0,0.004811039045,7.420091324e-07,False
2020-10-22,19,majority_baseline,{},0,0.2269502003,0.526326083,0.2467237167,0.0003517052809,0,-0.0004335960253,6.678082192e-07,False
2020-10-23,19,majority_baseline,{},0,0.2269502003,0.526326083,0.2467237167,0.0003517052809,0,-0.008008623081,7.420091324e-07,False
2020-10-26,19,majority_baseline,{},0,0.2269502003,0.526326083,0.2467237167,0.0003517052809,0,-0.004532636151,8.162100457e-07,False
2020-10-27,19,majority_baseline,{},0,0.2269502003,0.526326083,0.2467237167,0.0003517052809,0,-0.01638061532,7.420091324e-07,False
2020-10-28,19,majority_baseline,{},0,0.2269502003,0.526326083,0.2467237167,0.0003517052809,0,0.009390985932,7.420091324e-07,False
2020-10-29,19,majority_baseline,{},0,0.2269502003,0.526326083,0.2467237167,0.0003517052809,0,-0.005300323732,6.678082192e-07,False
2020-10-30,19,majority_baseline,{},0,0.2269502003,0.526326083,0.2467237167,0.0003517052809,0,0,6.678082192e-07,False
2020-11-02,19,majority_baseline,{},0,0.2269502003,0.526326083,0.2467237167,0.0003517052809,0,0.007012485779,6.678082192e-07,False
2020-11-03,19,majority_baseline,{},0,0.2269502003,0.526326083,0.2467237167,0.0003517052809,0,0.007862534168,7.420091324e-07,False
2020-11-04,19,majority_baseline,{},0,0.2269502003,0.526326083,0.2467237167,0.0003517052809,0,0.002863360634,7.420091324e-07,False
2020-11-05,19,majority_baseline,{},0,0.2269502003,0.526326083,0.2467237167,0.0003517052809,0,0.0006573056747,7.420091324e-07,False
2020-11-06,19,majority_baseline,{},0,0.2269502003,0.526326083,0.2467237167,0.0003517052809,0,-0.02585378912,7.420091324e-07,False
2020-11-09,19,majority_baseline,{},0,0.2269502003,0.526326083,0.2467237167,0.0003517052809,0,0.001555965818,8.162100457e-07,False
2020-11-10,19,majority_baseline,{},0,0.2269502003,0.526326083,0.2467237167,0.0003517052809,0,0.0007576305686,7.420091324e-07,False
2020-11-11,19,majority_baseline,{},0,0.2269502003,0.526326083,0.2467237167,0.0003517052809,0,-0.006665153246,7.420091324e-07,False
2020-11-12,19,majority_baseline,{},0,0.2269502003,0.526326083,0.2467237167,0.0003517052809,0,0.007965820699,7.420091324e-07,False
2020-11-13,19,majority_baseline,{},0,0.2269502003,0.526326083,0.2467237167,0.0003517052809,0,0.004404665896,6.678082192e-07,False
2020-11-16,19,majority_baseline,{},0,0.2269502003,0.526326083,0.2467237167,0.0003517052809,0,0.001805689341,6.678082192e-07,False
2020-11-17,20,majority_baseline,{},0,0.2269274298,0.5195660447,0.2535065255,0.000384783679,0,-0.0128286964,6.678082192e-07,False
2020-11-18,20,majority_baseline,{},0,0.2269274298,0.5195660447,0.2535065255,0.000384783679,0,0.006130462765,6.678082192e-07,False
2020-11-19,20,majority_baseline,{},0,0.2269274298,0.5195660447,0.2535065255,0.000384783679,0,-0.00606996763,5.194063927e-07,False
2020-11-20,20,majority_baseline,{},0,0.2269274298,0.5195660447,0.2535065255,0.000384783679,0,0.00050378598,5.194063927e-07,False
2020-11-23,20,majority_baseline,{},0,0.2269274298,0.5195660447,0.2535065255,0.000384783679,0,0.008356264043,5.936073059e-07,False
2020-11-24,20,majority_baseline,{},0,0.2269274298,0.5195660447,0.2535065255,0.000384783679,0,-0.001294305501,6.678082192e-07,False
2020-11-25,20,majority_baseline,{},0,0.2269274298,0.5195660447,0.2535065255,0.000384783679,0,-0.000467191422,3.595890411e-07,False
2020-11-27,20,majority_baseline,{},0,0.2269274298,0.5195660447,0.2535065255,0.000384783679,0,-0.002122175844,6.678082192e-07,False
2020-11-30,20,majority_baseline,{},0,0.2269274298,0.5195660447,0.2535065255,0.000384783679,0,0.001230904203,5.936073059e-07,False
2020-12-01,20,majority_baseline,{},0,0.2269274298,0.5195660447,0.2535065255,0.000384783679,0,0.005399926591,6.678082192e-07,False
2020-12-02,20,majority_baseline,{},0,0.2269274298,0.5195660447,0.2535065255,0.000384783679,0,2.729856093e-05,6.678082192e-07,False
2020-12-03,20,majority_baseline,{},0,0.2269274298,0.5195660447,0.2535065255,0.000384783679,0,0.006887724042,5.936073059e-07,False
2020-12-04,20,majority_baseline,{},0,0.2269274298,0.5195660447,0.2535065255,0.000384783679,0,0.0001897114272,6.678082192e-07,False
2020-12-07,20,majority_baseline,{},0,0.2269274298,0.5195660447,0.2535065255,0.000384783679,0,0.006662711176,5.936073059e-07,False
2020-12-08,20,majority_baseline,{},0,0.2269274298,0.5195660447,0.2535065255,0.000384783679,0,-0.01086604478,6.678082192e-07,False
2020-12-09,20,majority_baseline,{},0,0.2269274298,0.5195660447,0.2535065255,0.000384783679,0,0.00372229758,5.936073059e-07,False
2020-12-10,20,majority_baseline,{},0,0.2269274298,0.5195660447,0.2535065255,0.000384783679,0,0.003836650893,5.936073059e-07,False
2020-12-11,20,majority_baseline,{},0,0.2269274298,0.5195660447,0.2535065255,0.000384783679,0,-0.01079647038,5.936073059e-07,False
2020-12-14,20,majority_baseline,{},0,0.2269274298,0.5195660447,0.2535065255,0.000384783679,0,0.00596081246,6.678082192e-07,False
2020-12-15,20,majority_baseline,{},0,0.2269274298,0.5195660447,0.2535065255,0.000384783679,0,0.0009464228209,5.936073059e-07,False
2020-12-16,20,majority_baseline,{},0,0.2269274298,0.5195660447,0.2535065255,0.000384783679,0,0.000806548922,6.678082192e-07,False
2020-12-17,21,majority_baseline,{},0,0.2269294349,0.5163575321,0.2567130329,0.0004110640211,1,-0.004825210922,5.936073059e-07,False
2020-12-18,21,majority_baseline,{},0,0.2269294349,0.5163575321,0.2567130329,0.0004110640211,1,0.007918415548,5.936073059e-07,False
2020-12-21,21,majority_baseline,{},0,0.2269294349,0.5163575321,0.2567130329,0.0004110640211,1,-0.002634369466,6.678082192e-07,False
2020-12-22,21,majority_baseline,{},0,0.2269294349,0.5163575321,0.2567130329,0.0004110640211,1,-0.001927857805,6.678082192e-07,False
2020-12-23,21,majority_baseline,{},0,0.2269294349,0.5163575321,0.2567130329,0.0004110640211,1,0.002499493339,3.595890411e-07,False
2020-12-24,21,majority_baseline,{},0,0.2269294349,0.5163575321,0.2567130329,0.0004110640211,1,0.001156784936,6.678082192e-07,False
2020-12-28,21,majority_baseline,{},0,0.2269294349,0.5163575321,0.2567130329,0.0004110640211,1,-0.006286632376,8.162100457e-07,False
2020-12-29,21,majority_baseline,{},0,0.2269294349,0.5163575321,0.2567130329,0.0004110640211,1,-0.0009400174989,7.420091324e-07,False
2020-12-30,21,majority_baseline,{},0,0.2269294349,0.5163575321,0.2567130329,0.0004110640211,1,0.005648518177,5.936073059e-07,False
2020-12-31,21,majority_baseline,{},0,0.2269294349,0.5163575321,0.2567130329,0.0004110640211,1,-0.01737227636,6.678082192e-07,False
2021-01-04,21,majority_baseline,{},0,0.2269294349,0.5163575321,0.2567130329,0.0004110640211,1,0.008774736114,6.678082192e-07,False
2021-01-05,21,majority_baseline,{},0,0.2269294349,0.5163575321,0.2567130329,0.0004110640211,1,0.01038650945,6.678082192e-07,False
2021-01-06,21,majority_baseline,{},0,0.2269294349,0.5163575321,0.2567130329,0.0004110640211,1,0.007976602047,6.678082192e-07,False
2021-01-07,21,majority_baseline,{},0,0.2269294349,0.5163575321,0.2567130329,0.0004110640211,1,0.001760459777,6.678082192e-07,False
2021-01-08,21,majority_baseline,{},0,0.2269294349,0.5163575321,0.2567130329,0.0004110640211,1,0.002223094905,5.936073059e-07,False
2021-01-11,21,majority_baseline,{},0,0.2269294349,0.5163575321,0.2567130329,0.0004110640211,1,-0.000316782234,5.936073059e-07,False
2021-01-12,21,majority_baseline,{},0,0.2269294349,0.5163575321,0.2567130329,0.0004110640211,1,0.002904766492,6.678082192e-07,False
2021-01-13,21,majority_baseline,{},0,0.2269294349,0.5163575321,0.2567130329,0.0004110640211,1,-0.0055965868,6.678082192e-07,False
2021-01-14,21,majority_baseline,{},0,0.2269294349,0.5163575321,0.2567130329,0.0004110640211,1,-0.002707552131,6.678082192e-07,False
2021-01-15,21,majority_baseline,{},0,0.2269294349,0.5163575321,0.2567130329,0.0004110640211,1,0.0008193624749,6.678082192e-07,False
2021-01-19,21,majority_baseline,{},0,0.2269294349,0.5163575321,0.2567130329,0.0004110640211,1,0.007294559164,6.678082192e-07,False
2021-01-20,22,majority_baseline,{},0,0.2399286854,0.4967452207,0.2633260939,0.0003445268667,0,-0.0006502121707,5.936073059e-07,False
2021-01-21,22,majority_baseline,{},0,0.2399286854,0.4967452207,0.2633260939,0.0003445268667,0,0.001648148939,6.678082192e-07,False
2021-01-22,22,majority_baseline,{},0,0.2399286854,0.4967452207,0.2633260939,0.0003445268667,0,0.001876615831,5.936073059e-07,False
2021-01-25,22,majority_baseline,{},0,0.2399286854,0.4967452207,0.2633260939,0.0003445268667,0,-0.004203303177,6.678082192e-07,False
2021-01-26,22,majority_baseline,{},0,0.2399286854,0.4967452207,0.2633260939,0.0003445268667,0,-0.01528062046,5.194063927e-07,False
2021-01-27,22,majority_baseline,{},0,0.2399286854,0.4967452207,0.2633260939,0.0003445268667,0,0.003374480533,5.936073059e-07,False
2021-01-28,22,majority_baseline,{},0,0.2399286854,0.4967452207,0.2633260939,0.0003445268667,0,-0.01480179305,5.194063927e-07,False
2021-01-29,22,majority_baseline,{},0,0.2399286854,0.4967452207,0.2633260939,0.0003445268667,0,0.006716284305,4.452054795e-07,False
2021-02-01,22,majority_baseline,{},0,0.2399286854,0.4967452207,0.2633260939,0.0003445268667,0,0.005004593607,5.194063927e-07,False
2021-02-02,22,majority_baseline,{},0,0.2399286854,0.4967452207,0.2633260939,0.0003445268667,0,-0.001542715905,5.194063927e-07,False
2021-02-03,22,majority_baseline,{},0,0.2399286854,0.4967452207,0.2633260939,0.0003445268667,0,0.008434330058,2.96803653e-07,False
2021-02-04,22,majority_baseline,{},0,0.2399286854,0.4967452207,0.2633260939,0.0003445268667,0,-0.001262289477,2.96803653e-07,False
2021-02-05,22,majority_baseline,{},0,0.2399286854,0.4967452207,0.2633260939,0.0003445268667,0,0.003185503173,2.226027397e-07,False
2021-02-08,22,majority_baseline,{},0,0.2399286854,0.4967452207,0.2633260939,0.0003445268667,0,0.001642705975,3.710045662e-07,False
2021-02-09,22,majority_baseline,{},0,0.2399286854,0.4967452207,0.2633260939,0.0003445268667,0,-0.005202510744,2.96803653e-07,False
2021-02-10,22,majority_baseline,{},0,0.2399286854,0.4967452207,0.2633260939,0.0003445268667,0,-0.001354664072,3.710045662e-07,False
2021-02-11,22,majority_baseline,{},0,0.2399286854,0.4967452207,0.2633260939,0.0003445268667,0,0.007156620545,3.710045662e-07,False
2021-02-12,22,majority_baseline,{},0,0.2399286854,0.4967452207,0.2633260939,0.0003445268667,0,-0.004213634889,2.96803653e-07,False
2021-02-16,22,majority_baseline,{},0,0.2399286854,0.4967452207,0.2633260939,0.0003445268667,0,0.005045851002,2.96803653e-07,False
2021-02-17,22,majority_baseline,{},0,0.2399286854,0.4967452207,0.2633260939,0.0003445268667,0,0.002900497642,2.96803653e-07,False
2021-02-18,22,majority_baseline,{},0,0.2399286854,0.4967452207,0.2633260939,0.0003445268667,0,-0.005203174239,2.226027397e-07,False
2021-02-19,23,majority_baseline,{},0,0.2400176214,0.5165592651,0.2434231135,0.0001943209282,0,-7.750416522e-05,2.96803653e-07,False
2021-02-22,23,majority_baseline,{},0,0.2400176214,0.5165592651,0.2434231135,0.0001943209282,0,0.007383133944,2.226027397e-07,False
2021-02-23,23,majority_baseline,{},0,0.2400176214,0.5165592651,0.2434231135,0.0001943209282,0,0.01408123269,2.96803653e-07,False
2021-02-24,23,majority_baseline,{},0,0.2400176214,0.5165592651,0.2434231135,0.0001943209282,0,-0.02069623478,2.226027397e-07,False
2021-02-25,23,majority_baseline,{},0,0.2400176214,0.5165592651,0.2434231135,0.0001943209282,0,-0.01038121681,2.96803653e-07,False
2021-02-26,23,majority_baseline,{},0,0.2400176214,0.5165592651,0.2434231135,0.0001943209282,0,0.01034775348,2.96803653e-07,False
2021-03-01,23,majority_baseline,{},0,0.2400176214,0.5165592651,0.2434231135,0.0001943209282,0,-0.008414136583,3.710045662e-07,False
2021-03-02,23,majority_baseline,{},0,0.2400176214,0.5165592651,0.2434231135,0.0001943209282,0,-0.01132739315,2.96803653e-07,False
2021-03-03,23,majority_baseline,{},0,0.2400176214,0.5165592651,0.2434231135,0.0001943209282,0,-0.01185664182,3.710045662e-07,False
2021-03-04,23,majority_baseline,{},0,0.2400176214,0.5165592651,0.2434231135,0.0001943209282,0,0.008332054488,2.96803653e-07,False
2021-03-05,23,majority_baseline,{},0,0.2400176214,0.5165592651,0.2434231135,0.0001943209282,0,-0.007643119637,2.96803653e-07,False
2021-03-08,23,majority_baseline,{},0,0.2400176214,0.5165592651,0.2434231135,0.0001943209282,0,0.003421037254,3.710045662e-07,False
2021-03-09,23,majority_baseline,{},0,0.2400176214,0.5165592651,0.2434231135,0.0001943209282,0,-0.0002823163075,3.710045662e-07,False
2021-03-10,23,majority_baseline,{},0,0.2400176214,0.5165592651,0.2434231135,0.0001943209282,0,0.003314350604,2.96803653e-07,False
2021-03-11,23,majority_baseline,{},0,0.2400176214,0.5165592651,0.2434231135,0.0001943209282,0,0.005075599293,2.96803653e-07,False
2021-03-12,23,majority_baseline,{},0,0.2400176214,0.5165592651,0.2434231135,0.0001943209282,0,0.00527481322,2.96803653e-07,False
2021-03-15,23,majority_baseline,{},0,0.2400176214,0.5165592651,0.2434231135,0.0001943209282,0,-0.002921408388,2.96803653e-07,False
2021-03-16,23,majority_baseline,{},0,0.2400176214,0.5165592651,0.2434231135,0.0001943209282,0,0.006919653724,1.484018265e-07,False
2021-03-17,23,majority_baseline,{},0,0.2400176214,0.5165592651,0.2434231135,0.0001943209282,0,-0.007604948251,1.484018265e-07,False
2021-03-18,23,majority_baseline,{},0,0.2400176214,0.5165592651,0.2434231135,0.0001943209282,0,-0.0010259412,7.420091324e-08,False
2021-03-19,23,majority_baseline,{},0,0.2400176214,0.5165592651,0.2434231135,0.0001943209282,0,0.00656359148,7.420091324e-08,False
2021-03-22,24,random_forest,"{'max_depth': 3, 'min_samples_leaf': 50}",0,0.2528542095,0.5962327194,0.1509130712,-0.0005985257536,-1,-0.0061493802,2.226027397e-07,False
2021-03-23,24,random_forest,"{'max_depth': 3, 'min_samples_leaf': 50}",0,0.2652459862,0.5064249477,0.2283290661,-0.0001625594207,0,-0.008900283943,7.420091324e-08,False
2021-03-24,24,random_forest,"{'max_depth': 3, 'min_samples_leaf': 50}",0,0.2820967853,0.4713080547,0.24659516,-0.0001918954692,0,0.009637807806,1.484018265e-07,False
2021-03-25,24,random_forest,"{'max_depth': 3, 'min_samples_leaf': 50}",0,0.2747630425,0.4939363113,0.2313006462,-0.00023165,0,0.01291796073,1.484018265e-07,False
2021-03-26,24,random_forest,"{'max_depth': 3, 'min_samples_leaf': 50}",0,0.2399975086,0.5528398425,0.2071626489,-7.424886802e-05,0,0.00349899813,1.484018265e-07,False
2021-03-29,24,random_forest,"{'max_depth': 3, 'min_samples_leaf': 50}",0,0.2547294495,0.5271502557,0.2181202948,-0.0001357338111,0,0.0007859580672,2.226027397e-07,False
2021-03-30,24,random_forest,"{'max_depth': 3, 'min_samples_leaf': 50}",0,0.2603403092,0.5169788189,0.2226808718,-0.000156382292,0,0.002504148984,1.484018265e-07,False
2021-03-31,24,random_forest,"{'max_depth': 3, 'min_samples_leaf': 50}",0,0.2567031847,0.5083679939,0.2349288214,-3.427317561e-05,0,0.005547167285,2.226027397e-07,False
2021-04-01,24,random_forest,"{'max_depth': 3, 'min_samples_leaf': 50}",0,0.2009486792,0.6775533123,0.1214980085,-0.0003161600617,0,0.007187810294,1.484018265e-07,False
2021-04-05,24,random_forest,"{'max_depth': 3, 'min_samples_leaf': 50}",0,0.216136198,0.6480903017,0.1357735003,-0.0003582439464,0,0.0008871878597,2.226027397e-07,False
2021-04-06,24,random_forest,"{'max_depth': 3, 'min_samples_leaf': 50}",0,0.2519315659,0.5349155173,0.2131529168,-0.0001446963271,0,0.00160120672,1.484018265e-07,False
2021-04-07,24,random_forest,"{'max_depth': 3, 'min_samples_leaf': 50}",0,0.2161549575,0.6390135499,0.1448314926,-0.0002936491674,0,0.001446317536,1.484018265e-07,False
2021-04-08,24,random_forest,"{'max_depth': 3, 'min_samples_leaf': 50}",0,0.2233117619,0.6286797295,0.1480085086,-0.0003388661478,0,0.007590723216,7.420091324e-08,False
2021-04-09,24,random_forest,"{'max_depth': 3, 'min_samples_leaf': 50}",0,0.2363323596,0.6002680967,0.1633995437,-0.0003524035219,0,0.001922863698,1.484018265e-07,False
2021-04-12,24,random_forest,"{'max_depth': 3, 'min_samples_leaf': 50}",0,0.2451724514,0.5555752386,0.19925231,-0.0001799377831,0,0.003231809597,1.484018265e-07,False
2021-04-13,24,random_forest,"{'max_depth': 3, 'min_samples_leaf': 50}",0,0.2365685943,0.5929723168,0.170459089,-0.0003041638195,0,-0.003342718201,2.226027397e-07,False
2021-04-14,24,random_forest,"{'max_depth': 3, 'min_samples_leaf': 50}",0,0.2566963914,0.5266192513,0.2166843574,-0.0001646731383,0,0.005148172626,1.484018265e-07,False
2021-04-15,24,random_forest,"{'max_depth': 3, 'min_samples_leaf': 50}",0,0.2435769574,0.5417979633,0.2146250793,-5.486342534e-05,0,2.398978227e-05,1.484018265e-07,False
2021-04-16,24,random_forest,"{'max_depth': 3, 'min_samples_leaf': 50}",0,0.2627302339,0.468884898,0.2683848681,0.0001477564792,0,-0.002522505693,1.484018265e-07,False
2021-04-19,24,random_forest,"{'max_depth': 3, 'min_samples_leaf': 50}",0,0.2739271232,0.4608226318,0.265250245,1.905530325e-05,0,-0.004203788846,1.484018265e-07,False
2021-04-20,24,random_forest,"{'max_depth': 3, 'min_samples_leaf': 50}",0,0.2693776462,0.4713842856,0.2592380682,1.924842134e-05,0,0.01108113393,2.226027397e-07,False
2021-04-21,25,random_forest,"{'max_depth': 3, 'min_samples_leaf': 50}",0,0.2512828973,0.5105698052,0.2381472975,7.219726953e-05,0,-0.008704286071,2.226027397e-07,False
2021-04-22,25,random_forest,"{'max_depth': 3, 'min_samples_leaf': 50}",0,0.2745297999,0.3772233752,0.3482468249,0.0006396251784,1,0.009373398844,2.226027397e-07,False
2021-04-23,25,random_forest,"{'max_depth': 3, 'min_samples_leaf': 50}",0,0.2509078357,0.516459264,0.2326329003,3.631095012e-05,0,0.0004072032426,2.226027397e-07,False
2021-04-26,25,random_forest,"{'max_depth': 3, 'min_samples_leaf': 50}",0,0.260650474,0.5172296927,0.2221198333,-0.0001310331967,0,-0.0009810345508,2.226027397e-07,False
2021-04-27,25,random_forest,"{'max_depth': 3, 'min_samples_leaf': 50}",0,0.2684645503,0.4836155143,0.2479199353,-2.045225714e-05,0,-0.0009813161256,7.420091324e-08,False
2021-04-28,25,random_forest,"{'max_depth': 3, 'min_samples_leaf': 50}",0,0.2611823739,0.4920783778,0.2467392482,3.999248466e-05,0,-0.0006185995755,7.420091324e-08,False
2021-04-29,25,random_forest,"{'max_depth': 3, 'min_samples_leaf': 50}",0,0.2611187853,0.4625459875,0.2763352272,0.0002522395782,0,-0.0007902140699,7.420091324e-08,False
2021-04-30,25,random_forest,"{'max_depth': 3, 'min_samples_leaf': 50}",0,0.2884645482,0.3917830643,0.3197523875,0.0003040368149,0,-0.002932504887,7.420091324e-08,False
2021-05-03,25,random_forest,"{'max_depth': 3, 'min_samples_leaf': 50}",0,0.2595126807,0.4832957051,0.2571916141,0.0001305340021,0,-0.001081577991,2.96803653e-07,False
2021-05-04,25,random_forest,"{'max_depth': 3, 'min_samples_leaf': 50}",0,0.2849152302,0.4041929902,0.3108917796,0.0002742490796,0,-0.0039053259,1.484018265e-07,False
2021-05-05,25,random_forest,"{'max_depth': 3, 'min_samples_leaf': 50}",0,0.265050403,0.4686860242,0.2662635728,0.0001430232084,0,0.007791695806,1.484018265e-07,False
2021-05-06,25,random_forest,"{'max_depth': 3, 'min_samples_leaf': 50}",0,0.2512673848,0.5085231155,0.2402094997,8.709115213e-05,0,0.005310867877,1.484018265e-07,False
2021-05-07,25,random_forest,"{'max_depth': 3, 'min_samples_leaf': 50}",0,0.2508974289,0.507075171,0.2420274002,0.0001035909611,0,-0.01079289355,1.484018265e-07,False
2021-05-10,25,random_forest,"{'max_depth': 3, 'min_samples_leaf': 50}",0,0.2646486941,0.4362018362,0.2991494697,0.0003819955839,0,0.002686965372,1.484018265e-07,False
2021-05-11,25,random_forest,"{'max_depth': 3, 'min_samples_leaf': 50}",0,0.3139533096,0.324847513,0.3611991774,0.0003593105032,0,-0.01415268132,7.420091324e-08,False
2021-05-12,25,random_forest,"{'max_depth': 3, 'min_samples_leaf': 50}",0,0.3114567904,0.3035133218,0.3850298878,0.0005533443115,1,0.007885600436,1.484018265e-07,False
2021-05-13,25,random_forest,"{'max_depth': 3, 'min_samples_leaf': 50}",0,0.3074842593,0.3361683704,0.3563473702,0.0003858104603,0,0.008155647667,1.484018265e-07,False
2021-05-14,25,random_forest,"{'max_depth': 3, 'min_samples_leaf': 50}",0,0.2546533015,0.5040663421,0.2412803563,6.271888068e-05,0,0.0003128971496,7.420091324e-08,False
2021-05-17,25,random_forest,"{'max_depth': 3, 'min_samples_leaf': 50}",0,0.2542447449,0.4926398146,0.2531154405,0.0001512183202,0,-0.009283274421,1.484018265e-07,False
2021-05-18,25,random_forest,"{'max_depth': 3, 'min_samples_leaf': 50}",0,0.2811349234,0.423139455,0.2957256216,0.0002015544625,0,0.009682423494,1.484018265e-07,False
2021-05-19,25,random_forest,"{'max_depth': 3, 'min_samples_leaf': 50}",0,0.3053606706,0.3392056217,0.3554337077,0.0003993654651,0,0.008450731132,7.420091324e-08,False
2021-05-20,26,random_forest,"{'max_depth': 3, 'min_samples_leaf': 50}",0,0.259034572,0.4858074163,0.2551580118,0.0001218139793,0,-0.004629723171,7.420091324e-08,False
2021-05-21,26,random_forest,"{'max_depth': 3, 'min_samples_leaf': 50}",0,0.2630615557,0.446194694,0.2907437503,0.0003392155726,0,0.004384954911,7.420091324e-08,False
2021-05-24,26,random_forest,"{'max_depth': 3, 'min_samples_leaf': 50}",0,0.2417013542,0.543557462,0.2147411838,-4.490343257e-06,0,-0.004972275243,1.484018265e-07,False
2021-05-25,26,random_forest,"{'max_depth': 3, 'min_samples_leaf': 50}",0,0.2400126475,0.5289274327,0.2310599198,0.0001286233843,0,0.0004775042153,1.484018265e-07,False
2021-05-26,26,random_forest,"{'max_depth': 3, 'min_samples_leaf': 50}",0,0.245184176,0.5836517863,0.1711640377,-0.0003502492721,0,-0.002094401892,1.484018265e-07,False
2021-05-27,26,random_forest,"{'max_depth': 3, 'min_samples_leaf': 50}",0,0.2507423989,0.571868969,0.1773886321,-0.0003581033704,0,-0.002209166273,1.484018265e-07,False
2021-05-28,26,random_forest,"{'max_depth': 3, 'min_samples_leaf': 50}",0,0.2403321705,0.5448471966,0.2148206329,9.022442133e-06,0,-0.006862753582,7.420091324e-08,False
2021-06-01,26,random_forest,"{'max_depth': 3, 'min_samples_leaf': 50}",0,0.2475233697,0.5210074047,0.2314692255,6.056546252e-05,0,-9.517464844e-05,1.484018265e-07,False
2021-06-02,26,random_forest,"{'max_depth': 3, 'min_samples_leaf': 50}",0,0.2410590791,0.5704838317,0.1884570893,-0.0001871106414,0,0.002201706088,1.484018265e-07,False
2021-06-03,26,random_forest,"{'max_depth': 3, 'min_samples_leaf': 50}",0,0.2497148742,0.5626449015,0.1876402242,-0.0002747951332,0,0.004396924697,1.484018265e-07,False
2021-06-04,26,random_forest,"{'max_depth': 3, 'min_samples_leaf': 50}",0,0.2205253816,0.6268109995,0.1526636189,-0.0002499711904,0,-0.0009465295482,1.484018265e-07,False
2021-06-07,26,random_forest,"{'max_depth': 3, 'min_samples_leaf': 50}",0,0.2328184652,0.5653230337,0.2018585011,-1.300721641e-05,0,-0.001961633312,1.484018265e-07,False
2021-06-08,26,random_forest,"{'max_depth': 3, 'min_samples_leaf': 50}",0,0.2372931984,0.5111873963,0.2515194054,0.0003012064934,0,-0.003615479969,1.484018265e-07,False
2021-06-09,26,random_forest,"{'max_depth': 3, 'min_samples_leaf': 50}",0,0.2491767033,0.4939422003,0.2568810963,0.0002273669424,0,0.001536774011,2.226027397e-07,False
2021-06-10,26,random_forest,"{'max_depth': 3, 'min_samples_leaf': 50}",0,0.236932896,0.5254056573,0.2376614466,0.0002051270814,0,0.0002592771351,2.226027397e-07,False
2021-06-11,26,random_forest,"{'max_depth': 3, 'min_samples_leaf': 50}",0,0.2410722082,0.5341277964,0.2247999954,7.36681996e-05,0,0.001955604142,2.226027397e-07,False
2021-06-14,26,random_forest,"{'max_depth': 3, 'min_samples_leaf': 50}",0,0.240314933,0.5359434044,0.2237416626,7.32287734e-05,0,-0.002209586852,2.226027397e-07,False
2021-06-15,26,random_forest,"{'max_depth': 3, 'min_samples_leaf': 50}",0,0.2410249256,0.526793746,0.2321813285,0.0001271051719,0,-0.005934624187,2.226027397e-07,False
2021-06-16,26,random_forest,"{'max_depth': 3, 'min_samples_leaf': 50}",0,0.2700769169,0.430784134,0.2991389491,0.000333170247,0,0.0007114279497,2.96803653e-07,False
2021-06-17,26,random_forest,"{'max_depth': 3, 'min_samples_leaf': 50}",0,0.2714273778,0.4335484704,0.2950241517,0.0002908649835,0,-0.005202673058,2.96803653e-07,False
2021-06-18,26,random_forest,"{'max_depth': 3, 'min_samples_leaf': 50}",0,0.2885816622,0.2476456825,0.4637726553,0.001340143995,1,0.009740877175,3.710045662e-07,False
2021-06-21,27,random_forest,"{'max_depth': 3, 'min_samples_leaf': 50}",0,0.2822392486,0.4518053526,0.2659553989,-3.047353829e-05,0,0.005370035019,3.710045662e-07,False
2021-06-22,27,random_forest,"{'max_depth': 3, 'min_samples_leaf': 50}",0,0.2702326247,0.4958469073,0.233920468,-0.0001473979518,0,-0.001394164173,2.96803653e-07,False
2021-06-23,27,random_forest,"{'max_depth': 3, 'min_samples_leaf': 50}",0,0.2744930736,0.4984070494,0.2270998771,-0.0002363158557,0,0.0004942254937,3.710045662e-07,False
2021-06-24,27,random_forest,"{'max_depth': 3, 'min_samples_leaf': 50}",0,0.2619388221,0.5322055006,0.2058556773,-0.0002707272879,0,0.00166703797,3.710045662e-07,False
2021-06-25,27,random_forest,"{'max_depth': 3, 'min_samples_leaf': 50}",0,0.2590292693,0.5340209931,0.2069497375,-0.0002355563039,0,0.000702267865,4.452054795e-07,False
2021-06-28,27,random_forest,"{'max_depth': 3, 'min_samples_leaf': 50}",0,0.25976262,0.5199349591,0.2203024209,-0.0001467050636,0,-0.0004206616373,3.710045662e-07,False
2021-06-29,27,random_forest,"{'max_depth': 3, 'min_samples_leaf': 50}",0,0.2602329129,0.5323805504,0.2073865367,-0.0002437290868,0,0.001989668037,2.96803653e-07,False
2021-06-30,27,random_forest,"{'max_depth': 3, 'min_samples_leaf': 50}",0,0.2412084896,0.5592757321,0.1995157782,-0.0001214848597,0,0.003637460146,3.710045662e-07,False
2021-07-01,27,random_forest,"{'max_depth': 3, 'min_samples_leaf': 50}",0,0.2323120106,0.6012679543,0.1664200351,-0.0002752258321,0,0.004748969565,3.710045662e-07,False
2021-07-02,27,random_forest,"{'max_depth': 3, 'min_samples_leaf': 50}",0,0.2324160363,0.6017068051,0.1658771586,-0.0002800952723,0,-0.001959532693,3.710045662e-07,False
2021-07-06,27,random_forest,"{'max_depth': 3, 'min_samples_leaf': 50}",0,0.2683968603,0.4270463431,0.3045567966,0.0003763067939,0,0.001844735063,3.710045662e-07,False
2021-07-07,27,random_forest,"{'max_depth': 3, 'min_samples_leaf': 50}",0,0.27408345,0.4388622987,0.2870542513,0.0001974048294,0,0.004990938452,3.710045662e-07,False
2021-07-08,27,random_forest,"{'max_depth': 3, 'min_samples_leaf': 50}",0,0.2979437235,0.3615743405,0.340481936,0.0003563858706,0,0.006912792745,4.452054795e-07,False
2021-07-09,27,random_forest,"{'max_depth': 3, 'min_samples_leaf': 50}",0,0.2630587712,0.4974010312,0.2395401977,-3.972749913e-05,0,0.00378934368,4.452054795e-07,False
2021-07-12,27,random_forest,"{'max_depth': 3, 'min_samples_leaf': 50}",0,0.2733855555,0.456472332,0.2701421126,8.269925148e-05,0,-0.00148999153,3.710045662e-07,False
2021-07-13,27,random_forest,"{'max_depth': 3, 'min_samples_leaf': 50}",0,0.2639318651,0.505350034,0.2307181009,-0.0001111821358,0,-0.002652043211,3.710045662e-07,False
2021-07-14,27,random_forest,"{'max_depth': 3, 'min_samples_leaf': 50}",0,0.2623103926,0.4925390434,0.245150564,7.527668345e-06,0,-0.0001379857829,4.452054795e-07,False
2021-07-15,27,random_forest,"{'max_depth': 3, 'min_samples_leaf': 50}",0,0.2677170317,0.4675148268,0.2647681415,9.740667706e-05,0,-0.01071079417,3.710045662e-07,False
2021-07-16,27,random_forest,"{'max_depth': 3, 'min_samples_leaf': 50}",0,0.2980005819,0.2816838884,0.4203155297,0.0009282595638,1,-0.002862575944,3.710045662e-07,False
2021-07-19,27,random_forest,"{'max_depth': 3, 'min_samples_leaf': 50}",0,0.3148498056,0.2244892541,0.4606609403,0.00105928844,1,0.01263861334,3.710045662e-07,False
2021-07-20,27,random_forest,"{'max_depth': 3, 'min_samples_leaf': 50}",0,0.3262709549,0.2917496915,0.3819793536,0.0003878730418,0,0.005111697755,3.710045662e-07,False
2021-07-21,28,random_forest,"{'max_depth': 3, 'min_samples_leaf': 50}",0,0.2703628417,0.4643671921,0.2652699662,9.455159671e-05,0,0.001656165217,3.710045662e-07,False
2021-07-22,28,random_forest,"{'max_depth': 3, 'min_samples_leaf': 50}",0,0.2645887705,0.4866612972,0.2487499323,3.052043608e-05,0,0.005531206425,3.710045662e-07,False
2021-07-23,28,random_forest,"{'max_depth': 3, 'min_samples_leaf': 50}",0,0.2578543488,0.5022409482,0.239904703,3.028376651e-05,0,0.003892448272,3.710045662e-07,False
2021-07-26,28,random_forest,"{'max_depth': 3, 'min_samples_leaf': 50}",0,0.2552645345,0.5240796657,0.2206557998,-8.299994344e-05,0,-0.002045858951,3.710045662e-07,False
2021-07-27,28,random_forest,"{'max_depth': 3, 'min_samples_leaf': 50}",0,0.2743031908,0.4100434999,0.3156533093,0.000417596417,1,-0.001933238013,3.710045662e-07,False
2021-07-28,28,random_forest,"{'max_depth': 3, 'min_samples_leaf': 50}",0,0.2640463756,0.4799433509,0.2560102735,8.744819546e-05,0,0.001887105127,3.710045662e-07,False
2021-07-29,28,random_forest,"{'max_depth': 3, 'min_samples_leaf': 50}",0,0.2652951597,0.4918785,0.2428263403,-1.839208233e-05,0,0.001370158442,4.452054795e-07,False
2021-07-30,28,random_forest,"{'max_depth': 3, 'min_samples_leaf': 50}",0,0.2648664548,0.476714868,0.2584186772,9.698595354e-05,0,-0.006245174188,4.452054795e-07,False
2021-08-02,28,random_forest,"{'max_depth': 3, 'min_samples_leaf': 50}",0,0.2718331737,0.41579328,0.3123735463,0.000417255657,1,0.006180985994,3.710045662e-07,False
2021-08-03,28,random_forest,"{'max_depth': 3, 'min_samples_leaf': 50}",0,0.2524890197,0.4906730558,0.2568379245,0.0002013785926,0,-0.001819063771,3.710045662e-07,False
2021-08-04,28,random_forest,"{'max_depth': 3, 'min_samples_leaf': 50}",0,0.2707844027,0.4487709611,0.2804446362,0.000198999511,0,0.003498270265,3.710045662e-07,False
2021-08-05,28,random_forest,"{'max_depth': 3, 'min_samples_leaf': 50}",0,0.2585271027,0.5035685849,0.2379043124,9.707823581e-06,0,0.0008821174673,3.710045662e-07,False
2021-08-06,28,random_forest,"{'max_depth': 3, 'min_samples_leaf': 50}",0,0.2585831015,0.507587786,0.2338291125,-1.992344634e-05,0,-0.0007457998519,4.452054795e-07,False
2021-08-09,28,random_forest,"{'max_depth': 3, 'min_samples_leaf': 50}",0,0.2603441686,0.5040185484,0.235637283,-2.346774207e-05,0,0.0001581693428,4.452054795e-07,False
2021-08-10,28,random_forest,"{'max_depth': 3, 'min_samples_leaf': 50}",0,0.2515652612,0.5384065641,0.2100281748,-0.0001243351793,0,-9.014583717e-05,3.710045662e-07,False
2021-08-11,28,random_forest,"{'max_depth': 3, 'min_samples_leaf': 50}",0,0.2425882284,0.555177754,0.2022340176,-9.610420767e-05,0,0.003358708663,3.710045662e-07,False
2021-08-12,28,random_forest,"{'max_depth': 3, 'min_samples_leaf': 50}",0,0.2449014288,0.5483284431,0.2067701282,-8.532408723e-05,0,0.0007406294698,4.452054795e-07,False
2021-08-13,28,random_forest,"{'max_depth': 3, 'min_samples_leaf': 50}",0,0.239586153,0.5654592473,0.1949545997,-0.0001200404734,0,0.005488948979,4.452054795e-07,False
2021-08-16,28,random_forest,"{'max_depth': 3, 'min_samples_leaf': 50}",0,0.2400146472,0.5382699824,0.2217153704,6.709856212e-05,0,-0.0004501657867,4.452054795e-07,False
2021-08-17,28,random_forest,"{'max_depth': 3, 'min_samples_leaf': 50}",0,0.2720497318,0.4234797456,0.3044705227,0.0003587827908,0,-0.008533499227,5.194063927e-07,False
2021-08-18,28,random_forest,"{'max_depth': 3, 'min_samples_leaf': 50}",0,0.3205438579,0.2417783452,0.4376777969,0.0008569994052,1,0.008228840931,5.194063927e-07,False
2021-08-19,29,random_forest,"{'max_depth': 3, 'min_samples_leaf': 50}",0,0.3235489326,0.2021831201,0.4742679473,0.001095586474,1,0.007109861424,4.452054795e-07,False
2021-08-20,29,random_forest,"{'max_depth': 3, 'min_samples_leaf': 50}",0,0.2664967349,0.4456629068,0.2878403583,0.0003027562194,0,0.004717418633,3.710045662e-07,False
2021-08-23,29,random_forest,"{'max_depth': 3, 'min_samples_leaf': 50}",0,0.2405072403,0.5251732695,0.2343194901,0.0001645998355,0,0,3.710045662e-07,False
2021-08-24,29,random_forest,"{'max_depth': 3, 'min_samples_leaf': 50}",0,0.2451118995,0.5351317105,0.21975639,1.832378604e-05,0,0.001651137249,3.710045662e-07,False
2021-08-25,29,random_forest,"{'max_depth': 3, 'min_samples_leaf': 50}",0,0.2398006456,0.540352015,0.2198473394,6.840645032e-05,0,-0.005238348739,4.452054795e-07,False
2021-08-26,29,random_forest,"{'max_depth': 3, 'min_samples_leaf': 50}",0,0.2664638277,0.4505491719,0.2829870004,0.0002685976219,0,0.007000368894,3.710045662e-07,False
2021-08-27,29,random_forest,"{'max_depth': 3, 'min_samples_leaf': 50}",0,0.2434899314,0.4900124808,0.2664975878,0.000365341774,0,0.00279399903,3.710045662e-07,False
2021-08-30,29,random_forest,"{'max_depth': 3, 'min_samples_leaf': 50}",0,0.2382729089,0.5268508885,0.2348762026,0.0001893502018,0,-0.001260715574,3.710045662e-07,False
2021-08-31,29,random_forest,"{'max_depth': 3, 'min_samples_leaf': 50}",0,0.2372624143,0.5382802226,0.2244573631,0.0001247690627,0,-0.001679356873,2.96803653e-07,False
2021-09-01,29,random_forest,"{'max_depth': 3, 'min_samples_leaf': 50}",0,0.2259918075,0.6247926943,0.1492154982,-0.0003046359562,0,-0.0002867840016,3.710045662e-07,False
2021-09-02,29,random_forest,"{'max_depth': 3, 'min_samples_leaf': 50}",0,0.2226170685,0.6315636908,0.1458192408,-0.0002973417662,0,0.002433681932,3.710045662e-07,False
2021-09-03,29,random_forest,"{'max_depth': 3, 'min_samples_leaf': 50}",0,0.231426706,0.5614995428,0.2070737511,5.564213016e-05,0,-0.002761149493,3.710045662e-07,False
2021-09-07,29,random_forest,"{'max_depth': 3, 'min_samples_leaf': 50}",0,0.2619926764,0.4953235548,0.2426837687,2.401158859e-05,0,4.433247537e-05,3.710045662e-07,False
2021-09-08,29,random_forest,"{'max_depth': 3, 'min_samples_leaf': 50}",0,0.2623088007,0.4771375485,0.2605536508,0.00014796758,0,-0.003816288276,3.710045662e-07,False
2021-09-09,29,random_forest,"{'max_depth': 3, 'min_samples_leaf': 50}",0,0.2869749421,0.3403381257,0.3726869322,0.000714662901,1,-0.01241576364,2.96803653e-07,False
2021-09-10,29,random_forest,"{'max_depth': 3, 'min_samples_leaf': 50}",0,0.2927196086,0.2806586923,0.4266216991,0.001044196042,1,-0.00459171712,3.710045662e-07,False
2021-09-13,29,random_forest,"{'max_depth': 3, 'min_samples_leaf': 50}",0,0.2977114697,0.2826573172,0.4196312131,0.0009480909485,1,-0.008814562437,4.452054795e-07,False
2021-09-14,29,random_forest,"{'max_depth': 3, 'min_samples_leaf': 50}",0,0.2929958373,0.268261775,0.4387423877,0.001127696932,1,0.007332125934,2.96803653e-07,False
2021-09-15,29,random_forest,"{'max_depth': 3, 'min_samples_leaf': 50}",0,0.2771269587,0.4082232132,0.3146498281,0.0003941914585,0,-0.0003353167204,2.96803653e-07,False
2021-09-16,29,random_forest,"{'max_depth': 3, 'min_samples_leaf': 50}",0,0.2822343563,0.3790858362,0.3386798075,0.0005172949613,1,-0.007911578266,2.96803653e-07,False
2021-09-17,29,random_forest,"{'max_depth': 3, 'min_samples_leaf': 50}",0,0.3034230625,0.2215192263,0.4750577112,0.001288525088,1,-0.001931558708,2.96803653e-07,False
2021-09-20,30,random_forest,"{'max_depth': 3, 'min_samples_leaf': 50}",0,0.3370749597,0.2044766914,0.4584483489,0.0008441738084,1,-0.006643286636,2.96803653e-07,False
2021-09-21,30,random_forest,"{'max_depth': 3, 'min_samples_leaf': 50}",0,0.3233818438,0.2392589994,0.4373591568,0.0008216905314,1,0.0041508945,2.226027397e-07,False
2021-09-22,30,random_forest,"{'max_depth': 3, 'min_samples_leaf': 50}",0,0.3150479387,0.3067353531,0.3782167082,0.0004794981039,1,0.007570731953,2.226027397e-07,False
2021-09-23,30,random_forest,"{'max_depth': 3, 'min_samples_leaf': 50}",0,0.2523956135,0.5071659268,0.2404384597,8.37425208e-05,0,0.005595327205,2.226027397e-07,False
2021-09-24,30,random_forest,"{'max_depth': 3, 'min_samples_leaf': 50}",0,0.237242721,0.5499103433,0.2128469357,2.868336951e-05,0,-0.0003838731612,2.226027397e-07,False
2021-09-27,30,random_forest,"{'max_depth': 3, 'min_samples_leaf': 50}",0,0.2676221601,0.4838662091,0.2485116307,-3.477623425e-07,0,-0.01357775082,2.96803653e-07,False
2021-09-28,30,random_forest,"{'max_depth': 3, 'min_samples_leaf': 50}",0,0.3183595176,0.2447059803,0.436934502,0.0008653049587,1,-0.001700384148,2.96803653e-07,False
2021-09-29,30,random_forest,"{'max_depth': 3, 'min_samples_leaf': 50}",0,0.3041409886,0.31402796,0.3818310514,0.0006063981895,1,-0.01577903438,2.96803653e-07,False
2021-09-30,30,random_forest,"{'max_depth': 3, 'min_samples_leaf': 50}",0,0.3135766704,0.2672712506,0.419152079,0.0007835579028,1,0.007564107993,2.96803653e-07,False
2021-10-01,30,random_forest,"{'max_depth': 3, 'min_samples_leaf': 50}",0,0.2809232419,0.401130805,0.3179459531,0.0003687415265,0,-0.01006925037,2.96803653e-07,False
2021-10-04,30,random_forest,"{'max_depth': 3, 'min_samples_leaf': 50}",0,0.2849163427,0.3658200286,0.3492636287,0.0005538413128,1,0.006647489501,2.96803653e-07,False
2021-10-05,30,random_forest,"{'max_depth': 3, 'min_samples_leaf': 50}",0,0.2648608283,0.4778268572,0.2573123145,8.772142965e-05,0,0.01311530055,2.96803653e-07,False
2021-10-06,30,random_forest,"{'max_depth': 3, 'min_samples_leaf': 50}",0,0.2601280008,0.4689044171,0.2709675821,0.0002285328957,0,0.0006158650527,2.96803653e-07,False
2021-10-07,30,random_forest,"{'max_depth': 3, 'min_samples_leaf': 50}",0,0.2457919078,0.5217426246,0.2324654676,8.848953502e-05,0,-0.003686232993,3.710045662e-07,False
2021-10-08,30,random_forest,"{'max_depth': 3, 'min_samples_leaf': 50}",0,0.2471695217,0.5088519788,0.2439784995,0.0001573747347,0,-0.005650107894,3.710045662e-07,False
2021-10-11,30,random_forest,"{'max_depth': 3, 'min_samples_leaf': 50}",0,0.2553925494,0.4895873148,0.2550201358,0.0001593633738,0,-0.004705438143,3.710045662e-07,False
2021-10-12,30,random_forest,"{'max_depth': 3, 'min_samples_leaf': 50}",0,0.2465931906,0.5131904198,0.2402163896,0.0001360364809,0,0.00108118347,4.452054795e-07,False
2021-10-13,30,random_forest,"{'max_depth': 3, 'min_samples_leaf': 50}",0,0.241913215,0.5381593313,0.2199274537,3.555285586e-05,0,0.007789044267,3.710045662e-07,False
2021-10-14,30,random_forest,"{'max_depth': 3, 'min_samples_leaf': 50}",0,0.1970976556,0.6741141896,0.1287881548,-0.0001949356837,0,0.002518257757,3.710045662e-07,False
2021-10-15,30,random_forest,"{'max_depth': 3, 'min_samples_leaf': 50}",0,0.1956831287,0.684298456,0.1200184153,-0.0002440169256,0,0.007252744983,3.710045662e-07,False
2021-10-18,30,random_forest,"{'max_depth': 3, 'min_samples_leaf': 50}",0,0.1930243153,0.6865866337,0.1203890511,-0.0002167033215,0,0.003831420302,4.452054795e-07,False
2021-10-19,31,random_forest,"{'max_depth': 3, 'min_samples_leaf': 50}",0,0.1845640277,0.7148927216,0.1005432507,-0.0002793633166,0,0.002837317035,3.710045662e-07,False
2021-10-20,31,random_forest,"{'max_depth': 3, 'min_samples_leaf': 50}",0,0.1842498325,0.7172267762,0.09852339136,-0.0002908047001,0,0.004028615129,3.710045662e-07,False
2021-10-21,31,random_forest,"{'max_depth': 3, 'min_samples_leaf': 50}",0,0.1856043792,0.7133922313,0.1010033895,-0.000285772386,0,-2.209025991e-05,4.452054795e-07,False
2021-10-22,31,random_forest,"{'max_depth': 3, 'min_samples_leaf': 50}",0,0.2158216332,0.6121947857,0.1719835811,-6.216294633e-05,0,0.00279560854,4.452054795e-07,False
2021-10-25,31,random_forest,"{'max_depth': 3, 'min_samples_leaf': 50}",0,0.1874841015,0.7072250442,0.1052908543,-0.0002727726308,0,-0.002712206269,4.452054795e-07,False
2021-10-26,31,random_forest,"{'max_depth': 3, 'min_samples_leaf': 50}",0,0.2167405375,0.6123535387,0.1709059238,-7.837867667e-05,0,-0.005498980517,4.452054795e-07,False
2021-10-27,31,random_forest,"{'max_depth': 3, 'min_samples_leaf': 50}",0,0.2280726118,0.5429389491,0.2289884391,0.0002292489967,0,0.006279400836,4.452054795e-07,False
2021-10-28,31,random_forest,"{'max_depth': 3, 'min_samples_leaf': 50}",0,0.2294228153,0.5609257146,0.2096514701,7.915871197e-05,0,0.007414405342,4.452054795e-07,False
2021-10-29,31,random_forest,"{'max_depth': 3, 'min_samples_leaf': 50}",0,0.2311358349,0.5478685832,0.2209955819,0.0001438969312,0,-0.0005648039399,3.710045662e-07,False
2021-11-01,31,random_forest,"{'max_depth': 3, 'min_samples_leaf': 50}",0,0.2468122899,0.5087763132,0.2444113968,0.0001645446993,0,0.003650412225,3.710045662e-07,False
2021-11-02,31,random_forest,"{'max_depth': 3, 'min_samples_leaf': 50}",0,0.2543181123,0.4711378895,0.2745439982,0.0003089990257,0,0.00741385977,3.710045662e-07,False
2021-11-03,31,random_forest,"{'max_depth': 3, 'min_samples_leaf': 50}",0,0.2516989109,0.490464914,0.2578361751,0.0002145469077,0,0.003330794039,3.710045662e-07,False
2021-11-04,31,random_forest,"{'max_depth': 3, 'min_samples_leaf': 50}",0,0.2491879374,0.4992736826,0.2515383799,0.0001931240869,0,-0.001598192941,2.96803653e-07,False
2021-11-05,31,random_forest,"{'max_depth': 3, 'min_samples_leaf': 50}",0,0.2646029996,0.4017336896,0.3336633108,0.0006337456421,1,-0.001639385899,3.710045662e-07,False
2021-11-08,31,random_forest,"{'max_depth': 3, 'min_samples_leaf': 50}",0,0.2888041448,0.3807539128,0.3304419423,0.0003856174194,0,-0.004133645257,4.452054795e-07,False
2021-11-09,31,random_forest,"{'max_depth': 3, 'min_samples_leaf': 50}",0,0.2830281088,0.3426265839,0.3743453072,0.000751611895,1,-0.004209784626,2.96803653e-07,False
2021-11-10,31,random_forest,"{'max_depth': 3, 'min_samples_leaf': 50}",0,0.3082045449,0.2905579182,0.4012375369,0.0007085764827,1,-0.003095381539,3.710045662e-07,False
2021-11-11,31,random_forest,"{'max_depth': 3, 'min_samples_leaf': 50}",0,0.2797266941,0.4158541112,0.3044191947,0.0002850182096,0,0.004622450021,3.710045662e-07,False
2021-11-12,31,random_forest,"{'max_depth': 3, 'min_samples_leaf': 50}",0,0.2494339195,0.5231629902,0.2274030903,1.918395178e-05,0,-0.002581986089,3.710045662e-07,False
2021-11-15,31,random_forest,"{'max_depth': 3, 'min_samples_leaf': 50}",0,0.2608436762,0.4856630668,0.253493257,9.855802817e-05,0,0.004559573813,3.710045662e-07,False
2021-11-16,31,random_forest,"{'max_depth': 3, 'min_samples_leaf': 50}",0,0.2667647937,0.4548855119,0.2783496944,0.0002202354829,0,-0.001833657259,3.710045662e-07,False
2021-11-17,32,random_forest,"{'max_depth': 3, 'min_samples_leaf': 50}",0,0.3016613551,0.3864348478,0.3119037971,0.0001449368744,0,0.001044285906,3.710045662e-07,False
2021-11-18,32,random_forest,"{'max_depth': 3, 'min_samples_leaf': 50}",0,0.297756088,0.3657225551,0.336521357,0.000355477465,0,-0.001533124566,3.710045662e-07,False
2021-11-19,32,random_forest,"{'max_depth': 3, 'min_samples_leaf': 50}",0,0.2940891546,0.3672330426,0.3386778028,0.0004046362759,1,-0.007050494187,3.710045662e-07,False
2021-11-22,32,random_forest,"{'max_depth': 3, 'min_samples_leaf': 50}",0,0.3365759878,0.2501357953,0.4132882169,0.00054088734,1,0.002076112315,3.710045662e-07,False
2021-11-23,32,random_forest,"{'max_depth': 3, 'min_samples_leaf': 50}",0,0.3261787841,0.2841132006,0.3897080153,0.0004698290674,1,0.007252295482,4.452054795e-07,False
2021-11-24,32,random_forest,"{'max_depth': 3, 'min_samples_leaf': 50}",0,0.3055165074,0.3365755865,0.3579079061,0.0004353489399,1,-0.007288997617,2.397260274e-07,False
2021-11-26,32,random_forest,"{'max_depth': 3, 'min_samples_leaf': 50}",0,0.3190236535,0.1514747875,0.5295015591,0.001526635173,1,0.001142066588,4.452054795e-07,False
2021-11-29,32,random_forest,"{'max_depth': 3, 'min_samples_leaf': 50}",0,0.3470983391,0.2069230767,0.4459785842,0.0006753524178,1,-0.01393939919,4.452054795e-07,False
2021-11-30,32,random_forest,"{'max_depth': 3, 'min_samples_leaf': 50}",0,0.3109143112,0.1400868006,0.5489988883,0.001739727678,1,-0.02413138896,3.710045662e-07,False
2021-12-01,32,random_forest,"{'max_depth': 3, 'min_samples_leaf': 50}",0,0.3067283525,0.154366243,0.5389054046,0.00170686721,1,0.01479817799,4.452054795e-07,False
2021-12-02,32,random_forest,"{'max_depth': 3, 'min_samples_leaf': 50}",0,0.3228927676,0.1896617215,0.487445511,0.001192843512,1,-0.01252259468,3.710045662e-07,False
2021-12-03,32,random_forest,"{'max_depth': 3, 'min_samples_leaf': 50}",0,0.2971435346,0.1844498507,0.5184066147,0.001650141567,1,0.005831678847,4.452054795e-07,False
2021-12-06,32,random_forest,"{'max_depth': 3, 'min_samples_leaf': 50}",0,0.3189393042,0.2957591655,0.3853015303,0.0005054812437,1,0.008333143169,3.710045662e-07,False
2021-12-07,32,random_forest,"{'max_depth': 3, 'min_samples_leaf': 50}",0,0.221558393,0.5910149796,0.1874266274,2.793849421e-06,0,0.001749470323,4.452054795e-07,False
2021-12-08,32,random_forest,"{'max_depth': 3, 'min_samples_leaf': 50}",0,0.2120280193,0.6277395848,0.1602323959,-0.0001018847846,0,-0.003844895406,5.194063927e-07,False
2021-12-09,32,random_forest,"{'max_depth': 3, 'min_samples_leaf': 50}",0,0.2424669919,0.5466166238,0.2109163843,-2.389637388e-05,0,0.003217993701,4.452054795e-07,False
2021-12-10,32,random_forest,"{'max_depth': 3, 'min_samples_leaf': 50}",0,0.1862218578,0.687402847,0.1263752952,-0.0001034218346,0,-0.007699004738,4.452054795e-07,False
2021-12-13,32,random_forest,"{'max_depth': 3, 'min_samples_leaf': 50}",0,0.2314748387,0.5278392633,0.240685898,0.0002886265152,0,0.0005830162912,3.710045662e-07,False
2021-12-14,32,random_forest,"{'max_depth': 3, 'min_samples_leaf': 50}",0,0.2475096321,0.5172910545,0.2351993134,0.0001016091808,0,0.01549348861,3.710045662e-07,False
2021-12-15,32,random_forest,"{'max_depth': 3, 'min_samples_leaf': 50}",0,0.2100234688,0.598370277,0.1916062542,0.0001389777027,0,-0.01295045174,3.710045662e-07,False
2021-12-16,32,random_forest,"{'max_depth': 3, 'min_samples_leaf': 50}",0,0.2353369527,0.5359853286,0.2286777188,0.0001678461808,0,-0.003639893144,3.710045662e-07,False
2021-12-17,33,random_forest,"{'max_depth': 3, 'min_samples_leaf': 50}",0,0.2572966165,0.4431857484,0.2995176351,0.0004477065815,1,0.001100158402,3.710045662e-07,False
2021-12-20,33,random_forest,"{'max_depth': 3, 'min_samples_leaf': 50}",0,0.2585143186,0.4641118644,0.277373817,0.0002785673213,0,0.009703260695,5.194063927e-07,False
2021-12-21,33,random_forest,"{'max_depth': 3, 'min_samples_leaf': 50}",0,0.2591904437,0.5023449509,0.2384646054,-5.022122969e-06,0,0.01058794211,5.194063927e-07,False
2021-12-22,33,random_forest,"{'max_depth': 3, 'min_samples_leaf': 50}",0,0.2088880814,0.6221832719,0.1689286467,-3.28972736e-05,0,0.003946679692,5.936073059e-07,False
2021-12-23,33,random_forest,"{'max_depth': 3, 'min_samples_leaf': 50}",0,0.2089106661,0.6561533726,0.1349359612,-0.0002753705139,0,0.01101557486,5.194063927e-07,False
2021-12-27,33,random_forest,"{'max_depth': 3, 'min_samples_leaf': 50}",0,0.2048144924,0.6453145405,0.1498709671,-0.0001308443945,0,-0.001779297681,4.452054795e-07,False
2021-12-28,33,random_forest,"{'max_depth': 3, 'min_samples_leaf': 50}",0,0.1896901358,0.681228901,0.1290809631,-0.0001383896177,0,0.001048262026,4.452054795e-07,False
2021-12-29,33,random_forest,"{'max_depth': 3, 'min_samples_leaf': 50}",0,0.1807333442,0.7264213134,0.0928453424,-0.0003133594668,0,-0.003703448387,3.710045662e-07,False
2021-12-30,33,random_forest,"{'max_depth': 3, 'min_samples_leaf': 50}",0,0.2346787085,0.5505314979,0.2147897937,5.415500114e-05,0,-0.001429701378,3.710045662e-07,False
2021-12-31,33,random_forest,"{'max_depth': 3, 'min_samples_leaf': 50}",0,0.2417530804,0.5514737201,0.2067731995,-6.875487976e-05,0,0.002960326775,4.452054795e-07,False
2022-01-03,33,random_forest,"{'max_depth': 3, 'min_samples_leaf': 50}",0,0.2265071003,0.5919831309,0.1815097689,-0.0001070510374,0,-0.003484857453,5.936073059e-07,False
2022-01-04,33,random_forest,"{'max_depth': 3, 'min_samples_leaf': 50}",0,0.2345867477,0.576334994,0.1890782583,-0.0001282340965,0,-0.01840053389,5.936073059e-07,False
2022-01-05,33,random_forest,"{'max_depth': 3, 'min_samples_leaf': 50}",0,0.2844457138,0.3868486458,0.3287056403,0.0004032998473,1,0.000106836705,6.678082192e-07,False
2022-01-06,33,random_forest,"{'max_depth': 3, 'min_samples_leaf': 50}",0,0.2972417442,0.4087570965,0.2940011593,3.698850614e-05,0,-0.00397481737,7.420091324e-07,False
2022-01-07,33,random_forest,"{'max_depth': 3, 'min_samples_leaf': 50}",0,0.2979118896,0.4089551408,0.2931329697,2.457009476e-05,0,0.006073043906,7.420091324e-07,False
2022-01-10,33,random_forest,"{'max_depth': 3, 'min_samples_leaf': 50}",0,0.3036720231,0.3601997809,0.336128196,0.0002774370823,0,0.009715600747,9.646118721e-07,False
2022-01-11,33,random_forest,"{'max_depth': 3, 'min_samples_leaf': 50}",0,0.2988739669,0.4224732305,0.2786528025,-8.757416273e-05,0,-0.001208692681,8.162100457e-07,False
2022-01-12,33,random_forest,"{'max_depth': 3, 'min_samples_leaf': 50}",0,0.2597913158,0.5242312025,0.2159774817,-0.000170872922,0,-0.01622229112,8.904109589e-07,False
2022-01-13,33,random_forest,"{'max_depth': 3, 'min_samples_leaf': 50}",0,0.3183025859,0.2595327526,0.4221646614,0.0007545800173,1,0.007654109575,8.904109589e-07,False
2022-01-14,33,random_forest,"{'max_depth': 3, 'min_samples_leaf': 50}",0,0.2963988059,0.3632897766,0.3403114175,0.0003748756383,0,-0.007069213312,9.646118721e-07,False
2022-01-18,33,random_forest,"{'max_depth': 3, 'min_samples_leaf': 50}",0,0.3485939667,0.1520066241,0.4993994093,0.001023382334,1,-0.01392618861,1.187214612e-06,False
2022-01-19,34,random_forest,"{'max_depth': 3, 'min_samples_leaf': 50}",0,0.3926030231,0.1261926353,0.4812043416,0.0004800873297,1,-0.0154269974,1.261415525e-06,False
2022-01-20,34,random_forest,"{'max_depth': 3, 'min_samples_leaf': 50}",0,0.3970016186,0.1203917952,0.4826065862,0.0004490797053,1,-0.0170122689,1.261415525e-06,False
2022-01-21,34,random_forest,"{'max_depth': 3, 'min_samples_leaf': 50}",0,0.3842420043,0.1362528055,0.4795051902,0.0005459430829,1,0.01807744264,1.261415525e-06,False
2022-01-24,34,random_forest,"{'max_depth': 3, 'min_samples_leaf': 50}",0,0.3895076542,0.1236315166,0.4868608292,0.000549450691,1,0.003255908456,1.409817352e-06,False
2022-01-25,34,random_forest,"{'max_depth': 3, 'min_samples_leaf': 50}",0,0.3806890959,0.1216042649,0.4977066392,0.000709354045,1,-0.01665455677,1.409817352e-06,False
2022-01-26,34,random_forest,"{'max_depth': 3, 'min_samples_leaf': 50}",0,0.366534759,0.1662085595,0.4672566815,0.0006235107225,1,-0.01601793317,1.409817352e-06,False
2022-01-27,34,random_forest,"{'max_depth': 3, 'min_samples_leaf': 50}",0,0.3277611569,0.1981513633,0.4740874798,0.001034187856,1,0.02142465508,1.484018265e-06,False
2022-01-28,34,random_forest,"{'max_depth': 3, 'min_samples_leaf': 50}",0,0.3521537391,0.2673233827,0.3805228782,0.0001369857169,0,0.01964920137,1.409817352e-06,False
2022-01-31,34,random_forest,"{'max_depth': 3, 'min_samples_leaf': 50}",0,0.2353511691,0.5324431643,0.2322056666,0.000165421976,0,0.005036876647,1.632420091e-06,False
2022-02-01,34,random_forest,"{'max_depth': 3, 'min_samples_leaf': 50}",0,0.2157908848,0.603704788,0.1805043272,-2.206510677e-05,0,0.004061484282,1.409817352e-06,False
2022-02-02,34,random_forest,"{'max_depth': 3, 'min_samples_leaf': 50}",0,0.2073035953,0.617678774,0.1750176308,1.786319825e-05,0,-0.009646315425,1.409817352e-06,False
2022-02-03,34,random_forest,"{'max_depth': 3, 'min_samples_leaf': 50}",0,0.2487343233,0.4960163945,0.2552492822,0.000205457438,0,0.005264940176,1.484018265e-06,False
2022-02-04,34,random_forest,"{'max_depth': 3, 'min_samples_leaf': 50}",0,0.2470718818,0.5263850906,0.2265430276,1.553242963e-05,0,-0.005005450309,1.706621005e-06,False
2022-02-07,34,random_forest,"{'max_depth': 3, 'min_samples_leaf': 50}",0,0.2482873926,0.5483613968,0.2033512106,-0.0001617822267,0,0.009424017512,2.003424658e-06,False
2022-02-08,34,random_forest,"{'max_depth': 3, 'min_samples_leaf': 50}",0,0.2150260039,0.6372755884,0.1476984077,-0.0002497045187,0,0.005096452903,1.855022831e-06,False
2022-02-09,34,random_forest,"{'max_depth': 3, 'min_samples_leaf': 50}",0,0.1655573219,0.7418207658,0.09262191229,-0.0001822739258,0,-0.00447553729,1.929223744e-06,False
2022-02-10,34,random_forest,"{'max_depth': 3, 'min_samples_leaf': 50}",0,0.2605799468,0.5221850256,0.2172350276,-0.0001771228334,0,-0.01991502675,2.96803653e-06,False
2022-02-11,34,random_forest,"{'max_depth': 3, 'min_samples_leaf': 50}",0,0.285995806,0.3895959595,0.3244082345,0.0003527123971,0,-0.002045881976,2.671232877e-06,False
2022-02-14,34,random_forest,"{'max_depth': 3, 'min_samples_leaf': 50}",0,0.3507486166,0.2746464501,0.3746049332,0.0001077448351,0,0.005341074605,3.190639269e-06,False
2022-02-15,34,random_forest,"{'max_depth': 3, 'min_samples_leaf': 50}",0,0.3181515586,0.3530009469,0.3288474944,8.444018025e-05,0,0.006014492268,2.96803653e-06,False
2022-02-16,34,random_forest,"{'max_depth': 3, 'min_samples_leaf': 50}",0,0.2548901218,0.5121948296,0.2329150486,-1.181719672e-05,0,-0.01389829806,2.819634703e-06,False
2022-02-17,35,random_forest,"{'max_depth': 3, 'min_samples_leaf': 50}",0,0.2843604242,0.4082160354,0.3074235404,0.0002334239546,0,-0.007088412897,2.671232877e-06,False
2022-02-18,35,random_forest,"{'max_depth': 3, 'min_samples_leaf': 50}",0,0.280866367,0.411921447,0.307212186,0.0002650072746,0,-0.00537175494,2.597031963e-06,False
2022-02-22,35,random_forest,"{'max_depth': 3, 'min_samples_leaf': 50}",0,0.3355832526,0.2688177601,0.3955989872,0.0003855780158,0,-0.0247538284,2.74543379e-06,False
2022-02-23,35,random_forest,"{'max_depth': 3, 'min_samples_leaf': 50}",0,0.3451931628,0.2142779661,0.4405288711,0.0006193832703,1,0.04204174793,2.52283105e-06,False
2022-02-24,35,random_forest,"{'max_depth': 3, 'min_samples_leaf': 50}",0,0.3680338893,0.1930411205,0.4389249902,0.0003913351487,0,0.01894745201,2.374429224e-06,False
2022-02-25,35,random_forest,"{'max_depth': 3, 'min_samples_leaf': 50}",0,0.2464735267,0.519921015,0.2336054583,5.870507199e-05,0,0.01064742279,2.448630137e-06,False
2022-02-28,35,random_forest,"{'max_depth': 3, 'min_samples_leaf': 50}",0,0.3404040109,0.2715595727,0.3880364164,0.0002852113471,0,-0.01163110859,2.597031963e-06,False
2022-03-01,35,random_forest,"{'max_depth': 3, 'min_samples_leaf': 50}",0,0.3576799714,0.1716161171,0.4707039115,0.0007192378456,1,0.01276688866,2.374429224e-06,False
2022-03-02,35,random_forest,"{'max_depth': 3, 'min_samples_leaf': 50}",0,0.2849973606,0.3866465412,0.3283560982,0.0003787447704,0,-0.01080666058,2.52283105e-06,False
2022-03-03,35,random_forest,"{'max_depth': 3, 'min_samples_leaf': 50}",0,0.3033650567,0.3457769235,0.3508580198,0.0003673869853,0,0.0009728162022,2.819634703e-06,False
2022-03-04,35,random_forest,"{'max_depth': 3, 'min_samples_leaf': 50}",0,0.3171969436,0.3079806736,0.3748223828,0.0004095874149,1,-0.02808479994,2.52283105e-06,False
2022-03-07,35,random_forest,"{'max_depth': 3, 'min_samples_leaf': 50}",0,0.3666548545,0.1573360669,0.4760090786,0.0006725470454,1,-0.008031064025,2.819634703e-06,False
2022-03-08,35,random_forest,"{'max_depth': 3, 'min_samples_leaf': 50}",0,0.3718889606,0.1902110182,0.4379000212,0.000347391198,0,0.005339391465,2.671232877e-06,False
2022-03-09,35,random_forest,"{'max_depth': 3, 'min_samples_leaf': 50}",0,0.321572048,0.3454101158,0.3330178362,6.585100286e-05,0,0.007005637915,2.819634703e-06,False
2022-03-10,35,random_forest,"{'max_depth': 3, 'min_samples_leaf': 50}",0,0.2891666892,0.4403437088,0.270489602,-7.918052442e-05,0,-0.01880311089,2.893835616e-06,False
2022-03-11,35,random_forest,"{'max_depth': 3, 'min_samples_leaf': 50}",0,0.278479589,0.4542577436,0.2672626674,-1.236790302e-06,0,-0.009242354449,2.96803653e-06,False
2022-03-14,35,random_forest,"{'max_depth': 3, 'min_samples_leaf': 50}",0,0.284108408,0.4604581924,0.2554333996,-0.0001401122231,0,0.01524650316,3.339041096e-06,False
2022-03-15,35,random_forest,"{'max_depth': 3, 'min_samples_leaf': 50}",0,0.2557532566,0.5207062963,0.2235404471,-0.0001020115632,0,0.01332894543,3.413242009e-06,False
2022-03-16,35,random_forest,"{'max_depth': 3, 'min_samples_leaf': 50}",0,0.1926304134,0.6496214496,0.157748137,2.045073935e-05,0,0.01725134581,3.264840183e-06,False
2022-03-17,35,random_forest,"{'max_depth': 3, 'min_samples_leaf': 50}",0,0.1912680464,0.6677516722,0.1409802814,-8.788185149e-05,0,0.01488581981,2.96803653e-06,False
2022-03-18,35,random_forest,"{'max_depth': 3, 'min_samples_leaf': 50}",0,0.1846341902,0.7078961517,0.1074696581,-0.000267320693,0,0.0001125676708,3.116438356e-06,False
2022-03-21,36,lightgbm,"{'num_leaves': 7, 'learning_rate': 0.1, 'min_child_samples': 60}",0,0.3408698358,0.2917560132,0.367374151,0.0001585746418,0,0.008365879629,4.006849315e-06,False
2022-03-22,36,lightgbm,"{'num_leaves': 7, 'learning_rate': 0.1, 'min_child_samples': 60}",0,0.2705065084,0.4436124809,0.2858810107,0.0002306568501,0,-0.006958930898,3.784246575e-06,False
2022-03-23,36,lightgbm,"{'num_leaves': 7, 'learning_rate': 0.1, 'min_child_samples': 60}",0,0.4688690297,0.3363783885,0.1947525818,-0.002355585693,-1,0.01020313885,3.710045662e-06,False
2022-03-24,36,lightgbm,"{'num_leaves': 7, 'learning_rate': 0.1, 'min_child_samples': 60}",0,0.2400171964,0.5504684495,0.2095143541,-4.301602096e-05,0,0.003391255443,3.858447489e-06,False
2022-03-25,36,lightgbm,"{'num_leaves': 7, 'learning_rate': 0.1, 'min_child_samples': 60}",0,0.3784169766,0.3346030715,0.2869799518,-0.0007999315911,-1,0.008516582257,4.081050228e-06,False
2022-03-28,36,lightgbm,"{'num_leaves': 7, 'learning_rate': 0.1, 'min_child_samples': 60}",0,0.2554896773,0.4903409676,0.2541693551,0.00013969154,0,0.003325939636,4.377853881e-06,False
2022-03-29,36,lightgbm,"{'num_leaves': 7, 'learning_rate': 0.1, 'min_child_samples': 60}",0,0.419332993,0.3170000298,0.2636669771,-0.001366932752,-1,-0.003562549676,4.081050228e-06,False
2022-03-30,36,lightgbm,"{'num_leaves': 7, 'learning_rate': 0.1, 'min_child_samples': 60}",0,0.4330013181,0.3200016275,0.2469970544,-0.001622309652,-1,-0.01364956603,4.081050228e-06,False
2022-03-31,36,lightgbm,"{'num_leaves': 7, 'learning_rate': 0.1, 'min_child_samples': 60}",0,0.3470703502,0.3467918837,0.306137766,-0.000355905505,0,-0.0008603032223,3.858447489e-06,False
2022-04-01,36,lightgbm,"{'num_leaves': 7, 'learning_rate': 0.1, 'min_child_samples': 60}",0,0.3072091146,0.4319920067,0.2607988788,-0.0003089251438,0,0.008099183036,3.932648402e-06,False
2022-04-04,36,lightgbm,"{'num_leaves': 7, 'learning_rate': 0.1, 'min_child_samples': 60}",0,0.4029356519,0.3927588194,0.2043055287,-0.001649960231,-1,-0.00920434592,4.897260274e-06,False
2022-04-05,36,lightgbm,"{'num_leaves': 7, 'learning_rate': 0.1, 'min_child_samples': 60}",0,0.2856527296,0.3131596297,0.4011876407,0.000941224421,1,-0.0008280015737,4.823059361e-06,False
2022-04-06,36,lightgbm,"{'num_leaves': 7, 'learning_rate': 0.1, 'min_child_samples': 60}",0,0.2345378917,0.251218464,0.5142436443,0.002272908296,1,0.007136589092,4.971461187e-06,False
2022-04-07,36,lightgbm,"{'num_leaves': 7, 'learning_rate': 0.1, 'min_child_samples': 60}",0,0.31544684,0.2577072636,0.4268458964,0.0008449853745,1,-0.0008929032744,5.0456621e-06,False
2022-04-08,36,lightgbm,"{'num_leaves': 7, 'learning_rate': 0.1, 'min_child_samples': 60}",0,0.3087844355,0.3844166698,0.3067988947,1.754621919e-05,0,-0.00943453647,5.194063927e-06,False
2022-04-11,36,lightgbm,"{'num_leaves': 7, 'learning_rate': 0.1, 'min_child_samples': 60}",0,0.3538779929,0.2556278587,0.3904941484,0.0002050665191,0,-0.01081063957,5.71347032e-06,False
2022-04-12,36,lightgbm,"{'num_leaves': 7, 'learning_rate': 0.1, 'min_child_samples': 60}",0,0.3168637668,0.3544033567,0.3287328765,0.0001026747876,0,0.01205396615,5.49086758e-06,False
2022-04-13,36,lightgbm,"{'num_leaves': 7, 'learning_rate': 0.1, 'min_child_samples': 60}",0,0.3475557298,0.3779318027,0.2745124675,-0.0005954543004,-1,-0.01298608807,5.565068493e-06,False
2022-04-14,36,lightgbm,"{'num_leaves': 7, 'learning_rate': 0.1, 'min_child_samples': 60}",0,0.2911668116,0.3917932679,0.3170399205,0.0002631927272,0,0.002655625458,5.861872146e-06,False
2022-04-18,36,lightgbm,"{'num_leaves': 7, 'learning_rate': 0.1, 'min_child_samples': 60}",0,0.3184921497,0.3887612852,0.2927465651,-0.0001802652118,0,0.01639798893,6.010273973e-06,False
2022-04-19,36,lightgbm,"{'num_leaves': 7, 'learning_rate': 0.1, 'min_child_samples': 60}",0,0.2270718788,0.4276111842,0.345316937,0.001090182205,1,-0.004945005652,6.010273973e-06,False
2022-04-20,37,lightgbm,"{'num_leaves': 7, 'learning_rate': 0.1, 'min_child_samples': 60}",0,0.3072913349,0.3923935462,0.3003151189,-1.271557724e-05,0,-0.02336471849,6.084474886e-06,False
2022-04-21,37,lightgbm,"{'num_leaves': 7, 'learning_rate': 0.1, 'min_child_samples': 60}",0,0.3130061766,0.3852102582,0.3017835651,-5.687528525e-05,0,-0.02487925422,6.158675799e-06,False
2022-04-22,37,lightgbm,"{'num_leaves': 7, 'learning_rate': 0.1, 'min_child_samples': 60}",0,0.3973263785,0.2693968834,0.3332767381,-0.0006349898127,-1,0.01142397675,6.158675799e-06,False
2022-04-25,37,lightgbm,"{'num_leaves': 7, 'learning_rate': 0.1, 'min_child_samples': 60}",0,0.360345238,0.2813302035,0.3583245584,-9.100602604e-05,0,-0.02284944881,6.752283105e-06,False
2022-04-26,37,lightgbm,"{'num_leaves': 7, 'learning_rate': 0.1, 'min_child_samples': 60}",0,0.3872265111,0.2712145063,0.3415589826,-0.0004756498413,-1,7.189810842e-05,6.158675799e-06,False
2022-04-27,37,lightgbm,"{'num_leaves': 7, 'learning_rate': 0.1, 'min_child_samples': 60}",0,0.3795331734,0.2680522221,0.3524146044,-0.000320294135,0,0.01307155952,6.084474886e-06,False
2022-04-28,37,lightgbm,"{'num_leaves': 7, 'learning_rate': 0.1, 'min_child_samples': 60}",0,0.2897812071,0.4127108255,0.2975079674,0.0001352353511,0,-0.02736135534,6.084474886e-06,False
2022-04-29,37,lightgbm,"{'num_leaves': 7, 'learning_rate': 0.1, 'min_child_samples': 60}",0,0.4045764563,0.2651846285,0.3302389151,-0.0007276400748,-1,0.005848529707,6.307077626e-06,False
2022-05-02,37,lightgbm,"{'num_leaves': 7, 'learning_rate': 0.1, 'min_child_samples': 60}",0,0.4598371643,0.2549668987,0.2851959369,-0.001597419049,-1,0.003301113506,6.678082192e-06,False
2022-05-03,37,lightgbm,"{'num_leaves': 7, 'learning_rate': 0.1, 'min_child_samples': 60}",0,0.3261954389,0.4403630328,0.2334415284,-0.000694898336,-1,0.0287235335,6.752283105e-06,False
2022-05-04,37,lightgbm,"{'num_leaves': 7, 'learning_rate': 0.1, 'min_child_samples': 60}",0,0.2817605087,0.3363592416,0.3818802496,0.0008432016513,1,-0.02529735136,6.603881279e-06,False
2022-05-05,37,lightgbm,"{'num_leaves': 7, 'learning_rate': 0.1, 'min_child_samples': 60}",0,0.2993433767,0.3086533445,0.3920032789,0.0007492267107,1,0.0005837757186,6.307077626e-06,False
2022-05-06,37,lightgbm,"{'num_leaves': 7, 'learning_rate': 0.1, 'min_child_samples': 60}",0,0.3627675075,0.3079496586,0.3292828339,-0.0003314286078,0,-0.01710686892,6.307077626e-06,False
2022-05-09,37,lightgbm,"{'num_leaves': 7, 'learning_rate': 0.1, 'min_child_samples': 60}",0,0.2453315551,0.2720432814,0.4826251635,0.001947606713,1,-0.01335012987,6.826484018e-06,False
2022-05-10,37,lightgbm,"{'num_leaves': 7, 'learning_rate': 0.1, 'min_child_samples': 60}",0,0.2871525894,0.4288652431,0.2839821675,5.95054981e-05,0,-0.01336450177,6.603881279e-06,False
2022-05-11,37,lightgbm,"{'num_leaves': 7, 'learning_rate': 0.1, 'min_child_samples': 60}",0,0.3302212792,0.3958999964,0.2738787244,-0.0004315166805,-1,0.007627709643,6.752283105e-06,False
2022-05-12,37,lightgbm,"{'num_leaves': 7, 'learning_rate': 0.1, 'min_child_samples': 60}",0,0.3071883276,0.3391206922,0.3536909802,0.0003872012684,0,0.01262889754,7.123287671e-06,False
2022-05-13,37,lightgbm,"{'num_leaves': 7, 'learning_rate': 0.1, 'min_child_samples': 60}",0,0.3037348973,0.350388208,0.3458768947,0.0003621173843,0,0.0002749770745,7.642694064e-06,False
2022-05-16,37,lightgbm,"{'num_leaves': 7, 'learning_rate': 0.1, 'min_child_samples': 60}",0,0.2270055543,0.3940573354,0.3789371103,0.001349460359,1,0.004403140085,7.939497717e-06,False
2022-05-17,37,lightgbm,"{'num_leaves': 7, 'learning_rate': 0.1, 'min_child_samples': 60}",0,0.3005202437,0.4443407557,0.2551390005,-0.0002850300657,0,-0.02884761991,7.865296804e-06,False
2022-05-18,37,lightgbm,"{'num_leaves': 7, 'learning_rate': 0.1, 'min_child_samples': 60}",0,0.2723882282,0.3990870699,0.3285247019,0.0005348506517,1,0.002161485143,7.642694064e-06,False
2022-05-19,38,lightgbm,"{'num_leaves': 7, 'learning_rate': 0.1, 'min_child_samples': 60}",0,0.2386888041,0.4866879328,0.2746232631,0.0004008758065,0,-0.009205327691,7.79109589e-06,False
2022-05-20,38,lightgbm,"{'num_leaves': 7, 'learning_rate': 0.1, 'min_child_samples': 60}",0,0.3442274862,0.4230871766,0.2326853371,-0.0009667889865,-1,0.01041169718,7.642694064e-06,False
2022-05-23,38,lightgbm,"{'num_leaves': 7, 'learning_rate': 0.1, 'min_child_samples': 60}",0,0.2683538495,0.4740280856,0.2576180649,-2.28440653e-05,0,0.003388060508,7.939497717e-06,False
2022-05-24,38,lightgbm,"{'num_leaves': 7, 'learning_rate': 0.1, 'min_child_samples': 60}",0,0.314985686,0.3403714106,0.3446429034,0.0001678528201,0,0.01289795727,7.865296804e-06,False
2022-05-25,38,lightgbm,"{'num_leaves': 7, 'learning_rate': 0.1, 'min_child_samples': 60}",0,0.2878679121,0.4807047592,0.2314273287,-0.0004145799564,-1,0.01665533888,7.865296804e-06,False
2022-05-26,38,lightgbm,"{'num_leaves': 7, 'learning_rate': 0.1, 'min_child_samples': 60}",0,0.2701306558,0.5611575503,0.1687117939,-0.0007101553013,-1,0.01801869537,7.939497717e-06,False
2022-05-27,38,lightgbm,"{'num_leaves': 7, 'learning_rate': 0.1, 'min_child_samples': 60}",0,0.2478744191,0.569930413,0.182195168,-0.0003867970313,0,-0.001499202332,8.01369863e-06,False
2022-05-31,38,lightgbm,"{'num_leaves': 7, 'learning_rate': 0.1, 'min_child_samples': 60}",0,0.2869567933,0.5354157727,0.177627434,-0.0008106971363,-1,-0.01344031808,8.607305936e-06,False
2022-06-01,38,lightgbm,"{'num_leaves': 7, 'learning_rate': 0.1, 'min_child_samples': 60}",0,0.2487279503,0.509079757,0.2421922927,5.656891723e-05,0,0.01946656493,8.533105023e-06,False
2022-06-02,38,lightgbm,"{'num_leaves': 7, 'learning_rate': 0.1, 'min_child_samples': 60}",0,0.2045192931,0.565564068,0.2299166389,0.0004047008604,0,-0.004510148816,8.681506849e-06,False
2022-06-03,38,lightgbm,"{'num_leaves': 7, 'learning_rate': 0.1, 'min_child_samples': 60}",0,0.3069196425,0.3819808319,0.3110995256,-4.394540254e-06,0,-0.007208617222,8.978310502e-06,False
2022-06-06,38,lightgbm,"{'num_leaves': 7, 'learning_rate': 0.1, 'min_child_samples': 60}",0,0.2560762564,0.456490863,0.2874328806,0.0003240676134,0,0.01872086273,9.349315068e-06,False
2022-06-07,38,lightgbm,"{'num_leaves': 7, 'learning_rate': 0.1, 'min_child_samples': 60}",0,0.2622911197,0.4799523558,0.2577565246,3.862037869e-05,0,-0.006546980011,9.349315068e-06,False
2022-06-08,38,lightgbm,"{'num_leaves': 7, 'learning_rate': 0.1, 'min_child_samples': 60}",0,0.3342332462,0.368500558,0.2972661957,-0.0003807906302,0,-0.01929934534,9.497716895e-06,False
2022-06-09,38,lightgbm,"{'num_leaves': 7, 'learning_rate': 0.1, 'min_child_samples': 60}",0,0.2392664046,0.5508064485,0.2099271469,-9.214367484e-05,0,-0.01286471094,9.646118721e-06,False
2022-06-10,38,lightgbm,"{'num_leaves': 7, 'learning_rate': 0.1, 'min_child_samples': 60}",0,0.2671999623,0.3956851742,0.3371148635,0.0005873910486,1,-0.01276821367,1.031392694e-05,False
2022-06-13,38,lightgbm,"{'num_leaves': 7, 'learning_rate': 0.1, 'min_child_samples': 60}",0,0.3198753528,0.2770593868,0.4030652604,0.0005591338669,1,-0.007907684731,1.283675799e-05,False
2022-06-14,38,lightgbm,"{'num_leaves': 7, 'learning_rate': 0.1, 'min_child_samples': 60}",0,0.3958494115,0.2955398269,0.3086107616,-0.0009094196745,-1,0.004876051805,1.357876712e-05,False
2022-06-15,38,lightgbm,"{'num_leaves': 7, 'learning_rate': 0.1, 'min_child_samples': 60}",0,0.3058475352,0.3147314633,0.3794210015,0.0005208578678,1,-0.0104181151,1.29109589e-05,False
2022-06-16,38,lightgbm,"{'num_leaves': 7, 'learning_rate': 0.1, 'min_child_samples': 60}",0,0.3709347472,0.296497219,0.3325680339,-0.0004806824567,-1,0.000957499329,1.179794521e-05,False
2022-06-17,38,lightgbm,"{'num_leaves': 7, 'learning_rate': 0.1, 'min_child_samples': 60}",0,0.3277047861,0.3302493841,0.3420458298,2.153327022e-05,0,0.008550895506,1.209474886e-05,False
2022-06-21,39,lightgbm,"{'num_leaves': 7, 'learning_rate': 0.1, 'min_child_samples': 60}",0,0.2892553076,0.4370138203,0.2737308721,-0.0001055956078,0,0.01017219659,1.261415525e-05,False
2022-06-22,39,lightgbm,"{'num_leaves': 7, 'learning_rate': 0.1, 'min_child_samples': 60}",0,0.3149052749,0.3550444525,0.3300502726,6.835747017e-05,0,0.003770132954,1.194634703e-05,False
2022-06-23,39,lightgbm,"{'num_leaves': 7, 'learning_rate': 0.1, 'min_child_samples': 60}",0,0.3170489327,0.3764841025,0.3064669649,-0.0001333883361,0,0.02275824026,1.224315068e-05,False
2022-06-24,39,lightgbm,"{'num_leaves': 7, 'learning_rate': 0.1, 'min_child_samples': 60}",0,0.1943767633,0.5679386475,0.2376845893,0.0005680542997,1,-0.006290734011,1.283675799e-05,False
2022-06-27,39,lightgbm,"{'num_leaves': 7, 'learning_rate': 0.1, 'min_child_samples': 60}",0,0.3075580608,0.4275077163,0.2649342229,-0.000355961261,0,-0.02454966747,1.328196347e-05,False
2022-06-28,39,lightgbm,"{'num_leaves': 7, 'learning_rate': 0.1, 'min_child_samples': 60}",0,0.3211797958,0.4197327941,0.2590874101,-0.0005369426529,-1,-0.002334587202,1.328196347e-05,False
2022-06-29,39,lightgbm,"{'num_leaves': 7, 'learning_rate': 0.1, 'min_child_samples': 60}",0,0.3223991899,0.4337568261,0.243843984,-0.0006656813975,-1,0.002684482741,1.320776256e-05,False
2022-06-30,39,lightgbm,"{'num_leaves': 7, 'learning_rate': 0.1, 'min_child_samples': 60}",0,0.3626717224,0.3890041526,0.248324125,-0.001034344275,-1,0.0124282788,1.276255708e-05,False
2022-07-01,39,lightgbm,"{'num_leaves': 7, 'learning_rate': 0.1, 'min_child_samples': 60}",0,0.3902387704,0.3500579748,0.2597032547,-0.001223148473,-1,0.01617533912,1.283675799e-05,False
2022-07-05,39,lightgbm,"{'num_leaves': 7, 'learning_rate': 0.1, 'min_child_samples': 60}",0,0.2721225954,0.3791640588,0.3487133458,0.0006390681619,1,0.002983472617,1.409817352e-05,False
2022-07-06,39,lightgbm,"{'num_leaves': 7, 'learning_rate': 0.1, 'min_child_samples': 60}",0,0.3866030654,0.2549108465,0.3584860881,-0.0004315595954,-1,0.01004880321,1.409817352e-05,False
2022-07-07,39,lightgbm,"{'num_leaves': 7, 'learning_rate': 0.1, 'min_child_samples': 60}",0,0.3595329936,0.3655531447,0.2749138618,-0.0007996583274,-1,0.003615111966,1.446917808e-05,False
2022-07-08,39,lightgbm,"{'num_leaves': 7, 'learning_rate': 0.1, 'min_child_samples': 60}",0,0.3842232071,0.3604827287,0.2552940642,-0.001196673742,-1,-0.004198510014,1.469178082e-05,False
2022-07-11,39,lightgbm,"{'num_leaves': 7, 'learning_rate': 0.1, 'min_child_samples': 60}",0,0.3984078006,0.3380134089,0.2635787905,-0.001275247885,-1,-0.007350468861,1.617579909e-05,False
2022-07-12,39,lightgbm,"{'num_leaves': 7, 'learning_rate': 0.1, 'min_child_samples': 60}",0,0.1938433611,0.5469623751,0.2591942638,0.0007378366406,1,0.00994396264,1.647260274e-05,False
2022-07-13,39,lightgbm,"{'num_leaves': 7, 'learning_rate': 0.1, 'min_child_samples': 60}",0,0.4048164818,0.3214040777,0.2737794405,-0.001261378762,-1,0.01150937742,1.773401826e-05,False
2022-07-14,39,lightgbm,"{'num_leaves': 7, 'learning_rate': 0.1, 'min_child_samples': 60}",0,0.3080352861,0.4179846085,0.2739801053,-0.0002915781541,0,0.00674426145,1.780821918e-05,False
2022-07-15,39,lightgbm,"{'num_leaves': 7, 'learning_rate': 0.1, 'min_child_samples': 60}",0,0.2542854763,0.4982442564,0.2474702673,4.349930088e-05,0,-0.0165559314,1.758561644e-05,False
2022-07-18,39,lightgbm,"{'num_leaves': 7, 'learning_rate': 0.1, 'min_child_samples': 60}",0,0.2811549678,0.4158025171,0.3030425151,0.0001995392757,0,0.01603295357,1.855022831e-05,False
2022-07-19,39,lightgbm,"{'num_leaves': 7, 'learning_rate': 0.1, 'min_child_samples': 60}",0,0.2413294202,0.4626644391,0.2960061407,0.0005441872835,1,0.005860289438,1.869863014e-05,False
2022-07-20,39,lightgbm,"{'num_leaves': 7, 'learning_rate': 0.1, 'min_child_samples': 60}",0,0.2582551879,0.4145454672,0.3271993449,0.000613328475,1,0.01174651127,1.862442922e-05,False
2022-07-21,40,lightgbm,"{'num_leaves': 7, 'learning_rate': 0.1, 'min_child_samples': 60}",0,0.2790062507,0.3835344121,0.3374593372,0.0005324624468,1,-0.009600965087,1.840182648e-05,False
2022-07-22,40,lightgbm,"{'num_leaves': 7, 'learning_rate': 0.1, 'min_child_samples': 60}",0,0.2600094299,0.4704533652,0.2695372048,0.0002001991874,0,-0.0004548140425,1.84760274e-05,False
2022-07-25,40,lightgbm,"{'num_leaves': 7, 'learning_rate': 0.1, 'min_child_samples': 60}",0,0.2525486518,0.4673774454,0.2800739028,0.0003567591677,0,-0.007490305174,1.944063927e-05,False
2022-07-26,40,lightgbm,"{'num_leaves': 7, 'learning_rate': 0.1, 'min_child_samples': 60}",0,0.2555548906,0.3509325607,0.3935125487,0.001201481098,1,0.01693889697,1.892123288e-05,False
2022-07-27,40,lightgbm,"{'num_leaves': 7, 'learning_rate': 0.1, 'min_child_samples': 60}",0,0.2682211925,0.3560465237,0.3757322837,0.0009365200489,1,0.01040083722,1.810502283e-05,False
2022-07-28,40,lightgbm,"{'num_leaves': 7, 'learning_rate': 0.1, 'min_child_samples': 60}",0,0.2430791094,0.4477688237,0.3091520669,0.0006766152098,1,0.01081997089,1.7956621e-05,False
2022-07-29,40,lightgbm,"{'num_leaves': 7, 'learning_rate': 0.1, 'min_child_samples': 60}",0,0.2237349842,0.531605751,0.2446592648,0.0003743098724,0,0.003959416263,1.788242009e-05,False
2022-08-01,40,lightgbm,"{'num_leaves': 7, 'learning_rate': 0.1, 'min_child_samples': 60}",0,0.2974592576,0.3223885499,0.3801521925,0.0006755965288,1,-0.002590920727,1.899543379e-05,False
2022-08-02,40,lightgbm,"{'num_leaves': 7, 'learning_rate': 0.1, 'min_child_samples': 60}",0,0.3194705626,0.3029905846,0.3775388528,0.0004333387089,1,0.01011461009,1.899543379e-05,False
2022-08-03,40,lightgbm,"{'num_leaves': 7, 'learning_rate': 0.1, 'min_child_samples': 60}",0,0.269141882,0.4406789493,0.2901791687,0.0002672810568,0,-0.00048261618,1.869863014e-05,False
2022-08-04,40,lightgbm,"{'num_leaves': 7, 'learning_rate': 0.1, 'min_child_samples': 60}",0,0.2670748143,0.2950820923,0.4378430934,0.001427204452,1,0.009300389463,1.855022831e-05,False
2022-08-05,40,lightgbm,"{'num_leaves': 7, 'learning_rate': 0.1, 'min_child_samples': 60}",0,0.3076099669,0.3483331906,0.3440568425,0.0002947374256,0,-0.005442528006,1.914383562e-05,False
2022-08-08,40,lightgbm,"{'num_leaves': 7, 'learning_rate': 0.1, 'min_child_samples': 60}",0,0.2411204059,0.2353192835,0.5235603105,0.002350304866,1,-0.002110511595,1.966324201e-05,False
2022-08-09,40,lightgbm,"{'num_leaves': 7, 'learning_rate': 0.1, 'min_child_samples': 60}",0,0.2854385001,0.2633192424,0.4512422575,0.001345270903,1,0.002889325035,1.981164384e-05,False
2022-08-10,40,lightgbm,"{'num_leaves': 7, 'learning_rate': 0.1, 'min_child_samples': 60}",0,0.2162839572,0.5472765501,0.2364394928,0.0003860857381,0,-0.00709236634,1.966324201e-05,False
2022-08-11,40,lightgbm,"{'num_leaves': 7, 'learning_rate': 0.1, 'min_child_samples': 60}",0,0.2094991792,0.5304639949,0.2600368259,0.0006365732983,1,0.01201338125,1.944063927e-05,False
2022-08-12,40,lightgbm,"{'num_leaves': 7, 'learning_rate': 0.1, 'min_child_samples': 60}",0,0.259599556,0.4855996791,0.2548007649,9.065932949e-05,0,0.009628731924,1.951484018e-05,False
2022-08-15,40,lightgbm,"{'num_leaves': 7, 'learning_rate': 0.1, 'min_child_samples': 60}",0,0.2309432193,0.4334317799,0.3356250009,0.001003278758,1,0.004605712134,2.01826484e-05,False
2022-08-16,40,lightgbm,"{'num_leaves': 7, 'learning_rate': 0.1, 'min_child_samples': 60}",0,0.2746833332,0.4462157486,0.2791009182,0.0001259100056,0,0.001737433329,2.003424658e-05,False
2022-08-17,40,lightgbm,"{'num_leaves': 7, 'learning_rate': 0.1, 'min_child_samples': 60}",0,0.2318474079,0.4696241545,0.2985284376,0.0007079957476,1,0.00241303777,1.988584475e-05,False
2022-08-18,40,lightgbm,"{'num_leaves': 7, 'learning_rate': 0.1, 'min_child_samples': 60}",0,0.2639133258,0.3790686655,0.3570180087,0.0008356271063,1,-0.006682658597,2.010844749e-05,False
2022-08-19,41,lightgbm,"{'num_leaves': 7, 'learning_rate': 0.1, 'min_child_samples': 60}",0,0.2017020982,0.4623273271,0.3359705746,0.001330061915,1,-0.008871794308,2.033105023e-05,False
2022-08-22,41,lightgbm,"{'num_leaves': 7, 'learning_rate': 0.1, 'min_child_samples': 60}",0,0.3294196431,0.3679422595,0.3026380975,-0.0002143146199,0,-0.001332012107,2.092465753e-05,False
2022-08-23,41,lightgbm,"{'num_leaves': 7, 'learning_rate': 0.1, 'min_child_samples': 60}",0,0.3463977719,0.371134046,0.2824681822,-0.0005414452485,-1,0.003785465528,2.077625571e-05,False
2022-08-24,41,lightgbm,"{'num_leaves': 7, 'learning_rate': 0.1, 'min_child_samples': 60}",0,0.3163805861,0.3627450836,0.3208743302,5.817401815e-05,0,0.010283257,2.092465753e-05,False
2022-08-25,41,lightgbm,"{'num_leaves': 7, 'learning_rate': 0.1, 'min_child_samples': 60}",0,0.2840205186,0.4620225079,0.2539569735,-0.0001338813639,0,-0.03357260907,2.136986301e-05,False
2022-08-26,41,lightgbm,"{'num_leaves': 7, 'learning_rate': 0.1, 'min_child_samples': 60}",0,0.3405600898,0.3099867194,0.3494531909,3.585870014e-05,0,0.001069101588,2.144406393e-05,False
2022-08-29,41,lightgbm,"{'num_leaves': 7, 'learning_rate': 0.1, 'min_child_samples': 60}",0,0.3668660266,0.3614034038,0.2717305697,-0.0008307160481,-1,-0.01396561736,2.203767123e-05,False
2022-08-30,41,lightgbm,"{'num_leaves': 7, 'learning_rate': 0.1, 'min_child_samples': 60}",0,0.3631399968,0.3474927458,0.2893672574,-0.0006566683951,-1,-0.01187707872,2.203767123e-05,False
2022-08-31,41,lightgbm,"{'num_leaves': 7, 'learning_rate': 0.1, 'min_child_samples': 60}",0,0.2814682526,0.4088264467,0.3097053007,0.0003233529426,0,0.008984699667,2.196347032e-05,False
2022-09-01,41,lightgbm,"{'num_leaves': 7, 'learning_rate': 0.1, 'min_child_samples': 60}",0,0.2909712523,0.3592830374,0.3497457102,0.0005375780764,1,-0.02008596128,2.203767123e-05,False
2022-09-02,41,lightgbm,"{'num_leaves': 7, 'learning_rate': 0.1, 'min_child_samples': 60}",0,0.2693075101,0.325485195,0.405207295,0.001185082181,1,-0.006028527697,2.181506849e-05,False
2022-09-06,41,lightgbm,"{'num_leaves': 7, 'learning_rate': 0.1, 'min_child_samples': 60}",0,0.2801001549,0.371287569,0.3486122761,0.0006382974494,1,0.01882541367,2.255707763e-05,False
2022-09-07,41,lightgbm,"{'num_leaves': 7, 'learning_rate': 0.1, 'min_child_samples': 60}",0,0.3056092852,0.4316404745,0.2627502404,-0.0002832562502,0,0.01262042547,2.277968037e-05,False
2022-09-08,41,lightgbm,"{'num_leaves': 7, 'learning_rate': 0.1, 'min_child_samples': 60}",0,0.2529526154,0.431438975,0.3156084095,0.0006562541986,1,0.009584386825,2.270547945e-05,False
2022-09-09,41,lightgbm,"{'num_leaves': 7, 'learning_rate': 0.1, 'min_child_samples': 60}",0,0.2610488826,0.4894034687,0.2495476488,6.335622531e-05,0,0.005357410758,2.285388128e-05,False
2022-09-12,41,lightgbm,"{'num_leaves': 7, 'learning_rate': 0.1, 'min_child_samples': 60}",0,0.2852761578,0.478298731,0.2364251113,-0.0002822360101,0,-0.02172555757,2.35216895e-05,False
2022-09-13,41,lightgbm,"{'num_leaves': 7, 'learning_rate': 0.1, 'min_child_samples': 60}",0,0.3217748045,0.3953500707,0.2828751248,-0.0002902945506,0,0.0003295683194,2.433789954e-05,False
2022-09-14,41,lightgbm,"{'num_leaves': 7, 'learning_rate': 0.1, 'min_child_samples': 60}",0,0.3439002103,0.3932218,0.2628779897,-0.0006679307416,-1,-0.007227189409,2.404109589e-05,False
2022-09-15,41,lightgbm,"{'num_leaves': 7, 'learning_rate': 0.1, 'min_child_samples': 60}",0,0.293203825,0.4098437039,0.2969524712,0.0001064379889,0,0.003696524244,2.389269406e-05,False
2022-09-16,41,lightgbm,"{'num_leaves': 7, 'learning_rate': 0.1, 'min_child_samples': 60}",0,0.3029894897,0.4673122722,0.2296982381,-0.0005127137187,-1,0.01645471132,2.374429224e-05,False
2022-09-19,41,lightgbm,"{'num_leaves': 7, 'learning_rate': 0.1, 'min_child_samples': 60}",0,0.2266990008,0.5333281828,0.2399728164,0.000335210293,0,-0.002519091199,2.500570776e-05,False
2022-09-20,42,lightgbm,"{'num_leaves': 7, 'learning_rate': 0.1, 'min_child_samples': 60}",0,0.3138896889,0.392524137,0.2935861741,-0.0001528622565,0,-0.02258416247,2.485730594e-05,False
2022-09-21,42,lightgbm,"{'num_leaves': 7, 'learning_rate': 0.1, 'min_child_samples': 60}",0,0.3227634809,0.3896036024,0.2876329167,-0.0002897956883,0,-0.006266890105,2.456050228e-05,False
2022-09-22,42,lightgbm,"{'num_leaves': 7, 'learning_rate': 0.1, 'min_child_samples': 60}",0,0.3050100291,0.4482135379,0.2467764329,-0.0004287185138,-1,-0.007096914406,2.441210046e-05,False
2022-09-23,42,lightgbm,"{'num_leaves': 7, 'learning_rate': 0.1, 'min_child_samples': 60}",0,0.3227706426,0.3388428967,0.3383864606,0.0001072576447,0,-0.005731301406,2.404109589e-05,False
2022-09-26,42,lightgbm,"{'num_leaves': 7, 'learning_rate': 0.1, 'min_child_samples': 60}",0,0.3029201044,0.4225100776,0.2745698181,-0.0001899670644,0,-0.0126079677,2.515410959e-05,False
2022-09-27,42,lightgbm,"{'num_leaves': 7, 'learning_rate': 0.1, 'min_child_samples': 60}",0,0.36216188,0.3403109019,0.297527218,-0.0006135250775,-1,0.01687796778,2.485730594e-05,False
2022-09-28,42,lightgbm,"{'num_leaves': 7, 'learning_rate': 0.1, 'min_child_samples': 60}",0,0.334630431,0.3681548316,0.2972147374,-0.0003356491952,0,-0.01095932218,2.52283105e-05,False
2022-09-29,42,lightgbm,"{'num_leaves': 7, 'learning_rate': 0.1, 'min_child_samples': 60}",0,0.3289750129,0.3907795267,0.2802454604,-0.0004108444394,0,-0.01276947289,2.493150685e-05,False
2022-09-30,42,lightgbm,"{'num_leaves': 7, 'learning_rate': 0.1, 'min_child_samples': 60}",0,0.3585369201,0.3591429141,0.2823201658,-0.0006956054242,-1,0.01531516294,2.470890411e-05,False
2022-10-03,42,lightgbm,"{'num_leaves': 7, 'learning_rate': 0.1, 'min_child_samples': 60}",0,0.2897975228,0.3847728784,0.3254295989,0.0003416025279,0,0.01495705539,2.567351598e-05,False
2022-10-04,42,lightgbm,"{'num_leaves': 7, 'learning_rate': 0.1, 'min_child_samples': 60}",0,0.2595928115,0.412436605,0.3279705836,0.0006690243788,1,0.009909160915,2.559931507e-05,False
2022-10-05,42,lightgbm,"{'num_leaves': 7, 'learning_rate': 0.1, 'min_child_samples': 60}",0,0.2976425968,0.4551140614,0.2472433418,-0.0003500510905,0,-0.006442635947,2.567351598e-05,False
2022-10-06,42,lightgbm,"{'num_leaves': 7, 'learning_rate': 0.1, 'min_child_samples': 60}",0,0.2919118046,0.4545554206,0.2535327748,-0.0002424887534,0,-0.01674930934,2.567351598e-05,False
2022-10-07,42,lightgbm,"{'num_leaves': 7, 'learning_rate': 0.1, 'min_child_samples': 60}",0,0.2709018134,0.4908265172,0.2382716694,-0.0001479803674,0,-0.01082537231,2.559931507e-05,False
2022-10-10,42,lightgbm,"{'num_leaves': 7, 'learning_rate': 0.1, 'min_child_samples': 60}",0,0.3198443878,0.4201207561,0.2600348561,-0.0004760177632,-1,-0.00139571269,2.559931507e-05,False
2022-10-11,42,lightgbm,"{'num_leaves': 7, 'learning_rate': 0.1, 'min_child_samples': 60}",0,0.3087782136,0.423494779,0.2677270074,-0.0003031556854,0,-0.004495116474,2.723173516e-05,False
2022-10-12,42,lightgbm,"{'num_leaves': 7, 'learning_rate': 0.1, 'min_child_samples': 60}",0,0.2837287782,0.4354260306,0.2808451912,5.453831798e-05,0,0.04799407297,2.74543379e-05,False
2022-10-13,42,lightgbm,"{'num_leaves': 7, 'learning_rate': 0.1, 'min_child_samples': 60}",0,0.3137325242,0.3775993135,0.3086681623,-3.325148344e-05,0,-0.02962958427,2.812214612e-05,False
2022-10-14,42,lightgbm,"{'num_leaves': 7, 'learning_rate': 0.1, 'min_child_samples': 60}",0,0.2763850567,0.4275054744,0.2961094689,0.0002487478336,0,0.007719561208,2.827054795e-05,False
2022-10-17,42,lightgbm,"{'num_leaves': 7, 'learning_rate': 0.1, 'min_child_samples': 60}",0,0.2723777253,0.4483967778,0.2792254969,0.0001574395057,0,-0.01066297028,2.945776256e-05,False
2022-10-18,42,lightgbm,"{'num_leaves': 7, 'learning_rate': 0.1, 'min_child_samples': 60}",0,0.258869847,0.4976656697,0.2434644833,1.51589376e-05,0,-0.001327923029,2.997716895e-05,False
2022-10-19,43,lightgbm,"{'num_leaves': 7, 'learning_rate': 0.1, 'min_child_samples': 60}",0,0.368044652,0.3457518051,0.286203543,-0.0007933071304,-1,-0.007118971557,3.019977169e-05,False
2022-10-20,43,lightgbm,"{'num_leaves': 7, 'learning_rate': 0.1, 'min_child_samples': 60}",0,0.274193699,0.4586218267,0.2671844743,1.889412651e-05,0,0.02511506785,3.034817352e-05,False
2022-10-21,43,lightgbm,"{'num_leaves': 7, 'learning_rate': 0.1, 'min_child_samples': 60}",0,0.3169714253,0.4049434784,0.2780850963,-0.000333451506,0,0.007927798961,3.034817352e-05,False
2022-10-24,43,lightgbm,"{'num_leaves': 7, 'learning_rate': 0.1, 'min_child_samples': 60}",0,0.2974503918,0.44915056,0.2533990482,-0.0003304152708,0,0.01618312179,3.086757991e-05,False
2022-10-25,43,lightgbm,"{'num_leaves': 7, 'learning_rate': 0.1, 'min_child_samples': 60}",0,0.3400499043,0.4205952295,0.2393548662,-0.0008805618195,-1,0.00104814712,3.071917808e-05,False
2022-10-26,43,lightgbm,"{'num_leaves': 7, 'learning_rate': 0.1, 'min_child_samples': 60}",0,0.3023392616,0.4331296778,0.2645310606,-0.0002915641415,0,-0.00806640128,3.049657534e-05,False
2022-10-27,43,lightgbm,"{'num_leaves': 7, 'learning_rate': 0.1, 'min_child_samples': 60}",0,0.2836121841,0.3200912682,0.3962965478,0.0009553885998,1,0.02408717199,3.064497717e-05,False
2022-10-28,43,lightgbm,"{'num_leaves': 7, 'learning_rate': 0.1, 'min_child_samples': 60}",0,0.3295958354,0.4031373843,0.2672667803,-0.0005497581693,-1,-0.0005952049372,3.101598174e-05,False
2022-10-31,43,lightgbm,"{'num_leaves': 7, 'learning_rate': 0.1, 'min_child_samples': 60}",0,0.3304045348,0.4072605974,0.2623348678,-0.0005975382364,-1,-0.01440515072,3.131278539e-05,False
2022-11-01,43,lightgbm,"{'num_leaves': 7, 'learning_rate': 0.1, 'min_child_samples': 60}",0,0.2946600229,0.4163166385,0.2890233386,-1.664178381e-05,0,-0.02352174758,3.13869863e-05,False
2022-11-02,43,lightgbm,"{'num_leaves': 7, 'learning_rate': 0.1, 'min_child_samples': 60}",0,0.2377427536,0.5127676974,0.249489549,0.0002518513854,0,-0.001238300448,3.131278539e-05,False
2022-11-03,43,lightgbm,"{'num_leaves': 7, 'learning_rate': 0.1, 'min_child_samples': 60}",0,0.3125528744,0.4061246835,0.2813224421,-0.0002621382407,0,-0.001724121818,3.153538813e-05,False
2022-11-04,43,lightgbm,"{'num_leaves': 7, 'learning_rate': 0.1, 'min_child_samples': 60}",0,0.2987869486,0.4058577874,0.295355264,-8.375832708e-06,0,0.005930531086,3.123858447e-05,False
2022-11-07,43,lightgbm,"{'num_leaves': 7, 'learning_rate': 0.1, 'min_child_samples': 60}",0,0.3303109153,0.3858204132,0.2838686715,-0.0004242420629,0,0.002335322191,3.183219178e-05,False
2022-11-08,43,lightgbm,"{'num_leaves': 7, 'learning_rate': 0.1, 'min_child_samples': 60}",0,0.3650670878,0.3392878564,0.2956450559,-0.000687149716,-1,-0.0152659383,3.175799087e-05,False
2022-11-09,43,lightgbm,"{'num_leaves': 7, 'learning_rate': 0.1, 'min_child_samples': 60}",0,0.2979744044,0.3867283974,0.3152971982,0.0001595683272,0,0.01711123531,3.183219178e-05,False
2022-11-10,43,lightgbm,"{'num_leaves': 7, 'learning_rate': 0.1, 'min_child_samples': 60}",0,0.3176100373,0.3591400359,0.3232499268,2.143840612e-05,0,0.007381413776,3.175799087e-05,False
2022-11-11,43,lightgbm,"{'num_leaves': 7, 'learning_rate': 0.1, 'min_child_samples': 60}",0,0.3141553932,0.3662050232,0.3196395837,2.804481727e-05,0,-0.003882439722,3.175799087e-05,False
2022-11-14,43,lightgbm,"{'num_leaves': 7, 'learning_rate': 0.1, 'min_child_samples': 60}",0,0.3341597207,0.3343351503,0.331505129,-8.255968911e-05,0,-0.006630945171,3.220319635e-05,False
2022-11-15,43,lightgbm,"{'num_leaves': 7, 'learning_rate': 0.1, 'min_child_samples': 60}",0,0.316360246,0.323345487,0.3602942671,0.0003307455574,0,-0.003351949799,3.198059361e-05,False
2022-11-16,43,lightgbm,"{'num_leaves': 7, 'learning_rate': 0.1, 'min_child_samples': 60}",0,0.3299583916,0.2743703685,0.3956712399,0.0004741318016,1,0.009680886407,3.205479452e-05,False
2022-11-17,44,lightgbm,"{'num_leaves': 7, 'learning_rate': 0.1, 'min_child_samples': 60}",0,0.3383829205,0.3365468925,0.325070187,-0.0001581995717,0,-0.004299269704,3.205479452e-05,False
2022-11-18,44,lightgbm,"{'num_leaves': 7, 'learning_rate': 0.1, 'min_child_samples': 60}",0,0.3170403377,0.3677126638,0.3152469986,-1.780389391e-05,0,-0.0001267441673,3.220319635e-05,False
2022-11-21,44,lightgbm,"{'num_leaves': 7, 'learning_rate': 0.1, 'min_child_samples': 60}",0,0.3021184325,0.3574543177,0.3404272498,0.0003401840324,0,0.008244431675,3.272260274e-05,False
2022-11-22,44,lightgbm,"{'num_leaves': 7, 'learning_rate': 0.1, 'min_child_samples': 60}",0,0.3554690603,0.386498698,0.2580322418,-0.0008778582945,-1,0.007183145279,3.264840183e-05,False
2022-11-23,44,lightgbm,"{'num_leaves': 7, 'learning_rate': 0.1, 'min_child_samples': 60}",0,0.3303469299,0.3440113553,0.3256417148,-7.071699444e-05,0,0.001244307169,1.757990868e-05,False
2022-11-25,44,lightgbm,"{'num_leaves': 7, 'learning_rate': 0.1, 'min_child_samples': 60}",0,0.2794195399,0.4351899677,0.2853904924,0.0001279972994,0,-0.007968109211,3.272260274e-05,False
2022-11-28,44,lightgbm,"{'num_leaves': 7, 'learning_rate': 0.1, 'min_child_samples': 60}",0,0.2716373449,0.3554819254,0.3728807297,0.0009175502077,1,-0.002070387145,3.272260274e-05,False
2022-11-29,44,lightgbm,"{'num_leaves': 7, 'learning_rate': 0.1, 'min_child_samples': 60}",0,0.3157687585,0.3256723993,0.3585588421,0.0003464532671,0,0.0308225309,3.25e-05,False
2022-11-30,44,lightgbm,"{'num_leaves': 7, 'learning_rate': 0.1, 'min_child_samples': 60}",0,0.3740994867,0.3562173569,0.2696831563,-0.0009754741983,-1,-0.003400406657,3.242579909e-05,False
2022-12-01,44,lightgbm,"{'num_leaves': 7, 'learning_rate': 0.1, 'min_child_samples': 60}",0,0.2615326794,0.4875943422,0.2508729784,3.255799878e-05,0,0.01158484432,3.212899543e-05,False
2022-12-02,44,lightgbm,"{'num_leaves': 7, 'learning_rate': 0.1, 'min_child_samples': 60}",0,0.2769681172,0.4726794506,0.2503524321,-0.0001307976119,0,-0.01079345407,3.220319635e-05,False
2022-12-05,44,lightgbm,"{'num_leaves': 7, 'learning_rate': 0.1, 'min_child_samples': 60}",0,0.2993305193,0.3787780652,0.3218914155,0.0002186488048,0,-0.01399536002,3.235159817e-05,False
2022-12-06,44,lightgbm,"{'num_leaves': 7, 'learning_rate': 0.1, 'min_child_samples': 60}",0,0.2308352765,0.2967537508,0.4724109728,0.002145142804,1,0.0005598849445,3.242579909e-05,False
2022-12-07,44,lightgbm,"{'num_leaves': 7, 'learning_rate': 0.1, 'min_child_samples': 60}",0,0.2654009097,0.2813164283,0.453282662,0.001633698839,1,0.002783761526,3.183219178e-05,False
2022-12-08,44,lightgbm,"{'num_leaves': 7, 'learning_rate': 0.1, 'min_child_samples': 60}",0,0.3071112435,0.3263015282,0.3665872284,0.0005007995171,1,-0.004203179425,3.175799087e-05,False
2022-12-09,44,lightgbm,"{'num_leaves': 7, 'learning_rate': 0.1, 'min_child_samples': 60}",0,0.2970622242,0.4436042397,0.2593335361,-0.0002651489673,0,0.01228090384,3.198059361e-05,False
2022-12-12,44,lightgbm,"{'num_leaves': 7, 'learning_rate': 0.1, 'min_child_samples': 60}",0,0.2936706796,0.4501724467,0.2561568737,-0.0002559375821,0,-0.02011115989,3.25e-05,False
2022-12-13,44,lightgbm,"{'num_leaves': 7, 'learning_rate': 0.1, 'min_child_samples': 60}",0,0.3137119337,0.3931889277,0.2930991386,-0.0001630510286,0,-0.005502830013,3.227739726e-05,False
2022-12-14,44,lightgbm,"{'num_leaves': 7, 'learning_rate': 0.1, 'min_child_samples': 60}",0,0.2446524064,0.4316549577,0.3236926359,0.0007969690862,1,-0.01184373073,3.212899543e-05,False
2022-12-15,44,lightgbm,"{'num_leaves': 7, 'learning_rate': 0.1, 'min_child_samples': 60}",0,0.2725559575,0.3559311988,0.3715128437,0.0008969895199,1,-0.004958730331,3.220319635e-05,False
2022-12-16,44,lightgbm,"{'num_leaves': 7, 'learning_rate': 0.1, 'min_child_samples': 60}",0,0.2786176511,0.3696722486,0.3517101003,0.0006739457953,1,-0.008996824145,3.198059361e-05,False
2022-12-19,45,lightgbm,"{'num_leaves': 7, 'learning_rate': 0.1, 'min_child_samples': 60}",0,0.3269847655,0.4141627931,0.2588524414,-0.0005900347958,-1,0.003454361756,3.242579909e-05,False
2022-12-20,45,lightgbm,"{'num_leaves': 7, 'learning_rate': 0.1, 'min_child_samples': 60}",0,0.2918555113,0.4239984723,0.2841460164,-2.071543582e-05,0,0.007775632046,3.227739726e-05,False
2022-12-21,45,lightgbm,"{'num_leaves': 7, 'learning_rate': 0.1, 'min_child_samples': 60}",0,0.3385844692,0.3957344403,0.2656810905,-0.0006537867537,-1,-0.006082721957,3.212899543e-05,False
2022-12-22,45,lightgbm,"{'num_leaves': 7, 'learning_rate': 0.1, 'min_child_samples': 60}",0,0.3052009508,0.4051073631,0.2896916861,-0.0001129724976,0,0.0085868822,3.227739726e-05,False
2022-12-23,45,lightgbm,"{'num_leaves': 7, 'learning_rate': 0.1, 'min_child_samples': 60}",0,0.3251802529,0.4093909587,0.2654287884,-0.0005176026908,-1,-0.003631271908,3.220319635e-05,False
2022-12-27,45,lightgbm,"{'num_leaves': 7, 'learning_rate': 0.1, 'min_child_samples': 60}",0,0.3139797512,0.4207666971,0.2652535517,-0.0004035166802,0,-0.01224656621,3.309360731e-05,False
2022-12-28,45,lightgbm,"{'num_leaves': 7, 'learning_rate': 0.1, 'min_child_samples': 60}",0,0.290317005,0.4346400498,0.2750429452,-7.934683606e-05,0,0.01003608106,3.309360731e-05,False
2022-12-29,45,lightgbm,"{'num_leaves': 7, 'learning_rate': 0.1, 'min_child_samples': 60}",0,0.3241718412,0.3996359412,0.2761922176,-0.0004191144677,0,0.004702548323,3.301940639e-05,False
2022-12-30,45,lightgbm,"{'num_leaves': 7, 'learning_rate': 0.1, 'min_child_samples': 60}",0,0.314219716,0.4185429807,0.2672373033,-0.0003897566654,0,-0.009235860889,3.279680365e-05,False
2023-01-03,45,lightgbm,"{'num_leaves': 7, 'learning_rate': 0.1, 'min_child_samples': 60}",0,0.2934234205,0.4454709097,0.2611056698,-0.0002254482046,0,0.001513693488,3.36130137e-05,False
2023-01-04,45,lightgbm,"{'num_leaves': 7, 'learning_rate': 0.1, 'min_child_samples': 60}",0,0.3087398538,0.4130630903,0.2781970559,-0.0002435439261,0,-0.006130138366,3.376141553e-05,False
2023-01-05,45,lightgbm,"{'num_leaves': 7, 'learning_rate': 0.1, 'min_child_samples': 60}",0,0.2858745757,0.4515636342,0.2625617901,-0.0001356738012,0,0.01429654586,3.457762557e-05,False
2023-01-06,45,lightgbm,"{'num_leaves': 7, 'learning_rate': 0.1, 'min_child_samples': 60}",0,0.2831746372,0.4078607796,0.3089645832,0.0002719321998,0,-0.006429822583,3.465182648e-05,False
2023-01-09,45,lightgbm,"{'num_leaves': 7, 'learning_rate': 0.1, 'min_child_samples': 60}",0,0.2719713312,0.4199241895,0.3081044792,0.0003804421978,0,0.008599061448,3.487442922e-05,False
2023-01-10,45,lightgbm,"{'num_leaves': 7, 'learning_rate': 0.1, 'min_child_samples': 60}",0,0.2966510147,0.4502040509,0.2531449344,-0.0003238875389,0,0.008387879512,3.509703196e-05,False
2023-01-11,45,lightgbm,"{'num_leaves': 7, 'learning_rate': 0.1, 'min_child_samples': 60}",0,0.2863207331,0.4569626366,0.2567166303,-0.0001881120349,0,0.0007310308411,3.502283105e-05,False
2023-01-12,45,lightgbm,"{'num_leaves': 7, 'learning_rate': 0.1, 'min_child_samples': 60}",0,0.2796903774,0.4138038505,0.3065057721,0.0002877454384,0,0.01239775671,3.457762557e-05,False
2023-01-13,45,lightgbm,"{'num_leaves': 7, 'learning_rate': 0.1, 'min_child_samples': 60}",0,0.2999744353,0.4131871707,0.286838394,-8.24183404e-05,0,-0.001781825789,3.465182648e-05,False
2023-01-17,45,lightgbm,"{'num_leaves': 7, 'learning_rate': 0.1, 'min_child_samples': 60}",0,0.300287939,0.4201796176,0.2795324434,-0.0001454434808,0,-0.01884669392,3.494863014e-05,False
2023-01-18,45,lightgbm,"{'num_leaves': 7, 'learning_rate': 0.1, 'min_child_samples': 60}",0,0.2755249005,0.4053408832,0.3191342164,0.0004340583536,0,-0.001849113387,3.480022831e-05,False
2023-01-19,45,lightgbm,"{'num_leaves': 7, 'learning_rate': 0.1, 'min_child_samples': 60}",0,0.2915938284,0.4293091605,0.2790970111,-5.93374105e-05,0,0.01481671047,3.494863014e-05,False
2023-01-20,46,lightgbm,"{'num_leaves': 7, 'learning_rate': 0.1, 'min_child_samples': 60}",0,0.3070920567,0.4175865604,0.275321383,-0.0002373833657,0,0.009855827095,3.502283105e-05,False
2023-01-23,46,lightgbm,"{'num_leaves': 7, 'learning_rate': 0.1, 'min_child_samples': 60}",0,0.300509481,0.4194511727,0.2800393463,-0.0001305987281,0,0.003309284508,3.509703196e-05,False
2023-01-24,46,lightgbm,"{'num_leaves': 7, 'learning_rate': 0.1, 'min_child_samples': 60}",0,0.3147178088,0.4123394695,0.2729427217,-0.0003357321239,0,0.01111249863,3.502283105e-05,False
2023-01-25,46,lightgbm,"{'num_leaves': 7, 'learning_rate': 0.1, 'min_child_samples': 60}",0,0.3151580123,0.410428145,0.2744138426,-0.0003281966251,0,0.004018542635,3.502283105e-05,False
2023-01-26,46,lightgbm,"{'num_leaves': 7, 'learning_rate': 0.1, 'min_child_samples': 60}",0,0.313069632,0.4123552309,0.274575137,-0.000305289152,0,0.00500418419,3.494863014e-05,False
2023-01-27,46,lightgbm,"{'num_leaves': 7, 'learning_rate': 0.1, 'min_child_samples': 60}",0,0.325325726,0.4047488534,0.2699254206,-0.000470146471,-1,-0.005486572895,3.509703196e-05,False
2023-01-30,46,lightgbm,"{'num_leaves': 7, 'learning_rate': 0.1, 'min_child_samples': 60}",0,0.2970294944,0.42002991,0.2829405956,-7.080172775e-05,0,0.01333733721,3.502283105e-05,False
2023-01-31,46,lightgbm,"{'num_leaves': 7, 'learning_rate': 0.1, 'min_child_samples': 60}",0,0.3058133424,0.4199266071,0.2742600505,-0.000232886939,0,0.01379530739,3.487442922e-05,False
2023-02-01,46,lightgbm,"{'num_leaves': 7, 'learning_rate': 0.1, 'min_child_samples': 60}",0,0.326928611,0.4062028783,0.2668685107,-0.0005118231585,-1,0.004628099822,3.457762557e-05,False
2023-02-02,46,lightgbm,"{'num_leaves': 7, 'learning_rate': 0.1, 'min_child_samples': 60}",0,0.3162531705,0.4117012704,0.2720455591,-0.0003589693238,0,0.001846521452,3.457762557e-05,False
2023-02-03,46,lightgbm,"{'num_leaves': 7, 'learning_rate': 0.1, 'min_child_samples': 60}",0,0.3108262801,0.4125231207,0.2766505993,-0.0002650558131,0,9.755724048e-05,3.487442922e-05,False
2023-02-06,46,lightgbm,"{'num_leaves': 7, 'learning_rate': 0.1, 'min_child_samples': 60}",0,0.309754786,0.4089530469,0.2812921671,-0.0002158533385,0,0.0154572538,3.494863014e-05,False
2023-02-07,46,lightgbm,"{'num_leaves': 7, 'learning_rate': 0.1, 'min_child_samples': 60}",0,0.3040646258,0.4205548791,0.2753804952,-0.0002056106139,0,-0.006002979513,3.494863014e-05,False
2023-02-08,46,lightgbm,"{'num_leaves': 7, 'learning_rate': 0.1, 'min_child_samples': 60}",0,0.3270867122,0.4056528719,0.2672604159,-0.0005102376838,-1,-0.01766368399,3.502283105e-05,False
2023-02-09,46,lightgbm,"{'num_leaves': 7, 'learning_rate': 0.1, 'min_child_samples': 60}",0,0.3069224364,0.4206891038,0.2723884598,-0.0002597234797,0,0.005371367621,3.539383562e-05,False
2023-02-10,46,lightgbm,"{'num_leaves': 7, 'learning_rate': 0.1, 'min_child_samples': 60}",0,0.3036670368,0.4170884575,0.2792445057,-0.0001697600456,0,0.01005574804,3.554223744e-05,False
2023-02-13,46,lightgbm,"{'num_leaves': 7, 'learning_rate': 0.1, 'min_child_samples': 60}",0,0.3245517758,0.3999583242,0.2754898999,-0.0004164375468,0,0.003404397671,3.569063927e-05,False
2023-02-14,46,lightgbm,"{'num_leaves': 7, 'learning_rate': 0.1, 'min_child_samples': 60}",0,0.3104376981,0.4183858496,0.2711764524,-0.0003060084271,0,0.008846118659,3.561643836e-05,False
2023-02-15,46,lightgbm,"{'num_leaves': 7, 'learning_rate': 0.1, 'min_child_samples': 60}",0,0.2930825164,0.4212638915,0.2856535921,-7.725017326e-06,0,-0.001247608017,3.554223744e-05,False
2023-02-16,46,lightgbm,"{'num_leaves': 7, 'learning_rate': 0.1, 'min_child_samples': 60}",0,0.3111817603,0.417545127,0.2712731127,-0.0003129039481,0,0.002955258428,3.591324201e-05,False
2023-02-17,46,lightgbm,"{'num_leaves': 7, 'learning_rate': 0.1, 'min_child_samples': 60}",0,0.3423945159,0.3935342246,0.2640712595,-0.0006946350237,-1,-0.009849653264,3.591324201e-05,False
2023-02-21,47,lightgbm,"{'num_leaves': 7, 'learning_rate': 0.1, 'min_child_samples': 60}",0,0.3001317497,0.42812616,0.2717420904,-0.0001607445209,0,-0.002452894556,3.606164384e-05,False
2023-02-22,47,lightgbm,"{'num_leaves': 7, 'learning_rate': 0.1, 'min_child_samples': 60}",0,0.3042164992,0.4226786641,0.2731048367,-0.0001918372758,0,-0.002241243712,3.591324201e-05,False
2023-02-23,47,lightgbm,"{'num_leaves': 7, 'learning_rate': 0.1, 'min_child_samples': 60}",0,0.3088494329,0.4205604424,0.2705901247,-0.0002605731159,0,0.002427776684,3.591324201e-05,False
2023-02-24,47,lightgbm,"{'num_leaves': 7, 'learning_rate': 0.1, 'min_child_samples': 60}",0,0.3378076833,0.408405999,0.2537863177,-0.0006991563449,-1,-0.005351699676,3.606164384e-05,False
2023-02-27,47,lightgbm,"{'num_leaves': 7, 'learning_rate': 0.1, 'min_child_samples': 60}",0,0.3042855691,0.4236855039,0.2720289271,-0.0002014219536,0,-0.00244191324,3.628424658e-05,False
2023-02-28,47,lightgbm,"{'num_leaves': 7, 'learning_rate': 0.1, 'min_child_samples': 60}",0,0.2787296256,0.4357572211,0.2855131533,0.0001745424759,0,-0.001694477514,3.621004566e-05,False
2023-03-01,47,lightgbm,"{'num_leaves': 7, 'learning_rate': 0.1, 'min_child_samples': 60}",0,0.3089051132,0.4206077524,0.2704871344,-0.0002619990481,0,0.01306408521,3.635844749e-05,False
2023-03-02,47,lightgbm,"{'num_leaves': 7, 'learning_rate': 0.1, 'min_child_samples': 60}",0,0.3278015827,0.4124248797,0.2597735376,-0.0005461190326,-1,0.01120815352,3.64326484e-05,False
2023-03-03,47,lightgbm,"{'num_leaves': 7, 'learning_rate': 0.1, 'min_child_samples': 60}",0,0.3099695404,0.423337323,0.2666931366,-0.0003043034586,0,-0.001431888902,3.64326484e-05,False
2023-03-06,47,lightgbm,"{'num_leaves': 7, 'learning_rate': 0.1, 'min_child_samples': 60}",0,0.289049615,0.4305472572,0.2804031278,2.548356427e-05,0,-0.01520702294,3.658105023e-05,False
2023-03-07,47,lightgbm,"{'num_leaves': 7, 'learning_rate': 0.1, 'min_child_samples': 60}",0,0.2904887712,0.4306981376,0.2788130912,-2.536022306e-06,0,0.001330351589,3.739726027e-05,False
2023-03-08,47,lightgbm,"{'num_leaves': 7, 'learning_rate': 0.1, 'min_child_samples': 60}",0,0.3071281355,0.421386563,0.2714853014,-0.0002353578732,0,-0.02046328335,3.75456621e-05,False
2023-03-09,47,lightgbm,"{'num_leaves': 7, 'learning_rate': 0.1, 'min_child_samples': 60}",0,0.2891925769,0.4338867328,0.2769206903,-4.704353683e-06,0,-0.01299262577,3.747146119e-05,False
2023-03-10,47,lightgbm,"{'num_leaves': 7, 'learning_rate': 0.1, 'min_child_samples': 60}",0,0.3068625372,0.4213407289,0.2717967339,-0.0002300385314,0,0.009297786367,3.717465753e-05,False
2023-03-13,47,lightgbm,"{'num_leaves': 7, 'learning_rate': 0.1, 'min_child_samples': 60}",0,0.3241372527,0.4140048463,0.2618579009,-0.000490967335,-1,0.003149836166,3.613584475e-05,False
2023-03-14,47,lightgbm,"{'num_leaves': 7, 'learning_rate': 0.1, 'min_child_samples': 60}",0,0.2946057478,0.4272049959,0.2781892562,-5.033856924e-05,0,0.008784845498,3.621004566e-05,False
2023-03-15,47,lightgbm,"{'num_leaves': 7, 'learning_rate': 0.1, 'min_child_samples': 60}",0,0.2958405868,0.4264470534,0.2777123598,-6.706514469e-05,0,0.02401628112,3.524543379e-05,False
2023-03-16,47,lightgbm,"{'num_leaves': 7, 'learning_rate': 0.1, 'min_child_samples': 60}",0,0.2586432665,0.4469937119,0.2943630216,0.0004556289515,1,-0.008214259156,3.517123288e-05,False
2023-03-17,47,lightgbm,"{'num_leaves': 7, 'learning_rate': 0.1, 'min_child_samples': 60}",0,0.2707013807,0.4393724171,0.2899262022,0.0002941089787,0,0.007523036061,3.353881279e-05,False
2023-03-20,47,lightgbm,"{'num_leaves': 7, 'learning_rate': 0.1, 'min_child_samples': 60}",0,0.2902757472,0.4319499607,0.2777742921,-8.89173031e-06,0,0.00420404171,3.569063927e-05,False
2023-03-21,47,lightgbm,"{'num_leaves': 7, 'learning_rate': 0.1, 'min_child_samples': 60}",0,0.2929071415,0.4338557572,0.2732371013,-7.355937521e-05,0,-0.01660277751,3.546803653e-05,False
2023-03-22,48,lightgbm,"{'num_leaves': 7, 'learning_rate': 0.03, 'min_child_samples': 30}",0,0.2937571126,0.43144997,0.2747929173,-7.383310772e-05,0,-0.004859608878,3.554223744e-05,False
2023-03-23,48,lightgbm,"{'num_leaves': 7, 'learning_rate': 0.03, 'min_child_samples': 30}",0,0.2832738713,0.4131167656,0.3036093631,0.0002745925132,0,0.009978572192,3.509703196e-05,False
2023-03-24,48,lightgbm,"{'num_leaves': 7, 'learning_rate': 0.03, 'min_child_samples': 30}",0,0.2923147423,0.4431078756,0.2645773821,-0.0001436955623,0,-0.004094255361,3.517123288e-05,False
2023-03-27,48,lightgbm,"{'num_leaves': 7, 'learning_rate': 0.03, 'min_child_samples': 30}",0,0.3175022044,0.4354978922,0.2469999034,-0.0005516928656,-1,-0.0004294991323,3.64326484e-05,False
2023-03-28,48,lightgbm,"{'num_leaves': 7, 'learning_rate': 0.03, 'min_child_samples': 30}",0,0.3043869886,0.4246603548,0.2709526566,-0.0002162967698,0,0.003550654875,3.561643836e-05,False
2023-03-29,48,lightgbm,"{'num_leaves': 7, 'learning_rate': 0.03, 'min_child_samples': 30}",0,0.3082001509,0.4328662044,0.2589336447,-0.0003558040914,0,-0.0009650922875,3.561643836e-05,False
2023-03-30,48,lightgbm,"{'num_leaves': 7, 'learning_rate': 0.03, 'min_child_samples': 30}",0,0.317526287,0.427714832,0.2547588809,-0.0004874864364,-1,0.01168885214,3.687785388e-05,False
2023-03-31,48,lightgbm,"{'num_leaves': 7, 'learning_rate': 0.03, 'min_child_samples': 30}",0,0.3153074493,0.444614598,0.2400779527,-0.0005863686667,-1,0.005136372917,3.598744292e-05,False
2023-04-03,48,lightgbm,"{'num_leaves': 7, 'learning_rate': 0.03, 'min_child_samples': 30}",0,0.29574755,0.4245160222,0.2797364278,-5.346789143e-05,0,-0.007166759777,3.635844749e-05,False
2023-04-04,48,lightgbm,"{'num_leaves': 7, 'learning_rate': 0.03, 'min_child_samples': 30}",0,0.2438760029,0.3941711901,0.3619528071,0.001169051004,1,-0.0007599655469,3.621004566e-05,False
2023-04-05,48,lightgbm,"{'num_leaves': 7, 'learning_rate': 0.03, 'min_child_samples': 30}",0,0.2583884437,0.3948946349,0.3467169214,0.0008915368881,1,0.005949341137,3.606164384e-05,False
2023-04-06,48,lightgbm,"{'num_leaves': 7, 'learning_rate': 0.03, 'min_child_samples': 30}",0,0.2722522962,0.4001912145,0.3275564892,0.0005881659552,1,0.007378077711,3.64326484e-05,False
2023-04-10,48,lightgbm,"{'num_leaves': 7, 'learning_rate': 0.03, 'min_child_samples': 30}",0,0.306919356,0.4215497282,0.2715309159,-0.0002378320329,0,-0.001316259396,3.769406393e-05,False
2023-04-11,48,lightgbm,"{'num_leaves': 7, 'learning_rate': 0.03, 'min_child_samples': 30}",0,0.301941972,0.4096549022,0.2884031258,-4.589822104e-05,0,-0.009274789024,3.739726027e-05,False
2023-04-12,48,lightgbm,"{'num_leaves': 7, 'learning_rate': 0.03, 'min_child_samples': 30}",0,0.2849009287,0.4207592499,0.2943398215,0.0001806637592,0,0.01048440466,3.724885845e-05,False
2023-04-13,48,lightgbm,"{'num_leaves': 7, 'learning_rate': 0.03, 'min_child_samples': 30}",0,0.3117598286,0.4419637284,0.246276443,-0.0004979766234,-1,-0.000847862592,3.784246575e-05,False
2023-04-14,48,lightgbm,"{'num_leaves': 7, 'learning_rate': 0.03, 'min_child_samples': 30}",0,0.3016323144,0.4159845636,0.282383122,-9.268804579e-05,0,0.003807278085,3.813926941e-05,False
2023-04-17,48,lightgbm,"{'num_leaves': 7, 'learning_rate': 0.03, 'min_child_samples': 30}",0,0.27999258,0.4237371351,0.2962702849,0.0002477525046,0,-0.003296585822,3.86586758e-05,False
2023-04-18,48,lightgbm,"{'num_leaves': 7, 'learning_rate': 0.03, 'min_child_samples': 30}",0,0.2871129398,0.4090840033,0.3038030569,0.0002362715437,0,0.004657739827,3.858447489e-05,False
2023-04-19,48,lightgbm,"{'num_leaves': 7, 'learning_rate': 0.03, 'min_child_samples': 30}",0,0.2973847152,0.4227087917,0.2799064931,-6.908320847e-05,0,0.001629370595,3.828767123e-05,False
2023-04-20,48,lightgbm,"{'num_leaves': 7, 'learning_rate': 0.03, 'min_child_samples': 30}",0,0.2996977324,0.4179409871,0.2823612805,-7.274794951e-05,0,2.428433527e-05,3.799086758e-05,False
2023-04-21,49,lightgbm,"{'num_leaves': 7, 'learning_rate': 0.03, 'min_child_samples': 30}",0,0.2978514203,0.4493185808,0.2528299989,-0.0002828042403,0,0.001553471369,3.813926941e-05,False
2023-04-24,49,lightgbm,"{'num_leaves': 7, 'learning_rate': 0.03, 'min_child_samples': 30}",0,0.2765989031,0.4320957905,0.2913053064,0.0002564331706,0,-0.01096010551,3.858447489e-05,False
2023-04-25,49,lightgbm,"{'num_leaves': 7, 'learning_rate': 0.03, 'min_child_samples': 30}",0,0.262055123,0.3918001445,0.3461447325,0.0008618006153,1,-0.005802556821,3.799086758e-05,False
2023-04-26,49,lightgbm,"{'num_leaves': 7, 'learning_rate': 0.03, 'min_child_samples': 30}",0,0.281245538,0.3871006375,0.3316538244,0.0005427712474,1,0.01329239232,3.828767123e-05,False
2023-04-27,49,lightgbm,"{'num_leaves': 7, 'learning_rate': 0.03, 'min_child_samples': 30}",0,0.3170016252,0.426561215,0.2564371597,-0.0004513801199,-1,0.01079006194,3.843607306e-05,False
2023-04-28,49,lightgbm,"{'num_leaves': 7, 'learning_rate': 0.03, 'min_child_samples': 30}",0,0.2687714481,0.4578811218,0.27334743,0.0001886853733,0,9.629699578e-05,3.784246575e-05,False
2023-05-01,49,lightgbm,"{'num_leaves': 7, 'learning_rate': 0.03, 'min_child_samples': 30}",0,0.2889534209,0.4551640068,0.2558825723,-0.0001652755334,0,-0.009475113491,3.910388128e-05,False
2023-05-02,49,lightgbm,"{'num_leaves': 7, 'learning_rate': 0.03, 'min_child_samples': 30}",0,0.2908390233,0.4104002317,0.2987607449,0.0001706502908,0,-0.008119400198,3.888127854e-05,False
2023-05-03,49,lightgbm,"{'num_leaves': 7, 'learning_rate': 0.03, 'min_child_samples': 30}",0,0.2573135161,0.3859855712,0.3567009127,0.0009984573477,1,-0.004423335297,3.902968037e-05,False
2023-05-04,49,lightgbm,"{'num_leaves': 7, 'learning_rate': 0.03, 'min_child_samples': 30}",0,0.2565805533,0.3856837485,0.3577356982,0.001014632638,1,0.0090973593,3.902968037e-05,False
2023-05-05,49,lightgbm,"{'num_leaves': 7, 'learning_rate': 0.03, 'min_child_samples': 30}",0,0.2822986303,0.4557307477,0.261970622,-4.583156742e-05,0,-0.000556967897,3.902968037e-05,False
2023-05-08,49,lightgbm,"{'num_leaves': 7, 'learning_rate': 0.03, 'min_child_samples': 30}",0,0.3292149135,0.4632355834,0.2075495031,-0.0009832520633,-1,-0.0004864938863,3.940068493e-05,False
2023-05-09,49,lightgbm,"{'num_leaves': 7, 'learning_rate': 0.03, 'min_child_samples': 30}",0,0.3027396416,0.4969090997,0.2003512587,-0.0007685272365,-1,-0.002488640899,3.925228311e-05,False
2023-05-10,49,lightgbm,"{'num_leaves': 7, 'learning_rate': 0.03, 'min_child_samples': 30}",0,0.2858253972,0.4137784801,0.3003961227,0.000236171035,0,0.0004369283018,3.888127854e-05,False
2023-05-11,49,lightgbm,"{'num_leaves': 7, 'learning_rate': 0.03, 'min_child_samples': 30}",0,0.2962815816,0.4375790283,0.2661393901,-0.0001561962301,0,-0.004426532309,3.858447489e-05,False
2023-05-12,49,lightgbm,"{'num_leaves': 7, 'learning_rate': 0.03, 'min_child_samples': 30}",0,0.303398115,0.4524057318,0.2441961532,-0.0004118686556,0,0.0019164729,3.895547945e-05,False
2023-05-15,49,lightgbm,"{'num_leaves': 7, 'learning_rate': 0.03, 'min_child_samples': 30}",0,0.3003010025,0.4277726005,0.271926397,-0.0001498795484,0,-0.003909059761,3.86586758e-05,False
2023-05-16,49,lightgbm,"{'num_leaves': 7, 'learning_rate': 0.03, 'min_child_samples': 30}",0,0.3000417174,0.4448170611,0.2551412215,-0.0002863447973,0,0.006984369785,3.880707763e-05,False
2023-05-17,49,lightgbm,"{'num_leaves': 7, 'learning_rate': 0.03, 'min_child_samples': 30}",0,0.2794585607,0.4717307501,0.2488106892,-0.0001254945748,0,0.01043629121,3.902968037e-05,False
2023-05-18,49,lightgbm,"{'num_leaves': 7, 'learning_rate': 0.03, 'min_child_samples': 30}",0,0.2764750319,0.4818295531,0.241695415,-0.0001535592462,0,-0.00368902647,3.940068493e-05,False
2023-05-19,49,lightgbm,"{'num_leaves': 7, 'learning_rate': 0.03, 'min_child_samples': 30}",0,0.306133149,0.4881449168,0.2057219342,-0.0007591748232,-1,0.0003582884193,3.925228311e-05,False
2023-05-22,50,lightgbm,"{'num_leaves': 7, 'learning_rate': 0.03, 'min_child_samples': 30}",0,0.2729545267,0.4561902413,0.2708552319,0.0001243879899,0,-0.007168865409,4.006849315e-05,False
2023-05-23,50,lightgbm,"{'num_leaves': 7, 'learning_rate': 0.03, 'min_child_samples': 30}",0,0.2823577279,0.4226248093,0.2950174628,0.0002283950011,0,-0.003224909344,3.962328767e-05,False
2023-05-24,50,lightgbm,"{'num_leaves': 7, 'learning_rate': 0.03, 'min_child_samples': 30}",0,0.2844213545,0.4248331195,0.2907455259,0.0001715455847,0,-0.0002169946437,3.984589041e-05,False
2023-05-25,50,lightgbm,"{'num_leaves': 7, 'learning_rate': 0.03, 'min_child_samples': 30}",0,0.3022137593,0.4103417099,0.2874445307,-3.957486463e-05,0,0.01129223167,3.992009132e-05,False
2023-05-26,50,lightgbm,"{'num_leaves': 7, 'learning_rate': 0.03, 'min_child_samples': 30}",0,0.2749975327,0.481670539,0.2433319283,-0.0001257346524,0,-0.004383588943,3.962328767e-05,False
2023-05-30,50,lightgbm,"{'num_leaves': 7, 'learning_rate': 0.03, 'min_child_samples': 30}",0,0.2765592584,0.4688598442,0.2545808974,-4.824640343e-05,0,-0.001028001949,4.118150685e-05,False
2023-05-31,50,lightgbm,"{'num_leaves': 7, 'learning_rate': 0.03, 'min_child_samples': 30}",0,0.2838031655,0.4299440723,0.2862527622,0.0001405399655,0,0.008921550589,4.095890411e-05,False
2023-06-01,50,lightgbm,"{'num_leaves': 7, 'learning_rate': 0.03, 'min_child_samples': 30}",0,0.2671964847,0.4804585547,0.2523449607,2.978878584e-05,0,0.008056568749,4.081050228e-05,False
2023-06-02,50,lightgbm,"{'num_leaves': 7, 'learning_rate': 0.03, 'min_child_samples': 30}",0,0.251492733,0.5079240669,0.2405832001,9.400578091e-05,0,-0.002755189723,4.081050228e-05,False
2023-06-05,50,lightgbm,"{'num_leaves': 7, 'learning_rate': 0.03, 'min_child_samples': 30}",0,0.2708041981,0.4692099595,0.2599858424,5.61339042e-05,0,0.003187440679,4.051369863e-05,False
2023-06-06,50,lightgbm,"{'num_leaves': 7, 'learning_rate': 0.03, 'min_child_samples': 30}",0,0.2679678043,0.4658954797,0.266136716,0.0001365952952,0,-0.004411387047,4.03652968e-05,False
2023-06-07,50,lightgbm,"{'num_leaves': 7, 'learning_rate': 0.03, 'min_child_samples': 30}",0,0.268627731,0.4511547934,0.2802174756,0.0002469565381,0,0.005883478853,4.021689498e-05,False
2023-06-08,50,lightgbm,"{'num_leaves': 7, 'learning_rate': 0.03, 'min_child_samples': 30}",0,0.2773935715,0.4490736767,0.2735327518,0.0001008496189,0,-0.0001395420899,3.992009132e-05,False
2023-06-09,50,lightgbm,"{'num_leaves': 7, 'learning_rate': 0.03, 'min_child_samples': 30}",0,0.2740831444,0.4427007594,0.2832160962,0.0002155993598,0,0.006683315456,3.984589041e-05,False
2023-06-12,50,lightgbm,"{'num_leaves': 7, 'learning_rate': 0.03, 'min_child_samples': 30}",0,0.2593604253,0.4794023998,0.2612371749,0.00018466822,0,0.003078187029,4.006849315e-05,False
2023-06-13,50,lightgbm,"{'num_leaves': 7, 'learning_rate': 0.03, 'min_child_samples': 30}",0,0.2674072196,0.4659430796,0.2666497007,0.0001466503874,0,0.0003889681133,3.97716895e-05,False
2023-06-14,50,lightgbm,"{'num_leaves': 7, 'learning_rate': 0.03, 'min_child_samples': 30}",0,0.2812880979,0.4431513636,0.2755605385,7.752495895e-05,0,0.01436990291,3.97716895e-05,False
2023-06-15,50,lightgbm,"{'num_leaves': 7, 'learning_rate': 0.03, 'min_child_samples': 30}",0,0.2917211605,0.4538234917,0.2544553478,-0.0002057906474,0,-0.008035749138,3.954908676e-05,False
2023-06-16,50,lightgbm,"{'num_leaves': 7, 'learning_rate': 0.03, 'min_child_samples': 30}",0,0.2752816266,0.4480689606,0.2766494128,0.0001485841537,0,-0.0006172578967,3.962328767e-05,False
2023-06-20,50,lightgbm,"{'num_leaves': 7, 'learning_rate': 0.03, 'min_child_samples': 30}",0,0.2850543684,0.4238468524,0.2910987792,0.0001679512797,0,-0.002797141484,3.999429224e-05,False
2023-06-21,50,lightgbm,"{'num_leaves': 7, 'learning_rate': 0.03, 'min_child_samples': 30}",0,0.2687915577,0.4324995898,0.2987088525,0.0003991413878,0,0.00589929131,4.006849315e-05,False
2023-06-22,51,lightgbm,"{'num_leaves': 7, 'learning_rate': 0.03, 'min_child_samples': 30}",0,0.2872458991,0.4595658009,0.2531882999,-0.0001552223697,0,0.0006467529683,4.006849315e-05,False
2023-06-23,51,lightgbm,"{'num_leaves': 7, 'learning_rate': 0.03, 'min_child_samples': 30}",0,0.2813405597,0.4178972211,0.3007622192,0.0003016228971,0,-0.002727550122,4.014269406e-05,False
2023-06-26,51,lightgbm,"{'num_leaves': 7, 'learning_rate': 0.03, 'min_child_samples': 30}",0,0.2718576375,0.4038096032,0.3243327593,0.0005954501205,1,0.008835450941,4.081050228e-05,False
2023-06-27,51,lightgbm,"{'num_leaves': 7, 'learning_rate': 0.03, 'min_child_samples': 30}",0,0.2836662504,0.4457437938,0.2705899558,2.649286227e-05,0,0.003080167469,4.03652968e-05,False
2023-06-28,51,lightgbm,"{'num_leaves': 7, 'learning_rate': 0.03, 'min_child_samples': 30}",0,0.2773060683,0.4298187799,0.2928751518,0.0002774813187,0,0.004931631086,4.03652968e-05,False
2023-06-29,51,lightgbm,"{'num_leaves': 7, 'learning_rate': 0.03, 'min_child_samples': 30}",0,0.2909534263,0.4763957882,0.2326507855,-0.0003643608338,0,0.004168168647,4.051369863e-05,False
2023-06-30,51,lightgbm,"{'num_leaves': 7, 'learning_rate': 0.03, 'min_child_samples': 30}",0,0.2819808859,0.4481005687,0.2699185453,3.824812214e-05,0,0.001964226355,2.169520548e-05,False
2023-07-03,51,lightgbm,"{'num_leaves': 7, 'learning_rate': 0.03, 'min_child_samples': 30}",0,0.2810808864,0.4482784178,0.2706406958,5.35226708e-05,0,0.002760745906,4.03652968e-05,False
2023-07-05,51,lightgbm,"{'num_leaves': 7, 'learning_rate': 0.03, 'min_child_samples': 30}",0,0.2893879364,0.4885553688,0.2220566948,-0.0004364491984,0,0.000546152198,4.03652968e-05,False
2023-07-06,51,lightgbm,"{'num_leaves': 7, 'learning_rate': 0.03, 'min_child_samples': 30}",0,0.2743628286,0.4464792172,0.2791579542,0.0001935711198,0,-0.0001824249283,4.051369863e-05,False
2023-07-07,51,lightgbm,"{'num_leaves': 7, 'learning_rate': 0.03, 'min_child_samples': 30}",0,0.2865192279,0.4793573289,0.2341234432,-0.0003064656867,0,0.003377632421,4.051369863e-05,False
2023-07-10,51,lightgbm,"{'num_leaves': 7, 'learning_rate': 0.03, 'min_child_samples': 30}",0,0.2821759786,0.4640359247,0.2537880968,-9.805154735e-05,0,0.004563467302,4.066210046e-05,False
2023-07-11,51,lightgbm,"{'num_leaves': 7, 'learning_rate': 0.03, 'min_child_samples': 30}",0,0.2781386155,0.4483552594,0.2735061252,0.0001076589164,0,-0.0008289290548,4.073630137e-05,False
2023-07-12,51,lightgbm,"{'num_leaves': 7, 'learning_rate': 0.03, 'min_child_samples': 30}",0,0.2799417155,0.4290272047,0.2910310798,0.0002350038756,0,0.003706192604,4.058789954e-05,False
2023-07-13,51,lightgbm,"{'num_leaves': 7, 'learning_rate': 0.03, 'min_child_samples': 30}",0,0.274299768,0.3956508499,0.3300493821,0.0006179098043,1,-0.002663852464,4.058789954e-05,False
2023-07-14,51,lightgbm,"{'num_leaves': 7, 'learning_rate': 0.03, 'min_child_samples': 30}",0,0.2720515763,0.3834025072,0.3445459165,0.000761736096,1,0.003807341839,4.073630137e-05,False
2023-07-17,51,lightgbm,"{'num_leaves': 7, 'learning_rate': 0.03, 'min_child_samples': 30}",0,0.2717572909,0.4200557209,0.3081869882,0.0004620634093,1,0.008190904398,4.073630137e-05,False
2023-07-18,51,lightgbm,"{'num_leaves': 7, 'learning_rate': 0.03, 'min_child_samples': 30}",0,0.2746737131,0.440858897,0.28446739,0.0002345746274,0,0.000417578621,4.073630137e-05,False
2023-07-19,51,lightgbm,"{'num_leaves': 7, 'learning_rate': 0.03, 'min_child_samples': 30}",0,0.2776399393,0.460605152,0.2617549087,1.495790039e-05,0,-0.004381664936,4.073630137e-05,False
2023-07-20,51,lightgbm,"{'num_leaves': 7, 'learning_rate': 0.03, 'min_child_samples': 30}",0,0.2905763351,0.4792259364,0.2301977285,-0.0003809025783,0,-0.003921047801,4.073630137e-05,False
2023-07-21,51,lightgbm,"{'num_leaves': 7, 'learning_rate': 0.03, 'min_child_samples': 30}",0,0.2922911612,0.487097459,0.2206113797,-0.0004783606304,-1,0.001830772,4.081050228e-05,False
2023-07-24,52,lightgbm,"{'num_leaves': 7, 'learning_rate': 0.03, 'min_child_samples': 30}",0,0.2688069868,0.4994187164,0.2317742968,-0.0001261010409,0,0.003348583391,4.08847032e-05,False
2023-07-25,52,lightgbm,"{'num_leaves': 7, 'learning_rate': 0.03, 'min_child_samples': 30}",0,0.2647605513,0.4819597182,0.2532797305,9.328861671e-05,0,0.002288398642,4.08847032e-05,False
2023-07-26,52,lightgbm,"{'num_leaves': 7, 'learning_rate': 0.03, 'min_child_samples': 30}",0,0.2606171017,0.4940268329,0.2453560654,7.023052508e-05,0,-0.01422595716,4.08847032e-05,False
2023-07-27,52,lightgbm,"{'num_leaves': 7, 'learning_rate': 0.03, 'min_child_samples': 30}",0,0.254125647,0.4952267318,0.2506476212,0.000180567957,0,0.002281320916,4.08847032e-05,False
2023-07-28,52,lightgbm,"{'num_leaves': 7, 'learning_rate': 0.03, 'min_child_samples': 30}",0,0.2703870861,0.4981561086,0.2314568053,-0.0001449300641,0,0.0008307750503,4.095890411e-05,False
2023-07-31,52,lightgbm,"{'num_leaves': 7, 'learning_rate': 0.03, 'min_child_samples': 30}",0,0.2646667093,0.4905424412,0.2447908495,2.402941219e-05,0,0.0004603020096,4.118150685e-05,False
2023-08-01,52,lightgbm,"{'num_leaves': 7, 'learning_rate': 0.03, 'min_child_samples': 30}",0,0.2688381772,0.5128001927,0.2183616302,-0.000237372753,0,-0.006883607424,4.110730594e-05,False
2023-08-02,52,lightgbm,"{'num_leaves': 7, 'learning_rate': 0.03, 'min_child_samples': 30}",0,0.2526122882,0.4553776283,0.2920100835,0.0005382436465,1,0.001785527598,4.103310502e-05,False
2023-08-03,52,lightgbm,"{'num_leaves': 7, 'learning_rate': 0.03, 'min_child_samples': 30}",0,0.2705119103,0.4594856999,0.2700023897,0.0001726456463,0,-0.008675017061,4.110730594e-05,False
2023-08-04,52,lightgbm,"{'num_leaves': 7, 'learning_rate': 0.03, 'min_child_samples': 30}",0,0.2598858991,0.4673285607,0.2727855403,0.0003046297541,0,0.004457221938,4.110730594e-05,False
2023-08-07,52,lightgbm,"{'num_leaves': 7, 'learning_rate': 0.03, 'min_child_samples': 30}",0,0.2497011589,0.4339200422,0.3163787989,0.0007696771876,1,0.001495298675,4.125570776e-05,False
2023-08-08,52,lightgbm,"{'num_leaves': 7, 'learning_rate': 0.03, 'min_child_samples': 30}",0,0.260965709,0.4526866591,0.2863476319,0.0004057450986,0,-0.007304631596,4.132990868e-05,False
2023-08-09,52,lightgbm,"{'num_leaves': 7, 'learning_rate': 0.03, 'min_child_samples': 30}",0,0.2456547845,0.4239632195,0.330381996,0.0009270064297,1,-0.005087125543,4.118150685e-05,False
2023-08-10,52,lightgbm,"{'num_leaves': 7, 'learning_rate': 0.03, 'min_child_samples': 30}",0,0.2440697724,0.3862122068,0.3697180208,0.00126865383,1,0.003784022865,4.110730594e-05,False
2023-08-11,52,lightgbm,"{'num_leaves': 7, 'learning_rate': 0.03, 'min_child_samples': 30}",0,0.2637089923,0.4626955391,0.2735954685,0.0002721267977,0,0.007668030152,4.110730594e-05,False
2023-08-14,52,lightgbm,"{'num_leaves': 7, 'learning_rate': 0.03, 'min_child_samples': 30}",0,0.2467243753,0.473845156,0.2794304687,0.0004945588432,1,-0.007573833095,4.125570776e-05,False
2023-08-15,52,lightgbm,"{'num_leaves': 7, 'learning_rate': 0.03, 'min_child_samples': 30}",0,0.2524881949,0.4454898673,0.3020219378,0.0006223359027,1,-0.006373405024,4.125570776e-05,False
2023-08-16,52,lightgbm,"{'num_leaves': 7, 'learning_rate': 0.03, 'min_child_samples': 30}",0,0.2527168777,0.4154786568,0.3318044655,0.0008663571171,1,-0.01103906751,4.125570776e-05,False
2023-08-17,52,lightgbm,"{'num_leaves': 7, 'learning_rate': 0.03, 'min_child_samples': 30}",0,0.2629363333,0.4122472859,0.3248163807,0.0007037579801,1,0.007222477207,4.125570776e-05,False
2023-08-18,52,lightgbm,"{'num_leaves': 7, 'learning_rate': 0.03, 'min_child_samples': 30}",0,0.2656909245,0.4344792193,0.2998298562,0.0004688189922,1,0.004090980826,4.118150685e-05,False
2023-08-21,52,lightgbm,"{'num_leaves': 7, 'learning_rate': 0.03, 'min_child_samples': 30}",0,0.2368876876,0.408038766,0.3550735464,0.001221158871,1,-0.006867942352,4.132990868e-05,False
2023-08-22,53,lightgbm,"{'num_leaves': 7, 'learning_rate': 0.03, 'min_child_samples': 30}",0,0.2968122589,0.3532900325,0.3498977085,0.0005428229627,1,0.008605575104,4.132990868e-05,False
2023-08-23,53,lightgbm,"{'num_leaves': 7, 'learning_rate': 0.03, 'min_child_samples': 30}",0,0.2749750291,0.4732221886,0.2518027823,-4.136834806e-05,0,-0.01754028162,4.132990868e-05,False
2023-08-24,53,lightgbm,"{'num_leaves': 7, 'learning_rate': 0.03, 'min_child_samples': 30}",0,0.2858294399,0.409045088,0.3051254721,0.0002866032513,0,0.002940659551,4.140410959e-05,False
2023-08-25,53,lightgbm,"{'num_leaves': 7, 'learning_rate': 0.03, 'min_child_samples': 30}",0,0.3063233575,0.4684128017,0.2252638408,-0.0005813731084,-1,0.001175876237,4.162671233e-05,False
2023-08-28,53,lightgbm,"{'num_leaves': 7, 'learning_rate': 0.03, 'min_child_samples': 30}",0,0.2615521691,0.3953254557,0.3431223752,0.0008485010603,1,0.01470690138,4.140410959e-05,False
2023-08-29,53,lightgbm,"{'num_leaves': 7, 'learning_rate': 0.03, 'min_child_samples': 30}",0,0.2312809293,0.420275329,0.3484437417,0.001202680939,1,0.003336966855,4.125570776e-05,False
2023-08-30,53,lightgbm,"{'num_leaves': 7, 'learning_rate': 0.03, 'min_child_samples': 30}",0,0.266907306,0.5137686823,0.2193240118,-0.0002262050116,0,-0.002878307909,4.125570776e-05,False
2023-08-31,53,lightgbm,"{'num_leaves': 7, 'learning_rate': 0.03, 'min_child_samples': 30}",0,0.269290317,0.4774986533,0.2532110297,2.851262925e-05,0,-0.004369245398,4.125570776e-05,False
2023-09-01,53,lightgbm,"{'num_leaves': 7, 'learning_rate': 0.03, 'min_child_samples': 30}",0,0.276155709,0.4555602378,0.2682840533,8.229371485e-05,0,-0.003305794381,4.103310502e-05,False
2023-09-05,53,lightgbm,"{'num_leaves': 7, 'learning_rate': 0.03, 'min_child_samples': 30}",0,0.2831575067,0.5812180135,0.1356244798,-0.001082289455,-1,-0.004861714451,4.118150685e-05,False
2023-09-06,53,lightgbm,"{'num_leaves': 7, 'learning_rate': 0.03, 'min_child_samples': 30}",0,0.2580696595,0.5459827708,0.1959475697,-0.0003281667528,0,0.003926837271,4.118150685e-05,False
2023-09-07,53,lightgbm,"{'num_leaves': 7, 'learning_rate': 0.03, 'min_child_samples': 30}",0,0.2585086975,0.4934483355,0.248042967,9.647454708e-05,0,0.001393560754,4.103310502e-05,False
2023-09-08,53,lightgbm,"{'num_leaves': 7, 'learning_rate': 0.03, 'min_child_samples': 30}",0,0.2566554323,0.4962368447,0.2471077231,0.0001077702598,0,0.0004685480541,4.118150685e-05,False
2023-09-11,53,lightgbm,"{'num_leaves': 7, 'learning_rate': 0.03, 'min_child_samples': 30}",0,0.2701352972,0.4953925727,0.2344721301,-0.0001345142473,0,-0.002147940282,4.118150685e-05,False
2023-09-12,53,lightgbm,"{'num_leaves': 7, 'learning_rate': 0.03, 'min_child_samples': 30}",0,0.2752929167,0.4727507185,0.2519563647,-4.336221695e-05,0,0.0006499228203,4.125570776e-05,False
2023-09-13,53,lightgbm,"{'num_leaves': 7, 'learning_rate': 0.03, 'min_child_samples': 30}",0,0.2836824672,0.4475603288,0.268757204,9.026106883e-06,0,0.002872554505,4.118150685e-05,False
2023-09-14,53,lightgbm,"{'num_leaves': 7, 'learning_rate': 0.03, 'min_child_samples': 30}",0,0.238530699,0.4438260679,0.3176432331,0.0008746323581,1,-0.008431407352,4.118150685e-05,False
2023-09-15,53,lightgbm,"{'num_leaves': 7, 'learning_rate': 0.03, 'min_child_samples': 30}",0,0.2622975806,0.490656169,0.2470462504,4.941987625e-05,0,0.001309146102,4.125570776e-05,False
2023-09-18,53,lightgbm,"{'num_leaves': 7, 'learning_rate': 0.03, 'min_child_samples': 30}",0,0.2935572192,0.4783452325,0.2280975483,-0.0004271500755,0,6.776623798e-05,4.118150685e-05,False
2023-09-19,53,lightgbm,"{'num_leaves': 7, 'learning_rate': 0.03, 'min_child_samples': 30}",0,0.2818408682,0.4552899423,0.2628691894,-2.059685397e-05,0,-0.01209431099,4.110730594e-05,False
2023-09-20,53,lightgbm,"{'num_leaves': 7, 'learning_rate': 0.03, 'min_child_samples': 30}",0,0.2625373071,0.4600928777,0.2773698152,0.0002967563411,0,-0.00989212158,4.125570776e-05,False
2023-09-21,54,lightgbm,"{'num_leaves': 7, 'learning_rate': 0.03, 'min_child_samples': 30}",0,0.2965010519,0.4137898818,0.2897090663,3.718105947e-05,0,-0.004694181514,4.132990868e-05,False
2023-09-22,54,lightgbm,"{'num_leaves': 7, 'learning_rate': 0.03, 'min_child_samples': 30}",0,0.3267414427,0.3284798052,0.3447787521,0.0001811543525,0,0.00713003572,4.125570776e-05,False
2023-09-25,54,lightgbm,"{'num_leaves': 7, 'learning_rate': 0.03, 'min_child_samples': 30}",0,0.32103226,0.3598673996,0.3191003404,2.805866265e-05,0,-0.007480928322,4.140410959e-05,False
2023-09-26,54,lightgbm,"{'num_leaves': 7, 'learning_rate': 0.03, 'min_child_samples': 30}",0,0.2504863597,0.3066005928,0.4429130476,0.001770889855,1,-0.002435103872,4.140410959e-05,False
2023-09-27,54,lightgbm,"{'num_leaves': 7, 'learning_rate': 0.03, 'min_child_samples': 30}",0,0.3016769296,0.3265479924,0.371775078,0.000660351215,1,0.007144819841,4.140410959e-05,False
2023-09-28,54,lightgbm,"{'num_leaves': 7, 'learning_rate': 0.03, 'min_child_samples': 30}",0,0.3273692131,0.3185419433,0.3540888435,0.0002514349897,0,-0.009706494245,4.125570776e-05,False
2023-09-29,54,lightgbm,"{'num_leaves': 7, 'learning_rate': 0.03, 'min_child_samples': 30}",0,0.3300446301,0.3106857916,0.3592695784,0.0002667155267,0,0.00161737034,4.118150685e-05,False
2023-10-02,54,lightgbm,"{'num_leaves': 7, 'learning_rate': 0.03, 'min_child_samples': 30}",0,0.3248271243,0.4032574651,0.2719154106,-0.0003996004942,0,-0.008163556381,4.170091324e-05,False
2023-10-03,54,lightgbm,"{'num_leaves': 7, 'learning_rate': 0.03, 'min_child_samples': 30}",0,0.3746310491,0.2913831617,0.3339857891,-0.0003983508027,0,0.006136414097,4.170091324e-05,False
2023-10-04,54,lightgbm,"{'num_leaves': 7, 'learning_rate': 0.03, 'min_child_samples': 30}",0,0.328376217,0.3334991973,0.3381245857,0.0001095802389,0,0.0003299430386,4.162671233e-05,False
2023-10-05,54,lightgbm,"{'num_leaves': 7, 'learning_rate': 0.03, 'min_child_samples': 30}",0,0.3424172897,0.3547798486,0.3028028617,-0.0003252917723,0,0.01793968143,4.162671233e-05,False
2023-10-06,54,lightgbm,"{'num_leaves': 7, 'learning_rate': 0.03, 'min_child_samples': 30}",0,0.3092265293,0.4573675699,0.2334059008,-0.0005570928663,-1,0.0110155343,4.177511416e-05,False
2023-10-09,54,lightgbm,"{'num_leaves': 7, 'learning_rate': 0.03, 'min_child_samples': 30}",0,0.3002031255,0.5132926352,0.1865042394,-0.0008511091893,-1,0.003695676238,4.177511416e-05,False
2023-10-10,54,lightgbm,"{'num_leaves': 7, 'learning_rate': 0.03, 'min_child_samples': 30}",0,0.3254952146,0.4743443807,0.2001604047,-0.0009976769869,-1,0.001560905105,4.162671233e-05,False
2023-10-11,54,lightgbm,"{'num_leaves': 7, 'learning_rate': 0.03, 'min_child_samples': 30}",0,0.2692230707,0.5036901639,0.2270867654,-0.000199369344,0,-0.007529485035,4.162671233e-05,False
2023-10-12,54,lightgbm,"{'num_leaves': 7, 'learning_rate': 0.03, 'min_child_samples': 30}",0,0.2693744837,0.4864694075,0.2441561088,-6.027581358e-05,0,-0.008524600725,4.177511416e-05,False
2023-10-13,54,lightgbm,"{'num_leaves': 7, 'learning_rate': 0.03, 'min_child_samples': 30}",0,0.3208774891,0.4427092437,0.2364132672,-0.0006516644144,-1,0.005117332701,4.170091324e-05,False
2023-10-16,54,lightgbm,"{'num_leaves': 7, 'learning_rate': 0.03, 'min_child_samples': 30}",0,0.2901225167,0.4519810434,0.2578964399,-0.000159601347,0,0.007416629515,4.162671233e-05,False
2023-10-17,54,lightgbm,"{'num_leaves': 7, 'learning_rate': 0.03, 'min_child_samples': 30}",0,0.2802845554,0.5179485996,0.201766845,-0.0005213079341,-1,-0.009166519058,4.170091324e-05,False
2023-10-18,54,lightgbm,"{'num_leaves': 7, 'learning_rate': 0.03, 'min_child_samples': 30}",0,0.2964975002,0.4616285145,0.2418739853,-0.0003569245628,0,-0.01048850063,4.162671233e-05,False
2023-10-19,54,lightgbm,"{'num_leaves': 7, 'learning_rate': 0.03, 'min_child_samples': 30}",0,0.2618954677,0.5041701275,0.2339344048,-6.788442909e-05,0,-0.01124467915,4.155251142e-05,False
2023-10-20,55,lightgbm,"{'num_leaves': 7, 'learning_rate': 0.03, 'min_child_samples': 30}",0,0.2946653289,0.4022337933,0.3031008778,0.0001599879738,0,0.002025705203,4.140410959e-05,False
2023-10-23,55,lightgbm,"{'num_leaves': 7, 'learning_rate': 0.03, 'min_child_samples': 30}",0,0.2826501199,0.4066571089,0.3106927712,0.000345953153,0,0.002318729469,4.140410959e-05,False
2023-10-24,55,lightgbm,"{'num_leaves': 7, 'learning_rate': 0.03, 'min_child_samples': 30}",0,0.2955416901,0.3850946616,0.3193636483,0.0002853417169,0,-0.01028710493,4.140410959e-05,False
2023-10-25,55,lightgbm,"{'num_leaves': 7, 'learning_rate': 0.03, 'min_child_samples': 30}",0,0.300436383,0.4170199964,0.2825436206,-6.902977563e-05,0,-0.009364927985,4.14783105e-05,False
2023-10-26,55,lightgbm,"{'num_leaves': 7, 'learning_rate': 0.03, 'min_child_samples': 30}",0,0.2827299166,0.3915895804,0.3256805029,0.0004689451058,1,-0.008474395272,4.14783105e-05,False
2023-10-27,55,lightgbm,"{'num_leaves': 7, 'learning_rate': 0.03, 'min_child_samples': 30}",0,0.2652289464,0.2894611984,0.4453098552,0.001636700222,1,0.004908595679,4.14783105e-05,False
2023-10-30,55,lightgbm,"{'num_leaves': 7, 'learning_rate': 0.03, 'min_child_samples': 30}",0,0.2868339362,0.4155611094,0.2976049544,0.0001949205178,0,0.004853716068,4.155251142e-05,False
2023-10-31,55,lightgbm,"{'num_leaves': 7, 'learning_rate': 0.03, 'min_child_samples': 30}",0,0.3011312661,0.4589518668,0.239916867,-0.0004282884106,0,0.008253796301,4.14783105e-05,False
2023-11-01,55,lightgbm,"{'num_leaves': 7, 'learning_rate': 0.03, 'min_child_samples': 30}",0,0.2948535554,0.4593670099,0.2457794346,-0.0003154631934,0,0.009798920238,4.132990868e-05,False
2023-11-02,55,lightgbm,"{'num_leaves': 7, 'learning_rate': 0.03, 'min_child_samples': 30}",0,0.3034958388,0.5435281297,0.1529760315,-0.001170743759,-1,0.003578491285,4.110730594e-05,False
2023-11-03,55,lightgbm,"{'num_leaves': 7, 'learning_rate': 0.03, 'min_child_samples': 30}",0,0.274128635,0.4175553963,0.3083159687,0.0004137309577,0,0.0005052041061,4.103310502e-05,False
2023-11-06,55,lightgbm,"{'num_leaves': 7, 'learning_rate': 0.03, 'min_child_samples': 30}",0,0.2833649738,0.4534888654,0.2631461608,-5.415223999e-05,0,0.002846037884,4.125570776e-05,False
2023-11-07,55,lightgbm,"{'num_leaves': 7, 'learning_rate': 0.03, 'min_child_samples': 30}",0,0.2724241917,0.4360667785,0.2915090298,0.0002923762904,0,-0.0006856081405,4.118150685e-05,False
2023-11-08,55,lightgbm,"{'num_leaves': 7, 'learning_rate': 0.03, 'min_child_samples': 30}",0,0.2538713213,0.3514006576,0.3947280211,0.0013353591,1,-0.01046916605,4.110730594e-05,False
2023-11-09,55,lightgbm,"{'num_leaves': 7, 'learning_rate': 0.03, 'min_child_samples': 30}",0,0.2910507959,0.4468746944,0.2620745097,-0.0001418448941,0,0.01061969433,4.110730594e-05,False
2023-11-10,55,lightgbm,"{'num_leaves': 7, 'learning_rate': 0.03, 'min_child_samples': 30}",0,0.2848040017,0.5063478775,0.2088481208,-0.0005174582355,-1,0.002185623578,4.103310502e-05,False
2023-11-13,55,lightgbm,"{'num_leaves': 7, 'learning_rate': 0.03, 'min_child_samples': 30}",0,0.2940680845,0.4704746862,0.2354572293,-0.000392675518,0,0.005399721274,4.118150685e-05,False
2023-11-14,55,lightgbm,"{'num_leaves': 7, 'learning_rate': 0.03, 'min_child_samples': 30}",0,0.2925502822,0.505310034,0.2021396838,-0.000652335364,-1,-0.0009553059266,4.095890411e-05,False
2023-11-15,55,lightgbm,"{'num_leaves': 7, 'learning_rate': 0.03, 'min_child_samples': 30}",0,0.30307749,0.5121424946,0.1847800154,-0.0009037263902,-1,0.00224836337,4.103310502e-05,False
2023-11-16,55,lightgbm,"{'num_leaves': 7, 'learning_rate': 0.03, 'min_child_samples': 30}",0,0.2896544446,0.48263517,0.2277103854,-0.0004113961307,0,0.00122161149,4.08847032e-05,False
2023-11-17,55,lightgbm,"{'num_leaves': 7, 'learning_rate': 0.03, 'min_child_samples': 30}",0,0.2848072867,0.4412675264,0.2739251868,2.009600158e-05,0,0.008279162342,4.081050228e-05,False
2023-11-20,56,lightgbm,"{'num_leaves': 7, 'learning_rate': 0.03, 'min_child_samples': 30}",0,0.2680887272,0.4103960118,0.321515261,0.0005938163181,1,0.0001985885873,4.110730594e-05,False
2023-11-21,56,lightgbm,"{'num_leaves': 7, 'learning_rate': 0.03, 'min_child_samples': 30}",0,0.266446918,0.4755893306,0.2579637514,8.728062857e-05,0,8.786759165e-05,4.103310502e-05,False
2023-11-22,56,lightgbm,"{'num_leaves': 7, 'learning_rate': 0.03, 'min_child_samples': 30}",0,0.301617208,0.4511869638,0.2471958282,-0.0003629865687,0,0.0005053738466,2.21347032e-05,False
2023-11-24,56,lightgbm,"{'num_leaves': 7, 'learning_rate': 0.03, 'min_child_samples': 30}",0,0.2926234774,0.5199773267,0.1873991959,-0.0007630125374,-1,-0.0003738765573,4.110730594e-05,False
2023-11-27,56,lightgbm,"{'num_leaves': 7, 'learning_rate': 0.03, 'min_child_samples': 30}",0,0.3002294986,0.4699673189,0.2298031825,-0.0004919668045,-1,0.001871930292,4.073630137e-05,False
2023-11-28,56,lightgbm,"{'num_leaves': 7, 'learning_rate': 0.03, 'min_child_samples': 30}",0,0.2533887412,0.3699930168,0.376618242,0.001198777454,1,-0.00555618196,4.058789954e-05,False
2023-11-29,56,lightgbm,"{'num_leaves': 7, 'learning_rate': 0.03, 'min_child_samples': 30}",0,0.2452393895,0.424749595,0.3300110155,0.0008986994446,1,0.002019809819,4.043949772e-05,False
2023-11-30,56,lightgbm,"{'num_leaves': 7, 'learning_rate': 0.03, 'min_child_samples': 30}",0,0.2770945898,0.3955348806,0.3273705297,0.0005494524887,1,0.007306354516,4.043949772e-05,False
2023-12-01,56,lightgbm,"{'num_leaves': 7, 'learning_rate': 0.03, 'min_child_samples': 30}",0,0.253419425,0.3778972708,0.3686833042,0.00113310926,1,0.002392441495,4.029109589e-05,False
2023-12-04,56,lightgbm,"{'num_leaves': 7, 'learning_rate': 0.03, 'min_child_samples': 30}",0,0.2587680383,0.4793256444,0.2619063173,0.0001986975888,0,0.00294336499,4.051369863e-05,False
2023-12-05,56,lightgbm,"{'num_leaves': 7, 'learning_rate': 0.03, 'min_child_samples': 30}",0,0.2600349033,0.4653566615,0.2746084352,0.0002902886776,0,-0.008827156715,4.043949772e-05,False
2023-12-06,56,lightgbm,"{'num_leaves': 7, 'learning_rate': 0.03, 'min_child_samples': 30}",0,0.259158562,0.3985025108,0.3423389272,0.0008571315976,1,0.002888987599,4.043949772e-05,False
2023-12-07,56,lightgbm,"{'num_leaves': 7, 'learning_rate': 0.03, 'min_child_samples': 30}",0,0.2561487678,0.4304738481,0.3133773841,0.000649545537,1,0.005989640209,4.03652968e-05,False
2023-12-08,56,lightgbm,"{'num_leaves': 7, 'learning_rate': 0.03, 'min_child_samples': 30}",0,0.2797273297,0.4610424096,0.2592302608,-3.88227205e-05,0,0.005003345311,4.03652968e-05,False
2023-12-11,56,lightgbm,"{'num_leaves': 7, 'learning_rate': 0.03, 'min_child_samples': 30}",0,0.275615372,0.489162144,0.2352224839,-0.0001942779789,0,0.005350607983,4.058789954e-05,False
2023-12-12,56,lightgbm,"{'num_leaves': 7, 'learning_rate': 0.03, 'min_child_samples': 30}",0,0.2734917076,0.4592703613,0.2672379312,9.123677386e-05,0,0.01293894362,4.051369863e-05,False
2023-12-13,56,lightgbm,"{'num_leaves': 7, 'learning_rate': 0.03, 'min_child_samples': 30}",0,0.2806829595,0.4819815771,0.2373354635,-0.0002289746169,0,-0.001037016167,4.03652968e-05,False
2023-12-14,56,lightgbm,"{'num_leaves': 7, 'learning_rate': 0.03, 'min_child_samples': 30}",0,0.2705873126,0.362094952,0.3673177354,0.0009453612195,1,-0.000340803079,4.029109589e-05,False
2023-12-15,56,lightgbm,"{'num_leaves': 7, 'learning_rate': 0.03, 'min_child_samples': 30}",0,0.2716949677,0.3353544766,0.3929505557,0.001145087351,1,0.002101979429,4.03652968e-05,False
2023-12-18,56,lightgbm,"{'num_leaves': 7, 'learning_rate': 0.03, 'min_child_samples': 30}",0,0.253762077,0.328883044,0.417354879,0.001530449193,1,0.004888573277,4.051369863e-05,False
2023-12-19,56,lightgbm,"{'num_leaves': 7, 'learning_rate': 0.03, 'min_child_samples': 30}",0,0.2584256215,0.4884341427,0.2531402359,0.0001300198406,0,-0.012026293,4.029109589e-05,False
2023-12-20,57,lightgbm,"{'num_leaves': 7, 'learning_rate': 0.03, 'min_child_samples': 30}",0,0.2582211439,0.4941811617,0.2475976945,9.856546122e-05,0,0.00290672294,4.03652968e-05,False
2023-12-21,57,lightgbm,"{'num_leaves': 7, 'learning_rate': 0.03, 'min_child_samples': 30}",0,0.2830615534,0.478856232,0.2380822146,-0.0002341325745,0,-0.0004431508728,4.021689498e-05,False
2023-12-22,57,lightgbm,"{'num_leaves': 7, 'learning_rate': 0.03, 'min_child_samples': 30}",0,0.2734525027,0.4610923739,0.2654551233,8.885245019e-05,0,0.003332812783,4.03652968e-05,False
2023-12-26,57,lightgbm,"{'num_leaves': 7, 'learning_rate': 0.03, 'min_child_samples': 30}",0,0.2962676887,0.5055113975,0.1982209137,-0.0006964065822,-1,0.002250562286,4.043949772e-05,False
2023-12-27,57,lightgbm,"{'num_leaves': 7, 'learning_rate': 0.03, 'min_child_samples': 30}",0,0.2942344483,0.5529850803,0.1527804715,-0.00104819701,-1,-0.0003984281493,4.03652968e-05,False
2023-12-28,57,lightgbm,"{'num_leaves': 7, 'learning_rate': 0.03, 'min_child_samples': 30}",0,0.2830995993,0.5368144816,0.1800859191,-0.0007101225809,-1,-0.002476426926,4.043949772e-05,False
2023-12-29,57,lightgbm,"{'num_leaves': 7, 'learning_rate': 0.03, 'min_child_samples': 30}",0,0.2792733059,0.4621181781,0.258608516,-2.696871148e-05,0,0.00103776319,4.006849315e-05,False
2024-01-02,57,lightgbm,"{'num_leaves': 7, 'learning_rate': 0.03, 'min_child_samples': 30}",0,0.2643605984,0.4403848389,0.2952545627,0.0004264344636,0,-0.00348613864,4.051369863e-05,False
2024-01-03,57,lightgbm,"{'num_leaves': 7, 'learning_rate': 0.03, 'min_child_samples': 30}",0,0.2541496693,0.4169314104,0.3289189203,0.0008071831704,1,-0.00217806742,4.066210046e-05,False
2024-01-04,57,lightgbm,"{'num_leaves': 7, 'learning_rate': 0.03, 'min_child_samples': 30}",0,0.2623334093,0.4657380375,0.2719285532,0.0002559319116,0,0.0009198554094,4.066210046e-05,False
2024-01-05,57,lightgbm,"{'num_leaves': 7, 'learning_rate': 0.03, 'min_child_samples': 30}",0,0.2621633133,0.419041278,0.3187954087,0.0006420084788,1,0.01317168732,4.058789954e-05,False
2024-01-08,57,lightgbm,"{'num_leaves': 7, 'learning_rate': 0.03, 'min_child_samples': 30}",0,0.2649811619,0.5303816051,0.2046372329,-0.0003230371087,0,0.004259668638,4.073630137e-05,False
2024-01-09,57,lightgbm,"{'num_leaves': 7, 'learning_rate': 0.03, 'min_child_samples': 30}",0,0.2678661237,0.4946566758,0.2374772005,-8.330908759e-05,0,0.005061569703,4.058789954e-05,False
2024-01-10,57,lightgbm,"{'num_leaves': 7, 'learning_rate': 0.03, 'min_child_samples': 30}",0,0.2584424423,0.5403587619,0.2011987958,-0.0002841985474,0,-0.002596348978,4.051369863e-05,False
2024-01-11,57,lightgbm,"{'num_leaves': 7, 'learning_rate': 0.03, 'min_child_samples': 30}",0,0.2658577294,0.4903336165,0.2438086541,-1.079761695e-05,0,-0.002427598434,4.051369863e-05,False
2024-01-12,57,lightgbm,"{'num_leaves': 7, 'learning_rate': 0.03, 'min_child_samples': 30}",0,0.2680184162,0.4247770115,0.3072045723,0.0004869305129,1,-0.0006943928303,4.043949772e-05,False
2024-01-16,57,lightgbm,"{'num_leaves': 7, 'learning_rate': 0.03, 'min_child_samples': 30}",0,0.2524255823,0.4089750425,0.3385993752,0.00090424346,1,0.0009961450731,4.043949772e-05,False
2024-01-17,57,lightgbm,"{'num_leaves': 7, 'learning_rate': 0.03, 'min_child_samples': 30}",0,0.2657471942,0.4359894798,0.298263326,0.00043689239,0,0.005231915801,4.058789954e-05,False
2024-01-18,57,lightgbm,"{'num_leaves': 7, 'learning_rate': 0.03, 'min_child_samples': 30}",0,0.261785023,0.4296411079,0.3085738691,0.0005620647741,1,0.01000732511,4.043949772e-05,False
2024-01-19,57,lightgbm,"{'num_leaves': 7, 'learning_rate': 0.03, 'min_child_samples': 30}",0,0.2534614407,0.5216913603,0.224847199,-3.920359411e-05,0,-0.001156995724,4.043949772e-05,False
2024-01-22,57,lightgbm,"{'num_leaves': 7, 'learning_rate': 0.03, 'min_child_samples': 30}",0,0.2575954406,0.6015218014,0.140882758,-0.0007701380654,-1,0.00175611162,4.051369863e-05,False
2024-01-23,58,lightgbm,"{'num_leaves': 7, 'learning_rate': 0.03, 'min_child_samples': 30}",0,0.2462772813,0.627362626,0.1263600926,-0.0007566503704,-1,-0.004960912908,4.043949772e-05,False
2024-01-24,58,lightgbm,"{'num_leaves': 7, 'learning_rate': 0.03, 'min_child_samples': 30}",0,0.2615835327,0.4563145326,0.2821019346,0.000360377324,0,0.0009229505298,4.03652968e-05,False
2024-01-25,58,lightgbm,"{'num_leaves': 7, 'learning_rate': 0.03, 'min_child_samples': 30}",0,0.2623340035,0.479644081,0.2580219155,0.0001558347173,0,-0.0003691476343,4.03652968e-05,False
2024-01-26,58,lightgbm,"{'num_leaves': 7, 'learning_rate': 0.03, 'min_child_samples': 30}",0,0.2633729164,0.4593033122,0.2773237714,0.0003030366403,0,0.007258068876,4.03652968e-05,False
2024-01-29,58,lightgbm,"{'num_leaves': 7, 'learning_rate': 0.03, 'min_child_samples': 30}",0,0.250192892,0.5096508875,0.2401562205,0.0001337581052,0,0.0006727355109,4.021689498e-05,False
2024-01-30,58,lightgbm,"{'num_leaves': 7, 'learning_rate': 0.03, 'min_child_samples': 30}",0,0.2861739716,0.5554977344,0.158328294,-0.0009027306232,-1,-0.01174735011,4.021689498e-05,False
2024-01-31,58,lightgbm,"{'num_leaves': 7, 'learning_rate': 0.03, 'min_child_samples': 30}",0,0.2403877955,0.4054057353,0.3542064693,0.001166369536,1,0.009429889476,4.021689498e-05,False
2024-02-01,58,lightgbm,"{'num_leaves': 7, 'learning_rate': 0.03, 'min_child_samples': 30}",0,0.2198441639,0.4188935939,0.3612622422,0.00143386319,1,0.009598718036,4.021689498e-05,False
2024-02-02,58,lightgbm,"{'num_leaves': 7, 'learning_rate': 0.03, 'min_child_samples': 30}",0,0.2561701033,0.5418187256,0.2020111711,-0.0002391592724,0,-0.002329399358,4.029109589e-05,False
2024-02-05,58,lightgbm,"{'num_leaves': 7, 'learning_rate': 0.03, 'min_child_samples': 30}",0,0.2232411779,0.6058016408,0.1709571812,-0.0001567640143,0,0.0009321243875,4.021689498e-05,False
2024-02-06,58,lightgbm,"{'num_leaves': 7, 'learning_rate': 0.03, 'min_child_samples': 30}",0,0.2598559151,0.631557637,0.1085864479,-0.001040642036,-1,0.003647056246,4.03652968e-05,False
2024-02-07,58,lightgbm,"{'num_leaves': 7, 'learning_rate': 0.03, 'min_child_samples': 30}",0,0.2356242676,0.5583253833,0.2060503491,3.69320392e-06,0,0.0004416807419,4.029109589e-05,False
2024-02-08,58,lightgbm,"{'num_leaves': 7, 'learning_rate': 0.03, 'min_child_samples': 30}",0,0.252507203,0.595600935,0.151891862,-0.0006115267994,-1,0.004731007722,4.03652968e-05,False
2024-02-09,58,lightgbm,"{'num_leaves': 7, 'learning_rate': 0.03, 'min_child_samples': 30}",0,0.2541939594,0.5511718051,0.1946342355,-0.0002792913782,0,-0.0003791176498,4.03652968e-05,False
2024-02-12,58,lightgbm,"{'num_leaves': 7, 'learning_rate': 0.03, 'min_child_samples': 30}",0,0.2725879806,0.4612275786,0.2661844408,0.0001178509021,0,-0.0009099797242,4.029109589e-05,False
2024-02-13,58,lightgbm,"{'num_leaves': 7, 'learning_rate': 0.03, 'min_child_samples': 30}",0,0.251197357,0.4433600833,0.3054425597,0.0006572810637,1,0.003583000385,4.043949772e-05,False
2024-02-14,58,lightgbm,"{'num_leaves': 7, 'learning_rate': 0.03, 'min_child_samples': 30}",0,0.2355972506,0.5213957788,0.2430069706,0.0003061265331,0,0.005447738078,4.029109589e-05,False
2024-02-15,58,lightgbm,"{'num_leaves': 7, 'learning_rate': 0.03, 'min_child_samples': 30}",0,0.251757431,0.5520696138,0.1961729552,-0.0002418273059,0,-0.004365163092,4.029109589e-05,False
2024-02-16,58,lightgbm,"{'num_leaves': 7, 'learning_rate': 0.03, 'min_child_samples': 30}",0,0.2471382021,0.5184474045,0.2344143934,0.0001180095013,0,-0.001928778175,4.03652968e-05,False
2024-02-20,58,lightgbm,"{'num_leaves': 7, 'learning_rate': 0.03, 'min_child_samples': 30}",0,0.2529867878,0.4239833122,0.3230299,0.0007828003017,1,0.00361305153,4.03652968e-05,False
2024-02-21,58,lightgbm,"{'num_leaves': 7, 'learning_rate': 0.03, 'min_child_samples': 30}",0,0.2574203545,0.4098837002,0.3326959453,0.0008165512875,1,0.006924446385,4.03652968e-05,False
2024-02-22,59,lightgbm,"{'num_leaves': 7, 'learning_rate': 0.03, 'min_child_samples': 30}",0,0.2483364042,0.6019606029,0.1497029929,-0.000572129695,-1,-0.002788271205,4.043949772e-05,False
2024-02-23,59,lightgbm,"{'num_leaves': 7, 'learning_rate': 0.03, 'min_child_samples': 30}",0,0.2456937804,0.5889390748,0.1653671448,-0.0004176674255,0,-0.004544555539,4.051369863e-05,False
2024-02-26,59,lightgbm,"{'num_leaves': 7, 'learning_rate': 0.03, 'min_child_samples': 30}",0,0.2487717239,0.5953657156,0.1558625605,-0.0005264207705,-1,0.0004538789774,4.058789954e-05,False
2024-02-27,59,lightgbm,"{'num_leaves': 7, 'learning_rate': 0.03, 'min_child_samples': 30}",0,0.2557936322,0.5965687508,0.147637617,-0.0006649585522,-1,0.001840427454,4.043949772e-05,False
2024-02-28,59,lightgbm,"{'num_leaves': 7, 'learning_rate': 0.03, 'min_child_samples': 30}",0,0.2419204554,0.5241532042,0.2339263403,0.0001789498174,0,1.964164165e-05,4.043949772e-05,False
2024-02-29,59,lightgbm,"{'num_leaves': 7, 'learning_rate': 0.03, 'min_child_samples': 30}",0,0.2477869754,0.4530316022,0.2991814224,0.0006504051891,1,0.007603372525,4.043949772e-05,False
2024-03-01,59,lightgbm,"{'num_leaves': 7, 'learning_rate': 0.03, 'min_child_samples': 30}",0,0.2483231539,0.4811242227,0.2705526234,0.0004118668403,0,0.0005272317852,4.021689498e-05,False
2024-03-04,59,lightgbm,"{'num_leaves': 7, 'learning_rate': 0.03, 'min_child_samples': 30}",0,0.2801172271,0.5285117914,0.1913709815,-0.0005568554824,-1,-0.005997172995,4.066210046e-05,False
