date,step,model,params,delta,p_short,p_flat,p_long,mu_hat,position,financing,calibration_skipped
2019-03-21,0,majority_baseline,{},0,0.2729545228,0.4601682731,0.2668772041,7.327375669e-05,0,1.84760274e-05,False
2019-03-22,0,majority_baseline,{},0,0.2729545228,0.4601682731,0.2668772041,7.327375669e-05,0,1.825342466e-05,False
2019-03-25,0,majority_baseline,{},0,0.2729545228,0.4601682731,0.2668772041,7.327375669e-05,0,1.825342466e-05,False
2019-03-26,0,majority_baseline,{},0,0.2729545228,0.4601682731,0.2668772041,7.327375669e-05,0,1.825342466e-05,False
2019-03-27,0,majority_baseline,{},0,0.2729545228,0.4601682731,0.2668772041,7.327375669e-05,0,1.810502283e-05,False
2019-03-28,0,majority_baseline,{},0,0.2729545228,0.4601682731,0.2668772041,7.327375669e-05,0,1.803082192e-05,False
2019-03-29,0,majority_baseline,{},0,0.2729545228,0.4601682731,0.2668772041,7.327375669e-05,0,1.780821918e-05,False
2019-04-01,0,majority_baseline,{},0,0.2729545228,0.4601682731,0.2668772041,7.327375669e-05,0,1.803082192e-05,False
2019-04-02,0,majority_baseline,{},0,0.2729545228,0.4601682731,0.2668772041,7.327375669e-05,0,1.7956621e-05,False
2019-04-03,0,majority_baseline,{},0,0.2729545228,0.4601682731,0.2668772041,7.327375669e-05,0,1.810502283e-05,False
2019-04-04,0,majority_baseline,{},0,0.2729545228,0.4601682731,0.2668772041,7.327375669e-05,0,1.810502283e-05,False
2019-04-05,0,majority_baseline,{},0,0.2729545228,0.4601682731,0.2668772041,7.327375669e-05,0,1.810502283e-05,False
2019-04-08,0,majority_baseline,{},0,0.2729545228,0.4601682731,0.2668772041,7.327375669e-05,0,1.803082192e-05,False
2019-04-09,0,majority_baseline,{},0,0.2729545228,0.4601682731,0.2668772041,7.327375669e-05,0,1.7956621e-05,False
2019-04-10,0,majority_baseline,{},0,0.2729545228,0.4601682731,0.2668772041,7.327375669e-05,0,1.803082192e-05,False
2019-04-11,0,majority_baseline,{},0,0.2729545228,0.4601682731,0.2668772041,7.327375669e-05,0,1.803082192e-05,False
2019-04-12,0,majority_baseline,{},0,0.2729545228,0.4601682731,0.2668772041,7.327375669e-05,0,1.810502283e-05,False
2019-04-15,0,majority_baseline,{},0,0.2729545228,0.4601682731,0.2668772041,7.327375669e-05,0,1.803082192e-05,False
2019-04-16,0,majority_baseline,{},0,0.2729545228,0.4601682731,0.2668772041,7.327375669e-05,0,1.803082192e-05,False
2019-04-17,0,majority_baseline,{},0,0.2729545228,0.4601682731,0.2668772041,7.327375669e-05,0,1.810502283e-05,False
2019-04-18,0,majority_baseline,{},0,0.2729545228,0.4601682731,0.2668772041,7.327375669e-05,0,1.7956621e-05,False
2019-04-22,1,majority_baseline,{},0,0.2533437135,0.4899967412,0.2566595453,0.0001437966281,0,1.810502283e-05,False
2019-04-23,1,majority_baseline,{},0,0.2533437135,0.4899967412,0.2566595453,0.0001437966281,0,1.817922374e-05,False
2019-04-24,1,majority_baseline,{},0,0.2533437135,0.4899967412,0.2566595453,0.0001437966281,0,1.810502283e-05,False
2019-04-25,1,majority_baseline,{},0,0.2533437135,0.4899967412,0.2566595453,0.0001437966281,0,1.803082192e-05,False
2019-04-26,1,majority_baseline,{},0,0.2533437135,0.4899967412,0.2566595453,0.0001437966281,0,1.7956621e-05,False
2019-04-29,1,majority_baseline,{},0,0.2533437135,0.4899967412,0.2566595453,0.0001437966281,0,1.810502283e-05,False
2019-04-30,1,majority_baseline,{},0,0.2533437135,0.4899967412,0.2566595453,0.0001437966281,0,1.803082192e-05,False
2019-05-01,1,majority_baseline,{},0,0.2533437135,0.4899967412,0.2566595453,0.0001437966281,0,1.803082192e-05,False
2019-05-02,1,majority_baseline,{},0,0.2533437135,0.4899967412,0.2566595453,0.0001437966281,0,1.832762557e-05,False
2019-05-03,1,majority_baseline,{},0,0.2533437135,0.4899967412,0.2566595453,0.0001437966281,0,1.803082192e-05,False
2019-05-06,1,majority_baseline,{},0,0.2533437135,0.4899967412,0.2566595453,0.0001437966281,0,1.810502283e-05,False
2019-05-07,1,majority_baseline,{},0,0.2533437135,0.4899967412,0.2566595453,0.0001437966281,0,1.803082192e-05,False
2019-05-08,1,majority_baseline,{},0,0.2533437135,0.4899967412,0.2566595453,0.0001437966281,0,1.803082192e-05,False
2019-05-09,1,majority_baseline,{},0,0.2533437135,0.4899967412,0.2566595453,0.0001437966281,0,1.803082192e-05,False
2019-05-10,1,majority_baseline,{},0,0.2533437135,0.4899967412,0.2566595453,0.0001437966281,0,1.803082192e-05,False
2019-05-13,1,majority_baseline,{},0,0.2533437135,0.4899967412,0.2566595453,0.0001437966281,0,1.788242009e-05,False
2019-05-14,1,majority_baseline,{},0,0.2533437135,0.4899967412,0.2566595453,0.0001437966281,0,1.788242009e-05,False
2019-05-15,1,majority_baseline,{},0,0.2533437135,0.4899967412,0.2566595453,0.0001437966281,0,1.7956621e-05,False
2019-05-16,1,majority_baseline,{},0,0.2533437135,0.4899967412,0.2566595453,0.0001437966281,0,1.780821918e-05,False
2019-05-17,1,majority_baseline,{},0,0.2533437135,0.4899967412,0.2566595453,0.0001437966281,0,1.773401826e-05,False
2019-05-20,1,majority_baseline,{},0,0.2533437135,0.4899967412,0.2566595453,0.0001437966281,0,1.773401826e-05,False
2019-05-21,2,majority_baseline,{},0,0.2571518746,0.483197196,0.2596509294,0.0001753920369,0,1.773401826e-05,False
2019-05-22,2,majority_baseline,{},0,0.2571518746,0.483197196,0.2596509294,0.0001753920369,0,1.765981735e-05,False
2019-05-23,2,majority_baseline,{},0,0.2571518746,0.483197196,0.2596509294,0.0001753920369,0,1.758561644e-05,False
2019-05-24,2,majority_baseline,{},0,0.2571518746,0.483197196,0.2596509294,0.0001753920369,0,1.743721461e-05,False
2019-05-28,2,majority_baseline,{},0,0.2571518746,0.483197196,0.2596509294,0.0001753920369,0,1.758561644e-05,False
2019-05-29,2,majority_baseline,{},0,0.2571518746,0.483197196,0.2596509294,0.0001753920369,0,1.758561644e-05,False
2019-05-30,2,majority_baseline,{},0,0.2571518746,0.483197196,0.2596509294,0.0001753920369,0,1.765981735e-05,False
2019-05-31,2,majority_baseline,{},0,0.2571518746,0.483197196,0.2596509294,0.0001753920369,0,1.743721461e-05,False
2019-06-03,2,majority_baseline,{},0,0.2571518746,0.483197196,0.2596509294,0.0001753920369,0,1.743721461e-05,False
2019-06-04,2,majority_baseline,{},0,0.2571518746,0.483197196,0.2596509294,0.0001753920369,0,1.743721461e-05,False
2019-06-05,2,majority_baseline,{},0,0.2571518746,0.483197196,0.2596509294,0.0001753920369,0,1.743721461e-05,False
2019-06-06,2,majority_baseline,{},0,0.2571518746,0.483197196,0.2596509294,0.0001753920369,0,1.728881279e-05,False
2019-06-07,2,majority_baseline,{},0,0.2571518746,0.483197196,0.2596509294,0.0001753920369,0,1.691780822e-05,False
2019-06-10,2,majority_baseline,{},0,0.2571518746,0.483197196,0.2596509294,0.0001753920369,0,1.699200913e-05,False
2019-06-11,2,majority_baseline,{},0,0.2571518746,0.483197196,0.2596509294,0.0001753920369,0,1.684360731e-05,False
2019-06-12,2,majority_baseline,{},0,0.2571518746,0.483197196,0.2596509294,0.0001753920369,0,1.662100457e-05,False
2019-06-13,2,majority_baseline,{},0,0.2571518746,0.483197196,0.2596509294,0.0001753920369,0,1.625e-05,False
2019-06-14,2,majority_baseline,{},0,0.2571518746,0.483197196,0.2596509294,0.0001753920369,0,1.632420091e-05,False
2019-06-17,2,majority_baseline,{},0,0.2571518746,0.483197196,0.2596509294,0.0001753920369,0,1.654680365e-05,False
2019-06-18,2,majority_baseline,{},0,0.2571518746,0.483197196,0.2596509294,0.0001753920369,0,1.647260274e-05,False
2019-06-19,2,majority_baseline,{},0,0.2571518746,0.483197196,0.2596509294,0.0001753920369,0,1.617579909e-05,False
2019-06-20,3,majority_baseline,{},0,0.2469801536,0.4899595318,0.2630603146,0.0002737635809,0,1.587899543e-05,False
2019-06-21,3,majority_baseline,{},0,0.2469801536,0.4899595318,0.2630603146,0.0002737635809,0,1.565639269e-05,False
2019-06-24,3,majority_baseline,{},0,0.2469801536,0.4899595318,0.2630603146,0.0002737635809,0,1.580479452e-05,False
2019-06-25,3,majority_baseline,{},0,0.2469801536,0.4899595318,0.2630603146,0.0002737635809,0,1.573059361e-05,False
2019-06-26,3,majority_baseline,{},0,0.2469801536,0.4899595318,0.2630603146,0.0002737635809,0,1.595319635e-05,False
2019-06-27,3,majority_baseline,{},0,0.2469801536,0.4899595318,0.2630603146,0.0002737635809,0,1.587899543e-05,False
2019-06-28,3,majority_baseline,{},0,0.2469801536,0.4899595318,0.2630603146,0.0002737635809,0,1.573059361e-05,False
2019-07-01,3,majority_baseline,{},0,0.2469801536,0.4899595318,0.2630603146,0.0002737635809,0,1.639840183e-05,False
2019-07-02,3,majority_baseline,{},0,0.2469801536,0.4899595318,0.2630603146,0.0002737635809,0,8.789954338e-06,False
2019-07-03,3,majority_baseline,{},0,0.2469801536,0.4899595318,0.2630603146,0.0002737635809,0,1.639840183e-05,False
2019-07-05,3,majority_baseline,{},0,0.2469801536,0.4899595318,0.2630603146,0.0002737635809,0,1.654680365e-05,False
2019-07-08,3,majority_baseline,{},0,0.2469801536,0.4899595318,0.2630603146,0.0002737635809,0,1.676940639e-05,False
2019-07-09,3,majority_baseline,{},0,0.2469801536,0.4899595318,0.2630603146,0.0002737635809,0,1.676940639e-05,False
2019-07-10,3,majority_baseline,{},0,0.2469801536,0.4899595318,0.2630603146,0.0002737635809,0,1.632420091e-05,False
2019-07-11,3,majority_baseline,{},0,0.2469801536,0.4899595318,0.2630603146,0.0002737635809,0,1.610159817e-05,False
2019-07-12,3,majority_baseline,{},0,0.2469801536,0.4899595318,0.2630603146,0.0002737635809,0,1.587899543e-05,False
2019-07-15,3,majority_baseline,{},0,0.2469801536,0.4899595318,0.2630603146,0.0002737635809,0,1.602739726e-05,False
2019-07-16,3,majority_baseline,{},0,0.2469801536,0.4899595318,0.2630603146,0.0002737635809,0,1.595319635e-05,False
2019-07-17,3,majority_baseline,{},0,0.2469801536,0.4899595318,0.2630603146,0.0002737635809,0,1.587899543e-05,False
2019-07-18,3,majority_baseline,{},0,0.2469801536,0.4899595318,0.2630603146,0.0002737635809,0,1.521118721e-05,False
2019-07-19,3,majority_baseline,{},0,0.2469801536,0.4899595318,0.2630603146,0.0002737635809,0,1.528538813e-05,False
2019-07-22,4,majority_baseline,{},0,0.2467142722,0.486822886,0.2664628418,0.000283968327,0,1.550799087e-05,False
2019-07-23,4,majority_baseline,{},0,0.2467142722,0.486822886,0.2664628418,0.000283968327,0,1.528538813e-05,False
2019-07-24,4,majority_baseline,{},0,0.2467142722,0.486822886,0.2664628418,0.000283968327,0,1.558219178e-05,False
2019-07-25,4,majority_baseline,{},0,0.2467142722,0.486822886,0.2664628418,0.000283968327,0,1.558219178e-05,False
2019-07-26,4,majority_baseline,{},0,0.2467142722,0.486822886,0.2664628418,0.000283968327,0,1.573059361e-05,False
2019-07-29,4,majority_baseline,{},0,0.2467142722,0.486822886,0.2664628418,0.000283968327,0,1.573059361e-05,False
2019-07-30,4,majority_baseline,{},0,0.2467142722,0.486822886,0.2664628418,0.000283968327,0,1.543378995e-05,False
2019-07-31,4,majority_baseline,{},0,0.2467142722,0.486822886,0.2664628418,0.000283968327,0,1.543378995e-05,False
2019-08-01,4,majority_baseline,{},0,0.2467142722,0.486822886,0.2664628418,0.000283968327,0,1.535958904e-05,False
2019-08-02,4,majority_baseline,{},0,0.2467142722,0.486822886,0.2664628418,0.000283968327,0,1.528538813e-05,False
2019-08-05,4,majority_baseline,{},0,0.2467142722,0.486822886,0.2664628418,0.000283968327,0,1.521118721e-05,False
2019-08-06,4,majority_baseline,{},0,0.2467142722,0.486822886,0.2664628418,0.000283968327,0,1.521118721e-05,False
2019-08-07,4,majority_baseline,{},0,0.2467142722,0.486822886,0.2664628418,0.000283968327,0,1.498858447e-05,False
2019-08-08,4,majority_baseline,{},0,0.2467142722,0.486822886,0.2664628418,0.000283968327,0,1.498858447e-05,False
2019-08-09,4,majority_baseline,{},0,0.2467142722,0.486822886,0.2664628418,0.000283968327,0,1.484018265e-05,False
2019-08-12,4,majority_baseline,{},0,0.2467142722,0.486822886,0.2664628418,0.000283968327,0,1.484018265e-05,False
2019-08-13,4,majority_baseline,{},0,0.2467142722,0.486822886,0.2664628418,0.000283968327,0,1.484018265e-05,False
2019-08-14,4,majority_baseline,{},0,0.2467142722,0.486822886,0.2664628418,0.000283968327,0,1.4543379e-05,False
2019-08-15,4,majority_baseline,{},0,0.2467142722,0.486822886,0.2664628418,0.000283968327,0,1.417237443e-05,False
2019-08-16,4,majority_baseline,{},0,0.2467142722,0.486822886,0.2664628418,0.000283968327,0,1.387557078e-05,False
2019-08-19,4,majority_baseline,{},0,0.2467142722,0.486822886,0.2664628418,0.000283968327,0,1.439497717e-05,False
2019-08-20,5,majority_baseline,{},0,0.2598949326,0.4702065239,0.2698985435,0.0002008908374,0,1.439497717e-05,False
2019-08-21,5,majority_baseline,{},0,0.2598949326,0.4702065239,0.2698985435,0.0002008908374,0,1.461757991e-05,False
2019-08-22,5,majority_baseline,{},0,0.2598949326,0.4702065239,0.2698985435,0.0002008908374,0,1.484018265e-05,False
2019-08-23,5,majority_baseline,{},0,0.2598949326,0.4702065239,0.2698985435,0.0002008908374,0,1.461757991e-05,False
2019-08-26,5,majority_baseline,{},0,0.2598949326,0.4702065239,0.2698985435,0.0002008908374,0,1.491438356e-05,False
2019-08-27,5,majority_baseline,{},0,0.2598949326,0.4702065239,0.2698985435,0.0002008908374,0,1.469178082e-05,False
2019-08-28,5,majority_baseline,{},0,0.2598949326,0.4702065239,0.2698985435,0.0002008908374,0,1.476598174e-05,False
2019-08-29,5,majority_baseline,{},0,0.2598949326,0.4702065239,0.2698985435,0.0002008908374,0,1.476598174e-05,False
2019-08-30,5,majority_baseline,{},0,0.2598949326,0.4702065239,0.2698985435,0.0002008908374,0,1.476598174e-05,False
2019-09-03,5,majority_baseline,{},0,0.2598949326,0.4702065239,0.2698985435,0.0002008908374,0,1.469178082e-05,False
2019-09-04,5,majority_baseline,{},0,0.2598949326,0.4702065239,0.2698985435,0.0002008908374,0,1.461757991e-05,False
2019-09-05,5,majority_baseline,{},0,0.2598949326,0.4702065239,0.2698985435,0.0002008908374,0,1.461757991e-05,False
2019-09-06,5,majority_baseline,{},0,0.2598949326,0.4702065239,0.2698985435,0.0002008908374,0,1.4543379e-05,False
2019-09-09,5,majority_baseline,{},0,0.2598949326,0.4702065239,0.2698985435,0.0002008908374,0,1.4543379e-05,False
2019-09-10,5,majority_baseline,{},0,0.2598949326,0.4702065239,0.2698985435,0.0002008908374,0,1.446917808e-05,False
2019-09-11,5,majority_baseline,{},0,0.2598949326,0.4702065239,0.2698985435,0.0002008908374,0,1.4543379e-05,False
2019-09-12,5,majority_baseline,{},0,0.2598949326,0.4702065239,0.2698985435,0.0002008908374,0,1.446917808e-05,False
2019-09-13,5,majority_baseline,{},0,0.2598949326,0.4702065239,0.2698985435,0.0002008908374,0,1.4543379e-05,False
2019-09-16,5,majority_baseline,{},0,0.2598949326,0.4702065239,0.2698985435,0.0002008908374,0,1.476598174e-05,False
2019-09-17,5,majority_baseline,{},0,0.2598949326,0.4702065239,0.2698985435,0.0002008908374,0,1.476598174e-05,False
2019-09-18,5,majority_baseline,{},0,0.2598949326,0.4702065239,0.2698985435,0.0002008908374,0,1.446917808e-05,False
2019-09-19,6,majority_baseline,{},0,0.2500238407,0.4933114141,0.2566647452,0.0001780742465,0,1.432077626e-05,False
2019-09-20,6,majority_baseline,{},0,0.2500238407,0.4933114141,0.2566647452,0.0001780742465,0,1.417237443e-05,False
2019-09-23,6,majority_baseline,{},0,0.2500238407,0.4933114141,0.2566647452,0.0001780742465,0,1.439497717e-05,False
2019-09-24,6,majority_baseline,{},0,0.2500238407,0.4933114141,0.2566647452,0.0001780742465,0,1.424657534e-05,False
2019-09-25,6,majority_baseline,{},0,0.2500238407,0.4933114141,0.2566647452,0.0001780742465,0,1.40239726e-05,False
2019-09-26,6,majority_baseline,{},0,0.2500238407,0.4933114141,0.2566647452,0.0001780742465,0,1.357876712e-05,False
2019-09-27,6,majority_baseline,{},0,0.2500238407,0.4933114141,0.2566647452,0.0001780742465,0,1.335616438e-05,False
2019-09-30,6,majority_baseline,{},0,0.2500238407,0.4933114141,0.2566647452,0.0001780742465,0,1.394977169e-05,False
2019-10-01,6,majority_baseline,{},0,0.2500238407,0.4933114141,0.2566647452,0.0001780742465,0,1.350456621e-05,False
2019-10-02,6,majority_baseline,{},0,0.2500238407,0.4933114141,0.2566647452,0.0001780742465,0,1.328196347e-05,False
2019-10-03,6,majority_baseline,{},0,0.2500238407,0.4933114141,0.2566647452,0.0001780742465,0,1.261415525e-05,False
2019-10-04,6,majority_baseline,{},0,0.2500238407,0.4933114141,0.2566647452,0.0001780742465,0,1.268835616e-05,False
2019-10-07,6,majority_baseline,{},0,0.2500238407,0.4933114141,0.2566647452,0.0001780742465,0,1.298515982e-05,False
2019-10-08,6,majority_baseline,{},0,0.2500238407,0.4933114141,0.2566647452,0.0001780742465,0,1.276255708e-05,False
2019-10-09,6,majority_baseline,{},0,0.2500238407,0.4933114141,0.2566647452,0.0001780742465,0,1.253995434e-05,False
2019-10-10,6,majority_baseline,{},0,0.2500238407,0.4933114141,0.2566647452,0.0001780742465,0,1.246575342e-05,False
2019-10-11,6,majority_baseline,{},0,0.2500238407,0.4933114141,0.2566647452,0.0001780742465,0,1.246575342e-05,False
2019-10-14,6,majority_baseline,{},0,0.2500238407,0.4933114141,0.2566647452,0.0001780742465,0,1.246575342e-05,False
2019-10-15,6,majority_baseline,{},0,0.2500238407,0.4933114141,0.2566647452,0.0001780742465,0,1.239155251e-05,False
2019-10-16,6,majority_baseline,{},0,0.2500238407,0.4933114141,0.2566647452,0.0001780742465,0,1.23173516e-05,False
2019-10-17,6,majority_baseline,{},0,0.2500238407,0.4933114141,0.2566647452,0.0001780742465,0,1.23173516e-05,False
2019-10-18,7,majority_baseline,{},0,0.2575885131,0.4858769043,0.2565345827,9.178037799e-05,0,1.23173516e-05,False
2019-10-21,7,majority_baseline,{},0,0.2575885131,0.4858769043,0.2565345827,9.178037799e-05,0,1.239155251e-05,False
2019-10-22,7,majority_baseline,{},0,0.2575885131,0.4858769043,0.2565345827,9.178037799e-05,0,1.224315068e-05,False
2019-10-23,7,majority_baseline,{},0,0.2575885131,0.4858769043,0.2565345827,9.178037799e-05,0,1.224315068e-05,False
2019-10-24,7,majority_baseline,{},0,0.2575885131,0.4858769043,0.2565345827,9.178037799e-05,0,1.239155251e-05,False
2019-10-25,7,majority_baseline,{},0,0.2575885131,0.4858769043,0.2565345827,9.178037799e-05,0,1.23173516e-05,False
2019-10-28,7,majority_baseline,{},0,0.2575885131,0.4858769043,0.2565345827,9.178037799e-05,0,1.224315068e-05,False
2019-10-29,7,majority_baseline,{},0,0.2575885131,0.4858769043,0.2565345827,9.178037799e-05,0,1.209474886e-05,False
2019-10-30,7,majority_baseline,{},0,0.2575885131,0.4858769043,0.2565345827,9.178037799e-05,0,1.202054795e-05,False
2019-10-31,7,majority_baseline,{},0,0.2575885131,0.4858769043,0.2565345827,9.178037799e-05,0,1.142694064e-05,False
2019-11-01,7,majority_baseline,{},0,0.2575885131,0.4858769043,0.2565345827,9.178037799e-05,0,1.127853881e-05,False
2019-11-04,7,majority_baseline,{},0,0.2575885131,0.4858769043,0.2565345827,9.178037799e-05,0,1.135273973e-05,False
2019-11-05,7,majority_baseline,{},0,0.2575885131,0.4858769043,0.2565345827,9.178037799e-05,0,1.157534247e-05,False
2019-11-06,7,majority_baseline,{},0,0.2575885131,0.4858769043,0.2565345827,9.178037799e-05,0,1.157534247e-05,False
2019-11-07,7,majority_baseline,{},0,0.2575885131,0.4858769043,0.2565345827,9.178037799e-05,0,1.157534247e-05,False
2019-11-08,7,majority_baseline,{},0,0.2575885131,0.4858769043,0.2565345827,9.178037799e-05,0,1.150114155e-05,False
2019-11-11,7,majority_baseline,{},0,0.2575885131,0.4858769043,0.2565345827,9.178037799e-05,0,1.150114155e-05,False
2019-11-12,7,majority_baseline,{},0,0.2575885131,0.4858769043,0.2565345827,9.178037799e-05,0,1.179794521e-05,False
2019-11-13,7,majority_baseline,{},0,0.2575885131,0.4858769043,0.2565345827,9.178037799e-05,0,1.164954338e-05,False
2019-11-14,7,majority_baseline,{},0,0.2575885131,0.4858769043,0.2565345827,9.178037799e-05,0,1.164954338e-05,False
2019-11-15,7,majority_baseline,{},0,0.2575885131,0.4858769043,0.2565345827,9.178037799e-05,0,1.164954338e-05,False
2019-11-18,8,majority_baseline,{},0,0.2473210145,0.496075636,0.2566033495,0.0001938564734,0,1.164954338e-05,False
2019-11-19,8,majority_baseline,{},0,0.2473210145,0.496075636,0.2566033495,0.0001938564734,0,1.164954338e-05,False
2019-11-20,8,majority_baseline,{},0,0.2473210145,0.496075636,0.2566033495,0.0001938564734,0,1.164954338e-05,False
2019-11-21,8,majority_baseline,{},0,0.2473210145,0.496075636,0.2566033495,0.0001938564734,0,1.172374429e-05,False
2019-11-22,8,majority_baseline,{},0,0.2473210145,0.496075636,0.2566033495,0.0001938564734,0,1.172374429e-05,False
2019-11-25,8,majority_baseline,{},0,0.2473210145,0.496075636,0.2566033495,0.0001938564734,0,1.194634703e-05,False
2019-11-26,8,majority_baseline,{},0,0.2473210145,0.496075636,0.2566033495,0.0001938564734,0,1.187214612e-05,False
2019-11-27,8,majority_baseline,{},0,0.2473210145,0.496075636,0.2566033495,0.0001938564734,0,6.47260274e-06,False
2019-11-29,8,majority_baseline,{},0,0.2473210145,0.496075636,0.2566033495,0.0001938564734,0,1.179794521e-05,False
2019-12-02,8,majority_baseline,{},0,0.2473210145,0.496075636,0.2566033495,0.0001938564734,0,1.187214612e-05,False
2019-12-03,8,majority_baseline,{},0,0.2473210145,0.496075636,0.2566033495,0.0001938564734,0,1.164954338e-05,False
2019-12-04,8,majority_baseline,{},0,0.2473210145,0.496075636,0.2566033495,0.0001938564734,0,1.150114155e-05,False
2019-12-05,8,majority_baseline,{},0,0.2473210145,0.496075636,0.2566033495,0.0001938564734,0,1.142694064e-05,False
2019-12-06,8,majority_baseline,{},0,0.2473210145,0.496075636,0.2566033495,0.0001938564734,0,1.135273973e-05,False
2019-12-09,8,majority_baseline,{},0,0.2473210145,0.496075636,0.2566033495,0.0001938564734,0,1.142694064e-05,False
2019-12-10,8,majority_baseline,{},0,0.2473210145,0.496075636,0.2566033495,0.0001938564734,0,1.157534247e-05,False
2019-12-11,8,majority_baseline,{},0,0.2473210145,0.496075636,0.2566033495,0.0001938564734,0,1.164954338e-05,False
2019-12-12,8,majority_baseline,{},0,0.2473210145,0.496075636,0.2566033495,0.0001938564734,0,1.157534247e-05,False
2019-12-13,8,majority_baseline,{},0,0.2473210145,0.496075636,0.2566033495,0.0001938564734,0,1.164954338e-05,False
2019-12-16,8,majority_baseline,{},0,0.2473210145,0.496075636,0.2566033495,0.0001938564734,0,1.164954338e-05,False
2019-12-17,8,majority_baseline,{},0,0.2473210145,0.496075636,0.2566033495,0.0001938564734,0,1.157534247e-05,False
2019-12-18,9,majority_baseline,{},0,0.2400649047,0.4999386309,0.2599964644,0.0002778066385,0,1.157534247e-05,False
2019-12-19,9,majority_baseline,{},0,0.2400649047,0.4999386309,0.2599964644,0.0002778066385,0,1.164954338e-05,False
2019-12-20,9,majority_baseline,{},0,0.2400649047,0.4999386309,0.2599964644,0.0002778066385,0,1.172374429e-05,False
2019-12-23,9,majority_baseline,{},0,0.2400649047,0.4999386309,0.2599964644,0.0002778066385,0,6.352739726e-06,False
2019-12-24,9,majority_baseline,{},0,0.2400649047,0.4999386309,0.2599964644,0.0002778066385,0,1.172374429e-05,False
2019-12-26,9,majority_baseline,{},0,0.2400649047,0.4999386309,0.2599964644,0.0002778066385,0,1.172374429e-05,False
2019-12-27,9,majority_baseline,{},0,0.2400649047,0.4999386309,0.2599964644,0.0002778066385,0,1.164954338e-05,False
2019-12-30,9,majority_baseline,{},0,0.2400649047,0.4999386309,0.2599964644,0.0002778066385,0,1.164954338e-05,False
2019-12-31,9,majority_baseline,{},0,0.2400649047,0.4999386309,0.2599964644,0.0002778066385,0,1.150114155e-05,False
2020-01-02,9,majority_baseline,{},0,0.2400649047,0.4999386309,0.2599964644,0.0002778066385,0,1.142694064e-05,False
2020-01-03,9,majority_baseline,{},0,0.2400649047,0.4999386309,0.2599964644,0.0002778066385,0,1.127853881e-05,False
2020-01-06,9,majority_baseline,{},0,0.2400649047,0.4999386309,0.2599964644,0.0002778066385,0,1.157534247e-05,False
2020-01-07,9,majority_baseline,{},0,0.2400649047,0.4999386309,0.2599964644,0.0002778066385,0,1.142694064e-05,False
2020-01-08,9,majority_baseline,{},0,0.2400649047,0.4999386309,0.2599964644,0.0002778066385,0,1.142694064e-05,False
2020-01-09,9,majority_baseline,{},0,0.2400649047,0.4999386309,0.2599964644,0.0002778066385,0,1.142694064e-05,False
2020-01-10,9,majority_baseline,{},0,0.2400649047,0.4999386309,0.2599964644,0.0002778066385,0,1.142694064e-05,False
2020-01-13,9,majority_baseline,{},0,0.2400649047,0.4999386309,0.2599964644,0.0002778066385,0,1.164954338e-05,False
2020-01-14,9,majority_baseline,{},0,0.2400649047,0.4999386309,0.2599964644,0.0002778066385,0,1.164954338e-05,False
2020-01-15,9,majority_baseline,{},0,0.2400649047,0.4999386309,0.2599964644,0.0002778066385,0,1.164954338e-05,False
2020-01-16,9,majority_baseline,{},0,0.2400649047,0.4999386309,0.2599964644,0.0002778066385,0,1.150114155e-05,False
2020-01-17,9,majority_baseline,{},0,0.2400649047,0.4999386309,0.2599964644,0.0002778066385,0,1.157534247e-05,False
2020-01-21,10,majority_baseline,{},0,0.2298857737,0.4999728388,0.2701413876,0.0004511844392,1,1.157534247e-05,False
2020-01-22,10,majority_baseline,{},0,0.2298857737,0.4999728388,0.2701413876,0.0004511844392,1,1.150114155e-05,False
2020-01-23,10,majority_baseline,{},0,0.2298857737,0.4999728388,0.2701413876,0.0004511844392,1,1.150114155e-05,False
2020-01-24,10,majority_baseline,{},0,0.2298857737,0.4999728388,0.2701413876,0.0004511844392,1,1.142694064e-05,False
2020-01-27,10,majority_baseline,{},0,0.2298857737,0.4999728388,0.2701413876,0.0004511844392,1,1.150114155e-05,False
2020-01-28,10,majority_baseline,{},0,0.2298857737,0.4999728388,0.2701413876,0.0004511844392,1,1.164954338e-05,False
2020-01-29,10,majority_baseline,{},0,0.2298857737,0.4999728388,0.2701413876,0.0004511844392,1,1.157534247e-05,False
2020-01-30,10,majority_baseline,{},0,0.2298857737,0.4999728388,0.2701413876,0.0004511844392,1,1.164954338e-05,False
2020-01-31,10,majority_baseline,{},0,0.2298857737,0.4999728388,0.2701413876,0.0004511844392,1,1.150114155e-05,False
2020-02-03,10,majority_baseline,{},0,0.2298857737,0.4999728388,0.2701413876,0.0004511844392,1,1.164954338e-05,False
2020-02-04,10,majority_baseline,{},0,0.2298857737,0.4999728388,0.2701413876,0.0004511844392,1,1.164954338e-05,False
2020-02-05,10,majority_baseline,{},0,0.2298857737,0.4999728388,0.2701413876,0.0004511844392,1,1.164954338e-05,False
2020-02-06,10,majority_baseline,{},0,0.2298857737,0.4999728388,0.2701413876,0.0004511844392,1,1.164954338e-05,False
2020-02-07,10,majority_baseline,{},0,0.2298857737,0.4999728388,0.2701413876,0.0004511844392,1,1.157534247e-05,False
2020-02-10,10,majority_baseline,{},0,0.2298857737,0.4999728388,0.2701413876,0.0004511844392,1,1.172374429e-05,False
2020-02-11,10,majority_baseline,{},0,0.2298857737,0.4999728388,0.2701413876,0.0004511844392,1,1.164954338e-05,False
2020-02-12,10,majority_baseline,{},0,0.2298857737,0.4999728388,0.2701413876,0.0004511844392,1,1.172374429e-05,False
2020-02-13,10,majority_baseline,{},0,0.2298857737,0.4999728388,0.2701413876,0.0004511844392,1,1.179794521e-05,False
2020-02-14,10,majority_baseline,{},0,0.2298857737,0.4999728388,0.2701413876,0.0004511844392,1,1.172374429e-05,False
2020-02-18,10,majority_baseline,{},0,0.2298857737,0.4999728388,0.2701413876,0.0004511844392,1,1.172374429e-05,False
2020-02-19,10,majority_baseline,{},0,0.2298857737,0.4999728388,0.2701413876,0.0004511844392,1,1.172374429e-05,False
2020-02-20,11,majority_baseline,{},0,0.2265539795,0.5136157215,0.259830299,0.0004096312996,0,1.172374429e-05,False
2020-02-21,11,majority_baseline,{},0,0.2265539795,0.5136157215,0.259830299,0.0004096312996,0,1.157534247e-05,False
2020-02-24,11,majority_baseline,{},0,0.2265539795,0.5136157215,0.259830299,0.0004096312996,0,1.135273973e-05,False
2020-02-25,11,majority_baseline,{},0,0.2265539795,0.5136157215,0.259830299,0.0004096312996,0,1.135273973e-05,False
2020-02-26,11,majority_baseline,{},0,0.2265539795,0.5136157215,0.259830299,0.0004096312996,0,1.135273973e-05,False
2020-02-27,11,majority_baseline,{},0,0.2265539795,0.5136157215,0.259830299,0.0004096312996,0,1.075913242e-05,False
2020-02-28,11,majority_baseline,{},0,0.2265539795,0.5136157215,0.259830299,0.0004096312996,1,9.423515982e-06,False
2020-03-02,11,majority_baseline,{},0,0.2265539795,0.5136157215,0.259830299,0.0004096312996,1,8.384703196e-06,False
2020-03-03,11,majority_baseline,{},0,0.2265539795,0.5136157215,0.259830299,0.0004096312996,1,7.049086758e-06,False
2020-03-04,11,majority_baseline,{},0,0.2265539795,0.5136157215,0.259830299,0.0004096312996,1,5.342465753e-06,False
2020-03-05,11,majority_baseline,{},0,0.2265539795,0.5136157215,0.259830299,0.0004096312996,1,4.600456621e-06,False
2020-03-06,11,majority_baseline,{},0,0.2265539795,0.5136157215,0.259830299,0.0004096312996,1,3.339041096e-06,False
2020-03-09,11,majority_baseline,{},0,0.2265539795,0.5136157215,0.259830299,0.0004096312996,1,2.448630137e-06,False
2020-03-10,11,majority_baseline,{},0,0.2265539795,0.5136157215,0.259830299,0.0004096312996,1,3.264840183e-06,False
2020-03-11,11,majority_baseline,{},0,0.2265539795,0.5136157215,0.259830299,0.0004096312996,1,3.116438356e-06,False
2020-03-12,11,majority_baseline,{},0,0.2265539795,0.5136157215,0.259830299,0.0004096312996,1,2.448630137e-06,False
2020-03-13,11,majority_baseline,{},0,0.2265539795,0.5136157215,0.259830299,0.0004096312996,1,2.077625571e-06,False
2020-03-16,11,majority_baseline,{},0,0.2265539795,0.5136157215,0.259830299,0.0004096312996,1,1.780821918e-06,False
2020-03-17,11,majority_baseline,{},0,0.2265539795,0.5136157215,0.259830299,0.0004096312996,1,1.409817352e-06,False
2020-03-18,11,majority_baseline,{},0,0.2265539795,0.5136157215,0.259830299,0.0004096312996,1,1.484018265e-07,False
2020-03-19,11,majority_baseline,{},0,0.2265539795,0.5136157215,0.259830299,0.0004096312996,1,2.96803653e-07,False
2020-03-20,12,majority_baseline,{},0,0.2136903748,0.5234772961,0.2628323292,0.0005172240766,1,3.710045662e-07,False
2020-03-23,12,majority_baseline,{},0,0.2136903748,0.5234772961,0.2628323292,0.0005172240766,1,1.484018265e-07,False
2020-03-24,12,majority_baseline,{},0,0.2136903748,0.5234772961,0.2628323292,0.0005172240766,1,7.420091324e-08,False
2020-03-25,12,majority_baseline,{},0,0.2136903748,0.5234772961,0.2628323292,0.0005172240766,1,0,False
2020-03-26,12,majority_baseline,{},0,0.2136903748,0.5234772961,0.2628323292,0.0005172240766,1,0,False
2020-03-27,12,majority_baseline,{},0,0.2136903748,0.5234772961,0.2628323292,0.0005172240766,1,2.226027397e-07,False
2020-03-30,12,majority_baseline,{},0,0.2136903748,0.5234772961,0.2628323292,0.0005172240766,1,8.904109589e-07,False
2020-03-31,12,majority_baseline,{},0,0.2136903748,0.5234772961,0.2628323292,0.0005172240766,1,8.162100457e-07,False
2020-04-01,12,majority_baseline,{},0,0.2136903748,0.5234772961,0.2628323292,0.0005172240766,1,6.678082192e-07,False
2020-04-02,12,majority_baseline,{},0,0.2136903748,0.5234772961,0.2628323292,0.0005172240766,1,6.678082192e-07,False
2020-04-03,12,majority_baseline,{},0,0.2136903748,0.5234772961,0.2628323292,0.0005172240766,1,7.420091324e-07,False
2020-04-06,12,majority_baseline,{},0,0.2136903748,0.5234772961,0.2628323292,0.0005172240766,1,1.113013699e-06,False
2020-04-07,12,majority_baseline,{},0,0.2136903748,0.5234772961,0.2628323292,0.0005172240766,1,1.038812785e-06,False
2020-04-08,12,majority_baseline,{},0,0.2136903748,0.5234772961,0.2628323292,0.0005172240766,1,1.632420091e-06,False
2020-04-09,12,majority_baseline,{},0,0.2136903748,0.5234772961,0.2628323292,0.0005172240766,1,1.855022831e-06,False
2020-04-13,12,majority_baseline,{},0,0.2136903748,0.5234772961,0.2628323292,0.0005172240766,1,1.929223744e-06,False
2020-04-14,12,majority_baseline,{},0,0.2136903748,0.5234772961,0.2628323292,0.0005172240766,1,1.484018265e-06,False
2020-04-15,12,majority_baseline,{},0,0.2136903748,0.5234772961,0.2628323292,0.0005172240766,1,1.038812785e-06,False
2020-04-16,12,majority_baseline,{},0,0.2136903748,0.5234772961,0.2628323292,0.0005172240766,1,1.038812785e-06,False
2020-04-17,12,majority_baseline,{},0,0.2136903748,0.5234772961,0.2628323292,0.0005172240766,1,8.904109589e-07,False
2020-04-20,12,majority_baseline,{},0,0.2136903748,0.5234772961,0.2628323292,0.0005172240766,1,8.904109589e-07,False
2020-04-21,13,majority_baseline,{},0,0.2200413548,0.5232656961,0.2566929491,0.0005053891443,1,8.162100457e-07,False
2020-04-22,13,majority_baseline,{},0,0.2200413548,0.5232656961,0.2566929491,0.0005053891443,1,8.904109589e-07,False
2020-04-23,13,majority_baseline,{},0,0.2200413548,0.5232656961,0.2566929491,0.0005053891443,1,8.162100457e-07,False
2020-04-24,13,majority_baseline,{},0,0.2200413548,0.5232656961,0.2566929491,0.0005053891443,1,8.904109589e-07,False
2020-04-27,13,majority_baseline,{},0,0.2200413548,0.5232656961,0.2566929491,0.0005053891443,1,8.904109589e-07,False
2020-04-28,13,majority_baseline,{},0,0.2200413548,0.5232656961,0.2566929491,0.0005053891443,1,8.162100457e-07,False
2020-04-29,13,majority_baseline,{},0,0.2200413548,0.5232656961,0.2566929491,0.0005053891443,1,7.420091324e-07,False
2020-04-30,13,majority_baseline,{},0,0.2200413548,0.5232656961,0.2566929491,0.0005053891443,1,6.678082192e-07,False
2020-05-01,13,majority_baseline,{},0,0.2200413548,0.5232656961,0.2566929491,0.0005053891443,1,8.904109589e-07,False
2020-05-04,13,majority_baseline,{},0,0.2200413548,0.5232656961,0.2566929491,0.0005053891443,1,9.646118721e-07,False
2020-05-05,13,majority_baseline,{},0,0.2200413548,0.5232656961,0.2566929491,0.0005053891443,1,9.646118721e-07,False
2020-05-06,13,majority_baseline,{},0,0.2200413548,0.5232656961,0.2566929491,0.0005053891443,1,8.904109589e-07,False
2020-05-07,13,majority_baseline,{},0,0.2200413548,0.5232656961,0.2566929491,0.0005053891443,1,8.162100457e-07,False
2020-05-08,13,majority_baseline,{},0,0.2200413548,0.5232656961,0.2566929491,0.0005053891443,1,8.904109589e-07,False
2020-05-11,13,majority_baseline,{},0,0.2200413548,0.5232656961,0.2566929491,0.0005053891443,1,8.904109589e-07,False
2020-05-12,13,majority_baseline,{},0,0.2200413548,0.5232656961,0.2566929491,0.0005053891443,1,9.646118721e-07,False
2020-05-13,13,majority_baseline,{},0,0.2200413548,0.5232656961,0.2566929491,0.0005053891443,1,9.646118721e-07,False
2020-05-14,13,majority_baseline,{},0,0.2200413548,0.5232656961,0.2566929491,0.0005053891443,1,8.904109589e-07,False
2020-05-15,13,majority_baseline,{},0,0.2200413548,0.5232656961,0.2566929491,0.0005053891443,1,8.904109589e-07,False
2020-05-18,13,majority_baseline,{},0,0.2200413548,0.5232656961,0.2566929491,0.0005053891443,1,9.646118721e-07,False
2020-05-19,13,majority_baseline,{},0,0.2200413548,0.5232656961,0.2566929491,0.0005053891443,1,9.646118721e-07,False
2020-05-20,14,majority_baseline,{},0,0.2231485734,0.5268907988,0.2499606278,0.0004251317644,1,8.904109589e-07,False
2020-05-21,14,majority_baseline,{},0,0.2231485734,0.5268907988,0.2499606278,0.0004251317644,1,8.904109589e-07,False
2020-05-22,14,majority_baseline,{},0,0.2231485734,0.5268907988,0.2499606278,0.0004251317644,1,8.904109589e-07,False
2020-05-26,14,majority_baseline,{},0,0.2231485734,0.5268907988,0.2499606278,0.0004251317644,1,1.038812785e-06,False
2020-05-27,14,majority_baseline,{},0,0.2231485734,0.5268907988,0.2499606278,0.0004251317644,1,1.113013699e-06,False
2020-05-28,14,majority_baseline,{},0,0.2231485734,0.5268907988,0.2499606278,0.0004251317644,1,1.113013699e-06,False
2020-05-29,14,majority_baseline,{},0,0.2231485734,0.5268907988,0.2499606278,0.0004251317644,1,1.038812785e-06,False
2020-06-01,14,majority_baseline,{},0,0.2231485734,0.5268907988,0.2499606278,0.0004251317644,1,1.038812785e-06,False
2020-06-02,14,majority_baseline,{},0,0.2231485734,0.5268907988,0.2499606278,0.0004251317644,1,1.113013699e-06,False
2020-06-03,14,majority_baseline,{},0,0.2231485734,0.5268907988,0.2499606278,0.0004251317644,1,1.187214612e-06,False
2020-06-04,14,majority_baseline,{},0,0.2231485734,0.5268907988,0.2499606278,0.0004251317644,1,1.113013699e-06,False
2020-06-05,14,majority_baseline,{},0,0.2231485734,0.5268907988,0.2499606278,0.0004251317644,1,1.113013699e-06,False
2020-06-08,14,majority_baseline,{},0,0.2231485734,0.5268907988,0.2499606278,0.0004251317644,1,1.261415525e-06,False
2020-06-09,14,majority_baseline,{},0,0.2231485734,0.5268907988,0.2499606278,0.0004251317644,1,1.409817352e-06,False
2020-06-10,14,majority_baseline,{},0,0.2231485734,0.5268907988,0.2499606278,0.0004251317644,1,1.261415525e-06,False
2020-06-11,14,majority_baseline,{},0,0.2231485734,0.5268907988,0.2499606278,0.0004251317644,1,1.261415525e-06,False
2020-06-12,14,majority_baseline,{},0,0.2231485734,0.5268907988,0.2499606278,0.0004251317644,1,1.187214612e-06,False
2020-06-15,14,majority_baseline,{},0,0.2231485734,0.5268907988,0.2499606278,0.0004251317644,1,1.335616438e-06,False
2020-06-16,14,majority_baseline,{},0,0.2231485734,0.5268907988,0.2499606278,0.0004251317644,1,1.261415525e-06,False
2020-06-17,14,majority_baseline,{},0,0.2231485734,0.5268907988,0.2499606278,0.0004251317644,1,1.261415525e-06,False
2020-06-18,14,majority_baseline,{},0,0.2231485734,0.5268907988,0.2499606278,0.0004251317644,1,1.187214612e-06,False
2020-06-19,15,majority_baseline,{},0,0.230240083,0.5160020359,0.2537578812,0.0003710062266,0,1.113013699e-06,False
2020-06-22,15,majority_baseline,{},0,0.230240083,0.5160020359,0.2537578812,0.0003710062266,0,1.187214612e-06,False
2020-06-23,15,majority_baseline,{},0,0.230240083,0.5160020359,0.2537578812,0.0003710062266,0,1.187214612e-06,False
2020-06-24,15,majority_baseline,{},0,0.230240083,0.5160020359,0.2537578812,0.0003710062266,0,1.113013699e-06,False
2020-06-25,15,majority_baseline,{},0,0.230240083,0.5160020359,0.2537578812,0.0003710062266,0,1.187214612e-06,False
2020-06-26,15,majority_baseline,{},0,0.230240083,0.5160020359,0.2537578812,0.0003710062266,0,1.038812785e-06,False
2020-06-29,15,majority_baseline,{},0,0.230240083,0.5160020359,0.2537578812,0.0003710062266,0,1.038812785e-06,False
2020-06-30,15,majority_baseline,{},0,0.230240083,0.5160020359,0.2537578812,0.0003710062266,0,1.187214612e-06,False
2020-07-01,15,majority_baseline,{},0,0.230240083,0.5160020359,0.2537578812,0.0003710062266,0,1.038812785e-06,False
2020-07-02,15,majority_baseline,{},0,0.230240083,0.5160020359,0.2537578812,0.0003710062266,0,1.038812785e-06,False
2020-07-06,15,majority_baseline,{},0,0.230240083,0.5160020359,0.2537578812,0.0003710062266,0,1.113013699e-06,False
2020-07-07,15,majority_baseline,{},0,0.230240083,0.5160020359,0.2537578812,0.0003710062266,0,1.113013699e-06,False
2020-07-08,15,majority_baseline,{},0,0.230240083,0.5160020359,0.2537578812,0.0003710062266,0,1.113013699e-06,False
2020-07-09,15,majority_baseline,{},0,0.230240083,0.5160020359,0.2537578812,0.0003710062266,0,9.646118721e-07,False
2020-07-10,15,majority_baseline,{},0,0.230240083,0.5160020359,0.2537578812,0.0003710062266,0,9.646118721e-07,False
2020-07-13,15,majority_baseline,{},0,0.230240083,0.5160020359,0.2537578812,0.0003710062266,0,1.038812785e-06,False
2020-07-14,15,majority_baseline,{},0,0.230240083,0.5160020359,0.2537578812,0.0003710062266,0,1.113013699e-06,False
2020-07-15,15,majority_baseline,{},0,0.230240083,0.5160020359,0.2537578812,0.0003710062266,0,1.187214612e-06,False
2020-07-16,15,majority_baseline,{},0,0.230240083,0.5160020359,0.2537578812,0.0003710062266,0,8.162100457e-07,False
2020-07-17,15,majority_baseline,{},0,0.230240083,0.5160020359,0.2537578812,0.0003710062266,0,8.162100457e-07,False
2020-07-20,15,majority_baseline,{},0,0.230240083,0.5160020359,0.2537578812,0.0003710062266,0,9.646118721e-07,False
2020-07-21,16,majority_baseline,{},0,0.2234225527,0.5232646052,0.2533128421,0.0004368953091,1,9.646118721e-07,False
2020-07-22,16,majority_baseline,{},0,0.2234225527,0.5232646052,0.2533128421,0.0004368953091,1,9.646118721e-07,False
2020-07-23,16,majority_baseline,{},0,0.2234225527,0.5232646052,0.2533128421,0.0004368953091,1,8.904109589e-07,False
2020-07-24,16,majority_baseline,{},0,0.2234225527,0.5232646052,0.2533128421,0.0004368953091,1,8.162100457e-07,False
2020-07-27,16,majority_baseline,{},0,0.2234225527,0.5232646052,0.2533128421,0.0004368953091,1,8.162100457e-07,False
2020-07-28,16,majority_baseline,{},0,0.2234225527,0.5232646052,0.2533128421,0.0004368953091,1,8.162100457e-07,False
2020-07-29,16,majority_baseline,{},0,0.2234225527,0.5232646052,0.2533128421,0.0004368953091,1,8.162100457e-07,False
2020-07-30,16,majority_baseline,{},0,0.2234225527,0.5232646052,0.2533128421,0.0004368953091,1,6.678082192e-07,False
2020-07-31,16,majority_baseline,{},0,0.2234225527,0.5232646052,0.2533128421,0.0004368953091,1,6.678082192e-07,False
2020-08-03,16,majority_baseline,{},0,0.2234225527,0.5232646052,0.2533128421,0.0004368953091,1,7.420091324e-07,False
2020-08-04,16,majority_baseline,{},0,0.2234225527,0.5232646052,0.2533128421,0.0004368953091,1,6.678082192e-07,False
2020-08-05,16,majority_baseline,{},0,0.2234225527,0.5232646052,0.2533128421,0.0004368953091,1,7.420091324e-07,False
2020-08-06,16,majority_baseline,{},0,0.2234225527,0.5232646052,0.2533128421,0.0004368953091,1,7.420091324e-07,False
2020-08-07,16,majority_baseline,{},0,0.2234225527,0.5232646052,0.2533128421,0.0004368953091,1,7.420091324e-07,False
2020-08-10,16,majority_baseline,{},0,0.2234225527,0.5232646052,0.2533128421,0.0004368953091,1,8.162100457e-07,False
2020-08-11,16,majority_baseline,{},0,0.2234225527,0.5232646052,0.2533128421,0.0004368953091,1,8.162100457e-07,False
2020-08-12,16,majority_baseline,{},0,0.2234225527,0.5232646052,0.2533128421,0.0004368953091,1,8.162100457e-07,False
2020-08-13,16,majority_baseline,{},0,0.2234225527,0.5232646052,0.2533128421,0.0004368953091,1,7.420091324e-07,False
2020-08-14,16,majority_baseline,{},0,0.2234225527,0.5232646052,0.2533128421,0.0004368953091,1,7.420091324e-07,False
2020-08-17,16,majority_baseline,{},0,0.2234225527,0.5232646052,0.2533128421,0.0004368953091,1,7.420091324e-07,False
2020-08-18,16,majority_baseline,{},0,0.2234225527,0.5232646052,0.2533128421,0.0004368953091,1,6.678082192e-07,False
2020-08-19,17,majority_baseline,{},0,0.2267363897,0.519681019,0.2535825912,0.0004285958946,1,8.162100457e-07,False
2020-08-20,17,majority_baseline,{},0,0.2267363897,0.519681019,0.2535825912,0.0004285958946,1,8.162100457e-07,False
2020-08-21,17,majority_baseline,{},0,0.2267363897,0.519681019,0.2535825912,0.0004285958946,1,7.420091324e-07,False
2020-08-24,17,majority_baseline,{},0,0.2267363897,0.519681019,0.2535825912,0.0004285958946,1,8.904109589e-07,False
2020-08-25,17,majority_baseline,{},0,0.2267363897,0.519681019,0.2535825912,0.0004285958946,1,8.162100457e-07,False
2020-08-26,17,majority_baseline,{},0,0.2267363897,0.519681019,0.2535825912,0.0004285958946,1,8.162100457e-07,False
2020-08-27,17,majority_baseline,{},0,0.2267363897,0.519681019,0.2535825912,0.0004285958946,1,8.162100457e-07,False
2020-08-28,17,majority_baseline,{},0,0.2267363897,0.519681019,0.2535825912,0.0004285958946,1,7.420091324e-07,False
2020-08-31,17,majority_baseline,{},0,0.2267363897,0.519681019,0.2535825912,0.0004285958946,1,8.162100457e-07,False
2020-09-01,17,majority_baseline,{},0,0.2267363897,0.519681019,0.2535825912,0.0004285958946,1,8.904109589e-07,False
2020-09-02,17,majority_baseline,{},0,0.2267363897,0.519681019,0.2535825912,0.0004285958946,1,8.904109589e-07,False
2020-09-03,17,majority_baseline,{},0,0.2267363897,0.519681019,0.2535825912,0.0004285958946,1,8.162100457e-07,False
2020-09-04,17,majority_baseline,{},0,0.2267363897,0.519681019,0.2535825912,0.0004285958946,1,8.162100457e-07,False
2020-09-08,17,majority_baseline,{},0,0.2267363897,0.519681019,0.2535825912,0.0004285958946,1,9.646118721e-07,False
2020-09-09,17,majority_baseline,{},0,0.2267363897,0.519681019,0.2535825912,0.0004285958946,1,8.904109589e-07,False
2020-09-10,17,majority_baseline,{},0,0.2267363897,0.519681019,0.2535825912,0.0004285958946,1,8.904109589e-07,False
2020-09-11,17,majority_baseline,{},0,0.2267363897,0.519681019,0.2535825912,0.0004285958946,1,8.162100457e-07,False
2020-09-14,17,majority_baseline,{},0,0.2267363897,0.519681019,0.2535825912,0.0004285958946,1,8.162100457e-07,False
2020-09-15,17,majority_baseline,{},0,0.2267363897,0.519681019,0.2535825912,0.0004285958946,1,8.162100457e-07,False
2020-09-16,17,majority_baseline,{},0,0.2267363897,0.519681019,0.2535825912,0.0004285958946,1,8.904109589e-07,False
2020-09-17,17,majority_baseline,{},0,0.2267363897,0.519681019,0.2535825912,0.0004285958946,1,6.678082192e-07,False
2020-09-18,18,majority_baseline,{},0,0.2401350786,0.5032559314,0.2566089901,0.0002929907827,0,7.420091324e-07,False
2020-09-21,18,majority_baseline,{},0,0.2401350786,0.5032559314,0.2566089901,0.0002929907827,0,7.420091324e-07,False
2020-09-22,18,majority_baseline,{},0,0.2401350786,0.5032559314,0.2566089901,0.0002929907827,0,7.420091324e-07,False
2020-09-23,18,majority_baseline,{},0,0.2401350786,0.5032559314,0.2566089901,0.0002929907827,0,8.162100457e-07,False
2020-09-24,18,majority_baseline,{},0,0.2401350786,0.5032559314,0.2566089901,0.0002929907827,0,7.420091324e-07,False
2020-09-25,18,majority_baseline,{},0,0.2401350786,0.5032559314,0.2566089901,0.0002929907827,0,7.420091324e-07,False
2020-09-28,18,majority_baseline,{},0,0.2401350786,0.5032559314,0.2566089901,0.0002929907827,0,8.162100457e-07,False
2020-09-29,18,majority_baseline,{},0,0.2401350786,0.5032559314,0.2566089901,0.0002929907827,0,6.678082192e-07,False
2020-09-30,18,majority_baseline,{},0,0.2401350786,0.5032559314,0.2566089901,0.0002929907827,0,7.420091324e-07,False
2020-10-01,18,majority_baseline,{},0,0.2401350786,0.5032559314,0.2566089901,0.0002929907827,0,6.678082192e-07,False
2020-10-02,18,majority_baseline,{},0,0.2401350786,0.5032559314,0.2566089901,0.0002929907827,0,6.678082192e-07,False
2020-10-05,18,majority_baseline,{},0,0.2401350786,0.5032559314,0.2566089901,0.0002929907827,0,7.420091324e-07,False
2020-10-06,18,majority_baseline,{},0,0.2401350786,0.5032559314,0.2566089901,0.0002929907827,0,7.420091324e-07,False
2020-10-07,18,majority_baseline,{},0,0.2401350786,0.5032559314,0.2566089901,0.0002929907827,0,7.420091324e-07,False
2020-10-08,18,majority_baseline,{},0,0.2401350786,0.5032559314,0.2566089901,0.0002929907827,0,6.678082192e-07,False
2020-10-09,18,majority_baseline,{},0,0.2401350786,0.5032559314,0.2566089901,0.0002929907827,0,7.420091324e-07,False
2020-10-12,18,majority_baseline,{},0,0.2401350786,0.5032559314,0.2566089901,0.0002929907827,0,7.420091324e-07,False
2020-10-13,18,majority_baseline,{},0,0.2401350786,0.5032559314,0.2566089901,0.0002929907827,0,8.162100457e-07,False
2020-10-14,18,majority_baseline,{},0,0.2401350786,0.5032559314,0.2566089901,0.0002929907827,0,8.904109589e-07,False
2020-10-15,18,majority_baseline,{},0,0.2401350786,0.5032559314,0.2566089901,0.0002929907827,0,8.162100457e-07,False
2020-10-16,18,majority_baseline,{},0,0.2401350786,0.5032559314,0.2566089901,0.0002929907827,0,8.162100457e-07,False
2020-10-19,19,majority_baseline,{},0,0.2269502003,0.526326083,0.2467237167,0.0003517052809,0,8.162100457e-07,False
2020-10-20,19,majority_baseline,{},0,0.2269502003,0.526326083,0.2467237167,0.0003517052809,0,7.420091324e-07,False
2020-10-21,19,majority_baseline,{},0,0.2269502003,0.526326083,0.2467237167,0.0003517052809,0,7.420091324e-07,False
2020-10-22,19,majority_baseline,{},0,0.2269502003,0.526326083,0.2467237167,0.0003517052809,0,6.678082192e-07,False
2020-10-23,19,majority_baseline,{},0,0.2269502003,0.526326083,0.2467237167,0.0003517052809,0,7.420091324e-07,False
2020-10-26,19,majority_baseline,{},0,0.2269502003,0.526326083,0.2467237167,0.0003517052809,0,8.162100457e-07,False
2020-10-27,19,majority_baseline,{},0,0.2269502003,0.526326083,0.2467237167,0.0003517052809,0,7.420091324e-07,False
2020-10-28,19,majority_baseline,{},0,0.2269502003,0.526326083,0.2467237167,0.0003517052809,0,7.420091324e-07,False
2020-10-29,19,majority_baseline,{},0,0.2269502003,0.526326083,0.2467237167,0.0003517052809,0,6.678082192e-07,False
2020-10-30,19,majority_baseline,{},0,0.2269502003,0.526326083,0.2467237167,0.0003517052809,0,6.678082192e-07,False
2020-11-02,19,majority_baseline,{},0,0.2269502003,0.526326083,0.2467237167,0.0003517052809,0,6.678082192e-07,False
2020-11-03,19,majority_baseline,{},0,0.2269502003,0.526326083,0.2467237167,0.0003517052809,0,7.420091324e-07,False
2020-11-04,19,majority_baseline,{},0,0.2269502003,0.526326083,0.2467237167,0.0003517052809,0,7.420091324e-07,False
2020-11-05,19,majority_baseline,{},0,0.2269502003,0.526326083,0.2467237167,0.0003517052809,0,7.420091324e-07,False
2020-11-06,19,majority_baseline,{},0,0.2269502003,0.526326083,0.2467237167,0.0003517052809,0,7.420091324e-07,False
2020-11-09,19,majority_baseline,{},0,0.2269502003,0.526326083,0.2467237167,0.0003517052809,0,8.162100457e-07,False
2020-11-10,19,majority_baseline,{},0,0.2269502003,0.526326083,0.2467237167,0.0003517052809,0,7.420091324e-07,False
2020-11-11,19,majority_baseline,{},0,0.2269502003,0.526326083,0.2467237167,0.0003517052809,0,7.420091324e-07,False
2020-11-12,19,majority_baseline,{},0,0.2269502003,0.526326083,0.2467237167,0.0003517052809,0,7.420091324e-07,False
2020-11-13,19,majority_baseline,{},0,0.2269502003,0.526326083,0.2467237167,0.0003517052809,0,6.678082192e-07,False
2020-11-16,19,majority_baseline,{},0,0.2269502003,0.526326083,0.2467237167,0.0003517052809,0,6.678082192e-07,False
2020-11-17,20,majority_baseline,{},0,0.2269274298,0.5195660447,0.2535065255,0.000384783679,0,6.678082192e-07,False
2020-11-18,20,majority_baseline,{},0,0.2269274298,0.5195660447,0.2535065255,0.000384783679,0,6.678082192e-07,False
2020-11-19,20,majority_baseline,{},0,0.2269274298,0.5195660447,0.2535065255,0.000384783679,0,5.194063927e-07,False
2020-11-20,20,majority_baseline,{},0,0.2269274298,0.5195660447,0.2535065255,0.000384783679,0,5.194063927e-07,False
2020-11-23,20,majority_baseline,{},0,0.2269274298,0.5195660447,0.2535065255,0.000384783679,0,5.936073059e-07,False
2020-11-24,20,majority_baseline,{},0,0.2269274298,0.5195660447,0.2535065255,0.000384783679,0,6.678082192e-07,False
2020-11-25,20,majority_baseline,{},0,0.2269274298,0.5195660447,0.2535065255,0.000384783679,0,3.595890411e-07,False
2020-11-27,20,majority_baseline,{},0,0.2269274298,0.5195660447,0.2535065255,0.000384783679,0,6.678082192e-07,False
2020-11-30,20,majority_baseline,{},0,0.2269274298,0.5195660447,0.2535065255,0.000384783679,0,5.936073059e-07,False
2020-12-01,20,majority_baseline,{},0,0.2269274298,0.5195660447,0.2535065255,0.000384783679,0,6.678082192e-07,False
2020-12-02,20,majority_baseline,{},0,0.2269274298,0.5195660447,0.2535065255,0.000384783679,0,6.678082192e-07,False
2020-12-03,20,majority_baseline,{},0,0.2269274298,0.5195660447,0.2535065255,0.000384783679,0,5.936073059e-07,False
2020-12-04,20,majority_baseline,{},0,0.2269274298,0.5195660447,0.2535065255,0.000384783679,0,6.678082192e-07,False
2020-12-07,20,majority_baseline,{},0,0.2269274298,0.5195660447,0.2535065255,0.000384783679,0,5.936073059e-07,False
2020-12-08,20,majority_baseline,{},0,0.2269274298,0.5195660447,0.2535065255,0.000384783679,0,6.678082192e-07,False
2020-12-09,20,majority_baseline,{},0,0.2269274298,0.5195660447,0.2535065255,0.000384783679,0,5.936073059e-07,False
2020-12-10,20,majority_baseline,{},0,0.2269274298,0.5195660447,0.2535065255,0.000384783679,0,5.936073059e-07,False
2020-12-11,20,majority_baseline,{},0,0.2269274298,0.5195660447,0.2535065255,0.000384783679,0,5.936073059e-07,False
2020-12-14,20,majority_baseline,{},0,0.2269274298,0.5195660447,0.2535065255,0.000384783679,0,6.678082192e-07,False
2020-12-15,20,majority_baseline,{},0,0.2269274298,0.5195660447,0.2535065255,0.000384783679,0,5.936073059e-07,False
2020-12-16,20,majority_baseline,{},0,0.2269274298,0.5195660447,0.2535065255,0.000384783679,0,6.678082192e-07,False
2020-12-17,21,majority_baseline,{},0,0.2269294349,0.5163575321,0.2567130329,0.0004110640211,1,5.936073059e-07,False
2020-12-18,21,majority_baseline,{},0,0.2269294349,0.5163575321,0.2567130329,0.0004110640211,1,5.936073059e-07,False
2020-12-21,21,majority_baseline,{},0,0.2269294349,0.5163575321,0.2567130329,0.0004110640211,1,6.678082192e-07,False
2020-12-22,21,majority_baseline,{},0,0.2269294349,0.5163575321,0.2567130329,0.0004110640211,1,6.678082192e-07,False
2020-12-23,21,majority_baseline,{},0,0.2269294349,0.5163575321,0.2567130329,0.0004110640211,1,3.595890411e-07,False
2020-12-24,21,majority_baseline,{},0,0.2269294349,0.5163575321,0.2567130329,0.0004110640211,1,6.678082192e-07,False
2020-12-28,21,majority_baseline,{},0,0.2269294349,0.5163575321,0.2567130329,0.0004110640211,1,8.162100457e-07,False
2020-12-29,21,majority_baseline,{},0,0.2269294349,0.5163575321,0.2567130329,0.0004110640211,1,7.420091324e-07,False
2020-12-30,21,majority_baseline,{},0,0.2269294349,0.5163575321,0.2567130329,0.0004110640211,1,5.936073059e-07,False
2020-12-31,21,majority_baseline,{},0,0.2269294349,0.5163575321,0.2567130329,0.0004110640211,1,6.678082192e-07,False
2021-01-04,21,majority_baseline,{},0,0.2269294349,0.5163575321,0.2567130329,0.0004110640211,1,6.678082192e-07,False
2021-01-05,21,majority_baseline,{},0,0.2269294349,0.5163575321,0.2567130329,0.0004110640211,1,6.678082192e-07,False
2021-01-06,21,majority_baseline,{},0,0.2269294349,0.5163575321,0.2567130329,0.0004110640211,1,6.678082192e-07,False
2021-01-07,21,majority_baseline,{},0,0.2269294349,0.5163575321,0.2567130329,0.0004110640211,1,6.678082192e-07,False
2021-01-08,21,majority_baseline,{},0,0.2269294349,0.5163575321,0.2567130329,0.0004110640211,1,5.936073059e-07,False
2021-01-11,21,majority_baseline,{},0,0.2269294349,0.5163575321,0.2567130329,0.0004110640211,1,5.936073059e-07,False
2021-01-12,21,majority_baseline,{},0,0.2269294349,0.5163575321,0.2567130329,0.0004110640211,1,6.678082192e-07,False
2021-01-13,21,majority_baseline,{},0,0.2269294349,0.5163575321,0.2567130329,0.0004110640211,1,6.678082192e-07,False
2021-01-14,21,majority_baseline,{},0,0.2269294349,0.5163575321,0.2567130329,0.0004110640211,1,6.678082192e-07,False
2021-01-15,21,majority_baseline,{},0,0.2269294349,0.5163575321,0.2567130329,0.0004110640211,1,6.678082192e-07,False
2021-01-19,21,majority_baseline,{},0,0.2269294349,0.5163575321,0.2567130329,0.0004110640211,1,6.678082192e-07,False
2021-01-20,22,majority_baseline,{},0,0.2399286854,0.4967452207,0.2633260939,0.0003445268667,0,5.936073059e-07,False
2021-01-21,22,majority_baseline,{},0,0.2399286854,0.4967452207,0.2633260939,0.0003445268667,0,6.678082192e-07,False
2021-01-22,22,majority_baseline,{},0,0.2399286854,0.4967452207,0.2633260939,0.0003445268667,0,5.936073059e-07,False
2021-01-25,22,majority_baseline,{},0,0.2399286854,0.4967452207,0.2633260939,0.0003445268667,0,6.678082192e-07,False
2021-01-26,22,majority_baseline,{},0,0.2399286854,0.4967452207,0.2633260939,0.0003445268667,0,5.194063927e-07,False
2021-01-27,22,majority_baseline,{},0,0.2399286854,0.4967452207,0.2633260939,0.0003445268667,0,5.936073059e-07,False
2021-01-28,22,majority_baseline,{},0,0.2399286854,0.4967452207,0.2633260939,0.0003445268667,0,5.194063927e-07,False
2021-01-29,22,majority_baseline,{},0,0.2399286854,0.4967452207,0.2633260939,0.0003445268667,0,4.452054795e-07,False
2021-02-01,22,majority_baseline,{},0,0.2399286854,0.4967452207,0.2633260939,0.0003445268667,0,5.194063927e-07,False
2021-02-02,22,majority_baseline,{},0,0.2399286854,0.4967452207,0.2633260939,0.0003445268667,0,5.194063927e-07,False
2021-02-03,22,majority_baseline,{},0,0.2399286854,0.4967452207,0.2633260939,0.0003445268667,0,2.96803653e-07,False
2021-02-04,22,majority_baseline,{},0,0.2399286854,0.4967452207,0.2633260939,0.0003445268667,0,2.96803653e-07,False
2021-02-05,22,majority_baseline,{},0,0.2399286854,0.4967452207,0.2633260939,0.0003445268667,0,2.226027397e-07,False
2021-02-08,22,majority_baseline,{},0,0.2399286854,0.4967452207,0.2633260939,0.0003445268667,0,3.710045662e-07,False
2021-02-09,22,majority_baseline,{},0,0.2399286854,0.4967452207,0.2633260939,0.0003445268667,0,2.96803653e-07,False
2021-02-10,22,majority_baseline,{},0,0.2399286854,0.4967452207,0.2633260939,0.0003445268667,0,3.710045662e-07,False
2021-02-11,22,majority_baseline,{},0,0.2399286854,0.4967452207,0.2633260939,0.0003445268667,0,3.710045662e-07,False
2021-02-12,22,majority_baseline,{},0,0.2399286854,0.4967452207,0.2633260939,0.0003445268667,0,2.96803653e-07,False
2021-02-16,22,majority_baseline,{},0,0.2399286854,0.4967452207,0.2633260939,0.0003445268667,0,2.96803653e-07,False
2021-02-17,22,majority_baseline,{},0,0.2399286854,0.4967452207,0.2633260939,0.0003445268667,0,2.96803653e-07,False
2021-02-18,22,majority_baseline,{},0,0.2399286854,0.4967452207,0.2633260939,0.0003445268667,0,2.226027397e-07,False
2021-02-19,23,majority_baseline,{},0,0.2400176214,0.5165592651,0.2434231135,0.0001943209282,0,2.96803653e-07,False
2021-02-22,23,majority_baseline,{},0,0.2400176214,0.5165592651,0.2434231135,0.0001943209282,0,2.226027397e-07,False
2021-02-23,23,majority_baseline,{},0,0.2400176214,0.5165592651,0.2434231135,0.0001943209282,0,2.96803653e-07,False
2021-02-24,23,majority_baseline,{},0,0.2400176214,0.5165592651,0.2434231135,0.0001943209282,0,2.226027397e-07,False
2021-02-25,23,majority_baseline,{},0,0.2400176214,0.5165592651,0.2434231135,0.0001943209282,0,2.96803653e-07,False
2021-02-26,23,majority_baseline,{},0,0.2400176214,0.5165592651,0.2434231135,0.0001943209282,0,2.96803653e-07,False
2021-03-01,23,majority_baseline,{},0,0.2400176214,0.5165592651,0.2434231135,0.0001943209282,0,3.710045662e-07,False
2021-03-02,23,majority_baseline,{},0,0.2400176214,0.5165592651,0.2434231135,0.0001943209282,0,2.96803653e-07,False
2021-03-03,23,majority_baseline,{},0,0.2400176214,0.5165592651,0.2434231135,0.0001943209282,0,3.710045662e-07,False
2021-03-04,23,majority_baseline,{},0,0.2400176214,0.5165592651,0.2434231135,0.0001943209282,0,2.96803653e-07,False
2021-03-05,23,majority_baseline,{},0,0.2400176214,0.5165592651,0.2434231135,0.0001943209282,0,2.96803653e-07,False
2021-03-08,23,majority_baseline,{},0,0.2400176214,0.5165592651,0.2434231135,0.0001943209282,0,3.710045662e-07,False
2021-03-09,23,majority_baseline,{},0,0.2400176214,0.5165592651,0.2434231135,0.0001943209282,0,3.710045662e-07,False
2021-03-10,23,majority_baseline,{},0,0.2400176214,0.5165592651,0.2434231135,0.0001943209282,0,2.96803653e-07,False
2021-03-11,23,majority_baseline,{},0,0.2400176214,0.5165592651,0.2434231135,0.0001943209282,0,2.96803653e-07,False
2021-03-12,23,majority_baseline,{},0,0.2400176214,0.5165592651,0.2434231135,0.0001943209282,0,2.96803653e-07,False
2021-03-15,23,majority_baseline,{},0,0.2400176214,0.5165592651,0.2434231135,0.0001943209282,0,2.96803653e-07,False
2021-03-16,23,majority_baseline,{},0,0.2400176214,0.5165592651,0.2434231135,0.0001943209282,0,1.484018265e-07,False
2021-03-17,23,majority_baseline,{},0,0.2400176214,0.5165592651,0.2434231135,0.0001943209282,0,1.484018265e-07,False
2021-03-18,23,majority_baseline,{},0,0.2400176214,0.5165592651,0.2434231135,0.0001943209282,0,7.420091324e-08,False
2021-03-19,23,majority_baseline,{},0,0.2400176214,0.5165592651,0.2434231135,0.0001943209282,0,7.420091324e-08,False
2021-03-22,24,random_forest,"{'max_depth': 3, 'min_samples_leaf': 50}",0,0.2463212056,0.6055299954,0.148148799,-0.0005562786684,-1,2.226027397e-07,False
2021-03-23,24,random_forest,"{'max_depth': 3, 'min_samples_leaf': 50}",0,0.2605062695,0.5176931676,0.2218005629,-0.0001642526661,0,7.420091324e-08,False
2021-03-24,24,random_forest,"{'max_depth': 3, 'min_samples_leaf': 50}",0,0.2811632479,0.46373485,0.2551019021,-0.0001222030099,0,1.484018265e-07,False
2021-03-25,24,random_forest,"{'max_depth': 3, 'min_samples_leaf': 50}",0,0.2737590099,0.4944471067,0.2317938834,-0.0002185921899,0,1.484018265e-07,False
2021-03-26,24,random_forest,"{'max_depth': 3, 'min_samples_leaf': 50}",0,0.2399880173,0.5572757619,0.2027362208,-0.0001058117436,0,1.484018265e-07,False
2021-03-29,24,random_forest,"{'max_depth': 3, 'min_samples_leaf': 50}",0,0.2575310005,0.5202284714,0.222240528,-0.0001328639603,0,2.226027397e-07,False
2021-03-30,24,random_forest,"{'max_depth': 3, 'min_samples_leaf': 50}",0,0.2587372202,0.5129353491,0.2283274307,-0.0001007870569,0,1.484018265e-07,False
2021-03-31,24,random_forest,"{'max_depth': 3, 'min_samples_leaf': 50}",0,0.259113801,0.506930002,0.233956197,-6.411094756e-05,0,2.226027397e-07,False
2021-04-01,24,random_forest,"{'max_depth': 3, 'min_samples_leaf': 50}",0,0.1958183464,0.6817961438,0.1223855098,-0.0002611142565,0,1.484018265e-07,False
2021-04-05,24,random_forest,"{'max_depth': 3, 'min_samples_leaf': 50}",0,0.2171983871,0.6467842354,0.1360173775,-0.0003665827679,0,2.226027397e-07,False
2021-04-06,24,random_forest,"{'max_depth': 3, 'min_samples_leaf': 50}",0,0.2546055991,0.5349214182,0.2104729828,-0.0001892433777,0,1.484018265e-07,False
2021-04-07,24,random_forest,"{'max_depth': 3, 'min_samples_leaf': 50}",0,0.2172892492,0.6356329915,0.1470777593,-0.0002883535187,0,1.484018265e-07,False
2021-04-08,24,random_forest,"{'max_depth': 3, 'min_samples_leaf': 50}",0,0.2167070787,0.6404361423,0.142856779,-0.0003130111352,0,7.420091324e-08,False
2021-04-09,24,random_forest,"{'max_depth': 3, 'min_samples_leaf': 50}",0,0.2326555452,0.6056824417,0.1616620131,-0.0003299265062,0,1.484018265e-07,False
2021-04-12,24,random_forest,"{'max_depth': 3, 'min_samples_leaf': 50}",0,0.2461819792,0.5486750262,0.2051429946,-0.0001473969309,0,1.484018265e-07,False
2021-04-13,24,random_forest,"{'max_depth': 3, 'min_samples_leaf': 50}",0,0.2331373525,0.5965234726,0.1703391749,-0.0002724504628,0,2.226027397e-07,False
2021-04-14,24,random_forest,"{'max_depth': 3, 'min_samples_leaf': 50}",0,0.2563005528,0.5366750765,0.2070243706,-0.0002299933233,0,1.484018265e-07,False
2021-04-15,24,random_forest,"{'max_depth': 3, 'min_samples_leaf': 50}",0,0.2437081587,0.5440449662,0.2122468751,-7.31151609e-05,0,1.484018265e-07,False
2021-04-16,24,random_forest,"{'max_depth': 3, 'min_samples_leaf': 50}",0,0.2628211679,0.4700832024,0.2670956297,0.0001376740713,0,1.484018265e-07,False
2021-04-19,24,random_forest,"{'max_depth': 3, 'min_samples_leaf': 50}",0,0.272198471,0.4651290916,0.2626724374,1.703076774e-05,0,1.484018265e-07,False
2021-04-20,24,random_forest,"{'max_depth': 3, 'min_samples_leaf': 50}",0,0.2642538552,0.476080937,0.2596652078,7.094012727e-05,0,2.226027397e-07,False
2021-04-21,25,random_forest,"{'max_depth': 3, 'min_samples_leaf': 50}",0,0.2501677986,0.5049371967,0.2448950047,0.0001309998238,0,2.226027397e-07,False
2021-04-22,25,random_forest,"{'max_depth': 3, 'min_samples_leaf': 50}",0,0.2703532262,0.3945865544,0.3350602194,0.0005848352682,1,2.226027397e-07,False
2021-04-23,25,random_forest,"{'max_depth': 3, 'min_samples_leaf': 50}",0,0.248397995,0.5163408477,0.2352611574,7.884865766e-05,0,2.226027397e-07,False
2021-04-26,25,random_forest,"{'max_depth': 3, 'min_samples_leaf': 50}",0,0.2522180799,0.5235615647,0.2242203555,-3.624316152e-05,0,2.226027397e-07,False
2021-04-27,25,random_forest,"{'max_depth': 3, 'min_samples_leaf': 50}",0,0.2621039634,0.488316762,0.2495792746,5.158390134e-05,0,7.420091324e-08,False
2021-04-28,25,random_forest,"{'max_depth': 3, 'min_samples_leaf': 50}",0,0.2587549271,0.497583675,0.2436613978,4.094547825e-05,0,7.420091324e-08,False
2021-04-29,25,random_forest,"{'max_depth': 3, 'min_samples_leaf': 50}",0,0.263114823,0.4569188474,0.2799663296,0.0002593240281,0,7.420091324e-08,False
2021-04-30,25,random_forest,"{'max_depth': 3, 'min_samples_leaf': 50}",0,0.2849650259,0.3892551733,0.3257798008,0.0003802446307,0,7.420091324e-08,False
2021-05-03,25,random_forest,"{'max_depth': 3, 'min_samples_leaf': 50}",0,0.2594435651,0.4906188683,0.2499375666,7.931297482e-05,0,2.96803653e-07,False
2021-05-04,25,random_forest,"{'max_depth': 3, 'min_samples_leaf': 50}",0,0.2835940124,0.4031165537,0.3132894339,0.0003038935598,0,1.484018265e-07,False
2021-05-05,25,random_forest,"{'max_depth': 3, 'min_samples_leaf': 50}",0,0.2635686277,0.4759347262,0.2604966462,0.0001158003145,0,1.484018265e-07,False
2021-05-06,25,random_forest,"{'max_depth': 3, 'min_samples_leaf': 50}",0,0.250114884,0.5113081793,0.2385769367,8.631887568e-05,0,1.484018265e-07,False
2021-05-07,25,random_forest,"{'max_depth': 3, 'min_samples_leaf': 50}",0,0.252051466,0.5082510927,0.2396974413,7.601207896e-05,0,1.484018265e-07,False
2021-05-10,25,random_forest,"{'max_depth': 3, 'min_samples_leaf': 50}",0,0.2691121946,0.4248062307,0.3060815747,0.0003893442919,0,1.484018265e-07,False
2021-05-11,25,random_forest,"{'max_depth': 3, 'min_samples_leaf': 50}",0,0.3164295748,0.3213659501,0.3622044751,0.0003430745433,0,7.420091324e-08,False
2021-05-12,25,random_forest,"{'max_depth': 3, 'min_samples_leaf': 50}",0,0.3138506258,0.313589804,0.3725595702,0.0004415218507,1,1.484018265e-07,False
2021-05-13,25,random_forest,"{'max_depth': 3, 'min_samples_leaf': 50}",0,0.309669463,0.3350877449,0.3552427921,0.000357239829,0,1.484018265e-07,False
2021-05-14,25,random_forest,"{'max_depth': 3, 'min_samples_leaf': 50}",0,0.254654785,0.5014913168,0.2438538982,8.110865537e-05,0,7.420091324e-08,False
2021-05-17,25,random_forest,"{'max_depth': 3, 'min_samples_leaf': 50}",0,0.2576202847,0.4917856532,0.2505940621,0.000101255569,0,1.484018265e-07,False
2021-05-18,25,random_forest,"{'max_depth': 3, 'min_samples_leaf': 50}",0,0.2752898791,0.4382632182,0.2864469027,0.0001904938898,0,1.484018265e-07,False
2021-05-19,25,random_forest,"{'max_depth': 3, 'min_samples_leaf': 50}",0,0.3105860024,0.3416568921,0.3477571055,0.0002950382016,0,7.420091324e-08,False
2021-05-20,26,random_forest,"{'max_depth': 3, 'min_samples_leaf': 50}",0,0.2593998912,0.4778794476,0.2627206612,0.0001726524232,0,7.420091324e-08,False
2021-05-21,26,random_forest,"{'max_depth': 3, 'min_samples_leaf': 50}",0,0.2660960572,0.4370094415,0.2968945013,0.0003546872368,0,7.420091324e-08,False
2021-05-24,26,random_forest,"{'max_depth': 3, 'min_samples_leaf': 50}",0,0.2466607295,0.5419999959,0.2113392746,-7.579167217e-05,0,1.484018265e-07,False
2021-05-25,26,random_forest,"{'max_depth': 3, 'min_samples_leaf': 50}",0,0.2427479871,0.5132794891,0.2439725238,0.0001954657485,0,1.484018265e-07,False
2021-05-26,26,random_forest,"{'max_depth': 3, 'min_samples_leaf': 50}",0,0.2433094919,0.5892298502,0.1674606579,-0.0003591148024,0,1.484018265e-07,False
2021-05-27,26,random_forest,"{'max_depth': 3, 'min_samples_leaf': 50}",0,0.2515641183,0.5716926193,0.1767432624,-0.0003705038632,0,1.484018265e-07,False
2021-05-28,26,random_forest,"{'max_depth': 3, 'min_samples_leaf': 50}",0,0.2446879446,0.5345257897,0.2207862657,1.067561728e-05,0,7.420091324e-08,False
2021-06-01,26,random_forest,"{'max_depth': 3, 'min_samples_leaf': 50}",0,0.2491751245,0.5170257822,0.2337990933,6.167793006e-05,0,1.484018265e-07,False
2021-06-02,26,random_forest,"{'max_depth': 3, 'min_samples_leaf': 50}",0,0.2449416026,0.560542155,0.1945162424,-0.0001803126149,0,1.484018265e-07,False
2021-06-03,26,random_forest,"{'max_depth': 3, 'min_samples_leaf': 50}",0,0.2492483748,0.5508428846,0.1999087407,-0.000182310731,0,1.484018265e-07,False
2021-06-04,26,random_forest,"{'max_depth': 3, 'min_samples_leaf': 50}",0,0.2241245516,0.6201099868,0.1557654616,-0.000261725025,0,1.484018265e-07,False
2021-06-07,26,random_forest,"{'max_depth': 3, 'min_samples_leaf': 50}",0,0.2351986728,0.5561332667,0.2086680605,1.337879852e-05,0,1.484018265e-07,False
2021-06-08,26,random_forest,"{'max_depth': 3, 'min_samples_leaf': 50}",0,0.2347593806,0.5057540782,0.2594865412,0.0003823532679,0,1.484018265e-07,False
2021-06-09,26,random_forest,"{'max_depth': 3, 'min_samples_leaf': 50}",0,0.2454196842,0.4916128128,0.262967503,0.0003065746112,0,2.226027397e-07,False
2021-06-10,26,random_forest,"{'max_depth': 3, 'min_samples_leaf': 50}",0,0.2370172421,0.5207069813,0.2422757766,0.0002374557086,0,2.226027397e-07,False
2021-06-11,26,random_forest,"{'max_depth': 3, 'min_samples_leaf': 50}",0,0.2383560926,0.5330581857,0.2285857218,0.0001265201546,0,2.226027397e-07,False
2021-06-14,26,random_forest,"{'max_depth': 3, 'min_samples_leaf': 50}",0,0.2383309641,0.5383158858,0.2233531501,8.919345272e-05,0,2.226027397e-07,False
2021-06-15,26,random_forest,"{'max_depth': 3, 'min_samples_leaf': 50}",0,0.2401069553,0.5233849565,0.2365080882,0.000166843909,0,2.226027397e-07,False
2021-06-16,26,random_forest,"{'max_depth': 3, 'min_samples_leaf': 50}",0,0.2623332888,0.4293892597,0.3082774515,0.000471972733,1,2.96803653e-07,False
2021-06-17,26,random_forest,"{'max_depth': 3, 'min_samples_leaf': 50}",0,0.2665959817,0.4356368334,0.2977671849,0.0003562265491,0,2.96803653e-07,False
2021-06-18,26,random_forest,"{'max_depth': 3, 'min_samples_leaf': 50}",0,0.2841063097,0.2589466406,0.4569470498,0.001333447476,1,3.710045662e-07,False
2021-06-21,27,random_forest,"{'max_depth': 3, 'min_samples_leaf': 50}",0,0.2883595338,0.4443670548,0.2672734115,-7.850517761e-05,0,3.710045662e-07,False
2021-06-22,27,random_forest,"{'max_depth': 3, 'min_samples_leaf': 50}",0,0.2639985182,0.5029500331,0.2330514487,-9.507801416e-05,0,2.96803653e-07,False
2021-06-23,27,random_forest,"{'max_depth': 3, 'min_samples_leaf': 50}",0,0.2756343999,0.4940171948,0.2303484053,-0.000223743227,0,3.710045662e-07,False
2021-06-24,27,random_forest,"{'max_depth': 3, 'min_samples_leaf': 50}",0,0.2586160219,0.5298091822,0.211574796,-0.0001985133601,0,3.710045662e-07,False
2021-06-25,27,random_forest,"{'max_depth': 3, 'min_samples_leaf': 50}",0,0.2598451753,0.5244376594,0.2157171653,-0.0001803567543,0,4.452054795e-07,False
2021-06-28,27,random_forest,"{'max_depth': 3, 'min_samples_leaf': 50}",0,0.2574999013,0.5207665075,0.2217335912,-0.0001151920718,0,3.710045662e-07,False
2021-06-29,27,random_forest,"{'max_depth': 3, 'min_samples_leaf': 50}",0,0.2610977603,0.5248784236,0.2140238161,-0.0002042623821,0,2.96803653e-07,False
2021-06-30,27,random_forest,"{'max_depth': 3, 'min_samples_leaf': 50}",0,0.2431971517,0.5518103932,0.2049924551,-0.0001008945709,0,3.710045662e-07,False
2021-07-01,27,random_forest,"{'max_depth': 3, 'min_samples_leaf': 50}",0,0.234431437,0.5918248616,0.1737437014,-0.0002426207498,0,3.710045662e-07,False
2021-07-02,27,random_forest,"{'max_depth': 3, 'min_samples_leaf': 50}",0,0.2248290618,0.6053789273,0.1697920109,-0.000180768771,0,3.710045662e-07,False
2021-07-06,27,random_forest,"{'max_depth': 3, 'min_samples_leaf': 50}",0,0.2643135847,0.4390893433,0.2965970719,0.0003575856643,0,3.710045662e-07,False
2021-07-07,27,random_forest,"{'max_depth': 3, 'min_samples_leaf': 50}",0,0.2661376132,0.4486532161,0.2852091707,0.0002588029917,0,3.710045662e-07,False
2021-07-08,27,random_forest,"{'max_depth': 3, 'min_samples_leaf': 50}",0,0.3051828471,0.3680613672,0.3267557857,0.0001899792796,0,4.452054795e-07,False
2021-07-09,27,random_forest,"{'max_depth': 3, 'min_samples_leaf': 50}",0,0.2607824691,0.4964342594,0.2427832715,4.904435053e-06,0,4.452054795e-07,False
2021-07-12,27,random_forest,"{'max_depth': 3, 'min_samples_leaf': 50}",0,0.2678031723,0.4675946617,0.264602166,9.540759649e-05,0,3.710045662e-07,False
2021-07-13,27,random_forest,"{'max_depth': 3, 'min_samples_leaf': 50}",0,0.2621942317,0.5047140481,0.2330917201,-7.784338452e-05,0,3.710045662e-07,False
2021-07-14,27,random_forest,"{'max_depth': 3, 'min_samples_leaf': 50}",0,0.2618011974,0.4942774297,0.2439213729,3.496724191e-06,0,4.452054795e-07,False
2021-07-15,27,random_forest,"{'max_depth': 3, 'min_samples_leaf': 50}",0,0.2665746518,0.4698221237,0.2636032245,9.978345722e-05,0,3.710045662e-07,False
2021-07-16,27,random_forest,"{'max_depth': 3, 'min_samples_leaf': 50}",0,0.3100436074,0.3082198493,0.3817365433,0.0005385395631,1,3.710045662e-07,False
2021-07-19,27,random_forest,"{'max_depth': 3, 'min_samples_leaf': 50}",0,0.3279915541,0.2495990771,0.4224093688,0.0006615967841,1,3.710045662e-07,False
2021-07-20,27,random_forest,"{'max_depth': 3, 'min_samples_leaf': 50}",0,0.3452469394,0.3087912088,0.3459618517,-4.859553709e-05,0,3.710045662e-07,False
2021-07-21,28,random_forest,"{'max_depth': 3, 'min_samples_leaf': 50}",0,0.2665258458,0.4700887988,0.2633853554,0.0001169521959,0,3.710045662e-07,False
2021-07-22,28,random_forest,"{'max_depth': 3, 'min_samples_leaf': 50}",0,0.2631846828,0.4933057011,0.243509616,6.213535399e-06,0,3.710045662e-07,False
2021-07-23,28,random_forest,"{'max_depth': 3, 'min_samples_leaf': 50}",0,0.2588776967,0.5019833397,0.2391389637,1.524979157e-05,0,3.710045662e-07,False
2021-07-26,28,random_forest,"{'max_depth': 3, 'min_samples_leaf': 50}",0,0.257628087,0.5220380912,0.2203338218,-0.0001073902494,0,3.710045662e-07,False
2021-07-27,28,random_forest,"{'max_depth': 3, 'min_samples_leaf': 50}",0,0.2841487842,0.4052079104,0.3106433054,0.0002897914503,0,3.710045662e-07,False
2021-07-28,28,random_forest,"{'max_depth': 3, 'min_samples_leaf': 50}",0,0.2638130987,0.4771455973,0.2590413041,0.0001112781873,0,3.710045662e-07,False
2021-07-29,28,random_forest,"{'max_depth': 3, 'min_samples_leaf': 50}",0,0.2632603168,0.4967929949,0.2399466883,-1.994225093e-05,0,4.452054795e-07,False
2021-07-30,28,random_forest,"{'max_depth': 3, 'min_samples_leaf': 50}",0,0.2649246853,0.4775932047,0.2574821101,8.975210482e-05,0,4.452054795e-07,False
2021-08-02,28,random_forest,"{'max_depth': 3, 'min_samples_leaf': 50}",0,0.272256829,0.4304916711,0.2972515,0.0003052839557,0,3.710045662e-07,False
2021-08-03,28,random_forest,"{'max_depth': 3, 'min_samples_leaf': 50}",0,0.2570926199,0.4880769769,0.2548304032,0.0001440127715,0,3.710045662e-07,False
2021-08-04,28,random_forest,"{'max_depth': 3, 'min_samples_leaf': 50}",0,0.2676196629,0.4505353438,0.2818449933,0.0002385804958,0,3.710045662e-07,False
2021-08-05,28,random_forest,"{'max_depth': 3, 'min_samples_leaf': 50}",0,0.2592775099,0.5062381753,0.2344843148,-2.173370304e-05,0,3.710045662e-07,False
2021-08-06,28,random_forest,"{'max_depth': 3, 'min_samples_leaf': 50}",0,0.2562013907,0.5184072269,0.2253913824,-5.793130354e-05,0,4.452054795e-07,False
2021-08-09,28,random_forest,"{'max_depth': 3, 'min_samples_leaf': 50}",0,0.2588323224,0.5091769986,0.231990679,-3.538410463e-05,0,4.452054795e-07,False
2021-08-10,28,random_forest,"{'max_depth': 3, 'min_samples_leaf': 50}",0,0.2477152601,0.5408470473,0.2114376926,-7.828409093e-05,0,3.710045662e-07,False
2021-08-11,28,random_forest,"{'max_depth': 3, 'min_samples_leaf': 50}",0,0.2439780331,0.5491238466,0.2068981203,-7.577952841e-05,0,3.710045662e-07,False
2021-08-12,28,random_forest,"{'max_depth': 3, 'min_samples_leaf': 50}",0,0.2418587739,0.5503061883,0.2078350377,-4.928014421e-05,0,4.452054795e-07,False
2021-08-13,28,random_forest,"{'max_depth': 3, 'min_samples_leaf': 50}",0,0.2387559817,0.5686885446,0.1925554737,-0.0001294176394,0,4.452054795e-07,False
2021-08-16,28,random_forest,"{'max_depth': 3, 'min_samples_leaf': 50}",0,0.2402775062,0.5430615491,0.2166609447,2.853960334e-05,0,4.452054795e-07,False
2021-08-17,28,random_forest,"{'max_depth': 3, 'min_samples_leaf': 50}",0,0.2765449971,0.4183255479,0.3051294549,0.0003214751528,0,5.194063927e-07,False
2021-08-18,28,random_forest,"{'max_depth': 3, 'min_samples_leaf': 50}",0,0.3203254124,0.2493325087,0.4303420788,0.0008066443089,1,5.194063927e-07,False
2021-08-19,29,random_forest,"{'max_depth': 3, 'min_samples_leaf': 50}",0,0.3454336766,0.1895402386,0.4650260849,0.0008262559309,1,4.452054795e-07,False
2021-08-20,29,random_forest,"{'max_depth': 3, 'min_samples_leaf': 50}",0,0.2702605698,0.4407442919,0.2889951383,0.0002759230653,0,3.710045662e-07,False
2021-08-23,29,random_forest,"{'max_depth': 3, 'min_samples_leaf': 50}",0,0.2359856541,0.5386316138,0.225382732,0.0001432243385,0,3.710045662e-07,False
2021-08-24,29,random_forest,"{'max_depth': 3, 'min_samples_leaf': 50}",0,0.2420319105,0.5441525569,0.2138155326,4.804627249e-06,0,3.710045662e-07,False
2021-08-25,29,random_forest,"{'max_depth': 3, 'min_samples_leaf': 50}",0,0.2375462314,0.5551731959,0.2072805727,1.506724908e-07,0,4.452054795e-07,False
2021-08-26,29,random_forest,"{'max_depth': 3, 'min_samples_leaf': 50}",0,0.2654540337,0.4528594517,0.2816865146,0.0002687616484,0,3.710045662e-07,False
2021-08-27,29,random_forest,"{'max_depth': 3, 'min_samples_leaf': 50}",0,0.2428930537,0.5020938539,0.2550130924,0.000289343229,0,3.710045662e-07,False
2021-08-30,29,random_forest,"{'max_depth': 3, 'min_samples_leaf': 50}",0,0.2332403625,0.5442187862,0.2225408513,0.0001485964388,0,3.710045662e-07,False
2021-08-31,29,random_forest,"{'max_depth': 3, 'min_samples_leaf': 50}",0,0.2337387504,0.5569127211,0.2093485284,5.027552601e-05,0,2.96803653e-07,False
2021-09-01,29,random_forest,"{'max_depth': 3, 'min_samples_leaf': 50}",0,0.2159311005,0.6504207661,0.1336481333,-0.0003215392522,0,3.710045662e-07,False
2021-09-02,29,random_forest,"{'max_depth': 3, 'min_samples_leaf': 50}",0,0.2194482154,0.6421905867,0.1383611979,-0.0003208076936,0,3.710045662e-07,False
2021-09-03,29,random_forest,"{'max_depth': 3, 'min_samples_leaf': 50}",0,0.2307471686,0.566822917,0.2024299144,2.899018692e-05,0,3.710045662e-07,False
2021-09-07,29,random_forest,"{'max_depth': 3, 'min_samples_leaf': 50}",0,0.261219905,0.501859262,0.236920833,-9.719536508e-06,0,3.710045662e-07,False
2021-09-08,29,random_forest,"{'max_depth': 3, 'min_samples_leaf': 50}",0,0.2613974986,0.4837456191,0.2548568822,0.0001159957571,0,3.710045662e-07,False
2021-09-09,29,random_forest,"{'max_depth': 3, 'min_samples_leaf': 50}",0,0.2999417553,0.3394087734,0.3606494713,0.0005084876488,1,2.96803653e-07,False
2021-09-10,29,random_forest,"{'max_depth': 3, 'min_samples_leaf': 50}",0,0.3108457186,0.2781794462,0.4109748352,0.0007643671211,1,3.710045662e-07,False
2021-09-13,29,random_forest,"{'max_depth': 3, 'min_samples_leaf': 50}",0,0.3176481056,0.2637480005,0.4186038939,0.0007552267742,1,4.452054795e-07,False
2021-09-14,29,random_forest,"{'max_depth': 3, 'min_samples_leaf': 50}",0,0.3157024543,0.2534633704,0.4308341753,0.0008601870261,1,2.96803653e-07,False
2021-09-15,29,random_forest,"{'max_depth': 3, 'min_samples_leaf': 50}",0,0.2796899155,0.4101205488,0.3101895357,0.0003386619815,0,2.96803653e-07,False
2021-09-16,29,random_forest,"{'max_depth': 3, 'min_samples_leaf': 50}",0,0.2942934279,0.3647360759,0.3409704962,0.000421316644,1,2.96803653e-07,False
2021-09-17,29,random_forest,"{'max_depth': 3, 'min_samples_leaf': 50}",0,0.3264398026,0.2112713888,0.4622888086,0.0009836116128,1,2.96803653e-07,False
2021-09-20,30,random_forest,"{'max_depth': 3, 'min_samples_leaf': 50}",0,0.3428882613,0.2153136882,0.4417980505,0.0006720841614,1,2.96803653e-07,False
2021-09-21,30,random_forest,"{'max_depth': 3, 'min_samples_leaf': 50}",0,0.3233501451,0.2381193334,0.4385305214,0.0008302946268,1,2.226027397e-07,False
2021-09-22,30,random_forest,"{'max_depth': 3, 'min_samples_leaf': 50}",0,0.3133127259,0.3164243481,0.370262926,0.0004391825936,1,2.226027397e-07,False
2021-09-23,30,random_forest,"{'max_depth': 3, 'min_samples_leaf': 50}",0,0.2493437981,0.5010200247,0.2496361773,0.0001773251527,0,2.226027397e-07,False
2021-09-24,30,random_forest,"{'max_depth': 3, 'min_samples_leaf': 50}",0,0.2406628839,0.5349269097,0.2244102063,7.896206304e-05,0,2.226027397e-07,False
2021-09-27,30,random_forest,"{'max_depth': 3, 'min_samples_leaf': 50}",0,0.2650366019,0.4822651855,0.2526982126,5.335654256e-05,0,2.96803653e-07,False
2021-09-28,30,random_forest,"{'max_depth': 3, 'min_samples_leaf': 50}",0,0.3313780899,0.26348385,0.4051380601,0.0005188733691,1,2.96803653e-07,False
2021-09-29,30,random_forest,"{'max_depth': 3, 'min_samples_leaf': 50}",0,0.3125573093,0.313440472,0.3740022187,0.0004727228464,1,2.96803653e-07,False
2021-09-30,30,random_forest,"{'max_depth': 3, 'min_samples_leaf': 50}",0,0.3203405008,0.2847618651,0.3948976341,0.0005486988381,1,2.96803653e-07,False
2021-10-01,30,random_forest,"{'max_depth': 3, 'min_samples_leaf': 50}",0,0.2810908549,0.418912448,0.299996697,0.0002398511528,0,2.96803653e-07,False
2021-10-04,30,random_forest,"{'max_depth': 3, 'min_samples_leaf': 50}",0,0.2887020003,0.3718901341,0.3394078657,0.0004487774766,1,2.96803653e-07,False
2021-10-05,30,random_forest,"{'max_depth': 3, 'min_samples_leaf': 50}",0,0.2659330601,0.4779469533,0.2561199866,6.930837008e-05,0,2.96803653e-07,False
2021-10-06,30,random_forest,"{'max_depth': 3, 'min_samples_leaf': 50}",0,0.2593835491,0.4785215313,0.2620949195,0.0001725005654,0,2.96803653e-07,False
2021-10-07,30,random_forest,"{'max_depth': 3, 'min_samples_leaf': 50}",0,0.2423400963,0.5265492012,0.2311107025,0.0001109250785,0,3.710045662e-07,False
2021-10-08,30,random_forest,"{'max_depth': 3, 'min_samples_leaf': 50}",0,0.2437423983,0.5123200005,0.2439376012,0.0001889018089,0,3.710045662e-07,False
2021-10-11,30,random_forest,"{'max_depth': 3, 'min_samples_leaf': 50}",0,0.2528427972,0.497636405,0.2495207979,0.0001440221342,0,3.710045662e-07,False
2021-10-12,30,random_forest,"{'max_depth': 3, 'min_samples_leaf': 50}",0,0.2451065578,0.5165998638,0.2382935784,0.0001361976307,0,4.452054795e-07,False
2021-10-13,30,random_forest,"{'max_depth': 3, 'min_samples_leaf': 50}",0,0.2422292377,0.5374158368,0.2203549255,3.565145796e-05,0,3.710045662e-07,False
2021-10-14,30,random_forest,"{'max_depth': 3, 'min_samples_leaf': 50}",0,0.1967193347,0.6731524068,0.1301282585,-0.0001819165119,0,3.710045662e-07,False
2021-10-15,30,random_forest,"{'max_depth': 3, 'min_samples_leaf': 50}",0,0.1951414906,0.6800244016,0.1248341078,-0.0002048252656,0,3.710045662e-07,False
2021-10-18,30,random_forest,"{'max_depth': 3, 'min_samples_leaf': 50}",0,0.1889521013,0.6879459205,0.1231019783,-0.0001596512811,0,4.452054795e-07,False
2021-10-19,31,random_forest,"{'max_depth': 3, 'min_samples_leaf': 50}",0,0.1899782051,0.7008561444,0.1091656505,-0.0002684252693,0,3.710045662e-07,False
2021-10-20,31,random_forest,"{'max_depth': 3, 'min_samples_leaf': 50}",0,0.1820289313,0.7142364537,0.103734615,-0.0002330744198,0,3.710045662e-07,False
2021-10-21,31,random_forest,"{'max_depth': 3, 'min_samples_leaf': 50}",0,0.1827326604,0.7116699316,0.1055974079,-0.0002263751309,0,4.452054795e-07,False
2021-10-22,31,random_forest,"{'max_depth': 3, 'min_samples_leaf': 50}",0,0.2063926084,0.6289935436,0.164613848,-2.682950243e-05,0,4.452054795e-07,False
2021-10-25,31,random_forest,"{'max_depth': 3, 'min_samples_leaf': 50}",0,0.1862501729,0.7007787951,0.112971032,-0.0002066679088,0,4.452054795e-07,False
2021-10-26,31,random_forest,"{'max_depth': 3, 'min_samples_leaf': 50}",0,0.2091751649,0.611100346,0.179724489,5.474320665e-05,0,4.452054795e-07,False
2021-10-27,31,random_forest,"{'max_depth': 3, 'min_samples_leaf': 50}",0,0.2264976868,0.5405709476,0.2329313657,0.0002719476008,0,4.452054795e-07,False
2021-10-28,31,random_forest,"{'max_depth': 3, 'min_samples_leaf': 50}",0,0.2314222979,0.5395376522,0.2290400499,0.0001984436165,0,4.452054795e-07,False
2021-10-29,31,random_forest,"{'max_depth': 3, 'min_samples_leaf': 50}",0,0.2327992472,0.5261320803,0.2410686724,0.0002711775941,0,3.710045662e-07,False
2021-11-01,31,random_forest,"{'max_depth': 3, 'min_samples_leaf': 50}",0,0.2447115974,0.5004475547,0.2548408479,0.00025826852,0,3.710045662e-07,False
2021-11-02,31,random_forest,"{'max_depth': 3, 'min_samples_leaf': 50}",0,0.2525312656,0.4560437013,0.2914250331,0.000445686059,1,3.710045662e-07,False
2021-11-03,31,random_forest,"{'max_depth': 3, 'min_samples_leaf': 50}",0,0.248490659,0.487405453,0.264103888,0.000288979338,0,3.710045662e-07,False
2021-11-04,31,random_forest,"{'max_depth': 3, 'min_samples_leaf': 50}",0,0.2507288601,0.4916213006,0.2576498392,0.0002222490486,0,2.96803653e-07,False
2021-11-05,31,random_forest,"{'max_depth': 3, 'min_samples_leaf': 50}",0,0.2633281181,0.4224989457,0.3141729362,0.000506993577,1,3.710045662e-07,False
2021-11-08,31,random_forest,"{'max_depth': 3, 'min_samples_leaf': 50}",0,0.2830243367,0.4068024005,0.3101732629,0.000295253221,0,4.452054795e-07,False
2021-11-09,31,random_forest,"{'max_depth': 3, 'min_samples_leaf': 50}",0,0.2858308347,0.3515289708,0.3626401945,0.0006422823478,1,2.96803653e-07,False
2021-11-10,31,random_forest,"{'max_depth': 3, 'min_samples_leaf': 50}",0,0.2915009476,0.3207531678,0.3877458845,0.0007680683634,1,3.710045662e-07,False
2021-11-11,31,random_forest,"{'max_depth': 3, 'min_samples_leaf': 50}",0,0.2747459213,0.4363378607,0.288916218,0.0002211119666,0,3.710045662e-07,False
2021-11-12,31,random_forest,"{'max_depth': 3, 'min_samples_leaf': 50}",0,0.247272602,0.5249322528,0.2277951453,4.208564938e-05,0,3.710045662e-07,False
2021-11-15,31,random_forest,"{'max_depth': 3, 'min_samples_leaf': 50}",0,0.2584324274,0.4970588268,0.2445087458,5.709914507e-05,0,3.710045662e-07,False
2021-11-16,31,random_forest,"{'max_depth': 3, 'min_samples_leaf': 50}",0,0.2659160503,0.4526621111,0.2814218386,0.0002499831499,0,3.710045662e-07,False
2021-11-17,32,random_forest,"{'max_depth': 3, 'min_samples_leaf': 50}",0,0.3051186222,0.3862238499,0.3086575279,8.999154113e-05,0,3.710045662e-07,False
2021-11-18,32,random_forest,"{'max_depth': 3, 'min_samples_leaf': 50}",0,0.3021785015,0.3683394239,0.3294820746,0.0002647350533,0,3.710045662e-07,False
2021-11-19,32,random_forest,"{'max_depth': 3, 'min_samples_leaf': 50}",0,0.2963747508,0.3605094444,0.3431158047,0.0004149729682,1,3.710045662e-07,False
2021-11-22,32,random_forest,"{'max_depth': 3, 'min_samples_leaf': 50}",0,0.3118796606,0.2682999122,0.4198204271,0.0008153328615,1,3.710045662e-07,False
2021-11-23,32,random_forest,"{'max_depth': 3, 'min_samples_leaf': 50}",0,0.3112615775,0.3093071509,0.3794312716,0.0005348084408,1,4.452054795e-07,False
2021-11-24,32,random_forest,"{'max_depth': 3, 'min_samples_leaf': 50}",0,0.3067512874,0.3451257075,0.3481230051,0.0003545969095,0,2.397260274e-07,False
2021-11-26,32,random_forest,"{'max_depth': 3, 'min_samples_leaf': 50}",0,0.3123532048,0.1762121594,0.5114346359,0.001460220115,1,4.452054795e-07,False
2021-11-29,32,random_forest,"{'max_depth': 3, 'min_samples_leaf': 50}",0,0.3402749143,0.2485915931,0.4111334926,0.0004914451663,1,4.452054795e-07,False
2021-11-30,32,random_forest,"{'max_depth': 3, 'min_samples_leaf': 50}",0,0.3175359716,0.1553966231,0.5270674054,0.001523128202,1,3.710045662e-07,False
2021-12-01,32,random_forest,"{'max_depth': 3, 'min_samples_leaf': 50}",0,0.312031492,0.1699927733,0.5179757346,0.0015095484,1,4.452054795e-07,False
2021-12-02,32,random_forest,"{'max_depth': 3, 'min_samples_leaf': 50}",0,0.329772101,0.2144999375,0.4557279615,0.0009045105626,1,3.710045662e-07,False
2021-12-03,32,random_forest,"{'max_depth': 3, 'min_samples_leaf': 50}",0,0.2950829906,0.2168909642,0.4880260452,0.001453873032,1,4.452054795e-07,False
2021-12-06,32,random_forest,"{'max_depth': 3, 'min_samples_leaf': 50}",0,0.3091077449,0.3051746613,0.3857175938,0.0005992568365,1,3.710045662e-07,False
2021-12-07,32,random_forest,"{'max_depth': 3, 'min_samples_leaf': 50}",0,0.2219175418,0.5739728542,0.204109604,0.0001177067388,0,4.452054795e-07,False
2021-12-08,32,random_forest,"{'max_depth': 3, 'min_samples_leaf': 50}",0,0.212714186,0.6164612506,0.1708245634,-3.315802715e-05,0,5.194063927e-07,False
2021-12-09,32,random_forest,"{'max_depth': 3, 'min_samples_leaf': 50}",0,0.2435221101,0.5308780694,0.2255998204,7.041636374e-05,0,4.452054795e-07,False
2021-12-10,32,random_forest,"{'max_depth': 3, 'min_samples_leaf': 50}",0,0.2002225062,0.6699692902,0.1298082035,-0.0002084354315,0,4.452054795e-07,False
2021-12-13,32,random_forest,"{'max_depth': 3, 'min_samples_leaf': 50}",0,0.2313520914,0.5345212494,0.2341266592,0.0002432757336,0,3.710045662e-07,False
2021-12-14,32,random_forest,"{'max_depth': 3, 'min_samples_leaf': 50}",0,0.2488348419,0.5069304843,0.2442346738,0.0001533993036,0,3.710045662e-07,False
2021-12-15,32,random_forest,"{'max_depth': 3, 'min_samples_leaf': 50}",0,0.2202454543,0.5868694874,0.1928850583,5.360661166e-05,0,3.710045662e-07,False
2021-12-16,32,random_forest,"{'max_depth': 3, 'min_samples_leaf': 50}",0,0.2403473611,0.5286841807,0.2309684582,0.0001377927506,0,3.710045662e-07,False
2021-12-17,33,random_forest,"{'max_depth': 3, 'min_samples_leaf': 50}",0,0.2500241618,0.4609189141,0.2890569241,0.0004407718691,1,3.710045662e-07,False
2021-12-20,33,random_forest,"{'max_depth': 3, 'min_samples_leaf': 50}",0,0.2581137706,0.4613003606,0.2805858687,0.0003051835893,0,5.194063927e-07,False
2021-12-21,33,random_forest,"{'max_depth': 3, 'min_samples_leaf': 50}",0,0.2686706487,0.4948001235,0.2365292277,-0.0001069606431,0,5.194063927e-07,False
2021-12-22,33,random_forest,"{'max_depth': 3, 'min_samples_leaf': 50}",0,0.2213516149,0.5990021433,0.1796462418,-7.23974797e-05,0,5.936073059e-07,False
2021-12-23,33,random_forest,"{'max_depth': 3, 'min_samples_leaf': 50}",0,0.2100718612,0.6506134304,0.1393147084,-0.0002549601019,0,5.194063927e-07,False
2021-12-27,33,random_forest,"{'max_depth': 3, 'min_samples_leaf': 50}",0,0.2076565717,0.6406091506,0.1517342777,-0.000143989863,0,4.452054795e-07,False
2021-12-28,33,random_forest,"{'max_depth': 3, 'min_samples_leaf': 50}",0,0.1944015366,0.6685784048,0.1370200587,-0.0001256140477,0,4.452054795e-07,False
2021-12-29,33,random_forest,"{'max_depth': 3, 'min_samples_leaf': 50}",0,0.1835032613,0.7190352044,0.09746153426,-0.0003062144116,0,3.710045662e-07,False
2021-12-30,33,random_forest,"{'max_depth': 3, 'min_samples_leaf': 50}",0,0.233915272,0.5533210363,0.2127636917,4.681342246e-05,0,3.710045662e-07,False
2021-12-31,33,random_forest,"{'max_depth': 3, 'min_samples_leaf': 50}",0,0.2349696678,0.5542703138,0.2107600184,2.2729816e-05,0,4.452054795e-07,False
2022-01-03,33,random_forest,"{'max_depth': 3, 'min_samples_leaf': 50}",0,0.2175237947,0.607751797,0.1747244082,-7.18846289e-05,0,5.936073059e-07,False
2022-01-04,33,random_forest,"{'max_depth': 3, 'min_samples_leaf': 50}",0,0.2335406156,0.5796209819,0.1868384025,-0.0001344706296,0,5.936073059e-07,False
2022-01-05,33,random_forest,"{'max_depth': 3, 'min_samples_leaf': 50}",0,0.2875698213,0.3815508392,0.3308793395,0.0003897442481,0,6.678082192e-07,False
2022-01-06,33,random_forest,"{'max_depth': 3, 'min_samples_leaf': 50}",0,0.3040108609,0.3907903333,0.3051988058,5.385524675e-05,0,7.420091324e-07,False
2022-01-07,33,random_forest,"{'max_depth': 3, 'min_samples_leaf': 50}",0,0.3000130073,0.3960891337,0.303897859,8.175481881e-05,0,7.420091324e-07,False
2022-01-10,33,random_forest,"{'max_depth': 3, 'min_samples_leaf': 50}",0,0.3096263927,0.3660654101,0.3243081973,0.0001378342091,0,9.646118721e-07,False
2022-01-11,33,random_forest,"{'max_depth': 3, 'min_samples_leaf': 50}",0,0.2986288995,0.4165409437,0.2848301568,-4.127004168e-05,0,8.162100457e-07,False
2022-01-12,33,random_forest,"{'max_depth': 3, 'min_samples_leaf': 50}",0,0.2716856566,0.4925981745,0.2357161689,-0.0001407882488,0,8.904109589e-07,False
2022-01-13,33,random_forest,"{'max_depth': 3, 'min_samples_leaf': 50}",0,0.3197802395,0.2692022665,0.411017494,0.0006613960581,1,8.904109589e-07,False
2022-01-14,33,random_forest,"{'max_depth': 3, 'min_samples_leaf': 50}",0,0.2992972185,0.3689799065,0.331722875,0.0002867168408,0,9.646118721e-07,False
2022-01-18,33,random_forest,"{'max_depth': 3, 'min_samples_leaf': 50}",0,0.3510262697,0.1764278089,0.4725459214,0.00080938448,1,1.187214612e-06,False
2022-01-19,34,random_forest,"{'max_depth': 3, 'min_samples_leaf': 50}",0,0.3896392126,0.1364080628,0.4739527246,0.0004558459397,1,1.261415525e-06,False
2022-01-20,34,random_forest,"{'max_depth': 3, 'min_samples_leaf': 50}",0,0.4012947222,0.1367944293,0.4619108484,0.0002609116162,0,1.261415525e-06,False
2022-01-21,34,random_forest,"{'max_depth': 3, 'min_samples_leaf': 50}",0,0.3760063722,0.1464336507,0.4775599772,0.0006088679189,1,1.261415525e-06,False
2022-01-24,34,random_forest,"{'max_depth': 3, 'min_samples_leaf': 50}",0,0.400722808,0.145351105,0.453926087,0.00020910493,0,1.409817352e-06,False
2022-01-25,34,random_forest,"{'max_depth': 3, 'min_samples_leaf': 50}",0,0.3940486818,0.1377693498,0.4681819684,0.0003734030835,0,1.409817352e-06,False
2022-01-26,34,random_forest,"{'max_depth': 3, 'min_samples_leaf': 50}",0,0.3598825611,0.1734618665,0.4666555725,0.0006812798184,1,1.409817352e-06,False
2022-01-27,34,random_forest,"{'max_depth': 3, 'min_samples_leaf': 50}",0,0.3206897717,0.2098172085,0.4694930197,0.001067289821,1,1.484018265e-06,False
2022-01-28,34,random_forest,"{'max_depth': 3, 'min_samples_leaf': 50}",0,0.3396799215,0.2639878594,0.396332219,0.0003665175465,0,1.409817352e-06,False
2022-01-31,34,random_forest,"{'max_depth': 3, 'min_samples_leaf': 50}",0,0.2308701047,0.527455026,0.2416748693,0.0002750009107,0,1.632420091e-06,False
2022-02-01,34,random_forest,"{'max_depth': 3, 'min_samples_leaf': 50}",0,0.2141323344,0.5928031998,0.1930644657,8.32976148e-05,0,1.409817352e-06,False
2022-02-02,34,random_forest,"{'max_depth': 3, 'min_samples_leaf': 50}",0,0.2075565292,0.6078221104,0.1846213603,8.423244416e-05,0,1.409817352e-06,False
2022-02-03,34,random_forest,"{'max_depth': 3, 'min_samples_leaf': 50}",0,0.2498398983,0.4897244766,0.2604356251,0.0002322576361,0,1.484018265e-06,False
2022-02-04,34,random_forest,"{'max_depth': 3, 'min_samples_leaf': 50}",0,0.2460882468,0.5290098716,0.2249018816,1.296571729e-05,0,1.706621005e-06,False
2022-02-07,34,random_forest,"{'max_depth': 3, 'min_samples_leaf': 50}",0,0.2546066886,0.5458631473,0.1995301642,-0.0002480923234,0,2.003424658e-06,False
2022-02-08,34,random_forest,"{'max_depth': 3, 'min_samples_leaf': 50}",0,0.220153704,0.6261006538,0.1537456422,-0.0002542733468,0,1.855022831e-06,False
2022-02-09,34,random_forest,"{'max_depth': 3, 'min_samples_leaf': 50}",0,0.176131206,0.7242653097,0.09960348435,-0.0002309739041,0,1.929223744e-06,False
2022-02-10,34,random_forest,"{'max_depth': 3, 'min_samples_leaf': 50}",0,0.2639607619,0.5172160595,0.2188231786,-0.0001973032135,0,2.96803653e-06,False
2022-02-11,34,random_forest,"{'max_depth': 3, 'min_samples_leaf': 50}",0,0.2763331265,0.3935390055,0.330127868,0.0004838065369,1,2.671232877e-06,False
2022-02-14,34,random_forest,"{'max_depth': 3, 'min_samples_leaf': 50}",0,0.3362263801,0.3010418759,0.362731744,0.0001582794813,0,3.190639269e-06,False
2022-02-15,34,random_forest,"{'max_depth': 3, 'min_samples_leaf': 50}",0,0.3252052101,0.3516368621,0.3231579278,-2.209422331e-05,0,2.96803653e-06,False
2022-02-16,34,random_forest,"{'max_depth': 3, 'min_samples_leaf': 50}",0,0.2573735436,0.5139273519,0.2286991045,-6.516125654e-05,0,2.819634703e-06,False
2022-02-17,35,random_forest,"{'max_depth': 3, 'min_samples_leaf': 50}",0,0.2845605751,0.4146376634,0.3008017615,0.0001836472079,0,2.671232877e-06,False
2022-02-18,35,random_forest,"{'max_depth': 3, 'min_samples_leaf': 50}",0,0.281894578,0.4077923563,0.3103130657,0.0002776848857,0,2.597031963e-06,False
2022-02-22,35,random_forest,"{'max_depth': 3, 'min_samples_leaf': 50}",0,0.3347921197,0.2687873547,0.3964205256,0.0003990155017,0,2.74543379e-06,False
2022-02-23,35,random_forest,"{'max_depth': 3, 'min_samples_leaf': 50}",0,0.3298207277,0.2268112293,0.443368043,0.0007855898643,1,2.52283105e-06,False
2022-02-24,35,random_forest,"{'max_depth': 3, 'min_samples_leaf': 50}",0,0.3646452032,0.2013612728,0.433993524,0.0003877902676,0,2.374429224e-06,False
2022-02-25,35,random_forest,"{'max_depth': 3, 'min_samples_leaf': 50}",0,0.2502327371,0.5215638689,0.2282033939,-1.597985558e-05,0,2.448630137e-06,False
2022-02-28,35,random_forest,"{'max_depth': 3, 'min_samples_leaf': 50}",0,0.3291108262,0.2876132848,0.383275889,0.0003578097345,0,2.597031963e-06,False
2022-03-01,35,random_forest,"{'max_depth': 3, 'min_samples_leaf': 50}",0,0.3382468672,0.1882640765,0.4734890563,0.0009235348611,1,2.374429224e-06,False
2022-03-02,35,random_forest,"{'max_depth': 3, 'min_samples_leaf': 50}",0,0.3067326529,0.3753505673,0.3179167798,9.728605457e-05,0,2.52283105e-06,False
2022-03-03,35,random_forest,"{'max_depth': 3, 'min_samples_leaf': 50}",0,0.300288266,0.3436781471,0.3560335868,0.000433967206,1,2.819634703e-06,False
2022-03-04,35,random_forest,"{'max_depth': 3, 'min_samples_leaf': 50}",0,0.3099554414,0.3243538449,0.3656907137,0.0004121835312,1,2.52283105e-06,False
2022-03-07,35,random_forest,"{'max_depth': 3, 'min_samples_leaf': 50}",0,0.3491725811,0.1748151603,0.4760122586,0.0008382414286,1,2.819634703e-06,False
2022-03-08,35,random_forest,"{'max_depth': 3, 'min_samples_leaf': 50}",0,0.3510749684,0.2113096298,0.4376154018,0.0005425777461,1,2.671232877e-06,False
2022-03-09,35,random_forest,"{'max_depth': 3, 'min_samples_leaf': 50}",0,0.3060027977,0.3688291455,0.3251680568,0.0001566342658,0,2.819634703e-06,False
2022-03-10,35,random_forest,"{'max_depth': 3, 'min_samples_leaf': 50}",0,0.2785441071,0.4575224316,0.2639334612,-2.592064444e-05,0,2.893835616e-06,False
2022-03-11,35,random_forest,"{'max_depth': 3, 'min_samples_leaf': 50}",0,0.2715746567,0.4532980093,0.275127334,0.0001210649887,0,2.96803653e-06,False
2022-03-14,35,random_forest,"{'max_depth': 3, 'min_samples_leaf': 50}",0,0.2756317349,0.4481612162,0.2762070489,9.04250222e-05,0,3.339041096e-06,False
2022-03-15,35,random_forest,"{'max_depth': 3, 'min_samples_leaf': 50}",0,0.2602511431,0.5193951426,0.2203537142,-0.0001676782125,0,3.413242009e-06,False
2022-03-16,35,random_forest,"{'max_depth': 3, 'min_samples_leaf': 50}",0,0.2029274601,0.6364802931,0.1605922467,-5.656472666e-05,0,3.264840183e-06,False
2022-03-17,35,random_forest,"{'max_depth': 3, 'min_samples_leaf': 50}",0,0.1925964556,0.670620456,0.1367830884,-0.0001308191559,0,2.96803653e-06,False
2022-03-18,35,random_forest,"{'max_depth': 3, 'min_samples_leaf': 50}",0,0.1859761205,0.7171654494,0.09685843012,-0.0003567640081,0,3.116438356e-06,False
2022-03-21,36,lightgbm,"{'num_leaves': 7, 'learning_rate': 0.03, 'min_child_samples': 60}",0,0.4533117319,0.291551739,0.2551365291,-0.001757367739,-1,4.006849315e-06,False
2022-03-22,36,lightgbm,"{'num_leaves': 7, 'learning_rate': 0.03, 'min_child_samples': 60}",0,0.2732795678,0.5114481963,0.215272236,-0.0003204378707,0,3.784246575e-06,False
2022-03-23,36,lightgbm,"{'num_leaves': 7, 'learning_rate': 0.03, 'min_child_samples': 60}",0,0.4338013802,0.4026981332,0.1635004867,-0.002250128002,-1,3.710045662e-06,False
2022-03-24,36,lightgbm,"{'num_leaves': 7, 'learning_rate': 0.03, 'min_child_samples': 60}",0,0.2221191866,0.6038295679,0.1740512455,-0.0001341084981,0,3.858447489e-06,False
2022-03-25,36,lightgbm,"{'num_leaves': 7, 'learning_rate': 0.03, 'min_child_samples': 60}",0,0.2976908026,0.4839277303,0.2183814671,-0.0005323295016,-1,4.081050228e-06,False
2022-03-28,36,lightgbm,"{'num_leaves': 7, 'learning_rate': 0.03, 'min_child_samples': 60}",0,0.2411838713,0.5799135925,0.1789025361,-0.0002815960181,0,4.377853881e-06,False
2022-03-29,36,lightgbm,"{'num_leaves': 7, 'learning_rate': 0.03, 'min_child_samples': 60}",0,0.3889654348,0.4025724717,0.2084620936,-0.001484612203,-1,4.081050228e-06,False
2022-03-30,36,lightgbm,"{'num_leaves': 7, 'learning_rate': 0.03, 'min_child_samples': 60}",0,0.4142429352,0.3645510085,0.2212060563,-0.001633286781,-1,4.081050228e-06,False
2022-03-31,36,lightgbm,"{'num_leaves': 7, 'learning_rate': 0.03, 'min_child_samples': 60}",0,0.2668200209,0.3850250465,0.3481549326,0.0007286425175,1,3.858447489e-06,False
2022-04-01,36,lightgbm,"{'num_leaves': 7, 'learning_rate': 0.03, 'min_child_samples': 60}",0,0.266871099,0.4643084481,0.2688204529,0.0001389451404,0,3.932648402e-06,False
2022-04-04,36,lightgbm,"{'num_leaves': 7, 'learning_rate': 0.03, 'min_child_samples': 60}",0,0.2704877726,0.5588932798,0.1706189476,-0.0006251974572,-1,4.897260274e-06,False
2022-04-05,36,lightgbm,"{'num_leaves': 7, 'learning_rate': 0.03, 'min_child_samples': 60}",0,0.3411734503,0.3113549214,0.3474716283,7.83888183e-06,0,4.823059361e-06,False
2022-04-06,36,lightgbm,"{'num_leaves': 7, 'learning_rate': 0.03, 'min_child_samples': 60}",0,0.2815358309,0.2669386513,0.4515255178,0.001354705966,1,4.971461187e-06,False
2022-04-07,36,lightgbm,"{'num_leaves': 7, 'learning_rate': 0.03, 'min_child_samples': 60}",0,0.3602070885,0.2803031085,0.359489803,-8.612237185e-05,0,5.0456621e-06,False
2022-04-08,36,lightgbm,"{'num_leaves': 7, 'learning_rate': 0.03, 'min_child_samples': 60}",0,0.3556765624,0.3567868824,0.2875365552,-0.0005768977185,-1,5.194063927e-06,False
2022-04-11,36,lightgbm,"{'num_leaves': 7, 'learning_rate': 0.03, 'min_child_samples': 60}",0,0.2957066729,0.3004635147,0.4038298124,0.0008640678205,1,5.71347032e-06,False
2022-04-12,36,lightgbm,"{'num_leaves': 7, 'learning_rate': 0.03, 'min_child_samples': 60}",0,0.3653927644,0.3420711453,0.2925360903,-0.0006332954119,-1,5.49086758e-06,False
2022-04-13,36,lightgbm,"{'num_leaves': 7, 'learning_rate': 0.03, 'min_child_samples': 60}",0,0.3445064212,0.3882721675,0.2672214113,-0.0006202511633,-1,5.565068493e-06,False
2022-04-14,36,lightgbm,"{'num_leaves': 7, 'learning_rate': 0.03, 'min_child_samples': 60}",0,0.2751218246,0.3758688273,0.3490093481,0.0006550746715,1,5.861872146e-06,False
2022-04-18,36,lightgbm,"{'num_leaves': 7, 'learning_rate': 0.03, 'min_child_samples': 60}",0,0.3516060925,0.3162338714,0.3321600361,-0.0002063030929,0,6.010273973e-06,False
2022-04-19,36,lightgbm,"{'num_leaves': 7, 'learning_rate': 0.03, 'min_child_samples': 60}",0,0.2849278461,0.4046664663,0.3104056876,0.0002739777505,0,6.010273973e-06,False
2022-04-20,37,lightgbm,"{'num_leaves': 7, 'learning_rate': 0.03, 'min_child_samples': 60}",0,0.2893901593,0.4094274121,0.3011824286,0.0001664703987,0,6.084474886e-06,False
2022-04-21,37,lightgbm,"{'num_leaves': 7, 'learning_rate': 0.03, 'min_child_samples': 60}",0,0.3669832954,0.2767350629,0.3562816417,-0.0001703159656,0,6.158675799e-06,False
2022-04-22,37,lightgbm,"{'num_leaves': 7, 'learning_rate': 0.03, 'min_child_samples': 60}",0,0.4433078755,0.202161673,0.3545304515,-0.0009197550451,-1,6.158675799e-06,False
2022-04-25,37,lightgbm,"{'num_leaves': 7, 'learning_rate': 0.03, 'min_child_samples': 60}",0,0.2988094175,0.278906827,0.4222837555,0.0009806898263,1,6.752283105e-06,False
2022-04-26,37,lightgbm,"{'num_leaves': 7, 'learning_rate': 0.03, 'min_child_samples': 60}",0,0.330127035,0.2736777638,0.3961952012,0.0004835672994,1,6.158675799e-06,False
2022-04-27,37,lightgbm,"{'num_leaves': 7, 'learning_rate': 0.03, 'min_child_samples': 60}",0,0.3754455348,0.2656963886,0.3588580765,-0.0002327005986,0,6.084474886e-06,False
2022-04-28,37,lightgbm,"{'num_leaves': 7, 'learning_rate': 0.03, 'min_child_samples': 60}",0,0.3304522431,0.3421084305,0.3274393265,-3.344113845e-05,0,6.084474886e-06,False
2022-04-29,37,lightgbm,"{'num_leaves': 7, 'learning_rate': 0.03, 'min_child_samples': 60}",0,0.3400052976,0.3184948927,0.3414998097,-2.051951625e-05,0,6.307077626e-06,False
2022-05-02,37,lightgbm,"{'num_leaves': 7, 'learning_rate': 0.03, 'min_child_samples': 60}",0,0.432304323,0.2876624953,0.2800331817,-0.001370378159,-1,6.678082192e-06,False
2022-05-03,37,lightgbm,"{'num_leaves': 7, 'learning_rate': 0.03, 'min_child_samples': 60}",0,0.3479290269,0.3846519782,0.267418995,-0.000650633431,-1,6.752283105e-06,False
2022-05-04,37,lightgbm,"{'num_leaves': 7, 'learning_rate': 0.03, 'min_child_samples': 60}",0,0.2446136444,0.4422672668,0.3131190887,0.0006876702188,1,6.603881279e-06,False
2022-05-05,37,lightgbm,"{'num_leaves': 7, 'learning_rate': 0.03, 'min_child_samples': 60}",0,0.2857690175,0.2813112745,0.432919708,0.001185990211,1,6.307077626e-06,False
2022-05-06,37,lightgbm,"{'num_leaves': 7, 'learning_rate': 0.03, 'min_child_samples': 60}",0,0.376156396,0.296341241,0.327502363,-0.0004739065563,-1,6.307077626e-06,False
2022-05-09,37,lightgbm,"{'num_leaves': 7, 'learning_rate': 0.03, 'min_child_samples': 60}",0,0.243625233,0.2222179345,0.5341568325,0.002349208527,1,6.826484018e-06,False
2022-05-10,37,lightgbm,"{'num_leaves': 7, 'learning_rate': 0.03, 'min_child_samples': 60}",0,0.3168592501,0.3420734951,0.3410672548,0.0001995520288,0,6.603881279e-06,False
2022-05-11,37,lightgbm,"{'num_leaves': 7, 'learning_rate': 0.03, 'min_child_samples': 60}",0,0.3168867394,0.3340739346,0.349039326,0.0002588688702,0,6.752283105e-06,False
2022-05-12,37,lightgbm,"{'num_leaves': 7, 'learning_rate': 0.03, 'min_child_samples': 60}",0,0.3392948118,0.280015405,0.3806897832,0.0002792348878,0,7.123287671e-06,False
2022-05-13,37,lightgbm,"{'num_leaves': 7, 'learning_rate': 0.03, 'min_child_samples': 60}",0,0.3351768845,0.3670887062,0.2977344093,-0.0003010327428,0,7.642694064e-06,False
2022-05-16,37,lightgbm,"{'num_leaves': 7, 'learning_rate': 0.03, 'min_child_samples': 60}",0,0.2647875638,0.4640492341,0.2711632021,0.0001794678868,0,7.939497717e-06,False
2022-05-17,37,lightgbm,"{'num_leaves': 7, 'learning_rate': 0.03, 'min_child_samples': 60}",0,0.2374365256,0.5088287143,0.2537347602,0.0003130829313,0,7.865296804e-06,False
2022-05-18,37,lightgbm,"{'num_leaves': 7, 'learning_rate': 0.03, 'min_child_samples': 60}",0,0.2954973332,0.371544244,0.3329584228,0.0003450396209,0,7.642694064e-06,False
2022-05-19,38,lightgbm,"{'num_leaves': 7, 'learning_rate': 0.03, 'min_child_samples': 60}",0,0.2460430682,0.5249227768,0.229034155,-1.577472667e-05,0,7.79109589e-06,False
2022-05-20,38,lightgbm,"{'num_leaves': 7, 'learning_rate': 0.03, 'min_child_samples': 60}",0,0.2739513304,0.5042593125,0.2217893571,-0.0003484752646,0,7.642694064e-06,False
2022-05-23,38,lightgbm,"{'num_leaves': 7, 'learning_rate': 0.03, 'min_child_samples': 60}",0,0.2587181945,0.5231729025,0.2181089031,-0.0002243802555,0,7.939497717e-06,False
2022-05-24,38,lightgbm,"{'num_leaves': 7, 'learning_rate': 0.03, 'min_child_samples': 60}",0,0.2906936378,0.4348767383,0.2744296238,-0.0001188667303,0,7.865296804e-06,False
2022-05-25,38,lightgbm,"{'num_leaves': 7, 'learning_rate': 0.03, 'min_child_samples': 60}",0,0.2618053248,0.5284240378,0.2097706374,-0.0003179470298,0,7.865296804e-06,False
2022-05-26,38,lightgbm,"{'num_leaves': 7, 'learning_rate': 0.03, 'min_child_samples': 60}",0,0.2591237572,0.5810043068,0.1598719361,-0.0006670376853,-1,7.939497717e-06,False
2022-05-27,38,lightgbm,"{'num_leaves': 7, 'learning_rate': 0.03, 'min_child_samples': 60}",0,0.1982676448,0.6444000268,0.1573323283,-7.966826381e-05,0,8.01369863e-06,False
2022-05-31,38,lightgbm,"{'num_leaves': 7, 'learning_rate': 0.03, 'min_child_samples': 60}",0,0.2510995132,0.5892708747,0.1596296121,-0.0005888925387,-1,8.607305936e-06,False
2022-06-01,38,lightgbm,"{'num_leaves': 7, 'learning_rate': 0.03, 'min_child_samples': 60}",0,0.2105067495,0.5627767683,0.2267164822,0.0003209272227,0,8.533105023e-06,False
2022-06-02,38,lightgbm,"{'num_leaves': 7, 'learning_rate': 0.03, 'min_child_samples': 60}",0,0.2149738213,0.5723255242,0.2127006544,0.0001708469132,0,8.681506849e-06,False
2022-06-03,38,lightgbm,"{'num_leaves': 7, 'learning_rate': 0.03, 'min_child_samples': 60}",0,0.3436198586,0.3671310382,0.2892491033,-0.0005347195846,-1,8.978310502e-06,False
2022-06-06,38,lightgbm,"{'num_leaves': 7, 'learning_rate': 0.03, 'min_child_samples': 60}",0,0.2739737603,0.4318930484,0.2941331913,0.000196163561,0,9.349315068e-06,False
2022-06-07,38,lightgbm,"{'num_leaves': 7, 'learning_rate': 0.03, 'min_child_samples': 60}",0,0.252048287,0.5009367273,0.2470149856,5.980061837e-05,0,9.349315068e-06,False
2022-06-08,38,lightgbm,"{'num_leaves': 7, 'learning_rate': 0.03, 'min_child_samples': 60}",0,0.3535203412,0.3683348116,0.2781448472,-0.0007170209845,-1,9.497716895e-06,False
2022-06-09,38,lightgbm,"{'num_leaves': 7, 'learning_rate': 0.03, 'min_child_samples': 60}",0,0.2296747972,0.5530449795,0.2172802233,5.882719413e-05,0,9.646118721e-06,False
2022-06-10,38,lightgbm,"{'num_leaves': 7, 'learning_rate': 0.03, 'min_child_samples': 60}",0,0.2881926454,0.4124166667,0.2993906878,9.405425162e-05,0,1.031392694e-05,False
2022-06-13,38,lightgbm,"{'num_leaves': 7, 'learning_rate': 0.03, 'min_child_samples': 60}",0,0.3326007178,0.2488046838,0.4185945984,0.0005492721461,1,1.283675799e-05,False
2022-06-14,38,lightgbm,"{'num_leaves': 7, 'learning_rate': 0.03, 'min_child_samples': 60}",0,0.390482803,0.2438539107,0.3656632863,-0.0004262407894,-1,1.357876712e-05,False
2022-06-15,38,lightgbm,"{'num_leaves': 7, 'learning_rate': 0.03, 'min_child_samples': 60}",0,0.3227403981,0.3442483393,0.3330112626,2.964299509e-06,0,1.29109589e-05,False
2022-06-16,38,lightgbm,"{'num_leaves': 7, 'learning_rate': 0.03, 'min_child_samples': 60}",0,0.3898788131,0.219904914,0.3902162728,-0.0002352989419,0,1.179794521e-05,False
2022-06-17,38,lightgbm,"{'num_leaves': 7, 'learning_rate': 0.03, 'min_child_samples': 60}",0,0.3531131306,0.3101211252,0.3367657442,-0.0002714555377,0,1.209474886e-05,False
2022-06-21,39,lightgbm,"{'num_leaves': 7, 'learning_rate': 0.03, 'min_child_samples': 60}",0,0.3180441323,0.4030260889,0.2789297788,-0.0003538723665,0,1.261415525e-05,False
2022-06-22,39,lightgbm,"{'num_leaves': 7, 'learning_rate': 0.03, 'min_child_samples': 60}",0,0.3098765084,0.3605537364,0.3295697552,0.0001149950988,0,1.194634703e-05,False
2022-06-23,39,lightgbm,"{'num_leaves': 7, 'learning_rate': 0.03, 'min_child_samples': 60}",0,0.3037816984,0.3989805008,0.2972378008,-7.121251122e-05,0,1.224315068e-05,False
2022-06-24,39,lightgbm,"{'num_leaves': 7, 'learning_rate': 0.03, 'min_child_samples': 60}",0,0.2352335317,0.519236999,0.2455294693,0.0002192704289,0,1.283675799e-05,False
2022-06-27,39,lightgbm,"{'num_leaves': 7, 'learning_rate': 0.03, 'min_child_samples': 60}",0,0.2487211192,0.5124841081,0.2387947727,3.284309268e-05,0,1.328196347e-05,False
2022-06-28,39,lightgbm,"{'num_leaves': 7, 'learning_rate': 0.03, 'min_child_samples': 60}",0,0.2700934078,0.4581302136,0.2717763786,7.117088439e-05,0,1.328196347e-05,False
2022-06-29,39,lightgbm,"{'num_leaves': 7, 'learning_rate': 0.03, 'min_child_samples': 60}",0,0.3147246231,0.4437112341,0.2415641428,-0.0006063295335,-1,1.320776256e-05,False
2022-06-30,39,lightgbm,"{'num_leaves': 7, 'learning_rate': 0.03, 'min_child_samples': 60}",0,0.3446283866,0.3904513689,0.2649202445,-0.0007269454851,-1,1.276255708e-05,False
2022-07-01,39,lightgbm,"{'num_leaves': 7, 'learning_rate': 0.03, 'min_child_samples': 60}",0,0.282986873,0.4575964326,0.2594166944,-0.0001523166086,0,1.283675799e-05,False
2022-07-05,39,lightgbm,"{'num_leaves': 7, 'learning_rate': 0.03, 'min_child_samples': 60}",0,0.2662509992,0.4325843276,0.3011646732,0.0003342924751,0,1.409817352e-05,False
2022-07-06,39,lightgbm,"{'num_leaves': 7, 'learning_rate': 0.03, 'min_child_samples': 60}",0,0.3505639344,0.3196221252,0.3298139404,-0.0002902034021,0,1.409817352e-05,False
2022-07-07,39,lightgbm,"{'num_leaves': 7, 'learning_rate': 0.03, 'min_child_samples': 60}",0,0.3252099822,0.4151755312,0.2596144866,-0.0005732338376,-1,1.446917808e-05,False
2022-07-08,39,lightgbm,"{'num_leaves': 7, 'learning_rate': 0.03, 'min_child_samples': 60}",0,0.3221815801,0.4444984329,0.233319987,-0.0007439623639,-1,1.469178082e-05,False
2022-07-11,39,lightgbm,"{'num_leaves': 7, 'learning_rate': 0.03, 'min_child_samples': 60}",0,0.3258843736,0.4218908118,0.2522248146,-0.0006364764567,-1,1.617579909e-05,False
2022-07-12,39,lightgbm,"{'num_leaves': 7, 'learning_rate': 0.03, 'min_child_samples': 60}",0,0.2362664766,0.5166126607,0.2471208627,0.0002211026537,0,1.647260274e-05,False
2022-07-13,39,lightgbm,"{'num_leaves': 7, 'learning_rate': 0.03, 'min_child_samples': 60}",0,0.3713247091,0.3691543474,0.2595209435,-0.001035312837,-1,1.773401826e-05,False
2022-07-14,39,lightgbm,"{'num_leaves': 7, 'learning_rate': 0.03, 'min_child_samples': 60}",0,0.316317569,0.4097661663,0.2739162647,-0.0003749279547,0,1.780821918e-05,False
2022-07-15,39,lightgbm,"{'num_leaves': 7, 'learning_rate': 0.03, 'min_child_samples': 60}",0,0.2451436209,0.5174126779,0.2374437012,5.830566181e-05,0,1.758561644e-05,False
2022-07-18,39,lightgbm,"{'num_leaves': 7, 'learning_rate': 0.03, 'min_child_samples': 60}",0,0.287603981,0.4399971626,0.2723988564,-9.925811623e-05,0,1.855022831e-05,False
2022-07-19,39,lightgbm,"{'num_leaves': 7, 'learning_rate': 0.03, 'min_child_samples': 60}",0,0.2376619729,0.5182109466,0.2441270805,0.0001842530654,0,1.869863014e-05,False
2022-07-20,39,lightgbm,"{'num_leaves': 7, 'learning_rate': 0.03, 'min_child_samples': 60}",0,0.2312136497,0.5131957755,0.2555905748,0.0003364073164,0,1.862442922e-05,False
2022-07-21,40,lightgbm,"{'num_leaves': 7, 'learning_rate': 0.03, 'min_child_samples': 60}",0,0.2318972229,0.4859818373,0.2821209398,0.0005809271398,1,1.840182648e-05,False
2022-07-22,40,lightgbm,"{'num_leaves': 7, 'learning_rate': 0.03, 'min_child_samples': 60}",0,0.2389236546,0.507731087,0.2533452584,0.0002880559294,0,1.84760274e-05,False
2022-07-25,40,lightgbm,"{'num_leaves': 7, 'learning_rate': 0.03, 'min_child_samples': 60}",0,0.2489716125,0.4743917818,0.2766366057,0.0003663372555,0,1.944063927e-05,False
2022-07-26,40,lightgbm,"{'num_leaves': 7, 'learning_rate': 0.03, 'min_child_samples': 60}",0,0.2270110469,0.3790279496,0.3939610036,0.001492953896,1,1.892123288e-05,False
2022-07-27,40,lightgbm,"{'num_leaves': 7, 'learning_rate': 0.03, 'min_child_samples': 60}",0,0.2550374145,0.3598150893,0.3851474962,0.001142175278,1,1.810502283e-05,False
2022-07-28,40,lightgbm,"{'num_leaves': 7, 'learning_rate': 0.03, 'min_child_samples': 60}",0,0.2240167131,0.4537803637,0.3222029232,0.0009696319787,1,1.7956621e-05,False
2022-07-29,40,lightgbm,"{'num_leaves': 7, 'learning_rate': 0.03, 'min_child_samples': 60}",0,0.2754987587,0.4929749821,0.2315262592,-0.0002493044541,0,1.788242009e-05,False
2022-08-01,40,lightgbm,"{'num_leaves': 7, 'learning_rate': 0.03, 'min_child_samples': 60}",0,0.2878319876,0.3292439831,0.3829240293,0.0007941194323,1,1.899543379e-05,False
2022-08-02,40,lightgbm,"{'num_leaves': 7, 'learning_rate': 0.03, 'min_child_samples': 60}",0,0.3061838845,0.337247953,0.3565681625,0.0004056380984,0,1.899543379e-05,False
2022-08-03,40,lightgbm,"{'num_leaves': 7, 'learning_rate': 0.03, 'min_child_samples': 60}",0,0.3067320219,0.3898444693,0.3034235088,-9.84580662e-06,0,1.869863014e-05,False
2022-08-04,40,lightgbm,"{'num_leaves': 7, 'learning_rate': 0.03, 'min_child_samples': 60}",0,0.2610442811,0.360493687,0.3784620319,0.001029993644,1,1.855022831e-05,False
2022-08-05,40,lightgbm,"{'num_leaves': 7, 'learning_rate': 0.03, 'min_child_samples': 60}",0,0.3271966486,0.3644709644,0.308332387,-0.0001784715995,0,1.914383562e-05,False
2022-08-08,40,lightgbm,"{'num_leaves': 7, 'learning_rate': 0.03, 'min_child_samples': 60}",0,0.2582556047,0.3107763708,0.4309680245,0.001463158491,1,1.966324201e-05,False
2022-08-09,40,lightgbm,"{'num_leaves': 7, 'learning_rate': 0.03, 'min_child_samples': 60}",0,0.2926650062,0.3060293523,0.4013056415,0.0008871473496,1,1.981164384e-05,False
2022-08-10,40,lightgbm,"{'num_leaves': 7, 'learning_rate': 0.03, 'min_child_samples': 60}",0,0.2403466552,0.4801970182,0.2794563265,0.0004751159825,1,1.966324201e-05,False
2022-08-11,40,lightgbm,"{'num_leaves': 7, 'learning_rate': 0.03, 'min_child_samples': 60}",0,0.1979497893,0.5221903147,0.279859896,0.0009060224819,1,1.944063927e-05,False
2022-08-12,40,lightgbm,"{'num_leaves': 7, 'learning_rate': 0.03, 'min_child_samples': 60}",0,0.2358985244,0.5040804622,0.2600210135,0.0003700763116,0,1.951484018e-05,False
2022-08-15,40,lightgbm,"{'num_leaves': 7, 'learning_rate': 0.03, 'min_child_samples': 60}",0,0.2812571723,0.4257080755,0.2930347522,0.0001670629131,0,2.01826484e-05,False
2022-08-16,40,lightgbm,"{'num_leaves': 7, 'learning_rate': 0.03, 'min_child_samples': 60}",0,0.3048551178,0.4153190877,0.2798257945,-0.0001729380917,0,2.003424658e-05,False
2022-08-17,40,lightgbm,"{'num_leaves': 7, 'learning_rate': 0.03, 'min_child_samples': 60}",0,0.2616145303,0.4171145477,0.321270922,0.0005830726275,1,1.988584475e-05,False
2022-08-18,40,lightgbm,"{'num_leaves': 7, 'learning_rate': 0.03, 'min_child_samples': 60}",0,0.2937015286,0.3602324798,0.3460659916,0.0004505749234,1,2.010844749e-05,False
2022-08-19,41,lightgbm,"{'num_leaves': 7, 'learning_rate': 0.03, 'min_child_samples': 60}",0,0.2363636626,0.3963040242,0.3673323132,0.001223713334,1,2.033105023e-05,False
2022-08-22,41,lightgbm,"{'num_leaves': 7, 'learning_rate': 0.03, 'min_child_samples': 60}",0,0.3117843922,0.3307286303,0.3574869775,0.0003878720884,0,2.092465753e-05,False
2022-08-23,41,lightgbm,"{'num_leaves': 7, 'learning_rate': 0.03, 'min_child_samples': 60}",0,0.398715531,0.299485104,0.301799365,-0.0009187499863,-1,2.077625571e-05,False
2022-08-24,41,lightgbm,"{'num_leaves': 7, 'learning_rate': 0.03, 'min_child_samples': 60}",0,0.3622217158,0.3089181431,0.3288601411,-0.0003417190985,0,2.092465753e-05,False
2022-08-25,41,lightgbm,"{'num_leaves': 7, 'learning_rate': 0.03, 'min_child_samples': 60}",0,0.2797522909,0.4712773226,0.2489703865,-0.0001294914975,0,2.136986301e-05,False
2022-08-26,41,lightgbm,"{'num_leaves': 7, 'learning_rate': 0.03, 'min_child_samples': 60}",0,0.3679229738,0.2992023931,0.3328746331,-0.0003680669836,0,2.144406393e-05,False
2022-08-29,41,lightgbm,"{'num_leaves': 7, 'learning_rate': 0.03, 'min_child_samples': 60}",0,0.3722060942,0.3425010444,0.2852928613,-0.0007795199125,-1,2.203767123e-05,False
2022-08-30,41,lightgbm,"{'num_leaves': 7, 'learning_rate': 0.03, 'min_child_samples': 60}",0,0.3710297033,0.2945254192,0.3344448775,-0.0003872030266,0,2.203767123e-05,False
2022-08-31,41,lightgbm,"{'num_leaves': 7, 'learning_rate': 0.03, 'min_child_samples': 60}",0,0.2957578928,0.3498185959,0.3544235114,0.0005255765926,1,2.196347032e-05,False
2022-09-01,41,lightgbm,"{'num_leaves': 7, 'learning_rate': 0.03, 'min_child_samples': 60}",0,0.3506703112,0.2880801628,0.361249526,2.534055738e-05,0,2.203767123e-05,False
2022-09-02,41,lightgbm,"{'num_leaves': 7, 'learning_rate': 0.03, 'min_child_samples': 60}",0,0.3101094186,0.3127493746,0.3771412068,0.0005568787324,1,2.181506849e-05,False
2022-09-06,41,lightgbm,"{'num_leaves': 7, 'learning_rate': 0.03, 'min_child_samples': 60}",0,0.293214829,0.3327904121,0.3739947589,0.0007026842434,1,2.255707763e-05,False
2022-09-07,41,lightgbm,"{'num_leaves': 7, 'learning_rate': 0.03, 'min_child_samples': 60}",0,0.3114728516,0.4265061405,0.2620210079,-0.0003479583857,0,2.277968037e-05,False
2022-09-08,41,lightgbm,"{'num_leaves': 7, 'learning_rate': 0.03, 'min_child_samples': 60}",0,0.2832926571,0.42595998,0.2907473629,0.0001582309884,0,2.270547945e-05,False
2022-09-09,41,lightgbm,"{'num_leaves': 7, 'learning_rate': 0.03, 'min_child_samples': 60}",0,0.2670081407,0.5197361811,0.2132556782,-0.0002775882819,0,2.285388128e-05,False
2022-09-12,41,lightgbm,"{'num_leaves': 7, 'learning_rate': 0.03, 'min_child_samples': 60}",0,0.2975284691,0.4702244492,0.2322470817,-0.0004379810276,-1,2.35216895e-05,False
2022-09-13,41,lightgbm,"{'num_leaves': 7, 'learning_rate': 0.03, 'min_child_samples': 60}",0,0.3054912894,0.3652752239,0.3292334866,0.0002325554769,0,2.433789954e-05,False
2022-09-14,41,lightgbm,"{'num_leaves': 7, 'learning_rate': 0.03, 'min_child_samples': 60}",0,0.3930117212,0.3359028374,0.2710854414,-0.001099047252,-1,2.404109589e-05,False
2022-09-15,41,lightgbm,"{'num_leaves': 7, 'learning_rate': 0.03, 'min_child_samples': 60}",0,0.3228320526,0.3439248993,0.3332430481,8.893719507e-05,0,2.389269406e-05,False
2022-09-16,41,lightgbm,"{'num_leaves': 7, 'learning_rate': 0.03, 'min_child_samples': 60}",0,0.3368069982,0.4027973971,0.2603956047,-0.0006157036998,-1,2.374429224e-05,False
2022-09-19,41,lightgbm,"{'num_leaves': 7, 'learning_rate': 0.03, 'min_child_samples': 60}",0,0.2501587036,0.4685605511,0.2812807453,0.0004186759698,0,2.500570776e-05,False
2022-09-20,42,lightgbm,"{'num_leaves': 7, 'learning_rate': 0.03, 'min_child_samples': 60}",0,0.3128627068,0.4176270312,0.269510262,-0.000330790101,0,2.485730594e-05,False
2022-09-21,42,lightgbm,"{'num_leaves': 7, 'learning_rate': 0.03, 'min_child_samples': 60}",0,0.319728299,0.3570136502,0.3232580508,1.986053498e-05,0,2.456050228e-05,False
2022-09-22,42,lightgbm,"{'num_leaves': 7, 'learning_rate': 0.03, 'min_child_samples': 60}",0,0.3125982945,0.4162623471,0.2711393584,-0.0003153508662,0,2.441210046e-05,False
2022-09-23,42,lightgbm,"{'num_leaves': 7, 'learning_rate': 0.03, 'min_child_samples': 60}",0,0.345837032,0.3228339304,0.3313290376,-0.0001828222556,0,2.404109589e-05,False
2022-09-26,42,lightgbm,"{'num_leaves': 7, 'learning_rate': 0.03, 'min_child_samples': 60}",0,0.3350088453,0.3924583583,0.2725327963,-0.0005326285023,-1,2.515410959e-05,False
2022-09-27,42,lightgbm,"{'num_leaves': 7, 'learning_rate': 0.03, 'min_child_samples': 60}",0,0.3967392127,0.2885371286,0.3147236586,-0.0008310307913,-1,2.485730594e-05,False
2022-09-28,42,lightgbm,"{'num_leaves': 7, 'learning_rate': 0.03, 'min_child_samples': 60}",0,0.3347026878,0.3766909622,0.28860635,-0.0004037421032,0,2.52283105e-05,False
2022-09-29,42,lightgbm,"{'num_leaves': 7, 'learning_rate': 0.03, 'min_child_samples': 60}",0,0.3405031162,0.3730939235,0.2864029603,-0.0004800418054,-1,2.493150685e-05,False
2022-09-30,42,lightgbm,"{'num_leaves': 7, 'learning_rate': 0.03, 'min_child_samples': 60}",0,0.3742334899,0.3430230649,0.2827434452,-0.0008521134565,-1,2.470890411e-05,False
2022-10-03,42,lightgbm,"{'num_leaves': 7, 'learning_rate': 0.03, 'min_child_samples': 60}",0,0.2873646258,0.3588490425,0.3537863317,0.0005882540378,1,2.567351598e-05,False
2022-10-04,42,lightgbm,"{'num_leaves': 7, 'learning_rate': 0.03, 'min_child_samples': 60}",0,0.2360524801,0.4575700577,0.3063774622,0.0007397507917,1,2.559931507e-05,False
2022-10-05,42,lightgbm,"{'num_leaves': 7, 'learning_rate': 0.03, 'min_child_samples': 60}",0,0.2782105237,0.5011040057,0.2206854707,-0.0003600015102,0,2.567351598e-05,False
2022-10-06,42,lightgbm,"{'num_leaves': 7, 'learning_rate': 0.03, 'min_child_samples': 60}",0,0.2575631497,0.4898693568,0.2525674935,9.969095128e-05,0,2.567351598e-05,False
2022-10-07,42,lightgbm,"{'num_leaves': 7, 'learning_rate': 0.03, 'min_child_samples': 60}",0,0.286920565,0.4612468115,0.2518326235,-0.000204971736,0,2.559931507e-05,False
2022-10-10,42,lightgbm,"{'num_leaves': 7, 'learning_rate': 0.03, 'min_child_samples': 60}",0,0.2780888183,0.4634059745,0.2585052072,-6.28379603e-05,0,2.559931507e-05,False
2022-10-11,42,lightgbm,"{'num_leaves': 7, 'learning_rate': 0.03, 'min_child_samples': 60}",0,0.3164729948,0.4302578676,0.2532691376,-0.0004946298154,-1,2.723173516e-05,False
2022-10-12,42,lightgbm,"{'num_leaves': 7, 'learning_rate': 0.03, 'min_child_samples': 60}",0,0.3111278094,0.3977602553,0.2911119353,-0.0001441011632,0,2.74543379e-05,False
2022-10-13,42,lightgbm,"{'num_leaves': 7, 'learning_rate': 0.03, 'min_child_samples': 60}",0,0.3316198496,0.3908157594,0.277564391,-0.0004587520533,-1,2.812214612e-05,False
2022-10-14,42,lightgbm,"{'num_leaves': 7, 'learning_rate': 0.03, 'min_child_samples': 60}",0,0.2874033621,0.4075373861,0.3050592518,0.0002065896515,0,2.827054795e-05,False
2022-10-17,42,lightgbm,"{'num_leaves': 7, 'learning_rate': 0.03, 'min_child_samples': 60}",0,0.2624030733,0.478499944,0.2590969827,0.0001015022547,0,2.945776256e-05,False
2022-10-18,42,lightgbm,"{'num_leaves': 7, 'learning_rate': 0.03, 'min_child_samples': 60}",0,0.2430186659,0.4972434478,0.2597378863,0.0003038860823,0,2.997716895e-05,False
2022-10-19,43,lightgbm,"{'num_leaves': 7, 'learning_rate': 0.03, 'min_child_samples': 60}",0,0.3603566004,0.380253322,0.2593900776,-0.0009288919588,-1,3.019977169e-05,False
2022-10-20,43,lightgbm,"{'num_leaves': 7, 'learning_rate': 0.03, 'min_child_samples': 60}",0,0.2586126146,0.4628220305,0.2785653549,0.000270085683,0,3.034817352e-05,False
2022-10-21,43,lightgbm,"{'num_leaves': 7, 'learning_rate': 0.03, 'min_child_samples': 60}",0,0.293115973,0.4301048294,0.2767791976,-9.876451927e-05,0,3.034817352e-05,False
2022-10-24,43,lightgbm,"{'num_leaves': 7, 'learning_rate': 0.03, 'min_child_samples': 60}",0,0.2428934466,0.516747321,0.2403592324,0.0001258534449,0,3.086757991e-05,False
2022-10-25,43,lightgbm,"{'num_leaves': 7, 'learning_rate': 0.03, 'min_child_samples': 60}",0,0.3051875557,0.4690212663,0.225791178,-0.0006308668222,-1,3.071917808e-05,False
2022-10-26,43,lightgbm,"{'num_leaves': 7, 'learning_rate': 0.03, 'min_child_samples': 60}",0,0.2762693859,0.4363995252,0.2873310889,0.000158796944,0,3.049657534e-05,False
2022-10-27,43,lightgbm,"{'num_leaves': 7, 'learning_rate': 0.03, 'min_child_samples': 60}",0,0.2331711651,0.3176713963,0.4491574386,0.001896762793,1,3.064497717e-05,False
2022-10-28,43,lightgbm,"{'num_leaves': 7, 'learning_rate': 0.03, 'min_child_samples': 60}",0,0.2866042476,0.4677360411,0.2456597113,-0.0002808981542,0,3.101598174e-05,False
2022-10-31,43,lightgbm,"{'num_leaves': 7, 'learning_rate': 0.03, 'min_child_samples': 60}",0,0.3860894894,0.4079286889,0.2059818217,-0.001620746558,-1,3.131278539e-05,False
2022-11-01,43,lightgbm,"{'num_leaves': 7, 'learning_rate': 0.03, 'min_child_samples': 60}",0,0.2594273746,0.4548653214,0.285707304,0.0003188699531,0,3.13869863e-05,False
2022-11-02,43,lightgbm,"{'num_leaves': 7, 'learning_rate': 0.03, 'min_child_samples': 60}",0,0.26128472,0.4068962813,0.3318189987,0.0006688139071,1,3.131278539e-05,False
2022-11-03,43,lightgbm,"{'num_leaves': 7, 'learning_rate': 0.03, 'min_child_samples': 60}",0,0.3152665447,0.4002556778,0.2844777775,-0.000264771831,0,3.153538813e-05,False
2022-11-04,43,lightgbm,"{'num_leaves': 7, 'learning_rate': 0.03, 'min_child_samples': 60}",0,0.2998898597,0.3703303789,0.3297797615,0.0002557885121,0,3.123858447e-05,False
2022-11-07,43,lightgbm,"{'num_leaves': 7, 'learning_rate': 0.03, 'min_child_samples': 60}",0,0.3431225187,0.3848295735,0.2720479078,-0.0006504948669,-1,3.183219178e-05,False
2022-11-08,43,lightgbm,"{'num_leaves': 7, 'learning_rate': 0.03, 'min_child_samples': 60}",0,0.3463341244,0.3676760476,0.285989828,-0.0005719206372,-1,3.175799087e-05,False
2022-11-09,43,lightgbm,"{'num_leaves': 7, 'learning_rate': 0.03, 'min_child_samples': 60}",0,0.3060610559,0.375434415,0.3185045291,0.0001021382325,0,3.183219178e-05,False
2022-11-10,43,lightgbm,"{'num_leaves': 7, 'learning_rate': 0.03, 'min_child_samples': 60}",0,0.3162746734,0.3102459543,0.3734793724,0.0004371447522,1,3.175799087e-05,False
2022-11-11,43,lightgbm,"{'num_leaves': 7, 'learning_rate': 0.03, 'min_child_samples': 60}",0,0.2479704649,0.3594999224,0.3925296127,0.001291495401,1,3.175799087e-05,False
2022-11-14,43,lightgbm,"{'num_leaves': 7, 'learning_rate': 0.03, 'min_child_samples': 60}",0,0.3282613321,0.2721847232,0.3995539447,0.0005226438688,1,3.220319635e-05,False
2022-11-15,43,lightgbm,"{'num_leaves': 7, 'learning_rate': 0.03, 'min_child_samples': 60}",0,0.2487057267,0.3123086234,0.4389856499,0.001655725616,1,3.198059361e-05,False
2022-11-16,43,lightgbm,"{'num_leaves': 7, 'learning_rate': 0.03, 'min_child_samples': 60}",0,0.294863145,0.252128813,0.453008042,0.001293633749,1,3.205479452e-05,False
2022-11-17,44,lightgbm,"{'num_leaves': 7, 'learning_rate': 0.03, 'min_child_samples': 60}",0,0.3329610393,0.3629956964,0.3040432644,-0.0002727755893,0,3.205479452e-05,False
2022-11-18,44,lightgbm,"{'num_leaves': 7, 'learning_rate': 0.03, 'min_child_samples': 60}",0,0.3164014934,0.3549549692,0.3286435374,9.739385346e-05,0,3.220319635e-05,False
2022-11-21,44,lightgbm,"{'num_leaves': 7, 'learning_rate': 0.03, 'min_child_samples': 60}",0,0.2880980416,0.3750397422,0.3368622162,0.0004558273486,1,3.272260274e-05,False
2022-11-22,44,lightgbm,"{'num_leaves': 7, 'learning_rate': 0.03, 'min_child_samples': 60}",0,0.3160455346,0.4381639752,0.2457904902,-0.0005706611508,-1,3.264840183e-05,False
2022-11-23,44,lightgbm,"{'num_leaves': 7, 'learning_rate': 0.03, 'min_child_samples': 60}",0,0.3187654911,0.3706881739,0.3105463351,-7.370004927e-05,0,1.757990868e-05,False
2022-11-25,44,lightgbm,"{'num_leaves': 7, 'learning_rate': 0.03, 'min_child_samples': 60}",0,0.2558407662,0.4517828437,0.2923763901,0.000427725921,0,3.272260274e-05,False
2022-11-28,44,lightgbm,"{'num_leaves': 7, 'learning_rate': 0.03, 'min_child_samples': 60}",0,0.2506548529,0.3438383053,0.4055068419,0.001398387955,1,3.272260274e-05,False
2022-11-29,44,lightgbm,"{'num_leaves': 7, 'learning_rate': 0.03, 'min_child_samples': 60}",0,0.306702636,0.2928874546,0.4004099094,0.0007792269946,1,3.25e-05,False
2022-11-30,44,lightgbm,"{'num_leaves': 7, 'learning_rate': 0.03, 'min_child_samples': 60}",0,0.3493623181,0.3775241926,0.2731134894,-0.0006926293017,-1,3.242579909e-05,False
2022-12-01,44,lightgbm,"{'num_leaves': 7, 'learning_rate': 0.03, 'min_child_samples': 60}",0,0.2714682719,0.4713705417,0.2571611864,-1.889418447e-05,0,3.212899543e-05,False
2022-12-02,44,lightgbm,"{'num_leaves': 7, 'learning_rate': 0.03, 'min_child_samples': 60}",0,0.2831961181,0.4669371217,0.2498667602,-0.0001989442192,0,3.220319635e-05,False
2022-12-05,44,lightgbm,"{'num_leaves': 7, 'learning_rate': 0.03, 'min_child_samples': 60}",0,0.3091835201,0.3627228959,0.328093584,0.0001673505627,0,3.235159817e-05,False
2022-12-06,44,lightgbm,"{'num_leaves': 7, 'learning_rate': 0.03, 'min_child_samples': 60}",0,0.209097182,0.2579493689,0.5329534491,0.002860100436,1,3.242579909e-05,False
2022-12-07,44,lightgbm,"{'num_leaves': 7, 'learning_rate': 0.03, 'min_child_samples': 60}",0,0.253424087,0.2599582488,0.4866176642,0.002027437766,1,3.183219178e-05,False
2022-12-08,44,lightgbm,"{'num_leaves': 7, 'learning_rate': 0.03, 'min_child_samples': 60}",0,0.3099687346,0.3494856766,0.3405455888,0.0002602088989,0,3.175799087e-05,False
2022-12-09,44,lightgbm,"{'num_leaves': 7, 'learning_rate': 0.03, 'min_child_samples': 60}",0,0.3130388783,0.4017071403,0.2852539814,-0.0002197160265,0,3.198059361e-05,False
2022-12-12,44,lightgbm,"{'num_leaves': 7, 'learning_rate': 0.03, 'min_child_samples': 60}",0,0.285709553,0.4645144216,0.2497760254,-0.0002255926995,0,3.25e-05,False
2022-12-13,44,lightgbm,"{'num_leaves': 7, 'learning_rate': 0.03, 'min_child_samples': 60}",0,0.3116059959,0.3959536537,0.2924403505,-0.000146680437,0,3.227739726e-05,False
2022-12-14,44,lightgbm,"{'num_leaves': 7, 'learning_rate': 0.03, 'min_child_samples': 60}",0,0.2592315819,0.3817077486,0.3590606695,0.0009334052778,1,3.212899543e-05,False
2022-12-15,44,lightgbm,"{'num_leaves': 7, 'learning_rate': 0.03, 'min_child_samples': 60}",0,0.2622227392,0.3451889208,0.3925883401,0.001174390295,1,3.220319635e-05,False
2022-12-16,44,lightgbm,"{'num_leaves': 7, 'learning_rate': 0.03, 'min_child_samples': 60}",0,0.3065722251,0.3613438105,0.3320839644,0.0002266240384,0,3.198059361e-05,False
2022-12-19,45,lightgbm,"{'num_leaves': 7, 'learning_rate': 0.03, 'min_child_samples': 60}",0,0.32395056,0.4014955707,0.2745538693,-0.0004302404098,0,3.242579909e-05,False
2022-12-20,45,lightgbm,"{'num_leaves': 7, 'learning_rate': 0.03, 'min_child_samples': 60}",0,0.2985798063,0.4243269944,0.2770931992,-0.0001477887916,0,3.227739726e-05,False
2022-12-21,45,lightgbm,"{'num_leaves': 7, 'learning_rate': 0.03, 'min_child_samples': 60}",0,0.3388828848,0.3840659717,0.2770511435,-0.0005638123391,-1,3.212899543e-05,False
2022-12-22,45,lightgbm,"{'num_leaves': 7, 'learning_rate': 0.03, 'min_child_samples': 60}",0,0.3190779414,0.3904895031,0.2904325555,-0.0002500342543,0,3.227739726e-05,False
2022-12-23,45,lightgbm,"{'num_leaves': 7, 'learning_rate': 0.03, 'min_child_samples': 60}",0,0.3439273894,0.3893795293,0.2666930813,-0.0007006106526,-1,3.220319635e-05,False
2022-12-27,45,lightgbm,"{'num_leaves': 7, 'learning_rate': 0.03, 'min_child_samples': 60}",0,0.3168676484,0.4092027876,0.2739295639,-0.0003622977171,0,3.309360731e-05,False
2022-12-28,45,lightgbm,"{'num_leaves': 7, 'learning_rate': 0.03, 'min_child_samples': 60}",0,0.2729760626,0.4372969241,0.2897270133,0.0002196788499,0,3.309360731e-05,False
2022-12-29,45,lightgbm,"{'num_leaves': 7, 'learning_rate': 0.03, 'min_child_samples': 60}",0,0.3393097479,0.3886935708,0.2719966813,-0.0006095805259,-1,3.301940639e-05,False
2022-12-30,45,lightgbm,"{'num_leaves': 7, 'learning_rate': 0.03, 'min_child_samples': 60}",0,0.3220931493,0.4133790235,0.2645278272,-0.0004931362533,-1,3.279680365e-05,False
2023-01-03,45,lightgbm,"{'num_leaves': 7, 'learning_rate': 0.03, 'min_child_samples': 60}",0,0.3070011873,0.4295086099,0.2634902028,-0.0003459721146,0,3.36130137e-05,False
2023-01-04,45,lightgbm,"{'num_leaves': 7, 'learning_rate': 0.03, 'min_child_samples': 60}",0,0.320833779,0.4051772544,0.2739889666,-0.0004027175898,0,3.376141553e-05,False
2023-01-05,45,lightgbm,"{'num_leaves': 7, 'learning_rate': 0.03, 'min_child_samples': 60}",0,0.304750428,0.4207101151,0.2745394568,-0.0002323313377,0,3.457762557e-05,False
2023-01-06,45,lightgbm,"{'num_leaves': 7, 'learning_rate': 0.03, 'min_child_samples': 60}",0,0.2782234257,0.4169583692,0.3048182051,0.0002890643341,0,3.465182648e-05,False
2023-01-09,45,lightgbm,"{'num_leaves': 7, 'learning_rate': 0.03, 'min_child_samples': 60}",0,0.258610086,0.4339742788,0.3074156352,0.0005126104161,1,3.487442922e-05,False
2023-01-10,45,lightgbm,"{'num_leaves': 7, 'learning_rate': 0.03, 'min_child_samples': 60}",0,0.2849451773,0.4561411015,0.2589137212,-0.0001559438412,0,3.509703196e-05,False
2023-01-11,45,lightgbm,"{'num_leaves': 7, 'learning_rate': 0.03, 'min_child_samples': 60}",0,0.2547304218,0.4858917644,0.2593778138,0.0001594843315,0,3.502283105e-05,False
2023-01-12,45,lightgbm,"{'num_leaves': 7, 'learning_rate': 0.03, 'min_child_samples': 60}",0,0.2565666871,0.434449385,0.3089839279,0.0005465205661,1,3.457762557e-05,False
2023-01-13,45,lightgbm,"{'num_leaves': 7, 'learning_rate': 0.03, 'min_child_samples': 60}",0,0.279619418,0.4444980645,0.2758825176,3.785736793e-05,0,3.465182648e-05,False
2023-01-17,45,lightgbm,"{'num_leaves': 7, 'learning_rate': 0.03, 'min_child_samples': 60}",0,0.2761068761,0.4353680931,0.2885250307,0.0001775511561,0,3.494863014e-05,False
2023-01-18,45,lightgbm,"{'num_leaves': 7, 'learning_rate': 0.03, 'min_child_samples': 60}",0,0.2807469413,0.3971569833,0.3220960754,0.000404438857,0,3.480022831e-05,False
2023-01-19,45,lightgbm,"{'num_leaves': 7, 'learning_rate': 0.03, 'min_child_samples': 60}",0,0.3005204627,0.4041791613,0.295300376,-1.879733299e-05,0,3.494863014e-05,False
2023-01-20,46,lightgbm,"{'num_leaves': 7, 'learning_rate': 0.03, 'min_child_samples': 60}",0,0.3113093169,0.4198194514,0.2688712317,-0.000333952904,0,3.502283105e-05,False
2023-01-23,46,lightgbm,"{'num_leaves': 7, 'learning_rate': 0.03, 'min_child_samples': 60}",0,0.2840491873,0.4438982207,0.2720525921,-2.609758862e-05,0,3.509703196e-05,False
2023-01-24,46,lightgbm,"{'num_leaves': 7, 'learning_rate': 0.03, 'min_child_samples': 60}",0,0.31696321,0.4175662716,0.2654705184,-0.0004203192127,0,3.502283105e-05,False
2023-01-25,46,lightgbm,"{'num_leaves': 7, 'learning_rate': 0.03, 'min_child_samples': 60}",0,0.3101533066,0.4184072348,0.2714394586,-0.0003009088509,0,3.502283105e-05,False
2023-01-26,46,lightgbm,"{'num_leaves': 7, 'learning_rate': 0.03, 'min_child_samples': 60}",0,0.2971343895,0.4309944166,0.2718711939,-0.0001628175131,0,3.494863014e-05,False
2023-01-27,46,lightgbm,"{'num_leaves': 7, 'learning_rate': 0.03, 'min_child_samples': 60}",0,0.3180514665,0.4147398607,0.2672086729,-0.0004172874571,0,3.509703196e-05,False
2023-01-30,46,lightgbm,"{'num_leaves': 7, 'learning_rate': 0.03, 'min_child_samples': 60}",0,0.2743551641,0.4517681852,0.2738766507,8.906994737e-05,0,3.502283105e-05,False
2023-01-31,46,lightgbm,"{'num_leaves': 7, 'learning_rate': 0.03, 'min_child_samples': 60}",0,0.2926277397,0.4270056124,0.2803666479,-4.645572566e-05,0,3.487442922e-05,False
2023-02-01,46,lightgbm,"{'num_leaves': 7, 'learning_rate': 0.03, 'min_child_samples': 60}",0,0.3002569511,0.4275536136,0.2721894353,-0.0001924735534,0,3.457762557e-05,False
2023-02-02,46,lightgbm,"{'num_leaves': 7, 'learning_rate': 0.03, 'min_child_samples': 60}",0,0.313540117,0.4182469371,0.2682129459,-0.0003624148552,0,3.457762557e-05,False
2023-02-03,46,lightgbm,"{'num_leaves': 7, 'learning_rate': 0.03, 'min_child_samples': 60}",0,0.3145523883,0.418204848,0.2672427636,-0.0003808459828,0,3.487442922e-05,False
2023-02-06,46,lightgbm,"{'num_leaves': 7, 'learning_rate': 0.03, 'min_child_samples': 60}",0,0.3145614579,0.4222345253,0.2632040168,-0.0004141167792,0,3.494863014e-05,False
2023-02-07,46,lightgbm,"{'num_leaves': 7, 'learning_rate': 0.03, 'min_child_samples': 60}",0,0.3060581379,0.4170911078,0.2768507544,-0.0002141349539,0,3.494863014e-05,False
2023-02-08,46,lightgbm,"{'num_leaves': 7, 'learning_rate': 0.03, 'min_child_samples': 60}",0,0.3121979425,0.4147517584,0.2730502991,-0.0003088067007,0,3.502283105e-05,False
2023-02-09,46,lightgbm,"{'num_leaves': 7, 'learning_rate': 0.03, 'min_child_samples': 60}",0,0.3201582724,0.4082873952,0.2715543324,-0.0004033621075,0,3.539383562e-05,False
2023-02-10,46,lightgbm,"{'num_leaves': 7, 'learning_rate': 0.03, 'min_child_samples': 60}",0,0.3018292197,0.4201631486,0.2780076317,-0.0001609275582,0,3.554223744e-05,False
2023-02-13,46,lightgbm,"{'num_leaves': 7, 'learning_rate': 0.03, 'min_child_samples': 60}",0,0.3180267587,0.4213634274,0.2606098139,-0.0004712397152,-1,3.569063927e-05,False
2023-02-14,46,lightgbm,"{'num_leaves': 7, 'learning_rate': 0.03, 'min_child_samples': 60}",0,0.3371066236,0.3962643914,0.266628985,-0.0006189760593,-1,3.561643836e-05,False
2023-02-15,46,lightgbm,"{'num_leaves': 7, 'learning_rate': 0.03, 'min_child_samples': 60}",0,0.3001864386,0.4316077359,0.2682058255,-0.0002244689714,0,3.554223744e-05,False
2023-02-16,46,lightgbm,"{'num_leaves': 7, 'learning_rate': 0.03, 'min_child_samples': 60}",0,0.308468359,0.4140076469,0.2775239942,-0.0002335130673,0,3.591324201e-05,False
2023-02-17,46,lightgbm,"{'num_leaves': 7, 'learning_rate': 0.03, 'min_child_samples': 60}",0,0.3388304591,0.3933234912,0.2678460498,-0.0006267933249,-1,3.591324201e-05,False
2023-02-21,47,lightgbm,"{'num_leaves': 7, 'learning_rate': 0.03, 'min_child_samples': 60}",0,0.3141697168,0.4166127414,0.2692175419,-0.0003270164413,0,3.606164384e-05,False
2023-02-22,47,lightgbm,"{'num_leaves': 7, 'learning_rate': 0.03, 'min_child_samples': 60}",0,0.3095174772,0.4129232842,0.2775592386,-0.0002100473569,0,3.591324201e-05,False
2023-02-23,47,lightgbm,"{'num_leaves': 7, 'learning_rate': 0.03, 'min_child_samples': 60}",0,0.321583846,0.398183381,0.2802327729,-0.0003130405547,0,3.591324201e-05,False
2023-02-24,47,lightgbm,"{'num_leaves': 7, 'learning_rate': 0.03, 'min_child_samples': 60}",0,0.3716383702,0.3746212202,0.2537404096,-0.001050088502,-1,3.606164384e-05,False
2023-02-27,47,lightgbm,"{'num_leaves': 7, 'learning_rate': 0.03, 'min_child_samples': 60}",0,0.3073527253,0.4117399406,0.2809073341,-0.0001600170534,0,3.628424658e-05,False
2023-02-28,47,lightgbm,"{'num_leaves': 7, 'learning_rate': 0.03, 'min_child_samples': 60}",0,0.2810529897,0.4202913463,0.298655664,0.0002588045569,0,3.621004566e-05,False
2023-03-01,47,lightgbm,"{'num_leaves': 7, 'learning_rate': 0.03, 'min_child_samples': 60}",0,0.3168066788,0.4072992498,0.2758940714,-0.0002993044592,0,3.635844749e-05,False
2023-03-02,47,lightgbm,"{'num_leaves': 7, 'learning_rate': 0.03, 'min_child_samples': 60}",0,0.3271754078,0.3987974761,0.2740271161,-0.0004221350225,0,3.64326484e-05,False
2023-03-03,47,lightgbm,"{'num_leaves': 7, 'learning_rate': 0.03, 'min_child_samples': 60}",0,0.2914251859,0.4416762108,0.2668986033,-0.0001104530666,0,3.64326484e-05,False
2023-03-06,47,lightgbm,"{'num_leaves': 7, 'learning_rate': 0.03, 'min_child_samples': 60}",0,0.2949548683,0.412020756,0.2930243757,6.833320313e-05,0,3.658105023e-05,False
2023-03-07,47,lightgbm,"{'num_leaves': 7, 'learning_rate': 0.03, 'min_child_samples': 60}",0,0.2743958471,0.4371052622,0.2884988907,0.00024406124,0,3.739726027e-05,False
2023-03-08,47,lightgbm,"{'num_leaves': 7, 'learning_rate': 0.03, 'min_child_samples': 60}",0,0.3124318069,0.4057112202,0.2818569729,-0.000204818425,0,3.75456621e-05,False
2023-03-09,47,lightgbm,"{'num_leaves': 7, 'learning_rate': 0.03, 'min_child_samples': 60}",0,0.283124812,0.4299106731,0.2869645149,0.0001409634488,0,3.747146119e-05,False
2023-03-10,47,lightgbm,"{'num_leaves': 7, 'learning_rate': 0.03, 'min_child_samples': 60}",0,0.3133625647,0.391864007,0.2947734283,-0.0001079895779,0,3.717465753e-05,False
2023-03-13,47,lightgbm,"{'num_leaves': 7, 'learning_rate': 0.03, 'min_child_samples': 60}",0,0.3196935468,0.3841314716,0.2961749816,-0.0001620379093,0,3.613584475e-05,False
2023-03-14,47,lightgbm,"{'num_leaves': 7, 'learning_rate': 0.03, 'min_child_samples': 60}",0,0.2888612671,0.4092245068,0.3019142261,0.0002047562429,0,3.621004566e-05,False
2023-03-15,47,lightgbm,"{'num_leaves': 7, 'learning_rate': 0.03, 'min_child_samples': 60}",0,0.2950228285,0.3989816571,0.3059955144,0.000174553131,0,3.524543379e-05,False
2023-03-16,47,lightgbm,"{'num_leaves': 7, 'learning_rate': 0.03, 'min_child_samples': 60}",0,0.2291345465,0.4591921333,0.3116733202,0.0009040912789,1,3.517123288e-05,False
2023-03-17,47,lightgbm,"{'num_leaves': 7, 'learning_rate': 0.03, 'min_child_samples': 60}",0,0.2639075366,0.4205280509,0.3155644125,0.0005758485864,1,3.353881279e-05,False
2023-03-20,47,lightgbm,"{'num_leaves': 7, 'learning_rate': 0.03, 'min_child_samples': 60}",0,0.2616362443,0.4627357989,0.2756279569,0.0002701781815,0,3.569063927e-05,False
2023-03-21,47,lightgbm,"{'num_leaves': 7, 'learning_rate': 0.03, 'min_child_samples': 60}",0,0.2837377432,0.452341668,0.2639205888,-5.534422121e-05,0,3.546803653e-05,False
2023-03-22,48,lightgbm,"{'num_leaves': 7, 'learning_rate': 0.03, 'min_child_samples': 30}",0,0.3019276261,0.4242560753,0.2738162986,-0.0001669275849,0,3.554223744e-05,False
2023-03-23,48,lightgbm,"{'num_leaves': 7, 'learning_rate': 0.03, 'min_child_samples': 30}",0,0.2731571794,0.4189533155,0.3078895051,0.0004153728273,0,3.509703196e-05,False
2023-03-24,48,lightgbm,"{'num_leaves': 7, 'learning_rate': 0.03, 'min_child_samples': 30}",0,0.286786639,0.4343861894,0.2788271715,3.21807777e-05,0,3.517123288e-05,False
2023-03-27,48,lightgbm,"{'num_leaves': 7, 'learning_rate': 0.03, 'min_child_samples': 30}",0,0.30954424,0.4242009229,0.266254837,-0.0003089638746,0,3.64326484e-05,False
2023-03-28,48,lightgbm,"{'num_leaves': 7, 'learning_rate': 0.03, 'min_child_samples': 30}",0,0.3063107132,0.4195855717,0.2741037151,-0.0002101282875,0,3.561643836e-05,False
2023-03-29,48,lightgbm,"{'num_leaves': 7, 'learning_rate': 0.03, 'min_child_samples': 30}",0,0.3070034558,0.4245610785,0.2684354657,-0.0002644218885,0,3.561643836e-05,False
2023-03-30,48,lightgbm,"{'num_leaves': 7, 'learning_rate': 0.03, 'min_child_samples': 30}",0,0.3068135337,0.4172008207,0.2759856456,-0.0001997241666,0,3.687785388e-05,False
2023-03-31,48,lightgbm,"{'num_leaves': 7, 'learning_rate': 0.03, 'min_child_samples': 30}",0,0.3172988662,0.4270172708,0.255683863,-0.0004774368437,-1,3.598744292e-05,False
2023-04-03,48,lightgbm,"{'num_leaves': 7, 'learning_rate': 0.03, 'min_child_samples': 30}",0,0.3076699394,0.4122684738,0.2800615869,-0.0001747711558,0,3.635844749e-05,False
2023-04-04,48,lightgbm,"{'num_leaves': 7, 'learning_rate': 0.03, 'min_child_samples': 30}",0,0.2335877772,0.4156957615,0.3507164613,0.001182713801,1,3.621004566e-05,False
2023-04-05,48,lightgbm,"{'num_leaves': 7, 'learning_rate': 0.03, 'min_child_samples': 30}",0,0.2580438297,0.4116383416,0.3303178287,0.0007588874248,1,3.606164384e-05,False
2023-04-06,48,lightgbm,"{'num_leaves': 7, 'learning_rate': 0.03, 'min_child_samples': 30}",0,0.2773987262,0.4098159243,0.3127853495,0.0004119283268,0,3.64326484e-05,False
2023-04-10,48,lightgbm,"{'num_leaves': 7, 'learning_rate': 0.03, 'min_child_samples': 30}",0,0.3052978251,0.4155549983,0.2791471766,-0.0001576952211,0,3.769406393e-05,False
2023-04-11,48,lightgbm,"{'num_leaves': 7, 'learning_rate': 0.03, 'min_child_samples': 30}",0,0.2975764252,0.410528153,0.2918954218,2.851961891e-05,0,3.739726027e-05,False
2023-04-12,48,lightgbm,"{'num_leaves': 7, 'learning_rate': 0.03, 'min_child_samples': 30}",0,0.2866723665,0.4185755147,0.2947521188,0.0001656641936,0,3.724885845e-05,False
2023-04-13,48,lightgbm,"{'num_leaves': 7, 'learning_rate': 0.03, 'min_child_samples': 30}",0,0.3070263103,0.428601224,0.2643724657,-0.0002984125544,0,3.784246575e-05,False
2023-04-14,48,lightgbm,"{'num_leaves': 7, 'learning_rate': 0.03, 'min_child_samples': 30}",0,0.307690244,0.4246563933,0.2676533626,-0.000278062398,0,3.813926941e-05,False
2023-04-17,48,lightgbm,"{'num_leaves': 7, 'learning_rate': 0.03, 'min_child_samples': 30}",0,0.287707959,0.4262977343,0.2859943067,8.213839238e-05,0,3.86586758e-05,False
2023-04-18,48,lightgbm,"{'num_leaves': 7, 'learning_rate': 0.03, 'min_child_samples': 30}",0,0.2942848237,0.4134571666,0.2922580097,6.576765062e-05,0,3.858447489e-05,False
2023-04-19,48,lightgbm,"{'num_leaves': 7, 'learning_rate': 0.03, 'min_child_samples': 30}",0,0.2966582204,0.4172237614,0.2861180182,-9.925344578e-06,0,3.828767123e-05,False
2023-04-20,48,lightgbm,"{'num_leaves': 7, 'learning_rate': 0.03, 'min_child_samples': 30}",0,0.3051466147,0.4180178837,0.2768355016,-0.0001753264888,0,3.799086758e-05,False
2023-04-21,49,lightgbm,"{'num_leaves': 7, 'learning_rate': 0.03, 'min_child_samples': 30}",0,0.2982049246,0.4424085628,0.2593865126,-0.0002321132381,0,3.813926941e-05,False
2023-04-24,49,lightgbm,"{'num_leaves': 7, 'learning_rate': 0.03, 'min_child_samples': 30}",0,0.2794979204,0.4159801377,0.3045219419,0.0003359553002,0,3.858447489e-05,False
2023-04-25,49,lightgbm,"{'num_leaves': 7, 'learning_rate': 0.03, 'min_child_samples': 30}",0,0.2668098117,0.3891079873,0.3440822009,0.0007954224048,1,3.799086758e-05,False
2023-04-26,49,lightgbm,"{'num_leaves': 7, 'learning_rate': 0.03, 'min_child_samples': 30}",0,0.2699309023,0.3878898382,0.3421792594,0.0007472984587,1,3.828767123e-05,False
2023-04-27,49,lightgbm,"{'num_leaves': 7, 'learning_rate': 0.03, 'min_child_samples': 30}",0,0.3205260457,0.425966594,0.2535073604,-0.0005121971935,-1,3.843607306e-05,False
2023-04-28,49,lightgbm,"{'num_leaves': 7, 'learning_rate': 0.03, 'min_child_samples': 30}",0,0.2976898853,0.4312375777,0.2710725369,-0.0001298956158,0,3.784246575e-05,False
2023-05-01,49,lightgbm,"{'num_leaves': 7, 'learning_rate': 0.03, 'min_child_samples': 30}",0,0.2941497386,0.4400942726,0.2657559888,-0.0001372794755,0,3.910388128e-05,False
2023-05-02,49,lightgbm,"{'num_leaves': 7, 'learning_rate': 0.03, 'min_child_samples': 30}",0,0.2729316158,0.3924530766,0.3346153076,0.0006534912002,1,3.888127854e-05,False
2023-05-03,49,lightgbm,"{'num_leaves': 7, 'learning_rate': 0.03, 'min_child_samples': 30}",0,0.2600707445,0.407780997,0.3321482586,0.0007663338031,1,3.902968037e-05,False
2023-05-04,49,lightgbm,"{'num_leaves': 7, 'learning_rate': 0.03, 'min_child_samples': 30}",0,0.2599727249,0.3778349663,0.3621923088,0.001016421108,1,3.902968037e-05,False
2023-05-05,49,lightgbm,"{'num_leaves': 7, 'learning_rate': 0.03, 'min_child_samples': 30}",0,0.2859926746,0.458686236,0.2553210895,-0.0001392440444,0,3.902968037e-05,False
2023-05-08,49,lightgbm,"{'num_leaves': 7, 'learning_rate': 0.03, 'min_child_samples': 30}",0,0.3329230333,0.4591499215,0.2079270451,-0.001018554522,-1,3.940068493e-05,False
2023-05-09,49,lightgbm,"{'num_leaves': 7, 'learning_rate': 0.03, 'min_child_samples': 30}",0,0.3067131804,0.5029079861,0.1903788335,-0.0008923839686,-1,3.925228311e-05,False
2023-05-10,49,lightgbm,"{'num_leaves': 7, 'learning_rate': 0.03, 'min_child_samples': 30}",0,0.27858296,0.4000041574,0.3214128827,0.0004854676903,1,3.888127854e-05,False
2023-05-11,49,lightgbm,"{'num_leaves': 7, 'learning_rate': 0.03, 'min_child_samples': 30}",0,0.2925458144,0.4327727056,0.27468148,-4.666162772e-05,0,3.858447489e-05,False
2023-05-12,49,lightgbm,"{'num_leaves': 7, 'learning_rate': 0.03, 'min_child_samples': 30}",0,0.3191528384,0.4561675966,0.2246795649,-0.0007369531421,-1,3.895547945e-05,False
2023-05-15,49,lightgbm,"{'num_leaves': 7, 'learning_rate': 0.03, 'min_child_samples': 30}",0,0.3028340921,0.433527137,0.2636387709,-0.0002448395857,0,3.86586758e-05,False
2023-05-16,49,lightgbm,"{'num_leaves': 7, 'learning_rate': 0.03, 'min_child_samples': 30}",0,0.3062109127,0.4550576988,0.2387313885,-0.0004863255883,-1,3.880707763e-05,False
2023-05-17,49,lightgbm,"{'num_leaves': 7, 'learning_rate': 0.03, 'min_child_samples': 30}",0,0.2884820966,0.4476888,0.2638291034,-9.451216287e-05,0,3.902968037e-05,False
2023-05-18,49,lightgbm,"{'num_leaves': 7, 'learning_rate': 0.03, 'min_child_samples': 30}",0,0.2872787649,0.4554326882,0.2572885469,-0.0001362629435,0,3.940068493e-05,False
2023-05-19,49,lightgbm,"{'num_leaves': 7, 'learning_rate': 0.03, 'min_child_samples': 30}",0,0.319767417,0.4628189484,0.2174136346,-0.0008035589339,-1,3.925228311e-05,False
2023-05-22,50,lightgbm,"{'num_leaves': 7, 'learning_rate': 0.03, 'min_child_samples': 30}",0,0.2694796813,0.4549354952,0.2755848236,0.0001996122229,0,4.006849315e-05,False
2023-05-23,50,lightgbm,"{'num_leaves': 7, 'learning_rate': 0.03, 'min_child_samples': 30}",0,0.2834246495,0.430195618,0.2863797325,0.0001455035481,0,3.962328767e-05,False
2023-05-24,50,lightgbm,"{'num_leaves': 7, 'learning_rate': 0.03, 'min_child_samples': 30}",0,0.2848093532,0.4183598651,0.2968307818,0.0002181791153,0,3.984589041e-05,False
2023-05-25,50,lightgbm,"{'num_leaves': 7, 'learning_rate': 0.03, 'min_child_samples': 30}",0,0.2991569419,0.406596641,0.2942464171,4.857911389e-05,0,3.992009132e-05,False
2023-05-26,50,lightgbm,"{'num_leaves': 7, 'learning_rate': 0.03, 'min_child_samples': 30}",0,0.2851205917,0.458421243,0.2564581653,-0.0001209938724,0,3.962328767e-05,False
2023-05-30,50,lightgbm,"{'num_leaves': 7, 'learning_rate': 0.03, 'min_child_samples': 30}",0,0.2858162523,0.4451320231,0.2690517246,-2.337719765e-05,0,4.118150685e-05,False
2023-05-31,50,lightgbm,"{'num_leaves': 7, 'learning_rate': 0.03, 'min_child_samples': 30}",0,0.2796238915,0.4183187678,0.3020573407,0.0003151956501,0,4.095890411e-05,False
2023-06-01,50,lightgbm,"{'num_leaves': 7, 'learning_rate': 0.03, 'min_child_samples': 30}",0,0.2757310078,0.4536314134,0.2706375789,9.39182597e-05,0,4.081050228e-05,False
2023-06-02,50,lightgbm,"{'num_leaves': 7, 'learning_rate': 0.03, 'min_child_samples': 30}",0,0.2491002367,0.4961910362,0.2547087271,0.0002362463293,0,4.081050228e-05,False
2023-06-05,50,lightgbm,"{'num_leaves': 7, 'learning_rate': 0.03, 'min_child_samples': 30}",0,0.2742253283,0.4658370111,0.2599376607,2.042043098e-05,0,4.051369863e-05,False
2023-06-06,50,lightgbm,"{'num_leaves': 7, 'learning_rate': 0.03, 'min_child_samples': 30}",0,0.2629502713,0.4795770194,0.2574727093,0.0001162882532,0,4.03652968e-05,False
2023-06-07,50,lightgbm,"{'num_leaves': 7, 'learning_rate': 0.03, 'min_child_samples': 30}",0,0.2781683333,0.4394956674,0.2823359993,0.00016610877,0,4.021689498e-05,False
2023-06-08,50,lightgbm,"{'num_leaves': 7, 'learning_rate': 0.03, 'min_child_samples': 30}",0,0.2766177419,0.4590153073,0.2643669508,3.258450538e-05,0,3.992009132e-05,False
2023-06-09,50,lightgbm,"{'num_leaves': 7, 'learning_rate': 0.03, 'min_child_samples': 30}",0,0.2740841929,0.4566148921,0.269300915,9.979346355e-05,0,3.984589041e-05,False
2023-06-12,50,lightgbm,"{'num_leaves': 7, 'learning_rate': 0.03, 'min_child_samples': 30}",0,0.2675110277,0.4579278273,0.274561145,0.0002114139151,0,4.006849315e-05,False
2023-06-13,50,lightgbm,"{'num_leaves': 7, 'learning_rate': 0.03, 'min_child_samples': 30}",0,0.2630014741,0.4524312027,0.2845673232,0.0003412273659,0,3.97716895e-05,False
2023-06-14,50,lightgbm,"{'num_leaves': 7, 'learning_rate': 0.03, 'min_child_samples': 30}",0,0.2697826221,0.4444887664,0.2857286115,0.0002808967537,0,3.97716895e-05,False
2023-06-15,50,lightgbm,"{'num_leaves': 7, 'learning_rate': 0.03, 'min_child_samples': 30}",0,0.2875414404,0.4513227786,0.261135781,-0.0001070568625,0,3.954908676e-05,False
2023-06-16,50,lightgbm,"{'num_leaves': 7, 'learning_rate': 0.03, 'min_child_samples': 30}",0,0.2804696295,0.4506007553,0.2689296152,3.079392222e-05,0,3.962328767e-05,False
2023-06-20,50,lightgbm,"{'num_leaves': 7, 'learning_rate': 0.03, 'min_child_samples': 30}",0,0.2696407681,0.430087211,0.3002720209,0.0004033838249,0,3.999429224e-05,False
2023-06-21,50,lightgbm,"{'num_leaves': 7, 'learning_rate': 0.03, 'min_child_samples': 30}",0,0.2698585956,0.4275660312,0.3025753732,0.000420302763,0,4.006849315e-05,False
2023-06-22,51,lightgbm,"{'num_leaves': 7, 'learning_rate': 0.03, 'min_child_samples': 30}",0,0.2851657053,0.4593141402,0.2555201545,-0.0001144004307,0,4.006849315e-05,False
2023-06-23,51,lightgbm,"{'num_leaves': 7, 'learning_rate': 0.03, 'min_child_samples': 30}",0,0.2673568546,0.4064050688,0.3262380766,0.0006576325726,1,4.014269406e-05,False
2023-06-26,51,lightgbm,"{'num_leaves': 7, 'learning_rate': 0.03, 'min_child_samples': 30}",0,0.2636499587,0.3979741809,0.3383758604,0.0007968337195,1,4.081050228e-05,False
2023-06-27,51,lightgbm,"{'num_leaves': 7, 'learning_rate': 0.03, 'min_child_samples': 30}",0,0.2833199382,0.4560262267,0.2606538351,-5.266488015e-05,0,4.03652968e-05,False
2023-06-28,51,lightgbm,"{'num_leaves': 7, 'learning_rate': 0.03, 'min_child_samples': 30}",0,0.2731951561,0.4278204996,0.2989843443,0.0003706501957,0,4.03652968e-05,False
2023-06-29,51,lightgbm,"{'num_leaves': 7, 'learning_rate': 0.03, 'min_child_samples': 30}",0,0.2924219469,0.4798199031,0.2277581501,-0.0004202071474,0,4.051369863e-05,False
2023-06-30,51,lightgbm,"{'num_leaves': 7, 'learning_rate': 0.03, 'min_child_samples': 30}",0,0.2876871988,0.4677321295,0.2445806717,-0.0002314256669,0,2.169520548e-05,False
2023-07-03,51,lightgbm,"{'num_leaves': 7, 'learning_rate': 0.03, 'min_child_samples': 30}",0,0.2884938529,0.4697270774,0.2417790697,-0.0002630517392,0,4.03652968e-05,False
2023-07-05,51,lightgbm,"{'num_leaves': 7, 'learning_rate': 0.03, 'min_child_samples': 30}",0,0.3031202152,0.4955937068,0.201286078,-0.0007506984663,-1,4.03652968e-05,False
2023-07-06,51,lightgbm,"{'num_leaves': 7, 'learning_rate': 0.03, 'min_child_samples': 30}",0,0.2860899336,0.4609391884,0.252970878,-0.0001451358208,0,4.051369863e-05,False
2023-07-07,51,lightgbm,"{'num_leaves': 7, 'learning_rate': 0.03, 'min_child_samples': 30}",0,0.2893249395,0.4686236314,0.2420514291,-0.0002693374092,0,4.051369863e-05,False
2023-07-10,51,lightgbm,"{'num_leaves': 7, 'learning_rate': 0.03, 'min_child_samples': 30}",0,0.2896291103,0.4707181485,0.2396527412,-0.0002924377468,0,4.066210046e-05,False
2023-07-11,51,lightgbm,"{'num_leaves': 7, 'learning_rate': 0.03, 'min_child_samples': 30}",0,0.2847513704,0.4597849149,0.2554637147,-0.0001106061672,0,4.073630137e-05,False
2023-07-12,51,lightgbm,"{'num_leaves': 7, 'learning_rate': 0.03, 'min_child_samples': 30}",0,0.2738349039,0.4265394038,0.2996256923,0.0003694056605,0,4.058789954e-05,False
2023-07-13,51,lightgbm,"{'num_leaves': 7, 'learning_rate': 0.03, 'min_child_samples': 30}",0,0.2642689815,0.3943668523,0.3413641662,0.0008153417564,1,4.058789954e-05,False
2023-07-14,51,lightgbm,"{'num_leaves': 7, 'learning_rate': 0.03, 'min_child_samples': 30}",0,0.2690403181,0.4146353952,0.3163242867,0.0005577712234,1,4.073630137e-05,False
2023-07-17,51,lightgbm,"{'num_leaves': 7, 'learning_rate': 0.03, 'min_child_samples': 30}",0,0.2727342618,0.4263963551,0.3008693832,0.0003910871441,0,4.073630137e-05,False
2023-07-18,51,lightgbm,"{'num_leaves': 7, 'learning_rate': 0.03, 'min_child_samples': 30}",0,0.281488405,0.4478916255,0.2706199695,4.915612208e-05,0,4.073630137e-05,False
2023-07-19,51,lightgbm,"{'num_leaves': 7, 'learning_rate': 0.03, 'min_child_samples': 30}",0,0.2914376464,0.467759109,0.2408032446,-0.0003014720107,0,4.073630137e-05,False
2023-07-20,51,lightgbm,"{'num_leaves': 7, 'learning_rate': 0.03, 'min_child_samples': 30}",0,0.2935309551,0.4816845357,0.2247845091,-0.0004563771962,-1,4.073630137e-05,False
2023-07-21,51,lightgbm,"{'num_leaves': 7, 'learning_rate': 0.03, 'min_child_samples': 30}",0,0.3013559747,0.4992057204,0.1994383049,-0.0007479250974,-1,4.081050228e-05,False
2023-07-24,52,lightgbm,"{'num_leaves': 7, 'learning_rate': 0.03, 'min_child_samples': 30}",0,0.2782769427,0.5050023489,0.2167207083,-0.0003477338762,0,4.08847032e-05,False
2023-07-25,52,lightgbm,"{'num_leaves': 7, 'learning_rate': 0.03, 'min_child_samples': 30}",0,0.2776513616,0.4718146718,0.2505339666,-6.160996088e-05,0,4.08847032e-05,False
2023-07-26,52,lightgbm,"{'num_leaves': 7, 'learning_rate': 0.03, 'min_child_samples': 30}",0,0.2664539974,0.4764915828,0.2570544198,0.0001071485322,0,4.08847032e-05,False
2023-07-27,52,lightgbm,"{'num_leaves': 7, 'learning_rate': 0.03, 'min_child_samples': 30}",0,0.2564780075,0.4800949513,0.2634270411,0.0002621598992,0,4.08847032e-05,False
2023-07-28,52,lightgbm,"{'num_leaves': 7, 'learning_rate': 0.03, 'min_child_samples': 30}",0,0.2749336058,0.4970080167,0.2280583775,-0.0002196634341,0,4.095890411e-05,False
2023-07-31,52,lightgbm,"{'num_leaves': 7, 'learning_rate': 0.03, 'min_child_samples': 30}",0,0.2812536838,0.5043105111,0.2144358051,-0.0003971591324,0,4.118150685e-05,False
2023-08-01,52,lightgbm,"{'num_leaves': 7, 'learning_rate': 0.03, 'min_child_samples': 30}",0,0.2717105071,0.4904670926,0.2378224003,-0.0001058434146,0,4.110730594e-05,False
2023-08-02,52,lightgbm,"{'num_leaves': 7, 'learning_rate': 0.03, 'min_child_samples': 30}",0,0.2607888553,0.4500244427,0.289186702,0.0004310438696,0,4.103310502e-05,False
2023-08-03,52,lightgbm,"{'num_leaves': 7, 'learning_rate': 0.03, 'min_child_samples': 30}",0,0.2733936593,0.4484956763,0.2781106644,0.0002101686096,0,4.110730594e-05,False
2023-08-04,52,lightgbm,"{'num_leaves': 7, 'learning_rate': 0.03, 'min_child_samples': 30}",0,0.2549205654,0.4315639083,0.3135155263,0.0006924707858,1,4.110730594e-05,False
2023-08-07,52,lightgbm,"{'num_leaves': 7, 'learning_rate': 0.03, 'min_child_samples': 30}",0,0.2472870513,0.4152825435,0.3374304053,0.0009685744656,1,4.125570776e-05,False
2023-08-08,52,lightgbm,"{'num_leaves': 7, 'learning_rate': 0.03, 'min_child_samples': 30}",0,0.2593348065,0.439482041,0.3011831525,0.0005451906947,1,4.132990868e-05,False
2023-08-09,52,lightgbm,"{'num_leaves': 7, 'learning_rate': 0.03, 'min_child_samples': 30}",0,0.2370183485,0.3897717843,0.3732098672,0.001369845802,1,4.118150685e-05,False
2023-08-10,52,lightgbm,"{'num_leaves': 7, 'learning_rate': 0.03, 'min_child_samples': 30}",0,0.2671648497,0.4076830398,0.3251521105,0.0006631750758,1,4.110730594e-05,False
2023-08-11,52,lightgbm,"{'num_leaves': 7, 'learning_rate': 0.03, 'min_child_samples': 30}",0,0.2625369293,0.4599396992,0.2775233714,0.0003166376707,0,4.110730594e-05,False
2023-08-14,52,lightgbm,"{'num_leaves': 7, 'learning_rate': 0.03, 'min_child_samples': 30}",0,0.2464009311,0.4753387954,0.2782602735,0.0004881954555,1,4.125570776e-05,False
2023-08-15,52,lightgbm,"{'num_leaves': 7, 'learning_rate': 0.03, 'min_child_samples': 30}",0,0.2632826895,0.424109698,0.3126076125,0.0005992133446,1,4.125570776e-05,False
2023-08-16,52,lightgbm,"{'num_leaves': 7, 'learning_rate': 0.03, 'min_child_samples': 30}",0,0.2525816771,0.4077227189,0.339695604,0.0009330203436,1,4.125570776e-05,False
2023-08-17,52,lightgbm,"{'num_leaves': 7, 'learning_rate': 0.03, 'min_child_samples': 30}",0,0.2620039848,0.423745103,0.3142509121,0.0006259191142,1,4.125570776e-05,False
2023-08-18,52,lightgbm,"{'num_leaves': 7, 'learning_rate': 0.03, 'min_child_samples': 30}",0,0.2765826748,0.4402916741,0.2831256511,0.0002189525872,0,4.118150685e-05,False
2023-08-21,52,lightgbm,"{'num_leaves': 7, 'learning_rate': 0.03, 'min_child_samples': 30}",0,0.2394188187,0.4138371295,0.3467440519,0.0011263011,1,4.132990868e-05,False
2023-08-22,53,lightgbm,"{'num_leaves': 7, 'learning_rate': 0.03, 'min_child_samples': 30}",0,0.2896555398,0.3479121009,0.3624323593,0.0007194502821,1,4.132990868e-05,False
2023-08-23,53,lightgbm,"{'num_leaves': 7, 'learning_rate': 0.03, 'min_child_samples': 30}",0,0.2865618139,0.4578080708,0.2556301153,-0.0001286293487,0,4.132990868e-05,False
2023-08-24,53,lightgbm,"{'num_leaves': 7, 'learning_rate': 0.03, 'min_child_samples': 30}",0,0.2901428743,0.3827606384,0.3270964873,0.0004233703885,0,4.140410959e-05,False
2023-08-25,53,lightgbm,"{'num_leaves': 7, 'learning_rate': 0.03, 'min_child_samples': 30}",0,0.3116041204,0.4441562726,0.244239607,-0.0004791968805,-1,4.162671233e-05,False
2023-08-28,53,lightgbm,"{'num_leaves': 7, 'learning_rate': 0.03, 'min_child_samples': 30}",0,0.2681881516,0.3941910378,0.3376208106,0.0007351483261,1,4.140410959e-05,False
2023-08-29,53,lightgbm,"{'num_leaves': 7, 'learning_rate': 0.03, 'min_child_samples': 30}",0,0.213970409,0.4365788693,0.3494507217,0.001388445635,1,4.125570776e-05,False
2023-08-30,53,lightgbm,"{'num_leaves': 7, 'learning_rate': 0.03, 'min_child_samples': 30}",0,0.2440644353,0.5444605096,0.2114750551,-5.667387261e-05,0,4.125570776e-05,False
2023-08-31,53,lightgbm,"{'num_leaves': 7, 'learning_rate': 0.03, 'min_child_samples': 30}",0,0.2626858199,0.4593027348,0.2780114454,0.0003005192792,0,4.125570776e-05,False
2023-09-01,53,lightgbm,"{'num_leaves': 7, 'learning_rate': 0.03, 'min_child_samples': 30}",0,0.2724638911,0.4765296475,0.2510064614,-2.218364743e-05,0,4.103310502e-05,False
2023-09-05,53,lightgbm,"{'num_leaves': 7, 'learning_rate': 0.03, 'min_child_samples': 30}",0,0.2605842684,0.6156863349,0.1237293967,-0.0009488530937,-1,4.118150685e-05,False
2023-09-06,53,lightgbm,"{'num_leaves': 7, 'learning_rate': 0.03, 'min_child_samples': 30}",0,0.2500428649,0.5427537497,0.2072033854,-0.0001531538792,0,4.118150685e-05,False
2023-09-07,53,lightgbm,"{'num_leaves': 7, 'learning_rate': 0.03, 'min_child_samples': 30}",0,0.2707790728,0.4847891286,0.2444317986,-5.907029458e-05,0,4.103310502e-05,False
2023-09-08,53,lightgbm,"{'num_leaves': 7, 'learning_rate': 0.03, 'min_child_samples': 30}",0,0.252699414,0.5159910425,0.2313095435,1.818835674e-05,0,4.118150685e-05,False
2023-09-11,53,lightgbm,"{'num_leaves': 7, 'learning_rate': 0.03, 'min_child_samples': 30}",0,0.2937446069,0.4817497504,0.2245056428,-0.0004586599691,-1,4.118150685e-05,False
2023-09-12,53,lightgbm,"{'num_leaves': 7, 'learning_rate': 0.03, 'min_child_samples': 30}",0,0.275118374,0.4729758264,0.2519057997,-4.198931955e-05,0,4.125570776e-05,False
2023-09-13,53,lightgbm,"{'num_leaves': 7, 'learning_rate': 0.03, 'min_child_samples': 30}",0,0.2900481499,0.4373917885,0.2725600617,-2.490913367e-05,0,4.118150685e-05,False
2023-09-14,53,lightgbm,"{'num_leaves': 7, 'learning_rate': 0.03, 'min_child_samples': 30}",0,0.2347791461,0.4479249907,0.3172958633,0.0009102322354,1,4.118150685e-05,False
2023-09-15,53,lightgbm,"{'num_leaves': 7, 'learning_rate': 0.03, 'min_child_samples': 30}",0,0.2624229787,0.4892512147,0.2483258066,5.867478398e-05,0,4.125570776e-05,False
2023-09-18,53,lightgbm,"{'num_leaves': 7, 'learning_rate': 0.03, 'min_child_samples': 30}",0,0.302027219,0.4654619906,0.2325107904,-0.0004776309137,-1,4.118150685e-05,False
2023-09-19,53,lightgbm,"{'num_leaves': 7, 'learning_rate': 0.03, 'min_child_samples': 30}",0,0.3289793606,0.4270711233,0.2439495161,-0.00065971963,-1,4.110730594e-05,False
2023-09-20,53,lightgbm,"{'num_leaves': 7, 'learning_rate': 0.03, 'min_child_samples': 30}",0,0.2605383446,0.4575313806,0.2819302748,0.0003548173065,0,4.125570776e-05,False
2023-09-21,54,lightgbm,"{'num_leaves': 7, 'learning_rate': 0.03, 'min_child_samples': 30}",0,0.3427248105,0.3408242372,0.3164509523,-0.0002159871516,0,4.132990868e-05,False
2023-09-22,54,lightgbm,"{'num_leaves': 7, 'learning_rate': 0.03, 'min_child_samples': 30}",0,0.2916252435,0.3193770217,0.3889977348,0.000905227322,1,4.125570776e-05,False
2023-09-25,54,lightgbm,"{'num_leaves': 7, 'learning_rate': 0.03, 'min_child_samples': 30}",0,0.3014563278,0.3263252507,0.3722184215,0.0006662640083,1,4.140410959e-05,False
2023-09-26,54,lightgbm,"{'num_leaves': 7, 'learning_rate': 0.03, 'min_child_samples': 30}",0,0.2142838753,0.2813316102,0.5043845145,0.002648244197,1,4.140410959e-05,False
2023-09-27,54,lightgbm,"{'num_leaves': 7, 'learning_rate': 0.03, 'min_child_samples': 30}",0,0.2833403058,0.3121514461,0.4045082481,0.001117897689,1,4.140410959e-05,False
2023-09-28,54,lightgbm,"{'num_leaves': 7, 'learning_rate': 0.03, 'min_child_samples': 30}",0,0.3266171595,0.3042711456,0.3691116949,0.0003829212459,0,4.125570776e-05,False
2023-09-29,54,lightgbm,"{'num_leaves': 7, 'learning_rate': 0.03, 'min_child_samples': 30}",0,0.2926650114,0.3095194621,0.3978155265,0.0009672311528,1,4.118150685e-05,False
2023-10-02,54,lightgbm,"{'num_leaves': 7, 'learning_rate': 0.03, 'min_child_samples': 30}",0,0.309954353,0.4046312537,0.2854143934,-0.000136019353,0,4.170091324e-05,False
2023-10-03,54,lightgbm,"{'num_leaves': 7, 'learning_rate': 0.03, 'min_child_samples': 30}",0,0.3162178253,0.295525069,0.3882571057,0.0006472013469,1,4.170091324e-05,False
2023-10-04,54,lightgbm,"{'num_leaves': 7, 'learning_rate': 0.03, 'min_child_samples': 30}",0,0.3003419015,0.3450221748,0.3546359238,0.0005328072841,1,4.162671233e-05,False
2023-10-05,54,lightgbm,"{'num_leaves': 7, 'learning_rate': 0.03, 'min_child_samples': 30}",0,0.3172300873,0.349291048,0.3334788647,0.0001854809779,0,4.162671233e-05,False
2023-10-06,54,lightgbm,"{'num_leaves': 7, 'learning_rate': 0.03, 'min_child_samples': 30}",0,0.2930760604,0.5026131048,0.2043108347,-0.0006313811311,-1,4.177511416e-05,False
2023-10-09,54,lightgbm,"{'num_leaves': 7, 'learning_rate': 0.03, 'min_child_samples': 30}",0,0.2973874859,0.541344218,0.1612682961,-0.001030200228,-1,4.177511416e-05,False
2023-10-10,54,lightgbm,"{'num_leaves': 7, 'learning_rate': 0.03, 'min_child_samples': 30}",0,0.3123240848,0.4683698375,0.2193060777,-0.0007050007802,-1,4.162671233e-05,False
2023-10-11,54,lightgbm,"{'num_leaves': 7, 'learning_rate': 0.03, 'min_child_samples': 30}",0,0.2652102932,0.5140008765,0.2207888303,-0.0002101554033,0,4.162671233e-05,False
2023-10-12,54,lightgbm,"{'num_leaves': 7, 'learning_rate': 0.03, 'min_child_samples': 30}",0,0.2746376219,0.4973069231,0.228055455,-0.0002468537474,0,4.177511416e-05,False
2023-10-13,54,lightgbm,"{'num_leaves': 7, 'learning_rate': 0.03, 'min_child_samples': 30}",0,0.2912444295,0.4820006855,0.226754885,-0.0004276880921,0,4.170091324e-05,False
2023-10-16,54,lightgbm,"{'num_leaves': 7, 'learning_rate': 0.03, 'min_child_samples': 30}",0,0.3022980379,0.4382313617,0.2594706004,-0.000271355486,0,4.162671233e-05,False
2023-10-17,54,lightgbm,"{'num_leaves': 7, 'learning_rate': 0.03, 'min_child_samples': 30}",0,0.2579277794,0.547341816,0.1947304047,-0.0003502652397,0,4.170091324e-05,False
2023-10-18,54,lightgbm,"{'num_leaves': 7, 'learning_rate': 0.03, 'min_child_samples': 30}",0,0.2860474235,0.4535374017,0.2604151748,-9.710320518e-05,0,4.162671233e-05,False
2023-10-19,54,lightgbm,"{'num_leaves': 7, 'learning_rate': 0.03, 'min_child_samples': 30}",0,0.2587975167,0.4902787912,0.2509236921,0.0001038355697,0,4.155251142e-05,False
2023-10-20,55,lightgbm,"{'num_leaves': 7, 'learning_rate': 0.03, 'min_child_samples': 30}",0,0.3026165398,0.407849807,0.2895336532,-3.36502985e-05,0,4.140410959e-05,False
2023-10-23,55,lightgbm,"{'num_leaves': 7, 'learning_rate': 0.03, 'min_child_samples': 30}",0,0.2907591529,0.3938520852,0.3153887619,0.0003015645418,0,4.140410959e-05,False
2023-10-24,55,lightgbm,"{'num_leaves': 7, 'learning_rate': 0.03, 'min_child_samples': 30}",0,0.3433055995,0.327768233,0.3289261675,-0.0001256190914,0,4.140410959e-05,False
2023-10-25,55,lightgbm,"{'num_leaves': 7, 'learning_rate': 0.03, 'min_child_samples': 30}",0,0.3114970009,0.3981323588,0.2903706403,-0.0001178305156,0,4.14783105e-05,False
2023-10-26,55,lightgbm,"{'num_leaves': 7, 'learning_rate': 0.03, 'min_child_samples': 30}",0,0.2770256117,0.3626789566,0.3602954316,0.0008134056142,1,4.14783105e-05,False
2023-10-27,55,lightgbm,"{'num_leaves': 7, 'learning_rate': 0.03, 'min_child_samples': 30}",0,0.277545901,0.2859824677,0.4364716312,0.001437344107,1,4.14783105e-05,False
2023-10-30,55,lightgbm,"{'num_leaves': 7, 'learning_rate': 0.03, 'min_child_samples': 30}",0,0.2738336086,0.3892501166,0.3369162747,0.0006530183958,1,4.155251142e-05,False
2023-10-31,55,lightgbm,"{'num_leaves': 7, 'learning_rate': 0.03, 'min_child_samples': 30}",0,0.290451782,0.4701243046,0.2394239134,-0.0003228121073,0,4.14783105e-05,False
2023-11-01,55,lightgbm,"{'num_leaves': 7, 'learning_rate': 0.03, 'min_child_samples': 30}",0,0.3084195522,0.4178839946,0.2736964532,-0.0002240044719,0,4.132990868e-05,False
2023-11-02,55,lightgbm,"{'num_leaves': 7, 'learning_rate': 0.03, 'min_child_samples': 30}",0,0.2660712969,0.5935473233,0.1403813798,-0.0008908903837,-1,4.110730594e-05,False
2023-11-03,55,lightgbm,"{'num_leaves': 7, 'learning_rate': 0.03, 'min_child_samples': 30}",0,0.2441470662,0.4205067514,0.3353461824,0.0009445681362,1,4.103310502e-05,False
2023-11-06,55,lightgbm,"{'num_leaves': 7, 'learning_rate': 0.03, 'min_child_samples': 30}",0,0.2468283482,0.4840567705,0.2691148813,0.0003699411353,0,4.125570776e-05,False
2023-11-07,55,lightgbm,"{'num_leaves': 7, 'learning_rate': 0.03, 'min_child_samples': 30}",0,0.2382808722,0.4561915024,0.3055276254,0.0007584178251,1,4.118150685e-05,False
2023-11-08,55,lightgbm,"{'num_leaves': 7, 'learning_rate': 0.03, 'min_child_samples': 30}",0,0.2264533984,0.3496510269,0.4238955747,0.001857554912,1,4.110730594e-05,False
2023-11-09,55,lightgbm,"{'num_leaves': 7, 'learning_rate': 0.03, 'min_child_samples': 30}",0,0.3061194789,0.446261065,0.2476194561,-0.0004158272579,0,4.110730594e-05,False
2023-11-10,55,lightgbm,"{'num_leaves': 7, 'learning_rate': 0.03, 'min_child_samples': 30}",0,0.249753664,0.5967683312,0.1534780048,-0.0006153181798,-1,4.103310502e-05,False
2023-11-13,55,lightgbm,"{'num_leaves': 7, 'learning_rate': 0.03, 'min_child_samples': 30}",0,0.2835666214,0.5090121245,0.207421254,-0.0005165524271,-1,4.118150685e-05,False
2023-11-14,55,lightgbm,"{'num_leaves': 7, 'learning_rate': 0.03, 'min_child_samples': 30}",0,0.2631505984,0.578505979,0.1583434227,-0.0007125496594,-1,4.095890411e-05,False
2023-11-15,55,lightgbm,"{'num_leaves': 7, 'learning_rate': 0.03, 'min_child_samples': 30}",0,0.2546209346,0.595590856,0.1497882095,-0.0006957265069,-1,4.103310502e-05,False
2023-11-16,55,lightgbm,"{'num_leaves': 7, 'learning_rate': 0.03, 'min_child_samples': 30}",0,0.2550120656,0.5481853856,0.1968025488,-0.0003113631136,0,4.08847032e-05,False
2023-11-17,55,lightgbm,"{'num_leaves': 7, 'learning_rate': 0.03, 'min_child_samples': 30}",0,0.2879956139,0.4924557159,0.2195486703,-0.0004618023128,-1,4.081050228e-05,False
2023-11-20,56,lightgbm,"{'num_leaves': 7, 'learning_rate': 0.03, 'min_child_samples': 30}",0,0.2591243353,0.4136174004,0.3272582644,0.0007332780219,1,4.110730594e-05,False
2023-11-21,56,lightgbm,"{'num_leaves': 7, 'learning_rate': 0.03, 'min_child_samples': 30}",0,0.2584493759,0.496239392,0.2453112321,6.52953682e-05,0,4.103310502e-05,False
2023-11-22,56,lightgbm,"{'num_leaves': 7, 'learning_rate': 0.03, 'min_child_samples': 30}",0,0.275302022,0.4223885618,0.3023094162,0.0003614764873,0,2.21347032e-05,False
2023-11-24,56,lightgbm,"{'num_leaves': 7, 'learning_rate': 0.03, 'min_child_samples': 30}",0,0.2904589391,0.5477943348,0.161746726,-0.0009520348081,-1,4.110730594e-05,False
2023-11-27,56,lightgbm,"{'num_leaves': 7, 'learning_rate': 0.03, 'min_child_samples': 30}",0,0.2706679811,0.5496304052,0.1797016137,-0.0006006884154,-1,4.073630137e-05,False
2023-11-28,56,lightgbm,"{'num_leaves': 7, 'learning_rate': 0.03, 'min_child_samples': 30}",0,0.244662249,0.3737857892,0.3815519618,0.001329128017,1,4.058789954e-05,False
2023-11-29,56,lightgbm,"{'num_leaves': 7, 'learning_rate': 0.03, 'min_child_samples': 30}",0,0.2230907569,0.460965167,0.3159440761,0.001010550681,1,4.043949772e-05,False
2023-11-30,56,lightgbm,"{'num_leaves': 7, 'learning_rate': 0.03, 'min_child_samples': 30}",0,0.2553990548,0.344521648,0.4000792972,0.001371336636,1,4.043949772e-05,False
2023-12-01,56,lightgbm,"{'num_leaves': 7, 'learning_rate': 0.03, 'min_child_samples': 30}",0,0.2471690275,0.3009959798,0.4518349927,0.001882212366,1,4.029109589e-05,False
2023-12-04,56,lightgbm,"{'num_leaves': 7, 'learning_rate': 0.03, 'min_child_samples': 30}",0,0.2640796367,0.4940737271,0.2418466362,-2.112337558e-05,0,4.051369863e-05,False
2023-12-05,56,lightgbm,"{'num_leaves': 7, 'learning_rate': 0.03, 'min_child_samples': 30}",0,0.2622634988,0.4368383658,0.3008981355,0.0004839006601,1,4.043949772e-05,False
2023-12-06,56,lightgbm,"{'num_leaves': 7, 'learning_rate': 0.03, 'min_child_samples': 30}",0,0.2576868837,0.3715557496,0.3707573667,0.001106318133,1,4.043949772e-05,False
2023-12-07,56,lightgbm,"{'num_leaves': 7, 'learning_rate': 0.03, 'min_child_samples': 30}",0,0.2423677167,0.3832958682,0.3743364151,0.001293290068,1,4.03652968e-05,False
2023-12-08,56,lightgbm,"{'num_leaves': 7, 'learning_rate': 0.03, 'min_child_samples': 30}",0,0.2752665298,0.4696783968,0.2550550734,-2.734889356e-05,0,4.03652968e-05,False
2023-12-11,56,lightgbm,"{'num_leaves': 7, 'learning_rate': 0.03, 'min_child_samples': 30}",0,0.2527798919,0.4697634,0.2774567081,0.0003883352173,0,4.058789954e-05,False
2023-12-12,56,lightgbm,"{'num_leaves': 7, 'learning_rate': 0.03, 'min_child_samples': 30}",0,0.262827611,0.4822802646,0.2548921243,9.919216626e-05,0,4.051369863e-05,False
2023-12-13,56,lightgbm,"{'num_leaves': 7, 'learning_rate': 0.03, 'min_child_samples': 30}",0,0.2704224633,0.4389025303,0.2906750064,0.0003158208171,0,4.03652968e-05,False
2023-12-14,56,lightgbm,"{'num_leaves': 7, 'learning_rate': 0.03, 'min_child_samples': 30}",0,0.2687719173,0.3294698562,0.4017582265,0.001247679532,1,4.029109589e-05,False
2023-12-15,56,lightgbm,"{'num_leaves': 7, 'learning_rate': 0.03, 'min_child_samples': 30}",0,0.258223829,0.2491904559,0.4925857151,0.00210418517,1,4.03652968e-05,False
2023-12-18,56,lightgbm,"{'num_leaves': 7, 'learning_rate': 0.03, 'min_child_samples': 30}",0,0.250721552,0.2929063873,0.4563720607,0.00188305689,1,4.051369863e-05,False
2023-12-19,56,lightgbm,"{'num_leaves': 7, 'learning_rate': 0.03, 'min_child_samples': 30}",0,0.2409541511,0.5122651281,0.2467807208,0.0002572646184,0,4.029109589e-05,False
2023-12-20,57,lightgbm,"{'num_leaves': 7, 'learning_rate': 0.03, 'min_child_samples': 30}",0,0.2491426457,0.5382874832,0.2125698711,-9.560742689e-05,0,4.03652968e-05,False
2023-12-21,57,lightgbm,"{'num_leaves': 7, 'learning_rate': 0.03, 'min_child_samples': 30}",0,0.330771393,0.4874015747,0.1818270323,-0.001184580079,-1,4.021689498e-05,False
2023-12-22,57,lightgbm,"{'num_leaves': 7, 'learning_rate': 0.03, 'min_child_samples': 30}",0,0.3044377283,0.4741592839,0.2214029879,-0.0005900614333,-1,4.03652968e-05,False
2023-12-26,57,lightgbm,"{'num_leaves': 7, 'learning_rate': 0.03, 'min_child_samples': 30}",0,0.3572816691,0.4701543309,0.172564,-0.001532327535,-1,4.043949772e-05,False
2023-12-27,57,lightgbm,"{'num_leaves': 7, 'learning_rate': 0.03, 'min_child_samples': 30}",0,0.3317163775,0.5118357125,0.15644791,-0.001402390222,-1,4.03652968e-05,False
2023-12-28,57,lightgbm,"{'num_leaves': 7, 'learning_rate': 0.03, 'min_child_samples': 30}",0,0.3635235834,0.4582998706,0.178176546,-0.001550294391,-1,4.043949772e-05,False
2023-12-29,57,lightgbm,"{'num_leaves': 7, 'learning_rate': 0.03, 'min_child_samples': 30}",0,0.3156950952,0.4493950273,0.2349098776,-0.000594709416,-1,4.006849315e-05,False
2024-01-02,57,lightgbm,"{'num_leaves': 7, 'learning_rate': 0.03, 'min_child_samples': 30}",0,0.2786977408,0.4729094669,0.2483927923,-0.0001048422433,0,4.051369863e-05,False
2024-01-03,57,lightgbm,"{'num_leaves': 7, 'learning_rate': 0.03, 'min_child_samples': 30}",0,0.2319166075,0.3785086095,0.389574783,0.001532528328,1,4.066210046e-05,False
2024-01-04,57,lightgbm,"{'num_leaves': 7, 'learning_rate': 0.03, 'min_child_samples': 30}",0,0.2804630187,0.4497567631,0.2697802181,5.244804598e-05,0,4.066210046e-05,False
2024-01-05,57,lightgbm,"{'num_leaves': 7, 'learning_rate': 0.03, 'min_child_samples': 30}",0,0.2652329658,0.4399780607,0.2947889735,0.0004136727995,0,4.058789954e-05,False
2024-01-08,57,lightgbm,"{'num_leaves': 7, 'learning_rate': 0.03, 'min_child_samples': 30}",0,0.2842374613,0.5468815338,0.1688810048,-0.0008136742016,-1,4.073630137e-05,False
2024-01-09,57,lightgbm,"{'num_leaves': 7, 'learning_rate': 0.03, 'min_child_samples': 30}",0,0.2984029912,0.4807568344,0.2208401744,-0.0005328081278,-1,4.058789954e-05,False
2024-01-10,57,lightgbm,"{'num_leaves': 7, 'learning_rate': 0.03, 'min_child_samples': 30}",0,0.237793551,0.5341197054,0.2280867436,0.0001479909883,0,4.051369863e-05,False
2024-01-11,57,lightgbm,"{'num_leaves': 7, 'learning_rate': 0.03, 'min_child_samples': 30}",0,0.2753904142,0.4573176813,0.2672919045,8.404737212e-05,0,4.051369863e-05,False
2024-01-12,57,lightgbm,"{'num_leaves': 7, 'learning_rate': 0.03, 'min_child_samples': 30}",0,0.2893673234,0.3975257818,0.3131068948,0.0003164617196,0,4.043949772e-05,False
2024-01-16,57,lightgbm,"{'num_leaves': 7, 'learning_rate': 0.03, 'min_child_samples': 30}",0,0.2235692605,0.4545044913,0.3219262482,0.001063352718,1,4.043949772e-05,False
2024-01-17,57,lightgbm,"{'num_leaves': 7, 'learning_rate': 0.03, 'min_child_samples': 30}",0,0.2844986019,0.4554846002,0.2600167979,-6.899027033e-05,0,4.058789954e-05,False
2024-01-18,57,lightgbm,"{'num_leaves': 7, 'learning_rate': 0.03, 'min_child_samples': 30}",0,0.3315923673,0.3912493364,0.2771582963,-0.0004112305563,0,4.043949772e-05,False
2024-01-19,57,lightgbm,"{'num_leaves': 7, 'learning_rate': 0.03, 'min_child_samples': 30}",0,0.2254585067,0.5521154553,0.222426038,0.0002280302297,0,4.043949772e-05,False
2024-01-22,57,lightgbm,"{'num_leaves': 7, 'learning_rate': 0.03, 'min_child_samples': 30}",0,0.2370359486,0.6194554636,0.1435085878,-0.0005378271182,-1,4.051369863e-05,False
2024-01-23,58,lightgbm,"{'num_leaves': 7, 'learning_rate': 0.03, 'min_child_samples': 30}",0,0.2613970647,0.6034470722,0.135155863,-0.0008391497198,-1,4.043949772e-05,False
2024-01-24,58,lightgbm,"{'num_leaves': 7, 'learning_rate': 0.03, 'min_child_samples': 30}",0,0.2231128488,0.516054912,0.2608322392,0.0005793652295,1,4.03652968e-05,False
2024-01-25,58,lightgbm,"{'num_leaves': 7, 'learning_rate': 0.03, 'min_child_samples': 30}",0,0.2610566789,0.4974913023,0.2414520188,3.340412147e-05,0,4.03652968e-05,False
2024-01-26,58,lightgbm,"{'num_leaves': 7, 'learning_rate': 0.03, 'min_child_samples': 30}",0,0.2749947521,0.473826203,0.2511790448,-2.941284612e-05,0,4.03652968e-05,False
2024-01-29,58,lightgbm,"{'num_leaves': 7, 'learning_rate': 0.03, 'min_child_samples': 30}",0,0.2840324738,0.5125444763,0.2034230499,-0.0005121653634,-1,4.021689498e-05,False
2024-01-30,58,lightgbm,"{'num_leaves': 7, 'learning_rate': 0.03, 'min_child_samples': 30}",0,0.3211192617,0.5297083903,0.149172348,-0.001334474897,-1,4.021689498e-05,False
2024-01-31,58,lightgbm,"{'num_leaves': 7, 'learning_rate': 0.03, 'min_child_samples': 30}",0,0.2557258288,0.3884676385,0.3558065326,0.001022809153,1,4.021689498e-05,False
2024-02-01,58,lightgbm,"{'num_leaves': 7, 'learning_rate': 0.03, 'min_child_samples': 30}",0,0.2006332632,0.4079992932,0.3913674436,0.001876198255,1,4.021689498e-05,False
2024-02-02,58,lightgbm,"{'num_leaves': 7, 'learning_rate': 0.03, 'min_child_samples': 30}",0,0.2693867337,0.4923636871,0.2382495792,-7.785125808e-05,0,4.029109589e-05,False
2024-02-05,58,lightgbm,"{'num_leaves': 7, 'learning_rate': 0.03, 'min_child_samples': 30}",0,0.2202025152,0.6242195978,0.155577887,-0.0002514722502,0,4.021689498e-05,False
2024-02-06,58,lightgbm,"{'num_leaves': 7, 'learning_rate': 0.03, 'min_child_samples': 30}",0,0.2404759681,0.653769117,0.1057549148,-0.0008658713621,-1,4.03652968e-05,False
2024-02-07,58,lightgbm,"{'num_leaves': 7, 'learning_rate': 0.03, 'min_child_samples': 30}",0,0.2177988723,0.5696025794,0.2125985483,0.0002392764415,0,4.029109589e-05,False
2024-02-08,58,lightgbm,"{'num_leaves': 7, 'learning_rate': 0.03, 'min_child_samples': 30}",0,0.2555667638,0.5887608471,0.1556723891,-0.000611863533,-1,4.03652968e-05,False
2024-02-09,58,lightgbm,"{'num_leaves': 7, 'learning_rate': 0.03, 'min_child_samples': 30}",0,0.2470032758,0.5634366502,0.1895600739,-0.0002473415471,0,4.03652968e-05,False
2024-02-12,58,lightgbm,"{'num_leaves': 7, 'learning_rate': 0.03, 'min_child_samples': 30}",0,0.2827959144,0.4732087958,0.2439952898,-0.0001678180555,0,4.029109589e-05,False
2024-02-13,58,lightgbm,"{'num_leaves': 7, 'learning_rate': 0.03, 'min_child_samples': 30}",0,0.2708869576,0.4635955533,0.2655174891,0.0001297699158,0,4.043949772e-05,False
2024-02-14,58,lightgbm,"{'num_leaves': 7, 'learning_rate': 0.03, 'min_child_samples': 30}",0,0.2651241076,0.5302446767,0.2046312157,-0.0003091822078,0,4.029109589e-05,False
2024-02-15,58,lightgbm,"{'num_leaves': 7, 'learning_rate': 0.03, 'min_child_samples': 30}",0,0.240266852,0.5863239537,0.1734091943,-0.0003105941967,0,4.029109589e-05,False
2024-02-16,58,lightgbm,"{'num_leaves': 7, 'learning_rate': 0.03, 'min_child_samples': 30}",0,0.2710025441,0.5440229768,0.1849744791,-0.0005299303479,-1,4.03652968e-05,False
2024-02-20,58,lightgbm,"{'num_leaves': 7, 'learning_rate': 0.03, 'min_child_samples': 30}",0,0.280201854,0.4514974965,0.2683006494,5.739493665e-05,0,4.03652968e-05,False
2024-02-21,58,lightgbm,"{'num_leaves': 7, 'learning_rate': 0.03, 'min_child_samples': 30}",0,0.2721504146,0.4500240414,0.2778255441,0.0002174973104,0,4.03652968e-05,False
2024-02-22,59,lightgbm,"{'num_leaves': 7, 'learning_rate': 0.03, 'min_child_samples': 30}",0,0.2270827539,0.6570233439,0.1158939022,-0.0006307302799,-1,4.043949772e-05,False
2024-02-23,59,lightgbm,"{'num_leaves': 7, 'learning_rate': 0.03, 'min_child_samples': 30}",0,0.2220923264,0.6190334641,0.1588742094,-0.0002299496152,0,4.051369863e-05,False
2024-02-26,59,lightgbm,"{'num_leaves': 7, 'learning_rate': 0.03, 'min_child_samples': 30}",0,0.2535092925,0.5675751323,0.1789155752,-0.0003870332232,0,4.058789954e-05,False
2024-02-27,59,lightgbm,"{'num_leaves': 7, 'learning_rate': 0.03, 'min_child_samples': 30}",0,0.2407522578,0.5911958487,0.1680518935,-0.0003454396205,0,4.043949772e-05,False
2024-02-28,59,lightgbm,"{'num_leaves': 7, 'learning_rate': 0.03, 'min_child_samples': 30}",0,0.2249308431,0.5180910868,0.2569780701,0.000539799885,1,4.043949772e-05,False
2024-02-29,59,lightgbm,"{'num_leaves': 7, 'learning_rate': 0.03, 'min_child_samples': 30}",0,0.2592430901,0.4698527428,0.2709041671,0.0003034179868,0,4.043949772e-05,False
2024-03-01,59,lightgbm,"{'num_leaves': 7, 'learning_rate': 0.03, 'min_child_samples': 30}",0,0.2711982621,0.4484964136,0.2803053243,0.0002580913503,0,4.021689498e-05,False
2024-03-04,59,lightgbm,"{'num_leaves': 7, 'learning_rate': 0.03, 'min_child_samples': 30}",0,0.2853675311,0.5613763626,0.1532561064,-0.000920674689,-1,4.066210046e-05,False
2024-03-05,59,lightgbm,"{'num_leaves': 7, 'learning_rate': 0.03, 'min_child_samples': 30}",0,0.2316682197,0.3094342262,0.4588975541,0.002114991051,1,4.058789954e-05,False
2024-03-06,59,lightgbm,"{'num_leaves': 7, 'learning_rate': 0.03, 'min_child_samples': 30}",0,0.2207428278,0.2997781253,0.4794790469,0.002393915632,1,4.058789954e-05,False
2024-03-07,59,lightgbm,"{'num_leaves': 7, 'learning_rate': 0.03, 'min_child_samples': 30}",0,0.2515954352,0.5131420966,0.2352624682,9.120695401e-05,0,4.058789954e-05,False
2024-03-08,59,lightgbm,"{'num_leaves': 7, 'learning_rate': 0.03, 'min_child_samples': 30}",0,0.2313372857,0.4742587223,0.294403992,0.0007791887665,1,4.051369863e-05,False
2024-03-11,59,lightgbm,"{'num_leaves': 7, 'learning_rate': 0.03, 'min_child_samples': 30}",0,0.2492145993,0.4080425617,0.342742839,0.0009904952748,1,4.066210046e-05,False
2024-03-12,59,lightgbm,"{'num_leaves': 7, 'learning_rate': 0.03, 'min_child_samples': 30}",0,0.2460054567,0.5821371792,0.1718573641,-0.0003680062572,0,4.066210046e-05,False
2024-03-13,59,lightgbm,"{'num_leaves': 7, 'learning_rate': 0.03, 'min_child_samples': 30}",0,0.2441240744,0.4987880267,0.2570878989,0.0003450505054,0,4.066210046e-05,False
2024-03-14,59,lightgbm,"{'num_leaves': 7, 'learning_rate': 0.03, 'min_child_samples': 30}",0,0.2574726953,0.4964385616,0.2460887431,0.0001194368346,0,4.066210046e-05,False
2024-03-15,59,lightgbm,"{'num_leaves': 7, 'learning_rate': 0.03, 'min_child_samples': 30}",0,0.2708329931,0.3940458637,0.3351211432,0.0007080814222,1,4.066210046e-05,False
2024-03-18,59,lightgbm,"{'num_leaves': 7, 'learning_rate': 0.03, 'min_child_samples': 30}",0,0.2590847839,0.4760920055,0.2648232106,0.0002555253534,0,4.066210046e-05,False
2024-03-19,59,lightgbm,"{'num_leaves': 7, 'learning_rate': 0.03, 'min_child_samples': 30}",0,0.2468972286,0.5610538402,0.1920489312,-0.0002127127454,0,4.066210046e-05,False
2024-03-20,59,lightgbm,"{'num_leaves': 7, 'learning_rate': 0.03, 'min_child_samples': 30}",0,0.1871423752,0.7086480841,0.1042095406,-0.0003187283839,0,4.058789954e-05,False
2024-03-21,59,lightgbm,"{'num_leaves': 7, 'learning_rate': 0.03, 'min_child_samples': 30}",0,0.2339235964,0.624900363,0.1411760406,-0.0004946344109,-1,4.066210046e-05,False
2024-03-22,60,random_forest,"{'max_depth': 3, 'min_samples_leaf': 20}",0,0.2157264803,0.5776150429,0.2066584768,0.0002204597353,0,4.051369863e-05,False
2024-03-25,60,random_forest,"{'max_depth': 3, 'min_samples_leaf': 20}",0,0.2195550606,0.5384230922,0.2420218472,0.0004698910281,1,4.051369863e-05,False
2024-03-26,60,random_forest,"{'max_depth': 3, 'min_samples_leaf': 20}",0,0.2241013038,0.513160637,0.2627380592,0.0005926579011,1,4.051369863e-05,False
2024-03-27,60,random_forest,"{'max_depth': 3, 'min_samples_leaf': 20}",0,0.2135709183,0.5205062121,0.2659228696,0.0007253758209,1,4.043949772e-05,False
2024-03-28,60,random_forest,"{'max_depth': 3, 'min_samples_leaf': 20}",0,0.2183124404,0.5294739073,0.2522136522,0.0005655620586,1,4.051369863e-05,False
2024-04-01,60,random_forest,"{'max_depth': 3, 'min_samples_leaf': 20}",0,0.2263492515,0.5253599242,0.2482908243,0.000452108801,1,4.03652968e-05,False
2024-04-02,60,random_forest,"{'max_depth': 3, 'min_samples_leaf': 20}",0,0.2542111104,0.4185250522,0.3272638374,0.0008133483398,1,4.021689498e-05,False
2024-04-03,60,random_forest,"{'max_depth': 3, 'min_samples_leaf': 20}",0,0.2506125739,0.4337345955,0.3156528306,0.0007551897899,1,4.021689498e-05,False
2024-04-04,60,random_forest,"{'max_depth': 3, 'min_samples_leaf': 20}",0,0.2749874877,0.3253274552,0.3996850571,0.001193018023,1,4.014269406e-05,False
2024-04-05,60,random_forest,"{'max_depth': 3, 'min_samples_leaf': 20}",0,0.2612678283,0.4242452515,0.3144869203,0.0006376619389,1,4.029109589e-05,False
2024-04-08,60,random_forest,"{'max_depth': 3, 'min_samples_leaf': 20}",0,0.2586194408,0.4400163168,0.3013642424,0.0005575490424,1,4.029109589e-05,False
2024-04-09,60,random_forest,"{'max_depth': 3, 'min_samples_leaf': 20}",0,0.2540054219,0.4653015168,0.2806930614,0.0004358363353,0,4.029109589e-05,False
2024-04-10,60,random_forest,"{'max_depth': 3, 'min_samples_leaf': 20}",0,0.2835305093,0.334695682,0.3817738088,0.0009604134422,1,4.043949772e-05,False
2024-04-11,60,random_forest,"{'max_depth': 3, 'min_samples_leaf': 20}",0,0.2613121316,0.4254495525,0.3132383159,0.0006270354396,1,4.043949772e-05,False
2024-04-12,60,random_forest,"{'max_depth': 3, 'min_samples_leaf': 20}",0,0.2694870662,0.3129049464,0.4176079874,0.001394871495,1,4.043949772e-05,False
2024-04-15,60,random_forest,"{'max_depth': 3, 'min_samples_leaf': 20}",0,0.2752282879,0.3121448657,0.4126268464,0.001296064978,1,4.043949772e-05,False
2024-04-16,60,random_forest,"{'max_depth': 3, 'min_samples_leaf': 20}",0,0.2787419832,0.3179463583,0.4033116584,0.001184514736,1,4.043949772e-05,False
2024-04-17,60,random_forest,"{'max_depth': 3, 'min_samples_leaf': 20}",0,0.2722226333,0.3291427053,0.3986346614,0.001212486775,1,4.043949772e-05,False
2024-04-18,60,random_forest,"{'max_depth': 3, 'min_samples_leaf': 20}",0,0.2792379772,0.3360967294,0.3846652934,0.00102750019,1,4.051369863e-05,False
2024-04-19,60,random_forest,"{'max_depth': 3, 'min_samples_leaf': 20}",0,0.2712347891,0.3170480515,0.4117171595,0.001329136822,1,4.043949772e-05,False
2024-04-22,60,random_forest,"{'max_depth': 3, 'min_samples_leaf': 20}",0,0.2714489303,0.3611514121,0.3673996577,0.0009657349063,1,4.021689498e-05,False
2024-04-23,61,random_forest,"{'max_depth': 3, 'min_samples_leaf': 20}",0,0.2719550575,0.4406619949,0.2873829476,0.0002823543454,0,4.043949772e-05,False
2024-04-24,61,random_forest,"{'max_depth': 3, 'min_samples_leaf': 20}",0,0.2766049575,0.4701587513,0.2532362912,-4.24431398e-05,0,4.051369863e-05,False
2024-04-25,61,random_forest,"{'max_depth': 3, 'min_samples_leaf': 20}",0,0.2768197535,0.4321217321,0.2910585145,0.0002628578467,0,4.058789954e-05,False
2024-04-26,61,random_forest,"{'max_depth': 3, 'min_samples_leaf': 20}",0,0.255883311,0.4955783276,0.2485383614,0.0001296928444,0,4.051369863e-05,False
2024-04-29,61,random_forest,"{'max_depth': 3, 'min_samples_leaf': 20}",0,0.2336482312,0.5743515426,0.1920002262,-0.0001042519556,0,4.043949772e-05,False
2024-04-30,61,random_forest,"{'max_depth': 3, 'min_samples_leaf': 20}",0,0.2695603127,0.4590865995,0.2713530877,0.0001763443893,0,4.051369863e-05,False
2024-05-01,61,random_forest,"{'max_depth': 3, 'min_samples_leaf': 20}",0,0.2824084499,0.3364058233,0.3811857268,0.0009388337,1,4.051369863e-05,False
2024-05-02,61,random_forest,"{'max_depth': 3, 'min_samples_leaf': 20}",0,0.2500757078,0.4577680778,0.2921562144,0.0005432386843,1,4.051369863e-05,False
2024-05-03,61,random_forest,"{'max_depth': 3, 'min_samples_leaf': 20}",0,0.2144953249,0.5934441662,0.1920605089,9.06436036e-05,0,4.043949772e-05,False
2024-05-06,61,random_forest,"{'max_depth': 3, 'min_samples_leaf': 20}",0,0.2004537205,0.6586460471,0.1409002324,-0.0001827463863,0,4.043949772e-05,False
2024-05-07,61,random_forest,"{'max_depth': 3, 'min_samples_leaf': 20}",0,0.2076876526,0.6183988718,0.1739134757,1.221379882e-05,0,4.043949772e-05,False
2024-05-08,61,random_forest,"{'max_depth': 3, 'min_samples_leaf': 20}",0,0.2087300351,0.6440884466,0.1471815183,-0.0002156878663,0,4.043949772e-05,False
2024-05-09,61,random_forest,"{'max_depth': 3, 'min_samples_leaf': 20}",0,0.2085541502,0.6075385892,0.1839072606,8.466460189e-05,0,4.051369863e-05,False
2024-05-10,61,random_forest,"{'max_depth': 3, 'min_samples_leaf': 20}",0,0.2113597342,0.6063392619,0.1823010039,4.312912025e-05,0,4.058789954e-05,False
2024-05-13,61,random_forest,"{'max_depth': 3, 'min_samples_leaf': 20}",0,0.2132729913,0.5927901659,0.1939368428,0.000118304439,0,4.043949772e-05,False
2024-05-14,61,random_forest,"{'max_depth': 3, 'min_samples_leaf': 20}",0,0.2074002632,0.6089397667,0.1836599701,9.436638197e-05,0,4.03652968e-05,False
2024-05-15,61,random_forest,"{'max_depth': 3, 'min_samples_leaf': 20}",0,0.2006215898,0.6458976835,0.1534807267,-8.21753514e-05,0,4.043949772e-05,False
2024-05-16,61,random_forest,"{'max_depth': 3, 'min_samples_leaf': 20}",0,0.2072585657,0.6373928306,0.1553486038,-0.0001343566879,0,4.043949772e-05,False
2024-05-17,61,random_forest,"{'max_depth': 3, 'min_samples_leaf': 20}",0,0.205741767,0.6305411509,0.163717082,-5.092815799e-05,0,4.051369863e-05,False
2024-05-20,61,random_forest,"{'max_depth': 3, 'min_samples_leaf': 20}",0,0.2183763935,0.5601971644,0.2214264421,0.0002899846297,0,4.043949772e-05,False
2024-05-21,61,random_forest,"{'max_depth': 3, 'min_samples_leaf': 20}",0,0.2210661008,0.5395798592,0.23935404,0.0004084285988,0,4.043949772e-05,False
2024-05-22,62,random_forest,"{'max_depth': 3, 'min_samples_leaf': 20}",0,0.2066898763,0.533274019,0.2600361048,0.0007283984063,1,4.043949772e-05,False
2024-05-23,62,random_forest,"{'max_depth': 3, 'min_samples_leaf': 20}",0,0.2083571336,0.5206380027,0.2710048637,0.0008002418409,1,4.051369863e-05,False
2024-05-24,62,random_forest,"{'max_depth': 3, 'min_samples_leaf': 20}",0,0.202773628,0.5601736836,0.2370526884,0.0005821492964,1,4.051369863e-05,False
2024-05-28,62,random_forest,"{'max_depth': 3, 'min_samples_leaf': 20}",0,0.2059444307,0.5403073882,0.2537481811,0.0006850802239,1,4.051369863e-05,False
2024-05-29,62,random_forest,"{'max_depth': 3, 'min_samples_leaf': 20}",0,0.2305187291,0.5430289433,0.2264523275,0.0002149440316,0,4.051369863e-05,False
2024-05-30,62,random_forest,"{'max_depth': 3, 'min_samples_leaf': 20}",0,0.2636632471,0.3838223638,0.3525143892,0.0008987922594,1,4.051369863e-05,False
2024-05-31,62,random_forest,"{'max_depth': 3, 'min_samples_leaf': 20}",0,0.267583041,0.3490447002,0.3833722589,0.001108722593,1,4.051369863e-05,False
2024-06-03,62,random_forest,"{'max_depth': 3, 'min_samples_leaf': 20}",0,0.2373787207,0.4263947501,0.3362265292,0.001033612636,1,4.095890411e-05,False
2024-06-04,62,random_forest,"{'max_depth': 3, 'min_samples_leaf': 20}",0,0.1965086057,0.3889922602,0.414499134,0.002081529797,1,4.095890411e-05,False
2024-06-05,62,random_forest,"{'max_depth': 3, 'min_samples_leaf': 20}",0,0.181365338,0.6047490931,0.2138855689,0.0006118433701,1,4.08847032e-05,False
2024-06-06,62,random_forest,"{'max_depth': 3, 'min_samples_leaf': 20}",0,0.180527249,0.6506367677,0.1688359833,0.0002558197581,0,4.08847032e-05,False
2024-06-07,62,random_forest,"{'max_depth': 3, 'min_samples_leaf': 20}",0,0.1936895558,0.6533255181,0.1529849261,-5.952378029e-06,0,4.095890411e-05,False
2024-06-10,62,random_forest,"{'max_depth': 3, 'min_samples_leaf': 20}",0,0.2048542443,0.5920424881,0.2031032676,0.0002863384073,0,4.095890411e-05,False
2024-06-11,62,random_forest,"{'max_depth': 3, 'min_samples_leaf': 20}",0,0.1966894748,0.6278742039,0.1754363214,0.0001452865523,0,4.095890411e-05,False
2024-06-12,62,random_forest,"{'max_depth': 3, 'min_samples_leaf': 20}",0,0.195285704,0.6320070665,0.1727072296,0.0001374428205,0,4.08847032e-05,False
2024-06-13,62,random_forest,"{'max_depth': 3, 'min_samples_leaf': 20}",0,0.1951004078,0.6275902601,0.1773093321,0.0001765608893,0,4.08847032e-05,False
2024-06-14,62,random_forest,"{'max_depth': 3, 'min_samples_leaf': 20}",0,0.1809179289,0.6244102236,0.1946718475,0.0004609112545,1,4.08847032e-05,False
2024-06-17,62,random_forest,"{'max_depth': 3, 'min_samples_leaf': 20}",0,0.2064354593,0.5728225293,0.2207420115,0.0004130256796,0,4.095890411e-05,False
2024-06-18,62,random_forest,"{'max_depth': 3, 'min_samples_leaf': 20}",0,0.205694021,0.5758605673,0.2184454117,0.000401963178,0,4.081050228e-05,False
2024-06-20,62,random_forest,"{'max_depth': 3, 'min_samples_leaf': 20}",0,0.2198257164,0.4819242778,0.2982500058,0.0009043685478,1,4.081050228e-05,False
2024-06-21,62,random_forest,"{'max_depth': 3, 'min_samples_leaf': 20}",0,0.2172089268,0.5002642365,0.2825268366,0.0008036857024,1,4.073630137e-05,False
2024-06-24,63,random_forest,"{'max_depth': 3, 'min_samples_leaf': 20}",0,0.1988610762,0.5669486952,0.2341902287,0.0006043482218,1,4.081050228e-05,False
2024-06-25,63,random_forest,"{'max_depth': 3, 'min_samples_leaf': 20}",0,0.2043145581,0.5535159944,0.2421694475,0.0006133643917,1,4.073630137e-05,False
2024-06-26,63,random_forest,"{'max_depth': 3, 'min_samples_leaf': 20}",0,0.2141459554,0.5224784787,0.2633755659,0.0006845437083,1,4.081050228e-05,False
2024-06-27,63,random_forest,"{'max_depth': 3, 'min_samples_leaf': 20}",0,0.205761822,0.5547730132,0.2394651648,0.0005769321484,1,4.073630137e-05,False
2024-06-28,63,random_forest,"{'max_depth': 3, 'min_samples_leaf': 20}",0,0.2267599935,0.4676660887,0.3055739178,0.0008965685685,1,4.066210046e-05,False
2024-07-01,63,random_forest,"{'max_depth': 3, 'min_samples_leaf': 20}",0,0.2268967966,0.4861990874,0.286904116,0.0007448554866,1,4.058789954e-05,False
2024-07-02,63,random_forest,"{'max_depth': 3, 'min_samples_leaf': 20}",0,0.2313799934,0.500748715,0.2678712915,0.000546199967,1,2.185502283e-05,False
2024-07-03,63,random_forest,"{'max_depth': 3, 'min_samples_leaf': 20}",0,0.2002163042,0.5909822957,0.2088014001,0.0003861941757,0,4.058789954e-05,False
2024-07-05,63,random_forest,"{'max_depth': 3, 'min_samples_leaf': 20}",0,0.1938564398,0.5897515486,0.2163920115,0.0005117245415,1,4.051369863e-05,False
2024-07-08,63,random_forest,"{'max_depth': 3, 'min_samples_leaf': 20}",0,0.200067352,0.5805017541,0.2194308939,0.0004732904626,1,4.051369863e-05,False
2024-07-09,63,random_forest,"{'max_depth': 3, 'min_samples_leaf': 20}",0,0.2133855481,0.4966912156,0.2899232363,0.0009060044189,1,4.051369863e-05,False
2024-07-10,63,random_forest,"{'max_depth': 3, 'min_samples_leaf': 20}",0,0.2001426288,0.5821611054,0.2176962658,0.0004585610038,1,4.051369863e-05,False
2024-07-11,63,random_forest,"{'max_depth': 3, 'min_samples_leaf': 20}",0,0.2059285251,0.4950744422,0.2989970327,0.001054589062,1,4.03652968e-05,False
2024-07-12,63,random_forest,"{'max_depth': 3, 'min_samples_leaf': 20}",0,0.2098212638,0.5070356733,0.2831430629,0.0008875094364,1,4.029109589e-05,False
2024-07-15,63,random_forest,"{'max_depth': 3, 'min_samples_leaf': 20}",0,0.2152110126,0.5100897757,0.2746992117,0.0007649339977,1,4.029109589e-05,False
2024-07-16,63,random_forest,"{'max_depth': 3, 'min_samples_leaf': 20}",0,0.2044496763,0.5680995556,0.2274507681,0.0004934824575,1,4.029109589e-05,False
2024-07-17,63,random_forest,"{'max_depth': 3, 'min_samples_leaf': 20}",0,0.2307350227,0.4426527134,0.3266122638,0.001025709131,1,4.029109589e-05,False
2024-07-18,63,random_forest,"{'max_depth': 3, 'min_samples_leaf': 20}",0,0.2640762473,0.3378269374,0.3980968152,0.001263623003,1,4.029109589e-05,False
2024-07-19,63,random_forest,"{'max_depth': 3, 'min_samples_leaf': 20}",0,0.2694838752,0.3091418839,0.4213742409,0.00139628336,1,4.029109589e-05,False
2024-07-22,63,random_forest,"{'max_depth': 3, 'min_samples_leaf': 20}",0,0.2368534457,0.4226600912,0.3404864631,0.001075456762,1,4.029109589e-05,False
2024-07-23,63,random_forest,"{'max_depth': 3, 'min_samples_leaf': 20}",0,0.2408587049,0.4097698206,0.3493714744,0.001106433604,1,4.014269406e-05,False
2024-07-24,64,random_forest,"{'max_depth': 3, 'min_samples_leaf': 20}",0,0.2746567978,0.3104088002,0.414934402,0.001279021912,1,4.006849315e-05,False
2024-07-25,64,random_forest,"{'max_depth': 3, 'min_samples_leaf': 20}",0,0.2784560815,0.3054217833,0.4161221352,0.001250063528,1,3.999429224e-05,False
2024-07-26,64,random_forest,"{'max_depth': 3, 'min_samples_leaf': 20}",0,0.2642626466,0.346319565,0.3894177885,0.001180039485,1,3.992009132e-05,False
2024-07-29,64,random_forest,"{'max_depth': 3, 'min_samples_leaf': 20}",0,0.2498539723,0.3594410451,0.3907049827,0.001336214577,1,4.014269406e-05,False
2024-07-30,64,random_forest,"{'max_depth': 3, 'min_samples_leaf': 20}",0,0.2477514155,0.3553041716,0.3969444129,0.00140743587,1,4.006849315e-05,False
2024-07-31,64,random_forest,"{'max_depth': 3, 'min_samples_leaf': 20}",0,0.2419171012,0.4012381866,0.3568447122,0.001145579228,1,4.014269406e-05,False
2024-08-01,64,random_forest,"{'max_depth': 3, 'min_samples_leaf': 20}",0,0.2148299415,0.2361498379,0.5490202206,0.002957816118,1,3.984589041e-05,False
2024-08-02,64,random_forest,"{'max_depth': 3, 'min_samples_leaf': 20}",0,0.2222761735,0.1941341294,0.5835896972,0.003159094572,1,3.925228311e-05,False
2024-08-05,64,random_forest,"{'max_depth': 3, 'min_samples_leaf': 20}",0,0.2342841631,0.1950279629,0.5706878741,0.002934270596,1,3.969748858e-05,False
2024-08-06,64,random_forest,"{'max_depth': 3, 'min_samples_leaf': 20}",0,0.2259992844,0.2048400273,0.5691606883,0.003005924485,1,3.962328767e-05,False
2024-08-07,64,random_forest,"{'max_depth': 3, 'min_samples_leaf': 20}",0,0.2532124744,0.335320844,0.4114666816,0.001468371738,1,3.962328767e-05,False
2024-08-08,64,random_forest,"{'max_depth': 3, 'min_samples_leaf': 20}",0,0.2339533175,0.4406170931,0.3254295894,0.000974785188,1,3.962328767e-05,False
2024-08-09,64,random_forest,"{'max_depth': 3, 'min_samples_leaf': 20}",0,0.2382797784,0.4417429658,0.3199772558,0.0008873483165,1,3.954908676e-05,False
2024-08-12,64,random_forest,"{'max_depth': 3, 'min_samples_leaf': 20}",0,0.2411386856,0.505869482,0.2529918324,0.0003223114105,0,3.954908676e-05,False
2024-08-13,64,random_forest,"{'max_depth': 3, 'min_samples_leaf': 20}",0,0.2138829874,0.5735094311,0.2126075815,0.0002750476934,0,3.947488584e-05,False
2024-08-14,64,random_forest,"{'max_depth': 3, 'min_samples_leaf': 20}",0,0.1838926569,0.6265215803,0.1895857628,0.0003944232795,0,3.947488584e-05,False
2024-08-15,64,random_forest,"{'max_depth': 3, 'min_samples_leaf': 20}",0,0.1637492983,0.6878670725,0.1483836292,0.0002686085695,0,3.962328767e-05,False
2024-08-16,64,random_forest,"{'max_depth': 3, 'min_samples_leaf': 20}",0,0.1632627935,0.6846477617,0.1520894447,0.0003031920841,0,3.954908676e-05,False
2024-08-19,64,random_forest,"{'max_depth': 3, 'min_samples_leaf': 20}",0,0.1524404165,0.7100473549,0.1375122287,0.0002960944814,0,3.940068493e-05,False
2024-08-20,64,random_forest,"{'max_depth': 3, 'min_samples_leaf': 20}",0,0.18063221,0.6329069971,0.186460793,0.0004024225116,0,3.925228311e-05,False
2024-08-21,64,random_forest,"{'max_depth': 3, 'min_samples_leaf': 20}",0,0.1689740425,0.6602266604,0.1707992971,0.0003951088187,0,3.902968037e-05,False
2024-08-22,65,random_forest,"{'max_depth': 3, 'min_samples_leaf': 20}",0,0.2066131001,0.5439461676,0.2494407323,0.000645757728,1,3.917808219e-05,False
2024-08-23,65,random_forest,"{'max_depth': 3, 'min_samples_leaf': 20}",0,0.1978833932,0.5663289433,0.2357876635,0.0006248144906,1,3.895547945e-05,False
2024-08-26,65,random_forest,"{'max_depth': 3, 'min_samples_leaf': 20}",0,0.2019341143,0.5626318547,0.235434031,0.0005808964023,1,3.888127854e-05,False
2024-08-27,65,random_forest,"{'max_depth': 3, 'min_samples_leaf': 20}",0,0.184373564,0.6034291864,0.2121972497,0.0005726666184,1,3.880707763e-05,False
2024-08-28,65,random_forest,"{'max_depth': 3, 'min_samples_leaf': 20}",0,0.2223800308,0.5201041064,0.2575158628,0.0005506016023,1,3.86586758e-05,False
2024-08-29,65,random_forest,"{'max_depth': 3, 'min_samples_leaf': 20}",0,0.2025538584,0.5577802642,0.2396658774,0.0006085448841,1,3.873287671e-05,False
2024-08-30,65,random_forest,"{'max_depth': 3, 'min_samples_leaf': 20}",0,0.1957125229,0.5729071655,0.2313803116,0.0006114902033,1,3.86586758e-05,False
2024-09-03,65,random_forest,"{'max_depth': 3, 'min_samples_leaf': 20}",0,0.282167638,0.3973394319,0.3204929301,0.0004492301873,1,3.851027397e-05,False
2024-09-04,65,random_forest,"{'max_depth': 3, 'min_samples_leaf': 20}",0,0.2559126461,0.4370348648,0.3070524891,0.0006077333915,1,3.843607306e-05,False
2024-09-05,65,random_forest,"{'max_depth': 3, 'min_samples_leaf': 20}",0,0.2689910629,0.3875920553,0.3434168819,0.0007666874126,1,3.821347032e-05,False
2024-09-06,65,random_forest,"{'max_depth': 3, 'min_samples_leaf': 20}",0,0.2924325106,0.3267024187,0.3808650707,0.0008292302131,1,3.806506849e-05,False
2024-09-09,65,random_forest,"{'max_depth': 3, 'min_samples_leaf': 20}",0,0.2443806156,0.3146947523,0.4409246321,0.00179817242,1,3.791666667e-05,False
2024-09-10,65,random_forest,"{'max_depth': 3, 'min_samples_leaf': 20}",0,0.2499972196,0.3371328663,0.4128699141,0.001516246324,1,3.75456621e-05,False
2024-09-11,65,random_forest,"{'max_depth': 3, 'min_samples_leaf': 20}",0,0.2354048475,0.4853366068,0.2792585457,0.0005928520627,1,3.784246575e-05,False
2024-09-12,65,random_forest,"{'max_depth': 3, 'min_samples_leaf': 20}",0,0.1814644673,0.5936752866,0.2248602461,0.000703711506,1,3.75456621e-05,False
2024-09-13,65,random_forest,"{'max_depth': 3, 'min_samples_leaf': 20}",0,0.1580552356,0.651541882,0.1904028824,0.0006648245125,1,3.687785388e-05,False
2024-09-16,65,random_forest,"{'max_depth': 3, 'min_samples_leaf': 20}",0,0.1593556381,0.6442375819,0.19640678,0.000699779312,1,3.680365297e-05,False
2024-09-17,65,random_forest,"{'max_depth': 3, 'min_samples_leaf': 20}",0,0.1879006731,0.5965027545,0.2155965724,0.0005641528425,1,3.672945205e-05,False
2024-09-18,65,random_forest,"{'max_depth': 3, 'min_samples_leaf': 20}",0,0.2313036548,0.5070570044,0.2616393408,0.0004931631591,1,3.591324201e-05,False
2024-09-19,65,random_forest,"{'max_depth': 3, 'min_samples_leaf': 20}",0,0.1787060911,0.623913727,0.1973801819,0.000511332438,1,3.561643836e-05,False
2024-09-20,65,random_forest,"{'max_depth': 3, 'min_samples_leaf': 20}",0,0.1845425159,0.6089486419,0.2065088422,0.0005253394488,1,3.524543379e-05,False
2024-09-23,66,random_forest,"{'max_depth': 3, 'min_samples_leaf': 20}",0,0.1675940264,0.6558041495,0.1766018242,0.0004505714711,1,3.502283105e-05,False
2024-09-24,66,random_forest,"{'max_depth': 3, 'min_samples_leaf': 20}",0,0.1847229138,0.6052906215,0.2099864647,0.0005444220316,1,3.480022831e-05,False
2024-09-25,66,random_forest,"{'max_depth': 3, 'min_samples_leaf': 20}",0,0.195779623,0.5839888011,0.2202315759,0.0005144350104,1,3.480022831e-05,False
2024-09-26,66,random_forest,"{'max_depth': 3, 'min_samples_leaf': 20}",0,0.1934094837,0.5866120302,0.2199784861,0.0005364300313,1,3.47260274e-05,False
2024-09-27,66,random_forest,"{'max_depth': 3, 'min_samples_leaf': 20}",0,0.2092397398,0.5638914044,0.2268688558,0.0004311839942,0,3.47260274e-05,False
2024-09-30,66,random_forest,"{'max_depth': 3, 'min_samples_leaf': 20}",0,0.2001823184,0.5720689979,0.2277486837,0.0005300346301,1,3.509703196e-05,False
2024-10-01,66,random_forest,"{'max_depth': 3, 'min_samples_leaf': 20}",0,0.2361834261,0.5042476267,0.2595689471,0.000420071961,0,3.494863014e-05,False
2024-10-02,66,random_forest,"{'max_depth': 3, 'min_samples_leaf': 20}",0,0.2316012568,0.5216203224,0.2467784209,0.0003640433991,0,3.480022831e-05,False
2024-10-03,66,random_forest,"{'max_depth': 3, 'min_samples_leaf': 20}",0,0.3080970597,0.4200997465,0.2718031938,-0.0002107971242,0,3.47260274e-05,False
2024-10-04,66,random_forest,"{'max_depth': 3, 'min_samples_leaf': 20}",0,0.2222296284,0.5488919752,0.2288783964,0.0003156238484,0,3.509703196e-05,False
2024-10-07,66,random_forest,"{'max_depth': 3, 'min_samples_leaf': 20}",0,0.3017379921,0.4310386865,0.2672233214,-0.0001830361766,0,3.539383562e-05,False
2024-10-08,66,random_forest,"{'max_depth': 3, 'min_samples_leaf': 20}",0,0.2191729998,0.5524343963,0.2283926039,0.0003427125132,0,3.524543379e-05,False
2024-10-09,66,random_forest,"{'max_depth': 3, 'min_samples_leaf': 20}",0,0.2053779458,0.569686347,0.2249357072,0.0004548379505,1,3.524543379e-05,False
2024-10-10,66,random_forest,"{'max_depth': 3, 'min_samples_leaf': 20}",0,0.2037339136,0.5876808972,0.2085851892,0.0003405088849,0,3.524543379e-05,False
2024-10-11,66,random_forest,"{'max_depth': 3, 'min_samples_leaf': 20}",0,0.1945588966,0.6020008086,0.2034402948,0.0003922843353,0,3.509703196e-05,False
2024-10-14,66,random_forest,"{'max_depth': 3, 'min_samples_leaf': 20}",0,0.1814408257,0.6322118101,0.1863473643,0.0003883030533,0,3.509703196e-05,False
2024-10-15,66,random_forest,"{'max_depth': 3, 'min_samples_leaf': 20}",0,0.2130801428,0.5546467016,0.2322731557,0.0004355559862,1,3.509703196e-05,False
2024-10-16,66,random_forest,"{'max_depth': 3, 'min_samples_leaf': 20}",0,0.2117483583,0.5569627132,0.2312889285,0.0004411692072,1,3.502283105e-05,False
2024-10-17,66,random_forest,"{'max_depth': 3, 'min_samples_leaf': 20}",0,0.210779816,0.5562263225,0.2329938615,0.0004646449862,1,3.517123288e-05,False
2024-10-18,66,random_forest,"{'max_depth': 3, 'min_samples_leaf': 20}",0,0.2000286725,0.5818860717,0.2180852557,0.0004541733313,1,3.509703196e-05,False
2024-10-21,66,random_forest,"{'max_depth': 3, 'min_samples_leaf': 20}",0,0.21815499,0.5481007819,0.2337442281,0.000395905151,0,3.509703196e-05,False
2024-10-22,67,random_forest,"{'max_depth': 3, 'min_samples_leaf': 20}",0,0.2271011845,0.5310883146,0.2418105008,0.000370356686,0,3.502283105e-05,False
2024-10-23,67,random_forest,"{'max_depth': 3, 'min_samples_leaf': 20}",0,0.2974932856,0.4265977401,0.2759089742,-7.006320715e-05,0,3.509703196e-05,False
2024-10-24,67,random_forest,"{'max_depth': 3, 'min_samples_leaf': 20}",0,0.2728140818,0.4590219905,0.2681639277,0.0001178999758,0,3.487442922e-05,False
2024-10-25,67,random_forest,"{'max_depth': 3, 'min_samples_leaf': 20}",0,0.2886997552,0.4350294331,0.2762708117,2.17903906e-05,0,3.509703196e-05,False
2024-10-28,67,random_forest,"{'max_depth': 3, 'min_samples_leaf': 20}",0,0.2475324831,0.5112264369,0.24124108,0.0001591020542,0,3.487442922e-05,False
2024-10-29,67,random_forest,"{'max_depth': 3, 'min_samples_leaf': 20}",0,0.2393697244,0.5060426033,0.2545876723,0.0003480682197,0,3.487442922e-05,False
2024-10-30,67,random_forest,"{'max_depth': 3, 'min_samples_leaf': 20}",0,0.2523121783,0.4893426554,0.2583451663,0.0002470703659,0,3.465182648e-05,False
2024-10-31,67,random_forest,"{'max_depth': 3, 'min_samples_leaf': 20}",0,0.3184238861,0.378310961,0.3032651529,-6.378969684e-05,0,3.442922374e-05,False
2024-11-01,67,random_forest,"{'max_depth': 3, 'min_samples_leaf': 20}",0,0.3267981923,0.3726158528,0.3005859548,-0.0001698721753,0,3.4206621e-05,False
2024-11-04,67,random_forest,"{'max_depth': 3, 'min_samples_leaf': 20}",0,0.2958239636,0.4165087463,0.2876672901,4.054554966e-05,0,3.450342466e-05,False
2024-11-05,67,random_forest,"{'max_depth': 3, 'min_samples_leaf': 20}",0,0.2393176488,0.5236184134,0.2370639379,0.0002089228675,0,3.442922374e-05,False
2024-11-06,67,random_forest,"{'max_depth': 3, 'min_samples_leaf': 20}",0,0.178776312,0.621918772,0.1993049161,0.0005205002282,1,3.442922374e-05,False
2024-11-07,67,random_forest,"{'max_depth': 3, 'min_samples_leaf': 20}",0,0.1668624931,0.639729927,0.1934075799,0.0005940352175,1,3.435502283e-05,False
2024-11-08,67,random_forest,"{'max_depth': 3, 'min_samples_leaf': 20}",0,0.174673547,0.6284615983,0.1968648546,0.0005425620255,1,3.435502283e-05,False
2024-11-11,67,random_forest,"{'max_depth': 3, 'min_samples_leaf': 20}",0,0.1824432169,0.6143929419,0.2031638412,0.000514157293,1,3.435502283e-05,False
2024-11-12,67,random_forest,"{'max_depth': 3, 'min_samples_leaf': 20}",0,0.1898240305,0.5869768419,0.2231991276,0.000599171496,1,3.435502283e-05,False
2024-11-13,67,random_forest,"{'max_depth': 3, 'min_samples_leaf': 20}",0,0.1913855914,0.5790513779,0.2295630307,0.000634095457,1,3.413242009e-05,False
2024-11-14,67,random_forest,"{'max_depth': 3, 'min_samples_leaf': 20}",0,0.2060462093,0.5535796852,0.2403741055,0.0005719341622,1,3.4206621e-05,False
2024-11-15,67,random_forest,"{'max_depth': 3, 'min_samples_leaf': 20}",0,0.2835173082,0.4386873497,0.277795342,8.637562177e-05,0,3.413242009e-05,False
2024-11-18,67,random_forest,"{'max_depth': 3, 'min_samples_leaf': 20}",0,0.255710695,0.4810780876,0.2632112175,0.0002514701392,0,3.435502283e-05,False
2024-11-19,67,random_forest,"{'max_depth': 3, 'min_samples_leaf': 20}",0,0.2534781407,0.4816952321,0.2648266272,0.0002869338312,0,3.428082192e-05,False
2024-11-20,68,random_forest,"{'max_depth': 3, 'min_samples_leaf': 20}",0,0.250910725,0.465395568,0.283693707,0.0004567937781,1,3.428082192e-05,False
2024-11-21,68,random_forest,"{'max_depth': 3, 'min_samples_leaf': 20}",0,0.2186635346,0.5420171245,0.2393193409,0.0004272786384,0,3.435502283e-05,False
2024-11-22,68,random_forest,"{'max_depth': 3, 'min_samples_leaf': 20}",0,0.209653243,0.5554342813,0.2349124757,0.0004828312838,1,3.435502283e-05,False
2024-11-25,68,random_forest,"{'max_depth': 3, 'min_samples_leaf': 20}",0,0.194018319,0.577834198,0.228147483,0.0005862683299,1,3.428082192e-05,False
2024-11-26,68,random_forest,"{'max_depth': 3, 'min_samples_leaf': 20}",0,0.1900134683,0.5905391743,0.2194473574,0.0005571435751,1,3.4206621e-05,False
2024-11-27,68,random_forest,"{'max_depth': 3, 'min_samples_leaf': 20}",0,0.20094124,0.5509774131,0.2480813469,0.0006756874557,1,1.837899543e-05,False
2024-11-29,68,random_forest,"{'max_depth': 3, 'min_samples_leaf': 20}",0,0.1897727637,0.5638247466,0.2464024897,0.0007747505059,1,3.398401826e-05,False
2024-12-02,68,random_forest,"{'max_depth': 3, 'min_samples_leaf': 20}",0,0.1960376946,0.5405784097,0.2633838957,0.0008472260268,1,3.346461187e-05,False
2024-12-03,68,random_forest,"{'max_depth': 3, 'min_samples_leaf': 20}",0,0.1937481324,0.5806687564,0.2255831112,0.0005685176769,1,3.331621005e-05,False
2024-12-04,68,random_forest,"{'max_depth': 3, 'min_samples_leaf': 20}",0,0.1978689593,0.5529726695,0.2491583712,0.0007152228937,1,3.316780822e-05,False
2024-12-05,68,random_forest,"{'max_depth': 3, 'min_samples_leaf': 20}",0,0.2002531332,0.5677689927,0.2319778741,0.0005540624521,1,3.309360731e-05,False
2024-12-06,68,random_forest,"{'max_depth': 3, 'min_samples_leaf': 20}",0,0.2051892912,0.5425247305,0.2522859783,0.0006664756368,1,3.279680365e-05,False
2024-12-09,68,random_forest,"{'max_depth': 3, 'min_samples_leaf': 20}",0,0.2189435486,0.5303760634,0.250680388,0.0005151542664,1,3.279680365e-05,False
2024-12-10,68,random_forest,"{'max_depth': 3, 'min_samples_leaf': 20}",0,0.229094442,0.5117737598,0.2591317983,0.0004804035208,1,3.272260274e-05,False
2024-12-11,68,random_forest,"{'max_depth': 3, 'min_samples_leaf': 20}",0,0.217985889,0.5312841969,0.2507299141,0.0005251931658,1,3.25e-05,False
2024-12-12,68,random_forest,"{'max_depth': 3, 'min_samples_leaf': 20}",0,0.2280597808,0.5164059822,0.255534237,0.0004621030863,1,3.227739726e-05,False
2024-12-13,68,random_forest,"{'max_depth': 3, 'min_samples_leaf': 20}",0,0.2349982297,0.5116356313,0.253366139,0.0003749256895,0,3.220319635e-05,False
2024-12-16,68,random_forest,"{'max_depth': 3, 'min_samples_leaf': 20}",0,0.2406489104,0.494627107,0.2647239826,0.0004086936951,0,3.242579909e-05,False
2024-12-17,68,random_forest,"{'max_depth': 3, 'min_samples_leaf': 20}",0,0.2554386107,0.4809909049,0.2635704844,0.0002505545798,0,3.25e-05,False
2024-12-18,68,random_forest,"{'max_depth': 3, 'min_samples_leaf': 20}",0,0.3166686147,0.3758119693,0.307519416,-1.518041599e-05,0,3.235159817e-05,False
2024-12-19,68,random_forest,"{'max_depth': 3, 'min_samples_leaf': 20}",0,0.3336821199,0.3618293219,0.3044885582,-0.0002106999904,0,3.227739726e-05,False
2024-12-20,69,random_forest,"{'max_depth': 3, 'min_samples_leaf': 20}",0,0.3071878171,0.371951927,0.3208602559,0.0001758005722,0,3.220319635e-05,False
2024-12-23,69,random_forest,"{'max_depth': 3, 'min_samples_leaf': 20}",0,0.2884678802,0.4215228907,0.2900092292,0.0001180610981,0,1.742009132e-05,False
2024-12-24,69,random_forest,"{'max_depth': 3, 'min_samples_leaf': 20}",0,0.2057026718,0.5641955365,0.2301017917,0.0004726546903,1,3.264840183e-05,False
2024-12-26,69,random_forest,"{'max_depth': 3, 'min_samples_leaf': 20}",0,0.2114174372,0.5572372196,0.2313453432,0.0004251053393,0,3.227739726e-05,False
2024-12-27,69,random_forest,"{'max_depth': 3, 'min_samples_leaf': 20}",0,0.267755355,0.4519420751,0.2803025699,0.0002489423024,0,3.198059361e-05,False
2024-12-30,69,random_forest,"{'max_depth': 3, 'min_samples_leaf': 20}",0,0.2902572571,0.4006969572,0.3090457857,0.0002518470178,0,3.242579909e-05,False
2024-12-31,69,random_forest,"{'max_depth': 3, 'min_samples_leaf': 20}",0,0.2869820794,0.4010629229,0.3119549977,0.0003079754138,0,3.242579909e-05,False
2025-01-02,69,random_forest,"{'max_depth': 3, 'min_samples_leaf': 20}",0,0.2832577861,0.4083036016,0.3084386123,0.0003173884422,0,3.235159817e-05,False
2025-01-03,69,random_forest,"{'max_depth': 3, 'min_samples_leaf': 20}",0,0.2313177664,0.5289654939,0.2397167398,0.0002917450109,0,3.220319635e-05,False
2025-01-06,69,random_forest,"{'max_depth': 3, 'min_samples_leaf': 20}",0,0.2226568524,0.5516181521,0.2257249955,0.000267277474,0,3.227739726e-05,False
2025-01-07,69,random_forest,"{'max_depth': 3, 'min_samples_leaf': 20}",0,0.2778351051,0.453221936,0.268942959,5.701607645e-05,0,3.227739726e-05,False
2025-01-08,69,random_forest,"{'max_depth': 3, 'min_samples_leaf': 20}",0,0.2844830359,0.4395316446,0.2759853195,4.631738786e-05,0,3.227739726e-05,False
2025-01-10,69,random_forest,"{'max_depth': 3, 'min_samples_leaf': 20}",0,0.3098057706,0.3772658006,0.3129284288,8.623542136e-05,0,3.235159817e-05,False
2025-01-13,69,random_forest,"{'max_depth': 3, 'min_samples_leaf': 20}",0,0.317149842,0.3849533264,0.2978968316,-0.0001074592937,0,3.242579909e-05,False
2025-01-14,69,random_forest,"{'max_depth': 3, 'min_samples_leaf': 20}",0,0.3119563774,0.3888302682,0.2992133544,-4.474030843e-05,0,3.235159817e-05,False
2025-01-15,69,random_forest,"{'max_depth': 3, 'min_samples_leaf': 20}",0,0.1929739021,0.5964803316,0.2105457663,0.0004447269261,1,3.227739726e-05,False
2025-01-16,69,random_forest,"{'max_depth': 3, 'min_samples_leaf': 20}",0,0.2090555851,0.5718070481,0.2191373668,0.0003515202738,0,3.220319635e-05,False
2025-01-17,69,random_forest,"{'max_depth': 3, 'min_samples_leaf': 20}",0,0.1776327666,0.6149017071,0.2074655263,0.0005744292586,1,3.220319635e-05,False
2025-01-21,69,random_forest,"{'max_depth': 3, 'min_samples_leaf': 20}",0,0.1591700042,0.6520478347,0.1887821611,0.0006111167767,1,3.235159817e-05,False
2025-01-22,69,random_forest,"{'max_depth': 3, 'min_samples_leaf': 20}",0,0.1636829324,0.6507273868,0.1855896808,0.00054028381,1,3.235159817e-05,False
2025-01-23,69,random_forest,"{'max_depth': 3, 'min_samples_leaf': 20}",0,0.155543374,0.6756094857,0.1688471403,0.0004886416899,1,3.235159817e-05,False
2025-01-24,70,random_forest,"{'max_depth': 3, 'min_samples_leaf': 20}",0,0.1786308957,0.6298717609,0.1914973434,0.0004341854638,1,3.227739726e-05,False
2025-01-27,70,random_forest,"{'max_depth': 3, 'min_samples_leaf': 20}",0,0.2109780501,0.5412459022,0.2477760477,0.0005578279046,1,3.205479452e-05,False
2025-01-28,70,random_forest,"{'max_depth': 3, 'min_samples_leaf': 20}",0,0.1925922294,0.5868480956,0.220559675,0.0005255840393,1,3.198059361e-05,False
2025-01-29,70,random_forest,"{'max_depth': 3, 'min_samples_leaf': 20}",0,0.2049027848,0.5642125143,0.2308847009,0.0004842230518,1,3.198059361e-05,False
2025-01-30,70,random_forest,"{'max_depth': 3, 'min_samples_leaf': 20}",0,0.1960875549,0.5807510919,0.2231613532,0.0005112110847,1,3.190639269e-05,False
2025-01-31,70,random_forest,"{'max_depth': 3, 'min_samples_leaf': 20}",0,0.2205131917,0.5219351377,0.2575516707,0.0005399658173,1,3.198059361e-05,False
2025-02-03,70,random_forest,"{'max_depth': 3, 'min_samples_leaf': 20}",0,0.2457650879,0.4653418837,0.2888930284,0.0005361201972,1,3.220319635e-05,False
2025-02-04,70,random_forest,"{'max_depth': 3, 'min_samples_leaf': 20}",0,0.2242662816,0.4934108698,0.2823228486,0.0006997000411,1,3.212899543e-05,False
2025-02-05,70,random_forest,"{'max_depth': 3, 'min_samples_leaf': 20}",0,0.1976129091,0.5662818513,0.2361052397,0.0005990555166,1,3.212899543e-05,False
2025-02-06,70,random_forest,"{'max_depth': 3, 'min_samples_leaf': 20}",0,0.187899261,0.5872258305,0.2248749085,0.0006071162417,1,3.220319635e-05,False
2025-02-07,70,random_forest,"{'max_depth': 3, 'min_samples_leaf': 20}",0,0.2165066867,0.5170059358,0.2664873775,0.0006514291023,1,3.227739726e-05,False
2025-02-10,70,random_forest,"{'max_depth': 3, 'min_samples_leaf': 20}",0,0.2086724997,0.55651911,0.2348083903,0.0004776307309,1,3.227739726e-05,False
2025-02-11,70,random_forest,"{'max_depth': 3, 'min_samples_leaf': 20}",0,0.2110871734,0.5425725163,0.2463403103,0.0005452886344,1,3.227739726e-05,False
2025-02-12,70,random_forest,"{'max_depth': 3, 'min_samples_leaf': 20}",0,0.2186435635,0.5325109673,0.2488454691,0.0004893548417,1,3.227739726e-05,False
2025-02-13,70,random_forest,"{'max_depth': 3, 'min_samples_leaf': 20}",0,0.1878312265,0.5925826511,0.2195861224,0.0005656467072,1,3.220319635e-05,False
2025-02-14,70,random_forest,"{'max_depth': 3, 'min_samples_leaf': 20}",0,0.1985329597,0.5743318872,0.2271351531,0.000518320252,1,3.220319635e-05,False
2025-02-18,70,random_forest,"{'max_depth': 3, 'min_samples_leaf': 20}",0,0.1738711962,0.6322117964,0.1939170075,0.0005012798013,1,3.220319635e-05,False
2025-02-19,70,random_forest,"{'max_depth': 3, 'min_samples_leaf': 20}",0,0.1914857255,0.5850805602,0.2234337143,0.0005596051617,1,3.220319635e-05,False
2025-02-20,70,random_forest,"{'max_depth': 3, 'min_samples_leaf': 20}",0,0.2113753028,0.5284530558,0.2601716414,0.0006526335781,1,3.212899543e-05,False
2025-02-21,70,random_forest,"{'max_depth': 3, 'min_samples_leaf': 20}",0,0.2540241479,0.4125529275,0.3334229246,0.0008080757819,1,3.205479452e-05,False
2025-02-24,70,random_forest,"{'max_depth': 3, 'min_samples_leaf': 20}",0,0.252814161,0.4203296837,0.3268561552,0.0007678908032,1,3.198059361e-05,False
2025-02-25,71,random_forest,"{'max_depth': 3, 'min_samples_leaf': 20}",0,0.2459531244,0.3100162863,0.4440305893,0.001770672403,1,3.190639269e-05,False
2025-02-26,71,random_forest,"{'max_depth': 3, 'min_samples_leaf': 20}",0,0.2256246956,0.3455810174,0.428794287,0.001853877842,1,3.198059361e-05,False
2025-02-27,71,random_forest,"{'max_depth': 3, 'min_samples_leaf': 20}",0,0.2470396569,0.3185425997,0.4344177433,0.001683252955,1,3.205479452e-05,False
2025-02-28,71,random_forest,"{'max_depth': 3, 'min_samples_leaf': 20}",0,0.2555741353,0.373368502,0.3710573627,0.001093244733,1,3.205479452e-05,False
2025-03-03,71,random_forest,"{'max_depth': 3, 'min_samples_leaf': 20}",0,0.251675217,0.3240904998,0.4242342832,0.001555600064,1,3.227739726e-05,False
2025-03-04,71,random_forest,"{'max_depth': 3, 'min_samples_leaf': 20}",0,0.2702502497,0.3842126721,0.3455370782,0.0007425736615,1,3.220319635e-05,False
2025-03-05,71,random_forest,"{'max_depth': 3, 'min_samples_leaf': 20}",0,0.2687555432,0.4005981471,0.3306463097,0.0006391160812,1,3.227739726e-05,False
2025-03-06,71,random_forest,"{'max_depth': 3, 'min_samples_leaf': 20}",0,0.2771395973,0.388612138,0.3342482647,0.0005834586122,1,3.220319635e-05,False
2025-03-07,71,random_forest,"{'max_depth': 3, 'min_samples_leaf': 20}",0,0.2690915059,0.3995745593,0.3313339348,0.0006412088954,1,3.220319635e-05,False
2025-03-10,71,random_forest,"{'max_depth': 3, 'min_samples_leaf': 20}",0,0.2791812619,0.3820430172,0.3387757209,0.0005989516265,1,3.212899543e-05,False
2025-03-11,71,random_forest,"{'max_depth': 3, 'min_samples_leaf': 20}",0,0.280046396,0.3805710727,0.3393825312,0.0005950794486,1,3.220319635e-05,False
2025-03-12,71,random_forest,"{'max_depth': 3, 'min_samples_leaf': 20}",0,0.2641459122,0.419391076,0.3164630118,0.0005726151308,1,3.227739726e-05,False
2025-03-13,71,random_forest,"{'max_depth': 3, 'min_samples_leaf': 20}",0,0.2601723325,0.4154341446,0.3243935229,0.0006756830794,1,3.220319635e-05,False
2025-03-14,71,random_forest,"{'max_depth': 3, 'min_samples_leaf': 20}",0,0.2367141493,0.4758258663,0.2874599843,0.0006177138124,1,3.212899543e-05,False
2025-03-17,71,random_forest,"{'max_depth': 3, 'min_samples_leaf': 20}",0,0.2384715418,0.4949884209,0.2665400374,0.0004335737163,1,3.220319635e-05,False
2025-03-18,71,random_forest,"{'max_depth': 3, 'min_samples_leaf': 20}",0,0.2364565074,0.4935331675,0.2700103251,0.0004814531519,1,3.220319635e-05,False
2025-03-19,71,random_forest,"{'max_depth': 3, 'min_samples_leaf': 20}",0,0.2298741884,0.4976624965,0.2724633151,0.0005671712805,1,3.212899543e-05,False
2025-03-20,71,random_forest,"{'max_depth': 3, 'min_samples_leaf': 20}",0,0.2246244442,0.5185661128,0.256809443,0.0004954062413,1,3.212899543e-05,False
2025-03-21,71,random_forest,"{'max_depth': 3, 'min_samples_leaf': 20}",0,0.2366742766,0.4793946905,0.2839310328,0.0005900339679,1,3.212899543e-05,False
2025-03-24,71,random_forest,"{'max_depth': 3, 'min_samples_leaf': 20}",0,0.1982856471,0.6034881536,0.1982261993,0.0002941348589,0,3.212899543e-05,False
2025-03-25,71,random_forest,"{'max_depth': 3, 'min_samples_leaf': 20}",0,0.1879523074,0.623162172,0.1888855207,0.0003237318574,0,3.212899543e-05,False
2025-03-26,72,majority_baseline,{},0,0.2431879154,0.5034699065,0.2533421782,0.000268733432,0,3.212899543e-05,False
2025-03-27,72,majority_baseline,{},0,0.2431879154,0.5034699065,0.2533421782,0.000268733432,0,3.212899543e-05,False
2025-03-28,72,majority_baseline,{},0,0.2431879154,0.5034699065,0.2533421782,0.000268733432,0,3.212899543e-05,False
2025-03-31,72,majority_baseline,{},0,0.2431879154,0.5034699065,0.2533421782,0.000268733432,0,3.205479452e-05,False
2025-04-01,72,majority_baseline,{},0,0.2431879154,0.5034699065,0.2533421782,0.000268733432,0,3.205479452e-05,False
2025-04-02,72,majority_baseline,{},0,0.2431879154,0.5034699065,0.2533421782,0.000268733432,0,3.205479452e-05,False
2025-04-03,72,majority_baseline,{},0,0.2431879154,0.5034699065,0.2533421782,0.000268733432,0,3.198059361e-05,False
2025-04-04,72,majority_baseline,{},0,0.2431879154,0.5034699065,0.2533421782,0.000268733432,0,3.175799087e-05,False
2025-04-07,72,majority_baseline,{},0,0.2431879154,0.5034699065,0.2533421782,0.000268733432,0,3.183219178e-05,False
2025-04-08,72,majority_baseline,{},0,0.2431879154,0.5034699065,0.2533421782,0.000268733432,0,3.198059361e-05,False
2025-04-09,72,majority_baseline,{},0,0.2431879154,0.5034699065,0.2533421782,0.000268733432,0,3.227739726e-05,False
2025-04-10,72,majority_baseline,{},0,0.2431879154,0.5034699065,0.2533421782,0.000268733432,0,3.220319635e-05,False
2025-04-11,72,majority_baseline,{},0,0.2431879154,0.5034699065,0.2533421782,0.000268733432,0,3.220319635e-05,False
2025-04-14,72,majority_baseline,{},0,0.2431879154,0.5034699065,0.2533421782,0.000268733432,0,3.212899543e-05,False
2025-04-15,72,majority_baseline,{},0,0.2431879154,0.5034699065,0.2533421782,0.000268733432,0,3.212899543e-05,False
2025-04-16,72,majority_baseline,{},0,0.2431879154,0.5034699065,0.2533421782,0.000268733432,0,3.212899543e-05,False
2025-04-17,72,majority_baseline,{},0,0.2431879154,0.5034699065,0.2533421782,0.000268733432,0,3.220319635e-05,False
2025-04-21,72,majority_baseline,{},0,0.2431879154,0.5034699065,0.2533421782,0.000268733432,0,3.220319635e-05,False
2025-04-22,72,majority_baseline,{},0,0.2431879154,0.5034699065,0.2533421782,0.000268733432,0,3.212899543e-05,False
2025-04-23,72,majority_baseline,{},0,0.2431879154,0.5034699065,0.2533421782,0.000268733432,0,3.212899543e-05,False
2025-04-24,72,majority_baseline,{},0,0.2431879154,0.5034699065,0.2533421782,0.000268733432,0,3.205479452e-05,False
2025-04-25,73,majority_baseline,{},0,0.2564676382,0.4902700146,0.2532623472,0.0001581739309,0,3.205479452e-05,False
2025-04-28,73,majority_baseline,{},0,0.2564676382,0.4902700146,0.2532623472,0.0001581739309,0,3.205479452e-05,False
2025-04-29,73,majority_baseline,{},0,0.2564676382,0.4902700146,0.2532623472,0.0001581739309,0,3.198059361e-05,False
2025-04-30,73,majority_baseline,{},0,0.2564676382,0.4902700146,0.2532623472,0.0001581739309,0,3.198059361e-05,False
2025-05-01,73,majority_baseline,{},0,0.2564676382,0.4902700146,0.2532623472,0.0001581739309,0,3.198059361e-05,False
2025-05-02,73,majority_baseline,{},0,0.2564676382,0.4902700146,0.2532623472,0.0001581739309,0,3.212899543e-05,False
2025-05-05,73,majority_baseline,{},0,0.2564676382,0.4902700146,0.2532623472,0.0001581739309,0,3.212899543e-05,False
2025-05-06,73,majority_baseline,{},0,0.2564676382,0.4902700146,0.2532623472,0.0001581739309,0,3.212899543e-05,False
2025-05-07,73,majority_baseline,{},0,0.2564676382,0.4902700146,0.2532623472,0.0001581739309,0,3.220319635e-05,False
2025-05-08,73,majority_baseline,{},0,0.2564676382,0.4902700146,0.2532623472,0.0001581739309,0,3.220319635e-05,False
2025-05-09,73,majority_baseline,{},0,0.2564676382,0.4902700146,0.2532623472,0.0001581739309,0,3.220319635e-05,False
2025-05-12,73,majority_baseline,{},0,0.2564676382,0.4902700146,0.2532623472,0.0001581739309,0,3.279680365e-05,False
2025-05-13,73,majority_baseline,{},0,0.2564676382,0.4902700146,0.2532623472,0.0001581739309,0,3.272260274e-05,False
2025-05-14,73,majority_baseline,{},0,0.2564676382,0.4902700146,0.2532623472,0.0001581739309,0,3.272260274e-05,False
2025-05-15,73,majority_baseline,{},0,0.2564676382,0.4902700146,0.2532623472,0.0001581739309,0,3.25e-05,False
2025-05-16,73,majority_baseline,{},0,0.2564676382,0.4902700146,0.2532623472,0.0001581739309,0,3.242579909e-05,False
2025-05-19,73,majority_baseline,{},0,0.2564676382,0.4902700146,0.2532623472,0.0001581739309,0,3.257420091e-05,False
2025-05-20,73,majority_baseline,{},0,0.2564676382,0.4902700146,0.2532623472,0.0001581739309,0,3.25e-05,False
2025-05-21,73,majority_baseline,{},0,0.2564676382,0.4902700146,0.2532623472,0.0001581739309,0,3.235159817e-05,False
2025-05-22,73,majority_baseline,{},0,0.2564676382,0.4902700146,0.2532623472,0.0001581739309,0,3.242579909e-05,False
2025-05-23,73,majority_baseline,{},0,0.2564676382,0.4902700146,0.2532623472,0.0001581739309,0,3.235159817e-05,False
2025-05-27,74,majority_baseline,{},0,0.2433329277,0.5000278753,0.2566391971,0.00034204107,0,3.227739726e-05,False
2025-05-28,74,majority_baseline,{},0,0.2433329277,0.5000278753,0.2566391971,0.00034204107,0,3.227739726e-05,False
2025-05-29,74,majority_baseline,{},0,0.2433329277,0.5000278753,0.2566391971,0.00034204107,0,3.235159817e-05,False
2025-05-30,74,majority_baseline,{},0,0.2433329277,0.5000278753,0.2566391971,0.00034204107,0,3.235159817e-05,False
2025-06-02,74,majority_baseline,{},0,0.2433329277,0.5000278753,0.2566391971,0.00034204107,0,3.294520548e-05,False
2025-06-03,74,majority_baseline,{},0,0.2433329277,0.5000278753,0.2566391971,0.00034204107,0,3.287100457e-05,False
2025-06-04,74,majority_baseline,{},0,0.2433329277,0.5000278753,0.2566391971,0.00034204107,0,3.294520548e-05,False
2025-06-05,74,majority_baseline,{},0,0.2433329277,0.5000278753,0.2566391971,0.00034204107,0,3.294520548e-05,False
2025-06-06,74,majority_baseline,{},0,0.2433329277,0.5000278753,0.2566391971,0.00034204107,0,3.287100457e-05,False
2025-06-09,74,majority_baseline,{},0,0.2433329277,0.5000278753,0.2566391971,0.00034204107,0,3.294520548e-05,False
2025-06-10,74,majority_baseline,{},0,0.2433329277,0.5000278753,0.2566391971,0.00034204107,0,3.301940639e-05,False
2025-06-11,74,majority_baseline,{},0,0.2433329277,0.5000278753,0.2566391971,0.00034204107,0,3.301940639e-05,False
2025-06-12,74,majority_baseline,{},0,0.2433329277,0.5000278753,0.2566391971,0.00034204107,0,3.309360731e-05,False
2025-06-13,74,majority_baseline,{},0,0.2433329277,0.5000278753,0.2566391971,0.00034204107,0,3.301940639e-05,False
2025-06-16,74,majority_baseline,{},0,0.2433329277,0.5000278753,0.2566391971,0.00034204107,0,3.287100457e-05,False
2025-06-17,74,majority_baseline,{},0,0.2433329277,0.5000278753,0.2566391971,0.00034204107,0,3.279680365e-05,False
2025-06-18,74,majority_baseline,{},0,0.2433329277,0.5000278753,0.2566391971,0.00034204107,0,3.279680365e-05,False
2025-06-20,74,majority_baseline,{},0,0.2433329277,0.5000278753,0.2566391971,0.00034204107,0,3.257420091e-05,False
2025-06-23,74,majority_baseline,{},0,0.2433329277,0.5000278753,0.2566391971,0.00034204107,0,3.25e-05,False
2025-06-24,74,majority_baseline,{},0,0.2433329277,0.5000278753,0.2566391971,0.00034204107,0,3.25e-05,False
2025-06-25,74,majority_baseline,{},0,0.2433329277,0.5000278753,0.2566391971,0.00034204107,0,3.25e-05,False
2025-06-26,75,majority_baseline,{},0,0.2466659299,0.4966665463,0.2566675238,0.0003083368909,0,3.257420091e-05,False
2025-06-27,75,majority_baseline,{},0,0.2466659299,0.4966665463,0.2566675238,0.0003083368909,0,3.257420091e-05,False
2025-06-30,75,majority_baseline,{},0,0.2466659299,0.4966665463,0.2566675238,0.0003083368909,0,3.272260274e-05,False
2025-07-01,75,majority_baseline,{},0,0.2466659299,0.4966665463,0.2566675238,0.0003083368909,0,3.264840183e-05,False
2025-07-02,75,majority_baseline,{},0,0.2466659299,0.4966665463,0.2566675238,0.0003083368909,0,1.761986301e-05,False
2025-07-03,75,majority_baseline,{},0,0.2466659299,0.4966665463,0.2566675238,0.0003083368909,0,3.279680365e-05,False
2025-07-07,75,majority_baseline,{},0,0.2466659299,0.4966665463,0.2566675238,0.0003083368909,0,3.279680365e-05,False
2025-07-08,75,majority_baseline,{},0,0.2466659299,0.4966665463,0.2566675238,0.0003083368909,0,3.279680365e-05,False
2025-07-09,75,majority_baseline,{},0,0.2466659299,0.4966665463,0.2566675238,0.0003083368909,0,3.279680365e-05,False
2025-07-10,75,majority_baseline,{},0,0.2466659299,0.4966665463,0.2566675238,0.0003083368909,0,3.279680365e-05,False
2025-07-11,75,majority_baseline,{},0,0.2466659299,0.4966665463,0.2566675238,0.0003083368909,0,3.272260274e-05,False
2025-07-14,75,majority_baseline,{},0,0.2466659299,0.4966665463,0.2566675238,0.0003083368909,0,3.279680365e-05,False
2025-07-15,75,majority_baseline,{},0,0.2466659299,0.4966665463,0.2566675238,0.0003083368909,0,3.279680365e-05,False
2025-07-16,75,majority_baseline,{},0,0.2466659299,0.4966665463,0.2566675238,0.0003083368909,0,3.272260274e-05,False
2025-07-17,75,majority_baseline,{},0,0.2466659299,0.4966665463,0.2566675238,0.0003083368909,0,3.272260274e-05,False
2025-07-18,75,majority_baseline,{},0,0.2466659299,0.4966665463,0.2566675238,0.0003083368909,0,3.264840183e-05,False
2025-07-21,75,majority_baseline,{},0,0.2466659299,0.4966665463,0.2566675238,0.0003083368909,0,3.272260274e-05,False
2025-07-22,75,majority_baseline,{},0,0.2466659299,0.4966665463,0.2566675238,0.0003083368909,0,3.272260274e-05,False
2025-07-23,75,majority_baseline,{},0,0.2466659299,0.4966665463,0.2566675238,0.0003083368909,0,3.272260274e-05,False
2025-07-24,75,majority_baseline,{},0,0.2466659299,0.4966665463,0.2566675238,0.0003083368909,0,3.279680365e-05,False
2025-07-25,75,majority_baseline,{},0,0.2466659299,0.4966665463,0.2566675238,0.0003083368909,0,3.279680365e-05,False
2025-07-28,76,majority_baseline,{},0,0.2433346021,0.5033336717,0.2533317262,0.000320412279,0,3.264840183e-05,False
2025-07-29,76,majority_baseline,{},0,0.2433346021,0.5033336717,0.2533317262,0.000320412279,0,3.264840183e-05,False
2025-07-30,76,majority_baseline,{},0,0.2433346021,0.5033336717,0.2533317262,0.000320412279,0,3.272260274e-05,False
2025-07-31,76,majority_baseline,{},0,0.2433346021,0.5033336717,0.2533317262,0.000320412279,0,3.272260274e-05,False
2025-08-01,76,majority_baseline,{},0,0.2433346021,0.5033336717,0.2533317262,0.000320412279,0,3.227739726e-05,False
2025-08-04,76,majority_baseline,{},0,0.2433346021,0.5033336717,0.2533317262,0.000320412279,0,3.227739726e-05,False
2025-08-05,76,majority_baseline,{},0,0.2433346021,0.5033336717,0.2533317262,0.000320412279,0,3.220319635e-05,False
2025-08-06,76,majority_baseline,{},0,0.2433346021,0.5033336717,0.2533317262,0.000320412279,0,3.205479452e-05,False
2025-08-07,76,majority_baseline,{},0,0.2433346021,0.5033336717,0.2533317262,0.000320412279,0,3.205479452e-05,False
2025-08-08,76,majority_baseline,{},0,0.2433346021,0.5033336717,0.2533317262,0.000320412279,0,3.205479452e-05,False
2025-08-11,76,majority_baseline,{},0,0.2433346021,0.5033336717,0.2533317262,0.000320412279,0,3.220319635e-05,False
2025-08-12,76,majority_baseline,{},0,0.2433346021,0.5033336717,0.2533317262,0.000320412279,0,3.212899543e-05,False
2025-08-13,76,majority_baseline,{},0,0.2433346021,0.5033336717,0.2533317262,0.000320412279,0,3.183219178e-05,False
2025-08-14,76,majority_baseline,{},0,0.2433346021,0.5033336717,0.2533317262,0.000320412279,0,3.190639269e-05,False
2025-08-15,76,majority_baseline,{},0,0.2433346021,0.5033336717,0.2533317262,0.000320412279,0,3.190639269e-05,False
2025-08-18,76,majority_baseline,{},0,0.2433346021,0.5033336717,0.2533317262,0.000320412279,0,3.212899543e-05,False
2025-08-19,76,majority_baseline,{},0,0.2433346021,0.5033336717,0.2533317262,0.000320412279,0,3.190639269e-05,False
2025-08-20,76,majority_baseline,{},0,0.2433346021,0.5033336717,0.2533317262,0.000320412279,0,3.190639269e-05,False
2025-08-21,76,majority_baseline,{},0,0.2433346021,0.5033336717,0.2533317262,0.000320412279,0,3.205479452e-05,False
2025-08-22,76,majority_baseline,{},0,0.2433346021,0.5033336717,0.2533317262,0.000320412279,0,3.168378995e-05,False
2025-08-25,76,majority_baseline,{},0,0.2433346021,0.5033336717,0.2533317262,0.000320412279,0,3.183219178e-05,False
2025-08-26,77,majority_baseline,{},0,0.2633111004,0.4866733472,0.2500155524,8.625670077e-05,0,3.175799087e-05,False
2025-08-27,77,majority_baseline,{},0,0.2633111004,0.4866733472,0.2500155524,8.625670077e-05,0,3.160958904e-05,False
2025-08-28,77,majority_baseline,{},0,0.2633111004,0.4866733472,0.2500155524,8.625670077e-05,0,3.160958904e-05,False
2025-08-29,77,majority_baseline,{},0,0.2633111004,0.4866733472,0.2500155524,8.625670077e-05,0,3.13869863e-05,False
2025-09-02,77,majority_baseline,{},0,0.2633111004,0.4866733472,0.2500155524,8.625670077e-05,0,3.116438356e-05,False
2025-09-03,77,majority_baseline,{},0,0.2633111004,0.4866733472,0.2500155524,8.625670077e-05,0,3.101598174e-05,False
2025-09-04,77,majority_baseline,{},0,0.2633111004,0.4866733472,0.2500155524,8.625670077e-05,0,3.086757991e-05,False
2025-09-05,77,majority_baseline,{},0,0.2633111004,0.4866733472,0.2500155524,8.625670077e-05,0,3.019977169e-05,False
2025-09-08,77,majority_baseline,{},0,0.2633111004,0.4866733472,0.2500155524,8.625670077e-05,0,3.042237443e-05,False
2025-09-09,77,majority_baseline,{},0,0.2633111004,0.4866733472,0.2500155524,8.625670077e-05,0,3.042237443e-05,False
2025-09-10,77,majority_baseline,{},0,0.2633111004,0.4866733472,0.2500155524,8.625670077e-05,0,3.034817352e-05,False
2025-09-11,77,majority_baseline,{},0,0.2633111004,0.4866733472,0.2500155524,8.625670077e-05,0,3.02739726e-05,False
2025-09-12,77,majority_baseline,{},0,0.2633111004,0.4866733472,0.2500155524,8.625670077e-05,0,3.02739726e-05,False
2025-09-15,77,majority_baseline,{},0,0.2633111004,0.4866733472,0.2500155524,8.625670077e-05,0,3.012557078e-05,False
2025-09-16,77,majority_baseline,{},0,0.2633111004,0.4866733472,0.2500155524,8.625670077e-05,0,2.997716895e-05,False
2025-09-17,77,majority_baseline,{},0,0.2633111004,0.4866733472,0.2500155524,8.625670077e-05,0,2.982876712e-05,False
2025-09-18,77,majority_baseline,{},0,0.2633111004,0.4866733472,0.2500155524,8.625670077e-05,0,2.990296804e-05,False
2025-09-19,77,majority_baseline,{},0,0.2633111004,0.4866733472,0.2500155524,8.625670077e-05,0,2.990296804e-05,False
2025-09-22,77,majority_baseline,{},0,0.2633111004,0.4866733472,0.2500155524,8.625670077e-05,0,2.96803653e-05,False
2025-09-23,77,majority_baseline,{},0,0.2633111004,0.4866733472,0.2500155524,8.625670077e-05,0,2.96803653e-05,False
2025-09-24,77,majority_baseline,{},0,0.2633111004,0.4866733472,0.2500155524,8.625670077e-05,0,2.982876712e-05,False
2025-09-25,78,majority_baseline,{},0,0.2632783447,0.5033638387,0.2333578167,-4.61445832e-05,0,2.997716895e-05,False
2025-09-26,78,majority_baseline,{},0,0.2632783447,0.5033638387,0.2333578167,-4.61445832e-05,0,2.982876712e-05,False
2025-09-29,78,majority_baseline,{},0,0.2632783447,0.5033638387,0.2333578167,-4.61445832e-05,0,2.997716895e-05,False
2025-09-30,78,majority_baseline,{},0,0.2632783447,0.5033638387,0.2333578167,-4.61445832e-05,0,2.982876712e-05,False
2025-10-01,78,majority_baseline,{},0,0.2632783447,0.5033638387,0.2333578167,-4.61445832e-05,0,2.975456621e-05,False
2025-10-02,78,majority_baseline,{},0,0.2632783447,0.5033638387,0.2333578167,-4.61445832e-05,0,2.982876712e-05,False
2025-10-03,78,majority_baseline,{},0,0.2632783447,0.5033638387,0.2333578167,-4.61445832e-05,0,2.990296804e-05,False
2025-10-06,78,majority_baseline,{},0,0.2632783447,0.5033638387,0.2333578167,-4.61445832e-05,0,2.982876712e-05,False
2025-10-07,78,majority_baseline,{},0,0.2632783447,0.5033638387,0.2333578167,-4.61445832e-05,0,2.975456621e-05,False
2025-10-08,78,majority_baseline,{},0,0.2632783447,0.5033638387,0.2333578167,-4.61445832e-05,0,2.975456621e-05,False
2025-10-09,78,majority_baseline,{},0,0.2632783447,0.5033638387,0.2333578167,-4.61445832e-05,0,2.990296804e-05,False
2025-10-10,78,majority_baseline,{},0,0.2632783447,0.5033638387,0.2333578167,-4.61445832e-05,0,2.982876712e-05,False
2025-10-13,78,majority_baseline,{},0,0.2632783447,0.5033638387,0.2333578167,-4.61445832e-05,0,2.982876712e-05,False
2025-10-14,78,majority_baseline,{},0,0.2632783447,0.5033638387,0.2333578167,-4.61445832e-05,0,2.982876712e-05,False
2025-10-15,78,majority_baseline,{},0,0.2632783447,0.5033638387,0.2333578167,-4.61445832e-05,0,2.990296804e-05,False
2025-10-16,78,majority_baseline,{},0,0.2632783447,0.5033638387,0.2333578167,-4.61445832e-05,0,2.982876712e-05,False
2025-10-17,78,majority_baseline,{},0,0.2632783447,0.5033638387,0.2333578167,-4.61445832e-05,0,2.96803653e-05,False
2025-10-20,78,majority_baseline,{},0,0.2632783447,0.5033638387,0.2333578167,-4.61445832e-05,0,2.945776256e-05,False
2025-10-21,78,majority_baseline,{},0,0.2632783447,0.5033638387,0.2333578167,-4.61445832e-05,0,2.938356164e-05,False
2025-10-22,78,majority_baseline,{},0,0.2632783447,0.5033638387,0.2333578167,-4.61445832e-05,0,2.938356164e-05,False
2025-10-23,78,majority_baseline,{},0,0.2632783447,0.5033638387,0.2333578167,-4.61445832e-05,0,2.930936073e-05,False
2025-10-24,79,majority_baseline,{},0,0.2533578804,0.4966933633,0.2499487563,0.000184445471,0,2.91609589e-05,False
2025-10-27,79,majority_baseline,{},0,0.2533578804,0.4966933633,0.2499487563,0.000184445471,0,2.886415525e-05,False
2025-10-28,79,majority_baseline,{},0,0.2533578804,0.4966933633,0.2499487563,0.000184445471,0,2.886415525e-05,False
2025-10-29,79,majority_baseline,{},0,0.2533578804,0.4966933633,0.2499487563,0.000184445471,0,2.91609589e-05,False
2025-10-30,79,majority_baseline,{},0,0.2533578804,0.4966933633,0.2499487563,0.000184445471,0,2.908675799e-05,False
2025-10-31,79,majority_baseline,{},0,0.2533578804,0.4966933633,0.2499487563,0.000184445471,0,2.886415525e-05,False
2025-11-03,79,majority_baseline,{},0,0.2533578804,0.4966933633,0.2499487563,0.000184445471,0,2.953196347e-05,False
2025-11-04,79,majority_baseline,{},0,0.2533578804,0.4966933633,0.2499487563,0.000184445471,0,2.938356164e-05,False
2025-11-05,79,majority_baseline,{},0,0.2533578804,0.4966933633,0.2499487563,0.000184445471,0,2.938356164e-05,False
2025-11-06,79,majority_baseline,{},0,0.2533578804,0.4966933633,0.2499487563,0.000184445471,0,2.91609589e-05,False
2025-11-07,79,majority_baseline,{},0,0.2533578804,0.4966933633,0.2499487563,0.000184445471,0,2.908675799e-05,False
2025-11-10,79,majority_baseline,{},0,0.2533578804,0.4966933633,0.2499487563,0.000184445471,0,2.930936073e-05,False
2025-11-11,79,majority_baseline,{},0,0.2533578804,0.4966933633,0.2499487563,0.000184445471,0,2.930936073e-05,False
2025-11-12,79,majority_baseline,{},0,0.2533578804,0.4966933633,0.2499487563,0.000184445471,0,2.930936073e-05,False
2025-11-13,79,majority_baseline,{},0,0.2533578804,0.4966933633,0.2499487563,0.000184445471,0,2.938356164e-05,False
2025-11-14,79,majority_baseline,{},0,0.2533578804,0.4966933633,0.2499487563,0.000184445471,0,2.930936073e-05,False
2025-11-17,79,majority_baseline,{},0,0.2533578804,0.4966933633,0.2499487563,0.000184445471,0,2.945776256e-05,False
2025-11-18,79,majority_baseline,{},0,0.2533578804,0.4966933633,0.2499487563,0.000184445471,0,2.923515982e-05,False
2025-11-19,79,majority_baseline,{},0,0.2533578804,0.4966933633,0.2499487563,0.000184445471,0,2.930936073e-05,False
2025-11-20,79,majority_baseline,{},0,0.2533578804,0.4966933633,0.2499487563,0.000184445471,0,2.923515982e-05,False
2025-11-21,79,majority_baseline,{},0,0.2533578804,0.4966933633,0.2499487563,0.000184445471,0,2.893835616e-05,False
2025-11-24,80,majority_baseline,{},0,0.2633316646,0.4800063888,0.2566619466,0.0001250626535,0,2.901255708e-05,False
2025-11-25,80,majority_baseline,{},0,0.2633316646,0.4800063888,0.2566619466,0.0001250626535,0,2.893835616e-05,False
2025-11-26,80,majority_baseline,{},0,0.2633316646,0.4800063888,0.2566619466,0.0001250626535,0,1.566210046e-05,False
2025-11-28,80,majority_baseline,{},0,0.2633316646,0.4800063888,0.2566619466,0.0001250626535,0,2.878995434e-05,False
2025-12-01,80,majority_baseline,{},0,0.2633316646,0.4800063888,0.2566619466,0.0001250626535,0,2.827054795e-05,False
2025-12-02,80,majority_baseline,{},0,0.2633316646,0.4800063888,0.2566619466,0.0001250626535,0,2.797374429e-05,False
2025-12-03,80,majority_baseline,{},0,0.2633316646,0.4800063888,0.2566619466,0.0001250626535,0,2.760273973e-05,False
2025-12-04,80,majority_baseline,{},0,0.2633316646,0.4800063888,0.2566619466,0.0001250626535,0,2.752853881e-05,False
2025-12-05,80,majority_baseline,{},0,0.2633316646,0.4800063888,0.2566619466,0.0001250626535,0,2.752853881e-05,False
2025-12-08,80,majority_baseline,{},0,0.2633316646,0.4800063888,0.2566619466,0.0001250626535,0,2.767694064e-05,False
2025-12-09,80,majority_baseline,{},0,0.2633316646,0.4800063888,0.2566619466,0.0001250626535,0,2.767694064e-05,False
2025-12-10,80,majority_baseline,{},0,0.2633316646,0.4800063888,0.2566619466,0.0001250626535,0,2.738013699e-05,False
2025-12-11,80,majority_baseline,{},0,0.2633316646,0.4800063888,0.2566619466,0.0001250626535,0,2.715753425e-05,False
2025-12-12,80,majority_baseline,{},0,0.2633316646,0.4800063888,0.2566619466,0.0001250626535,0,2.693493151e-05,False
2025-12-15,80,majority_baseline,{},0,0.2633316646,0.4800063888,0.2566619466,0.0001250626535,0,2.708333333e-05,False
2025-12-16,80,majority_baseline,{},0,0.2633316646,0.4800063888,0.2566619466,0.0001250626535,0,2.700913242e-05,False
2025-12-17,80,majority_baseline,{},0,0.2633316646,0.4800063888,0.2566619466,0.0001250626535,0,2.700913242e-05,False
2025-12-18,80,majority_baseline,{},0,0.2633316646,0.4800063888,0.2566619466,0.0001250626535,0,2.686073059e-05,False
2025-12-19,80,majority_baseline,{},0,0.2633316646,0.4800063888,0.2566619466,0.0001250626535,0,2.686073059e-05,False
2025-12-22,80,majority_baseline,{},0,0.2633316646,0.4800063888,0.2566619466,0.0001250626535,0,2.700913242e-05,False
2025-12-23,80,majority_baseline,{},0,0.2633316646,0.4800063888,0.2566619466,0.0001250626535,0,1.458333333e-05,False
2025-12-24,81,majority_baseline,{},0,0.2600109745,0.480016705,0.2599723205,0.0001900230518,0,2.738013699e-05,False
2025-12-26,81,majority_baseline,{},0,0.2600109745,0.480016705,0.2599723205,0.0001900230518,0,2.700913242e-05,False
2025-12-29,81,majority_baseline,{},0,0.2600109745,0.480016705,0.2599723205,0.0001900230518,0,2.730593607e-05,False
2025-12-30,81,majority_baseline,{},0,0.2600109745,0.480016705,0.2599723205,0.0001900230518,0,2.708333333e-05,False
2025-12-31,81,majority_baseline,{},0,0.2600109745,0.480016705,0.2599723205,0.0001900230518,0,2.723173516e-05,False
2026-01-02,81,majority_baseline,{},0,0.2600109745,0.480016705,0.2599723205,0.0001900230518,0,2.708333333e-05,False
2026-01-05,81,majority_baseline,{},0,0.2600109745,0.480016705,0.2599723205,0.0001900230518,0,2.700913242e-05,False
2026-01-06,81,majority_baseline,{},0,0.2600109745,0.480016705,0.2599723205,0.0001900230518,0,2.693493151e-05,False
2026-01-07,81,majority_baseline,{},0,0.2600109745,0.480016705,0.2599723205,0.0001900230518,0,2.686073059e-05,False
2026-01-08,81,majority_baseline,{},0,0.2600109745,0.480016705,0.2599723205,0.0001900230518,0,2.686073059e-05,False
2026-01-09,81,majority_baseline,{},0,0.2600109745,0.480016705,0.2599723205,0.0001900230518,0,2.686073059e-05,False
2026-01-12,81,majority_baseline,{},0,0.2600109745,0.480016705,0.2599723205,0.0001900230518,0,2.723173516e-05,False
2026-01-13,81,majority_baseline,{},0,0.2600109745,0.480016705,0.2599723205,0.0001900230518,0,2.723173516e-05,False
2026-01-14,81,majority_baseline,{},0,0.2600109745,0.480016705,0.2599723205,0.0001900230518,0,2.723173516e-05,False
2026-01-15,81,majority_baseline,{},0,0.2600109745,0.480016705,0.2599723205,0.0001900230518,0,2.730593607e-05,False
2026-01-16,81,majority_baseline,{},0,0.2600109745,0.480016705,0.2599723205,0.0001900230518,0,2.723173516e-05,False
2026-01-20,81,majority_baseline,{},0,0.2600109745,0.480016705,0.2599723205,0.0001900230518,0,2.74543379e-05,False
2026-01-21,81,majority_baseline,{},0,0.2600109745,0.480016705,0.2599723205,0.0001900230518,0,2.74543379e-05,False
2026-01-22,81,majority_baseline,{},0,0.2600109745,0.480016705,0.2599723205,0.0001900230518,0,2.752853881e-05,False
2026-01-23,81,majority_baseline,{},0,0.2600109745,0.480016705,0.2599723205,0.0001900230518,0,2.74543379e-05,False
2026-01-26,81,majority_baseline,{},0,0.2600109745,0.480016705,0.2599723205,0.0001900230518,0,2.723173516e-05,False
2026-01-27,82,majority_baseline,{},0,0.2633185041,0.4767087123,0.2599727837,0.0001565513241,0,2.723173516e-05,False
2026-01-28,82,majority_baseline,{},0,0.2633185041,0.4767087123,0.2599727837,0.0001565513241,0,2.730593607e-05,False
2026-01-29,82,majority_baseline,{},0,0.2633185041,0.4767087123,0.2599727837,0.0001565513241,0,2.723173516e-05,False
2026-01-30,82,majority_baseline,{},0,0.2633185041,0.4767087123,0.2599727837,0.0001565513241,0,2.723173516e-05,False
2026-02-02,82,majority_baseline,{},0,0.2633185041,0.4767087123,0.2599727837,0.0001565513241,0,2.738013699e-05,False
2026-02-03,82,majority_baseline,{},0,0.2633185041,0.4767087123,0.2599727837,0.0001565513241,0,2.738013699e-05,False
2026-02-04,82,majority_baseline,{},0,0.2633185041,0.4767087123,0.2599727837,0.0001565513241,0,2.738013699e-05,False
2026-02-05,82,majority_baseline,{},0,0.2633185041,0.4767087123,0.2599727837,0.0001565513241,0,2.723173516e-05,False
2026-02-06,82,majority_baseline,{},0,0.2633185041,0.4767087123,0.2599727837,0.0001565513241,0,2.730593607e-05,False
2026-02-09,82,majority_baseline,{},0,0.2633185041,0.4767087123,0.2599727837,0.0001565513241,0,2.738013699e-05,False
2026-02-10,82,majority_baseline,{},0,0.2633185041,0.4767087123,0.2599727837,0.0001565513241,0,2.738013699e-05,False
2026-02-11,82,majority_baseline,{},0,0.2633185041,0.4767087123,0.2599727837,0.0001565513241,0,2.74543379e-05,False
2026-02-12,82,majority_baseline,{},0,0.2633185041,0.4767087123,0.2599727837,0.0001565513241,0,2.74543379e-05,False
2026-02-13,82,majority_baseline,{},0,0.2633185041,0.4767087123,0.2599727837,0.0001565513241,0,2.730593607e-05,False
2026-02-17,82,majority_baseline,{},0,0.2633185041,0.4767087123,0.2599727837,0.0001565513241,0,2.738013699e-05,False
2026-02-18,82,majority_baseline,{},0,0.2633185041,0.4767087123,0.2599727837,0.0001565513241,0,2.74543379e-05,False
2026-02-19,82,majority_baseline,{},0,0.2633185041,0.4767087123,0.2599727837,0.0001565513241,0,2.738013699e-05,False
2026-02-20,82,majority_baseline,{},0,0.2633185041,0.4767087123,0.2599727837,0.0001565513241,0,2.738013699e-05,False
2026-02-23,82,majority_baseline,{},0,0.2633185041,0.4767087123,0.2599727837,0.0001565513241,0,2.738013699e-05,False
2026-02-24,82,majority_baseline,{},0,0.2633185041,0.4767087123,0.2599727837,0.0001565513241,0,2.738013699e-05,False
2026-02-25,82,majority_baseline,{},0,0.2633185041,0.4767087123,0.2599727837,0.0001565513241,0,2.738013699e-05,False
2026-02-26,83,majority_baseline,{},0,0.276620498,0.4533492315,0.2700302706,9.879001571e-05,0,2.730593607e-05,False
2026-02-27,83,majority_baseline,{},0,0.276620498,0.4533492315,0.2700302706,9.879001571e-05,0,2.723173516e-05,False
2026-03-02,83,majority_baseline,{},0,0.276620498,0.4533492315,0.2700302706,9.879001571e-05,0,2.760273973e-05,False
2026-03-03,83,majority_baseline,{},0,0.276620498,0.4533492315,0.2700302706,9.879001571e-05,0,2.752853881e-05,False
2026-03-04,83,majority_baseline,{},0,0.276620498,0.4533492315,0.2700302706,9.879001571e-05,0,2.752853881e-05,False
2026-03-05,83,majority_baseline,{},0,0.276620498,0.4533492315,0.2700302706,9.879001571e-05,0,2.74543379e-05,False
2026-03-06,83,majority_baseline,{},0,0.276620498,0.4533492315,0.2700302706,9.879001571e-05,0,2.738013699e-05,False
2026-03-09,83,majority_baseline,{},0,0.276620498,0.4533492315,0.2700302706,9.879001571e-05,0,2.752853881e-05,False
2026-03-10,83,majority_baseline,{},0,0.276620498,0.4533492315,0.2700302706,9.879001571e-05,0,2.752853881e-05,False
2026-03-11,83,majority_baseline,{},0,0.276620498,0.4533492315,0.2700302706,9.879001571e-05,0,2.752853881e-05,False
2026-03-12,83,majority_baseline,{},0,0.276620498,0.4533492315,0.2700302706,9.879001571e-05,0,2.760273973e-05,False
2026-03-13,83,majority_baseline,{},0,0.276620498,0.4533492315,0.2700302706,9.879001571e-05,0,2.760273973e-05,False
2026-03-16,83,majority_baseline,{},0,0.276620498,0.4533492315,0.2700302706,9.879001571e-05,0,2.760273973e-05,False
2026-03-17,83,majority_baseline,{},0,0.276620498,0.4533492315,0.2700302706,9.879001571e-05,0,2.760273973e-05,False
2026-03-18,83,majority_baseline,{},0,0.276620498,0.4533492315,0.2700302706,9.879001571e-05,0,2.767694064e-05,False
2026-03-19,83,majority_baseline,{},0,0.276620498,0.4533492315,0.2700302706,9.879001571e-05,0,2.767694064e-05,False
2026-03-20,83,majority_baseline,{},0,0.276620498,0.4533492315,0.2700302706,9.879001571e-05,0,2.775114155e-05,False
2026-03-23,83,majority_baseline,{},0,0.276620498,0.4533492315,0.2700302706,9.879001571e-05,0,2.775114155e-05,False
2026-03-24,83,majority_baseline,{},0,0.276620498,0.4533492315,0.2700302706,9.879001571e-05,0,2.775114155e-05,False
2026-03-25,83,majority_baseline,{},0,0.276620498,0.4533492315,0.2700302706,9.879001571e-05,0,2.767694064e-05,False
2026-03-26,83,majority_baseline,{},0,0.276620498,0.4533492315,0.2700302706,9.879001571e-05,0,2.767694064e-05,False
2026-03-27,84,logistic,"{'C': 0.01, 'class_weight': None}",0,0.3992949144,0.2619367202,0.3387683653,-0.0005886513338,-1,2.767694064e-05,False
2026-03-30,84,logistic,"{'C': 0.01, 'class_weight': None}",0,0.3361700472,0.271021939,0.3928080139,0.0004844746805,1,2.752853881e-05,False
2026-03-31,84,logistic,"{'C': 0.01, 'class_weight': None}",0,0.3770468007,0.2972547113,0.325698488,-0.0004706992755,-1,2.74543379e-05,False
2026-04-01,84,logistic,"{'C': 0.01, 'class_weight': None}",0,0.3282850094,0.375237649,0.2964773416,-0.0002168447623,0,2.74543379e-05,False
2026-04-02,84,logistic,"{'C': 0.01, 'class_weight': None}",0,0.2820146746,0.4980054138,0.2199799117,-0.0003711865394,0,2.74543379e-05,False
2026-04-06,84,logistic,"{'C': 0.01, 'class_weight': None}",0,0.2620858471,0.5186467432,0.2192674097,-0.0001764281851,0,2.760273973e-05,False
2026-04-07,84,logistic,"{'C': 0.01, 'class_weight': None}",0,0.2593156007,0.5213631024,0.2193212969,-0.0001481160693,0,2.752853881e-05,False
2026-04-08,84,logistic,"{'C': 0.01, 'class_weight': None}",0,0.161745963,0.6686063692,0.1696476678,0.0004311174814,1,2.738013699e-05,False
2026-04-09,84,logistic,"{'C': 0.01, 'class_weight': None}",0,0.1507578676,0.7034392385,0.1458028939,0.000348446803,0,2.730593607e-05,False
2026-04-10,84,logistic,"{'C': 0.01, 'class_weight': None}",0,0.120054179,0.76443939,0.115506431,0.0004118785521,0,2.738013699e-05,False
2026-04-13,84,logistic,"{'C': 0.01, 'class_weight': None}",0,0.1475079508,0.7071517603,0.1453402889,0.0003773999251,0,2.752853881e-05,False
2026-04-14,84,logistic,"{'C': 0.01, 'class_weight': None}",0,0.1202284665,0.7402961535,0.1394753799,0.0006043687415,1,2.752853881e-05,False
2026-04-15,84,logistic,"{'C': 0.01, 'class_weight': None}",0,0.1177099521,0.7629072544,0.1193827935,0.0004668811482,1,2.752853881e-05,False
2026-04-16,84,logistic,"{'C': 0.01, 'class_weight': None}",0,0.1127067813,0.772384017,0.1149092017,0.0004809713012,1,2.74543379e-05,False
2026-04-17,84,logistic,"{'C': 0.01, 'class_weight': None}",0,0.0918142407,0.8001531179,0.1080326414,0.0006354735311,1,2.74543379e-05,False
2026-04-20,84,logistic,"{'C': 0.01, 'class_weight': None}",0,0.1248428725,0.7415134466,0.1336436809,0.0005106766113,1,2.752853881e-05,False
2026-04-21,84,logistic,"{'C': 0.01, 'class_weight': None}",0,0.1696945473,0.6789987615,0.1513066911,0.0002025004411,0,2.738013699e-05,False
2026-04-22,84,logistic,"{'C': 0.01, 'class_weight': None}",0,0.1470977002,0.7004896152,0.1524126846,0.0004388426156,1,2.738013699e-05,False
2026-04-23,84,logistic,"{'C': 0.01, 'class_weight': None}",0,0.1769778083,0.656759254,0.1662629377,0.0002504182898,0,2.738013699e-05,False
2026-04-24,84,logistic,"{'C': 0.01, 'class_weight': None}",0,0.1242541487,0.7450695005,0.1306763508,0.0004925534114,1,2.738013699e-05,False
2026-04-27,84,logistic,"{'C': 0.01, 'class_weight': None}",0,0.1703152273,0.6738144195,0.1558703532,0.0002332387304,0,2.730593607e-05,False
2026-04-28,85,logistic,"{'C': 0.01, 'class_weight': None}",0,0.2152902354,0.5873079861,0.1974017786,0.0001412035884,0,2.730593607e-05,False
2026-04-29,85,logistic,"{'C': 0.01, 'class_weight': None}",0,0.2623222433,0.5358511478,0.2018266089,-0.0002958770774,0,2.730593607e-05,False
2026-04-30,85,logistic,"{'C': 0.01, 'class_weight': None}",0,0.2253666243,0.5523083952,0.2223249805,0.0002418935555,0,2.730593607e-05,False
2026-05-01,85,logistic,"{'C': 0.01, 'class_weight': None}",0,0.231233576,0.5513304579,0.2174359661,0.0001432682183,0,2.730593607e-05,False
2026-05-04,85,logistic,"{'C': 0.01, 'class_weight': None}",0,0.2825314291,0.5070275724,0.2104409985,-0.000429272978,-1,2.74543379e-05,False
2026-05-05,85,logistic,"{'C': 0.01, 'class_weight': None}",0,0.2488282311,0.5275080097,0.2236637592,1.681891883e-05,0,2.738013699e-05,False
2026-05-06,85,logistic,"{'C': 0.01, 'class_weight': None}",0,0.2231263368,0.536506198,0.2403674651,0.0004106659912,0,2.738013699e-05,False
2026-05-07,85,logistic,"{'C': 0.01, 'class_weight': None}",0,0.2576603603,0.516214811,0.2261248286,-5.204722135e-05,0,2.738013699e-05,False
2026-05-08,85,logistic,"{'C': 0.01, 'class_weight': None}",0,0.1807169198,0.6199658025,0.1993172777,0.0005043935511,1,2.738013699e-05,False
2026-05-11,85,logistic,"{'C': 0.01, 'class_weight': None}",0,0.2647089275,0.5125543811,0.2227366914,-0.000150389246,0,2.74543379e-05,False
2026-05-12,85,logistic,"{'C': 0.01, 'class_weight': None}",0,0.2627218017,0.5058641383,0.23141406,-6.007208316e-05,0,2.74543379e-05,False
2026-05-13,85,logistic,"{'C': 0.01, 'class_weight': None}",0,0.2588630403,0.5338918315,0.2072451283,-0.0002171717421,0,2.738013699e-05,False
2026-05-14,85,logistic,"{'C': 0.01, 'class_weight': None}",0,0.2375841602,0.5509870299,0.2114288099,3.071638055e-05,0,2.738013699e-05,False
2026-05-15,85,logistic,"{'C': 0.01, 'class_weight': None}",0,0.3057247692,0.5014454655,0.1928297653,-0.0008052504455,-1,2.738013699e-05,False
2026-05-18,85,logistic,"{'C': 0.01, 'class_weight': None}",0,0.3070399061,0.4627722088,0.2301878852,-0.0005156667338,-1,2.730593607e-05,False
2026-05-19,85,logistic,"{'C': 0.01, 'class_weight': None}",0,0.3876808583,0.351282654,0.2610364877,-0.001076534107,-1,2.723173516e-05,False
2026-05-20,85,logistic,"{'C': 0.01, 'class_weight': None}",0,0.324067144,0.3943115658,0.2816212902,-0.0002699933311,0,2.708333333e-05,False
2026-05-21,85,logistic,"{'C': 0.01, 'class_weight': None}",0,0.3545722651,0.3954680841,0.2499596508,-0.000833383331,-1,2.730593607e-05,False
2026-05-22,85,logistic,"{'C': 0.01, 'class_weight': None}",0,0.3098985965,0.4374034647,0.2526979388,-0.0003619566581,0,2.730593607e-05,False
2026-05-26,85,logistic,"{'C': 0.01, 'class_weight': None}",0,0.3004179837,0.3961711582,0.3034108581,0.0001444355396,0,2.730593607e-05,False
2026-05-27,85,logistic,"{'C': 0.01, 'class_weight': None}",0,0.267999926,0.435803931,0.296196143,0.000411947063,0,2.730593607e-05,False
2026-05-28,86,logistic,"{'C': 0.01, 'class_weight': None}",0,0.2306091649,0.482256196,0.2871346391,0.0007247308438,1,2.738013699e-05,False
2026-05-29,86,logistic,"{'C': 0.01, 'class_weight': None}",0,0.2164214067,0.5045416348,0.2790369585,0.0008020479839,1,2.738013699e-05,False
2026-06-01,86,logistic,"{'C': 0.01, 'class_weight': None}",0,0.2481427971,0.4310415545,0.3208156484,0.0008196378703,1,2.804794521e-05,False
2026-06-02,86,logistic,"{'C': 0.01, 'class_weight': None}",0,0.2248431198,0.5110838385,0.2640730417,0.0005970960839,1,2.797374429e-05,False
2026-06-03,86,logistic,"{'C': 0.01, 'class_weight': None}",0,0.2754725351,0.4075714117,0.3169560532,0.000514159869,1,2.804794521e-05,False
2026-06-04,86,logistic,"{'C': 0.01, 'class_weight': None}",0,0.2398537561,0.4582404858,0.3019057582,0.0007507383816,1,2.804794521e-05,False
2026-06-05,86,logistic,"{'C': 0.01, 'class_weight': None}",0,0.3215955392,0.313126229,0.3652782318,0.0004397815458,1,2.804794521e-05,False
2026-06-08,86,logistic,"{'C': 0.01, 'class_weight': None}",0,0.3366563302,0.2972908715,0.3660527983,0.0002947825858,0,2.819634703e-05,False
2026-06-09,86,logistic,"{'C': 0.01, 'class_weight': None}",0,0.3276937977,0.2759594858,0.3963467164,0.0006284968892,1,2.812214612e-05,False
2026-06-10,86,logistic,"{'C': 0.01, 'class_weight': None}",0,0.3818627607,0.2339989333,0.384138306,-1.365006642e-05,0,2.812214612e-05,False
2026-06-11,86,logistic,"{'C': 0.01, 'class_weight': None}",0,0.2980607715,0.2922224772,0.4097167512,0.001033615703,1,2.804794521e-05,False
2026-06-12,86,logistic,"{'C': 0.01, 'class_weight': None}",0,0.2700409856,0.4039768724,0.3259821419,0.0006413159354,1,2.804794521e-05,False
2026-06-15,86,logistic,"{'C': 0.01, 'class_weight': None}",0,0.2451551856,0.4402938226,0.3145509918,0.0007992375011,1,2.812214612e-05,False
2026-06-16,86,logistic,"{'C': 0.01, 'class_weight': None}",0,0.2452591194,0.4178171168,0.3369237638,0.000978185729,1,2.812214612e-05,False
2026-06-17,86,logistic,"{'C': 0.01, 'class_weight': None}",0,0.2799924367,0.3523039321,0.3677036312,0.0008770448902,1,2.841894977e-05,False
2026-06-18,86,logistic,"{'C': 0.01, 'class_weight': None}",0,0.2540360641,0.3894031008,0.3565608352,0.00104803628,1,2.841894977e-05,False
2026-06-22,86,logistic,"{'C': 0.01, 'class_weight': None}",0,0.2720060516,0.4408362095,0.2871577389,0.0003092366768,0,2.85673516e-05,False
2026-06-23,86,logistic,"{'C': 0.01, 'class_weight': None}",0,0.3076232387,0.362103002,0.3302737593,0.0002984665608,0,2.85673516e-05,False
2026-06-24,86,logistic,"{'C': 0.01, 'class_weight': None}",0,0.2366082842,0.3973586281,0.3660330876,0.00129923996,1,2.85673516e-05,False
2026-06-25,86,logistic,"{'C': 0.01, 'class_weight': None}",0,0.2672171102,0.3599365684,0.3728463214,0.001046699836,1,2.849315068e-05,False
2026-06-26,86,logistic,"{'C': 0.01, 'class_weight': None}",0,0.2418533528,0.4161123769,0.3420342703,0.001053498862,1,2.841894977e-05,False
2026-06-29,87,logistic,"{'C': 0.01, 'class_weight': None}",0,0.2596514082,0.4373313137,0.3030172782,0.0005427157482,1,2.871575342e-05,False
2026-06-30,87,logistic,"{'C': 0.01, 'class_weight': None}",0,0.2581191824,0.4710940579,0.2707867597,0.0002988529026,0,2.871575342e-05,False
2026-07-01,87,logistic,"{'C': 0.01, 'class_weight': None}",0,0.2555265023,0.4677376784,0.2767358193,0.0003727712819,0,2.85673516e-05,False
2026-07-02,87,logistic,"{'C': 0.01, 'class_weight': None}",0,0.2424760734,0.504535174,0.2529887526,0.000312939516,0,2.834474886e-05,False
2026-07-06,87,logistic,"{'C': 0.01, 'class_weight': None}",0,0.1990253679,0.5738777313,0.2270969008,0.000541460272,1,2.871575342e-05,False
2026-07-07,87,logistic,"{'C': 0.01, 'class_weight': None}",0,0.2423242649,0.5247053653,0.2329703698,0.0001534355036,0,2.864155251e-05,False
2026-07-08,87,logistic,"{'C': 0.01, 'class_weight': None}",0,0.246971475,0.5115655748,0.2414629503,0.0001750336739,0,2.871575342e-05,False
2026-07-09,87,logistic,"{'C': 0.01, 'class_weight': None}",0,0.220590957,0.5380821354,0.2413269076,0.000439135242,1,2.841894977e-05,False
2026-07-10,87,logistic,"{'C': 0.01, 'class_weight': None}",0,0.1814939288,0.613876157,0.2046299142,0.0005369719451,1,2.85673516e-05,False
2026-07-13,87,logistic,"{'C': 0.01, 'class_weight': None}",0,0.2869245214,0.4642001317,0.2488753469,-0.000166976895,0,2.886415525e-05,False
2026-07-14,87,logistic,"{'C': 0.01, 'class_weight': None}",0,0.2477231402,0.4921616061,0.2601152536,0.0003175186004,0,2.849315068e-05,False
2026-07-15,87,logistic,"{'C': 0.01, 'class_weight': None}",0,0.2173447684,0.5206705687,0.2619846629,0.0006379415455,1,2.841894977e-05,False
2026-07-16,87,logistic,"{'C': 0.01, 'class_weight': None}",0,0.2731703045,0.4591452623,0.2676844332,0.0001225927548,0,2.849315068e-05,False
2026-07-17,87,logistic,"{'C': 0.01, 'class_weight': None}",0,0.2898348013,0.4175026184,0.2926625803,0.0001559962631,0,2.85673516e-05,False
2026-07-20,87,logistic,"{'C': 0.01, 'class_weight': None}",0,0.3511091134,0.3543974692,0.2944934174,-0.0004452496663,-1,2.864155251e-05,False
2026-07-21,87,logistic,"{'C': 0.01, 'class_weight': None}",0,0.2794039118,0.4530954921,0.2675005961,5.844925184e-05,0,2.871575342e-05,False
2026-07-22,87,logistic,"{'C': 0.01, 'class_weight': None}",0,0.3098336466,0.4316946829,0.2584716705,-0.0003200819781,0,2.886415525e-05,False
2026-07-23,87,logistic,"{'C': 0.01, 'class_weight': None}",0,0.3475670867,0.3609801067,0.2914528067,-0.0004341016823,-1,2.930936073e-05,False
2026-07-24,87,logistic,"{'C': 0.01, 'class_weight': None}",0,0.3078745221,0.4229359598,0.2691895181,-0.0002141718911,0,2.938356164e-05,False
2026-07-27,87,logistic,"{'C': 0.01, 'class_weight': None}",0,0.3059854158,0.39247386,0.3015407242,6.505546602e-05,0,2.938356164e-05,False
2026-07-28,87,logistic,"{'C': 0.01, 'class_weight': None}",0,0.3004681489,0.3846692469,0.3148626042,0.0002276816803,0,2.893835616e-05,False
2026-07-29,88,logistic,"{'C': 0.01, 'class_weight': None}",0,0.3324766071,0.3587003455,0.3088230475,-0.000145602928,0,2.841894977e-05,False
2026-07-30,88,logistic,"{'C': 0.01, 'class_weight': None}",0,0.2838703107,0.4323406604,0.2837890289,0.0001403728178,0,2.834474886e-05,False
2026-07-31,88,logistic,"{'C': 0.01, 'class_weight': None}",0,0.2701761489,0.4879785846,0.2418452665,-5.974913707e-05,0,2.841894977e-05,False
2026-08-03,88,logistic,"{'C': 0.01, 'class_weight': None}",0,0.2570093886,0.4709004364,0.272090175,0.0003155892259,0,2.901255708e-05,False
2026-08-04,88,logistic,"{'C': 0.01, 'class_weight': None}",0,0.2428733719,0.5211995175,0.2359271105,0.0001664026806,0,2.886415525e-05,False
2026-08-05,88,logistic,"{'C': 0.01, 'class_weight': None}",0,0.2207172839,0.5611822474,0.2181004688,0.0002451468581,0,2.886415525e-05,False
2026-08-06,88,logistic,"{'C': 0.01, 'class_weight': None}",0,0.2215375264,0.5648567139,0.2136057597,0.0002007630028,0,2.893835616e-05,False
2026-08-07,88,logistic,"{'C': 0.01, 'class_weight': None}",0,0.1995151212,0.5843685217,0.2161163572,0.0004417772146,1,2.871575342e-05,False
2026-08-10,88,logistic,"{'C': 0.01, 'class_weight': None}",0,0.2231296911,0.5600637457,0.2168065632,0.0002105485533,0,2.886415525e-05,False
2026-08-11,88,logistic,"{'C': 0.01, 'class_weight': None}",0,0.2228022519,0.554117966,0.2230797821,0.0002642989939,0,2.886415525e-05,False
2026-08-12,88,logistic,"{'C': 0.01, 'class_weight': None}",0,0.2250450257,0.5504763629,0.2244786114,0.0002530642928,0,2.871575342e-05,False
2026-08-13,88,logistic,"{'C': 0.01, 'class_weight': None}",0,0.2199188654,0.5458755204,0.2342056142,0.0003827163449,0,2.871575342e-05,False
2026-08-14,88,logistic,"{'C': 0.01, 'class_weight': None}",0,0.2178535126,0.5721602976,0.2099861898,0.0002085833223,0,2.864155251e-05,False
2026-08-17,88,logistic,"{'C': 0.01, 'class_weight': None}",0,0.2494006483,0.5154939722,0.2351053795,9.434351764e-05,0,2.871575342e-05,False
2026-08-18,88,logistic,"{'C': 0.01, 'class_weight': None}",0,0.2628325028,0.4795134972,0.257654,0.0001410641954,0,2.864155251e-05,False
2026-08-19,88,logistic,"{'C': 0.01, 'class_weight': None}",0,0.2599603523,0.4745511913,0.2654884565,0.0002328901927,0,2.864155251e-05,False
2026-08-20,88,logistic,"{'C': 0.01, 'class_weight': None}",0,0.3005456004,0.4275728174,0.2718815823,-0.0001226227591,0,2.871575342e-05,False
