Date,truth_doc_count,truth_token_count,truth_tone,truth_negative_rate,truth_positive_rate,truth_uncertainty_rate,truth_litigious_rate,truth_strong_modal_rate,truth_weak_modal_rate,truth_constraining_rate,truth_trade_tariff_rate,truth_rates_fed_rate,truth_inflation_rate,truth_geopolitics_rate,truth_energy_rate,truth_economy_market_rate,truth_legal_regulation_rate,truth_election_policy_rate,truth_empty_post_count
2015-01-02,0,0,0,0,0,0,0,0,0,0,0,0,0,0,0,0,0,0,0
2015-01-05,0,0,0,0,0,0,0,0,0,0,0,0,0,0,0,0,0,0,0
2015-01-06,0,0,0,0,0,0,0,0,0,0,0,0,0,0,0,0,0,0,0
2015-01-07,0,0,0,0,0,0,0,0,0,0,0,0,0,0,0,0,0,0,0
2015-01-08,0,0,0,0,0,0,0,0,0,0,0,0,0,0,0,0,0,0,0
2015-01-09,0,0,0,0,0,0,0,0,0,0,0,0,0,0,0,0,0,0,0
2015-01-12,0,0,0,0,0,0,0,0,0,0,0,0,0,0,0,0,0,0,0
2015-01-13,0,0,0,0,0,0,0,0,0,0,0,0,0,0,0,0,0,0,0
2015-01-14,0,0,0,0,0,0,0,0,0,0,0,0,0,0,0,0,0,0,0
2015-01-15,0,0,0,0,0,0,0,0,0,0,0,0,0,0,0,0,0,0,0
2015-01-16,0,0,0,0,0,0,0,0,0,0,0,0,0,0,0,0,0,0,0
2015-01-20,0,0,0,0,0,0,0,0,0,0,0,0,0,0,0,0,0,0,0
2015-01-21,0,0,0,0,0,0,0,0,0,0,0,0,0,0,0,0,0,0,0
2015-01-22,0,0,0,0,0,0,0,0,0,0,0,0,0,0,0,0,0,0,0
2015-01-23,0,0,0,0,0,0,0,0,0,0,0,0,0,0,0,0,0,0,0
2015-01-26,0,0,0,0,0,0,0,0,0,0,0,0,0,0,0,0,0,0,0
2015-01-27,0,0,0,0,0,0,0,0,0,0,0,0,0,0,0,0,0,0,0
2015-01-28,0,0,0,0,0,0,0,0,0,0,0,0,0,0,0,0,0,0,0
2015-01-29,0,0,0,0,0,0,0,0,0,0,0,0,0,0,0,0,0,0,0
2015-01-30,0,0,0,0,0,0,0,0,0,0,0,0,0,0,0,0,0,0,0
2015-02-02,0,0,0,0,0,0,0,0,0,0,0,0,0,0,0,0,0,0,0
2015-02-03,0,0,0,0,0,0,0,0,0,0,0,0,0,0,0,0,0,0,0
2015-02-04,0,0,0,0,0,0,0,0,0,0,0,0,0,0,0,0,0,0,0
2015-02-05,0,0,0,0,0,0,0,0,0,0,0,0,0,0,0,0,0,0,0
2015-02-06,0,0,0,0,0,0,0,0,0,0,0,0,0,0,0,0,0,0,0
2015-02-09,0,0,0,0,0,0,0,0,0,0,0,0,0,0,0,0,0,0,0
2015-02-10,0,0,0,0,0,0,0,0,0,0,0,0,0,0,0,0,0,0,0
2015-02-11,0,0,0,0,0,0,0,0,0,0,0,0,0,0,0,0,0,0,0
2015-02-12,0,0,0,0,0,0,0,0,0,0,0,0,0,0,0,0,0,0,0
2015-02-13,0,0,0,0,0,0,0,0,0,0,0,0,0,0,0,0,0,0,0
2015-02-17,0,0,0,0,0,0,0,0,0,0,0,0,0,0,0,0,0,0,0
2015-02-18,0,0,0,0,0,0,0,0,0,0,0,0,0,0,0,0,0,0,0
2015-02-19,0,0,0,0,0,0,0,0,0,0,0,0,0,0,0,0,0,0,0
2015-02-20,0,0,0,0,0,0,0,0,0,0,0,0,0,0,0,0,0,0,0
2015-02-23,0,0,0,0,0,0,0,0,0,0,0,0,0,0,0,0,0,0,0
2015-02-24,0,0,0,0,0,0,0,0,0,0,0,0,0,0,0,0,0,0,0
2015-02-25,0,0,0,0,0,0,0,0,0,0,0,0,0,0,0,0,0,0,0
2015-02-26,0,0,0,0,0,0,0,0,0,0,0,0,0,0,0,0,0,0,0
2015-02-27,0,0,0,0,0,0,0,0,0,0,0,0,0,0,0,0,0,0,0
2015-03-02,0,0,0,0,0,0,0,0,0,0,0,0,0,0,0,0,0,0,0
2015-03-03,0,0,0,0,0,0,0,0,0,0,0,0,0,0,0,0,0,0,0
2015-03-04,0,0,0,0,0,0,0,0,0,0,0,0,0,0,0,0,0,0,0
2015-03-05,0,0,0,0,0,0,0,0,0,0,0,0,0,0,0,0,0,0,0
2015-03-06,0,0,0,0,0,0,0,0,0,0,0,0,0,0,0,0,0,0,0
2015-03-09,0,0,0,0,0,0,0,0,0,0,0,0,0,0,0,0,0,0,0
2015-03-10,0,0,0,0,0,0,0,0,0,0,0,0,0,0,0,0,0,0,0
2015-03-11,0,0,0,0,0,0,0,0,0,0,0,0,0,0,0,0,0,0,0
2015-03-12,0,0,0,0,0,0,0,0,0,0,0,0,0,0,0,0,0,0,0
2015-03-13,0,0,0,0,0,0,0,0,0,0,0,0,0,0,0,0,0,0,0
2015-03-16,0,0,0,0,0,0,0,0,0,0,0,0,0,0,0,0,0,0,0
2015-03-17,0,0,0,0,0,0,0,0,0,0,0,0,0,0,0,0,0,0,0
2015-03-18,0,0,0,0,0,0,0,0,0,0,0,0,0,0,0,0,0,0,0
2015-03-19,0,0,0,0,0,0,0,0,0,0,0,0,0,0,0,0,0,0,0
2015-03-20,0,0,0,0,0,0,0,0,0,0,0,0,0,0,0,0,0,0,0
2015-03-23,0,0,0,0,0,0,0,0,0,0,0,0,0,0,0,0,0,0,0
2015-03-24,0,0,0,0,0,0,0,0,0,0,0,0,0,0,0,0,0,0,0
2015-03-25,0,0,0,0,0,0,0,0,0,0,0,0,0,0,0,0,0,0,0
2015-03-26,0,0,0,0,0,0,0,0,0,0,0,0,0,0,0,0,0,0,0
2015-03-27,0,0,0,0,0,0,0,0,0,0,0,0,0,0,0,0,0,0,0
2015-03-30,0,0,0,0,0,0,0,0,0,0,0,0,0,0,0,0,0,0,0
2015-03-31,0,0,0,0,0,0,0,0,0,0,0,0,0,0,0,0,0,0,0
2015-04-01,0,0,0,0,0,0,0,0,0,0,0,0,0,0,0,0,0,0,0
2015-04-02,0,0,0,0,0,0,0,0,0,0,0,0,0,0,0,0,0,0,0
2015-04-06,0,0,0,0,0,0,0,0,0,0,0,0,0,0,0,0,0,0,0
2015-04-07,0,0,0,0,0,0,0,0,0,0,0,0,0,0,0,0,0,0,0
2015-04-08,0,0,0,0,0,0,0,0,0,0,0,0,0,0,0,0,0,0,0
2015-04-09,0,0,0,0,0,0,0,0,0,0,0,0,0,0,0,0,0,0,0
2015-04-10,0,0,0,0,0,0,0,0,0,0,0,0,0,0,0,0,0,0,0
2015-04-13,0,0,0,0,0,0,0,0,0,0,0,0,0,0,0,0,0,0,0
2015-04-14,0,0,0,0,0,0,0,0,0,0,0,0,0,0,0,0,0,0,0
2015-04-15,0,0,0,0,0,0,0,0,0,0,0,0,0,0,0,0,0,0,0
2015-04-16,0,0,0,0,0,0,0,0,0,0,0,0,0,0,0,0,0,0,0
2015-04-17,0,0,0,0,0,0,0,0,0,0,0,0,0,0,0,0,0,0,0
2015-04-20,0,0,0,0,0,0,0,0,0,0,0,0,0,0,0,0,0,0,0
2015-04-21,0,0,0,0,0,0,0,0,0,0,0,0,0,0,0,0,0,0,0
2015-04-22,0,0,0,0,0,0,0,0,0,0,0,0,0,0,0,0,0,0,0
2015-04-23,0,0,0,0,0,0,0,0,0,0,0,0,0,0,0,0,0,0,0
2015-04-24,0,0,0,0,0,0,0,0,0,0,0,0,0,0,0,0,0,0,0
2015-04-27,0,0,0,0,0,0,0,0,0,0,0,0,0,0,0,0,0,0,0
2015-04-28,0,0,0,0,0,0,0,0,0,0,0,0,0,0,0,0,0,0,0
2015-04-29,0,0,0,0,0,0,0,0,0,0,0,0,0,0,0,0,0,0,0
2015-04-30,0,0,0,0,0,0,0,0,0,0,0,0,0,0,0,0,0,0,0
2015-05-01,0,0,0,0,0,0,0,0,0,0,0,0,0,0,0,0,0,0,0
2015-05-04,0,0,0,0,0,0,0,0,0,0,0,0,0,0,0,0,0,0,0
2015-05-05,0,0,0,0,0,0,0,0,0,0,0,0,0,0,0,0,0,0,0
2015-05-06,0,0,0,0,0,0,0,0,0,0,0,0,0,0,0,0,0,0,0
2015-05-07,0,0,0,0,0,0,0,0,0,0,0,0,0,0,0,0,0,0,0
2015-05-08,0,0,0,0,0,0,0,0,0,0,0,0,0,0,0,0,0,0,0
2015-05-11,0,0,0,0,0,0,0,0,0,0,0,0,0,0,0,0,0,0,0
2015-05-12,0,0,0,0,0,0,0,0,0,0,0,0,0,0,0,0,0,0,0
2015-05-13,0,0,0,0,0,0,0,0,0,0,0,0,0,0,0,0,0,0,0
2015-05-14,0,0,0,0,0,0,0,0,0,0,0,0,0,0,0,0,0,0,0
2015-05-15,0,0,0,0,0,0,0,0,0,0,0,0,0,0,0,0,0,0,0
2015-05-18,0,0,0,0,0,0,0,0,0,0,0,0,0,0,0,0,0,0,0
2015-05-19,0,0,0,0,0,0,0,0,0,0,0,0,0,0,0,0,0,0,0
2015-05-20,0,0,0,0,0,0,0,0,0,0,0,0,0,0,0,0,0,0,0
2015-05-21,0,0,0,0,0,0,0,0,0,0,0,0,0,0,0,0,0,0,0
2015-05-22,0,0,0,0,0,0,0,0,0,0,0,0,0,0,0,0,0,0,0
2015-05-26,0,0,0,0,0,0,0,0,0,0,0,0,0,0,0,0,0,0,0
2015-05-27,0,0,0,0,0,0,0,0,0,0,0,0,0,0,0,0,0,0,0
2015-05-28,0,0,0,0,0,0,0,0,0,0,0,0,0,0,0,0,0,0,0
2015-05-29,0,0,0,0,0,0,0,0,0,0,0,0,0,0,0,0,0,0,0
2015-06-01,0,0,0,0,0,0,0,0,0,0,0,0,0,0,0,0,0,0,0
2015-06-02,0,0,0,0,0,0,0,0,0,0,0,0,0,0,0,0,0,0,0
2015-06-03,0,0,0,0,0,0,0,0,0,0,0,0,0,0,0,0,0,0,0
2015-06-04,0,0,0,0,0,0,0,0,0,0,0,0,0,0,0,0,0,0,0
2015-06-05,0,0,0,0,0,0,0,0,0,0,0,0,0,0,0,0,0,0,0
2015-06-08,0,0,0,0,0,0,0,0,0,0,0,0,0,0,0,0,0,0,0
2015-06-09,0,0,0,0,0,0,0,0,0,0,0,0,0,0,0,0,0,0,0
2015-06-10,0,0,0,0,0,0,0,0,0,0,0,0,0,0,0,0,0,0,0
2015-06-11,0,0,0,0,0,0,0,0,0,0,0,0,0,0,0,0,0,0,0
2015-06-12,0,0,0,0,0,0,0,0,0,0,0,0,0,0,0,0,0,0,0
2015-06-15,0,0,0,0,0,0,0,0,0,0,0,0,0,0,0,0,0,0,0
2015-06-16,0,0,0,0,0,0,0,0,0,0,0,0,0,0,0,0,0,0,0
2015-06-17,0,0,0,0,0,0,0,0,0,0,0,0,0,0,0,0,0,0,0
2015-06-18,0,0,0,0,0,0,0,0,0,0,0,0,0,0,0,0,0,0,0
2015-06-19,0,0,0,0,0,0,0,0,0,0,0,0,0,0,0,0,0,0,0
2015-06-22,0,0,0,0,0,0,0,0,0,0,0,0,0,0,0,0,0,0,0
2015-06-23,0,0,0,0,0,0,0,0,0,0,0,0,0,0,0,0,0,0,0
2015-06-24,0,0,0,0,0,0,0,0,0,0,0,0,0,0,0,0,0,0,0
2015-06-25,0,0,0,0,0,0,0,0,0,0,0,0,0,0,0,0,0,0,0
2015-06-26,0,0,0,0,0,0,0,0,0,0,0,0,0,0,0,0,0,0,0
2015-06-29,0,0,0,0,0,0,0,0,0,0,0,0,0,0,0,0,0,0,0
2015-06-30,0,0,0,0,0,0,0,0,0,0,0,0,0,0,0,0,0,0,0
2015-07-01,0,0,0,0,0,0,0,0,0,0,0,0,0,0,0,0,0,0,0
2015-07-02,0,0,0,0,0,0,0,0,0,0,0,0,0,0,0,0,0,0,0
2015-07-06,0,0,0,0,0,0,0,0,0,0,0,0,0,0,0,0,0,0,0
2015-07-07,0,0,0,0,0,0,0,0,0,0,0,0,0,0,0,0,0,0,0
2015-07-08,0,0,0,0,0,0,0,0,0,0,0,0,0,0,0,0,0,0,0
2015-07-09,0,0,0,0,0,0,0,0,0,0,0,0,0,0,0,0,0,0,0
2015-07-10,0,0,0,0,0,0,0,0,0,0,0,0,0,0,0,0,0,0,0
2015-07-13,0,0,0,0,0,0,0,0,0,0,0,0,0,0,0,0,0,0,0
2015-07-14,0,0,0,0,0,0,0,0,0,0,0,0,0,0,0,0,0,0,0
2015-07-15,0,0,0,0,0,0,0,0,0,0,0,0,0,0,0,0,0,0,0
2015-07-16,0,0,0,0,0,0,0,0,0,0,0,0,0,0,0,0,0,0,0
2015-07-17,0,0,0,0,0,0,0,0,0,0,0,0,0,0,0,0,0,0,0
2015-07-20,0,0,0,0,0,0,0,0,0,0,0,0,0,0,0,0,0,0,0
2015-07-21,0,0,0,0,0,0,0,0,0,0,0,0,0,0,0,0,0,0,0
2015-07-22,0,0,0,0,0,0,0,0,0,0,0,0,0,0,0,0,0,0,0
2015-07-23,0,0,0,0,0,0,0,0,0,0,0,0,0,0,0,0,0,0,0
2015-07-24,0,0,0,0,0,0,0,0,0,0,0,0,0,0,0,0,0,0,0
2015-07-27,0,0,0,0,0,0,0,0,0,0,0,0,0,0,0,0,0,0,0
2015-07-28,0,0,0,0,0,0,0,0,0,0,0,0,0,0,0,0,0,0,0
2015-07-29,0,0,0,0,0,0,0,0,0,0,0,0,0,0,0,0,0,0,0
2015-07-30,0,0,0,0,0,0,0,0,0,0,0,0,0,0,0,0,0,0,0
2015-07-31,0,0,0,0,0,0,0,0,0,0,0,0,0,0,0,0,0,0,0
2015-08-03,0,0,0,0,0,0,0,0,0,0,0,0,0,0,0,0,0,0,0
2015-08-04,0,0,0,0,0,0,0,0,0,0,0,0,0,0,0,0,0,0,0
2015-08-05,0,0,0,0,0,0,0,0,0,0,0,0,0,0,0,0,0,0,0
2015-08-06,0,0,0,0,0,0,0,0,0,0,0,0,0,0,0,0,0,0,0
2015-08-07,0,0,0,0,0,0,0,0,0,0,0,0,0,0,0,0,0,0,0
2015-08-10,0,0,0,0,0,0,0,0,0,0,0,0,0,0,0,0,0,0,0
2015-08-11,0,0,0,0,0,0,0,0,0,0,0,0,0,0,0,0,0,0,0
2015-08-12,0,0,0,0,0,0,0,0,0,0,0,0,0,0,0,0,0,0,0
2015-08-13,0,0,0,0,0,0,0,0,0,0,0,0,0,0,0,0,0,0,0
2015-08-14,0,0,0,0,0,0,0,0,0,0,0,0,0,0,0,0,0,0,0
2015-08-17,0,0,0,0,0,0,0,0,0,0,0,0,0,0,0,0,0,0,0
2015-08-18,0,0,0,0,0,0,0,0,0,0,0,0,0,0,0,0,0,0,0
2015-08-19,0,0,0,0,0,0,0,0,0,0,0,0,0,0,0,0,0,0,0
2015-08-20,0,0,0,0,0,0,0,0,0,0,0,0,0,0,0,0,0,0,0
2015-08-21,0,0,0,0,0,0,0,0,0,0,0,0,0,0,0,0,0,0,0
2015-08-24,0,0,0,0,0,0,0,0,0,0,0,0,0,0,0,0,0,0,0
2015-08-25,0,0,0,0,0,0,0,0,0,0,0,0,0,0,0,0,0,0,0
2015-08-26,0,0,0,0,0,0,0,0,0,0,0,0,0,0,0,0,0,0,0
2015-08-27,0,0,0,0,0,0,0,0,0,0,0,0,0,0,0,0,0,0,0
2015-08-28,0,0,0,0,0,0,0,0,0,0,0,0,0,0,0,0,0,0,0
2015-08-31,0,0,0,0,0,0,0,0,0,0,0,0,0,0,0,0,0,0,0
2015-09-01,0,0,0,0,0,0,0,0,0,0,0,0,0,0,0,0,0,0,0
2015-09-02,0,0,0,0,0,0,0,0,0,0,0,0,0,0,0,0,0,0,0
2015-09-03,0,0,0,0,0,0,0,0,0,0,0,0,0,0,0,0,0,0,0
2015-09-04,0,0,0,0,0,0,0,0,0,0,0,0,0,0,0,0,0,0,0
2015-09-08,0,0,0,0,0,0,0,0,0,0,0,0,0,0,0,0,0,0,0
2015-09-09,0,0,0,0,0,0,0,0,0,0,0,0,0,0,0,0,0,0,0
2015-09-10,0,0,0,0,0,0,0,0,0,0,0,0,0,0,0,0,0,0,0
2015-09-11,0,0,0,0,0,0,0,0,0,0,0,0,0,0,0,0,0,0,0
2015-09-14,0,0,0,0,0,0,0,0,0,0,0,0,0,0,0,0,0,0,0
2015-09-15,0,0,0,0,0,0,0,0,0,0,0,0,0,0,0,0,0,0,0
2015-09-16,0,0,0,0,0,0,0,0,0,0,0,0,0,0,0,0,0,0,0
2015-09-17,0,0,0,0,0,0,0,0,0,0,0,0,0,0,0,0,0,0,0
2015-09-18,0,0,0,0,0,0,0,0,0,0,0,0,0,0,0,0,0,0,0
2015-09-21,0,0,0,0,0,0,0,0,0,0,0,0,0,0,0,0,0,0,0
2015-09-22,0,0,0,0,0,0,0,0,0,0,0,0,0,0,0,0,0,0,0
2015-09-23,0,0,0,0,0,0,0,0,0,0,0,0,0,0,0,0,0,0,0
2015-09-24,0,0,0,0,0,0,0,0,0,0,0,0,0,0,0,0,0,0,0
2015-09-25,0,0,0,0,0,0,0,0,0,0,0,0,0,0,0,0,0,0,0
2015-09-28,0,0,0,0,0,0,0,0,0,0,0,0,0,0,0,0,0,0,0
2015-09-29,0,0,0,0,0,0,0,0,0,0,0,0,0,0,0,0,0,0,0
2015-09-30,0,0,0,0,0,0,0,0,0,0,0,0,0,0,0,0,0,0,0
2015-10-01,0,0,0,0,0,0,0,0,0,0,0,0,0,0,0,0,0,0,0
2015-10-02,0,0,0,0,0,0,0,0,0,0,0,0,0,0,0,0,0,0,0
2015-10-05,0,0,0,0,0,0,0,0,0,0,0,0,0,0,0,0,0,0,0
2015-10-06,0,0,0,0,0,0,0,0,0,0,0,0,0,0,0,0,0,0,0
2015-10-07,0,0,0,0,0,0,0,0,0,0,0,0,0,0,0,0,0,0,0
2015-10-08,0,0,0,0,0,0,0,0,0,0,0,0,0,0,0,0,0,0,0
2015-10-09,0,0,0,0,0,0,0,0,0,0,0,0,0,0,0,0,0,0,0
2015-10-12,0,0,0,0,0,0,0,0,0,0,0,0,0,0,0,0,0,0,0
2015-10-13,0,0,0,0,0,0,0,0,0,0,0,0,0,0,0,0,0,0,0
2015-10-14,0,0,0,0,0,0,0,0,0,0,0,0,0,0,0,0,0,0,0
2015-10-15,0,0,0,0,0,0,0,0,0,0,0,0,0,0,0,0,0,0,0
2015-10-16,0,0,0,0,0,0,0,0,0,0,0,0,0,0,0,0,0,0,0
2015-10-19,0,0,0,0,0,0,0,0,0,0,0,0,0,0,0,0,0,0,0
2015-10-20,0,0,0,0,0,0,0,0,0,0,0,0,0,0,0,0,0,0,0
2015-10-21,0,0,0,0,0,0,0,0,0,0,0,0,0,0,0,0,0,0,0
2015-10-22,0,0,0,0,0,0,0,0,0,0,0,0,0,0,0,0,0,0,0
2015-10-23,0,0,0,0,0,0,0,0,0,0,0,0,0,0,0,0,0,0,0
2015-10-26,0,0,0,0,0,0,0,0,0,0,0,0,0,0,0,0,0,0,0
2015-10-27,0,0,0,0,0,0,0,0,0,0,0,0,0,0,0,0,0,0,0
2015-10-28,0,0,0,0,0,0,0,0,0,0,0,0,0,0,0,0,0,0,0
2015-10-29,0,0,0,0,0,0,0,0,0,0,0,0,0,0,0,0,0,0,0
2015-10-30,0,0,0,0,0,0,0,0,0,0,0,0,0,0,0,0,0,0,0
2015-11-02,0,0,0,0,0,0,0,0,0,0,0,0,0,0,0,0,0,0,0
2015-11-03,0,0,0,0,0,0,0,0,0,0,0,0,0,0,0,0,0,0,0
2015-11-04,0,0,0,0,0,0,0,0,0,0,0,0,0,0,0,0,0,0,0
2015-11-05,0,0,0,0,0,0,0,0,0,0,0,0,0,0,0,0,0,0,0
2015-11-06,0,0,0,0,0,0,0,0,0,0,0,0,0,0,0,0,0,0,0
2015-11-09,0,0,0,0,0,0,0,0,0,0,0,0,0,0,0,0,0,0,0
2015-11-10,0,0,0,0,0,0,0,0,0,0,0,0,0,0,0,0,0,0,0
2015-11-11,0,0,0,0,0,0,0,0,0,0,0,0,0,0,0,0,0,0,0
2015-11-12,0,0,0,0,0,0,0,0,0,0,0,0,0,0,0,0,0,0,0
2015-11-13,0,0,0,0,0,0,0,0,0,0,0,0,0,0,0,0,0,0,0
2015-11-16,0,0,0,0,0,0,0,0,0,0,0,0,0,0,0,0,0,0,0
2015-11-17,0,0,0,0,0,0,0,0,0,0,0,0,0,0,0,0,0,0,0
2015-11-18,0,0,0,0,0,0,0,0,0,0,0,0,0,0,0,0,0,0,0
2015-11-19,0,0,0,0,0,0,0,0,0,0,0,0,0,0,0,0,0,0,0
2015-11-20,0,0,0,0,0,0,0,0,0,0,0,0,0,0,0,0,0,0,0
2015-11-23,0,0,0,0,0,0,0,0,0,0,0,0,0,0,0,0,0,0,0
2015-11-24,0,0,0,0,0,0,0,0,0,0,0,0,0,0,0,0,0,0,0
2015-11-25,0,0,0,0,0,0,0,0,0,0,0,0,0,0,0,0,0,0,0
2015-11-27,0,0,0,0,0,0,0,0,0,0,0,0,0,0,0,0,0,0,0
2015-11-30,0,0,0,0,0,0,0,0,0,0,0,0,0,0,0,0,0,0,0
2015-12-01,0,0,0,0,0,0,0,0,0,0,0,0,0,0,0,0,0,0,0
2015-12-02,0,0,0,0,0,0,0,0,0,0,0,0,0,0,0,0,0,0,0
2015-12-03,0,0,0,0,0,0,0,0,0,0,0,0,0,0,0,0,0,0,0
2015-12-04,0,0,0,0,0,0,0,0,0,0,0,0,0,0,0,0,0,0,0
2015-12-07,0,0,0,0,0,0,0,0,0,0,0,0,0,0,0,0,0,0,0
2015-12-08,0,0,0,0,0,0,0,0,0,0,0,0,0,0,0,0,0,0,0
2015-12-09,0,0,0,0,0,0,0,0,0,0,0,0,0,0,0,0,0,0,0
2015-12-10,0,0,0,0,0,0,0,0,0,0,0,0,0,0,0,0,0,0,0
2015-12-11,0,0,0,0,0,0,0,0,0,0,0,0,0,0,0,0,0,0,0
2015-12-14,0,0,0,0,0,0,0,0,0,0,0,0,0,0,0,0,0,0,0
2015-12-15,0,0,0,0,0,0,0,0,0,0,0,0,0,0,0,0,0,0,0
2015-12-16,0,0,0,0,0,0,0,0,0,0,0,0,0,0,0,0,0,0,0
2015-12-17,0,0,0,0,0,0,0,0,0,0,0,0,0,0,0,0,0,0,0
2015-12-18,0,0,0,0,0,0,0,0,0,0,0,0,0,0,0,0,0,0,0
2015-12-21,0,0,0,0,0,0,0,0,0,0,0,0,0,0,0,0,0,0,0
2015-12-22,0,0,0,0,0,0,0,0,0,0,0,0,0,0,0,0,0,0,0
2015-12-23,0,0,0,0,0,0,0,0,0,0,0,0,0,0,0,0,0,0,0
2015-12-24,0,0,0,0,0,0,0,0,0,0,0,0,0,0,0,0,0,0,0
2015-12-28,0,0,0,0,0,0,0,0,0,0,0,0,0,0,0,0,0,0,0
2015-12-29,0,0,0,0,0,0,0,0,0,0,0,0,0,0,0,0,0,0,0
2015-12-30,0,0,0,0,0,0,0,0,0,0,0,0,0,0,0,0,0,0,0
2015-12-31,0,0,0,0,0,0,0,0,0,0,0,0,0,0,0,0,0,0,0
2016-01-04,0,0,0,0,0,0,0,0,0,0,0,0,0,0,0,0,0,0,0
2016-01-05,0,0,0,0,0,0,0,0,0,0,0,0,0,0,0,0,0,0,0
2016-01-06,0,0,0,0,0,0,0,0,0,0,0,0,0,0,0,0,0,0,0
2016-01-07,0,0,0,0,0,0,0,0,0,0,0,0,0,0,0,0,0,0,0
2016-01-08,0,0,0,0,0,0,0,0,0,0,0,0,0,0,0,0,0,0,0
2016-01-11,0,0,0,0,0,0,0,0,0,0,0,0,0,0,0,0,0,0,0
2016-01-12,0,0,0,0,0,0,0,0,0,0,0,0,0,0,0,0,0,0,0
2016-01-13,0,0,0,0,0,0,0,0,0,0,0,0,0,0,0,0,0,0,0
2016-01-14,0,0,0,0,0,0,0,0,0,0,0,0,0,0,0,0,0,0,0
2016-01-15,0,0,0,0,0,0,0,0,0,0,0,0,0,0,0,0,0,0,0
2016-01-19,0,0,0,0,0,0,0,0,0,0,0,0,0,0,0,0,0,0,0
2016-01-20,0,0,0,0,0,0,0,0,0,0,0,0,0,0,0,0,0,0,0
2016-01-21,0,0,0,0,0,0,0,0,0,0,0,0,0,0,0,0,0,0,0
2016-01-22,0,0,0,0,0,0,0,0,0,0,0,0,0,0,0,0,0,0,0
2016-01-25,0,0,0,0,0,0,0,0,0,0,0,0,0,0,0,0,0,0,0
2016-01-26,0,0,0,0,0,0,0,0,0,0,0,0,0,0,0,0,0,0,0
2016-01-27,0,0,0,0,0,0,0,0,0,0,0,0,0,0,0,0,0,0,0
2016-01-28,0,0,0,0,0,0,0,0,0,0,0,0,0,0,0,0,0,0,0
2016-01-29,0,0,0,0,0,0,0,0,0,0,0,0,0,0,0,0,0,0,0
2016-02-01,0,0,0,0,0,0,0,0,0,0,0,0,0,0,0,0,0,0,0
2016-02-02,0,0,0,0,0,0,0,0,0,0,0,0,0,0,0,0,0,0,0
2016-02-03,0,0,0,0,0,0,0,0,0,0,0,0,0,0,0,0,0,0,0
2016-02-04,0,0,0,0,0,0,0,0,0,0,0,0,0,0,0,0,0,0,0
2016-02-05,0,0,0,0,0,0,0,0,0,0,0,0,0,0,0,0,0,0,0
2016-02-08,0,0,0,0,0,0,0,0,0,0,0,0,0,0,0,0,0,0,0
2016-02-09,0,0,0,0,0,0,0,0,0,0,0,0,0,0,0,0,0,0,0
2016-02-10,0,0,0,0,0,0,0,0,0,0,0,0,0,0,0,0,0,0,0
2016-02-11,0,0,0,0,0,0,0,0,0,0,0,0,0,0,0,0,0,0,0
2016-02-12,0,0,0,0,0,0,0,0,0,0,0,0,0,0,0,0,0,0,0
2016-02-16,0,0,0,0,0,0,0,0,0,0,0,0,0,0,0,0,0,0,0
2016-02-17,0,0,0,0,0,0,0,0,0,0,0,0,0,0,0,0,0,0,0
2016-02-18,0,0,0,0,0,0,0,0,0,0,0,0,0,0,0,0,0,0,0
2016-02-19,0,0,0,0,0,0,0,0,0,0,0,0,0,0,0,0,0,0,0
2016-02-22,0,0,0,0,0,0,0,0,0,0,0,0,0,0,0,0,0,0,0
2016-02-23,0,0,0,0,0,0,0,0,0,0,0,0,0,0,0,0,0,0,0
2016-02-24,0,0,0,0,0,0,0,0,0,0,0,0,0,0,0,0,0,0,0
2016-02-25,0,0,0,0,0,0,0,0,0,0,0,0,0,0,0,0,0,0,0
2016-02-26,0,0,0,0,0,0,0,0,0,0,0,0,0,0,0,0,0,0,0
2016-02-29,0,0,0,0,0,0,0,0,0,0,0,0,0,0,0,0,0,0,0
2016-03-01,0,0,0,0,0,0,0,0,0,0,0,0,0,0,0,0,0,0,0
2016-03-02,0,0,0,0,0,0,0,0,0,0,0,0,0,0,0,0,0,0,0
2016-03-03,0,0,0,0,0,0,0,0,0,0,0,0,0,0,0,0,0,0,0
2016-03-04,0,0,0,0,0,0,0,0,0,0,0,0,0,0,0,0,0,0,0
2016-03-07,0,0,0,0,0,0,0,0,0,0,0,0,0,0,0,0,0,0,0
2016-03-08,0,0,0,0,0,0,0,0,0,0,0,0,0,0,0,0,0,0,0
2016-03-09,0,0,0,0,0,0,0,0,0,0,0,0,0,0,0,0,0,0,0
2016-03-10,0,0,0,0,0,0,0,0,0,0,0,0,0,0,0,0,0,0,0
2016-03-11,0,0,0,0,0,0,0,0,0,0,0,0,0,0,0,0,0,0,0
2016-03-14,0,0,0,0,0,0,0,0,0,0,0,0,0,0,0,0,0,0,0
2016-03-15,0,0,0,0,0,0,0,0,0,0,0,0,0,0,0,0,0,0,0
2016-03-16,0,0,0,0,0,0,0,0,0,0,0,0,0,0,0,0,0,0,0
2016-03-17,0,0,0,0,0,0,0,0,0,0,0,0,0,0,0,0,0,0,0
2016-03-18,0,0,0,0,0,0,0,0,0,0,0,0,0,0,0,0,0,0,0
2016-03-21,0,0,0,0,0,0,0,0,0,0,0,0,0,0,0,0,0,0,0
2016-03-22,0,0,0,0,0,0,0,0,0,0,0,0,0,0,0,0,0,0,0
2016-03-23,0,0,0,0,0,0,0,0,0,0,0,0,0,0,0,0,0,0,0
2016-03-24,0,0,0,0,0,0,0,0,0,0,0,0,0,0,0,0,0,0,0
2016-03-28,0,0,0,0,0,0,0,0,0,0,0,0,0,0,0,0,0,0,0
2016-03-29,0,0,0,0,0,0,0,0,0,0,0,0,0,0,0,0,0,0,0
2016-03-30,0,0,0,0,0,0,0,0,0,0,0,0,0,0,0,0,0,0,0
2016-03-31,0,0,0,0,0,0,0,0,0,0,0,0,0,0,0,0,0,0,0
2016-04-01,0,0,0,0,0,0,0,0,0,0,0,0,0,0,0,0,0,0,0
2016-04-04,0,0,0,0,0,0,0,0,0,0,0,0,0,0,0,0,0,0,0
2016-04-05,0,0,0,0,0,0,0,0,0,0,0,0,0,0,0,0,0,0,0
2016-04-06,0,0,0,0,0,0,0,0,0,0,0,0,0,0,0,0,0,0,0
2016-04-07,0,0,0,0,0,0,0,0,0,0,0,0,0,0,0,0,0,0,0
2016-04-08,0,0,0,0,0,0,0,0,0,0,0,0,0,0,0,0,0,0,0
2016-04-11,0,0,0,0,0,0,0,0,0,0,0,0,0,0,0,0,0,0,0
2016-04-12,0,0,0,0,0,0,0,0,0,0,0,0,0,0,0,0,0,0,0
2016-04-13,0,0,0,0,0,0,0,0,0,0,0,0,0,0,0,0,0,0,0
2016-04-14,0,0,0,0,0,0,0,0,0,0,0,0,0,0,0,0,0,0,0
2016-04-15,0,0,0,0,0,0,0,0,0,0,0,0,0,0,0,0,0,0,0
2016-04-18,0,0,0,0,0,0,0,0,0,0,0,0,0,0,0,0,0,0,0
2016-04-19,0,0,0,0,0,0,0,0,0,0,0,0,0,0,0,0,0,0,0
2016-04-20,0,0,0,0,0,0,0,0,0,0,0,0,0,0,0,0,0,0,0
2016-04-21,0,0,0,0,0,0,0,0,0,0,0,0,0,0,0,0,0,0,0
2016-04-22,0,0,0,0,0,0,0,0,0,0,0,0,0,0,0,0,0,0,0
2016-04-25,0,0,0,0,0,0,0,0,0,0,0,0,0,0,0,0,0,0,0
2016-04-26,0,0,0,0,0,0,0,0,0,0,0,0,0,0,0,0,0,0,0
2016-04-27,0,0,0,0,0,0,0,0,0,0,0,0,0,0,0,0,0,0,0
2016-04-28,0,0,0,0,0,0,0,0,0,0,0,0,0,0,0,0,0,0,0
2016-04-29,0,0,0,0,0,0,0,0,0,0,0,0,0,0,0,0,0,0,0
2016-05-02,0,0,0,0,0,0,0,0,0,0,0,0,0,0,0,0,0,0,0
2016-05-03,0,0,0,0,0,0,0,0,0,0,0,0,0,0,0,0,0,0,0
2016-05-04,0,0,0,0,0,0,0,0,0,0,0,0,0,0,0,0,0,0,0
2016-05-05,0,0,0,0,0,0,0,0,0,0,0,0,0,0,0,0,0,0,0
2016-05-06,0,0,0,0,0,0,0,0,0,0,0,0,0,0,0,0,0,0,0
2016-05-09,0,0,0,0,0,0,0,0,0,0,0,0,0,0,0,0,0,0,0
2016-05-10,0,0,0,0,0,0,0,0,0,0,0,0,0,0,0,0,0,0,0
2016-05-11,0,0,0,0,0,0,0,0,0,0,0,0,0,0,0,0,0,0,0
2016-05-12,0,0,0,0,0,0,0,0,0,0,0,0,0,0,0,0,0,0,0
2016-05-13,0,0,0,0,0,0,0,0,0,0,0,0,0,0,0,0,0,0,0
2016-05-16,0,0,0,0,0,0,0,0,0,0,0,0,0,0,0,0,0,0,0
2016-05-17,0,0,0,0,0,0,0,0,0,0,0,0,0,0,0,0,0,0,0
2016-05-18,0,0,0,0,0,0,0,0,0,0,0,0,0,0,0,0,0,0,0
2016-05-19,0,0,0,0,0,0,0,0,0,0,0,0,0,0,0,0,0,0,0
2016-05-20,0,0,0,0,0,0,0,0,0,0,0,0,0,0,0,0,0,0,0
2016-05-23,0,0,0,0,0,0,0,0,0,0,0,0,0,0,0,0,0,0,0
2016-05-24,0,0,0,0,0,0,0,0,0,0,0,0,0,0,0,0,0,0,0
2016-05-25,0,0,0,0,0,0,0,0,0,0,0,0,0,0,0,0,0,0,0
2016-05-26,0,0,0,0,0,0,0,0,0,0,0,0,0,0,0,0,0,0,0
2016-05-27,0,0,0,0,0,0,0,0,0,0,0,0,0,0,0,0,0,0,0
2016-05-31,0,0,0,0,0,0,0,0,0,0,0,0,0,0,0,0,0,0,0
2016-06-01,0,0,0,0,0,0,0,0,0,0,0,0,0,0,0,0,0,0,0
2016-06-02,0,0,0,0,0,0,0,0,0,0,0,0,0,0,0,0,0,0,0
2016-06-03,0,0,0,0,0,0,0,0,0,0,0,0,0,0,0,0,0,0,0
2016-06-06,0,0,0,0,0,0,0,0,0,0,0,0,0,0,0,0,0,0,0
2016-06-07,0,0,0,0,0,0,0,0,0,0,0,0,0,0,0,0,0,0,0
2016-06-08,0,0,0,0,0,0,0,0,0,0,0,0,0,0,0,0,0,0,0
2016-06-09,0,0,0,0,0,0,0,0,0,0,0,0,0,0,0,0,0,0,0
2016-06-10,0,0,0,0,0,0,0,0,0,0,0,0,0,0,0,0,0,0,0
2016-06-13,0,0,0,0,0,0,0,0,0,0,0,0,0,0,0,0,0,0,0
2016-06-14,0,0,0,0,0,0,0,0,0,0,0,0,0,0,0,0,0,0,0
2016-06-15,0,0,0,0,0,0,0,0,0,0,0,0,0,0,0,0,0,0,0
2016-06-16,0,0,0,0,0,0,0,0,0,0,0,0,0,0,0,0,0,0,0
2016-06-17,0,0,0,0,0,0,0,0,0,0,0,0,0,0,0,0,0,0,0
2016-06-20,0,0,0,0,0,0,0,0,0,0,0,0,0,0,0,0,0,0,0
2016-06-21,0,0,0,0,0,0,0,0,0,0,0,0,0,0,0,0,0,0,0
2016-06-22,0,0,0,0,0,0,0,0,0,0,0,0,0,0,0,0,0,0,0
2016-06-23,0,0,0,0,0,0,0,0,0,0,0,0,0,0,0,0,0,0,0
2016-06-24,0,0,0,0,0,0,0,0,0,0,0,0,0,0,0,0,0,0,0
2016-06-27,0,0,0,0,0,0,0,0,0,0,0,0,0,0,0,0,0,0,0
2016-06-28,0,0,0,0,0,0,0,0,0,0,0,0,0,0,0,0,0,0,0
2016-06-29,0,0,0,0,0,0,0,0,0,0,0,0,0,0,0,0,0,0,0
2016-06-30,0,0,0,0,0,0,0,0,0,0,0,0,0,0,0,0,0,0,0
2016-07-01,0,0,0,0,0,0,0,0,0,0,0,0,0,0,0,0,0,0,0
2016-07-05,0,0,0,0,0,0,0,0,0,0,0,0,0,0,0,0,0,0,0
2016-07-06,0,0,0,0,0,0,0,0,0,0,0,0,0,0,0,0,0,0,0
2016-07-07,0,0,0,0,0,0,0,0,0,0,0,0,0,0,0,0,0,0,0
2016-07-08,0,0,0,0,0,0,0,0,0,0,0,0,0,0,0,0,0,0,0
2016-07-11,0,0,0,0,0,0,0,0,0,0,0,0,0,0,0,0,0,0,0
2016-07-12,0,0,0,0,0,0,0,0,0,0,0,0,0,0,0,0,0,0,0
2016-07-13,0,0,0,0,0,0,0,0,0,0,0,0,0,0,0,0,0,0,0
2016-07-14,0,0,0,0,0,0,0,0,0,0,0,0,0,0,0,0,0,0,0
2016-07-15,0,0,0,0,0,0,0,0,0,0,0,0,0,0,0,0,0,0,0
2016-07-18,0,0,0,0,0,0,0,0,0,0,0,0,0,0,0,0,0,0,0
2016-07-19,0,0,0,0,0,0,0,0,0,0,0,0,0,0,0,0,0,0,0
2016-07-20,0,0,0,0,0,0,0,0,0,0,0,0,0,0,0,0,0,0,0
2016-07-21,0,0,0,0,0,0,0,0,0,0,0,0,0,0,0,0,0,0,0
2016-07-22,0,0,0,0,0,0,0,0,0,0,0,0,0,0,0,0,0,0,0
2016-07-25,0,0,0,0,0,0,0,0,0,0,0,0,0,0,0,0,0,0,0
2016-07-26,0,0,0,0,0,0,0,0,0,0,0,0,0,0,0,0,0,0,0
2016-07-27,0,0,0,0,0,0,0,0,0,0,0,0,0,0,0,0,0,0,0
2016-07-28,0,0,0,0,0,0,0,0,0,0,0,0,0,0,0,0,0,0,0
2016-07-29,0,0,0,0,0,0,0,0,0,0,0,0,0,0,0,0,0,0,0
2016-08-01,0,0,0,0,0,0,0,0,0,0,0,0,0,0,0,0,0,0,0
2016-08-02,0,0,0,0,0,0,0,0,0,0,0,0,0,0,0,0,0,0,0
2016-08-03,0,0,0,0,0,0,0,0,0,0,0,0,0,0,0,0,0,0,0
2016-08-04,0,0,0,0,0,0,0,0,0,0,0,0,0,0,0,0,0,0,0
2016-08-05,0,0,0,0,0,0,0,0,0,0,0,0,0,0,0,0,0,0,0
2016-08-08,0,0,0,0,0,0,0,0,0,0,0,0,0,0,0,0,0,0,0
2016-08-09,0,0,0,0,0,0,0,0,0,0,0,0,0,0,0,0,0,0,0
2016-08-10,0,0,0,0,0,0,0,0,0,0,0,0,0,0,0,0,0,0,0
2016-08-11,0,0,0,0,0,0,0,0,0,0,0,0,0,0,0,0,0,0,0
2016-08-12,0,0,0,0,0,0,0,0,0,0,0,0,0,0,0,0,0,0,0
2016-08-15,0,0,0,0,0,0,0,0,0,0,0,0,0,0,0,0,0,0,0
2016-08-16,0,0,0,0,0,0,0,0,0,0,0,0,0,0,0,0,0,0,0
2016-08-17,0,0,0,0,0,0,0,0,0,0,0,0,0,0,0,0,0,0,0
2016-08-18,0,0,0,0,0,0,0,0,0,0,0,0,0,0,0,0,0,0,0
2016-08-19,0,0,0,0,0,0,0,0,0,0,0,0,0,0,0,0,0,0,0
2016-08-22,0,0,0,0,0,0,0,0,0,0,0,0,0,0,0,0,0,0,0
2016-08-23,0,0,0,0,0,0,0,0,0,0,0,0,0,0,0,0,0,0,0
2016-08-24,0,0,0,0,0,0,0,0,0,0,0,0,0,0,0,0,0,0,0
2016-08-25,0,0,0,0,0,0,0,0,0,0,0,0,0,0,0,0,0,0,0
2016-08-26,0,0,0,0,0,0,0,0,0,0,0,0,0,0,0,0,0,0,0
2016-08-29,0,0,0,0,0,0,0,0,0,0,0,0,0,0,0,0,0,0,0
2016-08-30,0,0,0,0,0,0,0,0,0,0,0,0,0,0,0,0,0,0,0
2016-08-31,0,0,0,0,0,0,0,0,0,0,0,0,0,0,0,0,0,0,0
2016-09-01,0,0,0,0,0,0,0,0,0,0,0,0,0,0,0,0,0,0,0
2016-09-02,0,0,0,0,0,0,0,0,0,0,0,0,0,0,0,0,0,0,0
2016-09-06,0,0,0,0,0,0,0,0,0,0,0,0,0,0,0,0,0,0,0
2016-09-07,0,0,0,0,0,0,0,0,0,0,0,0,0,0,0,0,0,0,0
2016-09-08,0,0,0,0,0,0,0,0,0,0,0,0,0,0,0,0,0,0,0
2016-09-09,0,0,0,0,0,0,0,0,0,0,0,0,0,0,0,0,0,0,0
2016-09-12,0,0,0,0,0,0,0,0,0,0,0,0,0,0,0,0,0,0,0
2016-09-13,0,0,0,0,0,0,0,0,0,0,0,0,0,0,0,0,0,0,0
2016-09-14,0,0,0,0,0,0,0,0,0,0,0,0,0,0,0,0,0,0,0
2016-09-15,0,0,0,0,0,0,0,0,0,0,0,0,0,0,0,0,0,0,0
2016-09-16,0,0,0,0,0,0,0,0,0,0,0,0,0,0,0,0,0,0,0
2016-09-19,0,0,0,0,0,0,0,0,0,0,0,0,0,0,0,0,0,0,0
2016-09-20,0,0,0,0,0,0,0,0,0,0,0,0,0,0,0,0,0,0,0
2016-09-21,0,0,0,0,0,0,0,0,0,0,0,0,0,0,0,0,0,0,0
2016-09-22,0,0,0,0,0,0,0,0,0,0,0,0,0,0,0,0,0,0,0
2016-09-23,0,0,0,0,0,0,0,0,0,0,0,0,0,0,0,0,0,0,0
2016-09-26,0,0,0,0,0,0,0,0,0,0,0,0,0,0,0,0,0,0,0
2016-09-27,0,0,0,0,0,0,0,0,0,0,0,0,0,0,0,0,0,0,0
2016-09-28,0,0,0,0,0,0,0,0,0,0,0,0,0,0,0,0,0,0,0
2016-09-29,0,0,0,0,0,0,0,0,0,0,0,0,0,0,0,0,0,0,0
2016-09-30,0,0,0,0,0,0,0,0,0,0,0,0,0,0,0,0,0,0,0
2016-10-03,0,0,0,0,0,0,0,0,0,0,0,0,0,0,0,0,0,0,0
2016-10-04,0,0,0,0,0,0,0,0,0,0,0,0,0,0,0,0,0,0,0
2016-10-05,0,0,0,0,0,0,0,0,0,0,0,0,0,0,0,0,0,0,0
2016-10-06,0,0,0,0,0,0,0,0,0,0,0,0,0,0,0,0,0,0,0
2016-10-07,0,0,0,0,0,0,0,0,0,0,0,0,0,0,0,0,0,0,0
2016-10-10,0,0,0,0,0,0,0,0,0,0,0,0,0,0,0,0,0,0,0
2016-10-11,0,0,0,0,0,0,0,0,0,0,0,0,0,0,0,0,0,0,0
2016-10-12,0,0,0,0,0,0,0,0,0,0,0,0,0,0,0,0,0,0,0
2016-10-13,0,0,0,0,0,0,0,0,0,0,0,0,0,0,0,0,0,0,0
2016-10-14,0,0,0,0,0,0,0,0,0,0,0,0,0,0,0,0,0,0,0
2016-10-17,0,0,0,0,0,0,0,0,0,0,0,0,0,0,0,0,0,0,0
2016-10-18,0,0,0,0,0,0,0,0,0,0,0,0,0,0,0,0,0,0,0
2016-10-19,0,0,0,0,0,0,0,0,0,0,0,0,0,0,0,0,0,0,0
2016-10-20,0,0,0,0,0,0,0,0,0,0,0,0,0,0,0,0,0,0,0
2016-10-21,0,0,0,0,0,0,0,0,0,0,0,0,0,0,0,0,0,0,0
2016-10-24,0,0,0,0,0,0,0,0,0,0,0,0,0,0,0,0,0,0,0
2016-10-25,0,0,0,0,0,0,0,0,0,0,0,0,0,0,0,0,0,0,0
2016-10-26,0,0,0,0,0,0,0,0,0,0,0,0,0,0,0,0,0,0,0
2016-10-27,0,0,0,0,0,0,0,0,0,0,0,0,0,0,0,0,0,0,0
2016-10-28,0,0,0,0,0,0,0,0,0,0,0,0,0,0,0,0,0,0,0
2016-10-31,0,0,0,0,0,0,0,0,0,0,0,0,0,0,0,0,0,0,0
2016-11-01,0,0,0,0,0,0,0,0,0,0,0,0,0,0,0,0,0,0,0
2016-11-02,0,0,0,0,0,0,0,0,0,0,0,0,0,0,0,0,0,0,0
2016-11-03,0,0,0,0,0,0,0,0,0,0,0,0,0,0,0,0,0,0,0
2016-11-04,0,0,0,0,0,0,0,0,0,0,0,0,0,0,0,0,0,0,0
2016-11-07,0,0,0,0,0,0,0,0,0,0,0,0,0,0,0,0,0,0,0
2016-11-08,0,0,0,0,0,0,0,0,0,0,0,0,0,0,0,0,0,0,0
2016-11-09,0,0,0,0,0,0,0,0,0,0,0,0,0,0,0,0,0,0,0
2016-11-10,0,0,0,0,0,0,0,0,0,0,0,0,0,0,0,0,0,0,0
2016-11-11,0,0,0,0,0,0,0,0,0,0,0,0,0,0,0,0,0,0,0
2016-11-14,0,0,0,0,0,0,0,0,0,0,0,0,0,0,0,0,0,0,0
2016-11-15,0,0,0,0,0,0,0,0,0,0,0,0,0,0,0,0,0,0,0
2016-11-16,0,0,0,0,0,0,0,0,0,0,0,0,0,0,0,0,0,0,0
2016-11-17,0,0,0,0,0,0,0,0,0,0,0,0,0,0,0,0,0,0,0
2016-11-18,0,0,0,0,0,0,0,0,0,0,0,0,0,0,0,0,0,0,0
2016-11-21,0,0,0,0,0,0,0,0,0,0,0,0,0,0,0,0,0,0,0
2016-11-22,0,0,0,0,0,0,0,0,0,0,0,0,0,0,0,0,0,0,0
2016-11-23,0,0,0,0,0,0,0,0,0,0,0,0,0,0,0,0,0,0,0
2016-11-25,0,0,0,0,0,0,0,0,0,0,0,0,0,0,0,0,0,0,0
2016-11-28,0,0,0,0,0,0,0,0,0,0,0,0,0,0,0,0,0,0,0
2016-11-29,0,0,0,0,0,0,0,0,0,0,0,0,0,0,0,0,0,0,0
2016-11-30,0,0,0,0,0,0,0,0,0,0,0,0,0,0,0,0,0,0,0
2016-12-01,0,0,0,0,0,0,0,0,0,0,0,0,0,0,0,0,0,0,0
2016-12-02,0,0,0,0,0,0,0,0,0,0,0,0,0,0,0,0,0,0,0
2016-12-05,0,0,0,0,0,0,0,0,0,0,0,0,0,0,0,0,0,0,0
2016-12-06,0,0,0,0,0,0,0,0,0,0,0,0,0,0,0,0,0,0,0
2016-12-07,0,0,0,0,0,0,0,0,0,0,0,0,0,0,0,0,0,0,0
2016-12-08,0,0,0,0,0,0,0,0,0,0,0,0,0,0,0,0,0,0,0
2016-12-09,0,0,0,0,0,0,0,0,0,0,0,0,0,0,0,0,0,0,0
2016-12-12,0,0,0,0,0,0,0,0,0,0,0,0,0,0,0,0,0,0,0
2016-12-13,0,0,0,0,0,0,0,0,0,0,0,0,0,0,0,0,0,0,0
2016-12-14,0,0,0,0,0,0,0,0,0,0,0,0,0,0,0,0,0,0,0
2016-12-15,0,0,0,0,0,0,0,0,0,0,0,0,0,0,0,0,0,0,0
2016-12-16,0,0,0,0,0,0,0,0,0,0,0,0,0,0,0,0,0,0,0
2016-12-19,0,0,0,0,0,0,0,0,0,0,0,0,0,0,0,0,0,0,0
2016-12-20,0,0,0,0,0,0,0,0,0,0,0,0,0,0,0,0,0,0,0
2016-12-21,0,0,0,0,0,0,0,0,0,0,0,0,0,0,0,0,0,0,0
2016-12-22,0,0,0,0,0,0,0,0,0,0,0,0,0,0,0,0,0,0,0
2016-12-23,0,0,0,0,0,0,0,0,0,0,0,0,0,0,0,0,0,0,0
2016-12-27,0,0,0,0,0,0,0,0,0,0,0,0,0,0,0,0,0,0,0
2016-12-28,0,0,0,0,0,0,0,0,0,0,0,0,0,0,0,0,0,0,0
2016-12-29,0,0,0,0,0,0,0,0,0,0,0,0,0,0,0,0,0,0,0
2016-12-30,0,0,0,0,0,0,0,0,0,0,0,0,0,0,0,0,0,0,0
2017-01-03,0,0,0,0,0,0,0,0,0,0,0,0,0,0,0,0,0,0,0
2017-01-04,0,0,0,0,0,0,0,0,0,0,0,0,0,0,0,0,0,0,0
2017-01-05,0,0,0,0,0,0,0,0,0,0,0,0,0,0,0,0,0,0,0
2017-01-06,0,0,0,0,0,0,0,0,0,0,0,0,0,0,0,0,0,0,0
2017-01-09,0,0,0,0,0,0,0,0,0,0,0,0,0,0,0,0,0,0,0
2017-01-10,0,0,0,0,0,0,0,0,0,0,0,0,0,0,0,0,0,0,0
2017-01-11,0,0,0,0,0,0,0,0,0,0,0,0,0,0,0,0,0,0,0
2017-01-12,0,0,0,0,0,0,0,0,0,0,0,0,0,0,0,0,0,0,0
2017-01-13,0,0,0,0,0,0,0,0,0,0,0,0,0,0,0,0,0,0,0
2017-01-17,0,0,0,0,0,0,0,0,0,0,0,0,0,0,0,0,0,0,0
2017-01-18,0,0,0,0,0,0,0,0,0,0,0,0,0,0,0,0,0,0,0
2017-01-19,0,0,0,0,0,0,0,0,0,0,0,0,0,0,0,0,0,0,0
2017-01-20,0,0,0,0,0,0,0,0,0,0,0,0,0,0,0,0,0,0,0
2017-01-23,0,0,0,0,0,0,0,0,0,0,0,0,0,0,0,0,0,0,0
2017-01-24,0,0,0,0,0,0,0,0,0,0,0,0,0,0,0,0,0,0,0
2017-01-25,0,0,0,0,0,0,0,0,0,0,0,0,0,0,0,0,0,0,0
2017-01-26,0,0,0,0,0,0,0,0,0,0,0,0,0,0,0,0,0,0,0
2017-01-27,0,0,0,0,0,0,0,0,0,0,0,0,0,0,0,0,0,0,0
2017-01-30,0,0,0,0,0,0,0,0,0,0,0,0,0,0,0,0,0,0,0
2017-01-31,0,0,0,0,0,0,0,0,0,0,0,0,0,0,0,0,0,0,0
2017-02-01,0,0,0,0,0,0,0,0,0,0,0,0,0,0,0,0,0,0,0
2017-02-02,0,0,0,0,0,0,0,0,0,0,0,0,0,0,0,0,0,0,0
2017-02-03,0,0,0,0,0,0,0,0,0,0,0,0,0,0,0,0,0,0,0
2017-02-06,0,0,0,0,0,0,0,0,0,0,0,0,0,0,0,0,0,0,0
2017-02-07,0,0,0,0,0,0,0,0,0,0,0,0,0,0,0,0,0,0,0
2017-02-08,0,0,0,0,0,0,0,0,0,0,0,0,0,0,0,0,0,0,0
2017-02-09,0,0,0,0,0,0,0,0,0,0,0,0,0,0,0,0,0,0,0
2017-02-10,0,0,0,0,0,0,0,0,0,0,0,0,0,0,0,0,0,0,0
2017-02-13,0,0,0,0,0,0,0,0,0,0,0,0,0,0,0,0,0,0,0
2017-02-14,0,0,0,0,0,0,0,0,0,0,0,0,0,0,0,0,0,0,0
2017-02-15,0,0,0,0,0,0,0,0,0,0,0,0,0,0,0,0,0,0,0
2017-02-16,0,0,0,0,0,0,0,0,0,0,0,0,0,0,0,0,0,0,0
2017-02-17,0,0,0,0,0,0,0,0,0,0,0,0,0,0,0,0,0,0,0
2017-02-21,0,0,0,0,0,0,0,0,0,0,0,0,0,0,0,0,0,0,0
2017-02-22,0,0,0,0,0,0,0,0,0,0,0,0,0,0,0,0,0,0,0
2017-02-23,0,0,0,0,0,0,0,0,0,0,0,0,0,0,0,0,0,0,0
2017-02-24,0,0,0,0,0,0,0,0,0,0,0,0,0,0,0,0,0,0,0
2017-02-27,0,0,0,0,0,0,0,0,0,0,0,0,0,0,0,0,0,0,0
2017-02-28,0,0,0,0,0,0,0,0,0,0,0,0,0,0,0,0,0,0,0
2017-03-01,0,0,0,0,0,0,0,0,0,0,0,0,0,0,0,0,0,0,0
2017-03-02,0,0,0,0,0,0,0,0,0,0,0,0,0,0,0,0,0,0,0
2017-03-03,0,0,0,0,0,0,0,0,0,0,0,0,0,0,0,0,0,0,0
2017-03-06,0,0,0,0,0,0,0,0,0,0,0,0,0,0,0,0,0,0,0
2017-03-07,0,0,0,0,0,0,0,0,0,0,0,0,0,0,0,0,0,0,0
2017-03-08,0,0,0,0,0,0,0,0,0,0,0,0,0,0,0,0,0,0,0
2017-03-09,0,0,0,0,0,0,0,0,0,0,0,0,0,0,0,0,0,0,0
2017-03-10,0,0,0,0,0,0,0,0,0,0,0,0,0,0,0,0,0,0,0
2017-03-13,0,0,0,0,0,0,0,0,0,0,0,0,0,0,0,0,0,0,0
2017-03-14,0,0,0,0,0,0,0,0,0,0,0,0,0,0,0,0,0,0,0
2017-03-15,0,0,0,0,0,0,0,0,0,0,0,0,0,0,0,0,0,0,0
2017-03-16,0,0,0,0,0,0,0,0,0,0,0,0,0,0,0,0,0,0,0
2017-03-17,0,0,0,0,0,0,0,0,0,0,0,0,0,0,0,0,0,0,0
2017-03-20,0,0,0,0,0,0,0,0,0,0,0,0,0,0,0,0,0,0,0
2017-03-21,0,0,0,0,0,0,0,0,0,0,0,0,0,0,0,0,0,0,0
2017-03-22,0,0,0,0,0,0,0,0,0,0,0,0,0,0,0,0,0,0,0
2017-03-23,0,0,0,0,0,0,0,0,0,0,0,0,0,0,0,0,0,0,0
2017-03-24,0,0,0,0,0,0,0,0,0,0,0,0,0,0,0,0,0,0,0
2017-03-27,0,0,0,0,0,0,0,0,0,0,0,0,0,0,0,0,0,0,0
2017-03-28,0,0,0,0,0,0,0,0,0,0,0,0,0,0,0,0,0,0,0
2017-03-29,0,0,0,0,0,0,0,0,0,0,0,0,0,0,0,0,0,0,0
2017-03-30,0,0,0,0,0,0,0,0,0,0,0,0,0,0,0,0,0,0,0
2017-03-31,0,0,0,0,0,0,0,0,0,0,0,0,0,0,0,0,0,0,0
2017-04-03,0,0,0,0,0,0,0,0,0,0,0,0,0,0,0,0,0,0,0
2017-04-04,0,0,0,0,0,0,0,0,0,0,0,0,0,0,0,0,0,0,0
2017-04-05,0,0,0,0,0,0,0,0,0,0,0,0,0,0,0,0,0,0,0
2017-04-06,0,0,0,0,0,0,0,0,0,0,0,0,0,0,0,0,0,0,0
2017-04-07,0,0,0,0,0,0,0,0,0,0,0,0,0,0,0,0,0,0,0
2017-04-10,0,0,0,0,0,0,0,0,0,0,0,0,0,0,0,0,0,0,0
2017-04-11,0,0,0,0,0,0,0,0,0,0,0,0,0,0,0,0,0,0,0
2017-04-12,0,0,0,0,0,0,0,0,0,0,0,0,0,0,0,0,0,0,0
2017-04-13,0,0,0,0,0,0,0,0,0,0,0,0,0,0,0,0,0,0,0
2017-04-17,0,0,0,0,0,0,0,0,0,0,0,0,0,0,0,0,0,0,0
2017-04-18,0,0,0,0,0,0,0,0,0,0,0,0,0,0,0,0,0,0,0
2017-04-19,0,0,0,0,0,0,0,0,0,0,0,0,0,0,0,0,0,0,0
2017-04-20,0,0,0,0,0,0,0,0,0,0,0,0,0,0,0,0,0,0,0
2017-04-21,0,0,0,0,0,0,0,0,0,0,0,0,0,0,0,0,0,0,0
2017-04-24,0,0,0,0,0,0,0,0,0,0,0,0,0,0,0,0,0,0,0
2017-04-25,0,0,0,0,0,0,0,0,0,0,0,0,0,0,0,0,0,0,0
2017-04-26,0,0,0,0,0,0,0,0,0,0,0,0,0,0,0,0,0,0,0
2017-04-27,0,0,0,0,0,0,0,0,0,0,0,0,0,0,0,0,0,0,0
2017-04-28,0,0,0,0,0,0,0,0,0,0,0,0,0,0,0,0,0,0,0
2017-05-01,0,0,0,0,0,0,0,0,0,0,0,0,0,0,0,0,0,0,0
2017-05-02,0,0,0,0,0,0,0,0,0,0,0,0,0,0,0,0,0,0,0
2017-05-03,0,0,0,0,0,0,0,0,0,0,0,0,0,0,0,0,0,0,0
2017-05-04,0,0,0,0,0,0,0,0,0,0,0,0,0,0,0,0,0,0,0
2017-05-05,0,0,0,0,0,0,0,0,0,0,0,0,0,0,0,0,0,0,0
2017-05-08,0,0,0,0,0,0,0,0,0,0,0,0,0,0,0,0,0,0,0
2017-05-09,0,0,0,0,0,0,0,0,0,0,0,0,0,0,0,0,0,0,0
2017-05-10,0,0,0,0,0,0,0,0,0,0,0,0,0,0,0,0,0,0,0
2017-05-11,0,0,0,0,0,0,0,0,0,0,0,0,0,0,0,0,0,0,0
2017-05-12,0,0,0,0,0,0,0,0,0,0,0,0,0,0,0,0,0,0,0
2017-05-15,0,0,0,0,0,0,0,0,0,0,0,0,0,0,0,0,0,0,0
2017-05-16,0,0,0,0,0,0,0,0,0,0,0,0,0,0,0,0,0,0,0
2017-05-17,0,0,0,0,0,0,0,0,0,0,0,0,0,0,0,0,0,0,0
2017-05-18,0,0,0,0,0,0,0,0,0,0,0,0,0,0,0,0,0,0,0
2017-05-19,0,0,0,0,0,0,0,0,0,0,0,0,0,0,0,0,0,0,0
2017-05-22,0,0,0,0,0,0,0,0,0,0,0,0,0,0,0,0,0,0,0
2017-05-23,0,0,0,0,0,0,0,0,0,0,0,0,0,0,0,0,0,0,0
2017-05-24,0,0,0,0,0,0,0,0,0,0,0,0,0,0,0,0,0,0,0
2017-05-25,0,0,0,0,0,0,0,0,0,0,0,0,0,0,0,0,0,0,0
2017-05-26,0,0,0,0,0,0,0,0,0,0,0,0,0,0,0,0,0,0,0
2017-05-30,0,0,0,0,0,0,0,0,0,0,0,0,0,0,0,0,0,0,0
2017-05-31,0,0,0,0,0,0,0,0,0,0,0,0,0,0,0,0,0,0,0
2017-06-01,0,0,0,0,0,0,0,0,0,0,0,0,0,0,0,0,0,0,0
2017-06-02,0,0,0,0,0,0,0,0,0,0,0,0,0,0,0,0,0,0,0
2017-06-05,0,0,0,0,0,0,0,0,0,0,0,0,0,0,0,0,0,0,0
2017-06-06,0,0,0,0,0,0,0,0,0,0,0,0,0,0,0,0,0,0,0
2017-06-07,0,0,0,0,0,0,0,0,0,0,0,0,0,0,0,0,0,0,0
2017-06-08,0,0,0,0,0,0,0,0,0,0,0,0,0,0,0,0,0,0,0
2017-06-09,0,0,0,0,0,0,0,0,0,0,0,0,0,0,0,0,0,0,0
2017-06-12,0,0,0,0,0,0,0,0,0,0,0,0,0,0,0,0,0,0,0
2017-06-13,0,0,0,0,0,0,0,0,0,0,0,0,0,0,0,0,0,0,0
2017-06-14,0,0,0,0,0,0,0,0,0,0,0,0,0,0,0,0,0,0,0
2017-06-15,0,0,0,0,0,0,0,0,0,0,0,0,0,0,0,0,0,0,0
2017-06-16,0,0,0,0,0,0,0,0,0,0,0,0,0,0,0,0,0,0,0
2017-06-19,0,0,0,0,0,0,0,0,0,0,0,0,0,0,0,0,0,0,0
2017-06-20,0,0,0,0,0,0,0,0,0,0,0,0,0,0,0,0,0,0,0
2017-06-21,0,0,0,0,0,0,0,0,0,0,0,0,0,0,0,0,0,0,0
2017-06-22,0,0,0,0,0,0,0,0,0,0,0,0,0,0,0,0,0,0,0
2017-06-23,0,0,0,0,0,0,0,0,0,0,0,0,0,0,0,0,0,0,0
2017-06-26,0,0,0,0,0,0,0,0,0,0,0,0,0,0,0,0,0,0,0
2017-06-27,0,0,0,0,0,0,0,0,0,0,0,0,0,0,0,0,0,0,0
2017-06-28,0,0,0,0,0,0,0,0,0,0,0,0,0,0,0,0,0,0,0
2017-06-29,0,0,0,0,0,0,0,0,0,0,0,0,0,0,0,0,0,0,0
2017-06-30,0,0,0,0,0,0,0,0,0,0,0,0,0,0,0,0,0,0,0
2017-07-03,0,0,0,0,0,0,0,0,0,0,0,0,0,0,0,0,0,0,0
2017-07-05,0,0,0,0,0,0,0,0,0,0,0,0,0,0,0,0,0,0,0
2017-07-06,0,0,0,0,0,0,0,0,0,0,0,0,0,0,0,0,0,0,0
2017-07-07,0,0,0,0,0,0,0,0,0,0,0,0,0,0,0,0,0,0,0
2017-07-10,0,0,0,0,0,0,0,0,0,0,0,0,0,0,0,0,0,0,0
2017-07-11,0,0,0,0,0,0,0,0,0,0,0,0,0,0,0,0,0,0,0
2017-07-12,0,0,0,0,0,0,0,0,0,0,0,0,0,0,0,0,0,0,0
2017-07-13,0,0,0,0,0,0,0,0,0,0,0,0,0,0,0,0,0,0,0
2017-07-14,0,0,0,0,0,0,0,0,0,0,0,0,0,0,0,0,0,0,0
2017-07-17,0,0,0,0,0,0,0,0,0,0,0,0,0,0,0,0,0,0,0
2017-07-18,0,0,0,0,0,0,0,0,0,0,0,0,0,0,0,0,0,0,0
2017-07-19,0,0,0,0,0,0,0,0,0,0,0,0,0,0,0,0,0,0,0
2017-07-20,0,0,0,0,0,0,0,0,0,0,0,0,0,0,0,0,0,0,0
2017-07-21,0,0,0,0,0,0,0,0,0,0,0,0,0,0,0,0,0,0,0
2017-07-24,0,0,0,0,0,0,0,0,0,0,0,0,0,0,0,0,0,0,0
2017-07-25,0,0,0,0,0,0,0,0,0,0,0,0,0,0,0,0,0,0,0
2017-07-26,0,0,0,0,0,0,0,0,0,0,0,0,0,0,0,0,0,0,0
2017-07-27,0,0,0,0,0,0,0,0,0,0,0,0,0,0,0,0,0,0,0
2017-07-28,0,0,0,0,0,0,0,0,0,0,0,0,0,0,0,0,0,0,0
2017-07-31,0,0,0,0,0,0,0,0,0,0,0,0,0,0,0,0,0,0,0
2017-08-01,0,0,0,0,0,0,0,0,0,0,0,0,0,0,0,0,0,0,0
2017-08-02,0,0,0,0,0,0,0,0,0,0,0,0,0,0,0,0,0,0,0
2017-08-03,0,0,0,0,0,0,0,0,0,0,0,0,0,0,0,0,0,0,0
2017-08-04,0,0,0,0,0,0,0,0,0,0,0,0,0,0,0,0,0,0,0
2017-08-07,0,0,0,0,0,0,0,0,0,0,0,0,0,0,0,0,0,0,0
2017-08-08,0,0,0,0,0,0,0,0,0,0,0,0,0,0,0,0,0,0,0
2017-08-09,0,0,0,0,0,0,0,0,0,0,0,0,0,0,0,0,0,0,0
2017-08-10,0,0,0,0,0,0,0,0,0,0,0,0,0,0,0,0,0,0,0
2017-08-11,0,0,0,0,0,0,0,0,0,0,0,0,0,0,0,0,0,0,0
2017-08-14,0,0,0,0,0,0,0,0,0,0,0,0,0,0,0,0,0,0,0
2017-08-15,0,0,0,0,0,0,0,0,0,0,0,0,0,0,0,0,0,0,0
2017-08-16,0,0,0,0,0,0,0,0,0,0,0,0,0,0,0,0,0,0,0
2017-08-17,0,0,0,0,0,0,0,0,0,0,0,0,0,0,0,0,0,0,0
2017-08-18,0,0,0,0,0,0,0,0,0,0,0,0,0,0,0,0,0,0,0
2017-08-21,0,0,0,0,0,0,0,0,0,0,0,0,0,0,0,0,0,0,0
2017-08-22,0,0,0,0,0,0,0,0,0,0,0,0,0,0,0,0,0,0,0
2017-08-23,0,0,0,0,0,0,0,0,0,0,0,0,0,0,0,0,0,0,0
2017-08-24,0,0,0,0,0,0,0,0,0,0,0,0,0,0,0,0,0,0,0
2017-08-25,0,0,0,0,0,0,0,0,0,0,0,0,0,0,0,0,0,0,0
2017-08-28,0,0,0,0,0,0,0,0,0,0,0,0,0,0,0,0,0,0,0
2017-08-29,0,0,0,0,0,0,0,0,0,0,0,0,0,0,0,0,0,0,0
2017-08-30,0,0,0,0,0,0,0,0,0,0,0,0,0,0,0,0,0,0,0
2017-08-31,0,0,0,0,0,0,0,0,0,0,0,0,0,0,0,0,0,0,0
2017-09-01,0,0,0,0,0,0,0,0,0,0,0,0,0,0,0,0,0,0,0
2017-09-05,0,0,0,0,0,0,0,0,0,0,0,0,0,0,0,0,0,0,0
2017-09-06,0,0,0,0,0,0,0,0,0,0,0,0,0,0,0,0,0,0,0
2017-09-07,0,0,0,0,0,0,0,0,0,0,0,0,0,0,0,0,0,0,0
2017-09-08,0,0,0,0,0,0,0,0,0,0,0,0,0,0,0,0,0,0,0
2017-09-11,0,0,0,0,0,0,0,0,0,0,0,0,0,0,0,0,0,0,0
2017-09-12,0,0,0,0,0,0,0,0,0,0,0,0,0,0,0,0,0,0,0
2017-09-13,0,0,0,0,0,0,0,0,0,0,0,0,0,0,0,0,0,0,0
2017-09-14,0,0,0,0,0,0,0,0,0,0,0,0,0,0,0,0,0,0,0
2017-09-15,0,0,0,0,0,0,0,0,0,0,0,0,0,0,0,0,0,0,0
2017-09-18,0,0,0,0,0,0,0,0,0,0,0,0,0,0,0,0,0,0,0
2017-09-19,0,0,0,0,0,0,0,0,0,0,0,0,0,0,0,0,0,0,0
2017-09-20,0,0,0,0,0,0,0,0,0,0,0,0,0,0,0,0,0,0,0
2017-09-21,0,0,0,0,0,0,0,0,0,0,0,0,0,0,0,0,0,0,0
2017-09-22,0,0,0,0,0,0,0,0,0,0,0,0,0,0,0,0,0,0,0
2017-09-25,0,0,0,0,0,0,0,0,0,0,0,0,0,0,0,0,0,0,0
2017-09-26,0,0,0,0,0,0,0,0,0,0,0,0,0,0,0,0,0,0,0
2017-09-27,0,0,0,0,0,0,0,0,0,0,0,0,0,0,0,0,0,0,0
2017-09-28,0,0,0,0,0,0,0,0,0,0,0,0,0,0,0,0,0,0,0
2017-09-29,0,0,0,0,0,0,0,0,0,0,0,0,0,0,0,0,0,0,0
2017-10-02,0,0,0,0,0,0,0,0,0,0,0,0,0,0,0,0,0,0,0
2017-10-03,0,0,0,0,0,0,0,0,0,0,0,0,0,0,0,0,0,0,0
2017-10-04,0,0,0,0,0,0,0,0,0,0,0,0,0,0,0,0,0,0,0
2017-10-05,0,0,0,0,0,0,0,0,0,0,0,0,0,0,0,0,0,0,0
2017-10-06,0,0,0,0,0,0,0,0,0,0,0,0,0,0,0,0,0,0,0
2017-10-09,0,0,0,0,0,0,0,0,0,0,0,0,0,0,0,0,0,0,0
2017-10-10,0,0,0,0,0,0,0,0,0,0,0,0,0,0,0,0,0,0,0
2017-10-11,0,0,0,0,0,0,0,0,0,0,0,0,0,0,0,0,0,0,0
2017-10-12,0,0,0,0,0,0,0,0,0,0,0,0,0,0,0,0,0,0,0
2017-10-13,0,0,0,0,0,0,0,0,0,0,0,0,0,0,0,0,0,0,0
2017-10-16,0,0,0,0,0,0,0,0,0,0,0,0,0,0,0,0,0,0,0
2017-10-17,0,0,0,0,0,0,0,0,0,0,0,0,0,0,0,0,0,0,0
2017-10-18,0,0,0,0,0,0,0,0,0,0,0,0,0,0,0,0,0,0,0
2017-10-19,0,0,0,0,0,0,0,0,0,0,0,0,0,0,0,0,0,0,0
2017-10-20,0,0,0,0,0,0,0,0,0,0,0,0,0,0,0,0,0,0,0
2017-10-23,0,0,0,0,0,0,0,0,0,0,0,0,0,0,0,0,0,0,0
2017-10-24,0,0,0,0,0,0,0,0,0,0,0,0,0,0,0,0,0,0,0
2017-10-25,0,0,0,0,0,0,0,0,0,0,0,0,0,0,0,0,0,0,0
2017-10-26,0,0,0,0,0,0,0,0,0,0,0,0,0,0,0,0,0,0,0
2017-10-27,0,0,0,0,0,0,0,0,0,0,0,0,0,0,0,0,0,0,0
2017-10-30,0,0,0,0,0,0,0,0,0,0,0,0,0,0,0,0,0,0,0
2017-10-31,0,0,0,0,0,0,0,0,0,0,0,0,0,0,0,0,0,0,0
2017-11-01,0,0,0,0,0,0,0,0,0,0,0,0,0,0,0,0,0,0,0
2017-11-02,0,0,0,0,0,0,0,0,0,0,0,0,0,0,0,0,0,0,0
2017-11-03,0,0,0,0,0,0,0,0,0,0,0,0,0,0,0,0,0,0,0
2017-11-06,0,0,0,0,0,0,0,0,0,0,0,0,0,0,0,0,0,0,0
2017-11-07,0,0,0,0,0,0,0,0,0,0,0,0,0,0,0,0,0,0,0
2017-11-08,0,0,0,0,0,0,0,0,0,0,0,0,0,0,0,0,0,0,0
2017-11-09,0,0,0,0,0,0,0,0,0,0,0,0,0,0,0,0,0,0,0
2017-11-10,0,0,0,0,0,0,0,0,0,0,0,0,0,0,0,0,0,0,0
2017-11-13,0,0,0,0,0,0,0,0,0,0,0,0,0,0,0,0,0,0,0
2017-11-14,0,0,0,0,0,0,0,0,0,0,0,0,0,0,0,0,0,0,0
2017-11-15,0,0,0,0,0,0,0,0,0,0,0,0,0,0,0,0,0,0,0
2017-11-16,0,0,0,0,0,0,0,0,0,0,0,0,0,0,0,0,0,0,0
2017-11-17,0,0,0,0,0,0,0,0,0,0,0,0,0,0,0,0,0,0,0
2017-11-20,0,0,0,0,0,0,0,0,0,0,0,0,0,0,0,0,0,0,0
2017-11-21,0,0,0,0,0,0,0,0,0,0,0,0,0,0,0,0,0,0,0
2017-11-22,0,0,0,0,0,0,0,0,0,0,0,0,0,0,0,0,0,0,0
2017-11-24,0,0,0,0,0,0,0,0,0,0,0,0,0,0,0,0,0,0,0
2017-11-27,0,0,0,0,0,0,0,0,0,0,0,0,0,0,0,0,0,0,0
2017-11-28,0,0,0,0,0,0,0,0,0,0,0,0,0,0,0,0,0,0,0
2017-11-29,0,0,0,0,0,0,0,0,0,0,0,0,0,0,0,0,0,0,0
2017-11-30,0,0,0,0,0,0,0,0,0,0,0,0,0,0,0,0,0,0,0
2017-12-01,0,0,0,0,0,0,0,0,0,0,0,0,0,0,0,0,0,0,0
2017-12-04,0,0,0,0,0,0,0,0,0,0,0,0,0,0,0,0,0,0,0
2017-12-05,0,0,0,0,0,0,0,0,0,0,0,0,0,0,0,0,0,0,0
2017-12-06,0,0,0,0,0,0,0,0,0,0,0,0,0,0,0,0,0,0,0
2017-12-07,0,0,0,0,0,0,0,0,0,0,0,0,0,0,0,0,0,0,0
2017-12-08,0,0,0,0,0,0,0,0,0,0,0,0,0,0,0,0,0,0,0
2017-12-11,0,0,0,0,0,0,0,0,0,0,0,0,0,0,0,0,0,0,0
2017-12-12,0,0,0,0,0,0,0,0,0,0,0,0,0,0,0,0,0,0,0
2017-12-13,0,0,0,0,0,0,0,0,0,0,0,0,0,0,0,0,0,0,0
2017-12-14,0,0,0,0,0,0,0,0,0,0,0,0,0,0,0,0,0,0,0
2017-12-15,0,0,0,0,0,0,0,0,0,0,0,0,0,0,0,0,0,0,0
2017-12-18,0,0,0,0,0,0,0,0,0,0,0,0,0,0,0,0,0,0,0
2017-12-19,0,0,0,0,0,0,0,0,0,0,0,0,0,0,0,0,0,0,0
2017-12-20,0,0,0,0,0,0,0,0,0,0,0,0,0,0,0,0,0,0,0
2017-12-21,0,0,0,0,0,0,0,0,0,0,0,0,0,0,0,0,0,0,0
2017-12-22,0,0,0,0,0,0,0,0,0,0,0,0,0,0,0,0,0,0,0
2017-12-26,0,0,0,0,0,0,0,0,0,0,0,0,0,0,0,0,0,0,0
2017-12-27,0,0,0,0,0,0,0,0,0,0,0,0,0,0,0,0,0,0,0
2017-12-28,0,0,0,0,0,0,0,0,0,0,0,0,0,0,0,0,0,0,0
2017-12-29,0,0,0,0,0,0,0,0,0,0,0,0,0,0,0,0,0,0,0
2018-01-02,0,0,0,0,0,0,0,0,0,0,0,0,0,0,0,0,0,0,0
2018-01-03,0,0,0,0,0,0,0,0,0,0,0,0,0,0,0,0,0,0,0
2018-01-04,0,0,0,0,0,0,0,0,0,0,0,0,0,0,0,0,0,0,0
2018-01-05,0,0,0,0,0,0,0,0,0,0,0,0,0,0,0,0,0,0,0
2018-01-08,0,0,0,0,0,0,0,0,0,0,0,0,0,0,0,0,0,0,0
2018-01-09,0,0,0,0,0,0,0,0,0,0,0,0,0,0,0,0,0,0,0
2018-01-10,0,0,0,0,0,0,0,0,0,0,0,0,0,0,0,0,0,0,0
2018-01-11,0,0,0,0,0,0,0,0,0,0,0,0,0,0,0,0,0,0,0
2018-01-12,0,0,0,0,0,0,0,0,0,0,0,0,0,0,0,0,0,0,0
2018-01-16,0,0,0,0,0,0,0,0,0,0,0,0,0,0,0,0,0,0,0
2018-01-17,0,0,0,0,0,0,0,0,0,0,0,0,0,0,0,0,0,0,0
2018-01-18,0,0,0,0,0,0,0,0,0,0,0,0,0,0,0,0,0,0,0
2018-01-19,0,0,0,0,0,0,0,0,0,0,0,0,0,0,0,0,0,0,0
2018-01-22,0,0,0,0,0,0,0,0,0,0,0,0,0,0,0,0,0,0,0
2018-01-23,0,0,0,0,0,0,0,0,0,0,0,0,0,0,0,0,0,0,0
2018-01-24,0,0,0,0,0,0,0,0,0,0,0,0,0,0,0,0,0,0,0
2018-01-25,0,0,0,0,0,0,0,0,0,0,0,0,0,0,0,0,0,0,0
2018-01-26,0,0,0,0,0,0,0,0,0,0,0,0,0,0,0,0,0,0,0
2018-01-29,0,0,0,0,0,0,0,0,0,0,0,0,0,0,0,0,0,0,0
2018-01-30,0,0,0,0,0,0,0,0,0,0,0,0,0,0,0,0,0,0,0
2018-01-31,0,0,0,0,0,0,0,0,0,0,0,0,0,0,0,0,0,0,0
2018-02-01,0,0,0,0,0,0,0,0,0,0,0,0,0,0,0,0,0,0,0
2018-02-02,0,0,0,0,0,0,0,0,0,0,0,0,0,0,0,0,0,0,0
2018-02-05,0,0,0,0,0,0,0,0,0,0,0,0,0,0,0,0,0,0,0
2018-02-06,0,0,0,0,0,0,0,0,0,0,0,0,0,0,0,0,0,0,0
2018-02-07,0,0,0,0,0,0,0,0,0,0,0,0,0,0,0,0,0,0,0
2018-02-08,0,0,0,0,0,0,0,0,0,0,0,0,0,0,0,0,0,0,0
2018-02-09,0,0,0,0,0,0,0,0,0,0,0,0,0,0,0,0,0,0,0
2018-02-12,0,0,0,0,0,0,0,0,0,0,0,0,0,0,0,0,0,0,0
2018-02-13,0,0,0,0,0,0,0,0,0,0,0,0,0,0,0,0,0,0,0
2018-02-14,0,0,0,0,0,0,0,0,0,0,0,0,0,0,0,0,0,0,0
2018-02-15,0,0,0,0,0,0,0,0,0,0,0,0,0,0,0,0,0,0,0
2018-02-16,0,0,0,0,0,0,0,0,0,0,0,0,0,0,0,0,0,0,0
2018-02-20,0,0,0,0,0,0,0,0,0,0,0,0,0,0,0,0,0,0,0
2018-02-21,0,0,0,0,0,0,0,0,0,0,0,0,0,0,0,0,0,0,0
2018-02-22,0,0,0,0,0,0,0,0,0,0,0,0,0,0,0,0,0,0,0
2018-02-23,0,0,0,0,0,0,0,0,0,0,0,0,0,0,0,0,0,0,0
2018-02-26,0,0,0,0,0,0,0,0,0,0,0,0,0,0,0,0,0,0,0
2018-02-27,0,0,0,0,0,0,0,0,0,0,0,0,0,0,0,0,0,0,0
2018-02-28,0,0,0,0,0,0,0,0,0,0,0,0,0,0,0,0,0,0,0
2018-03-01,0,0,0,0,0,0,0,0,0,0,0,0,0,0,0,0,0,0,0
2018-03-02,0,0,0,0,0,0,0,0,0,0,0,0,0,0,0,0,0,0,0
2018-03-05,0,0,0,0,0,0,0,0,0,0,0,0,0,0,0,0,0,0,0
2018-03-06,0,0,0,0,0,0,0,0,0,0,0,0,0,0,0,0,0,0,0
2018-03-07,0,0,0,0,0,0,0,0,0,0,0,0,0,0,0,0,0,0,0
2018-03-08,0,0,0,0,0,0,0,0,0,0,0,0,0,0,0,0,0,0,0
2018-03-09,0,0,0,0,0,0,0,0,0,0,0,0,0,0,0,0,0,0,0
2018-03-12,0,0,0,0,0,0,0,0,0,0,0,0,0,0,0,0,0,0,0
2018-03-13,0,0,0,0,0,0,0,0,0,0,0,0,0,0,0,0,0,0,0
2018-03-14,0,0,0,0,0,0,0,0,0,0,0,0,0,0,0,0,0,0,0
2018-03-15,0,0,0,0,0,0,0,0,0,0,0,0,0,0,0,0,0,0,0
2018-03-16,0,0,0,0,0,0,0,0,0,0,0,0,0,0,0,0,0,0,0
2018-03-19,0,0,0,0,0,0,0,0,0,0,0,0,0,0,0,0,0,0,0
2018-03-20,0,0,0,0,0,0,0,0,0,0,0,0,0,0,0,0,0,0,0
2018-03-21,0,0,0,0,0,0,0,0,0,0,0,0,0,0,0,0,0,0,0
2018-03-22,0,0,0,0,0,0,0,0,0,0,0,0,0,0,0,0,0,0,0
2018-03-23,0,0,0,0,0,0,0,0,0,0,0,0,0,0,0,0,0,0,0
2018-03-26,0,0,0,0,0,0,0,0,0,0,0,0,0,0,0,0,0,0,0
2018-03-27,0,0,0,0,0,0,0,0,0,0,0,0,0,0,0,0,0,0,0
2018-03-28,0,0,0,0,0,0,0,0,0,0,0,0,0,0,0,0,0,0,0
2018-03-29,0,0,0,0,0,0,0,0,0,0,0,0,0,0,0,0,0,0,0
2018-04-02,0,0,0,0,0,0,0,0,0,0,0,0,0,0,0,0,0,0,0
2018-04-03,0,0,0,0,0,0,0,0,0,0,0,0,0,0,0,0,0,0,0
2018-04-04,0,0,0,0,0,0,0,0,0,0,0,0,0,0,0,0,0,0,0
2018-04-05,0,0,0,0,0,0,0,0,0,0,0,0,0,0,0,0,0,0,0
2018-04-06,0,0,0,0,0,0,0,0,0,0,0,0,0,0,0,0,0,0,0
2018-04-09,0,0,0,0,0,0,0,0,0,0,0,0,0,0,0,0,0,0,0
2018-04-10,0,0,0,0,0,0,0,0,0,0,0,0,0,0,0,0,0,0,0
2018-04-11,0,0,0,0,0,0,0,0,0,0,0,0,0,0,0,0,0,0,0
2018-04-12,0,0,0,0,0,0,0,0,0,0,0,0,0,0,0,0,0,0,0
2018-04-13,0,0,0,0,0,0,0,0,0,0,0,0,0,0,0,0,0,0,0
2018-04-16,0,0,0,0,0,0,0,0,0,0,0,0,0,0,0,0,0,0,0
2018-04-17,0,0,0,0,0,0,0,0,0,0,0,0,0,0,0,0,0,0,0
2018-04-18,0,0,0,0,0,0,0,0,0,0,0,0,0,0,0,0,0,0,0
2018-04-19,0,0,0,0,0,0,0,0,0,0,0,0,0,0,0,0,0,0,0
2018-04-20,0,0,0,0,0,0,0,0,0,0,0,0,0,0,0,0,0,0,0
2018-04-23,0,0,0,0,0,0,0,0,0,0,0,0,0,0,0,0,0,0,0
2018-04-24,0,0,0,0,0,0,0,0,0,0,0,0,0,0,0,0,0,0,0
2018-04-25,0,0,0,0,0,0,0,0,0,0,0,0,0,0,0,0,0,0,0
2018-04-26,0,0,0,0,0,0,0,0,0,0,0,0,0,0,0,0,0,0,0
2018-04-27,0,0,0,0,0,0,0,0,0,0,0,0,0,0,0,0,0,0,0
2018-04-30,0,0,0,0,0,0,0,0,0,0,0,0,0,0,0,0,0,0,0
2018-05-01,0,0,0,0,0,0,0,0,0,0,0,0,0,0,0,0,0,0,0
2018-05-02,0,0,0,0,0,0,0,0,0,0,0,0,0,0,0,0,0,0,0
2018-05-03,0,0,0,0,0,0,0,0,0,0,0,0,0,0,0,0,0,0,0
2018-05-04,0,0,0,0,0,0,0,0,0,0,0,0,0,0,0,0,0,0,0
2018-05-07,0,0,0,0,0,0,0,0,0,0,0,0,0,0,0,0,0,0,0
2018-05-08,0,0,0,0,0,0,0,0,0,0,0,0,0,0,0,0,0,0,0
2018-05-09,0,0,0,0,0,0,0,0,0,0,0,0,0,0,0,0,0,0,0
2018-05-10,0,0,0,0,0,0,0,0,0,0,0,0,0,0,0,0,0,0,0
2018-05-11,0,0,0,0,0,0,0,0,0,0,0,0,0,0,0,0,0,0,0
2018-05-14,0,0,0,0,0,0,0,0,0,0,0,0,0,0,0,0,0,0,0
2018-05-15,0,0,0,0,0,0,0,0,0,0,0,0,0,0,0,0,0,0,0
2018-05-16,0,0,0,0,0,0,0,0,0,0,0,0,0,0,0,0,0,0,0
2018-05-17,0,0,0,0,0,0,0,0,0,0,0,0,0,0,0,0,0,0,0
2018-05-18,0,0,0,0,0,0,0,0,0,0,0,0,0,0,0,0,0,0,0
2018-05-21,0,0,0,0,0,0,0,0,0,0,0,0,0,0,0,0,0,0,0
2018-05-22,0,0,0,0,0,0,0,0,0,0,0,0,0,0,0,0,0,0,0
2018-05-23,0,0,0,0,0,0,0,0,0,0,0,0,0,0,0,0,0,0,0
2018-05-24,0,0,0,0,0,0,0,0,0,0,0,0,0,0,0,0,0,0,0
2018-05-25,0,0,0,0,0,0,0,0,0,0,0,0,0,0,0,0,0,0,0
2018-05-29,0,0,0,0,0,0,0,0,0,0,0,0,0,0,0,0,0,0,0
2018-05-30,0,0,0,0,0,0,0,0,0,0,0,0,0,0,0,0,0,0,0
2018-05-31,0,0,0,0,0,0,0,0,0,0,0,0,0,0,0,0,0,0,0
2018-06-01,0,0,0,0,0,0,0,0,0,0,0,0,0,0,0,0,0,0,0
2018-06-04,0,0,0,0,0,0,0,0,0,0,0,0,0,0,0,0,0,0,0
2018-06-05,0,0,0,0,0,0,0,0,0,0,0,0,0,0,0,0,0,0,0
2018-06-06,0,0,0,0,0,0,0,0,0,0,0,0,0,0,0,0,0,0,0
2018-06-07,0,0,0,0,0,0,0,0,0,0,0,0,0,0,0,0,0,0,0
2018-06-08,0,0,0,0,0,0,0,0,0,0,0,0,0,0,0,0,0,0,0
2018-06-11,0,0,0,0,0,0,0,0,0,0,0,0,0,0,0,0,0,0,0
2018-06-12,0,0,0,0,0,0,0,0,0,0,0,0,0,0,0,0,0,0,0
2018-06-13,0,0,0,0,0,0,0,0,0,0,0,0,0,0,0,0,0,0,0
2018-06-14,0,0,0,0,0,0,0,0,0,0,0,0,0,0,0,0,0,0,0
2018-06-15,0,0,0,0,0,0,0,0,0,0,0,0,0,0,0,0,0,0,0
2018-06-18,0,0,0,0,0,0,0,0,0,0,0,0,0,0,0,0,0,0,0
2018-06-19,0,0,0,0,0,0,0,0,0,0,0,0,0,0,0,0,0,0,0
2018-06-20,0,0,0,0,0,0,0,0,0,0,0,0,0,0,0,0,0,0,0
2018-06-21,0,0,0,0,0,0,0,0,0,0,0,0,0,0,0,0,0,0,0
2018-06-22,0,0,0,0,0,0,0,0,0,0,0,0,0,0,0,0,0,0,0
2018-06-25,0,0,0,0,0,0,0,0,0,0,0,0,0,0,0,0,0,0,0
2018-06-26,0,0,0,0,0,0,0,0,0,0,0,0,0,0,0,0,0,0,0
2018-06-27,0,0,0,0,0,0,0,0,0,0,0,0,0,0,0,0,0,0,0
2018-06-28,0,0,0,0,0,0,0,0,0,0,0,0,0,0,0,0,0,0,0
2018-06-29,0,0,0,0,0,0,0,0,0,0,0,0,0,0,0,0,0,0,0
2018-07-02,0,0,0,0,0,0,0,0,0,0,0,0,0,0,0,0,0,0,0
2018-07-03,0,0,0,0,0,0,0,0,0,0,0,0,0,0,0,0,0,0,0
2018-07-05,0,0,0,0,0,0,0,0,0,0,0,0,0,0,0,0,0,0,0
2018-07-06,0,0,0,0,0,0,0,0,0,0,0,0,0,0,0,0,0,0,0
2018-07-09,0,0,0,0,0,0,0,0,0,0,0,0,0,0,0,0,0,0,0
2018-07-10,0,0,0,0,0,0,0,0,0,0,0,0,0,0,0,0,0,0,0
2018-07-11,0,0,0,0,0,0,0,0,0,0,0,0,0,0,0,0,0,0,0
2018-07-12,0,0,0,0,0,0,0,0,0,0,0,0,0,0,0,0,0,0,0
2018-07-13,0,0,0,0,0,0,0,0,0,0,0,0,0,0,0,0,0,0,0
2018-07-16,0,0,0,0,0,0,0,0,0,0,0,0,0,0,0,0,0,0,0
2018-07-17,0,0,0,0,0,0,0,0,0,0,0,0,0,0,0,0,0,0,0
2018-07-18,0,0,0,0,0,0,0,0,0,0,0,0,0,0,0,0,0,0,0
2018-07-19,0,0,0,0,0,0,0,0,0,0,0,0,0,0,0,0,0,0,0
2018-07-20,0,0,0,0,0,0,0,0,0,0,0,0,0,0,0,0,0,0,0
2018-07-23,0,0,0,0,0,0,0,0,0,0,0,0,0,0,0,0,0,0,0
2018-07-24,0,0,0,0,0,0,0,0,0,0,0,0,0,0,0,0,0,0,0
2018-07-25,0,0,0,0,0,0,0,0,0,0,0,0,0,0,0,0,0,0,0
2018-07-26,0,0,0,0,0,0,0,0,0,0,0,0,0,0,0,0,0,0,0
2018-07-27,0,0,0,0,0,0,0,0,0,0,0,0,0,0,0,0,0,0,0
2018-07-30,0,0,0,0,0,0,0,0,0,0,0,0,0,0,0,0,0,0,0
2018-07-31,0,0,0,0,0,0,0,0,0,0,0,0,0,0,0,0,0,0,0
2018-08-01,0,0,0,0,0,0,0,0,0,0,0,0,0,0,0,0,0,0,0
2018-08-02,0,0,0,0,0,0,0,0,0,0,0,0,0,0,0,0,0,0,0
2018-08-03,0,0,0,0,0,0,0,0,0,0,0,0,0,0,0,0,0,0,0
2018-08-06,0,0,0,0,0,0,0,0,0,0,0,0,0,0,0,0,0,0,0
2018-08-07,0,0,0,0,0,0,0,0,0,0,0,0,0,0,0,0,0,0,0
2018-08-08,0,0,0,0,0,0,0,0,0,0,0,0,0,0,0,0,0,0,0
2018-08-09,0,0,0,0,0,0,0,0,0,0,0,0,0,0,0,0,0,0,0
2018-08-10,0,0,0,0,0,0,0,0,0,0,0,0,0,0,0,0,0,0,0
2018-08-13,0,0,0,0,0,0,0,0,0,0,0,0,0,0,0,0,0,0,0
2018-08-14,0,0,0,0,0,0,0,0,0,0,0,0,0,0,0,0,0,0,0
2018-08-15,0,0,0,0,0,0,0,0,0,0,0,0,0,0,0,0,0,0,0
2018-08-16,0,0,0,0,0,0,0,0,0,0,0,0,0,0,0,0,0,0,0
2018-08-17,0,0,0,0,0,0,0,0,0,0,0,0,0,0,0,0,0,0,0
2018-08-20,0,0,0,0,0,0,0,0,0,0,0,0,0,0,0,0,0,0,0
2018-08-21,0,0,0,0,0,0,0,0,0,0,0,0,0,0,0,0,0,0,0
2018-08-22,0,0,0,0,0,0,0,0,0,0,0,0,0,0,0,0,0,0,0
2018-08-23,0,0,0,0,0,0,0,0,0,0,0,0,0,0,0,0,0,0,0
2018-08-24,0,0,0,0,0,0,0,0,0,0,0,0,0,0,0,0,0,0,0
2018-08-27,0,0,0,0,0,0,0,0,0,0,0,0,0,0,0,0,0,0,0
2018-08-28,0,0,0,0,0,0,0,0,0,0,0,0,0,0,0,0,0,0,0
2018-08-29,0,0,0,0,0,0,0,0,0,0,0,0,0,0,0,0,0,0,0
2018-08-30,0,0,0,0,0,0,0,0,0,0,0,0,0,0,0,0,0,0,0
2018-08-31,0,0,0,0,0,0,0,0,0,0,0,0,0,0,0,0,0,0,0
2018-09-04,0,0,0,0,0,0,0,0,0,0,0,0,0,0,0,0,0,0,0
2018-09-05,0,0,0,0,0,0,0,0,0,0,0,0,0,0,0,0,0,0,0
2018-09-06,0,0,0,0,0,0,0,0,0,0,0,0,0,0,0,0,0,0,0
2018-09-07,0,0,0,0,0,0,0,0,0,0,0,0,0,0,0,0,0,0,0
2018-09-10,0,0,0,0,0,0,0,0,0,0,0,0,0,0,0,0,0,0,0
2018-09-11,0,0,0,0,0,0,0,0,0,0,0,0,0,0,0,0,0,0,0
2018-09-12,0,0,0,0,0,0,0,0,0,0,0,0,0,0,0,0,0,0,0
2018-09-13,0,0,0,0,0,0,0,0,0,0,0,0,0,0,0,0,0,0,0
2018-09-14,0,0,0,0,0,0,0,0,0,0,0,0,0,0,0,0,0,0,0
2018-09-17,0,0,0,0,0,0,0,0,0,0,0,0,0,0,0,0,0,0,0
2018-09-18,0,0,0,0,0,0,0,0,0,0,0,0,0,0,0,0,0,0,0
2018-09-19,0,0,0,0,0,0,0,0,0,0,0,0,0,0,0,0,0,0,0
2018-09-20,0,0,0,0,0,0,0,0,0,0,0,0,0,0,0,0,0,0,0
2018-09-21,0,0,0,0,0,0,0,0,0,0,0,0,0,0,0,0,0,0,0
2018-09-24,0,0,0,0,0,0,0,0,0,0,0,0,0,0,0,0,0,0,0
2018-09-25,0,0,0,0,0,0,0,0,0,0,0,0,0,0,0,0,0,0,0
2018-09-26,0,0,0,0,0,0,0,0,0,0,0,0,0,0,0,0,0,0,0
2018-09-27,0,0,0,0,0,0,0,0,0,0,0,0,0,0,0,0,0,0,0
2018-09-28,0,0,0,0,0,0,0,0,0,0,0,0,0,0,0,0,0,0,0
2018-10-01,0,0,0,0,0,0,0,0,0,0,0,0,0,0,0,0,0,0,0
2018-10-02,0,0,0,0,0,0,0,0,0,0,0,0,0,0,0,0,0,0,0
2018-10-03,0,0,0,0,0,0,0,0,0,0,0,0,0,0,0,0,0,0,0
2018-10-04,0,0,0,0,0,0,0,0,0,0,0,0,0,0,0,0,0,0,0
2018-10-05,0,0,0,0,0,0,0,0,0,0,0,0,0,0,0,0,0,0,0
2018-10-08,0,0,0,0,0,0,0,0,0,0,0,0,0,0,0,0,0,0,0
2018-10-09,0,0,0,0,0,0,0,0,0,0,0,0,0,0,0,0,0,0,0
2018-10-10,0,0,0,0,0,0,0,0,0,0,0,0,0,0,0,0,0,0,0
2018-10-11,0,0,0,0,0,0,0,0,0,0,0,0,0,0,0,0,0,0,0
2018-10-12,0,0,0,0,0,0,0,0,0,0,0,0,0,0,0,0,0,0,0
2018-10-15,0,0,0,0,0,0,0,0,0,0,0,0,0,0,0,0,0,0,0
2018-10-16,0,0,0,0,0,0,0,0,0,0,0,0,0,0,0,0,0,0,0
2018-10-17,0,0,0,0,0,0,0,0,0,0,0,0,0,0,0,0,0,0,0
2018-10-18,0,0,0,0,0,0,0,0,0,0,0,0,0,0,0,0,0,0,0
2018-10-19,0,0,0,0,0,0,0,0,0,0,0,0,0,0,0,0,0,0,0
2018-10-22,0,0,0,0,0,0,0,0,0,0,0,0,0,0,0,0,0,0,0
2018-10-23,0,0,0,0,0,0,0,0,0,0,0,0,0,0,0,0,0,0,0
2018-10-24,0,0,0,0,0,0,0,0,0,0,0,0,0,0,0,0,0,0,0
2018-10-25,0,0,0,0,0,0,0,0,0,0,0,0,0,0,0,0,0,0,0
2018-10-26,0,0,0,0,0,0,0,0,0,0,0,0,0,0,0,0,0,0,0
2018-10-29,0,0,0,0,0,0,0,0,0,0,0,0,0,0,0,0,0,0,0
2018-10-30,0,0,0,0,0,0,0,0,0,0,0,0,0,0,0,0,0,0,0
2018-10-31,0,0,0,0,0,0,0,0,0,0,0,0,0,0,0,0,0,0,0
2018-11-01,0,0,0,0,0,0,0,0,0,0,0,0,0,0,0,0,0,0,0
2018-11-02,0,0,0,0,0,0,0,0,0,0,0,0,0,0,0,0,0,0,0
2018-11-05,0,0,0,0,0,0,0,0,0,0,0,0,0,0,0,0,0,0,0
2018-11-06,0,0,0,0,0,0,0,0,0,0,0,0,0,0,0,0,0,0,0
2018-11-07,0,0,0,0,0,0,0,0,0,0,0,0,0,0,0,0,0,0,0
2018-11-08,0,0,0,0,0,0,0,0,0,0,0,0,0,0,0,0,0,0,0
2018-11-09,0,0,0,0,0,0,0,0,0,0,0,0,0,0,0,0,0,0,0
2018-11-12,0,0,0,0,0,0,0,0,0,0,0,0,0,0,0,0,0,0,0
2018-11-13,0,0,0,0,0,0,0,0,0,0,0,0,0,0,0,0,0,0,0
2018-11-14,0,0,0,0,0,0,0,0,0,0,0,0,0,0,0,0,0,0,0
2018-11-15,0,0,0,0,0,0,0,0,0,0,0,0,0,0,0,0,0,0,0
2018-11-16,0,0,0,0,0,0,0,0,0,0,0,0,0,0,0,0,0,0,0
2018-11-19,0,0,0,0,0,0,0,0,0,0,0,0,0,0,0,0,0,0,0
2018-11-20,0,0,0,0,0,0,0,0,0,0,0,0,0,0,0,0,0,0,0
2018-11-21,0,0,0,0,0,0,0,0,0,0,0,0,0,0,0,0,0,0,0
2018-11-23,0,0,0,0,0,0,0,0,0,0,0,0,0,0,0,0,0,0,0
2018-11-26,0,0,0,0,0,0,0,0,0,0,0,0,0,0,0,0,0,0,0
2018-11-27,0,0,0,0,0,0,0,0,0,0,0,0,0,0,0,0,0,0,0
2018-11-28,0,0,0,0,0,0,0,0,0,0,0,0,0,0,0,0,0,0,0
2018-11-29,0,0,0,0,0,0,0,0,0,0,0,0,0,0,0,0,0,0,0
2018-11-30,0,0,0,0,0,0,0,0,0,0,0,0,0,0,0,0,0,0,0
2018-12-03,0,0,0,0,0,0,0,0,0,0,0,0,0,0,0,0,0,0,0
2018-12-04,0,0,0,0,0,0,0,0,0,0,0,0,0,0,0,0,0,0,0
2018-12-06,0,0,0,0,0,0,0,0,0,0,0,0,0,0,0,0,0,0,0
2018-12-07,0,0,0,0,0,0,0,0,0,0,0,0,0,0,0,0,0,0,0
2018-12-10,0,0,0,0,0,0,0,0,0,0,0,0,0,0,0,0,0,0,0
2018-12-11,0,0,0,0,0,0,0,0,0,0,0,0,0,0,0,0,0,0,0
2018-12-12,0,0,0,0,0,0,0,0,0,0,0,0,0,0,0,0,0,0,0
2018-12-13,0,0,0,0,0,0,0,0,0,0,0,0,0,0,0,0,0,0,0
2018-12-14,0,0,0,0,0,0,0,0,0,0,0,0,0,0,0,0,0,0,0
2018-12-17,0,0,0,0,0,0,0,0,0,0,0,0,0,0,0,0,0,0,0
2018-12-18,0,0,0,0,0,0,0,0,0,0,0,0,0,0,0,0,0,0,0
2018-12-19,0,0,0,0,0,0,0,0,0,0,0,0,0,0,0,0,0,0,0
2018-12-20,0,0,0,0,0,0,0,0,0,0,0,0,0,0,0,0,0,0,0
2018-12-21,0,0,0,0,0,0,0,0,0,0,0,0,0,0,0,0,0,0,0
2018-12-24,0,0,0,0,0,0,0,0,0,0,0,0,0,0,0,0,0,0,0
2018-12-26,0,0,0,0,0,0,0,0,0,0,0,0,0,0,0,0,0,0,0
2018-12-27,0,0,0,0,0,0,0,0,0,0,0,0,0,0,0,0,0,0,0
2018-12-28,0,0,0,0,0,0,0,0,0,0,0,0,0,0,0,0,0,0,0
2018-12-31,0,0,0,0,0,0,0,0,0,0,0,0,0,0,0,0,0,0,0
2019-01-02,0,0,0,0,0,0,0,0,0,0,0,0,0,0,0,0,0,0,0
2019-01-03,0,0,0,0,0,0,0,0,0,0,0,0,0,0,0,0,0,0,0
2019-01-04,0,0,0,0,0,0,0,0,0,0,0,0,0,0,0,0,0,0,0
2019-01-07,0,0,0,0,0,0,0,0,0,0,0,0,0,0,0,0,0,0,0
2019-01-08,0,0,0,0,0,0,0,0,0,0,0,0,0,0,0,0,0,0,0
2019-01-09,0,0,0,0,0,0,0,0,0,0,0,0,0,0,0,0,0,0,0
2019-01-10,0,0,0,0,0,0,0,0,0,0,0,0,0,0,0,0,0,0,0
2019-01-11,0,0,0,0,0,0,0,0,0,0,0,0,0,0,0,0,0,0,0
2019-01-14,0,0,0,0,0,0,0,0,0,0,0,0,0,0,0,0,0,0,0
2019-01-15,0,0,0,0,0,0,0,0,0,0,0,0,0,0,0,0,0,0,0
2019-01-16,0,0,0,0,0,0,0,0,0,0,0,0,0,0,0,0,0,0,0
2019-01-17,0,0,0,0,0,0,0,0,0,0,0,0,0,0,0,0,0,0,0
2019-01-18,0,0,0,0,0,0,0,0,0,0,0,0,0,0,0,0,0,0,0
2019-01-22,0,0,0,0,0,0,0,0,0,0,0,0,0,0,0,0,0,0,0
2019-01-23,0,0,0,0,0,0,0,0,0,0,0,0,0,0,0,0,0,0,0
2019-01-24,0,0,0,0,0,0,0,0,0,0,0,0,0,0,0,0,0,0,0
2019-01-25,0,0,0,0,0,0,0,0,0,0,0,0,0,0,0,0,0,0,0
2019-01-28,0,0,0,0,0,0,0,0,0,0,0,0,0,0,0,0,0,0,0
2019-01-29,0,0,0,0,0,0,0,0,0,0,0,0,0,0,0,0,0,0,0
2019-01-30,0,0,0,0,0,0,0,0,0,0,0,0,0,0,0,0,0,0,0
2019-01-31,0,0,0,0,0,0,0,0,0,0,0,0,0,0,0,0,0,0,0
2019-02-01,0,0,0,0,0,0,0,0,0,0,0,0,0,0,0,0,0,0,0
2019-02-04,0,0,0,0,0,0,0,0,0,0,0,0,0,0,0,0,0,0,0
2019-02-05,0,0,0,0,0,0,0,0,0,0,0,0,0,0,0,0,0,0,0
2019-02-06,0,0,0,0,0,0,0,0,0,0,0,0,0,0,0,0,0,0,0
2019-02-07,0,0,0,0,0,0,0,0,0,0,0,0,0,0,0,0,0,0,0
2019-02-08,0,0,0,0,0,0,0,0,0,0,0,0,0,0,0,0,0,0,0
2019-02-11,0,0,0,0,0,0,0,0,0,0,0,0,0,0,0,0,0,0,0
2019-02-12,0,0,0,0,0,0,0,0,0,0,0,0,0,0,0,0,0,0,0
2019-02-13,0,0,0,0,0,0,0,0,0,0,0,0,0,0,0,0,0,0,0
2019-02-14,0,0,0,0,0,0,0,0,0,0,0,0,0,0,0,0,0,0,0
2019-02-15,0,0,0,0,0,0,0,0,0,0,0,0,0,0,0,0,0,0,0
2019-02-19,0,0,0,0,0,0,0,0,0,0,0,0,0,0,0,0,0,0,0
2019-02-20,0,0,0,0,0,0,0,0,0,0,0,0,0,0,0,0,0,0,0
2019-02-21,0,0,0,0,0,0,0,0,0,0,0,0,0,0,0,0,0,0,0
2019-02-22,0,0,0,0,0,0,0,0,0,0,0,0,0,0,0,0,0,0,0
2019-02-25,0,0,0,0,0,0,0,0,0,0,0,0,0,0,0,0,0,0,0
2019-02-26,0,0,0,0,0,0,0,0,0,0,0,0,0,0,0,0,0,0,0
2019-02-27,0,0,0,0,0,0,0,0,0,0,0,0,0,0,0,0,0,0,0
2019-02-28,0,0,0,0,0,0,0,0,0,0,0,0,0,0,0,0,0,0,0
2019-03-01,0,0,0,0,0,0,0,0,0,0,0,0,0,0,0,0,0,0,0
2019-03-04,0,0,0,0,0,0,0,0,0,0,0,0,0,0,0,0,0,0,0
2019-03-05,0,0,0,0,0,0,0,0,0,0,0,0,0,0,0,0,0,0,0
2019-03-06,0,0,0,0,0,0,0,0,0,0,0,0,0,0,0,0,0,0,0
2019-03-07,0,0,0,0,0,0,0,0,0,0,0,0,0,0,0,0,0,0,0
2019-03-08,0,0,0,0,0,0,0,0,0,0,0,0,0,0,0,0,0,0,0
2019-03-11,0,0,0,0,0,0,0,0,0,0,0,0,0,0,0,0,0,0,0
2019-03-12,0,0,0,0,0,0,0,0,0,0,0,0,0,0,0,0,0,0,0
2019-03-13,0,0,0,0,0,0,0,0,0,0,0,0,0,0,0,0,0,0,0
2019-03-14,0,0,0,0,0,0,0,0,0,0,0,0,0,0,0,0,0,0,0
2019-03-15,0,0,0,0,0,0,0,0,0,0,0,0,0,0,0,0,0,0,0
2019-03-18,0,0,0,0,0,0,0,0,0,0,0,0,0,0,0,0,0,0,0
2019-03-19,0,0,0,0,0,0,0,0,0,0,0,0,0,0,0,0,0,0,0
2019-03-20,0,0,0,0,0,0,0,0,0,0,0,0,0,0,0,0,0,0,0
2019-03-21,0,0,0,0,0,0,0,0,0,0,0,0,0,0,0,0,0,0,0
2019-03-22,0,0,0,0,0,0,0,0,0,0,0,0,0,0,0,0,0,0,0
2019-03-25,0,0,0,0,0,0,0,0,0,0,0,0,0,0,0,0,0,0,0
2019-03-26,0,0,0,0,0,0,0,0,0,0,0,0,0,0,0,0,0,0,0
2019-03-27,0,0,0,0,0,0,0,0,0,0,0,0,0,0,0,0,0,0,0
2019-03-28,0,0,0,0,0,0,0,0,0,0,0,0,0,0,0,0,0,0,0
2019-03-29,0,0,0,0,0,0,0,0,0,0,0,0,0,0,0,0,0,0,0
2019-04-01,0,0,0,0,0,0,0,0,0,0,0,0,0,0,0,0,0,0,0
2019-04-02,0,0,0,0,0,0,0,0,0,0,0,0,0,0,0,0,0,0,0
2019-04-03,0,0,0,0,0,0,0,0,0,0,0,0,0,0,0,0,0,0,0
2019-04-04,0,0,0,0,0,0,0,0,0,0,0,0,0,0,0,0,0,0,0
2019-04-05,0,0,0,0,0,0,0,0,0,0,0,0,0,0,0,0,0,0,0
2019-04-08,0,0,0,0,0,0,0,0,0,0,0,0,0,0,0,0,0,0,0
2019-04-09,0,0,0,0,0,0,0,0,0,0,0,0,0,0,0,0,0,0,0
2019-04-10,0,0,0,0,0,0,0,0,0,0,0,0,0,0,0,0,0,0,0
2019-04-11,0,0,0,0,0,0,0,0,0,0,0,0,0,0,0,0,0,0,0
2019-04-12,0,0,0,0,0,0,0,0,0,0,0,0,0,0,0,0,0,0,0
2019-04-15,0,0,0,0,0,0,0,0,0,0,0,0,0,0,0,0,0,0,0
2019-04-16,0,0,0,0,0,0,0,0,0,0,0,0,0,0,0,0,0,0,0
2019-04-17,0,0,0,0,0,0,0,0,0,0,0,0,0,0,0,0,0,0,0
2019-04-18,0,0,0,0,0,0,0,0,0,0,0,0,0,0,0,0,0,0,0
2019-04-22,0,0,0,0,0,0,0,0,0,0,0,0,0,0,0,0,0,0,0
2019-04-23,0,0,0,0,0,0,0,0,0,0,0,0,0,0,0,0,0,0,0
2019-04-24,0,0,0,0,0,0,0,0,0,0,0,0,0,0,0,0,0,0,0
2019-04-25,0,0,0,0,0,0,0,0,0,0,0,0,0,0,0,0,0,0,0
2019-04-26,0,0,0,0,0,0,0,0,0,0,0,0,0,0,0,0,0,0,0
2019-04-29,0,0,0,0,0,0,0,0,0,0,0,0,0,0,0,0,0,0,0
2019-04-30,0,0,0,0,0,0,0,0,0,0,0,0,0,0,0,0,0,0,0
2019-05-01,0,0,0,0,0,0,0,0,0,0,0,0,0,0,0,0,0,0,0
2019-05-02,0,0,0,0,0,0,0,0,0,0,0,0,0,0,0,0,0,0,0
2019-05-03,0,0,0,0,0,0,0,0,0,0,0,0,0,0,0,0,0,0,0
2019-05-06,0,0,0,0,0,0,0,0,0,0,0,0,0,0,0,0,0,0,0
2019-05-07,0,0,0,0,0,0,0,0,0,0,0,0,0,0,0,0,0,0,0
2019-05-08,0,0,0,0,0,0,0,0,0,0,0,0,0,0,0,0,0,0,0
2019-05-09,0,0,0,0,0,0,0,0,0,0,0,0,0,0,0,0,0,0,0
2019-05-10,0,0,0,0,0,0,0,0,0,0,0,0,0,0,0,0,0,0,0
2019-05-13,0,0,0,0,0,0,0,0,0,0,0,0,0,0,0,0,0,0,0
2019-05-14,0,0,0,0,0,0,0,0,0,0,0,0,0,0,0,0,0,0,0
2019-05-15,0,0,0,0,0,0,0,0,0,0,0,0,0,0,0,0,0,0,0
2019-05-16,0,0,0,0,0,0,0,0,0,0,0,0,0,0,0,0,0,0,0
2019-05-17,0,0,0,0,0,0,0,0,0,0,0,0,0,0,0,0,0,0,0
2019-05-20,0,0,0,0,0,0,0,0,0,0,0,0,0,0,0,0,0,0,0
2019-05-21,0,0,0,0,0,0,0,0,0,0,0,0,0,0,0,0,0,0,0
2019-05-22,0,0,0,0,0,0,0,0,0,0,0,0,0,0,0,0,0,0,0
2019-05-23,0,0,0,0,0,0,0,0,0,0,0,0,0,0,0,0,0,0,0
2019-05-24,0,0,0,0,0,0,0,0,0,0,0,0,0,0,0,0,0,0,0
2019-05-28,0,0,0,0,0,0,0,0,0,0,0,0,0,0,0,0,0,0,0
2019-05-29,0,0,0,0,0,0,0,0,0,0,0,0,0,0,0,0,0,0,0
2019-05-30,0,0,0,0,0,0,0,0,0,0,0,0,0,0,0,0,0,0,0
2019-05-31,0,0,0,0,0,0,0,0,0,0,0,0,0,0,0,0,0,0,0
2019-06-03,0,0,0,0,0,0,0,0,0,0,0,0,0,0,0,0,0,0,0
2019-06-04,0,0,0,0,0,0,0,0,0,0,0,0,0,0,0,0,0,0,0
2019-06-05,0,0,0,0,0,0,0,0,0,0,0,0,0,0,0,0,0,0,0
2019-06-06,0,0,0,0,0,0,0,0,0,0,0,0,0,0,0,0,0,0,0
2019-06-07,0,0,0,0,0,0,0,0,0,0,0,0,0,0,0,0,0,0,0
2019-06-10,0,0,0,0,0,0,0,0,0,0,0,0,0,0,0,0,0,0,0
2019-06-11,0,0,0,0,0,0,0,0,0,0,0,0,0,0,0,0,0,0,0
2019-06-12,0,0,0,0,0,0,0,0,0,0,0,0,0,0,0,0,0,0,0
2019-06-13,0,0,0,0,0,0,0,0,0,0,0,0,0,0,0,0,0,0,0
2019-06-14,0,0,0,0,0,0,0,0,0,0,0,0,0,0,0,0,0,0,0
2019-06-17,0,0,0,0,0,0,0,0,0,0,0,0,0,0,0,0,0,0,0
2019-06-18,0,0,0,0,0,0,0,0,0,0,0,0,0,0,0,0,0,0,0
2019-06-19,0,0,0,0,0,0,0,0,0,0,0,0,0,0,0,0,0,0,0
2019-06-20,0,0,0,0,0,0,0,0,0,0,0,0,0,0,0,0,0,0,0
2019-06-21,0,0,0,0,0,0,0,0,0,0,0,0,0,0,0,0,0,0,0
2019-06-24,0,0,0,0,0,0,0,0,0,0,0,0,0,0,0,0,0,0,0
2019-06-25,0,0,0,0,0,0,0,0,0,0,0,0,0,0,0,0,0,0,0
2019-06-26,0,0,0,0,0,0,0,0,0,0,0,0,0,0,0,0,0,0,0
2019-06-27,0,0,0,0,0,0,0,0,0,0,0,0,0,0,0,0,0,0,0
2019-06-28,0,0,0,0,0,0,0,0,0,0,0,0,0,0,0,0,0,0,0
2019-07-01,0,0,0,0,0,0,0,0,0,0,0,0,0,0,0,0,0,0,0
2019-07-02,0,0,0,0,0,0,0,0,0,0,0,0,0,0,0,0,0,0,0
2019-07-03,0,0,0,0,0,0,0,0,0,0,0,0,0,0,0,0,0,0,0
2019-07-05,0,0,0,0,0,0,0,0,0,0,0,0,0,0,0,0,0,0,0
2019-07-08,0,0,0,0,0,0,0,0,0,0,0,0,0,0,0,0,0,0,0
2019-07-09,0,0,0,0,0,0,0,0,0,0,0,0,0,0,0,0,0,0,0
2019-07-10,0,0,0,0,0,0,0,0,0,0,0,0,0,0,0,0,0,0,0
2019-07-11,0,0,0,0,0,0,0,0,0,0,0,0,0,0,0,0,0,0,0
2019-07-12,0,0,0,0,0,0,0,0,0,0,0,0,0,0,0,0,0,0,0
2019-07-15,0,0,0,0,0,0,0,0,0,0,0,0,0,0,0,0,0,0,0
2019-07-16,0,0,0,0,0,0,0,0,0,0,0,0,0,0,0,0,0,0,0
2019-07-17,0,0,0,0,0,0,0,0,0,0,0,0,0,0,0,0,0,0,0
2019-07-18,0,0,0,0,0,0,0,0,0,0,0,0,0,0,0,0,0,0,0
2019-07-19,0,0,0,0,0,0,0,0,0,0,0,0,0,0,0,0,0,0,0
2019-07-22,0,0,0,0,0,0,0,0,0,0,0,0,0,0,0,0,0,0,0
2019-07-23,0,0,0,0,0,0,0,0,0,0,0,0,0,0,0,0,0,0,0
2019-07-24,0,0,0,0,0,0,0,0,0,0,0,0,0,0,0,0,0,0,0
2019-07-25,0,0,0,0,0,0,0,0,0,0,0,0,0,0,0,0,0,0,0
2019-07-26,0,0,0,0,0,0,0,0,0,0,0,0,0,0,0,0,0,0,0
2019-07-29,0,0,0,0,0,0,0,0,0,0,0,0,0,0,0,0,0,0,0
2019-07-30,0,0,0,0,0,0,0,0,0,0,0,0,0,0,0,0,0,0,0
2019-07-31,0,0,0,0,0,0,0,0,0,0,0,0,0,0,0,0,0,0,0
2019-08-01,0,0,0,0,0,0,0,0,0,0,0,0,0,0,0,0,0,0,0
2019-08-02,0,0,0,0,0,0,0,0,0,0,0,0,0,0,0,0,0,0,0
2019-08-05,0,0,0,0,0,0,0,0,0,0,0,0,0,0,0,0,0,0,0
2019-08-06,0,0,0,0,0,0,0,0,0,0,0,0,0,0,0,0,0,0,0
2019-08-07,0,0,0,0,0,0,0,0,0,0,0,0,0,0,0,0,0,0,0
2019-08-08,0,0,0,0,0,0,0,0,0,0,0,0,0,0,0,0,0,0,0
2019-08-09,0,0,0,0,0,0,0,0,0,0,0,0,0,0,0,0,0,0,0
2019-08-12,0,0,0,0,0,0,0,0,0,0,0,0,0,0,0,0,0,0,0
2019-08-13,0,0,0,0,0,0,0,0,0,0,0,0,0,0,0,0,0,0,0
2019-08-14,0,0,0,0,0,0,0,0,0,0,0,0,0,0,0,0,0,0,0
2019-08-15,0,0,0,0,0,0,0,0,0,0,0,0,0,0,0,0,0,0,0
2019-08-16,0,0,0,0,0,0,0,0,0,0,0,0,0,0,0,0,0,0,0
2019-08-19,0,0,0,0,0,0,0,0,0,0,0,0,0,0,0,0,0,0,0
2019-08-20,0,0,0,0,0,0,0,0,0,0,0,0,0,0,0,0,0,0,0
2019-08-21,0,0,0,0,0,0,0,0,0,0,0,0,0,0,0,0,0,0,0
2019-08-22,0,0,0,0,0,0,0,0,0,0,0,0,0,0,0,0,0,0,0
2019-08-23,0,0,0,0,0,0,0,0,0,0,0,0,0,0,0,0,0,0,0
2019-08-26,0,0,0,0,0,0,0,0,0,0,0,0,0,0,0,0,0,0,0
2019-08-27,0,0,0,0,0,0,0,0,0,0,0,0,0,0,0,0,0,0,0
2019-08-28,0,0,0,0,0,0,0,0,0,0,0,0,0,0,0,0,0,0,0
2019-08-29,0,0,0,0,0,0,0,0,0,0,0,0,0,0,0,0,0,0,0
2019-08-30,0,0,0,0,0,0,0,0,0,0,0,0,0,0,0,0,0,0,0
2019-09-03,0,0,0,0,0,0,0,0,0,0,0,0,0,0,0,0,0,0,0
2019-09-04,0,0,0,0,0,0,0,0,0,0,0,0,0,0,0,0,0,0,0
2019-09-05,0,0,0,0,0,0,0,0,0,0,0,0,0,0,0,0,0,0,0
2019-09-06,0,0,0,0,0,0,0,0,0,0,0,0,0,0,0,0,0,0,0
2019-09-09,0,0,0,0,0,0,0,0,0,0,0,0,0,0,0,0,0,0,0
2019-09-10,0,0,0,0,0,0,0,0,0,0,0,0,0,0,0,0,0,0,0
2019-09-11,0,0,0,0,0,0,0,0,0,0,0,0,0,0,0,0,0,0,0
2019-09-12,0,0,0,0,0,0,0,0,0,0,0,0,0,0,0,0,0,0,0
2019-09-13,0,0,0,0,0,0,0,0,0,0,0,0,0,0,0,0,0,0,0
2019-09-16,0,0,0,0,0,0,0,0,0,0,0,0,0,0,0,0,0,0,0
2019-09-17,0,0,0,0,0,0,0,0,0,0,0,0,0,0,0,0,0,0,0
2019-09-18,0,0,0,0,0,0,0,0,0,0,0,0,0,0,0,0,0,0,0
2019-09-19,0,0,0,0,0,0,0,0,0,0,0,0,0,0,0,0,0,0,0
2019-09-20,0,0,0,0,0,0,0,0,0,0,0,0,0,0,0,0,0,0,0
2019-09-23,0,0,0,0,0,0,0,0,0,0,0,0,0,0,0,0,0,0,0
2019-09-24,0,0,0,0,0,0,0,0,0,0,0,0,0,0,0,0,0,0,0
2019-09-25,0,0,0,0,0,0,0,0,0,0,0,0,0,0,0,0,0,0,0
2019-09-26,0,0,0,0,0,0,0,0,0,0,0,0,0,0,0,0,0,0,0
2019-09-27,0,0,0,0,0,0,0,0,0,0,0,0,0,0,0,0,0,0,0
2019-09-30,0,0,0,0,0,0,0,0,0,0,0,0,0,0,0,0,0,0,0
2019-10-01,0,0,0,0,0,0,0,0,0,0,0,0,0,0,0,0,0,0,0
2019-10-02,0,0,0,0,0,0,0,0,0,0,0,0,0,0,0,0,0,0,0
2019-10-03,0,0,0,0,0,0,0,0,0,0,0,0,0,0,0,0,0,0,0
2019-10-04,0,0,0,0,0,0,0,0,0,0,0,0,0,0,0,0,0,0,0
2019-10-07,0,0,0,0,0,0,0,0,0,0,0,0,0,0,0,0,0,0,0
2019-10-08,0,0,0,0,0,0,0,0,0,0,0,0,0,0,0,0,0,0,0
2019-10-09,0,0,0,0,0,0,0,0,0,0,0,0,0,0,0,0,0,0,0
2019-10-10,0,0,0,0,0,0,0,0,0,0,0,0,0,0,0,0,0,0,0
2019-10-11,0,0,0,0,0,0,0,0,0,0,0,0,0,0,0,0,0,0,0
2019-10-14,0,0,0,0,0,0,0,0,0,0,0,0,0,0,0,0,0,0,0
2019-10-15,0,0,0,0,0,0,0,0,0,0,0,0,0,0,0,0,0,0,0
2019-10-16,0,0,0,0,0,0,0,0,0,0,0,0,0,0,0,0,0,0,0
2019-10-17,0,0,0,0,0,0,0,0,0,0,0,0,0,0,0,0,0,0,0
2019-10-18,0,0,0,0,0,0,0,0,0,0,0,0,0,0,0,0,0,0,0
2019-10-21,0,0,0,0,0,0,0,0,0,0,0,0,0,0,0,0,0,0,0
2019-10-22,0,0,0,0,0,0,0,0,0,0,0,0,0,0,0,0,0,0,0
2019-10-23,0,0,0,0,0,0,0,0,0,0,0,0,0,0,0,0,0,0,0
2019-10-24,0,0,0,0,0,0,0,0,0,0,0,0,0,0,0,0,0,0,0
2019-10-25,0,0,0,0,0,0,0,0,0,0,0,0,0,0,0,0,0,0,0
2019-10-28,0,0,0,0,0,0,0,0,0,0,0,0,0,0,0,0,0,0,0
2019-10-29,0,0,0,0,0,0,0,0,0,0,0,0,0,0,0,0,0,0,0
2019-10-30,0,0,0,0,0,0,0,0,0,0,0,0,0,0,0,0,0,0,0
2019-10-31,0,0,0,0,0,0,0,0,0,0,0,0,0,0,0,0,0,0,0
2019-11-01,0,0,0,0,0,0,0,0,0,0,0,0,0,0,0,0,0,0,0
2019-11-04,0,0,0,0,0,0,0,0,0,0,0,0,0,0,0,0,0,0,0
2019-11-05,0,0,0,0,0,0,0,0,0,0,0,0,0,0,0,0,0,0,0
2019-11-06,0,0,0,0,0,0,0,0,0,0,0,0,0,0,0,0,0,0,0
2019-11-07,0,0,0,0,0,0,0,0,0,0,0,0,0,0,0,0,0,0,0
2019-11-08,0,0,0,0,0,0,0,0,0,0,0,0,0,0,0,0,0,0,0
2019-11-11,0,0,0,0,0,0,0,0,0,0,0,0,0,0,0,0,0,0,0
2019-11-12,0,0,0,0,0,0,0,0,0,0,0,0,0,0,0,0,0,0,0
2019-11-13,0,0,0,0,0,0,0,0,0,0,0,0,0,0,0,0,0,0,0
2019-11-14,0,0,0,0,0,0,0,0,0,0,0,0,0,0,0,0,0,0,0
2019-11-15,0,0,0,0,0,0,0,0,0,0,0,0,0,0,0,0,0,0,0
2019-11-18,0,0,0,0,0,0,0,0,0,0,0,0,0,0,0,0,0,0,0
2019-11-19,0,0,0,0,0,0,0,0,0,0,0,0,0,0,0,0,0,0,0
2019-11-20,0,0,0,0,0,0,0,0,0,0,0,0,0,0,0,0,0,0,0
2019-11-21,0,0,0,0,0,0,0,0,0,0,0,0,0,0,0,0,0,0,0
2019-11-22,0,0,0,0,0,0,0,0,0,0,0,0,0,0,0,0,0,0,0
2019-11-25,0,0,0,0,0,0,0,0,0,0,0,0,0,0,0,0,0,0,0
2019-11-26,0,0,0,0,0,0,0,0,0,0,0,0,0,0,0,0,0,0,0
2019-11-27,0,0,0,0,0,0,0,0,0,0,0,0,0,0,0,0,0,0,0
2019-11-29,0,0,0,0,0,0,0,0,0,0,0,0,0,0,0,0,0,0,0
2019-12-02,0,0,0,0,0,0,0,0,0,0,0,0,0,0,0,0,0,0,0
2019-12-03,0,0,0,0,0,0,0,0,0,0,0,0,0,0,0,0,0,0,0
2019-12-04,0,0,0,0,0,0,0,0,0,0,0,0,0,0,0,0,0,0,0
2019-12-05,0,0,0,0,0,0,0,0,0,0,0,0,0,0,0,0,0,0,0
2019-12-06,0,0,0,0,0,0,0,0,0,0,0,0,0,0,0,0,0,0,0
2019-12-09,0,0,0,0,0,0,0,0,0,0,0,0,0,0,0,0,0,0,0
2019-12-10,0,0,0,0,0,0,0,0,0,0,0,0,0,0,0,0,0,0,0
2019-12-11,0,0,0,0,0,0,0,0,0,0,0,0,0,0,0,0,0,0,0
2019-12-12,0,0,0,0,0,0,0,0,0,0,0,0,0,0,0,0,0,0,0
2019-12-13,0,0,0,0,0,0,0,0,0,0,0,0,0,0,0,0,0,0,0
2019-12-16,0,0,0,0,0,0,0,0,0,0,0,0,0,0,0,0,0,0,0
2019-12-17,0,0,0,0,0,0,0,0,0,0,0,0,0,0,0,0,0,0,0
2019-12-18,0,0,0,0,0,0,0,0,0,0,0,0,0,0,0,0,0,0,0
2019-12-19,0,0,0,0,0,0,0,0,0,0,0,0,0,0,0,0,0,0,0
2019-12-20,0,0,0,0,0,0,0,0,0,0,0,0,0,0,0,0,0,0,0
2019-12-23,0,0,0,0,0,0,0,0,0,0,0,0,0,0,0,0,0,0,0
2019-12-24,0,0,0,0,0,0,0,0,0,0,0,0,0,0,0,0,0,0,0
2019-12-26,0,0,0,0,0,0,0,0,0,0,0,0,0,0,0,0,0,0,0
2019-12-27,0,0,0,0,0,0,0,0,0,0,0,0,0,0,0,0,0,0,0
2019-12-30,0,0,0,0,0,0,0,0,0,0,0,0,0,0,0,0,0,0,0
2019-12-31,0,0,0,0,0,0,0,0,0,0,0,0,0,0,0,0,0,0,0
2020-01-02,0,0,0,0,0,0,0,0,0,0,0,0,0,0,0,0,0,0,0
2020-01-03,0,0,0,0,0,0,0,0,0,0,0,0,0,0,0,0,0,0,0
2020-01-06,0,0,0,0,0,0,0,0,0,0,0,0,0,0,0,0,0,0,0
2020-01-07,0,0,0,0,0,0,0,0,0,0,0,0,0,0,0,0,0,0,0
2020-01-08,0,0,0,0,0,0,0,0,0,0,0,0,0,0,0,0,0,0,0
2020-01-09,0,0,0,0,0,0,0,0,0,0,0,0,0,0,0,0,0,0,0
2020-01-10,0,0,0,0,0,0,0,0,0,0,0,0,0,0,0,0,0,0,0
2020-01-13,0,0,0,0,0,0,0,0,0,0,0,0,0,0,0,0,0,0,0
2020-01-14,0,0,0,0,0,0,0,0,0,0,0,0,0,0,0,0,0,0,0
2020-01-15,0,0,0,0,0,0,0,0,0,0,0,0,0,0,0,0,0,0,0
2020-01-16,0,0,0,0,0,0,0,0,0,0,0,0,0,0,0,0,0,0,0
2020-01-17,0,0,0,0,0,0,0,0,0,0,0,0,0,0,0,0,0,0,0
2020-01-21,0,0,0,0,0,0,0,0,0,0,0,0,0,0,0,0,0,0,0
2020-01-22,0,0,0,0,0,0,0,0,0,0,0,0,0,0,0,0,0,0,0
2020-01-23,0,0,0,0,0,0,0,0,0,0,0,0,0,0,0,0,0,0,0
2020-01-24,0,0,0,0,0,0,0,0,0,0,0,0,0,0,0,0,0,0,0
2020-01-27,0,0,0,0,0,0,0,0,0,0,0,0,0,0,0,0,0,0,0
2020-01-28,0,0,0,0,0,0,0,0,0,0,0,0,0,0,0,0,0,0,0
2020-01-29,0,0,0,0,0,0,0,0,0,0,0,0,0,0,0,0,0,0,0
2020-01-30,0,0,0,0,0,0,0,0,0,0,0,0,0,0,0,0,0,0,0
2020-01-31,0,0,0,0,0,0,0,0,0,0,0,0,0,0,0,0,0,0,0
2020-02-03,0,0,0,0,0,0,0,0,0,0,0,0,0,0,0,0,0,0,0
2020-02-04,0,0,0,0,0,0,0,0,0,0,0,0,0,0,0,0,0,0,0
2020-02-05,0,0,0,0,0,0,0,0,0,0,0,0,0,0,0,0,0,0,0
2020-02-06,0,0,0,0,0,0,0,0,0,0,0,0,0,0,0,0,0,0,0
2020-02-07,0,0,0,0,0,0,0,0,0,0,0,0,0,0,0,0,0,0,0
2020-02-10,0,0,0,0,0,0,0,0,0,0,0,0,0,0,0,0,0,0,0
2020-02-11,0,0,0,0,0,0,0,0,0,0,0,0,0,0,0,0,0,0,0
2020-02-12,0,0,0,0,0,0,0,0,0,0,0,0,0,0,0,0,0,0,0
2020-02-13,0,0,0,0,0,0,0,0,0,0,0,0,0,0,0,0,0,0,0
2020-02-14,0,0,0,0,0,0,0,0,0,0,0,0,0,0,0,0,0,0,0
2020-02-18,0,0,0,0,0,0,0,0,0,0,0,0,0,0,0,0,0,0,0
2020-02-19,0,0,0,0,0,0,0,0,0,0,0,0,0,0,0,0,0,0,0
2020-02-20,0,0,0,0,0,0,0,0,0,0,0,0,0,0,0,0,0,0,0
2020-02-21,0,0,0,0,0,0,0,0,0,0,0,0,0,0,0,0,0,0,0
2020-02-24,0,0,0,0,0,0,0,0,0,0,0,0,0,0,0,0,0,0,0
2020-02-25,0,0,0,0,0,0,0,0,0,0,0,0,0,0,0,0,0,0,0
2020-02-26,0,0,0,0,0,0,0,0,0,0,0,0,0,0,0,0,0,0,0
2020-02-27,0,0,0,0,0,0,0,0,0,0,0,0,0,0,0,0,0,0,0
2020-02-28,0,0,0,0,0,0,0,0,0,0,0,0,0,0,0,0,0,0,0
2020-03-02,0,0,0,0,0,0,0,0,0,0,0,0,0,0,0,0,0,0,0
2020-03-03,0,0,0,0,0,0,0,0,0,0,0,0,0,0,0,0,0,0,0
2020-03-04,0,0,0,0,0,0,0,0,0,0,0,0,0,0,0,0,0,0,0
2020-03-05,0,0,0,0,0,0,0,0,0,0,0,0,0,0,0,0,0,0,0
2020-03-06,0,0,0,0,0,0,0,0,0,0,0,0,0,0,0,0,0,0,0
2020-03-09,0,0,0,0,0,0,0,0,0,0,0,0,0,0,0,0,0,0,0
2020-03-10,0,0,0,0,0,0,0,0,0,0,0,0,0,0,0,0,0,0,0
2020-03-11,0,0,0,0,0,0,0,0,0,0,0,0,0,0,0,0,0,0,0
2020-03-12,0,0,0,0,0,0,0,0,0,0,0,0,0,0,0,0,0,0,0
2020-03-13,0,0,0,0,0,0,0,0,0,0,0,0,0,0,0,0,0,0,0
2020-03-16,0,0,0,0,0,0,0,0,0,0,0,0,0,0,0,0,0,0,0
2020-03-17,0,0,0,0,0,0,0,0,0,0,0,0,0,0,0,0,0,0,0
2020-03-18,0,0,0,0,0,0,0,0,0,0,0,0,0,0,0,0,0,0,0
2020-03-19,0,0,0,0,0,0,0,0,0,0,0,0,0,0,0,0,0,0,0
2020-03-20,0,0,0,0,0,0,0,0,0,0,0,0,0,0,0,0,0,0,0
2020-03-23,0,0,0,0,0,0,0,0,0,0,0,0,0,0,0,0,0,0,0
2020-03-24,0,0,0,0,0,0,0,0,0,0,0,0,0,0,0,0,0,0,0
2020-03-25,0,0,0,0,0,0,0,0,0,0,0,0,0,0,0,0,0,0,0
2020-03-26,0,0,0,0,0,0,0,0,0,0,0,0,0,0,0,0,0,0,0
2020-03-27,0,0,0,0,0,0,0,0,0,0,0,0,0,0,0,0,0,0,0
2020-03-30,0,0,0,0,0,0,0,0,0,0,0,0,0,0,0,0,0,0,0
2020-03-31,0,0,0,0,0,0,0,0,0,0,0,0,0,0,0,0,0,0,0
2020-04-01,0,0,0,0,0,0,0,0,0,0,0,0,0,0,0,0,0,0,0
2020-04-02,0,0,0,0,0,0,0,0,0,0,0,0,0,0,0,0,0,0,0
2020-04-03,0,0,0,0,0,0,0,0,0,0,0,0,0,0,0,0,0,0,0
2020-04-06,0,0,0,0,0,0,0,0,0,0,0,0,0,0,0,0,0,0,0
2020-04-07,0,0,0,0,0,0,0,0,0,0,0,0,0,0,0,0,0,0,0
2020-04-08,0,0,0,0,0,0,0,0,0,0,0,0,0,0,0,0,0,0,0
2020-04-09,0,0,0,0,0,0,0,0,0,0,0,0,0,0,0,0,0,0,0
2020-04-13,0,0,0,0,0,0,0,0,0,0,0,0,0,0,0,0,0,0,0
2020-04-14,0,0,0,0,0,0,0,0,0,0,0,0,0,0,0,0,0,0,0
2020-04-15,0,0,0,0,0,0,0,0,0,0,0,0,0,0,0,0,0,0,0
2020-04-16,0,0,0,0,0,0,0,0,0,0,0,0,0,0,0,0,0,0,0
2020-04-17,0,0,0,0,0,0,0,0,0,0,0,0,0,0,0,0,0,0,0
2020-04-20,0,0,0,0,0,0,0,0,0,0,0,0,0,0,0,0,0,0,0
2020-04-21,0,0,0,0,0,0,0,0,0,0,0,0,0,0,0,0,0,0,0
2020-04-22,0,0,0,0,0,0,0,0,0,0,0,0,0,0,0,0,0,0,0
2020-04-23,0,0,0,0,0,0,0,0,0,0,0,0,0,0,0,0,0,0,0
2020-04-24,0,0,0,0,0,0,0,0,0,0,0,0,0,0,0,0,0,0,0
2020-04-27,0,0,0,0,0,0,0,0,0,0,0,0,0,0,0,0,0,0,0
2020-04-28,0,0,0,0,0,0,0,0,0,0,0,0,0,0,0,0,0,0,0
2020-04-29,0,0,0,0,0,0,0,0,0,0,0,0,0,0,0,0,0,0,0
2020-04-30,0,0,0,0,0,0,0,0,0,0,0,0,0,0,0,0,0,0,0
2020-05-01,0,0,0,0,0,0,0,0,0,0,0,0,0,0,0,0,0,0,0
2020-05-04,0,0,0,0,0,0,0,0,0,0,0,0,0,0,0,0,0,0,0
2020-05-05,0,0,0,0,0,0,0,0,0,0,0,0,0,0,0,0,0,0,0
2020-05-06,0,0,0,0,0,0,0,0,0,0,0,0,0,0,0,0,0,0,0
2020-05-07,0,0,0,0,0,0,0,0,0,0,0,0,0,0,0,0,0,0,0
2020-05-08,0,0,0,0,0,0,0,0,0,0,0,0,0,0,0,0,0,0,0
2020-05-11,0,0,0,0,0,0,0,0,0,0,0,0,0,0,0,0,0,0,0
2020-05-12,0,0,0,0,0,0,0,0,0,0,0,0,0,0,0,0,0,0,0
2020-05-13,0,0,0,0,0,0,0,0,0,0,0,0,0,0,0,0,0,0,0
2020-05-14,0,0,0,0,0,0,0,0,0,0,0,0,0,0,0,0,0,0,0
2020-05-15,0,0,0,0,0,0,0,0,0,0,0,0,0,0,0,0,0,0,0
2020-05-18,0,0,0,0,0,0,0,0,0,0,0,0,0,0,0,0,0,0,0
2020-05-19,0,0,0,0,0,0,0,0,0,0,0,0,0,0,0,0,0,0,0
2020-05-20,0,0,0,0,0,0,0,0,0,0,0,0,0,0,0,0,0,0,0
2020-05-21,0,0,0,0,0,0,0,0,0,0,0,0,0,0,0,0,0,0,0
2020-05-22,0,0,0,0,0,0,0,0,0,0,0,0,0,0,0,0,0,0,0
2020-05-26,0,0,0,0,0,0,0,0,0,0,0,0,0,0,0,0,0,0,0
2020-05-27,0,0,0,0,0,0,0,0,0,0,0,0,0,0,0,0,0,0,0
2020-05-28,0,0,0,0,0,0,0,0,0,0,0,0,0,0,0,0,0,0,0
2020-05-29,0,0,0,0,0,0,0,0,0,0,0,0,0,0,0,0,0,0,0
2020-06-01,0,0,0,0,0,0,0,0,0,0,0,0,0,0,0,0,0,0,0
2020-06-02,0,0,0,0,0,0,0,0,0,0,0,0,0,0,0,0,0,0,0
2020-06-03,0,0,0,0,0,0,0,0,0,0,0,0,0,0,0,0,0,0,0
2020-06-04,0,0,0,0,0,0,0,0,0,0,0,0,0,0,0,0,0,0,0
2020-06-05,0,0,0,0,0,0,0,0,0,0,0,0,0,0,0,0,0,0,0
2020-06-08,0,0,0,0,0,0,0,0,0,0,0,0,0,0,0,0,0,0,0
2020-06-09,0,0,0,0,0,0,0,0,0,0,0,0,0,0,0,0,0,0,0
2020-06-10,0,0,0,0,0,0,0,0,0,0,0,0,0,0,0,0,0,0,0
2020-06-11,0,0,0,0,0,0,0,0,0,0,0,0,0,0,0,0,0,0,0
2020-06-12,0,0,0,0,0,0,0,0,0,0,0,0,0,0,0,0,0,0,0
2020-06-15,0,0,0,0,0,0,0,0,0,0,0,0,0,0,0,0,0,0,0
2020-06-16,0,0,0,0,0,0,0,0,0,0,0,0,0,0,0,0,0,0,0
2020-06-17,0,0,0,0,0,0,0,0,0,0,0,0,0,0,0,0,0,0,0
2020-06-18,0,0,0,0,0,0,0,0,0,0,0,0,0,0,0,0,0,0,0
2020-06-19,0,0,0,0,0,0,0,0,0,0,0,0,0,0,0,0,0,0,0
2020-06-22,0,0,0,0,0,0,0,0,0,0,0,0,0,0,0,0,0,0,0
2020-06-23,0,0,0,0,0,0,0,0,0,0,0,0,0,0,0,0,0,0,0
2020-06-24,0,0,0,0,0,0,0,0,0,0,0,0,0,0,0,0,0,0,0
2020-06-25,0,0,0,0,0,0,0,0,0,0,0,0,0,0,0,0,0,0,0
2020-06-26,0,0,0,0,0,0,0,0,0,0,0,0,0,0,0,0,0,0,0
2020-06-29,0,0,0,0,0,0,0,0,0,0,0,0,0,0,0,0,0,0,0
2020-06-30,0,0,0,0,0,0,0,0,0,0,0,0,0,0,0,0,0,0,0
2020-07-01,0,0,0,0,0,0,0,0,0,0,0,0,0,0,0,0,0,0,0
2020-07-02,0,0,0,0,0,0,0,0,0,0,0,0,0,0,0,0,0,0,0
2020-07-06,0,0,0,0,0,0,0,0,0,0,0,0,0,0,0,0,0,0,0
2020-07-07,0,0,0,0,0,0,0,0,0,0,0,0,0,0,0,0,0,0,0
2020-07-08,0,0,0,0,0,0,0,0,0,0,0,0,0,0,0,0,0,0,0
2020-07-09,0,0,0,0,0,0,0,0,0,0,0,0,0,0,0,0,0,0,0
2020-07-10,0,0,0,0,0,0,0,0,0,0,0,0,0,0,0,0,0,0,0
2020-07-13,0,0,0,0,0,0,0,0,0,0,0,0,0,0,0,0,0,0,0
2020-07-14,0,0,0,0,0,0,0,0,0,0,0,0,0,0,0,0,0,0,0
2020-07-15,0,0,0,0,0,0,0,0,0,0,0,0,0,0,0,0,0,0,0
2020-07-16,0,0,0,0,0,0,0,0,0,0,0,0,0,0,0,0,0,0,0
2020-07-17,0,0,0,0,0,0,0,0,0,0,0,0,0,0,0,0,0,0,0
2020-07-20,0,0,0,0,0,0,0,0,0,0,0,0,0,0,0,0,0,0,0
2020-07-21,0,0,0,0,0,0,0,0,0,0,0,0,0,0,0,0,0,0,0
2020-07-22,0,0,0,0,0,0,0,0,0,0,0,0,0,0,0,0,0,0,0
2020-07-23,0,0,0,0,0,0,0,0,0,0,0,0,0,0,0,0,0,0,0
2020-07-24,0,0,0,0,0,0,0,0,0,0,0,0,0,0,0,0,0,0,0
2020-07-27,0,0,0,0,0,0,0,0,0,0,0,0,0,0,0,0,0,0,0
2020-07-28,0,0,0,0,0,0,0,0,0,0,0,0,0,0,0,0,0,0,0
2020-07-29,0,0,0,0,0,0,0,0,0,0,0,0,0,0,0,0,0,0,0
2020-07-30,0,0,0,0,0,0,0,0,0,0,0,0,0,0,0,0,0,0,0
2020-07-31,0,0,0,0,0,0,0,0,0,0,0,0,0,0,0,0,0,0,0
2020-08-03,0,0,0,0,0,0,0,0,0,0,0,0,0,0,0,0,0,0,0
2020-08-04,0,0,0,0,0,0,0,0,0,0,0,0,0,0,0,0,0,0,0
2020-08-05,0,0,0,0,0,0,0,0,0,0,0,0,0,0,0,0,0,0,0
2020-08-06,0,0,0,0,0,0,0,0,0,0,0,0,0,0,0,0,0,0,0
2020-08-07,0,0,0,0,0,0,0,0,0,0,0,0,0,0,0,0,0,0,0
2020-08-10,0,0,0,0,0,0,0,0,0,0,0,0,0,0,0,0,0,0,0
2020-08-11,0,0,0,0,0,0,0,0,0,0,0,0,0,0,0,0,0,0,0
2020-08-12,0,0,0,0,0,0,0,0,0,0,0,0,0,0,0,0,0,0,0
2020-08-13,0,0,0,0,0,0,0,0,0,0,0,0,0,0,0,0,0,0,0
2020-08-14,0,0,0,0,0,0,0,0,0,0,0,0,0,0,0,0,0,0,0
2020-08-17,0,0,0,0,0,0,0,0,0,0,0,0,0,0,0,0,0,0,0
2020-08-18,0,0,0,0,0,0,0,0,0,0,0,0,0,0,0,0,0,0,0
2020-08-19,0,0,0,0,0,0,0,0,0,0,0,0,0,0,0,0,0,0,0
2020-08-20,0,0,0,0,0,0,0,0,0,0,0,0,0,0,0,0,0,0,0
2020-08-21,0,0,0,0,0,0,0,0,0,0,0,0,0,0,0,0,0,0,0
2020-08-24,0,0,0,0,0,0,0,0,0,0,0,0,0,0,0,0,0,0,0
2020-08-25,0,0,0,0,0,0,0,0,0,0,0,0,0,0,0,0,0,0,0
2020-08-26,0,0,0,0,0,0,0,0,0,0,0,0,0,0,0,0,0,0,0
2020-08-27,0,0,0,0,0,0,0,0,0,0,0,0,0,0,0,0,0,0,0
2020-08-28,0,0,0,0,0,0,0,0,0,0,0,0,0,0,0,0,0,0,0
2020-08-31,0,0,0,0,0,0,0,0,0,0,0,0,0,0,0,0,0,0,0
2020-09-01,0,0,0,0,0,0,0,0,0,0,0,0,0,0,0,0,0,0,0
2020-09-02,0,0,0,0,0,0,0,0,0,0,0,0,0,0,0,0,0,0,0
2020-09-03,0,0,0,0,0,0,0,0,0,0,0,0,0,0,0,0,0,0,0
2020-09-04,0,0,0,0,0,0,0,0,0,0,0,0,0,0,0,0,0,0,0
2020-09-08,0,0,0,0,0,0,0,0,0,0,0,0,0,0,0,0,0,0,0
2020-09-09,0,0,0,0,0,0,0,0,0,0,0,0,0,0,0,0,0,0,0
2020-09-10,0,0,0,0,0,0,0,0,0,0,0,0,0,0,0,0,0,0,0
2020-09-11,0,0,0,0,0,0,0,0,0,0,0,0,0,0,0,0,0,0,0
2020-09-14,0,0,0,0,0,0,0,0,0,0,0,0,0,0,0,0,0,0,0
2020-09-15,0,0,0,0,0,0,0,0,0,0,0,0,0,0,0,0,0,0,0
2020-09-16,0,0,0,0,0,0,0,0,0,0,0,0,0,0,0,0,0,0,0
2020-09-17,0,0,0,0,0,0,0,0,0,0,0,0,0,0,0,0,0,0,0
2020-09-18,0,0,0,0,0,0,0,0,0,0,0,0,0,0,0,0,0,0,0
2020-09-21,0,0,0,0,0,0,0,0,0,0,0,0,0,0,0,0,0,0,0
2020-09-22,0,0,0,0,0,0,0,0,0,0,0,0,0,0,0,0,0,0,0
2020-09-23,0,0,0,0,0,0,0,0,0,0,0,0,0,0,0,0,0,0,0
2020-09-24,0,0,0,0,0,0,0,0,0,0,0,0,0,0,0,0,0,0,0
2020-09-25,0,0,0,0,0,0,0,0,0,0,0,0,0,0,0,0,0,0,0
2020-09-28,0,0,0,0,0,0,0,0,0,0,0,0,0,0,0,0,0,0,0
2020-09-29,0,0,0,0,0,0,0,0,0,0,0,0,0,0,0,0,0,0,0
2020-09-30,0,0,0,0,0,0,0,0,0,0,0,0,0,0,0,0,0,0,0
2020-10-01,0,0,0,0,0,0,0,0,0,0,0,0,0,0,0,0,0,0,0
2020-10-02,0,0,0,0,0,0,0,0,0,0,0,0,0,0,0,0,0,0,0
2020-10-05,0,0,0,0,0,0,0,0,0,0,0,0,0,0,0,0,0,0,0
2020-10-06,0,0,0,0,0,0,0,0,0,0,0,0,0,0,0,0,0,0,0
2020-10-07,0,0,0,0,0,0,0,0,0,0,0,0,0,0,0,0,0,0,0
2020-10-08,0,0,0,0,0,0,0,0,0,0,0,0,0,0,0,0,0,0,0
2020-10-09,0,0,0,0,0,0,0,0,0,0,0,0,0,0,0,0,0,0,0
2020-10-12,0,0,0,0,0,0,0,0,0,0,0,0,0,0,0,0,0,0,0
2020-10-13,0,0,0,0,0,0,0,0,0,0,0,0,0,0,0,0,0,0,0
2020-10-14,0,0,0,0,0,0,0,0,0,0,0,0,0,0,0,0,0,0,0
2020-10-15,0,0,0,0,0,0,0,0,0,0,0,0,0,0,0,0,0,0,0
2020-10-16,0,0,0,0,0,0,0,0,0,0,0,0,0,0,0,0,0,0,0
2020-10-19,0,0,0,0,0,0,0,0,0,0,0,0,0,0,0,0,0,0,0
2020-10-20,0,0,0,0,0,0,0,0,0,0,0,0,0,0,0,0,0,0,0
2020-10-21,0,0,0,0,0,0,0,0,0,0,0,0,0,0,0,0,0,0,0
2020-10-22,0,0,0,0,0,0,0,0,0,0,0,0,0,0,0,0,0,0,0
2020-10-23,0,0,0,0,0,0,0,0,0,0,0,0,0,0,0,0,0,0,0
2020-10-26,0,0,0,0,0,0,0,0,0,0,0,0,0,0,0,0,0,0,0
2020-10-27,0,0,0,0,0,0,0,0,0,0,0,0,0,0,0,0,0,0,0
2020-10-28,0,0,0,0,0,0,0,0,0,0,0,0,0,0,0,0,0,0,0
2020-10-29,0,0,0,0,0,0,0,0,0,0,0,0,0,0,0,0,0,0,0
2020-10-30,0,0,0,0,0,0,0,0,0,0,0,0,0,0,0,0,0,0,0
2020-11-02,0,0,0,0,0,0,0,0,0,0,0,0,0,0,0,0,0,0,0
2020-11-03,0,0,0,0,0,0,0,0,0,0,0,0,0,0,0,0,0,0,0
2020-11-04,0,0,0,0,0,0,0,0,0,0,0,0,0,0,0,0,0,0,0
2020-11-05,0,0,0,0,0,0,0,0,0,0,0,0,0,0,0,0,0,0,0
2020-11-06,0,0,0,0,0,0,0,0,0,0,0,0,0,0,0,0,0,0,0
2020-11-09,0,0,0,0,0,0,0,0,0,0,0,0,0,0,0,0,0,0,0
2020-11-10,0,0,0,0,0,0,0,0,0,0,0,0,0,0,0,0,0,0,0
2020-11-11,0,0,0,0,0,0,0,0,0,0,0,0,0,0,0,0,0,0,0
2020-11-12,0,0,0,0,0,0,0,0,0,0,0,0,0,0,0,0,0,0,0
2020-11-13,0,0,0,0,0,0,0,0,0,0,0,0,0,0,0,0,0,0,0
2020-11-16,0,0,0,0,0,0,0,0,0,0,0,0,0,0,0,0,0,0,0
2020-11-17,0,0,0,0,0,0,0,0,0,0,0,0,0,0,0,0,0,0,0
2020-11-18,0,0,0,0,0,0,0,0,0,0,0,0,0,0,0,0,0,0,0
2020-11-19,0,0,0,0,0,0,0,0,0,0,0,0,0,0,0,0,0,0,0
2020-11-20,0,0,0,0,0,0,0,0,0,0,0,0,0,0,0,0,0,0,0
2020-11-23,0,0,0,0,0,0,0,0,0,0,0,0,0,0,0,0,0,0,0
2020-11-24,0,0,0,0,0,0,0,0,0,0,0,0,0,0,0,0,0,0,0
2020-11-25,0,0,0,0,0,0,0,0,0,0,0,0,0,0,0,0,0,0,0
2020-11-27,0,0,0,0,0,0,0,0,0,0,0,0,0,0,0,0,0,0,0
2020-11-30,0,0,0,0,0,0,0,0,0,0,0,0,0,0,0,0,0,0,0
2020-12-01,0,0,0,0,0,0,0,0,0,0,0,0,0,0,0,0,0,0,0
2020-12-02,0,0,0,0,0,0,0,0,0,0,0,0,0,0,0,0,0,0,0
2020-12-03,0,0,0,0,0,0,0,0,0,0,0,0,0,0,0,0,0,0,0
2020-12-04,0,0,0,0,0,0,0,0,0,0,0,0,0,0,0,0,0,0,0
2020-12-07,0,0,0,0,0,0,0,0,0,0,0,0,0,0,0,0,0,0,0
2020-12-08,0,0,0,0,0,0,0,0,0,0,0,0,0,0,0,0,0,0,0
2020-12-09,0,0,0,0,0,0,0,0,0,0,0,0,0,0,0,0,0,0,0
2020-12-10,0,0,0,0,0,0,0,0,0,0,0,0,0,0,0,0,0,0,0
2020-12-11,0,0,0,0,0,0,0,0,0,0,0,0,0,0,0,0,0,0,0
2020-12-14,0,0,0,0,0,0,0,0,0,0,0,0,0,0,0,0,0,0,0
2020-12-15,0,0,0,0,0,0,0,0,0,0,0,0,0,0,0,0,0,0,0
2020-12-16,0,0,0,0,0,0,0,0,0,0,0,0,0,0,0,0,0,0,0
2020-12-17,0,0,0,0,0,0,0,0,0,0,0,0,0,0,0,0,0,0,0
2020-12-18,0,0,0,0,0,0,0,0,0,0,0,0,0,0,0,0,0,0,0
2020-12-21,0,0,0,0,0,0,0,0,0,0,0,0,0,0,0,0,0,0,0
2020-12-22,0,0,0,0,0,0,0,0,0,0,0,0,0,0,0,0,0,0,0
2020-12-23,0,0,0,0,0,0,0,0,0,0,0,0,0,0,0,0,0,0,0
2020-12-24,0,0,0,0,0,0,0,0,0,0,0,0,0,0,0,0,0,0,0
2020-12-28,0,0,0,0,0,0,0,0,0,0,0,0,0,0,0,0,0,0,0
2020-12-29,0,0,0,0,0,0,0,0,0,0,0,0,0,0,0,0,0,0,0
2020-12-30,0,0,0,0,0,0,0,0,0,0,0,0,0,0,0,0,0,0,0
2020-12-31,0,0,0,0,0,0,0,0,0,0,0,0,0,0,0,0,0,0,0
2021-01-04,0,0,0,0,0,0,0,0,0,0,0,0,0,0,0,0,0,0,0
2021-01-05,0,0,0,0,0,0,0,0,0,0,0,0,0,0,0,0,0,0,0
2021-01-06,0,0,0,0,0,0,0,0,0,0,0,0,0,0,0,0,0,0,0
2021-01-07,0,0,0,0,0,0,0,0,0,0,0,0,0,0,0,0,0,0,0
2021-01-08,0,0,0,0,0,0,0,0,0,0,0,0,0,0,0,0,0,0,0
2021-01-11,0,0,0,0,0,0,0,0,0,0,0,0,0,0,0,0,0,0,0
2021-01-12,0,0,0,0,0,0,0,0,0,0,0,0,0,0,0,0,0,0,0
2021-01-13,0,0,0,0,0,0,0,0,0,0,0,0,0,0,0,0,0,0,0
2021-01-14,0,0,0,0,0,0,0,0,0,0,0,0,0,0,0,0,0,0,0
2021-01-15,0,0,0,0,0,0,0,0,0,0,0,0,0,0,0,0,0,0,0
2021-01-19,0,0,0,0,0,0,0,0,0,0,0,0,0,0,0,0,0,0,0
2021-01-20,0,0,0,0,0,0,0,0,0,0,0,0,0,0,0,0,0,0,0
2021-01-21,0,0,0,0,0,0,0,0,0,0,0,0,0,0,0,0,0,0,0
2021-01-22,0,0,0,0,0,0,0,0,0,0,0,0,0,0,0,0,0,0,0
2021-01-25,0,0,0,0,0,0,0,0,0,0,0,0,0,0,0,0,0,0,0
2021-01-26,0,0,0,0,0,0,0,0,0,0,0,0,0,0,0,0,0,0,0
2021-01-27,0,0,0,0,0,0,0,0,0,0,0,0,0,0,0,0,0,0,0
2021-01-28,0,0,0,0,0,0,0,0,0,0,0,0,0,0,0,0,0,0,0
2021-01-29,0,0,0,0,0,0,0,0,0,0,0,0,0,0,0,0,0,0,0
2021-02-01,0,0,0,0,0,0,0,0,0,0,0,0,0,0,0,0,0,0,0
2021-02-02,0,0,0,0,0,0,0,0,0,0,0,0,0,0,0,0,0,0,0
2021-02-03,0,0,0,0,0,0,0,0,0,0,0,0,0,0,0,0,0,0,0
2021-02-04,0,0,0,0,0,0,0,0,0,0,0,0,0,0,0,0,0,0,0
2021-02-05,0,0,0,0,0,0,0,0,0,0,0,0,0,0,0,0,0,0,0
2021-02-08,0,0,0,0,0,0,0,0,0,0,0,0,0,0,0,0,0,0,0
2021-02-09,0,0,0,0,0,0,0,0,0,0,0,0,0,0,0,0,0,0,0
2021-02-10,0,0,0,0,0,0,0,0,0,0,0,0,0,0,0,0,0,0,0
2021-02-11,0,0,0,0,0,0,0,0,0,0,0,0,0,0,0,0,0,0,0
2021-02-12,0,0,0,0,0,0,0,0,0,0,0,0,0,0,0,0,0,0,0
2021-02-16,0,0,0,0,0,0,0,0,0,0,0,0,0,0,0,0,0,0,0
2021-02-17,0,0,0,0,0,0,0,0,0,0,0,0,0,0,0,0,0,0,0
2021-02-18,0,0,0,0,0,0,0,0,0,0,0,0,0,0,0,0,0,0,0
2021-02-19,0,0,0,0,0,0,0,0,0,0,0,0,0,0,0,0,0,0,0
2021-02-22,0,0,0,0,0,0,0,0,0,0,0,0,0,0,0,0,0,0,0
2021-02-23,0,0,0,0,0,0,0,0,0,0,0,0,0,0,0,0,0,0,0
2021-02-24,0,0,0,0,0,0,0,0,0,0,0,0,0,0,0,0,0,0,0
2021-02-25,0,0,0,0,0,0,0,0,0,0,0,0,0,0,0,0,0,0,0
2021-02-26,0,0,0,0,0,0,0,0,0,0,0,0,0,0,0,0,0,0,0
2021-03-01,0,0,0,0,0,0,0,0,0,0,0,0,0,0,0,0,0,0,0
2021-03-02,0,0,0,0,0,0,0,0,0,0,0,0,0,0,0,0,0,0,0
2021-03-03,0,0,0,0,0,0,0,0,0,0,0,0,0,0,0,0,0,0,0
2021-03-04,0,0,0,0,0,0,0,0,0,0,0,0,0,0,0,0,0,0,0
2021-03-05,0,0,0,0,0,0,0,0,0,0,0,0,0,0,0,0,0,0,0
2021-03-08,0,0,0,0,0,0,0,0,0,0,0,0,0,0,0,0,0,0,0
2021-03-09,0,0,0,0,0,0,0,0,0,0,0,0,0,0,0,0,0,0,0
2021-03-10,0,0,0,0,0,0,0,0,0,0,0,0,0,0,0,0,0,0,0
2021-03-11,0,0,0,0,0,0,0,0,0,0,0,0,0,0,0,0,0,0,0
2021-03-12,0,0,0,0,0,0,0,0,0,0,0,0,0,0,0,0,0,0,0
2021-03-15,0,0,0,0,0,0,0,0,0,0,0,0,0,0,0,0,0,0,0
2021-03-16,0,0,0,0,0,0,0,0,0,0,0,0,0,0,0,0,0,0,0
2021-03-17,0,0,0,0,0,0,0,0,0,0,0,0,0,0,0,0,0,0,0
2021-03-18,0,0,0,0,0,0,0,0,0,0,0,0,0,0,0,0,0,0,0
2021-03-19,0,0,0,0,0,0,0,0,0,0,0,0,0,0,0,0,0,0,0
2021-03-22,0,0,0,0,0,0,0,0,0,0,0,0,0,0,0,0,0,0,0
2021-03-23,0,0,0,0,0,0,0,0,0,0,0,0,0,0,0,0,0,0,0
2021-03-24,0,0,0,0,0,0,0,0,0,0,0,0,0,0,0,0,0,0,0
2021-03-25,0,0,0,0,0,0,0,0,0,0,0,0,0,0,0,0,0,0,0
2021-03-26,0,0,0,0,0,0,0,0,0,0,0,0,0,0,0,0,0,0,0
2021-03-29,0,0,0,0,0,0,0,0,0,0,0,0,0,0,0,0,0,0,0
2021-03-30,0,0,0,0,0,0,0,0,0,0,0,0,0,0,0,0,0,0,0
2021-03-31,0,0,0,0,0,0,0,0,0,0,0,0,0,0,0,0,0,0,0
2021-04-01,0,0,0,0,0,0,0,0,0,0,0,0,0,0,0,0,0,0,0
2021-04-05,0,0,0,0,0,0,0,0,0,0,0,0,0,0,0,0,0,0,0
2021-04-06,0,0,0,0,0,0,0,0,0,0,0,0,0,0,0,0,0,0,0
2021-04-07,0,0,0,0,0,0,0,0,0,0,0,0,0,0,0,0,0,0,0
2021-04-08,0,0,0,0,0,0,0,0,0,0,0,0,0,0,0,0,0,0,0
2021-04-09,0,0,0,0,0,0,0,0,0,0,0,0,0,0,0,0,0,0,0
2021-04-12,0,0,0,0,0,0,0,0,0,0,0,0,0,0,0,0,0,0,0
2021-04-13,0,0,0,0,0,0,0,0,0,0,0,0,0,0,0,0,0,0,0
2021-04-14,0,0,0,0,0,0,0,0,0,0,0,0,0,0,0,0,0,0,0
2021-04-15,0,0,0,0,0,0,0,0,0,0,0,0,0,0,0,0,0,0,0
2021-04-16,0,0,0,0,0,0,0,0,0,0,0,0,0,0,0,0,0,0,0
2021-04-19,0,0,0,0,0,0,0,0,0,0,0,0,0,0,0,0,0,0,0
2021-04-20,0,0,0,0,0,0,0,0,0,0,0,0,0,0,0,0,0,0,0
2021-04-21,0,0,0,0,0,0,0,0,0,0,0,0,0,0,0,0,0,0,0
2021-04-22,0,0,0,0,0,0,0,0,0,0,0,0,0,0,0,0,0,0,0
2021-04-23,0,0,0,0,0,0,0,0,0,0,0,0,0,0,0,0,0,0,0
2021-04-26,0,0,0,0,0,0,0,0,0,0,0,0,0,0,0,0,0,0,0
2021-04-27,0,0,0,0,0,0,0,0,0,0,0,0,0,0,0,0,0,0,0
2021-04-28,0,0,0,0,0,0,0,0,0,0,0,0,0,0,0,0,0,0,0
2021-04-29,0,0,0,0,0,0,0,0,0,0,0,0,0,0,0,0,0,0,0
2021-04-30,0,0,0,0,0,0,0,0,0,0,0,0,0,0,0,0,0,0,0
2021-05-03,0,0,0,0,0,0,0,0,0,0,0,0,0,0,0,0,0,0,0
2021-05-04,0,0,0,0,0,0,0,0,0,0,0,0,0,0,0,0,0,0,0
2021-05-05,0,0,0,0,0,0,0,0,0,0,0,0,0,0,0,0,0,0,0
2021-05-06,0,0,0,0,0,0,0,0,0,0,0,0,0,0,0,0,0,0,0
2021-05-07,0,0,0,0,0,0,0,0,0,0,0,0,0,0,0,0,0,0,0
2021-05-10,0,0,0,0,0,0,0,0,0,0,0,0,0,0,0,0,0,0,0
2021-05-11,0,0,0,0,0,0,0,0,0,0,0,0,0,0,0,0,0,0,0
2021-05-12,0,0,0,0,0,0,0,0,0,0,0,0,0,0,0,0,0,0,0
2021-05-13,0,0,0,0,0,0,0,0,0,0,0,0,0,0,0,0,0,0,0
2021-05-14,0,0,0,0,0,0,0,0,0,0,0,0,0,0,0,0,0,0,0
2021-05-17,0,0,0,0,0,0,0,0,0,0,0,0,0,0,0,0,0,0,0
2021-05-18,0,0,0,0,0,0,0,0,0,0,0,0,0,0,0,0,0,0,0
2021-05-19,0,0,0,0,0,0,0,0,0,0,0,0,0,0,0,0,0,0,0
2021-05-20,0,0,0,0,0,0,0,0,0,0,0,0,0,0,0,0,0,0,0
2021-05-21,0,0,0,0,0,0,0,0,0,0,0,0,0,0,0,0,0,0,0
2021-05-24,0,0,0,0,0,0,0,0,0,0,0,0,0,0,0,0,0,0,0
2021-05-25,0,0,0,0,0,0,0,0,0,0,0,0,0,0,0,0,0,0,0
2021-05-26,0,0,0,0,0,0,0,0,0,0,0,0,0,0,0,0,0,0,0
2021-05-27,0,0,0,0,0,0,0,0,0,0,0,0,0,0,0,0,0,0,0
2021-05-28,0,0,0,0,0,0,0,0,0,0,0,0,0,0,0,0,0,0,0
2021-06-01,0,0,0,0,0,0,0,0,0,0,0,0,0,0,0,0,0,0,0
2021-06-02,0,0,0,0,0,0,0,0,0,0,0,0,0,0,0,0,0,0,0
2021-06-03,0,0,0,0,0,0,0,0,0,0,0,0,0,0,0,0,0,0,0
2021-06-04,0,0,0,0,0,0,0,0,0,0,0,0,0,0,0,0,0,0,0
2021-06-07,0,0,0,0,0,0,0,0,0,0,0,0,0,0,0,0,0,0,0
2021-06-08,0,0,0,0,0,0,0,0,0,0,0,0,0,0,0,0,0,0,0
2021-06-09,0,0,0,0,0,0,0,0,0,0,0,0,0,0,0,0,0,0,0
2021-06-10,0,0,0,0,0,0,0,0,0,0,0,0,0,0,0,0,0,0,0
2021-06-11,0,0,0,0,0,0,0,0,0,0,0,0,0,0,0,0,0,0,0
2021-06-14,0,0,0,0,0,0,0,0,0,0,0,0,0,0,0,0,0,0,0
2021-06-15,0,0,0,0,0,0,0,0,0,0,0,0,0,0,0,0,0,0,0
2021-06-16,0,0,0,0,0,0,0,0,0,0,0,0,0,0,0,0,0,0,0
2021-06-17,0,0,0,0,0,0,0,0,0,0,0,0,0,0,0,0,0,0,0
2021-06-18,0,0,0,0,0,0,0,0,0,0,0,0,0,0,0,0,0,0,0
2021-06-21,0,0,0,0,0,0,0,0,0,0,0,0,0,0,0,0,0,0,0
2021-06-22,0,0,0,0,0,0,0,0,0,0,0,0,0,0,0,0,0,0,0
2021-06-23,0,0,0,0,0,0,0,0,0,0,0,0,0,0,0,0,0,0,0
2021-06-24,0,0,0,0,0,0,0,0,0,0,0,0,0,0,0,0,0,0,0
2021-06-25,0,0,0,0,0,0,0,0,0,0,0,0,0,0,0,0,0,0,0
2021-06-28,0,0,0,0,0,0,0,0,0,0,0,0,0,0,0,0,0,0,0
2021-06-29,0,0,0,0,0,0,0,0,0,0,0,0,0,0,0,0,0,0,0
2021-06-30,0,0,0,0,0,0,0,0,0,0,0,0,0,0,0,0,0,0,0
2021-07-01,0,0,0,0,0,0,0,0,0,0,0,0,0,0,0,0,0,0,0
2021-07-02,0,0,0,0,0,0,0,0,0,0,0,0,0,0,0,0,0,0,0
2021-07-06,0,0,0,0,0,0,0,0,0,0,0,0,0,0,0,0,0,0,0
2021-07-07,0,0,0,0,0,0,0,0,0,0,0,0,0,0,0,0,0,0,0
2021-07-08,0,0,0,0,0,0,0,0,0,0,0,0,0,0,0,0,0,0,0
2021-07-09,0,0,0,0,0,0,0,0,0,0,0,0,0,0,0,0,0,0,0
2021-07-12,0,0,0,0,0,0,0,0,0,0,0,0,0,0,0,0,0,0,0
2021-07-13,0,0,0,0,0,0,0,0,0,0,0,0,0,0,0,0,0,0,0
2021-07-14,0,0,0,0,0,0,0,0,0,0,0,0,0,0,0,0,0,0,0
2021-07-15,0,0,0,0,0,0,0,0,0,0,0,0,0,0,0,0,0,0,0
2021-07-16,0,0,0,0,0,0,0,0,0,0,0,0,0,0,0,0,0,0,0
2021-07-19,0,0,0,0,0,0,0,0,0,0,0,0,0,0,0,0,0,0,0
2021-07-20,0,0,0,0,0,0,0,0,0,0,0,0,0,0,0,0,0,0,0
2021-07-21,0,0,0,0,0,0,0,0,0,0,0,0,0,0,0,0,0,0,0
2021-07-22,0,0,0,0,0,0,0,0,0,0,0,0,0,0,0,0,0,0,0
2021-07-23,0,0,0,0,0,0,0,0,0,0,0,0,0,0,0,0,0,0,0
2021-07-26,0,0,0,0,0,0,0,0,0,0,0,0,0,0,0,0,0,0,0
2021-07-27,0,0,0,0,0,0,0,0,0,0,0,0,0,0,0,0,0,0,0
2021-07-28,0,0,0,0,0,0,0,0,0,0,0,0,0,0,0,0,0,0,0
2021-07-29,0,0,0,0,0,0,0,0,0,0,0,0,0,0,0,0,0,0,0
2021-07-30,0,0,0,0,0,0,0,0,0,0,0,0,0,0,0,0,0,0,0
2021-08-02,0,0,0,0,0,0,0,0,0,0,0,0,0,0,0,0,0,0,0
2021-08-03,0,0,0,0,0,0,0,0,0,0,0,0,0,0,0,0,0,0,0
2021-08-04,0,0,0,0,0,0,0,0,0,0,0,0,0,0,0,0,0,0,0
2021-08-05,0,0,0,0,0,0,0,0,0,0,0,0,0,0,0,0,0,0,0
2021-08-06,0,0,0,0,0,0,0,0,0,0,0,0,0,0,0,0,0,0,0
2021-08-09,0,0,0,0,0,0,0,0,0,0,0,0,0,0,0,0,0,0,0
2021-08-10,0,0,0,0,0,0,0,0,0,0,0,0,0,0,0,0,0,0,0
2021-08-11,0,0,0,0,0,0,0,0,0,0,0,0,0,0,0,0,0,0,0
2021-08-12,0,0,0,0,0,0,0,0,0,0,0,0,0,0,0,0,0,0,0
2021-08-13,0,0,0,0,0,0,0,0,0,0,0,0,0,0,0,0,0,0,0
2021-08-16,0,0,0,0,0,0,0,0,0,0,0,0,0,0,0,0,0,0,0
2021-08-17,0,0,0,0,0,0,0,0,0,0,0,0,0,0,0,0,0,0,0
2021-08-18,0,0,0,0,0,0,0,0,0,0,0,0,0,0,0,0,0,0,0
2021-08-19,0,0,0,0,0,0,0,0,0,0,0,0,0,0,0,0,0,0,0
2021-08-20,0,0,0,0,0,0,0,0,0,0,0,0,0,0,0,0,0,0,0
2021-08-23,0,0,0,0,0,0,0,0,0,0,0,0,0,0,0,0,0,0,0
2021-08-24,0,0,0,0,0,0,0,0,0,0,0,0,0,0,0,0,0,0,0
2021-08-25,0,0,0,0,0,0,0,0,0,0,0,0,0,0,0,0,0,0,0
2021-08-26,0,0,0,0,0,0,0,0,0,0,0,0,0,0,0,0,0,0,0
2021-08-27,0,0,0,0,0,0,0,0,0,0,0,0,0,0,0,0,0,0,0
2021-08-30,0,0,0,0,0,0,0,0,0,0,0,0,0,0,0,0,0,0,0
2021-08-31,0,0,0,0,0,0,0,0,0,0,0,0,0,0,0,0,0,0,0
2021-09-01,0,0,0,0,0,0,0,0,0,0,0,0,0,0,0,0,0,0,0
2021-09-02,0,0,0,0,0,0,0,0,0,0,0,0,0,0,0,0,0,0,0
2021-09-03,0,0,0,0,0,0,0,0,0,0,0,0,0,0,0,0,0,0,0
2021-09-07,0,0,0,0,0,0,0,0,0,0,0,0,0,0,0,0,0,0,0
2021-09-08,0,0,0,0,0,0,0,0,0,0,0,0,0,0,0,0,0,0,0
2021-09-09,0,0,0,0,0,0,0,0,0,0,0,0,0,0,0,0,0,0,0
2021-09-10,0,0,0,0,0,0,0,0,0,0,0,0,0,0,0,0,0,0,0
2021-09-13,0,0,0,0,0,0,0,0,0,0,0,0,0,0,0,0,0,0,0
2021-09-14,0,0,0,0,0,0,0,0,0,0,0,0,0,0,0,0,0,0,0
2021-09-15,0,0,0,0,0,0,0,0,0,0,0,0,0,0,0,0,0,0,0
2021-09-16,0,0,0,0,0,0,0,0,0,0,0,0,0,0,0,0,0,0,0
2021-09-17,0,0,0,0,0,0,0,0,0,0,0,0,0,0,0,0,0,0,0
2021-09-20,0,0,0,0,0,0,0,0,0,0,0,0,0,0,0,0,0,0,0
2021-09-21,0,0,0,0,0,0,0,0,0,0,0,0,0,0,0,0,0,0,0
2021-09-22,0,0,0,0,0,0,0,0,0,0,0,0,0,0,0,0,0,0,0
2021-09-23,0,0,0,0,0,0,0,0,0,0,0,0,0,0,0,0,0,0,0
2021-09-24,0,0,0,0,0,0,0,0,0,0,0,0,0,0,0,0,0,0,0
2021-09-27,0,0,0,0,0,0,0,0,0,0,0,0,0,0,0,0,0,0,0
2021-09-28,0,0,0,0,0,0,0,0,0,0,0,0,0,0,0,0,0,0,0
2021-09-29,0,0,0,0,0,0,0,0,0,0,0,0,0,0,0,0,0,0,0
2021-09-30,0,0,0,0,0,0,0,0,0,0,0,0,0,0,0,0,0,0,0
2021-10-01,0,0,0,0,0,0,0,0,0,0,0,0,0,0,0,0,0,0,0
2021-10-04,0,0,0,0,0,0,0,0,0,0,0,0,0,0,0,0,0,0,0
2021-10-05,0,0,0,0,0,0,0,0,0,0,0,0,0,0,0,0,0,0,0
2021-10-06,0,0,0,0,0,0,0,0,0,0,0,0,0,0,0,0,0,0,0
2021-10-07,0,0,0,0,0,0,0,0,0,0,0,0,0,0,0,0,0,0,0
2021-10-08,0,0,0,0,0,0,0,0,0,0,0,0,0,0,0,0,0,0,0
2021-10-11,0,0,0,0,0,0,0,0,0,0,0,0,0,0,0,0,0,0,0
2021-10-12,0,0,0,0,0,0,0,0,0,0,0,0,0,0,0,0,0,0,0
2021-10-13,0,0,0,0,0,0,0,0,0,0,0,0,0,0,0,0,0,0,0
2021-10-14,0,0,0,0,0,0,0,0,0,0,0,0,0,0,0,0,0,0,0
2021-10-15,0,0,0,0,0,0,0,0,0,0,0,0,0,0,0,0,0,0,0
2021-10-18,0,0,0,0,0,0,0,0,0,0,0,0,0,0,0,0,0,0,0
2021-10-19,0,0,0,0,0,0,0,0,0,0,0,0,0,0,0,0,0,0,0
2021-10-20,0,0,0,0,0,0,0,0,0,0,0,0,0,0,0,0,0,0,0
2021-10-21,0,0,0,0,0,0,0,0,0,0,0,0,0,0,0,0,0,0,0
2021-10-22,0,0,0,0,0,0,0,0,0,0,0,0,0,0,0,0,0,0,0
2021-10-25,0,0,0,0,0,0,0,0,0,0,0,0,0,0,0,0,0,0,0
2021-10-26,0,0,0,0,0,0,0,0,0,0,0,0,0,0,0,0,0,0,0
2021-10-27,0,0,0,0,0,0,0,0,0,0,0,0,0,0,0,0,0,0,0
2021-10-28,0,0,0,0,0,0,0,0,0,0,0,0,0,0,0,0,0,0,0
2021-10-29,0,0,0,0,0,0,0,0,0,0,0,0,0,0,0,0,0,0,0
2021-11-01,0,0,0,0,0,0,0,0,0,0,0,0,0,0,0,0,0,0,0
2021-11-02,0,0,0,0,0,0,0,0,0,0,0,0,0,0,0,0,0,0,0
2021-11-03,0,0,0,0,0,0,0,0,0,0,0,0,0,0,0,0,0,0,0
2021-11-04,0,0,0,0,0,0,0,0,0,0,0,0,0,0,0,0,0,0,0
2021-11-05,0,0,0,0,0,0,0,0,0,0,0,0,0,0,0,0,0,0,0
2021-11-08,0,0,0,0,0,0,0,0,0,0,0,0,0,0,0,0,0,0,0
2021-11-09,0,0,0,0,0,0,0,0,0,0,0,0,0,0,0,0,0,0,0
2021-11-10,0,0,0,0,0,0,0,0,0,0,0,0,0,0,0,0,0,0,0
2021-11-11,0,0,0,0,0,0,0,0,0,0,0,0,0,0,0,0,0,0,0
2021-11-12,0,0,0,0,0,0,0,0,0,0,0,0,0,0,0,0,0,0,0
2021-11-15,0,0,0,0,0,0,0,0,0,0,0,0,0,0,0,0,0,0,0
2021-11-16,0,0,0,0,0,0,0,0,0,0,0,0,0,0,0,0,0,0,0
2021-11-17,0,0,0,0,0,0,0,0,0,0,0,0,0,0,0,0,0,0,0
2021-11-18,0,0,0,0,0,0,0,0,0,0,0,0,0,0,0,0,0,0,0
2021-11-19,0,0,0,0,0,0,0,0,0,0,0,0,0,0,0,0,0,0,0
2021-11-22,0,0,0,0,0,0,0,0,0,0,0,0,0,0,0,0,0,0,0
2021-11-23,0,0,0,0,0,0,0,0,0,0,0,0,0,0,0,0,0,0,0
2021-11-24,0,0,0,0,0,0,0,0,0,0,0,0,0,0,0,0,0,0,0
2021-11-26,0,0,0,0,0,0,0,0,0,0,0,0,0,0,0,0,0,0,0
2021-11-29,0,0,0,0,0,0,0,0,0,0,0,0,0,0,0,0,0,0,0
2021-11-30,0,0,0,0,0,0,0,0,0,0,0,0,0,0,0,0,0,0,0
2021-12-01,0,0,0,0,0,0,0,0,0,0,0,0,0,0,0,0,0,0,0
2021-12-02,0,0,0,0,0,0,0,0,0,0,0,0,0,0,0,0,0,0,0
2021-12-03,0,0,0,0,0,0,0,0,0,0,0,0,0,0,0,0,0,0,0
2021-12-06,0,0,0,0,0,0,0,0,0,0,0,0,0,0,0,0,0,0,0
2021-12-07,0,0,0,0,0,0,0,0,0,0,0,0,0,0,0,0,0,0,0
2021-12-08,0,0,0,0,0,0,0,0,0,0,0,0,0,0,0,0,0,0,0
2021-12-09,0,0,0,0,0,0,0,0,0,0,0,0,0,0,0,0,0,0,0
2021-12-10,0,0,0,0,0,0,0,0,0,0,0,0,0,0,0,0,0,0,0
2021-12-13,0,0,0,0,0,0,0,0,0,0,0,0,0,0,0,0,0,0,0
2021-12-14,0,0,0,0,0,0,0,0,0,0,0,0,0,0,0,0,0,0,0
2021-12-15,0,0,0,0,0,0,0,0,0,0,0,0,0,0,0,0,0,0,0
2021-12-16,0,0,0,0,0,0,0,0,0,0,0,0,0,0,0,0,0,0,0
2021-12-17,0,0,0,0,0,0,0,0,0,0,0,0,0,0,0,0,0,0,0
2021-12-20,0,0,0,0,0,0,0,0,0,0,0,0,0,0,0,0,0,0,0
2021-12-21,0,0,0,0,0,0,0,0,0,0,0,0,0,0,0,0,0,0,0
2021-12-22,0,0,0,0,0,0,0,0,0,0,0,0,0,0,0,0,0,0,0
2021-12-23,0,0,0,0,0,0,0,0,0,0,0,0,0,0,0,0,0,0,0
2021-12-27,0,0,0,0,0,0,0,0,0,0,0,0,0,0,0,0,0,0,0
2021-12-28,0,0,0,0,0,0,0,0,0,0,0,0,0,0,0,0,0,0,0
2021-12-29,0,0,0,0,0,0,0,0,0,0,0,0,0,0,0,0,0,0,0
2021-12-30,0,0,0,0,0,0,0,0,0,0,0,0,0,0,0,0,0,0,0
2021-12-31,0,0,0,0,0,0,0,0,0,0,0,0,0,0,0,0,0,0,0
2022-01-03,0,0,0,0,0,0,0,0,0,0,0,0,0,0,0,0,0,0,0
2022-01-04,0,0,0,0,0,0,0,0,0,0,0,0,0,0,0,0,0,0,0
2022-01-05,0,0,0,0,0,0,0,0,0,0,0,0,0,0,0,0,0,0,0
2022-01-06,0,0,0,0,0,0,0,0,0,0,0,0,0,0,0,0,0,0,0
2022-01-07,0,0,0,0,0,0,0,0,0,0,0,0,0,0,0,0,0,0,0
2022-01-10,0,0,0,0,0,0,0,0,0,0,0,0,0,0,0,0,0,0,0
2022-01-11,0,0,0,0,0,0,0,0,0,0,0,0,0,0,0,0,0,0,0
2022-01-12,0,0,0,0,0,0,0,0,0,0,0,0,0,0,0,0,0,0,0
2022-01-13,0,0,0,0,0,0,0,0,0,0,0,0,0,0,0,0,0,0,0
2022-01-14,0,0,0,0,0,0,0,0,0,0,0,0,0,0,0,0,0,0,0
2022-01-18,0,0,0,0,0,0,0,0,0,0,0,0,0,0,0,0,0,0,0
2022-01-19,0,0,0,0,0,0,0,0,0,0,0,0,0,0,0,0,0,0,0
2022-01-20,0,0,0,0,0,0,0,0,0,0,0,0,0,0,0,0,0,0,0
2022-01-21,0,0,0,0,0,0,0,0,0,0,0,0,0,0,0,0,0,0,0
2022-01-24,0,0,0,0,0,0,0,0,0,0,0,0,0,0,0,0,0,0,0
2022-01-25,0,0,0,0,0,0,0,0,0,0,0,0,0,0,0,0,0,0,0
2022-01-26,0,0,0,0,0,0,0,0,0,0,0,0,0,0,0,0,0,0,0
2022-01-27,0,0,0,0,0,0,0,0,0,0,0,0,0,0,0,0,0,0,0
2022-01-28,0,0,0,0,0,0,0,0,0,0,0,0,0,0,0,0,0,0,0
2022-01-31,0,0,0,0,0,0,0,0,0,0,0,0,0,0,0,0,0,0,0
2022-02-01,0,0,0,0,0,0,0,0,0,0,0,0,0,0,0,0,0,0,0
2022-02-02,0,0,0,0,0,0,0,0,0,0,0,0,0,0,0,0,0,0,0
2022-02-03,0,0,0,0,0,0,0,0,0,0,0,0,0,0,0,0,0,0,0
2022-02-04,0,0,0,0,0,0,0,0,0,0,0,0,0,0,0,0,0,0,0
2022-02-07,0,0,0,0,0,0,0,0,0,0,0,0,0,0,0,0,0,0,0
2022-02-08,0,0,0,0,0,0,0,0,0,0,0,0,0,0,0,0,0,0,0
2022-02-09,0,0,0,0,0,0,0,0,0,0,0,0,0,0,0,0,0,0,0
2022-02-10,0,0,0,0,0,0,0,0,0,0,0,0,0,0,0,0,0,0,0
2022-02-11,0,0,0,0,0,0,0,0,0,0,0,0,0,0,0,0,0,0,0
2022-02-14,0,0,0,0,0,0,0,0,0,0,0,0,0,0,0,0,0,0,0
2022-02-15,0,0,0,0,0,0,0,0,0,0,0,0,0,0,0,0,0,0,0
2022-02-16,0,0,0,0,0,0,0,0,0,0,0,0,0,0,0,0,0,0,0
2022-02-17,0,0,0,0,0,0,0,0,0,0,0,0,0,0,0,0,0,0,0
2022-02-18,0,0,0,0,0,0,0,0,0,0,0,0,0,0,0,0,0,0,0
2022-02-22,0,0,0,0,0,0,0,0,0,0,0,0,0,0,0,0,0,0,0
2022-02-23,0,0,0,0,0,0,0,0,0,0,0,0,0,0,0,0,0,0,0
2022-02-24,0,0,0,0,0,0,0,0,0,0,0,0,0,0,0,0,0,0,0
2022-02-25,0,0,0,0,0,0,0,0,0,0,0,0,0,0,0,0,0,0,0
2022-02-28,0,0,0,0,0,0,0,0,0,0,0,0,0,0,0,0,0,0,0
2022-03-01,0,0,0,0,0,0,0,0,0,0,0,0,0,0,0,0,0,0,0
2022-03-02,0,0,0,0,0,0,0,0,0,0,0,0,0,0,0,0,0,0,0
2022-03-03,0,0,0,0,0,0,0,0,0,0,0,0,0,0,0,0,0,0,0
2022-03-04,0,0,0,0,0,0,0,0,0,0,0,0,0,0,0,0,0,0,0
2022-03-07,0,0,0,0,0,0,0,0,0,0,0,0,0,0,0,0,0,0,0
2022-03-08,0,0,0,0,0,0,0,0,0,0,0,0,0,0,0,0,0,0,0
2022-03-09,0,0,0,0,0,0,0,0,0,0,0,0,0,0,0,0,0,0,0
2022-03-10,0,0,0,0,0,0,0,0,0,0,0,0,0,0,0,0,0,0,0
2022-03-11,0,0,0,0,0,0,0,0,0,0,0,0,0,0,0,0,0,0,0
2022-03-14,0,0,0,0,0,0,0,0,0,0,0,0,0,0,0,0,0,0,0
2022-03-15,0,0,0,0,0,0,0,0,0,0,0,0,0,0,0,0,0,0,0
2022-03-16,0,0,0,0,0,0,0,0,0,0,0,0,0,0,0,0,0,0,0
2022-03-17,0,0,0,0,0,0,0,0,0,0,0,0,0,0,0,0,0,0,0
2022-03-18,0,0,0,0,0,0,0,0,0,0,0,0,0,0,0,0,0,0,0
2022-03-21,0,0,0,0,0,0,0,0,0,0,0,0,0,0,0,0,0,0,0
2022-03-22,0,0,0,0,0,0,0,0,0,0,0,0,0,0,0,0,0,0,0
2022-03-23,0,0,0,0,0,0,0,0,0,0,0,0,0,0,0,0,0,0,0
2022-03-24,0,0,0,0,0,0,0,0,0,0,0,0,0,0,0,0,0,0,0
2022-03-25,0,0,0,0,0,0,0,0,0,0,0,0,0,0,0,0,0,0,0
2022-03-28,0,0,0,0,0,0,0,0,0,0,0,0,0,0,0,0,0,0,0
2022-03-29,0,0,0,0,0,0,0,0,0,0,0,0,0,0,0,0,0,0,0
2022-03-30,0,0,0,0,0,0,0,0,0,0,0,0,0,0,0,0,0,0,0
2022-03-31,0,0,0,0,0,0,0,0,0,0,0,0,0,0,0,0,0,0,0
2022-04-01,0,0,0,0,0,0,0,0,0,0,0,0,0,0,0,0,0,0,0
2022-04-04,0,0,0,0,0,0,0,0,0,0,0,0,0,0,0,0,0,0,0
2022-04-05,0,0,0,0,0,0,0,0,0,0,0,0,0,0,0,0,0,0,0
2022-04-06,0,0,0,0,0,0,0,0,0,0,0,0,0,0,0,0,0,0,0
2022-04-07,0,0,0,0,0,0,0,0,0,0,0,0,0,0,0,0,0,0,0
2022-04-08,0,0,0,0,0,0,0,0,0,0,0,0,0,0,0,0,0,0,0
2022-04-11,0,0,0,0,0,0,0,0,0,0,0,0,0,0,0,0,0,0,0
2022-04-12,0,0,0,0,0,0,0,0,0,0,0,0,0,0,0,0,0,0,0
2022-04-13,0,0,0,0,0,0,0,0,0,0,0,0,0,0,0,0,0,0,0
2022-04-14,0,0,0,0,0,0,0,0,0,0,0,0,0,0,0,0,0,0,0
2022-04-18,0,0,0,0,0,0,0,0,0,0,0,0,0,0,0,0,0,0,0
2022-04-19,0,0,0,0,0,0,0,0,0,0,0,0,0,0,0,0,0,0,0
2022-04-20,0,0,0,0,0,0,0,0,0,0,0,0,0,0,0,0,0,0,0
2022-04-21,0,0,0,0,0,0,0,0,0,0,0,0,0,0,0,0,0,0,0
2022-04-22,0,0,0,0,0,0,0,0,0,0,0,0,0,0,0,0,0,0,0
2022-04-25,0,0,0,0,0,0,0,0,0,0,0,0,0,0,0,0,0,0,0
2022-04-26,0,0,0,0,0,0,0,0,0,0,0,0,0,0,0,0,0,0,0
2022-04-27,0,0,0,0,0,0,0,0,0,0,0,0,0,0,0,0,0,0,0
2022-04-28,0,0,0,0,0,0,0,0,0,0,0,0,0,0,0,0,0,0,0
2022-04-29,0,0,0,0,0,0,0,0,0,0,0,0,0,0,0,0,0,0,0
2022-05-02,0,0,0,0,0,0,0,0,0,0,0,0,0,0,0,0,0,0,0
2022-05-03,0,0,0,0,0,0,0,0,0,0,0,0,0,0,0,0,0,0,0
2022-05-04,0,0,0,0,0,0,0,0,0,0,0,0,0,0,0,0,0,0,0
2022-05-05,0,0,0,0,0,0,0,0,0,0,0,0,0,0,0,0,0,0,0
2022-05-06,0,0,0,0,0,0,0,0,0,0,0,0,0,0,0,0,0,0,0
2022-05-09,0,0,0,0,0,0,0,0,0,0,0,0,0,0,0,0,0,0,0
2022-05-10,0,0,0,0,0,0,0,0,0,0,0,0,0,0,0,0,0,0,0
2022-05-11,0,0,0,0,0,0,0,0,0,0,0,0,0,0,0,0,0,0,0
2022-05-12,0,0,0,0,0,0,0,0,0,0,0,0,0,0,0,0,0,0,0
2022-05-13,0,0,0,0,0,0,0,0,0,0,0,0,0,0,0,0,0,0,0
2022-05-16,0,0,0,0,0,0,0,0,0,0,0,0,0,0,0,0,0,0,0
2022-05-17,0,0,0,0,0,0,0,0,0,0,0,0,0,0,0,0,0,0,0
2022-05-18,0,0,0,0,0,0,0,0,0,0,0,0,0,0,0,0,0,0,0
2022-05-19,0,0,0,0,0,0,0,0,0,0,0,0,0,0,0,0,0,0,0
2022-05-20,0,0,0,0,0,0,0,0,0,0,0,0,0,0,0,0,0,0,0
2022-05-23,0,0,0,0,0,0,0,0,0,0,0,0,0,0,0,0,0,0,0
2022-05-24,0,0,0,0,0,0,0,0,0,0,0,0,0,0,0,0,0,0,0
2022-05-25,0,0,0,0,0,0,0,0,0,0,0,0,0,0,0,0,0,0,0
2022-05-26,0,0,0,0,0,0,0,0,0,0,0,0,0,0,0,0,0,0,0
2022-05-27,0,0,0,0,0,0,0,0,0,0,0,0,0,0,0,0,0,0,0
2022-05-31,0,0,0,0,0,0,0,0,0,0,0,0,0,0,0,0,0,0,0
2022-06-01,0,0,0,0,0,0,0,0,0,0,0,0,0,0,0,0,0,0,0
2022-06-02,0,0,0,0,0,0,0,0,0,0,0,0,0,0,0,0,0,0,0
2022-06-03,0,0,0,0,0,0,0,0,0,0,0,0,0,0,0,0,0,0,0
2022-06-06,0,0,0,0,0,0,0,0,0,0,0,0,0,0,0,0,0,0,0
2022-06-07,0,0,0,0,0,0,0,0,0,0,0,0,0,0,0,0,0,0,0
2022-06-08,0,0,0,0,0,0,0,0,0,0,0,0,0,0,0,0,0,0,0
2022-06-09,0,0,0,0,0,0,0,0,0,0,0,0,0,0,0,0,0,0,0
2022-06-10,0,0,0,0,0,0,0,0,0,0,0,0,0,0,0,0,0,0,0
2022-06-13,0,0,0,0,0,0,0,0,0,0,0,0,0,0,0,0,0,0,0
2022-06-14,0,0,0,0,0,0,0,0,0,0,0,0,0,0,0,0,0,0,0
2022-06-15,0,0,0,0,0,0,0,0,0,0,0,0,0,0,0,0,0,0,0
2022-06-16,0,0,0,0,0,0,0,0,0,0,0,0,0,0,0,0,0,0,0
2022-06-17,0,0,0,0,0,0,0,0,0,0,0,0,0,0,0,0,0,0,0
2022-06-21,0,0,0,0,0,0,0,0,0,0,0,0,0,0,0,0,0,0,0
2022-06-22,0,0,0,0,0,0,0,0,0,0,0,0,0,0,0,0,0,0,0
2022-06-23,0,0,0,0,0,0,0,0,0,0,0,0,0,0,0,0,0,0,0
2022-06-24,0,0,0,0,0,0,0,0,0,0,0,0,0,0,0,0,0,0,0
2022-06-27,0,0,0,0,0,0,0,0,0,0,0,0,0,0,0,0,0,0,0
2022-06-28,0,0,0,0,0,0,0,0,0,0,0,0,0,0,0,0,0,0,0
2022-06-29,0,0,0,0,0,0,0,0,0,0,0,0,0,0,0,0,0,0,0
2022-06-30,0,0,0,0,0,0,0,0,0,0,0,0,0,0,0,0,0,0,0
2022-07-01,0,0,0,0,0,0,0,0,0,0,0,0,0,0,0,0,0,0,0
2022-07-05,0,0,0,0,0,0,0,0,0,0,0,0,0,0,0,0,0,0,0
2022-07-06,0,0,0,0,0,0,0,0,0,0,0,0,0,0,0,0,0,0,0
2022-07-07,0,0,0,0,0,0,0,0,0,0,0,0,0,0,0,0,0,0,0
2022-07-08,0,0,0,0,0,0,0,0,0,0,0,0,0,0,0,0,0,0,0
2022-07-11,0,0,0,0,0,0,0,0,0,0,0,0,0,0,0,0,0,0,0
2022-07-12,0,0,0,0,0,0,0,0,0,0,0,0,0,0,0,0,0,0,0
2022-07-13,0,0,0,0,0,0,0,0,0,0,0,0,0,0,0,0,0,0,0
2022-07-14,0,0,0,0,0,0,0,0,0,0,0,0,0,0,0,0,0,0,0
2022-07-15,0,0,0,0,0,0,0,0,0,0,0,0,0,0,0,0,0,0,0
2022-07-18,0,0,0,0,0,0,0,0,0,0,0,0,0,0,0,0,0,0,0
2022-07-19,0,0,0,0,0,0,0,0,0,0,0,0,0,0,0,0,0,0,0
2022-07-20,0,0,0,0,0,0,0,0,0,0,0,0,0,0,0,0,0,0,0
2022-07-21,0,0,0,0,0,0,0,0,0,0,0,0,0,0,0,0,0,0,0
2022-07-22,0,0,0,0,0,0,0,0,0,0,0,0,0,0,0,0,0,0,0
2022-07-25,0,0,0,0,0,0,0,0,0,0,0,0,0,0,0,0,0,0,0
2022-07-26,0,0,0,0,0,0,0,0,0,0,0,0,0,0,0,0,0,0,0
2022-07-27,0,0,0,0,0,0,0,0,0,0,0,0,0,0,0,0,0,0,0
2022-07-28,0,0,0,0,0,0,0,0,0,0,0,0,0,0,0,0,0,0,0
2022-07-29,0,0,0,0,0,0,0,0,0,0,0,0,0,0,0,0,0,0,0
2022-08-01,0,0,0,0,0,0,0,0,0,0,0,0,0,0,0,0,0,0,0
2022-08-02,0,0,0,0,0,0,0,0,0,0,0,0,0,0,0,0,0,0,0
2022-08-03,0,0,0,0,0,0,0,0,0,0,0,0,0,0,0,0,0,0,0
2022-08-04,0,0,0,0,0,0,0,0,0,0,0,0,0,0,0,0,0,0,0
2022-08-05,0,0,0,0,0,0,0,0,0,0,0,0,0,0,0,0,0,0,0
2022-08-08,0,0,0,0,0,0,0,0,0,0,0,0,0,0,0,0,0,0,0
2022-08-09,0,0,0,0,0,0,0,0,0,0,0,0,0,0,0,0,0,0,0
2022-08-10,0,0,0,0,0,0,0,0,0,0,0,0,0,0,0,0,0,0,0
2022-08-11,0,0,0,0,0,0,0,0,0,0,0,0,0,0,0,0,0,0,0
2022-08-12,0,0,0,0,0,0,0,0,0,0,0,0,0,0,0,0,0,0,0
2022-08-15,0,0,0,0,0,0,0,0,0,0,0,0,0,0,0,0,0,0,0
2022-08-16,0,0,0,0,0,0,0,0,0,0,0,0,0,0,0,0,0,0,0
2022-08-17,0,0,0,0,0,0,0,0,0,0,0,0,0,0,0,0,0,0,0
2022-08-18,0,0,0,0,0,0,0,0,0,0,0,0,0,0,0,0,0,0,0
2022-08-19,0,0,0,0,0,0,0,0,0,0,0,0,0,0,0,0,0,0,0
2022-08-22,0,0,0,0,0,0,0,0,0,0,0,0,0,0,0,0,0,0,0
2022-08-23,0,0,0,0,0,0,0,0,0,0,0,0,0,0,0,0,0,0,0
2022-08-24,0,0,0,0,0,0,0,0,0,0,0,0,0,0,0,0,0,0,0
2022-08-25,0,0,0,0,0,0,0,0,0,0,0,0,0,0,0,0,0,0,0
2022-08-26,0,0,0,0,0,0,0,0,0,0,0,0,0,0,0,0,0,0,0
2022-08-29,0,0,0,0,0,0,0,0,0,0,0,0,0,0,0,0,0,0,0
2022-08-30,0,0,0,0,0,0,0,0,0,0,0,0,0,0,0,0,0,0,0
2022-08-31,0,0,0,0,0,0,0,0,0,0,0,0,0,0,0,0,0,0,0
2022-09-01,0,0,0,0,0,0,0,0,0,0,0,0,0,0,0,0,0,0,0
2022-09-02,0,0,0,0,0,0,0,0,0,0,0,0,0,0,0,0,0,0,0
2022-09-06,0,0,0,0,0,0,0,0,0,0,0,0,0,0,0,0,0,0,0
2022-09-07,0,0,0,0,0,0,0,0,0,0,0,0,0,0,0,0,0,0,0
2022-09-08,0,0,0,0,0,0,0,0,0,0,0,0,0,0,0,0,0,0,0
2022-09-09,0,0,0,0,0,0,0,0,0,0,0,0,0,0,0,0,0,0,0
2022-09-12,0,0,0,0,0,0,0,0,0,0,0,0,0,0,0,0,0,0,0
2022-09-13,0,0,0,0,0,0,0,0,0,0,0,0,0,0,0,0,0,0,0
2022-09-14,0,0,0,0,0,0,0,0,0,0,0,0,0,0,0,0,0,0,0
2022-09-15,0,0,0,0,0,0,0,0,0,0,0,0,0,0,0,0,0,0,0
2022-09-16,0,0,0,0,0,0,0,0,0,0,0,0,0,0,0,0,0,0,0
2022-09-19,0,0,0,0,0,0,0,0,0,0,0,0,0,0,0,0,0,0,0
2022-09-20,0,0,0,0,0,0,0,0,0,0,0,0,0,0,0,0,0,0,0
2022-09-21,0,0,0,0,0,0,0,0,0,0,0,0,0,0,0,0,0,0,0
2022-09-22,0,0,0,0,0,0,0,0,0,0,0,0,0,0,0,0,0,0,0
2022-09-23,0,0,0,0,0,0,0,0,0,0,0,0,0,0,0,0,0,0,0
2022-09-26,0,0,0,0,0,0,0,0,0,0,0,0,0,0,0,0,0,0,0
2022-09-27,0,0,0,0,0,0,0,0,0,0,0,0,0,0,0,0,0,0,0
2022-09-28,0,0,0,0,0,0,0,0,0,0,0,0,0,0,0,0,0,0,0
2022-09-29,0,0,0,0,0,0,0,0,0,0,0,0,0,0,0,0,0,0,0
2022-09-30,0,0,0,0,0,0,0,0,0,0,0,0,0,0,0,0,0,0,0
2022-10-03,0,0,0,0,0,0,0,0,0,0,0,0,0,0,0,0,0,0,0
2022-10-04,0,0,0,0,0,0,0,0,0,0,0,0,0,0,0,0,0,0,0
2022-10-05,0,0,0,0,0,0,0,0,0,0,0,0,0,0,0,0,0,0,0
2022-10-06,0,0,0,0,0,0,0,0,0,0,0,0,0,0,0,0,0,0,0
2022-10-07,0,0,0,0,0,0,0,0,0,0,0,0,0,0,0,0,0,0,0
2022-10-10,0,0,0,0,0,0,0,0,0,0,0,0,0,0,0,0,0,0,0
2022-10-11,0,0,0,0,0,0,0,0,0,0,0,0,0,0,0,0,0,0,0
2022-10-12,0,0,0,0,0,0,0,0,0,0,0,0,0,0,0,0,0,0,0
2022-10-13,0,0,0,0,0,0,0,0,0,0,0,0,0,0,0,0,0,0,0
2022-10-14,0,0,0,0,0,0,0,0,0,0,0,0,0,0,0,0,0,0,0
2022-10-17,0,0,0,0,0,0,0,0,0,0,0,0,0,0,0,0,0,0,0
2022-10-18,0,0,0,0,0,0,0,0,0,0,0,0,0,0,0,0,0,0,0
2022-10-19,0,0,0,0,0,0,0,0,0,0,0,0,0,0,0,0,0,0,0
2022-10-20,0,0,0,0,0,0,0,0,0,0,0,0,0,0,0,0,0,0,0
2022-10-21,0,0,0,0,0,0,0,0,0,0,0,0,0,0,0,0,0,0,0
2022-10-24,0,0,0,0,0,0,0,0,0,0,0,0,0,0,0,0,0,0,0
2022-10-25,0,0,0,0,0,0,0,0,0,0,0,0,0,0,0,0,0,0,0
2022-10-26,0,0,0,0,0,0,0,0,0,0,0,0,0,0,0,0,0,0,0
2022-10-27,0,0,0,0,0,0,0,0,0,0,0,0,0,0,0,0,0,0,0
2022-10-28,0,0,0,0,0,0,0,0,0,0,0,0,0,0,0,0,0,0,0
2022-10-31,0,0,0,0,0,0,0,0,0,0,0,0,0,0,0,0,0,0,0
2022-11-01,0,0,0,0,0,0,0,0,0,0,0,0,0,0,0,0,0,0,0
2022-11-02,0,0,0,0,0,0,0,0,0,0,0,0,0,0,0,0,0,0,0
2022-11-03,0,0,0,0,0,0,0,0,0,0,0,0,0,0,0,0,0,0,0
2022-11-04,0,0,0,0,0,0,0,0,0,0,0,0,0,0,0,0,0,0,0
2022-11-07,0,0,0,0,0,0,0,0,0,0,0,0,0,0,0,0,0,0,0
2022-11-08,0,0,0,0,0,0,0,0,0,0,0,0,0,0,0,0,0,0,0
2022-11-09,0,0,0,0,0,0,0,0,0,0,0,0,0,0,0,0,0,0,0
2022-11-10,0,0,0,0,0,0,0,0,0,0,0,0,0,0,0,0,0,0,0
2022-11-11,0,0,0,0,0,0,0,0,0,0,0,0,0,0,0,0,0,0,0
2022-11-14,0,0,0,0,0,0,0,0,0,0,0,0,0,0,0,0,0,0,0
2022-11-15,0,0,0,0,0,0,0,0,0,0,0,0,0,0,0,0,0,0,0
2022-11-16,0,0,0,0,0,0,0,0,0,0,0,0,0,0,0,0,0,0,0
2022-11-17,0,0,0,0,0,0,0,0,0,0,0,0,0,0,0,0,0,0,0
2022-11-18,0,0,0,0,0,0,0,0,0,0,0,0,0,0,0,0,0,0,0
2022-11-21,0,0,0,0,0,0,0,0,0,0,0,0,0,0,0,0,0,0,0
2022-11-22,0,0,0,0,0,0,0,0,0,0,0,0,0,0,0,0,0,0,0
2022-11-23,0,0,0,0,0,0,0,0,0,0,0,0,0,0,0,0,0,0,0
2022-11-25,0,0,0,0,0,0,0,0,0,0,0,0,0,0,0,0,0,0,0
2022-11-28,0,0,0,0,0,0,0,0,0,0,0,0,0,0,0,0,0,0,0
2022-11-29,0,0,0,0,0,0,0,0,0,0,0,0,0,0,0,0,0,0,0
2022-11-30,0,0,0,0,0,0,0,0,0,0,0,0,0,0,0,0,0,0,0
2022-12-01,0,0,0,0,0,0,0,0,0,0,0,0,0,0,0,0,0,0,0
2022-12-02,0,0,0,0,0,0,0,0,0,0,0,0,0,0,0,0,0,0,0
2022-12-05,0,0,0,0,0,0,0,0,0,0,0,0,0,0,0,0,0,0,0
2022-12-06,0,0,0,0,0,0,0,0,0,0,0,0,0,0,0,0,0,0,0
2022-12-07,0,0,0,0,0,0,0,0,0,0,0,0,0,0,0,0,0,0,0
2022-12-08,0,0,0,0,0,0,0,0,0,0,0,0,0,0,0,0,0,0,0
2022-12-09,0,0,0,0,0,0,0,0,0,0,0,0,0,0,0,0,0,0,0
2022-12-12,0,0,0,0,0,0,0,0,0,0,0,0,0,0,0,0,0,0,0
2022-12-13,0,0,0,0,0,0,0,0,0,0,0,0,0,0,0,0,0,0,0
2022-12-14,0,0,0,0,0,0,0,0,0,0,0,0,0,0,0,0,0,0,0
2022-12-15,0,0,0,0,0,0,0,0,0,0,0,0,0,0,0,0,0,0,0
2022-12-16,0,0,0,0,0,0,0,0,0,0,0,0,0,0,0,0,0,0,0
2022-12-19,0,0,0,0,0,0,0,0,0,0,0,0,0,0,0,0,0,0,0
2022-12-20,0,0,0,0,0,0,0,0,0,0,0,0,0,0,0,0,0,0,0
2022-12-21,0,0,0,0,0,0,0,0,0,0,0,0,0,0,0,0,0,0,0
2022-12-22,0,0,0,0,0,0,0,0,0,0,0,0,0,0,0,0,0,0,0
2022-12-23,0,0,0,0,0,0,0,0,0,0,0,0,0,0,0,0,0,0,0
2022-12-27,0,0,0,0,0,0,0,0,0,0,0,0,0,0,0,0,0,0,0
2022-12-28,0,0,0,0,0,0,0,0,0,0,0,0,0,0,0,0,0,0,0
2022-12-29,0,0,0,0,0,0,0,0,0,0,0,0,0,0,0,0,0,0,0
2022-12-30,0,0,0,0,0,0,0,0,0,0,0,0,0,0,0,0,0,0,0
2023-01-03,0,0,0,0,0,0,0,0,0,0,0,0,0,0,0,0,0,0,0
2023-01-04,0,0,0,0,0,0,0,0,0,0,0,0,0,0,0,0,0,0,0
2023-01-05,0,0,0,0,0,0,0,0,0,0,0,0,0,0,0,0,0,0,0
2023-01-06,0,0,0,0,0,0,0,0,0,0,0,0,0,0,0,0,0,0,0
2023-01-09,0,0,0,0,0,0,0,0,0,0,0,0,0,0,0,0,0,0,0
2023-01-10,0,0,0,0,0,0,0,0,0,0,0,0,0,0,0,0,0,0,0
2023-01-11,0,0,0,0,0,0,0,0,0,0,0,0,0,0,0,0,0,0,0
2023-01-12,0,0,0,0,0,0,0,0,0,0,0,0,0,0,0,0,0,0,0
2023-01-13,0,0,0,0,0,0,0,0,0,0,0,0,0,0,0,0,0,0,0
2023-01-17,0,0,0,0,0,0,0,0,0,0,0,0,0,0,0,0,0,0,0
2023-01-18,0,0,0,0,0,0,0,0,0,0,0,0,0,0,0,0,0,0,0
2023-01-19,0,0,0,0,0,0,0,0,0,0,0,0,0,0,0,0,0,0,0
2023-01-20,0,0,0,0,0,0,0,0,0,0,0,0,0,0,0,0,0,0,0
2023-01-23,0,0,0,0,0,0,0,0,0,0,0,0,0,0,0,0,0,0,0
2023-01-24,0,0,0,0,0,0,0,0,0,0,0,0,0,0,0,0,0,0,0
2023-01-25,0,0,0,0,0,0,0,0,0,0,0,0,0,0,0,0,0,0,0
2023-01-26,0,0,0,0,0,0,0,0,0,0,0,0,0,0,0,0,0,0,0
2023-01-27,0,0,0,0,0,0,0,0,0,0,0,0,0,0,0,0,0,0,0
2023-01-30,0,0,0,0,0,0,0,0,0,0,0,0,0,0,0,0,0,0,0
2023-01-31,0,0,0,0,0,0,0,0,0,0,0,0,0,0,0,0,0,0,0
2023-02-01,0,0,0,0,0,0,0,0,0,0,0,0,0,0,0,0,0,0,0
2023-02-02,0,0,0,0,0,0,0,0,0,0,0,0,0,0,0,0,0,0,0
2023-02-03,0,0,0,0,0,0,0,0,0,0,0,0,0,0,0,0,0,0,0
2023-02-06,0,0,0,0,0,0,0,0,0,0,0,0,0,0,0,0,0,0,0
2023-02-07,0,0,0,0,0,0,0,0,0,0,0,0,0,0,0,0,0,0,0
2023-02-08,0,0,0,0,0,0,0,0,0,0,0,0,0,0,0,0,0,0,0
2023-02-09,0,0,0,0,0,0,0,0,0,0,0,0,0,0,0,0,0,0,0
2023-02-10,0,0,0,0,0,0,0,0,0,0,0,0,0,0,0,0,0,0,0
2023-02-13,0,0,0,0,0,0,0,0,0,0,0,0,0,0,0,0,0,0,0
2023-02-14,0,0,0,0,0,0,0,0,0,0,0,0,0,0,0,0,0,0,0
2023-02-15,0,0,0,0,0,0,0,0,0,0,0,0,0,0,0,0,0,0,0
2023-02-16,0,0,0,0,0,0,0,0,0,0,0,0,0,0,0,0,0,0,0
2023-02-17,0,0,0,0,0,0,0,0,0,0,0,0,0,0,0,0,0,0,0
2023-02-21,0,0,0,0,0,0,0,0,0,0,0,0,0,0,0,0,0,0,0
2023-02-22,0,0,0,0,0,0,0,0,0,0,0,0,0,0,0,0,0,0,0
2023-02-23,0,0,0,0,0,0,0,0,0,0,0,0,0,0,0,0,0,0,0
2023-02-24,0,0,0,0,0,0,0,0,0,0,0,0,0,0,0,0,0,0,0
2023-02-27,0,0,0,0,0,0,0,0,0,0,0,0,0,0,0,0,0,0,0
2023-02-28,0,0,0,0,0,0,0,0,0,0,0,0,0,0,0,0,0,0,0
2023-03-01,0,0,0,0,0,0,0,0,0,0,0,0,0,0,0,0,0,0,0
2023-03-02,0,0,0,0,0,0,0,0,0,0,0,0,0,0,0,0,0,0,0
2023-03-03,0,0,0,0,0,0,0,0,0,0,0,0,0,0,0,0,0,0,0
2023-03-06,0,0,0,0,0,0,0,0,0,0,0,0,0,0,0,0,0,0,0
2023-03-07,0,0,0,0,0,0,0,0,0,0,0,0,0,0,0,0,0,0,0
2023-03-08,0,0,0,0,0,0,0,0,0,0,0,0,0,0,0,0,0,0,0
2023-03-09,0,0,0,0,0,0,0,0,0,0,0,0,0,0,0,0,0,0,0
2023-03-10,0,0,0,0,0,0,0,0,0,0,0,0,0,0,0,0,0,0,0
2023-03-13,0,0,0,0,0,0,0,0,0,0,0,0,0,0,0,0,0,0,0
2023-03-14,0,0,0,0,0,0,0,0,0,0,0,0,0,0,0,0,0,0,0
2023-03-15,0,0,0,0,0,0,0,0,0,0,0,0,0,0,0,0,0,0,0
2023-03-16,0,0,0,0,0,0,0,0,0,0,0,0,0,0,0,0,0,0,0
2023-03-17,0,0,0,0,0,0,0,0,0,0,0,0,0,0,0,0,0,0,0
2023-03-20,0,0,0,0,0,0,0,0,0,0,0,0,0,0,0,0,0,0,0
2023-03-21,0,0,0,0,0,0,0,0,0,0,0,0,0,0,0,0,0,0,0
2023-03-22,0,0,0,0,0,0,0,0,0,0,0,0,0,0,0,0,0,0,0
2023-03-23,0,0,0,0,0,0,0,0,0,0,0,0,0,0,0,0,0,0,0
2023-03-24,0,0,0,0,0,0,0,0,0,0,0,0,0,0,0,0,0,0,0
2023-03-27,0,0,0,0,0,0,0,0,0,0,0,0,0,0,0,0,0,0,0
2023-03-28,0,0,0,0,0,0,0,0,0,0,0,0,0,0,0,0,0,0,0
2023-03-29,0,0,0,0,0,0,0,0,0,0,0,0,0,0,0,0,0,0,0
2023-03-30,0,0,0,0,0,0,0,0,0,0,0,0,0,0,0,0,0,0,0
2023-03-31,0,0,0,0,0,0,0,0,0,0,0,0,0,0,0,0,0,0,0
2023-04-03,0,0,0,0,0,0,0,0,0,0,0,0,0,0,0,0,0,0,0
2023-04-04,0,0,0,0,0,0,0,0,0,0,0,0,0,0,0,0,0,0,0
2023-04-05,0,0,0,0,0,0,0,0,0,0,0,0,0,0,0,0,0,0,0
2023-04-06,0,0,0,0,0,0,0,0,0,0,0,0,0,0,0,0,0,0,0
2023-04-10,0,0,0,0,0,0,0,0,0,0,0,0,0,0,0,0,0,0,0
2023-04-11,0,0,0,0,0,0,0,0,0,0,0,0,0,0,0,0,0,0,0
2023-04-12,0,0,0,0,0,0,0,0,0,0,0,0,0,0,0,0,0,0,0
2023-04-13,0,0,0,0,0,0,0,0,0,0,0,0,0,0,0,0,0,0,0
2023-04-14,0,0,0,0,0,0,0,0,0,0,0,0,0,0,0,0,0,0,0
2023-04-17,0,0,0,0,0,0,0,0,0,0,0,0,0,0,0,0,0,0,0
2023-04-18,0,0,0,0,0,0,0,0,0,0,0,0,0,0,0,0,0,0,0
2023-04-19,0,0,0,0,0,0,0,0,0,0,0,0,0,0,0,0,0,0,0
2023-04-20,0,0,0,0,0,0,0,0,0,0,0,0,0,0,0,0,0,0,0
2023-04-21,0,0,0,0,0,0,0,0,0,0,0,0,0,0,0,0,0,0,0
2023-04-24,0,0,0,0,0,0,0,0,0,0,0,0,0,0,0,0,0,0,0
2023-04-25,0,0,0,0,0,0,0,0,0,0,0,0,0,0,0,0,0,0,0
2023-04-26,0,0,0,0,0,0,0,0,0,0,0,0,0,0,0,0,0,0,0
2023-04-27,0,0,0,0,0,0,0,0,0,0,0,0,0,0,0,0,0,0,0
2023-04-28,0,0,0,0,0,0,0,0,0,0,0,0,0,0,0,0,0,0,0
2023-05-01,0,0,0,0,0,0,0,0,0,0,0,0,0,0,0,0,0,0,0
2023-05-02,0,0,0,0,0,0,0,0,0,0,0,0,0,0,0,0,0,0,0
2023-05-03,0,0,0,0,0,0,0,0,0,0,0,0,0,0,0,0,0,0,0
2023-05-04,0,0,0,0,0,0,0,0,0,0,0,0,0,0,0,0,0,0,0
2023-05-05,0,0,0,0,0,0,0,0,0,0,0,0,0,0,0,0,0,0,0
2023-05-08,0,0,0,0,0,0,0,0,0,0,0,0,0,0,0,0,0,0,0
2023-05-09,0,0,0,0,0,0,0,0,0,0,0,0,0,0,0,0,0,0,0
2023-05-10,0,0,0,0,0,0,0,0,0,0,0,0,0,0,0,0,0,0,0
2023-05-11,0,0,0,0,0,0,0,0,0,0,0,0,0,0,0,0,0,0,0
2023-05-12,0,0,0,0,0,0,0,0,0,0,0,0,0,0,0,0,0,0,0
2023-05-15,0,0,0,0,0,0,0,0,0,0,0,0,0,0,0,0,0,0,0
2023-05-16,0,0,0,0,0,0,0,0,0,0,0,0,0,0,0,0,0,0,0
2023-05-17,0,0,0,0,0,0,0,0,0,0,0,0,0,0,0,0,0,0,0
2023-05-18,0,0,0,0,0,0,0,0,0,0,0,0,0,0,0,0,0,0,0
2023-05-19,0,0,0,0,0,0,0,0,0,0,0,0,0,0,0,0,0,0,0
2023-05-22,0,0,0,0,0,0,0,0,0,0,0,0,0,0,0,0,0,0,0
2023-05-23,0,0,0,0,0,0,0,0,0,0,0,0,0,0,0,0,0,0,0
2023-05-24,0,0,0,0,0,0,0,0,0,0,0,0,0,0,0,0,0,0,0
2023-05-25,0,0,0,0,0,0,0,0,0,0,0,0,0,0,0,0,0,0,0
2023-05-26,0,0,0,0,0,0,0,0,0,0,0,0,0,0,0,0,0,0,0
2023-05-30,0,0,0,0,0,0,0,0,0,0,0,0,0,0,0,0,0,0,0
2023-05-31,0,0,0,0,0,0,0,0,0,0,0,0,0,0,0,0,0,0,0
2023-06-01,0,0,0,0,0,0,0,0,0,0,0,0,0,0,0,0,0,0,0
2023-06-02,0,0,0,0,0,0,0,0,0,0,0,0,0,0,0,0,0,0,0
2023-06-05,0,0,0,0,0,0,0,0,0,0,0,0,0,0,0,0,0,0,0
2023-06-06,0,0,0,0,0,0,0,0,0,0,0,0,0,0,0,0,0,0,0
2023-06-07,0,0,0,0,0,0,0,0,0,0,0,0,0,0,0,0,0,0,0
2023-06-08,0,0,0,0,0,0,0,0,0,0,0,0,0,0,0,0,0,0,0
2023-06-09,0,0,0,0,0,0,0,0,0,0,0,0,0,0,0,0,0,0,0
2023-06-12,0,0,0,0,0,0,0,0,0,0,0,0,0,0,0,0,0,0,0
2023-06-13,0,0,0,0,0,0,0,0,0,0,0,0,0,0,0,0,0,0,0
2023-06-14,0,0,0,0,0,0,0,0,0,0,0,0,0,0,0,0,0,0,0
2023-06-15,0,0,0,0,0,0,0,0,0,0,0,0,0,0,0,0,0,0,0
2023-06-16,0,0,0,0,0,0,0,0,0,0,0,0,0,0,0,0,0,0,0
2023-06-20,0,0,0,0,0,0,0,0,0,0,0,0,0,0,0,0,0,0,0
2023-06-21,0,0,0,0,0,0,0,0,0,0,0,0,0,0,0,0,0,0,0
2023-06-22,0,0,0,0,0,0,0,0,0,0,0,0,0,0,0,0,0,0,0
2023-06-23,0,0,0,0,0,0,0,0,0,0,0,0,0,0,0,0,0,0,0
2023-06-26,0,0,0,0,0,0,0,0,0,0,0,0,0,0,0,0,0,0,0
2023-06-27,0,0,0,0,0,0,0,0,0,0,0,0,0,0,0,0,0,0,0
2023-06-28,0,0,0,0,0,0,0,0,0,0,0,0,0,0,0,0,0,0,0
2023-06-29,0,0,0,0,0,0,0,0,0,0,0,0,0,0,0,0,0,0,0
2023-06-30,0,0,0,0,0,0,0,0,0,0,0,0,0,0,0,0,0,0,0
2023-07-03,0,0,0,0,0,0,0,0,0,0,0,0,0,0,0,0,0,0,0
2023-07-05,0,0,0,0,0,0,0,0,0,0,0,0,0,0,0,0,0,0,0
2023-07-06,0,0,0,0,0,0,0,0,0,0,0,0,0,0,0,0,0,0,0
2023-07-07,0,0,0,0,0,0,0,0,0,0,0,0,0,0,0,0,0,0,0
2023-07-10,0,0,0,0,0,0,0,0,0,0,0,0,0,0,0,0,0,0,0
2023-07-11,0,0,0,0,0,0,0,0,0,0,0,0,0,0,0,0,0,0,0
2023-07-12,0,0,0,0,0,0,0,0,0,0,0,0,0,0,0,0,0,0,0
2023-07-13,0,0,0,0,0,0,0,0,0,0,0,0,0,0,0,0,0,0,0
2023-07-14,0,0,0,0,0,0,0,0,0,0,0,0,0,0,0,0,0,0,0
2023-07-17,0,0,0,0,0,0,0,0,0,0,0,0,0,0,0,0,0,0,0
2023-07-18,0,0,0,0,0,0,0,0,0,0,0,0,0,0,0,0,0,0,0
2023-07-19,0,0,0,0,0,0,0,0,0,0,0,0,0,0,0,0,0,0,0
2023-07-20,0,0,0,0,0,0,0,0,0,0,0,0,0,0,0,0,0,0,0
2023-07-21,0,0,0,0,0,0,0,0,0,0,0,0,0,0,0,0,0,0,0
2023-07-24,0,0,0,0,0,0,0,0,0,0,0,0,0,0,0,0,0,0,0
2023-07-25,0,0,0,0,0,0,0,0,0,0,0,0,0,0,0,0,0,0,0
2023-07-26,0,0,0,0,0,0,0,0,0,0,0,0,0,0,0,0,0,0,0
2023-07-27,0,0,0,0,0,0,0,0,0,0,0,0,0,0,0,0,0,0,0
2023-07-28,0,0,0,0,0,0,0,0,0,0,0,0,0,0,0,0,0,0,0
2023-07-31,0,0,0,0,0,0,0,0,0,0,0,0,0,0,0,0,0,0,0
2023-08-01,0,0,0,0,0,0,0,0,0,0,0,0,0,0,0,0,0,0,0
2023-08-02,0,0,0,0,0,0,0,0,0,0,0,0,0,0,0,0,0,0,0
2023-08-03,0,0,0,0,0,0,0,0,0,0,0,0,0,0,0,0,0,0,0
2023-08-04,0,0,0,0,0,0,0,0,0,0,0,0,0,0,0,0,0,0,0
2023-08-07,0,0,0,0,0,0,0,0,0,0,0,0,0,0,0,0,0,0,0
2023-08-08,0,0,0,0,0,0,0,0,0,0,0,0,0,0,0,0,0,0,0
2023-08-09,0,0,0,0,0,0,0,0,0,0,0,0,0,0,0,0,0,0,0
2023-08-10,0,0,0,0,0,0,0,0,0,0,0,0,0,0,0,0,0,0,0
2023-08-11,0,0,0,0,0,0,0,0,0,0,0,0,0,0,0,0,0,0,0
2023-08-14,0,0,0,0,0,0,0,0,0,0,0,0,0,0,0,0,0,0,0
2023-08-15,0,0,0,0,0,0,0,0,0,0,0,0,0,0,0,0,0,0,0
2023-08-16,0,0,0,0,0,0,0,0,0,0,0,0,0,0,0,0,0,0,0
2023-08-17,0,0,0,0,0,0,0,0,0,0,0,0,0,0,0,0,0,0,0
2023-08-18,0,0,0,0,0,0,0,0,0,0,0,0,0,0,0,0,0,0,0
2023-08-21,0,0,0,0,0,0,0,0,0,0,0,0,0,0,0,0,0,0,0
2023-08-22,0,0,0,0,0,0,0,0,0,0,0,0,0,0,0,0,0,0,0
2023-08-23,0,0,0,0,0,0,0,0,0,0,0,0,0,0,0,0,0,0,0
2023-08-24,0,0,0,0,0,0,0,0,0,0,0,0,0,0,0,0,0,0,0
2023-08-25,0,0,0,0,0,0,0,0,0,0,0,0,0,0,0,0,0,0,0
2023-08-28,0,0,0,0,0,0,0,0,0,0,0,0,0,0,0,0,0,0,0
2023-08-29,0,0,0,0,0,0,0,0,0,0,0,0,0,0,0,0,0,0,0
2023-08-30,0,0,0,0,0,0,0,0,0,0,0,0,0,0,0,0,0,0,0
2023-08-31,0,0,0,0,0,0,0,0,0,0,0,0,0,0,0,0,0,0,0
2023-09-01,0,0,0,0,0,0,0,0,0,0,0,0,0,0,0,0,0,0,0
2023-09-05,0,0,0,0,0,0,0,0,0,0,0,0,0,0,0,0,0,0,0
2023-09-06,0,0,0,0,0,0,0,0,0,0,0,0,0,0,0,0,0,0,0
2023-09-07,0,0,0,0,0,0,0,0,0,0,0,0,0,0,0,0,0,0,0
2023-09-08,0,0,0,0,0,0,0,0,0,0,0,0,0,0,0,0,0,0,0
2023-09-11,0,0,0,0,0,0,0,0,0,0,0,0,0,0,0,0,0,0,0
2023-09-12,0,0,0,0,0,0,0,0,0,0,0,0,0,0,0,0,0,0,0
2023-09-13,0,0,0,0,0,0,0,0,0,0,0,0,0,0,0,0,0,0,0
2023-09-14,0,0,0,0,0,0,0,0,0,0,0,0,0,0,0,0,0,0,0
2023-09-15,0,0,0,0,0,0,0,0,0,0,0,0,0,0,0,0,0,0,0
2023-09-18,0,0,0,0,0,0,0,0,0,0,0,0,0,0,0,0,0,0,0
2023-09-19,0,0,0,0,0,0,0,0,0,0,0,0,0,0,0,0,0,0,0
2023-09-20,0,0,0,0,0,0,0,0,0,0,0,0,0,0,0,0,0,0,0
2023-09-21,0,0,0,0,0,0,0,0,0,0,0,0,0,0,0,0,0,0,0
2023-09-22,0,0,0,0,0,0,0,0,0,0,0,0,0,0,0,0,0,0,0
2023-09-25,0,0,0,0,0,0,0,0,0,0,0,0,0,0,0,0,0,0,0
2023-09-26,0,0,0,0,0,0,0,0,0,0,0,0,0,0,0,0,0,0,0
2023-09-27,0,0,0,0,0,0,0,0,0,0,0,0,0,0,0,0,0,0,0
2023-09-28,0,0,0,0,0,0,0,0,0,0,0,0,0,0,0,0,0,0,0
2023-09-29,0,0,0,0,0,0,0,0,0,0,0,0,0,0,0,0,0,0,0
2023-10-02,0,0,0,0,0,0,0,0,0,0,0,0,0,0,0,0,0,0,0
2023-10-03,0,0,0,0,0,0,0,0,0,0,0,0,0,0,0,0,0,0,0
2023-10-04,0,0,0,0,0,0,0,0,0,0,0,0,0,0,0,0,0,0,0
2023-10-05,0,0,0,0,0,0,0,0,0,0,0,0,0,0,0,0,0,0,0
2023-10-06,0,0,0,0,0,0,0,0,0,0,0,0,0,0,0,0,0,0,0
2023-10-09,0,0,0,0,0,0,0,0,0,0,0,0,0,0,0,0,0,0,0
2023-10-10,0,0,0,0,0,0,0,0,0,0,0,0,0,0,0,0,0,0,0
2023-10-11,0,0,0,0,0,0,0,0,0,0,0,0,0,0,0,0,0,0,0
2023-10-12,0,0,0,0,0,0,0,0,0,0,0,0,0,0,0,0,0,0,0
2023-10-13,0,0,0,0,0,0,0,0,0,0,0,0,0,0,0,0,0,0,0
2023-10-16,0,0,0,0,0,0,0,0,0,0,0,0,0,0,0,0,0,0,0
2023-10-17,0,0,0,0,0,0,0,0,0,0,0,0,0,0,0,0,0,0,0
2023-10-18,0,0,0,0,0,0,0,0,0,0,0,0,0,0,0,0,0,0,0
2023-10-19,0,0,0,0,0,0,0,0,0,0,0,0,0,0,0,0,0,0,0
2023-10-20,0,0,0,0,0,0,0,0,0,0,0,0,0,0,0,0,0,0,0
2023-10-23,0,0,0,0,0,0,0,0,0,0,0,0,0,0,0,0,0,0,0
2023-10-24,0,0,0,0,0,0,0,0,0,0,0,0,0,0,0,0,0,0,0
2023-10-25,0,0,0,0,0,0,0,0,0,0,0,0,0,0,0,0,0,0,0
2023-10-26,0,0,0,0,0,0,0,0,0,0,0,0,0,0,0,0,0,0,0
2023-10-27,0,0,0,0,0,0,0,0,0,0,0,0,0,0,0,0,0,0,0
2023-10-30,0,0,0,0,0,0,0,0,0,0,0,0,0,0,0,0,0,0,0
2023-10-31,0,0,0,0,0,0,0,0,0,0,0,0,0,0,0,0,0,0,0
2023-11-01,0,0,0,0,0,0,0,0,0,0,0,0,0,0,0,0,0,0,0
2023-11-02,0,0,0,0,0,0,0,0,0,0,0,0,0,0,0,0,0,0,0
2023-11-03,0,0,0,0,0,0,0,0,0,0,0,0,0,0,0,0,0,0,0
2023-11-06,0,0,0,0,0,0,0,0,0,0,0,0,0,0,0,0,0,0,0
2023-11-07,0,0,0,0,0,0,0,0,0,0,0,0,0,0,0,0,0,0,0
2023-11-08,0,0,0,0,0,0,0,0,0,0,0,0,0,0,0,0,0,0,0
2023-11-09,0,0,0,0,0,0,0,0,0,0,0,0,0,0,0,0,0,0,0
2023-11-10,0,0,0,0,0,0,0,0,0,0,0,0,0,0,0,0,0,0,0
2023-11-13,0,0,0,0,0,0,0,0,0,0,0,0,0,0,0,0,0,0,0
2023-11-14,0,0,0,0,0,0,0,0,0,0,0,0,0,0,0,0,0,0,0
2023-11-15,0,0,0,0,0,0,0,0,0,0,0,0,0,0,0,0,0,0,0
2023-11-16,0,0,0,0,0,0,0,0,0,0,0,0,0,0,0,0,0,0,0
2023-11-17,0,0,0,0,0,0,0,0,0,0,0,0,0,0,0,0,0,0,0
2023-11-20,0,0,0,0,0,0,0,0,0,0,0,0,0,0,0,0,0,0,0
2023-11-21,0,0,0,0,0,0,0,0,0,0,0,0,0,0,0,0,0,0,0
2023-11-22,0,0,0,0,0,0,0,0,0,0,0,0,0,0,0,0,0,0,0
2023-11-24,0,0,0,0,0,0,0,0,0,0,0,0,0,0,0,0,0,0,0
2023-11-27,0,0,0,0,0,0,0,0,0,0,0,0,0,0,0,0,0,0,0
2023-11-28,0,0,0,0,0,0,0,0,0,0,0,0,0,0,0,0,0,0,0
2023-11-29,0,0,0,0,0,0,0,0,0,0,0,0,0,0,0,0,0,0,0
2023-11-30,0,0,0,0,0,0,0,0,0,0,0,0,0,0,0,0,0,0,0
2023-12-01,0,0,0,0,0,0,0,0,0,0,0,0,0,0,0,0,0,0,0
2023-12-04,0,0,0,0,0,0,0,0,0,0,0,0,0,0,0,0,0,0,0
2023-12-05,0,0,0,0,0,0,0,0,0,0,0,0,0,0,0,0,0,0,0
2023-12-06,0,0,0,0,0,0,0,0,0,0,0,0,0,0,0,0,0,0,0
2023-12-07,0,0,0,0,0,0,0,0,0,0,0,0,0,0,0,0,0,0,0
2023-12-08,0,0,0,0,0,0,0,0,0,0,0,0,0,0,0,0,0,0,0
2023-12-11,0,0,0,0,0,0,0,0,0,0,0,0,0,0,0,0,0,0,0
2023-12-12,0,0,0,0,0,0,0,0,0,0,0,0,0,0,0,0,0,0,0
2023-12-13,0,0,0,0,0,0,0,0,0,0,0,0,0,0,0,0,0,0,0
2023-12-14,0,0,0,0,0,0,0,0,0,0,0,0,0,0,0,0,0,0,0
2023-12-15,0,0,0,0,0,0,0,0,0,0,0,0,0,0,0,0,0,0,0
2023-12-18,0,0,0,0,0,0,0,0,0,0,0,0,0,0,0,0,0,0,0
2023-12-19,0,0,0,0,0,0,0,0,0,0,0,0,0,0,0,0,0,0,0
2023-12-20,0,0,0,0,0,0,0,0,0,0,0,0,0,0,0,0,0,0,0
2023-12-21,0,0,0,0,0,0,0,0,0,0,0,0,0,0,0,0,0,0,0
2023-12-22,0,0,0,0,0,0,0,0,0,0,0,0,0,0,0,0,0,0,0
2023-12-26,0,0,0,0,0,0,0,0,0,0,0,0,0,0,0,0,0,0,0
2023-12-27,0,0,0,0,0,0,0,0,0,0,0,0,0,0,0,0,0,0,0
2023-12-28,0,0,0,0,0,0,0,0,0,0,0,0,0,0,0,0,0,0,0
2023-12-29,0,0,0,0,0,0,0,0,0,0,0,0,0,0,0,0,0,0,0
2024-01-02,0,0,0,0,0,0,0,0,0,0,0,0,0,0,0,0,0,0,0
2024-01-03,0,0,0,0,0,0,0,0,0,0,0,0,0,0,0,0,0,0,0
2024-01-04,0,0,0,0,0,0,0,0,0,0,0,0,0,0,0,0,0,0,0
2024-01-05,0,0,0,0,0,0,0,0,0,0,0,0,0,0,0,0,0,0,0
2024-01-08,0,0,0,0,0,0,0,0,0,0,0,0,0,0,0,0,0,0,0
2024-01-09,0,0,0,0,0,0,0,0,0,0,0,0,0,0,0,0,0,0,0
2024-01-10,0,0,0,0,0,0,0,0,0,0,0,0,0,0,0,0,0,0,0
2024-01-11,0,0,0,0,0,0,0,0,0,0,0,0,0,0,0,0,0,0,0
2024-01-12,0,0,0,0,0,0,0,0,0,0,0,0,0,0,0,0,0,0,0
2024-01-16,0,0,0,0,0,0,0,0,0,0,0,0,0,0,0,0,0,0,0
2024-01-17,0,0,0,0,0,0,0,0,0,0,0,0,0,0,0,0,0,0,0
2024-01-18,0,0,0,0,0,0,0,0,0,0,0,0,0,0,0,0,0,0,0
2024-01-19,0,0,0,0,0,0,0,0,0,0,0,0,0,0,0,0,0,0,0
2024-01-22,0,0,0,0,0,0,0,0,0,0,0,0,0,0,0,0,0,0,0
2024-01-23,0,0,0,0,0,0,0,0,0,0,0,0,0,0,0,0,0,0,0
2024-01-24,0,0,0,0,0,0,0,0,0,0,0,0,0,0,0,0,0,0,0
2024-01-25,0,0,0,0,0,0,0,0,0,0,0,0,0,0,0,0,0,0,0
2024-01-26,0,0,0,0,0,0,0,0,0,0,0,0,0,0,0,0,0,0,0
2024-01-29,0,0,0,0,0,0,0,0,0,0,0,0,0,0,0,0,0,0,0
2024-01-30,0,0,0,0,0,0,0,0,0,0,0,0,0,0,0,0,0,0,0
2024-01-31,0,0,0,0,0,0,0,0,0,0,0,0,0,0,0,0,0,0,0
2024-02-01,0,0,0,0,0,0,0,0,0,0,0,0,0,0,0,0,0,0,0
2024-02-02,0,0,0,0,0,0,0,0,0,0,0,0,0,0,0,0,0,0,0
2024-02-05,0,0,0,0,0,0,0,0,0,0,0,0,0,0,0,0,0,0,0
2024-02-06,0,0,0,0,0,0,0,0,0,0,0,0,0,0,0,0,0,0,0
2024-02-07,0,0,0,0,0,0,0,0,0,0,0,0,0,0,0,0,0,0,0
2024-02-08,0,0,0,0,0,0,0,0,0,0,0,0,0,0,0,0,0,0,0
2024-02-09,0,0,0,0,0,0,0,0,0,0,0,0,0,0,0,0,0,0,0
2024-02-12,0,0,0,0,0,0,0,0,0,0,0,0,0,0,0,0,0,0,0
2024-02-13,0,0,0,0,0,0,0,0,0,0,0,0,0,0,0,0,0,0,0
2024-02-14,0,0,0,0,0,0,0,0,0,0,0,0,0,0,0,0,0,0,0
2024-02-15,0,0,0,0,0,0,0,0,0,0,0,0,0,0,0,0,0,0,0
2024-02-16,0,0,0,0,0,0,0,0,0,0,0,0,0,0,0,0,0,0,0
2024-02-20,0,0,0,0,0,0,0,0,0,0,0,0,0,0,0,0,0,0,0
2024-02-21,0,0,0,0,0,0,0,0,0,0,0,0,0,0,0,0,0,0,0
2024-02-22,0,0,0,0,0,0,0,0,0,0,0,0,0,0,0,0,0,0,0
2024-02-23,0,0,0,0,0,0,0,0,0,0,0,0,0,0,0,0,0,0,0
2024-02-26,0,0,0,0,0,0,0,0,0,0,0,0,0,0,0,0,0,0,0
2024-02-27,0,0,0,0,0,0,0,0,0,0,0,0,0,0,0,0,0,0,0
2024-02-28,0,0,0,0,0,0,0,0,0,0,0,0,0,0,0,0,0,0,0
2024-02-29,0,0,0,0,0,0,0,0,0,0,0,0,0,0,0,0,0,0,0
2024-03-01,0,0,0,0,0,0,0,0,0,0,0,0,0,0,0,0,0,0,0
2024-03-04,0,0,0,0,0,0,0,0,0,0,0,0,0,0,0,0,0,0,0
2024-03-05,0,0,0,0,0,0,0,0,0,0,0,0,0,0,0,0,0,0,0
2024-03-06,0,0,0,0,0,0,0,0,0,0,0,0,0,0,0,0,0,0,0
2024-03-07,0,0,0,0,0,0,0,0,0,0,0,0,0,0,0,0,0,0,0
2024-03-08,0,0,0,0,0,0,0,0,0,0,0,0,0,0,0,0,0,0,0
2024-03-11,0,0,0,0,0,0,0,0,0,0,0,0,0,0,0,0,0,0,0
2024-03-12,0,0,0,0,0,0,0,0,0,0,0,0,0,0,0,0,0,0,0
2024-03-13,0,0,0,0,0,0,0,0,0,0,0,0,0,0,0,0,0,0,0
2024-03-14,0,0,0,0,0,0,0,0,0,0,0,0,0,0,0,0,0,0,0
2024-03-15,0,0,0,0,0,0,0,0,0,0,0,0,0,0,0,0,0,0,0
2024-03-18,0,0,0,0,0,0,0,0,0,0,0,0,0,0,0,0,0,0,0
2024-03-19,0,0,0,0,0,0,0,0,0,0,0,0,0,0,0,0,0,0,0
2024-03-20,0,0,0,0,0,0,0,0,0,0,0,0,0,0,0,0,0,0,0
2024-03-21,0,0,0,0,0,0,0,0,0,0,0,0,0,0,0,0,0,0,0
2024-03-22,0,0,0,0,0,0,0,0,0,0,0,0,0,0,0,0,0,0,0
2024-03-25,0,0,0,0,0,0,0,0,0,0,0,0,0,0,0,0,0,0,0
2024-03-26,0,0,0,0,0,0,0,0,0,0,0,0,0,0,0,0,0,0,0
2024-03-27,0,0,0,0,0,0,0,0,0,0,0,0,0,0,0,0,0,0,0
2024-03-28,0,0,0,0,0,0,0,0,0,0,0,0,0,0,0,0,0,0,0
2024-04-01,0,0,0,0,0,0,0,0,0,0,0,0,0,0,0,0,0,0,0
2024-04-02,0,0,0,0,0,0,0,0,0,0,0,0,0,0,0,0,0,0,0
2024-04-03,0,0,0,0,0,0,0,0,0,0,0,0,0,0,0,0,0,0,0
2024-04-04,0,0,0,0,0,0,0,0,0,0,0,0,0,0,0,0,0,0,0
2024-04-05,0,0,0,0,0,0,0,0,0,0,0,0,0,0,0,0,0,0,0
2024-04-08,0,0,0,0,0,0,0,0,0,0,0,0,0,0,0,0,0,0,0
2024-04-09,0,0,0,0,0,0,0,0,0,0,0,0,0,0,0,0,0,0,0
2024-04-10,0,0,0,0,0,0,0,0,0,0,0,0,0,0,0,0,0,0,0
2024-04-11,0,0,0,0,0,0,0,0,0,0,0,0,0,0,0,0,0,0,0
2024-04-12,0,0,0,0,0,0,0,0,0,0,0,0,0,0,0,0,0,0,0
2024-04-15,0,0,0,0,0,0,0,0,0,0,0,0,0,0,0,0,0,0,0
2024-04-16,0,0,0,0,0,0,0,0,0,0,0,0,0,0,0,0,0,0,0
2024-04-17,0,0,0,0,0,0,0,0,0,0,0,0,0,0,0,0,0,0,0
2024-04-18,0,0,0,0,0,0,0,0,0,0,0,0,0,0,0,0,0,0,0
2024-04-19,0,0,0,0,0,0,0,0,0,0,0,0,0,0,0,0,0,0,0
2024-04-22,0,0,0,0,0,0,0,0,0,0,0,0,0,0,0,0,0,0,0
2024-04-23,0,0,0,0,0,0,0,0,0,0,0,0,0,0,0,0,0,0,0
2024-04-24,0,0,0,0,0,0,0,0,0,0,0,0,0,0,0,0,0,0,0
2024-04-25,0,0,0,0,0,0,0,0,0,0,0,0,0,0,0,0,0,0,0
2024-04-26,0,0,0,0,0,0,0,0,0,0,0,0,0,0,0,0,0,0,0
2024-04-29,0,0,0,0,0,0,0,0,0,0,0,0,0,0,0,0,0,0,0
2024-04-30,0,0,0,0,0,0,0,0,0,0,0,0,0,0,0,0,0,0,0
2024-05-01,0,0,0,0,0,0,0,0,0,0,0,0,0,0,0,0,0,0,0
2024-05-02,0,0,0,0,0,0,0,0,0,0,0,0,0,0,0,0,0,0,0
2024-05-03,0,0,0,0,0,0,0,0,0,0,0,0,0,0,0,0,0,0,0
2024-05-06,0,0,0,0,0,0,0,0,0,0,0,0,0,0,0,0,0,0,0
2024-05-07,0,0,0,0,0,0,0,0,0,0,0,0,0,0,0,0,0,0,0
2024-05-08,0,0,0,0,0,0,0,0,0,0,0,0,0,0,0,0,0,0,0
2024-05-09,0,0,0,0,0,0,0,0,0,0,0,0,0,0,0,0,0,0,0
2024-05-10,0,0,0,0,0,0,0,0,0,0,0,0,0,0,0,0,0,0,0
2024-05-13,0,0,0,0,0,0,0,0,0,0,0,0,0,0,0,0,0,0,0
2024-05-14,0,0,0,0,0,0,0,0,0,0,0,0,0,0,0,0,0,0,0
2024-05-15,0,0,0,0,0,0,0,0,0,0,0,0,0,0,0,0,0,0,0
2024-05-16,0,0,0,0,0,0,0,0,0,0,0,0,0,0,0,0,0,0,0
2024-05-17,0,0,0,0,0,0,0,0,0,0,0,0,0,0,0,0,0,0,0
2024-05-20,0,0,0,0,0,0,0,0,0,0,0,0,0,0,0,0,0,0,0
2024-05-21,0,0,0,0,0,0,0,0,0,0,0,0,0,0,0,0,0,0,0
2024-05-22,0,0,0,0,0,0,0,0,0,0,0,0,0,0,0,0,0,0,0
2024-05-23,0,0,0,0,0,0,0,0,0,0,0,0,0,0,0,0,0,0,0
2024-05-24,0,0,0,0,0,0,0,0,0,0,0,0,0,0,0,0,0,0,0
2024-05-28,0,0,0,0,0,0,0,0,0,0,0,0,0,0,0,0,0,0,0
2024-05-29,0,0,0,0,0,0,0,0,0,0,0,0,0,0,0,0,0,0,0
2024-05-30,0,0,0,0,0,0,0,0,0,0,0,0,0,0,0,0,0,0,0
2024-05-31,0,0,0,0,0,0,0,0,0,0,0,0,0,0,0,0,0,0,0
2024-06-03,0,0,0,0,0,0,0,0,0,0,0,0,0,0,0,0,0,0,0
2024-06-04,0,0,0,0,0,0,0,0,0,0,0,0,0,0,0,0,0,0,0
2024-06-05,0,0,0,0,0,0,0,0,0,0,0,0,0,0,0,0,0,0,0
2024-06-06,0,0,0,0,0,0,0,0,0,0,0,0,0,0,0,0,0,0,0
2024-06-07,0,0,0,0,0,0,0,0,0,0,0,0,0,0,0,0,0,0,0
2024-06-10,0,0,0,0,0,0,0,0,0,0,0,0,0,0,0,0,0,0,0
2024-06-11,0,0,0,0,0,0,0,0,0,0,0,0,0,0,0,0,0,0,0
2024-06-12,0,0,0,0,0,0,0,0,0,0,0,0,0,0,0,0,0,0,0
2024-06-13,0,0,0,0,0,0,0,0,0,0,0,0,0,0,0,0,0,0,0
2024-06-14,0,0,0,0,0,0,0,0,0,0,0,0,0,0,0,0,0,0,0
2024-06-17,0,0,0,0,0,0,0,0,0,0,0,0,0,0,0,0,0,0,0
2024-06-18,0,0,0,0,0,0,0,0,0,0,0,0,0,0,0,0,0,0,0
2024-06-20,0,0,0,0,0,0,0,0,0,0,0,0,0,0,0,0,0,0,0
2024-06-21,0,0,0,0,0,0,0,0,0,0,0,0,0,0,0,0,0,0,0
2024-06-24,0,0,0,0,0,0,0,0,0,0,0,0,0,0,0,0,0,0,0
2024-06-25,0,0,0,0,0,0,0,0,0,0,0,0,0,0,0,0,0,0,0
2024-06-26,0,0,0,0,0,0,0,0,0,0,0,0,0,0,0,0,0,0,0
2024-06-27,0,0,0,0,0,0,0,0,0,0,0,0,0,0,0,0,0,0,0
2024-06-28,0,0,0,0,0,0,0,0,0,0,0,0,0,0,0,0,0,0,0
2024-07-01,0,0,0,0,0,0,0,0,0,0,0,0,0,0,0,0,0,0,0
2024-07-02,0,0,0,0,0,0,0,0,0,0,0,0,0,0,0,0,0,0,0
2024-07-03,0,0,0,0,0,0,0,0,0,0,0,0,0,0,0,0,0,0,0
2024-07-05,0,0,0,0,0,0,0,0,0,0,0,0,0,0,0,0,0,0,0
2024-07-08,0,0,0,0,0,0,0,0,0,0,0,0,0,0,0,0,0,0,0
2024-07-09,0,0,0,0,0,0,0,0,0,0,0,0,0,0,0,0,0,0,0
2024-07-10,0,0,0,0,0,0,0,0,0,0,0,0,0,0,0,0,0,0,0
2024-07-11,0,0,0,0,0,0,0,0,0,0,0,0,0,0,0,0,0,0,0
2024-07-12,0,0,0,0,0,0,0,0,0,0,0,0,0,0,0,0,0,0,0
2024-07-15,13,1062,-0.1555555556,0.02448210923,0.01789077213,0.001883239171,0.01506591337,0.01412429379,0,0.0009416195857,0,0,0,0,0,0,0.001883239171,0.003766478343,3
2024-07-16,1,12,0,0,0,0,0,0,0,0,0,0,0,0,0,0,0,0,7
2024-07-17,7,234,-0.09090909091,0.02564102564,0.02136752137,0,0.02564102564,0.008547008547,0,0,0,0,0,0,0,0.004273504274,0.008547008547,0.008547008547,3
2024-07-18,2,105,0.6,0.009523809524,0.0380952381,0,0,0.009523809524,0,0,0,0,0,0,0,0,0,0,5
2024-07-19,14,783,0.1489361702,0.02554278416,0.03448275862,0.002554278416,0.008939974457,0.05747126437,0.001277139208,0.002554278416,0,0.001277139208,0,0,0.001277139208,0.001277139208,0.002554278416,0.01021711367,6
2024-07-22,55,3053,-0.1824817518,0.02653128071,0.01834261382,0.002947920079,0.007533573534,0.01932525385,0.001310186702,0.0006550933508,0.0003275466754,0.0006550933508,0.0003275466754,0.009171306911,0.0006550933508,0.0006550933508,0.002947920079,0.004585653456,11
2024-07-23,25,1540,-0.04109589041,0.02467532468,0.02272727273,0.001948051948,0,0.01818181818,0.001298701299,0.0006493506494,0,0.001298701299,0.001298701299,0.003246753247,0.001298701299,0.0006493506494,0,0.001298701299,7
2024-07-24,10,507,0.1111111111,0.007889546351,0.009861932939,0.003944773176,0.007889546351,0.01183431953,0.001972386588,0,0,0,0,0,0,0,0.001972386588,0,1
2024-07-25,37,1519,-0.1111111111,0.02633311389,0.02106649111,0.001316655695,0.00724160632,0.01448321264,0.0006583278473,0,0,0,0.003291639236,0.003291639236,0.0006583278473,0.001974983542,0.003291639236,0.006583278473,6
2024-07-26,12,573,-0.4285714286,0.01745200698,0.006980802792,0.005235602094,0.01221640489,0.006980802792,0.001745200698,0,0,0.001745200698,0,0,0,0,0.001745200698,0.003490401396,7
2024-07-29,98,4776,-0.1549295775,0.02575376884,0.01884422111,0.001884422111,0.01025963149,0.01654103853,0.001046901173,0.001046901173,0.000418760469,0.001046901173,0.001675041876,0.007118927973,0.000418760469,0.001675041876,0,0.01025963149,21
2024-07-30,32,826,0.12,0.01331719128,0.01694915254,0.003631961259,0.004842615012,0.009685230024,0.001210653753,0,0,0,0.002421307506,0.001210653753,0.002421307506,0,0,0.004842615012,37
2024-07-31,22,1094,-0.1818181818,0.02376599634,0.01645338208,0.00365630713,0.01096892139,0.01462522852,0.002742230347,0.0009140767824,0,0,0.001828153565,0.01096892139,0.002742230347,0.0009140767824,0,0.004570383912,12
2024-08-01,43,2629,-0.5061728395,0.02320273868,0.007607455306,0.001141118296,0.004564473184,0.007607455306,0.001141118296,0.002282236592,0.0003803727653,0,0.0003803727653,0.002662609357,0,0.0003803727653,0,0.002662609357,5
2024-08-02,6,395,0.5294117647,0.01012658228,0.03291139241,0,0.00253164557,0.02278481013,0,0,0,0,0,0.005063291139,0,0.00253164557,0,0.01265822785,10
2024-08-05,114,5158,-0.241025641,0.02345870492,0.01434664599,0.001938735944,0.005816207832,0.01550988755,0.001163241566,0.0007754943777,0.0001938735944,0.00174486235,0.00174486235,0.004652966266,0.0001938735944,0.00484683986,0.0005816207832,0.00833656456,30
2024-08-06,15,864,-0.02564102564,0.02314814815,0.02199074074,0.001157407407,0.008101851852,0.01736111111,0.001157407407,0,0,0.001157407407,0.003472222222,0.006944444444,0.001157407407,0.002314814815,0,0.00462962963,3
2024-08-07,52,1850,0.0487804878,0.02108108108,0.02324324324,0,0.005945945946,0.002162162162,0,0.0005405405405,0,0,0.001081081081,0.002162162162,0,0,0.001081081081,0.002162162162,3
2024-08-08,87,2559,-0.4333333333,0.03360687769,0.01328644002,0.003907776475,0.008987885893,0.009769441188,0.002735443533,0.000781555295,0.0003907776475,0.000781555295,0.000781555295,0.00781555295,0.00156311059,0.001953888238,0.00312622118,0.01250488472,26
2024-08-09,36,1124,-0.5294117647,0.0346975089,0.01067615658,0.002669039146,0.009786476868,0.007117437722,0.0008896797153,0.004448398577,0,0,0,0.007117437722,0.0008896797153,0.0008896797153,0.0008896797153,0.006227758007,7
2024-08-12,96,4684,-0.01075268817,0.02006831768,0.01964133219,0.003202391119,0.004910333049,0.01494449189,0.002561912895,0.001494449189,0,0,0.002561912895,0.008112724167,0,0.001494449189,0.0004269854825,0.009180187874,16
2024-08-13,33,1917,0.04255319149,0.0234741784,0.02556077204,0.000521648409,0.01564945227,0.01617110068,0.000521648409,0.000521648409,0,0.005738132499,0.001043296818,0.009389671362,0.003651538863,0.001564945227,0.002086593636,0.01877934272,2
2024-08-14,27,1075,0.1111111111,0.01860465116,0.02325581395,0.003720930233,0.004651162791,0.005581395349,0.001860465116,0.002790697674,0,0,0,0.004651162791,0,0,0.003720930233,0.007441860465,1
2024-08-15,27,1215,0.06976744186,0.01646090535,0.01893004115,0.001646090535,0.005761316872,0.02139917695,0.001646090535,0,0,0.0008230452675,0.005761316872,0.00329218107,0.0008230452675,0.002469135802,0,0.01152263374,5
2024-08-16,18,382,-0.4444444444,0.03403141361,0.01308900524,0,0.005235602094,0.007853403141,0,0.002617801047,0.002617801047,0,0.01832460733,0.002617801047,0.002617801047,0.002617801047,0.005235602094,0.005235602094,2
2024-08-19,113,6011,0.0157480315,0.02079520878,0.02146065546,0.0008318083514,0.01197804026,0.02728331392,0.0004990850108,0.0006654466811,0.001663616703,0.001164531692,0.00598902013,0.01114623191,0.001663616703,0.006654466811,0.0003327233405,0.006820828481,37
2024-08-20,20,1386,-0.5438596491,0.03174603175,0.00937950938,0.001443001443,0.01154401154,0.02453102453,0.0007215007215,0.0007215007215,0.004329004329,0.002164502165,0.005772005772,0.006493506494,0.001443001443,0.007215007215,0,0.005772005772,1
2024-08-21,75,3324,0.024,0.01835138387,0.01925391095,0.0009025270758,0.00421179302,0.01113116727,0.0003008423586,0,0.0006016847172,0.0006016847172,0.001504211793,0.001805054152,0.002406738869,0.004813477738,0,0.003610108303,5
2024-08-22,34,2252,-0.5909090909,0.03108348135,0.007992895204,0.003552397869,0.005328596803,0.01243339254,0.001776198934,0.0004440497336,0,0.0004440497336,0.001332149201,0.01154529307,0.0008880994671,0.001332149201,0.0004440497336,0.004440497336,4
2024-08-23,90,2854,-0.7333333333,0.03188507358,0.004905395936,0.002803083392,0.007007708479,0.01051156272,0.001051156272,0.000350385424,0,0.00175192712,0.003854239664,0.01156271899,0.000350385424,0.002102312544,0,0.003854239664,14
2024-08-26,82,4984,-0.4128440367,0.0308988764,0.01284109149,0.004012841091,0.01243980738,0.01243980738,0.002407704655,0.001203852327,0.0002006420546,0.0022070626,0.002407704655,0.006219903692,0.001404494382,0.001404494382,0.004012841091,0.005818619583,21
2024-08-27,16,740,-0.3333333333,0.01081081081,0.005405405405,0.005405405405,0.004054054054,0.009459459459,0.002702702703,0.002702702703,0,0,0,0,0,0,0,0.01081081081,4
2024-08-28,47,1849,-0.6116504854,0.04488912926,0.01081665765,0.001081665765,0.0248783126,0.0124391563,0.0005408328826,0,0,0.001622498648,0.0005408328826,0.002704164413,0,0,0.01189832342,0.01892915089,49
2024-08-29,21,1378,-0.5853658537,0.04716981132,0.01233671988,0.00290275762,0.01161103048,0.01306240929,0.0007256894049,0.0007256894049,0,0,0.00290275762,0.002177068215,0,0.002177068215,0.006531204644,0.01596516691,8
2024-08-30,65,2712,-0.4565217391,0.02470501475,0.009218289086,0.002949852507,0.003318584071,0.01069321534,0.001843657817,0.002212389381,0,0.001843657817,0.004424778761,0.002212389381,0.004056047198,0.002949852507,0,0.006268436578,5
2024-09-03,103,5174,-0.1384615385,0.02145342095,0.01623502126,0.001932740626,0.006957866254,0.01236954001,0.0005798221879,0.0009663703131,0.0005798221879,0.0001932740626,0.0009663703131,0.002899110939,0.001159644376,0.001352918438,0.0003865481252,0.009856977194,15
2024-09-04,29,982,-0.2222222222,0.02240325866,0.01425661914,0.001018329939,0.003054989817,0.01629327902,0.001018329939,0.003054989817,0,0,0.003054989817,0.003054989817,0.001018329939,0.004073319756,0.002036659878,0.01425661914,9
2024-09-05,30,1265,-0.3488372093,0.02292490119,0.01106719368,0.002371541502,0.004743083004,0.006324110672,0.001581027668,0.000790513834,0,0.003162055336,0.003162055336,0.01264822134,0.001581027668,0.00790513834,0.001581027668,0.005533596838,2
2024-09-06,25,1637,-0.4193548387,0.02687843616,0.01099572389,0.00733048259,0.02687843616,0.009773976787,0.001221747098,0.0006108735492,0,0.001221747098,0.001832620648,0.004276114844,0.001832620648,0.005497861943,0.004276114844,0.009773976787,2
2024-09-09,85,3416,-0.3023255814,0.02459016393,0.01317330211,0.006147540984,0.01551522248,0.01317330211,0.0002927400468,0.0002927400468,0,0.0002927400468,0.0008782201405,0.001170960187,0.0005854800937,0.003512880562,0.001756440281,0.01492974239,17
2024-09-10,53,2407,-0.5142857143,0.02201911093,0.007062733693,0.00789364354,0.009140008309,0.007062733693,0.003323639385,0.0008309098463,0,0.002492729539,0.002077274616,0.005816368924,0.001661819693,0.0004154549231,0.005400914001,0.008724553386,10
2024-09-11,18,576,-0.1111111111,0.01736111111,0.01388888889,0.001736111111,0.001736111111,0.008680555556,0.001736111111,0,0,0,0,0,0,0,0,0.005208333333,16
2024-09-12,69,3796,-0.312,0.02160168599,0.01132771338,0.002370916754,0.003424657534,0.006322444679,0.00105374078,0.0007903055848,0.0002634351949,0.00158061117,0.00210748156,0.004741833509,0.0005268703899,0.00158061117,0.0007903055848,0.01211801897,10
2024-09-13,23,1014,-0.6326530612,0.03944773176,0.008875739645,0.001972386588,0.009861932939,0.01183431953,0.001972386588,0.001972386588,0,0.0009861932939,0.001972386588,0.001972386588,0,0,0.0009861932939,0.007889546351,10
2024-09-16,67,3959,-0.52,0.02879515029,0.009093205355,0.002778479414,0.007830260167,0.01060873958,0.002020712301,0.003536246527,0,0.001768123263,0.0002525890376,0.003536246527,0,0.002778479414,0.002778479414,0.01136650669,9
2024-09-17,25,1272,-0.12,0.02201257862,0.01729559748,0.007075471698,0.01336477987,0.007075471698,0.002358490566,0.000786163522,0.000786163522,0.000786163522,0.001572327044,0.002358490566,0,0.000786163522,0.001572327044,0.0141509434,8
2024-09-18,35,1365,-0.04761904762,0.02417582418,0.02197802198,0,0.01098901099,0.01904761905,0,0,0.001465201465,0.004395604396,0.002197802198,0.01391941392,0.004395604396,0.004395604396,0,0.01318681319,7
2024-09-19,65,1980,-0.3125,0.02121212121,0.01111111111,0.0005050505051,0.005050505051,0.01565656566,0.0005050505051,0,0.00101010101,0.00202020202,0.002525252525,0.01464646465,0.00101010101,0.002525252525,0.001515151515,0.01212121212,14
2024-09-20,59,1525,-0.3333333333,0.01704918033,0.008524590164,0.001967213115,0.001967213115,0.01114754098,0.00131147541,0,0.00131147541,0,0.0006557377049,0.0131147541,0.0006557377049,0.0006557377049,0,0.004590163934,17
2024-09-23,60,3808,-0.3421052632,0.02678571429,0.0131302521,0.003413865546,0.006039915966,0.0131302521,0.001838235294,0.00262605042,0.0007878151261,0.003676470588,0.00262605042,0.006827731092,0.00131302521,0.00525210084,0.000525210084,0.01418067227,11
2024-09-24,59,2694,-0.3150684932,0.01781737194,0.009279881218,0.004083147736,0.00296956199,0.02598366741,0.001484780995,0.0007423904974,0.002227171492,0.001113585746,0.00296956199,0.00296956199,0.002227171492,0.004454342984,0.001113585746,0.008166295471,1
2024-09-25,30,1601,-0.1803278689,0.02248594628,0.01561524047,0.003123048095,0.001249219238,0.00624609619,0.003123048095,0.002498438476,0.001249219238,0.002498438476,0.002498438476,0.004372267333,0,0.009369144285,0,0.008119925047,2
2024-09-26,30,1243,-0.488372093,0.02574416734,0.008849557522,0.0008045052293,0.002413515688,0.004022526146,0.0008045052293,0.003218020917,0,0,0.002413515688,0,0,0.0008045052293,0,0.004827031376,4
2024-09-27,14,912,-0.52,0.04166666667,0.01315789474,0.001096491228,0.02302631579,0.01535087719,0,0,0,0,0,0.02631578947,0,0,0,0.002192982456,7
2024-09-30,89,4752,-0.6040609137,0.03324915825,0.008207070707,0.004419191919,0.00946969697,0.01094276094,0.003787878788,0.0008417508418,0,0.0006313131313,0.0006313131313,0.008417508418,0.001262626263,0.001052188552,0.0004208754209,0.004208754209,44
2024-10-01,19,655,-0.6666666667,0.03053435115,0.006106870229,0,0.003053435115,0.0106870229,0,0,0,0,0.006106870229,0.007633587786,0.001526717557,0,0,0.004580152672,3
2024-10-02,50,1480,-0.3731343284,0.03108108108,0.01418918919,0.0006756756757,0.002702702703,0.01081081081,0,0.0006756756757,0,0.001351351351,0.003378378378,0.003378378378,0,0,0,0.003378378378,22
2024-10-03,25,1565,-0.6790123457,0.04345047923,0.008306709265,0.001277955272,0.009584664537,0.007667731629,0.0006389776358,0.0006389776358,0,0.001916932907,0.001916932907,0.01277955272,0,0,0.001916932907,0.01469648562,5
2024-10-04,45,3937,-0.7586206897,0.02590805182,0.003556007112,0.006096012192,0.01778003556,0.00508001016,0.004064008128,0.00127000254,0,0.00127000254,0.000508001016,0.00127000254,0,0.000254000508,0.005842011684,0.008636017272,8
2024-10-07,90,3596,-0.04,0.02169076752,0.02002224694,0.0008342602892,0.003058954394,0.01140155729,0.0005561735261,0,0,0.001668520578,0.0005561735261,0.001112347052,0,0.002502780868,0,0.005283648498,10
2024-10-08,19,1134,-0.6086956522,0.03262786596,0.007936507937,0.007936507937,0.008818342152,0.005291005291,0.007936507937,0,0,0,0.0008818342152,0.005291005291,0.0008818342152,0,0.005291005291,0.008818342152,6
2024-10-09,21,911,-0.3513513514,0.02744237102,0.01317233809,0.004390779363,0,0.01646542261,0.004390779363,0,0,0.001097694841,0,0.007683863886,0,0.003293084523,0,0.002195389682,2
2024-10-10,36,1514,-0.1923076923,0.02047556143,0.01387054161,0.002642007926,0.001981505945,0.01849405548,0.002642007926,0.001321003963,0.002642007926,0.003302509908,0.005284015852,0.001321003963,0.004623513871,0.006605019815,0,0.007926023778,2
2024-10-11,42,1576,-0.1627906977,0.01586294416,0.0114213198,0.003172588832,0.002538071066,0.008248730964,0.001269035533,0,0,0.001903553299,0.003807106599,0.001269035533,0.001269035533,0.001269035533,0,0.005710659898,6
2024-10-14,107,4707,-0.2881355932,0.02421924793,0.01338432122,0.001274697259,0.006161036754,0.01827066072,0.0004248990865,0.0004248990865,0.0004248990865,0.002549394519,0.003611642235,0.004461440408,0.001699596346,0.001062247716,0.0002124495432,0.0078606331,20
2024-10-15,36,1908,-0.1590909091,0.02672955975,0.01939203354,0.002620545073,0.003144654088,0.00786163522,0.002620545073,0,0,0.003668763103,0.002096436059,0.004716981132,0.0005241090147,0.003668763103,0,0.01205450734,5
2024-10-16,19,1032,0.07317073171,0.01841085271,0.02131782946,0.001937984496,0.002906976744,0.006782945736,0.001937984496,0,0.0009689922481,0,0.0009689922481,0.002906976744,0,0.009689922481,0.0009689922481,0.008720930233,4
2024-10-17,36,1769,-0.5963302752,0.04918032787,0.01243640475,0.003957037875,0.0022611645,0.007348784624,0.0022611645,0,0,0.001695873375,0,0.006783493499,0,0.00113058225,0,0.01526286037,1
2024-10-18,7,391,-0.68,0.0537084399,0.01023017903,0.005115089514,0.01278772379,0.002557544757,0.002557544757,0,0,0.002557544757,0,0.002557544757,0,0,0.007672634271,0.02301790281,0
2024-10-21,120,5159,-0.1739130435,0.01570071719,0.01104865284,0.002132196162,0.003101376236,0.01240550494,0.001163016088,0.0001938360147,0,0.0003876720295,0.0007753440589,0.004264392324,0.0003876720295,0.001356852103,0.0001938360147,0.01570071719,25
2024-10-22,34,1454,-0.3714285714,0.01650618982,0.007565337001,0.002063273728,0.002063273728,0.01031636864,0.0006877579092,0.0006877579092,0,0.001375515818,0,0.003438789546,0.004814305365,0,0.001375515818,0.01169188446,7
2024-10-23,34,1257,-0.06666666667,0.006364359586,0.005568814638,0.0007955449483,0,0.005568814638,0.0007955449483,0,0.0007955449483,0,0.0007955449483,0.0007955449483,0,0,0,0.0445505171,1
2024-10-24,37,1892,-0.4324324324,0.02801268499,0.01109936575,0.001585623679,0.002114164905,0.0121564482,0.0005285412262,0,0.001057082452,0,0.003699788584,0.00422832981,0.001057082452,0,0,0.01744186047,3
2024-10-25,41,1897,-0.4202898551,0.0258302583,0.01054296257,0.001581444386,0.01054296257,0.0184501845,0.0005271481286,0,0,0.001054296257,0,0.002635740643,0,0.001054296257,0.002635740643,0.01739588824,6
2024-10-28,66,2832,-0.07368421053,0.01800847458,0.01553672316,0.0007062146893,0.003884180791,0.01730225989,0,0,0,0,0.001059322034,0.004943502825,0,0.001765536723,0.001059322034,0.01871468927,10
2024-10-29,42,1769,-0.08333333333,0.01469756925,0.01243640475,0.002826455625,0.006783493499,0.01074053137,0.001695873375,0,0,0,0.00113058225,0.005087620124,0,0.002826455625,0,0.01978518937,3
2024-10-30,42,2312,0.2054794521,0.0125432526,0.01903114187,0.0008650519031,0.004757785467,0.02076124567,0,0,0,0,0.003027681661,0.00562283737,0.001297577855,0.003892733564,0,0.02378892734,0
2024-10-31,47,2155,0,0.01484918794,0.01484918794,0.000464037123,0.00788863109,0.01948955916,0,0,0,0.0009280742459,0.002320185615,0.005568445476,0.001392111369,0.003712296984,0,0.02969837587,5
2024-11-01,19,956,0.07692307692,0.01882845188,0.0219665272,0.002092050209,0,0.009414225941,0,0,0,0,0,0.001046025105,0,0.004184100418,0,0.01464435146,7
2024-11-04,121,4663,0.072,0.01243834441,0.01436843234,0.0008578168561,0.001286725284,0.02123096719,0.0004289084281,0.0008578168561,0.0004289084281,0.001286725284,0.002358996354,0.001930087926,0.0004289084281,0.007291443277,0,0.02573450568,9
2024-11-05,29,1028,0.2,0.01556420233,0.0233463035,0.005836575875,0,0.01459143969,0.002918287938,0,0,0,0,0,0,0,0,0.02918287938,4
2024-11-06,18,793,0.3333333333,0.001261034048,0.002522068096,0,0.002522068096,0.01261034048,0,0,0,0,0,0,0,0,0,0.06935687264,1
2024-11-07,0,0,0,0,0,0,0,0,0,0,0,0,0,0,0,0,0,0,0
2024-11-08,2,267,-0.1666666667,0.02621722846,0.01872659176,0.02621722846,0.003745318352,0.003745318352,0.007490636704,0,0,0,0.003745318352,0,0,0.003745318352,0,0.007490636704,6
2024-11-11,31,1087,0.09523809524,0.01747930083,0.02115915363,0.002759889604,0.001839926403,0.01287948482,0.001839926403,0.0009199632015,0,0,0.0009199632015,0.005519779209,0,0.001839926403,0,0.01563937443,12
2024-11-12,3,144,1,0,0.02083333333,0,0.006944444444,0,0,0,0,0,0,0.006944444444,0,0,0,0.01388888889,2
2024-11-13,14,676,0.2571428571,0.01923076923,0.0325443787,0,0.02958579882,0.02514792899,0,0,0,0,0,0.01183431953,0,0,0.005917159763,0.02366863905,3
2024-11-14,1,32,1,0,0.03125,0,0,0.03125,0,0,0,0,0,0,0,0,0,0,1
2024-11-15,2,282,0.2,0.01418439716,0.02127659574,0,0.01773049645,0.01063829787,0,0,0,0,0,0,0,0,0.003546099291,0.003546099291,4
2024-11-18,11,570,0.6129032258,0.01052631579,0.04385964912,0.005263157895,0,0.01228070175,0.00350877193,0,0,0,0,0.001754385965,0,0.00350877193,0,0.01929824561,10
2024-11-19,10,198,0.3333333333,0.01515151515,0.0303030303,0,0.005050505051,0,0,0,0,0,0,0,0,0,0,0.02525252525,6
2024-11-20,8,262,-0.6,0.03053435115,0.007633587786,0,0.02290076336,0.01908396947,0,0,0,0,0,0.003816793893,0,0,0,0.01145038168,4
2024-11-21,1,61,0.3333333333,0.01639344262,0.03278688525,0,0.01639344262,0.01639344262,0,0,0,0,0,0,0,0,0,0,1
2024-11-22,2,209,-0.1666666667,0.03349282297,0.02392344498,0.004784688995,0.03827751196,0.00956937799,0.004784688995,0,0,0,0,0,0,0,0.004784688995,0,0
2024-11-25,6,669,0.3333333333,0.01793721973,0.03587443946,0.002989536622,0.01494768311,0.01644245142,0.001494768311,0,0,0.001494768311,0.002989536622,0.005979073244,0.002989536622,0.002989536622,0.001494768311,0.01046337818,10
2024-11-26,8,684,0.2,0.01169590643,0.01754385965,0.004385964912,0.005847953216,0.01900584795,0.001461988304,0,0.005847953216,0.002923976608,0.002923976608,0.008771929825,0.001461988304,0.004385964912,0,0.008771929825,3
2024-11-27,13,375,0.1428571429,0.008,0.01066666667,0,0,0.002666666667,0,0,0.002666666667,0,0,0.02933333333,0,0,0,0.005333333333,8
2024-11-29,7,262,-0.2941176471,0.04198473282,0.02290076336,0,0,0.03435114504,0,0,0,0,0,0.007633587786,0,0,0,0.007633587786,6
2024-12-02,11,1269,-0.2075471698,0.02521670607,0.01654846336,0.0007880220646,0.01891252955,0.01733648542,0,0.003152088258,0.003940110323,0.001576044129,0,0.01182033097,0.0007880220646,0.0007880220646,0,0.005516154452,0
2024-12-03,3,273,0.5555555556,0.007326007326,0.02564102564,0,0.003663003663,0.0293040293,0,0,0.003663003663,0,0,0,0,0,0.003663003663,0,3
2024-12-04,27,2234,0.5466666667,0.007609668756,0.02596239928,0.001342882722,0.009400179051,0.01208594449,0,0,0.004923903312,0.0004476275739,0,0.0004476275739,0,0.007609668756,0.0004476275739,0.01253357207,2
2024-12-05,9,844,0.8260869565,0.002369668246,0.02488151659,0.002369668246,0.002369668246,0.007109004739,0.002369668246,0.001184834123,0,0,0.00355450237,0.002369668246,0.002369668246,0.001184834123,0.001184834123,0.01066350711,0
2024-12-06,23,1609,-0.1780821918,0.02672467371,0.01864512119,0.002486016159,0.008079552517,0.008701056557,0.001864512119,0.0006215040398,0.004972032318,0.001864512119,0,0.01118707272,0.0006215040398,0.0006215040398,0,0.0124300808,4
2024-12-09,49,2864,-0.08737864078,0.01955307263,0.01641061453,0.004539106145,0.01501396648,0.006284916201,0.002444134078,0.003491620112,0.001047486034,0.001047486034,0,0.005586592179,0.004189944134,0.001745810056,0.003142458101,0.01082402235,14
2024-12-10,8,885,0.1891891892,0.01694915254,0.02485875706,0.001129943503,0.02937853107,0.01581920904,0.001129943503,0.001129943503,0.002259887006,0.002259887006,0,0.005649717514,0,0,0.003389830508,0.006779661017,8
2024-12-11,12,1328,0.323943662,0.01807228916,0.03539156627,0,0.02635542169,0.01506024096,0,0.0007530120482,0.003012048193,0.002259036145,0.0007530120482,0,0.0007530120482,0.003765060241,0.003765060241,0.007530120482,7
2024-12-12,10,660,0.5555555556,0.01212121212,0.04242424242,0,0.009090909091,0.02272727273,0,0,0.001515151515,0,0,0.001515151515,0,0.001515151515,0,0,3
2024-12-13,2,230,0,0.02608695652,0.02608695652,0,0,0.01739130435,0,0,0,0,0.004347826087,0,0,0.008695652174,0,0,2
2024-12-16,36,1597,0.2653061224,0.01127113338,0.01941139637,0.003130870382,0.002504696306,0.01189730745,0.002504696306,0.001252348153,0,0.0006261740764,0.003130870382,0.005635566688,0,0.002504696306,0.0006261740764,0.006261740764,2
2024-12-17,17,1188,0,0.02525252525,0.02525252525,0.0008417508418,0.009259259259,0.01262626263,0.0008417508418,0.001683501684,0,0,0.0008417508418,0.0008417508418,0,0.004208754209,0.0008417508418,0.005050505051,5
2024-12-18,21,1189,0.2307692308,0.008410428932,0.01345668629,0.0008410428932,0.00252312868,0.005887300252,0.0008410428932,0.00252312868,0,0.0008410428932,0,0.005046257359,0,0,0,0.004205214466,0
2024-12-19,12,957,-0.1063829787,0.02716823406,0.02194357367,0,0,0.01253918495,0,0.003134796238,0,0,0.001044932079,0,0,0,0,0.01358411703,0
2024-12-20,9,411,-0.4285714286,0.03649635036,0.01459854015,0.002433090024,0.01459854015,0.01703163017,0.002433090024,0,0.002433090024,0.002433090024,0,0,0.004866180049,0,0.004866180049,0.01703163017,0
2024-12-23,52,3551,0.4260869565,0.009293156857,0.02309208674,0.0005632216277,0.007885102788,0.01914953534,0.0002816108139,0.0002816108139,0.0008448324416,0.002534497325,0.0005632216277,0.002534497325,0,0.001971275697,0.002816108139,0.007040270346,1
2024-12-24,4,201,-1,0.01990049751,0,0.009950248756,0.009950248756,0.009950248756,0,0,0,0,0,0,0,0,0,0,0
2024-12-26,40,2225,0.08823529412,0.01393258427,0.01662921348,0.0004494382022,0.007191011236,0.01078651685,0.0004494382022,0.0004494382022,0.0004494382022,0.001797752809,0.0004494382022,0.003146067416,0.001797752809,0.003146067416,0.001797752809,0.004943820225,20
2024-12-27,7,437,-0.04761904762,0.02517162471,0.02288329519,0,0.009153318078,0.009153318078,0,0,0,0.006864988558,0,0,0,0,0.004576659039,0.009153318078,1
2024-12-30,26,1757,0.02702702703,0.02048947069,0.02162777462,0.003984063745,0.001707455891,0.006829823563,0.001707455891,0.001707455891,0,0.001138303927,0.0005691519636,0.001138303927,0,0,0.002276607854,0.00796812749,11
2024-12-31,3,149,0,0.02684563758,0.02684563758,0,0,0.02684563758,0,0.006711409396,0,0,0,0,0,0,0,0.006711409396,0
2025-01-02,10,626,-0.5217391304,0.05591054313,0.01757188498,0.001597444089,0.01277955272,0.02236421725,0,0,0.004792332268,0.001597444089,0,0,0,0.003194888179,0.003194888179,0.003194888179,8
2025-01-03,29,1964,0.1641791045,0.01425661914,0.01985743381,0.001527494908,0.001527494908,0.01120162933,0.001018329939,0,0,0.002036659878,0,0.001018329939,0.0005091649695,0.001018329939,0,0.007128309572,4
2025-01-06,18,1993,-0.3333333333,0.03712995484,0.01856497742,0.003010536879,0.01455092825,0.01605619669,0.003010536879,0,0.002508780733,0.00150526844,0.0005017561465,0.00150526844,0.0005017561465,0.0005017561465,0.006522829905,0.004014049172,1
2025-01-07,16,1126,0.2972972973,0.01154529307,0.02131438721,0.001776198934,0.007992895204,0.01687388988,0.001776198934,0,0.003552397869,0.0008880994671,0,0,0.003552397869,0.001776198934,0.007104795737,0.007104795737,22
2025-01-08,7,282,-0.5,0.03191489362,0.01063829787,0.003546099291,0,0.01063829787,0.003546099291,0,0,0,0.003546099291,0,0,0,0,0,2
2025-01-10,25,1829,-0.1325301205,0.02569710224,0.01968288682,0.0005467468562,0.01858939311,0.01366867141,0,0.0005467468562,0,0.001093493712,0.001640240569,0.001093493712,0.001640240569,0.003280481137,0.005467468562,0.00437397485,3
2025-01-13,45,1823,-0.2151898734,0.0263302249,0.01700493692,0,0.02139330773,0.01590784421,0,0.001097092704,0,0.001645639057,0,0,0.004388370817,0.004388370817,0.006034009874,0.004388370817,28
2025-01-14,11,534,-0.3846153846,0.03370786517,0.01498127341,0,0.01123595506,0.01123595506,0,0.001872659176,0.007490636704,0,0.001872659176,0,0,0.001872659176,0,0.003745318352,2
2025-01-15,9,509,0.2,0.007858546169,0.01178781925,0.001964636542,0.0137524558,0.01768172888,0.001964636542,0,0,0,0.001964636542,0.001964636542,0.001964636542,0.001964636542,0,0.005893909627,6
2025-01-16,13,1076,0.4871794872,0.009293680297,0.02695167286,0.001858736059,0.003717472119,0.02137546468,0.0009293680297,0,0.005576208178,0.002788104089,0,0,0.007434944238,0.001858736059,0.0009293680297,0.005576208178,0
2025-01-17,16,1292,-0.3953488372,0.02321981424,0.0100619195,0.001547987616,0.006191950464,0.01625386997,0.001547987616,0.000773993808,0.000773993808,0.002321981424,0,0.001547987616,0,0,0.000773993808,0.006191950464,1
2025-01-21,77,2265,-0.1851851852,0.02119205298,0.01456953642,0.00353200883,0.007505518764,0.01103752759,0.0008830022075,0.002649006623,0.0004415011038,0.0008830022075,0,0.003090507726,0.002207505519,0,0.0004415011038,0.002649006623,29
2025-01-22,12,682,0.1176470588,0.0219941349,0.02785923754,0.00146627566,0.007331378299,0.01173020528,0.00146627566,0.00293255132,0.00146627566,0.00293255132,0,0.01612903226,0,0.00146627566,0.00293255132,0.00146627566,3
2025-01-23,10,687,0.1428571429,0.01746724891,0.02328966521,0.002911208151,0.004366812227,0.01164483261,0.001455604076,0,0,0,0,0.001455604076,0,0.002911208151,0,0.001455604076,1
2025-01-24,7,275,1,0,0.02181818182,0,0,0.007272727273,0,0,0,0.003636363636,0,0,0,0,0,0.007272727273,1
2025-01-27,51,1922,0.3818181818,0.008844953174,0.0197710718,0.002601456816,0.004682622268,0.01040582726,0.001560874089,0.001560874089,0.001560874089,0.0005202913632,0.0005202913632,0.004682622268,0.001040582726,0.001040582726,0,0.008324661811,8
2025-01-28,8,354,-0.04761904762,0.03107344633,0.02824858757,0,0.01129943503,0.01129943503,0,0,0,0,0,0.005649717514,0,0,0,0.008474576271,3
2025-01-29,16,400,0,0.0225,0.0225,0,0.01,0.0125,0,0,0,0.005,0,0.0025,0,0,0,0,3
2025-01-30,10,450,-0.1,0.02444444444,0.02,0.004444444444,0.006666666667,0.01777777778,0.004444444444,0.002222222222,0.002222222222,0.01111111111,0.008888888889,0,0.004444444444,0,0.006666666667,0.006666666667,2
2025-01-31,7,266,-0.5,0.01127819549,0.003759398496,0,0,0.01503759398,0,0.01127819549,0.01127819549,0,0.003759398496,0,0,0.003759398496,0,0.007518796992,4
2025-02-03,34,2284,-0.1034482759,0.02101576182,0.01707530648,0.00350262697,0.006129597198,0.01357267951,0.001751313485,0.0004378283713,0.008756567426,0,0.0008756567426,0.006567425569,0.001313485114,0.0004378283713,0,0.002189141856,16
2025-02-04,12,917,0.1363636364,0.02071973828,0.02726281352,0.001090512541,0.01417666303,0.01199563795,0.001090512541,0.002181025082,0.001090512541,0.001090512541,0.001090512541,0.01199563795,0,0.001090512541,0.004362050164,0.007633587786,5
2025-02-05,8,359,0.5238095238,0.0139275766,0.04456824513,0.005571030641,0.03621169916,0.01114206128,0.00278551532,0,0,0,0,0.0139275766,0,0,0.01114206128,0.005571030641,2
2025-02-06,13,734,-0.02857142857,0.02452316076,0.02316076294,0.006811989101,0.00408719346,0.01226158038,0.00408719346,0.00136239782,0,0.00136239782,0,0.00408719346,0,0,0,0.005449591281,4
2025-02-07,15,799,0.375,0.01251564456,0.02753441802,0.002503128911,0.007509386733,0.02002503129,0.002503128911,0.001251564456,0.001251564456,0,0,0,0,0,0,0.003754693367,5
2025-02-10,33,1656,-0.1290322581,0.0211352657,0.01630434783,0.001811594203,0.003019323671,0.01751207729,0.001811594203,0.001207729469,0.001811594203,0,0.0006038647343,0.006642512077,0,0.0006038647343,0,0.01207729469,17
2025-02-11,19,954,-0.4375,0.04821802935,0.01886792453,0.003144654088,0.01153039832,0.01048218029,0.002096436059,0,0,0.001048218029,0,0.002096436059,0,0,0.006289308176,0.003144654088,4
2025-02-12,10,627,0.1666666667,0.01594896332,0.02232854864,0.003189792663,0,0.01754385965,0,0,0.001594896332,0.003189792663,0.001594896332,0.02232854864,0.001594896332,0,0.003189792663,0.003189792663,3
2025-02-13,8,485,-0.09090909091,0.02474226804,0.0206185567,0.00412371134,0.00206185567,0.01649484536,0.00206185567,0,0.03092783505,0,0.00412371134,0.00618556701,0,0.00206185567,0,0.00206185567,0
2025-02-14,13,672,-0.75,0.01041666667,0.001488095238,0,0.004464285714,0.00744047619,0,0.004464285714,0.0431547619,0,0,0.008928571429,0,0.002976190476,0,0.002976190476,4
2025-02-18,83,4771,-0.301369863,0.01991196814,0.0106895829,0.003563194299,0.00859358625,0.007126388598,0.002515195976,0.002095996646,0.007126388598,0.00272479564,0.0008383986586,0.007755187592,0.001257597988,0.001047998323,0.003982393628,0.004820792287,26
2025-02-19,30,1751,-0.298245614,0.02113078241,0.01142204455,0.001142204455,0.008566533409,0.006853226728,0,0.001142204455,0.002284408909,0.0005711022273,0.0005711022273,0.008566533409,0.003426613364,0.001713306682,0,0.007424328955,9
2025-02-20,17,785,0.3333333333,0.008917197452,0.0178343949,0.003821656051,0.005095541401,0.007643312102,0.003821656051,0,0.00127388535,0.01656050955,0.00127388535,0.003821656051,0,0.002547770701,0,0.0101910828,1
2025-02-21,9,487,0.1724137931,0.02464065708,0.03490759754,0.00205338809,0.006160164271,0.02258726899,0.00205338809,0,0,0.00205338809,0,0.008213552361,0.00205338809,0.00205338809,0,0.008213552361,2
2025-02-24,41,2422,-0.02325581395,0.01816680429,0.01734104046,0.007018992568,0.004954582989,0.01156069364,0.004541701073,0.0008257638315,0,0.0004128819158,0,0.007018992568,0.0008257638315,0.001651527663,0,0.004541701073,11
2025-02-25,13,432,0.2727272727,0.009259259259,0.0162037037,0.00462962963,0.002314814815,0.009259259259,0.00462962963,0,0,0,0,0,0.006944444444,0,0,0.009259259259,6
2025-02-26,28,1301,0.1147540984,0.02075326672,0.02613374327,0.00384319754,0.005380476556,0.01306687164,0.00384319754,0.0007686395081,0.00384319754,0.0007686395081,0.001537279016,0.0007686395081,0.001537279016,0.003074558032,0,0.005380476556,3
2025-02-27,5,416,0.1666666667,0.02403846154,0.03365384615,0.009615384615,0.002403846154,0.009615384615,0.009615384615,0,0.009615384615,0,0,0.01201923077,0,0.002403846154,0,0,4
2025-02-28,6,430,1,0,0.02093023256,0.004651162791,0.002325581395,0.009302325581,0.004651162791,0,0.002325581395,0,0,0.002325581395,0.004651162791,0,0,0.02093023256,2
2025-03-03,35,1852,-0.3333333333,0.02375809935,0.01187904968,0.002159827214,0.007559395248,0.01673866091,0.001079913607,0.00161987041,0.0005399568035,0.005399568035,0,0.007019438445,0.002159827214,0.0005399568035,0.00161987041,0.002159827214,5
2025-03-04,6,227,-0.6666666667,0.02202643172,0.004405286344,0.01762114537,0.008810572687,0.03083700441,0.004405286344,0.004405286344,0.01321585903,0.004405286344,0,0,0,0.004405286344,0,0,1
2025-03-05,3,182,0,0.02747252747,0.02747252747,0.01098901099,0,0,0.01098901099,0,0.005494505495,0,0,0.005494505495,0,0,0,0.01648351648,1
2025-03-06,9,950,0.1891891892,0.01578947368,0.02315789474,0.002105263158,0.004210526316,0.01789473684,0.001052631579,0.001052631579,0.003157894737,0.002105263158,0.001052631579,0.003157894737,0.001052631579,0,0.001052631579,0.007368421053,3
2025-03-07,6,337,-0.5714285714,0.03264094955,0.008902077151,0,0.00296735905,0.02077151335,0,0,0.005934718101,0.00296735905,0,0.02077151335,0,0,0,0.008902077151,2
2025-03-10,77,3851,-0.08661417323,0.01791742405,0.01506102311,0.002596728123,0.002856400935,0.009867566866,0.001817709686,0.001817709686,0.007790184368,0.003375746559,0.002077382498,0.007790184368,0.001817709686,0.002077382498,0.0007790184368,0.006751493119,13
2025-03-11,109,6385,-0.09090909091,0.01973375098,0.01644479248,0.002662490211,0.002662490211,0.007204385278,0.001409553641,0.0009397024276,0.007204385278,0.001096319499,0.0004698512138,0.00501174628,0.004855129209,0.00250587314,0,0.005951448708,10
2025-03-12,20,705,0.5757575758,0.009929078014,0.03687943262,0.001418439716,0.001418439716,0.01134751773,0,0,0.002836879433,0.002836879433,0.002836879433,0,0.002836879433,0.005673758865,0.001418439716,0.01560283688,5
2025-03-13,18,914,-0.2,0.009846827133,0.006564551422,0.004376367615,0,0.01203501094,0.004376367615,0.003282275711,0.01094091904,0.005470459519,0.003282275711,0.001094091904,0.002188183807,0.005470459519,0,0,3
2025-03-14,5,384,0,0.015625,0.015625,0.005208333333,0.005208333333,0.01822916667,0.005208333333,0,0,0.002604166667,0.005208333333,0.0234375,0,0.002604166667,0,0.005208333333,2
2025-03-17,28,1788,-0.3823529412,0.02628635347,0.01174496644,0.003355704698,0.007829977629,0.01342281879,0.001677852349,0.002237136465,0.0005592841163,0.0005592841163,0.001118568233,0.008948545861,0,0.001118568233,0.0005592841163,0.001118568233,10
2025-03-18,21,1329,0.12,0.01655379985,0.02106847254,0.003762227239,0.003762227239,0.0158013544,0.003009781791,0.0007524454477,0.001504890895,0.003009781791,0.003009781791,0.01203912716,0.001504890895,0.006772009029,0.002257336343,0.003009781791,2
2025-03-19,29,1029,0.04761904762,0.009718172983,0.01068999028,0.003887269193,0.00583090379,0.008746355685,0.0009718172983,0,0.008746355685,0.001943634597,0.001943634597,0.006802721088,0.001943634597,0.01263362488,0.0009718172983,0.001943634597,8
2025-03-20,11,544,0.3913043478,0.01286764706,0.02941176471,0,0.007352941176,0.02022058824,0,0,0.003676470588,0.003676470588,0.001838235294,0.01470588235,0.003676470588,0.009191176471,0,0.01470588235,3
2025-03-21,19,1302,-0.3968253968,0.03379416283,0.01459293395,0.006144393241,0.02150537634,0.01075268817,0.002304147465,0.004608294931,0.0007680491551,0.002304147465,0.00153609831,0.008448540707,0.0007680491551,0,0.004608294931,0.00153609831,2
2025-03-24,41,3486,-0.4482758621,0.03012048193,0.01147446931,0.004876649455,0.01692484223,0.009179575445,0.003155479059,0.001434308663,0.002868617326,0.001434308663,0.0002868617326,0.00430292599,0.001147446931,0.0005737234653,0.01262191624,0.008892713712,10
2025-03-25,17,724,0.2121212121,0.0179558011,0.02762430939,0.002762430939,0,0.01104972376,0,0.005524861878,0.002762430939,0,0.00138121547,0.002762430939,0.002762430939,0.00138121547,0,0.01104972376,10
2025-03-26,8,387,0.2,0.01550387597,0.02325581395,0,0.03617571059,0.01033591731,0,0.005167958656,0.002583979328,0,0.005167958656,0,0.002583979328,0,0.002583979328,0.02067183463,6
2025-03-27,27,1928,0.1182795699,0.02126556017,0.02697095436,0.003630705394,0.01400414938,0.01607883817,0,0.001556016598,0.001037344398,0.002593360996,0,0.007261410788,0.003112033195,0.005705394191,0.004668049793,0.01037344398,1
2025-03-28,12,1030,0.1515151515,0.01359223301,0.01844660194,0.0009708737864,0.01747572816,0.02427184466,0,0.004854368932,0.008737864078,0.001941747573,0,0.001941747573,0,0.0009708737864,0,0.005825242718,2
2025-03-31,22,2750,-0.1428571429,0.02618181818,0.01963636364,0.004363636364,0.01163636364,0.01672727273,0.003272727273,0.001090909091,0.001090909091,0.0007272727273,0,0.006909090909,0.001454545455,0.001818181818,0.008363636364,0.01527272727,6
2025-04-01,51,2970,-0.0977443609,0.02457912458,0.0202020202,0.003703703704,0.007744107744,0.008417508418,0.00303030303,0.003703703704,0.009427609428,0.00202020202,0.001683501684,0.006060606061,0.002693602694,0.002356902357,0.002356902357,0.01683501684,7
2025-04-02,17,1111,-0.1176470588,0.01710171017,0.01350135014,0.003600360036,0.01710171017,0.01170117012,0.001800180018,0.003600360036,0.005400540054,0.000900090009,0,0.000900090009,0,0.001800180018,0.000900090009,0.00900090009,5
2025-04-03,7,358,0.75,0.002793296089,0.01955307263,0,0,0.005586592179,0,0,0.01955307263,0.008379888268,0,0.002793296089,0.002793296089,0.008379888268,0,0.02793296089,9
2025-04-04,14,575,-0.09677419355,0.02956521739,0.02434782609,0.00347826087,0.001739130435,0.006956521739,0.001739130435,0.001739130435,0.006956521739,0.01913043478,0.00347826087,0.006956521739,0.001739130435,0.00347826087,0,0,4
2025-04-07,26,1106,-0.03571428571,0.02622061483,0.02441229656,0.001808318264,0,0.01265822785,0.000904159132,0.000904159132,0.01808318264,0.005424954792,0.00452079566,0.00904159132,0.003616636528,0.01175406872,0,0,6
2025-04-08,8,530,0.7272727273,0.005660377358,0.0358490566,0.007547169811,0.005660377358,0.01320754717,0.003773584906,0.001886792453,0.01698113208,0.003773584906,0,0.01132075472,0.001886792453,0.005660377358,0.001886792453,0.01698113208,0
2025-04-09,16,742,0.3939393939,0.01347708895,0.03099730458,0.001347708895,0.008086253369,0.02021563342,0.001347708895,0,0.01347708895,0.004043126685,0.001347708895,0.008086253369,0.004043126685,0.00269541779,0.001347708895,0.01347708895,5
2025-04-10,11,449,0.3636363636,0.01559020045,0.03340757238,0.002227171492,0.01336302895,0.002227171492,0,0.002227171492,0,0.006681514477,0.002227171492,0.002227171492,0,0,0.004454342984,0.01559020045,5
2025-04-11,18,2016,-0.2105263158,0.02281746032,0.01488095238,0.003968253968,0.02529761905,0.01736111111,0.001488095238,0.003968253968,0.001488095238,0.0009920634921,0,0.005456349206,0.000496031746,0.001488095238,0,0.005456349206,2
2025-04-14,21,1628,-0.3066666667,0.0300982801,0.01597051597,0.0042997543,0.0042997543,0.01412776413,0.003685503686,0.002457002457,0.0042997543,0.001228501229,0.0006142506143,0.009213759214,0,0.0006142506143,0.0006142506143,0.004914004914,8
2025-04-15,9,502,0.2173913043,0.01792828685,0.02788844622,0.003984063745,0.005976095618,0.01992031873,0.001992031873,0.00796812749,0.005976095618,0.001992031873,0,0.01195219124,0,0,0,0.003984063745,2
2025-04-16,13,684,-0.3125,0.03070175439,0.01608187135,0.002923976608,0.008771929825,0.004385964912,0.002923976608,0.001461988304,0.004385964912,0.004385964912,0.005847953216,0.00730994152,0.001461988304,0,0,0.005847953216,4
2025-04-17,14,1007,0.2682926829,0.01489572989,0.02581926514,0.002979145978,0.01390268123,0.01588877855,0,0,0.002979145978,0.007944389275,0.0009930486594,0.002979145978,0.0009930486594,0.0009930486594,0.005958291956,0.005958291956,2
2025-04-21,37,2023,-0.4565217391,0.03311913,0.01235788433,0.002471576866,0.02125556105,0.01235788433,0.001977261493,0.0009886307464,0.003460207612,0.004448838359,0.002965892239,0.003460207612,0.0004943153732,0.0004943153732,0.002471576866,0.0148294612,15
2025-04-22,12,937,0,0.0288153682,0.0288153682,0.004268943436,0.01814300961,0.006403415155,0.003201707577,0,0.001067235859,0.001067235859,0,0.004268943436,0.001067235859,0.001067235859,0.004268943436,0.005336179296,4
2025-04-23,4,512,-0.7894736842,0.033203125,0.00390625,0.001953125,0.017578125,0.005859375,0.001953125,0.00390625,0.00390625,0,0,0.02734375,0,0,0.0078125,0,1
2025-04-24,9,481,-0.1111111111,0.02079002079,0.01663201663,0.004158004158,0.004158004158,0.008316008316,0.004158004158,0.002079002079,0,0,0.002079002079,0.01247401247,0.002079002079,0,0,0,5
2025-04-25,7,243,0,0.01646090535,0.01646090535,0.008230452675,0.01646090535,0.01646090535,0.004115226337,0,0.008230452675,0,0,0.01234567901,0.008230452675,0.004115226337,0,0.004115226337,4
2025-04-28,29,2386,0.08474576271,0.02263202012,0.02682313495,0.003772003353,0.00922045264,0.01634534786,0.003772003353,0.0004191114837,0.0008382229673,0.001676445935,0,0.01341156748,0.001257334451,0.002933780386,0.0004191114837,0.007124895222,12
2025-04-29,38,1889,0.323943662,0.01270513499,0.02488088936,0.001588141874,0.003176283748,0.003176283748,0.001588141874,0.001588141874,0.001058761249,0,0.0005293806247,0.003176283748,0.001588141874,0.004764425622,0,0.006881948121,16
2025-04-30,8,855,-0.6666666667,0.05263157895,0.01052631579,0.002339181287,0.01169590643,0.008187134503,0.002339181287,0.002339181287,0.002339181287,0.004678362573,0.004678362573,0,0,0.002339181287,0,0.00350877193,7
2025-05-01,6,364,0.8571428571,0.002747252747,0.03571428571,0,0,0.02472527473,0,0,0,0,0,0.005494505495,0.005494505495,0,0,0.005494505495,8
2025-05-02,19,1283,0.2222222222,0.01091192518,0.01714731099,0.004676539361,0.01247077163,0.006235385814,0.003897116134,0.001558846454,0.0007794232268,0.003897116134,0.001558846454,0.01247077163,0.001558846454,0.001558846454,0.003117692907,0.003897116134,5
2025-05-05,27,1041,-0.4090909091,0.0297790586,0.01248799232,0.001921229587,0.008645533141,0.01056676273,0.001921229587,0,0.00288184438,0.0009606147935,0,0.008645533141,0,0.0009606147935,0,0.004803073967,5
2025-05-06,21,1370,-0.35,0.0197080292,0.009489051095,0.005839416058,0.01094890511,0.01094890511,0.003649635036,0.002919708029,0.004379562044,0,0.0007299270073,0.008759124088,0.001459854015,0.0007299270073,0.0007299270073,0.004379562044,10
2025-05-07,18,1208,-0.1428571429,0.0298013245,0.02235099338,0.005794701987,0.04056291391,0.01407284768,0.004139072848,0.0008278145695,0,0.001655629139,0,0.004966887417,0.0008278145695,0.002483443709,0.01324503311,0.004966887417,2
2025-05-08,11,591,0.5483870968,0.01184433164,0.04060913706,0.001692047377,0,0.0152284264,0.001692047377,0,0.01015228426,0.003384094755,0.003384094755,0,0.003384094755,0.001692047377,0,0.001692047377,5
2025-05-09,26,1774,0.1627906977,0.02029312289,0.0281848929,0.001127395716,0.01578354002,0.02480270575,0,0.001691093574,0.00281848929,0.005073280722,0.002254791432,0.01409244645,0.00281848929,0.005636978579,0.001691093574,0.006764374295,1
2025-05-12,48,3110,0.2148148148,0.01704180064,0.02636655949,0.004180064309,0.008681672026,0.01672025723,0.003536977492,0.0003215434084,0.002893890675,0.002250803859,0.004823151125,0.007717041801,0.002250803859,0.002572347267,0.0006430868167,0.009003215434,13
2025-05-13,13,713,-0.08571428571,0.02664796634,0.02244039271,0,0.01122019635,0.02244039271,0,0,0,0.008415147265,0.0126227209,0.004207573633,0.008415147265,0.002805049088,0.001402524544,0.005610098177,3
2025-05-14,23,636,-0.1851851852,0.0251572327,0.01729559748,0.004716981132,0,0.009433962264,0.004716981132,0,0,0,0,0.001572327044,0,0,0,0,26
2025-05-15,6,392,0,0.005102040816,0.005102040816,0.002551020408,0.005102040816,0,0,0,0,0,0,0.01275510204,0,0,0.005102040816,0.01275510204,6
2025-05-16,9,1274,-0.2105263158,0.0180533752,0.01177394035,0.002354788069,0.01020408163,0.01177394035,0.0007849293564,0.004709576138,0.001569858713,0.0007849293564,0,0.003924646782,0.002354788069,0.004709576138,0.003924646782,0.01098901099,9
2025-05-19,41,1812,-0.7183098592,0.03366445916,0.005518763797,0.003863134658,0.01986754967,0.01379690949,0.002207505519,0.002207505519,0.003863134658,0.002207505519,0.001655629139,0.01158940397,0,0.0005518763797,0.007174392936,0.006622516556,20
2025-05-20,9,448,0.07142857143,0.02901785714,0.03348214286,0.004464285714,0.01116071429,0.02678571429,0.004464285714,0.002232142857,0,0,0.002232142857,0.002232142857,0,0,0,0.008928571429,5
2025-05-21,2,123,0.3333333333,0.008130081301,0.0162601626,0,0.0162601626,0.0243902439,0,0,0,0,0,0.008130081301,0,0.008130081301,0,0.0243902439,4
2025-05-22,11,703,-0.09090909091,0.01706970128,0.01422475107,0.001422475107,0.007112375533,0.01280227596,0.001422475107,0,0,0.00426742532,0,0.002844950213,0,0,0.002844950213,0.01137980085,4
2025-05-23,12,722,-0.2,0.01662049861,0.01108033241,0.005540166205,0.001385041551,0.02354570637,0.005540166205,0,0.01246537396,0,0.002770083102,0.002770083102,0.008310249307,0.004155124654,0,0,1
2025-05-27,38,2332,0.2079207921,0.01715265866,0.02615780446,0.001715265866,0.009433962264,0.0154373928,0.0012864494,0.0004288164666,0.003001715266,0.002572898799,0.0012864494,0.009433962264,0.006003430532,0.0012864494,0.003430531732,0.004716981132,10
2025-05-28,9,777,0.4871794872,0.01287001287,0.03732303732,0.002574002574,0.009009009009,0.01673101673,0.001287001287,0.002574002574,0,0,0.002574002574,0,0,0.001287001287,0.002574002574,0.01287001287,5
2025-05-29,10,774,0.0303030303,0.02067183463,0.02196382429,0,0.04909560724,0.009043927649,0,0,0,0.007751937984,0,0.01033591731,0,0,0.03488372093,0.001291989664,4
2025-05-30,12,1111,-0.3181818182,0.02610261026,0.01350135014,0.006300630063,0.01440144014,0.01440144014,0.002700270027,0,0.008100810081,0.001800180018,0.001800180018,0.005400540054,0.000900090009,0.002700270027,0.007200720072,0.004500450045,6
2025-06-02,30,1392,-0.2857142857,0.03232758621,0.01795977011,0.003591954023,0.01364942529,0.01867816092,0.003591954023,0,0.002155172414,0.007902298851,0.0007183908046,0.001436781609,0.0007183908046,0.002155172414,0,0.01149425287,13
2025-06-03,13,856,-0.02127659574,0.02803738318,0.02686915888,0.002336448598,0.002336448598,0.01985981308,0.001168224299,0.004672897196,0.003504672897,0.008177570093,0,0.005841121495,0.002336448598,0.002336448598,0,0.01051401869,1
2025-06-04,14,654,-0.1428571429,0.0122324159,0.009174311927,0.02293577982,0.004587155963,0.02752293578,0.0122324159,0.003058103976,0.001529051988,0.007645259939,0,0.0244648318,0,0.001529051988,0,0.006116207951,1
2025-06-05,8,344,-0.1666666667,0.02034883721,0.01453488372,0.005813953488,0.002906976744,0.01453488372,0.002906976744,0.002906976744,0.01162790698,0,0,0.01453488372,0,0,0,0.005813953488,2
2025-06-06,14,766,0.3,0.0182767624,0.03394255875,0.007832898172,0,0.01436031332,0.006527415144,0.001305483029,0.005221932115,0.01305483029,0.006527415144,0.006527415144,0.003916449086,0.003916449086,0,0.02480417755,1
2025-06-09,28,1395,-0.2258064516,0.02724014337,0.01720430108,0.002867383513,0.008602150538,0.01218637993,0.0007168458781,0.001433691756,0.003584229391,0.003584229391,0.002867383513,0.0007168458781,0,0.002150537634,0,0.01146953405,9
2025-06-10,26,1325,0.03846153846,0.01886792453,0.02037735849,0.001509433962,0.002264150943,0.009811320755,0.001509433962,0.003773584906,0.001509433962,0.003773584906,0.0007547169811,0.002264150943,0.004528301887,0.004528301887,0.002264150943,0.00679245283,3
2025-06-11,19,815,0.1666666667,0.01840490798,0.02576687117,0,0.01226993865,0.01963190184,0,0,0.003680981595,0.00490797546,0.001226993865,0.01104294479,0,0.001226993865,0.001226993865,0.001226993865,2
2025-06-12,18,948,0.1071428571,0.02637130802,0.03270042194,0.001054852321,0.007383966245,0.02215189873,0.001054852321,0.001054852321,0.001054852321,0.002109704641,0.004219409283,0.006329113924,0,0.008438818565,0,0.01793248945,1
2025-06-13,7,525,-0.3,0.02476190476,0.01333333333,0.007619047619,0.005714285714,0.01523809524,0.005714285714,0.001904761905,0,0,0,0.01523809524,0,0,0.001904761905,0,0
2025-06-16,12,982,-0.1481481481,0.03156822811,0.02342158859,0.005091649695,0.01323828921,0.01629327902,0.003054989817,0.002036659878,0.001018329939,0.002036659878,0,0.02138492872,0,0.002036659878,0,0.001018329939,6
2025-06-17,22,768,-0.3333333333,0.0390625,0.01953125,0.005208333333,0.005208333333,0.002604166667,0.00390625,0,0,0,0,0.015625,0,0,0,0.009114583333,0
2025-06-18,10,475,0.03448275862,0.02947368421,0.03157894737,0.01684210526,0.006315789474,0.01473684211,0.01052631579,0.002105263158,0,0.002105263158,0,0.01473684211,0.008421052632,0.004210526316,0.004210526316,0.02105263158,4
2025-06-20,36,1604,0.01204819277,0.02556109726,0.02618453865,0.003740648379,0.009975062344,0.01246882793,0.002493765586,0.002493765586,0,0.009351620948,0.00187032419,0.005610972569,0.0006234413965,0.0006234413965,0.002493765586,0.01122194514,8
2025-06-23,33,2737,0.1076923077,0.02119108513,0.02630617464,0.008037997808,0.001461454147,0.01205699671,0.006941907198,0,0.0003653635367,0.002557544757,0.002557544757,0.01826817684,0.001826817684,0.0003653635367,0.0003653635367,0.005480453051,8
2025-06-24,35,1678,0.2051282051,0.01847437426,0.02800953516,0.004171632896,0.004767580453,0.01966626937,0.002383790226,0.0005959475566,0,0.00536352801,0.0005959475566,0.03039332539,0.0005959475566,0.0005959475566,0,0.008939213349,31
2025-06-25,23,977,-0.12,0.0286591607,0.02251791198,0.007164790174,0.002047082907,0.002047082907,0.002047082907,0,0,0,0,0.01842374616,0.001023541453,0,0,0.002047082907,9
2025-06-26,14,797,-0.07317073171,0.02760351317,0.02383939774,0.007528230866,0.005018820577,0.006273525721,0.007528230866,0,0,0.001254705144,0,0.02007528231,0,0.001254705144,0.003764115433,0,3
2025-06-27,15,1015,0.1707317073,0.01674876847,0.0236453202,0.00197044335,0.008866995074,0.01379310345,0.00197044335,0,0.0039408867,0.0009852216749,0,0.02167487685,0.0009852216749,0.004926108374,0.004926108374,0.01083743842,0
2025-06-30,53,3037,0.05555555556,0.02239051696,0.02502469542,0.004280540007,0.003951267698,0.009878169246,0.002963450774,0.0003292723082,0.0006585446164,0.002304906157,0.003292723082,0.0121830754,0.001646361541,0.002304906157,0.001975633849,0.01284162002,6
2025-07-01,25,1366,0.4769230769,0.01244509517,0.03513909224,0.005124450952,0.0007320644217,0.005856515373,0.00439238653,0.002928257687,0.002196193265,0.003660322108,0,0.003660322108,0,0.003660322108,0,0.02928257687,5
2025-07-02,26,1401,0.09677419355,0.01998572448,0.02426837973,0.004996431121,0.004996431121,0.01570306924,0.002855103498,0.003568879372,0.005710206995,0.004282655246,0.002855103498,0.004996431121,0.003568879372,0.004996431121,0,0.01570306924,11
2025-07-03,16,848,0,0.02476415094,0.02476415094,0.001179245283,0.02240566038,0.008254716981,0.001179245283,0,0.002358490566,0.01297169811,0.002358490566,0.007075471698,0,0.009433962264,0.007075471698,0.009433962264,2
2025-07-07,44,2143,0.4,0.01259916006,0.02939804013,0.003266448903,0.005132991134,0.01259916006,0.002333177788,0.001866542231,0.001399906673,0.0009332711153,0,0.003266448903,0.0004666355576,0.0009332711153,0.004199720019,0.02053196454,32
2025-07-08,5,348,-0.4545454545,0.02298850575,0.008620689655,0,0.01436781609,0.02586206897,0,0.002873563218,0.01149425287,0.01724137931,0.01436781609,0,0.002873563218,0.008620689655,0,0,7
2025-07-09,21,1015,0.5,0.006896551724,0.02068965517,0.0009852216749,0.00197044335,0.005911330049,0,0,0.005911330049,0.002955665025,0.002955665025,0.002955665025,0,0.00197044335,0.0039408867,0.01477832512,8
2025-07-10,14,1148,0.03703703704,0.02264808362,0.0243902439,0.001742160279,0.008710801394,0.01306620209,0.001742160279,0.0008710801394,0.006968641115,0.006097560976,0.0008710801394,0.005226480836,0.003484320557,0.004355400697,0.0008710801394,0.006097560976,4
2025-07-11,11,359,0.5294117647,0.01114206128,0.03621169916,0,0.0139275766,0.008356545961,0,0,0,0.00278551532,0,0.008356545961,0,0,0.005571030641,0.008356545961,3
2025-07-14,15,1081,-0.04545454545,0.02127659574,0.01942645698,0.004625346901,0.01017576318,0.01110083256,0.00185013876,0.00185013876,0.005550416281,0,0.0009250693802,0.006475485661,0.00185013876,0.0009250693802,0,0.00185013876,8
2025-07-15,15,1054,0.09523809524,0.01802656546,0.02182163188,0.00569259962,0.007590132827,0.01518026565,0.00569259962,0.001897533207,0.008538899431,0.00569259962,0.003795066414,0.001897533207,0.003795066414,0.001897533207,0.00284629981,0.006641366224,2
2025-07-16,12,908,0.5238095238,0.01101321586,0.03524229075,0.006607929515,0.004405286344,0.008810572687,0.004405286344,0.002202643172,0.00550660793,0,0,0.008810572687,0.002202643172,0,0.002202643172,0.008810572687,6
2025-07-17,20,784,0.2941176471,0.01530612245,0.02806122449,0.001275510204,0.01530612245,0.01020408163,0.001275510204,0.001275510204,0,0.002551020408,0.005102040816,0.002551020408,0,0,0.003826530612,0.005102040816,4
2025-07-18,16,752,-0.5294117647,0.03457446809,0.01063829787,0.001329787234,0.01329787234,0.003989361702,0,0,0,0.009308510638,0.002659574468,0,0,0.001329787234,0.002659574468,0.003989361702,6
2025-07-21,56,3629,0.04522613065,0.02617801047,0.02865803252,0.00110223202,0.01873794434,0.01488013227,0.0008266740149,0.00165334803,0.000275558005,0.004960044089,0.001928906035,0.009920088179,0.008817856159,0.004684486084,0.00330669606,0.009093414164,24
2025-07-22,20,894,0.02325581395,0.02348993289,0.02460850112,0.003355704698,0.006711409396,0.01565995526,0.001118568233,0,0.006711409396,0.001118568233,0,0.004474272931,0.001118568233,0.003355704698,0.001118568233,0.004474272931,2
2025-07-23,14,1096,-0.1555555556,0.02372262774,0.01733576642,0.005474452555,0.002737226277,0.02645985401,0.005474452555,0.001824817518,0.01094890511,0.007299270073,0,0.005474452555,0,0.006386861314,0.0009124087591,0.004562043796,2
2025-07-24,12,907,0.1,0.01984564498,0.02425578831,0.003307607497,0.009922822492,0.007717750827,0.003307607497,0.009922822492,0.007717750827,0.01433296582,0,0.003307607497,0,0,0.001102535832,0.002205071665,12
2025-07-25,10,1136,0.4576271186,0.01408450704,0.03785211268,0,0.01056338028,0.02024647887,0,0.0008802816901,0,0.008802816901,0.004401408451,0.009683098592,0.005281690141,0.007042253521,0,0.01408450704,3
2025-07-28,24,1048,-0.3,0.02480916031,0.01335877863,0.003816793893,0.003816793893,0.006679389313,0.001908396947,0,0.003816793893,0.0009541984733,0,0.01049618321,0,0.0009541984733,0.0009541984733,0.001908396947,20
2025-07-29,11,305,-0.4285714286,0.01639344262,0.006557377049,0.003278688525,0.003278688525,0.0131147541,0.003278688525,0.003278688525,0,0.003278688525,0.003278688525,0.02295081967,0.009836065574,0,0,0.003278688525,4
2025-07-30,43,1184,-0.2653061224,0.02618243243,0.0152027027,0.002533783784,0.007601351351,0.01858108108,0.001689189189,0.0008445945946,0.008445945946,0.001689189189,0.0008445945946,0.004222972973,0.003378378378,0.0008445945946,0,0.002533783784,0
2025-07-31,14,1044,0.07317073171,0.01819923372,0.02107279693,0.003831417625,0.001915708812,0.01149425287,0.002873563218,0,0.01724137931,0.001915708812,0.0009578544061,0.004789272031,0.0009578544061,0.001915708812,0,0.006704980843,24
2025-08-01,40,1862,-0.1485148515,0.03114930183,0.02309344791,0.004296455424,0.006444683136,0.01503759398,0.001074113856,0,0.001611170784,0.006981740064,0.000537056928,0.008055853921,0.000537056928,0.006444683136,0,0.006981740064,3
2025-08-04,27,1606,-0.3111111111,0.03673723537,0.01930261519,0.003735990037,0.002490660025,0.002490660025,0.003113325031,0,0.0006226650062,0.002490660025,0.002490660025,0.00498132005,0.001867995019,0.004358655044,0,0.008094645081,9
2025-08-05,5,299,0.2307692308,0.01672240803,0.02675585284,0,0.03010033445,0.01337792642,0,0.006688963211,0,0.006688963211,0,0.006688963211,0,0.006688963211,0.006688963211,0,0
2025-08-06,14,667,-0.04347826087,0.0179910045,0.01649175412,0.007496251874,0.01349325337,0.01499250375,0.004497751124,0.001499250375,0,0.001499250375,0,0.001499250375,0,0,0,0.011994003,2
2025-08-07,20,807,0.2857142857,0.01858736059,0.03345724907,0.002478314746,0.003717472119,0.01115241636,0.002478314746,0.002478314746,0.004956629492,0.003717472119,0,0.001239157373,0,0.001239157373,0.001239157373,0.01239157373,4
2025-08-08,15,1169,0.1014492754,0.02651839179,0.03250641574,0.008554319932,0.0119760479,0.01112061591,0.005132591959,0,0.003421727973,0.0008554319932,0,0.004277159966,0,0.004277159966,0.003421727973,0.003421727973,6
2025-08-11,50,2114,0.02173913043,0.02128666036,0.02223273415,0.004730368969,0.008514664144,0.01182592242,0.002365184484,0,0.001419110691,0.001419110691,0.001419110691,0.003311258278,0,0.003311258278,0,0.002838221381,7
2025-08-12,17,1142,0.05660377358,0.02189141856,0.02451838879,0.00350262697,0.006129597198,0.01313485114,0.001751313485,0.0008756567426,0.007880910683,0.005253940455,0.001751313485,0.00350262697,0.0008756567426,0.007880910683,0.001751313485,0.00350262697,4
2025-08-13,23,817,0.125,0.01713586291,0.02203182375,0.002447980416,0.04039167687,0.01346389229,0,0,0,0.001223990208,0.002447980416,0.00611995104,0,0,0.02815177479,0.008567931457,6
2025-08-14,15,964,-0.552238806,0.05394190871,0.01556016598,0.005186721992,0.009336099585,0.004149377593,0.004149377593,0.001037344398,0,0.009336099585,0,0.01037344398,0,0,0.001037344398,0.003112033195,2
2025-08-15,8,265,0.3333333333,0.01886792453,0.03773584906,0,0.04150943396,0.01509433962,0,0,0,0,0,0,0,0,0.01509433962,0,4
2025-08-18,50,1830,-0.2207792208,0.02568306011,0.01639344262,0.004371584699,0.002732240437,0.01693989071,0.003278688525,0,0,0.001092896175,0.001092896175,0.01912568306,0,0,0,0.002732240437,10
2025-08-19,26,935,0.7,0.00320855615,0.01818181818,0.002139037433,0.006417112299,0.005347593583,0.001069518717,0,0.002139037433,0.00320855615,0.001069518717,0.01069518717,0.001069518717,0.00320855615,0.00320855615,0.006417112299,6
2025-08-20,23,1700,0.08888888889,0.02411764706,0.02882352941,0.0005882352941,0.01647058824,0.02176470588,0.0005882352941,0.001176470588,0,0.008823529412,0.003529411765,0.01529411765,0.01470588235,0.006470588235,0.0005882352941,0.01352941176,1
2025-08-21,16,1271,-0.3150684932,0.03776553895,0.01966955153,0.003147128245,0.01652242329,0.0102281668,0.001573564123,0.0007867820614,0,0.003147128245,0.001573564123,0.004720692368,0,0.0007867820614,0.008654602675,0.004720692368,3
2025-08-22,13,696,0.1914893617,0.02729885057,0.04022988506,0,0.01867816092,0.01149425287,0,0,0,0.004310344828,0.001436781609,0.005747126437,0.005747126437,0.001436781609,0.001436781609,0.01436781609,3
2025-08-25,34,2890,-0.06040268456,0.02733564014,0.02422145329,0.004498269896,0.02179930796,0.009688581315,0.001384083045,0.0006920415225,0.001384083045,0.001384083045,0.0006920415225,0.001730103806,0.0006920415225,0.001730103806,0.004844290657,0.001730103806,10
2025-08-26,9,418,0.2307692308,0.01196172249,0.01913875598,0,0.01196172249,0.01196172249,0,0.004784688995,0.007177033493,0,0,0,0.004784688995,0.002392344498,0,0.004784688995,2
2025-08-27,12,501,-0.0625,0.03393213573,0.02994011976,0,0.01397205589,0.007984031936,0,0,0,0,0,0,0.001996007984,0,0,0.005988023952,3
2025-08-28,6,414,0.4,0.01449275362,0.03381642512,0.004830917874,0.009661835749,0.01449275362,0.004830917874,0,0,0,0,0.002415458937,0,0,0.002415458937,0.007246376812,0
2025-08-29,5,181,-0.5384615385,0.05524861878,0.01657458564,0,0.02209944751,0.01104972376,0,0,0,0,0,0,0,0,0,0,3
2025-09-02,73,3850,-0.2272727273,0.02805194805,0.01766233766,0.001558441558,0.01532467532,0.008831168831,0.001298701299,0.001038961039,0.005714285714,0.001818181818,0.0007792207792,0.003376623377,0.0007792207792,0,0.003636363636,0.008571428571,20
2025-09-03,6,417,-0.04761904762,0.02637889688,0.02398081535,0.002398081535,0,0.007194244604,0.002398081535,0,0,0,0,0.009592326139,0,0,0,0.007194244604,2
2025-09-04,13,590,-0.3,0.02203389831,0.01186440678,0.008474576271,0.008474576271,0.001694915254,0.006779661017,0.001694915254,0.001694915254,0.005084745763,0.003389830508,0.01016949153,0.006779661017,0,0,0.001694915254,22
2025-09-05,9,713,-0.3684210526,0.03646563815,0.01683029453,0.004207573633,0.005610098177,0.0126227209,0.002805049088,0,0,0.002805049088,0,0.007012622721,0,0.001402524544,0.001402524544,0.004207573633,1
2025-09-08,23,1523,-0.4576271186,0.02823374918,0.01050558109,0.001313197636,0.01575837163,0.01181877873,0.0006565988181,0.001313197636,0.0006565988181,0.003282994091,0.0006565988181,0.01050558109,0.0006565988181,0.001313197636,0.004596191727,0.01050558109,25
2025-09-09,8,481,-0.6666666667,0.04158004158,0.008316008316,0.0103950104,0.02079002079,0.008316008316,0.002079002079,0.006237006237,0,0.008316008316,0,0.004158004158,0,0,0,0.004158004158,0
2025-09-10,9,690,0.1219512195,0.02608695652,0.03333333333,0.005797101449,0.004347826087,0.01594202899,0.001449275362,0,0.001449275362,0.002898550725,0.001449275362,0.008695652174,0,0,0.002898550725,0.001449275362,5
2025-09-11,14,748,0.5757575758,0.00935828877,0.03475935829,0.001336898396,0.004010695187,0.02272727273,0.001336898396,0.001336898396,0,0.001336898396,0,0.002673796791,0.001336898396,0.001336898396,0,0.004010695187,1
2025-09-12,1,3,0,0,0,0,0,0,0,0,0,0,0,0,0,0,0,0,10
2025-09-15,25,2498,-0.2396694215,0.03002401922,0.01841473179,0.002001601281,0.009607686149,0.01321056845,0.001200960769,0.0004003202562,0.001200960769,0.005604483587,0,0.01000800641,0.001200960769,0,0.0008006405124,0.005204163331,6
2025-09-16,28,2678,-0.5245901639,0.03472740851,0.01082897685,0.002613890963,0.01493651979,0.004854368932,0.001493651979,0.001867064974,0.001867064974,0.004107542942,0.002987303958,0.003734129948,0,0.0003734129948,0.004107542942,0.007468259895,10
2025-09-17,18,432,-0.6,0.0462962963,0.01157407407,0,0.009259259259,0.002314814815,0,0,0,0.002314814815,0.002314814815,0.002314814815,0,0,0.01157407407,0.006944444444,2
2025-09-18,2,119,-0.3333333333,0.05042016807,0.02521008403,0.008403361345,0.008403361345,0.02521008403,0.008403361345,0,0,0,0,0,0,0,0,0,1
2025-09-19,11,744,-0.2,0.02419354839,0.01612903226,0.002688172043,0.006720430108,0.004032258065,0.002688172043,0,0.002688172043,0,0,0.01075268817,0,0,0,0.008064516129,2
2025-09-22,35,1893,-0.06976744186,0.02430005283,0.02113048072,0.004226096144,0.01901743265,0.01056524036,0.002113048072,0.001056524036,0,0.001056524036,0.000528262018,0.000528262018,0,0,0.000528262018,0.003697834126,8
2025-09-23,13,1483,-0.02941176471,0.02360080917,0.0222521915,0.005394470668,0.01146325017,0.007417397168,0.003371544167,0.0006743088334,0.001348617667,0,0.001348617667,0.016183412,0.0020229265,0.004045853001,0.004720161834,0.002697235334,0
2025-09-24,9,1010,-0.4901960784,0.03762376238,0.01287128713,0.00396039604,0.009900990099,0.006930693069,0.00297029703,0.0009900990099,0.00198019802,0.0009900990099,0.0009900990099,0.007920792079,0.0009900990099,0,0.0009900990099,0.00495049505,2
2025-09-25,10,921,-0.512195122,0.03365906623,0.0108577633,0.00434310532,0.007600434311,0.00325732899,0.00434310532,0.00108577633,0,0,0,0,0,0.00108577633,0,0.00651465798,6
2025-09-26,14,730,-0.45,0.0397260274,0.01506849315,0.004109589041,0.008219178082,0.01369863014,0,0.004109589041,0.006849315068,0.004109589041,0.001369863014,0,0,0.001369863014,0.001369863014,0.001369863014,8
2025-09-29,39,2035,-0.2380952381,0.02555282555,0.01572481572,0.00343980344,0.009336609337,0.01031941032,0.001965601966,0.0009828009828,0.0009828009828,0.001965601966,0.0009828009828,0.005896805897,0,0,0.001474201474,0.001474201474,19
2025-09-30,1,67,-1,0.0447761194,0,0,0,0.01492537313,0,0,0,0,0,0,0,0,0,0,3
2025-10-01,7,515,-0.2631578947,0.02330097087,0.01359223301,0.003883495146,0.01553398058,0.01941747573,0.001941747573,0,0.001941747573,0.009708737864,0,0.005825242718,0,0,0,0.003883495146,5
2025-10-02,14,250,-0.1666666667,0.028,0.02,0.012,0.004,0.016,0.008,0,0,0.008,0,0,0,0,0,0,0
2025-10-03,9,747,-0.3333333333,0.03480589023,0.01740294511,0.002677376171,0.0093708166,0.01740294511,0,0.001338688086,0,0.004016064257,0,0.0093708166,0.001338688086,0.001338688086,0,0.002677376171,11
2025-10-06,32,1968,0.0487804878,0.01981707317,0.0218495935,0.003048780488,0.003556910569,0.02388211382,0.001016260163,0,0.002032520325,0.001016260163,0.001524390244,0.006097560976,0.001016260163,0.002540650407,0,0.003048780488,19
2025-10-07,10,595,-0.45,0.0487394958,0.01848739496,0,0.008403361345,0.01008403361,0,0.001680672269,0,0.003361344538,0,0.005042016807,0.001680672269,0.008403361345,0,0.008403361345,4
2025-10-08,12,819,0.02564102564,0.0231990232,0.02442002442,0.003663003663,0.01953601954,0.01221001221,0.003663003663,0,0,0.002442002442,0,0.007326007326,0.002442002442,0.004884004884,0.002442002442,0.009768009768,3
2025-10-09,14,762,-0.02857142857,0.02362204724,0.02230971129,0.005249343832,0.01968503937,0.01181102362,0.003937007874,0,0.002624671916,0,0,0.007874015748,0,0,0.005249343832,0.001312335958,18
2025-10-10,8,749,-0.1304347826,0.0173564753,0.01335113485,0.006675567423,0.001335113485,0.006675567423,0.002670226969,0.002670226969,0.005340453939,0.001335113485,0,0.01068090788,0,0.001335113485,0,0.001335113485,15
2025-10-13,31,2021,0.08888888889,0.02028698664,0.02424542306,0.003463631865,0.00890648194,0.01385452746,0.001979218209,0.002968827313,0.002968827313,0.001979218209,0,0.009401286492,0,0,0.002474022761,0.001979218209,10
2025-10-14,9,535,-0.04761904762,0.02056074766,0.01869158879,0.003738317757,0.001869158879,0.003738317757,0.001869158879,0.001869158879,0.001869158879,0,0,0.009345794393,0.003738317757,0,0.001869158879,0,1
2025-10-15,19,1299,0.2592592593,0.01539645881,0.02617397998,0,0.02309468822,0.0246343341,0,0.003079291763,0,0.006928406467,0,0.01616628176,0.006928406467,0.006928406467,0.0007698229407,0.0169361047,3
2025-10-16,4,385,0.75,0.002597402597,0.01818181818,0.005194805195,0,0.03376623377,0,0,0.002597402597,0,0.002597402597,0.02597402597,0,0,0,0.002597402597,0
2025-10-17,4,395,0.04761904762,0.0253164557,0.02784810127,0,0.01265822785,0.01012658228,0,0.005063291139,0,0,0,0,0,0,0.005063291139,0,0
2025-10-20,15,1636,0.1052631579,0.02078239609,0.02567237164,0.002444987775,0.008557457213,0.01833740831,0.001222493888,0.001833740831,0.0006112469438,0.001222493888,0,0.006723716381,0.0006112469438,0.0006112469438,0.001222493888,0.003056234719,17
2025-10-21,7,999,0.1052631579,0.01701701702,0.02102102102,0.002002002002,0.01501501502,0.02502502503,0.001001001001,0.002002002002,0,0,0.01401401401,0.001001001001,0.01301301301,0,0.007007007007,0.009009009009,4
2025-10-22,10,783,0.4074074074,0.01021711367,0.02426564496,0,0.008939974457,0.01404853129,0,0,0.007662835249,0.003831417625,0.01021711367,0.003831417625,0.01149425287,0.005108556833,0,0.01404853129,0
2025-10-23,11,794,0.2727272727,0.01511335013,0.02644836272,0.006297229219,0.007556675063,0.008816120907,0.002518891688,0.001259445844,0,0.003778337531,0,0.007556675063,0.001259445844,0.001259445844,0,0.006297229219,4
2025-10-24,18,1254,-0.5813953488,0.02711323764,0.007177033493,0.003189792663,0.01036682616,0.0007974481659,0.002392344498,0,0.00956937799,0.0007974481659,0,0,0,0.003189792663,0.003189792663,0.01355661882,2
2025-10-27,59,4999,0.07633587786,0.02420484097,0.02820564113,0.001200240048,0.02140428086,0.02140428086,0.000400080016,0.002400480096,0.002200440088,0.006601320264,0.001200240048,0.01340268054,0.007601520304,0.006401280256,0.000800160032,0.01360272054,7
2025-10-28,10,407,0,0.01228501229,0.01228501229,0.002457002457,0,0.01474201474,0,0,0.002457002457,0,0,0.007371007371,0,0,0,0,4
2025-10-29,23,768,-0.03703703704,0.01822916667,0.01692708333,0.002604166667,0.006510416667,0.01302083333,0.001302083333,0,0.001302083333,0.001302083333,0,0.0078125,0.001302083333,0.001302083333,0,0.002604166667,6
2025-10-30,32,1615,-0.04225352113,0.02291021672,0.02105263158,0.001238390093,0.005572755418,0.01547987616,0.001238390093,0,0,0.001857585139,0.001238390093,0.007430340557,0.006811145511,0,0.003715170279,0.003715170279,2
2025-10-31,8,909,0.05,0.02090209021,0.02310231023,0.002200220022,0.003300330033,0.01320132013,0.001100110011,0,0.002200220022,0.001100110011,0,0.001100110011,0,0,0.001100110011,0.007700770077,6
2025-11-03,142,14634,0.1461538462,0.02275522755,0.03054530545,0.00102501025,0.02726527265,0.02726527265,0.0008883422168,0.0028700287,0.0003416700834,0.007653409867,0.0016400164,0.01674183409,0.009976766434,0.007038403717,0.0005466721334,0.01708350417,7
2025-11-04,19,1963,0.04651162791,0.02088639837,0.02292409577,0.001018848701,0.01120733571,0.02292409577,0.0005094243505,0.002547121752,0,0.004584819154,0.01018848701,0.003056546103,0.01273560876,0.003056546103,0.0005094243505,0.02037697402,0
2025-11-05,11,547,0.4545454545,0.01096892139,0.02925045704,0,0.00731261426,0.00731261426,0,0,0.00731261426,0,0.001828153565,0,0,0.009140767824,0.00365630713,0.01645338208,1
2025-11-06,32,1450,0.2564102564,0.02,0.03379310345,0.001379310345,0.006206896552,0.005517241379,0.0006896551724,0.002068965517,0.001379310345,0.001379310345,0.003448275862,0.00275862069,0.002068965517,0.003448275862,0,0.004827586207,4
2025-11-07,9,591,-0.25,0.03384094755,0.02030456853,0.001692047377,0.01353637902,0.02030456853,0.001692047377,0,0.001692047377,0.001692047377,0.01184433164,0.005076142132,0.003384094755,0.006768189509,0.003384094755,0.003384094755,3
2025-11-10,62,3822,-0.2195121951,0.03270538985,0.0209314495,0.00209314495,0.004971219257,0.01125065411,0.001046572475,0.0002616431188,0.003401360544,0.0007849293564,0.001569858713,0.003139717425,0.0005232862376,0.001569858713,0.002354788069,0.006279434851,16
2025-11-11,17,676,0.2666666667,0.01627218935,0.02810650888,0.002958579882,0.01035502959,0.01183431953,0.002958579882,0.001479289941,0.001479289941,0.001479289941,0,0.002958579882,0.001479289941,0.001479289941,0.001479289941,0.001479289941,4
2025-11-12,8,894,-0.05660377358,0.03131991051,0.02796420582,0.002237136465,0.03020134228,0.01118568233,0.001118568233,0.001118568233,0,0.003355704698,0.002237136465,0.004474272931,0.001118568233,0.001118568233,0.006711409396,0.002237136465,2
2025-11-13,0,0,0,0,0,0,0,0,0,0,0,0,0,0,0,0,0,0,0
2025-11-14,13,1336,-0.03571428571,0.02170658683,0.02020958084,0,0.02095808383,0.01047904192,0,0.000748502994,0,0,0.002994011976,0.002245508982,0.001497005988,0,0.008982035928,0.005239520958,6
2025-11-17,46,3102,-0.2181818182,0.02159896841,0.0138620245,0.002578981302,0.007736943907,0.0112830432,0.001934235977,0,0.005480335268,0.005480335268,0.006447453256,0.00580270793,0.0006447453256,0.003223726628,0.001289490651,0.01289490651,8
2025-11-18,7,593,0.04761904762,0.01686340641,0.01854974705,0,0,0.02529510961,0,0,0,0,0,0.003372681282,0.001686340641,0,0,0.008431703204,0
2025-11-19,15,997,-0.16,0.02908726179,0.02106318957,0.001003009027,0.01203610832,0.0110330993,0.001003009027,0.001003009027,0.001003009027,0.004012036108,0.001003009027,0.01303911735,0,0.002006018054,0.006018054162,0.00702106319,2
2025-11-20,45,1497,-0.6455696203,0.04342017368,0.009352037408,0.005344021376,0.01402805611,0.00668002672,0.001336005344,0.002672010688,0.001336005344,0.001336005344,0.00334001336,0.007348029392,0,0.004008016032,0.001336005344,0.01402805611,4
2025-11-21,6,508,-0.6875,0.0531496063,0.009842519685,0,0.001968503937,0,0,0,0,0,0,0.001968503937,0,0,0,0.0157480315,1
2025-11-24,32,2654,-0.1259259259,0.0286360211,0.02223059533,0.003391107762,0.00565184627,0.01281085154,0.002260738508,0.0003767897513,0.007912584778,0.0007535795026,0.001130369254,0.009042954032,0.0007535795026,0.004898266767,0.0007535795026,0.007159005275,56
2025-11-25,4,544,0.28,0.01654411765,0.02941176471,0.003676470588,0.005514705882,0.02022058824,0.003676470588,0,0,0.001838235294,0.005514705882,0.01286764706,0,0,0.001838235294,0.009191176471,3
2025-11-26,26,1680,0.01176470588,0.025,0.0255952381,0.005357142857,0.0125,0.01369047619,0.004761904762,0.001785714286,0,0.001785714286,0.002976190476,0.005952380952,0.004166666667,0.004166666667,0,0.01607142857,3
2025-11-28,11,1021,-0.3461538462,0.03428011753,0.0166503428,0.003917727718,0.004897159647,0.01273261508,0.0009794319295,0,0,0.0009794319295,0,0.001958863859,0,0,0.0009794319295,0.003917727718,0
2025-12-01,35,2476,0.06557377049,0.02302100162,0.02625201939,0.002423263328,0.004442649435,0.01373182553,0.0008077544426,0.001615508885,0.001211631664,0,0.002019386107,0.00605815832,0.0004038772213,0.001615508885,0.001211631664,0.007673667205,8
2025-12-02,19,1140,0.08,0.0201754386,0.02368421053,0.002631578947,0.00701754386,0.0149122807,0.001754385965,0.00350877193,0.00350877193,0,0.001754385965,0.0008771929825,0,0.0008771929825,0.0008771929825,0.02280701754,159
2025-12-03,8,640,-0.4285714286,0.03125,0.0125,0.00625,0.0171875,0.0078125,0.0046875,0.0015625,0.003125,0,0.0015625,0.00625,0,0,0.0078125,0.0015625,0
2025-12-04,11,892,0.07692307692,0.0269058296,0.03139013453,0,0.0302690583,0.0201793722,0,0.0033632287,0,0.007847533632,0,0.0134529148,0.006726457399,0.005605381166,0.007847533632,0.0168161435,0
2025-12-05,11,1058,-0.298245614,0.03497164461,0.01890359168,0.003780718336,0.009451795841,0.005671077505,0.0009451795841,0,0,0,0,0.004725897921,0.0009451795841,0,0.001890359168,0.002835538752,12
2025-12-08,36,3245,0,0.02311248074,0.02311248074,0.005546995378,0.005238828968,0.01016949153,0.003081664099,0.0003081664099,0.0003081664099,0.0006163328197,0.001232665639,0.003081664099,0.0003081664099,0.0003081664099,0.001540832049,0.007395993837,7
2025-12-09,4,412,-0.09677419355,0.04126213592,0.03398058252,0,0.002427184466,0.01941747573,0,0.007281553398,0.0145631068,0,0,0.009708737864,0,0.004854368932,0.002427184466,0.002427184466,0
2025-12-10,5,1161,-0.09433962264,0.02497846684,0.02067183463,0.008613264427,0.004306632214,0.0120585702,0.005167958656,0,0,0.003445305771,0,0.005167958656,0,0.001722652885,0.001722652885,0.001722652885,8
2025-12-11,6,1003,-0.06666666667,0.02392821535,0.02093718843,0.002991026919,0.006979062812,0.01794616152,0.0009970089731,0,0.0009970089731,0.0009970089731,0.003988035892,0.002991026919,0.003988035892,0.006979062812,0,0.01196410768,1
2025-12-12,2,295,-0.4545454545,0.05423728814,0.02033898305,0.006779661017,0.01694915254,0.003389830508,0.006779661017,0,0.003389830508,0,0,0.006779661017,0,0,0,0.003389830508,21
2025-12-15,20,860,0,0.02441860465,0.02441860465,0.005813953488,0,0.005813953488,0.003488372093,0,0.002325581395,0,0.003488372093,0,0,0.006976744186,0,0.004651162791,4
2025-12-16,5,311,-0.3333333333,0.02572347267,0.01286173633,0.003215434084,0.009646302251,0.01286173633,0,0,0,0,0.003215434084,0,0,0,0.006430868167,0.003215434084,2
2025-12-17,13,1005,-0.28,0.03184079602,0.01791044776,0.0009950248756,0.009950248756,0.009950248756,0.0009950248756,0,0.002985074627,0,0,0.0009950248756,0.007960199005,0,0.0009950248756,0,1
2025-12-18,2,280,0.3,0.025,0.04642857143,0,0.02142857143,0.03928571429,0,0,0,0.01428571429,0.003571428571,0.01428571429,0.007142857143,0.007142857143,0,0.007142857143,0
2025-12-19,11,772,-0.1111111111,0.02590673575,0.0207253886,0.001295336788,0.02849740933,0.02461139896,0.001295336788,0.003886010363,0.002590673575,0.01165803109,0,0.0103626943,0.00518134715,0.01295336788,0,0.01424870466,2
2025-12-22,16,1201,0.1379310345,0.02081598668,0.02747710241,0.0008326394671,0.01082431307,0.01748542881,0.0008326394671,0,0,0.001665278934,0.009159034138,0.01082431307,0.008326394671,0.001665278934,0,0.004995836803,8
2025-12-23,8,873,0.2692307692,0.02176403207,0.03780068729,0.003436426117,0.005727376861,0.02405498282,0.002290950745,0,0.008018327606,0.009163802978,0.005727376861,0.002290950745,0.001145475372,0.02176403207,0.001145475372,0.004581901489,2
2025-12-24,7,243,-0.1666666667,0.02880658436,0.02057613169,0.004115226337,0,0.008230452675,0.004115226337,0,0,0,0.004115226337,0,0,0,0,0,1
2025-12-26,28,1280,-0.6,0.0375,0.009375,0.00546875,0.02578125,0.00703125,0.00546875,0.0046875,0.00078125,0.00234375,0.00078125,0.01015625,0,0.00390625,0.00859375,0.009375,129
2025-12-29,6,690,-0.4285714286,0.02898550725,0.0115942029,0.004347826087,0.004347826087,0.0115942029,0.002898550725,0.001449275362,0.002898550725,0.001449275362,0.001449275362,0.0115942029,0,0.001449275362,0.002898550725,0.01014492754,6
2025-12-30,0,0,0,0,0,0,0,0,0,0,0,0,0,0,0,0,0,0,0
2025-12-31,28,1566,-0.1818181818,0.02490421456,0.01724137931,0.003831417625,0.004469987229,0.003831417625,0.00319284802,0,0.002554278416,0.001277139208,0.00319284802,0.008939974457,0,0.006385696041,0,0.004469987229,6
2026-01-02,13,549,-0.3333333333,0.0364298725,0.01821493625,0.001821493625,0.009107468124,0.007285974499,0,0,0.005464480874,0,0,0.005464480874,0.001821493625,0,0,0.001821493625,1
2026-01-05,8,436,-0.7894736842,0.03899082569,0.004587155963,0.002293577982,0.006880733945,0.01605504587,0.002293577982,0,0.006880733945,0,0,0.002293577982,0,0,0.004587155963,0.002293577982,158
2026-01-06,7,753,-0.1891891892,0.02921646746,0.01992031873,0.002656042497,0.005312084993,0.01593625498,0.002656042497,0.003984063745,0.001328021248,0.003984063745,0,0.003984063745,0.001328021248,0.002656042497,0.001328021248,0.005312084993,2
2026-01-07,17,2506,0.1346153846,0.01795690343,0.02354349561,0.004389465283,0.01995211492,0.01675977654,0.002394253791,0,0,0.002793296089,0.000798084597,0.01157222666,0.002793296089,0.004788507582,0.006384676776,0.004788507582,0
2026-01-08,8,755,-0.03448275862,0.01986754967,0.01854304636,0.001324503311,0.005298013245,0.01324503311,0,0.001324503311,0.002649006623,0,0,0.01059602649,0.002649006623,0.001324503311,0.001324503311,0.005298013245,0
2026-01-09,11,898,-0.2222222222,0.02449888641,0.01559020045,0.004454342984,0.003340757238,0.01559020045,0.002227171492,0,0.002227171492,0.002227171492,0.003340757238,0.001113585746,0.01224944321,0.004454342984,0.001113585746,0.003340757238,7
2026-01-12,36,2186,0.125,0.01921317475,0.02470265325,0.004117108875,0.01326623971,0.01326623971,0.003659652333,0.0009149130833,0.001829826167,0.01006404392,0.002287282708,0.00274473925,0.001372369625,0.004574565416,0.001829826167,0.005946935041,14
2026-01-13,11,939,-0.4925373134,0.05324813632,0.01810436635,0,0.01384451544,0.01171458999,0,0.001064962726,0.002129925453,0.004259850905,0.002129925453,0.001064962726,0,0,0,0.003194888179,2
2026-01-14,9,686,-0.3333333333,0.04081632653,0.02040816327,0.007288629738,0.01603498542,0.00583090379,0.00583090379,0,0.002915451895,0.001457725948,0.002915451895,0.01603498542,0,0.007288629738,0.00583090379,0.007288629738,1
2026-01-15,6,361,-0.04,0.03601108033,0.03324099723,0.005540166205,0.01385041551,0.02216066482,0.002770083102,0,0.002770083102,0,0,0,0.002770083102,0,0.002770083102,0,1
2026-01-16,7,484,0.5454545455,0.01033057851,0.03512396694,0,0,0.01652892562,0,0.004132231405,0.002066115702,0.002066115702,0.004132231405,0.004132231405,0,0,0,0,1
2026-01-20,41,3711,-0.2387096774,0.025869038,0.0158986796,0.004850444624,0.008623012665,0.01239558071,0.001347345729,0.0002694691458,0.002155753166,0.002964160604,0.0005389382916,0.006736728645,0.00188628402,0.001347345729,0,0.004850444624,38
2026-01-21,9,499,0.05882352941,0.01603206413,0.01803607214,0,0.008016032064,0.01603206413,0,0.004008016032,0.002004008016,0.008016032064,0,0.006012024048,0,0,0,0.002004008016,3
2026-01-22,10,1019,-0.4237288136,0.04121687929,0.01668302257,0.001962708538,0.02158979392,0.007850834151,0.001962708538,0.0009813542689,0,0.0009813542689,0.001962708538,0.002944062807,0,0.003925417076,0.002944062807,0.01472031403,40
2026-01-23,34,2903,-0.07317073171,0.02273510162,0.01963486049,0.006544953496,0.01136755081,0.0103341371,0.004822597313,0.0006889424733,0.0006889424733,0.00516706855,0.0006889424733,0.00826730968,0.001722356183,0.004822597313,0.001377884947,0.006889424733,79
2026-01-26,60,6966,-0.09230769231,0.03057708872,0.02540913006,0.002296870514,0.02440424921,0.01708297445,0.001866207293,0.002296870514,0.0004306632214,0.005167958656,0.0004306632214,0.01062302613,0.004163077806,0.003875968992,0.001579098478,0.01306345105,4
2026-01-27,6,624,0.44,0.01121794872,0.02884615385,0.00641025641,0.01442307692,0.009615384615,0.004807692308,0,0.008012820513,0.01121794872,0.001602564103,0.003205128205,0.001602564103,0.001602564103,0,0.01121794872,1
2026-01-28,17,2220,0.1730769231,0.01936936937,0.02747747748,0.004504504505,0.01486486486,0.01846846847,0.002702702703,0.0004504504505,0,0.004954954955,0.0004504504505,0.007657657658,0.003153153153,0.003153153153,0.0009009009009,0.01036036036,2
2026-01-29,10,806,-0.5,0.04466501241,0.01488833747,0,0.0223325062,0.004962779156,0,0,0.006203473945,0.03846153846,0.001240694789,0.002481389578,0,0,0,0.004962779156,79
2026-01-30,8,873,0.3125,0.0126002291,0.02405498282,0.005727376861,0.002290950745,0.009163802978,0.002290950745,0.001145475372,0.001145475372,0.01145475372,0.001145475372,0,0,0.003436426117,0,0.01030927835,3
2026-02-02,46,5283,-0.06276150628,0.02403937157,0.02120007571,0.005300018929,0.01003217869,0.01741434791,0.003596441416,0.0005678591709,0.001135718342,0.003785727806,0.0003785727806,0.006625023661,0.002082150293,0.001703577513,0.0001892863903,0.01135718342,23
2026-02-03,10,819,-0.5135135135,0.03418803419,0.01098901099,0.001221001221,0.009768009768,0.01465201465,0,0.001221001221,0,0.003663003663,0,0.006105006105,0,0.001221001221,0.001221001221,0.01343101343,1
2026-02-04,3,230,0.1111111111,0.01739130435,0.02173913043,0.008695652174,0,0.008695652174,0,0.004347826087,0.004347826087,0,0,0.04782608696,0.008695652174,0,0,0,0
2026-02-05,28,3898,0.1243243243,0.02077988712,0.0266803489,0.001795792714,0.02308876347,0.01898409441,0.0002565418163,0.002308876347,0.0005130836326,0.005643919959,0.001539250898,0.01051821447,0.003848127245,0.008209338122,0.0002565418163,0.007183170857,14
2026-02-06,9,754,-0.3,0.01724137931,0.009283819629,0.001326259947,0.01061007958,0.006631299735,0,0.003978779841,0,0.001326259947,0,0.003978779841,0.001326259947,0.006631299735,0,0.0225464191,81
2026-02-09,32,1999,0.119266055,0.024012006,0.03051525763,0.00300150075,0.0140070035,0.01100550275,0.001500750375,0.00100050025,0.0020010005,0.0020010005,0.004002001001,0.0020010005,0,0.006003001501,0.003501750875,0.01300650325,3
2026-02-10,5,474,-0.2857142857,0.01898734177,0.01054852321,0.006329113924,0.01054852321,0.01687763713,0.004219409283,0.002109704641,0.002109704641,0.004219409283,0,0.008438818565,0,0.002109704641,0.004219409283,0.004219409283,12
2026-02-11,13,1078,0.1320754717,0.02133580705,0.02782931354,0,0.02226345083,0.02504638219,0,0.004638218924,0,0.009276437848,0.0009276437848,0.01576994434,0.006493506494,0.008348794063,0,0.0120593692,31
2026-02-12,16,1664,-0.02272727273,0.02704326923,0.02584134615,0.002403846154,0.01742788462,0.008413461538,0.001802884615,0.002403846154,0.005408653846,0.0006009615385,0.001802884615,0.004206730769,0.0006009615385,0.001201923077,0.004206730769,0.008413461538,3
2026-02-13,3,204,0.5384615385,0.01470588235,0.04901960784,0,0.004901960784,0.009803921569,0,0,0.004901960784,0,0,0,0,0.009803921569,0,0.009803921569,0
2026-02-17,65,9026,0.0990990991,0.02215820962,0.02703301573,0.001551074673,0.02082871704,0.02370928429,0.0009971194327,0.00232661201,0.0009971194327,0.005650343452,0.0009971194327,0.01107910481,0.005982716596,0.005317970308,0.001329492577,0.01329492577,22
2026-02-18,4,432,-0.05882352941,0.02083333333,0.01851851852,0.002314814815,0.002314814815,0.01157407407,0.002314814815,0,0,0.002314814815,0,0.002314814815,0,0,0,0.00462962963,14
2026-02-19,10,692,0.44,0.01011560694,0.02601156069,0,0.03468208092,0.01156069364,0,0.001445086705,0.00289017341,0.001445086705,0.001445086705,0.001445086705,0.001445086705,0,0.01878612717,0.01011560694,1
2026-02-20,8,1849,-0.2923076923,0.02271498107,0.0124391563,0.006489994592,0.01784748513,0.009194159005,0.003244997296,0.007571660357,0.02325581395,0.005408328826,0.0005408328826,0.001081665765,0,0.004326663061,0.007030827474,0.002163331531,7
2026-02-23,30,2259,0.009174311927,0.02390438247,0.02434705622,0.003541389996,0.02169101372,0.01637892873,0.002213368747,0.001770694998,0.006197432492,0.002656042497,0,0.005312084993,0.001328021248,0.001328021248,0.00796812749,0.003984063745,20
2026-02-24,7,400,-0.04761904762,0.0275,0.025,0.0025,0,0.015,0.0025,0,0,0.0025,0,0.025,0,0,0,0,5
2026-02-25,8,2129,0.08,0.02160638798,0.02536402067,0.009863785815,0.01315171442,0.01362141851,0.005166744951,0.0004697040864,0,0.004697040864,0.0004697040864,0.005166744951,0.002818224519,0.002818224519,0,0.01503053077,0
2026-02-26,4,287,1,0,0.01045296167,0.006968641115,0,0.006968641115,0.003484320557,0,0,0,0,0,0,0,0.003484320557,0.006968641115,2
2026-02-27,66,5279,0.06818181818,0.0232998674,0.02670960409,0.0009471490813,0.02614131464,0.02178442887,0.0003788596325,0.001704868346,0.0003788596325,0.006440613753,0,0.01212350824,0.005493464671,0.00606175412,0.001326008714,0.01098692934,9
2026-03-02,26,1840,-0.2380952381,0.02826086957,0.01739130435,0.005434782609,0.01467391304,0.0125,0.005434782609,0.0005434782609,0.001086956522,0.001630434783,0,0.01086956522,0.003260869565,0.002173913043,0.003260869565,0.003260869565,25
2026-03-03,20,1516,0.05084745763,0.01846965699,0.02044854881,0.002638522427,0.006596306069,0.008575197889,0.001319261214,0,0.006596306069,0,0.0006596306069,0.0191292876,0.001319261214,0.0006596306069,0.001978891821,0.004617414248,13
2026-03-04,10,976,0.1052631579,0.01741803279,0.02151639344,0.002049180328,0.004098360656,0.01946721311,0.002049180328,0,0,0.008196721311,0,0.003073770492,0.002049180328,0.002049180328,0,0.01229508197,51
2026-03-05,23,1760,-0.2272727273,0.03068181818,0.01931818182,0,0.0125,0.01079545455,0,0.001136363636,0,0.003977272727,0,0.01363636364,0.0005681818182,0.002272727273,0.001704545455,0.009659090909,7
2026-03-06,26,1125,-0.06976744186,0.02044444444,0.01777777778,0.002666666667,0.006222222222,0.006222222222,0.002666666667,0.001777777778,0.003555555556,0.001777777778,0.0008888888889,0.008,0,0.0008888888889,0,0.02044444444,4
2026-03-09,22,918,-0.2258064516,0.02069716776,0.01307189542,0.002178649237,0.005446623094,0.01960784314,0.001089324619,0.001089324619,0,0,0.002178649237,0.01960784314,0.001089324619,0,0,0.01198257081,13
2026-03-10,5,429,0,0.01631701632,0.01631701632,0.002331002331,0.006993006993,0.02331002331,0.002331002331,0,0,0,0,0.02564102564,0.002331002331,0,0,0.01631701632,0
2026-03-11,20,1434,-0.03571428571,0.02022315202,0.01882845188,0.002789400279,0.004881450488,0.01673640167,0.002092050209,0.001394700139,0.002092050209,0.003486750349,0.0006973500697,0.006276150628,0.004881450488,0.004184100418,0,0.01185495119,9
2026-03-12,9,902,-0.5102040816,0.04101995565,0.0133037694,0.0022172949,0.0199556541,0.01662971175,0.00110864745,0.00110864745,0,0.01219512195,0.00110864745,0.008869179601,0.005543237251,0.00332594235,0.0022172949,0.005543237251,0
2026-03-13,9,527,-0.1111111111,0.0284629981,0.02277039848,0.001897533207,0,0.007590132827,0,0,0,0.001897533207,0,0.01707779886,0,0.003795066414,0,0.00569259962,3
2026-03-16,33,5117,-0.1646586345,0.02833691616,0.02032440883,0.002345124096,0.009966777409,0.01582958765,0.000586281024,0.001758843072,0.001367989056,0.002345124096,0.000195427008,0.01172562048,0.001367989056,0.0009771350401,0.004494821184,0.005276529216,10
2026-03-17,12,886,-0.3529411765,0.02595936795,0.01241534989,0.005643340858,0.002257336343,0.01015801354,0.004514672686,0,0,0,0,0.01805869074,0,0,0.001128668172,0.01354401806,1
2026-03-18,10,313,0,0.009584664537,0.009584664537,0,0,0.003194888179,0,0,0,0.009584664537,0.003194888179,0.009584664537,0.009584664537,0,0.003194888179,0,7
2026-03-19,14,988,-0.4901960784,0.03846153846,0.01315789474,0.001012145749,0.009109311741,0.01518218623,0,0.003036437247,0,0,0,0.02226720648,0.004048582996,0,0.002024291498,0.007085020243,4
2026-03-20,8,630,0,0.02222222222,0.02222222222,0.001587301587,0.009523809524,0.01428571429,0,0,0.001587301587,0,0.006349206349,0.007936507937,0.004761904762,0.001587301587,0.003174603175,0.0126984127,2
2026-03-23,35,2455,-0.2205882353,0.03380855397,0.0215885947,0.002443991853,0.009368635438,0.01466395112,0.001221995927,0,0,0.001629327902,0,0.01262729124,0.002443991853,0.0004073319756,0,0.006109979633,15
2026-03-24,21,3657,0.1216931217,0.02269619907,0.02898550725,0.004648619087,0.02132895816,0.02023516544,0.002461033634,0.001093792726,0,0.006836204539,0.0002734481816,0.007656549084,0.00519551545,0.006015859995,0,0.02324309543,3
2026-03-25,15,1339,-0.2459016393,0.0283793876,0.01717699776,0.005974607916,0.01568334578,0.004480955937,0.005974607916,0.001493651979,0.0007468259895,0.002987303958,0.0007468259895,0.006721433906,0,0.001493651979,0.003734129948,0.008961911875,2
2026-03-26,15,803,-0.619047619,0.04234122042,0.0099626401,0.002490660025,0.01743462017,0.007471980075,0.002490660025,0,0,0.00498132005,0,0.008717310087,0,0,0.001245330012,0.01494396015,0
2026-03-27,5,376,-0.2941176471,0.02925531915,0.01595744681,0.002659574468,0.005319148936,0.01329787234,0.002659574468,0,0,0,0,0.007978723404,0.002659574468,0,0,0.002659574468,0
2026-03-30,28,1306,-0.7073170732,0.05359877489,0.009188361409,0.007656967841,0.03292496172,0.007656967841,0.006891271057,0.002297090352,0.0007656967841,0.0007656967841,0,0.0145482389,0.001531393568,0,0.00382848392,0.007656967841,14
2026-03-31,7,602,-0.3333333333,0.02325581395,0.01162790698,0.006644518272,0.008305647841,0.02159468439,0.004983388704,0,0,0.006644518272,0.001661129568,0.009966777409,0.001661129568,0,0,0.004983388704,7
2026-04-01,8,972,-0.07692307692,0.02160493827,0.01851851852,0.002057613169,0.01028806584,0.009259259259,0.002057613169,0.001028806584,0.001028806584,0.001028806584,0,0.008230452675,0,0,0.001028806584,0.008230452675,1
2026-04-02,14,1044,0.1914893617,0.01819923372,0.02681992337,0.001915708812,0.02490421456,0.01245210728,0.001915708812,0.001915708812,0,0,0.002873563218,0.007662835249,0,0,0.01245210728,0.005747126437,2
2026-04-06,33,2007,-0.1304347826,0.02590931739,0.01993024415,0.002989536622,0.002989536622,0.01245640259,0.001494768311,0.0004982561036,0.002989536622,0.001494768311,0,0.009965122073,0.0009965122073,0.003986048829,0.001494768311,0.006975585451,15
2026-04-07,7,623,0.5555555556,0.003210272873,0.01123595506,0.006420545746,0.003210272873,0.02247191011,0.00481540931,0.001605136437,0,0.003210272873,0,0.003210272873,0,0,0,0.03210272873,4
2026-04-08,40,5393,0.06896551724,0.02503244947,0.0287409605,0.003893936584,0.02058223623,0.02132393844,0.002039681068,0.001297978861,0.0001854255516,0.006860745411,0.0001854255516,0.01001297979,0.005191915446,0.006304468756,0,0.02132393844,1
2026-04-09,4,222,-0.2307692308,0.03603603604,0.02252252252,0,0.004504504505,0.009009009009,0,0,0,0,0,0.02702702703,0,0,0,0,1
2026-04-10,19,2057,-0.06329113924,0.02041808459,0.01798736023,0.001458434614,0.01312591152,0.01361205639,0.001458434614,0.0009722897423,0.001944579485,0.001458434614,0.0004861448712,0.006806028196,0.002916869227,0.002430724356,0.003403014098,0.005833738454,0
2026-04-13,41,4952,-0.2338308458,0.02504038772,0.01554927302,0.005048465267,0.006260096931,0.01736672052,0.002827140549,0,0,0.001009693053,0.0004038772213,0.01151050081,0.002221324717,0.001211631664,0.002019386107,0.004038772213,12
2026-04-14,22,2826,-0.1698113208,0.03290870488,0.02335456476,0.002123142251,0.02052370842,0.01627742392,0.001769285209,0.001061571125,0.0007077140835,0.005661712668,0.0003538570418,0.01203113942,0.004953998585,0.003892427459,0.001415428167,0.006723283793,1
2026-04-15,16,763,-0.1351351351,0.02752293578,0.02096985583,0.01179554391,0.009174311927,0.009174311927,0.009174311927,0.00131061599,0,0,0,0.01965923984,0.003931847969,0.00131061599,0.006553079948,0.01179554391,5
2026-04-16,7,1049,0.1578947368,0.01525262154,0.02097235462,0.00285986654,0.005719733079,0.01048617731,0.0009532888465,0.001906577693,0.0009532888465,0,0,0.009532888465,0,0,0.008579599619,0.003813155386,0
2026-04-17,41,3251,-0.26,0.01937865272,0.0113811135,0.002153183636,0.005536757921,0.009843125192,0.0009227929868,0.002153183636,0.0006151953245,0,0.0009227929868,0.008612734543,0.0003075976623,0,0.007382343894,0.007689941556,9
2026-04-20,41,3286,-0.2352941176,0.02556299452,0.01582471089,0.005173463177,0.003347534997,0.01217285453,0.00456482045,0.0003043213634,0.0009129640901,0.0009129640901,0,0.02525867316,0.001217285453,0.0006086427267,0.001217285453,0.007912355447,57
2026-04-21,13,1089,-0.1555555556,0.02387511478,0.01744719927,0.009182736455,0.009182736455,0.01469237833,0.00826446281,0,0,0.0009182736455,0.0009182736455,0.006427915519,0.0009182736455,0.004591368228,0,0.006427915519,1
2026-04-22,23,2091,-0.2929292929,0.0306073649,0.01673840268,0.00143472023,0.01912960306,0.01243424199,0.0004782400765,0.000956480153,0.002391200383,0.000956480153,0.00143472023,0.00956480153,0,0.0004782400765,0.004304160689,0.005738880918,14
2026-04-23,12,741,-0.1538461538,0.02024291498,0.01484480432,0.005398110661,0.001349527665,0.009446693657,0.004048582996,0,0,0.002699055331,0,0.01619433198,0,0,0,0.005398110661,8
2026-04-24,0,0,0,0,0,0,0,0,0,0,0,0,0,0,0,0,0,0,0
2026-04-27,0,0,0,0,0,0,0,0,0,0,0,0,0,0,0,0,0,0,0
2026-04-28,0,0,0,0,0,0,0,0,0,0,0,0,0,0,0,0,0,0,0
2026-04-29,0,0,0,0,0,0,0,0,0,0,0,0,0,0,0,0,0,0,0
2026-04-30,0,0,0,0,0,0,0,0,0,0,0,0,0,0,0,0,0,0,0
2026-05-01,0,0,0,0,0,0,0,0,0,0,0,0,0,0,0,0,0,0,0
2026-05-04,0,0,0,0,0,0,0,0,0,0,0,0,0,0,0,0,0,0,0
2026-05-05,0,0,0,0,0,0,0,0,0,0,0,0,0,0,0,0,0,0,0
2026-05-06,0,0,0,0,0,0,0,0,0,0,0,0,0,0,0,0,0,0,0
2026-05-07,0,0,0,0,0,0,0,0,0,0,0,0,0,0,0,0,0,0,0
2026-05-08,0,0,0,0,0,0,0,0,0,0,0,0,0,0,0,0,0,0,0
2026-05-11,0,0,0,0,0,0,0,0,0,0,0,0,0,0,0,0,0,0,0
2026-05-12,0,0,0,0,0,0,0,0,0,0,0,0,0,0,0,0,0,0,0
2026-05-13,0,0,0,0,0,0,0,0,0,0,0,0,0,0,0,0,0,0,0
2026-05-14,0,0,0,0,0,0,0,0,0,0,0,0,0,0,0,0,0,0,0
2026-05-15,0,0,0,0,0,0,0,0,0,0,0,0,0,0,0,0,0,0,0
2026-05-18,0,0,0,0,0,0,0,0,0,0,0,0,0,0,0,0,0,0,0
2026-05-19,0,0,0,0,0,0,0,0,0,0,0,0,0,0,0,0,0,0,0
2026-05-20,0,0,0,0,0,0,0,0,0,0,0,0,0,0,0,0,0,0,0
2026-05-21,0,0,0,0,0,0,0,0,0,0,0,0,0,0,0,0,0,0,0
2026-05-22,0,0,0,0,0,0,0,0,0,0,0,0,0,0,0,0,0,0,0
2026-05-26,0,0,0,0,0,0,0,0,0,0,0,0,0,0,0,0,0,0,0
2026-05-27,0,0,0,0,0,0,0,0,0,0,0,0,0,0,0,0,0,0,0
2026-05-28,0,0,0,0,0,0,0,0,0,0,0,0,0,0,0,0,0,0,0
2026-05-29,0,0,0,0,0,0,0,0,0,0,0,0,0,0,0,0,0,0,0
2026-06-01,0,0,0,0,0,0,0,0,0,0,0,0,0,0,0,0,0,0,0
2026-06-02,0,0,0,0,0,0,0,0,0,0,0,0,0,0,0,0,0,0,0
2026-06-03,0,0,0,0,0,0,0,0,0,0,0,0,0,0,0,0,0,0,0
2026-06-04,0,0,0,0,0,0,0,0,0,0,0,0,0,0,0,0,0,0,0
2026-06-05,0,0,0,0,0,0,0,0,0,0,0,0,0,0,0,0,0,0,0
2026-06-08,0,0,0,0,0,0,0,0,0,0,0,0,0,0,0,0,0,0,0
2026-06-09,0,0,0,0,0,0,0,0,0,0,0,0,0,0,0,0,0,0,0
2026-06-10,0,0,0,0,0,0,0,0,0,0,0,0,0,0,0,0,0,0,0
2026-06-11,0,0,0,0,0,0,0,0,0,0,0,0,0,0,0,0,0,0,0
2026-06-12,0,0,0,0,0,0,0,0,0,0,0,0,0,0,0,0,0,0,0
2026-06-15,0,0,0,0,0,0,0,0,0,0,0,0,0,0,0,0,0,0,0
2026-06-16,0,0,0,0,0,0,0,0,0,0,0,0,0,0,0,0,0,0,0
2026-06-17,0,0,0,0,0,0,0,0,0,0,0,0,0,0,0,0,0,0,0
2026-06-18,0,0,0,0,0,0,0,0,0,0,0,0,0,0,0,0,0,0,0
2026-06-22,0,0,0,0,0,0,0,0,0,0,0,0,0,0,0,0,0,0,0
2026-06-23,0,0,0,0,0,0,0,0,0,0,0,0,0,0,0,0,0,0,0
2026-06-24,0,0,0,0,0,0,0,0,0,0,0,0,0,0,0,0,0,0,0
2026-06-25,0,0,0,0,0,0,0,0,0,0,0,0,0,0,0,0,0,0,0
2026-06-26,0,0,0,0,0,0,0,0,0,0,0,0,0,0,0,0,0,0,0
2026-06-29,0,0,0,0,0,0,0,0,0,0,0,0,0,0,0,0,0,0,0
2026-06-30,0,0,0,0,0,0,0,0,0,0,0,0,0,0,0,0,0,0,0
2026-07-01,0,0,0,0,0,0,0,0,0,0,0,0,0,0,0,0,0,0,0
2026-07-02,0,0,0,0,0,0,0,0,0,0,0,0,0,0,0,0,0,0,0
2026-07-06,0,0,0,0,0,0,0,0,0,0,0,0,0,0,0,0,0,0,0
2026-07-07,0,0,0,0,0,0,0,0,0,0,0,0,0,0,0,0,0,0,0
2026-07-08,0,0,0,0,0,0,0,0,0,0,0,0,0,0,0,0,0,0,0
2026-07-09,0,0,0,0,0,0,0,0,0,0,0,0,0,0,0,0,0,0,0
2026-07-10,0,0,0,0,0,0,0,0,0,0,0,0,0,0,0,0,0,0,0
2026-07-13,0,0,0,0,0,0,0,0,0,0,0,0,0,0,0,0,0,0,0
2026-07-14,0,0,0,0,0,0,0,0,0,0,0,0,0,0,0,0,0,0,0
2026-07-15,0,0,0,0,0,0,0,0,0,0,0,0,0,0,0,0,0,0,0
2026-07-16,0,0,0,0,0,0,0,0,0,0,0,0,0,0,0,0,0,0,0
2026-07-17,0,0,0,0,0,0,0,0,0,0,0,0,0,0,0,0,0,0,0
2026-07-20,0,0,0,0,0,0,0,0,0,0,0,0,0,0,0,0,0,0,0
2026-07-21,0,0,0,0,0,0,0,0,0,0,0,0,0,0,0,0,0,0,0
2026-07-22,0,0,0,0,0,0,0,0,0,0,0,0,0,0,0,0,0,0,0
2026-07-23,0,0,0,0,0,0,0,0,0,0,0,0,0,0,0,0,0,0,0
2026-07-24,0,0,0,0,0,0,0,0,0,0,0,0,0,0,0,0,0,0,0
2026-07-27,0,0,0,0,0,0,0,0,0,0,0,0,0,0,0,0,0,0,0
2026-07-28,0,0,0,0,0,0,0,0,0,0,0,0,0,0,0,0,0,0,0
2026-07-29,0,0,0,0,0,0,0,0,0,0,0,0,0,0,0,0,0,0,0
2026-07-30,0,0,0,0,0,0,0,0,0,0,0,0,0,0,0,0,0,0,0
2026-07-31,0,0,0,0,0,0,0,0,0,0,0,0,0,0,0,0,0,0,0
2026-08-03,0,0,0,0,0,0,0,0,0,0,0,0,0,0,0,0,0,0,0
2026-08-04,0,0,0,0,0,0,0,0,0,0,0,0,0,0,0,0,0,0,0
2026-08-05,0,0,0,0,0,0,0,0,0,0,0,0,0,0,0,0,0,0,0
2026-08-06,0,0,0,0,0,0,0,0,0,0,0,0,0,0,0,0,0,0,0
2026-08-07,0,0,0,0,0,0,0,0,0,0,0,0,0,0,0,0,0,0,0
2026-08-10,0,0,0,0,0,0,0,0,0,0,0,0,0,0,0,0,0,0,0
2026-08-11,0,0,0,0,0,0,0,0,0,0,0,0,0,0,0,0,0,0,0
2026-08-12,0,0,0,0,0,0,0,0,0,0,0,0,0,0,0,0,0,0,0
2026-08-13,0,0,0,0,0,0,0,0,0,0,0,0,0,0,0,0,0,0,0
2026-08-14,0,0,0,0,0,0,0,0,0,0,0,0,0,0,0,0,0,0,0
2026-08-17,0,0,0,0,0,0,0,0,0,0,0,0,0,0,0,0,0,0,0
2026-08-18,0,0,0,0,0,0,0,0,0,0,0,0,0,0,0,0,0,0,0
2026-08-19,0,0,0,0,0,0,0,0,0,0,0,0,0,0,0,0,0,0,0
2026-08-20,0,0,0,0,0,0,0,0,0,0,0,0,0,0,0,0,0,0,0
2026-08-21,0,0,0,0,0,0,0,0,0,0,0,0,0,0,0,0,0,0,0
