Date,SMA_gap_50,high_low_range,RSI_14,VIX,MACD_hist,ret_lag_5,Volatility_60,Volatility_20,vix_regime_low,VIX_z_60,OIL_ret_1,overnight_gap,TNX_change_5,volume_ret_interaction,DXY_ret_1,TNX_z_60,VIX_ret_20,OIL_z_60,is_friday,YC_2Y10Y_z_60,DXY_z_20,label,next_ret,next_ret_vol_adj,trump_post_count_lag1,trump_total_topic_score_lag1,trump_market_related_share_lag1,trade_tariff_score_lag1,rates_fed_score_lag1,inflation_score_lag1,geopolitics_china_score_lag1,energy_oil_score_lag1,economy_market_score_lag1,legal_regulation_score_lag1,election_policy_score_lag1,has_trump_nlp
2022-03-30,0.045068540200293924,0.010311774276110602,62.73783401946312,19.329999923706055,3.4272608504962707,0.03302248253033638,0.013621146085915258,0.01428715350721629,1,-1.2665846277052486,0.0337672548698994,-0.0026249821400977456,0.03699994087219238,0.004881463731846167,-0.006218487878745843,1.8871534502311267,-0.46390644139139625,1.0693240988268002,0,-1.8157767745735398,-1.720813007660938,-1,-0.015510860321904575,-1.085650088211716,0.0,0.0,0.0,0.0,0.0,0.0,0.0,0.0,0.0,0.0,0.0,0
2022-03-31,0.02892325629682727,0.01682757474319811,56.53644645093026,20.559999465942383,2.6404029827348863,0.0025497643725548537,0.01375590180586411,0.014762293678801374,1,-1.0488004272110483,-0.07249690607595803,-0.0017672824817940203,-0.014000177383422852,-0.012137563729207506,0.005303394858718424,1.6760358956474835,-0.3937233011885533,0.40348688179053466,0,-1.7517718127790618,-0.6978245478508958,0,0.0028299928621281093,0.19170401339134968,0.0,0.0,0.0,0.0,0.0,0.0,0.0,0.0,0.0,0.0,0.0,0
2022-04-01,0.03148421611085802,0.0095380567839047,57.359369606168414,19.6299991607666,2.0623636908183034,0.0005081070025665002,0.013546613192917587,0.014569508410740015,1,-1.239172370435926,-0.010122884331709858,0.0036906665326207223,-0.11500000953674316,-0.0011469877757650517,0.003249720573493351,1.8224660273435742,-0.4880517275559711,0.2908048368002524,1,-2.02616628319765,0.05512622711911724,0,0.008530000574634137,0.5854689451057072,0.0,0.0,0.0,0.0,0.0,0.0,0.0,0.0,0.0,0.0,0.0,0
2022-04-04,0.03936523596322432,0.01017949654278855,59.841517807207964,18.56999969482422,1.7978194508552874,0.0019501892555163778,0.013596567277714936,0.012448543200449209,1,-1.4464452185688068,0.03960035793359485,0.0004634397623184921,-0.06500005722045898,-0.011773342094036299,0.003643366232877342,1.8884204422594082,-0.6743941204549824,0.6198262251883091,0,-1.7966778524446203,0.9822194885479043,-1,-0.012711855850877599,-1.0211512652264594,0.0,0.0,0.0,0.0,0.0,0.0,0.0,0.0,0.0,0.0,0.0,0
2022-04-05,0.025650740068160545,0.017759304857161796,54.73841389006434,21.030000686645508,1.1567870753244285,-0.02305661560107915,0.013682620519776076,0.012756523560358267,0,-0.9599287700866149,-0.01286316419039552,-0.0034648880221974368,0.15599989891052246,0.010334017223221052,0.004837290084945272,2.363419497564996,-0.5131054743170127,0.47606033607216497,0,-1.5900885933645965,1.9518848673460087,-1,-0.010049606372604616,-0.7878007238451049,0.0,0.0,0.0,0.0,0.0,0.0,0.0,0.0,0.0,0.0,0.0,0
2022-04-06,0.014776736851565017,0.01222787689110814,51.072360126911946,22.100000381469727,0.38683979275884717,-0.026912329108624386,0.013737894601487825,0.011987899098893771,0,-0.7556215124139183,-0.05783937627584542,-0.009221261817681747,0.25099992752075195,-0.007894374325116913,0.0013060458340874033,2.4164152231543494,-0.38412284087654935,-0.07828808989755122,0,-1.2375045028826133,1.950844325515947,0,0.005026324578934362,0.4192828405245569,0.0,0.0,0.0,0.0,0.0,0.0,0.0,0.0,0.0,0.0,0.0,0
2022-04-07,0.019115114187529703,0.015954729231885525,52.77178568623353,21.549999237060547,-0.016200468282888014,-0.006375144207785569,0.013699337359950511,0.01188976315621539,0,-0.8932167650229512,-0.002080564314593593,-0.002084919503579169,0.3250000476837158,-0.0028967024611119157,0.0015049064994896637,2.4221732302263588,-0.3384590125021382,-0.12262450944621157,0,-0.8885389575070769,1.9180177236614746,0,-0.002677485277254416,-0.2251922927440174,0.0,0.0,0.0,0.0,0.0,0.0,0.0,0.0,0.0,0.0,0.0,0
2022-04-08,0.015575264242082743,0.010478813067580674,51.73963710911987,21.15999984741211,-0.376445844689862,-0.01188262234716818,0.013694242024151926,0.011395270127508907,0,-1.0055520200716108,0.022956418542896817,-0.0017841830925010907,0.3359999656677246,0.0012792537830038438,0.0005011581261806145,2.4823892439427517,-0.37377739447357616,0.0672221118348099,1,-0.8617153767653841,1.7917812686664216,-1,-0.01724003134338402,-1.512909832007159,0.0,0.0,0.0,0.0,0.0,0.0,0.0,0.0,0.0,0.0,0.0,0
2022-04-11,-0.0017532638893508067,0.012752284916185212,45.614457848126285,24.3700008392334,-1.0796357230483586,-0.03765265426518625,0.013755465707642307,0.012077774188095523,0,-0.33347888071389753,-0.041241899293809864,-0.00776070755430858,0.3680000305175781,-0.0007315624129931755,0.001301730031439985,2.5449609512411815,-0.2651695606158353,-0.345983729270522,0,-0.4171330457580323,1.7779921348805678,0,-0.003712157593418697,-0.3073541914317022,0.0,0.0,0.0,0.0,0.0,0.0,0.0,0.0,0.0,0.0,0.0,0
2022-04-12,-0.004990243787023874,0.020762522362138037,44.40810091428776,24.260000228881836,-1.5949140468173173,-0.02865295600772746,0.013759333367820658,0.011294932320889756,0,-0.3824091908485601,0.06477709331057327,0.007157341512565662,0.16899991035461426,0.0006279213756572446,0.0035960543013233825,2.2149947164475936,-0.20668568301859275,0.2571594387122098,0,-0.2184447313598387,2.0034450279750065,1,0.01138846153472997,1.0082797424885694,0.0,0.0,0.0,0.0,0.0,0.0,0.0,0.0,0.0,0.0,0.0,0
2022-04-13,0.006782698657483252,0.014143576838334622,48.891038449856445,21.81999969482422,-1.5601791920835084,-0.007214888100392903,0.013666776762959559,0.010512914292010166,0,-0.9162545047630597,0.03563961818105445,-0.0005934341469213978,0.07800006866455078,-0.007529287565531569,-0.004096560316163609,1.9773855332080053,-0.20071237463572136,0.600609302702989,0,-0.18913470481143588,1.2671426100612893,-1,-0.012529781111373848,-1.1918454621514296,0.0,0.0,0.0,0.0,0.0,0.0,0.0,0.0,0.0,0.0,0.0,0
2022-04-14,-0.004933328748693469,0.016103652831134564,44.629297963529865,22.700000762939453,-1.8154655729702305,-0.024770993790701076,0.013695363939683607,0.010569520104663744,0,-0.7159720356424663,0.025569546315068425,0.0005413634679388926,0.17600011825561523,-0.011468031342765275,0.004395635929833935,2.293733686303198,-0.12295803975813047,0.8469564095553492,0,-0.021092456112324763,1.6652074978125042,0,0.0004110457423037924,0.038889689346021244,0.0,0.0,0.0,0.0,0.0,0.0,0.0,0.0,0.0,0.0,0.0,0
2022-04-18,-0.004196178279339319,0.00945273565974493,44.798267111926506,22.170000076293945,-1.890799448429088,-0.02168246277114293,0.013623989192632918,0.010244432536665413,0,-0.8154357380111488,0.011712368128924148,-0.002241059572520201,0.14899992942810059,-0.0004476717766848858,0.004574837297311401,2.2568125761580706,-0.07388244843970357,0.9446105712256521,0,0.15195546163274684,1.9505004775689685,1,0.016013531414210472,1.5631432707926447,0.0,0.0,0.0,0.0,0.0,0.0,0.0,0.0,0.0,0.0,0.0,0
2022-04-19,0.011983001635080441,0.018245539639764424,51.10937762931886,21.3700008392334,-1.4290090526128858,0.011571099986451536,0.013537857625120067,0.01090938362857155,0,-0.9590632958056977,-0.05362580575520705,-0.00025146242859777005,0.13300013542175293,-0.003993844354993481,0.0017844785847858184,2.272471025047402,-0.09628812331835221,0.33742207837358423,0,-0.1565619458941165,1.8585594057921315,0,-0.000741602097425579,-0.06797830591457744,0.0,0.0,0.0,0.0,0.0,0.0,0.0,0.0,0.0,0.0,0.0,0
2022-04-20,0.011286359855043705,0.009196996731528956,50.81740261969917,20.31999969482422,-1.0983781505229009,0.014541655482444755,0.013528682699584555,0.010564687115774653,1,-1.1479767978629365,0.0018508840086474256,0.00421567050760103,0.11500000953674316,0.0007792397140488197,-0.005661795101053662,1.9597735979556612,-0.12127652729006502,0.33123929708143013,0,-0.47863449787298024,1.0898132952173916,-1,-0.015066653839393153,-1.4261321147481278,0.0,0.0,0.0,0.0,0.0,0.0,0.0,0.0,0.0,0.0,0.0,0
2022-04-21,-0.0033155877191728307,0.029470857266264198,45.210921420339034,22.68000030517578,-1.2464516047656815,-0.011913459891678307,0.013577010255066715,0.010704420870841091,0,-0.6109821089256692,0.010070782421812615,0.008575347186447257,0.23000001907348633,-0.004125169124604388,0.0018908543251458386,2.0692943291866284,-0.03849121168513016,0.41817098214428966,0,-0.6095268544354777,1.1754967346213248,-1,-0.0278224153620637,-2.599149426790364,0.0,0.0,0.0,0.0,0.0,0.0,0.0,0.0,0.0,0.0,0.0,0
2022-04-22,-0.029334795963627956,0.0296685378775328,37.21823097914489,28.209999084472656,-2.008243072954599,-0.02720609414236809,0.014047399463421139,0.011653134665564975,0,0.6228269812581021,-0.016710786372617224,-0.0026284413835112883,0.07799983024597168,-0.07236769894962068,0.006342928897055712,1.938035107307726,0.2637476734909192,0.20624852605561797,1,-0.8009390336188459,1.6486942716474307,0,0.005780646072957332,0.4960588955905724,0.0,0.0,0.0,0.0,0.0,0.0,0.0,0.0,0.0,0.0,0.0,0
2022-04-25,-0.022842845904113396,0.022986641803077485,39.581881963772645,27.020000457763672,-2.2351642245519088,-0.021836493811714486,0.014054633059210928,0.011686315442065779,0,0.37495457766874685,-0.035196283018801594,-0.005578569700304721,-0.03600001335144043,0.009561448280306249,0.005222446476871968,1.6490743196072755,0.2611437347316794,-0.21311642205526535,0,-0.7747612108763748,1.8799549408269067,-1,-0.02938830227092916,-2.5147598718365165,0.0,0.0,0.0,0.0,0.0,0.0,0.0,0.0,0.0,0.0,0.0,0
2022-04-26,-0.050145779511974214,0.023960588979714842,32.88312307430185,33.52000045776367,-3.00842816621207,-0.06723832749685409,0.014179225982117512,0.012858555937794426,0,1.766419685419149,0.031564706640324416,-0.006273758870835729,-0.14100003242492676,-0.02296998293089519,0.005390878466330695,1.4491847896847763,0.5350833237345404,0.1200817167339329,0,-0.4672649009388548,2.0118804814426583,0,0.0028076637677199212,0.21834968077330616,0.0,0.0,0.0,0.0,0.0,0.0,0.0,0.0,0.0,0.0,0.0,0
2022-04-27,-0.04658760253133482,0.018956560189738916,34.016825299047696,31.600000381469727,-3.2566636442983965,-0.06368906163170876,0.013972599510528764,0.012369398780261956,0,1.3023745097570467,0.003141566543055737,0.0027357682121103523,-0.021999835968017578,0.0042198128803291575,0.006333701041656429,1.5150315966561363,0.5139952307826802,0.13279611519634407,0,-0.3833495243564743,2.1557747394969615,1,0.024945603151266416,2.0167174999562207,0.0,0.0,0.0,0.0,0.0,0.0,0.0,0.0,0.0,0.0,0.0,0
2022-04-28,-0.021749152542572814,0.0281433547921537,43.30781011483199,29.989999771118164,-2.5895378089630956,-0.023676804641049137,0.014340898713495684,0.014061027589121125,0,0.9243457386653903,0.03221422363791778,0.011958739119647156,-0.054000139236450195,0.016260503771011594,0.006486984062242926,1.5730860293294993,0.43920569585565866,0.5022634426499956,0,-0.47601232092184215,2.295664623535409,-1,-0.03765578776689722,-2.678023405330422,0.0,0.0,0.0,0.0,0.0,0.0,0.0,0.0,0.0,0.0,0.0,0
2022-04-29,-0.056467695156208204,0.03558253316045951,35.28245636960551,33.400001525878906,-2.968997544091469,-0.03351017704588274,0.015034431096345528,0.015819708322448205,0,1.590040469957646,-0.0063794375764339144,-0.009913139489818147,-0.018999814987182617,-0.08440316519534886,-0.006389833497131495,1.576728257859711,0.48520853105625195,0.396615463056123,1,-0.6351293704347748,1.6348889353930625,0,0.006001483494678924,0.37936727900918493,0.0,0.0,0.0,0.0,0.0,0.0,0.0,0.0,0.0,0.0,0.0,0
2022-05-02,-0.0498643310315172,0.026298070172609683,37.246928440790576,32.34000015258789,-2.8732618720698753,-0.03328933962416133,0.014782079986110825,0.015913649157508127,0,1.3186821205796568,0.004574445469907173,0.0001699900863463201,0.1700000762939453,0.013463723598690611,0.0075471939352929965,1.7835846858952829,0.4992458933314251,0.43139134780617006,0,-0.16103371811965217,1.9228901569489945,0,0.004573640999623185,0.2874034786314575,0.0,0.0,0.0,0.0,0.0,0.0,0.0,0.0,0.0,0.0,0.0,0
2022-05-03,-0.044785975981485975,0.013377220949373823,38.78013416754768,29.25,-2.5131796783625866,0.0006726036463911761,0.014781294919707113,0.015767931625711128,0,0.652994075095454,-0.026593671274868835,0.0012779642821642108,0.18799996376037598,0.00029708840087504435,-0.0026060209165841316,1.6217192967094012,0.4543322147470575,0.06773811411717152,0,-0.5978576308129815,1.5538656489164788,1,0.029998458869884063,1.9024968243774267,0.0,0.0,0.0,0.0,0.0,0.0,0.0,0.0,0.0,0.0,0.0,0
2022-05-04,-0.01573394049157116,0.03717431664053721,47.92432085612571,25.420000076293945,-1.3495666783181228,0.02786339874855527,0.015316564560024613,0.01742160309594207,0,-0.1544031233583378,0.051385996058933216,0.0016797129984188874,0.0989999771118164,0.046251603031954885,-0.00854130101144413,1.4562546184048584,0.18958624639727437,0.7210861714096192,0,-0.010793137599734827,0.864095376805531,-1,-0.036189811410938716,-2.077293945838358,0.0,0.0,0.0,0.0,0.0,0.0,0.0,0.0,0.0,0.0,0.0,0
2022-05-05,-0.05041980087561987,0.03760179224860439,40.15583452280868,31.200000762939453,-1.4269021002686681,-0.03327201581364995,0.0159416741927032,0.018933038421753243,0,1.0197230087211266,0.004165365195665697,-0.010566981101951974,0.20300006866455078,-0.07719577484844316,0.011243732707740027,1.7515454422272296,0.3448404934838434,0.7520526120167117,0,0.5529109148374776,1.4895112899362586,0,-0.005986924075450976,-0.3162155370908079,0.0,0.0,0.0,0.0,0.0,0.0,0.0,0.0,0.0,0.0,0.0,0
2022-05-06,-0.055410141360484215,0.022049829550710987,39.05165328095079,30.190000534057617,-1.5029660968838172,-0.0016031521222036407,0.015814144432922003,0.018822534080787552,0,0.7809095288769103,0.013851476016463813,-0.006570529543264361,0.23599982261657715,-0.007855083033213568,-0.0008678110211619636,1.8082119937649823,0.3371349802620986,0.9199447632954696,1,1.0731074801749498,1.289311531116457,-1,-0.03254093490289516,-1.7288276634246362,0.0,0.0,0.0,0.0,0.0,0.0,0.0,0.0,0.0,0.0,0.0,0
2022-05-09,-0.08404524340454321,0.024888874922541025,33.7265622286082,34.75,-2.2169760182988227,-0.0401455705197776,0.01617294807792659,0.01983953814535048,0,1.6684290417042424,-0.06278487953283066,-0.015286053117536247,0.08299994468688965,-0.041659948157463746,-9.649448640132322e-05,1.630598605434155,0.4960669722318505,0.009836025574917725,0,1.3812712498403488,1.1655866550511724,0,0.0023079137298671246,0.1163289462521352,0.0,0.0,0.0,0.0,0.0,0.0,0.0,0.0,0.0,0.0,0.0,0
2022-05-10,-0.0803977812827824,0.028214135536771514,34.39951534257989,32.9900016784668,-2.437478054456892,-0.042411297789533675,0.016008463635868914,0.0197299673968277,0,1.2678185052334188,-0.03283503479939427,0.015747957713128202,0.03299999237060547,0.0012260733113621679,0.002601501139250629,1.3746711723062721,0.30285163404427007,-0.46234860089715835,0,0.8432235542867157,1.2273763515848444,-1,-0.016013797521743,-0.8116480419444266,0.0,0.0,0.0,0.0,0.0,0.0,0.0,0.0,0.0,0.0,0.0,0
2022-05-11,-0.09350714177410287,0.03075752282582756,31.988876810105367,32.560001373291016,-2.769971361155048,-0.08842355418116077,0.016115279061477996,0.019883119630313296,0,1.1534317775551874,0.05793216433434838,-0.0025591870416952814,0.003999948501586914,-0.011941183583274494,-0.0006738191134784396,1.1637678898893622,0.29425567036114136,0.3338038467844997,0,-0.08797781449423205,1.0716418624213055,0,-0.0010445425087427295,-0.052534109476922955,0.0,0.0,0.0,0.0,0.0,0.0,0.0,0.0,0.0,0.0,0.0,0
2022-05-12,-0.09260238001698469,0.02714480806415762,31.833505113633763,31.770000457763672,-2.7908077584669098,-0.053278285278964665,0.01594547679834213,0.01951881151500326,0,0.9664056015134774,0.0039652447744917664,-0.008643308148474556,-0.24900007247924805,-0.00016169407139203626,0.00958320716594217,0.888190540573916,0.375695496271235,0.36681723219793877,0,0.18166685624196235,1.612774516343566,1,0.02362673536140679,1.2104591121572559,0.0,0.0,0.0,0.0,0.0,0.0,0.0,0.0,0.0,0.0,0.0,0
2022-05-13,-0.06950339092106758,0.018843989099909995,39.11857540352288,28.8700008392334,-2.0176354381475647,-0.023664625842106927,0.016283387132415863,0.020540302255854903,0,0.3716336548392258,0.04026026789661295,0.011076917426396242,-0.18799996376037598,-0.012339639306479452,-0.0027696968283255044,1.1277388732410336,0.2404380646472131,0.9518475214031477,1,0.5548293101946423,1.292087211666014,0,-0.004065869163981289,-0.19794583029390583,0.0,0.0,0.0,0.0,0.0,0.0,0.0,0.0,0.0,0.0,0.0,0
2022-05-16,-0.07195734006376482,0.01592140562246851,38.35153596068395,27.469999313354492,-1.447615586031894,0.004810439896806957,0.01607661424168081,0.020510641893061447,0,0.093473939470981,0.03302627070805514,-0.004340808484911981,-0.20199990272521973,0.005714530585645221,-0.003544867110290127,0.9589908663013688,0.21435444804145126,1.4388899609872954,0,0.42340565214436277,0.9341894244403361,1,0.020361602751224787,0.9927330860757729,0.0,0.0,0.0,0.0,0.0,0.0,0.0,0.0,0.0,0.0,0.0,0
2022-05-17,-0.0524359274451414,0.014669917330788299,44.29102215817474,26.100000381469727,-0.4360742645499318,0.022864128918164698,0.01630519989421243,0.020761289447537523,0,-0.1754181068453987,-0.01588731946396071,0.015968128097400773,-0.02500009536743164,-0.026149814249862884,-0.007998132916947438,1.1362329467325671,0.19994722034172296,1.1519656044366609,0,0.1918817202349811,0.2342888372026446,-1,-0.04114643288278244,-1.9818813840028098,0.0,0.0,0.0,0.0,0.0,0.0,0.0,0.0,0.0,0.0,0.0,0
2022-05-18,-0.08965752536579844,0.033813097778055995,36.67959888983755,30.959999084472656,-0.6908283721613433,-0.00226850644287483,0.01706808672497695,0.022304714409437314,0,0.7874789280268393,-0.025317854976181154,-0.011874540933585347,-0.03500008583068848,0.00975769122367077,0.004344235747732309,0.9115928976197306,0.4210904114584414,0.7147050992273137,0,-0.3259497749228863,0.5269713834310077,0,-0.006143551651469576,-0.2754372364659295,0.0,0.0,0.0,0.0,0.0,0.0,0.0,0.0,0.0,0.0,0.0,0
2022-05-19,-0.09369080245009814,0.01805070983186185,35.71580584540861,29.350000381469727,-0.87527841735543,-0.007367515585601754,0.016943445033649817,0.022209714033721264,0,0.4736251705415387,0.02362601145887709,-0.008302704126076879,0.03800010681152344,0.006186637452988542,-0.010555429861684978,0.8093500875308185,0.2578090669560969,1.081737129060976,0,-0.3012436754711355,-0.6981111130410063,0,0.00043646662749850606,0.01965205091408673,0.0,0.0,0.0,0.0,0.0,0.0,0.0,0.0,0.0,0.0,0.0,0
2022-05-20,-0.0918355424033867,0.04232217752155576,35.84441442398581,29.43000030517578,-0.8487960784226605,-0.03055778431951012,0.016811052176443787,0.02163165479028287,0,0.49347278186212123,0.00904907045525924,0.009684425176702297,-0.14800000190734863,0.00011400734209409798,0.004177402484633121,0.6205606248652004,0.04233808005502462,1.2091933805949588,1,-0.5538784652066648,-0.3914239351527741,1,0.018537123686204048,0.8569439229906651,0.0,0.0,0.0,0.0,0.0,0.0,0.0,0.0,0.0,0.0,0.0,0
2022-05-23,-0.07390052015617886,0.018517600158385057,41.26978709066904,28.479999542236328,-0.2595922417427179,-0.007954791469324804,0.016738875902142392,0.022131990332782965,0,0.29981455050327727,-0.02630790935383447,0.008179254937614296,-0.018000125885009766,-0.03035275186603625,-0.010427416776148505,0.7681118920108898,0.05262472099689888,0.7273111342601449,0,-0.2428408812104721,-1.940401524633593,0,-0.0076631715003789075,-0.3462484811654306,0.0,0.0,0.0,0.0,0.0,0.0,0.0,0.0,0.0,0.0,0.0,0
2022-05-24,-0.0800335933652795,0.020792612497973907,39.76457258642239,29.450000762939453,0.02880367439698084,-0.035979565720928405,0.01675689257863731,0.02133010868646852,0,0.4971984657573632,-0.004726031501443259,-0.011045505627581975,-0.20799994468688965,0.008118027974829972,-0.002157510085405724,0.49932655099685247,-0.12944835326645768,0.6171841049022682,0,0.2690306920118384,-2.091684540298341,0,0.008796147521798206,0.41238155544714983,0.0,0.0,0.0,0.0,0.0,0.0,0.0,0.0,0.0,0.0,0.0,0
2022-05-25,-0.07071285865794946,0.019025084056395074,42.364557343775374,28.3700008392334,0.5066097445528381,0.013963014683652228,0.016712591869865037,0.0214537969166361,0,0.3010487599809009,0.005088654250674318,-0.004019339405682433,-0.13699984550476074,-0.008605039493159609,0.001961524266019214,0.4453166943930085,-0.10782485426221357,0.6893109397572369,0,0.4014178595863315,-1.6481434292887265,1,0.01978440925614518,0.9221864134893277,0.0,0.0,0.0,0.0,0.0,0.0,0.0,0.0,0.0,0.0,0.0,0
2022-05-26,-0.05085872201284005,0.02119364533229608,47.891149733565875,27.5,1.3462683174424281,0.03989097559126681,0.016744510426881846,0.02113568940962342,0,0.1358004072213524,0.03351168714147415,0.0032662495609945765,-0.0989999771118164,-0.023955325122173667,-0.0022560775494814803,0.43744802364268165,-0.08667798045645354,1.2895361542658228,0,0.6238345407134961,-1.677559110124836,1,0.02425265627329231,1.1474735613551397,0.0,0.0,0.0,0.0,0.0,0.0,0.0,0.0,0.0,0.0,0.0,0
2022-05-27,-0.026443547482384592,0.018494419147453797,53.86172467297075,25.719999313354492,2.487026031856299,0.06370716523706058,0.01705609392610416,0.020262360682572114,0,-0.21278087867260717,0.00855305767342729,0.006394373488015603,-0.04399991035461426,-0.02467983206956337,-0.0015725178877736038,0.374973606762731,-0.2612870729951808,1.4061088692092263,1,0.43177477064702635,-1.6526382590968092,0,-0.005626628447910543,-0.27768855560174244,0.0,0.0,0.0,0.0,0.0,0.0,0.0,0.0,0.0,0.0,0.0,0
2022-05-31,-0.030469917584687596,0.015571629065050364,52.34913103644377,26.190000534057617,3.0094634402400375,0.03954341310294601,0.017040583526428527,0.020259821865626502,0,-0.0974292695157808,-0.0034822141011021353,-0.004126301160767619,-0.014999866485595703,0.003261869858972152,0.0007865680454184721,0.6375745010447753,-0.2109271799559191,1.34964624683553,0,0.9292129541351486,-1.3933785599250057,0,-0.00812165996647708,-0.40087499345226824,0.0,0.0,0.0,0.0,0.0,0.0,0.0,0.0,0.0,0.0,0.0,0
2022-06-01,-0.03673809663599548,0.022730041362908408,50.1738474412479,25.690000534057617,3.049101960217511,0.03908492463684805,0.016634674069887882,0.020301640571351927,0,-0.17003624215531968,0.005132042460357287,0.005409796858353549,0.17100000381469727,0.006992377263616166,0.007831689954415202,0.8825057113481254,-0.1297777417675326,1.48678928803156,0,0.5080474008858886,-0.5419169276533683,1,0.018864651893782076,0.9292176430424022,0.0,0.0,0.0,0.0,0.0,0.0,0.0,0.0,0.0,0.0,0.0,0
2022-06-02,-0.01690507605339188,0.024916729033980775,54.88821218231987,24.719999313354492,3.4498498912416373,0.049153429008831885,0.016789078353893833,0.019550796278920403,0,-0.35165111899033596,0.013871764903703702,-0.0004148629139946453,0.1640000343322754,-0.01868934253090666,-0.007635182058772788,0.8098275584376968,-0.027923663950075613,1.856208815673337,0,0.3980247133814914,-1.2330221575288531,-1,-0.016547797144596643,-0.8463997294289805,0.0,0.0,0.0,0.0,0.0,0.0,0.0,0.0,0.0,0.0,0.0,0
2022-06-03,-0.03152188742756163,0.011034244373289136,50.38002542500819,24.790000915527344,3.1633548414756296,0.01282122260809035,0.01656107470257419,0.018153497325703028,0,-0.31262440484628923,0.01696825265205771,-0.012027446904673314,0.20099997520446777,0.019871198077825152,0.0036290830255138835,0.9367374103311868,-0.22997773629020876,2.093013285737391,1,0.6962775601141119,-0.7955798023661019,0,0.0030403502101412874,0.1674800442466863,0.0,0.0,0.0,0.0,0.0,0.0,0.0,0.0,0.0,0.0,0.0,0
2022-06-06,-0.02679593237714568,0.014716232625475837,51.16825954756187,25.06999969482422,2.943076867172402,-0.008391083455060887,0.01655963301875819,0.01811938131296624,0,-0.23182735907791976,-0.0031175215231096917,0.010275075035672534,0.2950000762939453,-0.004845781612617441,0.0029328699200116574,1.1942458558548312,-0.18583886141137693,1.9314119239571972,0,0.7862504349536716,-0.4530845164281098,0,0.009546271826698625,0.5268538916021593,0.0,0.0,0.0,0.0,0.0,0.0,0.0,0.0,0.0,0.0,0.0,0
2022-06-07,-0.015741953695648094,0.0207100978289019,53.672450942986465,24.020000457763672,2.932180023988162,0.006781816819548443,0.016529464774633313,0.01650674002481599,0,-0.4478325281602676,0.00765001963847122,-0.009001512183213465,0.12799978256225586,-0.01394457857201911,-0.0011721308758476294,0.9483947444297643,-0.3692927363013588,1.9838154023663954,0,-0.0237293103827698,-0.5081740414153172,-1,-0.010931488089978897,-0.6622435108997634,0.0,0.0,0.0,0.0,0.0,0.0,0.0,0.0,0.0,0.0,0.0,0
2022-06-08,-0.024378295414295346,0.013228934451771857,50.482140353460316,23.959999084472656,2.5349254342521323,0.0039719886960465755,0.016562555045357703,0.016763922158644546,0,-0.4377389916054196,0.022359302629648345,-0.004362982439551217,0.09800004959106445,0.012565932975546788,0.0021478209960193377,1.1362624388648395,-0.31981880108194577,2.256138642611666,0,0.18323356634143173,-0.23474415467544787,-1,-0.024070479739889933,-1.4358492692585652,0.0,0.0,0.0,0.0,0.0,0.0,0.0,0.0,0.0,0.0,0.0,0
2022-06-09,-0.04485731729530088,0.025657601958768796,44.34055431256533,26.09000015258789,1.592899566079065,-0.03896314293762556,0.01659049823179347,0.017295232550068717,0,0.07026693056321077,-0.004925701342088371,-0.004582470834696137,0.13099980354309082,0.002443077128707398,0.006609669262763562,1.1718337738049192,-0.221532478314424,2.06987849238961,0,-0.20947055204134388,0.4886923480973995,-1,-0.029424357777583586,-1.7012977813061474,0.0,0.0,0.0,0.0,0.0,0.0,0.0,0.0,0.0,0.0,0.0,0
2022-06-10,-0.06950153037158456,0.015469468876688354,38.35909695248988,27.75,0.24285391532868905,-0.05183970357061257,0.01671457209956311,0.018595296544629148,0,0.4525237842200906,-0.006937049589774876,-0.016476179892628586,0.19899988174438477,-0.06269718565272517,0.008969537810954704,1.5785743552776141,-0.13528662249765833,1.8798701437297072,1,-1.386643601574563,1.5918584953595094,-1,-0.03870768326556473,-2.081583499183809,0.0,0.0,0.0,0.0,0.0,0.0,0.0,0.0,0.0,0.0,0.0,0
2022-06-13,-0.10154336774155699,0.022693359374999972,32.37838709698582,34.02000045776367,-1.4835383967833806,-0.09358773704631854,0.017271106666450615,0.019567982462243713,0,1.825374941073702,0.002152336409315797,-0.025857255218519136,0.3279998302459717,-0.10996638924872136,0.008889799884915986,2.331699755059568,0.1641455776792009,1.8274702715089868,0,-1.8915803808026728,2.425815542662546,0,-0.0030179282401547568,-0.15422779040710616,0.0,0.0,0.0,0.0,0.0,0.0,0.0,0.0,0.0,0.0,0.0,0
2022-06-14,-0.1008448509425767,0.01965925642471471,31.96854543804477,32.689998626708984,-2.5264214491605284,-0.10615193711317186,0.017179306048513067,0.01956762555002843,0,1.4663475414416811,-0.01667678101559221,0.004921187898660733,0.5110001564025879,-0.0011840956726316906,0.004178494353135296,2.6851631793408828,0.1739747036156182,1.4817154903957535,0,-1.7308272806962675,2.454538278408541,1,0.014155631555333965,0.7234206462575595,0.0,0.0,0.0,0.0,0.0,0.0,0.0,0.0,0.0,0.0,0.0,0
2022-06-15,-0.0846094858909795,0.031065396624685184,36.07848074435712,29.6200008392334,-2.690352356428006,-0.08106481746785914,0.017316965862274526,0.019217239731463196,0,0.7597512088675354,-0.030910954694686854,0.009291429140731073,0.3659999370574951,0.015193252645257114,-0.00341744190996728,2.2393330170050003,0.126514508228642,0.9597019249833423,0,-0.8626077059867708,1.8557226313366386,-1,-0.033655962709078883,-1.7513412782462876,0.0,0.0,0.0,0.0,0.0,0.0,0.0,0.0,0.0,0.0,0.0,0
2022-06-16,-0.11128464774232666,0.018709984953872518,31.28585863658681,32.95000076293945,-3.368400583398464,-0.09065030043704812,0.01766758488992798,0.018508964227011156,0,1.4413676626035552,0.01957983408181096,-0.023183199319719,0.2630000114440918,-0.04416806542219591,-0.014656197993455643,1.8305986024035443,0.06229526495274645,1.250132628693504,0,-0.7550520691423408,0.6150122729828343,0,0.0021534732372776684,0.11634751936360618,0.0,0.0,0.0,0.0,0.0,0.0,0.0,0.0,0.0,0.0,0.0,0
2022-06-17,-0.10594131016926049,0.01970696917879624,31.89944633057351,31.1299991607666,-3.5198535984506254,-0.059072469422186906,0.017636648980388907,0.01853542595808728,0,1.009944545126576,-0.07073164458114989,0.001196432026982625,0.08300018310546875,0.0010463642162788639,0.010272252036460785,1.5299768214558669,0.05887939822315484,0.15367966345299078,1,-1.2851127507453086,1.3417087135102774,1,0.02486187030118873,1.3413156484372375,0.0,0.0,0.0,0.0,0.0,0.0,0.0,0.0,0.0,0.0,0.0,0
2022-06-21,-0.08020836586109673,0.012584320602908332,38.7879351242515,30.190000534057617,-2.8144340881922982,0.004497084144566508,0.017853909057050043,0.01954472085923769,0,0.7779261948788728,0.00989975817605793,0.016347326566595616,-0.05900001525878906,-0.015128107919854973,-0.002486321521762925,1.7503011835044824,0.02549618879370317,0.309763090509795,0,-1.0715732355077041,1.054860230966213,0,-0.0018145392162078231,-0.09284032761956365,0.0,0.0,0.0,0.0,0.0,0.0,0.0,0.0,0.0,0.0,0.0,0
2022-06-22,-0.07865593965329855,0.022810460244088438,38.47847694122067,28.950000762939453,-2.2023313996750495,0.005700473168513419,0.017824902460185182,0.018957219671920416,0,0.48320426611821565,-0.04114211488051964,-0.011935347426228713,-0.32700014114379883,0.0003062636268577545,-0.0023006671753256704,1.1151858157130574,0.016368159902086128,-0.29511518835962114,0,-1.0502123304886222,0.7910341671865316,0,0.009754700194436427,0.514563592004435,0.0,0.0,0.0,0.0,0.0,0.0,0.0,0.0,0.0,0.0,0.0,0
2022-06-23,-0.06687037152956123,0.015711717616745474,41.204967766735315,29.049999237060547,-1.41196531676899,0.0012995418076159014,0.01785402066237271,0.01911693190228014,0,0.48007560737661226,-0.018246308799802363,0.005991656434460683,-0.3269999027252197,-0.005125286998364569,0.002204893381994091,0.7356994321689457,-0.013675478968914738,-0.5588919683070577,0,-1.2218543346412498,0.8723778303123189,1,0.03129900858543663,1.6372393003769863,0.0,0.0,0.0,0.0,0.0,0.0,0.0,0.0,0.0,0.0,0.0,0
2022-06-24,-0.03499571545877343,0.022354392742186126,49.15323297394598,27.229999542236328,-0.04164937551258063,0.06625451310213158,0.018293984335676736,0.02039507903612773,0,0.039323758420217333,0.03162287297550904,0.008795873878950946,-0.18199992179870605,0.0038725820478615136,-0.0023008145574139054,0.9451591974549932,-0.041012988527816784,-0.099010592532954,1,-1.1423694555365982,0.6178857017248176,0,-0.003826898806341777,-0.1876382495591381,0.0,0.0,0.0,0.0,0.0,0.0,0.0,0.0,0.0,0.0,0.0,0
2022-06-27,-0.036163076153327374,0.0100877092748102,48.281937381847555,26.950000762939453,0.8010509318930392,0.060274141058512164,0.018288944180137788,0.01982161538599285,0,-0.05679112647179026,0.01795708204970407,0.0024837052390627146,-0.04500007629394531,0.003659437124727547,-0.002402345787436545,1.2171525925999813,-0.020202679008078227,0.170018394682545,0,-0.8945662087687576,0.35777787925927573,-1,-0.020644479468484824,-1.0415129469187452,0.0,0.0,0.0,0.0,0.0,0.0,0.0,0.0,0.0,0.0,0.0,0
2022-06-28,-0.05326187264822374,0.03318010005340271,43.823751446431494,28.360000610351562,0.8758556813244542,0.014767791288838608,0.01836179034727909,0.019238750927632154,0,0.25449193062075925,0.019790122431063026,0.004211555850243048,-0.10099983215332031,0.005181692926845947,0.005468947977946237,1.2619016582108251,0.09771085051302078,0.4541625560416448,0,-1.1035071686033358,0.7334342200266263,0,-0.0008149099252294097,-0.04235771359157412,0.0,0.0,0.0,0.0,0.0,0.0,0.0,0.0,0.0,0.0,0.0,0
2022-06-29,-0.051402603340228024,0.010122457861405802,43.654230786117644,28.15999984741211,0.9261947483266129,0.015767420579817053,0.018348946427619004,0.019249208225342068,0,0.17634198839122298,-0.017875382060949133,0.0015224065264709808,-0.06299996376037598,0.0007324244316538142,0.00572464559519891,0.7310769780612167,0.07252484695995559,0.151730996849906,0,-1.7339776342956568,1.1364505263111937,0,-0.008157572974578605,-0.42378723536101637,0.0,0.0,0.0,0.0,0.0,0.0,0.0,0.0,0.0,0.0,0.0,0
2022-06-30,-0.056007430429859804,0.0214711891411944,41.91417607798213,28.709999084472656,0.787845146123793,-0.002144852589198092,0.01830010570044438,0.01924962491795475,0,0.28468627606720726,-0.037305955699976086,-0.010838458941584044,-0.09600019454956055,-0.005153154130387811,-0.004003800990449824,0.11224663274287716,0.11114363033384282,-0.4325763451622285,0,-1.5862839459188194,0.6925796885742391,0,0.010521056645740467,0.5465587628328026,0.0,0.0,0.0,0.0,0.0,0.0,0.0,0.0,0.0,0.0,0.0,0
2022-07-01,-0.04307520587784097,0.020721919568841174,44.964703750161725,26.700000762939453,0.9660899887066936,-0.022922804528894315,0.01833940050437095,0.018815896783894424,0,-0.276572827409758,0.024932409996359532,-0.0018306251988169946,-0.23600006103515625,-0.006481764132511658,0.00428916393456827,-0.3501601910469597,0.0770509891681471,-0.06413414104165208,1,-1.7915398899550712,1.0220570333265107,0,0.0018865546144327429,0.10026381593511875,0.0,0.0,0.0,0.0,0.0,0.0,0.0,0.0,0.0,0.0,0.0,0
2022-07-05,-0.03865173362215446,0.02377216800967398,45.520638562379965,27.540000915527344,1.1328925168547315,-0.017209351108119796,0.018323386087792902,0.018635724719456435,0,-0.0755688245940196,-0.08594716213403925,-0.01415935759110742,-0.38499999046325684,-0.0007856930870194142,0.0128521955633097,-0.8081497779329109,0.10519914356564217,-1.3867682473183416,0,-2.1078747724679743,2.062918613322273,0,0.003372008234682839,0.18094313347154112,0.0,0.0,0.0,0.0,0.0,0.0,0.0,0.0,0.0,0.0,0.0,0
2022-07-06,-0.03341176453056715,0.01636004961166834,46.56241689469216,26.729999542236328,1.3157818487219686,0.0068071365950479155,0.018313063331358286,0.01864189665039061,0,-0.3311013427680145,-0.009796586219315792,0.00039297741688043385,-0.2929999828338623,-0.002789624175455171,0.005617978056987879,-0.2770517398913541,0.0641146130281079,-1.5523033336141794,0,-2.3395402934032457,2.240255338548033,1,0.01486604575424275,0.797453073499392,0.0,0.0,0.0,0.0,0.0,0.0,0.0,0.0,0.0,0.0,0.0,0
2022-07-07,-0.017067031140973275,0.01686418088712557,51.047531709959884,26.079999923706055,1.7660490379834535,0.022488092274520293,0.018450667856510825,0.01887250262873975,0,-0.5544211123829946,0.04174316196018757,0.004867395868263439,-0.08500003814697266,-0.015616619377585829,0.0002800614301565808,0.2240660811993121,0.08228189842362858,-0.9524429438966617,0,-2.0464734895009222,2.0273824449895024,0,-0.0008229602479179234,-0.04360628942776223,0.0,0.0,0.0,0.0,0.0,0.0,0.0,0.0,0.0,0.0,0.0,0
2022-07-08,-0.016601321621856048,0.01281295395651624,50.79159527428245,24.639999389648438,1.988738720090888,0.029822705001180762,0.01834628081002264,0.018787170061173464,0,-0.9767320832892079,0.019854136318213016,-0.004431553512630634,0.12900018692016602,0.0006598903344626487,-0.001120716634809592,0.7198217822161932,0.02798537885796642,-0.6955969165710921,1,-2.0214250753660936,1.7651068345175531,-1,-0.01148932296077641,-0.6115512239391809,0.0,0.0,0.0,0.0,0.0,0.0,0.0,0.0,0.0,0.0,0.0,0
2022-07-11,-0.02629571432185001,0.008770775371076933,47.25159796980947,26.170000076293945,1.8027028705545334,0.007812325394664125,0.018386066492126745,0.018233040706865076,0,-0.5437057715654999,-0.0067024818783995065,-0.007281974449014933,0.10199999809265137,0.013782545055995233,0.009394056085966329,0.07539141104136758,0.003061614460218029,-0.8230527445548624,0,-2.3021621092709443,2.2297479766306814,0,-0.008888174360125262,-0.4874759853971503,0.0,0.0,0.0,0.0,0.0,0.0,0.0,0.0,0.0,0.0,0.0,0
2022-07-12,-0.03269879012678072,0.018827334192534313,44.683367978758255,27.290000915527344,1.429206949076212,-0.002962403579893967,0.018319753668901022,0.017152079143182133,0,-0.24820469964660624,-0.08257577818875095,-0.0015105577131081388,0.14899992942810059,0.008645133660679512,0.0004627984034218187,-0.1434365632674267,-0.016715471924108192,-2.044090729623849,0,-2.101862978722493,1.9242122801919819,0,-0.005265619996580132,-0.306995838968875,0.0,0.0,0.0,0.0,0.0,0.0,0.0,0.0,0.0,0.0,0.0,0
2022-07-13,-0.03624164933684853,0.01916429539096177,43.196033885944246,26.81999969482422,1.0394423572096416,-0.011600031811157029,0.01827602950442826,0.014737431508497958,0,-0.4204955856308586,0.004788254337710234,-0.015160466833408699,-0.009000062942504883,0.00041216280334909665,-0.0010183828216448385,-0.4710083176532958,-0.23780073394857,-1.8872332439398347,0,-3.010707934831083,1.6120109020672233,0,-0.002431557917555314,-0.16499186213246173,0.0,0.0,0.0,0.0,0.0,0.0,0.0,0.0,0.0,0.0,0.0,0
2022-07-14,-0.03687750611585264,0.021195467625695925,42.495302564045886,26.399999618530273,0.7230461861775588,-0.028897635482955177,0.01827246377473617,0.0147301778662409,0,-0.588419292740211,-0.0054144683245929874,-0.01387520625637728,-0.04799985885620117,-0.0005090510568344721,0.00535799740063118,-0.15015434241419395,-0.21370518302394476,-1.8745941750976125,0,-2.604982173923628,1.735773456664068,1,0.018925018886573382,1.2847778357224027,0.0,0.0,0.0,0.0,0.0,0.0,0.0,0.0,0.0,0.0,0.0,0
2022-07-15,-0.017000796509805554,0.012229614403871936,49.428558894577364,24.229999542236328,0.9612688733908756,-0.009149656348463917,0.018325942916069975,0.014994805822038866,0,-1.3303995009465635,0.018721109458313057,0.01220339834609966,-0.17100000381469727,-0.003767465571590714,-0.004432171247331337,-0.33021772431862567,-0.20085832123698757,-1.5772490615534898,1,-2.4944132080130106,1.2910432324716832,-1,-0.008291331436973887,-0.5529465340139471,0.0,0.0,0.0,0.0,0.0,0.0,0.0,0.0,0.0,0.0,0.0,0
2022-07-18,-0.02285964363986146,0.02207093181400898,46.7547163030479,25.299999237060547,0.9016727403279883,-0.00595166482466145,0.01834070974055621,0.01282596386100144,0,-1.0619324429417543,0.05006292623664312,0.008403180973624481,-0.03099989891052246,0.008690780095903392,-0.006405766796279031,-0.16484949209266614,-0.26418691852521137,-0.8633084889778101,0,-2.274132970003047,0.8000553338814178,1,0.026660777862040824,2.078655246842923,0.0,0.0,0.0,0.0,0.0,0.0,0.0,0.0,0.0,0.0,0.0,0
2022-07-19,0.004557712088716853,0.019068449481842067,55.22056027884566,24.5,1.4752563959269707,0.029597287397504703,0.018643351161146963,0.013937787608185013,0,-1.3726556399750673,0.01566614332926657,0.010754994762470816,0.06100010871887207,0.0016120629683928501,-0.006447136852099755,0.17803165947072222,-0.2394988399438439,-0.6341825792393253,0,-2.3117997112914512,0.3250894787381116,0,0.0063528077884838705,0.4557971041818806,0.0,0.0,0.0,0.0,0.0,0.0,0.0,0.0,0.0,0.0,0.0,0
2022-07-20,0.011726738117822249,0.013248248681201127,57.00397237405902,23.8799991607666,1.9379867944949591,0.0412157151825689,0.018353665039411767,0.013028512070929341,0,-1.5330200538837315,-0.018985450651782098,0.0005096230786126185,0.13199996948242188,-0.002635716889939107,0.0037425335775484662,0.2672563157844055,-0.2344695080280084,-0.9141909566096208,0,-2.1218440982881654,0.5033636150217704,1,0.010131759571162557,0.7776599307276489,0.0,0.0,0.0,0.0,0.0,0.0,0.0,0.0,0.0,0.0,0.0,0
2022-07-21,0.021907234843881986,0.018079669250956176,59.77806262823221,23.110000610351562,2.3947559840071206,0.053779032671286774,0.01839026841707141,0.013091119673582504,0,-1.7319682481667318,-0.059531231518497624,-0.0015462968769478535,-0.04999995231628418,-0.008509039634802306,-0.0015888424724861694,-0.4999197224979083,-0.22530477967569693,-1.7365145683226075,0,-1.9031242160047968,0.3248280082604357,-1,-0.009321266701949424,-0.7120292086602314,0.0,0.0,0.0,0.0,0.0,0.0,0.0,0.0,0.0,0.0,0.0,0
2022-07-22,0.012544516291088771,0.01880582334316296,56.18501318290903,23.030000686645508,2.3501691493270656,0.0255327470827641,0.018046838942120284,0.013278688592189359,0,-1.703215216162527,-0.017273411057041062,0.00032608471203548166,-0.14700007438659668,0.0025207393453102554,-0.001685080901090523,-1.2693623786645993,-0.2322207133870875,-1.9068515889853523,1,-1.9179925131248172,0.1351533845129629,0,0.001214184236629652,0.0914384966418204,0.0,0.0,0.0,0.0,0.0,0.0,0.0,0.0,0.0,0.0,0.0,0
2022-07-25,0.013540415343489907,0.008241296623262485,56.54988860920487,23.360000610351562,2.24183683189438,0.0350382627563678,0.018042624301154393,0.01137702183184353,0,-1.5329293011998175,0.02089940293372144,0.0016691017850789522,-0.1400001049041748,-0.0018313831173627948,-0.0023451067651711743,-1.0461578567427625,-0.1532941057865734,-1.5939659194385964,0,-1.724546011928866,-0.1301721321273268,-1,-0.011901903302967587,-1.0461343062832065,0.0,0.0,0.0,0.0,0.0,0.0,0.0,0.0,0.0,0.0,0.0,0
2022-07-26,0.0015366689297474122,0.010514429116995964,52.00267021712348,24.690000534057617,1.7811581466759026,-0.0035244184086406236,0.017775951873119294,0.011685194128455947,0,-1.054284532531986,-0.017946992435663202,-0.004383405107474373,-0.23200011253356934,0.017080321403382167,0.006645777866585077,-1.2283552082326674,-0.08758500067683632,-1.7580457188072414,0,-1.7516247125268227,0.3252747041693071,1,0.025635256513545656,2.193821882077214,0.0,0.0,0.0,0.0,0.0,0.0,0.0,0.0,0.0,0.0,0.0,0
2022-07-27,0.027488063971979386,0.022017795984698274,59.59163825851618,23.239999771118164,2.0191771250159345,0.015758030316421125,0.017465142984863322,0.011900690867279143,0,-1.4936939461069114,0.02372144847520207,0.00883822281339516,-0.3020000457763672,0.017874485936508235,-0.006927620808838823,-1.5058869107553665,-0.19910480105039635,-1.417421164567581,0,-1.527404727598759,-0.44905949610624557,1,0.01246434864341976,1.0473625698542144,0.0,0.0,0.0,0.0,0.0,0.0,0.0,0.0,0.0,0.0,0.0,0
2022-07-28,0.039964809902333996,0.02130173058946942,62.73602245044375,22.329999923706055,2.3675121684027247,0.018090619388678383,0.01752497867364679,0.012068857470976758,1,-1.7330859499151807,-0.008674196952688428,0.0021172278563701516,-0.22900009155273438,0.0007335937859029962,-0.0009398353724892211,-1.7403500126838367,-0.23197146343582778,-1.4810120166384444,0,-1.4193500096742024,-0.6582740970276975,1,0.014473413760626327,1.1992354539837335,0.0,0.0,0.0,0.0,0.0,0.0,0.0,0.0,0.0,0.0,0.0,0
2022-07-29,0.05483292663086618,0.015194567620596183,66.08135550580657,21.329999923706055,2.815311486884933,0.04188529985125396,0.017617709688899422,0.012001473676946019,1,-1.9594943767930824,0.022560478659059337,0.0037115597401122524,-0.14100003242492676,0.0205377159781487,-0.004240260282498767,-1.8747376456547564,-0.29713093333775403,-1.1821202905089934,1,-1.6103557686313488,-1.3764645183229542,0,-0.0029657428498499542,-0.24711468429082079,0.0,0.0,0.0,0.0,0.0,0.0,0.0,0.0,0.0,0.0,0.0,0
2022-08-01,0.05060121207192626,0.012196630473552551,64.7904234188334,22.84000015258789,2.862521955107658,0.03770537276477428,0.01717137211782254,0.01201859752300465,1,-1.4373699790002306,-0.049150230876384905,-0.006917341198443001,-0.21399998664855957,0.00045942426992539177,-0.0042583890315847734,-1.9781315681621783,-0.15615020251217457,-1.7086849518717298,0,-1.9201844165804602,-2.028861785084229,-1,-0.006619044230752618,-0.5507330377569278,0.0,0.0,0.0,0.0,0.0,0.0,0.0,0.0,0.0,0.0,0.0,0
2022-08-02,0.04258889998099945,0.015144813784139302,61.89796819731711,23.93000030517578,2.559291008928055,0.04298823183698923,0.016547175546349515,0.012235792751890335,0,-1.0557864792204312,0.005629017955736299,-0.004024761055434646,-0.046000003814697266,0.004596585534791285,0.0074637876360794395,-1.2093955724546137,-0.14050661187092212,-1.5795122398587604,0,-1.8827782938363973,-0.9953515447216327,1,0.015538209268329313,1.2698970049945257,0.0,0.0,0.0,0.0,0.0,0.0,0.0,0.0,0.0,0.0,0.0,0
2022-08-03,0.05748361522814185,0.013704892046049475,65.77765209849917,21.950000762939453,2.598384290302714,0.032891184591772635,0.016651741741293,0.012537996025877443,1,-1.6184382557463732,-0.040636609818898634,0.0054744094738887646,0.01399993896484375,-0.0041169406554494095,0.0025382318911604355,-1.1328289204201225,-0.19701933874612138,-1.9322045119846118,0,-2.079129974463777,-0.6144224729333149,0,-0.000676008192096165,-0.05391672253952806,0.0,0.0,0.0,0.0,0.0,0.0,0.0,0.0,0.0,0.0,0.0,0
2022-08-04,0.055747660899926534,0.006398323902188371,65.46302013071977,21.440000534057617,2.439526754821653,0.019750827756256785,0.016088522217856793,0.012302856254449048,1,-1.7525372390347178,-0.02366184826232168,-0.000193275454330474,-0.004999876022338867,0.0013665830124252496,-0.007728593390747095,-1.4562476014007515,-0.19591037302106612,-2.074894353974533,0,-1.913333914940178,-1.448716026070752,0,-0.001691478860840618,-0.13748656824005817,0.0,0.0,0.0,0.0,0.0,0.0,0.0,0.0,0.0,0.0,0.0,0
2022-08-05,0.05282151674598422,0.011004396400066901,64.63096828046659,21.149999618530273,2.133898580211641,0.003585935134789892,0.016090152346409793,0.012319088493811765,1,-1.7931729688854499,0.005294309326469751,-0.0109488859424799,0.1979999542236328,0.0016747603212140312,0.008760833034145493,-0.585757683419704,-0.15273122643866419,-1.9460760533677106,1,-2.0993636118970787,-0.342362394219446,0,-0.0011615892354823452,-0.09429174026539723,0.0,0.0,0.0,0.0,0.0,0.0,0.0,0.0,0.0,0.0,0.0,0
2022-08-08,0.05067205329670083,0.014019730942234207,64.02994868589859,21.290000915527344,1.760776149555447,0.005390088749157543,0.015942832026820748,0.011884463603530421,1,-1.6984048714963558,0.01946993647804398,0.004295803311244852,0.15900015830993652,0.001380266854548704,-0.0016896681086786434,-0.9551256632283426,-0.20637619754929462,-1.6839214424862674,0,-2.118830923493207,-0.478991543517736,0,-0.003978948760282072,-0.33480227168833787,0.0,0.0,0.0,0.0,0.0,0.0,0.0,0.0,0.0,0.0,0.0,0
2022-08-09,0.046085512875500244,0.0061504770676002055,61.91156694620781,21.770000457763672,1.2905424791535944,0.008030184219628016,0.015953424745346702,0.01166136353700726,1,-1.497113552731488,-0.0028688327428962974,-0.001866206836546942,0.0559999942779541,0.0067563405458677455,-0.0006578609618183475,-0.7871491512137528,-0.22598747199460933,-1.6441886770215306,0,-2.175751129229157,-0.48895482361330384,1,0.020786234247368078,1.7824859294150175,0.0,0.0,0.0,0.0,0.0,0.0,0.0,0.0,0.0,0.0,0.0,0
2022-08-10,0.06770340601857718,0.008143083185925045,67.93100281346837,19.739999771118164,1.404624887353652,0.013278209198666898,0.015888804545000676,0.012037942917281722,1,-2.0482602572225295,0.015677570489436722,0.01790107547852405,0.03800010681152344,0.002640332208973187,-0.01106033679008999,-0.8262071708624307,-0.3065008440643569,-1.4383881886774077,0,-1.9514748066629972,-1.7706844517792226,0,0.0,0.0,0.0,0.0,0.0,0.0,0.0,0.0,0.0,0.0,0.0,0.0,0.0,0
2022-08-11,0.06722394838381796,0.013667041799614981,67.93100281346837,20.200000762939453,1.3517547892585888,0.013954217390763036,0.015876308858702035,0.011969349836397067,1,-1.8124497996522053,0.025877817842593524,0.007117636799653459,0.21199989318847656,-0.0,-0.0010461802643627963,-0.30429523840243466,-0.26768135352622136,-1.1502767881231615,0,-1.504931095353474,-1.8513572566209324,1,0.01678760734097946,1.4025484713000949,0.0,0.0,0.0,0.0,0.0,0.0,0.0,0.0,0.0,0.0,0.0,0
2022-08-12,0.08422939792703694,0.014469661876528834,72.13414219081481,19.530000686645508,1.625161564991478,0.0324333035925831,0.015808539942488598,0.011850041141968057,1,-1.9216996435471314,-0.02413891907127049,0.004845813867129407,0.009000062942504883,-0.004338969534034953,0.005125304803016323,-0.4931490793096504,-0.2156397358889133,-1.33088565587624,1,-1.6537169768953333,-1.0719752811841823,0,0.0041123517958648525,0.34703240910923805,0.0,0.0,0.0,0.0,0.0,0.0,0.0,0.0,0.0,0.0,0.0,0
2022-08-15,0.08796456804826239,0.010959316251382939,73.0748740889295,19.950000762939453,1.7605508479478127,0.03770724462393028,0.014821015753773944,0.011425314428674999,1,-1.7294205279004433,-0.029533746260803902,-0.005470319287722683,0.025999784469604492,-0.003575131283458088,0.008671991353024091,-0.7784326662095611,-0.2375751839993137,-1.5384023270388962,0,-1.5878607204601523,0.4558649034085269,0,0.0019567046394944787,0.17126031314993467,0.0,0.0,0.0,0.0,0.0,0.0,0.0,0.0,0.0,0.0,0.0,0
2022-08-16,0.08893932477396024,0.011286958263289192,73.53409072550211,19.690000534057617,1.7425239017677656,0.04364289802370665,0.014786362388530892,0.0103336695958532,1,-1.7299806653287995,-0.032741413194471235,-0.0026384334682069757,0.026999950408935547,-0.0006878631845863586,-0.0004694020367021172,-0.6067860334593624,-0.21856219777635566,-1.7425925497755066,0,-1.6054270421955168,0.390447842544523,-1,-0.007123330900938023,-0.6893315043168692,0.0,0.0,0.0,0.0,0.0,0.0,0.0,0.0,0.0,0.0,0.0,0
2022-08-17,0.08029940020058278,0.011625434257668234,68.9364975150044,19.899999618530273,1.3893845892153962,0.0157333328754005,0.01482954952548122,0.010645064396770593,1,-1.6031469659432702,0.018094880294427504,-0.008859256635948456,0.10699987411499023,-0.00048415893639594857,0.000657058219766783,-0.26597089738341695,-0.18232154081951002,-1.5266063337704112,0,-1.3863921518352222,0.5776357202616632,0,0.0029020441006182085,0.27261848930793803,0.0,0.0,0.0,0.0,0.0,0.0,0.0,0.0,0.0,0.0,0.0,0
2022-08-18,0.08267483291475207,0.007268188658521739,69.76415768049785,19.559999465942383,1.1017350934797712,0.018635376976018747,0.014663046231107108,0.010543975357625808,1,-1.6309079112280573,0.026763809900087754,0.0004919129617542247,-0.007999897003173828,-0.0033004323576542715,0.008502771611143434,-0.33446631755107953,-0.16677881339388967,-1.2527939020684717,0,-1.1410991054408774,1.9707581255697924,-1,-0.013529044041814844,-1.2831053518136886,0.0,0.0,0.0,0.0,0.0,0.0,0.0,0.0,0.0,0.0,0.0,0
2022-08-19,0.06744049827765138,0.009570304649480912,61.57150201705449,20.600000381469727,0.4437641425345271,-0.011681274406775558,0.014743318560825724,0.01085122470604658,1,-1.2900968547825815,0.0029789468498015374,-0.006823956469724895,0.1400001049041748,-0.007450043706415379,0.006399231734243194,0.2052572207324754,-0.11150664933437329,-1.1859716806282152,1,-0.8240596961888007,2.4648051505740605,-1,-0.021042455395493584,-1.9391761366813125,0.0,0.0,0.0,0.0,0.0,0.0,0.0,0.0,0.0,0.0,0.0,0
2022-08-22,0.044493276797911985,0.011685053873288597,51.59628481318575,23.799999237060547,-0.597218025095839,-0.03683608159813389,0.014984916022483053,0.012142066920031466,0,-0.36268075443588305,-0.005966794345088517,-0.012131072442479025,0.24600005149841309,-0.026565423150314182,0.008102473917945333,0.43124426788992015,0.018660364533059505,-1.1946475435210406,0,-0.8781316087091562,2.6932930081515587,0,-0.0024219986361227503,-0.19947152798274925,0.0,0.0,0.0,0.0,0.0,0.0,0.0,0.0,0.0,0.0,0.0,0
2022-08-23,0.0406923882498204,0.00885176272592611,50.59216646133524,24.110000610351562,-1.3498626200517592,-0.04121478487375111,0.01477911614657176,0.01174107364708574,0,-0.25897148998571073,0.03816296649507722,-0.0010890986072939251,0.23000001907348633,0.002807430618440482,-0.003950942739725914,0.4972537071766372,-0.023771607479244974,-0.8391172730088226,0,-0.6419554162060974,1.9563071012888624,0,0.0031959189139071087,0.2721996546460487,0.0,0.0,0.0,0.0,0.0,0.0,0.0,0.0,0.0,0.0,0.0,0
2022-08-24,0.04190514329289637,0.008992604207157194,51.92226896549062,22.81999969482422,-1.7385517634218735,-0.03089553505890602,0.014448423329597285,0.010430232363997191,0,-0.612963878168452,0.012193349847795385,-0.0005823996076137414,0.21300005912780762,-0.003400671419726218,0.0005522094733157412,0.7423406828694789,-0.018237591074336743,-0.7055231629295947,0,-0.6589037605501052,1.74067747321582,1,0.014018885338083872,1.3440613217650488,0.0,0.0,0.0,0.0,0.0,0.0,0.0,0.0,0.0,0.0,0.0,0
2022-08-25,0.05410551638058364,0.013039024322111285,57.38818846525957,21.780000686645508,-1.6006399254953578,-0.019778693821440412,0.014540875504035905,0.010521240031624845,1,-0.8840147265529682,-0.02529351847355716,0.0037881413410489682,0.14599990844726562,-0.011495106796949163,-0.0019341390602106753,0.3060105301730621,-0.02493891340417211,-0.8977005915507853,0,-0.9378804714394817,1.3907094175806636,-1,-0.034435120264196185,-3.2729115039268972,0.0,0.0,0.0,0.0,0.0,0.0,0.0,0.0,0.0,0.0,0.0,0
2022-08-26,0.017007309359774448,0.03629318680438321,44.22305224040382,25.559999465942383,-2.3516700235330745,-0.040684770043821684,0.01518290182470033,0.01281278873998311,0,0.19039656388423176,0.0058196191018388506,-0.0002860111267567154,0.046000003814697266,-0.10819220713056173,0.0030377141651286737,0.34413384452916845,0.18091407970863926,-0.8181635075292402,1,-0.9548587050881878,1.4666624029452575,-1,-0.006634175109379962,-0.5177772041855008,0.0,0.0,0.0,0.0,0.0,0.0,0.0,0.0,0.0,0.0,0.0,0
2022-08-29,0.008382069254491994,0.011524188646123947,42.25293969660672,26.209999084472656,-2.9164561382963257,-0.026276489757708122,0.014998726565474307,0.01287128712869346,0,0.36758711725241533,0.041569667812168705,-0.007702705625297734,0.07299995422363281,-0.002382077977635123,0.0003675177972352032,0.7197919177664284,0.13762759093631466,-0.41776716327087265,0,-0.7930074596261971,1.344402465534306,-1,-0.011038507568507591,-0.8576064601834025,0.0,0.0,0.0,0.0,0.0,0.0,0.0,0.0,0.0,0.0,0.0,0
2022-08-30,-0.004301188994631807,0.02034104185562443,39.15481135328855,26.209999084472656,-3.433784433101801,-0.03489299869009288,0.014915626797031725,0.013010006823881983,0,0.36047058408168847,-0.056946237068939747,0.003025546568143882,0.0559999942779541,-0.01829400829652626,-0.0006433500252420874,0.703413934526323,0.09100806773171956,-0.9100713903767791,0,-1.0012128567222969,1.1622181228066517,-1,-0.007638263041080815,-0.5871063154245544,0.0,0.0,0.0,0.0,0.0,0.0,0.0,0.0,0.0,0.0,0.0,0
2022-08-31,-0.012870357662823165,0.01568900704580907,37.14412301317845,25.8700008392334,-3.802121434373494,-0.045727180645080766,0.0149371327502965,0.012459120369643856,0,0.26016526503524623,-0.023070688339442143,0.004309911667071419,0.026999950408935547,-0.007209155913302092,-0.0006437641909649366,0.8116068451491489,0.1643168543591056,-1.0862424324495488,0,-0.7409705311701916,1.0071744185650593,0,0.0031328667949677984,0.25145148192693256,0.0,0.0,0.0,0.0,0.0,0.0,0.0,0.0,0.0,0.0,0.0,0
2022-09-01,-0.010861590872275674,0.017002144205829097,38.53516153971027,25.559999465942383,-3.790122078224764,-0.056613199188196836,0.014886050692375025,0.012515529130687092,0,0.16513044683771477,-0.033381873195455214,-0.005811710591948491,0.2390000820159912,0.003200082465473003,0.00906646162845554,1.4468998501438188,0.17577024750305612,-1.3480169091354817,0,-0.46775854975360126,1.533865410626519,-1,-0.0106001768040161,-0.8469612609835817,0.0,0.0,0.0,0.0,0.0,0.0,0.0,0.0,0.0,0.0,0.0,0
2022-09-02,-0.021983337167573492,0.028630459070779164,35.669490181442754,25.469999313354492,-3.8604428911872977,-0.03277825572801668,0.014882260066033885,0.012654608432057811,0,0.13256653739113902,0.00299749049890181,0.00969024992270434,0.15799999237060547,-0.021545119261137897,-0.001459754489835148,1.054980924842332,0.18586137457648083,-1.3022037019232864,1,-0.1817296763896025,1.272187505462644,0,-0.0037804732073220024,-0.2987425679896416,0.0,0.0,0.0,0.0,0.0,0.0,0.0,0.0,0.0,0.0,0.0,0
2022-09-06,-0.025706761278079932,0.014586911523704605,34.68589729618783,26.90999984741211,-3.806128332698296,-0.029924553825958745,0.014569823308991769,0.01265210308886062,0,0.5361328406104329,0.00011504468313039828,0.002266299411702547,0.23000001907348633,-0.0021980132024498346,0.006189155205598967,1.7298191899799729,0.23426043716042946,-1.284810609221657,0,0.010966465080728348,1.5278976615132238,1,0.01780569680337855,1.4073298806549028,0.0,0.0,0.0,0.0,0.0,0.0,0.0,0.0,0.0,0.0,0.0,0
2022-09-07,-0.008657730680258734,0.021092021108669375,42.74977909411172,24.639999389648438,-3.1523360998594994,-0.0010803494540726894,0.014246166591685965,0.01345451399277823,0,-0.09228790452074091,-0.05854052265833876,-0.000844711673433702,0.1550002098083496,0.0029788607644968116,-0.0033629002770171786,1.3372721817569055,0.12383821762083115,-1.7941065414677537,0,-0.019541983760698173,1.1614579923767878,0,0.006514706182825692,0.48420190757565906,0.0,0.0,0.0,0.0,0.0,0.0,0.0,0.0,0.0,0.0,0.0,0
2022-09-08,-0.0031586492602733557,0.016833983096502973,45.4365798139949,23.610000610351562,-2.4179745881848724,0.013072619769833909,0.013306853467827326,0.012548371354561315,0,-0.3566613516486953,0.01933826811440578,-0.006026745536134263,0.15900015830993652,0.00485689915238193,-0.001184215634893301,1.4905357599561069,0.17902335453831072,-1.6043444250898904,0,-0.05554222557785962,1.002554386451513,1,0.015415984352812648,1.2285237368251456,0.0,0.0,0.0,0.0,0.0,0.0,0.0,0.0,0.0,0.0,0.0,0
2022-09-09,0.01100570030594728,0.012420113710625921,51.3224881269187,22.790000915527344,-1.4465351238404052,0.025355737327678915,0.013420993699299551,0.013161456968994067,0,-0.5821747608888588,0.03816584817674012,0.005877236349755808,0.0559999942779541,0.006707247409166736,-0.006492630255279525,1.6947425006391754,0.12063924125348127,-1.2183386435338353,1,-0.25939106928792477,0.4421616659717531,1,0.010690388405607206,0.8122490016342209,0.0,0.0,0.0,0.0,0.0,0.0,0.0,0.0,0.0,0.0,0.0,0
2022-09-12,0.020161022460486015,0.007956832667924744,54.995649487592054,23.8700008392334,-0.48633211298955503,0.046646302537302155,0.013372850786052338,0.012777656109361253,0,-0.21388943633332444,0.011342252148776735,0.005347277331323275,0.16899991035461426,-0.0006328852378089568,-0.00616574136910446,1.9168278445967217,0.20067069546215124,-1.079963193204419,0,-0.11579861197730877,-0.22726468614362563,-1,-0.044456138196069694,-3.4792064384512256,0.0,0.0,0.0,0.0,0.0,0.0,0.0,0.0,0.0,0.0,0.0,0
2022-09-13,-0.02477229954122886,0.028440581282609383,41.27859104577343,27.270000457763672,-0.9312520377949656,0.005970637548554603,0.013914601591794425,0.015822393077081654,0,0.9758446914014541,-0.0053686944934838755,-0.022491105961402143,0.0820000171661377,-0.11428458984894854,0.013660518211814765,2.1725000497148304,0.31255803206539284,-1.1343877656106411,0,-0.7984375094959459,1.0786586779342515,0,0.003808547539135059,0.2407060116330649,0.0,0.0,0.0,0.0,0.0,0.0,0.0,0.0,0.0,0.0,0.0,0
2022-09-14,-0.02166459988068722,0.012873839359523808,42.573371957054164,26.15999984741211,-1.056643800930831,-0.008026511715688845,0.013918097811735832,0.015866619299525393,0,0.6504549374955877,0.01331159985383934,0.0034790333444954923,0.14699983596801758,0.0020218695208170743,-0.0014579557008275166,2.05759011794812,0.2841206009818018,-0.9534061510822962,0,-1.0115078253588767,0.8758801428961828,-1,-0.011418318847410909,-0.719643638977086,0.0,0.0,0.0,0.0,0.0,0.0,0.0,0.0,0.0,0.0,0.0,0
2022-09-15,-0.033101390502807505,0.018404574914506738,39.75396724815671,26.270000457763672,-1.335468311164961,-0.025959536745925448,0.013661075361060157,0.01593631533195379,0,0.7388418134595424,-0.03894955806514469,-0.004164886661338472,0.16700005531311035,-0.00690371064903277,0.0007292087935142861,2.2224541624271787,0.2777079085616744,-1.3788831707618194,0,-1.2876037449821243,0.9830587692591061,0,-0.007658170842735877,-0.4805480989636013,0.0,0.0,0.0,0.0,0.0,0.0,0.0,0.0,0.0,0.0,0.0,0
2022-09-16,-0.04038996630495127,0.010737666445306885,37.95567625955274,26.299999237060547,-1.6015930955426043,-0.049033691941474056,0.01369976060811782,0.015853743536799653,0,0.7830606094297177,0.00011752701128942239,-0.011347879816623472,0.1269998550415039,-0.009868947407853266,0.00018227127577511766,2.0760056208118067,0.29608227287150196,-1.3354751237238733,1,-1.1363765260035683,0.9752364088312986,0,0.007724841328576058,0.4872563024677528,0.0,0.0,0.0,0.0,0.0,0.0,0.0,0.0,0.0,0.0,0.0,0
2022-09-19,-0.033019180986341455,0.016394274397922865,40.86178206513188,25.760000228881836,-1.4795678508678347,-0.051999239018505256,0.013679156403923871,0.015964140018744043,0,0.6144124401921278,0.007258317187514524,-0.008595958006261529,0.12800002098083496,-0.002400221515494461,-0.00018227127577513015,2.148757308839926,0.2235318158078342,-1.2099084757629017,0,-1.4840690944273678,0.8634331932438991,-1,-0.011544767020532653,-0.7231682868788851,0.0,0.0,0.0,0.0,0.0,0.0,0.0,0.0,0.0,0.0,0.0,0
2022-09-20,-0.044186677117269035,0.012809453401718053,38.0023979345849,27.15999984741211,-1.5709703414631209,-0.019087867842968217,0.013153617176754891,0.01556491486667859,0,1.1627470317835804,-0.015043254730761624,-0.009022497651358681,0.1490001678466797,0.0011069999483050536,0.004364467365699095,2.3594588289355847,0.1320597484512356,-1.351543288698459,0,-1.0072067303389869,1.5043301629397976,-1,-0.017597702049639556,-1.1305998712086776,0.0,0.0,0.0,0.0,0.0,0.0,0.0,0.0,0.0,0.0,0.0,0
2022-09-21,-0.060771684905834226,0.0316118397750793,34.137665165175136,27.989999771118164,-1.9241900510841763,-0.04049411743174296,0.013337021718766167,0.015878100619059837,0,1.4676821431340294,-0.018042122862901723,0.005245388659349119,0.09800004959106445,-0.023871116995203962,0.0038033023097084587,2.0149670010580296,0.14922057784172435,-1.5339471879635935,0,-1.784044705041599,1.8865803701167558,-1,-0.008435285138531876,-0.5312524481600657,0.0,0.0,0.0,0.0,0.0,0.0,0.0,0.0,0.0,0.0,0.0,0
2022-09-22,-0.06851913876811928,0.012986973800730193,32.45587071058608,27.350000381469727,-2.2036380096019528,-0.03751108372286383,0.013114490452279373,0.015804840579760605,0,1.2377933030675439,0.006609354365199205,-0.0021486757553861773,0.24899983406066895,-0.002794745924794531,0.006396698159980396,2.6342292918097656,0.18107921175493719,-1.4490380990473408,0,-1.0839120912464895,2.377838826372635,-1,-0.016896807138164372,-1.0690899640520553,0.0,0.0,0.0,0.0,0.0,0.0,0.0,0.0,0.0,0.0,0.0,0
2022-09-23,-0.08374217761759922,0.019921147789339677,29.37348344030471,29.920000076293945,-2.6059623842711117,-0.04674972001829237,0.013290109844444674,0.015372691128295283,0,2.1844318563389837,-0.0585755802338362,-0.009774590066666129,0.24900007247924805,-0.034962299885408915,0.016389464213498177,2.4215980370292716,0.31753500662497014,-2.1163183990206553,1,-1.7584165751257768,3.1681002163046634,-1,-0.009941950594332543,-0.6467276317519243,0.0,0.0,0.0,0.0,0.0,0.0,0.0,0.0,0.0,0.0,0.0,0
2022-09-26,-0.09193611071697282,0.01970847004995085,27.7271440345757,32.2599983215332,-2.898109808340509,-0.06441651194120093,0.013309555283210992,0.01392518636694498,0,2.902380823356519,-0.026119192349120236,-0.004194162436055572,0.3880000114440918,-0.0033623001776963307,0.008007399281431156,2.817185035679158,0.2327994120526516,-2.3204916957597947,0,-0.8707742268164708,2.855185588221177,0,-0.002555902106006067,-0.1835451392321587,0.0,0.0,0.0,0.0,0.0,0.0,0.0,0.0,0.0,0.0,0.0,0
2022-09-27,-0.09348549238504199,0.02622598561076646,27.306063877792113,32.599998474121094,-2.934240049663459,-0.0554276470266744,0.013232647204893939,0.01393181891197909,0,2.7997064873376356,0.023066558752072978,0.010132220448189554,0.39299988746643066,-0.0030007502359370337,8.765730053012171e-05,2.837643455660233,0.21817125916170452,-2.0127859977942877,0,-0.3874770618224018,2.297599561960806,1,0.019485295970978814,1.398617230665577,0.0,0.0,0.0,0.0,0.0,0.0,0.0,0.0,0.0,0.0,0.0,0
2022-09-28,-0.07471902321579672,0.026178667642052025,35.42591881773012,30.18000030517578,-2.309261038591649,-0.018344649006055876,0.0134843105468866,0.014867175294368104,0,1.9171958563637965,0.045448238269216075,0.002748178685294206,0.19499993324279785,0.02340706066907787,-0.013321198641120732,1.9158678867594419,0.14103848104670286,-1.4041000901958218,0,-0.5227845261977223,1.2443421488586055,-1,-0.02111026659636203,-1.4199235550228122,0.0,0.0,0.0,0.0,0.0,0.0,0.0,0.0,0.0,0.0,0.0,0
2022-09-29,-0.09267122591414675,0.020424964773013265,31.34433369608078,31.84000015258789,-2.20419685099494,-0.031019630463886047,0.013735150156901816,0.015366255406711457,0,2.335564884642122,-0.011262184668438886,-0.010090448446581532,0.03900003433227539,-0.02520639965682533,-0.00311317553190382,1.941368761811755,0.20763933713016855,-1.4865249656650066,0,-0.9176757265466241,0.9390498052994365,-1,-0.0155843737988869,-1.0141939753350988,0.0,0.0,0.0,0.0,0.0,0.0,0.0,0.0,0.0,0.0,0.0,0
2022-09-30,-0.10491184991067033,0.02483340416337078,28.758052621358473,31.6200008392334,-2.295775655433175,-0.029707197124608647,0.01370729123963557,0.015474025873143947,0,2.14988484593701,-0.021653477678323034,-0.002732670465087795,0.10699987411499023,-0.04127561769039429,-0.0011587758289691957,2.000950178768453,0.2127612497074854,-1.6935306247063113,1,-0.8138912920942556,0.7831321786354951,1,0.02605874607940751,1.6840303520708464,0.0,0.0,0.0,0.0,0.0,0.0,0.0,0.0,0.0,0.0,0.0,0
2022-10-03,-0.08004177491046514,0.025476655604276546,38.01623713966822,30.100000381469727,-1.5846510862152385,0.006293499549131511,0.01415687532838116,0.01688357716447189,0,1.6189518789121065,0.050771073840550345,0.01085967655769448,-0.22699999809265137,-0.00687918025991692,-0.003305517299716246,1.5016198507329765,0.16702392239586883,-1.0472366431130196,0,-1.3400566038829724,0.5029923662113517,1,0.03051630017605874,1.8074535866568773,0.0,0.0,0.0,0.0,0.0,0.0,0.0,0.0,0.0,0.0,0.0,0
2022-10-04,-0.050773954086505695,0.030240475801959408,46.95869631070629,29.06999969482422,-0.28653695173808735,0.03936570183119628,0.01465450589454525,0.018484544850714612,0,1.2801778561207564,0.03397328773398024,0.01566999856901614,-0.3469998836517334,0.009604898916694637,-0.015147709230938796,1.3552184352733356,0.07720874500431145,-0.5730699320132399,0,-1.5861804070784833,-0.49424691161113954,0,-0.002331107545097844,-0.12611109999263645,0.0,0.0,0.0,0.0,0.0,0.0,0.0,0.0,0.0,0.0,0.0,0
2022-10-05,-0.052403420905939684,0.02256750200400853,46.40020346719871,28.549999237060547,0.566685336496981,0.017549298315119508,0.014613048597409351,0.017919775481586738,0,1.1138415779274045,0.014230278023359837,-0.012191494533393018,0.054000139236450195,0.0010894541539500197,0.00904410616869055,1.6762000693606995,0.14728579548453857,-0.35293975889043305,0,-0.7103408754442058,0.06532645299869837,-1,-0.010369260720899096,-0.5786487082422892,0.0,0.0,0.0,0.0,0.0,0.0,0.0,0.0,0.0,0.0,0.0,0
2022-10-06,-0.060942036753502835,0.016184373921111193,43.91409710972053,30.520000457763672,0.9117405662854878,0.02829030419058241,0.014658432683706311,0.017872075439939107,0,1.6400444143416606,0.007831545794454152,-0.003905781349724067,0.07899999618530273,0.0077855705079538555,0.010656998111934142,1.7739669982443027,0.2567118444662442,-0.2212323035947617,0,-0.7822438002236958,0.7064329298946823,-1,-0.028290304190582382,-1.5829324611083981,0.0,0.0,0.0,0.0,0.0,0.0,0.0,0.0,0.0,0.0,0.0,0
2022-10-07,-0.08522004752121246,0.034041748153564186,38.040100399469395,31.360000610351562,0.521055374131425,0.0155843737988868,0.015099231639690817,0.018132047649654495,0,1.8079984050895699,0.046283621133100014,-0.011399138978395212,0.07899999618530273,-0.011892279837569577,0.00479873757518458,1.8340445518439448,0.3192113315150285,0.4789412112447219,1,-0.8527543038486,0.9371556546787673,0,-0.007664911062237751,-0.4227270401593834,0.0,0.0,0.0,0.0,0.0,0.0,0.0,0.0,0.0,0.0,0.0,0
2022-10-10,-0.08989705121054745,0.018165596986047874,36.63577324278763,32.45000076293945,0.15377563987316556,-0.018139283342758446,0.01490505247154154,0.017729749467779297,0,2.002373232405326,-0.016433978867390647,0.0032194820019366284,0.2369999885559082,0.00924727972892204,0.0030096184018033796,1.7627812512528787,0.3070779911520917,0.2505512762152414,0,-0.8240935174110313,1.069035573675237,0,-0.006352750289333971,-0.3583100098384849,0.0,0.0,0.0,0.0,0.0,0.0,0.0,0.0,0.0,0.0,0.0,0
2022-10-11,-0.09330647064540402,0.020461808922796275,35.47500834907633,33.630001068115234,-0.15007497893480526,-0.05500833380815113,0.014891195914267965,0.015308532215501956,0,2.1875195038330557,-0.019725803840981798,-0.00495606296588874,0.32199978828430176,0.0019130204127949758,0.0007068548698534303,1.8034191546672553,0.2096313438691202,-0.0114645147126155,0,-0.3946553426616526,1.0163747124324993,0,-0.003304218986516275,-0.21584151776191396,0.0,0.0,0.0,0.0,0.0,0.0,0.0,0.0,0.0,0.0,0.0,0
2022-10-12,-0.09400897829758868,0.009872166130109872,34.85933242272253,33.56999969482422,-0.3309243947882763,-0.05598144524956964,0.01444273258949122,0.015187300589547665,0,2.054375448798986,-0.023554501818735887,0.0012010307375366447,0.14299988746643066,0.003566737147281121,0.0008828328790661354,1.6395528670548667,0.2494012811450868,-0.34639895228850687,0,-0.37274519992849736,0.98593707840943,1,0.026049037136409037,1.7151843298929252,0.0,0.0,0.0,0.0,0.0,0.0,0.0,0.0,0.0,0.0,0.0,0
2022-10-13,-0.06788259285629694,0.05300987608097159,43.30836932427335,31.940000534057617,0.22048640742804615,-0.019563147392261417,0.014843055542675307,0.01658290253112512,0,1.5812295681829518,0.020864845764892608,-0.02082889305744174,0.12599992752075195,0.055048233895500086,-0.00850766460112135,1.683786244582074,0.19543153838472996,0.03850453387496033,0,-1.6585857145929337,0.2579173413273019,-1,-0.02305247377490031,-1.390134195765202,0.0,0.0,0.0,0.0,0.0,0.0,0.0,0.0,0.0,0.0,0.0,0
2022-10-14,-0.08657248285619792,0.03718932452243485,38.53750394436873,32.02000045776367,0.1204930120693053,-0.014325316976579329,0.015030936822248236,0.017158267611671305,0,1.5367089203896371,-0.0400694625902089,0.007024934687347375,0.1270003318786621,-0.022399383254971525,0.008419396178068988,1.7394637164900668,0.19679181169013435,-0.6228431184404799,1,-1.4074773075164246,0.8653124343702964,1,0.025372378835112182,1.4787252782210218,0.0,0.0,0.0,0.0,0.0,0.0,0.0,0.0,0.0,0.0,0.0,0
2022-10-17,-0.06094351937411357,0.029169652672663218,45.643297142525455,31.3700008392334,0.6847404299361779,0.01871197292077062,0.01539748179525263,0.018201988269765993,0,1.3312053379229998,-0.0017536863808918246,0.017682460960186386,0.1269998550415039,-0.011226551244723283,-0.011271445282878403,1.679100252987311,0.1970291388340074,-0.6276245249346415,0,-0.8616113821606926,-0.21825068149378246,0,0.011681229827755461,0.6417553531558288,0.0,0.0,0.0,0.0,0.0,0.0,0.0,0.0,0.0,0.0,0.0,0
2022-10-18,-0.04795177165774048,0.021367238134958586,48.64216971466157,30.5,1.3369956238412968,0.036745953037860137,0.01548399293854382,0.01836013797442944,0,1.0887145396255378,-0.03137884507033144,0.02240145670668941,0.05900001525878906,-0.0036875920783144976,0.0008029294148257124,1.5759722354295376,0.11598138654098135,-1.1259850168301964,0,-0.7310791291316542,-0.24482797021022767,0,-0.007112002775343295,-0.3873608636078712,0.0,0.0,0.0,0.0,0.0,0.0,0.0,0.0,0.0,0.0,0.0,0
2022-10-19,-0.05269792423432815,0.01709638618872965,46.94028816093323,30.760000228881836,1.5845249049230068,0.032938169249033165,0.015439087069906467,0.01802949935074779,0,1.1146640900972202,0.032431461577801336,-0.005783197468255035,0.22499990463256836,0.007473557062357883,0.007551953631585036,1.7855357882165699,0.09436785672824483,-0.5453190043361197,0,-0.5991040428305232,0.47551099164654675,0,-0.008420497655354504,-0.4670397564094142,0.0,0.0,0.0,0.0,0.0,0.0,0.0,0.0,0.0,0.0,0.0,0
2022-10-20,-0.05808121418775767,0.022057491572192688,44.95049065399188,29.979999542236328,1.5337904525161372,-0.0015313655427305404,0.015068016098178242,0.01802918697370696,0,0.9037734476823627,0.005013714100911246,-0.0012760652469620303,0.2739999294281006,0.005483230694093096,-0.0008855583970680282,1.9146686836577507,0.0918139345897883,-0.43029915368751376,0,-0.24576969168039514,0.308617705075784,1,0.024010804354367154,1.331773366799615,0.0,0.0,0.0,0.0,0.0,0.0,0.0,0.0,0.0,0.0,0.0,0
2022-10-21,-0.03299866794065053,0.030083568866347336,51.335006579346214,29.690000534057617,2.0242282179897257,0.04553191258653693,0.015320768148660582,0.018468725644867498,0,0.8088211879379661,-0.010875395387529897,-0.0007940631907296876,0.20299959182739258,0.030670001910096355,-0.0077371111172519986,1.811148336781661,-0.007716848892745074,-0.602717746169585,1,0.9210054913316101,-0.5414632492954434,0,0.012162351389454236,0.6585373045194991,0.0,0.0,0.0,0.0,0.0,0.0,0.0,0.0,0.0,0.0,0.0,0
2022-10-24,-0.01880920156486576,0.018344055471802564,54.280248986651955,29.850000381469727,2.5616778615960776,0.03232188514087903,0.015283325436431067,0.018450032986982248,0,0.8173667735488175,-0.005541501030663559,0.004265812317479141,0.21900033950805664,-0.009250694789600167,-0.00017860957601886166,1.7870751447488473,-0.07764316804954613,-0.6850946149274573,0,1.2837854634184873,-0.48708489527788085,1,0.015842326567431304,0.85866068597288,0.0,0.0,0.0,0.0,0.0,0.0,0.0,0.0,0.0,0.0,0.0,0
2022-10-25,-0.0009581392767943608,0.01709442570592908,57.90442993290367,28.459999084472656,3.184098731933407,0.03648298188055478,0.0154412395814994,0.018670400788704234,0,0.47305359043075723,0.008711036333179677,-0.00021124443854955496,0.1099998950958252,-0.015297287710841418,-0.009329940646513522,1.473750620282839,-0.13581268107376945,-0.49140199010285346,0,0.47427819337506505,-1.5484540600764365,0,-0.007562543947378808,-0.4050550377795766,0.0,0.0,0.0,0.0,0.0,0.0,0.0,0.0,0.0,0.0,0.0,0
2022-10-26,-0.006115745636249594,0.016307996041869555,55.628134782781096,27.280000686645508,3.2748480923164864,0.036032440708519395,0.0154475225065545,0.018381609783777328,0,0.18411194344499102,0.029904715494257612,-0.00861014213861584,-0.1119999885559082,-0.0011486220959298194,-0.011330282410837927,1.2352286059806754,-0.10102560530600675,0.13781464510184477,0,0.1325553606242299,-2.37520104450553,0,-0.005354216787137816,-0.2912810106029487,0.0,0.0,0.0,0.0,0.0,0.0,0.0,0.0,0.0,0.0,0.0,0
2022-10-27,-0.009106722478503332,0.014921872898041404,54.01943793070995,27.389999389648438,3.072510523422964,0.03909872157673602,0.015302498073004527,0.017684788376520304,0,0.1904729572795795,0.013221257423768493,0.0027448937680484924,-0.2889997959136963,0.0039869533169493605,0.008080296510916771,1.0348940674487486,-0.1505454047772662,0.4234654662881629,0,0.24356490063429853,-1.3466757326069498,1,0.023512046015619327,1.3295060263076406,0.0,0.0,0.0,0.0,0.0,0.0,0.0,0.0,0.0,0.0,0.0,0
2022-10-28,0.01643503817938881,0.02529432064105269,59.595651336195964,25.75,3.364831462280234,0.038599963237988186,0.015636297802136535,0.017762771812306503,0,-0.21813783181710364,-0.013335040893947693,-0.0002896058498753127,-0.20299959182739258,0.004808796745424909,0.0007231477585397116,1.1620006290343063,-0.2053552312128012,0.14486554326241935,1,-0.3329243807172166,-1.1590183522295723,0,-0.007249582614171046,-0.40813329188946923,0.0,0.0,0.0,0.0,0.0,0.0,0.0,0.0,0.0,0.0,0.0,0
2022-10-31,0.010899755117575101,0.008130250900628471,57.27063160259603,25.8799991607666,3.2225487143794096,0.019188029234363017,0.01565706010227552,0.01716369190241763,0,-0.20894935604043421,-0.015708661539025393,-0.006654200500821801,-0.15700006484985352,4.4848427188298815e-05,0.007740818329862942,1.2693323587180918,-0.15105474722341822,-0.17217570930252474,0,-0.5665555250801664,-0.37655905013888863,0,-0.004385441080376449,-0.2555067144203156,0.0,0.0,0.0,0.0,0.0,0.0,0.0,0.0,0.0,0.0,0.0,0
2022-11-01,0.007908171677926065,0.018464595616284635,55.85918481248869,25.809999465942383,2.8761880645108784,-0.0010397384134448607,0.015662915909221326,0.01590450510706516,0,-0.24803711038763945,0.021041416099027432,0.010124470906951042,-0.055999755859375,0.0023976842601782984,-0.0004483693352041757,1.1799232186122697,-0.11894471103418681,0.278130080776051,0,-1.2535236662622877,-0.5234366931050669,-1,-0.025416472731973422,-1.5980664962670141,0.0,0.0,0.0,0.0,0.0,0.0,0.0,0.0,0.0,0.0,0.0,0
2022-11-02,-0.015539220136542464,0.03699948061421043,48.507776776502574,25.860000610351562,1.9287611135684593,-0.018893667198039393,0.015970673913067297,0.016951465298763537,0,-0.2558427513276682,0.018277093719872264,-0.0016136727995493835,0.04400014877319336,-0.036752082801458,-0.001166852726247293,1.1621774648732406,-0.09895951243323603,0.6723991273240623,0,-1.6966298971174807,-0.670235998032574,-1,-0.010350304296679637,-0.6105842774306848,0.0,0.0,0.0,0.0,0.0,0.0,0.0,0.0,0.0,0.0,0.0,0
2022-11-03,-0.02357513132121463,0.014581826688522452,45.905311248915574,25.299999237060547,1.0024709877371294,-0.023889754707581333,0.015739111228771207,0.01695087289434178,0,-0.43080426862208276,-0.020542921998650533,-0.00911123655849581,0.18700003623962402,0.005643811505324177,0.014089780437994661,1.2748413166012829,-0.1875778558373014,0.25019811212591253,0,-2.2757624328197292,0.8268355872732895,1,0.014290595402827604,0.8430590602214482,0.0,0.0,0.0,0.0,0.0,0.0,0.0,0.0,0.0,0.0,0.0,0
2022-11-04,-0.007355869655109364,0.02356847342457006,49.90910481549974,24.549999237060547,0.6959741082185724,-0.03311120532037296,0.015877385562967916,0.015890404396154332,0,-0.657601864737095,0.049130385441120944,0.01601620515263926,0.14599990844726562,0.004080945805204644,-0.018319649767092237,1.3085986349482746,-0.24482139178138237,1.351012813292414,1,-1.3444116608865424,-1.0323615398372257,0,0.00952012731944135,0.5991113310264163,0.0,0.0,0.0,0.0,0.0,0.0,0.0,0.0,0.0,0.0,0.0,0
2022-11-07,0.003393897729010474,0.01326492534016721,52.463509268046096,24.350000381469727,0.6864676137189072,-0.016341495386760673,0.015760783451351706,0.015814132029512824,0,-0.7537864986107946,-0.008893764567584613,0.0036071128597959276,0.13700008392333984,-0.01355660040887514,-0.006877805454706664,1.4026828938013804,-0.2871686014666235,1.1524730840145943,0,-1.4147827874120986,-1.5498556444221816,0,0.005380842828967906,0.34025512221440884,0.0,0.0,0.0,0.0,0.0,0.0,0.0,0.0,0.0,0.0,0.0,0
2022-11-08,0.009820020926762398,0.019371711770901412,53.90499889381396,25.540000915527344,0.7676463746130735,-0.006575211477416223,0.015769807825339464,0.015677908994668015,0,-0.4707827466801247,-0.03187870588315595,0.0030482431537677667,0.07399988174438477,-0.003230610548918561,-0.004550840542671772,1.1693104983342952,-0.2751726710617684,0.44631176482202795,0,-1.676135691606329,-1.7571316281485403,-1,-0.020817201614169313,-1.327803876346672,0.0,0.0,0.0,0.0,0.0,0.0,0.0,0.0,0.0,0.0,0.0,0
2022-11-09,-0.009808970132272544,0.020126771973912133,47.899765748269274,26.09000015258789,0.2955459462593193,-0.0019759403596121524,0.015949432531403355,0.016530915580013156,0,-0.36022963446145095,-0.03525604625836199,-0.005433539318585069,0.09200000762939453,0.018842327799106936,0.008448070235228642,1.2010287024610655,-0.2520806969040571,-0.3093115224559005,0,-1.233911369087071,-0.8637611733741707,1,0.05349722121870672,3.2361903125005864,0.0,0.0,0.0,0.0,0.0,0.0,0.0,0.0,0.0,0.0,0.0,0
2022-11-10,0.04454375157882892,0.023816143906203548,60.33256303987605,23.530000686645508,1.2320895718305527,0.06187158515577418,0.017481317710326225,0.019474482512459604,0,-1.1585317911859587,0.007428930025776933,0.03653073422600859,-0.2950000762939453,0.1203498928313738,-0.02139415978577811,0.3895275195712354,-0.3055829275865427,-0.14508767016029514,0,-1.4938365669714995,-2.3630064527875074,0,0.00963194795268502,0.4945930142478725,0.0,0.0,0.0,0.0,0.0,0.0,0.0,0.0,0.0,0.0,0.0,0
2022-11-11,0.054446191438112114,0.014403705330586316,62.14028772471309,22.520000457763672,1.9801939844260656,0.05721293770563171,0.017529798771975948,0.0184488910938403,1,-1.5212850703367609,0.028389273121412952,0.0022776435421176474,-0.3430001735687256,-0.0007579348577172341,-0.017902558963927975,0.3212325940935919,-0.3519568982662751,0.47644704633217544,1,-1.438382371725065,-2.842792661140388,0,-0.008542902428826698,-0.4630575222542113,0.0,0.0,0.0,0.0,0.0,0.0,0.0,0.0,0.0,0.0,0.0,0
2022-11-14,0.04522846803991493,0.013540205936500118,59.546888658897196,23.729999542236328,2.1273806928294445,0.03914990795736376,0.01748171443084957,0.018072454548457524,0,-1.1956067036387372,-0.03535226354107958,-0.0046529064974942256,-0.3490002155303955,0.00978117202699011,0.003475023347901319,0.43023292298851856,-0.2791119977981572,-0.2693725542681269,0,-1.3869310815156515,-2.144061841275261,0,0.008492745302590076,0.46992734609153936,0.0,0.0,0.0,0.0,0.0,0.0,0.0,0.0,0.0,0.0,0.0,0
2022-11-15,0.05362311485358993,0.01962409976626853,61.2770284611024,24.540000915527344,2.297028829103383,0.042261810430985654,0.017323883606409653,0.018012455060848958,0,-0.9458400011350908,0.012153577652508817,0.015145772981262342,-0.3269999027252197,-0.00037593571074811443,-0.002440648258365769,0.226107498524103,-0.21742220702304857,0.005843074459640725,0,-1.7982841596711565,-1.9299585608868401,0,-0.007657976681930145,-0.4251487320619519,0.0,0.0,0.0,0.0,0.0,0.0,0.0,0.0,0.0,0.0,0.0,0
2022-11-16,0.04562416427137369,0.007560981519984574,58.832591221854805,24.110000610351562,2.076269374702986,0.05542103536322488,0.01734668762314049,0.018029879924675703,0,-1.0832193657595666,-0.015419723215384675,-0.0043003966779635435,-0.4590001106262207,0.0095205799733359,-0.001128481842625985,-0.09996288018037099,-0.24358843456996906,-0.30070558315542645,0,-2.6664014626177184,-1.7427927287783642,0,-0.003064339216080203,-0.16995884217165125,0.0,0.0,0.0,0.0,0.0,0.0,0.0,0.0,0.0,0.0,0.0,0
2022-11-17,0.042673152604922666,0.012200684044594786,57.84354997550135,23.93000030517578,1.7290975478320978,-0.0011405250715619893,0.017342117140114757,0.01788221693245829,0,-1.1558518766418608,-0.047249080641357105,-0.012698665980006643,-0.053999900817871094,0.002734485116301105,0.0038503466806623084,0.10616658537736673,-0.22539756273234784,-1.2896890060682915,0,-2.3364315118041947,-1.3994681170414345,0,0.004530010180790647,0.2533247228044153,0.0,0.0,0.0,0.0,0.0,0.0,0.0,0.0,0.0,0.0,0.0,0
2022-11-18,0.04790086863509796,0.012044514376119742,58.9431815684089,23.1200008392334,1.4996421692558104,-0.006242462843456401,0.01724831798525323,0.017242335244276864,0,-1.4412601535721465,-0.019293172593227038,0.008838548230931902,0.005000114440917969,0.0004963727084964722,0.0022469615359948184,0.20028727214222855,-0.2501122266602642,-1.6424452248816523,1,-2.4276684647041287,-1.1635498973393552,0,-0.003642885770536495,-0.21127553815486055,0.0,0.0,0.0,0.0,0.0,0.0,0.0,0.0,0.0,0.0,0.0,0
2022-11-21,0.044903221266414786,0.008008321780675422,57.640511111204084,22.360000610351562,1.1558740599429167,-0.0013424461851662165,0.016682155782021122,0.017153727651619266,1,-1.638390015725068,-0.004380189254109803,-0.0035161335945736805,-0.039999961853027344,0.0067581719950666735,0.008474195582724574,0.1894156419934062,-0.2889111770346869,-1.6805735395020718,0,-1.977913276013496,-0.6720181813057385,1,0.013367319223479987,0.779265690950925,0.0,0.0,0.0,0.0,0.0,0.0,0.0,0.0,0.0,0.0,0.0,0
2022-11-22,0.05849319338935669,0.012303109534450086,61.05807384714596,21.290000915527344,1.166916918173012,0.0035321277357237123,0.016754715234123304,0.017057516629010252,1,-1.895318660444374,0.015185673806176454,0.005156687134176323,-0.0410001277923584,-0.01743906639666463,-0.005765803420843452,-0.05773571463226775,-0.2902620385847093,-1.3686977258087536,0,-2.3196237935958792,-0.8699433318496332,0,0.0062818988982156565,0.36827724410711693,0.0,0.0,0.0,0.0,0.0,0.0,0.0,0.0,0.0,0.0,0.0,0
2022-11-23,0.06463175776153789,0.008995564326816353,62.60023656619374,20.350000381469727,1.2272027632685054,0.01747200331586937,0.016711248298455852,0.016933381339590162,1,-2.077089103985443,-0.03789231118961153,-0.0008755705404251891,0.014000177383422852,-0.005336073711094283,-0.010689266085797716,-0.27149108557492213,-0.29307292751150593,-2.1111207578171247,0,-2.452593550730471,-1.2581806990952926,0,-0.00022381159989084113,-0.013217175189684006,0.0,0.0,0.0,0.0,0.0,0.0,0.0,0.0,0.0,0.0,0.0,0
2022-11-25,0.0636165416733927,0.0034051528916833862,62.50497483444511,20.5,1.1534437304438123,0.020312530932058693,0.01667935990813497,0.016845153826793774,1,-1.9423775625784117,-0.021528566505445258,-0.001467345426816243,-0.0840001106262207,0.0004809692607416554,-0.0011318879350677698,-0.37013226932391874,-0.2897530748468869,-2.4032628678512666,1,-2.2366523398352713,-1.1793693643842258,-1,-0.01608579015523233,-0.9549203748108646,0.0,0.0,0.0,0.0,0.0,0.0,0.0,0.0,0.0,0.0,0.0,0
2022-11-28,0.04607185670187991,0.014397242187130845,55.96647605565538,22.209999084472656,0.6114171556381169,-0.00030326940396412935,0.01680937842267638,0.016615273049681793,1,-1.4099370806649874,0.012506665173971046,-0.008085765914158289,-0.11500000953674316,0.00935757836774044,0.006772046410920948,-0.36435122965955935,-0.14789203042481217,-2.034132001847733,0,-2.3133300176334806,-0.7841296756395376,0,-0.001719025343357232,-0.10346049105616373,0.0,0.0,0.0,0.0,0.0,0.0,0.0,0.0,0.0,0.0,0.0,0
2022-11-29,0.04390667810362551,0.010120688937608044,55.306552367605086,21.889999389648438,0.1524717415798209,0.0016205910232150501,0.01675304233208179,0.016518631382453876,1,-1.4594708777365557,0.012352178622964359,0.0003535080238854681,-0.07700014114379883,0.0018797624774675437,0.0013114698802291762,-0.2436578478930372,-0.16744055355271947,-1.7109383906967046,0,-1.953239808350052,-0.6458919855556475,1,0.031014713638421853,1.8775583851203235,0.0,0.0,0.0,0.0,0.0,0.0,0.0,0.0,0.0,0.0,0.0,0
2022-11-30,0.07545027924491043,0.03483119590012864,63.73743881812384,20.579999923706055,0.5689152413280825,0.019267985438157054,0.017209123039869254,0.017744878464559046,1,-1.7487224266409018,0.029608538983256973,0.0006576564058031573,-0.05499982833862305,0.06535886378224184,-0.008177916144155122,-0.4519312824913969,-0.22644226633991996,-1.0918965345231602,0,-1.6969067887644882,-0.9487222973141789,0,-0.0007360786520812781,-0.04148116532551952,0.0,0.0,0.0,0.0,0.0,0.0,0.0,0.0,0.0,0.0,0.0,0
2022-12-01,0.0729612530107675,0.01288723044104775,63.42698137132994,19.84000015258789,0.7344469969851817,0.01225000788786013,0.01706397862789512,0.01648360372803221,1,-1.8758433530253222,0.008283389778253769,0.0026701223775353064,-0.1770000457763672,0.00011047927781388851,-0.0115816140722804,-1.1918395992023494,-0.2649972873982111,-0.921756696997238,0,-1.7841032175149774,-1.3906316453809104,0,-0.0011542541393606686,-0.07002433801258831,0.0,0.0,0.0,0.0,0.0,0.0,0.0,0.0,0.0,0.0,0.0,0
2022-12-02,0.06988117604841469,0.014057090392584083,62.90999563165585,19.059999465942383,0.7220094467078955,0.011319565348390237,0.01704661474019329,0.01618311155761908,1,-2.003178637312339,-0.015384891896905036,-0.012672508035242358,-0.18499994277954102,-0.00020846434194170008,-0.001720186774172561,-1.334430826596085,-0.2832124953715209,-1.1977748133254604,1,-2.060316487001144,-1.4869443210330693,-1,-0.018153026766354975,-1.1217259106484592,0.0,0.0,0.0,0.0,0.0,0.0,0.0,0.0,0.0,0.0,0.0,0
2022-12-05,0.04888965797653223,0.016917288495707783,55.343161829748404,20.75,0.17986894940332387,0.009252328737267635,0.01709416884808457,0.016777664133297815,1,-1.5416485407863925,-0.03888072395306297,-0.007300900893049006,-0.10400009155273438,0.001228353811532753,0.007053001499860474,-0.9958820419283569,-0.16816557648685837,-1.844817735561387,0,-2.232077447671578,-1.0172587547411442,-1,-0.014520118818854705,-0.8654428917556186,0.0,0.0,0.0,0.0,0.0,0.0,0.0,0.0,0.0,0.0,0.0,0
2022-12-06,0.03217009430540946,0.021201980221496722,50.22383147823543,22.170000076293945,-0.5712768846502101,-0.003548764738229814,0.01713120511805728,0.017142840536129515,1,-1.1649001078228534,-0.03545814375496243,-0.0004259003707030288,-0.2349998950958252,0.0008789183155240753,0.0027505201743272616,-1.403887992485984,-0.09379183812517179,-2.318913009292292,0,-2.2666828536573935,-0.7742537756089746,0,-0.001702408338640546,-0.09930719135960646,0.0,0.0,0.0,0.0,0.0,0.0,0.0,0.0,0.0,0.0,0.0,0
2022-12-07,0.028808467784884564,0.009334656103240047,49.648645350969225,22.68000030517578,-1.1027516419030636,-0.03626588671529214,0.0161382629594417,0.01713800478844235,0,-1.0078801589043893,-0.030632749756286597,-0.0022621366804259748,-0.2950000762939453,0.0008085819630683554,-0.004556713373735436,-1.8605374806787751,-0.11876239413592192,-2.608440675845496,0,-2.204013443720818,-1.0379515569629225,0,0.007803382932310288,0.4553259539472906,0.0,0.0,0.0,0.0,0.0,0.0,0.0,0.0,0.0,0.0,0.0,0
2022-12-08,0.03547478854381514,0.01032201806655457,52.35064514066331,22.290000915527344,-1.237803486070102,-0.027726425130900647,0.016162167551168186,0.016358929676027117,1,-1.0786176225260762,-0.00766718814300438,0.00502348885483166,-0.03800010681152344,-0.004905149802336996,-0.0031448240406603246,-1.517390052538175,-0.15741391652592412,-2.531192537039309,0,-2.026360747962375,-1.4349350436209858,0,-0.007498155253313294,-0.4583521549566758,0.0,0.0,0.0,0.0,0.0,0.0,0.0,0.0,0.0,0.0,0.0,0
2022-12-09,0.026104515140523046,0.011365951064324498,49.5961350191532,22.829999923706055,-1.4823103045771369,-0.034070326244853136,0.016122536348855868,0.011339589993782017,0,-0.9236587468036795,-0.006176359536017363,-0.0032861177162020476,0.06099987030029297,-0.0022176803372652605,0.00038172456455525525,-1.2027986438047138,-0.030200774721099624,-2.438356391137333,1,-1.516639715724698,-1.3214958281755547,1,0.014314245210952353,1.2623236462310363,0.0,0.0,0.0,0.0,0.0,0.0,0.0,0.0,0.0,0.0,0.0,0
2022-12-12,0.038634208287889535,0.013886472929964356,54.531450582814955,25.0,-1.2536703892717895,-0.0016030542675458837,0.016190354377763817,0.01159819042604931,0,-0.3835520717682447,0.02982399562377329,0.00210813983989245,0.012000083923339844,0.0010118666007008534,0.003048489573713823,-1.0356518195949063,0.10447200126972761,-1.925076745180279,0,-1.5753560669263216,-0.8940568418484559,0,0.007541245384995547,0.6502082312750925,0.0,0.0,0.0,0.0,0.0,0.0,0.0,0.0,0.0,0.0,0.0,0
2022-12-13,0.04457321115946807,0.028410037752757796,56.949323926385276,22.549999237060547,-0.8989841856053205,0.02045830993630424,0.016188996311174576,0.011528047394576245,1,-0.9653738546486215,0.029889156256414372,0.027857387509053106,-0.012000083923339844,0.014397265485600063,-0.010999048222175697,-1.5399505052147304,-0.05100501904171594,-1.45626531776172,0,-1.1071258623650881,-1.8098956625253337,-1,-0.006413857227067279,-0.5563693003545325,0.0,0.0,0.0,0.0,0.0,0.0,0.0,0.0,0.0,0.0,0.0,0
2022-12-14,0.03674021297344215,0.02300952073571659,54.302949500092346,21.139999389648438,-0.8222568825357306,0.015746861047877574,0.016137409001255452,0.011490369345177151,1,-1.267322491113701,0.02476054198072616,-0.0008958309354397684,0.09500002861022949,-0.007766449256665461,-0.0020217259725492077,-1.5147463331607827,-0.1491375250201071,-1.0794244111577478,0,-1.2458319716795292,-1.7360173483227568,-1,-0.02476579175101793,-2.155350228834078,0.0,0.0,0.0,0.0,0.0,0.0,0.0,0.0,0.0,0.0,0.0,0
2022-12-15,0.010721855386160084,0.018889678051812554,45.623222474123374,22.829999923706055,-1.3603726434847472,-0.01682231363545058,0.01630050969449832,0.012675113569047417,0,-0.8358695509026454,-0.015255503809779651,-0.0128513652153604,-0.0409998893737793,-0.03492486510603025,0.007584166699197067,-1.7375008085950472,-0.054551260308490446,-1.2527511546479781,0,-1.4919367113523119,-0.9348249345265067,-1,-0.011876558852943638,-0.9369974807934915,0.0,0.0,0.0,0.0,0.0,0.0,0.0,0.0,0.0,0.0,0.0,0
2022-12-16,-0.0018236709774503465,0.014454505142968895,42.20278599507707,22.6200008392334,-1.9377099541106726,-0.021200717235080963,0.016338606120973577,0.012911083880483598,0,-0.8621644030128391,-0.024203304811224517,-0.006905493355194518,-0.08499979972839355,-0.01586634823992742,0.0013380427622182729,-1.5481459554904922,-0.0562984068837735,-1.5183662699976739,1,-0.867367667004284,-0.7313278165085032,-1,-0.008515727170303748,-0.6595666679471764,0.0,0.0,0.0,0.0,0.0,0.0,0.0,0.0,0.0,0.0,0.0,0
2022-12-19,-0.011260540973635333,0.014578203002691392,39.91548454037743,22.420000076293945,-2.42363656329461,-0.04403068961633701,0.016222991683360322,0.012936838376910929,1,-0.8799682754757167,0.01204191037235116,0.0005218128980299629,-0.029999971389770508,0.000414385182863894,0.0001910445296217565,-1.0942541176445533,-0.0307446590562433,-1.3364567095068454,0,-0.7870847803974176,-0.6365888293279258,0,0.001367435750756709,0.10570084080116786,0.0,0.0,0.0,0.0,0.0,0.0,0.0,0.0,0.0,0.0,0.0,0
2022-12-20,-0.011048256619464372,0.01150997210401182,40.47141974133668,21.479999542236328,-2.590629877280926,-0.0502044992505759,0.01616385539505761,0.012948477375991049,1,-1.0703896732122957,0.011898526200013675,-0.002080973170557053,0.1830000877380371,-0.00039772948442465776,-0.007187725527677756,-0.6265349280310073,-0.04015142725397378,-1.1769809077177205,0,-0.060616382051474384,-1.286760664617086,1,0.014841608927393368,1.1462040697442797,0.0,0.0,0.0,0.0,0.0,0.0,0.0,0.0,0.0,0.0,0.0,0
2022-12-21,0.0021696501305350953,0.01222070032478709,46.32371828526932,20.06999969482422,-2.2267736710282247,-0.028949033096115295,0.01625835166998312,0.013041931232775405,1,-1.3673586289089796,0.02850309055409988,0.00709605129822336,0.1809999942779541,-0.002822409057553895,0.0018258058879629148,-0.606079692078207,-0.0590113743054036,-0.7971679620574652,0,0.14019371087320887,-1.0353435926709225,-1,-0.014368820098080805,-1.1017393685206043,0.0,0.0,0.0,0.0,0.0,0.0,0.0,0.0,0.0,0.0,0.0,0
2022-12-22,-0.013447750132674957,0.030048335797242413,42.016039761863205,21.969999313354492,-2.2293865380287894,-0.018552061443178166,0.016196556918431085,0.013208968723496438,1,-0.8780509268593517,-0.010271024405837678,-0.008267523022391855,0.21899986267089844,-0.008103425326546617,0.0025887797949984497,-0.6679734806164631,0.07659692450869517,-0.9149577754458016,0,-0.08073262802840198,-0.6495449620078482,0,0.005735830651716381,0.4342372542029576,0.0,0.0,0.0,0.0,0.0,0.0,0.0,0.0,0.0,0.0,0.0,0
2022-12-23,-0.008728994909504864,0.01313624280167798,44.23565945738442,20.8700008392334,-1.9854009830421533,-0.0009396719385182044,0.01595770156187391,0.01333069131526982,1,-1.1109179823599111,0.02636255509138068,-0.002814393951340382,0.2689998149871826,-0.0061838253608642165,-0.0011497821311719622,-0.31041197332334386,0.01788787515717538,-0.5553375187856027,1,-0.0030905251606176977,-0.7102343361745159,0,-0.00395115127423634,-0.2963948543135119,0.0,0.0,0.0,0.0,0.0,0.0,0.0,0.0,0.0,0.0,0.0,0
2022-12-27,-0.013934948912038165,0.009176717503959621,43.01309809527721,21.649999618530273,-1.8214764291078143,0.0036249039575491546,0.015823187503495102,0.01293792783347024,1,-0.8911903254291239,-0.0003771296793383892,-0.00031327017929489944,0.27899980545043945,0.0052588896152788835,-0.0012470360362270992,0.16125227840658155,-0.025537159856283142,-0.5606040490494966,0,0.5043601862732634,-0.81379451493087,-1,-0.01250573401534502,-0.9665940721242982,0.0,0.0,0.0,0.0,0.0,0.0,0.0,0.0,0.0,0.0,0.0,0
2022-12-28,-0.02676919388953386,0.018504755357448752,39.33768504799598,22.139999389648438,-1.9097834726788814,-0.010248265808552466,0.015576383266723046,0.013164339275121485,1,-0.7425393813351213,-0.007192910089677919,-0.00018356074274378985,0.20300006866455078,0.007938533129875879,0.0026840389974125013,0.2630427819662654,0.011356016060564272,-0.642358519757528,0,0.8123290458567399,-0.3570028827467429,1,0.017840159722703596,1.3551873586656231,0.0,0.0,0.0,0.0,0.0,0.0,0.0,0.0,0.0,0.0,0.0,0
2022-12-29,-0.009967393567736932,0.013744052518504024,46.39366105723866,21.440000534057617,-1.442426992592743,-0.007249715013242215,0.015245177639352825,0.011659671580645261,1,-0.8873087670311818,-0.007117436711298444,0.007854105537748981,0.1510000228881836,-0.01347744939362148,-0.005952996554838216,0.019353258728817838,0.040938634413290036,-0.713943669687578,0,0.31850598944478853,-1.448594155757825,0,-0.0026376009545290265,-0.2262155219493617,0.0,0.0,0.0,0.0,0.0,0.0,0.0,0.0,0.0,0.0,0.0,0
2022-12-30,-0.013370806605454469,0.01085164337516456,45.54378069907215,21.670000076293945,-1.1245850943190359,0.004481504130309465,0.015246130903725988,0.011649396217657319,1,-0.8020517440766577,0.023447444636044895,-0.007329126747291059,0.21000003814697266,-0.00013337285772832802,-0.003086419364217248,0.20489193648239745,0.08822870952133652,-0.3788604060528012,1,0.2105235095241636,-1.7974801998675765,0,-0.004218986664911179,-0.36216323699969766,0.0,0.0,0.0,0.0,0.0,0.0,0.0,0.0,0.0,0.0,0.0,0
2023-01-03,-0.01838970968315331,0.02258286313248726,44.155184715536436,22.899999618530273,-0.9512642485960257,-0.005473313186318103,0.015193693911274906,0.011644951204931165,0,-0.4689537365614078,-0.042375470017376494,0.005059789198574842,0.04200005531311035,0.0015493320890577749,0.009613610210076605,-0.17252884189884507,0.1835450236958836,-0.9163120896193602,0,-0.2725422444050872,0.05551508982108905,0,0.007690777846909757,0.6604382540710421,0.0,0.0,0.0,0.0,0.0,0.0,0.0,0.0,0.0,0.0,0.0,0
2023-01-04,-0.01138110257676817,0.015322088631391293,47.31413214700464,22.010000228881836,-0.5970714218504269,0.00616861593482793,0.014745033366949623,0.011314007276282017,1,-0.670150615708167,-0.05463071685444142,0.006178228759424836,-0.1509997844696045,0.0011333328593666533,-0.0025865478558809133,-0.5296339045608861,0.05895065926065604,-1.5690552639678266,0,-0.6286225269491919,-0.36977872058503264,-1,-0.011479037095905587,-1.014585431115569,0.0,0.0,0.0,0.0,0.0,0.0,0.0,0.0,0.0,0.0,0.0,0
2023-01-05,-0.022777483331896296,0.008118473648122302,43.37751824957144,22.459999084472656,-0.5945518244129606,0.007195312854267351,0.014791228644045992,0.011153238355679529,0,-0.5278693062265413,0.011330431256570664,-0.005330032518033057,-0.16700005531311035,0.0032535481578527,0.007549378031617576,-0.468195682781742,0.012995881478190644,-1.3832799728043244,0,-1.039346981043595,1.3786937757309528,1,0.02267310427200325,2.0328700257497188,0.0,0.0,0.0,0.0,0.0,0.0,0.0,0.0,0.0,0.0,0.0,0
2023-01-06,-0.0006210038433014994,0.025355588225001845,51.9323708779199,21.1299991607666,-0.011015548876810222,0.012028257403567116,0.01502123121801636,0.01240736742843169,1,-0.8725190620450286,0.0013564635509059847,0.008477790272158859,-0.26600003242492676,0.02117224587080574,-0.0111048783559313,-1.0965186441083798,-0.07078970040493317,-1.3213089529964852,1,-0.6944889906490471,-1.0668522294947005,0,-0.0005671485748935635,-0.04571059260226372,0.0,0.0,0.0,0.0,0.0,0.0,0.0,0.0,0.0,0.0,0.0,0
2023-01-09,-0.0015777393541820844,0.015546844240277113,51.71953748991391,21.969999313354492,0.36041164126317193,0.014098709783202535,0.015010753071790681,0.012255583303914278,1,-0.616414696392776,0.011590434949835204,0.005883434240150036,-0.3619999885559082,0.00032074885588388214,-0.00850737212496137,-1.2785206207312887,-0.014460333328492926,-1.1334973601695528,0,-0.4769637981906566,-2.416697986438337,0,0.006988427212239082,0.5702234921590511,0.0,0.0,0.0,0.0,0.0,0.0,0.0,0.0,0.0,0.0,0.0,0
2023-01-10,0.004785915061800462,0.011214104750352125,54.21737849279414,20.579999923706055,0.7584695891702742,0.025306123660352946,0.014679999769804337,0.012269428952206675,1,-1.0207175136149331,0.006544337121958464,-0.0015738729664581661,-0.17199993133544922,-0.006499497911532039,0.0023273659288897074,-0.8046785583835878,-0.10375573050116083,-1.016112192257668,0,-0.26737599727190886,-1.7072967183859011,1,0.012568622627436262,1.0243844625980862,0.0,0.0,0.0,0.0,0.0,0.0,0.0,0.0,0.0,0.0,0.0,0
2023-01-11,0.017061198136069745,0.010669501764567494,58.42438961989763,21.09000015258789,1.2864406485864146,0.030183968440879505,0.014401819357325367,0.012167161006457218,1,-0.8480866310781559,0.030029147061982935,0.004215726007838865,-0.1550002098083496,-0.00926087601929122,-0.0004843813715727915,-1.05653710677781,-0.17007682314243505,-0.5955932453618948,0,-0.44537720758507077,-1.6362206325672073,0,0.0036340323651007397,0.2986752107923961,0.0,0.0,0.0,0.0,0.0,0.0,0.0,0.0,0.0,0.0,0.0,0
2023-01-12,0.02010736064306128,0.015291155122184479,59.59002602921674,18.829999923706055,1.6510991692415424,0.045297037901885905,0.01406714784901849,0.01206723522535342,1,-1.5880935991006477,0.012580341889957748,0.0029032685621597303,-0.2710001468658447,0.0014608372136725384,-0.009151177864041493,-1.449648447626919,-0.18028369349811368,-0.40587099636004326,0,-0.6179420043353285,-2.5551287159093397,0,0.0038720626107255776,0.32087378174683395,0.0,0.0,0.0,0.0,0.0,0.0,0.0,0.0,0.0,0.0,0.0,0
2023-01-13,0.023237289875343705,0.014454227768193257,60.854118293745614,18.350000381469727,1.8966404936206307,0.02649599624060815,0.01400633452788254,0.012016432759531515,1,-1.730624916468356,0.01857874886330334,-0.008449471129142046,-0.05800008773803711,-0.0035004719299215996,-0.0004891470139514572,-1.147107122456904,-0.14153735628109024,-0.13994596975468135,1,-0.8528827731554142,-2.1682784427855335,0,-0.0018335929636571528,-0.15259032979645626,0.0,0.0,0.0,0.0,0.0,0.0,0.0,0.0,0.0,0.0,0.0,0
2023-01-17,0.020073422120884626,0.007969463547501015,59.897612947821806,19.360000610351562,1.9114483631195587,0.02522955185184469,0.013969372387347235,0.010517876783293589,1,-1.370840127833542,0.003999001742649654,-5.0177802977017266e-05,0.018000125885009766,0.0016763430177235928,0.001857397716719187,-1.0139358038747663,-0.16486634382502152,-0.06859489740343278,0,-0.2986109068688365,-1.6770463437659193,-1,-0.015913948837760903,-1.5130367121880715,0.0,0.0,0.0,0.0,0.0,0.0,0.0,0.0,0.0,0.0,0.0,0
2023-01-18,0.0028279031933021222,0.022580389175719084,52.28421671690079,20.34000015258789,1.436964490363048,0.0023271758018448153,0.01409117266564806,0.010817803357911356,1,-0.9971832423121568,-0.008768651100673848,0.003112607493608666,-0.24600005149841309,-0.02599660383636879,-0.00029302837129696293,-1.6493615369792753,-0.106245109667085,-0.17430050335244868,0,-0.5427957133489759,-1.5173698248497178,-1,-0.007306513925154811,-0.6754150477010552,0.0,0.0,0.0,0.0,0.0,0.0,0.0,0.0,0.0,0.0,0.0,0
2023-01-19,-0.005186612103344366,0.009829087748713107,49.22622359877136,20.520000457763672,0.8872419867168521,-0.017547960750746338,0.013810078376652659,0.010764710763141633,1,-0.9186023393944097,0.01063771306005812,-0.005455688967186251,-0.15699982643127441,-0.005113780614602294,-0.002935165539840638,-1.5170221642277788,-0.0885533784362155,-0.009267300784923369,0,-0.588377463842099,-1.6378362102632784,1,0.018457767982090974,1.7146536717692027,0.0,0.0,0.0,0.0,0.0,0.0,0.0,0.0,0.0,0.0,0.0,0
2023-01-20,0.012430246216842323,0.01934930677889848,56.22986770935952,19.850000381469727,0.9344514189523638,-0.0027242251337560967,0.013922075558258846,0.011442265823206654,1,-1.208555000436905,0.01212580721396317,0.0037497527781675407,0.03500008583068848,0.01762269130797414,-0.0004899830787308928,-1.116557702967137,-0.07891822197868813,0.1765084305087761,1,-0.2694814223067809,-1.4926178004537765,1,0.011927209560141074,1.0423808816031948,0.0,0.0,0.0,0.0,0.0,0.0,0.0,0.0,0.0,0.0,0.0,0
2023-01-23,0.023511303031644032,0.01729773754167097,60.116852178847154,19.809999465942383,1.198865385872955,0.005330921815659372,0.013859451895552877,0.01128730411104096,1,-1.222076340511471,0.0038053834346630346,0.0021196345338997335,0.014000177383422852,0.004896026057562866,0.0012735466080506875,-0.9051479768358177,-0.013039313851209117,0.24484625102896568,0,-0.47292737784152394,-1.2200228723990885,0,-0.0010739200278065105,-0.09514398352359395,0.0,0.0,0.0,0.0,0.0,0.0,0.0,0.0,0.0,0.0,0.0,0
2023-01-24,0.020963537644519397,0.008770562571175264,59.600840755485,19.200000762939453,1.2659184221116264,0.006090594751509951,0.013818801054004634,0.010656965719936476,1,-1.484932343429748,-0.01842408211510216,-0.004377740663211426,-0.06599998474121094,0.001247112508211754,-0.0021562413856149845,-1.1243439929909944,-0.13476753637257521,-0.0011035456504851061,0,-0.2006814329793946,-1.2930701327187655,0,0.0003746673538967919,0.03515700549039303,0.0,0.0,0.0,0.0,0.0,0.0,0.0,0.0,0.0,0.0,0.0,0
2023-01-25,0.02095730881783723,0.017834431221642973,59.730661565462384,19.079999923706055,1.238351740905149,0.022379210943167773,0.01379496910555889,0.01063856778464894,1,-1.5277868501660579,0.00024961657994953667,-0.010676540924044936,0.08699989318847656,0.00020065548251643845,-0.0027510214113156285,-1.1181181357352372,-0.0896720992800318,0.030657867488282434,0,-0.07809611054700485,-1.4001126639070482,1,0.010930349692583132,1.0274258377238363,0.0,0.0,0.0,0.0,0.0,0.0,0.0,0.0,0.0,0.0,0.0,0
2023-01-26,0.03175371753853246,0.012081568001080916,63.44241706540807,18.729999542236328,1.410110960830608,0.04061607456090566,0.013539402158796407,0.01070393520718863,1,-1.6513784428100788,0.010672732119007489,0.006919859820985786,0.09599995613098145,-0.005314721677837953,0.0019657658427801013,-0.945396710511466,-0.14487894481278502,0.21832443128261375,0,-0.3139800750231821,-1.0926334199295904,0,0.0022951538983665685,0.2144213048498392,0.0,0.0,0.0,0.0,0.0,0.0,0.0,0.0,0.0,0.0,0.0,0
2023-01-27,0.03347291860054473,0.011634789257342978,64.19368821043207,18.510000228881836,1.4822999171947346,0.024453460477181083,0.0134999894248762,0.010070497489714883,1,-1.7122740220926391,-0.016554013105999542,-0.0026965509899843114,0.03399991989135742,-0.0017988150322284116,0.0008833878845851546,-0.804027308212009,-0.17907476076195594,-0.015216099216536225,1,-0.1894816230378223,-0.916961379644538,-1,-0.012626136930256313,-1.253773649754148,0.0,0.0,0.0,0.0,0.0,0.0,0.0,0.0,0.0,0.0,0.0,0
2023-01-30,0.02030232090870674,0.012107157312597207,57.25844642669826,19.940000534057617,1.116622051901195,-9.988601321626452e-05,0.013596209127562216,0.010124871495989507,1,-0.9671331405226505,-0.02259264464199529,-0.00712445761348261,0.026000022888183594,0.004502657671669048,0.003427832313775083,-0.6227965474794588,-0.07253056979508231,-0.33565914346149384,0,-0.4527437127097873,-0.5050831275173508,1,0.014596242628375953,1.4416210830870035,0.0,0.0,0.0,0.0,0.0,0.0,0.0,0.0,0.0,0.0,0.0,0
2023-01-31,0.03462752802738208,0.014170462531843129,62.33008147743484,19.399999618530273,1.1648611250946193,0.015570276642965985,0.01326790991657823,0.010421595351682574,1,-1.2228161897657257,0.012374989769700837,0.0013470647822597529,0.059999942779541016,0.009384211363568543,-0.0017614282623960365,-0.7040894633434968,-0.11065577266309075,-0.10943055012815167,0,-0.3298410971239844,-0.6174497639660464,1,0.010571753392178668,1.0144073811499543,0.0,0.0,0.0,0.0,0.0,0.0,0.0,0.0,0.0,0.0,0.0,0
2023-02-01,0.04464689262518152,0.0275560069634757,65.55811858969373,17.8700008392334,1.371301799592369,0.025767362681248074,0.01322804710351004,0.010403440028865585,1,-1.966573878213899,-0.031687336647495866,-0.0031292647938140376,-0.06499981880187988,0.016792035347787036,-0.008656332379842169,-1.3372016268679516,-0.2480135177675348,-0.5939025286456676,0,-0.4106628107191237,-1.3996456334473137,1,0.014452066906012149,1.3891609865874497,0.0,0.0,0.0,0.0,0.0,0.0,0.0,0.0,0.0,0.0,0.0,0
2023-02-02,0.058639143361454336,0.013028438724711053,69.45953827199993,18.729999542236328,1.7645102294291708,0.029289079894676984,0.013230652816671636,0.010643978243337208,1,-1.4633731830638923,-0.006960516716146392,0.009834643800606656,-0.0970001220703125,0.02107463317297262,0.005222446476871968,-1.3340589416265913,-0.1613704139214984,-0.6951944195327735,0,-0.28305369934939917,-0.7692045304058891,-1,-0.010686047901514716,-1.0039514942346761,0.0,0.0,0.0,0.0,0.0,0.0,0.0,0.0,0.0,0.0,0.0,0
2023-02-03,0.04634678862406625,0.01425974244156167,63.70273016455716,18.329999923706055,1.6132749860310982,0.016307878094795905,0.01328726119802941,0.010584093439019083,1,-1.618691159331684,-0.03336543063000143,-0.012530866647835247,0.014000177383422852,-0.009528483894950165,0.011433145299790698,-0.5960682898823677,-0.20319685085835637,-1.275882506447997,1,-1.0808908388397849,0.9505965215139182,-1,-0.006129935807656822,-0.5791643895937713,0.0,0.0,0.0,0.0,0.0,0.0,0.0,0.0,0.0,0.0,0.0,0
2023-02-06,0.039332174023702864,0.007783721411131437,60.62471919141867,19.43000030517578,1.2418995972534823,0.022804079217395374,0.013312475460152982,0.00986885327547052,1,-1.0155655763501077,0.009762805958597316,-0.00622748839937885,0.08299994468688965,0.008277420790330737,0.00677841827043934,0.045133729720291504,-0.08387551281456972,-1.09023231567584,0,-1.4519022432673867,2.182023757788964,1,0.012993618567858361,1.3166276809361168,0.0,0.0,0.0,0.0,0.0,0.0,0.0,0.0,0.0,0.0,0.0,0
2023-02-07,0.05214534724016702,0.02148409850358839,64.54844851147165,18.65999984741211,1.2312618621216895,0.021201455156877803,0.013076116951792971,0.010093928373049161,1,-1.435615494874798,0.04007146066880467,-0.0023453889302534293,0.14499998092651367,0.009501473228352902,-0.0018353295526682863,0.38079530736870004,-0.16329566790081415,-0.286674087393593,0,-1.3151673487486508,1.7369344268558946,-1,-0.010994914029783419,-1.089259080394216,0.0,0.0,0.0,0.0,0.0,0.0,0.0,0.0,0.0,0.0,0.0,0
2023-02-08,0.04010492449773546,0.011201768347463283,59.17000587251399,19.6299991607666,0.8388167375171562,-0.0003652122650844648,0.01128327653311291,0.010548615149887799,1,-0.8482967256476731,0.01709445682786104,-0.004973844126710163,0.2560000419616699,0.0037192406032577467,-0.0001933537298894013,0.2607467213104969,-0.04726076116293886,0.10424613223635829,0,-1.4837706556508305,1.6561099344682821,-1,-0.008707125977956627,-0.8254275656054799,0.0,0.0,0.0,0.0,0.0,0.0,0.0,0.0,0.0,0.0,0.0,0
2023-02-09,0.030409889703539663,0.021518607296736665,55.28019141953767,20.709999084472656,0.2856727355086548,-0.023524405149053174,0.01128663138472227,0.010553155946271119,1,-0.20374738737779738,-0.005238671219238274,0.009114422564997749,0.2870001792907715,0.0017539330218787666,-0.0018390600635689357,0.49392519121653433,-0.018182370525291938,0.04492266696107507,0,-1.3391404670077836,1.357229091251309,0,0.0023310499963168476,0.22088632057761837,0.0,0.0,0.0,0.0,0.0,0.0,0.0,0.0,0.0,0.0,0.0,0
2023-02-10,0.03205097112000927,0.008406020497873855,56.10941991345125,20.530000686645508,-0.06392600568876805,-0.010507307251221778,0.011227233083823071,0.010542926000317386,1,-0.2836779935005381,0.02104278018052939,-0.0030259433029028514,0.21199989318847656,-0.0016430516909524784,0.003964192145583165,0.9626130650265315,0.08643592585946112,0.6018744437811299,1,-0.7703273140864091,1.7197783914480418,1,0.011670518852157061,1.1069515030543418,0.0,0.0,0.0,0.0,0.0,0.0,0.0,0.0,0.0,0.0,0.0,0
2023-02-13,0.04379577877180578,0.011457527651034931,60.12409885106333,20.34000015258789,-0.032555629126918895,0.0072931474085922415,0.011272440865616051,0.010781589646626075,1,-0.3693989850910973,0.005254586934955847,0.0016649934421115518,0.08299994468688965,-0.01328043286614327,-0.0027055653288025135,0.7846375591858564,0.10295980283315677,0.8258680640843536,0,-1.1775460498602817,1.1986115488514708,0,-0.00046023114411359103,-0.04268672174797483,0.0,0.0,0.0,0.0,0.0,0.0,0.0,0.0,0.0,0.0,0.0,0
2023-02-14,0.04293988670307787,0.015849112531938277,59.89014123822483,18.90999984741211,-0.06863421442302631,-0.006160702303379686,0.01122053946226641,0.010761809732359694,1,-1.2294958015180966,-0.013568070603816167,-0.0038588468487234045,0.08699989318847656,-0.0002290677690122761,-0.0011617303671171057,1.0918825933780056,-0.023518238773651994,0.5302174149850382,0,-1.4578591223177673,0.9553379191400043,0,0.0032422476690561956,0.30127318145899507,0.0,0.0,0.0,0.0,0.0,0.0,0.0,0.0,0.0,0.0,0.0,0
2023-02-15,0.04585473759609197,0.011087483009033913,61.04185879696334,18.229999542236328,-0.05133711725544465,0.008076459395460023,0.011213400548647801,0.009918399918916274,1,-1.6182209613103986,-0.005962608707684238,-0.005564973399247602,0.15599989891052246,-0.0045083482463810515,0.006661813746023905,1.4303761391663596,-0.10952083454216459,0.38610746731815326,0,-1.197577079611469,1.627001565081252,-1,-0.013864539163298497,-1.3978590597325697,0.0,0.0,0.0,0.0,0.0,0.0,0.0,0.0,0.0,0.0,0.0,0
2023-02-16,0.030906713124341914,0.011683131742758616,53.946147843852785,20.170000076293945,-0.43207792483029994,0.0029190462101182876,0.011362674708868103,0.010368068636129421,1,-0.3492051523369058,-0.0012732173583038164,-0.01261615205499814,0.15999984741210938,0.0031388464244888645,-0.000577510449646308,1.666171790392754,-0.017203686862073603,0.361516824467534,0,-0.6399949785103881,1.3816354753083964,0,-0.002501472896030744,-0.2412667750526038,0.0,0.0,0.0,0.0,0.0,0.0,0.0,0.0,0.0,0.0,0.0,0
2023-02-17,0.027540837732410603,0.008495854956757197,52.76412797270977,20.020000457763672,-0.7550406066938118,-0.001913476682229263,0.011356431691682115,0.009704509004726114,1,-0.42542959300557864,-0.027774201576087686,-0.005452373075577855,0.0840001106262207,-0.0019185476271491942,0.0,1.5565148431743554,0.00852777040157491,-0.4113689180869198,1,-0.8300997026203841,1.2391672912195322,-1,-0.020264940785585314,-2.088196310988341,0.0,0.0,0.0,0.0,0.0,0.0,0.0,0.0,0.0,0.0,0.0,0
2023-02-21,0.006534887893167017,0.013380431448774018,44.37688818509503,22.8700008392334,-1.4605658912443351,-0.03384893631997182,0.011544197785578171,0.010506137341602134,0,1.413639615917228,-0.002360560778512077,-0.010366458791195318,0.23799991607666016,-0.0053916441117435165,0.003076330953509202,2.3528395795159223,0.1436392109790409,-0.4542264326880067,0,-0.18142942967879147,1.4197879673874685,0,-0.001378916245218275,-0.13124851578637742,0.0,0.0,0.0,0.0,0.0,0.0,0.0,0.0,0.0,0.0,0.0,0
2023-02-22,0.004939514280854933,0.010312680737239946,43.87137616828745,22.290000915527344,-1.8993727105666318,-0.034767621421076485,0.01151635153437723,0.010507705186420732,0,1.0077854147427276,-0.029447290678574236,0.0010769917424249356,0.16200017929077148,-0.00037774906946318534,0.0039277345058649936,2.0360418962709677,0.14922786970106822,-1.2411284445385304,0,-0.29322949338363413,1.6341405232130277,0,0.005305201417099301,0.5048862976373101,0.0,0.0,0.0,0.0,0.0,0.0,0.0,0.0,0.0,0.0,0.0,0
2023-02-23,0.009817705590794394,0.014850527012047528,46.40588312064369,21.139999389648438,-1.9803335748662856,-0.03270466767303339,0.01153732454704119,0.010579683104794327,1,0.2608212471613111,0.019285484238734635,0.007548960666922422,0.06999993324279785,0.006405948391435432,9.562729084697131e-05,1.6808722545973116,0.10252628954870419,-0.7009294129818208,0,-0.8220379442861131,1.4810044161123959,-1,-0.010739645032183342,-1.0151187681726355,0.0,0.0,0.0,0.0,0.0,0.0,0.0,0.0,0.0,0.0,0.0,0
2023-02-24,-0.000931763208105231,0.009107385102913423,42.2572540861714,21.670000076293945,-2.2197814677650567,-0.029579773541918274,0.01143108857905304,0.01051497510323696,0,0.6103145621786545,0.012260391013708292,-0.013164479342007884,0.10599994659423828,-0.019735183143001246,0.0058148070752222026,2.040477630242946,0.1458023270531202,-0.3519638593807254,1,-1.333622205868782,1.8342770372642443,0,0.0033998365343023843,0.32333251078556163,0.0,0.0,0.0,0.0,0.0,0.0,0.0,0.0,0.0,0.0,0.0,0
2023-02-27,0.00259211294318976,0.011414800039009163,43.95899929963954,20.950000762939453,-2.196528292859634,-0.023678464111585272,0.011436412483048155,0.010536322684468857,1,0.15592095438076403,-0.008421094365324252,0.008765907872069417,0.09399986267089844,-0.0007442314528849156,-0.005145817745095847,1.8075449090757054,0.12382754383459045,-0.571200165003886,0,-1.594308428880058,1.192415338062801,0,-0.0037025775881524715,-0.3514104669084982,0.0,0.0,0.0,0.0,0.0,0.0,0.0,0.0,0.0,0.0,0.0,0
2023-02-28,-0.0010470063786264293,0.007898866415169762,42.49056432883815,20.700000762939453,-2.1773447807699613,-0.007116100914152501,0.01070482834672765,0.01020123061818669,1,-0.007682391856403515,0.017940672597550784,-0.0012576780216312757,-0.03900003433227539,-0.003264739897223702,0.0019089876634674223,1.707075002588614,0.03740594581137869,-0.0466213721821836,0,-1.8191743905381856,1.2520479715852013,0,-0.0038435074986098447,-0.3767686345676104,0.0,0.0,0.0,0.0,0.0,0.0,0.0,0.0,0.0,0.0,0.0,0
2023-03-01,-0.005224738820579667,0.008385260273803114,40.966492759731246,20.579999923706055,-2.159826379680377,-0.009580692167544046,0.010714008795753452,0.009574962077614019,1,-0.09385371279101978,0.008271979013680026,-0.002147592562213211,0.0709998607635498,-0.004010102267499732,-0.003725816378627509,2.0586801116994926,0.05904668029282039,0.21790025579258698,0,-1.651207904460053,0.7908770294461697,1,0.007747203451199387,0.8091097695534908,0.0,0.0,0.0,0.0,0.0,0.0,0.0,0.0,0.0,0.0,0.0,0
2023-03-02,0.0017777767602115914,0.015987571725629836,45.23856045662984,19.59000015258789,-1.858530493341671,-0.007138690133443851,0.010765582460532877,0.009407439098600026,1,-0.7481104265711191,0.006031474201232518,-0.005232282603583277,0.1940000057220459,0.0004641672581658655,0.005250314354224447,2.3558737593002843,0.09189586361092744,0.41156761945459625,0,-0.9497624507869112,1.3598032175117445,1,0.01591082574616149,1.6913007532009148,0.0,0.0,0.0,0.0,0.0,0.0,0.0,0.0,0.0,0.0,0.0,0
2023-03-03,0.01660683363622104,0.01340956825996719,52.87156877949672,18.489999771118164,-1.1884194931401877,0.019511780644901083,0.010706192222091663,0.009543174294626613,1,-1.4181850872470787,0.019260562517824452,0.004765018060634557,0.015000104904174805,0.007874763795553685,-0.00486760347746891,1.673743758634832,-0.012896458995513796,0.9685825140622158,1,-1.691559190050954,0.7222878218928661,0,0.0006922967912512511,0.07254358397343912,0.0,0.0,0.0,0.0,0.0,0.0,0.0,0.0,0.0,0.0,0.0,0
2023-03-06,0.016087746292695156,0.008504963114753223,53.17991463369701,18.610000610351562,-0.6927632909533598,0.01680424090184994,0.010528727247431932,0.009305026520617078,1,-1.2939901536872054,0.009741538036617536,0.002125211801071263,0.06100010871887207,-0.0005318737462487342,-0.0016277896342835392,1.6997039516028236,0.015160045761757264,1.2225433438866684,0,-1.8360112074872614,0.395199178837365,-1,-0.01544737632692189,-1.660109156229026,0.0,0.0,0.0,0.0,0.0,0.0,0.0,0.0,0.0,0.0,0.0,0
2023-03-07,-9.240574090527933e-05,0.01767647259176278,46.00084285841797,19.59000015258789,-0.7272879367563927,0.005059442163080563,0.010725606418237665,0.00979745786520496,1,-0.6424223707906888,-0.036450469529008156,-0.0001235408721907149,0.05900001525878906,-0.02782126954561462,0.012097154382653161,1.596851263670278,0.008200960649749251,0.09887096291287263,0,-2.7722121844115297,2.0181851898425425,0,0.0016308543946762654,0.16645672301392625,0.0,0.0,0.0,0.0,0.0,0.0,0.0,0.0,0.0,0.0,0.0,0
2023-03-08,0.0006251850761297969,0.007821104512603415,46.811576938145194,19.110000610351562,-0.6715761141850597,0.01053380405636674,0.010681848113626163,0.00923001888677757,1,-0.9212003060212036,-0.011929577890763479,0.00030138696369611835,-0.017999887466430664,-0.0011878241035732588,0.00037865311238121204,1.539612379067879,0.023829602949112526,-0.3106518832568101,0,-2.886811826016379,1.7975087590198269,-1,-0.018622267896641842,-2.017574172852165,0.0,0.0,0.0,0.0,0.0,0.0,0.0,0.0,0.0,0.0,0.0,0
2023-03-09,-0.018262311482499103,0.027965094175363674,39.567984159277714,22.610000610351562,-1.050742800361128,-0.01583566729147454,0.010911596532030995,0.009763447181463427,0,1.3539971905026194,-0.0123377652608065,0.0020532892816578466,-0.14800000190734863,-0.0338380301573095,-0.0033180681860797596,1.2290973518364774,0.14133334774886394,-0.7736241214260016,0,-1.9592001185537613,1.203777861669966,-1,-0.014534563374119736,-1.4886697512961464,0.0,0.0,0.0,0.0,0.0,0.0,0.0,0.0,0.0,0.0,0.0,0
2023-03-10,-0.03264701119371289,0.022906885683198437,35.08035948699785,24.799999237060547,-1.5755924540472108,-0.04628105641175589,0.010905906651969718,0.01004509452848158,0,2.79788005500528,0.012598579694905953,-0.001456795286491851,-0.2690000534057617,-0.052581177179021166,-0.006956011940827523,0.030515899004766717,0.1802269912067746,-0.3920096023803536,1,-1.3598914080117046,0.14951277654252781,0,-0.0014263742598201333,-0.14199695541005428,0.0,0.0,0.0,0.0,0.0,0.0,0.0,0.0,0.0,0.0,0.0,0
2023-03-13,-0.03444696720410192,0.025275122280968933,34.66812015848522,26.520000457763672,-1.8486418004287997,-0.04839972746282727,0.010855482760097387,0.009981544749827483,0,3.4997191154573346,-0.02482299637797327,-0.010681202291670005,-0.4679999351501465,-0.0029140799275870033,-0.009415031171813377,-0.9053828296333525,0.25601191810193613,-1.2269985345349934,0,1.8803610807983573,-1.253664895635743,1,0.016395150315724378,1.6425447464492187,0.0,0.0,0.0,0.0,0.0,0.0,0.0,0.0,0.0,0.0,0.0,0
2023-03-14,-0.018893675613347854,0.01633784554302607,43.01908498857478,23.729999542236328,-1.5219739126879448,-0.01655720082018101,0.011047081365773606,0.01039102918917835,0,1.7785686243939671,-0.04750090381919502,0.013250264584371663,-0.33699989318847656,0.02570980809718758,0.0,-0.2804234184067618,0.15415065303489084,-2.57476056587781,0,1.2264084403401472,-1.3076457083807096,-1,-0.006274132183844804,-0.6038021866358603,0.0,0.0,0.0,0.0,0.0,0.0,0.0,0.0,0.0,0.0,0.0,0
2023-03-15,-0.025364414892514633,0.014847921283964718,40.85595125109713,26.139999389648438,-1.372677169170223,-0.024462187398702137,0.010600361187667346,0.010408644595335696,0,2.930699916922665,-0.05356111183001665,-0.015020615364389514,-0.48399996757507324,-0.012158204150746386,0.010084148375969637,-1.0524660972818498,0.32377581024554053,-3.6055257220483123,0,2.155072677406859,0.15063048673848645,1,0.017393114584225128,1.6710242831978779,0.0,0.0,0.0,0.0,0.0,0.0,0.0,0.0,0.0,0.0,0.0,0
2023-03-16,-0.009022907083921406,0.02569991429715191,48.61310150772399,22.989999771118164,-0.7715078844651932,0.011553195082164867,0.01071454580930567,0.011292569181011564,0,1.2291056898422938,0.010885630715347722,-0.006339311409177038,-0.3399999141693115,0.01732987485608822,-0.002200253025863908,-0.5772822287750602,0.23199076523926518,-3.050834433602792,0,0.9672238330874563,-0.2747508185383155,-1,-0.011761671147282101,-1.0415398430023244,0.0,0.0,0.0,0.0,0.0,0.0,0.0,0.0,0.0,0.0,0.0,0
2023-03-17,-0.020988262721552672,0.015000400651308747,44.363812650182446,25.510000228881836,-0.618076997466027,0.014326087309002424,0.0107691469976442,0.011187609909802429,0,2.435293389882816,-0.023837099530488595,-0.0035134890921681753,-0.2999999523162842,-0.00977198408418881,-0.006822676673047995,-1.5394076566958446,0.23487418537729376,-3.2340504288612544,1,2.01972877380527,-1.4335471901733914,1,0.00956968335153458,0.855381522494321,0.0,0.0,0.0,0.0,0.0,0.0,0.0,0.0,0.0,0.0,0.0,0
2023-03-20,-0.012358042865404876,0.01041297862854898,48.31784253985663,24.149999618530273,-0.2382626774166683,0.0253221449203573,0.010832282894650515,0.011486495733673198,0,1.677119821269953,0.013395073691870074,0.0020748040944317866,-0.03400015830993652,-0.005192361444226759,-0.004154799054848812,-1.0639003761298176,0.18755256755034116,-2.7185616924773486,0,1.7651863352158448,-1.942690526005148,1,0.013045131751128708,1.1356919200315487,0.0,0.0,0.0,0.0,0.0,0.0,0.0,0.0,0.0,0.0,0.0,0
2023-03-21,-7.04833646596478e-06,0.009601205922847439,53.250770742179284,21.3799991607666,0.35128481317853133,0.021972126355761512,0.010794757981521904,0.011027838871921708,0,0.2832327662814088,0.02467822435826142,0.008849902485582145,-0.032000064849853516,-0.007898752410668555,-0.00019363457964795679,-0.41269446093939355,-0.06737017838680964,-2.0983201171791324,0,0.8851436963579842,-1.7493902892574216,-1,-0.01719346941262077,-1.559095487461522,0.0,0.0,0.0,0.0,0.0,0.0,0.0,0.0,0.0,0.0,0.0,0
2023-03-22,-0.017335471284316683,0.026574133022431962,46.9088584982859,22.260000228881836,0.30547656276256197,0.011052789126985586,0.01086707104431768,0.011691587840059787,0,0.7192592570658113,0.02239271569453471,-0.0004513210710957473,0.007999897003173828,0.0009980782448085047,-0.008851802940524948,-0.9363434873911016,-0.0013468323416314816,-1.5894154731013759,0,1.5441941606642466,-2.3816413633635256,0,0.002699771570585572,0.23091553502936482,0.0,0.0,0.0,0.0,0.0,0.0,0.0,0.0,0.0,0.0,0.0,0
2023-03-23,-0.014880125600605237,0.022738261149332046,47.94953240241966,22.610000610351562,0.3458476242339983,-0.003640553886654027,0.01084959180384745,0.01163644477132551,0,0.8735562511077872,-0.013346817995684641,0.00757122688560049,-0.1790001392364502,0.0003632453386083758,0.001757129577327853,-1.3657852197509042,0.06722536171442964,-1.7652320479386618,0,2.1346502172867647,-1.8491483536627746,0,0.006540551493274355,0.5620742418379477,0.0,0.0,0.0,0.0,0.0,0.0,0.0,0.0,0.0,0.0,0.0,0
2023-03-24,-0.008501923502559619,0.016272905726863563,50.49306788992674,21.739999771118164,0.530672316003928,0.014661668753902526,0.010861109196172487,0.011496602729027349,0,0.4416335009433754,-0.01005606724604635,-0.003388563409919979,-0.014999866485595703,-0.001398783254433127,0.005737958489560089,-1.4404685719647299,0.0032250520959350697,-1.8608745373242115,1,2.0822119586577443,-1.1082563910046368,0,0.0018680171219789055,0.16248413041368454,0.0,0.0,0.0,0.0,0.0,0.0,0.0,0.0,0.0,0.0,0.0,0
2023-03-27,-0.006699781454097702,0.008474402764000284,51.229189374555816,20.600000381469727,0.6821400092426857,0.0069600025243469026,0.010723006729739696,0.011478627093230057,1,-0.11066380608819909,0.049985705057510155,0.005970676789461642,0.04700016975402832,-0.0022383231389292483,-0.0025245389851668615,-0.6789158814079177,-0.01684758847182063,-0.8969645436836421,0,1.8786761120084574,-1.2385680789485765,0,-0.002247122049377174,-0.19576558010554196,0.0,0.0,0.0,0.0,0.0,0.0,0.0,0.0,0.0,0.0,0.0,0
2023-03-28,-0.008860566883271108,0.007077825454421366,50.26121325029074,19.969999313354492,0.7031084386214834,-0.008332251276158994,0.010496930741596522,0.01145828437992139,1,-0.4113273703850817,0.005342104401159677,-0.00181753054649168,-0.04200005531311035,0.0031595186727759353,-0.004189204852776162,-0.47828324198834915,-0.03590262408442906,-0.7700637883533178,0,1.4793697970263673,-1.4775114940297236,1,0.014430277692056563,1.2593739708191685,0.0,0.0,0.0,0.0,0.0,0.0,0.0,0.0,0.0,0.0,0.0,0
2023-03-29,0.005289024997297206,0.007275478717648916,56.040589247887155,19.1200008392334,1.047355114989113,0.023291495828518468,0.010638464867424221,0.011848612362178702,1,-0.8091012032192099,-0.003146964770220413,0.010885911386950326,0.06599998474121094,-0.013603337758022463,0.002048072933051069,-0.4459718367160923,-0.07358477518250037,-0.8021169414776923,0,1.2181961063588571,-1.1507425800028772,0,0.005838149306268371,0.4927281103079112,0.0,0.0,0.0,0.0,0.0,0.0,0.0,0.0,0.0,0.0,0.0,0
2023-03-30,0.01048179606495849,0.0064156459241383025,58.179338798372804,19.020000457763672,1.3649913590929004,0.02642987356420115,0.010636181036852098,0.011799158736861864,1,-0.8297454190195536,0.019004257140160793,0.006803707575206199,0.14500021934509277,-0.006479646496923987,-0.0048832991169928406,-0.5026451974253551,-0.02952815856078524,-0.4221869089926697,0,0.9517359070612695,-1.4407502494381295,1,0.013996384347379473,1.1862178310623928,0.0,0.0,0.0,0.0,0.0,0.0,0.0,0.0,0.0,0.0,0.0,0
2023-03-31,0.023585342149607936,0.012579750921587864,62.88761778964271,18.700000762939453,1.8513075629137143,0.03388570641830621,0.010733755108603414,0.011678335685164642,1,-0.9571750287495798,0.01732908486201034,0.0023753190275224655,0.11399984359741211,4.017651790781358e-06,0.003615960390688943,-0.770709298891084,0.011293531639090252,-0.09352031416258626,1,0.7482450899578797,-1.0004965791167442,0,0.003803209930981405,0.325663414451992,0.0,0.0,0.0,0.0,0.0,0.0,0.0,0.0,0.0,0.0,0.0,0
2023-04-03,0.0266347423606638,0.007129803111686386,64.08152388321423,18.549999237060547,2.159997494653655,0.03582089922730874,0.010609817878202931,0.011697112670340307,1,-0.9975350524431207,0.06088112219194424,-0.0013200168314645602,-0.09800004959106445,-0.0045578435685002605,-0.004105634325008149,-1.0608948794195143,-0.0032293555264944207,1.1235606541953462,0,0.9726538590887431,-1.233734452129139,0,-0.005563654874226699,-0.4756430304295368,0.0,0.0,0.0,0.0,0.0,0.0,0.0,0.0,0.0,0.0,0.0,0
2023-04-04,0.02045117659711487,0.011451838988883729,60.993047671742715,19.0,2.1004272970202487,0.03250436640245926,0.010270859252150885,0.011162910067768367,1,-0.7546272514380005,0.003599593292382364,0.0016289096488693098,-0.22699999809265137,0.006244513001425566,-0.004909672254020274,-1.4809058110797946,-0.030580260579079338,1.1595147517525395,0,1.2483934265669032,-1.538043665511443,0,-0.002621594393240212,-0.23484844264089652,0.0,0.0,0.0,0.0,0.0,0.0,0.0,0.0,0.0,0.0,0.0,0
2023-04-05,0.017326208074510987,0.00691856546121497,59.542765225273044,19.079999923706055,1.8826873217670728,0.01545249431716228,0.01027933941204681,0.011200308513213303,1,-0.6917395757328454,-0.001239753125691826,-0.0018613399026447303,-0.27900004386901855,0.002965856471190624,0.0025560586356645873,-1.671761103306285,-0.0015711281695324195,1.0977052433742804,0,1.2154836426397828,-1.2476188654062268,0,0.0038931223615056377,0.34759032583875377,0.0,0.0,0.0,0.0,0.0,0.0,0.0,0.0,0.0,0.0,0.0,0
2023-04-06,0.020766508243822847,0.009286684151309418,61.02577245671793,18.399999618530273,1.7362825510677171,0.013507467372399667,0.010255959691482441,0.010181174275433462,1,-0.9994932261935892,0.0011158185926502604,-0.0020385913224984812,-0.2630000114440918,-0.004170337047370356,-0.00029458221420442513,-1.60348209358382,-0.20604166940175048,1.0866550692744752,0,1.012946081137333,-1.2253476849925784,0,0.0010259851663903955,0.10077267424242888,0.0,0.0,0.0,0.0,0.0,0.0,0.0,0.0,0.0,0.0,0.0,0
2023-04-10,0.021488223266967192,0.00908181283107711,61.428039463078164,18.969999313354492,1.5664612370759416,0.0005370681914108124,0.010139814423273451,0.009382809772990962,1,-0.7020435793156846,-0.011967222296559991,-0.006325007499659653,-0.07899999618530273,-0.0010426008554355257,0.007436454334157374,-0.9867227395197514,-0.26798487465671567,0.8271058514401194,0,0.5797293459387579,-0.32224351891895703,0,0.00026838726779266676,0.028604116276989187,0.0,0.0,0.0,0.0,0.0,0.0,0.0,0.0,0.0,0.0,0.0,0
2023-04-11,0.02147800897631989,0.0055159114549291535,61.539940320270595,19.100000381469727,1.3682516723034044,-0.0029977544717780798,0.010132315978652941,0.00934669254777008,1,-0.6420916433584198,0.022199720539117694,0.0015855135775926102,0.003999948501586914,-0.00028056238802580326,-0.0037113519021790297,-0.8957551421885598,-0.3282108275539143,1.2536858409607665,0,0.5090241316047134,-0.6962525668844868,0,-0.004084140815369207,-0.43696060664127956,0.0,0.0,0.0,0.0,0.0,0.0,0.0,0.0,0.0,0.0,0.0,0
2023-04-12,0.016859191733845428,0.011591743972133188,58.75202400077842,19.09000015258789,1.0502140171133671,-0.0015182404129206978,0.01014070425035559,0.008944544875143288,1,-0.6562888644639021,0.020997231721794976,0.00523392690730325,0.0840001106262207,0.0007600811831667667,-0.006872849427117652,-0.9445084222223893,-0.21757540542643167,1.6441806631189122,0,0.84732851119161,-1.3703321338063839,1,0.013195321127763653,1.4752350801081389,0.0,0.0,0.0,0.0,0.0,0.0,0.0,0.0,0.0,0.0,0.0,0
2023-04-13,0.029927754251793486,0.014148562377547252,64.39063516463335,17.799999237060547,1.1067591130806176,0.014298675108083234,0.010267949817859822,0.009029213340472166,1,-1.2597929323229033,-0.013299657230972449,0.0027654968621602313,0.16499996185302734,-0.0011406776304956488,-0.0048392554920466254,-0.7908542220520199,-0.3842682704104711,1.3522590127159733,0,1.004838935074616,-1.8506745755881306,0,-0.0024457926958436193,-0.2708752019546037,0.0,0.0,0.0,0.0,0.0,0.0,0.0,0.0,0.0,0.0,0.0,0
2023-04-14,0.027246960696558006,0.01219511924429807,62.671326152391394,17.06999969482422,0.9977152251043693,0.00795976005073381,0.010043154953180155,0.008460272205178199,1,-1.5530127207864406,0.004372037329607262,-0.0015975705887507036,0.23399996757507324,0.0007144177029770218,0.00533177508837354,-0.4826237816426355,-0.29773680989093,1.4091109484765278,1,0.6915193567612147,-1.163964603607818,0,0.0035817579738645043,0.4233615247103996,0.0,0.0,0.0,0.0,0.0,0.0,0.0,0.0,0.0,0.0,0.0,0
2023-04-17,0.0309973813020504,0.006933360149442819,64.18056519385132,16.950000762939453,0.9412422469852775,0.010515532858207928,0.00998997806786569,0.007795964650201573,1,-1.5486898319864288,-0.020692441123898137,-0.0002182909621226701,0.17600011825561523,-0.0027704542170838005,0.005401392147505714,-0.17690574976145104,-0.4088026622883243,0.9976812872320925,0,0.5596939239503272,-0.27922610848416973,0,0.0006519894351803641,0.08363154889985516,0.0,0.0,0.0,0.0,0.0,0.0,0.0,0.0,0.0,0.0,0.0,0
2023-04-18,0.03149367567072743,0.007097854957767373,64.46282336182611,16.829999923706055,0.8442256495987817,0.010899135025595592,0.009727059028806008,0.007652944578771254,1,-1.5485160951820374,0.0003710653619657546,0.003954021029357778,0.1380000114440918,-0.00054757560998534,-0.0034338859029701624,-0.27442473966285347,-0.36112136063323025,1.0086703618916089,0,0.37696121274846406,-0.7760616796916164,0,-0.0001688346610773054,-0.02206136980685089,0.0,0.0,0.0,0.0,0.0,0.0,0.0,0.0,0.0,0.0,0.0,0
2023-04-19,0.031018208377486124,0.007050714267818332,64.32144133576901,16.459999084472656,0.7040847525567058,0.014814441179887502,0.009617640996198008,0.007257945369398602,1,-1.6514272779223045,-0.021248104764392216,-0.004815760567251824,0.1809999942779541,0.00019391361155993367,0.0021598400246286317,-0.13870842199274663,-0.26152272671612237,0.6142120696724013,0,0.19482966332186946,-0.3093861947263205,-1,-0.005472018617389205,-0.7539339027159958,0.0,0.0,0.0,0.0,0.0,0.0,0.0,0.0,0.0,0.0,0.0,0
2023-04-20,0.02548026976604625,0.008327724465127449,59.759612992246055,17.170000076293945,0.4081594623466649,-0.0038528985652652678,0.00964745512403353,0.006001830087017239,1,-1.3043709848604226,-0.023906574032350608,-0.0071000631294260656,0.09300017356872559,5.907953441215554e-05,-0.0012757460576225028,-0.4166875541212796,-0.2596276767767728,0.1716982115382384,0,0.42444395596560086,-0.5109772009252908,0,0.0007765074757364518,0.12937823475439447,0.0,0.0,0.0,0.0,0.0,0.0,0.0,0.0,0.0,0.0,0.0,0
2023-04-21,0.02611790007900784,0.006089226525268082,60.190077269085926,16.770000457763672,0.1876140399907551,-0.0006305983936851932,0.009647475802409683,0.006013174416813062,1,-1.4388848583233422,0.007476211896137108,0.0007522234221995344,0.04799985885620117,-1.4803374754111258e-05,-0.00019637281272905612,-0.3077097275996033,-0.2988007101529413,0.32483656313478626,1,0.41895703434912207,-0.48705981391519226,0,0.0010426298405883199,0.1733906310395358,0.0,0.0,0.0,0.0,0.0,0.0,0.0,0.0,0.0,0.0,0.0,0
2023-04-24,0.026825970490997747,0.005985995180851178,60.79703452774421,16.889999389648438,0.03220703865981056,-0.003169726526961569,0.00955111861014188,0.005937351543195712,1,-1.3562418644181176,0.011364476033946481,-0.0005096361261319622,-0.07599997520446777,-0.0005992757113203102,-0.004626687634511641,-0.5733067723317923,-0.2524321764820717,0.5575369353334236,0,0.4105197636728443,-1.339996560083799,-1,-0.01600119295758875,-2.6950006061069853,0.0,0.0,0.0,0.0,0.0,0.0,0.0,0.0,0.0,0.0,0.0,0
2023-04-25,0.010546839690512535,0.012657640904257734,48.63336991711779,18.760000228881836,-0.5029572520043493,-0.019822908919730528,0.00977846302772469,0.007185552511492205,1,-0.5643460806977624,-0.02169118506403655,-0.004980582928735491,-0.17600011825561523,-0.028802720163117496,0.005019469606052127,-1.1242927721661247,-0.09356413853488031,0.14973875859454727,0,1.1978509041003225,-0.16572239124375143,-1,-0.004244654867686464,-0.5907199138408148,0.0,0.0,0.0,0.0,0.0,0.0,0.0,0.0,0.0,0.0,0.0,0
2023-04-26,0.0066122185902659746,0.010040552244713013,46.029085261415524,18.84000015258789,-0.950324256068722,-0.023898729126339762,0.009652934397649282,0.007249512293392937,1,-0.5213244479611968,-0.036603103033010724,0.0015748020751097313,-0.1700000762939453,-0.002095665445164773,-0.003836127127342896,-0.937861019644249,-0.05824883579651016,-0.5255284051400935,0,1.106061497427472,-0.9877924471874852,1,0.01971271142586587,2.719173847334965,0.0,0.0,0.0,0.0,0.0,0.0,0.0,0.0,0.0,0.0,0.0,0
2023-04-27,0.026583712233417635,0.014427419689620647,57.49998299068116,17.030000686645508,-0.7170394714391111,0.001286000916915316,0.009803515987817701,0.007833620231580508,1,-1.2559028992317742,0.006172018364703903,0.006507887837244415,-0.01699995994567871,0.025338711553874748,0.0002955981606630457,-0.4845302937844081,-0.11575841652185861,-0.3946270767899479,0,0.6868318013719974,-0.844841709632518,1,0.008498853372674434,1.0849188845309732,0.0,0.0,0.0,0.0,0.0,0.0,0.0,0.0,0.0,0.0,0.0,0
2023-04-28,0.035164071546568205,0.01084319439579481,61.366506094459986,15.779999732971191,-0.3459373037356981,0.009008346813853242,0.009770317813017865,0.007935616370766282,1,-1.7308004014996923,0.026661162512066235,-0.0022334111367884003,-0.11800003051757812,0.008079228563504577,0.0016734577954439752,-0.8513159898556216,-0.1867477826889843,0.1079740085383086,1,0.3337067644147946,-0.3472064463751694,0,-0.0010103112249995388,-0.12731335597166993,0.0,0.0,0.0,0.0,0.0,0.0,0.0,0.0,0.0,0.0,0.0,0
2023-05-01,0.033666899154610394,0.005655714780111336,60.657386392452416,16.079999923706055,-0.14908022457653036,0.00695540574826559,0.009592211779753614,0.007381183372360224,1,-1.5594193719225422,-0.014694506066871485,-0.0011066036614573306,0.05899977684020996,0.0008884049367639954,0.004710079923975026,-0.289858282475354,-0.15094730565326941,-0.17058916556556156,0,0.6046502344169391,1.0446938228645628,-1,-0.011302885717494148,-1.531308712195399,0.0,0.0,0.0,0.0,0.0,0.0,0.0,0.0,0.0,0.0,0.0,0
2023-05-02,0.02178854185161758,0.017038263222655982,53.28451691711137,17.780000686645508,-0.33241870656505146,0.01165371298836007,0.009604195692323963,0.007811770650187384,1,-0.8682874832677003,-0.05431690462630695,-0.001782597860852988,0.042999982833862305,-0.023640469691537012,-0.0018617656726258914,-0.9241053526011397,-0.042395479219891556,-1.1534998136560024,0,0.6955500404322008,0.5288752189279191,-1,-0.006887604160933424,-0.8816945161879588,0.0,0.0,0.0,0.0,0.0,0.0,0.0,0.0,0.0,0.0,0.0,0
2023-05-03,0.01424797507393262,0.01495026289829935,49.381260502919105,18.34000015258789,-0.6300730057185557,0.009010763695113293,0.00961288936757719,0.007866695919695611,1,-0.6340221238847941,-0.04364025049205437,0.0012649378622413606,-0.028999805450439453,-0.007473365757137716,-0.0060994066177318855,-1.0666595080969454,-0.03535450401817134,-1.8379486678537515,0,0.782427480532398,-1.1875745893454372,-1,-0.007108352999652248,-0.9035996860967308,0.0,0.0,0.0,0.0,0.0,0.0,0.0,0.0,0.0,0.0,0.0,0
2023-05-04,0.006658269832507399,0.008713249418092288,45.687491554913045,20.09000015258789,-0.9866427591592228,-0.017810300730404953,0.00950164755552354,0.008005749177115638,1,0.05746630903795051,-0.0005832738089589101,-0.00267520582757521,-0.1770000457763672,-0.00843596185651985,0.0005919422942949497,-1.269071706897853,0.05158152440055298,-1.7645353444135508,0,1.4667899136452394,-0.9347973096532912,1,0.018343437129814275,2.2912801551973683,0.0,0.0,0.0,0.0,0.0,0.0,0.0,0.0,0.0,0.0,0.0,0
2023-05-05,0.02460718456189836,0.01231123891174219,55.07833595003828,17.190000534057617,-0.7211195837111055,-0.00796571697326503,0.009697201375896579,0.008995369392018112,1,-1.0794008045207577,0.039747889917812196,0.009287209540860932,-0.00599980354309082,0.01166974032383885,-0.001875549050207397,-0.8065375720493606,-0.06802279342020771,-1.076376958699798,1,0.8727280327247504,-1.3060403425488007,0,0.0002666537377177357,0.029643412033776594,0.0,0.0,0.0,0.0,0.0,0.0,0.0,0.0,0.0,0.0,0.0,0
2023-05-08,0.023971848705991918,0.004748731650560857,55.200730590362625,16.979999542236328,-0.5317923364132451,-0.006688752010547738,0.009627330309050974,0.00899427322291764,1,-1.126622225746998,0.025191744981273616,0.0008237766856239613,-0.05299997329711914,-0.00047967970950101447,0.0015796593339410944,-0.4465186070109873,-0.11082259382632308,-0.6325494826983332,0,0.8436533876193666,-0.8471218506238389,0,-0.004394936541924387,-0.48863666320024124,0.0,0.0,0.0,0.0,0.0,0.0,0.0,0.0,0.0,0.0,0.0,0
2023-05-09,0.018737757713302727,0.0034068914935321375,52.65931723326591,17.709999084472656,-0.5168491109792952,0.0002191971650221446,0.009642346464697136,0.009057558948555795,1,-0.8167503985509477,0.0074895892016972705,-0.0039083243443425765,0.0820000171661377,0.0076139493305191885,0.0026599359579984596,-0.42991893569911593,-0.07555895492558232,-0.4836895066993548,0,0.816391869324634,0.05563926529014548,0,0.004661442379645324,0.5146460828640536,0.0,0.0,0.0,0.0,0.0,0.0,0.0,0.0,0.0,0.0,0.0,0
2023-05-10,0.02258010540143267,0.013733833944313253,55.02476950576735,16.940000534057617,-0.3817455287803466,0.011768243705600904,0.00954273531981569,0.009053622403743546,1,-1.0851572035516857,-0.01572469062037348,0.007153185266752809,0.03599977493286133,0.005064371171608099,-0.0015753846360941081,-0.7854250875477438,-0.1194869249804043,-0.7262014055689401,0,0.8439332310094216,-0.4640636317200741,0,-0.0017456013157096616,-0.1928067363313625,0.0,0.0,0.0,0.0,0.0,0.0,0.0,0.0,0.0,0.0,0.0,0
2023-05-11,0.019842269572948507,0.005968969562838825,53.93633240526023,16.93000030517578,-0.3396705605447925,0.017130995389543456,0.009545375236568716,0.00856134381272409,1,-1.0665926486926867,-0.023566520582779076,-0.002182434329278175,0.046000003814697266,0.0007338152708795261,0.005699083903704872,-0.9478340634724397,-0.050111200265487585,-1.0858068917867287,0,0.6481708710965741,1.35358120842446,0,-0.0013111457878260074,-0.15314701582328616,0.0,0.0,0.0,0.0,0.0,0.0,0.0,0.0,0.0,0.0,0.0,0
2023-05-12,0.017735715117779847,0.01110330028640219,53.08818795377803,17.030000686645508,-0.346279285529411,-0.002523587528096893,0.009537605280364835,0.008549166500825066,1,-1.0142381477911009,-0.011780731088234459,0.0031252127280795845,0.01699995994567871,0.000493695487256386,0.006056507260503907,-0.6206465396811952,-0.0023459839340916515,-1.2354630292929765,1,0.5104206708417236,2.630574755373758,0,0.003444202389265624,0.40286949145724504,0.0,0.0,0.0,0.0,0.0,0.0,0.0,0.0,0.0,0.0,0.0,0
2023-05-15,0.02072425325748021,0.00774795189896015,55.088208805873855,17.1200008392334,-0.2618953986274324,0.0006539611234511279,0.00937249463974606,0.008546098702185949,1,-0.9532134329377492,0.015161461989485866,0.001529563377737639,-0.013000011444091797,-0.004340317907678466,-0.0024377175472424643,-0.3909058065193691,0.009979540896601757,-0.9558582710066246,0,0.6596780469393855,1.7716278572117352,-1,-0.006705102820166292,-0.7845796319500642,0.0,0.0,0.0,0.0,0.0,0.0,0.0,0.0,0.0,0.0,0.0,0
2023-05-16,0.01353648005168013,0.006288889920399119,50.575031058191634,17.989999771118164,-0.3810117430041047,-0.001656205154790848,0.00940909223121743,0.00866891767239211,1,-0.6090099448587094,-0.003521874427818382,-0.00278838257971074,0.0280001163482666,0.00691095213537991,0.0012683279398937922,-0.17984298343358485,0.06665303157021256,-0.9846908619611936,0,0.4640434927220096,1.8124452113967906,1,0.012065734456773062,1.3918370198425747,0.0,0.0,0.0,0.0,0.0,0.0,0.0,0.0,0.0,0.0,0.0,0
2023-05-17,0.024904060405663273,0.01257127511261925,57.362588114367206,16.8700008392334,-0.14523794306198523,0.00574808692233693,0.009139998132350521,0.009112381755641675,1,-0.9988113136661698,0.027421875320501887,0.005105642502785195,0.1420001983642578,0.006895840220763662,0.0031152644246641497,0.0003230570571218717,0.024603806677388148,-0.5198402279128655,0,0.27338709245370374,2.134973573725264,1,0.00958716027988514,1.0521014171663028,0.0,0.0,0.0,0.0,0.0,0.0,0.0,0.0,0.0,0.0,0.0,0
2023-05-18,0.03366347477767276,0.011926627075758322,61.889793464012605,16.049999237060547,0.24076587770815672,0.017080848517931527,0.009206628072901612,0.009246188781871605,1,-1.2650626007026138,-0.01340819319232004,-0.0007950486297564534,0.25099992752075195,0.010097017262257263,0.006781044881070237,0.35481730522228055,-0.06745487731197354,-0.7306609849561106,0,0.025520347586806588,2.6477189140293604,0,-0.0014562571563031723,-0.1574979286794436,0.0,0.0,0.0,0.0,0.0,0.0,0.0,0.0,0.0,0.0,0.0,0
2023-05-19,0.030708254671115903,0.008050248809171372,60.82896171494465,16.809999465942383,0.41703232450136074,0.01693573714945443,0.009193252050047965,0.009261027009799644,1,-0.9468497989829219,-0.004323241524433219,0.0022395905745995117,0.22899985313415527,-0.0018671910206492564,-0.0036754551972657174,0.5980184546186991,0.0023823125185921004,-0.7825399347501136,1,0.06545803222109767,1.7592334250152768,0,0.00040627259995673425,0.043869018072904095,0.0,0.0,0.0,0.0,0.0,0.0,0.0,0.0,0.0,0.0,0.0,0
2023-05-22,0.029386017890574448,0.007259028350471683,61.029546984998746,17.209999084472656,0.4995607060188467,0.013897807360145512,0.009067996137401717,0.009261144107006078,1,-0.7696208400573596,0.006130642152662373,4.804828524601872e-05,0.2110002040863037,-0.00041697686635324327,0.0,0.7736257543214259,0.01876886234319329,-0.6645154470766853,0,0.10094544431940936,1.5503125020402289,-1,-0.011286460900126472,-1.2186883804890198,0.0,0.0,0.0,0.0,0.0,0.0,0.0,0.0,0.0,0.0,0.0,0
2023-05-23,0.016324584624240124,0.012171287858906232,52.960041815766566,18.530000686645508,0.21878219030942803,0.00931644928018526,0.009198842072126356,0.00886404657763913,1,-0.25772247955036603,0.012698663238922174,-0.004091775833204317,0.14899992942810059,-0.004354935417768381,0.0028061455620138486,0.7018294580291602,-0.012335878425452392,-0.44571519552178357,0,0.13442208880790513,1.6917615993170219,-1,-0.007271133162636658,-0.8202940830701767,0.0,0.0,0.0,0.0,0.0,0.0,0.0,0.0,0.0,0.0,0.0,0
2023-05-24,0.007930007180443812,0.007151724604336441,48.547660977191626,20.030000686645508,-0.17108305220734632,-0.010020418339224318,0.009239468714125874,0.008982910920788945,0,0.31406675921056887,0.019423261561333362,-0.004041012750047582,0.1380000114440918,-0.0037307089463986154,0.003857672169282226,0.851125229951646,0.06124890671121853,-0.11335961488721913,0,-0.022433233711596126,1.877858783162828,1,0.008622782215850892,0.959908507698805,0.0,0.0,0.0,0.0,0.0,0.0,0.0,0.0,0.0,0.0,0.0,0
2023-05-25,0.015321926278547731,0.00904377198890352,53.498878387522076,19.139999389648438,-0.2056278977149384,-0.010984796403258624,0.00927621187513606,0.0080494489033639,1,-0.013918561377747895,-0.034346874029264264,0.00883980036163449,0.1659998893737793,0.005310834844297677,0.0030754440114669794,1.4285689253382816,0.1168038191416556,-0.6581680437897327,0,-0.6407664402828146,1.914270729168912,1,0.012867509955460084,1.5985558917609606,0.0,0.0,0.0,0.0,0.0,0.0,0.0,0.0,0.0,0.0,0.0,0
2023-05-26,0.027192475278203926,0.013142205509395908,59.78515216492323,17.950000762939453,0.0959659385938112,0.0033389707085047606,0.009363566454252322,0.008338561596428207,1,-0.45454045693526424,0.01162637785348642,0.0016385595554781708,0.11800003051757812,0.00970590980519766,0.0,1.5147363828904128,0.1288468589421274,-0.44931919703510215,1,-1.122719874541133,1.6659748458290684,0,0.00038061603488593926,0.0456452319782173,0.0,0.0,0.0,0.0,0.0,0.0,0.0,0.0,0.0,0.0,0.0,0
2023-05-30,0.02606838328705167,0.009138931897820382,59.9587278076543,17.459999084472656,0.2722534417597364,0.0033133141434338255,0.009155875247206144,0.008331193469460013,1,-0.6318978550197897,-0.04517758529641315,0.00477384123472221,-0.01900005340576172,-0.00017208602325915023,-0.00038392280013356805,0.9293714705227619,0.08233623896958153,-1.138203918854979,0,-1.368908506704387,1.4407051652899878,-1,-0.005560560019422799,-0.6674377885267525,0.0,0.0,0.0,0.0,0.0,0.0,0.0,0.0,0.0,0.0,0.0,0
2023-05-31,0.019178598761873188,0.0071796098029895195,56.15521954782905,17.940000534057617,0.20723268679729978,0.0090392150241376,0.009191597559560274,0.007992973828375135,1,-0.44567458023886447,-0.019920728423778573,-0.004532029261821002,-0.06099987030029297,-0.008979396943361726,0.0014389328341666869,0.6108511467052284,0.008958617695007335,-1.4003910450108377,0,-1.3614517329407632,1.4048529111846297,1,0.009456288633216247,1.1830736601325744,0.0,0.0,0.0,0.0,0.0,0.0,0.0,0.0,0.0,0.0,0.0,0
2023-06-01,0.027713388165249927,0.014532276270387593,60.726759946445505,15.649999618530273,0.38079729521765726,0.02576663681999054,0.009014985169871068,0.007996181566853772,1,-1.2674978134699093,0.02909246656186189,0.000574300106685149,-0.11100006103515625,0.004210036019235257,-0.00731196394442447,0.4941407765153137,-0.15861358253716967,-0.9149370757385752,0,-1.2189296918573926,0.6405893313708388,1,0.014357553920195634,1.795549018574206,0.0,0.0,0.0,0.0,0.0,0.0,0.0,0.0,0.0,0.0,0.0,0
2023-06-02,0.04075921519330892,0.01119362936305539,66.50553000872183,14.600000381469727,0.8247401382373676,0.03150140852433535,0.009177829484312682,0.008195023551722365,1,-1.5942347751102077,0.023125670053368873,0.006333266069527197,-0.12299990653991699,0.00856669386141279,0.004432024764387413,1.211973790652483,-0.31920063157970524,-0.5262640500004518,1,-2.1769866291618913,0.9771176084343384,0,-0.0019182380084891719,-0.2340732342805372,0.0,0.0,0.0,0.0,0.0,0.0,0.0,0.0,0.0,0.0,0.0,0
2023-06-05,0.03705310764697929,0.007609459034314212,65.11830788098176,14.729999542236328,0.9880236154335371,0.016715660560385853,0.008811362460993679,0.007375528549448258,1,-1.4926751816783845,0.00569886404184349,0.0008407542933130728,-0.11699986457824707,0.0014261843852764384,-0.00019225693155170475,1.347720557688955,-0.1544416510651067,-0.420061375722453,0,-2.028189142664135,0.8821881558943316,0,0.002175291065203278,0.29493318360677606,0.0,0.0,0.0,0.0,0.0,0.0,0.0,0.0,0.0,0.0,0.0,0
2023-06-06,0.037684780292473366,0.006050969196731618,65.98490130477911,13.960000038146973,1.072063767636351,0.018510335590703177,0.008555975230643555,0.007368032623271902,1,-1.732429602833355,-0.005698864041843443,-0.0010070804801537347,-0.0010001659393310547,-0.001963329078864674,0.0012491930239595076,1.3957268212977891,-0.19584005385739206,-0.4945719217260121,0,-2.523673096516531,0.9451834367332226,0,-0.0034638710406634235,-0.47012092868773797,0.0,0.0,0.0,0.0,0.0,0.0,0.0,0.0,0.0,0.0,0.0,0
2023-06-07,0.03259158462838186,0.008228835695873099,63.29024152762343,13.9399995803833,0.9515741115216882,0.02060702456946251,0.00857298359578757,0.007329547237920157,1,-1.748917704659981,0.01095181021826159,0.0009572748174789189,0.14699983596801758,-0.0007610995945561371,-0.000288131202227627,1.990023000323341,-0.23936702486848965,-0.30727405730274804,0,-2.017932606758923,0.8418031917888434,1,0.006030404435820782,0.8227515305592968,0.0,0.0,0.0,0.0,0.0,0.0,0.0,0.0,0.0,0.0,0.0,0
2023-06-08,0.037153640679772774,0.008808516618009757,65.90413702087993,13.649999618530273,0.9563769043662611,0.01718114037206707,0.00837514733166322,0.007363347726995497,1,-1.8108210624843795,-0.017244174573166782,0.00016416554911102745,0.10599994659423828,-0.006677271194969865,-0.007327473541548554,1.4051253408409492,-0.21593822706586324,-0.5872661926062199,0,-2.088473201459372,-0.23552937656303688,0,0.0017927727380282399,0.24347217729971035,0.0,0.0,0.0,0.0,0.0,0.0,0.0,0.0,0.0,0.0,0.0,0
2023-06-09,0.037582787236787166,0.007257490489610824,66.66699350923929,13.829999923706055,0.926122012247693,0.004616359189899536,0.008311379809159332,0.007312624237106338,1,-1.7643058336024726,-0.015835234802188534,0.0019323246644190534,0.053999900817871094,0.0005351255126014065,0.002126643886980919,1.5828051193411998,-0.20224707401067143,-0.859577432474197,1,-2.3911674948942334,-0.02769142938537103,1,0.00903096861564627,1.2349815843134375,0.0,0.0,0.0,0.0,0.0,0.0,0.0,0.0,0.0,0.0,0.0,0
2023-06-12,0.04547657441341754,0.008552308804694398,70.29238182659527,15.010000228881836,1.065587217157796,0.015565565814034987,0.008111785916850436,0.007422754136205289,1,-1.248741716095542,-0.044438740090224194,0.00236988754925165,0.07200002670288086,-0.002835691346357544,0.0006757053838539431,1.6739749017974574,-0.12625987410036202,-1.5414700719620482,0,-2.0957169901259607,0.010764932067561685,1,0.006571339621565478,0.8852954911382808,0.0,0.0,0.0,0.0,0.0,0.0,0.0,0.0,0.0,0.0,0.0,0
2023-06-13,0.05098792192352516,0.006183258523357648,72.6422922970494,14.609999656677246,1.2378236527188369,0.01996161437039719,0.007944335309404553,0.007473618032621978,1,-1.451814112846124,0.03369288097774668,0.0034978806527251488,0.1400001049041748,0.005494718673748858,-0.0028023492708349413,2.113854900937484,-0.1585412174707912,-1.0439642498001864,0,-2.0725693665213014,-0.6760029608194156,0,0.0011899985359819978,0.15922635308951946,0.0,0.0,0.0,0.0,0.0,0.0,0.0,0.0,0.0,0.0,0.0,0
2023-06-14,0.050912409507264965,0.01251201178540609,73.05949868618362,13.880000114440918,1.275039799374479,0.02461548394704259,0.007880328699162957,0.007147406874506198,1,-1.7986151375220545,-0.016704601798411153,0.0008011061628735132,0.012000083923339844,0.0012629862715752963,-0.0031983957878659926,1.7187339848417809,-0.2593670719160346,-1.3155312109735826,0,-2.5430541195489225,-1.5438079588745295,1,0.012321561826227916,1.7239181710776021,0.0,0.0,0.0,0.0,0.0,0.0,0.0,0.0,0.0,0.0,0.0,0
2023-06-15,0.06220866665720881,0.017329378229521304,76.99758643966209,14.5,1.5236981562412293,0.030906641337449803,0.0078632766892061,0.0071643570886067605,1,-1.459273884470642,0.033843047133893404,-0.0019460725619187362,0.01399993896484375,0.019028670794092848,-0.008677472364774409,1.203689109276484,-0.15138829687843636,-0.7814493903918639,0,-2.30841209217009,-2.853516707728606,0,-0.0034121282109280896,-0.4762637325430011,0.0,0.0,0.0,0.0,0.0,0.0,0.0,0.0,0.0,0.0,0.0,0
2023-06-16,0.056891406244360364,0.010558376692030894,73.7674499504858,13.539999961853027,1.462931895636772,0.025701740388493592,0.007493674654962542,0.007143240446302603,1,-1.8904253996289913,0.016292439320637658,0.004656081718288272,0.024000167846679688,-0.005558074663564665,0.0017610835201193752,1.4377608072049075,-0.17006053737408028,-0.5168108683615682,1,-2.3690549558099905,-2.090221928130585,-1,-0.0052016230953704605,-0.7281871375604446,0.0,0.0,0.0,0.0,0.0,0.0,0.0,0.0,0.0,0.0,0.0,0
2023-06-20,0.04991813836123914,0.007639865487548989,69.03341797087063,13.880000114440918,1.1601245413462609,0.011469148677476984,0.007549705330555654,0.007300923037507171,1,-1.711328047725813,-0.017993158895064698,-0.004584174486653277,-0.03600001335144043,0.0031745630399976563,0.00234327249500934,1.1213396475168103,-0.1915249523266094,-0.8180570438825118,0,-2.312083800538928,-1.551344822139314,-1,-0.005136995798886366,-0.7036081241255078,0.0,0.0,0.0,0.0,0.0,0.0,0.0,0.0,0.0,0.0,0.0,0
2023-06-21,0.04319340127336493,0.006115794470911506,64.64402177056272,13.199999809265137,0.7213017385513103,-0.0002391867429749299,0.007576688271061975,0.00748175405906107,1,-2.016176046055427,0.028387542726777716,-0.0023359350485100717,-0.11599993705749512,0.003329446209126721,-0.0045941258585048515,1.0455021336285888,-0.2652737418833272,-0.36128921215278786,0,-2.3228190089263863,-1.9537919129879184,0,0.0036032333103342908,0.4816021037138241,0.0,0.0,0.0,0.0,0.0,0.0,0.0,0.0,0.0,0.0,0.0,0
2023-06-22,0.0455393717600912,0.006918487425508004,66.2631615753655,12.90999984741211,0.4534393421227536,0.002174048031377297,0.007580901128542102,0.006790896903804969,1,-2.083652230621505,-0.04252959469989951,-0.0022787253661081665,0.003000020980834961,-0.0035543679744635477,0.00313019620013928,1.5154976467010621,-0.3613888843139558,-1.0493186615380552,0,-2.26221030393648,-1.365169535847624,-1,-0.00758876491294197,-1.1174891690371958,0.0,0.0,0.0,0.0,0.0,0.0,0.0,0.0,0.0,0.0,0.0,0
2023-06-23,0.03631104009225593,0.005978616349985986,60.03935264173938,13.4399995803833,0.005548786655575455,-0.01773627870779247,0.007658583223031451,0.006816067876457881,1,-1.7434819687267153,-0.005047944078749438,-0.008235308876228822,0.01100015640258789,-0.0028572878277653186,0.0049686120430801495,1.0734751324546283,-0.398995880085058,-1.1037825122484428,1,-2.138607820721875,-0.6400819150152418,-1,-0.004094114981000864,-0.6006555463724333,0.0,0.0,0.0,0.0,0.0,0.0,0.0,0.0,0.0,0.0,0.0,0
2023-06-26,0.0311149557695892,0.007926902676625932,56.94968745853513,14.25,-0.4374008481840681,-0.018418265477865303,0.007503397944016432,0.006837994230197864,1,-1.2805601528133492,0.003031823224082698,-0.0013628384199639808,-0.04999995231628418,0.0032082205296026086,-0.002042892684027928,0.913859872635399,-0.29502344742135184,-1.0323246424474595,0,-1.79554110597386,-0.8231594833255126,1,0.010903742770571573,1.594579705350089,0.0,0.0,0.0,0.0,0.0,0.0,0.0,0.0,0.0,0.0,0.0,0
2023-06-27,0.04116355964331396,0.011302915202807835,62.503006792780454,13.739999771118164,-0.45237269296628657,-0.002312899611923317,0.0075837745974520416,0.006688773411401182,1,-1.4872429116130907,-0.024368402149869475,0.002107095897085766,0.03899979591369629,-0.007781491912143667,-0.0019495529845661155,1.2048158542978245,-0.26727888730174115,-1.3664491073762932,0,-1.9420764401198014,-0.9832753546913164,0,0.0005041913090574656,0.07537862688124422,0.0,0.0,0.0,0.0,0.0,0.0,0.0,0.0,0.0,0.0,0.0,0
2023-06-28,0.04049734472084207,0.006943327476770773,62.74369544205659,13.430000305175781,-0.4752830344407535,0.0033282874960205056,0.007400281116831155,0.0066871857713136345,1,-1.5812296318466037,0.02710351954766955,-0.0025712422443976333,-0.013000011444091797,-0.00027824041687301486,0.004089643433388721,0.7930834666702572,-0.2624214647171689,-0.9196829782493059,0,-2.0112656484741525,-0.35926354910428365,0,0.003933684727781618,0.5882412990892419,0.0,0.0,0.0,0.0,0.0,0.0,0.0,0.0,0.0,0.0,0.0,0
2023-06-29,0.043333027635839044,0.006254115007619237,64.65420721549336,13.539999961853027,-0.40842242345549096,0.0036587389134678074,0.007401100198278957,0.00644914744328766,1,-1.4684707201917633,0.004303593727232923,-0.0009858258140226237,0.05500006675720215,-0.003770500313451493,0.004169631988002177,1.6773611505424224,-0.28138462173297263,-0.8247775295406363,0,-2.0158572260152345,0.3223816641573228,1,0.01173157819530492,1.8190869580204232,0.0,0.0,0.0,0.0,0.0,0.0,0.0,0.0,0.0,0.0,0.0,0
2023-06-30,0.05410510578796527,0.007196359976066775,69.68615793616527,13.59000015258789,-0.07521115438536352,0.022979082021714677,0.007472500890767695,0.006595738972138103,1,-1.394034671552744,0.01110329953992615,0.007572072389534249,0.07999992370605469,0.016298576959211306,-0.004169631988002264,1.407474011299577,-0.1411366532200936,-0.6222109980550287,1,-2.12110945846939,-0.26804976998847385,0,0.0011499607884978586,0.17434878030615572,0.0,0.0,0.0,0.0,0.0,0.0,0.0,0.0,0.0,0.0,0.0,0
2023-07-03,0.05364257124655186,0.003267269793223209,70.13783285372895,13.569999694824219,0.1204076216507195,0.02822315779121347,0.0074537946592544355,0.0059976731253689256,1,-1.3577815320885704,-0.012105801508016404,-0.0008123388918877232,0.13899993896484375,-0.002833324481229878,0.0007770199620409859,1.6282783137597485,-0.07316010348458013,-0.7927354158292782,0,-2.1109038579566435,-0.0758433005423372,0,-0.0014882266640652679,-0.24813359308203284,0.0,0.0,0.0,0.0,0.0,0.0,0.0,0.0,0.0,0.0,0.0,0
2023-07-05,0.05045680386142967,0.004490828267157037,68.71120772995937,14.180000305175781,0.14713688144707238,0.015831188356576587,0.0074566361516216,0.005983618766646495,1,-1.0190383800788376,0.028254457193867853,-0.004245168681749611,0.1770000457763672,0.00162499225264529,0.003682935755196144,2.1428267404820596,-0.03805365677202951,-0.29327420458367764,0,-1.564726421613786,0.6087004072095353,-1,-0.00786152106653408,-1.3138383701801815,0.0,0.0,0.0,0.0,0.0,0.0,0.0,0.0,0.0,0.0,0.0,0
2023-07-06,0.04082180602946808,0.006914453258427858,61.61484397317065,15.4399995803833,-0.10693922170716785,0.007465475980985207,0.0075516561388212985,0.006378447291693982,1,-0.366406668144758,0.00013931521652338637,-0.008407524241834661,0.33099985122680664,-2.391416518914413e-05,-0.0019367157864437802,2.6001725670072386,0.1007654173525649,-0.26474998478163475,0,-1.2565062312438426,0.3933056571131671,0,-0.00252798042191094,-0.39633101019628564,0.0,0.0,0.0,0.0,0.0,0.0,0.0,0.0,0.0,0.0,0.0,0
2023-07-07,0.03652669571200492,0.009896310514817666,59.49792206161747,14.829999923706055,-0.37798672145670675,0.0010038108312926026,0.007566379845179967,0.006343250508975261,1,-0.6496744167748955,0.02828689913027681,-0.002345538754901061,0.1960000991821289,-0.0007233262211340659,-0.008761753370652237,2.4866459868056814,0.06188977577452351,0.2903302287120155,1,-0.9152375884521243,-1.227024589369616,0,0.0025279804219109827,0.3985301278946483,0.0,0.0,0.0,0.0,0.0,0.0,0.0,0.0,0.0,0.0,0.0,0
2023-07-10,0.03734597249953487,0.005117590823042395,60.94303779693174,15.069999694824219,-0.507754008787253,-0.008199786942101437,0.007536277546461665,0.00626152463634475,1,-0.5009416976823928,-0.011849001491944946,-0.0008439606944902582,0.18700003623962402,-0.0024007835768384738,-0.002937677646362029,2.10657778284167,0.09896649870338622,0.11723095718240815,0,-0.6835896833623035,-1.6174957736557796,1,0.006348154270748705,1.013833610997083,0.0,0.0,0.0,0.0,0.0,0.0,0.0,0.0,0.0,0.0,0.0,0
2023-07-11,0.04239894155297016,0.007978119711316803,64.39396233790026,14.84000015258789,-0.4368463783083554,-0.00300159345985058,0.007403858446810733,0.006358758744778323,1,-0.598374612279551,0.02489648236569345,0.0017950679719243754,0.12199997901916504,-0.004933250507616619,-0.0023563865432139302,1.8637087709418114,0.0704861078613246,0.702131471560261,0,-0.9121220440508252,-1.8361625453651809,1,0.008013807430665085,1.2602765963530034,0.0,0.0,0.0,0.0,0.0,0.0,0.0,0.0,0.0,0.0,0.0,0
2023-07-12,0.04922241106719268,0.005762090012831221,68.23683488063082,13.539999961853027,-0.19602661946082378,0.006500440634879768,0.007439822663295379,0.006300207656101958,1,-1.239301778517262,0.012219545827684955,0.008843080196439838,-0.0839998722076416,0.004705074729110672,-0.011965598524406462,1.1199950592476566,-0.10306839622721882,1.0812885185679404,0,-0.7307654836452557,-2.9805489524668802,1,0.007905539279839332,1.2548041530251848,0.0,0.0,0.0,0.0,0.0,0.0,0.0,0.0,0.0,0.0,0.0,0
2023-07-13,0.05578221525767889,0.006517467505323086,71.52755664868211,13.609999656677246,0.13787863094340747,0.022267500981253234,0.007482471175757115,0.006362656861979018,1,-1.1629258315601205,0.01493737671662713,0.004206197646723909,-0.2799999713897705,-0.0027713979993444836,-0.007489176001020683,0.513428005914162,-0.07090141082584342,1.5313654605179654,0,-0.5539146052530868,-2.9002986529497803,0,-0.000623096103255974,-0.09793002160452084,0.0,0.0,0.0,0.0,0.0,0.0,0.0,0.0,0.0,0.0,0.0,0
2023-07-14,0.0531478864869006,0.0063879877247714646,70.90178909340618,13.34000015258789,0.27684208613467476,0.02417238529990839,0.007486549869028399,0.006382308543184125,1,-1.2576204265510016,-0.019303353554000074,0.0020443105507846606,-0.23100018501281738,0.00026057365696547193,0.0014023141203172327,0.8287022895139341,-0.039681911397831116,1.1452900895089042,1,-0.9408459556173014,-2.222792752901068,0,0.0034662812215284994,0.5431068972936565,0.0,0.0,0.0,0.0,0.0,0.0,0.0,0.0,0.0,0.0,0.0,0
2023-07-17,0.054612965604571864,0.006321546727588154,72.35289895855463,13.479999542236328,0.39912615848044997,0.025110686099525853,0.007488212756047263,0.005883411689469147,1,-1.148610757949202,-0.016982378389892278,-0.00033383102792333675,-0.2090001106262207,-0.004275864199236004,-0.0007009494576735545,0.6787445078807103,-0.07294157790109772,0.7639272934851791,0,-1.0124221069892594,-1.9402445960471486,1,0.007403144307724307,1.2583059142225588,0.0,0.0,0.0,0.0,0.0,0.0,0.0,0.0,0.0,0.0,0.0,0
2023-07-18,0.05994221269978371,0.01059027616798827,75.21167027371564,13.300000190734863,0.6139710417515802,0.0261656761365013,0.007470161741660364,0.005942849382267071,1,-1.1972678087328714,0.021348355227265157,-0.0007543967155497834,-0.19099998474121094,0.0036170698206135724,0.0010011624034429384,0.6093919153772315,-0.01788421509809985,1.3897485269790244,0,-1.0294962443837459,-1.6218865923479993,0,0.0022213065959689974,0.3737774113581024,0.0,0.0,0.0,0.0,0.0,0.0,0.0,0.0,0.0,0.0,0.0,0
2023-07-19,0.060117365990276166,0.005096676761870584,76.01686650919365,13.760000228881836,0.7299310788666702,0.02037317530180531,0.0074694908319663765,0.005720146319430432,1,-0.9367841679428499,-0.005294539567523786,0.001803815160851069,-0.11899995803833008,-0.0009614810919221827,0.003396230772367105,0.317242022694552,-0.008683114184629463,1.2910220347273402,0,-1.2413977418396036,-1.216439237790248,-1,-0.006656627137223824,-1.1637142003641323,0.0,0.0,0.0,0.0,0.0,0.0,0.0,0.0,0.0,0.0,0.0,0
2023-07-20,0.051078342292098566,0.008094130039790697,68.81859420699445,13.989999771118164,0.5277562381852361,0.005811008884741899,0.007546980128064315,0.005829263652383967,1,-0.7962879838405272,0.0037090887299437904,-0.002265334730487093,0.09300017356872559,0.0007288518294694288,0.005965403313288791,0.9455874456865058,0.05812595717428681,1.4829145287873815,0,-1.0043362461966476,-0.7034386508140614,0,0.0,0.0,0.0,0.0,0.0,0.0,0.0,0.0,0.0,0.0,0.0,0.0,0.0,0
2023-07-21,0.04899254083465483,0.004423017454100565,68.81859420699445,13.600000381469727,0.32173172218403057,0.00643410498799797,0.007189157823517593,0.005830952400602488,1,-0.9608267949007674,0.0188611022782814,0.003928755159269178,0.017999887466430664,-0.0,0.0018816786366872118,0.8192991932109934,0.05206762775205576,2.0667033372141286,1,-1.1215280745973273,-0.5095145786669374,1,0.00445730275235996,0.7644197383093065,0.0,0.0,0.0,0.0,0.0,0.0,0.0,0.0,0.0,0.0,0.0,0
2023-07-24,0.051586618112160774,0.006032630291309101,70.95232183985698,13.90999984741211,0.247874546254244,0.0074251265188296205,0.007151718459784528,0.005421873804098481,1,-0.7781902207137188,0.02143716255522998,0.00262820457909708,0.06000018119812012,-0.004787536340286801,0.002766514775348219,0.9117451026417712,0.034372691092174834,2.5739264450658945,0,-0.9383912879203032,-0.24541672387097158,0,0.0027262878703150487,0.5028303757181606,0.0,0.0,0.0,0.0,0.0,0.0,0.0,0.0,0.0,0.0,0.0,0
2023-07-25,0.0522728399783524,0.0063015876993736675,72.209463322084,13.859999656677246,0.21208268290510457,0.002748270081420263,0.006764340565887377,0.005204308737048777,1,-0.7772789261993152,0.011239613392143006,-0.0006167014907946895,0.12299990653991699,-0.002503354339412563,0.0,1.2071859774874494,-0.027749937723664162,2.720326447543545,0,-0.8572249540784945,-0.19719503718888964,0,0.0001537898963209208,0.02955043764443427,0.0,0.0,0.0,0.0,0.0,0.0,0.0,0.0,0.0,0.0,0.0,0
2023-07-26,0.05022931452960271,0.007925150433949809,72.2824416228575,13.1899995803833,0.12942803759599286,0.0006807533817722023,0.0067080685271541885,0.004856689084942762,1,-1.089235768098486,-0.010731729729882442,-0.00213199437407243,0.10899996757507324,1.5827850501896808e-05,-0.0045490494718553,0.8070054549541759,-0.04085233522015855,2.3419458763871095,0,-0.9296530303932637,-0.4966125053216563,-1,-0.006652082057490303,-1.3696714458002497,0.0,0.0,0.0,0.0,0.0,0.0,0.0,0.0,0.0,0.0,0.0,0
2023-07-27,0.04129720442004271,0.01743688218241187,64.42702727677047,14.40999984741211,-0.16903475965421588,0.0006852984615056131,0.0067840587859646405,0.005234724212185219,1,-0.45268985661993283,0.016491814562992667,0.00767603423791507,0.15799999237060547,-0.008905950545902565,0.008684523847732521,1.730073695760747,0.07043136616381816,2.641903158304863,0,-0.5933619880168302,0.24631239485126585,1,0.009742700454377282,1.8611643035664711,0.0,0.0,0.0,0.0,0.0,0.0,0.0,0.0,0.0,0.0,0.0,0
2023-07-28,0.04916491622008629,0.011577537401430861,69.63929389790495,13.329999923706055,-0.1275076579369907,0.010427998915882992,0.006654621117012898,0.005512463720680446,1,-0.9709610791793795,0.006099545875976461,0.007463977899411049,0.13200020790100098,0.005390298192502887,-0.0014749390247942252,1.4275642323440425,-0.015631136199634483,2.592891547619594,1,-0.6203241760093151,0.20796346805932797,0,0.0019022098824401747,0.34507373256109974,0.0,0.0,0.0,0.0,0.0,0.0,0.0,0.0,0.0,0.0,0.0,0
2023-07-31,0.04903817257160973,0.004609134821109901,70.55184119871822,13.630000114440918,-0.09420916178570682,0.007872906045963184,0.006555388097508997,0.005025390867262277,1,-0.7903047022956036,0.015026778429613846,0.0010717795948922,0.10199999809265137,-0.0008777448954245127,0.0023589342549690515,1.3383960077064077,0.0029390147136875173,2.7474876068709624,0,-0.5948443322327801,0.48252270130288627,-1,-0.0028655748670867462,-0.5702181662271741,0.0,0.0,0.0,0.0,0.0,0.0,0.0,0.0,0.0,0.0,0.0,0
2023-08-01,0.04417951783719431,0.003855611906909433,67.27305162143281,13.930000305175781,-0.2019709761914621,0.002281043308561275,0.006478118053476123,0.005124004440176993,1,-0.614722247842668,-0.0052705924534539855,-0.0033257709259480266,0.13900017738342285,0.0034009544094280235,0.004310375340513245,1.891498938381181,0.026183358341749556,2.450412692503189,0,-0.35028731834437227,0.9511301193466242,-1,-0.014008573561272816,-2.7339059490997326,0.0,0.0,0.0,0.0,0.0,0.0,0.0,0.0,0.0,0.0,0.0,0
2023-08-02,0.028099096245844214,0.009263952335818738,54.13844578749508,16.09000015258789,-0.7027101853629816,-0.011881320149032405,0.006445338137286243,0.00615732118251886,1,0.5940294628113794,-0.023375487751982435,-0.007101164706767055,0.22699999809265137,-0.023889054072918567,0.0028307236140326336,1.9994387832957319,0.12636542786214527,1.821379375521015,0,0.07766016391481738,1.348992887119257,0,-0.0028698500670830455,-0.4660866830146756,0.0,0.0,0.0,0.0,0.0,0.0,0.0,0.0,0.0,0.0,0.0,0
2023-08-03,0.02367517580144939,0.007619671721857359,51.920767763886246,15.920000076293945,-1.11000310109128,-0.008099088158625171,0.006468284502633077,0.005883530515491412,1,0.5132290809367881,0.025585165778128107,-0.004653785489373396,0.1770000457763672,0.0014445739119910786,-0.00048745111902339825,2.550022645306353,0.030614667789187852,2.2511504995828555,0,0.7017493180693413,1.4095886067876169,-1,-0.004533067348292412,-0.7704659016720982,0.0,0.0,0.0,0.0,0.0,0.0,0.0,0.0,0.0,0.0,0.0,0
2023-08-04,0.017455612169903094,0.014838532976073527,48.550265198319494,17.100000381469727,-1.4804625117439407,-0.022374855961294824,0.006470427664156273,0.00596394053380252,1,1.1915301248743404,0.015453207943668348,0.0041797966289125075,0.09099984169006348,-0.00914435264423217,-0.005084135693926122,1.686031619802528,0.14242633481151257,2.4175447103509424,1,0.5655726601758837,0.878995084704235,1,0.008690605770042596,1.457189445282271,0.0,0.0,0.0,0.0,0.0,0.0,0.0,0.0,0.0,0.0,0.0,0
2023-08-07,0.02441699503616579,0.006389929083920722,54.642158517912684,15.770000457763672,-1.4395150743708571,-0.015586460073692378,0.006524927286265745,0.006205010540390888,1,0.45309937584084703,-0.01068227251884067,0.004243287866415199,0.11899995803833008,-0.00784541624781398,0.0002940795702704096,1.758426750610154,0.045403437614591986,2.074909364360706,0,0.9917459138701755,0.9036480846796028,-1,-0.0043580403672134034,-0.7023410057783414,0.0,0.0,0.0,0.0,0.0,0.0,0.0,0.0,0.0,0.0,0.0,0
2023-08-08,0.018312720868184966,0.012100330235898323,51.35146346689649,15.989999771118164,-1.5007776445761216,-0.017078925573819,0.0065557593896092585,0.006203048811160377,1,0.592393966617439,0.011888963571621945,-0.005852222235395728,-0.02500009536743164,9.03066743825648e-05,0.004692507615797038,1.4213262034660092,0.0746372645103646,2.176890896930513,0,0.718625707065575,1.3221965300742933,-1,-0.006707688034791788,-1.0813516748742567,0.0,0.0,0.0,0.0,0.0,0.0,0.0,0.0,0.0,0.0,0.0,0
2023-08-09,0.010254068298977835,0.009512104883798432,46.7140950485746,15.960000038146973,-1.6835812043035987,-0.009778040047337972,0.006631293983900609,0.006163540000704403,1,0.5908955626182065,0.01769115419565046,0.0006237531584130909,-0.06599998474121094,-0.0038526253266022827,-0.00039021477602060905,1.310381242554875,0.16443732974504885,2.3594983600293773,0,0.29407532468560355,1.1530675723191142,0,0.0003587397458892751,0.05820342916797567,0.0,0.0,0.0,0.0,0.0,0.0,0.0,0.0,0.0,0.0,0.0,0
2023-08-10,0.009368179591359658,0.01569823494093274,46.988945889598234,15.850000381469727,-1.7343647899782741,-0.006549450234365714,0.006627061321567826,0.00587645528752549,1,0.5454424149265532,-0.018897845248431876,0.005458848695310965,-0.10900020599365234,0.0005215234675559982,0.00029265675152226225,1.7315624644850083,0.15236473295317743,1.9064824903713125,0,0.7693477215199229,1.0898314542874687,0,-0.0005831060794180996,-0.09922735026716013,0.0,0.0,0.0,0.0,0.0,0.0,0.0,0.0,0.0,0.0,0.0,0
2023-08-11,0.007441314286329937,0.007517123638273382,46.568527916664955,14.84000015258789,-1.7216668179427543,-0.0025994889654913414,0.006547762176742993,0.005876384911601644,1,-0.018158786223359997,0.004457603210535083,-0.004359987629000529,0.10800027847290039,0.00013252471541976734,0.0031164780362246446,2.240010403434798,0.10655919609558709,1.8892459190123958,1,0.8279847525324393,1.3169306754485381,1,0.005504639974517808,0.936737584407425,0.0,0.0,0.0,0.0,0.0,0.0,0.0,0.0,0.0,0.0,0.0,0
2023-08-14,0.011728232777785992,0.00832380574118129,51.03351092650874,14.819999694824219,-1.4982696030400633,-0.005785454761016264,0.006420877184582499,0.005964093742107511,1,-0.009707399715379355,-0.008207653636332482,-0.0021341403597268096,0.10599994659423828,-0.008867753776962384,0.003397625999040487,2.24021863985663,0.09477052775035162,1.6711959546388249,0,0.5774917081733905,1.586962920866339,-1,-0.011717102976253627,-1.9646041522599675,0.0,0.0,0.0,0.0,0.0,0.0,0.0,0.0,0.0,0.0,0.0,0
2023-08-15,-0.0008039982455783593,0.009799333269940175,42.850589210068065,16.459999084472656,-1.6244919268225249,-0.013144517370056497,0.0065444952505366,0.006191799414233459,1,0.9879224869636578,-0.018593860122389717,-0.004114442866415594,0.19500017166137695,-0.0033669252257640023,0.00019376592035990066,2.3432695779429027,0.21316909005890172,1.3098484876692467,0,1.089160437643515,1.5342903405867574,-1,-0.0073653353512909275,-1.1895287562242822,0.0,0.0,0.0,0.0,0.0,0.0,0.0,0.0,0.0,0.0,0.0,0
2023-08-16,-0.008767937423166563,0.010576821357361654,38.69079052776667,16.780000686645508,-1.8381070662009589,-0.013802164686555676,0.0066256876526473605,0.006278598932161121,1,1.1841346355918136,-0.020079251129936113,-0.0009715333016177178,0.24599981307983398,-0.003949219843226364,0.0020326105557280554,2.415776996614184,0.19842189282047876,0.9511689469999541,0,1.2975931150125817,1.6851314671296729,-1,-0.007649020755429081,-1.2182667909524123,0.0,0.0,0.0,0.0,0.0,0.0,0.0,0.0,0.0,0.0,0.0,0
2023-08-17,-0.016757426858276064,0.013018846557418853,34.92708525389685,17.889999389648438,-2.0972709869037294,-0.021809925187873936,0.006716405500344219,0.006323270540832523,0,1.8342780828571799,0.01264336999299781,0.0034514295404622936,0.22800016403198242,-0.010876726629576235,0.0001934088027096891,2.532010565002224,0.24589909108671376,1.1181010378771867,0,1.7533085117645113,1.554789344322947,0,0.00048117963061039564,0.07609651786018078,0.0,0.0,0.0,0.0,0.0,0.0,0.0,0.0,0.0,0.0,0.0,0
2023-08-18,-0.016795098409628385,0.010446729802047439,35.35160150666094,17.299999237060547,-2.1471806066581554,-0.020745639477845548,0.00652832571626892,0.006331344520472835,0,1.5263511183696705,0.010641038462359106,-0.0067153403296680856,0.08299970626831055,0.0006947991179923006,-0.0005802648656852326,2.080841645946715,0.2406366366119353,1.2475095358782138,1,1.6472483907074047,1.3491905997041063,1,0.00648523112127287,1.0243038990002007,0.0,0.0,0.0,0.0,0.0,0.0,0.0,0.0,0.0,0.0,0.0,0
2023-08-21,-0.0109237610539757,0.010902667790937608,40.96139117267304,17.1299991607666,-1.896308541377188,-0.019765048331090423,0.00647641117730708,0.006451334245332325,0,1.5664778149034115,-0.006544430041808612,0.0024025957539547107,0.15799999237060547,-0.002777993306220491,-0.00048372525334603947,2.4287842899238834,0.20822326837830457,1.109407489253579,0,1.9444016421703008,1.1674306934490002,0,-0.002712177460964263,-0.4204050129438647,0.0,0.0,0.0,0.0,0.0,0.0,0.0,0.0,0.0,0.0,0.0,0
2023-08-22,-0.014039553268296692,0.008239154175168975,39.41798841171199,16.969999313354492,-1.7141488524075443,-0.010760122815801116,0.006420391964330961,0.006370691241444442,0,1.5709480515095937,-0.004594317974920206,0.004179457802128594,0.10699987411499023,0.0019397190408682239,0.002223363361817772,2.2102299745025924,0.2024400697928225,1.0035750027176145,0,1.5101072378119007,1.3485228690172633,1,0.011076036046786699,1.7385897763862816,0.0,0.0,0.0,0.0,0.0,0.0,0.0,0.0,0.0,0.0,0.0,0
2023-08-23,-0.003544243035502338,0.010315345093584559,48.06103890280247,15.979999542236328,-1.2065492189467342,0.007681248582276498,0.0063681279357367775,0.006996579723794982,1,0.9294042728362895,-0.018337603822861738,0.0025072780268169505,-0.059999942779541016,-0.005340210320895962,-0.0019330853691411304,1.4702499468674406,0.19187897677611324,0.6966704099592415,0,0.8107884993835824,1.0457509330057437,-1,-0.013956053208449988,-1.9946936663995445,0.0,0.0,0.0,0.0,0.0,0.0,0.0,0.0,0.0,0.0,0.0,0
2023-08-24,-0.017435831315863085,0.019135287117669448,40.27528249485574,17.200000762939453,-1.1981014880820005,0.0013742161292555574,0.006652501937947266,0.007460963747748746,0,1.8409117318291393,0.002026132890635851,0.003739881784068937,-0.07299995422363281,-0.01162568637422256,0.00598055930058945,1.5957199668584647,0.17698702875394853,0.7016677456606123,0,0.8939719249841708,1.7929516866181892,1,0.007025173748502817,0.9415893938271226,0.0,0.0,0.0,0.0,0.0,0.0,0.0,0.0,0.0,0.0,0.0,0
2023-08-25,-0.010704991700651647,0.014319130339544378,45.08144288312839,15.680000305175781,-0.9318991961519809,0.007918210247148191,0.0066497968856967125,0.007262676719117249,1,0.7798174260199503,0.009818794333739538,0.004088829400317447,-0.012000083923339844,0.010885252267375219,0.0009612465570264075,1.5603030447238717,0.16236890591786227,0.8266907500732575,1,0.6340427268418667,1.7701110890317953,1,0.006321360632063928,0.8703887247985639,0.0,0.0,0.0,0.0,0.0,0.0,0.0,0.0,0.0,0.0,0.0,0
2023-08-28,-0.004511985692761415,0.0077468438886269435,49.0788512925975,15.079999923706055,-0.5338487743401112,0.007754339757939333,0.00659368006422439,0.007448959363557262,1,0.32354231422585,0.003376438430007358,0.005146175115457716,-0.13000011444091797,-0.005852545097369111,-0.00019221939637929734,1.3818985618917634,0.10109610341583644,0.8509772333191438,0,0.6481458019308038,1.5821777308691745,1,0.01435139071550878,1.926627700433347,0.0,0.0,0.0,0.0,0.0,0.0,0.0,0.0,0.0,0.0,0.0,0
2023-08-29,0.009437357204940265,0.0155624291899586,56.839620933393064,14.449999809265137,0.1497142142121588,0.024817907934412353,0.0065934664193423986,0.008254687233650016,1,-0.16465401196675666,0.013146725055070738,-0.0002484128735929274,-0.20599985122680664,0.004441394796286731,-0.0049130150876944625,0.8917100428479124,0.03664959165927324,1.0278161038137776,0,0.9009842272430553,0.7074549934905875,0,0.004110238304144395,0.49792720287658,0.0,0.0,0.0,0.0,0.0,0.0,0.0,0.0,0.0,0.0,0.0,0
2023-08-30,0.012965236593964804,0.006407872521364578,58.794521747772436,13.880000114440918,0.6955880243731758,0.017852110191770104,0.006596202337035615,0.0077057291570299166,1,-0.5952211686338023,0.005774247736830996,0.0007788267757957763,-0.07999992370605469,-0.002119093122934121,-0.0037734008004793452,0.8422084528968325,-0.14774900716400954,1.084294885851224,0,0.63768086514259,0.03988998252690497,0,-0.0014645253146765747,-0.19005643518837434,0.0,0.0,0.0,0.0,0.0,0.0,0.0,0.0,0.0,0.0,0.0,0
2023-08-31,0.010783130065289494,0.005928684076763408,57.788813386843024,13.569999694824219,0.9702437750860864,0.030343638085543606,0.0066016614379526455,0.0076836207936908695,1,-0.8277073311354535,0.02420546673482652,0.0014179329847798013,-0.1420001983642578,0.001051593677349718,0.004449171380475575,0.6860191046657288,-0.15971473385079643,1.4250059702736353,0,0.8038836102068706,0.709697480708303,0,0.001863620275155807,0.24254422488467955,0.0,0.0,0.0,0.0,0.0,0.0,0.0,0.0,0.0,0.0,0.0,0
2023-09-01,0.01200172428505728,0.008843327047059962,58.755820742997436,13.09000015258789,1.1507622897611758,0.02518208461219653,0.006577633469805378,0.007610424733527847,1,-1.1764467749517697,0.022698761459047576,0.006242438699940134,-0.06599998474121094,-0.0020237820284282715,0.0059655244302698725,1.0700526362132128,-0.2672298942381477,1.7212705073744305,1,1.3917977179553245,1.6086498952509545,-1,-0.00433137941131599,-0.569136923576002,0.0,0.0,0.0,0.0,0.0,0.0,0.0,0.0,0.0,0.0,0.0,0
2023-09-05,0.006903781053174301,0.0042070701004898806,55.57319565473752,14.010000228881836,1.0882082810419322,0.014529344568816526,0.006579286549350495,0.0074265225451951595,1,-0.47814850246458124,0.013237529032623712,-0.0010201087881222713,0.0560002326965332,0.005684239099565116,0.005453251565242906,1.5131507399651516,-0.11833805331649763,1.850322612920429,0,1.5209156561845063,2.2900750058047006,-1,-0.0067450970563304805,-0.9082431155161965,0.0,0.0,0.0,0.0,0.0,0.0,0.0,0.0,0.0,0.0,0.0,0
2023-09-06,-0.0005272244064108294,0.010532948308398671,50.968719542843004,14.449999809265137,0.8081498188543177,-0.00656714320302282,0.006649952203436794,0.0075161251687294395,1,-0.14875352191458477,0.009757277178099374,-0.0018715261490081644,0.1679997444152832,0.00182570702590616,0.0004769690765724177,1.566953687217004,-0.10126911117300515,1.9183601910142396,0,1.1470972912805522,2.0448381158797746,0,-0.0030749951638414873,-0.4091191942149835,0.0,0.0,0.0,0.0,0.0,0.0,0.0,0.0,0.0,0.0,0.0,0
2023-09-07,-0.0039831686142312705,0.0062942289638121445,48.9858534285182,14.399999618530273,0.5063065284754996,-0.013752376671008903,0.006575604908885284,0.007395614583922622,1,-0.17950210062850572,-0.007683062332156812,-0.006994142413452377,0.1420001983642578,0.0008284402571880132,0.0019054593225865462,1.3625033711111176,-0.10285741432082249,1.7401202324192342,0,1.4384086067822586,2.0532766332964454,0,0.0015048874412468115,0.20348348191149296,0.0,0.0,0.0,0.0,0.0,0.0,0.0,0.0,0.0,0.0,0.0,0
2023-09-08,-0.002890803782236532,0.005790955817667045,50.01003207188571,13.84000015258789,0.3312223252387137,-0.010782963915085424,0.006528431589055357,0.007403801132772462,1,-0.5991748658749618,0.007340317070030951,0.00011229691254400153,0.16499996185302734,-0.0011519860365481725,0.00028549874253551563,1.3041142590377839,-0.13560656317611994,1.7864381960265108,1,0.9992476452073432,1.874325390211083,1,0.006555094533770197,0.885367605442354,0.0,0.0,0.0,0.0,0.0,0.0,0.0,0.0,0.0,0.0,0.0,0
2023-09-11,0.0032024945854433823,0.005128749538102246,54.328602029627156,13.800000190734863,0.3833224957394812,-0.006091489656470979,0.006576051530742424,0.007547098873648279,1,-0.6284794964856998,-0.002517177723412052,0.006086656219692949,0.11500024795532227,-0.005399201961762922,-0.004960390338031698,1.4046573213743239,-0.07265764203691136,1.6904559401428076,0,1.2821306423601786,1.0151554857381018,-1,-0.005500667177699662,-0.7288442859100607,0.0,0.0,0.0,0.0,0.0,0.0,0.0,0.0,0.0,0.0,0.0,0
2023-09-12,-0.0024215927068679537,0.007040481175842671,50.39244546894713,14.229999542236328,0.24197044088681707,-0.0072607774228545365,0.006433346009264343,0.007549864313502899,1,-0.29478804529985286,0.01760103856922371,-0.0033504166795116233,-0.004000186920166016,0.0023318493190393466,0.0013379148638041805,1.2433876825076833,-0.04062521934293796,1.8893310408632695,0,1.0055245087795028,1.1091737813537634,0,0.0011651965083439599,0.15433323257580778,0.0,0.0,0.0,0.0,0.0,0.0,0.0,0.0,0.0,0.0,0.0,0
2023-09-13,-0.001380048770658867,0.005890136447765189,51.19729420561326,13.479999542236328,0.1699108076975449,0.0006495161418198283,0.006417038366800689,0.007052013670041183,1,-0.8687054866557792,-0.003608480544858315,0.000515484833919392,-0.0409998893737793,-0.00103052350241393,0.0005728237679779794,1.1298367911015974,-0.19972606810214588,1.7548391030641612,0,0.9729095316868455,1.0868051617083032,1,0.008585509697156582,1.217453329549934,0.0,0.0,0.0,0.0,0.0,0.0,0.0,0.0,0.0,0.0,0.0,0
2023-09-14,0.006904896316624152,0.007460665824783799,56.78770840531036,12.819999694824219,0.34993763674598083,0.012310021002817863,0.0064646318562796,0.007028678614666608,1,-1.3433839401039065,0.018357433089449215,0.0057170731932920955,0.0279998779296875,0.006460638052756372,0.006090103684779919,1.2889831797772537,-0.26918131427166997,1.9569766652962943,0,0.9411082398150346,1.7766660515478097,-1,-0.012121324598614674,-1.7245499499467618,0.0,0.0,0.0,0.0,0.0,0.0,0.0,0.0,0.0,0.0,0.0,0
2023-09-15,-0.005460990067911259,0.010284858264683639,48.37685719910116,13.789999961853027,0.10595598499933473,-0.0013161910370436858,0.006628567079475964,0.007387176952771185,1,-0.6209095912228882,0.0067428872062673595,-0.003654172037847967,0.06400012969970703,-0.02920083240559883,-0.0008542112781683579,1.41974651621134,-0.2602981743647823,1.9641309856216305,1,1.0660947352677124,1.465357107559019,0,0.0005863153154974238,0.07936922664147236,0.0,0.0,0.0,0.0,0.0,0.0,0.0,0.0,0.0,0.0,0.0,0
2023-09-18,-0.0051732293711916275,0.005432463168820086,48.76983655877472,14.0,-0.040692224926185794,-0.007284970255316588,0.006615120790067679,0.007386840004885734,1,-0.480859835237687,0.007791608294717611,-0.0007219744336019529,0.03099966049194336,-0.000605595382755837,-0.001140060435999011,1.3570703250567073,-0.21164912778792727,2.0004978034551475,0,0.7172648495980343,1.1777822529503088,0,-0.002076260100183368,-0.2810751671971286,0.0,0.0,0.0,0.0,0.0,0.0,0.0,0.0,0.0,0.0,0.0,0
2023-09-19,-0.0074411668807977905,0.007567044268653153,47.39494310773591,14.109999656677246,-0.19155579121005228,-0.003860563177800255,0.006541166330246715,0.0072989434007657466,1,-0.40701154659254,-0.0030655422323710565,-0.002144024090845154,0.10099983215332031,0.0006563953803640407,0.0,1.5442119093621574,-0.1939475218111543,1.8840056941610237,0,0.8503872735563178,1.0738133858376144,-1,-0.009235556149670995,-1.2653260875322312,0.0,0.0,0.0,0.0,0.0,0.0,0.0,0.0,0.0,0.0,0.0,0
2023-09-20,-0.01646592408563807,0.013701462622925372,41.783965774056796,15.140000343322754,-0.5315503059162232,-0.014261315835815122,0.006634321153690132,0.007592622483770507,1,0.3800748647113958,-0.010138925189995375,0.002932486054686148,0.09999990463256836,-0.0062406222723361306,-0.00038023660865774264,1.4225287277061083,-0.1141067680979794,1.6764960817388521,0,0.34028570991249907,0.9232496086541592,-1,-0.01666678829530997,-2.1951264374952637,0.0,0.0,0.0,0.0,0.0,0.0,0.0,0.0,0.0,0.0,0.0,0
2023-09-21,-0.032155490753874576,0.010987714303581753,34.05038037572514,17.540000915527344,-1.1677788879125928,-0.03951361382828161,0.006841432370486631,0.008028896001658103,0,2.1142747653118104,-0.007225883702320368,-0.006725414454543961,0.1919999122619629,-0.029751038815999397,0.0019000285421893555,2.0172778125079347,0.09314612744848624,1.5357948867940343,0,1.441436677634616,1.1139549443635086,0,-0.0022509482980738313,-0.28035554253704964,0.0,0.0,0.0,0.0,0.0,0.0,0.0,0.0,0.0,0.0,0.0,0
2023-09-22,-0.033570133369817574,0.009548849358582865,33.16597889001824,17.200000762939453,-1.5651895327751186,-0.029643237527740757,0.006846382204037255,0.007452616749340173,0,1.7771226124958752,0.00445287983582428,0.0024542853158032295,0.11600017547607422,-0.0033481196365092885,0.002085913510251903,1.7501823633252371,0.0,1.5637904742665627,1,1.1610769957935385,1.2912924139593986,0,0.00419641263886347,0.5630783319767093,0.0,0.0,0.0,0.0,0.0,0.0,0.0,0.0,0.0,0.0,0.0,0
2023-09-25,-0.0288313686109056,0.00821319136278352,36.48147069505855,16.899999618530273,-1.6165516095147012,-0.026033140204374614,0.006849135363881405,0.0073266662013484665,0,1.4971935634000517,-0.003895152394691035,-0.002908324634306409,0.22300004959106445,-0.0005512870105187866,0.003970117373779511,2.168643071608358,0.07492756497185167,1.4671851630652866,0,2.0714746861861024,1.6583752214161904,-1,-0.014800292423267209,-2.020055481712599,0.0,0.0,0.0,0.0,0.0,0.0,0.0,0.0,0.0,0.0,0.0,0
2023-09-26,-0.04209288967639827,0.011270823366942786,30.723171265754686,18.940000534057617,-1.9494011656370618,-0.038757172527458555,0.0069240174772401885,0.0077685353711601825,0,2.7345905120173843,0.00788585289105018,-0.007291241734580036,0.19300031661987305,-0.018713025550812244,0.002167492280471816,2.139817365874594,0.22790675843474192,1.5517612513700036,0,2.4573582604522812,1.7164282345505342,0,0.0003990587765118284,0.051368532646187216,0.0,0.0,0.0,0.0,0.0,0.0,0.0,0.0,0.0,0.0,0.0,0
2023-09-27,-0.04056493035691405,0.012627637687967208,31.036975148815415,18.219999313354492,-2.0334774949404437,-0.029122557601275766,0.006921462976500932,0.006812510995478547,0,2.120780386388491,0.035751087489206496,0.0028371324325014,0.27699995040893555,0.0006350059507487007,0.00413335307925102,2.331408210202067,0.23182545278665345,2.0747426660666046,0,2.3077439571232445,2.00822022232548,1,0.00578068768645704,0.8485386966577672,0.0,0.0,0.0,0.0,0.0,0.0,0.0,0.0,0.0,0.0,0.0,0
2023-09-28,-0.03391140893559578,0.012554851630598815,35.601699533413765,17.34000015258789,-1.8103122658954032,-0.006675081619508611,0.006969478950292559,0.006906953599422026,0,1.48171423427571,-0.02125330795910164,-0.001338728865572681,0.11700010299682617,0.004787895883292192,-0.00422751298532157,2.0753361888744126,0.22256701682847746,1.6713098783150953,0,2.489050720963787,1.4240622192360652,0,-0.0024299021001893063,-0.3518046772959163,0.0,0.0,0.0,0.0,0.0,0.0,0.0,0.0,0.0,0.0,0.0,0
2023-09-29,-0.035250744826252366,0.013895392272730787,34.56429757654662,17.520000457763672,-1.6192664943896133,-0.006854035421623988,0.006907238002828124,0.006903580129817429,0,1.5439298840623619,-0.010082257120324335,0.007324007092815406,0.13499975204467773,-0.004314817503457834,-0.0004708607074283352,1.8685804009374616,0.2554816602785348,1.4684781234813178,1,2.4144532624825743,1.3111762413006747,0,-0.0003977235883838204,-0.05761112419840871,0.0,0.0,0.0,0.0,0.0,0.0,0.0,0.0,0.0,0.0,0.0,0
2023-10-02,-0.03461994344002572,0.009688550869605735,34.38791918786599,17.610000610351562,-1.4008599353200393,-0.011448171648871401,0.0069016370549619755,0.006847854254337126,0,1.5395381303253068,-0.02193731103961071,-0.002013787194289547,0.14100027084350586,-6.333903522555388e-05,0.00685226652584993,2.2191543055594365,0.29661836558885,1.0763712302088368,0,2.334918630797094,2.1231847959305665,-1,-0.013476435367207298,-1.9679764181470065,0.0,0.0,0.0,0.0,0.0,0.0,0.0,0.0,0.0,0.0,0.0,0
2023-10-03,-0.04620598746298543,0.017054490153612847,29.0212725303207,19.780000686645508,-1.516870683781312,-0.010124314592811405,0.007094166573294841,0.007266111655471601,0,2.6602836018675107,0.0046054971051253885,-0.0052793747746763845,0.24399995803833008,-0.014497507497504905,0.0009350021570161637,2.53267466760451,0.3448999842227475,1.124267046937249,0,2.7483808780596637,1.9297653190270108,1,0.0072557076807560576,0.9985667767195032,0.0,0.0,0.0,0.0,0.0,0.0,0.0,0.0,0.0,0.0,0.0,0
2023-10-04,-0.03799024888963344,0.011467986330689245,34.89418049406969,18.579999923706055,-1.2892173543240162,-0.00326766568856725,0.007110269928000606,0.007555018595714198,0,1.8673415946644008,-0.05778490630519061,0.0011380447138030947,0.10900020599365234,0.0013366499429522858,-0.0018708793613008015,2.1322965531683673,0.2513913279206555,0.14944100248249975,0,2.6669275967096295,1.4718072628113896,0,-0.0003770759661422751,-0.04991059416455181,0.0,0.0,0.0,0.0,0.0,0.0,0.0,0.0,0.0,0.0,0.0,0
2023-10-05,-0.037069884545978954,0.00989394979847622,34.732785121129595,18.489999771118164,-1.0549675890197645,-0.009425429341166667,0.007019401986586148,0.0075645344253402495,0,1.7376635456694471,-0.022939859904561943,-0.0007069646453673161,0.11999988555908203,0.00027408683309619174,-0.004410472217120931,1.9665137088966562,0.2500018529293498,-0.24617190220786891,0,2.53565311278307,0.777000852179251,1,0.011802971293693128,1.560301669212847,0.0,0.0,0.0,0.0,0.0,0.0,0.0,0.0,0.0,0.0,0.0,0
2023-10-06,-0.024692005868488735,0.024514593681197534,43.579918724465266,17.450000762939453,-0.5047897439585398,0.004807444052715682,0.007118339558537217,0.008154944538721303,0,1.1224480499486003,0.00581471488570491,-0.005977692881179453,0.2109999656677246,0.016352242354990384,-0.002731092828867336,2.1285314187465976,0.23177673115523387,-0.17341879711450023,1,2.4205635739144347,0.3423131275561781,1,0.0063818314305041516,0.7825710615800469,0.0,0.0,0.0,0.0,0.0,0.0,0.0,0.0,0.0,0.0,0.0,0
2023-10-09,-0.017420508902393175,0.013578835969273858,47.74231415167808,17.700000762939453,0.07405917114925842,0.011586999071603704,0.007176835504557263,0.008145855978007368,0,1.2187121395072866,0.042448843526906935,-0.004573473689739326,0.11399984359741211,-0.0024892880747395024,0.000377153644008798,2.078771679058178,0.2488960766991806,0.5201970783706075,0,2.2794239776343588,0.31804715611889345,0,0.005191294896654101,0.6372919602004045,0.0,0.0,0.0,0.0,0.0,0.0,0.0,0.0,0.0,0.0,0.0,0
2023-10-10,-0.011333757687542282,0.010793027912690921,50.931916911147724,17.030000686645508,0.6094343885300533,0.030254729335465056,0.0071967625642219745,0.008230865807617414,0,0.8202373399669962,-0.004757723350522214,0.0015024308361085404,-0.14699983596801758,-0.0027514085723647965,-0.0023594932911438103,1.5012333622797016,0.17962415506151114,0.4095057954163884,0,2.160181266731423,-0.1293262980443163,0,0.0040878701581288845,0.4966506910899677,0.0,0.0,0.0,0.0,0.0,0.0,0.0,0.0,0.0,0.0,0.0,0
2023-10-11,-0.00644503629404432,0.007792431791829051,53.3573562612934,16.09000015258789,1.0590336728322929,0.027086891812837965,0.007147182355524185,0.008299315429675594,0,0.2765745193160493,-0.029271573766282092,0.0025281821070867166,-0.1400003433227539,-0.005943613398005529,-9.451581541042123e-05,1.2423314227185016,0.17699089896225983,-0.14669796919611774,0,1.4991174284795996,-0.2483549882668189,-1,-0.006115110098297545,-0.7368201367826799,0.0,0.0,0.0,0.0,0.0,0.0,0.0,0.0,0.0,0.0,0.0,0
2023-10-12,-0.011832189731063996,0.014089344878397225,49.42552682204728,16.690000534057617,1.154240839569133,0.021348857680682714,0.007172188782595057,0.008055109639888246,0,0.5899914886770665,-0.006971112321425114,0.001442864531434652,-0.005000114440917969,0.0023885280800984544,0.007062508777175011,1.645796645463808,0.2638033419845415,-0.30997504885350236,0,1.715397736644085,0.9295927624945881,-1,-0.0049932273463283595,-0.6198824560720781,0.0,0.0,0.0,0.0,0.0,0.0,0.0,0.0,0.0,0.0,0.0,0
2023-10-13,-0.01604722130068858,0.015225972941410714,46.43339852605827,19.31999969482422,1.050631383894284,0.004552659040661265,0.007152154292168407,0.007721129489637894,0,1.9727973369220613,0.05605216933477332,0.0035679157150892093,-0.1549997329711914,-0.0023251416250744668,0.000750415855463118,1.2888314096811841,0.33719712394959134,0.7392968229283722,1,1.395743465992579,0.96685994299836,1,0.01046641877806628,1.3555536449137684,0.0,0.0,0.0,0.0,0.0,0.0,0.0,0.0,0.0,0.0,0.0,0
2023-10-16,-0.00527733721694796,0.008187338900693897,52.889078243622855,17.209999084472656,1.2398871291894693,0.008637246388223196,0.007296236689305587,0.0081558313335091,0,0.783659432649329,-0.01181543706247282,0.005362135329833964,-0.08500003814697266,-0.008625904745572649,-0.0038517936041772755,1.5657796562481319,0.20643322741078285,0.4755928033685474,0,1.5166064224373201,0.18059310179570795,0,-4.592384037330002e-05,-0.005630791293672828,0.0,0.0,0.0,0.0,0.0,0.0,0.0,0.0,0.0,0.0,0.0,0
2023-10-17,-0.004727889251092322,0.013049866026274868,52.85881949830008,17.8799991607666,1.3178870203617863,0.0034000276511959348,0.00726698872633547,0.00815256825715897,0,1.1167068058843994,0.0,-0.0074351855151642285,0.1919999122619629,4.087249311972615e-05,9.414218399375051e-05,2.0137748456246305,0.2367989812755286,0.45124231734744263,0,1.5765746142616082,0.11170585246919437,-1,-0.01341458167806831,-1.645440406081187,0.0,0.0,0.0,0.0,0.0,0.0,0.0,0.0,0.0,0.0,0.0,0
2023-10-18,-0.017228847501588426,0.01415586913100911,44.842442374051046,19.219999313354492,0.9609087948435717,-0.014102424185001327,0.007437685565163211,0.00843002783493044,0,1.7776824228275356,0.018974120503322253,-0.004205791441129101,0.30900001525878906,-0.0038842254405997124,0.0030072355647203807,2.1329656272027897,0.2386110971307347,0.821747201942494,0,1.9425110810696806,0.7018922384094172,-1,-0.008825168172129872,-1.0468717157546057,0.0,0.0,0.0,0.0,0.0,0.0,0.0,0.0,0.0,0.0,0.0,0
2023-10-19,-0.025073037862588878,0.01662640165951276,40.53526202333247,21.399999618530273,0.4733889091165877,-0.016812482258833774,0.007506317998603885,0.007821988184277933,0,2.7481650745555832,0.01181850705256384,0.001718724573277502,0.2760000228881836,-0.016907509615324272,-0.0030072355647205343,2.339209644999342,0.19890686506154004,1.0437770579560768,0,2.4655093815155618,-0.158679094038337,-1,-0.012364273110648152,-1.5807051880298444,0.0,0.0,0.0,0.0,0.0,0.0,0.0,0.0,0.0,0.0,0.0,0
2023-10-20,-0.03603257668438916,0.012963322825820913,35.45166776971337,21.709999084472656,-0.161790483842144,-0.024183528023153524,0.007614142139185906,0.008250951499938703,0,2.680973320209135,-0.006961657770482004,-0.001055894593503055,0.2949995994567871,-0.022636540680148365,-0.0008473832844427251,2.0007870964605883,0.23286351354308168,0.8624919820642728,1,2.4230404624116573,-0.5273052731828601,0,-0.0017347647887449677,-0.2102500161657348,0.0,0.0,0.0,0.0,0.0,0.0,0.0,0.0,0.0,0.0,0.0,0
2023-10-23,-0.03666169018694421,0.01581606942208435,34.7969243125285,20.3700008392334,-0.5768757789510381,-0.036384711589964584,0.0074791814476537904,0.008157234801834152,0,1.9389281770841884,-0.037424043305457406,-0.003758420953257301,0.12599992752075195,2.671977183745836e-05,-0.00585738786786636,1.6261464983789824,0.18674967208133886,0.03966538855521956,0,2.0668420801447973,-2.0576587327435214,1,0.007511208525353357,0.9208021467817744,0.0,0.0,0.0,0.0,0.0,0.0,0.0,0.0,0.0,0.0,0.0,0
2023-10-24,-0.028378827207390777,0.009631086190347556,39.980572892989166,18.969999313354492,-0.5896859168694419,-0.028827579224238006,0.007554902202455787,0.007740350772007363,0,1.226665148845565,-0.020682649969346264,0.00519516318383035,-0.006999969482421875,-0.0055387068142808684,0.006892957143663121,1.5802745110584495,0.0015826317952609666,-0.4066565366246533,0,1.9815446749270984,-0.127414287455184,-1,-0.014456314629001495,-1.8676538542340366,0.0,0.0,0.0,0.0,0.0,0.0,0.0,0.0,0.0,0.0,0.0,0
2023-10-25,-0.041277910184412035,0.011735180355201049,34.34143165839208,20.190000534057617,-0.9205335770189889,-0.029869312175171105,0.00774317528658721,0.00836115754903446,0,1.7375222504130472,0.01951225569098259,-0.004115931722089371,0.04900026321411133,-0.002801883281532105,0.00244363036845258,1.9059209512192037,0.10266760463088648,-0.010151190249668584,0,2.170375168312062,0.5900887929794608,-1,-0.012046730832678652,-1.4407952910918282,0.0,0.0,0.0,0.0,0.0,0.0,0.0,0.0,0.0,0.0,0.0,0
2023-10-26,-0.05164562675107964,0.013889178616641955,30.528105970245406,20.68000030517578,-1.3644643719299343,-0.03309087483571994,0.007693126547529152,0.008547575720607685,0,1.8745175071243936,-0.025861468861977484,-0.0026376761003477156,-0.14300012588500977,-0.015464405380657575,0.0006568732533501358,1.4632730636062572,0.1761510842451189,-0.5865452314550634,0,1.9271364526679717,0.7182332375750297,-1,-0.004543148007225397,-0.5315124241775261,0.0,0.0,0.0,0.0,0.0,0.0,0.0,0.0,0.0,0.0,0.0,0
2023-10-27,-0.05489821452402621,0.013124609780278991,29.22118020979366,21.270000457763672,-1.6592830678161876,-0.025269749732297245,0.007701594495435253,0.008567522363639137,0,2.0300155644208915,0.02761659159195094,0.003967359034707227,-0.07899999618530273,-0.004064917502390733,-0.0003753135366989536,1.4091045690567752,0.19395453909740132,-0.004840391817086682,1,1.8790033293615378,0.5579102324836381,1,0.01188498724830595,1.387212413547008,0.0,0.0,0.0,0.0,0.0,0.0,0.0,0.0,0.0,0.0,0.0,0
2023-10-30,-0.04274500799964125,0.010731710325991581,36.86396016561772,19.75,-1.4220050915329785,-0.011649997695246505,0.007878816937646386,0.009111713471167193,0,1.3175497078487792,-0.03849153617823873,0.006988399537342499,0.037000179290771484,-0.0035493190609534766,-0.0041376287295944916,1.4639165264529654,0.11468653417964349,-0.8387736483678724,0,1.7931536642697918,-0.5333469292123089,0,0.006260528087772362,0.6870849524333075,0.0,0.0,0.0,0.0,0.0,0.0,0.0,0.0,0.0,0.0,0.0,0
2023-10-31,-0.03586294000215986,0.010330002864945207,40.53942663698995,18.139999389648438,-1.0026937836987582,-0.012900678132827269,0.007833496793516049,0.008797233570728862,0,0.5969391823539264,-0.015796580982289202,0.0014185532897349293,0.034999847412109375,-0.003913636267024831,0.005075684355487328,1.4148309616276376,-0.08655194986842973,-1.163813250006873,0,1.544624946765475,1.1117570869940885,1,0.010608301333944867,1.205866502235081,0.0,0.0,0.0,0.0,0.0,0.0,0.0,0.0,0.0,0.0,0.0,0
2023-11-01,-0.024953474676556654,0.011474958741052052,46.29314690036981,16.8700008392334,-0.3745445024912879,0.012163937830119072,0.007968006503669058,0.00898088770991612,0,0.037354864901292854,-0.007184401086049107,0.002388381462163906,-0.1640000343322754,0.004205719051356839,0.002060444583647433,1.0790871123879533,-0.09654878297448698,-1.2889365159015125,0,1.5271745667239727,1.7308232343049479,1,0.01898308453487442,2.1137179319963235,0.0,0.0,0.0,0.0,0.0,0.0,0.0,0.0,0.0,0.0,0.0,0
2023-11-02,-0.005775870036567856,0.010121682074231652,54.840051864949544,15.65999984741211,0.5775887308206182,0.04319375319767211,0.008334634168515036,0.009955386824604258,1,-0.4876214838087719,0.024801720920969248,0.009231862538737177,-0.17599964141845703,0.002911266949702227,-0.0071361289391347945,0.6248349784642306,-0.16612035220149293,-0.7621422444649129,0,0.9176112529624937,-0.49298940524528556,1,0.009082031777561058,0.912272201457131,0.0,0.0,0.0,0.0,0.0,0.0,0.0,0.0,0.0,0.0,0.0,0
2023-11-03,0.0033255996054222772,0.007545604363741846,58.30689035624398,14.90999984741211,1.423611438716918,0.05681893298245867,0.008425657540146575,0.00981371504415509,1,-0.8041469861377031,-0.02393188933045226,0.005509928000118381,-0.2869997024536133,0.004740161042467922,-0.01041977890638448,0.1941353998470641,-0.15730757382717647,-1.2358343240405358,1,1.1033490070742868,-2.765870709461263,0,0.0022978756543135842,0.23414917821466427,0.0,0.0,0.0,0.0,0.0,0.0,0.0,0.0,0.0,0.0,0.0,0
2023-11-06,0.005760680406871921,0.00566917121545681,59.16590587425752,14.890000343322754,1.974289586680368,0.04723182138846648,0.008432605827440683,0.009729112494292732,1,-0.8134309779033213,0.0038430290287168557,0.001792799148378554,-0.21299982070922852,-0.0031586669564142686,0.0019026316590922546,0.5572910998921758,-0.17287481293051887,-1.138125753833138,0,1.0669819626155796,-1.9682044595405044,0,0.0028418445858247685,0.292096701166199,0.0,0.0,0.0,0.0,0.0,0.0,0.0,0.0,0.0,0.0,0.0,0
2023-11-07,0.00882201617371818,0.007049153465990313,60.25922675955367,14.8100004196167,2.3213246337831244,0.04381313788651885,0.00840841464347994,0.009682181556894121,1,-0.8480215207219786,-0.043625311813656455,-1.5095845280811093e-07,-0.3039999008178711,-0.004179011869442816,0.0030366287481197666,0.19249873242486354,-0.13967387838131332,-1.9217971900294446,0,0.7283217833794504,-1.2529794644841488,0,0.0007321351682530736,0.07561667871895832,0.0,0.0,0.0,0.0,0.0,0.0,0.0,0.0,0.0,0.0,0.0,0
2023-11-08,0.010042748324473426,0.007364210910698892,60.55278390094891,14.449999809265137,2.4603333875793654,0.033936971720827096,0.00827603306151622,0.009641606755567567,1,-0.9815910930963985,-0.026720657915963647,0.0014179783527842106,-0.26600027084350586,-0.0011748015383011825,0.00047359848385494546,-0.010174123381805782,-0.10750356912889425,-2.3031730305476312,0,0.2157816079694181,-1.108390630519052,-1,-0.007829231673862312,-0.812024774718546,0.0,0.0,0.0,0.0,0.0,0.0,0.0,0.0,0.0,0.0,0.0,0
2023-11-09,0.0028878554500925253,0.011686352957347023,55.820984023905986,15.289999961853027,2.2253331275014014,0.007124655512090406,0.008283096993637794,0.009707217576225587,0,-0.6074582278646937,0.005427908124148504,0.002695121478393707,-0.03900003433227539,0.003195562006869263,0.003026076297065263,0.3823037129369027,-0.087610752226328,-2.1393806920905782,0,0.33256085611263503,-0.43530708887645647,1,0.015484389872285967,1.5951402963096788,0.0,0.0,0.0,0.0,0.0,0.0,0.0,0.0,0.0,0.0,0.0,0
2023-11-10,0.01892207275318092,0.016114038127961507,62.145595293864986,14.170000076293945,2.3928689734059736,0.013527013606815175,0.00846511994090314,0.010217087935101874,1,-1.053480477280876,0.018704362473103198,0.0049206886206433695,0.06999969482421875,-0.0005912620189055595,-0.0004722392376471513,0.3556943732596857,-0.31001375390174685,-1.7703837592312517,1,0.22640431825031157,-0.4661373832761189,0,-0.0009537587203169512,-0.09334927847174848,0.0,0.0,0.0,0.0,0.0,0.0,0.0,0.0,0.0,0.0,0.0,0
2023-11-13,0.01839414761343407,0.006610720662422576,61.55678714014682,14.760000228881836,2.3537098081218852,0.010275379232184467,0.008466404786586185,0.009979166037305698,1,-0.7806156146432084,0.014025887336881721,-0.0031369972678578113,-0.03000020980834961,0.0018048474139601733,-0.0018910457999477405,0.34993468146411966,-0.15356972234681568,-1.4955765806458268,0,0.3905645976738874,-0.7936960119406328,1,0.01921490561593442,1.9255002160601526,0.0,0.0,0.0,0.0,0.0,0.0,0.0,0.0,0.0,0.0,0.0,0
2023-11-14,0.03810035628435267,0.008847193464900857,68.16173376503909,14.15999984741211,2.7359329382138133,0.026648440262294,0.008780282345363032,0.010820322128805578,1,-1.005513523364878,0.0,0.013829710516119403,-0.13000011444091797,0.007102610311404415,-0.01477838804631668,-0.41362187809226614,-0.23326164531878335,-1.4701284878478058,0,0.508829014753471,-2.760387188044705,0,0.0021148808133026977,0.19545433431498122,0.0,0.0,0.0,0.0,0.0,0.0,0.0,0.0,0.0,0.0,0.0,0
2023-11-15,0.04005616145966129,0.005737451369565233,68.80384190836924,14.180000305175781,2.886499395160313,0.02803118590734358,0.008773290860719651,0.010240143540050291,1,-0.9698618146376315,-0.020656536355641606,0.003070643200112943,0.012000083923339844,-0.0013002592998474294,0.002685841224141987,-0.05441768747308774,-0.3041188251910277,-1.7720332351622967,0,0.44180850986612685,-1.9756724776122536,0,0.0012222824964543016,0.11936173531713459,0.0,0.0,0.0,0.0,0.0,0.0,0.0,0.0,0.0,0.0,0.0,0
2023-11-16,0.04099381970734288,0.0054194575702780695,69.19121400466584,14.319999694824219,2.852650374604149,0.03708270007766019,0.008663338547799939,0.009911291433019283,1,-0.894089662607418,-0.050291447777470084,-0.0010235570197856328,-0.18499994277954102,-0.0013135090584125131,-0.00019157542558862563,-0.4372933802870841,-0.4017337639807761,-2.455020479603195,0,0.3717004469996875,-1.72756654159955,0,0.0012430705250005374,0.1254195055413485,0.0,0.0,0.0,0.0,0.0,0.0,0.0,0.0,0.0,0.0,0.0,0
2023-11-17,0.04195927266662136,0.004725049008268413,69.60509192742649,13.800000190734863,2.6991072316383535,0.022841380730374807,0.008458397431272129,0.00926780063229037,1,-1.0759939170584607,0.04019625542750343,2.220467234405555e-05,-0.18699979782104492,-0.00010360437647110716,-0.005283676688166168,-0.4733979857043634,-0.45310433573490705,-1.799552013350054,1,0.0661620257893424,-2.011463897542549,1,0.0076680667087195955,0.8273870726278071,0.0,0.0,0.0,0.0,0.0,0.0,0.0,0.0,0.0,0.0,0.0,0
2023-11-20,0.04962140035479022,0.010148407894234823,72.10558573549021,13.40999984741211,2.652442588555393,0.031463206159411256,0.008467102229092159,0.009232259987415378,1,-1.2061136783985715,0.02228249215254567,-0.0005770113359038667,-0.21000003814697266,-0.006262543158873558,-0.003376900045101037,-0.5708739408630209,-0.4180625855232706,-1.4326915001121352,0,-0.1042329437803976,-2.0123153123845263,0,-0.00218174718947445,-0.2363175245577108,0.0,0.0,0.0,0.0,0.0,0.0,0.0,0.0,0.0,0.0,0.0,0
2023-11-21,0.04690583982455673,0.004787463278688348,70.32793513794036,13.350000381469727,2.393284467085315,0.010066553354002415,0.008440690700844496,0.00928509924812613,1,-1.2062841383824188,0.0021883020161747205,-0.002380315979819851,-0.02299976348876953,0.0039303050636718476,0.0011590373035398362,-0.610947123426638,-0.3513423343297633,-1.3782162561567928,0,-0.034167402625003514,-1.6499022831938608,0,0.003853550347817529,0.41502477190510506,0.0,0.0,0.0,0.0,0.0,0.0,0.0,0.0,0.0,0.0,0.0,0
2023-11-22,0.050458823457154134,0.005472265602600179,71.6581160610547,12.850000381469727,2.1785645139484524,0.011805222888517422,0.00825439016320728,0.008282275300040156,1,-1.3801719254677418,-0.008652448763582765,0.0037656865514012036,-0.11899995803833008,-0.004314614627944608,0.0031805900244435636,-0.6576352726218687,-0.45184361774874815,-1.475814423229229,0,-0.16076319854838997,-1.2151171737251365,0,0.0006150125294008621,0.07425638059073868,0.0,0.0,0.0,0.0,0.0,0.0,0.0,0.0,0.0,0.0,0.0,0
2023-11-24,0.0507885911852846,0.001691168535725911,71.87530040802955,12.460000038146973,1.9070487374422953,0.011197952921464142,0.008239182390990989,0.0074046660295069185,1,-1.5076721353352824,-0.020440931374297266,0.00010976636602587486,0.026999950408935547,-0.001429050957408448,-0.005016377911117127,-0.45460847932107673,-0.5066435479764158,-1.7208907193056717,1,-0.08911956643918947,-1.5005435309641504,0,-0.0018025979338506571,-0.24344048634504448,0.0,0.0,0.0,0.0,0.0,0.0,0.0,0.0,0.0,0.0,0.0,0
2023-11-27,0.04835853505188604,0.003102454735136403,70.17882465697602,12.6899995803833,1.5417831674895517,0.00815228446261285,0.008240466958245252,0.007243743468612929,1,-1.401572793216302,-0.009042618774556595,-0.0014286516088497033,-0.05200004577636719,0.002119163450732343,-0.001936153355212706,-0.8788180396262653,-0.5164834020741358,-1.7733451263961968,0,-0.1192500126133508,-1.499024117198179,0,0.0009897408848917567,0.13663370643138098,0.0,0.0,0.0,0.0,0.0,0.0,0.0,0.0,0.0,0.0,0.0,0
2023-11-28,0.048849868583597016,0.006088824782423185,70.58912949408986,12.6899995803833,1.2119515293954999,0.0014739586387849213,0.008238268197271347,0.007112509063826554,1,-1.394118912004276,0.02049391495704665,-0.0008804395766373551,-0.08599996566772461,-0.0005049785190232529,-0.004369970099821316,-1.1600333595145633,-0.4423392426875569,-1.4312857423419345,0,0.17969164894481887,-1.651832656926348,0,-0.0007038105266569029,-0.09895376312401066,0.0,0.0,0.0,0.0,0.0,0.0,0.0,0.0,0.0,0.0,0.0,0
2023-11-29,0.0475371376962145,0.00906270264609646,69.85301050751498,12.979999542236328,0.87121989928242,0.002951895301602465,0.008217762834080383,0.007192951498129813,1,-1.2657226237622976,0.018798724434829987,0.0048678644177129774,-0.14700031280517578,0.0002905054489961204,0.00019459559610863271,-1.4684298672961777,-0.33470973503117,-1.1287173406112905,0,0.26585074656790925,-1.4845404985715045,0,0.0039297588590957964,0.5463339210306551,0.0,0.0,0.0,0.0,0.0,0.0,0.0,0.0,0.0,0.0,0.0,0
2023-11-30,0.050801759132611125,0.007493456339769535,71.63455007802335,12.920000076293945,0.6700579015210995,0.0030281038128805774,0.008179068281860883,0.007031739192425046,1,-1.2665574408675804,-0.024705476130070746,0.0019119863070813966,-0.06399965286254883,0.002095360203855374,0.007078163732971052,-1.0965739796829324,-0.2667604420454052,-1.417475761041918,0,0.29558590417605024,-0.8181682907880332,1,0.005898477564019378,0.8388350327360247,0.0,0.0,0.0,0.0,0.0,0.0,0.0,0.0,0.0,0.0,0.0,0
2023-12-01,0.05567119433357799,0.009779982955091866,74.11897686200044,12.630000114440918,0.621683834561015,0.008311568847499125,0.008195830070106328,0.006094983619832381,1,-1.3500456495669324,-0.0251962859862309,-0.0013813147865796142,-0.2460002899169922,0.006443754236918049,-0.0022247275284891246,-1.68667092153289,-0.21503473539541978,-1.6786535448582043,1,0.38472502953099563,-0.9381311806369094,-1,-0.005263262689046162,-0.8635386708068297,0.0,0.0,0.0,0.0,0.0,0.0,0.0,0.0,0.0,0.0,0.0,0
2023-12-04,0.04886236128194416,0.010466615765056473,68.36329088550008,13.079999923706055,0.3540982694084187,0.00485090409230351,0.00822945093436153,0.006207638237532403,1,-1.1697476230725181,-0.014003339083783048,-0.007652846804509361,-0.10099983215332031,-0.0012975070856631372,0.0035764646278238603,-1.3999332217828997,-0.13094777834653515,-1.7732584616209492,0,0.24112435901848653,-0.5287498538755337,0,-0.00019691414365679053,-0.03172121488234741,0.0,0.0,0.0,0.0,0.0,0.0,0.0,0.0,0.0,0.0,0.0,0
2023-12-05,0.047483298218318114,0.005957076619237952,68.15064448865782,12.850000381469727,0.10585113621717213,0.0036642490637552234,0.008190924440434096,0.006236248844055905,1,-1.242051682138992,-0.009906536957191996,-0.0031359558367691034,-0.16499996185302734,-1.5410537517007256e-05,0.0039482323646085945,-1.9174901292794428,-0.14734602872559913,-1.8072102044055813,0,0.03457235729576914,-0.08788184746001634,-1,-0.0040379698971227986,-0.6474987645792786,0.0,0.0,0.0,0.0,0.0,0.0,0.0,0.0,0.0,0.0,0.0,0
2023-12-06,0.041881553627006754,0.00996129536902671,63.778816427350606,12.970000267028809,-0.22575987393773644,0.00033008969328930524,0.00817535126638074,0.006395056006228564,1,-1.180523486721468,-0.04150210991003878,0.004828377053786301,-0.15000009536743164,-8.964891175310953e-05,0.0009606001883952166,-2.0979156122339404,-0.1326636376965014,-2.1657789054728047,0,-0.554336531437668,0.08095887672938504,1,0.007601378457331166,1.1886317435860234,0.0,0.0,0.0,0.0,0.0,0.0,0.0,0.0,0.0,0.0,0.0,0
2023-12-07,0.048285741252514496,0.00569579750122559,67.95382867001072,13.0600004196167,-0.26325972207990045,0.004001709291524801,0.008227841691707382,0.006506874076985321,1,-1.1414352535279122,-0.0005767145110153752,0.004716555985279376,-0.22300004959106445,-0.0009559959323213076,-0.005874162041749789,-2.018676156406763,-0.10114024538059639,-2.056726230411986,0,-0.34283408183988523,-0.4690483796808586,0,0.004289841567588054,0.6592773925020596,0.0,0.0,0.0,0.0,0.0,0.0,0.0,0.0,0.0,0.0,0.0,0
2023-12-08,0.0512685907907881,0.007692326056109067,70.06348344892768,12.350000381469727,-0.2066381924584162,0.0023930732950934643,0.008174727208085115,0.006058545737028264,1,-1.3950687454610018,0.02689223767527876,-0.00168193203901338,0.01900005340576172,0.003762177839969161,0.004529048587731384,-1.4845151638235448,-0.2135429234838514,-1.6911968941245652,1,-0.6511134742363663,0.17241857700444338,0,0.003882185027064069,0.6407773066008451,0.0,0.0,0.0,0.0,0.0,0.0,0.0,0.0,0.0,0.0,0.0,0
2023-12-11,0.053696403398160814,0.005844308890029147,71.87531196478751,12.630000114440918,-0.1046487915279748,0.011538521011203581,0.008018212030982293,0.00530354386592734,1,-1.2752049566746702,0.0012626635976269154,-0.0011086850914201723,-0.04900026321411133,-0.0007049205308061502,0.0008648920593603039,-1.4928466410785923,-0.11505211366333884,-1.6146725980549133,0,-0.6981129126844469,0.4890055434900615,1,0.004556731911686587,0.8591846197624752,0.0,0.0,0.0,0.0,0.0,0.0,0.0,0.0,0.0,0.0,0.0,0
2023-12-12,0.05673536205526592,0.007756961982699585,73.8818730145107,12.069999694824219,0.04045753771536287,0.016292167066546934,0.008033747095845424,0.005264825884896288,1,-1.4484231274176116,-0.03873848311721898,-0.0007796124928752796,0.034999847412109375,-8.564760443333149e-05,-0.0022118172808891644,-1.6126879667712877,-0.2011978248536121,-1.9405764736829085,0,-1.1179287770854098,0.370439598196025,1,0.01369589077536085,2.601389877061789,0.0,0.0,0.0,0.0,0.0,0.0,0.0,0.0,0.0,0.0,0.0,0
2023-12-13,0.06892701788253057,0.014112677254914906,78.81830712583526,12.1899995803833,0.4702605020814019,0.034026027739030726,0.008196040251510819,0.004428872591716974,1,-1.3768340306926716,0.012456716677692235,0.0008399402223783321,-0.08799982070922852,0.023286293958506798,-0.009674061839733645,-2.2612567789311213,-0.14980516841944008,-1.7423929061393395,0,-0.3701050548307459,-1.548322459899651,1,0.003204277084994864,0.7234956038319004,0.0,0.0,0.0,0.0,0.0,0.0,0.0,0.0,0.0,0.0,0.0,0
2023-12-14,0.07005544308720572,0.009491347415603774,79.78893251585721,12.479999542236328,0.7524215310835416,0.029628926366694494,0.008088993527811412,0.004432284074615785,1,-1.242288959087552,0.029920708641966384,0.004241831527543613,-0.19900012016296387,0.008433912850470186,-0.008885511313846623,-2.5349077604168846,-0.127705216364046,-1.3809177379044197,0,-0.6976566358542963,-2.641824998288804,0,-0.001647923870829376,-0.37179930823345175,0.0,0.0,0.0,0.0,0.0,0.0,0.0,0.0,0.0,0.0,0.0,0
2023-12-15,0.06603472027109875,0.00696742084419641,77.81255350259389,12.279999732971191,0.7840547039571897,0.023691160928276882,0.0077513748850202395,0.004518835620471328,1,-1.266986897200699,-0.0020977774791577537,-0.001307062645863032,-0.3169999122619629,-0.004566190490103794,0.0057699437484844745,-2.3822808683702967,-0.15368523924736222,-1.3564658384574808,1,-1.4163822152406464,-1.480119607244004,1,0.005609370189982774,1.2413281313641562,0.0,0.0,0.0,0.0,0.0,0.0,0.0,0.0,0.0,0.0,0.0,0
2023-12-18,0.06988479420384282,0.006547018517911485,79.66284500988118,12.5600004196167,0.8672611367353227,0.025418346091195834,0.007753804409501567,0.004571286889754751,1,-1.1321798602240236,0.014454746526187893,0.003509596956403325,-0.2849998474121094,-0.0007484059794723101,-0.00039013864256993644,-2.1625903362069785,-0.09415141153550087,-1.164812577453774,0,-1.0638628120369302,-1.3768516247566094,1,0.006062321324321116,1.3261709905362018,0.0,0.0,0.0,0.0,0.0,0.0,0.0,0.0,0.0,0.0,0.0,0
2023-12-19,0.07423317784914582,0.0052017547800364715,81.47173323398168,12.529999732971191,0.9907317737519179,0.026923935503830234,0.007768109473094385,0.0044890656482754155,1,-1.1068300612060213,0.013296079590339167,0.0011856582497086884,-0.2839999198913574,-0.004234473807122079,-0.0033223009528647574,-2.151007339229199,-0.06787493831810384,-0.9880897909844765,0,-1.0862599883187252,-1.6777376981225298,-1,-0.013954025321949295,-3.1084406713685175,0.0,0.0,0.0,0.0,0.0,0.0,0.0,0.0,0.0,0.0,0.0,0
2023-12-20,0.0576497749582007,0.017255341912092447,66.80135696975384,13.670000076293945,0.5437937238343693,-0.0007259805934799083,0.007738475144861637,0.00572543729290649,1,-0.6928701432467165,0.010564892523759216,-0.0018548314666733312,-0.15599989891052246,-0.01541836804311418,0.0023463251649554363,-2.1753535723493824,0.0236872428962112,-0.8427579061341769,0,-1.0862599883187258,-1.1877841627119208,1,0.00943721860601882,1.648293683134767,0.0,0.0,0.0,0.0,0.0,0.0,0.0,0.0,0.0,0.0,0.0,0
2023-12-21,0.06584184005777154,0.008758228351016577,70.64280781950121,13.649999618530273,0.4459536282834051,0.005506960927544113,0.007801452179935842,0.005960652541593586,1,-0.6753542913079886,-0.0044561795392595365,0.006534712121358055,-0.03600001335144043,0.003736755446510494,-0.0055814815569299354,-2.0055477157763337,0.0603956526568798,-0.8723195663770443,0,-0.7346679471483567,-1.7453216434648724,0,0.0020076569389475612,0.3368177488556185,0.0,0.0,0.0,0.0,0.0,0.0,0.0,0.0,0.0,0.0,0.0,0
2023-12-22,0.06597728724175544,0.00776943465259603,71.40519561423454,13.029999732971191,0.3542742952072331,0.009162541737321115,0.007784001923400542,0.0059504156691057635,1,-0.86064911314301,-0.004476125993481734,0.00245090600885794,-0.026999950408935547,-0.0010603312535268355,-0.0013756452426480304,-1.8856384858387416,0.0447308542225066,-0.9006460741146388,1,-0.46717215314950605,-1.6781849520784908,0,0.004213586249705408,0.7081150969723198,0.0,0.0,0.0,0.0,0.0,0.0,0.0,0.0,0.0,0.0,0.0,0
2023-12-26,0.06827165487116313,0.00544517265032128,72.99520796443358,12.989999771118164,0.33566899277388984,0.0077667577970436,0.007770974563777636,0.005890363270559701,1,-0.846582846827194,0.026958008447507856,0.0008863149952960682,-0.06800007820129395,-0.004583160630485685,-0.002264072725883453,-1.8415358088453242,0.02336556440308515,-0.5479616834190969,0,-0.10962188843907594,-1.7034641358126559,0,0.0018065030376105341,0.30668736167188276,0.0,0.0,0.0,0.0,0.0,0.0,0.0,0.0,0.0,0.0,0.0,0
2023-12-27,0.06817697008138748,0.0037144844334800736,73.67314722828472,12.430000305175781,0.29227567187394854,0.0035109395103331558,0.00776539095318897,0.005882322585541446,1,-1.0041406301338847,-0.019508890795290112,-0.00044153049591211935,-0.13299989700317383,-0.0009512589889488232,-0.004741719435604707,-2.0250182630456774,-0.020701318585403392,-0.7667882446441372,0,-0.4841366888424911,-1.9226275959548798,0,0.0003776574480017819,0.0642019883285841,0.0,0.0,0.0,0.0,0.0,0.0,0.0,0.0,0.0,0.0,0.0,0
2023-12-28,0.06655153991912632,0.0027061151287776624,73.82126829187133,12.470000267028809,0.19271754997162915,0.017842622280284118,0.007502440848565596,0.005856044117837806,1,-0.9602195633800198,-0.03208396953053284,0.0007761650404414454,-0.02700018882751465,-5.152140364153814e-05,0.002373707886535536,-1.7625907119055966,-0.04008389490345401,-1.1379374734713092,0,-0.5631560956548286,-1.4962110337413506,0,-0.002899113186312051,-0.4950625673832523,0.0,0.0,0.0,0.0,0.0,0.0,0.0,0.0,0.0,0.0,0.0,0
2023-12-29,0.06123973055702615,0.007847533200410454,70.54421354962335,12.449999809265137,-0.03415106393208944,0.005506290487953234,0.007499038665217126,0.0059707712099149315,1,-0.9354660278976169,-0.0016733390980195589,-0.00041961477182203886,-0.0280001163482666,-0.0050034809240606035,0.0009873467583291684,-1.6437646515148832,-0.03705589666891269,-1.1204586474461045,1,0.08958318264662726,-1.2547246242304588,-1,-0.005612036952610398,-0.9399166968789926,0.0,0.0,0.0,0.0,0.0,0.0,0.0,0.0,0.0,0.0,0.0,0
2024-01-02,0.05304630186447747,0.006728072007667984,64.59206649834246,13.199999809265137,-0.40834418429836106,-0.002113403403604922,0.007556749778937885,0.006150814250625505,1,-0.6511508584674032,-0.017884082702064517,-0.006649261959903338,0.04500007629394531,-0.008919405173171467,0.008549112378520523,-1.3629788984375304,0.04414186971927597,-1.2938692200715183,0,-0.17789847429995662,-0.39983476070242374,-1,-0.008200256130969932,-1.3331962996887794,0.0,0.0,0.0,0.0,0.0,0.0,0.0,0.0,0.0,0.0,0.0,0
2024-01-03,0.04215694421419426,0.006442093386430351,57.06730798879689,14.039999961853027,-0.9288621248307694,-0.014527245784280251,0.007551817770617722,0.006356347936532115,0,-0.3407117583019181,0.032432249693658995,-0.004708026844003445,0.021000146865844727,-0.0058958276974446664,0.002540821666635359,-1.4195617202579907,0.07082605568446197,-0.8649692259478589,0,-0.530772065987601,-0.10545411623379247,0,-0.0032262244214314494,-0.5075586450047532,0.0,0.0,0.0,0.0,0.0,0.0,0.0,0.0,0.0,0.0,0.0,0
2024-01-04,0.03656407220301405,0.008367581904476411,54.39760616033647,14.130000114440918,-1.365734122983234,-0.019559973243322204,0.007548947052542653,0.006434767225474997,0,-0.2904319123122995,-0.0070397765918172265,-0.0010457814183211863,0.20199990272521973,0.0002523209725020222,-0.0003904814190926662,-1.144438119688646,0.0949563637679925,-0.9232024241607057,0,-0.23889031225987423,-0.0698092503271791,0,0.0013687014302186243,0.21270377858614845,0.0,0.0,0.0,0.0,0.0,0.0,0.0,0.0,0.0,0.0,0.0,0
2024-01-05,0.03586972622397507,0.008569861622822625,55.35102168186966,13.350000381469727,-1.5906315876229833,-0.018568929261105118,0.00753221630271857,0.00630845945175671,1,-0.5446545508032352,0.022192624734812802,0.00044926883495162076,0.1919999122619629,-5.0801175546076404e-05,-9.758830986204218e-05,-0.9691126409272506,0.028877394504228437,-0.615213475353609,1,0.1415762078136804,0.008815732895229232,1,0.01417488292427029,2.246960698259866,0.0,0.0,0.0,0.0,0.0,0.0,0.0,0.0,0.0,0.0,0.0,0
2024-01-08,0.047932395815963064,0.013590417454871342,63.84699705403466,13.079999923706055,-1.292121332199227,-0.00149493315052296,0.007706038302603931,0.0067889616026516235,1,-0.6211188129772193,-0.0420590560517803,0.001089187921558772,0.1359999179840088,-0.007306894191583968,-0.0019548884629722978,-1.0463090977079288,0.0015301842179819244,-1.1157397633317965,0,0.13242156155312743,-0.14459953855512178,0,-0.0015182136782603917,-0.22362940473449774,0.0,0.0,0.0,0.0,0.0,0.0,0.0,0.0,0.0,0.0,0.0,0
2024-01-09,0.043439831244452325,0.0075546267733979265,62.467257769392056,12.760000228881836,-1.1378516223633355,0.0025988901238270315,0.007652019426709773,0.006808131693514676,1,-0.710271264581323,0.020558744884156332,-0.005768835495850515,0.07299995422363281,0.0012629993631143803,0.0035159779603586554,-0.9663759406914694,0.03265920189186896,-0.8267568727188642,0,0.22268748396265306,0.39465423354683443,1,0.005639558276374242,0.8283550093774331,0.0,0.0,0.0,0.0,0.0,0.0,0.0,0.0,0.0,0.0,0.0,0
2024-01-10,0.04622923248414108,0.0075122064549775535,65.45937807858279,12.6899995803833,-0.8683126768220237,0.016438704531171345,0.00762107847061934,0.006849442485732918,1,-0.7087889700061755,-0.01211622807075257,0.0005907552818648747,0.1230001449584961,-0.004422080946566755,-0.0020494720896451044,-0.9058346315793454,0.004739303236135699,-0.9564310364501352,0,0.3039106824644412,0.2837687723871317,0,-0.0004407563666352606,-0.06434913849732296,0.0,0.0,0.0,0.0,0.0,0.0,0.0,0.0,0.0,0.0,0.0,0
2024-01-11,0.042909059779007996,0.012301847961536647,65.02196139444891,12.4399995803833,-0.7181707938913364,0.019224172585967435,0.007538621788644725,0.006832983346991089,1,-0.771496445513217,0.009066160142917532,0.002158968835330638,-0.01399993896484375,0.00016641494058929795,-0.0006840918351543993,-1.017966721877644,0.03019404375417321,-0.812845788142214,0,0.7523576450698228,0.3765662293955367,0,0.0006924077851572203,0.1013330102922056,0.0,0.0,0.0,0.0,0.0,0.0,0.0,0.0,0.0,0.0,0.0,0
2024-01-12,0.04088906448587655,0.007069722180430649,65.41301728132555,12.699999809265137,-0.6155634608292679,0.01854787894090605,0.00753658968318627,0.006201401891776963,1,-0.6526202633237372,0.009122436117268835,0.003122957687784592,-0.09199976921081543,-0.0007517098627925043,0.001074802087341216,-1.0588243444222574,0.04098606937589979,-0.6652380897063087,1,1.617439056083134,0.6737061846409543,-1,-0.00367783787880976,-0.5930646025442291,0.0,0.0,0.0,0.0,0.0,0.0,0.0,0.0,0.0,0.0,0.0,0
2024-01-16,0.03462894757535887,0.007474760170373582,61.486645191954,13.84000015258789,-0.6759035106184035,0.0006951581378260487,0.00731026250197074,0.006254878643552931,0,-0.21245364976011774,-0.0038599272595207343,-0.0029832039587186564,0.06400012969970703,-0.00020253782630525605,0.009331318432827333,-0.7095582533287553,0.10343563495316044,-0.6989699259781649,0,1.8240555166247419,2.1653890259901885,-1,-0.00557417922870952,-0.8911716173324629,0.0,0.0,0.0,0.0,0.0,0.0,0.0,0.0,0.0,0.0,0.0,0
2024-01-17,0.02694175464400646,0.006182670340053747,56.0232814852704,14.789999961853027,-0.8889517356287735,-0.0033608074126229774,0.007242544751550207,0.0063864237115428876,0,0.19305659211468212,0.002207451692811289,-0.00656982857386995,0.08699989318847656,0.0031477408269730478,0.0008703287523220105,-0.5709938158303168,0.18597937316948837,-0.6509081846892902,0,1.0554189659665465,2.008133756417084,1,0.008853358802243035,1.3862758469161605,0.0,0.0,0.0,0.0,0.0,0.0,0.0,0.0,0.0,0.0,0.0,0
2024-01-18,0.03411526696719239,0.009737841772032024,61.83342947430273,14.130000114440918,-0.7597045074019162,-0.00014700688675427893,0.00705632568008559,0.0065666339063628985,0,-0.019335441726652015,0.020731842895027334,0.0036350819030910486,0.11399984359741211,0.004771283451327677,0.0008696456242949234,-0.43385513201751563,0.11778301034655601,-0.2936068577667061,0,1.4479093842711095,1.8714566623137743,1,0.012389168003404982,1.8866818697752465,0.0,0.0,0.0,0.0,0.0,0.0,0.0,0.0,0.0,0.0,0.0,0
2024-01-19,0.04480732414220791,0.012810133635150206,68.22714722473263,13.300000190734863,-0.31288097636169976,0.012682917483285932,0.007160254840270427,0.006988716396935952,1,-0.34549125894705957,-0.009085399046793905,0.0024315845890924056,0.16899991035461426,0.016685351563611884,-0.0024174454338117316,-0.4022150586616755,0.059638301971856336,-0.4212179379460525,1,1.10027480064432,1.3562961758219985,0,0.0021121814055945908,0.30222694173871634,0.0,0.0,0.0,0.0,0.0,0.0,0.0,0.0,0.0,0.0,0.0,0
2024-01-22,0.04483130952805684,0.005047062529313461,69.18191117461596,13.1899995803833,0.004710871071367251,0.014102691103723572,0.007128261079425911,0.006067009309170245,1,-0.3675880985586344,0.02395805985137076,0.003269847062918461,0.14399981498718262,-0.0007223092314922482,0.0003871930645179271,-0.536515794963038,-0.03574472140100278,0.04499063584853742,0,0.9388217701480817,1.2857454032726972,0,0.0029122632673800847,0.4800154934364928,0.0,0.0,0.0,0.0,0.0,0.0,0.0,0.0,0.0,0.0,0.0,0
2024-01-23,0.04564693516447932,0.004578580972227146,70.50143114162628,12.550000190734863,0.24886129171821914,0.020692792249913394,0.006781789825260709,0.005792396588254487,1,-0.6620929566117847,-0.010965604213236486,0.0011576918423659211,0.07600021362304688,-0.004298295119583925,0.002802619946215392,-0.35728907383810354,-0.08401881290867842,-0.12215606983573919,0,1.8129512179656524,1.4694717514422706,0,0.001092443430432972,0.1885992313882397,0.0,0.0,0.0,0.0,0.0,0.0,0.0,0.0,0.0,0.0,0.0,0
2024-01-24,0.044388808213051835,0.008014141233780475,71.00397186850239,13.140000343322754,0.3789577361080134,0.0273594149090558,0.006508834071764475,0.005789876604931845,1,-0.3303328995485865,0.009634673695664826,0.006065702509035462,0.07200002670288086,1.7820027384858093e-05,-0.003674033734409057,-0.2096728503567107,0.008406668541159288,0.11130084248927817,0,1.9080360720547587,0.9044283877146053,1,0.005424083292646745,0.9368202976594554,0.0,0.0,0.0,0.0,0.0,0.0,0.0,0.0,0.0,0.0,0.0,0
2024-01-25,0.047850558339270786,0.005983203732270449,73.43201587049532,13.449999809265137,0.560931219551315,0.023930139399459694,0.006445718478411503,0.005828966071850425,1,-0.090930365241943,0.029782513692605563,0.004501558419586226,-0.012000083923339844,-0.0026750313329893093,0.0031913554956967557,-0.3375205342751411,0.034799278804158174,0.8492784018574425,0,2.089728795823093,1.190900827694363,0,-0.0012711545057664155,-0.21807509416707624,0.0,0.0,0.0,0.0,0.0,0.0,0.0,0.0,0.0,0.0,0.0,0
2024-01-26,0.04432211540977143,0.005293257325211191,71.90915511441409,13.260000228881836,0.5621340057603392,0.010269816890288271,0.006359588707762536,0.005855032746931711,1,-0.18267001271564107,0.0083671919494853,-0.0009019387563798558,0.01399993896484375,0.0003949598214032483,-0.0009659822397101762,-0.20646883738832258,0.06463907194461917,1.110502143655239,1,1.6413712292646199,1.0073200053300007,1,0.007888287181079215,1.3472638069488065,0.0,0.0,0.0,0.0,0.0,0.0,0.0,0.0,0.0,0.0,0.0,0
2024-01-29,0.050595876426917076,0.008651047479070964,75.33843146112272,13.600000381469727,0.7269349788820678,0.016045922665772757,0.006378374123936647,0.006042054334129906,1,0.21263733330036294,-0.01589287731034141,0.0006564312961809817,-0.0029997825622558594,-0.008083265744454407,0.001352128740004161,-0.43456806550725424,0.08674403968560822,0.7702291986580652,0,1.4601428940698877,1.1433222538732795,0,-0.0007738463449763526,-0.12807648217267636,0.0,0.0,0.0,0.0,0.0,0.0,0.0,0.0,0.0,0.0,0.0,0
2024-01-30,0.04785488633480825,0.003076065351841342,74.37577865805729,13.3100004196167,0.7206368612303296,0.012359813053416272,0.006309626205258677,0.005978854065240084,1,-0.028639352381790183,0.013454289960908507,-0.0014463555877846225,-0.08300018310546875,0.0008489938371571384,-0.002028879323138098,-0.5346800666265443,0.0667950563427963,1.1487752212931843,0,0.6266826087344042,0.7827658114647833,-1,-0.016451958495431004,-2.751686326350751,0.0,0.0,0.0,0.0,0.0,0.0,0.0,0.0,0.0,0.0,0.0,0
2024-01-31,0.02924211565729228,0.012881049448739532,57.65364234503985,14.350000381469727,0.1318966076260013,-0.005184588872447695,0.006404179077590669,0.007061555749076346,0,1.2796530254057925,-0.02564077795736542,-0.004635062915185145,-0.2109999656677246,-0.04157867994566347,-0.0012580916544433322,-0.8837702899459793,0.08353315364617184,0.564605650152853,0,0.8163737343771963,0.4782739654391156,1,0.013003340736630115,1.8414245790079848,0.0,0.0,0.0,0.0,0.0,0.0,0.0,0.0,0.0,0.0,0.0,0
2024-02-01,0.04092791303345978,0.01109980183537153,64.44599318642882,13.880000114440918,0.0986746117727737,0.0023946685715354435,0.006497308632378427,0.00718699775382794,0,0.7428898865750806,-0.027127992209682653,0.0036176352393863537,-0.2690000534057617,0.009828000605627794,-0.0021325482261263158,-1.2786118096774586,-0.011461432556962935,-0.12162354935951415,0,0.3387345669373866,0.013460565454604763,1,0.010472332133591505,1.457119915866758,0.0,0.0,0.0,0.0,0.0,0.0,0.0,0.0,0.0,0.0,0.0,0
2024-02-02,0.05001275792674647,0.013654293348155795,68.83300435234554,13.850000381469727,0.3424860761817463,0.01413815521089337,0.0065879562772916764,0.007301427510159864,0,0.7503009544430319,-0.02108224463230448,0.0009193891456477348,-0.1269998550415039,0.011387889610614859,0.008407017791686767,-0.5399301876394733,-0.02001494461929335,-0.6742298999972147,1,0.3531857046269955,1.5028745713746714,0,-0.003647872745286307,-0.499610212401371,0.0,0.0,0.0,0.0,0.0,0.0,0.0,0.0,0.0,0.0,0.0,0
2024-02-05,0.044365554811933064,0.008425528371404029,65.77793180942078,13.670000076293945,0.3147197807484332,0.0026019952845280784,0.006629923962901841,0.007438633964263816,0,0.5573628321962175,0.006893726576010502,-0.0013157562732179365,0.07299995422363281,0.0005423367950901723,0.005087104042675575,0.061602306486295375,0.0236872428962112,-0.4549924307081244,0,0.7435894483169821,2.1068866451240966,0,0.002899099651106291,0.3897349658128459,0.0,0.0,0.0,0.0,0.0,0.0,0.0,0.0,0.0,0.0,0.0,0
2024-02-06,0.0455887243502078,0.004595367182403661,67.02989232292826,13.0600004196167,0.3180863680674628,0.006274941280610524,0.006628445083221835,0.006921726288966296,1,-0.2442059059250281,0.007255816521489378,0.001967409512507743,0.031000137329101562,-0.003271040369223848,-0.0025882835388126735,-0.24339734386494313,-0.001530184217982004,-0.2322959678149762,0,0.6217161645276603,1.5101881666564505,1,0.008305804378600321,1.1999596679001368,0.0,0.0,0.0,0.0,0.0,0.0,0.0,0.0,0.0,0.0,0.0,0
2024-02-07,0.05232078167675751,0.006364210778739774,70.39074383274085,12.829999923706055,0.5071345113819179,0.031032704154641738,0.00654554408072726,0.007006887856525311,1,-0.5447227508452887,0.007474425755050153,0.004665382550400338,0.14300012588500977,-0.0031530196006126165,-0.0013447258661442025,-0.11696617912892869,0.005470876826926182,-0.001594553105138715,0,0.4074852881119266,1.1497478017767955,0,0.00044171394032353116,0.06303987147638758,0.0,0.0,0.0,0.0,0.0,0.0,0.0,0.0,0.0,0.0,0.0,0
2024-02-08,0.05075781471213541,0.0029097400628944597,70.56335133541968,12.789999961853027,0.5592800740279786,0.018471077358335333,0.006318857909078329,0.006980356785393668,1,-0.5791084279088496,0.031452493773191474,1.306294440562117e-07,0.30700016021728516,-0.0005517285278753149,0.0010567329775487348,0.21844678659266234,0.007849363948614959,0.9526102666398216,0,0.4883257464103383,1.255742233839372,1,0.0057627615458955735,0.8255671547165805,0.0,0.0,0.0,0.0,0.0,0.0,0.0,0.0,0.0,0.0,0.0,0
2024-02-09,0.054690837260877534,0.006304875469165176,72.79821809214388,12.930000305175781,0.6868132528522866,0.013761506770639335,0.006322995173902852,0.006993136474214189,1,-0.3376233384010318,0.008101378780224825,0.0010429098796694697,0.15399980545043945,-0.003565612567187763,-0.0006723305607506835,0.3622554555156619,0.03863316280612762,1.2289758882863664,1,0.47446752804252207,1.0874118861935238,0,-0.00043905002696519664,-0.0627829016000315,0.0,0.0,0.0,0.0,0.0,0.0,0.0,0.0,0.0,0.0,0.0,0
2024-02-12,0.05209336910353988,0.006507265148576889,72.34635858788359,13.930000305175781,0.6608112075784423,0.016970329488960385,0.005924760122448538,0.007013439196327316,0,1.276357927964073,0.0010406066744543267,-5.9860406540896385e-05,0.007999897003173828,0.00043257476759395684,0.0008643106217829481,0.31383140483253097,0.09244283125347101,1.2891830488017118,0,0.6601004181179553,1.2860356485474596,-1,-0.013868942376654352,-1.977478126442693,0.0,0.0,0.0,0.0,0.0,0.0,0.0,0.0,0.0,0.0,0.0,0
2024-02-13,0.035883079914958475,0.012892639431481683,59.80771786524029,15.850000381469727,0.12354243640466578,0.00020228746119989283,0.006264672687953494,0.007809837003936713,0,3.8316691784905723,0.012274907944354303,-0.012958548500847529,0.2259998321533203,-0.022714571304890473,0.007555154054353228,1.1658907937108105,0.1356065631761199,1.6537573582083145,0,0.2553129141478999,2.516996320870609,1,0.00904669021811342,1.1583697111548088,0.0,0.0,0.0,0.0,0.0,0.0,0.0,0.0,0.0,0.0,0.0,0
2024-02-14,0.04348877044431013,0.009366815811480276,64.16059575414177,14.380000114440918,0.0011305732401662993,0.0009431733007130224,0.00633691871783857,0.0077499205799324445,0,1.7278324036984978,-0.01592167916154222,0.0054700935125937865,0.15700006484985352,-0.003872778499784104,-0.0022891832146745552,0.9264353490699501,-0.02811291389222776,1.1149857696476972,0,0.636372108425447,1.742094247725826,1,0.006876042972305404,0.8872392986474135,0.0,0.0,0.0,0.0,0.0,0.0,0.0,0.0,0.0,0.0,0.0,0
2024-02-15,0.04861832698446518,0.006772821951597869,67.10037838311825,14.010000228881836,0.07993947839308202,0.007377502332694973,0.0063706591422598175,0.007679685887260625,0,1.189719361087436,0.017974226785918826,0.0014430900881000361,0.06999969482421875,-0.004592652046740437,-0.004018741992324071,0.8107501717781316,-0.00852882810963219,1.6336339367218256,0,0.32073886254503636,0.8599198279452093,-1,-0.004992423687029854,-0.6500809094942781,0.0,0.0,0.0,0.0,0.0,0.0,0.0,0.0,0.0,0.0,0.0,0
2024-02-16,0.04144906432286111,0.008248073185001124,63.0525398766899,14.239999771118164,-0.08836827422166316,-0.0033776829002304305,0.006384714885077681,0.007495916106812999,0,1.4692528800015907,0.014756706567403265,-0.0006177053241264581,0.10800027847290039,-0.00028761361586617326,-0.00019181390686223755,1.176890110654502,0.06829084034199173,2.045710395146067,1,0.10091059348311494,0.7407278493648121,-1,-0.005520569936345642,-0.7364760348061639,0.0,0.0,0.0,0.0,0.0,0.0,0.0,0.0,0.0,0.0,0.0,0
2024-02-20,0.0338257590724645,0.007971638975018335,58.84722433083567,15.420000076293945,-0.41806553343578656,-0.00845920280961073,0.0064330448809735655,0.0076682687181651304,0,2.8427795773848294,-0.012836194783739074,-0.003589929314794739,0.10300016403198242,0.0006703848364887394,-0.001919725562275209,1.0936551750705226,0.1562064381669321,1.6419986484165603,0,0.28316972209727737,0.29788510605455726,0,0.0009052912579402535,0.11805664494115728,0.0,0.0,0.0,0.0,0.0,0.0,0.0,0.0,0.0,0.0,0.0,0
2024-02-21,0.033006535064164455,0.007662753412182731,59.32520217741524,15.34000015258789,-0.6319417147099733,0.006315030824983799,0.006426753261681941,0.0076599855018212705,0,2.537431451119086,-0.0034595029211889807,-0.002701248860220565,0.008999824523925781,-0.0007100653565539934,-0.0006727828932676143,1.4400750800808841,0.20074312511037956,1.5207259011356082,0,0.26108319443552414,0.12369088604275803,1,0.020484420822364607,2.6742079440509006,0.0,0.0,0.0,0.0,0.0,0.0,0.0,0.0,0.0,0.0,0.0,0
2024-02-22,0.05223596067606573,0.01077832752847907,68.3729366261265,14.539999961853027,-0.1494132915389903,0.01775276142923503,0.0068743343265064835,0.008782976841995527,0,1.5018333952271252,0.008944564222842582,0.013583838426652228,0.059999942779541016,0.002133498333325782,-0.0004808679369894253,1.514465377541683,0.10124243029725749,1.7301774218341994,0,-0.16826754609758257,-0.0492573852990064,0,0.0006893781654168484,0.07849017399418297,0.0,0.0,0.0,0.0,0.0,0.0,0.0,0.0,0.0,0.0,0.0,0
2024-02-23,0.05088184741426428,0.0059663261649726225,68.6285349543755,13.75,0.1272886456984228,0.011566096622346485,0.006859241153272023,0.008756041364587156,0,0.5290957759908742,-0.02733894016442214,0.003481543965933944,0.020000457763671875,-0.0004367260317776709,-0.0001923678978480697,1.1128222848534879,0.022059732245763075,0.9152267083846819,1,-0.7000834046375978,-0.13267120279701922,0,-0.003669338440078326,-0.4190631469932376,0.0,0.0,0.0,0.0,0.0,0.0,0.0,0.0,0.0,0.0,0.0,0
2024-02-26,0.04513991895403357,0.005711604387863189,65.59440610842965,13.739999771118164,0.12292512033370251,0.012889181869297947,0.006896199919615782,0.008819251092515495,0,0.49723397366571814,0.014149700208427214,0.0008855750510791603,0.0039997100830078125,0.003981255905417771,-0.0010588691184226502,1.38765266656625,0.03555926811734652,1.3054019766952507,0,-0.6951281018469022,-0.4199498273500378,0,0.001856084955042757,0.21045810250678842,0.0,0.0,0.0,0.0,0.0,0.0,0.0,0.0,0.0,0.0,0.0,0
2024-02-27,0.04542622494129795,0.004754115355038282,66.40281852564019,13.430000305175781,0.1162531462452403,0.020265836760686377,0.006888107217493101,0.008705026917896434,1,0.11265615252395024,0.016491276620096248,0.001402308978427236,0.039999961853027344,-0.002042187013787879,0.0,1.480825945858345,-0.012578787532665931,1.7604821674338458,0,-0.48193453180148615,-0.452145374587925,0,-0.0013225829734469076,-0.15193306885670382,0.0,0.0,0.0,0.0,0.0,0.0,0.0,0.0,0.0,0.0,0.0,0
2024-02-28,0.04248984643397605,0.00375300015769366,65.22642381547868,13.84000015258789,0.008221576695903288,0.018037962529299185,0.006895026297526809,0.008713660145662154,0,0.5911178572591007,-0.0041929014273732485,-0.0031613189410945063,-0.05099964141845703,0.00096133810713506,0.0014436412895011811,1.2305099662189465,0.03904729728121657,1.5939603694145072,0,-0.27130876376834073,-0.19073173779828295,0,0.00358851312763173,0.41182567938013653,0.0,0.0,0.0,0.0,0.0,0.0,0.0,0.0,0.0,0.0,0.0,0
2024-02-29,0.04457054784518957,0.008640340589827532,66.93975437891669,13.399999618530273,-0.003045828969572284,0.0011420548345660734,0.006878156500943812,0.007619137378411484,1,0.04231468768063623,-0.0035714167278449132,0.00356887183824107,-0.07500028610229492,0.003008949315026952,0.0017296083787732286,1.0747252560879301,-0.06849529029991078,1.4411592146327443,0,-0.4704193552147757,0.14754382156064105,1,0.009344603093945912,1.2264630974882347,0.0,0.0,0.0,0.0,0.0,0.0,0.0,0.0,0.0,0.0,0.0,0
2024-03-01,0.05260804619582534,0.009222932034550518,70.97609974962583,13.109999656677246,0.23015881490372525,0.00979727976309513,0.006883985079560349,0.007395416447640447,1,-0.3123426424479816,0.02161493552946405,0.0017699905778996341,-0.08000040054321289,0.004550361712762924,-0.002884369325909828,0.6058813313892841,-0.057073691735926274,1.942847994448652,1,-0.05555814410047883,-0.9809825316941787,0,-0.0010730925261107367,-0.14510218358714297,0.0,0.0,0.0,0.0,0.0,0.0,0.0,0.0,0.0,0.0,0.0,0
2024-03-04,0.04986471861979557,0.0042943827043781255,69.91607776940366,13.489999771118164,0.2734211304988383,0.01239352567706275,0.006889652251402863,0.007176264451806942,1,0.13902264498608793,-0.015500321222901771,-0.00160018535330491,-0.07999992370605469,0.001178207374694673,-0.0002888803423647147,0.8646921267422836,-0.02633660692340133,1.4621902742140471,0,-0.4722442248541082,-1.053045400162123,-1,-0.010044434449889958,-1.399672562322478,0.0,0.0,0.0,0.0,0.0,0.0,0.0,0.0,0.0,0.0,0.0,0
2024-03-05,0.0377168543877232,0.011416082315027618,60.81169486518245,14.460000038146973,-0.08909336778087429,0.0004930062721298635,0.007021046757557617,0.007563168588394403,0,1.2810008808840878,-0.0075211819929224405,-0.004029206055247644,-0.17799997329711914,-0.004369633648062524,-0.00028896381833204253,0.3020710244996208,0.05618256305174117,1.228430556107013,0,-0.7019206417482163,-1.0448715654958294,0,0.005054605858910963,0.6683176656263531,0.0,0.0,0.0,0.0,0.0,0.0,0.0,0.0,0.0,0.0,0.0,0
2024-03-06,0.04139649410100519,0.007160360758184228,63.388893611191165,14.5,-0.20911449380954394,0.006870195104487892,0.00699355109332901,0.0075999711008545275,0,1.283650478983845,0.012461958518870208,0.006622748496322726,-0.1700000762939453,0.0004967985650720534,-0.004151188981361151,0.07942857263714898,0.10459449344832851,1.5203736080044092,0,-1.0185765703564278,-2.069846181928225,1,0.009877346111114375,1.2996540359822455,0.0,0.0,0.0,0.0,0.0,0.0,0.0,0.0,0.0,0.0,0.0,0
2024-03-07,0.04996790150078805,0.011810215649807299,67.86907912410753,14.4399995803833,-0.015736949904675335,0.013159028087970563,0.007063532667371291,0.007680957663385673,0,1.1732097515699544,-0.0025306473246359336,0.0066281912699388545,-0.15999984741210938,-0.005063369615967993,-0.005334927491490937,0.014955462002326293,0.11821593172433384,1.4007216180731732,0,-0.7240723365197672,-2.711283666142772,-1,-0.006020220745794653,-0.7837841545007906,0.0,0.0,0.0,0.0,0.0,0.0,0.0,0.0,0.0,0.0,0.0,0
2024-03-08,0.04213254595902907,0.01385516650394634,62.813947017441826,14.739999771118164,-0.1422053212954193,-0.0022057957517698065,0.007132645428735217,0.007868082344534318,0,1.4747219309699606,-0.01172433660244081,0.0012619249251772215,-0.09099960327148438,-0.007309371563723085,-0.0007783794127662577,0.011612249165697964,0.14190125862506153,1.049632628646957,1,-0.5349120001384501,-2.303352420617212,0,-0.0008602291344054963,-0.10933134700726621,0.0,0.0,0.0,0.0,0.0,0.0,0.0,0.0,0.0,0.0,0.0,0
2024-03-11,0.039763942489930315,0.006610868586454501,62.104572100007395,15.220000267028809,-0.2976086740235573,-0.0019929323600646775,0.00713107419408838,0.007810718714140493,0,1.9631624000011512,-0.0010260592127867838,-0.002426131007233038,-0.11499977111816406,0.00030473769842290585,0.001264577595948008,0.12869226590614513,0.16306015359222492,1.002460650572477,0,-0.7997287195826438,-1.7651771816156059,1,0.010699979636751983,1.3699079853305889,0.0,0.0,0.0,0.0,0.0,0.0,0.0,0.0,0.0,0.0,0.0,0
2024-03-12,0.04923825984467097,0.012616624408108613,67.10534668202195,13.84000015258789,-0.09339476067918362,0.01875148172657736,0.007055609726682286,0.00809500161354043,0,0.31748597153827585,-0.004759192874689783,0.0042353483352541715,0.018000125885009766,0.0030713889877231663,0.0008744725533212923,0.4714413113034904,-0.006481848484863132,0.8474142620974793,0,-0.9121027785403898,-1.4246593344867153,0,-0.0015687360793692783,-0.19379046680368836,0.0,0.0,0.0,0.0,0.0,0.0,0.0,0.0,0.0,0.0,0.0,0
2024-03-13,0.04586677231996024,0.005426648743052151,65.72958326701192,13.75,-0.06618357998736002,0.012128139788296957,0.007064473928932132,0.007288805646363472,0,0.18687980733905174,0.02746871176017195,0.0006382859512139911,0.08799982070922852,0.001518176802331632,-0.001652473464197943,0.7043618816043631,-0.1421307002781997,1.582536430062592,0,-0.9234563104040525,-1.5856569161847354,0,-0.0019788645975337355,-0.27149329788866705,0.0,0.0,0.0,0.0,0.0,0.0,0.0,0.0,0.0,0.0,0.0,0
2024-03-14,0.04201231299235125,0.010311675760207398,63.951636131600345,14.399999618530273,-0.16423075768389594,0.00027192907964872134,0.007067143009342952,0.00715688652570257,0,0.949172714546148,0.01913340619143594,0.0019360922005108062,0.20599985122680664,-0.0055961410878225685,0.005529965007790918,1.4000112904085644,0.0013898198397616184,2.0464256264513354,0,-0.6347248292309475,-0.5249437687245824,-1,-0.006890283809960355,-0.962747440208933,0.0,0.0,0.0,0.0,0.0,0.0,0.0,0.0,0.0,0.0,0.0,0
2024-03-15,0.03307516432878519,0.007021982198248582,58.08606244857058,14.40999984741211,-0.4915339100446774,-0.0005981339845169476,0.007129294464406313,0.007285243349327618,0,0.9306880866404269,-0.0027110456107564012,-0.00614520536484467,0.21499967575073242,-0.014921277266880266,0.0006770124008702463,1.3899366372947024,0.028151022736454,1.877087360720879,1,-0.8998326408867326,-0.3243852551807813,1,0.005925682610343312,0.8133804448805084,0.0,0.0,0.0,0.0,0.0,0.0,0.0,0.0,0.0,0.0,0.0,0
2024-03-18,0.037238200584580675,0.005927500905066507,61.366272963522356,14.329999923706055,-0.5358623760120835,0.006187777760231905,0.007127781372039228,0.007227092336834859,0,0.803167799861876,0.020518554279512564,0.008146073185628858,0.23600006103515625,0.0060004257302519876,0.0014492203331648618,1.5791019978389191,0.006300346605342068,2.311894855614095,0,-0.6938457147538825,0.041455958743803735,1,0.005541627752342661,0.7667841818287634,0.0,0.0,0.0,0.0,0.0,0.0,0.0,0.0,0.0,0.0,0.0,0
2024-03-19,0.04092893830504395,0.009462691580330133,64.20388374858457,13.819999694824219,-0.4105025767732231,0.0010294258758227332,0.006858249650024655,0.00708553787390592,0,0.15728221475556203,0.009025874969930351,-0.0013854082897519263,0.1419997215270996,-0.002991793157573579,0.0022180030136969703,1.2459711966502784,-0.10954857682557036,2.3916770104555245,0,-0.6070404057750406,0.5597133554285266,1,0.009206823584230514,1.2993806192654003,0.0,0.0,0.0,0.0,0.0,0.0,0.0,0.0,0.0,0.0,0.0,0
2024-03-20,0.04855257232046746,0.010643979087061864,68.38880978022151,13.039999961853027,-0.0648022412785263,0.011804985539422694,0.0068538847289839906,0.007257439607776606,1,-0.8080979879209198,-0.021678122894452184,0.00011636593022569027,0.08099985122680664,-0.0006878050829473976,-0.0038605770767512954,1.0472917055441269,-0.16244225231304388,1.7364984990129761,0,0.1233765218877876,-0.23220285652828254,0,0.003299200091204324,0.45459497061738025,0.0,0.0,0.0,0.0,0.0,0.0,0.0,0.0,0.0,0.0,0.0,0
2024-03-21,0.049911508376017495,0.0042129685093899435,69.76161311298634,12.920000076293945,0.21101114888842964,0.017083050228160736,0.006857033569662515,0.005899061569586905,1,-0.9541667607372696,-0.007496202357379792,0.0055754325047667344,-0.026999950408935547,-0.0018280723811401824,0.0056891945309959875,1.0027698427056961,-0.11812696522222518,1.485612997568567,0,-0.2746014357262031,1.0450135029579157,0,-0.001897590114183336,-0.3216760623767477,0.0,0.0,0.0,0.0,0.0,0.0,0.0,0.0,0.0,0.0,0.0,0
2024-03-22,0.04598103110893567,0.0031465524055550925,67.93296268089007,13.0600004196167,0.25924525400829257,0.02207574392393775,0.0068641166130715,0.005947843170608682,1,-0.7815421798073221,-0.00544222060235778,-0.00017239823479670756,-0.08599996566772461,-0.0008628059615427355,0.004126094272384448,0.5991755369137123,-0.05148466813438013,1.304535607024483,1,-0.5320402817195072,1.7882041674549325,0,-0.002766755400537735,-0.46516874596193086,0.0,0.0,0.0,0.0,0.0,0.0,0.0,0.0,0.0,0.0,0.0,0
2024-03-25,0.041214840901718786,0.0025781149452929345,65.25343752972972,13.1899995803833,0.13367671166296358,0.013383305913056618,0.006886869743204524,0.005910233587844856,1,-0.6462570608462528,0.016238513317663482,-0.00270910029022112,-0.08700037002563477,0.0034645340453431416,-0.00191696545554607,0.8415869988807607,-0.04085233522015855,1.6345115621665798,0,0.4755639382540185,1.2929505456569559,0,-0.0018485044147793985,-0.31276281380027643,0.0,0.0,0.0,0.0,0.0,0.0,0.0,0.0,0.0,0.0,0.0,0
2024-03-26,0.03747937751078563,0.006129397449443091,63.45669087514717,13.239999771118164,-0.06463559886617087,0.005993173745934685,0.006899004757736441,0.005956311795431221,1,-0.6099555471622413,-0.004034904322067613,0.0028051383847716546,-0.06299972534179688,0.0006746751268212498,0.0005754609535789789,0.6738152350266462,-0.014248500036870372,1.4839260581349785,0,0.06568201380668981,1.3081149777051284,1,0.008368545918405303,1.404985527280338,0.0,0.0,0.0,0.0,0.0,0.0,0.0,0.0,0.0,0.0,0.0,0
2024-03-27,0.04412211101586188,0.007110560352848204,67.79427348985743,12.779999732971191,0.03343284040497885,0.005154896080109242,0.006931535235939168,0.006122465176088886,1,-1.227047559657574,-0.0033135487204207707,0.005574039600398909,-0.07699966430664062,0.00490683876439029,0.0005751299887180655,0.33954527564823017,-0.07968153315954456,1.3596807227006802,0,-0.19935257673912227,1.3350262080645556,0,-0.00019080532903724585,-0.031164737062949546,0.0,0.0,0.0,0.0,0.0,0.0,0.0,0.0,0.0,0.0,0.0,0
2024-03-28,0.041750555737799885,0.00349849165324677,67.59645653804981,13.010000228881836,0.03420310489307887,0.0016648906598675207,0.006870322766011383,0.0061226137768798875,1,-0.9180674701770509,0.022125868956704677,7.68374536839747e-05,-0.06500005722045898,-0.0002453774732829576,0.001914836163591765,0.3975099361063911,-0.029536368371799328,1.8450606212700045,0,-0.8528689631705683,1.582883844132765,0,-0.001741517810508924,-0.2844397882302035,0.0,0.0,0.0,0.0,0.0,0.0,0.0,0.0,0.0,0.0,0.0,0
2024-04-01,0.03798864537764677,0.006530631138100611,65.71355328879369,13.649999618530273,-0.07661424027775343,0.001820962963541901,0.0067616595133924715,0.005882541872099969,0,-0.07289566794097319,0.006471749870282901,0.0014517161209594395,0.11100006103515625,0.001028406952430417,0.004485321180905204,1.4345515356620817,0.04036422209671318,1.9170055293694837,0,-0.8655314433356771,2.020938077971853,-1,-0.0063783807876179035,-1.0842880651625995,0.0,0.0,0.0,0.0,0.0,0.0,0.0,0.0,0.0,0.0,0.0,0
2024-04-02,0.029837083849009353,0.004818440888517736,59.232187667548274,14.609999656677246,-0.40152223667818543,-0.0017906624235382751,0.006813802843305212,0.006099166960766613,0,1.1630768280322041,0.01705599129351878,-0.007535546441495368,0.1119999885559082,-1.9662673317748927e-05,-0.001906185782411976,1.6915652303205733,0.07975754901055976,2.2205726747758847,0,-0.21715108410476,1.5351383636980978,0,0.0010980015237326555,0.18002453950682656,0.0,0.0,0.0,0.0,0.0,0.0,0.0,0.0,0.0,0.0,0.0,0
2024-04-03,0.029437722223186844,0.0063149139725168215,59.9623344347553,14.329999923706055,-0.6003221501118183,0.0011558435149736715,0.006814180280122508,0.005540820081016619,0,0.7759963507871824,0.003282905707169063,-0.002160999814020482,0.12099981307983398,-0.0009142633023568276,-0.005452729783682321,1.5429734800018282,-0.009030982852712921,2.1722756550582023,0,0.0421446184668653,0.6904014050617203,-1,-0.012281308465772372,-2.2165105744442943,0.0,0.0,0.0,0.0,0.0,0.0,0.0,0.0,0.0,0.0,0.0,0
2024-04-04,0.015675999244913336,0.02165393648617991,49.37070552284789,16.350000381469727,-1.1387946472207178,-0.019494010869203854,0.0068551450148354115,0.006241850873539736,0,3.0576325012569483,0.013486962431428861,0.007881660437101238,0.11299991607666016,-0.015023421076751847,-0.0012477541735412166,1.1074876575067962,0.1200792712482152,2.375577338844286,0,-0.22639906847684318,0.4582288015622827,1,0.010392690886696644,1.6649988036024563,0.0,0.0,0.0,0.0,0.0,0.0,0.0,0.0,0.0,0.0,0.0,0
2024-04-05,0.024884966327784048,0.012402817673788586,56.384906463435186,16.030000686645508,-1.1304170610682354,-0.00891051465346997,0.006942561121673836,0.0062836115183516365,0,2.499063250848526,0.0036888494189806584,0.002705540858419358,0.17199993133544922,-0.0006910149094294017,0.0017272847607795903,1.6546165954173009,0.10445990505113761,2.3291846687268527,1,-0.22639906847684318,0.6323689916600894,0,0.0005592882777657968,0.08900731467233775,0.0,0.0,0.0,0.0,0.0,0.0,0.0,0.0,0.0,0.0,0.0,0
2024-04-08,0.024154388433397123,0.004414671029996574,56.734199322006624,15.1899995803833,-1.0930122611339526,-0.006609708565195157,0.006922781194219833,0.006093333240891184,0,1.4868733993133842,-0.005538301290720926,0.0013880119860792356,0.09499979019165039,-0.0007746442519672809,-0.001535249392271677,1.9665961228639022,0.03007241774989487,2.110845522528934,0,-0.48514146241888445,0.32163799669928567,0,0.0011558633549726828,0.18969280233811867,0.0,0.0,0.0,0.0,0.0,0.0,0.0,0.0,0.0,0.0,0.0,0
2024-04-09,0.0239875329324891,0.0123238548944772,57.49250847100695,14.979999542236328,-1.0175772236900364,0.0009245355773954124,0.006918400528034218,0.006080484982332628,0,1.2133161131068386,-0.013981317374481906,0.0034254738144644703,0.0010004043579101562,-0.0003829049565280553,9.604048388484259e-05,1.4297861596031156,-0.015894422447389027,1.735080240693635,0,-0.7275863109107987,0.25712385552580364,-1,-0.010063426148299684,-1.655034035475695,0.0,0.0,0.0,0.0,0.0,0.0,0.0,0.0,0.0,0.0,0.0,0
2024-04-10,0.012761009618785756,0.007916335345282192,49.40901080233606,15.800000190734863,-1.281279432600579,-0.010236892094636919,0.007076978616468352,0.006098052088866739,0,2.0529098926354696,0.011432645681132773,-0.01130907571310964,0.2049999237060547,-0.004451528017772618,0.010506290204728382,2.9307506570141877,0.13244699089008782,1.910118748974964,0,-1.2294305117846265,1.9086760015183066,1,0.007518591932832541,1.2329477501646418,0.0,0.0,0.0,0.0,0.0,0.0,0.0,0.0,0.0,0.0,0.0,0
2024-04-11,0.019254544315737983,0.014285643588622164,54.54465511324816,14.90999984741211,-1.1751080192937553,0.00956300830396795,0.007090779768218103,0.006317679627444287,0,1.0227482381448434,-0.013899686155501469,0.0030297535374466094,0.2670001983642578,-0.0022042015735092794,0.00028498341969159397,2.8189989608939623,0.08099329443013698,1.5530874622310233,0,-0.5293814606357294,1.8491973984667782,-1,-0.013899252791926057,-2.200053122512883,0.0,0.0,0.0,0.0,0.0,0.0,0.0,0.0,0.0,0.0,0.0,0
2024-04-12,0.004021426454801713,0.013193737244641221,45.3988284768772,17.309999465942383,-1.5271813564721892,-0.014728935374654757,0.007309598058044399,0.007066956758332075,0,3.3108825203036902,0.007499531492312272,-0.007032428420465132,0.12100028991699219,-0.015443645904201686,0.007192934072434546,2.087644748413058,0.1840561582445674,1.6629268398640182,1,-0.6460895139283472,2.5473514902987566,-1,-0.01260730072771746,-1.7839762317904262,0.0,0.0,0.0,0.0,0.0,0.0,0.0,0.0,0.0,0.0,0.0,0
2024-04-15,-0.009210052498619305,0.02323322616135277,39.08190786685594,19.229999542236328,-2.097810731734687,-0.027895524380138013,0.007460212558980803,0.007454892427983293,0,4.275482722205382,-0.002922782104032367,0.008343253691818067,0.20399999618530273,-0.015539724538694066,0.0016018676588580145,2.8150717671530754,0.2885491363736222,1.5411263091809235,0,0.5476386588535146,2.313254413466692,0,-0.0018254760285401276,-0.24486920468440754,0.0,0.0,0.0,0.0,0.0,0.0,0.0,0.0,0.0,0.0,0.0,0
2024-04-16,-0.011433011885351639,0.008519866850678442,38.25780268012156,18.399999618530273,-2.4293208697486572,-0.030876863763650786,0.007316793985366217,0.007301495123110521,0,3.1985046464673226,-0.0005856186910562605,0.0009708482630854631,0.2929997444152832,-7.607897376221241e-05,0.0004706834131283424,2.780814047134252,0.24999540736688045,1.4798149666933242,0,0.571219591768494,2.0253280735297507,-1,-0.005935760247295957,-0.8129502270029578,0.0,0.0,0.0,0.0,0.0,0.0,0.0,0.0,0.0,0.0,0.0,0
2024-04-17,-0.017650955399482686,0.01418440970265736,35.636584842118054,18.209999084472656,-2.7163788764629713,-0.026749197862647005,0.007365288921048729,0.007217631033375336,0,2.7956493104479296,-0.031778908884939415,0.004992224787174043,0.02500009536743164,-0.0009465471254520824,-0.0029216852160503983,2.157257770091438,0.2758540472060996,0.7627106926328631,0,-0.012734384134607238,1.456221236084681,0,-0.0020599092446938207,-0.2853992371148032,0.0,0.0,0.0,0.0,0.0,0.0,0.0,0.0,0.0,0.0,0.0,0
2024-04-18,-0.019944392680007163,0.011150719584249368,34.75032398088008,18.0,-2.832850985034397,-0.036327699040173425,0.007367158510772148,0.006764083889623812,0,2.474185892149572,0.0004836285201896646,0.0028527755686168273,0.0709996223449707,-9.617423338793229e-05,0.001885946613454383,2.389253248823148,0.32235020432303907,0.7460596119921633,0,0.03249069123605875,1.5464184691828688,-1,-0.008766625379368889,-1.2960531776202842,0.0,0.0,0.0,0.0,0.0,0.0,0.0,0.0,0.0,0.0,0.0,0
2024-04-19,-0.028445357969540733,0.013329037189399845,31.211934855586378,18.709999084472656,-3.0373008481759025,-0.031195071627616124,0.007464123675124381,0.006799374755206732,0,2.721581520734821,0.004943592704169771,-0.00016009979701245682,0.11599969863891602,-0.015151183120030182,0.0,2.0700156823635294,0.3702815870939228,0.8253047775462968,1,-0.08519462130222726,1.3838234329342651,1,0.009166998778738115,1.3482100379329685,0.0,0.0,0.0,0.0,0.0,0.0,0.0,0.0,0.0,0.0,0.0,0
2024-04-22,-0.019611413435005966,0.013907812755250796,38.28933043734572,16.940000534057617,-2.7235265781303037,-0.009420772121160517,0.0075223753430367765,0.00729650318926578,0,1.522051810095177,-0.003494201028036716,0.0053776810841586935,-0.004999637603759766,-0.00448389952210126,-0.0006596588253816183,2.00728569127224,0.2601235647721313,0.7239312705978838,0,-0.02670350368426946,1.1695030776653879,1,0.01179675283843332,1.6167657800972715,0.0,0.0,0.0,0.0,0.0,0.0,0.0,0.0,0.0,0.0,0.0,0
2024-04-23,-0.008211110101222871,0.012973395901863099,46.061346446388036,15.6899995803833,-2.0098287180886922,0.0042014567458129575,0.0076597347855113605,0.00792651640235268,0,0.7079030411809875,0.006136859871728367,0.004113808749630837,-0.06099987030029297,-0.00966914697827722,-0.0036832395776800484,1.7769299882436664,0.1735646050847502,0.8328267886942706,0,2.1103718995359326,0.6388459134721761,0,-0.00047465814343974135,-0.059882238365957824,0.0,0.0,0.0,0.0,0.0,0.0,0.0,0.0,0.0,0.0,0.0,0
2024-04-24,-0.008914320992242026,0.008389209164149451,45.80993082952975,15.970000267028809,-1.4626947813232798,0.009662558849669201,0.007601919489010753,0.007928168719731222,0,0.857303446558798,-0.006619787763346306,0.001798125417586607,0.06699991226196289,0.0006409482318226589,0.0016071680745443683,1.9800816980231948,0.18746944572585839,0.6630239109639442,0,2.402111931921982,0.7579971430327922,0,-0.0038062670627179306,-0.48009349905862986,0.0,0.0,0.0,0.0,0.0,0.0,0.0,0.0,0.0,0.0,0.0,0
2024-04-25,-0.013102938295472375,0.013466005105962107,43.75201615757702,15.369999885559082,-1.1499813614230112,0.007916201031644877,0.007620755601761532,0.0076069444037429506,0,0.45927197021658017,0.009135802798020112,-0.012403361177482686,0.05900001525878906,0.001542970611367348,-0.0024591153729399125,2.1588692582043376,0.18453612204965575,0.8373101968841997,0,1.9089922617574209,0.37992946222144747,1,0.009429290275657226,1.2395618239827502,0.0,0.0,0.0,0.0,0.0,0.0,0.0,0.0,0.0,0.0,0.0,0
2024-04-26,-0.004191750095772384,0.008224122684192182,49.78693286125407,15.029999732971191,-0.5811687675123907,0.02611211668667103,0.00737496806857742,0.008015051986738178,0,0.23687044915098449,0.003344869709890436,0.005664285222545551,0.0540003776550293,-0.006193480124744184,0.003214562339009175,1.8920534109730032,0.14432987588131915,0.8813701380651794,1,1.279047122583826,0.7220301418035996,0,0.0035351738668861106,0.4410663164845704,0.0,0.0,0.0,0.0,0.0,0.0,0.0,0.0,0.0,0.0,0.0,0
2024-04-29,-0.0010411401865513565,0.006861937844082616,51.88479493657309,14.670000076293945,-0.06536939473898773,0.020480291774819085,0.007211198365316501,0.008090958021505704,0,0.0007398681459768697,-0.014656692597930232,0.0035939863542360003,-0.009000301361083984,-0.006174340234783413,-0.00340394242327154,1.57935775154001,0.07206510367109996,0.5310017393032048,0,0.21103526179956075,0.2373510981309634,-1,-0.015968030521390147,-1.9735624314602775,0.0,0.0,0.0,0.0,0.0,0.0,0.0,0.0,0.0,0.0,0.0,0
2024-04-30,-0.017020539802859225,0.015100176115323551,43.166410671556115,15.649999618530273,-0.22522204662637435,-0.007284491585004367,0.007411940131139477,0.008678530686780404,0,0.6026434700621481,-0.008507549595007585,-0.0029451328404698895,0.08799982070922852,-0.00494268565135045,0.006043449748180808,1.900499883144051,0.06876469034765353,0.30993669301883947,0,0.0035824665243182267,0.9429226949520136,0,-0.0032523098381237957,-0.37475307836925625,0.0,0.0,0.0,0.0,0.0,0.0,0.0,0.0,0.0,0.0,0.0,0
2024-05-01,-0.02040906145697972,0.016628374583246175,41.64615041798986,15.390000343322754,-0.3978212220880919,-0.010062143279688468,0.007408537919197771,0.008660482673813068,0,0.42065209145247656,-0.03641737541153739,-0.0011958692184263423,-0.057000160217285156,-0.0014000726700643285,-0.004340030184241663,1.3517995512446825,0.07136273364294986,-0.5848266784463196,0,0.45359972020624345,0.2961761441966681,1,0.009309933818523545,1.074988937600999,0.0,0.0,0.0,0.0,0.0,0.0,0.0,0.0,0.0,0.0,0.0,0
2024-05-02,-0.011608802740389838,0.012553762886943608,47.37681834333973,14.680000305175781,-0.1753379797404997,0.0030540576015530177,0.007492215424504309,0.00863996467157615,0,-0.047766038187728566,-0.0006331504196816675,0.007565933516800276,-0.13499975204467773,-0.00641374685128192,-0.004358948180741739,1.1834600686142125,-0.10774187669983365,-0.6559982807486208,0,1.3150050714481778,-0.43421253009760385,1,0.012319103938198383,1.4258263949228762,0.0,0.0,0.0,0.0,0.0,0.0,0.0,0.0,0.0,0.0,0.0,0
2024-05-03,0.0004326329272779189,0.0078037711820931705,53.8985824179067,13.489999771118164,0.38194945959467486,0.005943871264094196,0.007581193496801833,0.008780781063512584,0,-0.8238816214841049,-0.010696604611133635,0.012064803225281497,-0.16900014877319336,0.00060598005440467,-0.002567436109224526,0.768298086128378,-0.17251335620360297,-0.9769340563307878,1,0.8753971830292782,-0.9636932983210547,1,0.010273837580908714,1.1700355362742074,0.0,0.0,0.0,0.0,0.0,0.0,0.0,0.0,0.0,0.0,0.0,0
2024-05-06,0.01035692022919543,0.006407645646597259,58.56321510128655,13.489999771118164,1.057945191873781,0.012682534978116864,0.007685732038925128,0.00911601445968879,0,-0.8382138079606324,0.004725760595283706,0.004799782246588943,-0.125,-0.01810653524759272,0.00019044432927504588,0.6820891060400297,-0.11868863573025894,-0.8825562693603651,0,0.45251028038337726,-1.1678255790632548,0,0.0011028239492432879,0.12097641401907087,0.0,0.0,0.0,0.0,0.0,0.0,0.0,0.0,0.0,0.0,0.0,0
2024-05-07,0.010968849423127954,0.004099460604742924,59.0449820375374,13.229999542236328,1.4770579512404738,0.029753389448750143,0.007656692974204723,0.009115604616918864,1,-1.0145091636817212,-0.0012751003018784941,0.0019146204666220144,-0.22300004959106445,-0.0014026713292553913,0.003421086667136307,0.5155361507111323,-0.12422900400431534,-0.9335240458634713,0,0.03280358306355645,-0.8123989432446053,0,9.659187251579826e-05,0.010596309363114226,0.0,0.0,0.0,0.0,0.0,0.0,0.0,0.0,0.0,0.0,0.0,0
2024-05-08,0.010599062708220414,0.005027118802885302,59.089873243559786,13.0,1.6774247254246053,0.033102291159389584,0.007655804580890561,0.008815775363180895,1,-1.144658944130851,0.0077524774024004825,-0.0036420780892754815,-0.10299968719482422,-0.00016615908514889716,0.001327260198568957,0.6522534543266443,-0.19506059464321115,-0.7511891476512884,0,-0.16289594138373648,-0.5227924909283046,0,0.005745452287145938,0.6517232498810378,0.0,0.0,0.0,0.0,0.0,0.0,0.0,0.0,0.0,0.0,0.0,0
2024-05-09,0.015807670554418896,0.00672856972718573,61.78121315092722,12.6899995803833,1.908907750917846,0.029537809628012036,0.007444109939097888,0.008747990584937032,1,-1.297738778656263,0.0034123795824652194,0.00036742754666143647,-0.12200021743774414,-0.008296752668859904,-0.003036340553602466,0.3978520005651706,-0.16121786988314338,-0.6726494210483056,0,0.06678275351196185,-1.319350170483416,0,0.001287214835417728,0.14714388995745514,0.0,0.0,0.0,0.0,0.0,0.0,0.0,0.0,0.0,0.0,0.0,0
2024-05-10,0.016546980777133072,0.005855901305018408,62.380437593228955,12.550000190734863,1.9994894489879,0.01850592052523144,0.007367351788141096,0.008093555577817088,1,-1.3469216181110624,-0.012696970635629665,0.0031478026841341043,0.004000186920166016,-0.0010919804277076367,0.0007598955558242859,0.6843300442788306,-0.32156365755977895,-1.0345858499991152,1,-0.35443629094747386,-1.0108121753128496,0,0.0001343134496232697,0.01659509005417799,0.0,0.0,0.0,0.0,0.0,0.0,0.0,0.0,0.0,0.0,0.0,0
2024-05-13,0.016300760047144713,0.0056247582631101765,62.44664752457988,13.600000381469727,1.955067816949621,0.00836639639394609,0.007324086537842707,0.007444133301179086,0,-0.6780797082025627,0.010929077949739378,0.0032968880050346762,-0.007999897003173828,-0.00022026040560234694,-0.0008549503053652182,0.534210472523839,-0.34640171500477446,-0.7491298396771691,0,-0.3370115717689129,-1.119930825191363,0,0.00457770091357138,0.6149399236909252,0.0,0.0,0.0,0.0,0.0,0.0,0.0,0.0,0.0,0.0,0.0,0
2024-05-14,0.020462555044542183,0.0062488431254153895,64.73038555634652,13.420000076293945,1.9684454216338043,0.011841273358274456,0.007302910801057118,0.007426484013876858,0,-0.7792365887226844,-0.014000560976655058,0.0003839346580349036,-0.017999649047851562,-0.0013690447596996797,-0.001997803843080901,0.31774459279374456,-0.31560450665426093,-1.1163722986003681,0,-0.10233501233033422,-1.489019911828313,1,0.012306984504407426,1.6571728841915274,0.0,0.0,0.0,0.0,0.0,0.0,0.0,0.0,0.0,0.0,0.0,0
2024-05-15,0.0321259904622246,0.009249167849089702,70.0486686347405,12.449999809265137,2.2676756852474127,0.024051665990165977,0.0074022598388791645,0.007529708118109593,1,-1.3378133413650677,0.007788110021032777,0.004823102256941381,-0.1360001564025879,-0.001558455813590865,-0.006304985160508351,-0.19264199206262747,-0.3802502358727922,-0.911327539249389,0,-0.3122929624706867,-2.453192949406322,0,-0.002059664345543783,-0.2735380412966749,0.0,0.0,0.0,0.0,0.0,0.0,0.0,0.0,0.0,0.0,0.0,0
2024-05-16,0.029179513164275563,0.005636651894578802,68.18607370928257,12.420000076293945,2.253591117762745,0.016246549357476197,0.007413634538190576,0.007529699734496131,1,-1.308822287087284,0.00760178627366133,0.0001886573232287988,-0.07200002670288086,0.0013320148108450871,0.001053595343262585,-0.07876789613150303,-0.3710636752480022,-0.7170382132548108,0,-0.9652983541880563,-1.9191837411212709,0,0.0014363651176627287,0.19075969304397716,0.0,0.0,0.0,0.0,0.0,0.0,0.0,0.0,0.0,0.0,0.0,0
2024-05-17,0.030007824041897918,0.0041552784140289865,68.8087593828837,11.989999771118164,2.153985463186637,0.016395699639721047,0.0069625018095248676,0.007031241841254896,1,-1.5144341212967343,0.010421265723094177,0.0002268046683177539,-0.0840001106262207,0.00012868166425455653,-9.575545859993252e-05,0.1562621369993181,-0.4449851414034541,-0.4394665125108861,1,-1.1606347955921756,-1.7158340943553498,0,0.0011516187840642667,0.16378573973233373,0.0,0.0,0.0,0.0,0.0,0.0,0.0,0.0,0.0,0.0,0.0,0
2024-05-20,0.03039586557172826,0.004508951174292798,69.32778321786442,12.149999618530273,1.9917523672317152,0.017413004974161914,0.0069626809992935895,0.00690948236854604,1,-1.3820581658152127,-0.0032527803713785952,0.0002267860272683925,-0.04400014877319336,-0.0017312063854099285,0.0011482419069391472,0.23699243425907746,-0.33234858236045983,-0.5621585919157772,0,-0.5005788155517049,-1.3481603126921535,0,0.002449531425223931,0.35451684357810276,0.0,0.0,0.0,0.0,0.0,0.0,0.0,0.0,0.0,0.0,0.0,0
2024-05-21,0.03205370078442312,0.004610833097283742,70.45593097868658,11.859999656677246,1.8372131858948388,0.015284835485814424,0.006941408143113971,0.006588030974793564,1,-1.5067184323600415,-0.006789927983864295,-0.0014725508878024663,-0.031000137329101562,-0.003951940658669569,0.0008603352424861966,0.09528514609147704,-0.2798521753791046,-0.7737050528055522,0,-1.1831862913040365,-1.063020943847129,0,-0.0028834455866350367,-0.43767875726143146,0.0,0.0,0.0,0.0,0.0,0.0,0.0,0.0,0.0,0.0,0.0,0
2024-05-22,0.02849678246653683,0.007134418917292005,67.31780748477591,12.289999961853027,1.5151014592697827,9.440539477202632e-05,0.006956912979873018,0.006666436428947935,1,-1.2342867336849288,-0.02155286414589558,-0.001336962002683485,0.07800006866455078,0.0013439664716758369,0.002671745588751682,0.19849616837500447,-0.2619260584735327,-1.3645300744457445,0,-1.594431382505304,-0.4686714672693846,-1,-0.007330960579578275,-1.0996804156026512,0.0,0.0,0.0,0.0,0.0,0.0,0.0,0.0,0.0,0.0,0.0,0
2024-05-23,0.020525350476860063,0.015875800958742588,60.03388193075797,12.770000457763672,0.9556043220723573,-0.005176890839262423,0.007030661737430145,0.006881141106114096,1,-0.9428706047813098,-0.00906503147732145,0.005890249098375154,0.09800004959106445,-0.0017606780644547331,0.0016186451187040834,0.41509339470428575,-0.18531884421352132,-1.5844456902571589,0,-1.745171303223037,-0.09368705170699908,1,0.0065947162997417605,0.9583739984843771,0.0,0.0,0.0,0.0,0.0,0.0,0.0,0.0,0.0,0.0,0.0,0
2024-05-24,0.026636836369389995,0.0064030194787039986,63.82449926590494,11.930000305175781,0.7323846869500326,-1.853965718342419e-05,0.007062323092116336,0.006752017887371776,1,-1.3873282888957665,0.010996921124401168,0.003586973698948915,0.04699993133544922,-0.005845614220249232,-0.0037172933835784216,0.35053165720697516,-0.23099192430813587,-1.2757740967179234,1,-2.2700150434454716,-0.7833670393581172,0,0.0006984831914063376,0.10344791269489585,0.0,0.0,0.0,0.0,0.0,0.0,0.0,0.0,0.0,0.0,0.0,0
2024-05-28,0.026558729134749687,0.006417441025518631,64.21306980437967,12.920000076293945,0.536206766373895,-0.0004716752498412738,0.006971359148683677,0.006748779977917551,1,-0.82900773756134,0.026786756378970412,0.00156638371611406,0.10500001907348633,-0.0008307201515103505,-0.0010509780682607466,0.7558463973384772,-0.12702809309600838,-0.5313859313641335,0,-0.7887016125537393,-0.9159456453858003,-1,-0.007027442797917281,-1.041289300883788,0.0,0.0,0.0,0.0,0.0,0.0,0.0,0.0,0.0,0.0,0.0,0
2024-05-29,0.018847195177205553,0.0036875166915673234,57.537905248004044,14.279999732971191,0.11184431381949533,-0.00994864947298249,0.00703755881635199,0.00572078074595908,0,-0.0746709484585027,-0.00754433924800599,-0.007826056472166935,0.21000003814697266,0.0032065272387398216,0.004673108174339602,1.1926396014333496,-0.09161095439915777,-0.7473653957865307,0,0.23580139037351577,0.2759048764831365,-1,-0.0066556271804296555,-1.1634103528661495,0.0,0.0,0.0,0.0,0.0,0.0,0.0,0.0,0.0,0.0,0.0,0
2024-05-30,0.011818234877811785,0.0074051304522704895,52.056196068622874,14.470000267028809,-0.4198264059620396,-0.01372083106677706,0.006964764983212779,0.0059424082355745336,0,0.03190833763428531,-0.016800695999504067,-0.003007491248595243,0.11999988555908203,0.001785477886214392,-0.0036221301060789537,0.759039578800979,-0.06164041106160588,-1.2098860222471746,0,-0.1958635406074317,-0.6267270117563548,1,0.009067026728528197,1.5258143013643948,0.0,0.0,0.0,0.0,0.0,0.0,0.0,0.0,0.0,0.0,0.0,0
2024-05-31,0.020761800156925695,0.017331313372135445,57.94187728473565,12.920000076293945,-0.47594334418021056,0.0026771562413294716,0.007027716881423552,0.0059272899972774625,1,-0.8187741334616502,-0.011878845804020198,0.0018736331032979485,0.03900003433227539,0.02695327734342222,-0.00047760688527704177,0.4962009334305482,-0.12770953971535035,-1.499638630631294,1,-0.43655695476721806,-0.6908241339476844,0,0.0008150657006879237,0.13751045181824795,0.0,0.0,0.0,0.0,0.0,0.0,0.0,0.0,0.0,0.0,0.0,0
2024-06-03,0.021372706465562507,0.012713190844726469,58.43825787280299,13.109999656677246,-0.4997341672772917,-0.0031024943577245977,0.006921931902671071,0.005427048390372997,1,-0.6974081634107759,-0.036641843463558636,0.0031239400062740533,-0.06500005722045898,-0.0001556981122779799,-0.005076384499318713,-0.22839088291927268,-0.028573381665131323,-2.331399015356736,0,-1.080657379833613,-1.8856788427518152,0,0.0011172356797728195,0.20586395048829256,0.0,0.0,0.0,0.0,0.0,0.0,0.0,0.0,0.0,0.0,0.0,0
2024-06-04,0.022230389782713262,0.007929753260371413,59.15062970454181,13.15999984741211,-0.49090984331462195,-0.002683741869358152,0.0068696885133712445,0.005027339764046476,1,-0.6528129844319476,-0.013155424182366147,-0.002542042440108529,-0.20599985122680664,-0.0012070092305059212,-0.0002881035246518874,-0.7011028642099196,-0.02476673895053971,-2.5062316937020257,0,-1.6713865445293608,-1.6988553149980865,1,0.011814974572177242,2.35013976084836,0.0,0.0,0.0,0.0,0.0,0.0,0.0,0.0,0.0,0.0,0.0,0
2024-06-05,0.03378365103255158,0.011147104126205896,65.8584265676069,12.630000114440918,-0.10649560523692969,0.01615867550073656,0.007017756498226543,0.005565937284256823,1,-0.9176940419900573,0.011132340007921552,0.00449409157872488,-0.33500003814697266,-0.0006737948188718978,0.0015356182576500479,-1.0689144676343008,-0.046411998102996656,-2.1542572160263402,0,-1.4413840464964023,-1.1990198572608057,0,-1.8826389757929994e-05,-0.0033824232958835384,0.0,0.0,0.0,0.0,0.0,0.0,0.0,0.0,0.0,0.0,0.0,0
2024-06-06,0.033130965871965325,0.005124734171253167,65.83976445880486,12.579999923706055,0.10154576331475429,0.022795476291408157,0.006896784275289632,0.005567710563425221,1,-0.9272353520375064,0.019784141207531986,0.0005795194979123214,-0.27299976348876953,2.3826488856539703e-05,-0.0016316956437711864,-1.164956291906405,-0.03284111225394378,-1.665516020471634,0,-1.6263932371556626,-1.5091095093800238,0,-0.0012165149142074724,-0.21849424739431988,0.0,0.0,0.0,0.0,0.0,0.0,0.0,0.0,0.0,0.0,0.0,0
2024-06-07,0.03144281276058759,0.008145983299082567,64.56734832065052,12.220000267028809,0.1480322591094314,0.012511934648672594,0.006895040602427913,0.0055163060131070045,1,-1.099462733379117,-0.0002648169491050799,-0.001872216843151876,-0.0840001106262207,0.00041137709063949053,0.007560215191439793,-0.1530219482467177,-0.037740273064340316,-1.6151629076349998,1,-1.6037058514022966,0.591041866945699,0,0.0030851464360385325,0.5592765948702162,0.0,0.0,0.0,0.0,0.0,0.0,0.0,0.0,0.0,0.0,0.0,0
2024-06-10,0.03412693352586894,0.006384615393380303,66.34536070760169,12.739999771118164,0.23378260561914033,0.014782015384023097,0.006893627268155813,0.0055304965211397765,1,-0.7982738202137266,0.02883998578138424,-0.001555370383056813,0.06699991226196289,-0.0025447304363698737,0.0024757405056136084,0.10863522519330894,0.015025951402620141,-0.9359750523141742,0,-0.781281339823571,1.3603205044883502,0,0.002405557429607164,0.4349615031484323,0.0,0.0,0.0,0.0,0.0,0.0,0.0,0.0,0.0,0.0,0.0,0
2024-06-11,0.03602594067213784,0.009237399869438459,67.70969299067266,12.850000381469727,0.3166905483100999,0.0160703371338577,0.006824054135274705,0.005526395160052763,1,-0.7217704850333235,0.0020560745194554914,-0.0029725153831895402,0.06799983978271484,-0.0018564380913274551,0.0007605459934801095,-0.3803553228693829,-0.05672597976366212,-0.8678630250902761,0,-1.1810897339077109,1.5785277663998245,1,0.008179303958639465,1.4800405909003918,0.0,0.0,0.0,0.0,0.0,0.0,0.0,0.0,0.0,0.0,0.0,0
2024-06-12,0.043627719961170694,0.007056316365418333,71.90269240875516,12.039999961853027,0.587115496202359,0.012434666520319895,0.006858502681242559,0.0056877245542992574,1,-1.1235851494837823,0.007672652323997818,0.008677959605099893,0.006000041961669922,0.009414173914804674,-0.0055269991808469445,-1.1693495184540903,-0.10851170051630679,-0.6711269811573927,0,-1.5421080675867043,0.014298419863968926,0,0.002011623696789007,0.3536774927846195,0.0,0.0,0.0,0.0,0.0,0.0,0.0,0.0,0.0,0.0,0.0,0
2024-06-13,0.04480109422389904,0.006894626509746646,72.8415181531503,11.9399995803833,0.7527311581790634,0.014465116606866946,0.006833116501255455,0.005113813668146461,1,-1.1471178582981383,0.0015275301402533966,0.0033012557535986296,-0.043000221252441406,-0.0002515605304639177,0.005241807821713123,-1.5632078801299665,-0.041826534769968934,-0.6137648964576927,0,-1.4941330539759021,1.410156328895039,0,0.0006080204616761836,0.11889742414535867,0.0,0.0,0.0,0.0,0.0,0.0,0.0,0.0,0.0,0.0,0.0,0
2024-06-14,0.04424143941276603,0.005453446724063854,73.13409947920351,12.65999984741211,0.7948961397544192,0.016289651982750522,0.006744311544897363,0.005059319218233799,1,-0.7641591663747168,-0.0021647146502484236,-0.002898663002060524,-0.21700000762939453,-0.000260780588369783,0.003321531912736334,-1.717734142368231,0.019139322015111742,-0.645827269913524,1,-1.9753523698666982,1.9868432222372459,1,0.007927489938320435,1.5669053339620198,0.0,0.0,0.0,0.0,0.0,0.0,0.0,0.0,0.0,0.0,0.0,0
2024-06-17,0.051392708337716274,0.012648591215711815,76.6771653672605,12.75,1.0042491668823388,0.021131995485032484,0.006800784612486812,0.005271272015320338,1,-0.7148184559495248,0.023681732701511034,-0.0012904429569034267,-0.19000005722045898,0.005885178316383363,-0.002181471476737344,-1.2478889397645831,0.061458321654406574,-0.09433230556519306,0,-1.8789653557934933,1.2722939141135379,0,0.0025374830869674117,0.4813787385293609,0.0,0.0,0.0,0.0,0.0,0.0,0.0,0.0,0.0,0.0,0.0,0
2024-06-18,0.052859292168494706,0.0034458507576955494,77.69640489559384,12.300000190734863,1.1225879489644228,0.021263921142392665,0.006795329177198392,0.005273627367078621,1,-0.9388943405885956,0.01531837059133567,0.0001096680226858045,-0.18699979782104492,-0.0008674226944792146,-0.0005698315100724346,-1.6916879306820654,0.01227013949539939,0.2623437848765683,0,-1.7961109701651625,1.0239724063238107,-1,-0.0027203419021860215,-0.5158378767505167,0.0,0.0,0.0,0.0,0.0,0.0,0.0,0.0,0.0,0.0,0.0,0
2024-06-20,0.04888443044059004,0.009031083073869023,73.96488435854151,13.279999732971191,0.995685998184376,0.010364275281567062,0.006794913077273289,0.005361389601909138,0,-0.4296931276771869,0.007328706088144798,0.0017304378283881736,-0.0409998893737793,-0.004328591961673648,0.0031301349156411073,-1.4269814822634725,0.11308775931907326,0.43585037713090996,0,-1.3910857104883674,1.5705028251064768,0,-0.0013414913654254286,-0.2502129042848695,0.0,0.0,0.0,0.0,0.0,0.0,0.0,0.0,0.0,0.0,0.0,0
2024-06-21,0.0461885237421417,0.004830039550502476,72.12893215176192,13.199999809265137,0.7666014928918949,0.007011160219352533,0.006791813552542309,0.005306594111685628,0,-0.4709281204104029,-0.017679954670203727,-0.0015435013542843296,0.01900005340576172,-0.0014425218324267686,0.0019869131327182963,-1.414128522486157,0.07143089466867421,0.020928763036296198,1,-1.3413675095342898,1.760498389273918,-1,-0.0032558070453931596,-0.6135387107969058,0.0,0.0,0.0,0.0,0.0,0.0,0.0,0.0,0.0,0.0,0.0,0
2024-06-24,0.04173084166835095,0.00797806899759472,67.74398979349198,13.329999923706055,0.41879323178851635,0.003147332712283201,0.006739578050199879,0.005018994778479491,0,-0.40910734416836314,0.011086512827385236,-0.0003304609707827363,0.03500032424926758,0.0005619722584936325,-0.003123984406330726,-1.501095284331428,0.04291842257589041,0.28167883404702015,0,-1.4610650658162256,1.04416715156594,1,0.003843452839589687,0.765779872549566,0.0,0.0,0.0,0.0,0.0,0.0,0.0,0.0,0.0,0.0,0.0,0
2024-06-25,0.04431430782775951,0.005065818106658898,70.05871817986579,12.84000015258789,0.2551053995041821,-0.0009367043864474891,0.006751002017481108,0.004915313251884909,1,-0.6628113105813959,-0.009848601417630847,0.0023004484559748426,-0.0409998893737793,-0.00261401604770732,0.001326505675220534,-1.5883406097647452,0.07350904845524785,0.06032078484498636,0,-0.7477124982395975,1.1845292917215533,0,0.001247030690874488,0.2537026817913311,0.0,0.0,0.0,0.0,0.0,0.0,0.0,0.0,0.0,0.0,0.0,0
2024-06-26,0.043909331083769244,0.00588433003984501,70.79293234763368,12.550000190734863,0.12668123498218087,-0.0022271567825404475,0.0067434561652992215,0.004911583835166923,1,-0.800444812948349,0.0008656365268328098,-0.002094888144426704,0.0989999771118164,-0.0008101953352420513,0.004157640249605154,-1.0140703185375004,-0.029055823483770088,0.09516754339496869,0,-0.2240228107566059,1.7280513788704037,0,0.001575396430760615,0.3207505513751575,0.0,0.0,0.0,0.0,0.0,0.0,0.0,0.0,0.0,0.0,0.0,0
2024-06-27,0.04377912653021067,0.004301181693899025,71.73716369038277,12.239999771118164,0.03806781916941393,0.002068581550406211,0.006678157171612508,0.0044712687715052725,1,-0.9342912268768225,0.010329609075931839,-0.00025654210517583306,0.03399991989135742,-0.001324149095230567,-0.0013209983541480016,-1.198758997074551,-0.15415067982725836,0.3647449471692949,0,-0.5533339706935213,1.3453698172490027,-1,-0.003942868108871373,-0.8818211322449019,0.0,0.0,0.0,0.0,0.0,0.0,0.0,0.0,0.0,0.0,0.0,0
2024-06-28,0.037876186510462956,0.013468849885044586,65.99355064158536,12.4399995803833,-0.20917273660299962,-0.0005327951930397153,0.006707464523694747,0.004227753587107965,1,-0.8105078268961787,-0.0024497433826135406,0.0014448239953360389,0.08599996566772461,-0.006654221681255698,-0.00037775913488106576,-0.7978824644232271,-0.1511605055175659,0.3302162044414272,1,0.5072692357775003,1.153248271551671,0,0.002056002609921091,0.4863097397855011,0.0,0.0,0.0,0.0,0.0,0.0,0.0,0.0,0.0,0.0,0.0,0
2024-07-01,0.038134348942587964,0.006161266707189578,67.4554111167242,12.220000267028809,-0.33801151655814454,0.004779014462274653,0.006484070200358473,0.003905650740594066,1,-0.8928834190796813,0.02231473089305164,0.002587599309622482,0.23099994659423828,-0.0009830510624661087,0.0002833147177817514,0.1675361160193203,-0.05570252866432617,0.9282510034804007,0,1.523069285600923,1.0837601936071446,1,0.006707196031388748,1.7173012396280372,0.0,0.0,0.0,0.0,0.0,0.0,0.0,0.0,0.0,0.0,0.0,0
2024-07-02,0.042919276050888806,0.009763001140636135,71.74182761935778,12.029999732971191,-0.2257373495568613,0.007642757654073661,0.0064113089632813775,0.004044318664117658,1,-0.9583515994061719,-0.006859641948526388,-0.00301183143254729,0.1979999542236328,-0.0029521746407259277,-0.0017011657333817745,-0.1540568079375927,-0.08597176379807621,0.7964201313213796,0,1.1589884452033632,0.7281884718424304,1,0.004452590651339259,1.1009467877434906,0.0,0.0,0.0,0.0,0.0,0.0,0.0,0.0,0.0,0.0,0.0,0
2024-07-03,0.04545439997514796,0.0057664972057375145,74.18609443132422,12.09000015258789,-0.04396414024857531,0.010848317614538291,0.006426365813960358,0.004069007183356448,1,-0.8979267414515114,0.01283837572594993,-0.0005831323380821664,0.03900003433227539,-0.004533983796513777,-0.003031450698364612,-0.735822736308776,-0.08480323705464532,1.180016377649838,0,0.468793959877441,0.09928621361827311,1,0.005750020885147285,1.4131227827364965,0.0,0.0,0.0,0.0,0.0,0.0,0.0,0.0,0.0,0.0,0.0,0
2024-07-05,0.049469009498262086,0.00708566380352546,76.97057779038124,12.479999542236328,0.2175724170111728,0.01502294206892514,0.006454667644087199,0.0035099951374911796,1,-0.6750862597678196,-0.008620666262815612,0.0005620680184009168,-0.01600027084350586,-0.001865680659989176,-0.004945837316700313,-1.3147031424450513,-0.011947619161938814,0.9691570675034271,1,0.9585096051678971,-1.027561877857983,0,0.0011531627259042687,0.32853590827747514,0.0,0.0,0.0,0.0,0.0,0.0,0.0,0.0,0.0,0.0,0.0,0
2024-07-08,0.04863639014373893,0.003709835488235056,77.49664646651298,12.369999885559082,0.3561357852384299,0.020118972903700596,0.00628457357630976,0.0034843022727119553,1,-0.7057486818454938,-0.010030923475955026,0.0014412157744966075,-0.07399988174438477,-0.0008920737263355158,0.0012387907934254191,-1.2890577551875724,-0.016834068054685316,0.7358430129569368,0,0.5965393387435883,-1.05432446253401,0,0.0009718952114407809,0.2789345889151097,0.0,0.0,0.0,0.0,0.0,0.0,0.0,0.0,0.0,0.0,0.0,0
2024-07-09,0.04752158247932675,0.0029865300324875238,77.95421891319069,12.510000228881836,0.40329484540819216,0.01903486550522013,0.006232047544398722,0.0034097842956724174,1,-0.6126802122328516,-0.011237422981347668,0.0017632096089742386,-0.1789999008178711,-0.0012959089979944008,0.0010469768033470517,-1.0325124660772347,0.023454367179496102,0.4500044744620413,0,0.9165644845994306,-0.8311333185496858,1,0.009846780476072953,2.8877931107369488,0.0,0.0,0.0,0.0,0.0,0.0,0.0,0.0,0.0,0.0,0.0,0
2024-07-10,0.05571080627905784,0.00872935814681562,81.97490876198512,12.850000381469727,0.6997925868995889,0.022174449949904397,0.006004956110267808,0.0038169722811657518,1,-0.4105051597252616,0.008439837303350642,0.002246532973299328,-0.15599966049194336,-0.004901878055163225,-0.0006661245228280181,-1.137616700340743,0.008597208849178589,0.7348460943598555,0,0.5653437830468395,-0.9908905490749933,-1,-0.008660003236682213,-2.2688088649018683,0.0,0.0,0.0,0.0,0.0,0.0,0.0,0.0,0.0,0.0,0.0,0
2024-07-11,0.04471917756538624,0.011680563952228284,69.89444674483897,12.920000076293945,0.4891507277935814,0.009061856061882916,0.005866425608273594,0.0045609585916743895,1,-0.34450632253358343,0.006313817339398577,0.00021371687862466808,-0.16200017929077148,-0.004498956879475345,-0.005823689134446796,-1.6837080137679339,0.0054326632319714845,0.9642029598784474,0,1.240381135938587,-2.1542309774122077,1,0.0062877354356749805,1.3785965216144305,0.0,0.0,0.0,0.0,0.0,0.0,0.0,0.0,0.0,0.0,0.0,0
2024-07-12,0.04896044534237958,0.011642991142332505,73.00174802787,12.460000038146973,0.4924703964478869,0.009599570612410586,0.005877521179346588,0.004443015242859175,1,-0.5937828824868879,-0.004974877184572584,0.002064495211718005,-0.08299970626831055,0.003661268956641556,-0.00335689286185645,-1.6530363715757264,0.03428907970854008,0.8555557861333916,1,1.7164242509813896,-2.5250131118734984,0,0.0027463458611404206,0.6181251987155248,0.0,0.0,0.0,0.0,0.0,0.0,0.0,0.0,0.0,0.0,0.0,0
2024-07-15,0.04937676680537058,0.009278260646505455,74.257197879156,13.119999885559082,0.5054718708697017,0.011192753747646961,0.005789432549703618,0.00444743308133979,0,-0.14296536866342416,-0.0036558097911436604,0.003636373998367255,-0.039999961853027344,-0.001043977560360724,0.0009603045111108622,-1.3265657127415635,0.09424370197263376,0.7491648013988157,0,2.534110481425124,-1.9763706654107536,1,0.00591267816960782,1.3294556133648436,4.0,0.0,0.0,0.0,0.0,0.0,0.0,0.0,0.0,0.0,0.0,1
2024-07-16,0.05318074060150848,0.005417267354651288,76.77234589168734,13.1899995803833,0.6345837499004485,0.01613353670581387,0.005786871579200688,0.004524496562412714,0,-0.04587097702466775,-0.014139308340223741,0.0023834782115941425,-0.13300037384033203,-0.004029043227478428,0.0007674777505324555,-1.6951289108390395,0.041011530252703786,0.3227694081962673,0,1.6859347546528545,-1.6031353631818914,-1,-0.014120511628253384,-3.1208953801856256,5.0,0.0,0.0,0.0,0.0,0.0,0.0,0.0,0.0,0.0,0.0,1
2024-07-17,0.036585675561374945,0.00700259345165775,61.405448835802,14.479999542236328,0.12510173025583882,-0.007833755398512512,0.005994850587103998,0.00560170865467969,0,1.120694446870271,0.025549905558976974,-0.010786424671024279,-0.13400030136108398,-0.012836500598821408,-0.0049994974960680914,-1.7677011843033676,0.12723708373962134,1.1375392506965547,0,1.6257831940355079,-2.0416689064749844,-1,-0.007714494423302083,-1.3771656341321916,5.0,0.0,0.0,0.0,0.0,0.0,0.0,0.0,0.0,0.0,0.0,1
2024-07-18,0.027176258150411896,0.016447774937903066,54.99878094527409,15.930000305175781,-0.5307017938228888,-0.0068882465851323686,0.0060493174232346516,0.005918748922586695,0,2.4926018788696434,-0.00036215102259073414,0.002815110878665106,-0.0039997100830078125,-0.005978579081412014,0.004040003307987049,-1.4266067763579802,0.25860486519398534,1.1263281390490496,0,1.5697797249082237,-1.2949122432948392,-1,-0.006662638314655088,-1.1256816507983896,4.0,0.0,0.0,0.0,0.0,0.0,0.0,0.0,0.0,0.0,0.0,1
2024-07-19,0.019085777731284878,0.011238900626727945,50.16560526509538,16.520000457763672,-1.2044995807503058,-0.01983862033546238,0.00599795053512361,0.006096026358844861,0,2.9157695097850054,-0.03301929291921077,-0.00043425134221043173,0.04999971389770508,-0.0103032823762506,0.002205527645441811,-1.050245613920763,0.21831267186180034,0.10329584967916074,1,1.8538473185163178,-0.8886632510706575,1,0.010257139566992516,1.6825915993939615,4.0,0.0,0.0,0.0,0.0,0.0,0.0,0.0,0.0,0.0,0.0,1
2024-07-22,0.028099177567164478,0.007662489521189055,56.512869989917064,14.90999984741211,-1.2683625639245504,-0.01232782662961038,0.006099518277458758,0.006467750684642302,0,1.576042943330821,-0.0043774503370086724,0.007277812887599325,0.031000137329101562,-0.0012362865456198857,-0.0008624787816513865,-0.8793722476026161,0.12181530340000321,-0.01511252407583673,0,1.8538473185163185,-0.9146290297079674,0,-0.0015697527669806866,-0.2427042130219915,15.0,0.0,0.0,0.0,0.0,0.0,0.0,0.0,0.0,0.0,0.0,1
2024-07-23,0.02514568698492995,0.006247897638874866,55.34601197101059,14.720000267028809,-1.3518340429541773,-0.019810257566198797,0.006072674945199963,0.006421243232273991,0,1.439141012983593,-0.035987036715088364,-0.00019840000867287863,0.07200002670288086,0.001262650185382464,0.0013412475025854679,-1.0098246432988656,0.09919000297413348,-1.10750092731808,0,2.962605832503474,-0.6544145688734794,-1,-0.022923219119819423,-3.5698980075422924,16.0,0.0,0.0,0.0,0.0,0.0,0.0,0.0,0.0,0.0,0.0,1
2024-07-24,0.0010955273225470119,0.01640708239244561,41.90442720549541,18.040000915527344,-2.1701703147607505,-0.028612965057764804,0.006766099599067714,0.008310407267902997,0,3.9090060272372167,0.008152711246337686,-0.008924136972986765,0.1399998664855957,-0.04720552096022488,-0.0005745792118030661,-0.6424400196031188,0.3400262552387219,-0.8268284860321663,0,3.385916346292514,-0.6610807033942282,-1,-0.005224128709654965,-0.6286241161237373,19.0,0.0,0.0,0.0,0.0,0.0,0.0,0.0,0.0,0.0,0.0,1
2024-07-25,-0.004826615817076346,0.018591798564136005,39.57835245893623,18.459999084472656,-2.793115550620949,-0.026122599344117623,0.00680706636172772,0.00837146496266077,0,3.7107789393725295,0.00885362122617054,0.00022154411869333105,0.06699991226196289,-0.005177241540467194,-0.0002874134563198047,-0.8455125246555742,0.3858854987037177,-0.5194546229889336,0,2.562915453681237,-0.62752329080113,1,0.011137344972194393,1.330392197536302,29.0,0.0,0.0,0.0,0.0,0.0,0.0,0.0,0.0,0.0,0.0,1
2024-07-26,0.005470617304850134,0.010469495594502559,46.42620563737639,16.389999389648438,-2.701421536478355,-0.008322616057268183,0.006559851512008204,0.008769147225880583,0,2.1857338271353757,-0.014410891435045557,0.007162124260621752,-0.03900003433227539,0.004527251185229094,-0.0003833708640863391,-1.272463529505084,0.29196209713178867,-0.9522742577628339,1,2.19348352707502,-0.6121873337881427,0,0.0005876069798269525,0.0670083754562795,19.0,0.0,0.0,0.0,0.0,0.0,0.0,0.0,0.0,0.0,0.0,1
2024-07-29,0.00544203572550251,0.007948485594063092,46.770987211950086,16.600000381469727,-2.5173417249866064,-0.01799214864443382,0.006532298063774488,0.008725151004841844,0,2.257991340526239,-0.017651057634833576,0.002897899233479277,-0.0820002555847168,-0.00032404358248959013,0.0022979507136717497,-1.4173493047394112,0.28848566476281445,-1.4638832764028056,0,1.7797089827114076,-0.1397520484573948,-1,-0.005079342212160226,-0.5821488233101432,28.0,0.0,0.0,0.0,0.0,0.0,0.0,0.0,0.0,0.0,0.0,1
2024-07-30,-0.00020595694244568278,0.016273076243945882,44.13292714755926,17.690000534057617,-2.4717770916917963,-0.021501738089613337,0.006503702417674547,0.008784470457585854,0,2.784648233416239,-0.014348515000907594,0.0027497271038314443,-0.09599971771240234,-9.495898380197223e-05,-9.559090253338395e-05,-1.656874006431401,0.36992556276626287,-1.8218755992155986,0,1.6222336693509507,-0.044678952153785485,1,0.01612400909867429,1.8355108394316448,34.0,0.0,0.0,0.0,0.0,0.0,0.0,0.0,0.0,0.0,0.0,1
2024-07-31,0.015181635531157785,0.010747776794894658,53.20594253863412,16.360000610351562,-1.7866294871578972,0.017545490128880376,0.006630954386918915,0.00941029722300413,0,1.844927378979898,0.041672698484094266,0.012796066827169637,-0.17699956893920898,0.02233991223339419,-0.004313494100995363,-1.8561892203107815,0.3074358606924742,-0.5600976049446741,0,1.5706866464157492,-0.9559491376611027,-1,-0.014262021983354306,-1.5155745338993643,22.0,0.0,0.0,0.0,0.0,0.0,0.0,0.0,0.0,0.0,0.0,1
2024-08-01,0.00026551685496384195,0.028434102804238193,46.07201079699453,18.59000015258789,-1.7706108736456043,0.008507596855180833,0.006821638519399049,0.009880106960993075,0,2.9338883221220584,-0.020750402038847978,0.003190359515726361,-0.2799999713897705,-0.02723896042588086,0.0030692494838229197,-2.7220193666248207,0.43024513269371434,-1.1665419899539784,0,1.8064151939214794,-0.06179555026724297,-1,-0.018794122569683547,-1.9022166077469698,49.0,0.0,0.0,0.0,0.0,0.0,0.0,0.0,0.0,0.0,0.0,1
2024-08-02,-0.01847551729909876,0.015744068801014977,38.808508788023424,23.389999389648438,-2.3151856289068484,-0.021423870686697034,0.00727917607954606,0.010530281485759744,0,4.508133906653282,-0.03724652692098453,-0.013460323332323438,-0.40799975395202637,-0.037308418280524655,-0.011655471739614932,-3.610592051622877,0.6281812282400361,-2.1401863014359215,1,2.530039697620593,-2.680458292573797,-1,-0.029556036517058074,-2.806763379439886,15.0,0.0,0.0,0.0,0.0,0.0,0.0,0.0,0.0,0.0,0.0,1
2024-08-05,-0.04668359507459694,0.025725826182994183,30.784958172675175,38.56999969482422,-3.5154328332569795,-0.05156751418358184,0.008252323091814185,0.012159324165375865,0,6.323710493134387,-0.00792021353532362,-0.04071237878536874,-0.39299988746643066,-0.10200693019489751,-0.005050973722581391,-3.2723439090699484,1.137200587154971,-2.2198884755404977,0,2.11402757085861,-2.865618656250713,1,0.009177164820883934,0.7547423811261176,20.0,0.0,0.0,0.0,0.0,0.0,0.0,0.0,0.0,0.0,0.0,1
2024-08-06,-0.037819459696293814,0.02275209102239109,35.21799699395201,27.709999084472656,-3.7875457700798156,-0.03731100715053786,0.008304126726107027,0.012454233072463254,0,3.149697537161166,0.0035581604246189076,0.003549844162951547,-0.25500011444091797,0.00881034002635865,0.002722930538867963,-2.4461157043780544,0.7952649830605557,-2.015492343642708,0,2.1664260892766523,-2.0403389165528885,-1,-0.00670631433052484,-0.5384762680080272,31.0,0.0,0.0,0.0,0.0,0.0,0.0,0.0,0.0,0.0,0.0,1
2024-08-07,-0.043930703933938275,0.02610581067285652,33.526077557888,27.850000381469727,-3.9712901271922867,-0.060141330579736876,0.008349034282551095,0.012091594340340968,0,2.8929877748332173,0.02735475291781767,0.012031158765200603,-0.14100027084350586,-0.0023131211330422556,0.002231127952566383,-1.8782425058752716,0.7734891390430017,-1.2756751446036938,0,2.4308436011323447,-1.4917661676819542,1,0.0228539798269916,1.8900701001888016,38.0,0.0,0.0,0.0,0.0,0.0,0.0,0.0,0.0,0.0,0.0,1
2024-08-08,-0.021920843185321885,0.017808255417135824,43.558214418035845,23.790000915527344,-3.113430717755145,-0.023025328769390885,0.008855809638308246,0.013425571033932042,0,1.9087319020296887,0.012680120334172904,0.01007112619576481,0.020999908447265625,0.0005969006222384847,9.691523114725435e-05,-1.6392762807126984,0.6104888585390107,-0.9233523241116877,0,2.2052010633072046,-1.3161825838401289,0,0.00440005924475462,0.32773696971727595,39.0,0.0,0.0,0.0,0.0,0.0,0.0,0.0,0.0,0.0,0.0,1
2024-08-09,-0.017918444563902913,0.011163459569690632,45.29350201559472,20.3700008392334,-2.2437304876621122,0.0001688530450471725,0.0088544060798831,0.013367966573818462,0,1.1496729602084887,0.008495037712886217,-0.0015841375977189262,0.14999985694885254,-0.002929052119377442,-0.0006784560021994059,-1.8682688431458074,0.4915397550173313,-0.693357237606762,1,1.647339573980014,-1.2917394480528597,0,0.0005253201136751975,0.03929690561427606,88.0,0.0,0.0,0.0,0.0,0.0,0.0,0.0,0.0,0.0,0.0,1
2024-08-12,-0.017849058964672926,0.008963504578638025,45.50943124517543,20.709999084472656,-1.5358390954944348,0.03025020967578054,0.008714493121933807,0.01333152081320362,0,1.180128556379067,0.04105103282825877,0.0022864821922625443,0.12399983406066895,-0.0004178766435065435,0.0,-1.95090983773734,0.45647885640716185,0.38902405495331094,0,1.5802522020520111,-1.1656083604657312,1,0.01631166218959137,1.2235400733902375,35.0,0.0,0.0,0.0,0.0,0.0,0.0,0.0,0.0,0.0,0.0,1
2024-08-13,-0.0022986170926749825,0.01106929422777251,51.91037092440503,18.1200008392334,-0.43234235164025847,0.03738470704448819,0.008954509060014368,0.01387208601588669,0,0.6243421328483695,-0.021590373742851835,0.006094436370751289,-0.03600001335144043,-0.00726385049776946,-0.0056393133374165174,-2.135952392801109,0.3175574120141632,-0.18460802243517727,0,1.7315845021789193,-1.7831486371224141,0,0.0031499856356211283,0.2270735173699549,21.0,0.0,0.0,0.0,0.0,0.0,0.0,0.0,0.0,0.0,0.0,1
2024-08-14,0.0001993097385850256,0.008901198814655144,53.06810009299878,16.190000534057617,0.4209994338176446,0.0472410070106343,0.008960376637187207,0.013617135649608888,0,0.21181654918383355,-0.01764025786340206,0.0014933969367227843,-0.14800000190734863,-0.0025470141973641764,9.751997633030728e-05,-2.174095062163559,0.11162544533236853,-0.6294167292728606,0,1.4471946568963192,-1.565278166690873,1,0.01699512125184807,1.248067817526517,48.0,0.0,0.0,0.0,0.0,0.0,0.0,0.0,0.0,0.0,0.0,1
2024-08-15,0.01635675076392199,0.008100205054373432,58.87848066791301,15.229999542236328,1.5474968339574757,0.04138214843549065,0.009209944023305421,0.014106954720914647,0,0.002218133333538074,0.015212363125069652,0.010519306062726896,-0.0709998607635498,-0.001237514290824016,0.003989337871885919,-1.5655382331619678,-0.0449370062288951,-0.22191372751930274,0,1.0392987907535498,-0.9214498431219039,0,0.0022393569881340933,0.15874123402421758,28.0,0.0,0.0,0.0,0.0,0.0,0.0,0.0,0.0,0.0,0.0,1
2024-08-16,0.01783625948181633,0.006783225599728613,59.59516045539009,14.800000190734863,2.2775932537918675,0.0392214461788702,0.00920933122854331,0.014024637320665697,0,-0.09779837342837372,-0.019508429363616648,-0.0029879973937555642,-0.04999995231628418,-0.0015384768811178427,-0.0050623576403176105,-1.6647181170788454,-0.10994460214493688,-0.7142316189971621,1,0.9336959324443165,-1.4312949051431085,0,0.009515950300571948,0.6785161924571136,24.0,0.0,0.0,0.0,0.0,0.0,0.0,0.0,0.0,0.0,0.0,1
2024-08-19,0.02656273738832467,0.01027501322441143,62.59599344088848,14.649999618530273,2.9695325056556303,0.0482120763657668,0.009265174298013733,0.01399840274070296,0,-0.13777308410025196,-0.030196953578393984,0.0007573376164225291,-0.04199981689453125,-0.00841945894855851,-0.005578675579700073,-1.713448807676588,-0.01759180911853057,-1.4388530414401302,0,0.6860600439067571,-1.8504136401692168,0,-0.001627437600269879,-0.11625872378643363,28.0,0.0,0.0,0.0,0.0,0.0,0.0,0.0,0.0,0.0,0.0,1
2024-08-20,0.023901429107841293,0.006282458723706634,61.74802487947331,15.880000114440918,3.206377689129506,0.030272976575905577,0.0092076962546157,0.01399884567454986,0,0.10929360185760388,-0.004447171575921042,-0.0008222987773531653,-0.03399991989135742,0.0017834689131420976,-0.004426279239488796,-1.8678535079508878,0.07585333158432242,-1.5069831963721387,0,0.8792433306407987,-2.017408021120254,0,0.0034307727003390835,0.24507522472542398,18.0,0.0,0.0,0.0,0.0,0.0,0.0,0.0,0.0,0.0,0.0,1
2024-08-21,0.02641640237941674,0.013164005827636991,62.890335667410874,16.270000457763672,3.3151401665549622,0.03055376364062332,0.009184493238697957,0.012879288888240645,0,0.17674097519114546,-0.028912071948661716,0.0019134872231583533,-0.04199981689453125,-0.0024584737225442476,-0.003951027653131888,-1.9643984655291593,-0.10326861601793916,-2.081361865739335,0,1.1413767697231705,-2.062744531847405,-1,-0.007879539401688134,-0.6117987842399164,64.0,1.0,0.015625,0.0,0.0,0.0,0.0,1.0,0.0,0.0,0.0,1
2024-08-22,0.017578144081190693,0.014742390850629717,58.57355077429083,17.549999237060547,2.9353417967978723,0.005679102987087164,0.009255869416325046,0.012968454407643012,0,0.43073138505732006,0.014903019205474667,0.0034544045448696784,-0.06400012969970703,0.0010303436918197414,0.00464084973759752,-1.5197375284763093,-0.050552273039967136,-1.6683170445232736,0,1.1033943958750623,-1.4336759028532295,1,0.010569368402715641,0.8150053908068364,42.0,0.0,0.0,0.0,0.0,0.0,0.0,0.0,0.0,0.0,0.0,1
2024-08-23,0.027544000310573535,0.010317984768192744,62.31518051754354,15.859999656677246,2.906951205348492,0.014009114401668602,0.00928032284914751,0.012947136944086361,0,0.06855438867180155,0.024622451234376702,0.005933417823622591,-0.08500003814697266,-0.0035938531267055355,-0.007812934985011172,-1.737094508339548,-0.032871160956854495,-1.0785820231531809,1,1.3518811238567532,-1.8961414463711632,0,-0.002386736774478714,-0.18434461158014906,83.0,0.0,0.0,0.0,0.0,0.0,0.0,0.0,0.0,0.0,0.0,1
2024-08-26,0.024342314293122953,0.008666319909386124,60.97050353657993,16.149999618530273,2.640528356836512,0.0021064273266180097,0.009235662475826401,0.012976412337699798,0,0.1239142226280622,0.03402622293678218,0.001866078359325261,-0.04900002479553223,0.0021741692998737175,0.0012898474141776791,-1.6362883680515754,-0.027482692294352584,-0.2911393007563281,0,1.3037476380538977,-1.6058209044603926,0,0.0013721568299351415,0.10574230664092042,17.0,3.0,0.0588235294117647,0.0,0.0,0.0,0.0,3.0,0.0,0.0,0.0,1
2024-08-27,0.02498026869010662,0.006660001158620247,61.48480731617131,15.430000305175781,2.3647444334980716,0.005106021756823081,0.009178223237217092,0.01288542659096017,0,-0.03709756588133214,-0.024715209335050777,-0.002320826889513349,0.014999866485595703,-0.0013491180496110705,-0.002979102700727993,-1.5181799223903603,-0.1366858522083468,-0.8520848866012113,0,1.8671226992493155,-1.7009994001677424,0,-0.005822054624054497,-0.45183215818538763,28.0,0.0,0.0,0.0,0.0,0.0,0.0,0.0,0.0,0.0,0.0,1
2024-08-28,0.018548260796354552,0.011839596151253955,58.00024603039183,17.110000610351562,1.8402785879538528,-0.0041468055675705435,0.00922161681408661,0.012528464501658907,0,0.30507260226935706,-0.013462411477556464,-0.0006232788945127143,0.06299996376037598,0.0035556038822626957,0.005356026370427454,-1.427709750693944,0.04482375509416126,-1.1601560676914395,0,1.8497130472250192,-1.1118112746274853,0,8.940658644515099e-05,0.0071362707752897275,31.0,0.0,0.0,0.0,0.0,0.0,0.0,0.0,0.0,0.0,0.0,1
2024-08-29,0.01820748530000476,0.01164144404802535,58.03946117552973,15.649999618530273,1.3901165062697758,0.0038221404205628635,0.00922233108960559,0.012028927042258008,0,-0.013467696528567167,0.018480975585486233,0.0035936420564022546,0.005000114440917969,-5.639882266362196e-05,0.0024699909711655365,-1.257031068961993,-0.17215291733031607,-0.7658805120284226,0,1.7093722545433,-0.8168509609427339,1,0.009500711609878811,0.7898213762780978,34.0,0.0,0.0,0.0,0.0,0.0,0.0,0.0,0.0,0.0,0.0,1
2024-08-30,0.02723645473851055,0.012524832618379934,62.107759327474746,15.0,1.3369744965862753,0.0027534836277259378,0.009180963754034247,0.011162430640593501,0,-0.16064808947871165,-0.03158298773172092,0.004324884122206886,0.10400009155273438,0.003139372784081511,0.003546109136159048,-1.0114637781226952,-0.4442583533993256,-1.4816422988066609,1,1.6433596135777864,-0.3773504833313861,-1,-0.02079369435930284,-1.8628268699305934,58.0,0.0,0.0,0.0,0.0,0.0,0.0,0.0,0.0,0.0,0.0,1
2024-09-03,0.00581944588008803,0.020468025364391785,50.60764841088354,20.719999313354492,0.4742513593274076,-0.015653473957098155,0.009599717110957194,0.00992915353081872,0,1.025669856998229,-0.04462491355686993,-0.005711023458836725,0.026000022888183594,-0.01608212970689939,0.001277501117997129,-1.2852479560939274,-0.6213753800558589,-2.3342769267784007,0,1.325820718006723,-0.19447446982236122,0,-0.0020488615040308513,-0.20634784568422856,4.0,1.0,0.25,1.0,0.0,0.0,0.0,0.0,0.0,0.0,0.0,1
2024-09-04,0.0034605850828779787,0.009020728910080055,49.64334241831564,21.31999969482422,-0.1973572693588297,-0.019074492291064168,0.009602969921891939,0.009893442861828793,0,1.1146211621347673,-0.016339756459787656,-0.0034110739171403595,-0.06500005722045898,0.00016394677411039261,-0.004626232130554466,-1.5892620188813775,-0.26214774085170284,-2.504901943281854,0,1.6075617121923136,-0.6288395957945574,0,-0.0024352279710155326,-0.2461454059594502,15.0,0.0,0.0,0.0,0.0,0.0,0.0,0.0,0.0,0.0,0.0,1
2024-09-05,0.0008456400274958723,0.012190484863089978,48.46395739005255,19.899999618530273,-0.7266528285100531,-0.015687665638025206,0.009604949719969766,0.009724728299316834,0,0.7887151509666548,-0.0007227383460925007,-0.00010895832245925249,-0.1100001335144043,0.0006355195291844983,-0.0024695028946871414,-1.7072020387233773,-0.33611326750947657,-2.3575887049864095,0,1.3552265425581966,-0.8209271656344452,-1,-0.01697328104557086,-1.7453714972220116,41.0,2.0,0.024390243902439,0.0,2.0,0.0,0.0,0.0,0.0,0.0,0.0,1
2024-09-06,-0.015814044278227957,0.022503467085224528,41.1897565864186,22.3799991607666,-1.6317348195376313,-0.032750353270041326,0.009861569712645358,0.009498348349862554,0,1.265705043159489,-0.021635156991438764,0.0006003477675968933,-0.15700006484985352,-0.03576184784384272,0.0006920727401390275,-1.7387022169468143,-0.061097697414050335,-2.548229254793898,1,1.8183398413955416,-0.6646177694184487,1,0.01113398651894169,1.172201143485264,27.0,0.0,0.0,0.0,0.0,0.0,0.0,0.0,0.0,0.0,0.0,1
2024-09-09,-0.004796351878133572,0.00920559569571496,46.812808408757405,19.450000762939453,-1.7649041318536356,-0.031117078360978205,0.009909558220159213,0.00974485288012463,0,0.6303156616342053,0.01525181253292539,0.007907857321912255,-0.21399998664855957,-0.006864688731528456,0.0036502061982117153,-1.7227453004254119,-0.04621616214805984,-2.1567025571447056,0,1.5007505339836413,-0.12530486769145022,0,0.004346440057637413,0.44602372666549267,10.0,0.0,0.0,0.0,0.0,0.0,0.0,0.0,0.0,0.0,0.0,1
2024-09-10,-0.0006277167172023092,0.010514075989489946,48.88346387386137,19.079999923706055,-1.6326258929769968,-0.005976943944037869,0.009921336402527507,0.009767466302953203,0,0.530655442551823,-0.04403506466059675,0.0035626042792128217,-0.19800019264221191,-0.004171725691135607,0.0007874220461980366,-1.864207195272405,-0.08197596917896775,-2.639926097606229,0,1.705775496598354,0.09422871118944354,1,0.01020645459010571,1.044942856633272,59.0,0.0,0.0,0.0,0.0,0.0,0.0,0.0,0.0,0.0,0.0,1
2024-09-11,0.009290788993377585,0.027776710532819715,53.49540940793076,17.690000534057617,-1.13406455169598,0.006278372150098622,0.010004287436438934,0.00936515643915434,0,0.22139569481730956,0.023449106693669394,-0.00016417053413344138,-0.11499977111816406,0.02296230595355887,0.0004918897581669893,-1.7499417060870415,-0.024016808568644642,-2.1569783363753325,0,1.4660262609559578,0.25315887164897133,1,0.008388007445118225,0.8956602639809195,26.0,0.0,0.0,0.0,0.0,0.0,0.0,0.0,0.0,0.0,0.0,1
2024-09-12,0.01741893910766329,0.011912275053708293,56.96405408417006,17.06999969482422,-0.48946735965787,0.017101607566232375,0.01001032952869293,0.009496959076708326,0,0.07527294375939321,0.024362867390701433,0.001063646623792258,-0.05099987983703613,0.0025517745772455345,-0.003053413393602141,-1.5669815757775918,0.05292871825202242,-1.7196030144129735,0,1.494619956075534,-0.16627134859970977,0,0.00520914737236218,0.5485063003035158,38.0,0.0,0.0,0.0,0.0,0.0,0.0,0.0,0.0,0.0,0.0,1
2024-09-13,0.022340101056202724,0.006370023714233673,59.022113308713074,16.559999465942383,0.10460422937693092,0.039284035984165494,0.010025860717041004,0.008819230344233165,0,-0.048874830164560665,-0.00465049070133241,0.0011083183756539544,-0.059999942779541016,-0.003341284709503672,-0.0025681773491138178,-1.626238777740088,0.0837229798568956,-1.7100458809706895,1,1.7838342926931516,-0.5883699494263088,0,0.0014757016664165748,0.1673275258204665,58.0,1.0,0.0172413793103448,0.0,0.0,0.0,0.0,0.0,1.0,0.0,0.0,1
2024-09-16,0.023544533181649667,0.005703149712776716,59.61331071503733,17.139999389648438,0.5049960449928097,0.029625751131640305,0.010017935371352238,0.0088143303961288,0,0.06212905703364209,0.02075892382264858,-0.00048064995859085235,-0.07599997520446777,-0.0012036225019311782,-0.003467566454233105,-1.6761653557528706,0.146787683902297,-1.3625731382342463,0,1.6034245716403093,-1.3773564307154842,0,0.00040859633669759293,0.04635586082845697,32.0,0.0,0.0,0.0,0.0,0.0,0.0,0.0,0.0,0.0,0.0,1
2024-09-17,0.023672800092504803,0.010282982554895936,59.78646964063746,17.610000610351562,0.7243546114407664,0.025687907410700442,0.010014942921809957,0.008570237726875226,0,0.14843288937461746,0.015572315146450825,0.004007292425490697,-0.003999948501586914,7.368203211461026e-05,0.0012893356850294626,-1.5267612893359657,0.1840266477433007,-1.0988093294440693,0,1.4989886295313164,-0.9512082911544825,0,-0.0029701369002973965,-0.34656371612029585,4.0,0.0,0.0,0.0,0.0,0.0,0.0,0.0,0.0,0.0,0.0,1
2024-09-18,0.020429820785991468,0.014000685802901449,57.847366848445915,18.229999542236328,0.698344398853834,0.01251131592029743,0.010013166526295532,0.008591431367428069,0,0.2664065362848353,-0.00394087444963749,0.0011892906615368615,0.031999826431274414,-0.0026438337922829376,-0.0028785658727580672,-1.3014312665996721,0.1380081005545156,-1.117799833408254,0,1.6744185036221233,-1.5368829262689014,1,0.016920307923775156,1.96943762986308,56.0,4.0,0.0357142857142857,0.0,4.0,0.0,0.0,0.0,0.0,0.0,0.0,1
2024-09-19,0.037478377683513774,0.008406578088829263,64.88384873421765,16.329999923706055,1.221453086921724,0.021043616398954298,0.010225828588456325,0.009350952128252958,0,-0.16131383945388936,0.014559871958021912,0.016972899097320818,0.059999942779541016,0.032210959082494266,9.941987261286984e-05,-1.0397358948048083,0.003680952943972424,-0.875675003706339,0,1.966788240396243,-1.382199342737346,0,-0.0017301318311112323,-0.1850217985466778,46.0,0.0,0.0,0.0,0.0,0.0,0.0,0.0,0.0,0.0,0.0,1
2024-09-20,0.035176615407160765,0.007285551515068322,63.70394603226114,16.149999618530273,1.3980759724655942,0.014104337195480876,0.010230752514769197,0.009145379145330942,0,-0.2157099599663532,-0.0004170262146349265,-0.002451858371501505,0.07799983024597168,-0.003130212620273895,0.001092739485391407,-1.0548266077751407,-0.0831338803912916,-0.8525742958755153,1,2.159253208019969,-1.0051401569677048,0,0.002495817124092393,0.2729044204058391,55.0,0.0,0.0,0.0,0.0,0.0,0.0,0.0,0.0,0.0,0.0,1
2024-09-23,0.03733288906504882,0.0039146199919365444,64.70153130714814,15.890000343322754,1.4958007232450905,0.015124452653156746,0.010232728863106114,0.008885611413279587,0,-0.28938633162396193,-0.02178728969472246,0.001916443701403871,0.11800003051757812,-0.001145166824942311,0.0019837037733707805,-0.9769645018499881,0.0018898075952215852,-1.1315064807290354,0,2.084464024217629,-0.5532621785885398,0,0.002857246549837139,0.3215584388467165,6.0,0.0,0.0,0.0,0.0,0.0,0.0,0.0,0.0,0.0,0.0,1
2024-09-24,0.03986602047024522,0.0065814980675047334,65.86142473742429,15.390000343322754,1.5487070355885244,0.017573102866296108,0.010217550924708323,0.008863369266902814,0,-0.4154215196929305,0.016769149514567056,0.0014208796700602374,0.09400010108947754,-0.000918575202586864,-0.00546472043895139,-0.9594928196199044,-0.048202055889290066,-0.85834690129626,0,2.435328470394526,-1.7261243337856653,0,-0.002207888302492943,-0.2491023159459653,40.0,2.0,0.05,0.0,0.0,0.0,0.0,2.0,0.0,0.0,0.0,1
2024-09-25,0.03731181278605828,0.005227776329335451,64.10783362324679,15.40999984741211,1.3860333137965108,0.018335351464100442,0.0102239203705221,0.008893291233744025,0,-0.42693974557053394,-0.026479354040803024,-0.0002799944227026374,0.09599995613098145,0.0021026673723861665,0.005464720438951408,-0.7485383741982731,-0.0012970467230001995,-1.207140739619754,0,2.3544134724947665,-0.5221191961141427,0,0.0039568002149560745,0.44491917129071384,35.0,0.0,0.0,0.0,0.0,0.0,0.0,0.0,0.0,0.0,0.0,1
2024-09-26,0.04077805353014885,0.00840467877195511,65.86352263805276,15.369999885559082,1.3142887581587566,0.005371843755281423,0.010203081916008706,0.008772112600578207,0,-0.45350392261549777,-0.029413947297257197,0.007584698817007326,0.05099987983703613,-0.0010682316078288278,-0.003573565625344722,-0.6820033422577542,-0.10724557347154295,-1.5718411251992144,0,1.8149124898970785,-1.264921600988531,0,-0.0014514158032163835,-0.16545776538972617,36.0,0.0,0.0,0.0,0.0,0.0,0.0,0.0,0.0,0.0,0.0,1
2024-09-27,0.03849422403708699,0.006649496890087422,64.61341667590881,16.959999084472656,1.1065745383362495,0.0056505597831761996,0.010195170969861006,0.008790895871547692,0,-0.10825315271671601,0.0075083480002425705,0.001902786055574314,0.021000146865844727,0.001081943633106213,-0.0013931676312915248,-0.8474724880711654,0.08038668377109101,-1.4267716220638373,1,1.8146433382773,-1.4080961652578088,0,0.003999113022499457,0.4549147813586348,22.0,0.0,0.0,0.0,0.0,0.0,0.0,0.0,0.0,0.0,0.0,1
2024-09-30,0.04165428630995913,0.010980179318426505,66.50238942226208,16.729999542236328,1.0176089731245632,0.007153855681583065,0.010182809710872478,0.008605371884301775,0,-0.18025555594367423,-0.00014671267121886113,-0.001839192775781558,0.06299996376037598,0.0033268884437031633,0.0035785387673035155,-0.575774670611211,0.10915328653467692,-1.3889829707844308,0,1.4427683174209216,-0.5467612859885758,-1,-0.008998801645510219,-1.045717873593284,26.0,0.0,0.0,0.0,0.0,0.0,0.0,0.0,0.0,0.0,0.0,1
2024-10-01,0.031735816865057845,0.014174664323811934,58.901962057826324,19.260000228881836,0.5396035141757434,-0.004702192513764189,0.01025779856178096,0.007341743626679723,0,0.39239388102938916,0.024059184564979595,-0.0006275697415562175,0.006999969482421875,-0.012526183951472892,0.004060050728721441,-0.8282010352843338,-0.0730689659982483,-1.0078320020900677,0,1.2774992285473705,0.5150926649131912,0,0.0004221019823466305,0.05749334611457458,27.0,0.0,0.0,0.0,0.0,0.0,0.0,0.0,0.0,0.0,0.0,1
2024-10-02,0.03154351712417295,0.008139093981010254,59.13686366440898,18.899999618530273,0.17888136740258886,-0.002072202228924546,0.01025756702312884,0.007297248874742586,0,0.28482920210891655,0.0038590291938212363,-0.0016014667620411825,0.004000186920166016,-0.00041429644002895493,0.00483066801391389,-0.600656015011148,-0.1204836831015696,-0.9202865860028858,0,1.434359883203863,1.6251706422941619,0,-0.001829959097201489,-0.25077349298040924,57.0,0.0,0.0,0.0,0.0,0.0,0.0,0.0,0.0,0.0,0.0,1
2024-10-03,0.02860389968093421,0.007590429190588324,57.60084403799227,20.489999771118164,-0.1700830020618076,-0.007858961541081993,0.010186546938182326,0.007280201848086817,0,0.6425288607531414,0.05021569050716062,-0.0026404420176298865,0.05900001525878906,0.0014177026733194946,0.0030441184344031434,-0.25044029288398184,0.029217238519278117,-0.10953366132606956,0,1.3351469887991343,2.0003638605159266,1,0.009046229693091422,1.2425778098021558,17.0,0.0,0.0,0.0,0.0,0.0,0.0,0.0,0.0,0.0,0.0,1
2024-10-04,0.036590974764308296,0.009180093449899885,62.767818186854306,19.209999084472656,-0.10429495896860885,0.0026386839552257494,0.010180730580244794,0.0059565799425050905,0,0.3097339751050994,0.00904858879004115,0.007946101397271784,0.23199987411499023,-0.005064639822920692,0.005183120434750279,0.44443052977327463,-0.15273673626294962,0.07223179016920941,1,0.6302611908678863,2.4444143481853926,-1,-0.009081462470695198,-1.5246076292563995,46.0,0.0,0.0,0.0,0.0,0.0,0.0,0.0,0.0,0.0,0.0,1
2024-10-07,0.02629056311530888,0.00938713843683138,55.46094501894048,22.639999389648438,-0.4300085686905053,-0.01044189153796864,0.010226857320024138,0.006227672562584468,0,1.1166318373896862,0.036434893297252344,-0.002936240647439206,0.2239999771118164,0.0009401874788244578,0.00019510653235701533,0.7038151727043274,0.1518711170858572,0.7441216839324376,0,0.5353911625815911,2.11081077876591,1,0.009413098795424872,1.511493031449321,26.0,0.0,0.0,0.0,0.0,0.0,0.0,0.0,0.0,0.0,0.0,1
2024-10-08,0.03487160254587808,0.007414903303940506,60.58370458458183,21.420000076293945,-0.3216344819250665,0.007970008902966395,0.010290107817689643,0.006424943481487663,0,0.7873472013776761,-0.04738461507175182,0.00460367341929095,0.28999996185302734,-0.009437305364338707,9.753899307532961e-05,0.7755101198777148,0.11568440655990557,-0.06599829117005956,0,0.6515965757828929,1.8720716050456572,1,0.006902692015959659,1.0743567304959505,13.0,0.0,0.0,0.0,0.0,0.0,0.0,0.0,0.0,0.0,0.0,1
2024-10-09,0.04065691554754441,0.008940697315590964,63.89042936592909,20.860000610351562,-0.033895583574900634,0.014450598936579507,0.010299897757261606,0.00625181992488993,0,0.6226329242342682,-0.004495639157300412,-1.7341764399189923e-05,0.2819998264312744,-0.006131141391028261,0.0036986342262349922,0.9794434710465818,0.16483394047055236,-0.11863017039828826,0,0.6972963078191757,2.0520500135200592,0,-0.0017515942371071475,-0.2801730466360993,22.0,0.0,0.0,0.0,0.0,0.0,0.0,0.0,0.0,0.0,0.0,1
2024-10-10,0.03782502115292206,0.005363419417978788,62.45491900989277,20.93000030517578,0.03903409443584138,0.014528963796673825,0.010126475733111559,0.006130240510901114,0,0.6163373786918694,0.035015995038710473,-0.0023766230688670727,0.2460002899169922,0.0006742164870852988,0.0005827268922401394,1.149385305300632,0.20386103211024342,0.5855008628287977,0,0.9613841137605164,1.8293726540188346,1,0.005970194588003583,0.9738908022416194,27.0,0.0,0.0,0.0,0.0,0.0,0.0,0.0,0.0,0.0,0.0,1
2024-10-11,0.04260355075481559,0.007626287682425945,65.32103010842793,20.459999084472656,0.25302472077112803,0.011452928691585963,0.010089719551984812,0.006155776975339451,0,0.4791663895894233,-0.0038306753550031453,-0.00013909690037384464,0.09200000762939453,-0.0032346240675206394,-0.0009714249399544881,1.0489050302756333,0.21148159906904046,0.5689739075829753,1,1.0812283983242161,1.514937304149614,1,0.008145401687744,1.3232104555234119,31.0,2.0,0.032258064516129,2.0,0.0,0.0,0.0,0.0,0.0,0.0,0.0,1
2024-10-14,0.049128273547143914,0.007769781978355142,68.84070113946655,19.700000762939453,0.6245290545997744,0.028679792850024935,0.010084102674025453,0.006321846977630308,0,0.2736720569129542,-0.023161832450447797,0.002825903447112766,0.07200002670288086,-0.008144774751775833,0.0039769552126221125,1.2278838235132146,0.13920379691197612,0.1284441663072273,0,1.051792019605217,1.6860989412414698,-1,-0.007800181290675205,-1.2338433656876295,23.0,0.0,0.0,0.0,0.0,0.0,0.0,0.0,0.0,0.0,0.0,1
2024-10-15,0.038590496457376194,0.010969757606918476,62.31699859300332,20.639999389648438,0.4920434983997648,0.011466512763924783,0.010075344752892514,0.0066882251842386815,0,0.49071742043970323,-0.04501833368193956,0.00046183969554607995,0.005000114440917969,-0.0027290258811253107,-0.0003873055288797857,0.9380388039966147,0.15876395387457745,-0.7610861978351071,0,0.6418100243250441,1.4566334852517466,0,0.004336971876182105,0.6484478725273446,29.0,4.0,0.0689655172413793,0.0,4.0,0.0,0.0,0.0,0.0,0.0,0.0,1
2024-10-16,0.04080215214319795,0.006646050486546667,64.3371271003893,19.579999923706055,0.49211257237502526,0.00890079262414716,0.010080756926605535,0.006623821818159788,0,0.20129662506308948,-0.0026956452410497786,-1.4233126112411529e-08,-0.051000118255615234,-0.005556082203049469,0.0031906645786690287,0.8589217295809516,0.07144006962572794,-0.7880143963077413,0,0.6945731351386973,1.5553367473167996,0,8.588641372365317e-05,0.012966273311497491,27.0,0.0,0.0,0.0,0.0,0.0,0.0,0.0,0.0,0.0,0.0,1
2024-10-17,0.03846829703318446,0.006800072359704104,64.37794353971816,19.110000610351562,0.41928853682618694,0.01073827327497802,0.009585054573554564,0.005618834636274625,0,0.0757434860804233,0.003969929843791636,0.006180435117021193,0.0,-8.165808799472351e-05,0.0023141992324326294,1.4219856060277667,0.15720788788067613,-0.6807681398161967,0,0.9799607860333689,1.5634756613623266,0,0.0038393130101876042,0.6832922528950942,26.0,0.0,0.0,0.0,0.0,0.0,0.0,0.0,0.0,0.0,0.0,1
2024-10-18,0.04040126965955903,0.004806783266058664,66.2416046108319,18.030000686645508,0.44094533857602247,0.008607391697162235,0.009552313084835418,0.0056071548343319495,0,-0.20043934464359306,-0.020731272950513795,0.0029493714525710615,0.0,-0.0025714046064025417,-0.0032799949123049964,1.3456919342445677,0.11011704925047654,-1.072819437636519,1,0.9480094361278887,1.1505591556130899,0,-0.001643660877408386,-0.2931358228216267,21.0,0.0,0.0,0.0,0.0,0.0,0.0,0.0,0.0,0.0,0.0,1
2024-10-21,0.03676370258850462,0.007282010802123351,64.67976538939983,18.3700008392334,0.3190468179473731,-0.0011816708679901681,0.009474190072439617,0.005641549409933422,0,-0.12180534636631202,0.019173521255786898,-0.0012668309370102836,0.0840001106262207,0.0011810274075022048,0.00501209986556509,2.07601103107401,0.14502894275719116,-0.6504941959144076,0,1.2261993762894192,1.4197751186833094,0,-0.0005313397393026245,-0.09418313283505686,18.0,0.0,0.0,0.0,0.0,0.0,0.0,0.0,0.0,0.0,0.0,1
2024-10-22,0.034313854500815755,0.007063010123871124,64.15374819534011,18.200000762939453,0.15358820391252692,0.0060871706833823536,0.009476536020908113,0.005640374427475016,0,-0.17304952804448398,0.021451910519248066,-0.004430482480447875,0.1659998893737793,0.0004581227350580199,0.0006727828932675225,2.2052638213760796,0.16770366584354024,-0.17549237043752122,0,1.1919846013433995,1.353222082957925,-1,-0.00917931939511585,-1.6274279728882024,55.0,0.0,0.0,0.0,0.0,0.0,0.0,0.0,0.0,0.0,0.0,1
2024-10-23,0.023497981088352854,0.012612742756226567,55.75808349958836,19.239999771118164,-0.34557136575400005,-0.007429120587915519,0.009537103826893656,0.006052112751249948,0,0.08961135707694606,-0.018480152964077994,-0.003537692128493688,0.22600030899047852,-0.0050030702083407414,0.003357141616745338,2.3892750258440536,0.22197479391126548,-0.5536609709211318,0,1.1615509098778476,1.4789602524522447,0,0.0021602841090140345,0.3569465124559594,29.0,0.0,0.0,0.0,0.0,0.0,0.0,0.0,0.0,0.0,0.0,1
2024-10-24,0.024363567359618355,0.0060251196278123895,57.17356577298912,19.079999923706055,-0.6144093494220808,-0.005354722892625092,0.009333017857954828,0.006014327977790853,0,0.036541600835638115,-0.008229249128125489,0.0034369880195580073,0.10399961471557617,-0.001648616394905362,-0.003549361013124531,2.071961905479462,0.2162231119167347,-0.7024361871701915,0,0.890230242936521,1.0868621435056205,0,-0.0003455423012858097,-0.057453090026166435,44.0,0.0,0.0,0.0,0.0,0.0,0.0,0.0,0.0,0.0,0.0,1
2024-10-25,0.02300880689477747,0.011018245932772407,56.859915456341135,20.329999923706055,-0.8143050565980889,-0.009539578204098604,0.009120593140716659,0.0059995146858800325,0,0.3537455813725253,0.022399983188136557,0.00391112133895531,0.15899991989135742,-0.0001319107396140206,0.0019201674287809163,2.1628812256111285,0.18124004750528838,-0.19333528364379896,1,0.8635468219552622,1.2100947925682517,0,0.0030867649236738953,0.5145015789231838,28.0,0.0,0.0,0.0,0.0,0.0,0.0,0.0,0.0,0.0,0.0,1
2024-10-28,0.025149430774287284,0.003770470493895856,59.02536459231781,19.799999237060547,-0.833877942518952,-0.004809152403016364,0.00874028943488695,0.00597619639804615,0,0.23415556041445454,-0.06325767149745264,0.0060951648316116686,0.09599971771240234,-0.003605091962340873,0.0005752954235479461,2.288264830612696,0.1684784115313063,-1.5000800448182385,0,1.0011989705637887,1.223275300054776,0,0.0016171912487949784,0.2706049860198436,6.0,0.0,0.0,0.0,0.0,0.0,0.0,0.0,0.0,0.0,0.0,1
2024-10-29,0.025944126349019728,0.007700603878418504,60.156433431210026,19.34000015258789,-0.7907944046332993,-0.0026606214149187393,0.007732116496625134,0.0055326017780242395,0,0.26856734736308663,-0.002526164855852338,-0.0016886156449576633,0.07000017166137695,0.0006996388966918945,-0.0003835178936744607,2.134887826904371,0.004145079661133198,-1.4937156968178946,0,1.052748338906979,1.1360758083206497,-1,-0.003029923390207819,-0.5476479304481111,12.0,0.0,0.0,0.0,0.0,0.0,0.0,0.0,0.0,0.0,0.0,1
2024-10-30,0.022010571751698897,0.006948206460270317,56.98481191489141,20.350000381469727,-0.8781771262516571,0.003488774589989415,0.0077007630591793275,0.005609591401080585,0,0.7412302589095083,0.02061627323877297,-0.0008255510600931837,0.023999691009521484,-0.0005511774941043293,-0.0027848572297986805,1.9838651072139362,0.07391902875203185,-1.043021237239403,0,0.7663606189569862,0.7198780720798417,-1,-0.01979796557404637,-3.529299883986884,56.0,0.0,0.0,0.0,0.0,0.0,0.0,0.0,0.0,0.0,0.0,1
2024-10-31,0.0016322141278558933,0.012644207681816932,41.69230473910654,23.15999984741211,-1.6432447157465395,-0.018469475093071116,0.008119998716771331,0.007273704641522588,0,2.0656443871771684,0.009429264219159237,-0.007702060647385223,0.0840001106262207,-0.047686738251764824,-9.611488950296706e-05,1.984232585424069,0.12248969503597908,-0.822028097969831,0,0.570880024406209,0.6405362988063712,0,0.004211896434852932,0.579057145135854,41.0,0.0,0.0,0.0,0.0,0.0,0.0,0.0,0.0,0.0,0.0,1
2024-11-01,0.005274794628603587,0.008633358198163,45.04487823389473,21.8799991607666,-1.925909915500625,-0.013912036356932299,0.007634492838179284,0.007036235832908581,0,1.5684745763628438,0.003315256766768306,0.004702160985563353,0.12900018692016602,0.0022893771551902417,0.0028809721193016552,2.254163854767143,0.13014201007602086,-0.7269208197126341,1,0.8893046208807381,1.015719087105896,0,-0.002156338472839295,-0.3064615029159558,36.0,0.0,0.0,0.0,0.0,0.0,0.0,0.0,0.0,0.0,0.0,1
2024-11-04,0.002777575479379198,0.008090390430695083,43.65939832896567,21.979999542236328,-2.114595357666917,-0.019155139753445422,0.007635906924275498,0.006738698767015592,0,1.5772948638460482,0.028094971727141534,0.00024507746820636383,0.031000137329101562,0.0007167097084432024,-0.0037469361518257123,1.901561145412912,-0.029585298226888154,-0.10908617575091019,0,0.6886775225866584,0.3024769477049817,1,0.012019187358455816,1.7836039179029275,46.0,0.0,0.0,0.0,0.0,0.0,0.0,0.0,0.0,0.0,0.0,1
2024-11-05,0.014273673840821339,0.010785452698919121,52.47691889168839,20.489999771118164,-1.7205885702284287,-0.008753143643784553,0.007762724889596613,0.006948627520578497,0,0.9271302469287498,0.007249392495397435,0.0016307129100451435,0.014999866485595703,-0.0021949293991894037,-0.004534291944420711,1.7277070870226479,-0.04438811750101981,0.09609288044128783,0,0.043646958516808686,-0.6954605252812811,1,0.024561573185624373,3.534732256918698,34.0,0.0,0.0,0.0,0.0,0.0,0.0,0.0,0.0,0.0,0.0,1
2024-11-06,0.03835483690081891,0.011065204166343528,64.81820595997868,16.270000457763672,-0.5110188449895872,0.018838352932047605,0.008097946257016674,0.008725566098754278,0,-0.906042099249185,-0.004175888887395827,0.021443618657459845,0.16000032424926758,0.06502008081802521,0.016018741767101052,2.229435248307373,-0.24851052946565896,0.03646444559207654,0,0.7390393323785932,2.2683354652985495,1,0.007702320909745663,0.8827292115239587,24.0,0.0,0.0,0.0,0.0,0.0,0.0,0.0,0.0,0.0,0.0,1
2024-11-07,0.04495090652175866,0.006128212259416715,67.6972094474896,15.199999809265137,0.5349597353351143,0.04633863941583969,0.00813497147412554,0.00881345928683669,0,-1.354045599284172,0.009302367042198464,0.0034455810082766893,0.057000160217285156,0.003686589638506654,-0.005534309983288607,1.7611304815757116,-0.3198881357348066,0.296653416378394,0,0.25673697677714646,1.096452769406412,0,0.004322283315467201,0.4904179245195446,0.0,0.0,0.0,0.0,0.0,0.0,0.0,0.0,0.0,0.0,0.0,0
2024-11-08,0.047949521246130104,0.005800885544925479,69.22817071154205,14.9399995803833,1.2975906200121639,0.04644902629645367,0.007888453934035441,0.008778703623323057,0,-1.460037891022727,-0.02774457609362235,0.0009396826220227486,-0.05499982833862305,0.0016225285324225826,0.0046775691106705096,1.5462098647914433,-0.3144295641584204,-0.3618510123672812,1,-0.34864156979150485,1.8917164139555858,0,0.0009523724227901015,0.1084865577867654,2.0,0.0,0.0,0.0,0.0,0.0,0.0,0.0,0.0,0.0,0.0,1
2024-11-11,0.04759715637618888,0.005294246206250602,69.57127897597744,14.970000267028809,1.7136738584882139,0.049557737192083125,0.007887766787188282,0.008641859563207436,0,-1.4510031535224217,-0.03381331188501914,0.0027044403957108536,-0.0009999275207519531,-0.0005091164261407352,0.005129686494693812,1.4959675735267692,-0.27457045820270054,-1.1845629340959134,0,-0.40252106702302387,2.416421752414762,0,-0.0031111788157091925,-0.36001223959164647,11.0,0.0,0.0,0.0,0.0,0.0,0.0,0.0,0.0,0.0,0.0,1
2024-11-12,0.04264613101224801,0.008242557729807157,66.9479696681963,14.710000038146973,1.7344880851366211,0.03442737101791831,0.007834106178013632,0.00844562664400984,0,-1.5648214671927367,0.001175115130863235,-0.00013359546474032486,0.14300012588500977,-0.00024592390236180013,0.004537687244231887,1.9192698336738727,-0.3387033738354507,-1.117277217800473,0,0.06440119844104311,2.583725183438523,0,0.0004856515659483951,0.057503251254936334,7.0,0.0,0.0,0.0,0.0,0.0,0.0,0.0,0.0,0.0,0.0,1
2024-11-13,0.041409021301541886,0.0071500836896758275,67.15588726837812,14.020000457763672,1.6372977573962224,0.010351449398242145,0.007826263163569375,0.008420326656324603,0,-1.8140602826787513,0.004540433309838222,0.0007870054996330514,0.02500009536743164,0.00022975135794704347,0.004329481716830417,1.8981445510467692,-0.3340237189486353,-0.9693430482150536,0,0.9446638973127074,2.5362189659780006,-1,-0.006450884138761365,-0.7661076275276997,8.0,0.0,0.0,0.0,0.0,0.0,0.0,0.0,0.0,0.0,0.0,1
2024-11-14,0.033076103724520946,0.008696340030073867,61.626872076680876,14.3100004196167,1.2085833270459005,-0.0038017556502649634,0.007881476971956257,0.008593483364797072,0,-1.6480894019158965,0.003937825382707094,0.0002177083471004052,0.07700014114379883,0.0031996244962981023,0.0017827338585106808,1.6901622534528664,-0.28925316729936007,-0.8443751475141253,0,-0.0438566936486856,2.2423436666335186,-1,-0.012891238292987661,-1.5001161629793238,8.0,0.0,0.0,0.0,0.0,0.0,0.0,0.0,0.0,0.0,0.0,1
2024-11-15,0.01817607142144923,0.010823776108354704,52.42701524839717,16.139999389648438,0.35607038717320183,-0.021015277258719746,0.008002766388118315,0.009095593665462611,0,-0.8709655410630887,-0.024758122586163202,-0.006136517378571757,0.12199974060058594,-0.03479705909691144,0.0001875166147575576,1.6552332179635387,-0.11073645027300524,-1.411655927076208,1,0.30069198213612836,1.9381465101132085,0,0.004089010297291547,0.4495589790063237,0.0,0.0,0.0,0.0,0.0,0.0,0.0,0.0,0.0,0.0,0.0,0
2024-11-18,0.02080735037382421,0.007055960565572793,54.72558636345152,15.579999923706055,-0.0912534536922891,-0.017878639384218326,0.007913468626981399,0.00912805269511331,0,-1.098688652751851,0.031431681545723344,0.0008020471482428066,0.10599994659423828,-0.0029770748953680155,-0.0038503466806624215,1.5377586556876286,-0.1647309093663439,-0.603618139173114,0,0.4085405011813862,1.3613009835943202,0,0.003648712427977012,0.3997247334782596,7.0,0.0,0.0,0.0,0.0,0.0,0.0,0.0,0.0,0.0,0.0,1
2024-11-19,0.023005134840383582,0.011875231027325342,56.741869730302625,16.350000381469727,-0.27663693461073535,-0.011118748140532127,0.007910566039763629,0.009153767943598177,0,-0.7827475865467368,0.003320042349147119,-0.005866113737445373,-0.05299997329711914,0.001109923395241945,-0.0006588516924100278,1.3550162668805148,-0.10719371532775508,-0.4940996347032187,0,0.2313814794341299,1.1644772162318058,0,0.00033874171615574467,0.037005673312476235,2.0,0.0,0.0,0.0,0.0,0.0,0.0,0.0,0.0,0.0,0.0,1
2024-11-20,0.022013592714920798,0.010431791946708412,56.93400741415194,17.15999984741211,-0.40974102778714094,-0.011265657990324834,0.007910658418482886,0.008861630634083677,0,-0.46413135719440907,-0.007522046678218695,0.00013551172309242673,-0.04500007629394531,0.00012076845902405589,0.004415444461003719,1.4010514739657487,-0.11441034817366713,-0.6731749899958173,0,-0.10141551741751759,1.4236488667468998,0,0.005354088058386392,0.6041869987137006,13.0,0.0,0.0,0.0,0.0,0.0,0.0,0.0,0.0,0.0,0.0,1
2024-11-21,0.026211119444897575,0.012919607072869368,59.969141744075365,16.8700008392334,-0.31595973099936625,0.0005393142068231018,0.007881494445802174,0.008910939457298107,0,-0.5831167469179998,0.017702062836089758,0.004899256415632382,0.01399993896484375,4.3442497631497656e-05,0.0027147305552004653,1.4394765317850222,-0.12310371571654094,-0.15134395781323343,0,-0.28364634350161416,1.4886487949180787,0,0.0030945902116076775,0.34727951566072396,5.0,0.0,0.0,0.0,0.0,0.0,0.0,0.0,0.0,0.0,0.0,1
2024-11-22,0.028139909462817258,0.00503769869658556,61.65822945578202,15.239999771118164,-0.1675538538240513,0.01652514271141843,0.007884674248951508,0.008912121618129248,0,-1.2565172991615963,0.01613165616169969,-1.688777765107849e-05,-0.018000125885009766,-0.002255848287763188,0.004849367381532416,1.3115911845425134,-0.2881740886474718,0.3662358175606885,1,-1.106378885298832,1.6807382208937554,0,0.0033863079232474736,0.37996610332358355,2.0,0.0,0.0,0.0,0.0,0.0,0.0,0.0,0.0,0.0,0.0,1
2024-11-25,0.030332006200766898,0.009472282340674081,63.48003883657427,14.600000381469727,0.018976025675438102,0.015822440337374084,0.007813779674221097,0.008915352448762702,0,-1.5139099538547314,-0.032817831932857484,0.006711134766559461,-0.1490001678466797,-0.0014361727792601452,-0.006252628056503761,0.7705103907357618,-0.30466034432583927,-0.598894664575842,0,-0.8168019776016499,1.034379117427334,0,0.005207896253582305,0.5841485731525219,1.0,0.0,0.0,0.0,0.0,0.0,0.0,0.0,0.0,0.0,0.0,1
2024-11-26,0.03430998434761119,0.005427469629765128,66.15497065562792,14.100000381469727,0.28854295530454355,0.017381624162979278,0.007286545270923199,0.008955652548152978,0,-1.6505174318453701,-0.0024690419843932956,0.0021230855997772936,-0.07700014114379883,-0.0006771035311582007,0.0017771359471066138,0.8732053170901868,-0.31600067347619193,-0.6591703232967929,0,-0.3774268103882196,1.0707745087207157,0,-0.003034763474673077,-0.3388653221752944,8.0,0.0,0.0,0.0,0.0,0.0,0.0,0.0,0.0,0.0,0.0,1
2024-11-27,0.029787500772353804,0.005961535305814241,63.24475163666641,14.100000381469727,0.2856543449667299,0.014008118972150591,0.007295689700418614,0.008955784220134821,0,-1.589355214273956,-0.0007272590783860844,-0.0003164787672108981,-0.1640000343322754,0.0035918719348009853,-0.008728764303188913,0.63568814697287,-0.3669061061953322,-0.6760514146267954,0,-0.9332200806014463,0.2682112643269843,0,0.0061930564261678455,0.6915139265085319,3.0,0.0,0.0,0.0,0.0,0.0,0.0,0.0,0.0,0.0,0.0,1
2024-11-29,0.034998867468510664,0.0065886163530867094,66.48959736290846,13.510000228881836,0.458831979390947,0.01484708733993209,0.007303044034298071,0.0074464331939396245,0,-1.7464359587263334,-0.010532590263326157,0.0013852103604691047,-0.254000186920166,-0.008603650820877363,-0.003210313093993173,0.38482060220813435,-0.5389964772026029,-0.9740293754500704,1,-1.175772869667865,-0.09113749404177612,0,0.0017906542793228823,0.24047108568292408,3.0,0.0,0.0,0.0,0.0,0.0,0.0,0.0,0.0,0.0,0.0,1
2024-12-02,0.03559514562910175,0.003064851989014286,67.38962305434713,13.34000015258789,0.5667173260040359,0.01354315140764715,0.006884697295685912,0.007443597953713955,0,-1.7549162183975984,0.0014694855729147065,0.0006966144005283249,-0.21399974822998047,-0.002033235774960258,0.006692132066393191,0.42619907428390835,-0.49480588727174124,-0.9370314137459813,0,-1.6890882514243923,0.46078297765599185,0,0.00046388079712981204,0.0623193483609465,3.0,0.0,0.0,0.0,0.0,0.0,0.0,0.0,0.0,0.0,0.0,1
2024-12-03,0.034859840605785335,0.0030136052888581773,67.63242616875318,13.300000190734863,0.5765857511585155,0.0106207242815296,0.00677903984809902,0.007374976251406222,0,-1.693359670082854,0.026660575793360352,-0.00039747683311802516,-0.04199981689453125,-0.0006686542328274672,-0.000751754586431302,0.5003544555421743,-0.5023688785804273,-0.15063960373267676,0,-0.9910965027043152,0.30368076617862433,1,0.0061901978265918,0.8393504225735318,5.0,0.0,0.0,0.0,0.0,0.0,0.0,0.0,0.0,0.0,0.0,1
2024-12-04,0.0399897350002642,0.004871080980013754,70.77040267667651,13.449999809265137,0.7407262114777016,0.011603025854539081,0.006795312868581896,0.007106162832430244,0,-1.5685491977512418,-0.020220236738356396,0.0028439736054289306,-0.12200021743774414,-0.0006373350254239439,-0.0002821344461435649,0.3147563470109453,-0.4209578592135745,-0.8015385554933829,0,-0.9910965027043153,0.15950911794535375,0,-0.0016470582568723243,-0.23177852491226927,2.0,0.0,0.0,0.0,0.0,0.0,0.0,0.0,0.0,0.0,0.0,1
2024-12-05,0.03697839422187513,0.003593434167877521,68.85332607540293,13.539999961853027,0.6934749235339561,0.012990731072339801,0.006717132096315095,0.00492899194821614,0,-1.4792537734095756,-0.0035077185456156065,-4.549205649077257e-08,-0.062000274658203125,0.0020440647600197164,-0.0059419865186241755,0.28834700149485676,-0.183674684699615,-0.9240607632902361,0,-1.7179494709688332,-0.7736896942413543,0,0.0018939445138458088,0.3842450325123625,32.0,2.0,0.0625,1.0,0.0,0.0,0.0,0.0,1.0,0.0,0.0,1
2024-12-06,0.0376845257111018,0.0033727444451439282,69.86435795349357,12.770000457763672,0.6494222593907812,0.008691619160017774,0.006657164499775006,0.004697869780766699,1,-1.6967774107968958,-0.01623660914236962,0.0012850243268557173,-0.026999950408935547,-0.0017388880429256965,0.0024565595862451857,0.14838874474800837,-0.17419670941263424,-1.3876984991423753,1,-1.174415895064381,-0.6185174629824539,-1,-0.0051629313144236,-1.0989917910545177,22.0,0.0,0.0,0.0,0.0,0.0,0.0,0.0,0.0,0.0,0.0,1
2024-12-09,0.031171533329427986,0.006251187913448027,63.794982028467004,14.1899995803833,0.3398686880505739,0.0017380335662715515,0.006692300004385272,0.0048233934523575425,0,-1.1527162315063155,0.017260969981989026,-0.00019742414684665758,0.0029997825622558594,0.0027944423871335876,0.0016971558179353912,0.31246044262127165,-0.05150469001722284,-0.8638528252657616,0,-0.7962697593755241,-0.4797478408773144,-1,-0.003113859157499747,-0.6455730249929188,24.0,0.0,0.0,0.0,0.0,0.0,0.0,0.0,0.0,0.0,0.0,1
2024-12-10,0.026948460345954075,0.006088226583403137,60.40090626677211,14.180000305175781,-0.04227319189688927,-0.0018397063883581145,0.006716104100067862,0.004890310765011794,0,-1.1261074431507494,0.0032125260218978198,0.0011405276207803944,-0.0019998550415039062,0.0009672710798425189,0.002352388724503724,0.3753457976378964,-0.054215673643587176,-0.7514690264729172,0,-0.7962697593755403,-0.05962482039511347,1,0.0077009345246938825,1.5747299399644414,4.0,0.0,0.0,0.0,0.0,0.0,0.0,0.0,0.0,0.0,0.0,1
2024-12-11,0.0335197077324425,0.004823350623579317,65.32550923115822,13.579999923706055,-0.03976323868625453,-0.0003289696902558611,0.006767433388467174,0.005082977613768775,0,-1.2969166665162748,0.02448285609288817,0.004931501142099827,0.09100008010864258,-0.0077206281453840835,0.0029092748003790225,0.5640139886390138,-0.07992942069417495,0.006268241522067166,0,-0.07720216263716523,0.5685731929055206,-1,-0.005165912970182821,-1.0163142944101258,15.0,0.0,0.0,0.0,0.0,0.0,0.0,0.0,0.0,0.0,0.0,1
2024-12-12,0.026954906672238033,0.004682799090991993,59.93414685477069,13.920000076293945,-0.2845916727716542,-0.003847824403566517,0.006796876035667828,0.005259885268450626,0,-1.1403810688585025,-0.0038486866287931534,-0.0014496953719862968,0.14400005340576172,0.003490191792181613,0.0023400581852674692,0.7753097793817864,-0.007158253870044225,-0.10668770357015005,0,0.4631568335589459,1.0509747409410923,0,-0.00019884718053130086,-0.037804399210000623,11.0,0.0,0.0,0.0,0.0,0.0,0.0,0.0,0.0,0.0,0.0,1
2024-12-13,0.025482433840985426,0.007149843874013454,59.73034770257321,13.8100004196167,-0.48226492236183294,-0.005940616097943493,0.006481143894787056,0.004998430951965526,0,-1.1515497736218072,0.017975210387811715,0.003419171415763472,0.2480001449584961,5.4138638011956244e-05,0.00037391022774861226,1.0904986213729986,-0.035565625085489,0.4617734186900178,1,0.6442116730026937,1.0722544366855968,1,0.0042609958712851274,0.8524649810276512,2.0,0.0,0.0,0.0,0.0,0.0,0.0,0.0,0.0,0.0,0.0,1
2024-12-16,0.02868074821333195,0.004235414916663208,62.6659168036297,14.6899995803833,-0.4696348207930541,0.003483311087765159,0.006484616007368468,0.003844711547586179,0,-0.8363193998636917,-0.008169085303320521,0.0029582507078492358,0.1979999542236328,0.0037449608211239972,-0.0013092622205874702,1.0577686028960416,-0.09413366340472007,0.2141324982272155,0,0.47661822743035714,0.7445848546069649,-1,-0.004128666588333671,-1.0738532133557919,2.0,0.0,0.0,0.0,0.0,0.0,0.0,0.0,0.0,0.0,0.0,1
2024-12-17,0.023176533546683087,0.0037729705019459926,58.23578678039434,15.869999885559082,-0.6432747165740409,0.0024685036569313088,0.006516654125699728,0.0040184023245689775,0,-0.43239618153314324,-0.00894951991231415,-0.004294123340255865,0.1640000343322754,-0.008684165626812497,0.0009353519928387434,0.9785653659394079,0.0184424917814832,-0.06466234096993616,0,0.6790220259476772,0.8719515612132123,-1,-0.030256520766793266,-7.529471423776464,22.0,0.0,0.0,0.0,0.0,0.0,0.0,0.0,0.0,0.0,0.0,1
2024-12-18,-0.0077580916489622875,0.03500026859298514,37.609345140997554,27.6200008392334,-1.895470526525492,-0.035488951634555975,0.007657585338130674,0.0080891656271087,0,3.2022216685687517,0.007109371433892709,-0.0005130094304605404,0.22300004959106445,-0.11496344837302902,0.009954030795068042,1.4919049788840808,0.5243122576913909,0.16606722175183308,0,0.7508599931738297,2.431156225346325,0,-0.00030704645349531975,-0.03795769404070496,15.0,0.0,0.0,0.0,0.0,0.0,0.0,0.0,0.0,0.0,0.0,1
2024-12-19,-0.008363457031749313,0.012199325562016023,37.46652344514854,24.09000015258789,-2.6358923155886087,-0.030630085117868466,0.007650409845839957,0.008087595456826887,0,1.9923892508915033,-0.009538091283001255,0.008627515961739156,0.2460002899169922,-0.0006514713383032698,0.0035114144241547456,1.8298152629883715,0.33921573779310804,-0.13524799321147646,0,2.774420194542335,2.4193487908492695,1,0.0119393312611692,1.4762504581737486,22.0,0.0,0.0,0.0,0.0,0.0,0.0,0.0,0.0,0.0,0.0,1
2024-12-20,0.002969691726780843,0.02510365599693243,46.0895627308215,18.360000610351562,-2.5580974424603165,-0.01849190667616802,0.007780499263344531,0.008458608347575527,0,0.2504000004280737,-0.006457718771803879,-0.004055288154856867,0.125,0.03429475701759975,-0.007313839870995534,1.5632111762308947,0.08463747213092798,-0.3534907817910803,1,2.1204255478622835,1.1949520872554718,0,0.005970465013517244,0.7058440005427771,8.0,0.0,0.0,0.0,0.0,0.0,0.0,0.0,0.0,0.0,0.0,1
2024-12-23,0.00839224445132753,0.012847054124119463,49.84742609234556,16.780000686645508,-2.1843644483333557,-0.01678243753393587,0.007806350360641597,0.008538847851073584,0,-0.22646710031635706,-0.003172334679827193,-0.00043990080044509466,0.20200014114379883,0.0021104160409899228,0.0038950078159964195,1.9257817498675343,0.09626420671952363,-0.463530404105092,0,3.229862601219066,1.648304125914264,1,0.011053747061785132,1.2945229039496604,44.0,0.0,0.0,0.0,0.0,0.0,0.0,0.0,0.0,0.0,0.0,1
2024-12-24,0.018946106553735454,0.009762275522222077,56.01304159321222,14.270000457763672,-1.4466361626496345,-0.001600023883817146,0.007909031819387312,0.008860276698027457,0,-0.9656280932540127,0.012344072817910593,0.0023011183607120184,0.20599985122680664,-0.005731145109833797,0.002034223702858206,1.8477661990628607,-0.02286209127486567,-0.08794815563604626,0,3.0896860044884584,1.6902099485804216,0,6.652143851463915e-05,0.007507820094517782,1.0,0.0,0.0,0.0,0.0,0.0,0.0,0.0,0.0,0.0,0.0,1
2024-12-26,0.018202778853257478,0.007316930825168198,56.04825504922181,14.729999542236328,-0.9294263666638662,0.028723018321490754,0.007803832508899738,0.008790267595288382,0,-0.8024188627030726,-0.006870850439029008,-0.002998047120796579,0.08500003814697266,-1.4524804077656332e-05,-0.0012015795445341668,1.7817193031905336,0.043711374958862084,-0.306082810719713,0,2.5546160927233688,1.387611969463995,-1,-0.010582308699819935,-1.203865132256129,26.0,0.0,0.0,0.0,0.0,0.0,0.0,0.0,0.0,0.0,0.0,1
2024-12-27,0.006984621597662543,0.011798153671423436,49.319626868789264,15.949999809265137,-0.9761346155821382,0.018447756075166123,0.007945398632346293,0.00909435048973744,0,-0.42284194325942953,0.013978201051839344,-0.006339346839702321,0.048999786376953125,-0.006169826869178818,-0.0012029544324855751,1.996701514411453,0.12328399283384205,0.13879536353643443,1,2.793166506124983,1.1186795475314177,-1,-0.011477325916348764,-1.262026717469622,12.0,2.0,0.0833333333333333,0.0,0.0,0.0,0.0,0.0,2.0,0.0,0.0,1
2024-12-30,-0.004770336460302628,0.012461353668563654,43.312912731981356,17.399999618530273,-1.40056318795166,-0.004968901102351761,0.008095818947801144,0.009301468961277733,0,0.02657865885330431,0.00550886907312227,-0.012038423207340089,0.020999908447265625,-0.002702043726855277,0.0012029544324855157,1.5495081751265187,0.2530400153831676,0.34509254826028574,0,2.593082893070183,1.1546793119224124,0,-0.003644579131282699,-0.3918279175231341,3.0,0.0,0.0,0.0,0.0,0.0,0.0,0.0,0.0,0.0,0.0,1
2024-12-31,-0.008506706251843464,0.01061293945691326,41.593621504591674,17.350000381469727,-1.7437784293090761,-0.014583945247151793,0.008038163147091127,0.00929394917999762,0,0.020910139268959498,0.010230673798029735,0.0028690300450622203,-0.026000022888183594,-0.0007614551066208813,0.0033238015870788733,1.672831480459235,0.26282547645374543,0.7274199397293186,0,2.6558421757149735,1.394174436092533,0,-0.0024601731291784743,-0.2647066854428668,8.0,0.0,0.0,0.0,0.0,0.0,0.0,0.0,0.0,0.0,0.0,1
2025-01-02,-0.011042252773587963,0.018182137069773792,40.43051746085854,17.93000030517578,-1.9701017358173332,-0.028097865438115308,0.007950300982648732,0.009287618094656681,0,0.22503751899567517,0.019468975967998597,0.0056316572324009405,-0.01600027084350586,0.0002181368277831403,0.008261489408323308,1.6320302336332995,0.2987112550687667,1.5646752815783416,0,2.368400469925982,2.0077286796060445,1,0.012425951027439135,1.3379035961386074,5.0,0.0,0.0,0.0,0.0,0.0,0.0,0.0,0.0,0.0,0.0,1
2025-01-03,0.0009646496174383689,0.0104231485478851,48.32916423031411,16.1299991607666,-1.55637758963264,-0.015738435849190647,0.008016512343073672,0.0096551197077763,0,-0.3086722129683038,0.011285752414910675,0.0049311169569292435,0.017000198364257812,-0.006732533767933792,-0.004030439172105972,1.7043474496357955,0.18170174824094998,1.9827065499263663,1,2.2289601092434146,1.4003129870435347,0,0.00574424150353111,0.5949419300814429,9.0,0.0,0.0,0.0,0.0,0.0,0.0,0.0,0.0,0.0,0.0,1
2025-01-06,0.006074002607200835,0.01024596340227949,51.5561612287047,16.040000915527344,-1.0049513150666436,0.0005881143541604081,0.008002441591559264,0.009775463763394244,0,-0.3152085117781378,-0.005423027593440198,0.0072716188822061715,-0.0009999275207519531,-0.0012286591236373187,-0.006353272278761988,1.772321516806878,0.16943739484935647,1.7635613382315471,0,2.3179624377537915,0.6570059546149917,-1,-0.011368495355927684,-1.1629610626646816,4.0,0.0,0.0,0.0,0.0,0.0,0.0,0.0,0.0,0.0,0.0,1
2025-01-07,-0.0056796249161110155,0.018636444986029677,45.514722118520524,17.81999969482422,-1.0316972318283166,0.0006969449145815606,0.008144852858601993,0.010031569320945913,0,0.2691839340785936,0.009336411136007488,0.0034540484707057486,0.1380000114440918,-0.002525025672363028,0.002583015968949772,2.068827829000191,0.3332226990259483,2.2149017524851637,0,2.479633953470184,0.877180166071338,0,0.001459872842085627,0.14552771755863167,8.0,0.0,0.0,0.0,0.0,0.0,0.0,0.0,0.0,0.0,0.0,1
2025-01-08,-0.004643707172266034,0.009126541539192975,46.37936070122753,17.700000762939453,-0.939628403399944,0.005801396887949799,0.008113454225471235,0.010011330381776835,0,0.24796559863971673,-0.012604358873549463,0.00011886987297053969,0.11999988555908203,-0.00046523492255342447,0.005054418969859988,2.0370234614022174,0.22102722108305228,1.824232434778575,0,2.5066472911867823,1.3945592422724946,-1,-0.015385229890816907,-1.5367802216396425,16.0,0.0,0.0,0.0,0.0,0.0,0.0,0.0,0.0,0.0,0.0,1
2025-01-10,-0.019893522045948506,0.012747893225643282,39.342603411185586,19.540000915527344,-1.396017092146821,-0.007123659873688663,0.00829633704878472,0.010504862521735143,0,0.846675017780601,0.043371932330193555,-0.006142788744200634,0.20100021362304688,-0.009776546568372915,0.005120292739752158,2.3844665830804264,0.3206311508430995,3.386853699709549,1,2.1628654086215833,1.850700147909595,0,0.001549346330506105,0.14748835145789962,9.0,1.0,0.1111111111111111,0.0,1.0,0.0,0.0,0.0,0.0,0.0,0.0,1
2025-01-13,-0.018425907039080886,0.011008142989749378,40.31784640100312,19.190000534057617,-1.5462943335485535,-0.018000264570621757,0.008235955131775755,0.010302687426886106,0,0.7466590450655479,0.028961416755598178,-0.0081641576608846,0.2069997787475586,-0.0006482256676761378,0.002823166191240025,2.411838275416657,0.3457912213371647,3.8748268614440136,0,2.2225728052738223,1.9431934452795998,0,0.0013748771556175742,0.13344827074409366,17.0,0.0,0.0,0.0,0.0,0.0,0.0,0.0,0.0,0.0,0.0,1
2025-01-14,-0.01721233942359711,0.011422429767216215,41.22228034463945,18.709999084472656,-1.4996070571454039,-0.022369628918535226,0.008219001079615233,0.010301557778335194,0,0.5963891469067458,-0.016888831535749937,0.005095224223045717,0.1700000762939453,-0.0006112814981232556,-0.0062948021098447925,2.235081573020054,0.29573143096632226,2.968129182689268,0,2.2664706317083865,1.064936525276653,1,0.0180266266615254,1.749891574701519,12.0,0.0,0.0,0.0,0.0,0.0,0.0,0.0,0.0,0.0,0.0,1
2025-01-15,-0.00021456685741455382,0.007996204325569698,51.665683221181276,16.1200008392334,-0.7126420539204046,0.0070254930989179535,0.008540291158443609,0.011207450080016737,0,-0.2391051351673486,0.03224858479460386,0.013884973538622263,-0.03000020980834961,-0.0024165545686480826,-0.0016486568211475621,1.4391609312577032,0.15466779133391667,3.5161089585739007,0,1.9729633840296719,0.7774027135596553,0,-0.0019250258231096,-0.17176289804877226,11.0,0.0,0.0,0.0,0.0,0.0,0.0,0.0,0.0,0.0,0.0,1
2025-01-16,-0.0028946222727116535,0.00578051319295639,50.62294783105325,16.600000381469727,-0.23919901120937048,0.0036405944337227353,0.008532813951127757,0.011145998371682779,0,-0.0729954560879958,-0.017137523754351097,0.0023420525549150578,-0.08699989318847656,0.0013903344927692046,-0.0011923620412638027,1.146469356281349,0.12223575672160124,2.7591601632177802,0,1.795868438384087,0.546539760540899,1,0.009989991745035336,0.8962842492040124,9.0,0.0,0.0,0.0,0.0,0.0,0.0,0.0,0.0,0.0,0.0,1
2025-01-17,0.006109804473196193,0.006275310239224854,55.64603446411182,15.970000267028809,0.4588369917154709,0.0290158160695751,0.008620646285791296,0.011388299247263742,0,-0.2683102041746845,-0.010219852162402603,0.008951943370622134,-0.16699981689453125,-0.0008734590023126138,0.003572899169909148,1.1263672549915815,0.006281451620403021,2.3239269439306915,1,1.3980096887873685,1.0393212979015,1,0.009111635238296771,0.800086741628132,16.0,1.0,0.0625,1.0,0.0,0.0,0.0,0.0,0.0,0.0,0.0,1
2025-01-21,0.014352917578160153,0.007279686157534039,59.710477757549114,15.0600004196167,1.2304220833506738,0.036578104977365855,0.008691642402378607,0.009133442970884767,0,-0.5516585458959126,-0.025884229863912228,0.005157213874239703,-0.22900009155273438,-0.0063926139446892636,-0.011867127345836607,0.8961639878782595,-0.606497928131393,1.6125765588422283,0,0.8621316499044898,-0.9694406479102496,0,0.005605931334552939,0.6137800624170605,12.0,0.0,0.0,0.0,0.0,0.0,0.0,0.0,0.0,0.0,0.0,1
2025-01-22,0.019459136621680015,0.00405649687150041,62.0327283418352,15.100000381469727,1.874032635921821,0.04080915915630101,0.008618670647686682,0.009164855821333058,0,-0.5175153347953511,-0.005947244685812746,0.004748068044070387,-0.18900012969970703,-0.001960221595139859,0.0010174408917753878,1.0054999951064059,-0.46710205387708176,1.4172137781037208,0,1.086725359248784,-0.7703766073715392,0,0.005443180457231125,0.5939181831294282,18.0,0.0,0.0,0.0,0.0,0.0,0.0,0.0,0.0,0.0,0.0,1
2025-01-23,0.024467516426732405,0.006937237341123459,64.20223868544798,15.020000457763672,2.394376616747558,0.028225712952006647,0.008637485896156464,0.008900657076484934,0,-0.5232920239152654,-0.010929066086829906,-0.0010559781959279787,-0.014999866485595703,-0.005287775594561941,-0.0011099355177977988,1.1898019040682282,-0.20079174162296262,1.1222445902444627,0,1.4519683893298223,-1.036307178361981,0,-0.002923649506611698,-0.3284753245445857,14.0,0.0,0.0,0.0,0.0,0.0,0.0,0.0,0.0,0.0,0.0,1
2025-01-24,0.021072300037754173,0.006546444225367395,62.14556009335373,14.850000381469727,2.484534300174091,0.027227089268504562,0.00865024856917614,0.008890300869275348,0,-0.5554780339318772,0.0005359179363270571,9.828927330254064e-05,0.019999980926513672,0.00424003947661863,-0.00566153625841495,1.084339180711193,-0.12218785102262514,1.108332604405331,1,1.3990551649793084,-1.8360569573884815,-1,-0.014246265141828212,-1.6024484802958785,4.0,0.0,0.0,0.0,0.0,0.0,0.0,0.0,0.0,0.0,0.0,1
2025-01-27,0.006540427932916846,0.008425493157997316,53.26756996162398,17.899999618530273,1.8656697297032,0.002990832381641053,0.008861755337049922,0.009194830287373494,0,0.48576441279921423,-0.020159046665649796,-0.02188333786115434,-0.08100032806396484,-0.02564385040821492,-0.0009312423066507188,0.4988921968948414,0.22664122796806302,0.6210766659114852,0,1.350748402300651,-1.7623699650569253,1,0.008555640495708075,0.9304827738505498,11.0,0.0,0.0,0.0,0.0,0.0,0.0,0.0,0.0,0.0,0.0,1
2025-01-28,0.014860988011486479,0.013432136000200226,57.20984190287174,16.40999984741211,1.6955323134859104,0.002434837639052359,0.008920599707310224,0.009399534214586466,0,-0.003479855110768156,0.008166623519532719,0.002083300383573255,-0.02299976348876953,-0.005859020146787601,0.00492549121753131,0.6082738768902245,0.1080046964059547,0.7809977402509644,0,1.3060315393014637,-0.9966561240120386,0,-0.004493100917666796,-0.4780126371121571,6.0,0.0,0.0,0.0,0.0,0.0,0.0,0.0,0.0,0.0,0.0,1
2025-01-29,0.010086721525793468,0.008158778018986701,54.59962032012102,16.559999465942383,1.3172639276628253,-0.007664194613167422,0.008932947445771899,0.009124319169343508,0,0.0705872126935832,-0.015711695583328272,-0.001324411971029191,-0.04400014877319336,0.005628235486920324,0.0012044032749184798,0.6073874871210794,0.03753129943470224,0.3990536704015704,0,1.111160590775129,-0.8198986879484407,0,0.0053529322008613765,0.5866658360865029,11.0,0.0,0.0,0.0,0.0,0.0,0.0,0.0,0.0,0.0,0.0,1
2025-01-30,0.015042008600499831,0.009718374151049597,57.111312977181264,15.84000015258789,1.199036980853205,-0.007754442869537216,0.00853751214781639,0.008722167221314293,0,-0.14446900135597276,0.001513596515076029,0.0035664039263745904,-0.12599992752075195,-0.005095300231172301,-0.001853540339881615,0.3359961108835785,-0.09393178827758193,0.41656461754788066,0,1.075068701205043,-1.0484101128934633,-1,-0.005336161184346564,-0.6117923368154734,11.0,0.0,0.0,0.0,0.0,0.0,0.0,0.0,0.0,0.0,0.0,1
2025-01-31,0.009029421278999734,0.014805147836980073,53.90948696537276,16.43000030517578,0.8415206964569939,-0.01016695454727208,0.008567271069896154,0.008781756218692368,0,0.10859695673390722,-0.0027537477775536725,0.004057604584085808,-0.057000160217285156,-0.008077392369447033,0.005273636495052322,0.6508964304352876,-0.054483577756117244,0.3376789405981192,1,1.1911820161824902,-0.28011306563004484,-1,-0.006752394526380682,-0.7689107587500928,8.0,0.0,0.0,0.0,0.0,0.0,0.0,0.0,0.0,0.0,0.0,1
2025-02-03,0.0018495515429973242,0.016394244396287415,50.10459763630167,18.6200008392334,0.2986319914600224,-0.002673083931824598,0.008615752796538985,0.008930321278012118,0,0.9968160547902261,0.008648621033832713,-0.015320768930907065,0.015000343322753906,-0.008858059192963614,0.005704792021586921,0.47709049382949065,0.0377610122830892,0.5280698119365203,0,0.5568087444415168,0.5852188511435945,1,0.006685823251079387,0.7486646399715245,21.0,4.0,0.1904761904761904,0.0,0.0,0.0,0.0,0.0,4.0,0.0,0.0,1
2025-02-04,0.008115343750040024,0.008341849599028924,53.59674505547133,17.209999084472656,0.17435015073411542,-0.00454290117645323,0.008525653566278617,0.008634872423896588,0,0.47475453594873646,-0.006307531016772015,0.0001003057412765552,-0.03800010681152344,-0.009439743752852075,-0.00949533563141918,0.2798587351732363,0.06480971691827425,0.37778089737879106,0,0.7605660377830329,-0.7449765210930344,0,0.0040465081606990945,0.4686234232327928,11.0,0.0,0.0,0.0,0.0,0.0,0.0,0.0,0.0,0.0,0.0,1
2025-02-05,0.0116707686517077,0.00958256646268398,55.63165621459494,15.770000457763672,0.21980376303784066,0.003996707901912773,0.007946875100722993,0.008592191515112277,0,-0.10296636975427716,-0.023239036738083033,-0.0018960355927127909,-0.13299989700317383,-0.005984063715529537,-0.0035260058040610933,-0.26272688043860387,-0.016976229513684982,-0.14871923917425722,0,0.35996208786064354,-1.169650733075407,0,0.003469485562323637,0.4037947150356494,5.0,0.0,0.0,0.0,0.0,0.0,0.0,0.0,0.0,0.0,0.0,1
2025-02-06,0.014689346825831666,0.006300315473799183,57.364539499446984,15.5,0.34736853328942807,0.002113261263375048,0.007899812744963595,0.008119362741201105,0,-0.21405646314531504,-0.005930519651740896,0.002925042146596332,-0.07200002670288086,-0.003379634957598453,0.0010219781459791803,-0.16593190152528808,-0.1394813809919974,-0.2727399353177635,0,0.18827670699558371,-0.9465711714717856,-1,-0.009195631719871061,-1.1325544488441288,12.0,0.0,0.0,0.0,0.0,0.0,0.0,0.0,0.0,0.0,0.0,1
2025-02-07,0.005157239806813994,0.013449434604190399,51.62573527510422,16.540000915527344,0.037701268353681705,-0.001746209272149495,0.007977077168856943,0.008463106855594234,0,0.19534257890433168,0.005508090869077976,0.0009397496525040513,-0.0819997787475586,-0.0016925961819171764,0.003244785386905343,0.0984932771745846,-0.06778293773584443,-0.15238930829898478,1,-0.14649101877947848,-0.44104532059286283,1,0.0067682358555795335,0.799733239073219,14.0,0.0,0.0,0.0,0.0,0.0,0.0,0.0,0.0,0.0,0.0,1
2025-02-10,0.01166780257140946,0.004563131151573972,55.175837631964924,15.8100004196167,0.0759020060360136,0.011774421109810643,0.008022473070558962,0.007620724721073495,0,-0.10561948908706366,0.018420834822807805,0.0054116968914322645,-0.05000019073486328,-0.01096009085815662,0.002588268948229605,0.11708327066531618,-0.21182101570604403,0.24659362882633135,0,0.06715068191908785,0.006287371844897182,0,0.0007603451821600064,0.0997732121625276,19.0,0.0,0.0,0.0,0.0,0.0,0.0,0.0,0.0,0.0,0.0,1
2025-02-11,0.012211299100533096,0.005666505905429491,55.571786709650745,16.020000457763672,0.10225534812797976,0.005848943040891396,0.008010748797780553,0.007625522966030017,0,-0.029501982952272913,0.013732706945136314,-0.0038097450647714593,0.024000167846679688,-0.0008941675080832874,-0.003329026677052903,0.37426144532132993,-0.18055136763487978,0.5438633877824108,0,0.2087817756844897,-0.42232771947702435,0,-0.0032267953523621657,-0.42315669825791735,10.0,0.0,0.0,0.0,0.0,0.0,0.0,0.0,0.0,0.0,0.0,1
2025-02-12,0.008729770900192184,0.010010571091857129,53.41789518462645,15.890000343322754,-0.032041372074493424,-0.0014243604721699036,0.008023532675150475,0.00771478429417231,0,-0.09551161712642357,-0.026955767342579182,-0.010145352009079171,0.21500015258789062,-1.5282671797150902e-05,-0.00018523986088243266,0.9568148451607206,-0.16336808919864346,-0.10338836272846445,0,0.27820708162988184,-0.3773119017595813,1,0.010502226223428519,1.3613099485182398,18.0,0.0,0.0,0.0,0.0,0.0,0.0,0.0,0.0,0.0,0.0,1
2025-02-13,0.019065978970247626,0.011054057452109372,59.007149409029104,15.100000381469727,0.2634583802503201,0.005608380188934928,0.008082658648977031,0.007034583105698483,0,-0.4249287431888961,-0.001121573494846507,0.0018545740282812624,0.08500003814697266,-0.002756297230523453,-0.0058537206206066205,0.269505803063785,-0.06536602005633196,-0.1447448120421841,0,-0.14673887556361614,-1.395306497470478,0,-4.9356481871852126e-05,-0.007016252557929773,8.0,2.0,0.125,0.0,2.0,0.0,0.0,0.0,0.0,0.0,0.0,1
2025-02-14,0.01874003047882679,0.003149061623282949,58.97115047159953,14.770000457763672,0.40965545966637906,0.01475465542693413,0.007889498977869521,0.007000205173071232,0,-0.5493611587866934,-0.007744924392838291,0.0003441862595766086,-0.014999866485595703,6.192628920247332e-05,-0.006919775818822242,-0.05535736811022954,-0.11680459080651232,-0.3530835712919099,1,-0.16013647058056654,-2.3228489876718106,0,0.002931669128514453,0.41879700209675563,14.0,0.0,0.0,0.0,0.0,0.0,0.0,0.0,0.0,0.0,0.0,1
2025-02-18,0.021403150941452797,0.00508591375366671,60.5142943974895,15.350000381469727,0.5681720202607581,0.010918088699869082,0.007882543897853736,0.006722240009599029,0,-0.3106174728956134,0.015569437709031842,0.0019336318654404499,0.051000118255615234,-0.0033583675230128176,0.004494000174224441,0.36723415152746874,-0.03959648006291881,0.004448641037077222,0,0.23733733329072804,-1.4886935543986086,0,0.0023521747666686295,0.34990884946406997,21.0,0.0,0.0,0.0,0.0,0.0,0.0,0.0,0.0,0.0,0.0,1
2025-02-19,0.0235585950738033,0.0059876053611518975,61.760295023268796,15.270000457763672,0.7027863945035708,0.012509918284377667,0.007876110746130384,0.0064659501334009715,0,-0.33564758134852296,0.005551735704514271,-0.0023084260819255264,-0.0020003318786621094,-0.0018002770254792984,0.001120298095918986,0.29783091848809545,0.013847898973773492,0.12422380629386644,0,0.1370177788376269,-1.136566198294019,-1,-0.004169042434476105,-0.6447677295348971,25.0,1.0,0.04,0.0,0.0,0.0,0.0,1.0,0.0,0.0,0.0,1
2025-02-20,0.019104335465483412,0.007634544230238897,58.254664348168035,15.65999984741211,0.5627670287919115,0.01156767120226377,0.007900910947706381,0.006453981907231798,0,-0.16649234833760657,0.004419282092243165,-0.002270434490908424,-0.13700008392333984,0.0012889895020543403,-0.007774868000939309,0.0761002001644558,0.0364149117350839,0.21388453913844796,0,-0.13285269655462142,-2.1848452193010917,-1,-0.01725194401860956,-2.673065641634674,17.0,0.0,0.0,0.0,0.0,0.0,0.0,0.0,0.0,0.0,0.0,1
2025-02-21,0.0018686732001286259,0.018051833592979027,46.59392546781902,18.209999084472656,-0.23964638630420643,-0.01618649903977432,0.008203934946398093,0.0074281422736718694,0,0.861891803097867,-0.030358324246371943,-0.0003604244616716526,-0.10500001907348633,-0.03781815735942147,0.002535848049020328,-0.4088877974160206,0.1925881666505089,-0.5323661347138978,1,-0.06874695620304737,-1.5354469582679449,-1,-0.004561071838828887,-0.6140250860224042,12.0,0.0,0.0,0.0,0.0,0.0,0.0,0.0,0.0,0.0,0.0,1
2025-02-24,-0.002509223309866177,0.010950986791711111,44.10747683879594,18.979999542236328,-0.9296400979965069,-0.020698214396731297,0.008218166026013966,0.007461601573984713,0,1.1378226064246004,0.004252244899222221,0.0034607808262261505,-0.07899999618530273,-0.0021989264532459598,-9.382426978808298e-05,-0.5707277680384064,0.24538587812666374,-0.4258694834356751,0,0.24818967712179768,-1.4057889122315608,-1,-0.00498535639314688,-0.6681340007738513,12.0,0.0,0.0,0.0,0.0,0.0,0.0,0.0,0.0,0.0,0.0,1
2025-02-25,-0.00725287699565819,0.014017934213007696,41.51229379064811,19.43000030517578,-1.5259637780009903,-0.028615239918392592,0.008232540436865865,0.006851741604538561,0,1.2726867304695502,-0.02535402841274555,-0.00010023912494188499,-0.2460002899169922,-0.0053222864300266895,-0.0027241660821422085,-1.1557830600082135,0.08201758756021955,-1.0325818426798143,0,-0.13217265408596868,-1.6221343820143506,0,0.0005045193024182174,0.07363362415006794,27.0,0.0,0.0,0.0,0.0,0.0,0.0,0.0,0.0,0.0,0.0,1
2025-02-26,-0.006390603376299344,0.01298488246979788,41.88412290348773,19.100000381469727,-1.823152880140121,-0.03046289538264303,0.008204105453094667,0.006524749767509353,0,1.1033533475564117,-0.004507423868616894,0.0028397571737294133,-0.28599977493286133,2.5356083466733805e-05,0.0010341806267557525,-1.4390387896167054,0.15179745922129137,-1.136897007760375,0,-0.4255788874247283,-1.3180965211891913,-1,-0.016090588569414192,-2.4660813796607153,11.0,0.0,0.0,0.0,0.0,0.0,0.0,0.0,0.0,0.0,0.0,1
2025-02-27,-0.021686258096196617,0.02285273975925421,34.42550786470947,21.1299991607666,-2.5289460745830126,-0.04238444151758124,0.008452261107169332,0.007332561005630193,0,1.8196369748021397,0.024898684414304355,0.003877903266747456,-0.21500015258789062,-0.02961187076253367,0.007675781485371539,-1.2327891962644446,0.2437036752030833,-0.5580843606866075,0,-0.27372932208590567,-0.22447422565703767,1,0.015485093169848824,2.111823146064164,23.0,1.0,0.0434782608695652,0.0,0.0,0.0,0.0,0.0,1.0,0.0,0.0,1
2025-02-28,-0.006153067660320697,0.020667084743830097,44.63965884809875,19.6299991607666,-2.276787502414568,-0.009647404329122805,0.008656502911318184,0.00813110164115335,0,1.197413454503917,-0.008421951647283326,0.0008714518690400502,-0.18900012969970703,0.03428623680882561,0.003444292436517912,-1.5821143412292709,0.2145205695164223,-0.7805341301096855,1,-0.02420246070312666,0.2678524336894805,-1,-0.017675268140930192,-2.173782493831687,8.0,0.0,0.0,0.0,0.0,0.0,0.0,0.0,0.0,0.0,0.0,1
2025-03-03,-0.022879313247590266,0.029874782633424968,37.47256135463421,22.780000686645508,-2.6614043059839023,-0.022761600631224205,0.008941584859949095,0.008915274769267685,0,2.2776632583633307,-0.020126638125264197,0.0033602513698461588,-0.21300029754638672,-0.024575828421653824,-0.008023933775452064,-1.8883063633464676,0.32677403753802897,-1.269988960407058,0,-0.5608845064586031,-0.7670871312626023,-1,-0.011907399920549877,-1.335616329564307,8.0,0.0,0.0,0.0,0.0,0.0,0.0,0.0,0.0,0.0,0.0,1
2025-03-04,-0.03362348501897549,0.022778516420114303,33.614590038475,23.510000228881836,-3.1987397323292797,-0.029683644158627124,0.009060787620968966,0.009145966323831377,0,2.394504232477132,-0.0016101973239740863,-0.006978960877731815,-0.08799982070922852,-0.030347356782400806,-0.00950642150410136,-1.6992358561611542,0.2331895553669569,-1.2858059084463174,0,0.012208199378224151,-1.9778529575534654,1,0.010690353717385886,1.1688586695255678,7.0,0.0,0.0,0.0,0.0,0.0,0.0,0.0,0.0,0.0,0.0,1
2025-03-05,-0.023196137847410425,0.020238033551226494,39.62114594681462,21.93000030517578,-2.97165871620337,-0.019497809743659618,0.009137158360540404,0.009381857065176653,0,1.7499334908321829,-0.02898329621135002,-0.00029487443600630553,0.015999794006347656,0.00893184737680496,0.0,-1.3915600946931233,0.24236501931965956,-1.9094937497213051,0,0.29710224253905193,-1.7263093795923268,-1,-0.0179105433535515,-1.9090595964668213,7.0,0.0,0.0,0.0,0.0,0.0,0.0,0.0,0.0,0.0,0.0,1
2025-03-06,-0.04016808407167422,0.017548126289727385,34.07791295107623,24.8700008392334,-3.311659616402362,-0.021317764527796847,0.009405062524459962,0.009955915977244533,0,2.5978342088254354,0.0007537959571209369,-0.013085620886202227,0.0009999275207519531,-0.019534178766932035,-0.016015598204000028,-1.2954428589436475,0.45555286155767527,-1.8496599103441216,0,0.717095116009513,-2.8158077118712788,0,0.005589214198181434,0.5613957165768665,7.0,0.0,0.0,0.0,0.0,0.0,0.0,0.0,0.0,0.0,0.0,1
2025-03-07,-0.03429537035646696,0.02041952027120326,37.02083586859934,23.3700008392334,-3.128736453630503,-0.031213643499464386,0.009435742764332863,0.010035765911544557,0,1.9983138568032977,0.010194995310435618,-0.003165412554497847,0.08599996566772461,0.0057341149340181235,-0.0021164147117002097,-1.1509176986844407,0.4106131605362795,-1.6195220579277896,1,0.6996262007505011,-2.393752189126985,-1,-0.026996599292966498,-2.6900360800116334,4.0,0.0,0.0,0.0,0.0,0.0,0.0,0.0,0.0,0.0,0.0,1
2025-03-10,-0.05894085654147096,0.02488485273573226,30.1043660874179,27.860000610351562,-3.7873936284399012,-0.04053497465150067,0.010008808664273295,0.01135656931546185,0,3.143554992324475,-0.015180304110880534,-0.0145692174071673,0.03299999237060547,-0.04202311544209376,0.0006739574187112884,-1.8350263409630083,0.5214102453116065,-1.9042176080033955,0,0.6809202120755055,-1.9840937260245692,-1,-0.008347814223819708,-0.7350641414051726,16.0,0.0,0.0,0.0,0.0,0.0,0.0,0.0,0.0,0.0,0.0,1
2025-03-11,-0.06533988531966098,0.0215858403527462,28.37030723885941,26.920000076293945,-4.258565912326617,-0.036975388954770524,0.010048447508481828,0.011140845118781481,0,2.642358478251574,0.0033262991469503343,-0.0021073580771795216,0.07800006866455078,-0.008553291899424317,-0.00453341704189341,-1.368488492335201,0.532226829848025,-1.786537777903618,0,0.7969858832951864,-2.017368622892917,0,0.005292633728669656,0.4750653044349554,128.0,0.0,0.0,0.0,0.0,0.0,0.0,0.0,0.0,0.0,0.0,1
2025-03-12,-0.05903618238142724,0.016855410010302975,31.076874826299857,24.229999542236328,-4.099098469521231,-0.04237310894348677,0.010016670752822351,0.011292497721651834,0,1.7836239318855815,0.02135525494073462,0.011180019351785413,0.05299997329711914,0.001275208443377109,0.0016420980887657981,-1.183720169680714,0.4137535457212763,-1.297612813965819,0,0.36103579174169503,-1.6711939197434076,-1,-0.013420064779134697,-1.18840430397967,16.0,2.0,0.0625,0.0,2.0,0.0,0.0,0.0,0.0,0.0,0.0,1
2025-03-13,-0.07021484725379416,0.01710128934032084,28.1809530724354,24.65999984741211,-4.1975918826268925,-0.03788263036906994,0.01012627908002408,0.011484574865038942,0,1.8227601555966189,-0.016837129109330447,-0.0006801072677730118,-0.01199960708618164,-0.004940036368776414,0.0021211077959679683,-1.460268247020628,0.4394924893936911,-1.604595469555914,0,0.622151197694459,-1.3716556032120517,1,0.020445167661433877,1.7802269652490874,19.0,0.0,0.0,0.0,0.0,0.0,0.0,0.0,0.0,0.0,0.0,1
2025-03-14,-0.05019568069717793,0.02192574209590882,37.73417307356564,21.770000457763672,-3.257914168754482,-0.02302667690581737,0.010513550421934185,0.012350755991839213,0,0.9789604677243552,0.009421998029069015,0.00846916868379894,-0.008999824523925781,-0.0030018366467587836,-0.0010599915108042153,-1.2141733205670562,0.36583812718995184,-1.3655711455161523,1,-0.002551729212698114,-1.2997099732364106,0,0.0076818548542385845,0.6219739617214335,8.0,3.0,0.125,0.0,2.0,0.0,0.0,0.0,1.0,0.0,0.0,1
2025-03-17,-0.042259397422102565,0.012977247764949991,40.957020318765316,20.510000228881836,-2.152836138934969,0.011651777241387723,0.0105524679064925,0.012599518054670763,0,0.5997952549254665,0.005936519653962617,-3.5489459082084446e-05,0.09300041198730469,-0.006268114937930003,-0.0033801612888890308,-1.2061315791883727,0.328314455707724,-1.2127199599258096,0,-0.6718670062706901,-1.3686485876136456,-1,-0.010867391424699521,-0.8625236895814424,3.0,0.0,0.0,0.0,0.0,0.0,0.0,0.0,0.0,0.0,0.0,1
2025-03-18,-0.051854819578656335,0.010623545979047275,37.967795508857094,21.700000762939453,-1.6557376866201672,0.009132200040507802,0.01062121080407925,0.012599848572517424,0,0.9073556772170539,-0.010113118438230645,-0.0041523171836175795,-0.006999969482421875,0.0017095412377084078,-0.0012584569922655913,-1.3413755451994176,0.3461967968202595,-1.3811202738479607,0,-0.728475491139509,-1.3040796258305156,1,0.010832016990127256,0.8596935376523868,29.0,1.0,0.0344827586206896,0.0,1.0,0.0,0.0,0.0,0.0,0.0,0.0,1
2025-03-19,-0.040723899571355894,0.016433634693943763,42.474428360832256,19.899999618530273,-0.7920298512550712,0.014671583301965547,0.010022594896499567,0.012972884870635503,0,0.46101386648451226,0.0038788967949342436,0.003221113124433573,-0.06199979782104492,-0.0026513442653240214,0.0018387041817408138,-1.449238079660114,0.2648295633525984,-1.269807461914784,0,-0.6218442967968904,-1.0728663166471246,0,-0.0028958818324559083,-0.22322556848979133,16.0,0.0,0.0,0.0,0.0,0.0,0.0,0.0,0.0,0.0,0.0,1
2025-03-20,-0.04253032948690152,0.014094027968519643,41.60082473262447,19.799999237060547,-0.22952350739607574,0.025195766248644173,0.010027332516373276,0.012974531559513705,0,0.46357628136995765,0.016246088036584214,-0.006722844088082652,-0.0410003662109375,0.0016526129014403932,0.004052477288750489,-1.5305042534755158,0.23457221834933503,-0.933829418592634,0,-0.10860511841087042,-0.7237079016410136,0,0.00032975637740223734,0.02541564770436458,20.0,0.0,0.0,0.0,0.0,0.0,0.0,0.0,0.0,0.0,0.0,1
2025-03-21,-0.04146949608955128,0.012163526346911887,41.747562080617165,19.280000686645508,0.23012558186198362,0.005080354964612468,0.009893550542192112,0.012606930521933847,0,0.29870745205895405,0.00029290527428279986,-0.00803870428096222,-0.0560002326965332,0.00022017870823044807,0.0023083387162157326,-1.3635523739775852,0.0570974813333532,-0.9182413128175991,1,0.22056656386987364,-0.4989633863250262,1,0.017750086193809182,1.4079614449617788,16.0,2.0,0.0625,0.0,2.0,0.0,0.0,0.0,0.0,0.0,0.0,1
2025-03-24,-0.02385094626149412,0.00862251264575291,49.21232347174818,17.479999542236328,1.226210953968872,0.015148586304183127,0.010142593561057033,0.013417071006518188,0,-0.25838281619174186,0.012082566886560389,0.012020161211187149,0.024999618530273438,-0.01576919671362715,0.0016319254841812877,-0.8545272845649364,-0.08232842502403316,-0.6763850947199849,0,0.03875395774013946,-0.31952587816378714,0,0.0024009971253177113,0.17895078103436035,17.0,0.0,0.0,0.0,0.0,0.0,0.0,0.0,0.0,0.0,0.0,1
2025-03-25,-0.02139494446472893,0.0047266023690072274,50.15224891611584,17.149999618530273,1.9533271187874206,0.028416974854200357,0.010035939513357647,0.01342714960462905,0,-0.37934755739412945,-0.0015929423376389708,0.0021228606253331584,0.026000022888183594,-0.0045950571421536366,-0.0007676245830555696,-0.9680666923286328,-0.1248201277269547,-0.7009166258204257,0,0.9115832060031486,-0.3109405134948373,-1,-0.0120100659661846,-0.8944606543623789,24.0,0.0,0.0,0.0,0.0,0.0,0.0,0.0,0.0,0.0,0.0,1
2025-03-26,-0.03271402378931689,0.016074876829946367,45.62539899978475,18.329999923706055,1.9487615357965922,0.0055748918978886,0.010141222031675563,0.013621200978576269,0,-0.03076899965523197,0.00937621753636423,-0.0004692999612643998,0.0819997787475586,0.014614324297863758,0.003545279817741976,-0.7554090978239537,-0.041149297335452,-0.5130443911725916,0,1.2251227648983922,0.020180215912757687,0,-0.0026592845740137966,-0.19523114194445532,11.0,0.0,0.0,0.0,0.0,0.0,0.0,0.0,0.0,0.0,0.0,1
2025-03-27,-0.03484404826741164,0.010510019385345385,44.67096213813203,18.690000534057617,1.8195719246157527,0.005811489156330726,0.010064079065137097,0.01321931803892931,0,0.06861732667278898,0.0038689830258029543,-0.0024830012080558723,0.1360001564025879,0.004182541690149137,-0.004601708346740648,-0.5455824320311474,-0.12270514186835799,-0.43116362358583366,0,1.8417853912910913,-0.25012228983468354,-1,-0.020343823330424816,-1.5389453435541305,15.0,1.0,0.0666666666666666,0.0,0.0,0.0,0.0,1.0,0.0,0.0,0.0,1
2025-03-28,-0.05314153484871302,0.020156233575093257,38.16808378287715,21.649999618530273,0.9896312355624293,-0.014862090551496362,0.010286873155342751,0.013236992680285645,0,0.9764579802814377,-0.008041363887377214,-0.0027369750586884517,0.0030002593994140625,-0.0018284129128903735,-0.00028829733714552295,-1.1968890018301555,0.09794647129287397,-0.5835151713459322,1,1.2923084420986564,-0.16283043833216854,0,0.006690231009001413,0.505418875450212,17.0,0.0,0.0,0.0,0.0,0.0,0.0,0.0,0.0,0.0,0.0,1
2025-03-31,-0.045794535453598184,0.024741283349805215,41.179895494142436,22.280000686645508,0.7176029334269307,-0.02592194573630408,0.010326569395896035,0.012952940478770658,0,1.137201897806629,0.030107395982433494,-0.010547528868457024,-0.08500003814697266,0.008679838263589972,0.001632635838714539,-1.2081815922421917,-0.02219354228350597,0.0286311549536783,0,0.6172423634078662,0.22738190555453786,0,0.0028205977966569043,0.21775716669956746,9.0,0.0,0.0,0.0,0.0,0.0,0.0,0.0,0.0,0.0,0.0,1
2025-04-01,-0.04196130708596366,0.016507139863508984,42.458527004898656,21.770000457763672,0.6722403260122176,-0.02550234506496486,0.01033404639563648,0.012776468388107913,0,0.951422637018417,-0.003924961698320787,-0.003473943023369474,-0.1510000228881836,-0.002333401902158611,0.0004797146104852751,-1.6702849108161841,-0.07689297601376188,-0.042895682429586086,0,-0.04751185209921585,0.5118705008676264,0,0.006308384306950964,0.4937498515101532,48.0,0.0,0.0,0.0,0.0,0.0,0.0,0.0,0.0,0.0,0.0,1
2025-04-02,-0.03468776645721032,0.022337534392550474,45.33382506434196,21.510000228881836,0.8940865097062582,-0.007183894791829402,0.01023264209638811,0.012597311939220555,0,0.8427756460801195,0.007137419571240765,-0.010609285050845428,-0.1419997215270996,0.0027982742457986778,-0.004325518142285579,-1.3837927038696498,-0.019337622425344793,0.11580809876952704,0,-0.20688779711935804,-0.22820168007988909,-1,-0.050536534960503074,-4.011688770385586,20.0,0.0,0.0,0.0,0.0,0.0,0.0,0.0,0.0,0.0,0.0,1
2025-04-03,-0.08012238033501094,0.020998617923910886,31.886797941619974,30.020000457763672,-0.7095240826147773,-0.05506114517831865,0.012046863570603115,0.01638268602128009,0,3.119257116922369,-0.06868416857286343,-0.03498825460062385,-0.31400012969970703,-0.13273701348378666,-0.01690343226158858,-2.0847517777440188,0.1882015498938174,-1.2222988147639522,0,0.7951842644868499,-3.246170472735327,-1,-0.06032656014450251,-3.682334096057334,8.0,0.0,0.0,0.0,0.0,0.0,0.0,0.0,0.0,0.0,0.0,1
2025-04-04,-0.13091691935685965,0.04118508076486015,23.43280324939417,45.310001373291016,-3.598754641982884,-0.09504388199239636,0.014182955464172623,0.02062446979706716,0,5.281466134775361,-0.07697291776429961,-0.02457760649101698,-0.2700002193450928,-0.2167339687045922,0.009264262126638117,-2.3393273860919903,0.6620746045263501,-2.4666005233528785,1,0.47587509075717505,-1.3082962784595262,0,-0.0017827202215732311,-0.08643709994696386,9.0,0.0,0.0,0.0,0.0,0.0,0.0,0.0,0.0,0.0,0.0,1
2025-04-07,-0.12941715830191097,0.08202148125756754,23.242719643469712,46.97999954223633,-5.208483665188332,-0.10351683322297091,0.014173806353225309,0.02006167634298026,0,4.474612610636128,-0.021029398155768406,-0.03236171507886095,-0.09099960327148438,-0.005459824612260331,0.002326988587205086,-1.3684650588517813,0.5225299792274993,-2.604844323302936,0,1.9589295888281204,-0.8056185309604327,-1,-0.015786794395784697,-0.7869126316646167,3.0,0.0,0.0,0.0,0.0,0.0,0.0,0.0,0.0,0.0,0.0,1
2025-04-08,-0.14005190657499136,0.0721478730543031,21.58731640966687,52.33000183105469,-6.3616539548398965,-0.1221242254154126,0.014180063789056988,0.02019296872947867,0,4.3339673613908385,-0.018623732616628662,0.03406930738311151,0.10599994659423828,-0.02054397724351062,-0.0029095457435796713,-0.759369439955849,0.6647003477640246,-2.6912664813625145,0,3.6228415651496033,-1.245174782270775,1,0.09986284608912066,4.945424220317537,21.0,2.0,0.0476190476190476,0.0,2.0,0.0,0.0,0.0,0.0,0.0,0.0,1
2025-04-09,-0.047956903160045895,0.10129052498779002,47.94095315801465,33.619998931884766,-3.365523163471984,-0.028569763633242807,0.019386759130270114,0.031022714774555524,0,1.7089845240245016,0.04544366963540521,-0.0061419034016142945,0.20399999618530273,0.21252801584198383,-0.0005828967270440143,0.06188777761161581,0.3275295802742356,-1.948399829146255,0,1.8082694831369528,-1.2322176031573393,-1,-0.0448080471617409,-1.4443620761027391,10.0,1.0,0.1,0.0,0.0,0.0,0.0,0.0,1.0,0.0,0.0,1
2025-04-10,-0.0872852042977866,0.04609400260788059,41.08476551138144,40.720001220703125,-2.7246110381114974,-0.022841275834480687,0.020194215956012184,0.032456851168871696,0,2.464362847851971,-0.037253103871513815,-0.03044306710528806,0.33900022506713867,-0.0389727233245216,-0.019925071373086668,0.06863362154841746,0.5015369106717111,-2.3851082734598203,0,3.358955274040698,-3.0254339135829937,0,0.017685508564705313,0.5448927569640314,13.0,0.0,0.0,0.0,0.0,0.0,0.0,0.0,0.0,0.0,0.0,1
2025-04-11,-0.06875457474595367,0.030640119258263973,44.41778493881649,37.560001373291016,-1.4799419839342072,0.055170792874727155,0.02018861924881192,0.0323605889671395,0,1.9607877865709498,0.02352663103073811,-0.00299736609156993,0.5080001354217529,-0.001663500227061734,-0.010864836096726943,0.7176161918773033,0.545406794628929,-2.0013682623339997,1,2.6485150166576976,-2.9338184347284257,0,0.009654678996110107,0.29834673350496166,15.0,0.0,0.0,0.0,0.0,0.0,0.0,0.0,0.0,0.0,0.0,1
2025-04-14,-0.057718616860286016,0.019327875129260253,46.23072020130374,30.889999389648438,-0.18245905826828057,0.06660819209241041,0.020241635522568916,0.03239619048604832,0,1.1103388773542906,0.0004876661007729428,0.018757639374840825,0.2089996337890625,-0.005322790992145216,-0.0014040659305332658,-0.07977321325746874,0.40951990392780474,-1.944936412792885,0,2.6996148007930083,-2.3925915862818203,0,-0.0028049685830712195,-0.0865832579434493,10.0,1.0,0.1,1.0,0.0,0.0,0.0,0.0,0.0,0.0,0.0,1
2025-04-15,-0.058436909985174215,0.011941710691921108,45.76210845617888,30.1200008392334,0.6584197595396049,0.07959001790512381,0.020185864246200433,0.032335177818458974,0,0.984502517256766,-0.003255691419578087,0.0010194784133370528,0.06099987030029297,0.001981529449526529,0.00580409744340135,-0.3208470909258372,0.32787713508977373,-1.9395827435185604,0,2.211082422385078,-1.7275904479643214,-1,-0.022478683594359818,-0.6951771463509966,11.0,0.0,0.0,0.0,0.0,0.0,0.0,0.0,0.0,0.0,0.0,1
2025-04-16,-0.07696314929846533,0.03348178959833894,42.123361820079275,32.63999938964844,0.5088309034613481,-0.04275151177835649,0.020310353186479835,0.03249794622076776,0,1.2432604282872173,0.018417311552440873,-0.011091457580968835,-0.12100028991699219,0.00738388677529001,-0.008416923174809922,-0.5866303138359893,0.49481879883529617,-1.6028927286715515,0,2.1867714336047572,-1.9058303072174279,0,0.0014257923621276338,0.04387329321394321,7.0,2.0,0.1428571428571428,2.0,0.0,0.0,0.0,0.0,0.0,0.0,0.0,1
2025-04-17,-0.07317246635566686,0.013791550570854702,42.43275493596978,29.649999618530273,0.5464145832779792,0.003482327745512056,0.020290146493088992,0.03251756178294574,0,0.8568830778596863,0.0347655783810385,0.0037597273301341163,-0.06099987030029297,-0.000566639289289209,0.0,-0.1995331777812832,0.40378021340978315,-1.0174510733842246,0,2.163394247042028,-1.656318403229953,-1,-0.024090563717786426,-0.7408475601619501,15.0,0.0,0.0,0.0,0.0,0.0,0.0,0.0,0.0,0.0,0.0,1
2025-04-21,-0.09233705135454216,0.025764810123274622,38.70976299331068,33.81999969482422,-0.139794334511123,-0.038293744536979674,0.020456457831765383,0.032825959859917625,0,1.3072135346837133,-0.025048248304809336,-0.010023303578499669,-0.08799982070922852,0.013030147941581915,-0.011130323304691825,0.32925480466184637,0.5619840096501119,-1.381893047042479,0,3.241979551477825,-1.8956108463443546,1,0.02568505548438023,0.7824614350768396,21.0,0.0,0.0,0.0,0.0,0.0,0.0,0.0,0.0,0.0,0.0,1
2025-04-22,-0.06635630110664363,0.019174936655405445,44.323225653860824,30.56999969482422,0.3907719131745129,-0.022263368048709542,0.020784335896381307,0.03315724551120052,0,0.8915867999752525,0.019311311061345086,0.012108270396589592,0.02500009536743164,-0.011799475144170374,0.006490888910443837,0.2520215611384309,0.5589617818803553,-1.035654775200508,0,2.797847212049975,-1.415858939047208,0,0.015376528663946976,0.4637455189484179,13.0,4.0,0.0769230769230769,0.0,4.0,0.0,0.0,0.0,0.0,0.0,0.0,1
2025-04-23,-0.049613305701699605,0.0215718280259009,47.48818265186493,28.450000762939453,1.3271896674777235,-0.004081870801691368,0.020848069636704842,0.03342023041835887,0,0.6191512629617667,-0.03223532594805014,0.024690180371899705,0.06400012969970703,-0.004411329212527026,0.009257443798579927,0.2579937930465155,0.5061500360203761,-1.508915687258906,0,2.1436991381348967,-0.8971031129893189,0,0.020830549392469144,0.623291428538803,3.0,0.0,0.0,0.0,0.0,0.0,0.0,0.0,0.0,0.0,0.0,1
2025-04-24,-0.027647752996479313,0.021913662981305586,51.577353145127894,26.469999313354492,2.6614750791319572,0.03922736218513752,0.02101130287154051,0.033790305652712155,0,0.36601512934219715,0.008316063471168578,0.0024251194302046244,0.026000022888183594,-0.014775768065548674,-0.00552399767509208,-0.3219715996092192,0.3674729326091228,-1.3317128174241073,0,1.7310170397597557,-1.0478451827655657,0,0.007199399733574162,0.21306103818525018,4.0,1.0,0.25,0.0,0.0,0.0,0.0,0.0,1.0,0.0,0.0,1
2025-04-25,-0.01884526821402124,0.013366237752012103,52.95998197367778,24.84000015258789,3.70727244728033,0.04500096955658408,0.02103846383648341,0.03385148134532863,0,0.15618403893159136,0.003656303886111966,-7.307641737644679e-05,-0.0670003890991211,-0.00563161345694686,0.001811233170152248,-0.5891867080786286,0.28446661316612526,-1.230296389741768,1,1.6610856699066847,-0.87214676253212,0,0.0003812293734920367,0.011261819150093215,9.0,1.0,0.1111111111111111,0.0,0.0,0.0,0.0,0.0,1.0,0.0,0.0,1
2025-04-28,-0.016471509345657262,0.015485102368653978,53.03674202016093,25.149999618530273,4.273000928205009,0.06947276264786248,0.021021075663068482,0.0335592971530966,0,0.17598666077961772,-0.015511644237855738,0.0013611232450559964,-0.18900012969970703,-0.00036632888002881915,-0.004635226726066582,-0.9401164148488119,0.14985244454931587,-1.430105840784502,0,1.6705654491102098,-0.9955642102609739,0,0.006279582464638656,0.1871189543929313,8.0,0.0,0.0,0.0,0.0,0.0,0.0,0.0,0.0,0.0,0.0,1
2025-04-29,-0.008379662627789226,0.012447727527227307,54.36220791919994,24.170000076293945,4.704125734861136,0.050067289628121056,0.021038757397642226,0.033554833831233075,0,0.04242217182495766,-0.026620353701971432,-0.003528123347968957,-0.21600008010864258,-0.005662683999301529,0.002320260587369365,-1.238193053351772,0.08142275199394557,-1.773783617054532,0,1.4617546601731932,-0.8026354308535154,0,0.0003967340036316154,0.011823449562960943,21.0,0.0,0.0,0.0,0.0,0.0,0.0,0.0,0.0,0.0,0.0,1
2025-04-30,-0.006026121211849208,0.027049447459783108,54.449968884718665,24.700000762939453,4.812502987936124,0.03508749496780559,0.021027712506524222,0.03354675574991121,0,0.09482285475157037,-0.03726300009744934,-0.012251846847057258,-0.21000003814697266,-9.802748678580603e-05,0.002314966138697308,-1.1733840314205235,0.12627037824844203,-2.215601509695296,0,1.6225991811479914,-0.6105789754137407,0,0.007062032092100689,0.21051305347131358,33.0,1.0,0.0303030303030303,1.0,0.0,0.0,0.0,0.0,0.0,0.0,0.0,1
2025-05-01,0.0029101030422123246,0.011119706158663506,56.075224996965886,24.600000381469727,4.936023436318109,0.021318977667437223,0.021030160063601974,0.033555318536886626,0,0.06800825230170011,0.017539872177297182,0.010458453919373207,-0.07399988174438477,-0.004902977309980932,0.00781096275028283,-0.7199975614006706,0.1342285045248602,-1.8768019261423707,0,1.4170862076626185,-0.07140324659902525,0,0.014735142264646619,0.4391297271444863,6.0,0.0,0.0,0.0,0.0,0.0,0.0,0.0,0.0,0.0,0.0,1
2025-05-02,0.019327468875143482,0.010586491454259838,59.3685949806386,22.68000030517578,5.326402930727716,0.028854720198509865,0.021120388452020477,0.031550896151319556,0,-0.1831049661421234,-0.016166449969052803,0.011146897573960667,0.0560002326965332,-0.009943002078731717,-0.0024968801985871545,0.023532560453302927,-0.28038034913866555,-2.002160663229506,1,1.0105500166788226,-0.16987480615719502,0,-0.00575090758222001,-0.18227392755816266,14.0,0.0,0.0,0.0,0.0,0.0,0.0,0.0,0.0,0.0,0.0,1
2025-05-05,0.014746282062976039,0.00878424894189562,57.54693431952573,23.639999389648438,5.123325233426231,0.022722583242797648,0.021120737920798684,0.02796723305820016,0,-0.08196310392987913,-0.020101176331286184,-0.007420420663843805,0.1269998550415039,0.005352996033711895,-0.0017014282980299447,0.20764175655124542,-0.6505876222685276,-2.15012516435797,0,1.191290701746601,-0.19519371954357698,0,-0.008393557909377652,-0.30012103416523966,14.0,0.0,0.0,0.0,0.0,0.0,0.0,0.0,0.0,0.0,0.0,1
2025-05-06,0.00759344453328662,0.011435135563475739,54.91702171907435,24.760000228881836,4.455129025845931,0.00804944286878128,0.021115825642346858,0.028096029806991142,0,0.04115908875642123,0.03373231650728526,-0.009951670091214978,0.13500022888183594,0.00632989729136885,-0.005927620392362942,-0.053607179849916066,-0.6404925124265565,-1.630849699029472,0,1.0817003032854147,-0.5611891752767403,0,0.004196729249441555,0.1493708465061785,19.0,0.0,0.0,0.0,0.0,0.0,0.0,0.0,0.0,0.0,0.0,1
2025-05-07,0.012974620579784728,0.01386443724207034,55.99754296090438,23.549999237060547,3.9657331932299456,0.011849438114591262,0.021102072579308108,0.027665311009543066,0,-0.12876236594375431,-0.017412533811229817,0.0024130848695793857,0.09800004959106445,-0.002232837857338842,0.0037214299867884006,-0.30191822610283275,-0.7984440673088042,-1.7867680153673913,0,0.7582008634155901,-0.13059665227403608,0,0.006943518382758819,0.25098275130672343,24.0,2.0,0.0833333333333333,1.0,0.0,0.0,0.0,1.0,0.0,0.0,0.0,1
2025-05-08,0.02105371030418699,0.015237294072776252,57.80934173165524,22.479999542236328,3.7034402261986155,0.011730924405249163,0.02112689062272844,0.01673901058269547,0,-0.2812657767318299,0.031194259420231813,0.007262004942515859,0.1420001983642578,-0.0016470054593373063,0.01028721960294191,0.5628160930814132,-0.40249509154789864,-1.3350133829343607,0,0.6591764019526866,1.7035404311988525,0,-0.0012748185307110231,-0.07615848994348628,11.0,1.0,0.0909090909090909,1.0,0.0,0.0,0.0,0.0,0.0,0.0,0.0,1
2025-05-09,0.020451928026620048,0.008399174272267091,57.3411935695822,21.899999618530273,3.296685271356824,-0.004279036390108459,0.021125057845105898,0.01276151053018909,0,-0.37228969472606727,0.01835825324150491,0.0025099680028137987,0.05299997329711914,0.002025898589309397,-0.002985404328326501,0.6640214990738991,-0.6202327828164954,-1.0498425714623332,1,0.7815377445025923,1.35730049758489,1,0.03251307324194498,2.547742893570632,25.0,3.0,0.04,3.0,0.0,0.0,0.0,0.0,0.0,0.0,0.0,1
2025-05-12,0.054533997097382256,0.010223197777821522,65.20302204907756,18.389999389648438,4.035322591290482,0.033984944434056516,0.021516802066329496,0.013991102580972156,0,-0.8410906171178567,0.015125933600171835,0.029902385978197974,0.11399984359741211,0.029871279734948856,0.014347493899422074,1.4666275206578803,-0.7141326854757442,-0.8107226117803217,0,0.6064784348631133,2.8392980728029666,0,0.006582124635303903,0.4704504089442866,11.0,0.0,0.0,0.0,0.0,0.0,0.0,0.0,0.0,0.0,0.0,1
2025-05-13,0.061312870706017826,0.010633204874949271,66.57258345797223,18.219999313354492,4.510154841076885,0.04896062697873799,0.021537209324481884,0.013947101575573249,0,-0.8781910963421388,0.027385844879859716,0.0007200207540183828,0.19099998474121094,0.001501533344078395,-0.007791359617264837,1.8474672841864583,-0.5279126330261681,-0.3950325421766953,0,0.5813598065001102,1.5609757834116367,0,0.0012772436406420047,0.09157764557350706,20.0,0.0,0.0,0.0,0.0,0.0,0.0,0.0,0.0,0.0,0.0,1
2025-05-14,0.062190577476739596,0.005854426188639919,66.84634323318781,18.6200008392334,4.588878527255566,0.04604114136993849,0.02153368704683541,0.013868211688505628,0,-0.8390768980253847,-0.008200592311148426,0.001651534437177653,0.25299978256225586,0.00012163560299230001,0.00039597026201491843,2.1354564980882005,-0.48095311387415596,-0.49025929692684694,0,0.633680258543379,1.4763022214745558,0,0.004872452698348495,0.351339400810626,23.0,0.0,0.0,0.0,0.0,0.0,0.0,0.0,0.0,0.0,0.0,1
2025-05-15,0.06702574565948993,0.00994139297962381,67.928717613234,17.829999923706055,4.538501689527657,0.043970075685528326,0.02154202838793843,0.012337624827819967,0,-0.9558546339552375,-0.024526397124652956,-0.0034608285195187587,0.0819997787475586,0.0022544953406279,-0.001584822672840023,1.4913696640069354,-0.6046560838003255,-0.8233380521623667,0,0.6850579600021983,1.159020605222981,0,0.006314102279205575,0.5117757469177148,7.0,0.0,0.0,0.0,0.0,0.0,0.0,0.0,0.0,0.0,0.0,1
2025-05-16,0.07288446064181428,0.008784871416842501,69.33374532661844,17.239999771118164,4.454397759607804,0.05155899649544497,0.021554871688491194,0.012294495268039246,0,-1.0425273109420414,0.014020094966139728,0.0013370585132008248,0.06599998474121094,0.005025724808662935,0.0020795085093034274,1.3873018585955372,-0.542229860618638,-0.5896454550842087,1,0.349564914998714,1.2559743970966777,0,0.0010932163119030398,0.08891909743981005,6.0,0.0,0.0,0.0,0.0,0.0,0.0,0.0,0.0,0.0,0.0,1
2025-05-19,0.07325737522549178,0.012507359412896827,69.58313015958903,18.139999389648438,4.148444344490249,0.020139139565403003,0.021441558466979167,0.010146300935684022,0,-0.9214153423912693,0.003195352579058796,-0.010319055615791332,0.018000125885009766,0.00030719101763732943,-0.006550202495798609,1.6915499977806119,-0.6229329234066376,-0.5159560303410139,0,0.6403975727840012,0.4450757447622801,0,-0.003367792702729912,-0.3319228756222687,14.0,0.0,0.0,0.0,0.0,0.0,0.0,0.0,0.0,0.0,0.0,1
2025-05-20,0.06834009296652335,0.0075061354310307134,67.75715584411,18.09000015258789,3.542829232418436,0.0101892222273691,0.02143789599551581,0.009432634287067617,0,-0.9245132354185958,-0.0020758051911769233,-0.002962964005973599,-0.018000125885009766,0.0005709010153133729,-0.0030914764474651068,1.7034933134432413,-0.5246598180777572,-0.5233043380484785,0,0.7732440619913729,-0.011765554712590935,-1,-0.01699448929683326,-1.801667568460428,8.0,0.0,0.0,0.0,0.0,0.0,0.0,0.0,0.0,0.0,0.0,1
2025-05-21,0.04925578845430458,0.018460711038749474,59.37551664344063,20.8700008392334,2.2689345533132226,-0.008082510710106013,0.021540361870609277,0.010438042660446173,0,-0.556419090147341,-0.015951384222085634,-0.0074665129255389465,0.06800031661987305,-0.035164608659939686,-0.005609041019042132,2.591404655664175,-0.3098354260876542,-0.747259992456234,0,1.2970484168597007,-0.7181922893012437,0,0.00039456926647925034,0.03780104194860275,6.0,0.0,0.0,0.0,0.0,0.0,0.0,0.0,0.0,0.0,0.0,1
2025-05-22,0.04869212051801307,0.008935193079451556,59.4997452228539,20.280000686645508,1.282612996588437,-0.012560394141975207,0.021540299348657463,0.009703381925675903,0,-0.6395141681914587,-0.006027531981941245,-0.0003432454115332399,0.09800004959106445,0.0001824234227495585,0.0040096438303826925,2.081958019600813,-0.26637677771725016,-0.8131680960914625,0,0.9459695331427778,-0.2515702402827562,-1,-0.006849077339231533,-0.7058436257849547,7.0,0.0,0.0,0.0,0.0,0.0,0.0,0.0,0.0,0.0,0.0,1
2025-05-23,0.040435908766455184,0.01072338956284144,56.292186943585875,22.290000915527344,0.25969019088259593,-0.0257235737604124,0.02145816972550521,0.009906731395322778,0,-0.372140585670418,0.005377638928633734,-0.012268590340654379,0.06799983978271484,-0.005050742552774065,-0.008539746230872808,1.6302206200715066,-0.10831707473687464,-0.7024606934144222,1,0.672188624590735,-1.3245013665409975,1,0.020577387012457326,2.077109534944803,9.0,0.0,0.0,0.0,0.0,0.0,0.0,0.0,0.0,0.0,0.0,1
2025-05-27,0.060922447809525715,0.021788047620532342,62.82168592576197,18.959999084472656,0.27763008427630353,-0.006239403059858191,0.021530884688162645,0.010676588819636505,0,-0.8182030138743025,-0.010455893316601546,0.011946802269116374,-0.0409998893737793,0.009277294593499207,0.00412824468268098,0.9625925582818928,-0.28252643283839834,-0.8404809031863232,0,0.6463645334987711,-0.8603366988152916,-1,-0.005802110384951137,-0.5434418285231284,14.0,1.0,0.0714285714285714,1.0,0.0,0.0,0.0,0.0,0.0,0.0,0.0,1
2025-05-28,0.05394180024071373,0.009834497964975455,60.07628574389709,19.309999465942383,-0.029050253608984278,-0.008673720742079496,0.021420287868720758,0.010853182699368797,0,-0.7601308557000973,0.015481459149985511,0.0006933752501736475,-0.0039997100830078125,-0.0006757454016523279,0.0036108426531303267,1.281167040988363,-0.22448912908857338,-0.5665039496898675,0,0.6221883731791463,-0.4333079319297513,0,0.003939507281933468,0.36298141856106386,10.0,0.0,0.0,0.0,0.0,0.0,0.0,0.0,0.0,0.0,0.0,1
2025-05-29,0.05693778212482124,0.012083730243740202,61.311421406712086,19.18000030517578,-0.1608966891407686,0.01226027583668708,0.02136656883039301,0.010838625845169283,0,-0.7642604213035619,-0.014660655724199617,0.009027819099458807,-0.17200040817260742,0.0012967189244314661,-0.006025309311960788,0.8065113554527514,-0.25293518915572993,-0.7776498976394127,0,0.5966663068273739,-1.2442931500059546,0,-0.0011189780143527213,-0.10323974625011904,13.0,4.0,0.0769230769230769,0.0,4.0,0.0,0.0,0.0,0.0,0.0,0.0,1
2025-05-30,0.05485025705182917,0.013386746385827054,60.735841903159944,18.56999969482422,-0.3638920020718146,0.01074672855585526,0.02132477327879058,0.010835739932192091,0,-0.8342260377411238,-0.002464434201305977,-0.0018997879694895342,-0.13700008392333984,-0.0018309657171758378,0.0005035300605269822,0.7162666226178539,-0.2811990995144083,-0.7917804699040296,1,0.6613145951987592,-1.0754404457958593,0,0.005617199832048227,0.518395114985074,4.0,0.0,0.0,0.0,0.0,0.0,0.0,0.0,0.0,0.0,0.0,1
2025-06-02,0.05969540603886738,0.013041757659205977,62.636365971496346,18.360000610351562,-0.34890065380124646,0.0232130057271351,0.021201505622280792,0.010488735239979794,0,-0.8424954125087135,0.02806119605402807,-0.0027693599058777464,-0.04699993133544922,-0.002087473813797424,-0.006362743141416125,1.07001670918481,-0.21130907387938047,-0.3146570113173695,0,0.6364942610465991,-1.6839785381849688,0,0.005686183851856203,0.5421224104273465,7.0,0.0,0.0,0.0,0.0,0.0,0.0,0.0,0.0,0.0,0.0,1
2025-06-03,0.06451593901452433,0.008773912107699905,64.51919451819128,17.690000534057617,-0.19349577314687494,0.008321802566534085,0.021201894363654626,0.01034096097654518,0,-0.9120364265023487,0.01413506243041926,-0.0006246838920816089,0.026000022888183594,-0.002051732954445621,0.005557004047396422,1.024173744985605,-0.28994062835780654,-0.06089926604077676,0,0.4293510575695609,-0.9487109871980892,0,-0.00026847990197680674,-0.02596273624457104,9.0,0.0,0.0,0.0,0.0,0.0,0.0,0.0,0.0,0.0,0.0,1
2025-06-04,0.06340029250327628,0.00412803853286617,64.35385082797774,17.610000610351562,-0.18113421816505948,0.013855433049508443,0.020890231104743834,0.010032644665232756,0,-0.8952617338594896,-0.008870664547419721,0.0014584681656885715,-0.1120004653930664,0.0002493520606965917,-0.004645525243508145,0.21809281124885624,-0.34076249989292395,-0.1980616026304899,0,0.4070564131137757,-1.4264282798151577,0,-0.004844484645630591,-0.4828716633114771,5.0,0.0,0.0,0.0,0.0,0.0,0.0,0.0,0.0,0.0,0.0,1
2025-06-05,0.05759720447000198,0.013405298660602277,61.30854881527568,18.479999542236328,-0.43027975990014866,0.005071441121944561,0.020868348516781248,0.010188636805249061,0,-0.7604358281644432,0.00823963572205525,0.002848664994657884,-0.029999732971191406,-0.008157234881300537,-0.0005062831279795834,0.44559207273936235,-0.2424367466230701,-0.044819408502142305,0,0.19847627633344214,-1.3662898700870492,1,0.010216612089215106,1.0027447495727928,15.0,2.0,0.0666666666666666,0.0,2.0,0.0,0.0,0.0,0.0,0.0,0.0,1
2025-06-06,0.06729471936589076,0.0066262169797001455,65.07243239996589,16.770000457763672,-0.2633343698385069,0.01640703122551232,0.02089467064798638,0.010285124895190517,0,-0.95848959942067,0.01891424720320025,0.009415073377411412,0.09400033950805664,-0.0031814529745616536,0.004547116175521301,1.3659403660723477,-0.29303440153063887,0.3006064493930462,1,0.07918894318673854,-0.7855035808517437,0,0.0009008769765978307,0.08759019553735696,11.0,1.0,0.0909090909090909,1.0,0.0,0.0,0.0,0.0,0.0,0.0,0.0,1
2025-06-09,0.0670173596772803,0.004602470983415228,65.39389423492047,17.15999984741211,-0.1939178861116524,0.011690708370062003,0.020806328739228372,0.010249775866507271,0,-0.8861680352273563,0.010934105537609646,0.0009675403559195425,0.019999980926513672,-0.0014823229523023165,-0.002523596896147004,1.0987687174756806,-0.24390553423599806,0.5029896714385304,0,0.15406769599770753,-0.9652538266697002,0,0.005653754979559288,0.551597375125054,4.0,0.0,0.0,0.0,0.0,0.0,0.0,0.0,0.0,0.0,0.0,1
2025-06-10,0.07125935087868876,0.007262624732272836,67.42673090940914,16.950000762939453,-0.008374410605123117,0.01165827949776484,0.02066457564208247,0.007602060823542014,0,-0.8971425892282572,-0.004759317319035391,0.0009000745980247917,0.01399993896484375,-0.0022941890183186,0.001111173479648963,1.0030098869941213,-0.08153912658927552,0.43098068504139847,0,-0.07233059891915926,-0.7913413929749007,0,-0.002856194072335503,-0.3757126365477247,27.0,3.0,0.037037037037037,0.0,0.0,0.0,0.0,3.0,0.0,0.0,0.0,1
2025-06-11,0.06661363061466131,0.009628139830352803,65.33578249405737,17.260000228881836,-0.08280185224037595,0.009070565327406205,0.020653346718034576,0.0075755544731463745,0,-0.8470433899511186,0.04763159863056644,0.001838795462708391,0.04700040817260742,-0.0006810493014466029,-0.004249356836262151,0.4863412023840987,-0.05412815522934335,1.303119987141469,0,-0.0087819686423013,-1.2043809246861399,0,0.003966452380753689,0.523585060204272,18.0,0.0,0.0,0.0,0.0,0.0,0.0,0.0,0.0,0.0,0.0,1
2025-06-12,0.06923009432890104,0.0070061788302277815,66.87299472989234,18.020000457763672,-0.056762115423723,0.017881502353790647,0.020597269259770453,0.007600410160055064,0,-0.7401657999050378,-0.0016153995491640903,-0.0022474145663326337,-0.037000179290771484,-0.002420311988891133,-0.007224647054053646,0.03136015322744977,-0.03275403933725009,1.2600003065531995,0,-0.158601306309295,-1.9024489837095686,-1,-0.011242927662179924,-1.4792508079051343,14.0,0.0,0.0,0.0,0.0,0.0,0.0,0.0,0.0,0.0,0.0,1
2025-06-13,0.0560612161312196,0.01067000857150329,58.92535083524107,20.81999969482422,-0.5456637426187978,-0.003578037397604498,0.020620778803765744,0.008049053488615052,0,-0.3897293943716588,0.0700896960229113,-0.008733516056754249,-0.08600044250488281,-0.016744691176175303,0.00265173167371636,0.5535699125736554,0.1550316209329202,2.472597958159916,1,-0.31992841287923524,-1.4621977963293216,1,0.00946911814478643,1.176424829817775,18.0,0.0,0.0,0.0,0.0,0.0,0.0,0.0,0.0,0.0,0.0,1
2025-06-16,0.06362585705628698,0.0070187189807408385,62.91898434620308,19.110000610351562,-0.5461964624723006,0.004990203770584182,0.020643918313368908,0.008197500357921841,0,-0.6033744592723795,-0.016718962337808015,0.0056788947867494255,-0.029999732971191406,0.006294904955710142,-0.0018350530676638712,0.7544375434921183,0.10297953823170004,2.0857386661060264,0,0.11129284733237649,-1.6657645930937868,-1,-0.00858175064837527,-1.0468728032874164,4.0,0.0,0.0,0.0,0.0,0.0,0.0,0.0,0.0,0.0,0.0,1
2025-06-17,0.051114597171949064,0.00835102838303684,57.46353963661865,21.600000381469727,-0.9226578101236829,-0.009245301857350374,0.020681661832872657,0.008455026733911662,0,-0.29521127525758445,0.04188593780488692,-0.0041066608398714,-0.08099985122680664,-0.006699924022615557,0.008332531658833468,0.2551709789656414,0.17457392131048816,2.6922675280186654,0,-0.4178616597645405,-0.3764219263587084,0,-0.00015075043315051226,-0.017829660342678213,8.0,0.0,0.0,0.0,0.0,0.0,0.0,0.0,0.0,0.0,0.0,1
2025-06-18,0.047526515985861856,0.007950589148013913,57.36984775904546,20.139999389648438,-1.193658269977881,-0.006539858218165351,0.020564175718345835,0.008413582729192591,0,-0.48693693240845876,0.0040005795495912455,0.0015216585526946539,-0.015000343322753906,-3.925883567859646e-05,0.0009103724470059521,0.2789561794442966,0.10734854914284157,2.61290810601238,0,-0.5996519050500757,-0.1411785053447021,0,-0.0023511946213761307,-0.279451917516545,23.0,0.0,0.0,0.0,0.0,0.0,0.0,0.0,0.0,0.0,0.0,1
2025-06-20,0.041430648662708396,0.011105937093162252,55.84247264009869,20.6200008392334,-1.4644724431006866,-0.012857505220295254,0.02056652663091583,0.007397295861541078,0,-0.43555433007087235,-0.0027986835739336347,0.004524179113257296,0.018000125885009766,-0.004128052083692168,-0.002024133621534633,0.08912755519119514,-0.012051242012753927,2.438126448724823,1,-0.10392749720963278,-0.43719111924980747,1,0.00982891348822994,1.3287153015168534,22.0,1.0,0.0454545454545454,0.0,0.0,0.0,0.0,0.0,1.0,0.0,0.0,1
2025-06-23,0.049761833552269756,0.014413001794595212,60.584422316787055,19.829999923706055,-1.2576567561571084,0.008214335930114641,0.0205330574134293,0.007645397989371399,0,-0.5404427454460415,-0.08957459725292966,0.0012778420873505575,-0.10399961471557617,0.010658340575356315,-0.0029422323215426674,-0.36063543995753994,-0.02243927389693712,1.0258780871682789,0,0.14091780205365534,-0.9074310011689556,1,0.01098663429244116,1.437023937468702,8.0,0.0,0.0,0.0,0.0,0.0,0.0,0.0,0.0,0.0,0.0,1
2025-06-24,0.05825837205875346,0.007317318018114746,65.13814890926898,17.479999542236328,-0.7113501369348612,0.009731852077769245,0.020567951351065688,0.007649495713768956,0,-0.8360605551336506,-0.06233202246291182,0.006940733498496749,-0.15899991989135742,-0.005538362072336327,-0.005706124735369356,-0.5705950850222613,-0.24308084443169709,0.12723898009981674,0,0.8056647143973866,-1.7547538235328255,0,0.0005602076849731048,0.07323449461116713,20.0,0.0,0.0,0.0,0.0,0.0,0.0,0.0,0.0,0.0,0.0,1
2025-06-25,0.0560976116470021,0.005056673061189856,65.35918410450854,16.760000228881836,-0.3773087964386326,0.018873810411117513,0.02037335828078802,0.006357624123544813,0,-0.9115088345259155,0.008507985708414682,0.001860551148579852,-0.09999990463256836,-0.0005050436574057412,-0.0018410591712752086,-0.5780164355875416,-0.12333633982919641,0.2718062859920765,0,0.7787419391653853,-1.8232455807991608,1,0.0077933328130199795,1.2258227921858873,27.0,0.0,0.0,0.0,0.0,0.0,0.0,0.0,0.0,0.0,0.0,1
2025-06-26,0.061614647576346375,0.006439280358324466,68.37570112231751,16.59000015258789,0.08610369360107484,0.026817893657288056,0.02037859513210255,0.006264116108796466,0,-0.9147122268547382,0.004917030567025608,0.003075330323518008,-0.14400005340576172,0.002930684053283445,-0.00544064139681836,-0.9090106390177851,-0.15182295538343824,0.3788580242085629,0,0.9005139908874736,-2.381815562089451,1,0.0049560303319852355,0.791176653520062,22.0,0.0,0.0,0.0,0.0,0.0,0.0,0.0,0.0,0.0,0.0,1
2025-06-27,0.06397662438644024,0.009041970046706161,70.1662600470718,16.31999969482422,0.4979040588272934,0.034125118610649374,0.020382727216287106,0.00628340724412048,0,-0.9307616829840433,0.004282643300932393,0.0016493245472213177,-0.09200000762939453,0.004510829156976056,0.0025700347847261887,-0.6941713528363538,-0.16147675452997365,0.4793216784096904,1,0.8996115010515998,-1.7198438051094178,1,0.004769812405140535,0.7591112001361591,17.0,0.0,0.0,0.0,0.0,0.0,0.0,0.0,0.0,0.0,0.0,1
2025-06-30,0.0656069509070718,0.006765384544714384,71.82758909784647,16.729999542236328,0.848307187796653,0.029066017527559957,0.02037764409553004,0.006257069568456034,0,-0.8646285229802874,-0.006277231686631752,0.004008867911833819,-0.09000015258789062,0.0065779757124948875,-0.0053531554201120286,-1.152283304287625,-0.10434387129392118,0.4206492938948627,0,0.23147323345646376,-2.140509733694779,0,-0.000323632079386807,-0.051722544974230664,24.0,0.0,0.0,0.0,0.0,0.0,0.0,0.0,0.0,0.0,0.0,1
2025-07-01,0.06186337248887919,0.00535901793533281,71.53586533362986,16.829999923706055,0.9412276271654285,0.017755751155732028,0.019199119116508765,0.006242569151553663,0,-0.8244805555045649,0.005208289105661505,-0.002414440941939656,-0.04200029373168945,0.0001331872990322202,-0.0006194895349279624,-1.057650127424183,-0.08701141476638957,0.5140061563846551,0,-0.5455117445591866,-1.8864751485801265,1,0.004523131373282762,0.7245613172813417,16.0,0.0,0.0,0.0,0.0,0.0,0.0,0.0,0.0,0.0,0.0,1
2025-07-02,0.06272769347849848,0.006253533413611641,73.17888209585615,16.639999389648438,1.0555870251573847,0.02171867484404171,0.017344359399094705,0.006213818000926851,0,-0.8387575700607478,0.030100091680430326,-0.0006639981402609224,0.0,-0.0032155046903129293,-0.0004132326075602726,-0.8111118573900816,-0.061190139648216055,0.9852262277542472,0,0.1642353697456007,-1.7072943229853546,1,0.007850489285618446,1.2633901814545674,23.0,0.0,0.0,0.0,0.0,0.0,0.0,0.0,0.0,0.0,0.0,1
2025-07-03,0.06745970958197518,0.006156709079464773,75.80546513386945,16.3799991607666,1.3072380833457977,0.02177583131663999,0.017339484315733934,0.006311915897069331,0,-0.8797872340526094,-0.0066939180180563464,0.003218267957247795,0.0950002670288086,-0.014514059201692209,0.004124583366074667,-0.30804014897189,-0.07240592997781553,0.8454193664247611,0,-0.9251400969388986,-1.0886684425009974,-1,-0.007480119682479856,-1.1850772338681805,28.0,2.0,0.0714285714285714,2.0,0.0,0.0,0.0,0.0,0.0,0.0,0.0,1
2025-07-07,0.05637297836337465,0.009924654012337749,68.88238638842758,17.790000915527344,1.0244258535879016,0.009339681302175122,0.017214521636930196,0.006499294408527804,0,-0.7160335160402841,0.013785148304748359,-0.0031715815824958126,0.1119999885559082,-0.0004038569665704611,0.0030823310760854585,0.15918212968207673,-0.03805248830200158,1.0409748089307145,0,-0.2630488424199059,-0.6462492743920717,0,-0.0005477670990051176,-0.08428088062568462,5.0,0.0,0.0,0.0,0.0,0.0,0.0,0.0,0.0,0.0,0.0,1
2025-07-08,0.053096625075057684,0.004175074488488467,68.39178302605129,16.809999465942383,0.6925037584353966,0.004022101798029378,0.011717650378410367,0.006261403077133015,0,-0.863391650736069,0.0058711678942017665,0.0010789657428451381,0.18499994277954102,0.0006379732354633592,0.00030769556067941503,0.3666417779064551,0.0023823125185921004,1.1048201798941708,0,0.14078886680449124,-0.5339676130627331,1,0.005978718557821743,0.9548513225642808,4.0,0.0,0.0,0.0,0.0,0.0,0.0,0.0,0.0,0.0,0.0,1
2025-07-09,0.056719261630115855,0.006105178305770355,70.83967112554575,15.9399995803833,0.6025326008747829,0.010324452435237996,0.00997701030080103,0.006322002564727624,0,-1.047363716757619,0.0007314084547858205,0.003909505481570631,0.09100008010864258,-0.004196360867903185,-0.0004103078818324033,-0.39107228044302367,-0.07374943813044092,1.0801203971742415,0,-0.7221593972183059,-0.5127734975197383,0,0.002816242249871216,0.44546609501915,9.0,2.0,0.1111111111111111,0.0,2.0,0.0,0.0,0.0,0.0,0.0,0.0,1
2025-07-10,0.056957774000538294,0.00616788422611545,71.94663244641379,15.779999732971191,0.5435263011876952,0.008617563311826512,0.009787490310942006,0.006270631248582934,1,-1.101091638256684,-0.026826323016373506,0.00022429012297464943,0.05299997329711914,-0.0037653198313958155,0.0018450220756838643,-0.3271015179134146,-0.07152458034188518,0.6157652341752964,0,-0.4867699283938816,-0.18306504395036846,-1,-0.0035214204347524193,-0.5615726199530557,24.0,0.0,0.0,0.0,0.0,0.0,0.0,0.0,0.0,0.0,0.0,1
2025-07-11,0.0507247579988352,0.005339719830602485,68.44890441940788,16.399999618530273,0.25519775126691435,-0.002754346408544207,0.009776511067675561,0.006299433976912161,0,-0.9466372744736381,0.027849486122376768,-0.004933540591671397,0.07499980926513672,0.002760723917592347,0.0020460052993358695,0.479335237876488,-0.05111038734630334,1.0417912676453134,1,0.4095410823468281,0.18243371649394022,0,0.0019062988954211628,0.30261383423804744,11.0,0.0,0.0,0.0,0.0,0.0,0.0,0.0,0.0,0.0,0.0,1
2025-07-14,0.05018505341852868,0.005377611377365136,69.31780271578111,17.200000762939453,0.052179577602972316,0.006632072169356804,0.009752267646129322,0.0062818025568943964,0,-0.7451021880059996,-0.021709389666200556,-0.0007380361675719464,0.032000064849853516,-0.0030108744074339258,0.002347812608868964,0.5037302225335886,-0.046572849406929615,0.661080078117126,0,0.401540555627579,0.5272356144657478,-1,-0.004282421636416066,-0.6817175134772265,1.0,0.0,0.0,0.0,0.0,0.0,0.0,0.0,0.0,0.0,0.0,1
2025-07-15,0.04340635101144469,0.009322640653882943,64.9927927749601,17.3799991607666,-0.33110323260705066,0.002897417631945993,0.009229525030083749,0.00568170017464572,0,-0.6915226570237912,-0.006891513624805755,0.004327981152586245,0.07399988174438477,-0.0007404752852973883,0.0054906177892393776,1.1230998184979522,-0.1805939769790665,0.5321360815791644,0,0.8317683867252211,1.2880199367789307,0,0.003337615079474222,0.5874314206254523,4.0,0.0,0.0,0.0,0.0,0.0,0.0,0.0,0.0,0.0,0.0,1
2025-07-16,0.04482237505516891,0.01070134406026256,66.73407109415257,17.15999984741211,-0.5059467514957205,0.0002563141535983982,0.009227797735073439,0.005429207055184955,0,-0.7275453648930676,-0.0021068389445210046,0.0025683908936971495,0.11299991607666016,0.00416674204856818,-0.0023349419718482222,0.7395472436081394,-0.10763070502329043,0.4901676988007468,0,1.4534180117689763,0.8954511447979743,1,0.006101040721242929,1.1237422742965077,17.0,2.0,0.0588235294117647,0.0,0.0,0.0,0.0,2.0,0.0,0.0,0.0,1
2025-07-17,0.04889221373287193,0.006719368011469935,69.7136823641107,16.520000457763672,-0.42971074655400265,0.0035411126249697933,0.008528294242928072,0.0049040881876688805,0,-0.925586326091544,0.017324263597579107,0.0002884447413125834,0.11699962615966797,-0.001419736544289121,0.0034497189502243992,0.8096060340477107,-0.26812153654825766,0.7508962699948878,0,1.1689493882028388,1.4182777864278993,0,-0.0007326812474744512,-0.1494018307620233,17.0,0.0,0.0,0.0,0.0,0.0,0.0,0.0,0.0,0.0,0.0,1
2025-07-18,0.04566415766662469,0.004796119456489574,68.91325192855017,16.40999984741211,-0.4699633292932468,0.006329851812247759,0.008024979958958275,0.004923191383959697,0,-0.9727051517480222,-0.0029656691622084916,0.0020042097366663476,0.009000301361083984,0.00032326373578864357,-0.0025353696608453294,0.475132987324322,-0.20481696118144613,0.6874681153026084,1,1.320416153326701,1.1317415470242675,0,0.0018943796948635745,0.3847861476956155,17.0,5.0,0.1176470588235294,0.0,0.0,0.0,0.0,0.0,5.0,0.0,0.0,1
2025-07-21,0.04523403340584477,0.005089223519691032,69.8768478175337,16.649999618530273,-0.47563483789844874,0.006317932611690154,0.007858225486900988,0.004787752650565081,0,-0.8941416006240908,-0.00208115723450823,0.0018943796948635745,-0.05499982833862305,-0.0010224895191671178,-0.006417837715639151,-0.1519883979940532,-0.21385132577342597,0.6332933878607747,0,0.5755722565062634,0.22703342389407746,0,0.00014311092236799798,0.02989098098902358,17.0,2.0,0.0588235294117647,0.0,1.0,0.0,0.0,0.0,1.0,0.0,0.0,1
2025-07-22,0.04311326006953575,0.005629199042398596,69.95269822683026,16.5,-0.5278599301913882,0.010743465170474208,0.007495973704585549,0.004524165530688131,0,-0.9346112373321551,-0.014841707006914905,0.000524665573929085,-0.1529998779296875,-0.00010575971415793227,-0.004712148542002449,-0.5372669368109291,-0.1838355577777695,0.3813537736782877,0,0.318403042744144,-0.47058171674050725,1,0.008471458892609137,1.872486784640874,23.0,0.0,0.0,0.0,0.0,0.0,0.0,0.0,0.0,0.0,0.0,1
2025-07-23,0.049496925352412284,0.007063971474262542,74.12420748297203,15.369999885559082,-0.27246550953965887,0.015877308983609065,0.007511609544384565,0.004300487990804977,1,-1.3231934378086931,-0.014605448906322377,0.004268390261700069,-0.06699991226196289,0.001428759748842854,-0.00184995229108039,-0.01104137656234224,-0.12863979393476468,0.14136475167493762,0,0.3357660696126566,-0.7172047575179555,0,0.0003310947914258314,0.07698987236681776,14.0,3.0,0.2142857142857142,2.0,0.0,0.0,0.0,0.0,1.0,0.0,0.0,1
2025-07-24,0.04800102240708768,0.003404738561006841,74.27519076913134,15.390000343322754,-0.16229041729840432,0.010107363053792092,0.007511841172083339,0.004305418278319434,1,-1.2995264117480034,0.011883119516578307,0.0006147667317813121,-0.05499982833862305,6.615185019343777e-05,0.0017472451348277392,0.17362078328134575,-0.08527713855141231,0.31423953797864074,0,0.36066351730214613,-0.39959892957051096,1,0.004215452124055922,0.9791016947799133,14.0,4.0,0.0714285714285714,0.0,4.0,0.0,0.0,0.0,0.0,0.0,0.0,1
2025-07-25,0.050623549719398184,0.00430072255434483,76.18483674498053,14.930000305175781,0.0077617643625931265,0.015055496425322265,0.007498502907781412,0.004131566856232113,1,-1.4495674833228578,-0.013263325783737057,0.0010556247413946243,-0.046000003814697266,-0.004114607086462384,0.002768850398919155,-0.11357508822480931,-0.10542748140839582,0.08564523960776943,1,-0.4724428548450595,0.01730789723516001,0,-0.00025113167611154325,-0.06078349377253715,14.0,3.0,0.0714285714285714,0.0,3.0,0.0,0.0,0.0,0.0,0.0,0.0,1
2025-07-28,0.04859311329750091,0.003925016470024555,75.82300702071011,15.029999732971191,0.026694647037295738,0.012909985054347253,0.007501856708081016,0.004100787121898357,1,-1.3961073189913453,0.02350901306179033,0.0005962782309804563,0.04799985885620117,0.0002653225140867868,0.010289959975385099,0.24820156485631018,-0.08234314483796921,0.4384758950396549,0,0.1326635481182572,1.5495424153601054,-1,-0.002641133326156579,-0.6440536431448566,3.0,1.0,0.3333333333333333,1.0,0.0,0.0,0.0,0.0,0.0,0.0,0.0,1
2025-07-29,0.0442271315929765,0.006816037509247627,71.95791479729914,15.979999542236328,-0.14633446985598653,0.010125740805822613,0.007503321737322883,0.004149047447142249,1,-0.9945212443413499,0.0367904946280851,0.002211171411689652,-0.006000041961669922,0.001243183118742301,0.0025307498523383116,-0.9079459999375441,-0.045865575944795824,1.0289054486882045,0,-0.7249430365975731,1.7231102722434595,0,-0.0012601246347007209,-0.3037134700481572,11.0,0.0,0.0,0.0,0.0,0.0,0.0,0.0,0.0,0.0,0.0,1
2025-07-30,0.04147367228996093,0.009677543794401814,70.12479405772501,15.479999542236328,-0.3745891049564989,0.0003941572785129066,0.007332484608000515,0.004174603785532364,1,-1.1831013614924728,0.01134989442383949,0.001038339721836276,-0.012000083923339844,-0.0019782011102842502,0.010359647568367186,-0.3377589368143525,-0.0836141650792194,1.1945598274225047,0,-1.831728689980272,2.6104736495233096,-1,-0.0037582800219577626,-0.9002701124071748,10.0,0.0,0.0,0.0,0.0,0.0,0.0,0.0,0.0,0.0,0.0,1
2025-07-31,0.036240652225533666,0.014365200305639389,64.83326477429458,16.719999313354492,-0.7246226385563208,-0.0036952175348706996,0.007301554476010579,0.004252512073920855,0,-0.6133659177144921,-0.010627672231444093,0.007849829083696011,-0.04799985885620117,-0.010594425436476648,0.0009000984489406349,-0.5475355894976537,0.004796167875959231,0.9840668536735815,0,-2.0096299332290695,2.280478256836109,-1,-0.016526276638686863,-3.8862294778048083,40.0,2.0,0.05,2.0,0.0,0.0,0.0,0.0,0.0,0.0,0.0,1
2025-08-01,0.018233988045067633,0.011339588818663489,47.89207877693828,20.3799991607666,-1.6359707965600325,-0.02443694629761338,0.007567708635520566,0.005480296180390244,0,1.2170762674040223,-0.02826164006549793,-0.009186590090427422,-0.1660003662109375,-0.05585716656656031,-0.01348647987167153,-2.250331817191187,0.21849295942564217,0.45140364986989195,1,1.0576601334940332,0.6034468953837269,1,0.015085551910884105,2.7526841410546674,35.0,2.0,0.0571428571428571,2.0,0.0,0.0,0.0,0.0,0.0,0.0,0.0,1
2025-08-04,0.03201989627280711,0.008935712670106555,58.53546678536023,17.520000457763672,-1.5940312326958308,-0.009100262710617719,0.007753762556628993,0.006198055684761672,0,-0.18667999241609778,-0.015566859688174842,0.006333387342541317,-0.2200002670288086,0.0012516899189391989,0.0009114938326347447,-2.4074105613961945,-0.015293441504466173,0.13995453811530298,0,0.7548550746984012,0.6408475309574035,-1,-0.005082861962277747,-0.8200722968738905,5.0,0.0,0.0,0.0,0.0,0.0,0.0,0.0,0.0,0.0,0.0,1
2025-08-05,0.025225288257750153,0.00886986254769801,54.47763018256838,17.850000381469727,-1.7536645190537836,-0.011541991346738884,0.00777944184710798,0.006332912230470188,0,0.03606688643008948,-0.01719323012859795,0.0009818157352220048,-0.13399982452392578,0.000997760553998902,0.0,-2.3083364267035678,0.060029613946210196,-0.20454240920910619,0,-0.09328485888263185,0.5709566295125165,1,0.0076303958197283745,1.204877549737707,14.0,0.0,0.0,0.0,0.0,0.0,0.0,0.0,0.0,0.0,0.0,1
2025-08-06,0.031213474440558723,0.00839153783739674,59.07054738973838,16.770000457763672,-1.5203946692711483,-0.002651470892309747,0.007804527560233409,0.006416804079204441,0,-0.5609527797512277,-0.012508929605690623,0.0017182645212938158,-0.15600013732910156,-0.0028651968037884112,-0.006092611016446497,-1.9381829579989744,0.05075995609439147,-0.45864691796075463,0,0.7251873030274868,-0.23746622399245704,0,-0.0008378777253005703,-0.13057534704269486,10.0,0.0,0.0,0.0,0.0,0.0,0.0,0.0,0.0,0.0,0.0,1
2025-08-07,0.02891306312292514,0.01244760002718463,58.37173824849608,16.56999969482422,-1.3875411839461949,0.0002689314043474118,0.006701031360153761,0.006405202968315614,0,-0.6615829109993463,-0.0073305702624902,0.005453072024540324,-0.11600017547607422,-6.222283805611536e-05,0.0022382878268711326,-1.6022127253811456,0.04885051452535336,-0.6093837987706461,0,0.14989384954404825,1.0172373007387995e-06,1,0.007767232145418116,1.2126422936817156,12.0,0.0,0.0,0.0,0.0,0.0,0.0,0.0,0.0,0.0,0.0,1
2025-08-08,0.03521146490833923,0.006136467284962368,62.782475231977116,15.149999618530273,-0.9759197172851923,0.02456244018845234,0.006718286000772214,0.006527368338360244,1,-1.4577908121200867,0.0,0.0028586367493274,0.06500005722045898,-0.0034143774916900807,-0.0022382878268711833,-1.1174305858067939,-0.07928080479394531,-0.6108148702116506,1,0.13222355027455215,-0.31922929228452085,0,-0.001979400958573456,-0.303245936724836,26.0,2.0,0.0769230769230769,0.0,1.0,0.0,0.0,0.0,1.0,0.0,0.0,1
2025-08-11,0.03156856432876217,0.006746193196929533,61.003437507661,16.25,-0.8006305009982029,0.007497487318994916,0.006732606032917071,0.0065590909117685245,0,-0.7834935148848429,0.0012515335842291375,0.00043942108583345716,0.07299995422363281,0.0014589887980343413,0.003457007440475086,-1.2116989652183958,-0.05681651940060481,-0.5930431562771983,0,0.11857008956951436,0.11060025345132989,1,0.010589747830358579,1.6145121065843269,5.0,1.0,0.2,0.0,1.0,0.0,0.0,0.0,0.0,0.0,0.0,1
2025-08-12,0.04069241097454291,0.009429114402859057,66.49683208505789,14.729999542236328,-0.27268810116040143,0.023170097111631184,0.006822919831319471,0.00678211246672975,1,-1.6110580689180527,-0.012428397727227305,0.003719942234980926,0.0970001220703125,-0.004269514122486916,-0.004272188161714821,-0.9593019048342714,-0.16543387215236274,-0.8393443211453836,0,1.7436116228186616,-0.42271052811463516,0,0.00341730182405768,0.5038690824032639,20.0,0.0,0.0,0.0,0.0,0.0,0.0,0.0,0.0,0.0,0.0,1
2025-08-13,0.04243429254482707,0.0054428037121003895,68.07089950372828,14.489999771118164,0.16004311567911245,0.018957003115960287,0.006798207134838722,0.006783194946868114,1,-1.6807511378320743,-0.00826577022677899,0.003448250027320509,0.018000125885009766,-0.001956340500071087,-0.002653897067652444,-1.5019633595405282,-0.1691223446310049,-0.9948171538687779,0,1.6832856229544686,-0.7263720572990661,0,9.296113381862763e-05,0.013704603435511541,16.0,0.0,0.0,0.0,0.0,0.0,0.0,0.0,0.0,0.0,0.0,1
2025-08-14,0.0408279915935459,0.005085616248761106,68.1148628291198,14.829999923706055,0.37462298168661334,0.019887841975079586,0.006800232238291372,0.006707327308693681,1,-1.4344329544114034,0.02069416795400631,-0.0032618095837291332,0.04900026321411133,-5.410509779219918e-05,0.004181796800026985,-0.8774388669471681,-0.1079196447972244,-0.6162729437866699,0,1.093443626576711,-0.1487219486437095,0,-0.0023440351854111465,-0.3494732823967176,18.0,0.0,0.0,0.0,0.0,0.0,0.0,0.0,0.0,0.0,0.0,1
2025-08-15,0.03674254672458002,0.0055483142339192585,65.66252600460207,15.09000015258789,0.3410183762469723,0.009776574644250278,0.006789350001310806,0.006742971397828569,1,-1.2476475260334858,-0.018302812326256804,0.0016111870937980445,0.043000221252441406,0.00027049451831900813,-0.004079572501346859,-0.47497345998456086,-0.08385861291191717,-0.9639242552662708,1,1.8297378872353969,-0.6356694492999033,0,-0.00021746377718483948,-0.032250389605830584,15.0,0.0,0.0,0.0,0.0,0.0,0.0,0.0,0.0,0.0,0.0,1
2025-08-18,0.034783193257448775,0.0028291735718242532,65.42748177077098,14.989999771118164,0.23954241150037792,0.01153851182563883,0.006349589103067978,0.0067488473524793795,1,-1.2715911351605091,0.009824178912884366,-0.0009016748671876163,0.06800031661987305,0.00027824627874265673,0.00326497280452983,-0.3020664307400576,-0.1050268966698201,-0.7962585461690539,0,1.5798801646096838,-0.23494919685466548,-1,-0.005439995209500652,-0.8060616672394355,36.0,0.0,0.0,0.0,0.0,0.0,0.0,0.0,0.0,0.0,0.0,1
2025-08-19,0.02776614148226531,0.008799495013043952,59.6878231518408,15.569999694824219,-0.11170018939407367,-0.004491231214220357,0.006414169962738209,0.00690599050926253,1,-0.9215943024095967,-0.017015592585072035,-0.0002799242439581077,0.008999824523925781,0.0001609815420903036,0.001018107161472012,-0.7309280160554307,-0.05801441466087106,-1.1327589791434582,0,1.0340780366665585,-0.16763624802037755,0,-0.002660619942930772,-0.3852620542616918,13.0,1.0,0.0769230769230769,0.0,0.0,0.0,0.0,0.0,1.0,0.0,0.0,1
2025-08-20,0.023713219443510316,0.010515367399874208,57.06190203531205,15.6899995803833,-0.4875503579724434,-0.01056915298120869,0.006343095902255874,0.006706224118500463,1,-0.8495462826389726,0.01369885434705882,-0.0006410044547891881,0.05800008773803711,-0.0022697543474902884,-0.0005088851746730002,-0.7771670548370205,0.020605989895956717,-0.8891110274398693,0,1.0073337559392423,-0.33402564067711815,-1,-0.0040197943848472115,-0.5994115794075575,34.0,1.0,0.0294117647058823,0.0,1.0,0.0,0.0,0.0,0.0,0.0,0.0,1
2025-08-21,0.018487184899038216,0.006545469631707855,53.26203089820393,16.600000381469727,-0.9124250019846318,-0.014681908499874578,0.005877952760072387,0.0067755960562319575,0,-0.276987375987731,0.00489232214518028,-0.002871776844333162,0.03699970245361328,0.0029959357981705174,0.004064235606779435,-0.3412710892030416,0.07568474818364263,-0.821183033265835,0,0.7256929615319271,0.193391879765062,1,0.015240066208511864,2.2492550602900834,12.0,0.0,0.0,0.0,0.0,0.0,0.0,0.0,0.0,0.0,0.0,1
2025-08-22,0.03261464533972277,0.014334196022060182,63.2972941126548,14.220000267028809,-0.5640587304526115,0.002902192894048281,0.006074143502594721,0.007534886649352428,1,-1.6697791638736716,0.0022015953115401775,0.0034713008386934954,-0.06799983978271484,0.008937660895937949,-0.009167849764747094,-1.1684055457895768,-0.048723188838047764,-0.7952073118788812,1,1.706049509281549,-1.2978940420697966,-1,-0.0044107748539399735,-0.5853796089318689,20.0,0.0,0.0,0.0,0.0,0.0,0.0,0.0,0.0,0.0,0.0,1
2025-08-25,0.026739249796708976,0.004576093164617025,59.306824384557736,14.789999961853027,-0.5453593358568218,-0.0012911181827067394,0.0061153148759879655,0.00761773785854382,1,-1.280785532524986,0.01774923099622844,-0.0019700504659730493,-0.06599998474121094,0.004252105000938287,0.007239379860169711,-0.9499829103586908,-0.016096911855027585,-0.4668894215104674,0,0.9108109288051924,-0.10590614718470633,0,0.004178199298032501,0.5484822254055531,12.0,0.0,0.0,0.0,0.0,0.0,0.0,0.0,0.0,0.0,0.0,1
2025-08-26,0.02939570016064414,0.006107016252422657,61.76550778116479,14.619999885559082,-0.3830805536338797,0.008327076324826311,0.006115575029459243,0.007625546462135097,1,-1.3354003384099422,-0.02421052284562626,-0.00042030646132949843,-0.04400014877319336,-0.003816703141634267,-0.002033936880557363,-1.1221238614353604,-0.08894746519815488,-0.997367625894122,0,3.112163129131537,-0.3841142418179386,0,0.002275921406955702,0.2984597148099093,12.0,0.0,0.0,0.0,0.0,0.0,0.0,0.0,0.0,0.0,0.0,1
2025-08-27,0.030237876974290222,0.004562133190163023,63.078360675587895,14.850000381469727,-0.2156440965448887,0.013263617674712822,0.006093139122529733,0.007616909225789743,1,-1.156070460149922,0.01412898724012466,-0.0009149077239634845,-0.05800008773803711,-0.0022047192022315847,0.0,-1.3251042562220299,-0.04154894765337858,-0.717537941661938,0,2.840893218702902,-0.29598308875731527,0,0.0035351068723046006,0.46411242754620013,9.0,0.0,0.0,0.0,0.0,0.0,0.0,0.0,0.0,0.0,0.0,1
2025-08-28,0.03213823946714313,0.006379759789050055,65.08935376814537,14.430000305175781,-0.0013738000687997243,0.020818518931864795,0.006074392221775731,0.007553960346207863,1,-1.3578182485197747,0.0069902723203849985,0.0009428441094345447,-0.1230001449584961,-0.0010289382189008745,-0.004284905519297913,-1.6458643808873397,-0.14729617265475764,-0.5782068399555618,0,1.6830533212552947,-1.449492790622991,-1,-0.00598153537129435,-0.7918399327973422,12.0,0.0,0.0,0.0,0.0,0.0,0.0,0.0,0.0,0.0,0.0,1
2025-08-29,0.02437407636475198,0.007286275941361247,59.21911811351252,15.359999656677246,-0.15878247456849603,-0.00040308264794144223,0.006146367795823574,0.006543617604947497,1,-0.7808033645461024,-0.009175032640841454,-0.0022369344125150485,-0.03299999237060547,-0.005364992889694189,-0.00040904915912666473,-1.3511792319610798,-0.28278728124753,-0.7858263248808347,1,2.360523738342087,-1.4229457289874763,-1,-0.007437792057767281,-1.1366465983094338,6.0,0.0,0.0,0.0,0.0,0.0,0.0,0.0,0.0,0.0,0.0,1
2025-09-02,0.01530021983369545,0.008699466091347873,52.87595049616606,17.170000076293945,-0.5981242773422188,-0.0034300998517688935,0.006199690986544405,0.006065056493549177,0,0.3071870902481201,0.02438383494499543,-0.011773507919374591,0.0019998550415039062,-0.010727255485732208,0.00642307238253446,-0.72221157491497,-0.02017943228347964,-0.27163449244971904,0,1.8649277692673008,0.6968072077668638,1,0.005404830609553795,0.8911411961109393,6.0,0.0,0.0,0.0,0.0,0.0,0.0,0.0,0.0,0.0,0.0,1
2025-09-03,0.01939334706935243,0.0058253332974307565,56.5171391118189,16.350000381469727,-0.6677228498877499,-0.0022034685402474072,0.0061132565734032095,0.0059902443329204035,0,-0.17880958159882812,-0.02500894692781603,0.003741274521961781,-0.04699993133544922,0.0027042888650422653,-0.002645795122542308,-1.4891949047236068,-0.087775608921757,-0.8127106038295461,0,1.6026677270278094,-0.1039990799886132,1,0.008322725893241605,1.389377717654279,5.0,0.0,0.0,0.0,0.0,0.0,0.0,0.0,0.0,0.0,0.0,1
2025-09-04,0.026536349488143287,0.008688708853313451,61.4861233693657,15.300000190734863,-0.3795297837866638,0.0038433359460385117,0.006180871835843705,0.006030978039879342,1,-0.7843014716061587,-0.007689354097416977,0.0010557948819869885,-0.06199979782104492,0.000276959024254641,0.002137504877720227,-1.8576529069452916,-0.091738762266978,-0.9608536782929881,0,0.9875898299910573,0.6780241566152837,0,-0.0029004452666213996,-0.4809237304803919,6.0,0.0,0.0,0.0,0.0,0.0,0.0,0.0,0.0,0.0,0.0,1
2025-09-05,0.022266059698352787,0.013719802572144755,58.950990558631766,15.180000305175781,-0.34074412320405667,-0.002592216192887684,0.006179032895092125,0.006086384875153554,1,-0.8333963398379729,-0.02568949616802651,0.0036290690154207163,-0.12099981307983398,-0.00450221495937982,-0.005914782137712255,-2.769947099874474,-0.0876150209498137,-1.4569354930127798,1,1.1440938305559534,-1.3964280445536574,0,0.0024536244094511164,0.4031326359496538,13.0,0.0,0.0,0.0,0.0,0.0,0.0,0.0,0.0,0.0,0.0,1
2025-09-08,0.02358235268678515,0.004022696727912556,60.43674369848554,15.109999656677246,-0.2399513251789891,0.0058429435878578255,0.006157548462211244,0.0058963287572887735,1,-0.8494412722877228,0.0062837457754367386,0.002129878642732217,-0.1810002326965332,-0.00042011617588106823,-0.0032783525451430197,-2.953076244900234,-0.002643753212768779,-1.2820763354686335,0,0.5367978137528077,-2.1273388652982024,0,0.0023091574533954592,0.39162564236001346,4.0,0.0,0.0,0.0,0.0,0.0,0.0,0.0,0.0,0.0,0.0,1
2025-09-09,0.024803417011292402,0.005597180743288011,61.83993673413318,15.039999961853027,-0.11072904424422347,0.015589893099020508,0.006149166616488895,0.005863766874164139,1,-0.8614421233104784,0.005925275537221591,0.00021565033998437177,-0.20300006866455078,8.097854346430043e-05,0.0034829370489315808,-2.458642528749342,-0.07737959279042056,-1.1235811037640366,0,0.11994309135547657,-0.933492508849552,0,0.002886589419501328,0.492274771268953,17.0,0.0,0.0,0.0,0.0,0.0,0.0,0.0,0.0,0.0,0.0,1
2025-09-10,0.026654110218861427,0.006010307689385028,63.58323310266358,15.350000381469727,0.053835196644524075,0.013071651908967846,0.0059277151657778915,0.005447233943374045,1,-0.6607663695704389,0.01646905167872603,0.005046095134678823,-0.1789999008178711,0.0025995281515276544,-0.00010228702004190965,-2.6813717408146753,0.041229299487078944,-0.767590126985406,0,-0.7107856814730634,-0.8933464527849646,1,0.008276018976888762,1.5193039017383463,10.0,0.0,0.0,0.0,0.0,0.0,0.0,0.0,0.0,0.0,0.0,1
2025-09-11,0.03388466270976611,0.007207685475390872,68.10703154547095,14.710000038146973,0.4558256565508687,0.013024944992615023,0.005902556482510865,0.005676659067642983,1,-1.029354928991646,-0.020629091857851622,0.0030160801629958212,-0.16499996185302734,0.001980025316980714,-0.0024574849982395976,-2.68648974727667,0.015068796669871147,-1.1762238059033034,0,-0.9148389871591154,-1.5364477603691145,0,-0.0003347625365709058,-0.05897164914528002,7.0,0.0,0.0,0.0,0.0,0.0,0.0,0.0,0.0,0.0,0.0,1
2025-09-12,0.03233891398398336,0.00336161760207152,67.73901783736574,14.760000228881836,0.6276006127432519,0.01559062772266542,0.005757977677046487,0.0056809734478013765,1,-1.0196734294554177,0.005117549967248644,-4.578762362535795e-05,-0.02500009536743164,-0.0001371162614462676,0.00010253868507699651,-2.09411249292633,-0.004731316326046859,-1.080420021211025,1,-0.7437744940019584,-1.3421114773519427,1,0.00530983028777682,0.9346674456219024,11.0,0.0,0.0,0.0,0.0,0.0,0.0,0.0,0.0,0.0,0.0,1
2025-09-15,0.03667694893646883,0.0025721372667245382,70.47130074287519,15.6899995803833,0.880059123419267,0.01844683360099132,0.005772315548539721,0.005704664538714823,0,-0.34298054553932844,0.009683393717559274,0.003386451545073067,-0.012000083923339844,-0.0014466206084248103,-0.002566077796780523,-2.2060674597374565,0.038991257109115565,-0.875970445046436,0,-0.5781369189767743,-1.8174915373132439,0,-0.0013777414352981307,-0.2415109619222055,5.0,0.0,0.0,0.0,0.0,0.0,0.0,0.0,0.0,0.0,0.0,1
2025-09-16,0.03397423312400447,0.003893950491240583,68.83897215626908,16.360000610351562,0.8887824479235586,0.014759934712297836,0.005762003448616329,0.00572718621093493,0,0.2321660105348253,0.019089884130283317,0.0008470103063505441,-0.04799985885620117,0.0008190321916161741,-0.006909796968858478,-2.147098700186558,0.08745607163661516,-0.3458762911616841,0,-0.16731838922857353,-2.671218312028788,0,-0.0012432077551662243,-0.2170709208098317,18.0,2.0,0.0555555555555555,0.0,2.0,0.0,0.0,0.0,0.0,0.0,0.0,1
2025-09-17,0.031434377018429986,0.011256383677600137,67.3255273123717,15.720000267028809,0.7479450455063086,0.010630137537630405,0.005675470078046862,0.0055418416072526904,0,-0.26359583602301173,-0.007311125238423738,1.5166243781230332e-05,0.04400014877319336,-0.0028659852414547942,0.0024806782040533468,-1.6484296518439343,0.009587837741961834,-0.5496030921835817,0,0.036586841471638994,-1.8491732943371932,1,0.0046614702106894034,0.8411394856890212,42.0,0.0,0.0,0.0,0.0,0.0,0.0,0.0,0.0,0.0,0.0,1
2025-09-18,0.03501629381281473,0.006976104625164492,69.99391017843844,15.699999809265137,0.7658350649061578,0.007015588771430868,0.005554938739074988,0.005494779774772742,0,-0.2586708014029199,-0.007522419841542572,0.004102628508472978,0.09299993515014648,0.006826670540938809,0.004942814352483446,-1.3668603176751049,0.0006371602048168774,-0.7786093772530627,0,0.040267732166050396,-0.837499652537066,1,0.004940742584484226,0.8991686282827026,2.0,0.0,0.0,0.0,0.0,0.0,0.0,0.0,0.0,0.0,0.0,1
2025-09-19,0.03885292321558896,0.006298015065392741,72.56373589493127,15.449999809265137,0.8931998687173532,0.01229109389248628,0.005571697905809622,0.005353852408065391,1,-0.46964553035493245,-0.014099233791081182,0.0028744310012343522,0.07800006866455078,0.00858439197528808,0.002974523129664807,-1.0493386471626698,-0.07179372734414545,-1.1864429701042627,1,0.68943432834061,-0.20169427742257845,1,0.0047198519222895665,0.8815788607453356,9.0,0.0,0.0,0.0,0.0,0.0,0.0,0.0,0.0,0.0,0.0,1
2025-09-22,0.042301257857062506,0.007677996087504108,74.7952291643778,16.100000381469727,1.0721489112333806,0.01170111552699887,0.005527099694270825,0.004457998399616585,0,0.13741623279305565,-0.0006383804178616805,-0.0022626818830712775,0.10900020599365234,-0.0005817512210848336,-0.0031799540224671263,-0.9935673549444518,0.12416985253069705,-1.1707765941047052,0,0.04020204161727368,-0.7887078103110204,-1,-0.005458344535398913,-1.2243908144875553,7.0,0.0,0.0,0.0,0.0,0.0,0.0,0.0,0.0,0.0,0.0,1
2025-09-23,0.03532877711410634,0.008081974350712926,67.91801397198668,16.639999389648438,0.8420126022644432,0.007620512426898242,0.00557936700615128,0.004539957315574076,0,0.6300853904774114,0.01221753336682196,-0.0001799360489477811,0.09399986267089844,-0.0034671569657608483,-0.0007194583114909327,-1.143850616934968,0.11785812456981297,-0.7776773549381997,0,1.1157216065806652,-0.8464338795589416,-1,-0.003186705609680798,-0.7019225884620364,4.0,0.0,0.0,0.0,0.0,0.0,0.0,0.0,0.0,0.0,0.0,1
2025-09-24,0.030725614367145458,0.007472398462922237,64.22138017086215,16.18000030517578,0.4620577268469299,0.005677014572383591,0.005590198209435331,0.004628500079682175,0,0.21524289690972026,0.024611803730545136,0.0019581586252413,0.0709996223449707,0.0013336297202651529,0.006252268561541021,-0.9119621644252563,0.10138548399770599,-0.016363051770533175,0,1.080864674608749,0.5014787486095224,-1,-0.004624172513464782,-0.9990628590750114,19.0,0.0,0.0,0.0,0.0,0.0,0.0,0.0,0.0,0.0,0.0,1
2025-09-25,0.024834122679073777,0.007598206964138857,59.205316736201155,16.739999771118164,-0.05257787817885706,-0.0036086281517706572,0.0056370965378002786,0.004810137714710206,0,0.7358716547850304,-0.0001537971341351223,-0.004791324775464843,0.06799983978271484,-0.005272522121513664,0.006923969064020212,-0.7009924005716096,0.11980116045167372,-0.017409411521507354,0,-0.01821732284433177,1.850697580714511,1,0.005712795234045289,1.1876548440653167,5.0,0.0,0.0,0.0,0.0,0.0,0.0,0.0,0.0,0.0,0.0,1
2025-09-26,0.029566584669943573,0.006784307190301363,63.04738014392248,15.289999961853027,-0.1917556527667834,-0.002836575502209578,0.005651407494426319,0.0048941301498795645,1,-0.5874712610961494,0.011323729841388266,0.0022163183780084346,0.04799985885620117,-0.0033049123043643273,-0.00406712829645509,-0.567734804023627,0.05788962351159192,0.3565746525450023,1,0.6184504290189804,0.9630086653548741,0,0.0028064247447203627,0.5734254963641414,17.0,2.0,0.0588235294117647,0.0,2.0,0.0,0.0,0.0,0.0,0.0,0.0,1
2025-09-29,0.031246090742327905,0.005153152095972813,64.80830201659984,16.1200008392334,-0.20907913206691298,-0.004750002679778731,0.005586767336827114,0.004608927181896319,0,0.1864744247999567,-0.035151105558710066,0.003830479361233165,-0.0020003318786621094,-0.0005908777769494723,-0.002448209500075601,-0.8993958504229942,0.04829408377232198,-0.7221488784215979,0,-0.5007339838279781,0.46052627890922637,1,0.0037597898827210047,0.8157607132267449,21.0,0.0,0.0,0.0,0.0,0.0,0.0,0.0,0.0,0.0,0.0,1
2025-09-30,0.033872848101561444,0.007565581551400507,67.07914333395021,16.280000686645508,-0.10802761321738963,0.004468131738341026,0.00548380198419247,0.0041113816360458955,0,0.36767248296375926,-0.017167832772092623,-0.0011307105473952444,0.0279998779296875,0.003143229363695781,-0.001430979586219124,-0.8160515065644526,-0.05322627660119294,-1.211837000398302,0,0.3696331607144021,0.25677437868693137,1,0.0034017768166523053,0.8274027671866215,4.0,0.0,0.0,0.0,0.0,0.0,0.0,0.0,0.0,0.0,0.0,1
2025-10-01,0.036066779650893444,0.009439744847576505,69.03314809007654,16.290000915527344,0.04757686677646511,0.011056614164674145,0.005485863082053927,0.004051157435522089,0,0.3875045826528272,-0.009504705681003096,-0.0045284990693238185,-0.0409998893737793,-0.0010647020020810903,-0.0006138485961637263,-1.1100839206727884,-0.003676441858990308,-1.4589395792628979,0,0.5747201821940512,0.17980080457420883,0,0.001151048892017506,0.2841277015422015,2.0,0.0,0.0,0.0,0.0,0.0,0.0,0.0,0.0,0.0,0.0,1
2025-10-02,0.03607928177735828,0.005663276939212764,69.69019846403945,16.6299991607666,0.13391184542133328,0.016831835570156335,0.00545123804763103,0.003771849541774313,0,0.6991232600291437,-0.021266943429129492,0.0029873845048957936,-0.0840001106262207,-0.0017423397645811246,0.0014317796616148805,-1.2092787287697768,0.08335540187508743,-2.0222182257829457,0,0.1026051804750215,0.5810304009726611,0,-1.4767471260179647e-05,-0.00391516998356543,13.0,0.0,0.0,0.0,0.0,0.0,0.0,0.0,0.0,0.0,0.0,1
2025-10-03,0.03489295608089661,0.006754261566385577,69.66976275530294,16.649999618530273,0.12251928505553078,0.011104272864850731,0.005449356255301569,0.0036410131971487012,0,0.7014501667390742,0.006592006795596239,0.0011500598029320326,-0.06799983978271484,5.547765999722788e-06,-0.0013294193666388184,-0.9349808217928891,0.09243140144406774,-1.7458978384370663,1,0.08092419098307514,0.28108830214563635,1,0.003579813724412676,0.9831889363451575,10.0,0.0,0.0,0.0,0.0,0.0,0.0,0.0,0.0,0.0,0.0,1
2025-10-06,0.037440486610325355,0.00454130799048832,71.83007738384327,16.3700008392334,0.20310952572361796,0.011877661844542928,0.005422934071976067,0.003660190061466506,0,0.43612809827282345,0.013217089862356094,0.0035947177479539448,0.021000385284423828,-0.0055489554442957004,0.00398304551500883,-0.5734381895701937,0.08009368908650151,-1.3231658091825154,0,0.7525416011340309,1.0905262881426399,-1,-0.0037143820348426687,-1.0148030087061564,13.0,0.0,0.0,0.0,0.0,0.0,0.0,0.0,0.0,0.0,0.0,1
2025-10-07,0.032511517112254536,0.007950752276184891,66.53499242993793,17.239999771118164,0.026368171992952938,0.004403489926979341,0.005460380221324833,0.003863773848147402,0,1.260831459991022,0.0006482080298397469,0.0013837656121598843,-0.020999908447265625,0.000869245356953097,0.004779115455139772,-0.8237697995705688,0.13651893597401255,-1.2609297572053717,0,0.5063887811761328,1.8711712772978153,1,0.005945343779221919,1.538736123158799,12.0,0.0,0.0,0.0,0.0,0.0,0.0,0.0,0.0,0.0,0.0,1
2025-10-08,0.03740040074639273,0.005630638595445226,70.31168836239185,16.299999237060547,0.10873758297980984,0.00694705688954902,0.005446334845965629,0.003977792919757718,0,0.3918991012335448,0.01319619572542084,0.0016873791178186178,0.023000240325927734,-0.006061020270472416,0.0027351143287856552,-0.785505233218739,0.06004956212196037,-0.8297060700077469,0,0.04603534374328272,2.036977881290679,-1,-0.002901212830195306,-0.7293505708352225,13.0,0.0,0.0,0.0,0.0,0.0,0.0,0.0,0.0,0.0,0.0,1
2025-10-09,0.03317041263278671,0.007047471032262348,66.36949909734348,16.43000030517578,-0.027984041263201753,0.002894795167336353,0.0054674246758472074,0.0037882221658136475,0,0.5345694836704113,-0.016766488783076145,0.0006238503475591928,0.059999942779541016,0.0016350679709723427,0.006956048447671245,-0.6022927499105083,0.11058141341686435,-1.2958382985400045,0,-0.1695490468224467,2.513228464070736,-1,-0.027399797306962,-7.232871721598139,9.0,0.0,0.0,0.0,0.0,0.0,0.0,0.0,0.0,0.0,0.0,1
2025-10-10,0.004544391496356535,0.03232670472601378,42.498533578249095,21.65999984741211,-1.3221543882811089,-0.024490234668365446,0.006564606745939592,0.007431384665793407,0,4.493632695128629,-0.04335861936876658,0.0014441975644410715,-0.06799983978271484,-0.09557485030725514,-0.005641739188979238,-1.4079845527422759,0.3835463998489332,-2.4325732176165853,1,-0.38897193329897267,1.4924458257745894,1,0.01522754489520044,2.0490830564137026,18.0,0.0,0.0,0.0,0.0,0.0,0.0,0.0,0.0,0.0,0.0,1
2025-10-13,0.018609412477160414,0.008083955009031975,52.63282889102543,19.030000686645508,-1.4840055228410307,-0.012842503497577597,0.006823963483582702,0.008117391819402043,0,2.276687436345656,0.009967142850277801,0.01161649365828836,-0.11100006103515625,0.0003007953904197445,0.0029255333464246066,-1.375324507085258,0.19299317738959476,-2.0568106330309703,0,-0.37725617496919056,1.650247009839795,0,-0.0012224016319925188,-0.15059025771901055,9.0,0.0,0.0,0.0,0.0,0.0,0.0,0.0,0.0,0.0,0.0,1
2025-10-14,0.01634060530940328,0.019117277310106557,51.83746816565545,20.809999465942383,-1.611505852101903,-0.010350523094727448,0.006828608656635241,0.008115776858070502,0,3.2353425376225733,-0.013368519582766103,-0.008892588847999735,-0.10500001907348633,-0.00044673359203575505,-0.0022185728306005847,-1.578701084723613,0.240594246259881,-2.299205308638801,0,0.07708171727436147,1.2687076241921227,0,0.004429789843934252,0.5458238272397679,15.0,0.0,0.0,0.0,0.0,0.0,0.0,0.0,0.0,0.0,0.0,1
2025-10-15,0.019634174805764112,0.016988120455361737,54.523698534727174,20.639999389648438,-1.4691544040312614,-0.011866077030015172,0.006842856151605931,0.00815777007455395,0,2.8506486914395084,-0.00735235082042639,0.0069073238647171945,-0.08300018310546875,0.00044608273963710025,-0.002628409631043551,-1.3186856547943089,0.2722971070544392,-2.342955184403487,0,0.06573279202414592,0.8386306372768815,-1,-0.006833556176281727,-0.8376734986515767,27.0,0.0,0.0,0.0,0.0,0.0,0.0,0.0,0.0,0.0,0.0,1
2025-10-16,0.011771749693674873,0.017558785971005228,49.905143702422336,25.309999465942383,-1.6357995431638788,-0.015798420376101595,0.006844191076513371,0.008260168747036405,0,4.574816489170251,-0.013998351393044674,0.0024775149246667708,-0.17199969291687012,-0.008903608238846748,-0.004057227649507828,-1.871397840917812,0.47753885325083106,-2.505998492442444,0,0.7375858382333136,0.1888250267032928,0,0.005660250871856184,0.6852455673416238,1.0,0.0,0.0,0.0,0.0,0.0,0.0,0.0,0.0,0.0,0.0,1
2025-10-17,0.016459792895886106,0.011469159603820412,53.42249365032983,20.780000686645508,-1.458236847332576,0.017261627802716763,0.006873487516245406,0.008284278041451465,0,2.1397487915632154,0.0013913364167031342,-0.0017271254706023407,-0.04400014877319336,0.003954748210281591,0.0004064720672707441,-1.5573407921228721,0.2963820277162009,-2.321656655217151,1,0.2595384972298519,0.19434463001420835,1,0.010346762560389149,1.2489621930838035,8.0,0.0,0.0,0.0,0.0,0.0,0.0,0.0,0.0,0.0,0.0,1
2025-10-20,0.025905098372288195,0.007358859721787708,59.11860963727532,18.229999542236328,-0.8703950288043112,0.01238084546790555,0.006969794894416413,0.00854266903596463,0,0.8641174853732233,-0.0003476526634173085,0.004400351762895413,-0.06500005722045898,-0.008628071422949947,0.0016241607005587312,-1.6939249948652606,0.1242492678959232,-2.1923711054831565,0,-0.2282830143112705,0.3689641469961905,0,-1.4996032452460858e-05,-0.0017554250123793305,5.0,0.0,0.0,0.0,0.0,0.0,0.0,0.0,0.0,0.0,0.0,1
2025-10-21,0.024726842866939183,0.004483918819211781,59.10726889104229,17.8700008392334,-0.49335040812367303,0.013588251067445531,0.006969190390599011,0.008434463611436422,0,0.6655664428828585,0.005202009939038112,0.0002084657459675674,-0.05899977684020996,1.406069614709741e-05,0.0034427329777827467,-1.8576294201446193,0.07131397742131187,-1.9814573447983819,0,-0.47499622621013693,0.8655722228012469,-1,-0.00521237682733995,-0.6179848402480523,6.0,0.0,0.0,0.0,0.0,0.0,0.0,0.0,0.0,0.0,0.0,1
2025-10-22,0.018563379188002625,0.01302787116810858,55.15699237632557,18.600000381469727,-0.4878885532066408,0.00394608439617127,0.00699930932247002,0.008494347719129743,0,0.9926997261026149,0.011692022927642327,0.0010572544657275174,-0.09299993515014648,-0.00027453992535823326,-0.00030327836272713623,-1.8700428030378846,0.13938567073663824,-1.6962065509129172,0,-0.7427645300577325,0.730131158768447,0,0.00591237858353294,0.6960359781196819,2.0,0.0,0.0,0.0,0.0,0.0,0.0,0.0,0.0,0.0,0.0,1
2025-10-23,0.023708567108594866,0.007309208807175921,58.54271026574885,17.299999237060547,-0.24175884431780048,0.01669201915598599,0.007023369264534442,0.008486281513601387,0,0.3487801902621792,0.05471479965183317,0.0004790209843134608,0.014999866485595703,-0.00309875808193468,0.0004043764180174248,-1.4902092162947975,0.032905406014606745,-0.3948932100596092,0,-0.5719586171287571,0.7557878669992516,1,0.008139356488562998,0.9591181820136228,18.0,1.0,0.0555555555555555,0.0,0.0,0.0,0.0,0.0,1.0,0.0,0.0,1
2025-10-24,0.031003890809502267,0.004163818809985098,62.74255716627473,16.3700008392334,0.2399550922938145,0.019171124772692807,0.007054685476205688,0.008573636347974353,0,-0.09941568983763377,-0.004704379077171698,0.006972226003900051,-0.009999990463256836,-0.0013728628782041137,0.00010101073197491472,-1.4001047268915852,0.06825142520351667,-0.4927599936467042,1,-0.39627543518648906,0.7007273670426475,1,0.011728661579555206,1.3679898964256054,16.0,0.0,0.0,0.0,0.0,0.0,0.0,0.0,0.0,0.0,0.0,1
2025-10-27,0.0417850954380439,0.004990927206374123,67.84765277374416,15.789999961853027,1.0021700035251246,0.020553023791858593,0.006789657691540193,0.008890503031345691,0,-0.35375890056652975,-0.003094190638740023,0.008058971986714757,0.010999917984008789,-0.007095466331500222,-0.0017194984524789793,-1.3492352756460357,-0.020683963288449778,-0.5523042338780002,0,-0.6728854568686982,0.32610734077720305,0,0.0026524780243792965,0.29834926455057575,5.0,0.0,0.0,0.0,0.0,0.0,0.0,0.0,0.0,0.0,0.0,1
2025-10-28,0.043107721805288685,0.005938282055694195,68.89322563118793,16.420000076293945,1.506430892276013,0.023220497848690368,0.0065590105451481025,0.008879776312746472,0,-0.03010895073214111,-0.019101516385149182,0.002637908934958681,0.019999980926513672,-0.0016342086767285199,-0.0009114938326348074,-1.4224470476929258,0.008562705919049866,-1.0562095041806137,0,-0.9468389551085494,0.07586408542828986,0,0.0004801823927854593,0.054075895057990576,10.0,0.0,0.0,0.0,0.0,0.0,0.0,0.0,0.0,0.0,0.0,1
2025-10-29,0.042047268722598785,0.009936159886373785,69.08950148368734,16.920000076293945,1.7245933782134308,0.028913057068815865,0.006504039127891842,0.008871617563031672,0,0.22868599086191888,0.005471256513850732,0.0024131041547449028,0.10500001907348633,0.00016580040510385318,0.005355970253849773,-0.721683473148325,0.03794487987142215,-0.8723019433138092,0,-1.7720069354146182,1.0773229569542546,-1,-0.011059071647525216,-1.2465662663307335,11.0,0.0,0.0,0.0,0.0,0.0,0.0,0.0,0.0,0.0,0.0,1
2025-10-30,0.02922974898622009,0.008987519229759216,59.78290166583487,16.90999984741211,1.2473967190290098,0.011941606837757591,0.006653857991332457,0.009299251216061788,0,0.22244179389195484,0.0014869916520238826,-0.005090119898533152,0.10199999809265137,0.0008958029024461665,0.00311947481739951,-0.38811731728305604,0.016696911147150974,-0.8020413436925983,0,-1.4570941076448374,1.628383787663789,0,0.0032749122269395553,0.3521690756770108,41.0,0.0,0.0,0.0,0.0,0.0,0.0,0.0,0.0,0.0,0.0,1
2025-10-31,0.031098979291069872,0.008562335976853686,61.43321265799477,17.440000534057617,0.9777754386962645,0.007077162576134238,0.006653258382989673,0.009313415497565916,0,0.48034125662035954,0.006746218098867316,0.007634483935995143,0.10399985313415527,0.0011120214075201586,0.0027091199028566174,-0.2963425869497246,0.04635625558804508,-0.5867891744615418,1,-1.1821706911080734,2.1337132739690805,0,0.001874928310857186,0.20131457661278362,15.0,1.0,0.0666666666666666,1.0,0.0,0.0,0.0,0.0,0.0,0.0,0.0,1
2025-11-03,0.03179198586125353,0.008575504318879741,62.38727699836276,17.170000076293945,0.7898790404633083,-0.0027765706925638872,0.006599601791814293,0.009295873595350723,0,0.32912088737721357,0.0011472540064278913,0.005278786993684142,0.10899996757507324,-0.0017388858382744454,0.0007011538604617659,-0.22718344512978822,0.04771323670323821,-0.532883606513611,0,-0.6470096510566515,2.057223355840971,-1,-0.011924353295924664,-1.2827563053703204,71.0,0.0,0.0,0.0,0.0,0.0,0.0,0.0,0.0,0.0,0.0,1
2025-11-04,0.018499053033020973,0.007967544814614865,53.38701777421197,19.0,0.06603451774914504,-0.01735340201286783,0.006802861584806677,0.009682025764882784,0,1.2104545234638349,-0.00805855625402388,-0.01063675903373922,0.10600018501281738,0.0005676178762121457,0.003498413955198091,-0.3614607549468945,0.09720672720710209,-0.7396471149715705,0,-0.9336068763202644,2.322090462321139,0,0.003459398571762206,0.35730074291913,70.0,0.0,0.0,0.0,0.0,0.0,0.0,0.0,0.0,0.0,0.0,1
2025-11-05,0.02097508155186143,0.009873376239959455,55.38922360384789,18.010000228881836,-0.29345509266339675,-0.014374185833891103,0.0066947381231685565,0.00962361561960128,0,0.6940737516865828,-0.015979083336420338,-0.0003852217458637498,0.0989999771118164,-0.0008700023897621819,-0.0001996235177140679,0.30560415207250746,0.09976211088984768,-1.156620100252189,0,-0.3625458506234834,1.9232496297138106,-1,-0.010787307565268271,-1.120919286728779,18.0,0.0,0.0,0.0,0.0,0.0,0.0,0.0,0.0,0.0,0.0,1
2025-11-06,0.00924610756227608,0.012919446541494416,48.42911295912931,19.5,-1.0148725863036736,-0.014102421751634139,0.006854441396447993,0.00992000829998784,0,1.3844048375506472,-0.0028563939556934584,-0.001639538447748115,0.0,-0.0018189111803981726,-0.004701590120104617,-0.28832967627784367,0.17130551494622265,-1.197139716755556,0,-0.3489123788784542,1.0256522020427388,0,0.0009840232716329205,0.0991957113258679,31.0,0.0,0.0,0.0,0.0,0.0,0.0,0.0,0.0,0.0,0.0,1
2025-11-07,0.009514873037035588,0.014710040013928614,49.05491831536803,19.079999923706055,-1.4198055660068292,-0.016393310706940695,0.006854090131996416,0.007550736869260885,0,1.1373905826156205,0.005370036298004862,-0.0035869659355831245,-0.007999897003173828,0.001496391336608064,-0.0013044188035114378,-0.2620958509548701,-0.12682657250665294,-1.0138401756010695,1,0.2046299676518415,0.7258204123330073,1,0.015483937510288556,2.0506497937738737,6.0,0.0,0.0,0.0,0.0,0.0,0.0,0.0,0.0,0.0,0.0,1
2025-11-10,0.024091422821731535,0.010492432720841093,57.80374143788907,17.600000381469727,-0.979390652275538,-0.0027843015075093985,0.00710161792043542,0.007575704166761397,0,0.3898724151531056,0.006339712003290341,0.009301428592959286,0.004000186920166016,-0.0023042233788697014,0.00020082594524243618,-0.05961940558563805,-0.07811779367180058,-0.8131466430688695,0,-0.06076232763228729,0.7200986929227694,0,0.0022865335909522055,0.3018241634543736,37.0,0.0,0.0,0.0,0.0,0.0,0.0,0.0,0.0,0.0,0.0,1
2025-11-11,0.025064670771125543,0.0070864229216232606,58.93523513249795,17.280000686645508,-0.5953910902827921,0.011426585379367433,0.007101684847500078,0.007553137759487484,0,0.214122753849663,0.015020499160100932,-0.002189041972033535,0.03099966049194336,-0.002667106192418717,-0.0016074311341133444,0.08550473838913744,-0.18588381162969533,-0.3751419567810309,0,-0.05152428628201219,0.40101805204785224,0,0.0005562438741300194,0.07364398153489363,9.0,0.0,0.0,0.0,0.0,0.0,0.0,0.0,0.0,0.0,0.0,1
2025-11-12,0.02436144797107309,0.005867906197098433,59.22210999470156,17.510000228881836,-0.3403964701017941,0.00852343068173543,0.007050899411002814,0.007524858173038383,0,0.31338697440713453,-0.04267357382343158,0.0026173527440710234,-0.09200000762939453,-0.00048049103227791113,0.00020110859840013023,-0.4840470052904335,-0.16445875167281188,-1.499057957543576,0,-0.8747899586008577,0.3804366758750713,-1,-0.016733244574677203,-2.223725943084618,17.0,0.0,0.0,0.0,0.0,0.0,0.0,0.0,0.0,0.0,0.0,1
2025-11-13,0.006617342581181094,0.015385938572677763,48.36434708528782,20.0,-0.922562103934581,0.0025774936723263887,0.0074047852130060595,0.008369705941161789,0,1.4957167715199178,0.003413503019600131,-0.004223252348898559,0.01900005340576172,-0.0324564319924874,-0.0030202685420353567,0.08073663048772409,-0.23546727990238497,-1.356732322554815,0,-0.5845731505306421,-0.24103329508950896,0,-0.00016359948124937914,-0.01954659900042798,5.0,0.0,0.0,0.0,0.0,0.0,0.0,0.0,0.0,0.0,0.0,1
2025-11-14,0.005654939723442987,0.018439351938944682,48.27194886890876,19.829999923706055,-1.2842025840277076,0.0014298709194441098,0.007377961708880945,0.00829471577552786,0,1.3637612451363175,0.023574109713979455,-0.009959443649209624,0.05499982833862305,-0.00024239856789105973,0.0009069926474588239,0.5697743878372911,-0.04679508003035223,-0.70291319249174,1,-0.8490288178846277,-0.16226455372374857,-1,-0.009360194188340132,-1.1284513125142426,2.0,0.0,0.0,0.0,0.0,0.0,0.0,0.0,0.0,0.0,0.0,1
2025-11-17,-0.004269659257699758,0.01733597632275621,43.20972966344755,22.3799991607666,-1.8760012876644034,-0.023414260779184435,0.00725422955495581,0.00824181386195542,0,2.4358811841243764,-0.003000007336277463,-0.003324351618012163,0.02299976348876953,-0.008839806837439028,0.0032183443862534504,0.4236335320133924,0.20509910180440816,-0.7573998561370349,0,-0.5508022810995458,0.4279264403316265,-1,-0.008432917870575445,-1.0231858884417708,9.0,0.0,0.0,0.0,0.0,0.0,0.0,0.0,0.0,0.0,0.0,1
2025-11-18,-0.012972262638966763,0.014028617025024344,39.25137535617482,24.690000534057617,-2.534236817697373,-0.03413371224071208,0.00731927145846893,0.008432716868212784,0,3.157622520570656,0.013759053702352598,-0.005377418500105999,0.0030002593994140625,-0.018386448278873622,-0.00040166000595633875,0.3428454690853205,0.32327494885301866,-0.35869090092486394,0,-0.2682917163524696,0.27761505146278986,0,0.0038557567903246847,0.4572372437270539,31.0,1.0,0.032258064516129,0.0,1.0,0.0,0.0,0.0,0.0,0.0,0.0,1
2025-11-19,-0.009521251067639304,0.01296353438898056,41.86758758049025,23.65999984741211,-2.677299824155895,-0.03083419932451743,0.007316640564838261,0.00842914980674497,0,2.5308537290611355,-0.021635109945549888,0.0010599841376138877,0.06799983978271484,0.003390125643782287,0.006807517363345193,0.5248246030278848,0.24062425087276795,-0.9242785965424767,0,0.059635218223452274,1.6247705744139715,-1,-0.015359695168779277,-1.8222095109038658,6.0,0.0,0.0,0.0,0.0,0.0,0.0,0.0,0.0,0.0,0.0,1
2025-11-20,-0.02452275619033249,0.03627416647117608,35.37021438532389,26.420000076293945,-3.2865869946400723,-0.029460649918619516,0.007592761350618932,0.008920016770156244,0,3.2652870280833106,-0.005059873201805662,0.015394696006014745,-0.006000041961669922,-0.049781968763462046,-0.0006986346146965667,0.18581075998147537,0.42341484457872786,-1.0276228987001075,0,0.11923569346231638,1.325034733780222,1,0.009911937023691694,1.1112003673412827,31.0,0.0,0.0,0.0,0.0,0.0,0.0,0.0,0.0,0.0,0.0,1
2025-11-21,-0.014907058403657036,0.0207881456049096,41.646490211048196,23.43000030517578,-3.0952867320487805,-0.019385113413678514,0.007684349146194268,0.00902848075940996,0,2.0444822406116363,-0.018430521854432346,0.003854385546737754,-0.08499956130981445,0.013795303596117746,0.00019962706136399537,-0.4087848604912639,0.35856682289511493,-1.4744811222958356,1,0.1503045976076646,1.2425694871813233,1,0.014611241086193577,1.618348124349021,30.0,0.0,0.0,0.0,0.0,0.0,0.0,0.0,0.0,0.0,0.0,1
2025-11-24,-0.0006961676813206937,0.01266575591120942,49.524090502165045,20.520000457763672,-2.202110710502737,0.004586321860855154,0.007856804868764548,0.009268306003204062,0,0.9549882371405183,0.013344916077058603,0.005538191951922317,-0.09499979019165039,-0.004736342618291844,-0.0003993701689292362,-0.7541894762035587,0.26202321675908335,-1.08013969134868,0,1.284216725643957,1.0788774876483835,1,0.009361939618760542,1.010101469946009,12.0,0.0,0.0,0.0,0.0,0.0,0.0,0.0,0.0,0.0,0.0,1
2025-11-25,0.00819562687899197,0.01737732387855977,53.872713066825575,18.559999465942383,-1.1271970344212263,0.022381179350191134,0.00786314663214931,0.009533463048860753,0,0.23530968902866717,-0.01524131537526606,-0.00014955921933433743,-0.12100028991699219,-0.0032478488616245155,-0.004804771207528,-1.311338825425946,0.12250858991271238,-1.458844628415216,0,1.3783942082956298,-0.2129132216092598,0,0.00687985444759878,0.7216524777841502,10.0,0.0,0.0,0.0,0.0,0.0,0.0,0.0,0.0,0.0,0.0,1
2025-11-26,0.014479318057955456,0.0073270385439782575,56.839448231343965,17.190000534057617,-0.09558440360907294,0.025405277007465355,0.007879672010798264,0.009687810225266637,0,-0.26758409569966635,0.012007018164936087,0.0038591895215302385,-0.13499999046325684,-0.004700753127331311,-0.0006022803288050176,-1.348695634665326,0.01583149177550605,-1.094576185926762,0,0.28925373819954414,-0.4648034105882969,0,0.0054435632273936016,0.561897630304528,16.0,0.0,0.0,0.0,0.0,0.0,0.0,0.0,0.0,0.0,0.0,1
2025-11-28,0.019318091373293,0.004638614615677483,59.095043542598226,16.350000381469727,0.7947383042163274,0.046208535403638236,0.007842702202838345,0.00944665515615739,0,-0.5823825657295595,-0.0017065241030113673,0.0017345184081229365,-0.08899974822998047,-0.007914528024835745,-0.001406605188870993,-1.0038667781589878,-0.033677233212215094,-1.104929770831588,1,0.31534493266814656,-0.8706040854992552,0,-0.00457586894038492,-0.48438987354202373,5.0,0.0,0.0,0.0,0.0,0.0,0.0,0.0,0.0,0.0,0.0,1
2025-12-01,0.014163175974537581,0.006247519187937318,56.42446770863712,17.239999771118164,1.1146173360462541,0.031720729439561654,0.007859440795180058,0.009477893383886736,0,-0.2718224613147991,0.013065435111999804,-0.006724414303349411,0.03299999237060547,0.00424473694218711,-0.0005027950191184382,0.3196715562806802,-0.01153419714406447,-0.7180018481297316,0,0.35433499074390645,-0.9389481175916405,0,0.001850496049688355,0.1952431856220818,11.0,0.0,0.0,0.0,0.0,0.0,0.0,0.0,0.0,0.0,0.0,1
2025-12-02,0.015596781417347445,0.006588103298995006,57.26441238548014,16.59000015258789,1.3355806621466877,0.01895998440305643,0.007857773945965965,0.009477622748166777,0,-0.524323338629473,-0.01152946495521809,0.0024225062010289154,0.04799985885620117,-0.0016334953395837483,-0.0005031247344953009,0.1409799570501448,-0.03436356595289343,-1.006003180399801,0,1.5885774136154152,-0.9876249465763335,0,0.003456786217426821,0.3647309733641509,16.0,0.0,0.0,0.0,0.0,0.0,0.0,0.0,0.0,0.0,0.0,1
2025-12-03,0.01848583025063386,0.0076327634434148195,58.863800291321745,16.079999923706055,1.549718788844295,0.013054831001722616,0.007862742466582685,0.009086401044697327,0,-0.7244444049513569,0.005272592755579819,-0.0014096280750895112,0.05500030517578125,-0.0035534640647551545,-0.005146090147679137,-0.34160445278336676,-0.1668627201602685,-0.8318025055019772,0,1.1368203940171362,-2.0900815917450246,0,0.0007307890626128348,0.08042659076482246,13.0,0.0,0.0,0.0,0.0,0.0,0.0,0.0,0.0,0.0,0.0,1
2025-12-04,0.01852385612571405,0.005888408912261689,59.212064755974254,15.779999732971191,1.6267914566929844,0.006905765616736736,0.007858364179856988,0.009062236737062771,1,-0.8412831026106419,0.012139710922112105,0.0020595178651748314,0.1099998950958252,-0.0006002382257197392,0.0014152791711311394,0.4953642437745893,-0.13218387340071155,-0.4685131078895037,0,1.8929745028454203,-1.5494448036582105,0,0.0018977350040129193,0.20941109407798,8.0,0.0,0.0,0.0,0.0,0.0,0.0,0.0,0.0,0.0,0.0,1
2025-12-05,0.01961974960094977,0.0055564432105297355,60.15664730208487,15.40999984741211,1.6609750951242628,0.00335993739335596,0.007799107324638726,0.008665913403327617,1,-0.9891046803662807,0.006847687085184139,0.0015767925254116764,0.12199974060058594,-0.0003643289438560193,0.0,0.984581743600853,-0.23539782613955165,-0.25571263453250964,1,1.4568992891621197,-1.3793296922422107,0,-0.003008799415334641,-0.347198939489737,16.0,0.0,0.0,0.0,0.0,0.0,0.0,0.0,0.0,0.0,0.0,1
2025-12-08,0.015897590368138603,0.007416303099639223,57.86967743647398,16.65999984741211,1.449484026838745,0.004927006918406239,0.007812995646742774,0.008715407809089675,0,-0.5363821341994196,-0.020175545371656393,0.0013117133616078495,0.07599973678588867,0.0028706464594382185,0.0010096777619507662,1.4834399855631775,-0.1356300344417464,-0.8040990862991627,0,2.2067742993563884,-1.0327786077709633,0,-0.0008635176910706599,-0.09907932241298414,8.0,0.0,0.0,0.0,0.0,0.0,0.0,0.0,0.0,0.0,0.0,1
2025-12-09,0.01443702658982163,0.0040993029442511104,57.19888820934389,16.93000030517578,1.1850683204330594,0.002212993177647183,0.007791852397725817,0.008017734226149587,0,-0.4439291228729255,-0.010757400115354736,-0.0007024180098255895,0.09999990463256836,0.0006920182074358968,0.0013111280624961959,1.6434768069130794,-0.038811709547738216,-1.0728344242790586,0,0.9246110997960968,-0.6601036401800844,1,0.006610371282859594,0.8244677176530655,5.0,0.0,0.0,0.0,0.0,0.0,0.0,0.0,0.0,0.0,0.0,1
2025-12-10,0.020516648721249288,0.01114064468044663,60.94200163949319,15.770000457763672,1.223548203998961,0.005366578243080121,0.00782574326410404,0.008136717357179538,1,-0.8812410258427239,0.0035986515765415294,-0.0007028502027420292,0.10699987411499023,0.0006691596231210294,-0.004343224852105771,1.2409019029908546,-0.09144037310989228,-0.9470644064413175,0,1.6945630190421765,-1.5115451085170655,0,0.002324244979309141,0.28564862472113145,5.0,0.0,0.0,0.0,0.0,0.0,0.0,0.0,0.0,0.0,0.0,1
2025-12-11,0.022262580064996196,0.010273252267817744,62.19935490852812,14.850000381469727,1.2611337823597193,0.006960034159776358,0.007824063218587696,0.008148860351918712,1,-1.2192857051273112,-0.014820202811459567,-0.003540486878560758,0.03299999237060547,0.0001813688401607599,-0.0044638650035066525,0.8456594534830703,-0.16477226843234763,-1.340239996728759,0,2.700261051820259,-2.074316841216805,-1,-0.010810279077722362,-1.3265984867678011,4.0,0.0,0.0,0.0,0.0,0.0,0.0,0.0,0.0,0.0,0.0,1
2025-12-12,0.010895081002222494,0.014242580722788768,53.59410750005838,15.739999771118164,0.7215765925570037,-0.005747979921958915,0.007948199126229063,0.00758039030374569,1,-0.8823486598929646,-0.002781640379193324,-0.0014521075530701652,0.05499982833862305,-0.010906366016328219,0.0005082902448220087,1.6369496468808367,-0.23952704510614659,-1.380416495436624,1,3.9157843266942,-1.7415531152185617,0,-0.0015119402890506838,-0.19945388481708431,5.0,1.0,0.2,0.0,0.0,0.0,0.0,0.0,1.0,0.0,0.0,1
2025-12-15,0.009023111399747904,0.009563277587895023,52.506688988327284,16.5,0.25176845231938216,-0.004251120795675016,0.007931140785195575,0.007594625938299631,0,-0.6040642572124297,-0.010852529776578733,0.005820869537845759,0.010000228881835938,-0.0003543372439693674,-0.002543883296239742,1.4189380153711961,-0.1838355577777695,-1.6312696129758006,0,3.451157809439808,-1.8779200823115842,0,-0.002736037133594218,-0.3602591560441265,3.0,0.0,0.0,0.0,0.0,0.0,0.0,0.0,0.0,0.0,0.0,1
2025-12-16,0.0060496317562416385,0.008985574064207533,50.513551440870316,16.479999542236328,-0.20293397927047208,-0.006123640238198656,0.007921067869251088,0.007272689314554946,0,-0.6151395742567681,-0.027658096927631208,-0.0022059062647854645,-0.03699970245361328,-0.0033592176469999808,0.0,0.9031969207600689,-0.3060201686801169,-2.276692626364442,0,3.098526817591008,-1.6350210660704807,-1,-0.01106460773219221,-1.5213894117756896,8.0,0.0,0.0,0.0,0.0,0.0,0.0,0.0,0.0,0.0,0.0,1
2025-12-17,-0.005087789137793724,0.013762272711322639,43.38972174848441,17.6200008392334,-0.9798642562602167,-0.0237986192532504,0.008022537202647282,0.007473042200430849,0,-0.18647541175835047,0.012049389096967787,0.001501313283210638,-0.013000011444091797,-0.009445000584353698,0.0022389711767302712,0.9210545594532008,-0.3373636568499874,-1.877736225605947,0,2.858926931887318,-1.1750319737326098,1,0.007522963990016468,1.006678902842769,15.0,0.0,0.0,0.0,0.0,0.0,0.0,0.0,0.0,0.0,0.0,1
2025-12-18,0.002325313183816921,0.008633000832605243,48.67979187448085,16.8700008392334,-1.120057350162508,-0.018599900242543033,0.008064834668703075,0.007594668605487338,0,-0.47926514443391743,0.0037470451350424486,0.009192013876594725,-0.024999618530273438,0.005661614354630571,0.0006097312959568807,0.3907320582110138,-0.3382489057960833,-1.7568473100300608,0,2.45156597992835,-0.9970813279618851,1,0.009022618958016409,1.1880185359650834,2.0,0.0,0.0,0.0,0.0,0.0,0.0,0.0,0.0,0.0,0.0,1
2025-12-19,0.01106703571678395,0.0067883100986505145,54.24779834255277,14.90999984741211,-0.7839150691727101,0.0012329977931957853,0.008113514478394243,0.00673272556215574,1,-1.207344722723528,0.009041783349827094,0.0031280266065757535,-0.0429997444152832,0.007771601323530522,0.001725607391589653,0.9449531502754032,-0.5720891834391965,-1.4987400564820839,1,2.698513622408067,-0.6639457979971761,1,0.006210566721978087,0.9224432869289076,9.0,6.0,0.3333333333333333,0.0,6.0,0.0,0.0,0.0,0.0,0.0,0.0,1
2025-12-22,0.01634720359183768,0.006965171468919311,57.677621707530925,14.079999923706055,-0.2842596168897016,0.008955504804224553,0.008119072669210787,0.006559757208225991,1,-1.5000012474655178,0.023546888834552214,0.00491010753428409,-0.013000011444091797,-0.0030984651128139087,-0.0031489442400540555,1.2387276316153875,-0.5092619202334132,-0.7966583857441112,0,3.383208490504956,-1.0944002856109674,0,0.004560042005282501,0.6951530230469427,1.0,0.0,0.0,0.0,0.0,0.0,0.0,0.0,0.0,0.0,0.0,1
2025-12-23,0.02017862536934721,0.006293995219995325,60.058022574082024,14.0,0.22169203302437168,0.016251583943101555,0.008130229822594775,0.00590002678081172,1,-1.4942572645553167,0.006358003178000216,-0.0013297599119621445,0.019999980926513672,-0.003058248154070174,-0.003567230691348714,1.2221780346126638,-0.38234271299548117,-0.5606405163359627,0,2.569606711867422,-1.6218335619689084,0,0.0035114479496600164,0.5951569592040603,1.0,0.0,0.0,0.0,0.0,0.0,0.0,0.0,0.0,0.0,0.0,1
2025-12-24,0.02285408324792059,0.004388929684296588,61.84487049394569,13.470000267028809,0.659374615435516,0.030827639624953485,0.008128681862553605,0.005632058251570661,1,-1.6400139001469853,-0.0005140511397665496,-1.4551140919772249e-05,-0.014999866485595703,-0.005612338503191569,0.00040833927010335686,0.7124583333552766,-0.32054368833716057,-0.5533886249503428,0,2.064599678062209,-1.4146289933592018,0,-0.0001014201750952399,-0.018007625363374465,10.0,5.0,0.1,0.0,4.0,0.0,0.0,0.0,1.0,0.0,0.0,1
2025-12-26,0.02192973294135729,0.0034621454444144855,61.75878700791062,13.600000381469727,0.8713475753486293,0.023203255459841865,0.008121114557523209,0.005480540435022201,1,-1.548660638694584,-0.027979873619687227,0.00037653643913277313,0.019999980926513672,0.00013886316234098655,0.000408094762120937,0.7019999809137909,-0.23425802967143106,-1.5019510903101183,1,1.96198783431347,-1.2365952881854554,-1,-0.0035699930558561223,-0.6513931580745795,9.0,0.0,0.0,0.0,0.0,0.0,0.0,0.0,0.0,0.0,0.0,1
2025-12-29,0.01740967054670335,0.004550417960175418,58.66881753762145,14.199999809265137,0.7766437929973957,0.010610643445969192,0.008138394399774197,0.005459842307859196,1,-1.303155358200127,0.023341943080538913,-0.004020770761522276,-0.034999847412109375,0.0020592325584309753,0.00020406276425030386,0.3827164082997777,-0.1409859694995615,-0.6465430752859198,0,1.7041124666830922,-1.103482827328397,0,-0.0012218468855631148,-0.22378753428995227,0.0,0.0,0.0,0.0,0.0,0.0,0.0,0.0,0.0,0.0,0.0,0
2025-12-30,0.015429035628175634,0.0028820256482513973,57.6089807687554,14.329999923706055,0.5960231205469921,0.003178229838427945,0.008141197041448573,0.0053469524714176535,1,-1.22950423674514,-0.0022408190917251633,-0.0005815918771919246,-0.03900003433227539,0.0013975759127370934,0.002037874655599212,0.5967796229554768,-0.1848770154433294,-0.7013868550407417,0,1.9495609803154488,-0.6144675574253017,-1,-0.0074365500962735335,-1.3907990071046568,2.0,0.0,0.0,0.0,0.0,0.0,0.0,0.0,0.0,0.0,0.0,1
2025-12-31,0.007530549707298034,0.008285375880604715,51.5334891379601,14.949999809265137,0.09916859426430458,-0.008818362263128113,0.008194307597660403,0.005632004168915917,1,-0.9990691602471778,-0.009187940147117662,0.00018920340450804334,-0.006000041961669922,0.0007288485640070508,0.00040709257849640764,1.1088328033959038,-0.10408882632142483,-1.0036157870268083,0,2.1599876010360015,-0.4481554833160398,0,0.0018313617663269853,0.32516995011031663,13.0,0.0,0.0,0.0,0.0,0.0,0.0,0.0,0.0,0.0,0.0,1
2026-01-02,0.008964226648212607,0.010319522182367157,52.848578464990545,14.510000228881836,-0.16657189194689437,-0.010498448446461145,0.008179487511779878,0.005593769705478365,1,-1.1235270671688655,-0.001743045168221482,0.005542486143410752,0.05099964141845703,0.000825080840746377,0.0014234816010223847,1.4432219948202774,-0.10273817633600009,-1.0382538625690712,1,2.186333313245899,-0.043873576459984694,1,0.006638033243240065,1.1866812053286604,3.0,0.0,0.0,0.0,0.0,0.0,0.0,0.0,0.0,0.0,0.0,1
2026-01-05,0.01502782281885125,0.004434926893064408,57.381719458471736,14.899999618530273,-0.06311944005111103,-0.0037589950281257216,0.008187937986638015,0.005781908690067627,1,-0.9761595582217579,0.017295484831722364,0.004920755566831493,0.028999805450439453,-0.0018333737746248384,-0.0015252586193083848,1.0893339413447758,-0.05738211114633231,-0.3632081680265043,0,1.9276188123469116,-0.3576367274453965,1,0.005929568682081867,1.0255365043904678,5.0,0.0,0.0,0.0,0.0,0.0,0.0,0.0,0.0,0.0,0.0,1
2026-01-06,0.020400843941161186,0.0065624637449088535,61.01041302200453,14.75,0.23718097643356906,0.005740566709812211,0.008206808992840077,0.005906187185698608,1,-1.0104790025102879,-0.020615691035027604,0.00030529869194474625,0.06299972534179688,-0.0021504555030677297,0.003149661637507837,1.2830758796484896,-0.04377355664432069,-1.1412854485976618,0,1.8357663410236909,0.5828439572206454,-1,-0.0032285629973805552,-0.5466398929582417,7.0,0.0,0.0,0.0,0.0,0.0,0.0,0.0,0.0,0.0,0.0,1
2026-01-07,0.016682088795919953,0.006728754507735442,58.105529350593706,15.380000114440918,0.24235327259082595,0.0037338505979947405,0.0073610232053241955,0.005913438495091402,1,-0.7701196334701725,-0.020156258093818158,0.0005491835431795741,0.007999897003173828,0.0004883446041390163,0.001013874902202199,0.6444098217359754,-0.07994265606136977,-1.839360602819688,0,1.343618006564832,1.0385050044174549,0,-0.00010153783677743937,-0.017170663930145543,14.0,0.0,0.0,0.0,0.0,0.0,0.0,0.0,0.0,0.0,0.0,1
2026-01-08,0.01639038343634238,0.004539462572670226,58.01213434793072,15.449999809265137,0.1991880813139173,0.0110688628574907,0.007119385854753164,0.005906093228029838,1,-0.7239947673735179,0.031123332186466183,-0.0011027530617105093,0.019999980926513672,6.60365667107505e-05,0.0025302376661600922,1.2750024540127731,-0.09147822317232812,-0.6325628689599843,0,1.5693228831883073,2.1648203170021447,1,0.006591570183952557,1.1160607814420773,11.0,0.0,0.0,0.0,0.0,0.0,0.0,0.0,0.0,0.0,0.0,1
2026-01-09,0.0228396962389135,0.00883196913585844,62.2660967250229,14.489999771118164,0.42220449511235936,0.01582907127511645,0.007154974383774715,0.005905090806822749,1,-1.0164953891958457,0.023272793047802182,0.0016229712267552833,-0.015999794006347656,0.0002471093516001523,0.002019559918039706,1.0606103752663583,-0.08465068946570344,0.2732488217320713,1,0.6858068727666383,2.495509582565619,0,0.0015692219387488094,0.265740076263513,9.0,0.0,0.0,0.0,0.0,0.0,0.0,0.0,0.0,0.0,0.0,1
2026-01-12,0.024150346824404197,0.00785433883363282,63.22521359612644,15.119999885559082,0.5785635237800011,0.010760259970625203,0.007140108673970552,0.005896015035233026,1,-0.7741888507121317,0.006407053978539629,-0.004896165385844592,0.021999835968017578,-0.000926847068542476,-0.0027273782852244126,1.2538219106881265,0.01801847224563768,0.5130402080729162,0,0.8033285924739841,1.4434753305125338,0,-0.002001476724789629,-0.3394620465193675,11.0,0.0,0.0,0.0,0.0,0.0,0.0,0.0,0.0,0.0,0.0,1
2026-01-13,0.021622664232194593,0.0068323091746366835,61.09272690098558,15.979999542236328,0.5257935314710576,0.002829214563753855,0.0070797262914081205,0.005299148975758243,0,-0.45546689179812533,0.027353574534645247,0.0004746207224912928,-0.007999897003173828,-0.00017154821214184512,0.002727378285224404,0.9911615404801486,0.015132683244246754,1.5511205029475645,0,0.7827416672691473,1.9237672529263672,-1,-0.004927356850498766,-0.9298375219614398,7.0,0.0,0.0,0.0,0.0,0.0,0.0,0.0,0.0,0.0,0.0,1
2026-01-14,0.016292572416728702,0.008227580966890337,56.094032021679396,16.75,0.2149471591220089,0.0011304207106356211,0.007090111576857298,0.005438267333351616,0,-0.1511902005874442,0.014127033966977518,-0.004000712527482085,0.0019998550415039062,-0.003939484156734864,0.0,0.4974494951927538,0.015037877364540502,2.0127712440282033,0,0.6207111957156541,1.67187041114818,0,0.0027195131661778946,0.5000688636270515,10.0,2.0,0.1,0.0,2.0,0.0,0.0,0.0,0.0,0.0,0.0,1
2026-01-15,0.01873282497132363,0.006067277629553383,58.128128690799656,15.84000015258789,0.09482736986460916,0.003951471713590943,0.006981550344186427,0.005385500190597669,0,-0.47416449405572125,-0.04670433555197605,0.006079770571822471,-0.023000240325927734,0.0004760002080711065,0.0019148652293783496,0.7804660781197841,-0.039609100685049775,0.18880465829649587,0,0.17862550016344128,1.843078672726534,0,-0.0008382252035026964,-0.15564453019996466,8.0,0.0,0.0,0.0,0.0,0.0,0.0,0.0,0.0,0.0,0.0,1
2026-01-16,0.01732802550263708,0.006000093362631686,57.246951943610334,15.859999656677246,-0.05623233693109597,-0.0034783236738643733,0.006983510392752554,0.004594933711586998,0,-0.45380072610694033,0.004214791804453334,0.002049196427711593,0.059999942779541016,-0.0003002088343901181,0.000704541271624515,1.8645774280337282,-0.10523447357800605,0.3331535342748414,1,0.7242082422367019,1.7307016084579259,-1,-0.020566840670864645,-4.475972277745549,8.0,0.0,0.0,0.0,0.0,0.0,0.0,0.0,0.0,0.0,0.0,1
2026-01-20,-0.00344002572656202,0.012101909737907706,40.99893389553584,20.09000015258789,-1.0778273238445824,-0.025614386283477925,0.007463018846669424,0.006569067472954216,0,1.0971617457966993,0.015027858954032521,-0.014812929671572182,0.10800027847290039,-0.04313920176736195,-0.007574646170517677,2.7766247509452566,0.17468524011709397,0.8880093963007148,0,1.3903945116004213,0.09999552690851968,1,0.0114749889632404,1.7468189423072704,8.0,0.0,0.0,0.0,0.0,0.0,0.0,0.0,0.0,0.0,0.0,1
2026-01-21,0.007555592044291224,0.015479989748516172,49.561433998306335,16.899999618530273,-1.1952477082155797,-0.012137920595447974,0.007567843339210652,0.006761896510711119,0,-0.07427242540493645,0.004629617750091477,0.0030503396053437877,0.0819997787475586,0.02911752475054638,0.0012158334390808274,2.039960788612518,0.12528148081413704,1.1003107725642718,0,0.7921310462402014,0.3397605519273022,1,0.005209636268787033,0.7704389672549848,17.0,0.0,0.0,0.0,0.0,0.0,0.0,0.0,0.0,0.0,0.0,1
2026-01-22,0.012223479615787434,0.006110514226831249,52.92928206448886,15.640000343322754,-1.0069194800914527,-0.0020009274761621605,0.007526295424946172,0.0067198278003099176,1,-0.5324877183928169,-0.021004244868480324,0.006471568864348813,0.10900020599365234,0.0006343470418438996,-0.004058462554227607,1.9179506592757103,0.1050764117574553,0.3084343915849492,0,0.6252630633676253,-0.5276624242720994,0,0.00036271445090017455,0.05397666754448243,3.0,0.0,0.0,0.0,0.0,0.0,0.0,0.0,0.0,0.0,0.0,1
2026-01-23,0.012299269450589418,0.0055134700111862806,53.164417109006486,16.09000015258789,-0.8464688819586388,-0.004357726191439901,0.007376213328788927,0.006644975049525939,0,-0.3693235786552723,0.028400133096568393,-0.0012054167433428855,0.07899999618530273,-0.00019501762120497783,-0.007756745768232539,1.7173453190480783,0.13914064087243228,1.4604669200624492,1,0.4591543773177549,-1.995395164278714,1,0.005065296757285074,0.762273612285469,22.0,3.0,0.0909090909090909,0.0,2.0,0.0,0.0,0.0,1.0,0.0,0.0,1
2026-01-26,0.01708905350615944,0.006077435785018923,56.44540323997348,16.149999618530273,-0.5031267439345894,0.0015457957693480425,0.00739665885927945,0.0066959447626905415,0,-0.34544060606218785,-0.007230904537314283,0.0018264884116562352,-0.018000125885009766,-0.0038376590145187696,-0.005754203714711162,1.282659003073559,0.18145501580201134,1.153400670141662,0,0.7223759758080986,-2.53894966085841,0,0.003976348566725876,0.5938434036146498,10.0,0.0,0.0,0.0,0.0,0.0,0.0,0.0,0.0,0.0,0.0,1
2026-01-27,0.020718085317845376,0.004256023830995339,58.89104227636425,16.350000381469727,-0.1090994755142014,0.02608898500693845,0.007412767941425265,0.006749120162873916,0,-0.2683072825155443,0.02861515863927036,0.002091011813776713,-0.07200002670288086,-0.004375697243213122,-0.008486025112438676,1.4030942323553952,0.18415809988349338,2.22785407012172,0,1.4150365123898982,-2.855987284695074,0,-0.00010067497120472829,-0.014916732790030952,15.0,2.0,0.1333333333333333,1.0,0.0,0.0,0.0,0.0,1.0,0.0,0.0,1
2026-01-28,0.0198561711984126,0.005608156955372367,58.8008426028279,16.350000381469727,0.11617505598633038,0.014513321072493344,0.007263033007051188,0.006686717778025111,0,-0.26472893267405556,0.01305750566045477,0.0022404967044840434,-0.0019998550415039062,7.983862349206862e-05,0.0023874587530184044,1.7899027728203232,0.1409859694995616,2.5904794470521493,0,1.2325321836101726,-2.1410732580415908,0,-0.0019863539443873905,-0.297059191031409,11.0,0.0,0.0,0.0,0.0,0.0,0.0,0.0,0.0,0.0,0.0,1
2026-01-29,0.017113730914688,0.01762143515638831,56.94939459111189,16.8799991607666,0.14023341997471883,0.007317330859319054,0.007259827050366689,0.006699536251489838,0,-0.06680222120514831,0.03436549212071179,0.0013939512434891553,-0.021999835968017578,-0.002064358939882056,-0.0017641074747170135,1.3432947380325286,0.16377420293418254,3.506221730814249,0,1.3418805632755433,-1.9694008469888415,0,-0.0029870370168700792,-0.4458566154694171,12.0,0.0,0.0,0.0,0.0,0.0,0.0,0.0,0.0,0.0,0.0,1
2026-01-30,0.013240806245221455,0.010246148179326996,54.192887906805126,17.440000534057617,-0.0073249013603358115,0.00396757939154881,0.0072695246728412,0.006492474322220892,0,0.1370705484962423,-0.0032151767555849923,-0.0032471871635215794,0.0020003318786621094,-0.0034623046126918493,0.00734725814399296,1.5096876157243442,0.15405516202489242,3.095520332737201,1,1.7244210872682026,-1.158619679421876,1,0.004959045712933714,0.7638132749833684,7.0,8.0,0.1428571428571428,0.0,8.0,0.0,0.0,0.0,0.0,0.0,0.0,1
2026-02-02,0.01716763822195307,0.010799398995769299,57.8445792106246,16.34000015258789,0.09598435586585641,0.00386132834719733,0.007115084344106149,0.006557701384217461,0,-0.25130412732195123,-0.04822292322273334,-0.0034597739603822878,0.062000274658203125,-6.259471864192996e-05,0.0063720950596490725,1.9529652783273213,0.11877801609998906,1.4983899655511868,0,1.3825102517029153,-0.5273173718568687,-1,-0.008491346084250548,-1.2948642577785283,20.0,0.0,0.0,0.0,0.0,0.0,0.0,0.0,0.0,0.0,0.0,1
2026-02-03,0.0077165343690430085,0.01875189205170098,50.44248568389788,18.0,-0.2422625823401372,-0.008606366303779114,0.0071987483169915715,0.006729849557307838,0,0.3602946803985348,0.017072607857606444,0.0011497758741966727,0.051000118255615234,-0.011502639143873977,-0.0017431244227656569,1.8499692601567534,0.1890105705467467,1.9389731698336519,0,1.1933013143057125,-0.6413710266866942,-1,-0.004855691490926631,-0.72151453527049,18.0,1.0,0.0555555555555555,1.0,0.0,0.0,0.0,0.0,0.0,0.0,0.0,1
2026-02-04,0.0017933269770154883,0.014121456749486274,46.78049846731155,18.639999389648438,-0.6773333405709465,-0.01336138282350094,0.00708314057183135,0.006672659798306242,0,0.6038104247449246,0.030076288477937793,0.001188427641179787,0.024000167846679688,-0.005335138038454364,0.0018455895773753915,1.7810159587292893,0.23406669372743327,2.6514194194877585,0,1.3005390867975535,-0.4284566120395976,-1,-0.012567856956365418,-1.8834825244245685,9.0,0.0,0.0,0.0,0.0,0.0,0.0,0.0,0.0,0.0,0.0,1
2026-02-05,-0.011310997758082336,0.011658487752706068,38.964218641969794,21.770000457763672,-1.4815941626381517,-0.023942885835479117,0.007278845038085429,0.007187385991963251,0,1.7092093631635243,-0.028811437225438243,-0.007680308464953452,-0.017000198364257812,-0.017010628369349308,0.002046633396997335,0.7890330340116573,0.3474649247553362,1.7377565201232779,0,1.5408861032695549,-0.20317642802682967,1,0.019003005567205973,2.6439346862834068,23.0,0.0,0.0,0.0,0.0,0.0,0.0,0.0,0.0,0.0,0.0,1
2026-02-06,0.006955602735578944,0.016593817227535803,52.05168088726015,20.3700008392334,-1.0989260510168197,-0.0019528432514029758,0.007416845280315993,0.008453563525667535,0,1.1715389803752256,0.00409963237731521,0.005650855376785166,-0.03500032424926758,0.0026386309324815346,-0.0019442568864246413,0.7056978891067107,0.2764542804397374,1.77880808129907,1,1.2027784238843733,-0.3262653132140813,0,0.004810244305276485,0.5690190415533938,9.0,1.0,0.1111111111111111,1.0,0.0,0.0,0.0,0.0,0.0,0.0,0.0,1
2026-02-09,0.011194133919293739,0.010850879932648983,54.72949636133463,17.360000610351562,-0.6052984294284798,-0.0021016446590602753,0.0074355948756856935,0.008390500609431846,0,0.09310852833779375,0.012665345977459917,-0.001739045480015067,-0.07700014114379883,-0.0028072645062422294,-0.008331213745460569,0.5674641237731434,0.18071000385396063,2.035831942607311,0,1.4502133571479103,-0.9976290842000769,0,-0.00264064386524897,-0.3147178983696891,10.0,0.0,0.0,0.0,0.0,0.0,0.0,0.0,0.0,0.0,0.0,1
2026-02-10,0.008103144958215397,0.007050807543836637,52.97842238359989,17.790000915527344,-0.39503005851941575,0.003749057559941202,0.007445279214119999,0.008401632479185203,0,0.24534254407295358,-0.006234457955889157,0.0014399302972717388,-0.1270003318786621,0.0026673950154110313,-0.0002065555506026158,-0.2147568544079948,0.16261818995823152,1.7828650412088445,0,0.9766895448000701,-0.9200722334313676,0,-0.000231085512616827,-0.027504801970487783,2.0,0.0,0.0,0.0,0.0,0.0,0.0,0.0,0.0,0.0,0.0,1
2026-02-11,0.0075595779451902035,0.01150358650773449,52.81938462893912,17.649999618530273,-0.2661940791767894,0.00837366353825122,0.0071038287013031635,0.008391185307098698,0,0.21112832603861947,0.010420783126096593,0.006150601516661974,-0.10300016403198242,0.00010699629008280672,0.00030985672447881836,0.14889349729596313,0.09939785007419866,1.9495648839634703,0,0.18769582575397578,-0.8064003391531906,-1,-0.015569451553392327,-1.8554509796978556,11.0,0.0,0.0,0.0,0.0,0.0,0.0,0.0,0.0,0.0,0.0,1
2026-02-12,-0.008092863667452448,0.021988315997021307,43.43333203865693,20.81999969482422,-0.8647204879073835,0.005372068941224314,0.007401717043088312,0.009024860515167073,0,1.3407013793550022,-0.028086840962171712,0.00328952441643681,-0.10599994659423828,-0.022555106939162586,0.0010321891194974397,-0.8677717868290666,0.2175157902579288,1.213306902197657,0,-0.4799811971103314,-0.6301375606867626,0,0.0007042374603937072,0.07803297113351106,12.0,1.0,0.0833333333333333,0.0,1.0,0.0,0.0,0.0,0.0,0.0,0.0,1
2026-02-13,-0.00745846973598861,0.012849299252841881,43.91520543860992,20.600000381469727,-1.1748983850713952,-0.01292669916558805,0.0072928023272146045,0.008996315155085996,0,1.2948559431418871,0.0007953430347292803,0.0006162283679143194,-0.14999961853027344,0.00026468712417660064,-0.0005160007584456148,-1.5430515245585232,0.2627526982941295,1.198384837914784,1,-0.1923174275441764,-0.6123824818769912,0,0.0016121662321053362,0.17920275271441383,11.0,4.0,0.1818181818181818,0.0,0.0,0.0,0.0,0.0,4.0,0.0,0.0,1
2026-02-17,-0.005885254579560074,0.013414327410162616,45.07014492227483,20.290000915527344,-1.2459456807453488,-0.016124777238759075,0.0072002072501500414,0.009011915942531697,0,1.2800991569643076,-0.00894427865280796,-0.0023643332695264824,-0.14599990844726562,-0.0005025837183015782,0.0028860709310192215,-1.5554467874458457,0.24632800440020147,0.9670886048889782,0,-0.5647528619953166,-0.18596398317250162,0,0.005025111493454597,0.5576068340440562,51.0,0.0,0.0,0.0,0.0,0.0,0.0,0.0,0.0,0.0,0.0,1
2026-02-18,-0.0009910629611295416,0.009208945965355398,48.63271141592953,19.6200008392334,-1.0116164146662738,-0.008459021880055649,0.007210704437562921,0.007764271902257811,0,1.1013538025626515,0.044863240189533624,0.001712050103748487,-0.06799983978271484,-0.0029898873945132867,0.005542385987225995,-1.1383564363392467,-0.0236726895104598,1.9512300365531567,0,-0.5993921629643756,0.690660369361003,0,-0.0026409180968155325,-0.3401368124008439,10.0,3.0,0.2,2.0,0.0,0.0,0.0,0.0,1.0,0.0,0.0,1
2026-02-19,-0.003649382503163614,0.0067642663261557965,46.90878006151514,20.229999542236328,-0.9299964565386369,-0.010868854464254344,0.0069133799174887585,0.007358347714173384,0,1.5797983452293132,0.018842645884022652,-0.003576304054071344,-0.0970001220703125,0.0032252092606112593,0.002351413036237314,-1.1798740313866143,0.1798530291948374,2.257738803627712,0,-0.8126793717044231,1.2565426143466865,1,0.0072058400517004155,0.9792728665284653,8.0,0.0,0.0,0.0,0.0,0.0,0.0,0.0,0.0,0.0,0.0,1
2026-02-20,0.003327843339882131,0.01208246983499177,51.927517518476364,19.09000015258789,-0.5160112428943348,0.011906437140838335,0.00686186728855985,0.0074466985284506095,0,1.172470631570228,-0.0006023327334532596,-0.003160551816497001,-0.018000125885009766,0.0057739275264827436,-0.00132833260412881,-1.035072588251517,0.19933288866198828,2.1169587817469653,1,-1.0315122782728467,1.1762674624952199,-1,-0.010263807839928392,-1.3783012723963723,8.0,0.0,0.0,0.0,0.0,0.0,0.0,0.0,0.0,0.0,0.0,1
2026-02-23,-0.006956833368589169,0.014112171450477376,45.360144064305246,21.010000228881836,-0.6773247923498944,0.0009383918405162671,0.0067640769444675996,0.0077929622813398295,0,2.107370647990473,-0.0012057549749366833,-0.00232343199100896,-0.02700042724609375,-0.0027578518408926346,-0.0010230804321085239,-1.8454989545158473,0.26680055526316554,1.9805540018709458,0,-1.0456864714362097,0.9693267071842248,1,0.007242165031108853,0.9293200039284271,6.0,0.0,0.0,0.0,0.0,0.0,0.0,0.0,0.0,0.0,0.0,1
2026-02-24,0.00020849035597972986,0.012148069953475334,50.14421087762767,19.549999237060547,-0.42550409230583575,0.006568390639519655,0.0067218047834535525,0.007889369468643812,0,1.3651218467172408,-0.010307811926564714,-0.0007183680376044188,-0.01900005340576172,-0.00468369111591136,0.0018406827010329107,-1.823448667352799,0.19105522135808933,1.6817508719893324,0,-0.8783795158086275,1.1817005395302689,1,0.008402945104341215,1.0650958212542012,13.0,0.0,0.0,0.0,0.0,0.0,0.0,0.0,0.0,0.0,0.0,1
2026-02-25,0.008472190756304104,0.005164851711388105,55.09554808204706,17.93000030517578,0.1265023264930905,0.009946224250406515,0.006749697475485891,0.008078139924352214,0,0.5648533131842378,-0.0032048725151217657,0.004108906421985719,-0.031000137329101562,-0.013279863037274582,-0.001840682701032965,-1.658225672114315,0.09224738396269809,1.5492466207665847,0,-1.1099900918950614,0.7862991144005436,-1,-0.005569959857260949,-0.6895093442707556,1.0,0.0,0.0,0.0,0.0,0.0,0.0,0.0,0.0,0.0,0.0,1
2026-02-26,0.002592088471963302,0.012984204795488098,51.44333815387376,18.6299991607666,0.22325902316660648,0.0070171824899609506,0.006759305741811857,0.008167799434457591,0,0.8824357217998882,-0.0032151767555849923,0.00018746821040592385,-0.057999610900878906,0.0045608816303496285,0.0009208038736310302,-2.120633763136008,0.13054521889133422,1.4270540080191896,0,-1.1567750706263051,0.8835610858322798,-1,-0.004813509630285336,-0.589326877532004,10.0,0.0,0.0,0.0,0.0,0.0,0.0,0.0,0.0,0.0,0.0,1
2026-02-27,-0.00243314433366172,0.007609397771739414,48.468661075258666,19.860000610351562,0.06346745882190241,-0.005002167192024678,0.00676221627949914,0.008220230510943592,0,1.4325217379650148,0.027378214855194663,-0.009049883954372012,-0.12400007247924805,0.0006770623697835148,-0.0018423782465261309,-2.734846335098221,0.16257824989954178,1.891424224841525,1,-1.401839224425191,0.43518379047624395,0,0.0005684172026597193,0.06914848804034218,2.0,0.0,0.0,0.0,0.0,0.0,0.0,0.0,0.0,0.0,0.0,1
2026-03-02,-0.0021419481551236603,0.015443304744501304,48.8440441751058,21.440000534057617,-0.013408262523206815,0.005830057850563519,0.006758901061467981,0.008203940760407162,0,2.0668750186826053,0.06092309289771936,-0.010683778435697013,0.01900005340576172,7.60228937666785e-05,0.007857550009264892,-1.5024388691368866,0.20649191200860187,2.878096071283065,0,-1.6050043294143634,1.9681536335156502,-1,-0.008853414553509194,-1.0791647600125038,13.0,0.0,0.0,0.0,0.0,0.0,0.0,0.0,0.0,0.0,0.0,1
2026-03-03,-0.011251002676394974,0.019034897596354357,43.545275601624105,23.56999969482422,-0.4441214383762883,-0.010265521734054416,0.006843666208471221,0.008309273302029048,0,2.784003439245805,0.04569001251480495,-0.016629842049675225,0.023000240325927734,-0.009100158523340342,0.006787300505735298,-1.3907665294839677,0.36635860523024266,3.3632313247760037,0,-2.1778166217485797,2.612725038362325,1,0.007030536114047319,0.846106199355428,13.0,0.0,0.0,0.0,0.0,0.0,0.0,0.0,0.0,0.0,0.0,1
2026-03-04,-0.004583303534964994,0.010903086545682577,48.33414433217369,21.149999618530273,-0.38249117610363553,-0.011637930724348431,0.006903719918564687,0.008307083066558963,0,1.6732733172661587,0.0013403849037710832,0.0019089235036802773,0.032000064849853516,-0.002336447447190826,-0.002830923022180618,-1.0455522092993033,0.1612681295597284,3.051026973363213,0,-2.114198742105697,1.8114992356058603,-1,-0.005591148225550186,-0.6730571309063473,15.0,1.0,0.0666666666666666,0.0,0.0,0.0,0.0,0.0,1.0,0.0,0.0,1
2026-03-05,-0.010154004479572475,0.014560250078319643,45.0583445561996,23.75,-0.5632330042791472,-0.011659119092637662,0.006937677408665352,0.008329814211058401,0,2.557544556719917,0.08162810767543585,-0.0044615820634830265,0.1289997100830078,-0.006885582687048848,0.0055530766346594575,-0.13702842950449837,0.24227275396738823,3.8377287592163616,0,-1.8904659572809932,2.1908261758015835,-1,-0.013193791611277716,-1.5839219744592055,11.0,0.0,0.0,0.0,0.0,0.0,0.0,0.0,0.0,0.0,0.0,1
2026-03-06,-0.022774525883307414,0.009444027989862967,38.49087740043149,29.489999771118164,-1.2103535907715974,-0.02003940107363007,0.007132963805865717,0.008379137854077751,0,4.029017430881681,0.11518738775742002,-0.011663139013729076,0.17100000381469727,-0.012935524288252962,-0.003328144215863656,-0.3072727876181089,0.30351831879212154,4.576721043212252,1,-1.3013889377997392,1.544533659928051,1,0.008721878607696682,1.0409028172777903,18.0,0.0,0.0,0.0,0.0,0.0,0.0,0.0,0.0,0.0,0.0,1
2026-03-09,-0.01393626706198793,0.025845117367613572,44.26159086575716,25.5,-1.1699021113184647,-0.011885939668593226,0.007225219919108076,0.007383051846760027,0,2.4950699121282574,0.04169285009042199,-0.00894848222490437,0.08800029754638672,0.008980331302304512,0.0019175707865264793,-0.2546621359802531,0.22461518072618727,4.248444275176115,0,-1.8657390054855758,1.5706157971005983,0,-0.001608419719141641,-0.2178526677041826,5.0,0.0,0.0,0.0,0.0,0.0,0.0,0.0,0.0,0.0,0.0,1
2026-03-10,-0.015143006976925638,0.012699689416333594,43.44915573721455,24.93000030517578,-1.1421903258464001,-0.004640944834225691,0.0071741969845583765,0.007260151801444306,0,2.1776158414637834,-0.12720525452225404,-0.0008113452922065056,0.07999992370605469,0.00037558970146534296,-0.0035351632225681076,-0.24812621238249516,0.36190316538606976,2.5359567173951487,0,-1.4725622615604712,1.0478241708407918,0,-0.0012559513052689201,-0.17299219213255915,11.0,0.0,0.0,0.0,0.0,0.0,0.0,0.0,0.0,0.0,0.0,1
2026-03-11,-0.01597902509751419,0.009965534671041611,42.78962320312867,24.229999542236328,-1.106032388537824,-0.012927432253541813,0.0071676931566701605,0.007252521077027471,0,1.870569823173851,0.044529947544589055,0.0005905530024146608,0.12800025939941406,0.0012902143153729674,0.004039200840566423,0.726770550116165,0.3089549627952257,2.764831204362793,0,-1.6169631638641002,1.3856993051298687,-1,-0.015301420789775961,-2.109804236240159,13.0,0.0,0.0,0.0,0.0,0.0,0.0,0.0,0.0,0.0,0.0,1
2026-03-12,-0.03030648582634938,0.008677940903314127,35.731915870095804,27.290000915527344,-1.6634844009631342,-0.022637704817767654,0.0073018863390425905,0.007905118072594686,0,2.5746023124962227,0.09275420294240794,-0.0076736550889577385,0.1269998550415039,-0.019093837477997973,0.0051263569440097275,1.5711091342697912,0.4357846065020455,3.335888796947623,0,-2.538392517000816,1.7754701328078657,-1,-0.005676188622551868,-0.7180387933536392,14.0,1.0,0.0714285714285714,1.0,0.0,0.0,0.0,0.0,0.0,0.0,0.0,1
2026-03-13,-0.03510054118565754,0.016578903302463907,33.544660725192486,27.190000534057617,-2.1462965318487184,-0.015120101829041721,0.007332947304073735,0.007290894523655622,0,2.376110205775708,0.030654485129932216,0.004807913410658044,0.15199995040893555,-0.003945480207834467,0.006196948879858502,1.669813449737428,0.2669352297570674,3.2552806211443155,1,-1.7495388463193728,2.133249151714505,1,0.010125430484197413,1.3887756246629017,6.0,3.0,0.1666666666666666,0.0,3.0,0.0,0.0,0.0,0.0,0.0,0.0,1
2026-03-16,-0.02491465494277015,0.007398789277416293,40.551076599020675,23.510000228881836,-1.8832267191872907,-0.013716549952540982,0.007450793227621037,0.0077262231690302845,0,1.339951930856462,-0.054224812860235304,0.0091533658987156,0.0839996337890625,-0.0022067190200295134,-0.00649776392104277,0.794452130936382,0.13213477797400489,2.552388043142302,0,-1.6745947411469482,1.3131581011368394,0,0.002627101016221855,0.34002352229703436,4.0,4.0,0.5,0.0,3.0,0.0,0.0,0.0,1.0,0.0,0.0,1
2026-03-17,-0.021996709038186478,0.007066280638709512,42.262813662136125,22.3700008392334,-1.4791046468314555,-0.009481029217177474,0.007320754827408315,0.007747184792858578,0,1.0090223985227822,0.028571856562604855,0.005009562617276492,0.06599998474121094,0.00023261686720246134,-0.0013046040569885684,0.546321257922333,0.09759261405823984,2.5953037874339504,0,-2.05916117718761,1.0718634165383378,-1,-0.014051912692600945,-1.8138065542838941,13.0,0.0,0.0,0.0,0.0,0.0,0.0,0.0,0.0,0.0,0.0,1
2026-03-18,-0.03490356818174549,0.012896252598421249,36.279754050191,25.09000015258789,-1.712099658609858,-0.022276990604509588,0.007474913026957984,0.008144655607413448,0,1.6489555446596704,0.001142685534911508,-0.0036291308601843434,0.05099964141845703,0.003726162406644376,0.005108385040950412,1.2461853901976596,0.2459198695483534,2.430530652516778,0,-2.2374394014761863,1.4846594748394966,0,-0.0024673819700690397,-0.30294453928509674,4.0,0.0,0.0,0.0,0.0,0.0,0.0,0.0,0.0,0.0,0.0,1
2026-03-19,-0.03638176047084524,0.011836916797646644,35.341448440036544,24.059999465942383,-1.8363456326487597,-0.009442951784802648,0.007377914679776443,0.008143855239557343,0,1.3355948091270573,-0.0018705222749135695,-0.0067658115157652726,0.008000373840332031,-0.0036963471891928285,-0.008629322886787194,1.4743166339942901,0.1733840597979324,2.2686081350926925,0,-2.6341259450356245,0.4440086150789442,-1,-0.01443952585884218,-1.7730555987966024,12.0,2.0,0.0833333333333333,0.0,2.0,0.0,0.0,0.0,0.0,0.0,0.0,1
2026-03-20,-0.04910611713148577,0.018456036515881402,30.42409669423411,26.780000686645508,-2.3799834377598827,-0.018206289021092947,0.007538658608084918,0.008315450018808386,0,1.9335038028467562,0.022422006036631845,-0.0022715356918384293,0.10599994659423828,-0.046148663651918456,0.004223640215210761,2.6463229575978304,0.3384907201725258,2.2911492047455506,1,-1.8251513616424422,0.8424268013639242,1,0.010445276906504148,1.256127367924134,15.0,0.0,0.0,0.0,0.0,0.0,0.0,0.0,0.0,0.0,0.0,1
2026-03-23,-0.038212130454790334,0.013244213450383348,37.21581635778028,26.149999618530273,-2.115975963766078,-0.0178864425987862,0.007647887282193119,0.00863584001094476,0,1.7053766720798782,-0.10941449620742738,0.014541369148264352,0.11400032043457031,0.017410396458290033,-0.007049420764024754,1.8762947469260227,0.2188506501723229,1.450466003176867,0,-1.7446584314828661,-0.06570765965961312,0,-0.0033624966130463346,-0.38936486955943306,14.0,0.0,0.0,0.0,0.0,0.0,0.0,0.0,0.0,0.0,0.0,1
2026-03-24,-0.04034222563991015,0.010946484115001905,35.993434202548244,26.950000762939453,-1.9297668205340095,-0.02387604022805443,0.00763424232090119,0.008367466590894438,0,1.825136591887311,0.04677272417601841,-0.006214143392648078,0.19000005722045898,-0.00016032164012800144,0.004839240854073393,2.374463102781585,0.3210080782581094,1.6939119402431309,0,-1.9241895050424977,0.46695399641678254,0,0.005557288574735996,0.6641534654286917,11.0,0.0,0.0,0.0,0.0,0.0,0.0,0.0,0.0,0.0,0.0,1
2026-03-25,-0.03395969858531506,0.010124576504838292,39.53231179153612,25.329999923706055,-1.4249863553193531,-0.004266838960717379,0.00767881799775246,0.008196309769862043,0,1.3846814175783635,-0.022226773659888763,0.0083698934888412,0.069000244140625,-0.0016029335483916923,0.001708267209248284,1.6035554104687835,0.34551415636414257,1.4842221110123759,0,-1.8328009456864804,0.6219680405257275,-1,-0.018020135919566853,-2.1985642856232976,25.0,0.0,0.0,0.0,0.0,0.0,0.0,0.0,0.0,0.0,0.0,1
2026-03-26,-0.04990427878794377,0.015548168231045907,33.16815132543786,27.440000534057617,-1.724622332453798,-0.01981959291021518,0.007988074406347924,0.00888146811008837,0,1.8193034082298785,0.045029290957154605,-0.007273441007161224,0.13499975204467773,0.001505464932378528,0.0030075516580878097,2.379095207160479,0.38722868275434746,1.712462130655026,0,-2.106161381712631,1.0016770817026261,-1,-0.01719894102480063,-1.93649534588894,11.0,0.0,0.0,0.0,0.0,0.0,0.0,0.0,0.0,0.0,0.0,1
2026-03-27,-0.06460659226758532,0.015060933603274484,28.52976255903343,31.049999237060547,-2.462227127171076,-0.022579008076173662,0.008256562376227301,0.009417150569036005,0,2.511589464739063,0.05317547684867919,-0.004023066806608074,0.04900026321411133,-0.003564697001021876,0.0024993764191914153,2.4424621027228484,0.44689109445843533,1.9792729261043125,1,-0.7959768657800314,1.4594185951733656,0,-0.003349064243429706,-0.35563418706500144,17.0,0.0,0.0,0.0,0.0,0.0,0.0,0.0,0.0,0.0,0.0,1
2026-03-30,-0.06612539859992562,0.017548248072568842,27.725019746897857,30.610000610351562,-2.863366644840493,-0.03637334922610739,0.008221781634647828,0.009362147576422758,0,2.2714084035647844,0.03199954952394878,0.009449071149469182,0.007999897003173828,9.716209925877945e-05,0.003588168942795709,1.4351993996831602,0.35606841178492954,2.088444440251564,0,-1.1423247798763159,1.9703891812028935,1,0.028653466042465783,3.0605622484527926,17.0,0.0,0.0,0.0,0.0,0.0,0.0,0.0,0.0,0.0,0.0,1
2026-03-31,-0.03785821338636767,0.020850627362057353,42.784787315346314,25.25,-1.7184305584740827,-0.004357386570595418,0.009075497524553588,0.011781307016741882,0,1.0442600375640487,-0.014687427840109152,0.010968678768620628,-0.08100032806396484,0.06017563708292622,-0.005487149482743471,1.1074000950639562,0.06885145172096524,1.8924474208486295,0,-1.3523211288357468,0.7975786468128775,0,0.00750622148232205,0.6371292336548883,4.0,0.0,0.0,0.0,0.0,0.0,0.0,0.0,0.0,0.0,0.0,1
2026-04-01,-0.030020784491868763,0.008424424048470432,46.01597779579373,24.540000915527344,-0.520176878886911,-0.0024084536630093636,0.009088200842572496,0.011801211130841718,0,0.8560180093741145,-0.012506311955777597,0.005459127553090866,-0.009000301361083984,-0.0017194340816586294,-0.0031060348366285786,1.1462972940365774,0.14866458913442435,1.7303600137273771,0,-1.1842270465424234,0.10057074575732569,0,0.0009000692442135715,0.07626916182947369,9.0,1.0,0.1111111111111111,0.0,1.0,0.0,0.0,0.0,0.0,0.0,0.0,1
2026-04-02,-0.028350390609306716,0.01995948113743552,46.40845187151161,23.8700008392334,0.37481630549299716,0.016511751500771034,0.009048553882103329,0.011789224616188762,0,0.6786981750671321,0.10801378517299672,-0.013552144947923847,-0.10299968719482422,-0.0012050055814921547,0.003806066822533115,1.0591633490973564,0.0050399450285881185,2.3250069899030152,0,-1.1461961641702045,0.8300386574926119,0,0.004715661120724013,0.39999722409871735,12.0,0.0,0.0,0.0,0.0,0.0,0.0,0.0,0.0,0.0,0.0,1
2026-04-06,-0.022941938403637355,0.006373895889637454,48.52586672878515,24.170000076293945,1.1921394470806934,0.03842635364629566,0.009071174672398378,0.01155361252476115,0,0.7204685165526236,0.007769654882380379,4.569412234314794e-05,-0.10500001907348633,-0.009864266908787741,-0.0004999292322441652,1.2199354581975226,-0.19893901719390045,2.243996794264193,0,-1.3527289096974802,0.6466789070681126,0,0.0004399773016391101,0.03808132909796668,6.0,0.0,0.0,0.0,0.0,0.0,0.0,0.0,0.0,0.0,0.0,1
2026-04-07,-0.02169575746192327,0.01296985554586479,48.72993010306111,25.780000686645508,1.73589047445288,0.042215395191364434,0.009072061988432627,0.011337989776798865,0,1.0569303577062217,0.004792281843499487,-0.003466106986590612,0.0009999275207519531,-0.00040450468370590453,-0.003406515293062941,1.2518995283574288,0.010920571981474668,2.1520197903245717,0,-1.0624833949382289,-0.162942252212427,1,0.025150609779818547,2.2182580944554835,13.0,0.0,0.0,0.0,0.0,0.0,0.0,0.0,0.0,0.0,0.0,1
2026-04-08,0.0036630893419065387,0.008313479143801393,58.89184034075707,21.040000915527344,3.1287063758331275,0.0387125389287173,0.00962456626303829,0.012784752225078544,0,-0.06750376118040843,-0.17929817736150358,0.02571258092142358,-0.019999980926513672,-0.0031216012510873617,-0.005131591930476323,0.7602343256847249,-0.1696464783936081,1.025831551017655,0,-1.2725077787340573,-1.460406423478923,0,0.005752513692051993,0.449950776618112,38.0,0.0,0.0,0.0,0.0,0.0,0.0,0.0,0.0,0.0,0.0,1
2026-04-09,0.009863703889112455,0.010869017818790455,60.83369853932618,19.489999771118164,4.150940508789559,0.03695883113844733,0.009654135551350732,0.01284299208410549,0,-0.45922171064498074,0.03599305696745525,-0.0017322177458496714,-0.02599954605102539,-0.007720744182436823,-0.0031320820085302577,0.7587510555543897,-0.21769001416008343,1.188140120730663,0,-1.1086528254905195,-1.998290073392523,0,-0.0006619995879319516,-0.051545548587214114,9.0,0.0,0.0,0.0,0.0,0.0,0.0,0.0,0.0,0.0,0.0,1
2026-04-10,0.009617253672359643,0.005268914982591606,60.478736647334664,19.229999542236328,4.600251748742664,0.03539676230630179,0.009651739733516022,0.012306982352061008,0,-0.5414696729853008,-0.013371964682626719,0.0020717067714310523,0.0039997100830078125,0.001067689344298006,-0.001721762393179433,0.9456452361187848,-0.3500488324723104,1.0751282251135477,1,-1.1920708135790197,-1.9947901481002197,1,0.009724956729963633,0.7901976739536227,10.0,2.0,0.1,0.0,0.0,0.0,0.0,0.0,2.0,0.0,0.0,1
2026-04-13,0.019666958597675113,0.01416698884856253,63.83255601444566,19.1200008392334,5.10888863687992,0.04040605791554138,0.00971786225303777,0.012340333940894281,0,-0.5828318423434087,0.02565949228305133,-0.0030217344261391213,-0.03800010681152344,-0.010953518474168145,-0.0028423404906282247,0.7432562051323747,-0.3521143267698571,1.1807919520547177,0,-0.9145955865804594,-2.152459599002665,1,0.012111242670247968,0.9814347742863875,12.0,0.0,0.0,0.0,0.0,0.0,0.0,0.0,0.0,0.0,0.0,1
2026-04-14,0.03195729190108711,0.00996463975803199,67.56467459243731,18.360000610351562,5.7261742175365,0.052077323284150205,0.009838246280159718,0.012417725521361512,0,-0.7889385153166114,-0.08199593092107849,0.002314804432830745,-0.08699989318847656,-0.009709609632327715,-0.0025446600632382803,0.3647326294546331,-0.24725145385159492,0.6998318390620801,0,-1.126967151999461,-2.1345649703252603,0,0.0078600237887659,0.6329675628253442,17.0,1.0,0.0588235294117647,0.0,0.0,0.0,0.0,0.0,1.0,0.0,0.0,1
2026-04-15,0.03990192382278022,0.008686483225185752,69.76696397333254,18.170000076293945,6.1823493757817385,0.034786737293097704,0.009888164078089361,0.012486536863810741,0,-0.8551791166626255,0.00010957042512126631,0.0011512935887264884,-0.008999824523925781,-0.00703679238140558,-0.0006117360563381438,0.5869084004515102,-0.20794892641108287,0.6746216742812321,0,-0.7354265541397541,-1.8904998932765478,0,0.002454297369362188,0.19655533240141673,18.0,1.0,0.0555555555555555,1.0,0.0,0.0,0.0,0.0,0.0,0.0,0.0,1
2026-04-16,0.04202356315373271,0.0060570649070280725,70.44524582788821,17.940000534057617,6.259584322936346,0.03148852097040798,0.009506235794238978,0.011882287279768212,0,-0.8987438916588577,0.03656716117278657,0.0015988513287320588,0.015999794006347656,-0.002595627362375465,0.0016303617133312145,0.823129657643328,-0.33543648006020516,0.8466236863775345,0,-0.5880734278667273,-1.4763086770440363,1,0.012013236382059651,1.011019679040886,15.0,0.0,0.0,0.0,0.0,0.0,0.0,0.0,0.0,0.0,0.0,1
2026-04-17,0.05380900297170761,0.009336193913949147,73.59111148485432,17.479999542236328,6.512403170408833,0.04416375694039969,0.009516893803723428,0.011966800492126879,0,-1.018836232143424,-0.12157895370705932,0.006364620920611635,-0.0710000991821289,-0.00498170351266317,-0.0012225220223565552,0.26604044449572417,-0.3194933443100881,0.18047624059293108,1,-0.44391339030960725,-1.467160060811606,0,-0.0020016695574076216,-0.16726842617960283,30.0,0.0,0.0,0.0,0.0,0.0,0.0,0.0,0.0,0.0,0.0,1
2026-04-20,0.05067440023741947,0.0053193908058687175,72.20509262337268,18.8700008392334,6.215378014113811,0.032437130653028286,0.009503686776886606,0.011271323048280253,0,-0.6944242712116225,0.0664374576358306,-0.0019169308007432376,-0.04699993133544922,0.0023176764863151443,-0.0005097672501352728,0.30133352730134016,-0.3500819620483258,0.5033031621618358,0,-0.547179331155071,-1.3633283523785198,-1,-0.006568474427903533,-0.5827593240096594,12.0,0.0,0.0,0.0,0.0,0.0,0.0,0.0,0.0,0.0,0.0,1
2026-04-21,0.04332112386568204,0.012271353310308472,67.71723052164447,19.5,5.369638621560035,0.013757413554876625,0.009547608501514681,0.011434654785490212,0,-0.5566674126788538,0.027733665601486168,0.0021988149715234905,0.03599977493286133,0.0038358324300739157,0.0036648783568095536,0.6634460034701174,-0.29343471035347823,0.6316652999109419,0,-0.7711843326249351,-0.8732316039286723,1,0.01007576539985774,0.8811596657073131,16.0,2.0,0.125,0.0,0.0,0.0,0.0,0.0,2.0,0.0,0.0,1
2026-04-22,0.053288738706281466,0.004541614156317998,70.72804675590055,18.920000076293945,4.963203594423139,0.01597315516596856,0.009610801199209384,0.011399767894845378,0,-0.7277737322581745,0.008968689946171731,0.00717509382969122,0.012000083923339844,-0.010644583637156958,0.001827337318442917,0.6666287496369557,-0.3537637580082657,0.6569504763408738,0,-0.8662385471904671,-0.6031980951338987,0,-0.0038882734971482065,-0.3410832678508905,17.0,5.0,0.1176470588235294,0.0,0.0,0.0,0.0,0.0,5.0,0.0,0.0,1
2026-04-23,0.04863545178537675,0.01422818248430183,68.08109825394824,19.309999465942383,4.210952253583949,0.009630584299457992,0.009615996355705272,0.011537831775057123,0,-0.6474032360281459,0.03061517031722216,-0.0024072791379044626,0.01399993896484375,0.002016623663603742,0.0021278361999452116,0.9007655477104088,-0.27136639221821074,0.8086320593118835,0,-0.8390729363439491,-0.30802418859096786,0,0.007719426373887486,0.6690528891265947,19.0,0.0,0.0,0.0,0.0,0.0,0.0,0.0,0.0,0.0,0.0,1
2026-04-24,0.056015588291548735,0.007647646747386317,70.45004999837377,18.709999084472656,3.7982823197363196,0.005336774291285834,0.009662624391465842,0.010352415773158541,0,-0.8267919814458723,-0.01524336425678093,0.0032412482902555153,0.06400012969970703,-0.006320843957494212,-0.0029395480890536487,0.7750476688148791,-0.38294373096694284,0.6913507128565574,1,-0.5594180497007267,-0.5836239873548763,0,0.0017213241598695744,0.16627254303359237,0.0,0.0,0.0,0.0,0.0,0.0,0.0,0.0,0.0,0.0,0.0,0
2026-04-27,0.05671716238349097,0.004656259587816182,70.96988833851267,18.020000457763672,3.3395673480402053,0.009059768008563049,0.009658416175373967,0.008984400793646425,0,-1.0232229650741,0.020653889048153545,-0.001079131410864422,0.08599996566772461,-0.0019447451852327674,-0.0003045715893419883,0.9772505267699799,-0.5441165062248876,0.7882726841415411,0,-0.011104699701615456,-0.5453473161198319,-1,-0.004877826001792575,-0.5429210789473323,0.0,0.0,0.0,0.0,0.0,0.0,0.0,0.0,0.0,0.0,0.0,0
2026-04-28,0.05058805268287694,0.005100542188818172,67.35934401625983,17.829999923706055,2.5678485822532924,0.010750416434674033,0.009673209974807757,0.00907432839085378,0,-1.078437576364045,0.036274965564013634,-0.004695172023552743,0.062000274658203125,0.0033862553898860678,0.0014205926824692504,1.1046980710319299,-0.5404443453008501,0.982445491829749,0,-0.6555618007546744,-0.2783209754079621,0,-0.0001545530367001282,-0.01703187935507293,0.0,0.0,0.0,0.0,0.0,0.0,0.0,0.0,0.0,0.0,0.0,0
2026-04-29,0.04947788179963728,0.00538241237507963,67.24290788447317,18.809999465942383,1.849612444243201,0.0005200979981159116,0.009655892214044807,0.0074136211695516934,0,-0.8354846028870943,0.06723674016293073,-0.0009699969695770148,0.12400007247924805,0.0001308885181156362,0.0030373154966233475,1.5969653988420347,-0.294437540800648,1.3816406704181925,0,-0.9124208755534728,0.2596375212558166,1,0.009900455774975739,1.3354394828323277,0.0,0.0,0.0,0.0,0.0,0.0,0.0,0.0,0.0,0.0,0.0,0
2026-04-30,0.05885040368800626,0.012996362910605736,70.74819061109999,16.889999389648438,1.6571789290106338,0.01430882727023985,0.009659853556216583,0.007483724529344752,0,-1.348280088271909,-0.01707989229434016,0.004277059332763839,0.06699991226196289,0.00838801045131827,-0.008527933285862791,1.327878841627511,-0.37358278190746924,1.2263750098087347,0,-0.6011481800263744,-0.9881578991989813,0,0.002765286895853703,0.36950627858466023,0.0,0.0,0.0,0.0,0.0,0.0,0.0,0.0,0.0,0.0,0.0,0
2026-05-01,0.06059379900925546,0.006105632782903212,71.66598258167157,16.989999771118164,1.4757931156601956,0.009354687792206148,0.00963516718289367,0.007446465486813181,0,-1.302752519224171,-0.03024236293484556,0.0035974883112158125,0.06799983978271484,-0.002039900945436756,0.001324542990650584,1.2011137659087037,-0.3399975532969595,0.9924755082648827,1,-0.7314163045416334,-0.7218082941760824,0,-0.003670106278149628,-0.4928648841520996,0.0,0.0,0.0,0.0,0.0,0.0,0.0,0.0,0.0,0.0,0.0,0
2026-05-04,0.0557619473454018,0.00993023047845795,68.59138794876756,18.290000915527344,1.0119967106421655,0.003963257354187023,0.0094923768672621,0.007678749903246314,0,-0.9289041669909406,0.043009083100958,-0.0008051767288607917,0.1100001335144043,0.0006192536545515912,0.002643911808868412,1.681145934113981,-0.27875768541300433,1.2447574090245306,0,-0.8842721185697198,-0.10399880977139822,1,0.007990179213504577,1.040555937961624,0.0,0.0,0.0,0.0,0.0,0.0,0.0,0.0,0.0,0.0,0.0,0
