date,step,model,params,delta,p_short,p_flat,p_long,mu_hat,position,realised_o2c,financing,calibration_skipped
2019-03-21,0,majority_baseline,{},0,0.2729545228,0.4601682731,0.2668772041,7.327374524e-05,0,-0.01401737564,1.84760274e-05,False
2019-03-22,0,majority_baseline,{},0,0.2729545228,0.4601682731,0.2668772041,7.327374524e-05,0,0.0006096512818,1.825342466e-05,False
2019-03-25,0,majority_baseline,{},0,0.2729545228,0.4601682731,0.2668772041,7.327374524e-05,0,0.0004626669987,1.825342466e-05,False
2019-03-26,0,majority_baseline,{},0,0.2729545228,0.4601682731,0.2668772041,7.327374524e-05,0,-0.005193666402,1.825342466e-05,False
2019-03-27,0,majority_baseline,{},0,0.2729545228,0.4601682731,0.2668772041,7.327374524e-05,0,0.001284056885,1.810502283e-05,False
2019-03-28,0,majority_baseline,{},0,0.2729545228,0.4601682731,0.2668772041,7.327374524e-05,0,0.000318695192,1.803082192e-05,False
2019-03-29,0,majority_baseline,{},0,0.2729545228,0.4601682731,0.2668772041,7.327374524e-05,0,0.003968999875,1.780821918e-05,False
2019-04-01,0,majority_baseline,{},0,0.2729545228,0.4601682731,0.2668772041,7.327374524e-05,0,-0.0002447462989,1.803082192e-05,False
2019-04-02,0,majority_baseline,{},0,0.2729545228,0.4601682731,0.2668772041,7.327374524e-05,0,-0.003132374765,1.7956621e-05,False
2019-04-03,0,majority_baseline,{},0,0.2729545228,0.4601682731,0.2668772041,7.327374524e-05,0,0.001394775957,1.810502283e-05,False
2019-04-04,0,majority_baseline,{},0,0.2729545228,0.4601682731,0.2668772041,7.327374524e-05,0,0.002257550167,1.810502283e-05,False
2019-04-05,0,majority_baseline,{},0,0.2729545228,0.4601682731,0.2668772041,7.327374524e-05,0,0.002395009953,1.810502283e-05,False
2019-04-08,0,majority_baseline,{},0,0.2729545228,0.4601682731,0.2668772041,7.327374524e-05,0,-0.001425009288,1.803082192e-05,False
2019-04-09,0,majority_baseline,{},0,0.2729545228,0.4601682731,0.2668772041,7.327374524e-05,0,0.00180706665,1.7956621e-05,False
2019-04-10,0,majority_baseline,{},0,0.2729545228,0.4601682731,0.2668772041,7.327374524e-05,0,-0.002146574385,1.803082192e-05,False
2019-04-11,0,majority_baseline,{},0,0.2729545228,0.4601682731,0.2668772041,7.327374524e-05,0,0.0005517369261,1.803082192e-05,False
2019-04-12,0,majority_baseline,{},0,0.2729545228,0.4601682731,0.2668772041,7.327374524e-05,0,-0.0009302266483,1.810502283e-05,False
2019-04-15,0,majority_baseline,{},0,0.2729545228,0.4601682731,0.2668772041,7.327374524e-05,0,-0.002715272352,1.803082192e-05,False
2019-04-16,0,majority_baseline,{},0,0.2729545228,0.4601682731,0.2668772041,7.327374524e-05,0,-0.006691769873,1.803082192e-05,False
2019-04-17,0,majority_baseline,{},0,0.2729545228,0.4601682731,0.2668772041,7.327374524e-05,0,-0.0002758259388,1.810502283e-05,False
2019-04-18,0,majority_baseline,{},0,0.2729545228,0.4601682731,0.2668772041,7.327374524e-05,0,0.003803906167,1.7956621e-05,False
2019-04-22,1,majority_baseline,{},0,0.2533437135,0.4899967412,0.2566595453,0.0001437966178,0,0.007568502496,1.810502283e-05,False
2019-04-23,1,majority_baseline,{},0,0.2533437135,0.4899967412,0.2566595453,0.0001437966178,0,-0.001912625327,1.817922374e-05,False
2019-04-24,1,majority_baseline,{},0,0.2533437135,0.4899967412,0.2566595453,0.0001437966178,0,-0.0002396526203,1.810502283e-05,False
2019-04-25,1,majority_baseline,{},0,0.2533437135,0.4899967412,0.2566595453,0.0001437966178,0,0.004484756721,1.803082192e-05,False
2019-04-26,1,majority_baseline,{},0,0.2533437135,0.4899967412,0.2566595453,0.0001437966178,0,0.001226483893,1.7956621e-05,False
2019-04-29,1,majority_baseline,{},0,0.2533437135,0.4899967412,0.2566595453,0.0001437966178,0,0.00180584978,1.810502283e-05,False
2019-04-30,1,majority_baseline,{},0,0.2533437135,0.4899967412,0.2566595453,0.0001437966178,0,-0.009873790722,1.803082192e-05,False
2019-05-01,1,majority_baseline,{},0,0.2533437135,0.4899967412,0.2566595453,0.0001437966178,0,-0.001714207405,1.803082192e-05,False
2019-05-02,1,majority_baseline,{},0,0.2533437135,0.4899967412,0.2566595453,0.0001437966178,0,0.004132201759,1.832762557e-05,False
2019-05-03,1,majority_baseline,{},0,0.2533437135,0.4899967412,0.2566595453,0.0001437966178,0,0.01234228949,1.803082192e-05,False
2019-05-06,1,majority_baseline,{},0,0.2533437135,0.4899967412,0.2566595453,0.0001437966178,0,-0.007651219325,1.810502283e-05,False
2019-05-07,1,majority_baseline,{},0,0.2533437135,0.4899967412,0.2566595453,0.0001437966178,0,0,1.803082192e-05,False
2019-05-08,1,majority_baseline,{},0,0.2533437135,0.4899967412,0.2566595453,0.0001437966178,0,0.005013472203,1.803082192e-05,False
2019-05-09,1,majority_baseline,{},0,0.2533437135,0.4899967412,0.2566595453,0.0001437966178,0,0.008682903989,1.803082192e-05,False
2019-05-10,1,majority_baseline,{},0,0.2533437135,0.4899967412,0.2566595453,0.0001437966178,0,-0.005523787385,1.803082192e-05,False
2019-05-13,1,majority_baseline,{},0,0.2533437135,0.4899967412,0.2566595453,0.0001437966178,0,0.005000190385,1.788242009e-05,False
2019-05-14,1,majority_baseline,{},0,0.2533437135,0.4899967412,0.2566595453,0.0001437966178,0,0.01232288516,1.788242009e-05,False
2019-05-15,1,majority_baseline,{},0,0.2533437135,0.4899967412,0.2566595453,0.0001437966178,0,0.006507192732,1.7956621e-05,False
2019-05-16,1,majority_baseline,{},0,0.2533437135,0.4899967412,0.2566595453,0.0001437966178,0,0.002454870152,1.780821918e-05,False
2019-05-17,1,majority_baseline,{},0,0.2533437135,0.4899967412,0.2566595453,0.0001437966178,0,-0.0003871906929,1.773401826e-05,False
2019-05-20,1,majority_baseline,{},0,0.2533437135,0.4899967412,0.2566595453,0.0001437966178,0,0.002379117588,1.773401826e-05,False
2019-05-21,2,majority_baseline,{},0,0.2571518746,0.483197196,0.2596509294,0.000175392027,0,0.0006305576426,1.773401826e-05,False
2019-05-22,2,majority_baseline,{},0,0.2571518746,0.483197196,0.2596509294,0.000175392027,0,-0.00360216476,1.765981735e-05,False
2019-05-23,2,majority_baseline,{},0,0.2571518746,0.483197196,0.2596509294,0.000175392027,0,-0.00338334907,1.758561644e-05,False
2019-05-24,2,majority_baseline,{},0,0.2571518746,0.483197196,0.2596509294,0.000175392027,0,-0.01038539833,1.743721461e-05,False
2019-05-28,2,majority_baseline,{},0,0.2571518746,0.483197196,0.2596509294,0.000175392027,0,-0.002294699211,1.758561644e-05,False
2019-05-29,2,majority_baseline,{},0,0.2571518746,0.483197196,0.2596509294,0.000175392027,0,-0.0002865774573,1.758561644e-05,False
2019-05-30,2,majority_baseline,{},0,0.2571518746,0.483197196,0.2596509294,0.000175392027,0,-0.003367208965,1.765981735e-05,False
2019-05-31,2,majority_baseline,{},0,0.2571518746,0.483197196,0.2596509294,0.000175392027,0,-0.002687843638,1.743721461e-05,False
2019-06-03,2,majority_baseline,{},0,0.2571518746,0.483197196,0.2596509294,0.000175392027,0,0.01230515176,1.743721461e-05,False
2019-06-04,2,majority_baseline,{},0,0.2571518746,0.483197196,0.2596509294,0.000175392027,0,0.002231448504,1.743721461e-05,False
2019-06-05,2,majority_baseline,{},0,0.2571518746,0.483197196,0.2596509294,0.000175392027,0,0.00533015378,1.743721461e-05,False
2019-06-06,2,majority_baseline,{},0,0.2571518746,0.483197196,0.2596509294,0.000175392027,0,0.006015462756,1.728881279e-05,False
2019-06-07,2,majority_baseline,{},0,0.2571518746,0.483197196,0.2596509294,0.000175392027,0,-0.001382292397,1.691780822e-05,False
2019-06-10,2,majority_baseline,{},0,0.2571518746,0.483197196,0.2596509294,0.000175392027,0,-0.007182365172,1.699200913e-05,False
2019-06-11,2,majority_baseline,{},0,0.2571518746,0.483197196,0.2596509294,0.000175392027,0,-0.0008661306391,1.684360731e-05,False
2019-06-12,2,majority_baseline,{},0,0.2571518746,0.483197196,0.2596509294,0.000175392027,0,0.0006219509628,1.662100457e-05,False
2019-06-13,2,majority_baseline,{},0,0.2571518746,0.483197196,0.2596509294,0.000175392027,0,0,1.625e-05,False
2019-06-14,2,majority_baseline,{},0,0.2571518746,0.483197196,0.2596509294,0.000175392027,0,-0.0005180776735,1.632420091e-05,False
2019-06-17,2,majority_baseline,{},0,0.2571518746,0.483197196,0.2596509294,0.000175392027,0,0.003466073524,1.654680365e-05,False
2019-06-18,2,majority_baseline,{},0,0.2571518746,0.483197196,0.2596509294,0.000175392027,0,0.001743324852,1.647260274e-05,False
2019-06-19,2,majority_baseline,{},0,0.2571518746,0.483197196,0.2596509294,0.000175392027,0,-0.0006081043424,1.617579909e-05,False
2019-06-20,3,majority_baseline,{},0,0.2469801536,0.4899595318,0.2630603146,0.0002737635708,0,-0.0004419978179,1.587899543e-05,False
2019-06-21,3,majority_baseline,{},0,0.2469801536,0.4899595318,0.2630603146,0.0002737635708,0,-0.002005221557,1.565639269e-05,False
2019-06-24,3,majority_baseline,{},0,0.2469801536,0.4899595318,0.2630603146,0.0002737635708,0,-0.01001022242,1.580479452e-05,False
2019-06-25,3,majority_baseline,{},0,0.2469801536,0.4899595318,0.2630603146,0.0002737635708,0,-0.004387313858,1.573059361e-05,False
2019-06-26,3,majority_baseline,{},0,0.2469801536,0.4899595318,0.2630603146,0.0002737635708,0,0.0006522348034,1.595319635e-05,False
2019-06-27,3,majority_baseline,{},0,0.2469801536,0.4899595318,0.2630603146,0.0002737635708,0,0.001435550782,1.587899543e-05,False
2019-06-28,3,majority_baseline,{},0,0.2469801536,0.4899595318,0.2630603146,0.0002737635708,0,-0.003438010839,1.573059361e-05,False
2019-07-01,3,majority_baseline,{},0,0.2469801536,0.4899595318,0.2630603146,0.0002737635708,0,0.002773950079,1.639840183e-05,False
2019-07-02,3,majority_baseline,{},0,0.2469801536,0.4899595318,0.2630603146,0.0002737635708,0,0.005451225563,8.789954338e-06,False
2019-07-03,3,majority_baseline,{},0,0.2469801536,0.4899595318,0.2630603146,0.0002737635708,0,0.003429225871,1.639840183e-05,False
2019-07-05,3,majority_baseline,{},0,0.2469801536,0.4899595318,0.2630603146,0.0002737635708,0,-0.0006397175042,1.654680365e-05,False
2019-07-08,3,majority_baseline,{},0,0.2469801536,0.4899595318,0.2630603146,0.0002737635708,0,0.005582979749,1.676940639e-05,False
2019-07-09,3,majority_baseline,{},0,0.2469801536,0.4899595318,0.2630603146,0.0002737635708,0,0.0008043374889,1.676940639e-05,False
2019-07-10,3,majority_baseline,{},0,0.2469801536,0.4899595318,0.2630603146,0.0002737635708,0,-3.344161618e-05,1.632420091e-05,False
2019-07-11,3,majority_baseline,{},0,0.2469801536,0.4899595318,0.2630603146,0.0002737635708,0,0.002667959904,1.610159817e-05,False
2019-07-12,3,majority_baseline,{},0,0.2469801536,0.4899595318,0.2630603146,0.0002737635708,0,-0.001261929604,1.587899543e-05,False
2019-07-15,3,majority_baseline,{},0,0.2469801536,0.4899595318,0.2630603146,0.0002737635708,0,-0.002893714244,1.602739726e-05,False
2019-07-16,3,majority_baseline,{},0,0.2469801536,0.4899595318,0.2630603146,0.0002737635708,0,-0.0067056204,1.595319635e-05,False
2019-07-17,3,majority_baseline,{},0,0.2469801536,0.4899595318,0.2630603146,0.0002737635708,0,0.005518301644,1.587899543e-05,False
2019-07-18,3,majority_baseline,{},0,0.2469801536,0.4899595318,0.2630603146,0.0002737635708,0,-0.009565374977,1.521118721e-05,False
2019-07-19,3,majority_baseline,{},0,0.2469801536,0.4899595318,0.2630603146,0.0002737635708,0,0.0009744582877,1.528538813e-05,False
2019-07-22,4,majority_baseline,{},0,0.2467142722,0.486822886,0.2664628418,0.0002839683159,0,0.002975142303,1.550799087e-05,False
2019-07-23,4,majority_baseline,{},0,0.2467142722,0.486822886,0.2664628418,0.0002839683159,0,0.007520304608,1.528538813e-05,False
2019-07-24,4,majority_baseline,{},0,0.2467142722,0.486822886,0.2664628418,0.0002839683159,0,-0.003123554259,1.558219178e-05,False
2019-07-25,4,majority_baseline,{},0,0.2467142722,0.486822886,0.2664628418,0.0002839683159,0,0.004156137655,1.558219178e-05,False
2019-07-26,4,majority_baseline,{},0,0.2467142722,0.486822886,0.2664628418,0.0002839683159,0,-0.001391325732,1.573059361e-05,False
2019-07-29,4,majority_baseline,{},0,0.2467142722,0.486822886,0.2664628418,0.0002839683159,0,0.0027008019,1.573059361e-05,False
2019-07-30,4,majority_baseline,{},0,0.2467142722,0.486822886,0.2664628418,0.0002839683159,0,-0.01182762761,1.543378995e-05,False
2019-07-31,4,majority_baseline,{},0,0.2467142722,0.486822886,0.2664628418,0.0002839683159,0,-0.009274226063,1.543378995e-05,False
2019-08-01,4,majority_baseline,{},0,0.2467142722,0.486822886,0.2664628418,0.0002839683159,0,-0.00418584658,1.535958904e-05,False
2019-08-02,4,majority_baseline,{},0,0.2467142722,0.486822886,0.2664628418,0.0002839683159,0,-0.01482171908,1.528538813e-05,False
2019-08-05,4,majority_baseline,{},0,0.2467142722,0.486822886,0.2664628418,0.0002839683159,0,0.006610416357,1.521118721e-05,False
2019-08-06,4,majority_baseline,{},0,0.2467142722,0.486822886,0.2664628418,0.0002839683159,0,0.01255276835,1.521118721e-05,False
2019-08-07,4,majority_baseline,{},0,0.2467142722,0.486822886,0.2664628418,0.0002839683159,0,0.0138112013,1.498858447e-05,False
2019-08-08,4,majority_baseline,{},0,0.2467142722,0.486822886,0.2664628418,0.0002839683159,0,-0.003281124822,1.498858447e-05,False
2019-08-09,4,majority_baseline,{},0,0.2467142722,0.486822886,0.2664628418,0.0002839683159,0,-0.006518085846,1.484018265e-05,False
2019-08-12,4,majority_baseline,{},0,0.2467142722,0.486822886,0.2664628418,0.0002839683159,0,0.01671647214,1.484018265e-05,False
2019-08-13,4,majority_baseline,{},0,0.2467142722,0.486822886,0.2664628418,0.0002839683159,0,-0.01447569452,1.484018265e-05,False
2019-08-14,4,majority_baseline,{},0,0.2467142722,0.486822886,0.2664628418,0.0002839683159,0,-0.0008073960717,1.4543379e-05,False
2019-08-15,4,majority_baseline,{},0,0.2467142722,0.486822886,0.2664628418,0.0002839683159,0,0.008272811545,1.417237443e-05,False
2019-08-16,4,majority_baseline,{},0,0.2467142722,0.486822886,0.2664628418,0.0002839683159,0,0.0004790858891,1.387557078e-05,False
2019-08-19,4,majority_baseline,{},0,0.2467142722,0.486822886,0.2664628418,0.0002839683159,0,-0.005757934855,1.439497717e-05,False
2019-08-20,5,majority_baseline,{},0,0.2598949326,0.4702065239,0.2698985435,0.0002008908273,0,-0.0001025669073,1.439497717e-05,False
2019-08-21,5,majority_baseline,{},0,0.2598949326,0.4702065239,0.2698985435,0.0002008908273,0,-0.002967041424,1.461757991e-05,False
2019-08-22,5,majority_baseline,{},0,0.2598949326,0.4702065239,0.2698985435,0.0002008908273,0,-0.02086486703,1.484018265e-05,False
2019-08-23,5,majority_baseline,{},0,0.2598949326,0.4702065239,0.2698985435,0.0002008908273,0,0.002541201738,1.461757991e-05,False
2019-08-26,5,majority_baseline,{},0,0.2598949326,0.4702065239,0.2698985435,0.0002008908273,0,-0.00922156977,1.491438356e-05,False
2019-08-27,5,majority_baseline,{},0,0.2598949326,0.4702065239,0.2698985435,0.0002008908273,0,0.00961067957,1.469178082e-05,False
2019-08-28,5,majority_baseline,{},0,0.2598949326,0.4702065239,0.2698985435,0.0002008908273,0,0.002947982378,1.476598174e-05,False
2019-08-29,5,majority_baseline,{},0,0.2598949326,0.4702065239,0.2698985435,0.0002008908273,0,-0.006015869119,1.476598174e-05,False
2019-08-30,5,majority_baseline,{},0,0.2598949326,0.4702065239,0.2698985435,0.0002008908273,0,0.0005849982932,1.476598174e-05,False
2019-09-03,5,majority_baseline,{},0,0.2598949326,0.4702065239,0.2698985435,0.0002008908273,0,0.003070184581,1.469178082e-05,False
2019-09-04,5,majority_baseline,{},0,0.2598949326,0.4702065239,0.2698985435,0.0002008908273,0,0.003470462992,1.461757991e-05,False
2019-09-05,5,majority_baseline,{},0,0.2598949326,0.4702065239,0.2698985435,0.0002008908273,0,-0.0004025409508,1.461757991e-05,False
2019-09-06,5,majority_baseline,{},0,0.2598949326,0.4702065239,0.2698985435,0.0002008908273,0,-0.003142349242,1.4543379e-05,False
2019-09-09,5,majority_baseline,{},0,0.2598949326,0.4702065239,0.2698985435,0.0002008908273,0,0.002589519492,1.4543379e-05,False
2019-09-10,5,majority_baseline,{},0,0.2598949326,0.4702065239,0.2698985435,0.0002008908273,0,0.005963744407,1.446917808e-05,False
2019-09-11,5,majority_baseline,{},0,0.2598949326,0.4702065239,0.2698985435,0.0002008908273,0,0.0001328083613,1.4543379e-05,False
2019-09-12,5,majority_baseline,{},0,0.2598949326,0.4702065239,0.2698985435,0.0002008908273,0,-0.00228644175,1.446917808e-05,False
2019-09-13,5,majority_baseline,{},0,0.2598949326,0.4702065239,0.2698985435,0.0002008908273,0,0.001067260474,1.4543379e-05,False
2019-09-16,5,majority_baseline,{},0,0.2598949326,0.4702065239,0.2698985435,0.0002008908273,0,0.003267356763,1.476598174e-05,False
2019-09-17,5,majority_baseline,{},0,0.2598949326,0.4702065239,0.2698985435,0.0002008908273,0,0.002030070444,1.476598174e-05,False
2019-09-18,5,majority_baseline,{},0,0.2598949326,0.4702065239,0.2698985435,0.0002008908273,0,-0.001492429298,1.446917808e-05,False
2019-09-19,6,majority_baseline,{},0,0.2500238407,0.4933114141,0.2566647452,0.0001780742372,0,-0.00692497886,1.432077626e-05,False
2019-09-20,6,majority_baseline,{},0,0.2500238407,0.4933114141,0.2566647452,0.0001780742372,0,0.002218126935,1.417237443e-05,False
2019-09-23,6,majority_baseline,{},0,0.2500238407,0.4933114141,0.2566647452,0.0001780742372,0,-0.01182328062,1.439497717e-05,False
2019-09-24,6,majority_baseline,{},0,0.2500238407,0.4933114141,0.2566647452,0.0001780742372,0,0.005608878782,1.424657534e-05,False
2019-09-25,6,majority_baseline,{},0,0.2500238407,0.4933114141,0.2566647452,0.0001780742372,0,-0.002116738586,1.40239726e-05,False
2019-09-26,6,majority_baseline,{},0,0.2500238407,0.4933114141,0.2566647452,0.0001780742372,0,-0.0081589926,1.357876712e-05,False
2019-09-27,6,majority_baseline,{},0,0.2500238407,0.4933114141,0.2566647452,0.0001780742372,0,0.002702935246,1.335616438e-05,False
2019-09-30,6,majority_baseline,{},0,0.2500238407,0.4933114141,0.2566647452,0.0001780742372,0,-0.01511385802,1.394977169e-05,False
2019-10-01,6,majority_baseline,{},0,0.2500238407,0.4933114141,0.2566647452,0.0001780742372,0,-0.01180103725,1.350456621e-05,False
2019-10-02,6,majority_baseline,{},0,0.2500238407,0.4933114141,0.2566647452,0.0001780742372,0,0.009068537605,1.328196347e-05,False
2019-10-03,6,majority_baseline,{},0,0.2500238407,0.4933114141,0.2566647452,0.0001780742372,0,0.01102559337,1.261415525e-05,False
2019-10-04,6,majority_baseline,{},0,0.2500238407,0.4933114141,0.2566647452,0.0001780742372,0,-0.001328975843,1.268835616e-05,False
2019-10-07,6,majority_baseline,{},0,0.2500238407,0.4933114141,0.2566647452,0.0001780742372,0,-0.008624277566,1.298515982e-05,False
2019-10-08,6,majority_baseline,{},0,0.2500238407,0.4933114141,0.2566647452,0.0001780742372,0,0.00178844026,1.276255708e-05,False
2019-10-09,6,majority_baseline,{},0,0.2500238407,0.4933114141,0.2566647452,0.0001780742372,0,0.007074653583,1.253995434e-05,False
2019-10-10,6,majority_baseline,{},0,0.2500238407,0.4933114141,0.2566647452,0.0001780742372,0,3.378612164e-05,1.246575342e-05,False
2019-10-11,6,majority_baseline,{},0,0.2500238407,0.4933114141,0.2566647452,0.0001780742372,0,6.764951244e-05,1.246575342e-05,False
2019-10-14,6,majority_baseline,{},0,0.2500238407,0.4933114141,0.2566647452,0.0001780742372,0,0.005991244311,1.246575342e-05,False
2019-10-15,6,majority_baseline,{},0,0.2500238407,0.4933114141,0.2566647452,0.0001780742372,0,0.0001005422544,1.239155251e-05,False
2019-10-16,6,majority_baseline,{},0,0.2500238407,0.4933114141,0.2566647452,0.0001780742372,0,-0.001334736792,1.23173516e-05,False
2019-10-17,6,majority_baseline,{},0,0.2500238407,0.4933114141,0.2566647452,0.0001780742372,0,-0.002410530249,1.23173516e-05,False
2019-10-18,7,majority_baseline,{},0,0.2575885131,0.4858769043,0.2565345827,9.178036795e-05,0,0.00190360291,1.23173516e-05,False
2019-10-21,7,majority_baseline,{},0,0.2575885131,0.4858769043,0.2565345827,9.178036795e-05,0,-0.005223158056,1.239155251e-05,False
2019-10-22,7,majority_baseline,{},0,0.2575885131,0.4858769043,0.2565345827,9.178036795e-05,0,0.003849609752,1.224315068e-05,False
2019-10-23,7,majority_baseline,{},0,0.2575885131,0.4858769043,0.2565345827,9.178036795e-05,0,-0.001794584665,1.224315068e-05,False
2019-10-24,7,majority_baseline,{},0,0.2575885131,0.4858769043,0.2565345827,9.178036795e-05,0,0.006205431028,1.239155251e-05,False
2019-10-25,7,majority_baseline,{},0,0.2575885131,0.4858769043,0.2565345827,9.178036795e-05,0,0.001188305936,1.23173516e-05,False
2019-10-28,7,majority_baseline,{},0,0.2575885131,0.4858769043,0.2565345827,9.178036795e-05,0,0.0006930411367,1.224315068e-05,False
2019-10-29,7,majority_baseline,{},0,0.2575885131,0.4858769043,0.2565345827,9.178036795e-05,0,0.002339986058,1.209474886e-05,False
2019-10-30,7,majority_baseline,{},0,0.2575885131,0.4858769043,0.2565345827,9.178036795e-05,0,-0.002630514299,1.202054795e-05,False
2019-10-31,7,majority_baseline,{},0,0.2575885131,0.4858769043,0.2565345827,9.178036795e-05,0,0.00400105313,1.142694064e-05,False
2019-11-01,7,majority_baseline,{},0,0.2575885131,0.4858769043,0.2565345827,9.178036795e-05,0,-0.00155923642,1.127853881e-05,False
2019-11-04,7,majority_baseline,{},0,0.2575885131,0.4858769043,0.2565345827,9.178036795e-05,0,-0.001820597341,1.135273973e-05,False
2019-11-05,7,majority_baseline,{},0,0.2575885131,0.4858769043,0.2565345827,9.178036795e-05,0,0.0002280143962,1.157534247e-05,False
2019-11-06,7,majority_baseline,{},0,0.2575885131,0.4858769043,0.2565345827,9.178036795e-05,0,-0.001263942039,1.157534247e-05,False
2019-11-07,7,majority_baseline,{},0,0.2575885131,0.4858769043,0.2565345827,9.178036795e-05,0,0.003703751624,1.157534247e-05,False
2019-11-08,7,majority_baseline,{},0,0.2575885131,0.4858769043,0.2565345827,9.178036795e-05,0,0.003025153104,1.150114155e-05,False
2019-11-11,7,majority_baseline,{},0,0.2575885131,0.4858769043,0.2565345827,9.178036795e-05,0,0.0008097165509,1.150114155e-05,False
2019-11-12,7,majority_baseline,{},0,0.2575885131,0.4858769043,0.2565345827,9.178036795e-05,0,0.003864773546,1.179794521e-05,False
2019-11-13,7,majority_baseline,{},0,0.2575885131,0.4858769043,0.2565345827,9.178036795e-05,0,0.002461152465,1.164954338e-05,False
2019-11-14,7,majority_baseline,{},0,0.2575885131,0.4858769043,0.2565345827,9.178036795e-05,0,0.002475787953,1.164954338e-05,False
2019-11-15,7,majority_baseline,{},0,0.2575885131,0.4858769043,0.2565345827,9.178036795e-05,0,0.00157285078,1.164954338e-05,False
2019-11-18,8,majority_baseline,{},0,0.2473210145,0.496075636,0.2566033495,0.000193856464,0,-0.002398618609,1.164954338e-05,False
2019-11-19,8,majority_baseline,{},0,0.2473210145,0.496075636,0.2566033495,0.000193856464,0,-0.001638427664,1.164954338e-05,False
2019-11-20,8,majority_baseline,{},0,0.2473210145,0.496075636,0.2566033495,0.000193856464,0,-0.001994356931,1.164954338e-05,False
2019-11-21,8,majority_baseline,{},0,0.2473210145,0.496075636,0.2566033495,0.000193856464,0,-0.0004179012977,1.172374429e-05,False
2019-11-22,8,majority_baseline,{},0,0.2473210145,0.496075636,0.2566033495,0.000193856464,0,0.004455362723,1.172374429e-05,False
2019-11-25,8,majority_baseline,{},0,0.2473210145,0.496075636,0.2566033495,0.000193856464,0,0.002137720393,1.194634703e-05,False
2019-11-26,8,majority_baseline,{},0,0.2473210145,0.496075636,0.2566033495,0.000193856464,0,0.002765410084,1.187214612e-05,False
2019-11-27,8,majority_baseline,{},0,0.2473210145,0.496075636,0.2566033495,0.000193856464,0,-0.001746769369,6.47260274e-06,False
2019-11-29,8,majority_baseline,{},0,0.2473210145,0.496075636,0.2566033495,0.000193856464,0,-0.009377226682,1.179794521e-05,False
2019-12-02,8,majority_baseline,{},0,0.2473210145,0.496075636,0.2566033495,0.000193856464,0,0.002915904371,1.187214612e-05,False
2019-12-03,8,majority_baseline,{},0,0.2473210145,0.496075636,0.2566033495,0.000193856464,0,0.002446022675,1.164954338e-05,False
2019-12-04,8,majority_baseline,{},0,0.2473210145,0.496075636,0.2566033495,0.000193856464,0,-0.0006726513704,1.150114155e-05,False
2019-12-05,8,majority_baseline,{},0,0.2473210145,0.496075636,0.2566033495,0.000193856464,0,0.002387622839,1.142694064e-05,False
2019-12-06,8,majority_baseline,{},0,0.2473210145,0.496075636,0.2566033495,0.000193856464,0,-0.001780935947,1.135273973e-05,False
2019-12-09,8,majority_baseline,{},0,0.2473210145,0.496075636,0.2566033495,0.000193856464,0,-0.0009241237478,1.142694064e-05,False
2019-12-10,8,majority_baseline,{},0,0.2473210145,0.496075636,0.2566033495,0.000193856464,0,0.001241966317,1.157534247e-05,False
2019-12-11,8,majority_baseline,{},0,0.2473210145,0.496075636,0.2566033495,0.000193856464,0,0.008587005792,1.164954338e-05,False
2019-12-12,8,majority_baseline,{},0,0.2473210145,0.496075636,0.2566033495,0.000193856464,0,0.001420179434,1.157534247e-05,False
2019-12-13,8,majority_baseline,{},0,0.2473210145,0.496075636,0.2566033495,0.000193856464,0,0.0008771342637,1.164954338e-05,False
2019-12-16,8,majority_baseline,{},0,0.2473210145,0.496075636,0.2566033495,0.000193856464,0,-0.001094042413,1.164954338e-05,False
2019-12-17,8,majority_baseline,{},0,0.2473210145,0.496075636,0.2566033495,0.000193856464,0,-0.001281261579,1.157534247e-05,False
2019-12-18,9,majority_baseline,{},0,0.2400649047,0.4999386309,0.2599964644,0.0002778066304,0,0.003439669079,1.157534247e-05,False
2019-12-19,9,majority_baseline,{},0,0.2400649047,0.4999386309,0.2599964644,0.0002778066304,0,0.0008425999445,1.164954338e-05,False
2019-12-20,9,majority_baseline,{},0,0.2400649047,0.4999386309,0.2599964644,0.0002778066304,0,-0.001150518183,1.172374429e-05,False
2019-12-23,9,majority_baseline,{},0,0.2400649047,0.4999386309,0.2599964644,0.0002778066304,0,-0.0007465398329,6.352739726e-06,False
2019-12-24,9,majority_baseline,{},0,0.2400649047,0.4999386309,0.2599964644,0.0002778066304,0,0.00401059727,1.172374429e-05,False
2019-12-26,9,majority_baseline,{},0,0.2400649047,0.4999386309,0.2599964644,0.0002778066304,0,-0.002718245826,1.172374429e-05,False
2019-12-27,9,majority_baseline,{},0,0.2400649047,0.4999386309,0.2599964644,0.0002778066304,0,-0.005790449212,1.164954338e-05,False
2019-12-30,9,majority_baseline,{},0,0.2400649047,0.4999386309,0.2599964644,0.0002778066304,0,0.00414933557,1.164954338e-05,False
2019-12-31,9,majority_baseline,{},0,0.2400649047,0.4999386309,0.2599964644,0.0002778066304,0,0.004110733043,1.150114155e-05,False
2020-01-02,9,majority_baseline,{},0,0.2400649047,0.4999386309,0.2599964644,0.0002778066304,0,0.003892140817,1.142694064e-05,False
2020-01-03,9,majority_baseline,{},0,0.2400649047,0.4999386309,0.2599964644,0.0002778066304,0,0.009828776447,1.127853881e-05,False
2020-01-06,9,majority_baseline,{},0,0.2400649047,0.4999386309,0.2599964644,0.0002778066304,0,-0.0008977090398,1.157534247e-05,False
2020-01-07,9,majority_baseline,{},0,0.2400649047,0.4999386309,0.2599964644,0.0002778066304,0,0.004675821447,1.142694064e-05,False
2020-01-08,9,majority_baseline,{},0,0.2400649047,0.4999386309,0.2599964644,0.0002778066304,0,0.001502300162,1.142694064e-05,False
2020-01-09,9,majority_baseline,{},0,0.2400649047,0.4999386309,0.2599964644,0.0002778066304,0,-0.00482757507,1.142694064e-05,False
2020-01-10,9,majority_baseline,{},0,0.2400649047,0.4999386309,0.2599964644,0.0002778066304,0,0.004779550493,1.142694064e-05,False
2020-01-13,9,majority_baseline,{},0,0.2400649047,0.4999386309,0.2599964644,0.0002778066304,0,-6.104084549e-05,1.164954338e-05,False
2020-01-14,9,majority_baseline,{},0,0.2400649047,0.4999386309,0.2599964644,0.0002778066304,0,0.002566049583,1.164954338e-05,False
2020-01-15,9,majority_baseline,{},0,0.2400649047,0.4999386309,0.2599964644,0.0002778066304,0,0.003700337151,1.164954338e-05,False
2020-01-16,9,majority_baseline,{},0,0.2400649047,0.4999386309,0.2599964644,0.0002778066304,0,0.0007536928732,1.150114155e-05,False
2020-01-17,9,majority_baseline,{},0,0.2400649047,0.4999386309,0.2599964644,0.0002778066304,0,0.001208806246,1.157534247e-05,False
2020-01-21,10,majority_baseline,{},0,0.2298857737,0.4999728388,0.2701413876,0.0004511844333,1,-0.002708866875,1.157534247e-05,False
2020-01-22,10,majority_baseline,{},0,0.2298857737,0.4999728388,0.2701413876,0.0004511844333,1,0.003296725543,1.150114155e-05,False
2020-01-23,10,majority_baseline,{},0,0.2298857737,0.4999728388,0.2701413876,0.0004511844333,1,-0.01103962643,1.150114155e-05,False
2020-01-24,10,majority_baseline,{},0,0.2298857737,0.4999728388,0.2701413876,0.0004511844333,1,0.001454977053,1.142694064e-05,False
2020-01-27,10,majority_baseline,{},0,0.2298857737,0.4999728388,0.2701413876,0.0004511844333,1,0.005629782513,1.150114155e-05,False
2020-01-28,10,majority_baseline,{},0,0.2298857737,0.4999728388,0.2701413876,0.0004511844333,1,-0.005359674187,1.164954338e-05,False
2020-01-29,10,majority_baseline,{},0,0.2298857737,0.4999728388,0.2701413876,0.0004511844333,1,0.01023556366,1.157534247e-05,False
2020-01-30,10,majority_baseline,{},0,0.2298857737,0.4999728388,0.2701413876,0.0004511844333,1,-0.01611617458,1.164954338e-05,False
2020-01-31,10,majority_baseline,{},0,0.2298857737,0.4999728388,0.2701413876,0.0004511844333,1,0.002381286554,1.150114155e-05,False
2020-02-03,10,majority_baseline,{},0,0.2298857737,0.4999728388,0.2701413876,0.0004511844333,1,0.003017618655,1.164954338e-05,False
2020-02-04,10,majority_baseline,{},0,0.2298857737,0.4999728388,0.2701413876,0.0004511844333,1,0.001775653612,1.164954338e-05,False
2020-02-05,10,majority_baseline,{},0,0.2298857737,0.4999728388,0.2701413876,0.0004511844333,1,0.0002096591889,1.164954338e-05,False
2020-02-06,10,majority_baseline,{},0,0.2298857737,0.4999728388,0.2701413876,0.0004511844333,1,-0.00186285428,1.164954338e-05,False
2020-02-07,10,majority_baseline,{},0,0.2298857737,0.4999728388,0.2701413876,0.0004511844333,1,0.01041566758,1.157534247e-05,False
2020-02-10,10,majority_baseline,{},0,0.2298857737,0.4999728388,0.2701413876,0.0004511844333,1,-0.002677278304,1.172374429e-05,False
2020-02-11,10,majority_baseline,{},0,0.2298857737,0.4999728388,0.2701413876,0.0004511844333,1,0.001751705385,1.164954338e-05,False
2020-02-12,10,majority_baseline,{},0,0.2298857737,0.4999728388,0.2701413876,0.0004511844333,1,0.003572953787,1.172374429e-05,False
2020-02-13,10,majority_baseline,{},0,0.2298857737,0.4999728388,0.2701413876,0.0004511844333,1,0.0002666478923,1.179794521e-05,False
2020-02-14,10,majority_baseline,{},0,0.2298857737,0.4999728388,0.2701413876,0.0004511844333,1,0.0006537731696,1.172374429e-05,False
2020-02-18,10,majority_baseline,{},0,0.2298857737,0.4999728388,0.2701413876,0.0004511844333,1,0.001628194548,1.172374429e-05,False
2020-02-19,10,majority_baseline,{},0,0.2298857737,0.4999728388,0.2701413876,0.0004511844333,1,-0.00233901231,1.172374429e-05,False
2020-02-20,11,majority_baseline,{},0,0.2265539795,0.5136157215,0.259830299,0.0004096312932,0,-0.005931946786,1.172374429e-05,False
2020-02-21,11,majority_baseline,{},0,0.2265539795,0.5136157215,0.259830299,0.0004096312932,0,-0.002228140101,1.157534247e-05,False
2020-02-24,11,majority_baseline,{},0,0.2265539795,0.5136157215,0.259830299,0.0004096312932,0,-0.03485215935,1.135273973e-05,False
2020-02-25,11,majority_baseline,{},0,0.2265539795,0.5136157215,0.259830299,0.0004096312932,0,-0.008530118866,1.135273973e-05,False
2020-02-26,11,majority_baseline,{},0,0.2265539795,0.5136157215,0.259830299,0.0004096312932,0,-0.02602626167,1.135273973e-05,False
2020-02-27,11,majority_baseline,{},0,0.2265539795,0.5136157215,0.259830299,0.0004096312932,0,0.02618634294,1.075913242e-05,False
2020-02-28,11,majority_baseline,{},0,0.2265539795,0.5136157215,0.259830299,0.0004096312932,1,0.03648437397,9.423515982e-06,False
2020-03-02,11,majority_baseline,{},0,0.2265539795,0.5136157215,0.259830299,0.0004096312932,1,-0.02991925619,8.384703196e-06,False
2020-03-03,11,majority_baseline,{},0,0.2265539795,0.5136157215,0.259830299,0.0004096312932,1,0.02201747794,7.049086758e-06,False
2020-03-04,11,majority_baseline,{},0,0.2265539795,0.5136157215,0.259830299,0.0004096312932,1,-0.008262900663,5.342465753e-06,False
2020-03-05,11,majority_baseline,{},0,0.2265539795,0.5136157215,0.259830299,0.0004096312932,1,0.01470236297,4.600456621e-06,False
2020-03-06,11,majority_baseline,{},0,0.2265539795,0.5136157215,0.259830299,0.0004096312932,1,-0.003886585217,3.339041096e-06,False
2020-03-09,11,majority_baseline,{},0,0.2265539795,0.5136157215,0.259830299,0.0004096312932,1,0.01327992756,2.448630137e-06,False
2020-03-10,11,majority_baseline,{},0,0.2265539795,0.5136157215,0.259830299,0.0004096312932,1,-0.02258648597,3.264840183e-06,False
2020-03-11,11,majority_baseline,{},0,0.2265539795,0.5136157215,0.259830299,0.0004096312932,1,-0.03082031038,3.116438356e-06,False
2020-03-12,11,majority_baseline,{},0,0.2265539795,0.5136157215,0.259830299,0.0004096312932,1,0.02368015147,2.448630137e-06,False
2020-03-13,11,majority_baseline,{},0,0.2265539795,0.5136157215,0.259830299,0.0004096312932,1,-0.005514498139,2.077625571e-06,False
2020-03-16,11,majority_baseline,{},0,0.2265539795,0.5136157215,0.259830299,0.0004096312932,1,0.03166833973,1.780821918e-06,False
2020-03-17,11,majority_baseline,{},0,0.2265539795,0.5136157215,0.259830299,0.0004096312932,1,0.01587301626,1.409817352e-06,False
2020-03-18,11,majority_baseline,{},0,0.2265539795,0.5136157215,0.259830299,0.0004096312932,1,0.005266434536,1.484018265e-07,False
2020-03-19,11,majority_baseline,{},0,0.2265539795,0.5136157215,0.259830299,0.0004096312932,1,-0.05661153593,2.96803653e-07,False
2020-03-20,12,majority_baseline,{},0,0.2136903748,0.5234772961,0.2628323292,0.00051722407,1,-0.02296334418,3.710045662e-07,False
2020-03-23,12,majority_baseline,{},0,0.2136903748,0.5234772961,0.2628323292,0.00051722407,1,0.03724083145,1.484018265e-07,False
2020-03-24,12,majority_baseline,{},0,0.2136903748,0.5234772961,0.2628323292,0.00051722407,1,0.007840887925,7.420091324e-08,False
2020-03-25,12,majority_baseline,{},0,0.2136903748,0.5234772961,0.2628323292,0.00051722407,1,0.04680990602,0,False
2020-03-26,12,majority_baseline,{},0,0.2136903748,0.5234772961,0.2628323292,0.00051722407,1,0.0005922292756,0,False
2020-03-27,12,majority_baseline,{},0,0.2136903748,0.5234772961,0.2628323292,0.00051722407,1,0.02326944482,2.226027397e-07,False
2020-03-30,12,majority_baseline,{},0,0.2136903748,0.5234772961,0.2628323292,0.00051722407,1,-0.01078445493,8.904109589e-07,False
2020-03-31,12,majority_baseline,{},0,0.2136903748,0.5234772961,0.2628323292,0.00051722407,1,-0.007379634893,8.162100457e-07,False
2020-04-01,12,majority_baseline,{},0,0.2136903748,0.5234772961,0.2628323292,0.00051722407,1,0.02708103637,6.678082192e-07,False
2020-04-02,12,majority_baseline,{},0,0.2136903748,0.5234772961,0.2628323292,0.00051722407,1,-0.01024881214,6.678082192e-07,False
2020-04-03,12,majority_baseline,{},0,0.2136903748,0.5234772961,0.2628323292,0.00051722407,1,0.02722614445,7.420091324e-07,False
2020-04-06,12,majority_baseline,{},0,0.2136903748,0.5234772961,0.2628323292,0.00051722407,1,-0.03311325928,1.113013699e-06,False
2020-04-07,12,majority_baseline,{},0,0.2136903748,0.5234772961,0.2628323292,0.00051722407,1,0.02265266292,1.038812785e-06,False
2020-04-08,12,majority_baseline,{},0,0.2136903748,0.5234772961,0.2628323292,0.00051722407,1,0.002233682727,1.632420091e-06,False
2020-04-09,12,majority_baseline,{},0,0.2136903748,0.5234772961,0.2628323292,0.00051722407,1,-0.005340300766,1.855022831e-06,False
2020-04-13,12,majority_baseline,{},0,0.2136903748,0.5234772961,0.2628323292,0.00051722407,1,0.01000070246,1.929223744e-06,False
2020-04-14,12,majority_baseline,{},0,0.2136903748,0.5234772961,0.2628323292,0.00051722407,1,0.0006845205266,1.484018265e-06,False
2020-04-15,12,majority_baseline,{},0,0.2136903748,0.5234772961,0.2628323292,0.00051722407,1,-0.000179071554,1.038812785e-06,False
2020-04-16,12,majority_baseline,{},0,0.2136903748,0.5234772961,0.2628323292,0.00051722407,1,0.00441519992,1.038812785e-06,False
2020-04-17,12,majority_baseline,{},0,0.2136903748,0.5234772961,0.2628323292,0.00051722407,1,-0.003609175237,8.904109589e-07,False
2020-04-20,12,majority_baseline,{},0,0.2136903748,0.5234772961,0.2628323292,0.00051722407,1,-0.0133343053,8.904109589e-07,False
2020-04-21,13,majority_baseline,{},0,0.2200413548,0.5232656961,0.2566929491,0.0005053891379,1,0.002694449102,8.162100457e-07,False
2020-04-22,13,majority_baseline,{},0,0.2200413548,0.5232656961,0.2566929491,0.0005053891379,1,-0.005026930549,8.904109589e-07,False
2020-04-23,13,majority_baseline,{},0,0.2200413548,0.5232656961,0.2566929491,0.0005053891379,1,0.007979161789,8.162100457e-07,False
2020-04-24,13,majority_baseline,{},0,0.2200413548,0.5232656961,0.2566929491,0.0005053891379,1,0.006769053764,8.904109589e-07,False
2020-04-27,13,majority_baseline,{},0,0.2200413548,0.5232656961,0.2566929491,0.0005053891379,1,-0.01817737024,8.904109589e-07,False
2020-04-28,13,majority_baseline,{},0,0.2200413548,0.5232656961,0.2566929491,0.0005053891379,1,0.005762675149,8.162100457e-07,False
2020-04-29,13,majority_baseline,{},0,0.2200413548,0.5232656961,0.2566929491,0.0005053891379,1,-0.004216449651,7.420091324e-07,False
2020-04-30,13,majority_baseline,{},0,0.2200413548,0.5232656961,0.2566929491,0.0005053891379,1,-0.008832459702,6.678082192e-07,False
2020-05-01,13,majority_baseline,{},0,0.2200413548,0.5232656961,0.2566929491,0.0005053891379,1,0.01008056273,8.904109589e-07,False
2020-05-04,13,majority_baseline,{},0,0.2200413548,0.5232656961,0.2566929491,0.0005053891379,1,-0.001569955808,9.646118721e-07,False
2020-05-05,13,majority_baseline,{},0,0.2200413548,0.5232656961,0.2566929491,0.0005053891379,1,-0.01315792412,9.646118721e-07,False
2020-05-06,13,majority_baseline,{},0,0.2200413548,0.5232656961,0.2566929491,0.0005053891379,1,-0.0002432923408,8.904109589e-07,False
2020-05-07,13,majority_baseline,{},0,0.2200413548,0.5232656961,0.2566929491,0.0005053891379,1,0.004637761813,8.162100457e-07,False
2020-05-08,13,majority_baseline,{},0,0.2200413548,0.5232656961,0.2566929491,0.0005053891379,1,0.007439566269,8.904109589e-07,False
2020-05-11,13,majority_baseline,{},0,0.2200413548,0.5232656961,0.2566929491,0.0005053891379,1,-0.02423498035,8.904109589e-07,False
2020-05-12,13,majority_baseline,{},0,0.2200413548,0.5232656961,0.2566929491,0.0005053891379,1,-0.01559110503,9.646118721e-07,False
2020-05-13,13,majority_baseline,{},0,0.2200413548,0.5232656961,0.2566929491,0.0005053891379,1,0.02158088796,9.646118721e-07,False
2020-05-14,13,majority_baseline,{},0,0.2200413548,0.5232656961,0.2566929491,0.0005053891379,1,0.01384709305,8.904109589e-07,False
2020-05-15,13,majority_baseline,{},0,0.2200413548,0.5232656961,0.2566929491,0.0005053891379,1,0.006654196235,8.904109589e-07,False
2020-05-18,13,majority_baseline,{},0,0.2200413548,0.5232656961,0.2566929491,0.0005053891379,1,-0.008085628713,9.646118721e-07,False
2020-05-19,13,majority_baseline,{},0,0.2200413548,0.5232656961,0.2566929491,0.0005053891379,1,0.003752232231,9.646118721e-07,False
2020-05-20,14,majority_baseline,{},0,0.2231485734,0.5268907988,0.2499606278,0.0004251317562,1,-0.006435538964,8.904109589e-07,False
2020-05-21,14,majority_baseline,{},0,0.2231485734,0.5268907988,0.2499606278,0.0004251317562,1,0.002953440991,8.904109589e-07,False
2020-05-22,14,majority_baseline,{},0,0.2231485734,0.5268907988,0.2499606278,0.0004251317562,1,-0.009439294199,8.904109589e-07,False
2020-05-26,14,majority_baseline,{},0,0.2231485734,0.5268907988,0.2499606278,0.0004251317562,1,0.004667031682,1.038812785e-06,False
2020-05-27,14,majority_baseline,{},0,0.2231485734,0.5268907988,0.2499606278,0.0004251317562,1,-0.005514500941,1.113013699e-06,False
2020-05-28,14,majority_baseline,{},0,0.2231485734,0.5268907988,0.2499606278,0.0004251317562,1,0.006149625877,1.113013699e-06,False
2020-05-29,14,majority_baseline,{},0,0.2231485734,0.5268907988,0.2499606278,0.0004251317562,1,0.006356606034,1.038812785e-06,False
2020-06-01,14,majority_baseline,{},0,0.2231485734,0.5268907988,0.2499606278,0.0004251317562,1,0.004991025636,1.038812785e-06,False
2020-06-02,14,majority_baseline,{},0,0.2231485734,0.5268907988,0.2499606278,0.0004251317562,1,0.006253231555,1.113013699e-06,False
2020-06-03,14,majority_baseline,{},0,0.2231485734,0.5268907988,0.2499606278,0.0004251317562,1,0.0008035742563,1.187214612e-06,False
2020-06-04,14,majority_baseline,{},0,0.2231485734,0.5268907988,0.2499606278,0.0004251317562,1,0.006651279116,1.113013699e-06,False
2020-06-05,14,majority_baseline,{},0,0.2231485734,0.5268907988,0.2499606278,0.0004251317562,1,0.009306136154,1.113013699e-06,False
2020-06-08,14,majority_baseline,{},0,0.2231485734,0.5268907988,0.2499606278,0.0004251317562,1,0.001529880627,1.261415525e-06,False
2020-06-09,14,majority_baseline,{},0,0.2231485734,0.5268907988,0.2499606278,0.0004251317562,1,-0.007529131182,1.409817352e-06,False
2020-06-10,14,majority_baseline,{},0,0.2231485734,0.5268907988,0.2499606278,0.0004251317562,1,-0.03483595434,1.261415525e-06,False
2020-06-11,14,majority_baseline,{},0,0.2231485734,0.5268907988,0.2499606278,0.0004251317562,1,-0.01307422412,1.261415525e-06,False
2020-06-12,14,majority_baseline,{},0,0.2231485734,0.5268907988,0.2499606278,0.0004251317562,1,0.03029997705,1.187214612e-06,False
2020-06-15,14,majority_baseline,{},0,0.2231485734,0.5268907988,0.2499606278,0.0004251317562,1,-0.007987889713,1.335616438e-06,False
2020-06-16,14,majority_baseline,{},0,0.2231485734,0.5268907988,0.2499606278,0.0004251317562,1,-0.007673459773,1.261415525e-06,False
2020-06-17,14,majority_baseline,{},0,0.2231485734,0.5268907988,0.2499606278,0.0004251317562,1,0.005709457374,1.261415525e-06,False
2020-06-18,14,majority_baseline,{},0,0.2231485734,0.5268907988,0.2499606278,0.0004251317562,1,-0.01760193086,1.187214612e-06,False
2020-06-19,15,majority_baseline,{},0,0.230240083,0.5160020359,0.2537578812,0.0003710062187,0,0.008539254339,1.113013699e-06,False
2020-06-22,15,majority_baseline,{},0,0.230240083,0.5160020359,0.2537578812,0.0003710062187,0,-0.004593455913,1.187214612e-06,False
2020-06-23,15,majority_baseline,{},0,0.230240083,0.5160020359,0.2537578812,0.0003710062187,0,-0.01855796565,1.187214612e-06,False
2020-06-24,15,majority_baseline,{},0,0.230240083,0.5160020359,0.2537578812,0.0003710062187,0,0.01278546445,1.113013699e-06,False
2020-06-25,15,majority_baseline,{},0,0.230240083,0.5160020359,0.2537578812,0.0003710062187,0,-0.01995693673,1.187214612e-06,False
2020-06-26,15,majority_baseline,{},0,0.230240083,0.5160020359,0.2537578812,0.0003710062187,0,0.01011906637,1.038812785e-06,False
2020-06-29,15,majority_baseline,{},0,0.230240083,0.5160020359,0.2537578812,0.0003710062187,0,0.01437545748,1.038812785e-06,False
2020-06-30,15,majority_baseline,{},0,0.230240083,0.5160020359,0.2537578812,0.0003710062187,0,0.003068713708,1.187214612e-06,False
2020-07-01,15,majority_baseline,{},0,0.230240083,0.5160020359,0.2537578812,0.0003710062187,0,-0.006396319024,1.038812785e-06,False
2020-07-02,15,majority_baseline,{},0,0.230240083,0.5160020359,0.2537578812,0.0003710062187,0,0.002149359165,1.038812785e-06,False
2020-07-06,15,majority_baseline,{},0,0.230240083,0.5160020359,0.2537578812,0.0003710062187,0,-0.005073264161,1.113013699e-06,False
2020-07-07,15,majority_baseline,{},0,0.230240083,0.5160020359,0.2537578812,0.0003710062187,0,0.004990328881,1.113013699e-06,False
2020-07-08,15,majority_baseline,{},0,0.230240083,0.5160020359,0.2537578812,0.0003710062187,0,-0.007764144218,1.113013699e-06,False
2020-07-09,15,majority_baseline,{},0,0.230240083,0.5160020359,0.2537578812,0.0003710062187,0,0.01043555341,9.646118721e-07,False
2020-07-10,15,majority_baseline,{},0,0.230240083,0.5160020359,0.2537578812,0.0003710062187,0,-0.01652456336,9.646118721e-07,False
2020-07-13,15,majority_baseline,{},0,0.230240083,0.5160020359,0.2537578812,0.0003710062187,0,0.01793816109,1.038812785e-06,False
2020-07-14,15,majority_baseline,{},0,0.230240083,0.5160020359,0.2537578812,0.0003710062187,0,-0.001736911208,1.113013699e-06,False
2020-07-15,15,majority_baseline,{},0,0.230240083,0.5160020359,0.2537578812,0.0003710062187,0,0.003127051991,1.187214612e-06,False
2020-07-16,15,majority_baseline,{},0,0.230240083,0.5160020359,0.2537578812,0.0003710062187,0,-0.0004970908729,8.162100457e-07,False
2020-07-17,15,majority_baseline,{},0,0.230240083,0.5160020359,0.2537578812,0.0003710062187,0,0.008991117033,8.162100457e-07,False
2020-07-20,15,majority_baseline,{},0,0.230240083,0.5160020359,0.2537578812,0.0003710062187,0,-0.004411096513,9.646118721e-07,False
2020-07-21,16,majority_baseline,{},0,0.2234225527,0.5232646052,0.2533128421,0.0004368953023,1,0.006900345646,9.646118721e-07,False
2020-07-22,16,majority_baseline,{},0,0.2234225527,0.5232646052,0.2533128421,0.0004368953023,1,-0.01075140049,9.646118721e-07,False
2020-07-23,16,majority_baseline,{},0,0.2234225527,0.5232646052,0.2533128421,0.0004368953023,1,-0.0002181251832,8.904109589e-07,False
2020-07-24,16,majority_baseline,{},0,0.2234225527,0.5232646052,0.2533128421,0.0004368953023,1,0.004943557236,8.162100457e-07,False
2020-07-27,16,majority_baseline,{},0,0.2234225527,0.5232646052,0.2533128421,0.0004368953023,1,-0.00390776083,8.162100457e-07,False
2020-07-28,16,majority_baseline,{},0,0.2234225527,0.5232646052,0.2533128421,0.0004368953023,1,0.009313299499,8.162100457e-07,False
2020-07-29,16,majority_baseline,{},0,0.2234225527,0.5232646052,0.2533128421,0.0004368953023,1,0.006399495535,8.162100457e-07,False
2020-07-30,16,majority_baseline,{},0,0.2234225527,0.5232646052,0.2533128421,0.0004368953023,1,0.00190240886,6.678082192e-07,False
2020-07-31,16,majority_baseline,{},0,0.2234225527,0.5232646052,0.2533128421,0.0004368953023,1,0.001431533924,6.678082192e-07,False
2020-08-03,16,majority_baseline,{},0,0.2234225527,0.5232646052,0.2533128421,0.0004368953023,1,0.006710218755,7.420091324e-07,False
2020-08-04,16,majority_baseline,{},0,0.2234225527,0.5232646052,0.2533128421,0.0004368953023,1,0.00193074529,6.678082192e-07,False
2020-08-05,16,majority_baseline,{},0,0.2234225527,0.5232646052,0.2533128421,0.0004368953023,1,0.008597729939,7.420091324e-07,False
2020-08-06,16,majority_baseline,{},0,0.2234225527,0.5232646052,0.2533128421,0.0004368953023,1,0.003870644859,7.420091324e-07,False
2020-08-07,16,majority_baseline,{},0,0.2234225527,0.5232646052,0.2533128421,0.0004368953023,1,0.00152214429,7.420091324e-07,False
2020-08-10,16,majority_baseline,{},0,0.2234225527,0.5232646052,0.2533128421,0.0004368953023,1,-0.01202320991,8.162100457e-07,False
2020-08-11,16,majority_baseline,{},0,0.2234225527,0.5232646052,0.2533128421,0.0004368953023,1,0.00596231799,8.162100457e-07,False
2020-08-12,16,majority_baseline,{},0,0.2234225527,0.5232646052,0.2533128421,0.0004368953023,1,0.0006535787669,8.162100457e-07,False
2020-08-13,16,majority_baseline,{},0,0.2234225527,0.5232646052,0.2533128421,0.0004368953023,1,0.001278180426,7.420091324e-07,False
2020-08-14,16,majority_baseline,{},0,0.2234225527,0.5232646052,0.2533128421,0.0004368953023,1,-8.876954325e-05,7.420091324e-07,False
2020-08-17,16,majority_baseline,{},0,0.2234225527,0.5232646052,0.2533128421,0.0004368953023,1,0.0008867360915,7.420091324e-07,False
2020-08-18,16,majority_baseline,{},0,0.2234225527,0.5232646052,0.2533128421,0.0004368953023,1,-0.00536787155,6.678082192e-07,False
2020-08-19,17,majority_baseline,{},0,0.2267363897,0.519681019,0.2535825912,0.0004285958871,1,0.008707101482,8.162100457e-07,False
2020-08-20,17,majority_baseline,{},0,0.2267363897,0.519681019,0.2535825912,0.0004285958871,1,0.004616469797,8.162100457e-07,False
2020-08-21,17,majority_baseline,{},0,0.2267363897,0.519681019,0.2535825912,0.0004285958871,1,0.002338414576,7.420091324e-07,False
2020-08-24,17,majority_baseline,{},0,0.2267363897,0.519681019,0.2535825912,0.0004285958871,1,0.001717452093,8.904109589e-07,False
2020-08-25,17,majority_baseline,{},0,0.2267363897,0.519681019,0.2535825912,0.0004285958871,1,0.00815059038,8.162100457e-07,False
2020-08-26,17,majority_baseline,{},0,0.2267363897,0.519681019,0.2535825912,0.0004285958871,1,-0.0005165508159,8.162100457e-07,False
2020-08-27,17,majority_baseline,{},0,0.2267363897,0.519681019,0.2535825912,0.0004285958871,1,0.003262317206,8.162100457e-07,False
2020-08-28,17,majority_baseline,{},0,0.2267363897,0.519681019,0.2535825912,0.0004285958871,1,-0.002968484308,7.420091324e-07,False
2020-08-31,17,majority_baseline,{},0,0.2267363897,0.519681019,0.2535825912,0.0004285958871,1,0.006824518878,8.162100457e-07,False
2020-09-01,17,majority_baseline,{},0,0.2267363897,0.519681019,0.2535825912,0.0004285958871,1,0.008543148969,8.904109589e-07,False
2020-09-02,17,majority_baseline,{},0,0.2267363897,0.519681019,0.2535825912,0.0004285958871,1,-0.02944890156,8.904109589e-07,False
2020-09-03,17,majority_baseline,{},0,0.2267363897,0.519681019,0.2535825912,0.0004285958871,1,-0.01028514582,8.162100457e-07,False
2020-09-04,17,majority_baseline,{},0,0.2267363897,0.519681019,0.2535825912,0.0004285958871,1,-0.01039470206,8.162100457e-07,False
2020-09-08,17,majority_baseline,{},0,0.2267363897,0.519681019,0.2535825912,0.0004285958871,1,0.006636115781,9.646118721e-07,False
2020-09-09,17,majority_baseline,{},0,0.2267363897,0.519681019,0.2535825912,0.0004285958871,1,-0.02319932262,8.904109589e-07,False
2020-09-10,17,majority_baseline,{},0,0.2267363897,0.519681019,0.2535825912,0.0004285958871,1,-0.005240931893,8.904109589e-07,False
2020-09-11,17,majority_baseline,{},0,0.2267363897,0.519681019,0.2535825912,0.0004285958871,1,0.002874163167,8.162100457e-07,False
2020-09-14,17,majority_baseline,{},0,0.2267363897,0.519681019,0.2535825912,0.0004285958871,1,-0.002784889902,8.162100457e-07,False
2020-09-15,17,majority_baseline,{},0,0.2267363897,0.519681019,0.2535825912,0.0004285958871,1,-0.007876789585,8.162100457e-07,False
2020-09-16,17,majority_baseline,{},0,0.2267363897,0.519681019,0.2535825912,0.0004285958871,1,0.006835348335,8.904109589e-07,False
2020-09-17,17,majority_baseline,{},0,0.2267363897,0.519681019,0.2535825912,0.0004285958871,1,-0.01407401172,6.678082192e-07,False
2020-09-18,18,majority_baseline,{},0,0.2401350786,0.5032559314,0.2566089901,0.0002929907766,0,0.003899260053,7.420091324e-07,False
2020-09-21,18,majority_baseline,{},0,0.2401350786,0.5032559314,0.2566089901,0.0002929907766,0,0.005265180427,7.420091324e-07,False
2020-09-22,18,majority_baseline,{},0,0.2401350786,0.5032559314,0.2566089901,0.0002929907766,0,-0.02496216196,7.420091324e-07,False
2020-09-23,18,majority_baseline,{},0,0.2401350786,0.5032559314,0.2566089901,0.0002929907766,0,0.007097935231,8.162100457e-07,False
2020-09-24,18,majority_baseline,{},0,0.2401350786,0.5032559314,0.2566089901,0.0002929907766,0,0.0190651147,7.420091324e-07,False
2020-09-25,18,majority_baseline,{},0,0.2401350786,0.5032559314,0.2566089901,0.0002929907766,0,0.002910993658,7.420091324e-07,False
2020-09-28,18,majority_baseline,{},0,0.2401350786,0.5032559314,0.2566089901,0.0002929907766,0,-0.004790867875,8.162100457e-07,False
2020-09-29,18,majority_baseline,{},0,0.2401350786,0.5032559314,0.2566089901,0.0002929907766,0,0.00540399989,6.678082192e-07,False
2020-09-30,18,majority_baseline,{},0,0.2401350786,0.5032559314,0.2566089901,0.0002929907766,0,-0.001924824158,7.420091324e-07,False
2020-10-01,18,majority_baseline,{},0,0.2401350786,0.5032559314,0.2566089901,0.0002929907766,0,0.006451564924,6.678082192e-07,False
2020-10-02,18,majority_baseline,{},0,0.2401350786,0.5032559314,0.2566089901,0.0002929907766,0,0.01100997516,6.678082192e-07,False
2020-10-05,18,majority_baseline,{},0,0.2401350786,0.5032559314,0.2566089901,0.0002929907766,0,-0.01465096932,7.420091324e-07,False
2020-10-06,18,majority_baseline,{},0,0.2401350786,0.5032559314,0.2566089901,0.0002929907766,0,0.007807922257,7.420091324e-07,False
2020-10-07,18,majority_baseline,{},0,0.2401350786,0.5032559314,0.2566089901,0.0002929907766,0,0.002712535155,7.420091324e-07,False
2020-10-08,18,majority_baseline,{},0,0.2401350786,0.5032559314,0.2566089901,0.0002929907766,0,0.003733095837,6.678082192e-07,False
2020-10-09,18,majority_baseline,{},0,0.2401350786,0.5032559314,0.2566089901,0.0002929907766,0,0.008123791734,7.420091324e-07,False
2020-10-12,18,majority_baseline,{},0,0.2401350786,0.5032559314,0.2566089901,0.0002929907766,0,-0.006103082335,7.420091324e-07,False
2020-10-13,18,majority_baseline,{},0,0.2401350786,0.5032559314,0.2566089901,0.0002929907766,0,-0.008039935365,8.162100457e-07,False
2020-10-14,18,majority_baseline,{},0,0.2401350786,0.5032559314,0.2566089901,0.0002929907766,0,0.01102676296,8.904109589e-07,False
2020-10-15,18,majority_baseline,{},0,0.2401350786,0.5032559314,0.2566089901,0.0002929907766,0,-0.004785599883,8.162100457e-07,False
2020-10-16,18,majority_baseline,{},0,0.2401350786,0.5032559314,0.2566089901,0.0002929907766,0,-0.01904484242,8.162100457e-07,False
2020-10-19,19,majority_baseline,{},0,0.2269502003,0.526326083,0.2467237167,0.0003517052754,0,-0.0002328846345,8.162100457e-07,False
2020-10-20,19,majority_baseline,{},0,0.2269502003,0.526326083,0.2467237167,0.0003517052754,0,-0.001747518822,7.420091324e-07,False
2020-10-21,19,majority_baseline,{},0,0.2269502003,0.526326083,0.2467237167,0.0003517052754,0,0.004811038874,7.420091324e-07,False
2020-10-22,19,majority_baseline,{},0,0.2269502003,0.526326083,0.2467237167,0.0003517052754,0,-0.0004335960253,6.678082192e-07,False
2020-10-23,19,majority_baseline,{},0,0.2269502003,0.526326083,0.2467237167,0.0003517052754,0,-0.008008622933,7.420091324e-07,False
2020-10-26,19,majority_baseline,{},0,0.2269502003,0.526326083,0.2467237167,0.0003517052754,0,-0.004532636416,8.162100457e-07,False
2020-10-27,19,majority_baseline,{},0,0.2269502003,0.526326083,0.2467237167,0.0003517052754,0,-0.01638061529,7.420091324e-07,False
2020-10-28,19,majority_baseline,{},0,0.2269502003,0.526326083,0.2467237167,0.0003517052754,0,0.009390986212,7.420091324e-07,False
2020-10-29,19,majority_baseline,{},0,0.2269502003,0.526326083,0.2467237167,0.0003517052754,0,-0.005300323527,6.678082192e-07,False
2020-10-30,19,majority_baseline,{},0,0.2269502003,0.526326083,0.2467237167,0.0003517052754,0,0,6.678082192e-07,False
2020-11-02,19,majority_baseline,{},0,0.2269502003,0.526326083,0.2467237167,0.0003517052754,0,0.00701248582,6.678082192e-07,False
2020-11-03,19,majority_baseline,{},0,0.2269502003,0.526326083,0.2467237167,0.0003517052754,0,0.007862533926,7.420091324e-07,False
2020-11-04,19,majority_baseline,{},0,0.2269502003,0.526326083,0.2467237167,0.0003517052754,0,0.002863360593,7.420091324e-07,False
2020-11-05,19,majority_baseline,{},0,0.2269502003,0.526326083,0.2467237167,0.0003517052754,0,0.0006573057366,7.420091324e-07,False
2020-11-06,19,majority_baseline,{},0,0.2269502003,0.526326083,0.2467237167,0.0003517052754,0,-0.02585378888,7.420091324e-07,False
2020-11-09,19,majority_baseline,{},0,0.2269502003,0.526326083,0.2467237167,0.0003517052754,0,0.001555965963,8.162100457e-07,False
2020-11-10,19,majority_baseline,{},0,0.2269502003,0.526326083,0.2467237167,0.0003517052754,0,0.0007576306387,7.420091324e-07,False
2020-11-11,19,majority_baseline,{},0,0.2269502003,0.526326083,0.2467237167,0.0003517052754,0,-0.00666515326,7.420091324e-07,False
2020-11-12,19,majority_baseline,{},0,0.2269502003,0.526326083,0.2467237167,0.0003517052754,0,0.007965820825,7.420091324e-07,False
2020-11-13,19,majority_baseline,{},0,0.2269502003,0.526326083,0.2467237167,0.0003517052754,0,0.004404665998,6.678082192e-07,False
2020-11-16,19,majority_baseline,{},0,0.2269502003,0.526326083,0.2467237167,0.0003517052754,0,0.001805688905,6.678082192e-07,False
2020-11-17,20,majority_baseline,{},0,0.2269274298,0.5195660447,0.2535065255,0.0003847836737,0,-0.01282869639,6.678082192e-07,False
2020-11-18,20,majority_baseline,{},0,0.2269274298,0.5195660447,0.2535065255,0.0003847836737,0,0.006130463113,6.678082192e-07,False
2020-11-19,20,majority_baseline,{},0,0.2269274298,0.5195660447,0.2535065255,0.0003847836737,0,-0.00606996763,5.194063927e-07,False
2020-11-20,20,majority_baseline,{},0,0.2269274298,0.5195660447,0.2535065255,0.0003847836737,0,0.0005037859335,5.194063927e-07,False
2020-11-23,20,majority_baseline,{},0,0.2269274298,0.5195660447,0.2535065255,0.0003847836737,0,0.00835626376,5.936073059e-07,False
2020-11-24,20,majority_baseline,{},0,0.2269274298,0.5195660447,0.2535065255,0.0003847836737,0,-0.001294305681,6.678082192e-07,False
2020-11-25,20,majority_baseline,{},0,0.2269274298,0.5195660447,0.2535065255,0.0003847836737,0,-0.0004671916344,3.595890411e-07,False
2020-11-27,20,majority_baseline,{},0,0.2269274298,0.5195660447,0.2535065255,0.0003847836737,0,-0.002122175755,6.678082192e-07,False
2020-11-30,20,majority_baseline,{},0,0.2269274298,0.5195660447,0.2535065255,0.0003847836737,0,0.001230904166,5.936073059e-07,False
2020-12-01,20,majority_baseline,{},0,0.2269274298,0.5195660447,0.2535065255,0.0003847836737,0,0.005399926401,6.678082192e-07,False
2020-12-02,20,majority_baseline,{},0,0.2269274298,0.5195660447,0.2535065255,0.0003847836737,0,2.729856093e-05,6.678082192e-07,False
2020-12-03,20,majority_baseline,{},0,0.2269274298,0.5195660447,0.2535065255,0.0003847836737,0,0.006887724016,5.936073059e-07,False
2020-12-04,20,majority_baseline,{},0,0.2269274298,0.5195660447,0.2535065255,0.0003847836737,0,0.000189711495,6.678082192e-07,False
2020-12-07,20,majority_baseline,{},0,0.2269274298,0.5195660447,0.2535065255,0.0003847836737,0,0.006662711478,5.936073059e-07,False
2020-12-08,20,majority_baseline,{},0,0.2269274298,0.5195660447,0.2535065255,0.0003847836737,0,-0.01086604469,6.678082192e-07,False
2020-12-09,20,majority_baseline,{},0,0.2269274298,0.5195660447,0.2535065255,0.0003847836737,0,0.003722297619,5.936073059e-07,False
2020-12-10,20,majority_baseline,{},0,0.2269274298,0.5195660447,0.2535065255,0.0003847836737,0,0.003836650942,5.936073059e-07,False
2020-12-11,20,majority_baseline,{},0,0.2269274298,0.5195660447,0.2535065255,0.0003847836737,0,-0.01079647048,5.936073059e-07,False
2020-12-14,20,majority_baseline,{},0,0.2269274298,0.5195660447,0.2535065255,0.0003847836737,0,0.005960812278,6.678082192e-07,False
2020-12-15,20,majority_baseline,{},0,0.2269274298,0.5195660447,0.2535065255,0.0003847836737,0,0.0009464229053,5.936073059e-07,False
2020-12-16,20,majority_baseline,{},0,0.2269274298,0.5195660447,0.2535065255,0.0003847836737,0,0.0008065488455,6.678082192e-07,False
2020-12-17,21,majority_baseline,{},0,0.2269294349,0.5163575321,0.2567130329,0.0004110640157,1,-0.004825211061,5.936073059e-07,False
2020-12-18,21,majority_baseline,{},0,0.2269294349,0.5163575321,0.2567130329,0.0004110640157,1,0.007918415548,5.936073059e-07,False
2020-12-21,21,majority_baseline,{},0,0.2269294349,0.5163575321,0.2567130329,0.0004110640157,1,-0.002634369523,6.678082192e-07,False
2020-12-22,21,majority_baseline,{},0,0.2269294349,0.5163575321,0.2567130329,0.0004110640157,1,-0.001927857633,6.678082192e-07,False
2020-12-23,21,majority_baseline,{},0,0.2269294349,0.5163575321,0.2567130329,0.0004110640157,1,0.002499493339,3.595890411e-07,False
2020-12-24,21,majority_baseline,{},0,0.2269294349,0.5163575321,0.2567130329,0.0004110640157,1,0.001156784834,6.678082192e-07,False
2020-12-28,21,majority_baseline,{},0,0.2269294349,0.5163575321,0.2567130329,0.0004110640157,1,-0.006286632722,8.162100457e-07,False
2020-12-29,21,majority_baseline,{},0,0.2269294349,0.5163575321,0.2567130329,0.0004110640157,1,-0.0009400173758,7.420091324e-07,False
2020-12-30,21,majority_baseline,{},0,0.2269294349,0.5163575321,0.2567130329,0.0004110640157,1,0.005648518177,5.936073059e-07,False
2020-12-31,21,majority_baseline,{},0,0.2269294349,0.5163575321,0.2567130329,0.0004110640157,1,-0.01737227642,6.678082192e-07,False
2021-01-04,21,majority_baseline,{},0,0.2269294349,0.5163575321,0.2567130329,0.0004110640157,1,0.008774736419,6.678082192e-07,False
2021-01-05,21,majority_baseline,{},0,0.2269294349,0.5163575321,0.2567130329,0.0004110640157,1,0.01038650934,6.678082192e-07,False
2021-01-06,21,majority_baseline,{},0,0.2269294349,0.5163575321,0.2567130329,0.0004110640157,1,0.007976601808,6.678082192e-07,False
2021-01-07,21,majority_baseline,{},0,0.2269294349,0.5163575321,0.2567130329,0.0004110640157,1,0.001760459888,6.678082192e-07,False
2021-01-08,21,majority_baseline,{},0,0.2269294349,0.5163575321,0.2567130329,0.0004110640157,1,0.002223094712,5.936073059e-07,False
2021-01-11,21,majority_baseline,{},0,0.2269294349,0.5163575321,0.2567130329,0.0004110640157,1,-0.0003167822065,5.936073059e-07,False
2021-01-12,21,majority_baseline,{},0,0.2269294349,0.5163575321,0.2567130329,0.0004110640157,1,0.002904766743,6.678082192e-07,False
2021-01-13,21,majority_baseline,{},0,0.2269294349,0.5163575321,0.2567130329,0.0004110640157,1,-0.005596586597,6.678082192e-07,False
2021-01-14,21,majority_baseline,{},0,0.2269294349,0.5163575321,0.2567130329,0.0004110640157,1,-0.002707552082,6.678082192e-07,False
2021-01-15,21,majority_baseline,{},0,0.2269294349,0.5163575321,0.2567130329,0.0004110640157,1,0.0008193624749,6.678082192e-07,False
2021-01-19,21,majority_baseline,{},0,0.2269294349,0.5163575321,0.2567130329,0.0004110640157,1,0.007294559,6.678082192e-07,False
2021-01-20,22,majority_baseline,{},0,0.2399286854,0.4967452207,0.2633260939,0.0003445268612,0,-0.0006502117795,5.936073059e-07,False
2021-01-21,22,majority_baseline,{},0,0.2399286854,0.4967452207,0.2633260939,0.0003445268612,0,0.001648148798,6.678082192e-07,False
2021-01-22,22,majority_baseline,{},0,0.2399286854,0.4967452207,0.2633260939,0.0003445268612,0,0.001876615831,5.936073059e-07,False
2021-01-25,22,majority_baseline,{},0,0.2399286854,0.4967452207,0.2633260939,0.0003445268612,0,-0.004203303338,6.678082192e-07,False
2021-01-26,22,majority_baseline,{},0,0.2399286854,0.4967452207,0.2633260939,0.0003445268612,0,-0.01528062046,5.194063927e-07,False
2021-01-27,22,majority_baseline,{},0,0.2399286854,0.4967452207,0.2633260939,0.0003445268612,0,0.003374480828,5.936073059e-07,False
2021-01-28,22,majority_baseline,{},0,0.2399286854,0.4967452207,0.2633260939,0.0003445268612,0,-0.01480179299,5.194063927e-07,False
2021-01-29,22,majority_baseline,{},0,0.2399286854,0.4967452207,0.2633260939,0.0003445268612,0,0.006716284325,4.452054795e-07,False
2021-02-01,22,majority_baseline,{},0,0.2399286854,0.4967452207,0.2633260939,0.0003445268612,0,0.005004593481,5.194063927e-07,False
2021-02-02,22,majority_baseline,{},0,0.2399286854,0.4967452207,0.2633260939,0.0003445268612,0,-0.001542716038,5.194063927e-07,False
2021-02-03,22,majority_baseline,{},0,0.2399286854,0.4967452207,0.2633260939,0.0003445268612,0,0.008434330058,2.96803653e-07,False
2021-02-04,22,majority_baseline,{},0,0.2399286854,0.4967452207,0.2633260939,0.0003445268612,0,-0.001262289584,2.96803653e-07,False
2021-02-05,22,majority_baseline,{},0,0.2399286854,0.4967452207,0.2633260939,0.0003445268612,0,0.003185502904,2.226027397e-07,False
2021-02-08,22,majority_baseline,{},0,0.2399286854,0.4967452207,0.2633260939,0.0003445268612,0,0.001642705975,3.710045662e-07,False
2021-02-09,22,majority_baseline,{},0,0.2399286854,0.4967452207,0.2633260939,0.0003445268612,0,-0.005202510634,2.96803653e-07,False
2021-02-10,22,majority_baseline,{},0,0.2399286854,0.4967452207,0.2633260939,0.0003445268612,0,-0.001354664139,3.710045662e-07,False
2021-02-11,22,majority_baseline,{},0,0.2399286854,0.4967452207,0.2633260939,0.0003445268612,0,0.007156620681,3.710045662e-07,False
2021-02-12,22,majority_baseline,{},0,0.2399286854,0.4967452207,0.2633260939,0.0003445268612,0,-0.004213635242,2.96803653e-07,False
2021-02-16,22,majority_baseline,{},0,0.2399286854,0.4967452207,0.2633260939,0.0003445268612,0,0.005045851019,2.96803653e-07,False
2021-02-17,22,majority_baseline,{},0,0.2399286854,0.4967452207,0.2633260939,0.0003445268612,0,0.00290049761,2.96803653e-07,False
2021-02-18,22,majority_baseline,{},0,0.2399286854,0.4967452207,0.2633260939,0.0003445268612,0,-0.005203174129,2.226027397e-07,False
2021-02-19,23,majority_baseline,{},0,0.2400176214,0.5165592651,0.2434231135,0.0001943209227,0,-7.750416522e-05,2.96803653e-07,False
2021-02-22,23,majority_baseline,{},0,0.2400176214,0.5165592651,0.2434231135,0.0001943209227,0,0.007383133944,2.226027397e-07,False
2021-02-23,23,majority_baseline,{},0,0.2400176214,0.5165592651,0.2434231135,0.0001943209227,0,0.01408123269,2.96803653e-07,False
2021-02-24,23,majority_baseline,{},0,0.2400176214,0.5165592651,0.2434231135,0.0001943209227,0,-0.0206962346,2.226027397e-07,False
2021-02-25,23,majority_baseline,{},0,0.2400176214,0.5165592651,0.2434231135,0.0001943209227,0,-0.01038121691,2.96803653e-07,False
2021-02-26,23,majority_baseline,{},0,0.2400176214,0.5165592651,0.2434231135,0.0001943209227,0,0.01034775352,2.96803653e-07,False
2021-03-01,23,majority_baseline,{},0,0.2400176214,0.5165592651,0.2434231135,0.0001943209227,0,-0.008414136533,3.710045662e-07,False
2021-03-02,23,majority_baseline,{},0,0.2400176214,0.5165592651,0.2434231135,0.0001943209227,0,-0.01132739329,2.96803653e-07,False
2021-03-03,23,majority_baseline,{},0,0.2400176214,0.5165592651,0.2434231135,0.0001943209227,0,-0.01185664172,3.710045662e-07,False
2021-03-04,23,majority_baseline,{},0,0.2400176214,0.5165592651,0.2434231135,0.0001943209227,0,0.008332054611,2.96803653e-07,False
2021-03-05,23,majority_baseline,{},0,0.2400176214,0.5165592651,0.2434231135,0.0001943209227,0,-0.007643119818,2.96803653e-07,False
2021-03-08,23,majority_baseline,{},0,0.2400176214,0.5165592651,0.2434231135,0.0001943209227,0,0.003421037266,3.710045662e-07,False
2021-03-09,23,majority_baseline,{},0,0.2400176214,0.5165592651,0.2434231135,0.0001943209227,0,-0.0002823163313,3.710045662e-07,False
2021-03-10,23,majority_baseline,{},0,0.2400176214,0.5165592651,0.2434231135,0.0001943209227,0,0.0033143506,2.96803653e-07,False
2021-03-11,23,majority_baseline,{},0,0.2400176214,0.5165592651,0.2434231135,0.0001943209227,0,0.005075599271,2.96803653e-07,False
2021-03-12,23,majority_baseline,{},0,0.2400176214,0.5165592651,0.2434231135,0.0001943209227,0,0.005274813438,2.96803653e-07,False
2021-03-15,23,majority_baseline,{},0,0.2400176214,0.5165592651,0.2434231135,0.0001943209227,0,-0.002921408203,2.96803653e-07,False
2021-03-16,23,majority_baseline,{},0,0.2400176214,0.5165592651,0.2434231135,0.0001943209227,0,0.006919653944,1.484018265e-07,False
2021-03-17,23,majority_baseline,{},0,0.2400176214,0.5165592651,0.2434231135,0.0001943209227,0,-0.007604948251,1.484018265e-07,False
2021-03-18,23,majority_baseline,{},0,0.2400176214,0.5165592651,0.2434231135,0.0001943209227,0,-0.001025940941,7.420091324e-08,False
2021-03-19,23,majority_baseline,{},0,0.2400176214,0.5165592651,0.2434231135,0.0001943209227,0,0.006563591474,7.420091324e-08,False
2021-03-22,24,random_forest,"{'max_depth': 3, 'min_samples_leaf': 50}",0,0.2465662765,0.605289738,0.1481439855,-0.0005586394148,-1,-0.0061493802,2.226027397e-07,False
2021-03-23,24,random_forest,"{'max_depth': 3, 'min_samples_leaf': 50}",0,0.2604338339,0.5181342312,0.2214319348,-0.0001662011055,0,-0.008900283943,7.420091324e-08,False
2021-03-24,24,random_forest,"{'max_depth': 3, 'min_samples_leaf': 50}",0,0.2811403674,0.4641044343,0.2547551983,-0.0001244650697,0,0.009637808013,1.484018265e-07,False
2021-03-25,24,random_forest,"{'max_depth': 3, 'min_samples_leaf': 50}",0,0.2743395929,0.4941961313,0.2314642759,-0.0002264603353,0,0.01291796079,1.484018265e-07,False
2021-03-26,24,random_forest,"{'max_depth': 3, 'min_samples_leaf': 50}",0,0.2400050806,0.5571630134,0.202831906,-0.0001052894851,0,0.003498998437,1.484018265e-07,False
2021-03-29,24,random_forest,"{'max_depth': 3, 'min_samples_leaf': 50}",0,0.257589492,0.5200438632,0.2223666448,-0.0001325173424,0,0.0007859581977,2.226027397e-07,False
2021-03-30,24,random_forest,"{'max_depth': 3, 'min_samples_leaf': 50}",0,0.2587979368,0.5127407779,0.2284612853,-0.0001004062282,0,0.002504148907,1.484018265e-07,False
2021-03-31,24,random_forest,"{'max_depth': 3, 'min_samples_leaf': 50}",0,0.2591746024,0.5067277825,0.2340976151,-6.367683838e-05,0,0.005547167456,2.226027397e-07,False
2021-04-01,24,random_forest,"{'max_depth': 3, 'min_samples_leaf': 50}",0,0.19598284,0.6816248348,0.1223923252,-0.00026262697,0,0.007187810265,1.484018265e-07,False
2021-04-05,24,random_forest,"{'max_depth': 3, 'min_samples_leaf': 50}",0,0.2171564988,0.6467972227,0.1360462785,-0.000365978482,0,0.0008871878379,2.226027397e-07,False
2021-04-06,24,random_forest,"{'max_depth': 3, 'min_samples_leaf': 50}",0,0.2546778581,0.5347286176,0.2105935243,-0.0001890673162,0,0.00160120672,1.484018265e-07,False
2021-04-07,24,random_forest,"{'max_depth': 3, 'min_samples_leaf': 50}",0,0.2171708041,0.6362794962,0.1465496997,-0.0002910052953,0,0.001446317598,1.484018265e-07,False
2021-04-08,24,random_forest,"{'max_depth': 3, 'min_samples_leaf': 50}",0,0.2169195052,0.6401991374,0.1428813574,-0.0003148518277,0,0.007590723374,7.420091324e-08,False
2021-04-09,24,random_forest,"{'max_depth': 3, 'min_samples_leaf': 50}",0,0.2326507776,0.6056350864,0.161714136,-0.0003295085288,0,0.001922863698,1.484018265e-07,False
2021-04-12,24,random_forest,"{'max_depth': 3, 'min_samples_leaf': 50}",0,0.2462255176,0.5485090779,0.2052654045,-0.0001469348805,0,0.003231809593,1.484018265e-07,False
2021-04-13,24,random_forest,"{'max_depth': 3, 'min_samples_leaf': 50}",0,0.2333896605,0.5962170883,0.1703932512,-0.0002744587917,0,-0.003342718176,2.226027397e-07,False
2021-04-14,24,random_forest,"{'max_depth': 3, 'min_samples_leaf': 50}",0,0.2563703738,0.5364846683,0.2071449579,-0.0002297937909,0,0.005148172707,1.484018265e-07,False
2021-04-15,24,random_forest,"{'max_depth': 3, 'min_samples_leaf': 50}",0,0.2437262412,0.5439145402,0.2123592186,-7.248345444e-05,0,2.398977662e-05,1.484018265e-07,False
2021-04-16,24,random_forest,"{'max_depth': 3, 'min_samples_leaf': 50}",0,0.2629055249,0.4698035513,0.2672909238,0.0001382698431,0,-0.00252250581,1.484018265e-07,False
2021-04-19,24,random_forest,"{'max_depth': 3, 'min_samples_leaf': 50}",0,0.2722884308,0.4648651852,0.262846384,1.74207015e-05,0,-0.004203788622,1.484018265e-07,False
2021-04-20,24,random_forest,"{'max_depth': 3, 'min_samples_leaf': 50}",0,0.2643236125,0.4758367631,0.2598396244,7.152519204e-05,0,0.01108113401,2.226027397e-07,False
2021-04-21,25,random_forest,"{'max_depth': 3, 'min_samples_leaf': 50}",0,0.2501534822,0.5049524963,0.2448940215,0.0001311282192,0,-0.008704285989,2.226027397e-07,False
2021-04-22,25,random_forest,"{'max_depth': 3, 'min_samples_leaf': 50}",0,0.2699819808,0.3947492445,0.3352687747,0.0005898385884,1,0.009373399019,2.226027397e-07,False
2021-04-23,25,random_forest,"{'max_depth': 3, 'min_samples_leaf': 50}",0,0.2483757885,0.5163983066,0.2352259049,7.880662686e-05,0,0.0004072032107,2.226027397e-07,False
2021-04-26,25,random_forest,"{'max_depth': 3, 'min_samples_leaf': 50}",0,0.2522381607,0.5236505362,0.2241113031,-3.721297723e-05,0,-0.000981034448,2.226027397e-07,False
2021-04-27,25,random_forest,"{'max_depth': 3, 'min_samples_leaf': 50}",0,0.2621731118,0.488267024,0.2495598642,5.079096073e-05,0,-0.0009813161256,7.420091324e-08,False
2021-04-28,25,random_forest,"{'max_depth': 3, 'min_samples_leaf': 50}",0,0.2588160871,0.4975659916,0.2436179213,4.005600447e-05,0,-0.0006185996238,7.420091324e-08,False
2021-04-29,25,random_forest,"{'max_depth': 3, 'min_samples_leaf': 50}",0,0.2631970735,0.4567434679,0.2800594586,0.0002592119297,0,-0.0007902140699,7.420091324e-08,False
2021-04-30,25,random_forest,"{'max_depth': 3, 'min_samples_leaf': 50}",0,0.2851555011,0.3887894071,0.3260550917,0.0003804114163,0,-0.002932504887,7.420091324e-08,False
2021-05-03,25,random_forest,"{'max_depth': 3, 'min_samples_leaf': 50}",0,0.2595096541,0.4905738058,0.2499165401,7.853741716e-05,0,-0.001081577991,2.96803653e-07,False
2021-05-04,25,random_forest,"{'max_depth': 3, 'min_samples_leaf': 50}",0,0.2839555982,0.4022820151,0.3137623868,0.0003038551834,0,-0.00390532595,1.484018265e-07,False
2021-05-05,25,random_forest,"{'max_depth': 3, 'min_samples_leaf': 50}",0,0.2638368834,0.4751984482,0.2609646684,0.0001166095641,0,0.00779169594,1.484018265e-07,False
2021-05-06,25,random_forest,"{'max_depth': 3, 'min_samples_leaf': 50}",0,0.2501294826,0.5113542313,0.2385162861,8.574704962e-05,0,0.005310868034,1.484018265e-07,False
2021-05-07,25,random_forest,"{'max_depth': 3, 'min_samples_leaf': 50}",0,0.2520764719,0.5082829669,0.2396405612,7.536876523e-05,0,-0.01079289371,1.484018265e-07,False
2021-05-10,25,random_forest,"{'max_depth': 3, 'min_samples_leaf': 50}",0,0.2692329359,0.4244916616,0.3062754025,0.0003895881912,0,0.002686965372,1.484018265e-07,False
2021-05-11,25,random_forest,"{'max_depth': 3, 'min_samples_leaf': 50}",0,0.3166827218,0.320682945,0.3626343331,0.0003437537985,0,-0.01415268136,7.420091324e-08,False
2021-05-12,25,random_forest,"{'max_depth': 3, 'min_samples_leaf': 50}",0,0.3141182449,0.3128147246,0.3730670305,0.000442619149,1,0.007885600317,1.484018265e-07,False
2021-05-13,25,random_forest,"{'max_depth': 3, 'min_samples_leaf': 50}",0,0.3098959708,0.3344566132,0.3556474159,0.0003579906334,0,0.008155647562,1.484018265e-07,False
2021-05-14,25,random_forest,"{'max_depth': 3, 'min_samples_leaf': 50}",0,0.2546916452,0.5014961639,0.2438121909,8.046170477e-05,0,0.0003128971249,7.420091324e-08,False
2021-05-17,25,random_forest,"{'max_depth': 3, 'min_samples_leaf': 50}",0,0.2576713939,0.4917515655,0.2505770407,0.0001006503587,0,-0.009283274312,1.484018265e-07,False
2021-05-18,25,random_forest,"{'max_depth': 3, 'min_samples_leaf': 50}",0,0.2754131942,0.4381945964,0.2863922094,0.000188936227,0,0.009682423571,1.484018265e-07,False
2021-05-19,25,random_forest,"{'max_depth': 3, 'min_samples_leaf': 50}",0,0.3108171725,0.3410492355,0.348133592,0.0002955436869,0,0.008450731246,7.420091324e-08,False
2021-05-20,26,random_forest,"{'max_depth': 3, 'min_samples_leaf': 50}",0,0.2592164417,0.4777826442,0.2630009141,0.000176398419,0,-0.004629723362,7.420091324e-08,False
2021-05-21,26,random_forest,"{'max_depth': 3, 'min_samples_leaf': 50}",0,0.2660844536,0.4368839537,0.2970315927,0.0003557810864,0,0.004384955084,7.420091324e-08,False
2021-05-24,26,random_forest,"{'max_depth': 3, 'min_samples_leaf': 50}",0,0.2466606772,0.5419827255,0.2113565973,-7.566682391e-05,0,-0.004972275122,1.484018265e-07,False
2021-05-25,26,random_forest,"{'max_depth': 3, 'min_samples_leaf': 50}",0,0.2427637722,0.5132187244,0.2440175034,0.0001956394392,0,0.0004775044766,1.484018265e-07,False
2021-05-26,26,random_forest,"{'max_depth': 3, 'min_samples_leaf': 50}",0,0.2433103511,0.5892577479,0.167431901,-0.000359329372,0,-0.0020944018,1.484018265e-07,False
2021-05-27,26,random_forest,"{'max_depth': 3, 'min_samples_leaf': 50}",0,0.2515509771,0.5717165972,0.1767324257,-0.0003704574433,0,-0.002209166273,1.484018265e-07,False
2021-05-28,26,random_forest,"{'max_depth': 3, 'min_samples_leaf': 50}",0,0.2446957032,0.5344837003,0.2208205966,1.084873285e-05,0,-0.006862753582,7.420091324e-08,False
2021-06-01,26,random_forest,"{'max_depth': 3, 'min_samples_leaf': 50}",0,0.2491808588,0.5170095775,0.2338095637,6.169888846e-05,0,-9.517464103e-05,1.484018265e-07,False
2021-06-02,26,random_forest,"{'max_depth': 3, 'min_samples_leaf': 50}",0,0.2449384671,0.5605340167,0.1945275162,-0.000180202046,0,0.002201706258,1.484018265e-07,False
2021-06-03,26,random_forest,"{'max_depth': 3, 'min_samples_leaf': 50}",0,0.2493977925,0.5506951348,0.1999070727,-0.0001837351037,0,0.004396924611,1.484018265e-07,False
2021-06-04,26,random_forest,"{'max_depth': 3, 'min_samples_leaf': 50}",0,0.2241505952,0.6201357779,0.1557136269,-0.0002623433277,0,-0.0009465295482,1.484018265e-07,False
2021-06-07,26,random_forest,"{'max_depth': 3, 'min_samples_leaf': 50}",0,0.2352164106,0.5561038834,0.208679706,1.329472773e-05,0,-0.001961633008,1.484018265e-07,False
2021-06-08,26,random_forest,"{'max_depth': 3, 'min_samples_leaf': 50}",0,0.2347850331,0.5056640646,0.2595509023,0.0003825728235,0,-0.003615480023,1.484018265e-07,False
2021-06-09,26,random_forest,"{'max_depth': 3, 'min_samples_leaf': 50}",0,0.2454297922,0.4915044245,0.2630657833,0.0003071846069,0,0.001536773995,2.226027397e-07,False
2021-06-10,26,random_forest,"{'max_depth': 3, 'min_samples_leaf': 50}",0,0.2370377677,0.5206382748,0.2423239576,0.0002376075717,0,0.0002592771551,2.226027397e-07,False
2021-06-11,26,random_forest,"{'max_depth': 3, 'min_samples_leaf': 50}",0,0.2383729211,0.5330061984,0.2286208804,0.0001266134775,0,0.001955604244,2.226027397e-07,False
2021-06-14,26,random_forest,"{'max_depth': 3, 'min_samples_leaf': 50}",0,0.2383470105,0.538270153,0.2233828365,8.925488483e-05,0,-0.002209586927,2.226027397e-07,False
2021-06-15,26,random_forest,"{'max_depth': 3, 'min_samples_leaf': 50}",0,0.2401227936,0.5233233714,0.236553835,0.000167022604,0,-0.005934624142,2.226027397e-07,False
2021-06-16,26,random_forest,"{'max_depth': 3, 'min_samples_leaf': 50}",0,0.2624810329,0.4290787631,0.3084402039,0.0004717445413,1,0.0007114280049,2.96803653e-07,False
2021-06-17,26,random_forest,"{'max_depth': 3, 'min_samples_leaf': 50}",0,0.2667424154,0.435330298,0.2979272866,0.0003559917154,0,-0.005202673112,2.96803653e-07,False
2021-06-18,26,random_forest,"{'max_depth': 3, 'min_samples_leaf': 50}",0,0.2841656841,0.2583950467,0.4574392692,0.001336419832,1,0.009740877461,3.710045662e-07,False
2021-06-21,27,random_forest,"{'max_depth': 3, 'min_samples_leaf': 50}",0,0.2885392889,0.4440899621,0.267370749,-7.94955321e-05,0,0.005370034952,3.710045662e-07,False
2021-06-22,27,random_forest,"{'max_depth': 3, 'min_samples_leaf': 50}",0,0.2642168304,0.502741135,0.2330420347,-9.719590688e-05,0,-0.001394164066,2.96803653e-07,False
2021-06-23,27,random_forest,"{'max_depth': 3, 'min_samples_leaf': 50}",0,0.2757422946,0.4938778995,0.2303798059,-0.0002245314358,0,0.0004942252798,3.710045662e-07,False
2021-06-24,27,random_forest,"{'max_depth': 3, 'min_samples_leaf': 50}",0,0.258502373,0.5299467235,0.2115509035,-0.0001976172807,0,0.001667037975,3.710045662e-07,False
2021-06-25,27,random_forest,"{'max_depth': 3, 'min_samples_leaf': 50}",0,0.2597378538,0.5245731339,0.2156890123,-0.0001795506503,0,0.000702267865,4.452054795e-07,False
2021-06-28,27,random_forest,"{'max_depth': 3, 'min_samples_leaf': 50}",0,0.2573842932,0.5209117872,0.2217039196,-0.0001143190272,0,-0.000420661573,3.710045662e-07,False
2021-06-29,27,random_forest,"{'max_depth': 3, 'min_samples_leaf': 50}",0,0.2609952701,0.5250092864,0.2139954435,-0.0002035032279,0,0.001989668037,2.96803653e-07,False
2021-06-30,27,random_forest,"{'max_depth': 3, 'min_samples_leaf': 50}",0,0.2430156233,0.5519948683,0.2049895084,-9.921078431e-05,0,0.003637460146,3.710045662e-07,False
2021-07-01,27,random_forest,"{'max_depth': 3, 'min_samples_leaf': 50}",0,0.2342052244,0.5920285365,0.173766239,-0.0002403345661,0,0.004748969675,3.710045662e-07,False
2021-07-02,27,random_forest,"{'max_depth': 3, 'min_samples_leaf': 50}",0,0.2244208859,0.6057167626,0.1698623515,-0.0001764308366,0,-0.001959532693,3.710045662e-07,False
2021-07-06,27,random_forest,"{'max_depth': 3, 'min_samples_leaf': 50}",0,0.2643910678,0.4390109959,0.2965979363,0.0003568641375,0,0.001844735063,3.710045662e-07,False
2021-07-07,27,random_forest,"{'max_depth': 3, 'min_samples_leaf': 50}",0,0.2659455535,0.4489116322,0.2851428143,0.0002601310412,0,0.004990938581,3.710045662e-07,False
2021-07-08,27,random_forest,"{'max_depth': 3, 'min_samples_leaf': 50}",0,0.3053026715,0.3681312222,0.3265661063,0.0001874938809,0,0.006912792969,4.452054795e-07,False
2021-07-09,27,random_forest,"{'max_depth': 3, 'min_samples_leaf': 50}",0,0.2611178612,0.4958950088,0.24298713,3.216092964e-06,0,0.003789343851,4.452054795e-07,False
2021-07-12,27,random_forest,"{'max_depth': 3, 'min_samples_leaf': 50}",0,0.268169522,0.4670420375,0.2647884405,9.330242257e-05,0,-0.001489991685,3.710045662e-07,False
2021-07-13,27,random_forest,"{'max_depth': 3, 'min_samples_leaf': 50}",0,0.2622467794,0.5046166117,0.2331366089,-7.801506264e-05,0,-0.002652043303,3.710045662e-07,False
2021-07-14,27,random_forest,"{'max_depth': 3, 'min_samples_leaf': 50}",0,0.2618552225,0.4941850968,0.2439596807,3.26398402e-06,0,-0.000137985814,4.452054795e-07,False
2021-07-15,27,random_forest,"{'max_depth': 3, 'min_samples_leaf': 50}",0,0.2669399221,0.4692699247,0.2637901532,9.76931119e-05,0,-0.01071079417,3.710045662e-07,False
2021-07-16,27,random_forest,"{'max_depth': 3, 'min_samples_leaf': 50}",0,0.3103261453,0.308075697,0.3815981576,0.0005348937326,1,-0.002862575755,3.710045662e-07,False
2021-07-19,27,random_forest,"{'max_depth': 3, 'min_samples_leaf': 50}",0,0.328382707,0.2494389392,0.4221783538,0.0006562666884,1,0.0126386135,3.710045662e-07,False
2021-07-20,27,random_forest,"{'max_depth': 3, 'min_samples_leaf': 50}",0,0.3456512367,0.3084471303,0.345901633,-5.282447504e-05,0,0.005111697755,3.710045662e-07,False
2021-07-21,28,random_forest,"{'max_depth': 3, 'min_samples_leaf': 50}",0,0.2665284773,0.470086916,0.2633846067,0.0001169222512,0,0.001656165219,3.710045662e-07,False
2021-07-22,28,random_forest,"{'max_depth': 3, 'min_samples_leaf': 50}",0,0.2631844579,0.493306823,0.2435087191,6.209229533e-06,0,0.005531206679,3.710045662e-07,False
2021-07-23,28,random_forest,"{'max_depth': 3, 'min_samples_leaf': 50}",0,0.2588805903,0.5019845858,0.2391348239,1.519317532e-05,0,0.003892448272,3.710045662e-07,False
2021-07-26,28,random_forest,"{'max_depth': 3, 'min_samples_leaf': 50}",0,0.2576363031,0.522054514,0.2203091829,-0.0001076430295,0,-0.002045859346,3.710045662e-07,False
2021-07-27,28,random_forest,"{'max_depth': 3, 'min_samples_leaf': 50}",0,0.2841536712,0.4052140753,0.3106322534,0.0002896668318,0,-0.001933237914,3.710045662e-07,False
2021-07-28,28,random_forest,"{'max_depth': 3, 'min_samples_leaf': 50}",0,0.2638157359,0.4771443288,0.2590399353,0.0001112437602,0,0.00188710492,3.710045662e-07,False
2021-07-29,28,random_forest,"{'max_depth': 3, 'min_samples_leaf': 50}",0,0.2632633483,0.4967939825,0.2399426692,-1.999929368e-05,0,0.001370158483,4.452054795e-07,False
2021-07-30,28,random_forest,"{'max_depth': 3, 'min_samples_leaf': 50}",0,0.264921902,0.477594398,0.2574837,8.978947268e-05,0,-0.006245174107,4.452054795e-07,False
2021-08-02,28,random_forest,"{'max_depth': 3, 'min_samples_leaf': 50}",0,0.2722581402,0.4304763679,0.2972654919,0.0003053716385,0,0.006180985811,3.710045662e-07,False
2021-08-03,28,random_forest,"{'max_depth': 3, 'min_samples_leaf': 50}",0,0.2571014926,0.4880597022,0.2548388052,0.0001439898557,0,-0.001819063663,3.710045662e-07,False
2021-08-04,28,random_forest,"{'max_depth': 3, 'min_samples_leaf': 50}",0,0.267626726,0.4505195228,0.2818537512,0.0002385770354,0,0.003498270296,3.710045662e-07,False
2021-08-05,28,random_forest,"{'max_depth': 3, 'min_samples_leaf': 50}",0,0.2592805092,0.5062399484,0.2344795424,-2.179582564e-05,0,0.0008821174673,3.710045662e-07,False
2021-08-06,28,random_forest,"{'max_depth': 3, 'min_samples_leaf': 50}",0,0.2562044544,0.5184101628,0.2253853828,-5.800279452e-05,0,-0.0007457997419,4.452054795e-07,False
2021-08-09,28,random_forest,"{'max_depth': 3, 'min_samples_leaf': 50}",0,0.2588353542,0.5091790775,0.2319855683,-3.544894744e-05,0,0.0001581693544,4.452054795e-07,False
2021-08-10,28,random_forest,"{'max_depth': 3, 'min_samples_leaf': 50}",0,0.247724805,0.5408352072,0.2114399878,-7.835690799e-05,0,-9.014582391e-05,3.710045662e-07,False
2021-08-11,28,random_forest,"{'max_depth': 3, 'min_samples_leaf': 50}",0,0.2439875667,0.5491126564,0.2068997769,-7.585680293e-05,0,0.003358708663,3.710045662e-07,False
2021-08-12,28,random_forest,"{'max_depth': 3, 'min_samples_leaf': 50}",0,0.2418616796,0.5503115758,0.2078267446,-4.936653891e-05,0,0.0007406296014,4.452054795e-07,False
2021-08-13,28,random_forest,"{'max_depth': 3, 'min_samples_leaf': 50}",0,0.2387592452,0.5686915435,0.1925492113,-0.0001294928748,0,0.005488948979,4.452054795e-07,False
2021-08-16,28,random_forest,"{'max_depth': 3, 'min_samples_leaf': 50}",0,0.2402804485,0.5430618633,0.2166576882,2.848884086e-05,0,-0.0004501660607,4.452054795e-07,False
2021-08-17,28,random_forest,"{'max_depth': 3, 'min_samples_leaf': 50}",0,0.2765437111,0.4183191807,0.3051371082,0.000321541835,0,-0.008533499138,5.194063927e-07,False
2021-08-18,28,random_forest,"{'max_depth': 3, 'min_samples_leaf': 50}",0,0.3203226925,0.2493120531,0.4303652544,0.0008068352649,1,0.00822884094,5.194063927e-07,False
2021-08-19,29,random_forest,"{'max_depth': 3, 'min_samples_leaf': 50}",0,0.3447145987,0.1890343119,0.4662510894,0.0008416481197,1,0.00710986148,4.452054795e-07,False
2021-08-20,29,random_forest,"{'max_depth': 3, 'min_samples_leaf': 50}",0,0.2700769399,0.440864861,0.2890581992,0.0002780800887,0,0.004717418666,3.710045662e-07,False
2021-08-23,29,random_forest,"{'max_depth': 3, 'min_samples_leaf': 50}",0,0.2363145523,0.5379670121,0.2257184356,0.0001425468867,0,0,3.710045662e-07,False
2021-08-24,29,random_forest,"{'max_depth': 3, 'min_samples_leaf': 50}",0,0.2423175229,0.5435382248,0.2141442523,4.480481848e-06,0,0.001651137491,3.710045662e-07,False
2021-08-25,29,random_forest,"{'max_depth': 3, 'min_samples_leaf': 50}",0,0.2378514753,0.5545487111,0.2075998136,-4.235126143e-07,0,-0.005238348739,4.452054795e-07,False
2021-08-26,29,random_forest,"{'max_depth': 3, 'min_samples_leaf': 50}",0,0.2652662611,0.4530081592,0.2817255796,0.0002707868316,0,0.007000368923,3.710045662e-07,False
2021-08-27,29,random_forest,"{'max_depth': 3, 'min_samples_leaf': 50}",0,0.2431799193,0.5014432408,0.25537684,0.0002892561617,0,0.002793998995,3.710045662e-07,False
2021-08-30,29,random_forest,"{'max_depth': 3, 'min_samples_leaf': 50}",0,0.2335536561,0.5435776491,0.2228686948,0.0001480084166,0,-0.001260715428,3.710045662e-07,False
2021-08-31,29,random_forest,"{'max_depth': 3, 'min_samples_leaf': 50}",0,0.2340568038,0.5562769943,0.2096662019,4.957098089e-05,0,-0.001679357001,2.96803653e-07,False
2021-09-01,29,random_forest,"{'max_depth': 3, 'min_samples_leaf': 50}",0,0.2163285914,0.649784351,0.1338870575,-0.000323542415,0,-0.0002867840016,3.710045662e-07,False
2021-09-02,29,random_forest,"{'max_depth': 3, 'min_samples_leaf': 50}",0,0.219832238,0.6415602493,0.1386075127,-0.0003226330115,0,0.00243368194,3.710045662e-07,False
2021-09-03,29,random_forest,"{'max_depth': 3, 'min_samples_leaf': 50}",0,0.2310793901,0.5661814791,0.2027391308,2.809370988e-05,0,-0.00276114942,3.710045662e-07,False
2021-09-07,29,random_forest,"{'max_depth': 3, 'min_samples_leaf': 50}",0,0.2611010567,0.5019431331,0.2369558102,-8.364925636e-06,0,4.433248178e-05,3.710045662e-07,False
2021-09-08,29,random_forest,"{'max_depth': 3, 'min_samples_leaf': 50}",0,0.2612524878,0.4838313607,0.2549161515,0.0001177663915,0,-0.003816288473,3.710045662e-07,False
2021-09-09,29,random_forest,"{'max_depth': 3, 'min_samples_leaf': 50}",0,0.2990068318,0.3400335607,0.3609596076,0.0005193922086,1,-0.01241576364,2.96803653e-07,False
2021-09-10,29,random_forest,"{'max_depth': 3, 'min_samples_leaf': 50}",0,0.310855244,0.2785081209,0.4106366351,0.0007618768152,1,-0.004591717218,3.710045662e-07,False
2021-09-13,29,random_forest,"{'max_depth': 3, 'min_samples_leaf': 50}",0,0.317136091,0.2644446242,0.4184192847,0.0007586816155,1,-0.008814562605,4.452054795e-07,False
2021-09-14,29,random_forest,"{'max_depth': 3, 'min_samples_leaf': 50}",0,0.3152229033,0.2543209412,0.4304561554,0.0008619662417,1,0.007332125774,2.96803653e-07,False
2021-09-15,29,random_forest,"{'max_depth': 3, 'min_samples_leaf': 50}",0,0.2798392326,0.4102815179,0.3098792494,0.0003350687257,0,-0.0003353167204,2.96803653e-07,False
2021-09-16,29,random_forest,"{'max_depth': 3, 'min_samples_leaf': 50}",0,0.2940820305,0.3659080025,0.340009967,0.0004164633602,1,-0.007911578298,2.96803653e-07,False
2021-09-17,29,random_forest,"{'max_depth': 3, 'min_samples_leaf': 50}",0,0.3261208683,0.2124563845,0.4614227472,0.0009804301153,1,-0.001931559098,2.96803653e-07,False
2021-09-20,30,random_forest,"{'max_depth': 3, 'min_samples_leaf': 50}",0,0.3426599919,0.2159511155,0.4413888926,0.000671300782,1,-0.006643286617,2.96803653e-07,False
2021-09-21,30,random_forest,"{'max_depth': 3, 'min_samples_leaf': 50}",0,0.3231876036,0.2386967905,0.4381156059,0.0008288601875,1,0.004150894564,2.226027397e-07,False
2021-09-22,30,random_forest,"{'max_depth': 3, 'min_samples_leaf': 50}",0,0.3136305593,0.3158936127,0.3704758279,0.0004377421969,1,0.007570732095,2.226027397e-07,False
2021-09-23,30,random_forest,"{'max_depth': 3, 'min_samples_leaf': 50}",0,0.2491500185,0.5016638294,0.2491861521,0.0001759316526,0,0.005595327205,2.226027397e-07,False
2021-09-24,30,random_forest,"{'max_depth': 3, 'min_samples_leaf': 50}",0,0.2404754108,0.5351012303,0.2244233588,8.079585485e-05,0,-0.0003838731894,2.226027397e-07,False
2021-09-27,30,random_forest,"{'max_depth': 3, 'min_samples_leaf': 50}",0,0.2649353472,0.4831768539,0.2518877989,4.854740669e-05,0,-0.01357775068,2.96803653e-07,False
2021-09-28,30,random_forest,"{'max_depth': 3, 'min_samples_leaf': 50}",0,0.3311975507,0.264080379,0.4047220704,0.0005175983992,1,-0.001700384148,2.96803653e-07,False
2021-09-29,30,random_forest,"{'max_depth': 3, 'min_samples_leaf': 50}",0,0.3128468827,0.3129604041,0.3741927133,0.0004713858535,1,-0.01577903435,2.96803653e-07,False
2021-09-30,30,random_forest,"{'max_depth': 3, 'min_samples_leaf': 50}",0,0.3201911344,0.2853899508,0.3944189148,0.00054668945,1,0.007564107568,2.96803653e-07,False
2021-10-01,30,random_forest,"{'max_depth': 3, 'min_samples_leaf': 50}",0,0.2801933733,0.419528362,0.3002782646,0.0002501807927,0,-0.01006925024,2.96803653e-07,False
2021-10-04,30,random_forest,"{'max_depth': 3, 'min_samples_leaf': 50}",0,0.2884808973,0.3724417019,0.3390774008,0.0004484858216,1,0.006647489754,2.96803653e-07,False
2021-10-05,30,random_forest,"{'max_depth': 3, 'min_samples_leaf': 50}",0,0.2659392107,0.4773432047,0.2567175846,7.349070008e-05,0,0.01311530031,2.96803653e-07,False
2021-10-06,30,random_forest,"{'max_depth': 3, 'min_samples_leaf': 50}",0,0.2591280214,0.4783653835,0.2625065951,0.0001777933453,0,0.0006158649156,2.96803653e-07,False
2021-10-07,30,random_forest,"{'max_depth': 3, 'min_samples_leaf': 50}",0,0.2421113271,0.5269840862,0.2309045867,0.0001115867442,0,-0.003686232782,3.710045662e-07,False
2021-10-08,30,random_forest,"{'max_depth': 3, 'min_samples_leaf': 50}",0,0.2435051898,0.5127677547,0.2437270555,0.0001896103991,0,-0.005650107959,3.710045662e-07,False
2021-10-11,30,random_forest,"{'max_depth': 3, 'min_samples_leaf': 50}",0,0.2527916534,0.498503129,0.2487052176,0.0001387111188,0,-0.004705438251,3.710045662e-07,False
2021-10-12,30,random_forest,"{'max_depth': 3, 'min_samples_leaf': 50}",0,0.2451960497,0.51577137,0.2390325804,0.0001406093622,0,0.00108118339,4.452054795e-07,False
2021-10-13,30,random_forest,"{'max_depth': 3, 'min_samples_leaf': 50}",0,0.2422580083,0.5369705271,0.2207714646,3.833933092e-05,0,0.007789044179,3.710045662e-07,False
2021-10-14,30,random_forest,"{'max_depth': 3, 'min_samples_leaf': 50}",0,0.1970826862,0.6722910632,0.1306262506,-0.000181757031,0,0.002518257885,3.710045662e-07,False
2021-10-15,30,random_forest,"{'max_depth': 3, 'min_samples_leaf': 50}",0,0.1951063968,0.6795818039,0.1253117992,-0.0002011106574,0,0.007252744983,3.710045662e-07,False
2021-10-18,30,random_forest,"{'max_depth': 3, 'min_samples_leaf': 50}",0,0.188939302,0.6874843376,0.1235763604,-0.0001561671306,0,0.003831420381,4.452054795e-07,False
2021-10-19,31,random_forest,"{'max_depth': 3, 'min_samples_leaf': 50}",0,0.1898873092,0.7010758634,0.1090368274,-0.0002684955828,0,0.002837316895,3.710045662e-07,False
2021-10-20,31,random_forest,"{'max_depth': 3, 'min_samples_leaf': 50}",0,0.1819140225,0.7144525674,0.1036334101,-0.0002327248458,0,0.004028615076,3.710045662e-07,False
2021-10-21,31,random_forest,"{'max_depth': 3, 'min_samples_leaf': 50}",0,0.1826249803,0.7119048016,0.1054702181,-0.0002262776332,0,-2.209025833e-05,4.452054795e-07,False
2021-10-22,31,random_forest,"{'max_depth': 3, 'min_samples_leaf': 50}",0,0.2063311189,0.6291472253,0.1645216558,-2.691295377e-05,0,0.00279560854,4.452054795e-07,False
2021-10-25,31,random_forest,"{'max_depth': 3, 'min_samples_leaf': 50}",0,0.1861504848,0.7010051659,0.1128443493,-0.0002066411778,0,-0.002712206309,4.452054795e-07,False
2021-10-26,31,random_forest,"{'max_depth': 3, 'min_samples_leaf': 50}",0,0.2091185826,0.6112411797,0.1796402377,5.467056506e-05,0,-0.005498980517,4.452054795e-07,False
2021-10-27,31,random_forest,"{'max_depth': 3, 'min_samples_leaf': 50}",0,0.2264789303,0.5406628908,0.2328581789,0.0002716016404,0,0.006279400948,4.452054795e-07,False
2021-10-28,31,random_forest,"{'max_depth': 3, 'min_samples_leaf': 50}",0,0.231407228,0.5396268229,0.2289659491,0.0001980568466,0,0.007414405166,4.452054795e-07,False
2021-10-29,31,random_forest,"{'max_depth': 3, 'min_samples_leaf': 50}",0,0.2327853349,0.5262124273,0.2410022378,0.0002708345748,0,-0.0005648040518,3.710045662e-07,False
2021-11-01,31,random_forest,"{'max_depth': 3, 'min_samples_leaf': 50}",0,0.2447203547,0.5005047079,0.2547749373,0.0002577182634,0,0.003650412019,3.710045662e-07,False
2021-11-02,31,random_forest,"{'max_depth': 3, 'min_samples_leaf': 50}",0,0.2524544885,0.456150535,0.2913949764,0.0004461867858,1,0.00741385977,3.710045662e-07,False
2021-11-03,31,random_forest,"{'max_depth': 3, 'min_samples_leaf': 50}",0,0.2484200455,0.487552696,0.2640272585,0.0002890914791,0,0.003330794281,3.710045662e-07,False
2021-11-04,31,random_forest,"{'max_depth': 3, 'min_samples_leaf': 50}",0,0.2506548616,0.491746041,0.2575990974,0.0002225768042,0,-0.001598192946,2.96803653e-07,False
2021-11-05,31,random_forest,"{'max_depth': 3, 'min_samples_leaf': 50}",0,0.2632683403,0.4226338944,0.3140977652,0.0005070152519,1,-0.001639385785,3.710045662e-07,False
2021-11-08,31,random_forest,"{'max_depth': 3, 'min_samples_leaf': 50}",0,0.2831069657,0.4067543515,0.3101386827,0.0002942383306,0,-0.004133645135,4.452054795e-07,False
2021-11-09,31,random_forest,"{'max_depth': 3, 'min_samples_leaf': 50}",0,0.2859034152,0.3514638469,0.3626327379,0.0006415538732,1,-0.004209784463,2.96803653e-07,False
2021-11-10,31,random_forest,"{'max_depth': 3, 'min_samples_leaf': 50}",0,0.2916418703,0.3206228087,0.3877353209,0.0007666817945,1,-0.003095381732,3.710045662e-07,False
2021-11-11,31,random_forest,"{'max_depth': 3, 'min_samples_leaf': 50}",0,0.2748190546,0.4363073296,0.2888736159,0.0002201283926,0,0.004622449884,3.710045662e-07,False
2021-11-12,31,random_forest,"{'max_depth': 3, 'min_samples_leaf': 50}",0,0.2472944669,0.5249697222,0.2277358109,4.14601815e-05,0,-0.002581985909,3.710045662e-07,False
2021-11-15,31,random_forest,"{'max_depth': 3, 'min_samples_leaf': 50}",0,0.2584773642,0.4970708453,0.2444517905,5.627588968e-05,0,0.004559573989,3.710045662e-07,False
2021-11-16,31,random_forest,"{'max_depth': 3, 'min_samples_leaf': 50}",0,0.2658814398,0.4527787299,0.2813398303,0.0002497219889,0,-0.001833657613,3.710045662e-07,False
2021-11-17,32,random_forest,"{'max_depth': 3, 'min_samples_leaf': 50}",0,0.3051562913,0.3861760915,0.3086676172,8.971504117e-05,0,0.001044285978,3.710045662e-07,False
2021-11-18,32,random_forest,"{'max_depth': 3, 'min_samples_leaf': 50}",0,0.3022240793,0.368292724,0.3294831967,0.0002643219404,0,-0.001533124566,3.710045662e-07,False
2021-11-19,32,random_forest,"{'max_depth': 3, 'min_samples_leaf': 50}",0,0.2964243109,0.3604654517,0.3431102374,0.0004144756583,1,-0.007050494224,3.710045662e-07,False
2021-11-22,32,random_forest,"{'max_depth': 3, 'min_samples_leaf': 50}",0,0.3119650525,0.2682390054,0.4197959421,0.0008143704585,1,0.002076112315,3.710045662e-07,False
2021-11-23,32,random_forest,"{'max_depth': 3, 'min_samples_leaf': 50}",0,0.3113306616,0.3092514913,0.3794178472,0.0005340750804,1,0.007252295527,4.452054795e-07,False
2021-11-24,32,random_forest,"{'max_depth': 3, 'min_samples_leaf': 50}",0,0.306801583,0.3450748057,0.3481236113,0.0003541365568,0,-0.007288997617,2.397260274e-07,False
2021-11-26,32,random_forest,"{'max_depth': 3, 'min_samples_leaf': 50}",0,0.3124780712,0.1765376097,0.5109843191,0.001455875201,1,0.001142066438,4.452054795e-07,False
2021-11-29,32,random_forest,"{'max_depth': 3, 'min_samples_leaf': 50}",0,0.3400867787,0.2480082248,0.4119049965,0.0004986508003,1,-0.0139393992,4.452054795e-07,False
2021-11-30,32,random_forest,"{'max_depth': 3, 'min_samples_leaf': 50}",0,0.3176532602,0.155319108,0.5270276318,0.001521762778,1,-0.0241313886,3.710045662e-07,False
2021-12-01,32,random_forest,"{'max_depth': 3, 'min_samples_leaf': 50}",0,0.3121587947,0.1703116243,0.5175295811,0.001505210484,1,0.01479817789,4.452054795e-07,False
2021-12-02,32,random_forest,"{'max_depth': 3, 'min_samples_leaf': 50}",0,0.3301459588,0.2141560982,0.4556979431,0.000900844008,1,-0.01252259486,3.710045662e-07,False
2021-12-03,32,random_forest,"{'max_depth': 3, 'min_samples_leaf': 50}",0,0.2951851776,0.2172576389,0.4875571835,0.001449606212,1,0.005831678847,4.452054795e-07,False
2021-12-06,32,random_forest,"{'max_depth': 3, 'min_samples_leaf': 50}",0,0.3094493462,0.3048189565,0.3857316973,0.0005962009654,1,0.008333143289,3.710045662e-07,False
2021-12-07,32,random_forest,"{'max_depth': 3, 'min_samples_leaf': 50}",0,0.2218992287,0.5739512006,0.2041495707,0.0001181591584,0,0.001749470566,4.452054795e-07,False
2021-12-08,32,random_forest,"{'max_depth': 3, 'min_samples_leaf': 50}",0,0.2126874718,0.6164334469,0.1708790813,-3.252487215e-05,0,-0.003844895406,5.194063927e-07,False
2021-12-09,32,random_forest,"{'max_depth': 3, 'min_samples_leaf': 50}",0,0.2435120702,0.5308535215,0.2256344084,7.075423459e-05,0,0.003217993706,4.452054795e-07,False
2021-12-10,32,random_forest,"{'max_depth': 3, 'min_samples_leaf': 50}",0,0.2001925928,0.6699335117,0.1298738956,-0.0002076935308,0,-0.007699005024,4.452054795e-07,False
2021-12-13,32,random_forest,"{'max_depth': 3, 'min_samples_leaf': 50}",0,0.2313472041,0.5345035962,0.2341491997,0.0002434806227,0,0.0005830163987,3.710045662e-07,False
2021-12-14,32,random_forest,"{'max_depth': 3, 'min_samples_leaf': 50}",0,0.2488355944,0.5069073778,0.2442570278,0.0001535507691,0,0.01549348869,3.710045662e-07,False
2021-12-15,32,random_forest,"{'max_depth': 3, 'min_samples_leaf': 50}",0,0.220224011,0.586845309,0.1929306799,5.412802568e-05,0,-0.01295045174,3.710045662e-07,False
2021-12-16,32,random_forest,"{'max_depth': 3, 'min_samples_leaf': 50}",0,0.2403426028,0.5286624168,0.2309949804,0.0001380246663,0,-0.003639893223,3.710045662e-07,False
2021-12-17,33,random_forest,"{'max_depth': 3, 'min_samples_leaf': 50}",0,0.2502019481,0.4608031545,0.2889948974,0.0004386767818,1,0.001100158479,3.710045662e-07,False
2021-12-20,33,random_forest,"{'max_depth': 3, 'min_samples_leaf': 50}",0,0.2580028411,0.4619945452,0.2800026137,0.0003020581755,0,0.00970326043,5.194063927e-07,False
2021-12-21,33,random_forest,"{'max_depth': 3, 'min_samples_leaf': 50}",0,0.2687165104,0.4944181597,0.2368653299,-0.0001049916853,0,0.0105879423,5.194063927e-07,False
2021-12-22,33,random_forest,"{'max_depth': 3, 'min_samples_leaf': 50}",0,0.2211933159,0.5994089368,0.1793977472,-7.269664956e-05,0,0.003946679692,5.936073059e-07,False
2021-12-23,33,random_forest,"{'max_depth': 3, 'min_samples_leaf': 50}",0,0.2099078528,0.6510091648,0.1390829823,-0.0002550866784,0,0.01101557493,5.194063927e-07,False
2021-12-27,33,random_forest,"{'max_depth': 3, 'min_samples_leaf': 50}",0,0.2074910889,0.641010549,0.1514983622,-0.0001441325879,0,-0.001779297821,4.452054795e-07,False
2021-12-28,33,random_forest,"{'max_depth': 3, 'min_samples_leaf': 50}",0,0.1942295869,0.6689775773,0.1367928358,-0.0001256346933,0,0.001048262017,4.452054795e-07,False
2021-12-29,33,random_forest,"{'max_depth': 3, 'min_samples_leaf': 50}",0,0.1833274567,0.7194176317,0.09725491162,-0.0003060523987,0,-0.003703448195,3.710045662e-07,False
2021-12-30,33,random_forest,"{'max_depth': 3, 'min_samples_leaf': 50}",0,0.2339343047,0.5529718585,0.2130938368,4.898937581e-05,0,-0.001429701378,3.710045662e-07,False
2021-12-31,33,random_forest,"{'max_depth': 3, 'min_samples_leaf': 50}",0,0.2349091937,0.5546904359,0.2104003704,2.072890622e-05,0,0.002960326775,4.452054795e-07,False
2022-01-03,33,random_forest,"{'max_depth': 3, 'min_samples_leaf': 50}",0,0.2176950735,0.6067904355,0.175514491,-6.784629163e-05,0,-0.003484857453,5.936073059e-07,False
2022-01-04,33,random_forest,"{'max_depth': 3, 'min_samples_leaf': 50}",0,0.2337285084,0.578625895,0.1876455966,-0.0001304648163,0,-0.01840053379,5.936073059e-07,False
2022-01-05,33,random_forest,"{'max_depth': 3, 'min_samples_leaf': 50}",0,0.2877919672,0.3814049705,0.3308030624,0.0003871351515,0,0.0001068366902,6.678082192e-07,False
2022-01-06,33,random_forest,"{'max_depth': 3, 'min_samples_leaf': 50}",0,0.3039389544,0.3914634406,0.304597605,5.023910611e-05,0,-0.003974817547,7.420091324e-07,False
2022-01-07,33,random_forest,"{'max_depth': 3, 'min_samples_leaf': 50}",0,0.2999375761,0.3967644571,0.3032979669,7.81807777e-05,0,0.006073044027,7.420091324e-07,False
2022-01-10,33,random_forest,"{'max_depth': 3, 'min_samples_leaf': 50}",0,0.3098665477,0.3659094261,0.3242240261,0.0001350014065,0,0.009715600747,9.646118721e-07,False
2022-01-11,33,random_forest,"{'max_depth': 3, 'min_samples_leaf': 50}",0,0.2975212243,0.4179651894,0.2845135863,-3.322725429e-05,0,-0.001208692539,8.162100457e-07,False
2022-01-12,33,random_forest,"{'max_depth': 3, 'min_samples_leaf': 50}",0,0.2717611529,0.4924602652,0.2357785819,-0.0001410453903,0,-0.01622229113,8.904109589e-07,False
2022-01-13,33,random_forest,"{'max_depth': 3, 'min_samples_leaf': 50}",0,0.3200262676,0.2690433033,0.4109304291,0.0006584880246,1,0.007654109418,8.904109589e-07,False
2022-01-14,33,random_forest,"{'max_depth': 3, 'min_samples_leaf': 50}",0,0.2995290079,0.3688283542,0.3316426379,0.0002839898584,0,-0.007069213122,9.646118721e-07,False
2022-01-18,33,random_forest,"{'max_depth': 3, 'min_samples_leaf': 50}",0,0.3512887774,0.1762757809,0.4724354417,0.0008061563485,1,-0.01392618874,1.187214612e-06,False
2022-01-19,34,random_forest,"{'max_depth': 3, 'min_samples_leaf': 50}",0,0.3895612988,0.1361523306,0.4742863706,0.0004589606893,1,-0.01542699722,1.261415525e-06,False
2022-01-20,34,random_forest,"{'max_depth': 3, 'min_samples_leaf': 50}",0,0.4012034624,0.1365412251,0.4622553125,0.0002642283146,0,-0.01701226927,1.261415525e-06,False
2022-01-21,34,random_forest,"{'max_depth': 3, 'min_samples_leaf': 50}",0,0.3759081647,0.146203286,0.4778885493,0.000612135714,1,0.01807744253,1.261415525e-06,False
2022-01-24,34,random_forest,"{'max_depth': 3, 'min_samples_leaf': 50}",0,0.4008012022,0.1456177486,0.4535810492,0.0002059041665,0,0.003255908206,1.409817352e-06,False
2022-01-25,34,random_forest,"{'max_depth': 3, 'min_samples_leaf': 50}",0,0.3939663163,0.1375134947,0.468520189,0.0003765921083,0,-0.01665455677,1.409817352e-06,False
2022-01-26,34,random_forest,"{'max_depth': 3, 'min_samples_leaf': 50}",0,0.3598590567,0.1731676477,0.4669732956,0.0006837729265,1,-0.01601793317,1.409817352e-06,False
2022-01-27,34,random_forest,"{'max_depth': 3, 'min_samples_leaf': 50}",0,0.3199531098,0.2106833276,0.4693635625,0.001073237069,1,0.02142465508,1.484018265e-06,False
2022-01-28,34,random_forest,"{'max_depth': 3, 'min_samples_leaf': 50}",0,0.3406483117,0.2636760283,0.39567566,0.0003527829158,0,0.01964920134,1.409817352e-06,False
2022-01-31,34,random_forest,"{'max_depth': 3, 'min_samples_leaf': 50}",0,0.2305833715,0.5272401814,0.2421764471,0.0002812659397,0,0.005036876662,1.632420091e-06,False
2022-02-01,34,random_forest,"{'max_depth': 3, 'min_samples_leaf': 50}",0,0.2141948569,0.5928025516,0.1930025915,8.22714171e-05,0,0.004061484172,1.409817352e-06,False
2022-02-02,34,random_forest,"{'max_depth': 3, 'min_samples_leaf': 50}",0,0.2076463402,0.6078149419,0.1845387178,8.280299154e-05,0,-0.009646315432,1.409817352e-06,False
2022-02-03,34,random_forest,"{'max_depth': 3, 'min_samples_leaf': 50}",0,0.2498627006,0.4897544532,0.2603828462,0.000231667155,0,0.005264940272,1.484018265e-06,False
2022-02-04,34,random_forest,"{'max_depth': 3, 'min_samples_leaf': 50}",0,0.2462288775,0.5288657891,0.2249053334,1.167820775e-05,0,-0.005005450275,1.706621005e-06,False
2022-02-07,34,random_forest,"{'max_depth': 3, 'min_samples_leaf': 50}",0,0.2547341194,0.5457300929,0.1995357877,-0.0002492411245,0,0.009424017512,2.003424658e-06,False
2022-02-08,34,random_forest,"{'max_depth': 3, 'min_samples_leaf': 50}",0,0.220315336,0.62594668,0.153737984,-0.0002558363259,0,0.005096453031,1.855022831e-06,False
2022-02-09,34,random_forest,"{'max_depth': 3, 'min_samples_leaf': 50}",0,0.1763353404,0.7240771672,0.09958749241,-0.0002329931097,0,-0.004475537377,1.929223744e-06,False
2022-02-10,34,random_forest,"{'max_depth': 3, 'min_samples_leaf': 50}",0,0.263746158,0.5168546574,0.2193991847,-0.0001911785675,0,-0.01991502647,2.96803653e-06,False
2022-02-11,34,random_forest,"{'max_depth': 3, 'min_samples_leaf': 50}",0,0.2763835189,0.3935312944,0.3300851867,0.0004830308783,1,-0.002045882067,2.671232877e-06,False
2022-02-14,34,random_forest,"{'max_depth': 3, 'min_samples_leaf': 50}",0,0.3385552479,0.2999223343,0.3615224178,0.0001278944868,0,0.005341074605,3.190639269e-06,False
2022-02-15,34,random_forest,"{'max_depth': 3, 'min_samples_leaf': 50}",0,0.3238877209,0.3524318621,0.3236804169,-6.061668068e-06,0,0.00601449207,2.96803653e-06,False
2022-02-16,34,random_forest,"{'max_depth': 3, 'min_samples_leaf': 50}",0,0.2573863298,0.513958127,0.2286555433,-6.559231246e-05,0,-0.01389829798,2.819634703e-06,False
2022-02-17,35,random_forest,"{'max_depth': 3, 'min_samples_leaf': 50}",0,0.2846090845,0.4142310446,0.3011598709,0.0001857768817,0,-0.007088413095,2.671232877e-06,False
2022-02-18,35,random_forest,"{'max_depth': 3, 'min_samples_leaf': 50}",0,0.2819475709,0.4073931433,0.3106592857,0.0002796861022,0,-0.00537175494,2.597031963e-06,False
2022-02-22,35,random_forest,"{'max_depth': 3, 'min_samples_leaf': 50}",0,0.3347138978,0.2689845967,0.3963015055,0.0003988961752,0,-0.02475382852,2.74543379e-06,False
2022-02-23,35,random_forest,"{'max_depth': 3, 'min_samples_leaf': 50}",0,0.329715515,0.2270766785,0.4432078064,0.0007854282929,1,0.04204174809,2.52283105e-06,False
2022-02-24,35,random_forest,"{'max_depth': 3, 'min_samples_leaf': 50}",0,0.3645550885,0.2015872661,0.4338576454,0.0003876617443,0,0.0189474521,2.374429224e-06,False
2022-02-25,35,random_forest,"{'max_depth': 3, 'min_samples_leaf': 50}",0,0.2502734058,0.5215011612,0.228225433,-1.62058985e-05,0,0.01064742279,2.448630137e-06,False
2022-02-28,35,random_forest,"{'max_depth': 3, 'min_samples_leaf': 50}",0,0.3290913452,0.2877830546,0.3831256001,0.000356907652,0,-0.01163110849,2.597031963e-06,False
2022-03-01,35,random_forest,"{'max_depth': 3, 'min_samples_leaf': 50}",0,0.3382004772,0.1884918828,0.47330764,0.0009226627114,1,0.01276688859,2.374429224e-06,False
2022-03-02,35,random_forest,"{'max_depth': 3, 'min_samples_leaf': 50}",0,0.3067191732,0.3754439649,0.3178368619,9.683593154e-05,0,-0.01080666042,2.52283105e-06,False
2022-03-03,35,random_forest,"{'max_depth': 3, 'min_samples_leaf': 50}",0,0.3003112814,0.3437699963,0.3559187222,0.0004329185469,1,0.0009728161292,2.819634703e-06,False
2022-03-04,35,random_forest,"{'max_depth': 3, 'min_samples_leaf': 50}",0,0.3099697201,0.3244629772,0.3655673027,0.0004111558688,1,-0.02808479994,2.52283105e-06,False
2022-03-07,35,random_forest,"{'max_depth': 3, 'min_samples_leaf': 50}",0,0.3490683069,0.1750859562,0.4758457369,0.0008380255175,1,-0.008031064291,2.819634703e-06,False
2022-03-08,35,random_forest,"{'max_depth': 3, 'min_samples_leaf': 50}",0,0.3509471349,0.2115789872,0.4374738779,0.0005427658472,1,0.00533939156,2.671232877e-06,False
2022-03-09,35,random_forest,"{'max_depth': 3, 'min_samples_leaf': 50}",0,0.3058659494,0.3690255729,0.3251084777,0.0001575003128,0,0.007005637884,2.819634703e-06,False
2022-03-10,35,random_forest,"{'max_depth': 3, 'min_samples_leaf': 50}",0,0.2785286482,0.4571574787,0.2643138731,-2.302351203e-05,0,-0.01880311093,2.893835616e-06,False
2022-03-11,35,random_forest,"{'max_depth': 3, 'min_samples_leaf': 50}",0,0.2715692118,0.4529369006,0.2754938876,0.0001237670178,0,-0.009242354274,2.96803653e-06,False
2022-03-14,35,random_forest,"{'max_depth': 3, 'min_samples_leaf': 50}",0,0.2756748489,0.4477489156,0.2765762355,9.268592076e-05,0,0.01524650316,3.339041096e-06,False
2022-03-15,35,random_forest,"{'max_depth': 3, 'min_samples_leaf': 50}",0,0.2597061728,0.5202310981,0.2200627291,-0.0001646178065,0,0.01332894518,3.413242009e-06,False
2022-03-16,35,random_forest,"{'max_depth': 3, 'min_samples_leaf': 50}",0,0.2029741737,0.6363297528,0.1606960735,-5.625667262e-05,0,0.01725134585,3.264840183e-06,False
2022-03-17,35,random_forest,"{'max_depth': 3, 'min_samples_leaf': 50}",0,0.1926531487,0.670442765,0.1369040864,-0.0001304815145,0,0.01488581968,2.96803653e-06,False
2022-03-18,35,random_forest,"{'max_depth': 3, 'min_samples_leaf': 50}",0,0.1860386277,0.7169649495,0.09699642273,-0.0003563585818,0,0.0001125676872,3.116438356e-06,False
2022-03-21,36,random_forest,"{'max_depth': 3, 'min_samples_leaf': 20}",0,0.1946679744,0.6902688714,0.1150631542,-0.0003079581431,0,0.008365879629,4.006849315e-06,False
2022-03-22,36,random_forest,"{'max_depth': 3, 'min_samples_leaf': 20}",0,0.1751394529,0.7173021628,0.1075583843,-0.0001757127199,0,-0.006958931069,3.784246575e-06,False
2022-03-23,36,random_forest,"{'max_depth': 3, 'min_samples_leaf': 20}",0,0.2160197122,0.6292508212,0.1547294666,-0.0002188947926,0,0.01020313885,3.710045662e-06,False
2022-03-24,36,random_forest,"{'max_depth': 3, 'min_samples_leaf': 20}",0,0.1708742495,0.7225493338,0.1065764166,-0.0001419486475,0,0.0033912552,3.858447489e-06,False
2022-03-25,36,random_forest,"{'max_depth': 3, 'min_samples_leaf': 20}",0,0.194045496,0.6696628613,0.1362916427,-0.000144305232,0,0.008516582121,4.081050228e-06,False
2022-03-28,36,random_forest,"{'max_depth': 3, 'min_samples_leaf': 20}",0,0.1737839327,0.7186776311,0.1075384362,-0.0001628125846,0,0.003325939864,4.377853881e-06,False
2022-03-29,36,random_forest,"{'max_depth': 3, 'min_samples_leaf': 20}",0,0.1781145694,0.7104410489,0.1114443817,-0.0001754905601,0,-0.003562549697,4.081050228e-06,False
2022-03-30,36,random_forest,"{'max_depth': 3, 'min_samples_leaf': 20}",0,0.1940377206,0.6764924315,0.1294698479,-0.0001948948688,0,-0.01364956603,4.081050228e-06,False
2022-03-31,36,random_forest,"{'max_depth': 3, 'min_samples_leaf': 20}",0,0.2377925371,0.507430471,0.2547769918,0.0003145576857,0,-0.0008603032836,3.858447489e-06,False
2022-04-01,36,random_forest,"{'max_depth': 3, 'min_samples_leaf': 20}",0,0.2537862326,0.4953587038,0.2508550636,0.0001314741952,0,0.008099183142,3.932648402e-06,False
2022-04-04,36,random_forest,"{'max_depth': 3, 'min_samples_leaf': 20}",0,0.2179995718,0.6008808644,0.1811195638,-4.195756156e-05,0,-0.00920434592,4.897260274e-06,False
2022-04-05,36,random_forest,"{'max_depth': 3, 'min_samples_leaf': 20}",0,0.2959067755,0.4240762656,0.280016959,-5.739851753e-05,0,-0.0008280015737,4.823059361e-06,False
2022-04-06,36,random_forest,"{'max_depth': 3, 'min_samples_leaf': 20}",0,0.2955645306,0.3790659595,0.3253695098,0.0002827227746,0,0.007136589054,4.971461187e-06,False
2022-04-07,36,random_forest,"{'max_depth': 3, 'min_samples_leaf': 20}",0,0.3142286876,0.4007200357,0.2850512767,-0.0001963767655,0,-0.0008929033388,5.0456621e-06,False
2022-04-08,36,random_forest,"{'max_depth': 3, 'min_samples_leaf': 20}",0,0.3175139255,0.3983689044,0.2841171701,-0.0002349380604,0,-0.00943453647,5.194063927e-06,False
2022-04-11,36,random_forest,"{'max_depth': 3, 'min_samples_leaf': 20}",0,0.3712084089,0.2485768784,0.3802147127,-3.810058431e-05,0,-0.01081063949,5.71347032e-06,False
2022-04-12,36,random_forest,"{'max_depth': 3, 'min_samples_leaf': 20}",0,0.3854304933,0.2374557473,0.3771137594,-0.0001980332213,0,0.01205396615,5.49086758e-06,False
2022-04-13,36,random_forest,"{'max_depth': 3, 'min_samples_leaf': 20}",0,0.3105179777,0.3954571024,0.2940249199,-9.401138645e-05,0,-0.01298608808,5.565068493e-06,False
2022-04-14,36,random_forest,"{'max_depth': 3, 'min_samples_leaf': 20}",0,0.3238955816,0.3510587318,0.3250456867,7.602052929e-06,0,0.002655625262,5.861872146e-06,False
2022-04-18,36,random_forest,"{'max_depth': 3, 'min_samples_leaf': 20}",0,0.3247133089,0.3807774109,0.2945092802,-0.0002270588912,0,0.01639798899,6.010273973e-06,False
2022-04-19,36,random_forest,"{'max_depth': 3, 'min_samples_leaf': 20}",0,0.2989746252,0.4306198837,0.2704054911,-0.0001583127315,0,-0.004945005644,6.010273973e-06,False
2022-04-20,37,random_forest,"{'max_depth': 3, 'min_samples_leaf': 20}",0,0.2670546038,0.487996108,0.2449492882,-3.83224745e-05,0,-0.02336471844,6.084474886e-06,False
2022-04-21,37,random_forest,"{'max_depth': 3, 'min_samples_leaf': 20}",0,0.3645638452,0.2600128283,0.3754233265,-3.911978151e-06,0,-0.02487925432,6.158675799e-06,False
2022-04-22,37,random_forest,"{'max_depth': 3, 'min_samples_leaf': 20}",0,0.4669057166,0.1115705648,0.4215237187,-0.0006467206869,-1,0.01142397661,6.158675799e-06,False
2022-04-25,37,random_forest,"{'max_depth': 3, 'min_samples_leaf': 20}",0,0.4457477664,0.1590613376,0.395190896,-0.0006394042235,-1,-0.02284944867,6.752283105e-06,False
2022-04-26,37,random_forest,"{'max_depth': 3, 'min_samples_leaf': 20}",0,0.4380143915,0.1107431518,0.4512424567,-0.0001458746793,0,7.189811399e-05,6.158675799e-06,False
2022-04-27,37,random_forest,"{'max_depth': 3, 'min_samples_leaf': 20}",0,0.4390036916,0.1431922165,0.417804092,-0.0004053323287,0,0.01307155954,6.084474886e-06,False
2022-04-28,37,random_forest,"{'max_depth': 3, 'min_samples_leaf': 20}",0,0.4013286693,0.1978037249,0.4008676059,-0.0001684385512,0,-0.02736135534,6.084474886e-06,False
2022-04-29,37,random_forest,"{'max_depth': 3, 'min_samples_leaf': 20}",0,0.4319166159,0.1448437224,0.4232396617,-0.0002963342562,0,0.005848529566,6.307077626e-06,False
2022-05-02,37,random_forest,"{'max_depth': 3, 'min_samples_leaf': 20}",0,0.4194105079,0.1890935964,0.3914958957,-0.0004129280927,-1,0.003301113507,6.678082192e-06,False
2022-05-03,37,random_forest,"{'max_depth': 3, 'min_samples_leaf': 20}",0,0.4032765513,0.2260987505,0.3706246982,-0.0004132618799,-1,0.0287235335,6.752283105e-06,False
2022-05-04,37,random_forest,"{'max_depth': 3, 'min_samples_leaf': 20}",0,0.2567904635,0.4913879376,0.251821599,0.0001120647109,0,-0.02529735141,6.603881279e-06,False
2022-05-05,37,random_forest,"{'max_depth': 3, 'min_samples_leaf': 20}",0,0.3856146925,0.1818508514,0.4325344561,0.0002198372316,0,0.0005837757186,6.307077626e-06,False
2022-05-06,37,random_forest,"{'max_depth': 3, 'min_samples_leaf': 20}",0,0.381292485,0.2472773994,0.3714301155,-0.0001951482795,0,-0.01710686875,6.307077626e-06,False
2022-05-09,37,random_forest,"{'max_depth': 3, 'min_samples_leaf': 20}",0,0.4148287059,0.1455309141,0.43964038,-8.900028664e-06,0,-0.01335012973,6.826484018e-06,False
2022-05-10,37,random_forest,"{'max_depth': 3, 'min_samples_leaf': 20}",0,0.3562135246,0.2734148732,0.3703716022,3.889296671e-05,0,-0.0133645018,6.603881279e-06,False
2022-05-11,37,random_forest,"{'max_depth': 3, 'min_samples_leaf': 20}",0,0.3570464177,0.2635778986,0.3793756837,9.815266172e-05,0,0.00762770935,6.752283105e-06,False
2022-05-12,37,random_forest,"{'max_depth': 3, 'min_samples_leaf': 20}",0,0.2935418618,0.3193713587,0.3870867795,0.0007684523799,1,0.01262889737,7.123287671e-06,False
2022-05-13,37,random_forest,"{'max_depth': 3, 'min_samples_leaf': 20}",0,0.2819132997,0.3983469764,0.319739724,0.0003772987383,0,0.0002749770745,7.642694064e-06,False
2022-05-16,37,random_forest,"{'max_depth': 3, 'min_samples_leaf': 20}",0,0.27376415,0.4218251712,0.3044106788,0.0003413517283,0,0.004403139908,7.939497717e-06,False
2022-05-17,37,random_forest,"{'max_depth': 3, 'min_samples_leaf': 20}",0,0.2167363407,0.5603893092,0.2228743502,0.0002821445439,0,-0.02884761988,7.865296804e-06,False
2022-05-18,37,random_forest,"{'max_depth': 3, 'min_samples_leaf': 20}",0,0.3193572068,0.3376142553,0.3430285379,0.0001901110068,0,0.002161485236,7.642694064e-06,False
2022-05-19,38,random_forest,"{'max_depth': 3, 'min_samples_leaf': 20}",0,0.3098432758,0.378500036,0.3116566882,-2.933538979e-05,0,-0.009205327647,7.79109589e-06,False
2022-05-20,38,random_forest,"{'max_depth': 3, 'min_samples_leaf': 20}",0,0.3106778196,0.3562310195,0.3330911609,0.0001237826293,0,0.01041169725,7.642694064e-06,False
2022-05-23,38,random_forest,"{'max_depth': 3, 'min_samples_leaf': 20}",0,0.2376623513,0.533115493,0.2292221557,6.91640716e-05,0,0.003388060762,7.939497717e-06,False
2022-05-24,38,random_forest,"{'max_depth': 3, 'min_samples_leaf': 20}",0,0.2697980409,0.3983036051,0.331898354,0.0005222099098,1,0.01289795706,7.865296804e-06,False
2022-05-25,38,random_forest,"{'max_depth': 3, 'min_samples_leaf': 20}",0,0.2343827439,0.5426538143,0.2229634418,5.47109715e-05,0,0.01665533861,7.865296804e-06,False
2022-05-26,38,random_forest,"{'max_depth': 3, 'min_samples_leaf': 20}",0,0.2011931585,0.617067972,0.1817388695,7.499531697e-05,0,0.01801869542,7.939497717e-06,False
2022-05-27,38,random_forest,"{'max_depth': 3, 'min_samples_leaf': 20}",0,0.2029765454,0.6091759932,0.1878474614,0.00010322921,0,-0.001499202215,8.01369863e-06,False
2022-05-31,38,random_forest,"{'max_depth': 3, 'min_samples_leaf': 20}",0,0.2344091523,0.5578269766,0.2077638711,-6.00287868e-05,0,-0.01344031816,8.607305936e-06,False
2022-06-01,38,random_forest,"{'max_depth': 3, 'min_samples_leaf': 20}",0,0.2608058666,0.5106326391,0.2285614943,-0.0001664617773,0,0.01946656462,8.533105023e-06,False
2022-06-02,38,random_forest,"{'max_depth': 3, 'min_samples_leaf': 20}",0,0.225872828,0.5745292879,0.1995978841,-3.645779943e-05,0,-0.004510148658,8.681506849e-06,False
2022-06-03,38,random_forest,"{'max_depth': 3, 'min_samples_leaf': 20}",0,0.2435580329,0.5270020097,0.2294399574,1.204764764e-05,0,-0.007208617167,8.978310502e-06,False
2022-06-06,38,random_forest,"{'max_depth': 3, 'min_samples_leaf': 20}",0,0.2395227312,0.5346647582,0.2258125105,2.494341621e-05,0,0.01872086236,9.349315068e-06,False
2022-06-07,38,random_forest,"{'max_depth': 3, 'min_samples_leaf': 20}",0,0.2245919332,0.5613841042,0.2140239626,8.495865755e-05,0,-0.00654698027,9.349315068e-06,False
2022-06-08,38,random_forest,"{'max_depth': 3, 'min_samples_leaf': 20}",0,0.2694583233,0.4928522078,0.2376894689,-0.0001839448761,0,-0.01929934534,9.497716895e-06,False
2022-06-09,38,random_forest,"{'max_depth': 3, 'min_samples_leaf': 20}",0,0.3146204085,0.4001097574,0.285269834,-0.0002756789917,0,-0.01286471066,9.646118721e-06,False
2022-06-10,38,random_forest,"{'max_depth': 3, 'min_samples_leaf': 20}",0,0.3539237468,0.30357783,0.3424984232,-0.0002363581542,0,-0.01276821396,1.031392694e-05,False
2022-06-13,38,random_forest,"{'max_depth': 3, 'min_samples_leaf': 20}",0,0.408129423,0.2026363482,0.3892342288,-0.0004245822415,-1,-0.007907684488,1.283675799e-05,False
2022-06-14,38,random_forest,"{'max_depth': 3, 'min_samples_leaf': 20}",0,0.4049651615,0.2422577553,0.3527770831,-0.0006676263701,-1,0.004876051795,1.357876712e-05,False
2022-06-15,38,random_forest,"{'max_depth': 3, 'min_samples_leaf': 20}",0,0.4169750402,0.2260147212,0.3570102387,-0.0007554354435,-1,-0.01041811488,1.29109589e-05,False
2022-06-16,38,random_forest,"{'max_depth': 3, 'min_samples_leaf': 20}",0,0.4077035379,0.2121858415,0.3801106206,-0.000489052896,-1,0.0009574992447,1.179794521e-05,False
2022-06-17,38,random_forest,"{'max_depth': 3, 'min_samples_leaf': 20}",0,0.3959913987,0.2464502108,0.3575583904,-0.0005421824357,-1,0.008550895674,1.209474886e-05,False
2022-06-21,39,random_forest,"{'max_depth': 3, 'min_samples_leaf': 20}",0,0.3647030064,0.3303138053,0.3049831883,-0.0006214966537,-1,0.01017219657,1.261415525e-05,False
2022-06-22,39,random_forest,"{'max_depth': 3, 'min_samples_leaf': 20}",0,0.3238470552,0.3244356702,0.3517172746,0.0001445462838,0,0.003770132632,1.194634703e-05,False
2022-06-23,39,random_forest,"{'max_depth': 3, 'min_samples_leaf': 20}",0,0.2817949272,0.4205994269,0.2976056459,0.000151570706,0,0.02275824026,1.224315068e-05,False
2022-06-24,39,random_forest,"{'max_depth': 3, 'min_samples_leaf': 20}",0,0.246725283,0.5197038479,0.2335708691,1.287302406e-05,0,-0.00629073403,1.283675799e-05,False
2022-06-27,39,random_forest,"{'max_depth': 3, 'min_samples_leaf': 20}",0,0.2483515685,0.5334286962,0.2182197352,-0.0001207599944,0,-0.02454966764,1.328196347e-05,False
2022-06-28,39,random_forest,"{'max_depth': 3, 'min_samples_leaf': 20}",0,0.2622994633,0.4900229443,0.2476775924,-3.509316861e-05,0,-0.002334587202,1.328196347e-05,False
2022-06-29,39,random_forest,"{'max_depth': 3, 'min_samples_leaf': 20}",0,0.2532089893,0.5108551961,0.2359358146,-3.391400207e-05,0,0.002684482793,1.320776256e-05,False
2022-06-30,39,random_forest,"{'max_depth': 3, 'min_samples_leaf': 20}",0,0.3097839248,0.3918553694,0.2983607058,-0.0001226781328,0,0.0124282788,1.276255708e-05,False
2022-07-01,39,random_forest,"{'max_depth': 3, 'min_samples_leaf': 20}",0,0.2398179105,0.5178967076,0.242285382,0.0001486034039,0,0.01617533908,1.283675799e-05,False
2022-07-05,39,random_forest,"{'max_depth': 3, 'min_samples_leaf': 20}",0,0.2597732713,0.4662910621,0.2739356665,0.0001909289064,0,0.002983472592,1.409817352e-05,False
2022-07-06,39,random_forest,"{'max_depth': 3, 'min_samples_leaf': 20}",0,0.2462959998,0.4983681034,0.2553358968,0.0001835659139,0,0.01004880322,1.409817352e-05,False
2022-07-07,39,random_forest,"{'max_depth': 3, 'min_samples_leaf': 20}",0,0.2301279514,0.5502278888,0.2196441598,7.245177706e-05,0,0.003615112047,1.446917808e-05,False
2022-07-08,39,random_forest,"{'max_depth': 3, 'min_samples_leaf': 20}",0,0.230440457,0.5592000023,0.2103595407,-1.657538892e-06,0,-0.004198510052,1.469178082e-05,False
2022-07-11,39,random_forest,"{'max_depth': 3, 'min_samples_leaf': 20}",0,0.2899175535,0.4518102162,0.2582722303,-0.0002304056263,0,-0.007350469004,1.617579909e-05,False
2022-07-12,39,random_forest,"{'max_depth': 3, 'min_samples_leaf': 20}",0,0.3360966436,0.3752756286,0.2886277278,-0.0004603394829,-1,0.009943962639,1.647260274e-05,False
2022-07-13,39,random_forest,"{'max_depth': 3, 'min_samples_leaf': 20}",0,0.3225293091,0.3901989917,0.2872716992,-0.0003349695323,0,0.0115093773,1.773401826e-05,False
2022-07-14,39,random_forest,"{'max_depth': 3, 'min_samples_leaf': 20}",0,0.3203110151,0.3823066,0.2973823849,-0.0002354779366,0,0.006744261462,1.780821918e-05,False
2022-07-15,39,random_forest,"{'max_depth': 3, 'min_samples_leaf': 20}",0,0.234007331,0.5294100402,0.2365826287,0.0001631377843,0,-0.01655593117,1.758561644e-05,False
2022-07-18,39,random_forest,"{'max_depth': 3, 'min_samples_leaf': 20}",0,0.3151451877,0.4054948726,0.2793599397,-0.0003215806426,0,0.01603295357,1.855022831e-05,False
2022-07-19,39,random_forest,"{'max_depth': 3, 'min_samples_leaf': 20}",0,0.2147739078,0.5759993955,0.2092266967,0.0001464207097,0,0.005860289288,1.869863014e-05,False
2022-07-20,39,random_forest,"{'max_depth': 3, 'min_samples_leaf': 20}",0,0.2207990064,0.5691310899,0.2100699037,9.2587915e-05,0,0.01174651115,1.862442922e-05,False
2022-07-21,40,random_forest,"{'max_depth': 3, 'min_samples_leaf': 20}",0,0.1884472833,0.5952459979,0.2163067188,0.0005116612897,1,-0.009600965065,1.840182648e-05,False
2022-07-22,40,random_forest,"{'max_depth': 3, 'min_samples_leaf': 20}",0,0.2161441858,0.5335828286,0.2502729857,0.0004942063783,1,-0.0004548142719,1.84760274e-05,False
2022-07-25,40,random_forest,"{'max_depth': 3, 'min_samples_leaf': 20}",0,0.207836783,0.5568316825,0.2353315346,0.0004627728298,1,-0.007490305174,1.944063927e-05,False
2022-07-26,40,random_forest,"{'max_depth': 3, 'min_samples_leaf': 20}",0,0.2357846739,0.4891197992,0.2750955269,0.000487508525,1,0.01693889706,1.892123288e-05,False
2022-07-27,40,random_forest,"{'max_depth': 3, 'min_samples_leaf': 20}",0,0.2069604023,0.5485955446,0.2444440531,0.0005419088465,1,0.01040083741,1.810502283e-05,False
2022-07-28,40,random_forest,"{'max_depth': 3, 'min_samples_leaf': 20}",0,0.1918715058,0.5910308327,0.2170976615,0.0004832114169,1,0.01081997108,1.7956621e-05,False
2022-07-29,40,random_forest,"{'max_depth': 3, 'min_samples_leaf': 20}",0,0.2051278624,0.5599361729,0.2349359647,0.0004870550248,1,0.003959416315,1.788242009e-05,False
2022-08-01,40,random_forest,"{'max_depth': 3, 'min_samples_leaf': 20}",0,0.2096110917,0.5528307457,0.2375581626,0.0004620456858,1,-0.002590920932,1.899543379e-05,False
2022-08-02,40,random_forest,"{'max_depth': 3, 'min_samples_leaf': 20}",0,0.2419918828,0.5056136356,0.2523944817,0.0002497626439,0,0.01011461012,1.899543379e-05,False
2022-08-03,40,random_forest,"{'max_depth': 3, 'min_samples_leaf': 20}",0,0.2164869598,0.5523722448,0.2311407954,0.0003431637192,0,-0.0004826163301,1.869863014e-05,False
2022-08-04,40,random_forest,"{'max_depth': 3, 'min_samples_leaf': 20}",0,0.2198970557,0.5316559353,0.248447009,0.000442253702,1,0.009300389559,1.855022831e-05,False
2022-08-05,40,random_forest,"{'max_depth': 3, 'min_samples_leaf': 20}",0,0.207101246,0.5719091019,0.2209896522,0.0003595625626,0,-0.005442528006,1.914383562e-05,False
2022-08-08,40,random_forest,"{'max_depth': 3, 'min_samples_leaf': 20}",0,0.2300408814,0.5116517129,0.2583074057,0.0004159625559,0,-0.002110511776,1.966324201e-05,False
2022-08-09,40,random_forest,"{'max_depth': 3, 'min_samples_leaf': 20}",0,0.2662602501,0.4611545056,0.2725852444,0.0001606393811,0,0.002889324813,1.981164384e-05,False
2022-08-10,40,random_forest,"{'max_depth': 3, 'min_samples_leaf': 20}",0,0.1952580362,0.589470483,0.2152714809,0.0004349536109,1,-0.007092366296,1.966324201e-05,False
2022-08-11,40,random_forest,"{'max_depth': 3, 'min_samples_leaf': 20}",0,0.2114708032,0.5646827885,0.2238464083,0.0003375095599,0,0.01201338154,1.944063927e-05,False
2022-08-12,40,random_forest,"{'max_depth': 3, 'min_samples_leaf': 20}",0,0.2294509861,0.5297430415,0.2408059724,0.0002869102415,0,0.009628731719,1.951484018e-05,False
2022-08-15,40,random_forest,"{'max_depth': 3, 'min_samples_leaf': 20}",0,0.2346209033,0.5306266011,0.2347524956,0.0001880487009,0,0.004605712134,2.01826484e-05,False
2022-08-16,40,random_forest,"{'max_depth': 3, 'min_samples_leaf': 20}",0,0.2338924491,0.5336707854,0.2324367655,0.0001775356245,0,0.001737433446,2.003424658e-05,False
2022-08-17,40,random_forest,"{'max_depth': 3, 'min_samples_leaf': 20}",0,0.2264470108,0.5328933566,0.2406596326,0.0003160921402,0,0.00241303777,1.988584475e-05,False
2022-08-18,40,random_forest,"{'max_depth': 3, 'min_samples_leaf': 20}",0,0.2456118542,0.4995386391,0.2548495067,0.0002321742037,0,-0.006682658597,2.010844749e-05,False
2022-08-19,41,random_forest,"{'max_depth': 3, 'min_samples_leaf': 20}",0,0.3243776673,0.3666602903,0.3089620424,-0.0001145807976,0,-0.008871794308,2.033105023e-05,False
2022-08-22,41,random_forest,"{'max_depth': 3, 'min_samples_leaf': 20}",0,0.4033887611,0.2714096001,0.3252016388,-0.0007846696968,-1,-0.00133201206,2.092465753e-05,False
2022-08-23,41,random_forest,"{'max_depth': 3, 'min_samples_leaf': 20}",0,0.3717485179,0.3240277145,0.3042237676,-0.0006283737948,-1,0.003785465528,2.077625571e-05,False
2022-08-24,41,random_forest,"{'max_depth': 3, 'min_samples_leaf': 20}",0,0.3774836945,0.2970914195,0.325424886,-0.0005220277123,-1,0.01028325705,2.092465753e-05,False
2022-08-25,41,random_forest,"{'max_depth': 3, 'min_samples_leaf': 20}",0,0.3312828503,0.376976647,0.2917405027,-0.0003174351329,0,-0.03357260907,2.136986301e-05,False
2022-08-26,41,random_forest,"{'max_depth': 3, 'min_samples_leaf': 20}",0,0.419488224,0.2321518889,0.3483598871,-0.0007675624858,-1,0.001069101588,2.144406393e-05,False
2022-08-29,41,random_forest,"{'max_depth': 3, 'min_samples_leaf': 20}",0,0.3826386265,0.2877606322,0.3296007413,-0.0005416239867,-1,-0.01396561745,2.203767123e-05,False
2022-08-30,41,random_forest,"{'max_depth': 3, 'min_samples_leaf': 20}",0,0.4193669531,0.2377641584,0.3428688885,-0.000808844932,-1,-0.01187707863,2.203767123e-05,False
2022-08-31,41,random_forest,"{'max_depth': 3, 'min_samples_leaf': 20}",0,0.4001111745,0.2515451164,0.3483437091,-0.0005725235111,-1,0.008984699667,2.196347032e-05,False
2022-09-01,41,random_forest,"{'max_depth': 3, 'min_samples_leaf': 20}",0,0.4062238767,0.2601196104,0.3336565128,-0.000747778583,-1,-0.02008596121,2.203767123e-05,False
2022-09-02,41,random_forest,"{'max_depth': 3, 'min_samples_leaf': 20}",0,0.4085909496,0.2441808837,0.3472281668,-0.0006665661941,-1,-0.006028527508,2.181506849e-05,False
2022-09-06,41,random_forest,"{'max_depth': 3, 'min_samples_leaf': 20}",0,0.3838533394,0.2961110182,0.3200356424,-0.0006278985313,-1,0.01882541367,2.255707763e-05,False
2022-09-07,41,random_forest,"{'max_depth': 3, 'min_samples_leaf': 20}",0,0.3371166463,0.3613219527,0.3015614011,-0.0003001725939,0,0.01262042553,2.277968037e-05,False
2022-09-08,41,random_forest,"{'max_depth': 3, 'min_samples_leaf': 20}",0,0.3284008317,0.3689873341,0.3026118342,-0.0002042565261,0,0.009584386798,2.270547945e-05,False
2022-09-09,41,random_forest,"{'max_depth': 3, 'min_samples_leaf': 20}",0,0.2518530417,0.4804332043,0.267713754,0.0002965934398,0,0.005357410951,2.285388128e-05,False
2022-09-12,41,random_forest,"{'max_depth': 3, 'min_samples_leaf': 20}",0,0.2334774488,0.5118214241,0.2547011271,0.0003809449064,0,-0.02172555745,2.35216895e-05,False
2022-09-13,41,random_forest,"{'max_depth': 3, 'min_samples_leaf': 20}",0,0.3885626471,0.2892593627,0.3221779902,-0.0006587471719,-1,0.0003295684001,2.433789954e-05,False
2022-09-14,41,random_forest,"{'max_depth': 3, 'min_samples_leaf': 20}",0,0.3719722426,0.3172204259,0.3108073315,-0.0005796660952,-1,-0.007227189409,2.404109589e-05,False
2022-09-15,41,random_forest,"{'max_depth': 3, 'min_samples_leaf': 20}",0,0.3657256605,0.3206831234,0.313591216,-0.0004952019197,-1,0.00369652421,2.389269406e-05,False
2022-09-16,41,random_forest,"{'max_depth': 3, 'min_samples_leaf': 20}",0,0.3635531548,0.3132911358,0.3231557094,-0.0003992852442,0,0.01645471132,2.374429224e-05,False
2022-09-19,41,random_forest,"{'max_depth': 3, 'min_samples_leaf': 20}",0,0.3443957472,0.357807062,0.2977971908,-0.0004026245767,0,-0.002519091136,2.500570776e-05,False
2022-09-20,42,random_forest,"{'max_depth': 3, 'min_samples_leaf': 20}",0,0.3530405209,0.3589407407,0.2880187385,-0.0005950528881,-1,-0.02258416248,2.485730594e-05,False
2022-09-21,42,random_forest,"{'max_depth': 3, 'min_samples_leaf': 20}",0,0.3833263756,0.2952826621,0.3213909623,-0.0006422943849,-1,-0.006266890105,2.456050228e-05,False
2022-09-22,42,random_forest,"{'max_depth': 3, 'min_samples_leaf': 20}",0,0.3600053071,0.3478056088,0.2921890841,-0.0006333359618,-1,-0.007096914356,2.441210046e-05,False
2022-09-23,42,random_forest,"{'max_depth': 3, 'min_samples_leaf': 20}",0,0.3968450245,0.2888900138,0.3142649616,-0.0008356972749,-1,-0.005731301406,2.404109589e-05,False
2022-09-26,42,random_forest,"{'max_depth': 3, 'min_samples_leaf': 20}",0,0.3615260946,0.3441203185,0.2943535869,-0.0006318840111,-1,-0.01260796773,2.515410959e-05,False
2022-09-27,42,random_forest,"{'max_depth': 3, 'min_samples_leaf': 20}",0,0.4043518673,0.2908367204,0.3048114123,-0.0009861010323,-1,0.01687796745,2.485730594e-05,False
2022-09-28,42,random_forest,"{'max_depth': 3, 'min_samples_leaf': 20}",0,0.3848152967,0.3041113725,0.3110733308,-0.0007381857021,-1,-0.01095932235,2.52283105e-05,False
2022-09-29,42,random_forest,"{'max_depth': 3, 'min_samples_leaf': 20}",0,0.3807934439,0.3063586426,0.3128479136,-0.0006833504212,-1,-0.01276947286,2.493150685e-05,False
2022-09-30,42,random_forest,"{'max_depth': 3, 'min_samples_leaf': 20}",0,0.3946906218,0.2931676897,0.3121416885,-0.0008303752479,-1,0.01531516277,2.470890411e-05,False
2022-10-03,42,random_forest,"{'max_depth': 3, 'min_samples_leaf': 20}",0,0.3082797477,0.330220558,0.3614996943,0.0004356535145,1,0.01495705539,2.567351598e-05,False
2022-10-04,42,random_forest,"{'max_depth': 3, 'min_samples_leaf': 20}",0,0.2450753944,0.4857848675,0.2691397381,0.0003565105328,0,0.009909160915,2.559931507e-05,False
2022-10-05,42,random_forest,"{'max_depth': 3, 'min_samples_leaf': 20}",0,0.2638255454,0.4920572979,0.2441171566,-3.01923063e-05,0,-0.006442635941,2.567351598e-05,False
2022-10-06,42,random_forest,"{'max_depth': 3, 'min_samples_leaf': 20}",0,0.2712439148,0.4757763221,0.2529797631,-3.6378623e-05,0,-0.01674930929,2.567351598e-05,False
2022-10-07,42,random_forest,"{'max_depth': 3, 'min_samples_leaf': 20}",0,0.3513106161,0.3598566172,0.2888327668,-0.0005710698199,-1,-0.01082537231,2.559931507e-05,False
2022-10-10,42,random_forest,"{'max_depth': 3, 'min_samples_leaf': 20}",0,0.3450743411,0.3660381756,0.2888874832,-0.000507144907,-1,-0.00139571269,2.559931507e-05,False
2022-10-11,42,random_forest,"{'max_depth': 3, 'min_samples_leaf': 20}",0,0.349053933,0.362145459,0.288800608,-0.0005483442543,-1,-0.004495116474,2.723173516e-05,False
2022-10-12,42,random_forest,"{'max_depth': 3, 'min_samples_leaf': 20}",0,0.3425790215,0.3594923146,0.2979286639,-0.000410994317,0,0.04799407296,2.74543379e-05,False
2022-10-13,42,random_forest,"{'max_depth': 3, 'min_samples_leaf': 20}",0,0.3464562417,0.3658317632,0.2877119951,-0.0005304129285,-1,-0.02962958419,2.812214612e-05,False
2022-10-14,42,random_forest,"{'max_depth': 3, 'min_samples_leaf': 20}",0,0.3602774977,0.3228494978,0.3168730045,-0.000442965525,-1,0.007719561208,2.827054795e-05,False
2022-10-17,42,random_forest,"{'max_depth': 3, 'min_samples_leaf': 20}",0,0.2893994024,0.4358531323,0.2747474654,-5.091136987e-05,0,-0.01066297028,2.945776256e-05,False
2022-10-18,42,random_forest,"{'max_depth': 3, 'min_samples_leaf': 20}",0,0.2653346296,0.4833975027,0.2512678676,1.039389725e-05,0,-0.001327922629,2.997716895e-05,False
2022-10-19,43,random_forest,"{'max_depth': 3, 'min_samples_leaf': 20}",0,0.2859750704,0.4581542759,0.2558706537,-0.0001927149981,0,-0.00711897161,3.019977169e-05,False
2022-10-20,43,random_forest,"{'max_depth': 3, 'min_samples_leaf': 20}",0,0.3042289551,0.4279268896,0.2678441554,-0.0002844680271,0,0.02511506771,3.034817352e-05,False
2022-10-21,43,random_forest,"{'max_depth': 3, 'min_samples_leaf': 20}",0,0.3089438681,0.4274376247,0.2636185072,-0.0003667360452,0,0.007927799073,3.034817352e-05,False
2022-10-24,43,random_forest,"{'max_depth': 3, 'min_samples_leaf': 20}",0,0.25254002,0.515472768,0.231987212,-4.027544208e-05,0,0.01618312179,3.086757991e-05,False
2022-10-25,43,random_forest,"{'max_depth': 3, 'min_samples_leaf': 20}",0,0.2508168274,0.5121848376,0.2369983349,1.753585151e-05,0,0.001048146932,3.071917808e-05,False
2022-10-26,43,random_forest,"{'max_depth': 3, 'min_samples_leaf': 20}",0,0.2554472303,0.5006452306,0.243907539,2.524802071e-05,0,-0.00806640128,3.049657534e-05,False
2022-10-27,43,random_forest,"{'max_depth': 3, 'min_samples_leaf': 20}",0,0.2691554981,0.4434602467,0.2873842552,0.0002323245644,0,0.02408717199,3.064497717e-05,False
2022-10-28,43,random_forest,"{'max_depth': 3, 'min_samples_leaf': 20}",0,0.2534078061,0.4989406174,0.2476515765,7.616847088e-05,0,-0.0005952048879,3.101598174e-05,False
2022-10-31,43,random_forest,"{'max_depth': 3, 'min_samples_leaf': 20}",0,0.2624396004,0.4949666455,0.242593754,-5.711956907e-05,0,-0.01440515072,3.131278539e-05,False
2022-11-01,43,random_forest,"{'max_depth': 3, 'min_samples_leaf': 20}",0,0.2658039677,0.4845143065,0.2496817258,-3.496697788e-05,0,-0.02352174768,3.13869863e-05,False
2022-11-02,43,random_forest,"{'max_depth': 3, 'min_samples_leaf': 20}",0,0.3531382041,0.3189628817,0.3278989142,-0.0003064425082,0,-0.001238300273,3.131278539e-05,False
2022-11-03,43,random_forest,"{'max_depth': 3, 'min_samples_leaf': 20}",0,0.3556511973,0.3540666121,0.2902821906,-0.0006333110502,-1,-0.001724121686,3.153538813e-05,False
2022-11-04,43,random_forest,"{'max_depth': 3, 'min_samples_leaf': 20}",0,0.3559141296,0.3417350648,0.3023508056,-0.0005394283088,-1,0.005930530751,3.123858447e-05,False
2022-11-07,43,random_forest,"{'max_depth': 3, 'min_samples_leaf': 20}",0,0.3293316332,0.4034261607,0.2672422061,-0.0005472399037,-1,0.002335322191,3.183219178e-05,False
2022-11-08,43,random_forest,"{'max_depth': 3, 'min_samples_leaf': 20}",0,0.3038689847,0.4207167195,0.2754142958,-0.000220185459,0,-0.0152659383,3.175799087e-05,False
2022-11-09,43,random_forest,"{'max_depth': 3, 'min_samples_leaf': 20}",0,0.3446898788,0.3603182222,0.294991899,-0.0004829812098,-1,0.01711123531,3.183219178e-05,False
2022-11-10,43,random_forest,"{'max_depth': 3, 'min_samples_leaf': 20}",0,0.2649672005,0.4518403846,0.2831924149,0.0002418162812,0,0.007381413651,3.175799087e-05,False
2022-11-11,43,random_forest,"{'max_depth': 3, 'min_samples_leaf': 20}",0,0.244264619,0.4930015084,0.2627338726,0.0002908266292,0,-0.003882439722,3.175799087e-05,False
2022-11-14,43,random_forest,"{'max_depth': 3, 'min_samples_leaf': 20}",0,0.2541335723,0.4863958445,0.2594705832,0.0001632975375,0,-0.006630945181,3.220319635e-05,False
2022-11-15,43,random_forest,"{'max_depth': 3, 'min_samples_leaf': 20}",0,0.2527227458,0.4721850447,0.2750922095,0.0003028143868,0,-0.003351949799,3.198059361e-05,False
2022-11-16,43,random_forest,"{'max_depth': 3, 'min_samples_leaf': 20}",0,0.2658660775,0.4444446587,0.2896892639,0.0002845734583,0,0.009680886427,3.205479452e-05,False
2022-11-17,44,random_forest,"{'max_depth': 3, 'min_samples_leaf': 20}",0,0.2693335209,0.460201261,0.2704652181,0.0001109759715,0,-0.004299269704,3.205479452e-05,False
2022-11-18,44,random_forest,"{'max_depth': 3, 'min_samples_leaf': 20}",0,0.2762797728,0.445872517,0.2778477102,9.921493256e-05,0,-0.0001267441879,3.220319635e-05,False
2022-11-21,44,random_forest,"{'max_depth': 3, 'min_samples_leaf': 20}",0,0.2719951942,0.4580107642,0.2699940416,7.971478907e-05,0,0.008244431807,3.272260274e-05,False
2022-11-22,44,random_forest,"{'max_depth': 3, 'min_samples_leaf': 20}",0,0.2475148775,0.4976974795,0.254787643,0.0002088157102,0,0.007183145372,3.264840183e-05,False
2022-11-23,44,random_forest,"{'max_depth': 3, 'min_samples_leaf': 20}",0,0.2546705064,0.4889957971,0.2563336965,0.0001475775629,0,0.001244307169,1.757990868e-05,False
2022-11-25,44,random_forest,"{'max_depth': 3, 'min_samples_leaf': 20}",0,0.2501511172,0.4908614396,0.2589874432,0.0002156863332,0,-0.007968109211,3.272260274e-05,False
2022-11-28,44,random_forest,"{'max_depth': 3, 'min_samples_leaf': 20}",0,0.3284334687,0.3669007018,0.3046658295,-0.0002210501262,0,-0.002070387243,3.272260274e-05,False
2022-11-29,44,random_forest,"{'max_depth': 3, 'min_samples_leaf': 20}",0,0.3299315109,0.3682443684,0.3018241207,-0.0002595334893,0,0.03082253073,3.25e-05,False
2022-11-30,44,random_forest,"{'max_depth': 3, 'min_samples_leaf': 20}",0,0.2635730289,0.4746555088,0.2617714624,9.988116531e-05,0,-0.003400406422,3.242579909e-05,False
2022-12-01,44,random_forest,"{'max_depth': 3, 'min_samples_leaf': 20}",0,0.2456533954,0.4894363857,0.2649102189,0.0003100751252,0,0.01158484419,3.212899543e-05,False
2022-12-02,44,random_forest,"{'max_depth': 3, 'min_samples_leaf': 20}",0,0.244715174,0.4960674071,0.2592174189,0.0002735939938,0,-0.01079345389,3.220319635e-05,False
2022-12-05,44,random_forest,"{'max_depth': 3, 'min_samples_leaf': 20}",0,0.3309470155,0.3680655111,0.3009874734,-0.0002767861308,0,-0.01399536002,3.235159817e-05,False
2022-12-06,44,random_forest,"{'max_depth': 3, 'min_samples_leaf': 20}",0,0.306202767,0.3263019586,0.3674952744,0.0005175275824,1,0.0005598851662,3.242579909e-05,False
2022-12-07,44,random_forest,"{'max_depth': 3, 'min_samples_leaf': 20}",0,0.3026622696,0.3279654406,0.3693722898,0.0005692469448,1,0.002783761607,3.183219178e-05,False
2022-12-08,44,random_forest,"{'max_depth': 3, 'min_samples_leaf': 20}",0,0.3272864217,0.3715695727,0.3011440056,-0.000237777295,0,-0.004203179271,3.175799087e-05,False
2022-12-09,44,random_forest,"{'max_depth': 3, 'min_samples_leaf': 20}",0,0.3287251488,0.3736713628,0.2976034884,-0.0002813146715,0,0.01228090374,3.198059361e-05,False
2022-12-12,44,random_forest,"{'max_depth': 3, 'min_samples_leaf': 20}",0,0.2877670521,0.4454485649,0.266784383,-0.0001089109998,0,-0.02011115989,3.25e-05,False
2022-12-13,44,random_forest,"{'max_depth': 3, 'min_samples_leaf': 20}",0,0.2891880524,0.4358630371,0.2749489105,-5.736784889e-05,0,-0.005502829932,3.227739726e-05,False
2022-12-14,44,random_forest,"{'max_depth': 3, 'min_samples_leaf': 20}",0,0.3066334475,0.4091090407,0.2842575118,-0.0001617565185,0,-0.01184373064,3.212899543e-05,False
2022-12-15,44,random_forest,"{'max_depth': 3, 'min_samples_leaf': 20}",0,0.3345846335,0.3352141992,0.3302011673,-7.744119406e-05,0,-0.004958730179,3.220319635e-05,False
2022-12-16,44,random_forest,"{'max_depth': 3, 'min_samples_leaf': 20}",0,0.3344574606,0.3372873083,0.3282552311,-9.19066062e-05,0,-0.008996824355,3.198059361e-05,False
2022-12-19,45,random_forest,"{'max_depth': 3, 'min_samples_leaf': 20}",0,0.3328115344,0.3738992676,0.293289198,-0.0003683016026,0,0.003454361494,3.242579909e-05,False
2022-12-20,45,random_forest,"{'max_depth': 3, 'min_samples_leaf': 20}",0,0.3381936961,0.3776623425,0.2841439615,-0.000498656721,-1,0.007775631949,3.227739726e-05,False
2022-12-21,45,random_forest,"{'max_depth': 3, 'min_samples_leaf': 20}",0,0.3396408877,0.3784772657,0.2818818466,-0.0005320959093,-1,-0.006082721957,3.212899543e-05,False
2022-12-22,45,random_forest,"{'max_depth': 3, 'min_samples_leaf': 20}",0,0.3433514752,0.3674337048,0.28921482,-0.0005103534356,-1,0.0085868822,3.227739726e-05,False
2022-12-23,45,random_forest,"{'max_depth': 3, 'min_samples_leaf': 20}",0,0.3379805089,0.3808118225,0.2812076685,-0.0005204884905,-1,-0.003631272119,3.220319635e-05,False
2022-12-27,45,random_forest,"{'max_depth': 3, 'min_samples_leaf': 20}",0,0.3435541553,0.3735949533,0.2828508915,-0.000564526073,-1,-0.01224656609,3.309360731e-05,False
2022-12-28,45,random_forest,"{'max_depth': 3, 'min_samples_leaf': 20}",0,0.3444815844,0.3723515563,0.2831668593,-0.0005715055537,-1,0.01003608133,3.309360731e-05,False
2022-12-29,45,random_forest,"{'max_depth': 3, 'min_samples_leaf': 20}",0,0.3159365839,0.4074738684,0.2765895478,-0.0003309256325,0,0.004702548323,3.301940639e-05,False
2022-12-30,45,random_forest,"{'max_depth': 3, 'min_samples_leaf': 20}",0,0.3121850692,0.4151167786,0.2726981522,-0.0003240802055,0,-0.009235860889,3.279680365e-05,False
2023-01-03,45,random_forest,"{'max_depth': 3, 'min_samples_leaf': 20}",0,0.3158516132,0.4054921929,0.2786561939,-0.0003131358791,0,0.001513693488,3.36130137e-05,False
2023-01-04,45,random_forest,"{'max_depth': 3, 'min_samples_leaf': 20}",0,0.2920859731,0.4307984936,0.2771155334,-8.06296772e-05,0,-0.006130138124,3.376141553e-05,False
2023-01-05,45,random_forest,"{'max_depth': 3, 'min_samples_leaf': 20}",0,0.3233590676,0.3861903898,0.2904505427,-0.0002940418869,0,0.01429654586,3.457762557e-05,False
2023-01-06,45,random_forest,"{'max_depth': 3, 'min_samples_leaf': 20}",0,0.2731367306,0.4473899329,0.2794733365,0.0001341059141,0,-0.006429822576,3.465182648e-05,False
2023-01-09,45,random_forest,"{'max_depth': 3, 'min_samples_leaf': 20}",0,0.2616772314,0.4690952024,0.2692275662,0.0001684461928,0,0.008599061666,3.487442922e-05,False
2023-01-10,45,random_forest,"{'max_depth': 3, 'min_samples_leaf': 20}",0,0.25317776,0.4947891742,0.2520330658,0.0001153889978,0,0.008387879512,3.509703196e-05,False
2023-01-11,45,random_forest,"{'max_depth': 3, 'min_samples_leaf': 20}",0,0.2474763768,0.5022627912,0.250260832,0.0001596882158,0,0.0007310309872,3.502283105e-05,False
2023-01-12,45,random_forest,"{'max_depth': 3, 'min_samples_leaf': 20}",0,0.2548867246,0.4836705162,0.2614427592,0.000174771707,0,0.01239775637,3.457762557e-05,False
2023-01-13,45,random_forest,"{'max_depth': 3, 'min_samples_leaf': 20}",0,0.2526367086,0.497731594,0.2496316974,0.0001013165761,0,-0.001781825789,3.465182648e-05,False
2023-01-17,45,random_forest,"{'max_depth': 3, 'min_samples_leaf': 20}",0,0.2543659629,0.4863171781,0.259316859,0.0001627444454,0,-0.01884669392,3.494863014e-05,False
2023-01-18,45,random_forest,"{'max_depth': 3, 'min_samples_leaf': 20}",0,0.3065513253,0.3868267727,0.306621902,1.165641251e-05,0,-0.001849113154,3.480022831e-05,False
2023-01-19,45,random_forest,"{'max_depth': 3, 'min_samples_leaf': 20}",0,0.3308427409,0.3695916742,0.2995655849,-0.0002966299979,0,0.01481671047,3.494863014e-05,False
2023-01-20,46,random_forest,"{'max_depth': 3, 'min_samples_leaf': 20}",0,0.2963307456,0.4395617419,0.2641075125,-0.0002182884719,0,0.009855827095,3.502283105e-05,False
2023-01-23,46,random_forest,"{'max_depth': 3, 'min_samples_leaf': 20}",0,0.269888584,0.4879015083,0.2422099077,-0.0001249025017,0,0.003309284249,3.509703196e-05,False
2023-01-24,46,random_forest,"{'max_depth': 3, 'min_samples_leaf': 20}",0,0.2724227725,0.4843704916,0.2432067359,-0.0001429035844,0,0.01111249839,3.502283105e-05,False
2023-01-25,46,random_forest,"{'max_depth': 3, 'min_samples_leaf': 20}",0,0.2766325716,0.4690277758,0.2543396527,-9.495650434e-05,0,0.004018542693,3.502283105e-05,False
2023-01-26,46,random_forest,"{'max_depth': 3, 'min_samples_leaf': 20}",0,0.2644364335,0.4945562767,0.2410072898,-7.843606792e-05,0,0.005004184065,3.494863014e-05,False
2023-01-27,46,random_forest,"{'max_depth': 3, 'min_samples_leaf': 20}",0,0.2691001891,0.4907164426,0.2401833683,-0.0001334021876,0,-0.005486572801,3.509703196e-05,False
2023-01-30,46,random_forest,"{'max_depth': 3, 'min_samples_leaf': 20}",0,0.2902701808,0.4533301714,0.2563996478,-0.0002189729516,0,0.01333733694,3.502283105e-05,False
2023-01-31,46,random_forest,"{'max_depth': 3, 'min_samples_leaf': 20}",0,0.2804584776,0.4603533199,0.2591882025,-9.466620645e-05,0,0.01379530731,3.487442922e-05,False
2023-02-01,46,random_forest,"{'max_depth': 3, 'min_samples_leaf': 20}",0,0.2841770988,0.461181512,0.2546413892,-0.0001704471918,0,0.004628099973,3.457762557e-05,False
2023-02-02,46,random_forest,"{'max_depth': 3, 'min_samples_leaf': 20}",0,0.2914282742,0.4535994196,0.2549723063,-0.0002426665092,0,0.001846521595,3.457762557e-05,False
2023-02-03,46,random_forest,"{'max_depth': 3, 'min_samples_leaf': 20}",0,0.2825772742,0.4651572387,0.2522654871,-0.0001734310169,0,9.755724048e-05,3.487442922e-05,False
2023-02-06,46,random_forest,"{'max_depth': 3, 'min_samples_leaf': 20}",0,0.28589683,0.4641074059,0.2499957642,-0.0002263822404,0,0.0154572538,3.494863014e-05,False
2023-02-07,46,random_forest,"{'max_depth': 3, 'min_samples_leaf': 20}",0,0.2892938832,0.4492660704,0.2614400464,-0.0001674780193,0,-0.006002979513,3.494863014e-05,False
2023-02-08,46,random_forest,"{'max_depth': 3, 'min_samples_leaf': 20}",0,0.3070873271,0.4289333004,0.2639793725,-0.0003305056277,0,-0.01766368399,3.502283105e-05,False
2023-02-09,46,random_forest,"{'max_depth': 3, 'min_samples_leaf': 20}",0,0.3404557911,0.3854422639,0.274101945,-0.000592200157,-1,0.005371367784,3.539383562e-05,False
2023-02-10,46,random_forest,"{'max_depth': 3, 'min_samples_leaf': 20}",0,0.3428541973,0.3815003569,0.2756454458,-0.0006043072417,-1,0.01005574806,3.554223744e-05,False
2023-02-13,46,random_forest,"{'max_depth': 3, 'min_samples_leaf': 20}",0,0.2993656796,0.4466544343,0.2539798861,-0.0003328485203,0,0.00340439768,3.569063927e-05,False
2023-02-14,46,random_forest,"{'max_depth': 3, 'min_samples_leaf': 20}",0,0.3138952564,0.4217523884,0.2643523552,-0.0003977986363,0,0.008846118575,3.561643836e-05,False
2023-02-15,46,random_forest,"{'max_depth': 3, 'min_samples_leaf': 20}",0,0.2985119848,0.4512090704,0.2502789448,-0.0003544280582,0,-0.001247608175,3.554223744e-05,False
2023-02-16,46,random_forest,"{'max_depth': 3, 'min_samples_leaf': 20}",0,0.3414202046,0.3768013245,0.2817784709,-0.0005391066386,-1,0.002955258455,3.591324201e-05,False
2023-02-17,46,random_forest,"{'max_depth': 3, 'min_samples_leaf': 20}",0,0.349403479,0.3577687595,0.2928277616,-0.0005308437247,-1,-0.009849653256,3.591324201e-05,False
2023-02-21,47,random_forest,"{'max_depth': 3, 'min_samples_leaf': 20}",0,0.3409457761,0.3830589313,0.2759952926,-0.0005485995041,-1,-0.002452894556,3.606164384e-05,False
2023-02-22,47,random_forest,"{'max_depth': 3, 'min_samples_leaf': 20}",0,0.3369454241,0.381091982,0.2819625939,-0.0004579579781,-1,-0.002241243712,3.591324201e-05,False
2023-02-23,47,random_forest,"{'max_depth': 3, 'min_samples_leaf': 20}",0,0.3454774968,0.3716068835,0.2829156197,-0.0005385113389,-1,0.002427776488,3.591324201e-05,False
2023-02-24,47,random_forest,"{'max_depth': 3, 'min_samples_leaf': 20}",0,0.3448442093,0.3729994471,0.2821563436,-0.0005382081009,-1,-0.005351699509,3.606164384e-05,False
2023-02-27,47,random_forest,"{'max_depth': 3, 'min_samples_leaf': 20}",0,0.3220585111,0.3960120159,0.281929473,-0.0003039727439,0,-0.00244191337,3.628424658e-05,False
2023-02-28,47,random_forest,"{'max_depth': 3, 'min_samples_leaf': 20}",0,0.3199369615,0.3843485487,0.2957144899,-0.000168356118,0,-0.001694477641,3.621004566e-05,False
2023-03-01,47,random_forest,"{'max_depth': 3, 'min_samples_leaf': 20}",0,0.3277102247,0.38497829,0.2873114852,-0.0003181706393,0,0.01306408521,3.635844749e-05,False
2023-03-02,47,random_forest,"{'max_depth': 3, 'min_samples_leaf': 20}",0,0.3302185351,0.3950515829,0.274729882,-0.0004478748619,-1,0.01120815372,3.64326484e-05,False
2023-03-03,47,random_forest,"{'max_depth': 3, 'min_samples_leaf': 20}",0,0.27367263,0.4554009685,0.2709264015,0.000106701075,0,-0.001431888902,3.64326484e-05,False
2023-03-06,47,random_forest,"{'max_depth': 3, 'min_samples_leaf': 20}",0,0.2769331396,0.4541438256,0.2689230348,5.640144021e-05,0,-0.01520702276,3.658105023e-05,False
2023-03-07,47,random_forest,"{'max_depth': 3, 'min_samples_leaf': 20}",0,0.3069661271,0.409268488,0.2837653849,-0.0001324515431,0,0.001330351638,3.739726027e-05,False
2023-03-08,47,random_forest,"{'max_depth': 3, 'min_samples_leaf': 20}",0,0.2998713391,0.4232879799,0.2768406811,-0.0001160172723,0,-0.02046328351,3.75456621e-05,False
2023-03-09,47,random_forest,"{'max_depth': 3, 'min_samples_leaf': 20}",0,0.31573376,0.3833684092,0.3008978308,-8.207503519e-05,0,-0.01299262549,3.747146119e-05,False
2023-03-10,47,random_forest,"{'max_depth': 3, 'min_samples_leaf': 20}",0,0.3092255486,0.3658038326,0.3249706188,0.0001838007039,0,0.009297786195,3.717465753e-05,False
2023-03-13,47,random_forest,"{'max_depth': 3, 'min_samples_leaf': 20}",0,0.317613046,0.3578674895,0.3245194645,9.317044844e-05,0,0.003149836166,3.613584475e-05,False
2023-03-14,47,random_forest,"{'max_depth': 3, 'min_samples_leaf': 20}",0,0.3224734326,0.3719318812,0.3055946862,-0.0001131942736,0,0.008784845233,3.621004566e-05,False
2023-03-15,47,random_forest,"{'max_depth': 3, 'min_samples_leaf': 20}",0,0.3070921281,0.3750185125,0.3178893594,0.0001475347386,0,0.02401628112,3.524543379e-05,False
2023-03-16,47,random_forest,"{'max_depth': 3, 'min_samples_leaf': 20}",0,0.2828058516,0.4343645586,0.2828295898,0.0001101833595,0,-0.008214259031,3.517123288e-05,False
2023-03-17,47,random_forest,"{'max_depth': 3, 'min_samples_leaf': 20}",0,0.3035621535,0.3730255019,0.3234123446,0.0002296396104,0,0.007523036135,3.353881279e-05,False
2023-03-20,47,random_forest,"{'max_depth': 3, 'min_samples_leaf': 20}",0,0.2654540493,0.4702288319,0.2643171188,0.0001373801813,0,0.004204041783,3.569063927e-05,False
2023-03-21,47,random_forest,"{'max_depth': 3, 'min_samples_leaf': 20}",0,0.2580654126,0.4827325001,0.2592020873,0.0001717768662,0,-0.01660277729,3.546803653e-05,False
2023-03-22,48,lightgbm,"{'num_leaves': 7, 'learning_rate': 0.03, 'min_child_samples': 60}",0,0.2927040049,0.4326718743,0.2746241208,-6.428202235e-05,0,-0.004859609012,3.554223744e-05,False
2023-03-23,48,lightgbm,"{'num_leaves': 7, 'learning_rate': 0.03, 'min_child_samples': 60}",0,0.242240866,0.4466140737,0.3111450603,0.0007639778601,1,0.009978572188,3.509703196e-05,False
2023-03-24,48,lightgbm,"{'num_leaves': 7, 'learning_rate': 0.03, 'min_child_samples': 60}",0,0.2274004131,0.4783795535,0.2942200335,0.000777730131,1,-0.004094255361,3.517123288e-05,False
2023-03-27,48,lightgbm,"{'num_leaves': 7, 'learning_rate': 0.03, 'min_child_samples': 60}",0,0.2922194669,0.4437236261,0.2640569069,-0.0001470284025,0,-0.0004294993265,3.64326484e-05,False
2023-03-28,48,lightgbm,"{'num_leaves': 7, 'learning_rate': 0.03, 'min_child_samples': 60}",0,0.3016290398,0.4245361958,0.2738347644,-0.0001636685962,0,0.003550654896,3.561643836e-05,False
2023-03-29,48,lightgbm,"{'num_leaves': 7, 'learning_rate': 0.03, 'min_child_samples': 60}",0,0.3023002006,0.4286014535,0.2690983459,-0.0002099966361,0,-0.0009650922116,3.561643836e-05,False
2023-03-30,48,lightgbm,"{'num_leaves': 7, 'learning_rate': 0.03, 'min_child_samples': 60}",0,0.3299478197,0.4103332827,0.2597188977,-0.0005754776743,-1,0.01168885242,3.687785388e-05,False
2023-03-31,48,lightgbm,"{'num_leaves': 7, 'learning_rate': 0.03, 'min_child_samples': 60}",0,0.3063447273,0.4385291477,0.255126125,-0.0003681364594,0,0.005136373141,3.598744292e-05,False
2023-04-03,48,lightgbm,"{'num_leaves': 7, 'learning_rate': 0.03, 'min_child_samples': 60}",0,0.3045758575,0.4225290346,0.2728951079,-0.0002021244783,0,-0.007166759927,3.635844749e-05,False
2023-04-04,48,lightgbm,"{'num_leaves': 7, 'learning_rate': 0.03, 'min_child_samples': 60}",0,0.1999734863,0.4385937791,0.3614327347,0.001621359588,1,-0.0007599656837,3.621004566e-05,False
2023-04-05,48,lightgbm,"{'num_leaves': 7, 'learning_rate': 0.03, 'min_child_samples': 60}",0,0.2483839643,0.4162318887,0.335384147,0.0009014473735,1,0.005949341243,3.606164384e-05,False
2023-04-06,48,lightgbm,"{'num_leaves': 7, 'learning_rate': 0.03, 'min_child_samples': 60}",0,0.2830919233,0.407036138,0.3098719387,0.0003285106523,0,0.007378077711,3.64326484e-05,False
2023-04-10,48,lightgbm,"{'num_leaves': 7, 'learning_rate': 0.03, 'min_child_samples': 60}",0,0.3355364372,0.401697107,0.2627664558,-0.0006082874754,-1,-0.001316259244,3.769406393e-05,False
2023-04-11,48,lightgbm,"{'num_leaves': 7, 'learning_rate': 0.03, 'min_child_samples': 60}",0,0.3207659861,0.4000593946,0.2791746192,-0.0003183512245,0,-0.009274788952,3.739726027e-05,False
2023-04-12,48,lightgbm,"{'num_leaves': 7, 'learning_rate': 0.03, 'min_child_samples': 60}",0,0.2654950345,0.4343794023,0.3001255632,0.00043056846,0,0.01048440466,3.724885845e-05,False
2023-04-13,48,lightgbm,"{'num_leaves': 7, 'learning_rate': 0.03, 'min_child_samples': 60}",0,0.2581757905,0.4671016423,0.2747225672,0.0002956629521,0,-0.0008478625268,3.784246575e-05,False
2023-04-14,48,lightgbm,"{'num_leaves': 7, 'learning_rate': 0.03, 'min_child_samples': 60}",0,0.3056694449,0.4314300761,0.262900479,-0.0002965282118,0,0.003807278125,3.813926941e-05,False
2023-04-17,48,lightgbm,"{'num_leaves': 7, 'learning_rate': 0.03, 'min_child_samples': 60}",0,0.2492068911,0.4514414341,0.2993516748,0.000593552055,1,-0.00329658582,3.86586758e-05,False
2023-04-18,48,lightgbm,"{'num_leaves': 7, 'learning_rate': 0.03, 'min_child_samples': 60}",0,0.27986187,0.4187601256,0.3013780044,0.0002915438712,0,0.004657739827,3.858447489e-05,False
2023-04-19,48,lightgbm,"{'num_leaves': 7, 'learning_rate': 0.03, 'min_child_samples': 60}",0,0.2957496447,0.42049228,0.2837580753,-2.008025652e-05,0,0.001629370467,3.828767123e-05,False
2023-04-20,48,lightgbm,"{'num_leaves': 7, 'learning_rate': 0.03, 'min_child_samples': 60}",0,0.3064337555,0.4176420591,0.2759241854,-0.0001962846798,0,2.428433527e-05,3.799086758e-05,False
2023-04-21,49,lightgbm,"{'num_leaves': 7, 'learning_rate': 0.03, 'min_child_samples': 60}",0,0.2951093337,0.4320615828,0.2728290835,-8.858766739e-05,0,0.001553471236,3.813926941e-05,False
2023-04-24,49,lightgbm,"{'num_leaves': 7, 'learning_rate': 0.03, 'min_child_samples': 60}",0,0.2799977007,0.4156393437,0.3043629557,0.0003294573552,0,-0.01096010551,3.858447489e-05,False
2023-04-25,49,lightgbm,"{'num_leaves': 7, 'learning_rate': 0.03, 'min_child_samples': 60}",0,0.2681844945,0.4097255551,0.3220899505,0.0005988543612,1,-0.005802556765,3.799086758e-05,False
2023-04-26,49,lightgbm,"{'num_leaves': 7, 'learning_rate': 0.03, 'min_child_samples': 60}",0,0.285453796,0.3962703331,0.3182758709,0.0003882492596,0,0.01329239232,3.828767123e-05,False
2023-04-27,49,lightgbm,"{'num_leaves': 7, 'learning_rate': 0.03, 'min_child_samples': 60}",0,0.3146527493,0.4165103513,0.2688368994,-0.0003242390738,0,0.01079006187,3.843607306e-05,False
2023-04-28,49,lightgbm,"{'num_leaves': 7, 'learning_rate': 0.03, 'min_child_samples': 60}",0,0.278155213,0.4344231654,0.2874216216,0.0002081064312,0,9.629698841e-05,3.784246575e-05,False
2023-05-01,49,lightgbm,"{'num_leaves': 7, 'learning_rate': 0.03, 'min_child_samples': 60}",0,0.3108780082,0.4222360861,0.2668859057,-0.0003012903671,0,-0.009475113491,3.910388128e-05,False
2023-05-02,49,lightgbm,"{'num_leaves': 7, 'learning_rate': 0.03, 'min_child_samples': 60}",0,0.2921760357,0.4130858091,0.2947381553,0.0001234448842,0,-0.008119400071,3.888127854e-05,False
2023-05-03,49,lightgbm,"{'num_leaves': 7, 'learning_rate': 0.03, 'min_child_samples': 60}",0,0.2720555686,0.4291215283,0.2988229031,0.0003658444425,0,-0.004423335223,3.902968037e-05,False
2023-05-04,49,lightgbm,"{'num_leaves': 7, 'learning_rate': 0.03, 'min_child_samples': 60}",0,0.2700084588,0.3961439699,0.3338475712,0.0006774232114,1,0.009097359235,3.902968037e-05,False
2023-05-05,49,lightgbm,"{'num_leaves': 7, 'learning_rate': 0.03, 'min_child_samples': 60}",0,0.2715249139,0.4598611923,0.2686138937,0.0001209054106,0,-0.0005569677683,3.902968037e-05,False
2023-05-08,49,lightgbm,"{'num_leaves': 7, 'learning_rate': 0.03, 'min_child_samples': 60}",0,0.3393687967,0.4322543786,0.2283768247,-0.0009158279576,-1,-0.0004864937082,3.940068493e-05,False
2023-05-09,49,lightgbm,"{'num_leaves': 7, 'learning_rate': 0.03, 'min_child_samples': 60}",0,0.2983233533,0.4840660659,0.2176105808,-0.0005796717994,-1,-0.002488640899,3.925228311e-05,False
2023-05-10,49,lightgbm,"{'num_leaves': 7, 'learning_rate': 0.03, 'min_child_samples': 60}",0,0.2860476063,0.4120771722,0.3018752215,0.0002461300069,0,0.0004369283692,3.888127854e-05,False
2023-05-11,49,lightgbm,"{'num_leaves': 7, 'learning_rate': 0.03, 'min_child_samples': 60}",0,0.2914451411,0.4293427551,0.2792121039,2.305974299e-06,0,-0.004426532309,3.858447489e-05,False
2023-05-12,49,lightgbm,"{'num_leaves': 7, 'learning_rate': 0.03, 'min_child_samples': 60}",0,0.3228298207,0.4324427583,0.244727421,-0.0006088619091,-1,0.001916473047,3.895547945e-05,False
2023-05-15,49,lightgbm,"{'num_leaves': 7, 'learning_rate': 0.03, 'min_child_samples': 60}",0,0.3138897063,0.4285409036,0.2575693901,-0.000409740591,0,-0.003909059861,3.86586758e-05,False
2023-05-16,49,lightgbm,"{'num_leaves': 7, 'learning_rate': 0.03, 'min_child_samples': 60}",0,0.311392737,0.4383460415,0.2502612215,-0.0004444472832,-1,0.006984369785,3.880707763e-05,False
2023-05-17,49,lightgbm,"{'num_leaves': 7, 'learning_rate': 0.03, 'min_child_samples': 60}",0,0.2866751476,0.4538481908,0.2594766616,-0.0001118669036,0,0.01043629118,3.902968037e-05,False
2023-05-18,49,lightgbm,"{'num_leaves': 7, 'learning_rate': 0.03, 'min_child_samples': 60}",0,0.2780590066,0.4509565972,0.2709843962,7.283555115e-05,0,-0.003689026502,3.940068493e-05,False
2023-05-19,49,lightgbm,"{'num_leaves': 7, 'learning_rate': 0.03, 'min_child_samples': 60}",0,0.2885519088,0.4530482849,0.2583998063,-0.0001402457215,0,0.000358288365,3.925228311e-05,False
2023-05-22,50,lightgbm,"{'num_leaves': 7, 'learning_rate': 0.03, 'min_child_samples': 60}",0,0.2649941929,0.4629587713,0.2720470358,0.0002164712636,0,-0.007168865359,4.006849315e-05,False
2023-05-23,50,lightgbm,"{'num_leaves': 7, 'learning_rate': 0.03, 'min_child_samples': 60}",0,0.2816552775,0.4294013133,0.2889434092,0.0001851004236,0,-0.003224909089,3.962328767e-05,False
2023-05-24,50,lightgbm,"{'num_leaves': 7, 'learning_rate': 0.03, 'min_child_samples': 60}",0,0.2802177839,0.4241677921,0.295614424,0.0002554508726,0,-0.0002169946437,3.984589041e-05,False
2023-05-25,50,lightgbm,"{'num_leaves': 7, 'learning_rate': 0.03, 'min_child_samples': 60}",0,0.3127571912,0.3961756147,0.2910671941,-0.0001182570446,0,0.01129223182,3.992009132e-05,False
2023-05-26,50,lightgbm,"{'num_leaves': 7, 'learning_rate': 0.03, 'min_child_samples': 60}",0,0.2706465302,0.4608715806,0.2684818892,0.0001284611192,0,-0.004383589104,3.962328767e-05,False
2023-05-30,50,lightgbm,"{'num_leaves': 7, 'learning_rate': 0.03, 'min_child_samples': 60}",0,0.2862799929,0.4488492385,0.2648707686,-6.295567391e-05,0,-0.001028002042,4.118150685e-05,False
2023-05-31,50,lightgbm,"{'num_leaves': 7, 'learning_rate': 0.03, 'min_child_samples': 60}",0,0.2887955339,0.4189490314,0.2922554348,0.0001389604792,0,0.008921550414,4.095890411e-05,False
2023-06-01,50,lightgbm,"{'num_leaves': 7, 'learning_rate': 0.03, 'min_child_samples': 60}",0,0.2372973902,0.4755514613,0.2871511485,0.000628043369,1,0.008056568641,4.081050228e-05,False
2023-06-02,50,lightgbm,"{'num_leaves': 7, 'learning_rate': 0.03, 'min_child_samples': 60}",0,0.2156047459,0.5100019253,0.2743933288,0.0007457883573,1,-0.002755189647,4.081050228e-05,False
2023-06-05,50,lightgbm,"{'num_leaves': 7, 'learning_rate': 0.03, 'min_child_samples': 60}",0,0.2794074587,0.4468124974,0.2737800439,8.212033481e-05,0,0.003187440449,4.051369863e-05,False
2023-06-06,50,lightgbm,"{'num_leaves': 7, 'learning_rate': 0.03, 'min_child_samples': 60}",0,0.2300168862,0.4884540507,0.2815290631,0.0006564077892,1,-0.004411386962,4.03652968e-05,False
2023-06-07,50,lightgbm,"{'num_leaves': 7, 'learning_rate': 0.03, 'min_child_samples': 60}",0,0.2776465513,0.4307741849,0.2915792638,0.000248412298,0,0.005883478906,4.021689498e-05,False
2023-06-08,50,lightgbm,"{'num_leaves': 7, 'learning_rate': 0.03, 'min_child_samples': 60}",0,0.2693218006,0.4581980967,0.2724801027,0.0001754059368,0,-0.0001395423425,3.992009132e-05,False
2023-06-09,50,lightgbm,"{'num_leaves': 7, 'learning_rate': 0.03, 'min_child_samples': 60}",0,0.2687548918,0.4527551841,0.2784899241,0.0002312681891,0,0.006683315456,3.984589041e-05,False
2023-06-12,50,lightgbm,"{'num_leaves': 7, 'learning_rate': 0.03, 'min_child_samples': 60}",0,0.2603074024,0.4591223448,0.2805702528,0.0003357736839,0,0.003078187044,4.006849315e-05,False
2023-06-13,50,lightgbm,"{'num_leaves': 7, 'learning_rate': 0.03, 'min_child_samples': 60}",0,0.2528165864,0.4583600123,0.2888234013,0.0004817715736,1,0.0003889681133,3.97716895e-05,False
2023-06-14,50,lightgbm,"{'num_leaves': 7, 'learning_rate': 0.03, 'min_child_samples': 60}",0,0.2556910964,0.4487697177,0.2955391858,0.0005079865472,1,0.01436990299,3.97716895e-05,False
2023-06-15,50,lightgbm,"{'num_leaves': 7, 'learning_rate': 0.03, 'min_child_samples': 60}",0,0.2934105608,0.4308667676,0.2757226716,-4.625258205e-05,0,-0.008035749138,3.954908676e-05,False
2023-06-16,50,lightgbm,"{'num_leaves': 7, 'learning_rate': 0.03, 'min_child_samples': 60}",0,0.2599346912,0.4502423294,0.2898229794,0.0004166172609,0,-0.0006172579414,3.962328767e-05,False
2023-06-20,50,lightgbm,"{'num_leaves': 7, 'learning_rate': 0.03, 'min_child_samples': 60}",0,0.2618253244,0.4255567531,0.3126179225,0.0005867902974,1,-0.00279714145,3.999429224e-05,False
2023-06-21,50,lightgbm,"{'num_leaves': 7, 'learning_rate': 0.03, 'min_child_samples': 60}",0,0.2561400218,0.4216776414,0.3221823367,0.0007250635641,1,0.0058992915,4.006849315e-05,False
2023-06-22,51,lightgbm,"{'num_leaves': 7, 'learning_rate': 0.03, 'min_child_samples': 60}",0,0.2643688964,0.495275645,0.2403554586,-2.662084485e-05,0,0.0006467529683,4.006849315e-05,False
2023-06-23,51,lightgbm,"{'num_leaves': 7, 'learning_rate': 0.03, 'min_child_samples': 60}",0,0.245100649,0.4311816477,0.3237177032,0.000865700194,1,-0.002727549961,4.014269406e-05,False
2023-06-26,51,lightgbm,"{'num_leaves': 7, 'learning_rate': 0.03, 'min_child_samples': 60}",0,0.2602053102,0.3916893784,0.3481053114,0.0009132856849,1,0.008835450941,4.081050228e-05,False
2023-06-27,51,lightgbm,"{'num_leaves': 7, 'learning_rate': 0.03, 'min_child_samples': 60}",0,0.2668017757,0.4737384288,0.2594597955,0.0001073916489,0,0.003080167678,4.03652968e-05,False
2023-06-28,51,lightgbm,"{'num_leaves': 7, 'learning_rate': 0.03, 'min_child_samples': 60}",0,0.2787540739,0.4335978772,0.2876480489,0.0002190615692,0,0.004931631086,4.03652968e-05,False
2023-06-29,51,lightgbm,"{'num_leaves': 7, 'learning_rate': 0.03, 'min_child_samples': 60}",0,0.280243052,0.4806851659,0.2390717822,-0.0002006774418,0,0.004168168647,4.051369863e-05,False
2023-06-30,51,lightgbm,"{'num_leaves': 7, 'learning_rate': 0.03, 'min_child_samples': 60}",0,0.2703661461,0.4632221714,0.2664116825,0.0001285857776,0,0.001964226261,2.169520548e-05,False
2023-07-03,51,lightgbm,"{'num_leaves': 7, 'learning_rate': 0.03, 'min_child_samples': 60}",0,0.2935714726,0.4626950662,0.2437334613,-0.0002990372499,0,0.002760745709,4.03652968e-05,False
2023-07-05,51,lightgbm,"{'num_leaves': 7, 'learning_rate': 0.03, 'min_child_samples': 60}",0,0.3442568796,0.4618789531,0.1938641673,-0.001235848248,-1,0.0005461523949,4.03652968e-05,False
2023-07-06,51,lightgbm,"{'num_leaves': 7, 'learning_rate': 0.03, 'min_child_samples': 60}",0,0.3210033939,0.4414845621,0.237512044,-0.0006331495588,-1,-0.0001824251386,4.051369863e-05,False
2023-07-07,51,lightgbm,"{'num_leaves': 7, 'learning_rate': 0.03, 'min_child_samples': 60}",0,0.3163275668,0.4382287091,0.2454437241,-0.0005189939642,-1,0.003377632651,4.051369863e-05,False
2023-07-10,51,lightgbm,"{'num_leaves': 7, 'learning_rate': 0.03, 'min_child_samples': 60}",0,0.3014246601,0.4503005054,0.2482748345,-0.0003420500636,0,0.004563467302,4.066210046e-05,False
2023-07-11,51,lightgbm,"{'num_leaves': 7, 'learning_rate': 0.03, 'min_child_samples': 60}",0,0.2875803983,0.4547731041,0.2576464976,-0.0001215487632,0,-0.0008289289958,4.073630137e-05,False
2023-07-12,51,lightgbm,"{'num_leaves': 7, 'learning_rate': 0.03, 'min_child_samples': 60}",0,0.2594343447,0.4402459574,0.3003196979,0.0005233874525,1,0.003706192604,4.058789954e-05,False
2023-07-13,51,lightgbm,"{'num_leaves': 7, 'learning_rate': 0.03, 'min_child_samples': 60}",0,0.2392113251,0.4090956727,0.3516930022,0.001159214977,1,-0.002663852276,4.058789954e-05,False
2023-07-14,51,lightgbm,"{'num_leaves': 7, 'learning_rate': 0.03, 'min_child_samples': 60}",0,0.257365973,0.4299621343,0.3126718927,0.0006475107104,1,0.003807341681,4.073630137e-05,False
2023-07-17,51,lightgbm,"{'num_leaves': 7, 'learning_rate': 0.03, 'min_child_samples': 60}",0,0.2805974779,0.4231109065,0.2962916156,0.0002720509467,0,0.008190904388,4.073630137e-05,False
2023-07-18,51,lightgbm,"{'num_leaves': 7, 'learning_rate': 0.03, 'min_child_samples': 60}",0,0.3094616385,0.4367422411,0.2537961203,-0.000378796238,0,0.0004175786501,4.073630137e-05,False
2023-07-19,51,lightgbm,"{'num_leaves': 7, 'learning_rate': 0.03, 'min_child_samples': 60}",0,0.3211303091,0.4203331834,0.2585365075,-0.0004594193871,-1,-0.004381664629,4.073630137e-05,False
2023-07-20,51,lightgbm,"{'num_leaves': 7, 'learning_rate': 0.03, 'min_child_samples': 60}",0,0.2947479942,0.4841303652,0.2211216406,-0.0004993971225,-1,-0.003921047527,4.073630137e-05,False
2023-07-21,51,lightgbm,"{'num_leaves': 7, 'learning_rate': 0.03, 'min_child_samples': 60}",0,0.3030436006,0.4807828192,0.2161735801,-0.0006259661036,-1,0.001830772,4.081050228e-05,False
2023-07-24,52,lightgbm,"{'num_leaves': 7, 'learning_rate': 0.03, 'min_child_samples': 60}",0,0.286024576,0.4880524499,0.2259229741,-0.0003510570591,0,0.003348583387,4.08847032e-05,False
2023-07-25,52,lightgbm,"{'num_leaves': 7, 'learning_rate': 0.03, 'min_child_samples': 60}",0,0.2889447881,0.4779995378,0.2330556741,-0.0003219986249,0,0.002288398642,4.08847032e-05,False
2023-07-26,52,lightgbm,"{'num_leaves': 7, 'learning_rate': 0.03, 'min_child_samples': 60}",0,0.2761552919,0.475845374,0.247999334,-6.723585782e-05,0,-0.01422595716,4.08847032e-05,False
2023-07-27,52,lightgbm,"{'num_leaves': 7, 'learning_rate': 0.03, 'min_child_samples': 60}",0,0.2627100124,0.4920526415,0.2452373461,4.778729832e-05,0,0.002281320777,4.08847032e-05,False
2023-07-28,52,lightgbm,"{'num_leaves': 7, 'learning_rate': 0.03, 'min_child_samples': 60}",0,0.2842092275,0.4969333359,0.2188574366,-0.0003908894219,0,0.0008307749928,4.095890411e-05,False
2023-07-31,52,lightgbm,"{'num_leaves': 7, 'learning_rate': 0.03, 'min_child_samples': 60}",0,0.2913016684,0.4834160402,0.2252822914,-0.0004104693389,0,0.0004603018779,4.118150685e-05,False
2023-08-01,52,lightgbm,"{'num_leaves': 7, 'learning_rate': 0.03, 'min_child_samples': 60}",0,0.2941529573,0.4767129142,0.2291341285,-0.0004078440124,0,-0.006883607503,4.110730594e-05,False
2023-08-02,52,lightgbm,"{'num_leaves': 7, 'learning_rate': 0.03, 'min_child_samples': 60}",0,0.2687674486,0.4231071552,0.3081253962,0.0005058937777,1,0.001785527492,4.103310502e-05,False
2023-08-03,52,lightgbm,"{'num_leaves': 7, 'learning_rate': 0.03, 'min_child_samples': 60}",0,0.2868391762,0.4318331422,0.2813276817,9.890709844e-05,0,-0.008675017136,4.110730594e-05,False
2023-08-04,52,lightgbm,"{'num_leaves': 7, 'learning_rate': 0.03, 'min_child_samples': 60}",0,0.2652683456,0.4130394328,0.3216922216,0.0006540014406,1,0.004457221856,4.110730594e-05,False
2023-08-07,52,lightgbm,"{'num_leaves': 7, 'learning_rate': 0.03, 'min_child_samples': 60}",0,0.2509281597,0.391538659,0.3575331814,0.001097531365,1,0.001495298801,4.125570776e-05,False
2023-08-08,52,lightgbm,"{'num_leaves': 7, 'learning_rate': 0.03, 'min_child_samples': 60}",0,0.2721249778,0.431076757,0.2967982652,0.0003777649796,0,-0.007304631887,4.132990868e-05,False
2023-08-09,52,lightgbm,"{'num_leaves': 7, 'learning_rate': 0.03, 'min_child_samples': 60}",0,0.2279932696,0.3824602557,0.3895464747,0.001597530122,1,-0.005087125645,4.118150685e-05,False
2023-08-10,52,lightgbm,"{'num_leaves': 7, 'learning_rate': 0.03, 'min_child_samples': 60}",0,0.2923354958,0.3832563211,0.3244081831,0.0003989159479,0,0.003784022865,4.110730594e-05,False
2023-08-11,52,lightgbm,"{'num_leaves': 7, 'learning_rate': 0.03, 'min_child_samples': 60}",0,0.2845765582,0.4546369698,0.260786472,-4.781193903e-05,0,0.007668030152,4.110730594e-05,False
2023-08-14,52,lightgbm,"{'num_leaves': 7, 'learning_rate': 0.03, 'min_child_samples': 60}",0,0.2430035784,0.4949106545,0.2620857672,0.0003892343494,0,-0.00757383302,4.125570776e-05,False
2023-08-15,52,lightgbm,"{'num_leaves': 7, 'learning_rate': 0.03, 'min_child_samples': 60}",0,0.2796675756,0.4050408224,0.315291602,0.0004534016106,1,-0.006373405024,4.125570776e-05,False
2023-08-16,52,lightgbm,"{'num_leaves': 7, 'learning_rate': 0.03, 'min_child_samples': 60}",0,0.2503725232,0.4093152034,0.3403122734,0.0009607746767,1,-0.01103906755,4.125570776e-05,False
2023-08-17,52,lightgbm,"{'num_leaves': 7, 'learning_rate': 0.03, 'min_child_samples': 60}",0,0.2722649086,0.4094728332,0.3182622582,0.0005538839297,1,0.007222477252,4.125570776e-05,False
2023-08-18,52,lightgbm,"{'num_leaves': 7, 'learning_rate': 0.03, 'min_child_samples': 60}",0,0.3051368234,0.431582801,0.2632803757,-0.0002380113299,0,0.004090980768,4.118150685e-05,False
2023-08-21,52,lightgbm,"{'num_leaves': 7, 'learning_rate': 0.03, 'min_child_samples': 60}",0,0.2392611894,0.4277644091,0.3329744015,0.001014012552,1,-0.006867942299,4.132990868e-05,False
2023-08-22,53,lightgbm,"{'num_leaves': 7, 'learning_rate': 0.03, 'min_child_samples': 60}",0,0.3183805442,0.3724725271,0.3091469287,-1.398740264e-05,0,0.008605574773,4.132990868e-05,False
2023-08-23,53,lightgbm,"{'num_leaves': 7, 'learning_rate': 0.03, 'min_child_samples': 60}",0,0.2905836171,0.4528028281,0.2566135548,-0.0001617601635,0,-0.01754028128,4.132990868e-05,False
2023-08-24,53,lightgbm,"{'num_leaves': 7, 'learning_rate': 0.03, 'min_child_samples': 60}",0,0.2941810978,0.383451057,0.3223678453,0.0003430172429,0,0.002940659763,4.140410959e-05,False
2023-08-25,53,lightgbm,"{'num_leaves': 7, 'learning_rate': 0.03, 'min_child_samples': 60}",0,0.3120897721,0.4459797186,0.2419305093,-0.0005031973251,-1,0.001175876254,4.162671233e-05,False
2023-08-28,53,lightgbm,"{'num_leaves': 7, 'learning_rate': 0.03, 'min_child_samples': 60}",0,0.2677826638,0.3980280591,0.334189277,0.0007110377453,1,0.01470690138,4.140410959e-05,False
2023-08-29,53,lightgbm,"{'num_leaves': 7, 'learning_rate': 0.03, 'min_child_samples': 60}",0,0.1973108756,0.4595532128,0.3431359117,0.001507222167,1,0.003336966855,4.125570776e-05,False
2023-08-30,53,lightgbm,"{'num_leaves': 7, 'learning_rate': 0.03, 'min_child_samples': 60}",0,0.23650711,0.5436353813,0.2198575087,8.985626236e-05,0,-0.002878308084,4.125570776e-05,False
2023-08-31,53,lightgbm,"{'num_leaves': 7, 'learning_rate': 0.03, 'min_child_samples': 60}",0,0.2865915775,0.4729580464,0.2404503761,-0.0002539794969,0,-0.004369245477,4.125570776e-05,False
2023-09-01,53,lightgbm,"{'num_leaves': 7, 'learning_rate': 0.03, 'min_child_samples': 60}",0,0.273762078,0.5109124301,0.2153254919,-0.0003294192846,0,-0.003305794379,4.103310502e-05,False
2023-09-05,53,lightgbm,"{'num_leaves': 7, 'learning_rate': 0.03, 'min_child_samples': 60}",0,0.278594702,0.6080745962,0.1133307018,-0.001219158819,-1,-0.004861714334,4.118150685e-05,False
2023-09-06,53,lightgbm,"{'num_leaves': 7, 'learning_rate': 0.03, 'min_child_samples': 60}",0,0.2423318399,0.5358822291,0.221785931,4.602604012e-05,0,0.003926837225,4.118150685e-05,False
2023-09-07,53,lightgbm,"{'num_leaves': 7, 'learning_rate': 0.03, 'min_child_samples': 60}",0,0.2714845636,0.4821662621,0.2463491743,-5.050845178e-05,0,0.001393560754,4.103310502e-05,False
2023-09-08,53,lightgbm,"{'num_leaves': 7, 'learning_rate': 0.03, 'min_child_samples': 60}",0,0.2526503578,0.5102116598,0.2371379824,6.670378106e-05,0,0.0004685480872,4.118150685e-05,False
2023-09-11,53,lightgbm,"{'num_leaves': 7, 'learning_rate': 0.03, 'min_child_samples': 60}",0,0.2948213109,0.4928216358,0.2123570533,-0.0005697740032,-1,-0.002147940282,4.118150685e-05,False
2023-09-12,53,lightgbm,"{'num_leaves': 7, 'learning_rate': 0.03, 'min_child_samples': 60}",0,0.274469934,0.4689383714,0.2565916946,3.259211582e-06,0,0.0006499229607,4.125570776e-05,False
2023-09-13,53,lightgbm,"{'num_leaves': 7, 'learning_rate': 0.03, 'min_child_samples': 60}",0,0.2955414036,0.4176728132,0.2867857833,3.59595214e-05,0,0.002872554446,4.118150685e-05,False
2023-09-14,53,lightgbm,"{'num_leaves': 7, 'learning_rate': 0.03, 'min_child_samples': 60}",0,0.208326738,0.4421029268,0.3495703352,0.001447290569,1,-0.008431406985,4.118150685e-05,False
2023-09-15,53,lightgbm,"{'num_leaves': 7, 'learning_rate': 0.03, 'min_child_samples': 60}",0,0.2751484884,0.4864605465,0.2383909651,-0.0001536282042,0,0.001309146009,4.125570776e-05,False
2023-09-18,53,lightgbm,"{'num_leaves': 7, 'learning_rate': 0.03, 'min_child_samples': 60}",0,0.3043988536,0.4490629916,0.2465381547,-0.0003863930306,0,6.776622832e-05,4.118150685e-05,False
2023-09-19,53,lightgbm,"{'num_leaves': 7, 'learning_rate': 0.03, 'min_child_samples': 60}",0,0.3315306062,0.4282482427,0.2402211511,-0.0007165881884,-1,-0.01209431088,4.110730594e-05,False
2023-09-20,53,lightgbm,"{'num_leaves': 7, 'learning_rate': 0.03, 'min_child_samples': 60}",0,0.2621140802,0.4606532652,0.2772326545,0.0002999654335,0,-0.009892121804,4.125570776e-05,False
2023-09-21,54,lightgbm,"{'num_leaves': 7, 'learning_rate': 0.03, 'min_child_samples': 60}",0,0.3600304219,0.3478132453,0.2921563328,-0.000593441764,-1,-0.004694181514,4.132990868e-05,False
2023-09-22,54,lightgbm,"{'num_leaves': 7, 'learning_rate': 0.03, 'min_child_samples': 60}",0,0.3187572122,0.3016943152,0.3795484727,0.0005494325008,1,0.00713003572,4.125570776e-05,False
2023-09-25,54,lightgbm,"{'num_leaves': 7, 'learning_rate': 0.03, 'min_child_samples': 60}",0,0.3328284046,0.316107252,0.3510643434,0.0001705910021,0,-0.007480928179,4.140410959e-05,False
2023-09-26,54,lightgbm,"{'num_leaves': 7, 'learning_rate': 0.03, 'min_child_samples': 60}",0,0.2429237269,0.2484464941,0.5086297789,0.002389840242,1,-0.00243510381,4.140410959e-05,False
2023-09-27,54,lightgbm,"{'num_leaves': 7, 'learning_rate': 0.03, 'min_child_samples': 60}",0,0.3104329298,0.2728232898,0.4167437804,0.0009411799734,1,0.007144819638,4.140410959e-05,False
2023-09-28,54,lightgbm,"{'num_leaves': 7, 'learning_rate': 0.03, 'min_child_samples': 60}",0,0.3043381137,0.286307199,0.4093546873,0.0009427313629,1,-0.009706494003,4.125570776e-05,False
2023-09-29,54,lightgbm,"{'num_leaves': 7, 'learning_rate': 0.03, 'min_child_samples': 60}",0,0.3118614331,0.3157052388,0.3724333281,0.0005614460869,1,0.001617369974,4.118150685e-05,False
2023-10-02,54,lightgbm,"{'num_leaves': 7, 'learning_rate': 0.03, 'min_child_samples': 60}",0,0.3330087643,0.3263366843,0.3406545514,8.297088109e-05,0,-0.008163556263,4.170091324e-05,False
2023-10-03,54,lightgbm,"{'num_leaves': 7, 'learning_rate': 0.03, 'min_child_samples': 60}",0,0.3026834866,0.282889151,0.4144273624,0.001001477988,1,0.006136414097,4.170091324e-05,False
2023-10-04,54,lightgbm,"{'num_leaves': 7, 'learning_rate': 0.03, 'min_child_samples': 60}",0,0.317560072,0.3117866055,0.3706533226,0.0004884033707,1,0.0003299430877,4.162671233e-05,False
2023-10-05,54,lightgbm,"{'num_leaves': 7, 'learning_rate': 0.03, 'min_child_samples': 60}",0,0.3331599969,0.346170673,0.3206693301,-8.324858645e-05,0,0.01793968133,4.162671233e-05,False
2023-10-06,54,lightgbm,"{'num_leaves': 7, 'learning_rate': 0.03, 'min_child_samples': 60}",0,0.2835871913,0.5327733136,0.1836394952,-0.0007045018849,-1,0.01101553422,4.177511416e-05,False
2023-10-09,54,lightgbm,"{'num_leaves': 7, 'learning_rate': 0.03, 'min_child_samples': 60}",0,0.2426197959,0.5911819063,0.1661982977,-0.0004285452682,0,0.003695676388,4.177511416e-05,False
2023-10-10,54,lightgbm,"{'num_leaves': 7, 'learning_rate': 0.03, 'min_child_samples': 60}",0,0.2814675913,0.5007878763,0.2177445324,-0.000401777039,0,0.001560904992,4.162671233e-05,False
2023-10-11,54,lightgbm,"{'num_leaves': 7, 'learning_rate': 0.03, 'min_child_samples': 60}",0,0.2423649309,0.560025396,0.1976096731,-0.0001671172464,0,-0.007529485122,4.162671233e-05,False
2023-10-12,54,lightgbm,"{'num_leaves': 7, 'learning_rate': 0.03, 'min_child_samples': 60}",0,0.2998830471,0.5145996271,0.1855173258,-0.0008559621204,-1,-0.008524600725,4.177511416e-05,False
2023-10-13,54,lightgbm,"{'num_leaves': 7, 'learning_rate': 0.03, 'min_child_samples': 60}",0,0.3256250936,0.4734553015,0.200919605,-0.0009927519456,-1,0.005117332436,4.170091324e-05,False
2023-10-16,54,lightgbm,"{'num_leaves': 7, 'learning_rate': 0.03, 'min_child_samples': 60}",0,0.3125666834,0.4566097255,0.2308235911,-0.0006125862138,-1,0.007416629456,4.162671233e-05,False
2023-10-17,54,lightgbm,"{'num_leaves': 7, 'learning_rate': 0.03, 'min_child_samples': 60}",0,0.2527835363,0.5750894805,0.1721269832,-0.0004838114125,-1,-0.009166519143,4.170091324e-05,False
2023-10-18,54,lightgbm,"{'num_leaves': 7, 'learning_rate': 0.03, 'min_child_samples': 60}",0,0.2947220947,0.4519235667,0.2533543386,-0.000244143986,0,-0.01048850075,4.162671233e-05,False
2023-10-19,54,lightgbm,"{'num_leaves': 7, 'learning_rate': 0.03, 'min_child_samples': 60}",0,0.2702374318,0.468685474,0.2610770942,7.030642237e-05,0,-0.01124467914,4.155251142e-05,False
2023-10-20,55,lightgbm,"{'num_leaves': 7, 'learning_rate': 0.03, 'min_child_samples': 60}",0,0.3539397197,0.3878980039,0.2581622764,-0.0008192678465,-1,0.002025705203,4.140410959e-05,False
2023-10-23,55,lightgbm,"{'num_leaves': 7, 'learning_rate': 0.03, 'min_child_samples': 60}",0,0.2672611981,0.3860923808,0.346646421,0.0008008158485,1,0.002318729398,4.140410959e-05,False
2023-10-24,55,lightgbm,"{'num_leaves': 7, 'learning_rate': 0.03, 'min_child_samples': 60}",0,0.3555353061,0.3384656513,0.3059990425,-0.0004404656756,0,-0.01028710497,4.140410959e-05,False
2023-10-25,55,lightgbm,"{'num_leaves': 7, 'learning_rate': 0.03, 'min_child_samples': 60}",0,0.3395968859,0.4039495275,0.2564535865,-0.0006862564119,-1,-0.009364928205,4.14783105e-05,False
2023-10-26,55,lightgbm,"{'num_leaves': 7, 'learning_rate': 0.03, 'min_child_samples': 60}",0,0.2773654895,0.3244934944,0.3981410161,0.0011225536,1,-0.008474395122,4.14783105e-05,False
2023-10-27,55,lightgbm,"{'num_leaves': 7, 'learning_rate': 0.03, 'min_child_samples': 60}",0,0.2920500488,0.2890154914,0.4189344597,0.001143691928,1,0.004908595679,4.14783105e-05,False
2023-10-30,55,lightgbm,"{'num_leaves': 7, 'learning_rate': 0.03, 'min_child_samples': 60}",0,0.2822576508,0.3935301749,0.3242121743,0.0004616599787,1,0.00485371595,4.155251142e-05,False
2023-10-31,55,lightgbm,"{'num_leaves': 7, 'learning_rate': 0.03, 'min_child_samples': 60}",0,0.2875807032,0.4956270453,0.2167922516,-0.0004803164199,-1,0.008253796175,4.14783105e-05,False
2023-11-01,55,lightgbm,"{'num_leaves': 7, 'learning_rate': 0.03, 'min_child_samples': 60}",0,0.3099928475,0.4096083118,0.2803988407,-0.0001847760817,0,0.009798920238,4.132990868e-05,False
2023-11-02,55,lightgbm,"{'num_leaves': 7, 'learning_rate': 0.03, 'min_child_samples': 60}",0,0.2085375312,0.6253682561,0.1660942127,-8.830965477e-05,0,0.003578491306,4.110730594e-05,False
2023-11-03,55,lightgbm,"{'num_leaves': 7, 'learning_rate': 0.03, 'min_child_samples': 60}",0,0.2220558444,0.3894637005,0.3884804551,0.00161010749,1,0.0005052039052,4.103310502e-05,False
2023-11-06,55,lightgbm,"{'num_leaves': 7, 'learning_rate': 0.03, 'min_child_samples': 60}",0,0.2301562295,0.5091170168,0.2607267537,0.0004716685818,1,0.002846037884,4.125570776e-05,False
2023-11-07,55,lightgbm,"{'num_leaves': 7, 'learning_rate': 0.03, 'min_child_samples': 60}",0,0.2177799399,0.4854146956,0.2968053645,0.000896660442,1,-0.0006856080031,4.118150685e-05,False
2023-11-08,55,lightgbm,"{'num_leaves': 7, 'learning_rate': 0.03, 'min_child_samples': 60}",0,0.2107487547,0.3692244778,0.4200267675,0.001986691302,1,-0.010469166,4.110730594e-05,False
2023-11-09,55,lightgbm,"{'num_leaves': 7, 'learning_rate': 0.03, 'min_child_samples': 60}",0,0.3261737464,0.4146983189,0.2591279346,-0.0005264717046,-1,0.01061969433,4.110730594e-05,False
2023-11-10,55,lightgbm,"{'num_leaves': 7, 'learning_rate': 0.03, 'min_child_samples': 60}",0,0.2386289161,0.5988399504,0.1625311335,-0.0004264162558,0,0.002185623657,4.103310502e-05,False
2023-11-13,55,lightgbm,"{'num_leaves': 7, 'learning_rate': 0.03, 'min_child_samples': 60}",0,0.2673669097,0.5114703641,0.2211627262,-0.0002368628951,0,0.005399721294,4.118150685e-05,False
2023-11-14,55,lightgbm,"{'num_leaves': 7, 'learning_rate': 0.03, 'min_child_samples': 60}",0,0.225945478,0.5870781571,0.1869763648,-9.437461092e-05,0,-0.000955305764,4.095890411e-05,False
2023-11-15,55,lightgbm,"{'num_leaves': 7, 'learning_rate': 0.03, 'min_child_samples': 60}",0,0.2217160307,0.6121819262,0.1661020431,-0.000223427972,0,0.002248363383,4.103310502e-05,False
2023-11-16,55,lightgbm,"{'num_leaves': 7, 'learning_rate': 0.03, 'min_child_samples': 60}",0,0.2198935752,0.5525032279,0.2276031968,0.0003033145695,0,0.00122161149,4.08847032e-05,False
2023-11-17,55,lightgbm,"{'num_leaves': 7, 'learning_rate': 0.03, 'min_child_samples': 60}",0,0.2556159715,0.4697944921,0.2745895364,0.0003250240294,0,0.008279162225,4.081050228e-05,False
2023-11-20,56,lightgbm,"{'num_leaves': 7, 'learning_rate': 0.03, 'min_child_samples': 60}",0,0.2621104839,0.3810845195,0.3568049967,0.00094592684,1,0.0001985885596,4.110730594e-05,False
2023-11-21,56,lightgbm,"{'num_leaves': 7, 'learning_rate': 0.03, 'min_child_samples': 60}",0,0.2431814359,0.5296960828,0.2271224812,7.245943236e-05,0,8.786759165e-05,4.103310502e-05,False
2023-11-22,56,lightgbm,"{'num_leaves': 7, 'learning_rate': 0.03, 'min_child_samples': 60}",0,0.2674975745,0.4398776273,0.2926247982,0.0003619498963,0,0.0005053738466,2.21347032e-05,False
2023-11-24,56,lightgbm,"{'num_leaves': 7, 'learning_rate': 0.03, 'min_child_samples': 60}",0,0.2748635459,0.5561225234,0.1690139307,-0.0007318470963,-1,-0.0003738762779,4.110730594e-05,False
2023-11-27,56,lightgbm,"{'num_leaves': 7, 'learning_rate': 0.03, 'min_child_samples': 60}",0,0.2625645917,0.5747582509,0.1626771573,-0.0006575930714,-1,0.00187193026,4.073630137e-05,False
2023-11-28,56,lightgbm,"{'num_leaves': 7, 'learning_rate': 0.03, 'min_child_samples': 60}",0,0.2359273994,0.3980554214,0.3660171792,0.001290984395,1,-0.005556182093,4.058789954e-05,False
2023-11-29,56,lightgbm,"{'num_leaves': 7, 'learning_rate': 0.03, 'min_child_samples': 60}",0,0.2008470521,0.4920460959,0.307106852,0.001166451664,1,0.002019809505,4.043949772e-05,False
2023-11-30,56,lightgbm,"{'num_leaves': 7, 'learning_rate': 0.03, 'min_child_samples': 60}",0,0.2696041793,0.398053113,0.3323427077,0.0006674117772,1,0.007306354565,4.043949772e-05,False
2023-12-01,56,lightgbm,"{'num_leaves': 7, 'learning_rate': 0.03, 'min_child_samples': 60}",0,0.2492900419,0.3432100243,0.4074999338,0.001495259619,1,0.002392441372,4.029109589e-05,False
2023-12-04,56,lightgbm,"{'num_leaves': 7, 'learning_rate': 0.03, 'min_child_samples': 60}",0,0.2769767322,0.4789046286,0.2441186392,-0.0001350045769,0,0.00294336499,4.051369863e-05,False
2023-12-05,56,lightgbm,"{'num_leaves': 7, 'learning_rate': 0.03, 'min_child_samples': 60}",0,0.2810124789,0.4442250581,0.274762463,7.588917107e-05,0,-0.008827156779,4.043949772e-05,False
2023-12-06,56,lightgbm,"{'num_leaves': 7, 'learning_rate': 0.03, 'min_child_samples': 60}",0,0.2514051846,0.3489643368,0.3996304786,0.001408700659,1,0.002888987599,4.043949772e-05,False
2023-12-07,56,lightgbm,"{'num_leaves': 7, 'learning_rate': 0.03, 'min_child_samples': 60}",0,0.2584235729,0.3596182471,0.38195818,0.001190995039,1,0.005989640167,4.03652968e-05,False
2023-12-08,56,lightgbm,"{'num_leaves': 7, 'learning_rate': 0.03, 'min_child_samples': 60}",0,0.2973487217,0.4990440226,0.2036072557,-0.00067810146,-1,0.005003345311,4.03652968e-05,False
2023-12-11,56,lightgbm,"{'num_leaves': 7, 'learning_rate': 0.03, 'min_child_samples': 60}",0,0.2645193483,0.4618485648,0.2736320869,0.0002361433247,0,0.005350607955,4.058789954e-05,False
2023-12-12,56,lightgbm,"{'num_leaves': 7, 'learning_rate': 0.03, 'min_child_samples': 60}",0,0.2637269984,0.5437538395,0.192519162,-0.0004237626794,0,0.01293894364,4.051369863e-05,False
2023-12-13,56,lightgbm,"{'num_leaves': 7, 'learning_rate': 0.03, 'min_child_samples': 60}",0,0.3015241021,0.4679383116,0.2305375863,-0.0004992278755,-1,-0.001037016317,4.03652968e-05,False
2023-12-14,56,lightgbm,"{'num_leaves': 7, 'learning_rate': 0.03, 'min_child_samples': 60}",0,0.2635509708,0.3735281812,0.362920848,0.0009814879611,1,-0.0003408031019,4.029109589e-05,False
2023-12-15,56,lightgbm,"{'num_leaves': 7, 'learning_rate': 0.03, 'min_child_samples': 60}",0,0.2957530164,0.2853267416,0.4189202419,0.001111637525,1,0.002101979429,4.03652968e-05,False
2023-12-18,56,lightgbm,"{'num_leaves': 7, 'learning_rate': 0.03, 'min_child_samples': 60}",0,0.2645827205,0.2821330693,0.4532842102,0.001715120011,1,0.00488857327,4.051369863e-05,False
2023-12-19,56,lightgbm,"{'num_leaves': 7, 'learning_rate': 0.03, 'min_child_samples': 60}",0,0.2645020373,0.4285098095,0.3069881532,0.000511044333,1,-0.012026293,4.029109589e-05,False
2023-12-20,57,lightgbm,"{'num_leaves': 7, 'learning_rate': 0.03, 'min_child_samples': 60}",0,0.2780484757,0.5374739903,0.1844775339,-0.000622324469,-1,0.002906722966,4.03652968e-05,False
2023-12-21,57,lightgbm,"{'num_leaves': 7, 'learning_rate': 0.03, 'min_child_samples': 60}",0,0.3098053305,0.5251421511,0.1650525184,-0.0011071939,-1,-0.0004431508728,4.021689498e-05,False
2023-12-22,57,lightgbm,"{'num_leaves': 7, 'learning_rate': 0.03, 'min_child_samples': 60}",0,0.2964505401,0.5162351092,0.1873143506,-0.0007877207153,-1,0.003332812786,4.03652968e-05,False
2023-12-26,57,lightgbm,"{'num_leaves': 7, 'learning_rate': 0.03, 'min_child_samples': 60}",0,0.3324684788,0.5107652775,0.1567662437,-0.001407490332,-1,0.002250562354,4.043949772e-05,False
2023-12-27,57,lightgbm,"{'num_leaves': 7, 'learning_rate': 0.03, 'min_child_samples': 60}",0,0.3211445687,0.5254112996,0.1534441317,-0.001318639638,-1,-0.000398428123,4.03652968e-05,False
2023-12-28,57,lightgbm,"{'num_leaves': 7, 'learning_rate': 0.03, 'min_child_samples': 60}",0,0.3471649057,0.4997395929,0.1530955015,-0.001588261434,-1,-0.002476426873,4.043949772e-05,False
2023-12-29,57,lightgbm,"{'num_leaves': 7, 'learning_rate': 0.03, 'min_child_samples': 60}",0,0.3318770089,0.4269091002,0.241213891,-0.0007089116535,-1,0.00103776311,4.006849315e-05,False
2024-01-02,57,lightgbm,"{'num_leaves': 7, 'learning_rate': 0.03, 'min_child_samples': 60}",0,0.2856922585,0.4399020697,0.2744056718,3.676854368e-05,0,-0.003486138392,4.051369863e-05,False
2024-01-03,57,lightgbm,"{'num_leaves': 7, 'learning_rate': 0.03, 'min_child_samples': 60}",0,0.221155816,0.3675413004,0.4113028836,0.00182103072,1,-0.00217806764,4.066210046e-05,False
2024-01-04,57,lightgbm,"{'num_leaves': 7, 'learning_rate': 0.03, 'min_child_samples': 60}",0,0.2793074695,0.4452583034,0.2754342271,0.0001106606688,0,0.0009198553124,4.066210046e-05,False
2024-01-05,57,lightgbm,"{'num_leaves': 7, 'learning_rate': 0.03, 'min_child_samples': 60}",0,0.2710385662,0.443394981,0.2855664528,0.000278523763,0,0.01317168752,4.058789954e-05,False
2024-01-08,57,lightgbm,"{'num_leaves': 7, 'learning_rate': 0.03, 'min_child_samples': 60}",0,0.2795788825,0.5535886732,0.1668324443,-0.0007827133014,-1,0.004259668484,4.073630137e-05,False
2024-01-09,57,lightgbm,"{'num_leaves': 7, 'learning_rate': 0.03, 'min_child_samples': 60}",0,0.3028316122,0.4925149035,0.2046534843,-0.0007109500783,-1,0.005061569703,4.058789954e-05,False
2024-01-10,57,lightgbm,"{'num_leaves': 7, 'learning_rate': 0.03, 'min_child_samples': 60}",0,0.2483927933,0.5439636809,0.2076435258,-0.000128318483,0,-0.002596348934,4.051369863e-05,False
2024-01-11,57,lightgbm,"{'num_leaves': 7, 'learning_rate': 0.03, 'min_child_samples': 60}",0,0.2923252116,0.4671045662,0.2405702223,-0.0003087014734,0,-0.002427598434,4.051369863e-05,False
2024-01-12,57,lightgbm,"{'num_leaves': 7, 'learning_rate': 0.03, 'min_child_samples': 60}",0,0.3179745858,0.3940906957,0.2879347186,-0.0001832475335,0,-0.0006943928303,4.043949772e-05,False
2024-01-16,57,lightgbm,"{'num_leaves': 7, 'learning_rate': 0.03, 'min_child_samples': 60}",0,0.2263270596,0.41297732,0.3606956204,0.001353008637,1,0.0009961452057,4.043949772e-05,False
2024-01-17,57,lightgbm,"{'num_leaves': 7, 'learning_rate': 0.03, 'min_child_samples': 60}",0,0.2742370137,0.444163952,0.2815990342,0.0002131980825,0,0.005231915763,4.058789954e-05,False
2024-01-18,57,lightgbm,"{'num_leaves': 7, 'learning_rate': 0.03, 'min_child_samples': 60}",0,0.2987335792,0.3795805176,0.3216859032,0.0002907903704,0,0.01000732512,4.043949772e-05,False
2024-01-19,57,lightgbm,"{'num_leaves': 7, 'learning_rate': 0.03, 'min_child_samples': 60}",0,0.2485344064,0.5462337935,0.2052318,-0.0001495477267,0,-0.001156995649,4.043949772e-05,False
2024-01-22,57,lightgbm,"{'num_leaves': 7, 'learning_rate': 0.03, 'min_child_samples': 60}",0,0.2637786369,0.6060414094,0.1301799537,-0.0009212973488,-1,0.001756111506,4.051369863e-05,False
2024-01-23,58,lightgbm,"{'num_leaves': 7, 'learning_rate': 0.03, 'min_child_samples': 60}",0,0.2304905108,0.6237199829,0.1457895063,-0.0004365701318,0,-0.004960912799,4.043949772e-05,False
2024-01-24,58,lightgbm,"{'num_leaves': 7, 'learning_rate': 0.03, 'min_child_samples': 60}",0,0.2769521009,0.4824625291,0.24058537,-0.0001360165423,0,0.0009229506221,4.03652968e-05,False
2024-01-25,58,lightgbm,"{'num_leaves': 7, 'learning_rate': 0.03, 'min_child_samples': 60}",0,0.2522372778,0.4946373842,0.2531253379,0.000218914965,0,-0.0003691475867,4.03652968e-05,False
2024-01-26,58,lightgbm,"{'num_leaves': 7, 'learning_rate': 0.03, 'min_child_samples': 60}",0,0.2641223158,0.5253850901,0.2104925942,-0.0002510285844,0,0.007258068749,4.03652968e-05,False
2024-01-29,58,lightgbm,"{'num_leaves': 7, 'learning_rate': 0.03, 'min_child_samples': 60}",0,0.2820539779,0.5486021973,0.1693438248,-0.000770591424,-1,0.0006727354247,4.021689498e-05,False
2024-01-30,58,lightgbm,"{'num_leaves': 7, 'learning_rate': 0.03, 'min_child_samples': 60}",0,0.3263157758,0.4820808333,0.1916033908,-0.001040628968,-1,-0.01174735011,4.021689498e-05,False
2024-01-31,58,lightgbm,"{'num_leaves': 7, 'learning_rate': 0.03, 'min_child_samples': 60}",0,0.2437171345,0.4009997064,0.3552831592,0.00114117106,1,0.009429889381,4.021689498e-05,False
2024-02-01,58,lightgbm,"{'num_leaves': 7, 'learning_rate': 0.03, 'min_child_samples': 60}",0,0.190580688,0.3830582636,0.4263610484,0.00226496982,1,0.009598718014,4.021689498e-05,False
2024-02-02,58,lightgbm,"{'num_leaves': 7, 'learning_rate': 0.03, 'min_child_samples': 60}",0,0.2973005384,0.5003626635,0.2023367981,-0.0006565491278,-1,-0.002329399358,4.029109589e-05,False
2024-02-05,58,lightgbm,"{'num_leaves': 7, 'learning_rate': 0.03, 'min_child_samples': 60}",0,0.1998465175,0.6629635073,0.1371899752,-0.0001939224637,0,0.0009321242379,4.021689498e-05,False
2024-02-06,58,lightgbm,"{'num_leaves': 7, 'learning_rate': 0.03, 'min_child_samples': 60}",0,0.240349263,0.6567379805,0.1029127565,-0.0008878148563,-1,0.003647056246,4.03652968e-05,False
2024-02-07,58,lightgbm,"{'num_leaves': 7, 'learning_rate': 0.03, 'min_child_samples': 60}",0,0.2180303355,0.5841947061,0.1977749584,0.0001157148767,0,0.0004416807419,4.029109589e-05,False
2024-02-08,58,lightgbm,"{'num_leaves': 7, 'learning_rate': 0.03, 'min_child_samples': 60}",0,0.2559886611,0.5741757233,0.1698356155,-0.0005003736713,-1,0.004731007632,4.03652968e-05,False
2024-02-09,58,lightgbm,"{'num_leaves': 7, 'learning_rate': 0.03, 'min_child_samples': 60}",0,0.2567069321,0.5720967359,0.1711963321,-0.0004965839252,-1,-0.0003791178792,4.03652968e-05,False
2024-02-12,58,lightgbm,"{'num_leaves': 7, 'learning_rate': 0.03, 'min_child_samples': 60}",0,0.2767847903,0.4532647706,0.269950439,0.0001057810125,0,-0.0009099797242,4.029109589e-05,False
2024-02-13,58,lightgbm,"{'num_leaves': 7, 'learning_rate': 0.03, 'min_child_samples': 60}",0,0.2796805265,0.4314502193,0.2888692541,0.0002308880413,0,0.003583000214,4.043949772e-05,False
2024-02-14,58,lightgbm,"{'num_leaves': 7, 'learning_rate': 0.03, 'min_child_samples': 60}",0,0.2818721435,0.5148009732,0.2033268833,-0.0004908888517,-1,0.005447738078,4.029109589e-05,False
2024-02-15,58,lightgbm,"{'num_leaves': 7, 'learning_rate': 0.03, 'min_child_samples': 60}",0,0.2331629761,0.6152077944,0.1516292295,-0.0004161175894,0,-0.004365163158,4.029109589e-05,False
2024-02-16,58,lightgbm,"{'num_leaves': 7, 'learning_rate': 0.03, 'min_child_samples': 60}",0,0.2762262453,0.5423464582,0.1814272965,-0.0006122801375,-1,-0.001928778223,4.03652968e-05,False
2024-02-20,58,lightgbm,"{'num_leaves': 7, 'learning_rate': 0.03, 'min_child_samples': 60}",0,0.2793051229,0.4474798047,0.2732150724,0.0001067332985,0,0.003613051509,4.03652968e-05,False
2024-02-21,58,lightgbm,"{'num_leaves': 7, 'learning_rate': 0.03, 'min_child_samples': 60}",0,0.2900647678,0.4227385277,0.2871967045,0.000111162287,0,0.006924446385,4.03652968e-05,False
2024-02-22,59,lightgbm,"{'num_leaves': 7, 'learning_rate': 0.03, 'min_child_samples': 60}",0,0.2191873226,0.6983288214,0.08248385604,-0.0008222473024,-1,-0.002788271234,4.043949772e-05,False
2024-02-23,59,lightgbm,"{'num_leaves': 7, 'learning_rate': 0.03, 'min_child_samples': 60}",0,0.2176225982,0.5960062533,0.1863711485,3.947011617e-05,0,-0.004544555619,4.051369863e-05,False
2024-02-26,59,lightgbm,"{'num_leaves': 7, 'learning_rate': 0.03, 'min_child_samples': 60}",0,0.242411873,0.5547946781,0.2027934489,-7.951859657e-05,0,0.0004538789774,4.058789954e-05,False
2024-02-27,59,lightgbm,"{'num_leaves': 7, 'learning_rate': 0.03, 'min_child_samples': 60}",0,0.2315794128,0.5857580947,0.1826624925,-0.0001329896463,0,0.001840427389,4.043949772e-05,False
2024-02-28,59,lightgbm,"{'num_leaves': 7, 'learning_rate': 0.03, 'min_child_samples': 60}",0,0.2354590203,0.5461859608,0.2183550189,0.0001180442489,0,1.964143767e-05,4.043949772e-05,False
2024-02-29,59,lightgbm,"{'num_leaves': 7, 'learning_rate': 0.03, 'min_child_samples': 60}",0,0.2549156972,0.477621848,0.2674624548,0.0003195089767,0,0.007603372463,4.043949772e-05,False
2024-03-01,59,lightgbm,"{'num_leaves': 7, 'learning_rate': 0.03, 'min_child_samples': 60}",0,0.2603896569,0.4814579934,0.2581523497,0.0001879154709,0,0.0005272317529,4.021689498e-05,False
2024-03-04,59,lightgbm,"{'num_leaves': 7, 'learning_rate': 0.03, 'min_child_samples': 60}",0,0.2883553248,0.5635509776,0.1480936975,-0.0009931585721,-1,-0.005997172995,4.066210046e-05,False
2024-03-05,59,lightgbm,"{'num_leaves': 7, 'learning_rate': 0.03, 'min_child_samples': 60}",0,0.2141282583,0.2874927472,0.4983789944,0.002615208642,1,-0.001566913892,4.058789954e-05,False
2024-03-06,59,lightgbm,"{'num_leaves': 7, 'learning_rate': 0.03, 'min_child_samples': 60}",0,0.2229278015,0.2902230748,0.4868491237,0.002431644701,1,0.003254439147,4.058789954e-05,False
2024-03-07,59,lightgbm,"{'num_leaves': 7, 'learning_rate': 0.03, 'min_child_samples': 60}",0,0.2560554072,0.5306132971,0.2133312958,-0.0001328012947,0,-0.007255695124,4.058789954e-05,False
2024-03-08,59,lightgbm,"{'num_leaves': 7, 'learning_rate': 0.03, 'min_child_samples': 60}",0,0.2195040935,0.4924410862,0.2880548203,0.0008481188524,1,0.001567128577,4.051369863e-05,False
2024-03-11,59,lightgbm,"{'num_leaves': 7, 'learning_rate': 0.03, 'min_child_samples': 60}",0,0.2571237183,0.3940980486,0.348778233,0.0009590101449,1,0.006485572137,4.066210046e-05,False
2024-03-12,59,lightgbm,"{'num_leaves': 7, 'learning_rate': 0.03, 'min_child_samples': 60}",0,0.2486254158,0.5935652627,0.1578093216,-0.0005090804237,-1,-0.002204588349,4.066210046e-05,False
2024-03-13,59,lightgbm,"{'num_leaves': 7, 'learning_rate': 0.03, 'min_child_samples': 60}",0,0.2325821225,0.4931636811,0.2742541964,0.0006024561003,1,-0.003907303505,4.066210046e-05,False
2024-03-14,59,lightgbm,"{'num_leaves': 7, 'learning_rate': 0.03, 'min_child_samples': 60}",0,0.2564818734,0.5101296435,0.2333884832,2.614123173e-05,0,-0.0007448008095,4.066210046e-05,False
2024-03-15,59,lightgbm,"{'num_leaves': 7, 'learning_rate': 0.03, 'min_child_samples': 60}",0,0.282431833,0.3606440221,0.3569241449,0.0007673529451,1,-0.002217927397,4.066210046e-05,False
2024-03-18,59,lightgbm,"{'num_leaves': 7, 'learning_rate': 0.03, 'min_child_samples': 60}",0,0.2475625736,0.4677925508,0.2846448756,0.0005343476038,1,0.006951083377,4.066210046e-05,False
2024-03-19,59,lightgbm,"{'num_leaves': 7, 'learning_rate': 0.03, 'min_child_samples': 60}",0,0.246777551,0.560657505,0.1925649441,-0.0002072918664,0,0.009131901278,4.066210046e-05,False
2024-03-20,59,lightgbm,"{'num_leaves': 7, 'learning_rate': 0.03, 'min_child_samples': 60}",0,0.1896547972,0.7175357539,0.0928094489,-0.0004371488781,0,-0.002273643836,4.058789954e-05,False
2024-03-21,59,lightgbm,"{'num_leaves': 7, 'learning_rate': 0.03, 'min_child_samples': 60}",0,0.2443441829,0.5941123069,0.1615435102,-0.0004350394838,0,-0.001723704713,4.066210046e-05,False
2024-03-22,60,random_forest,"{'max_depth': 3, 'min_samples_leaf': 20}",0,0.2156831984,0.5768048213,0.2075119803,0.0002278554168,0,-5.765349482e-05,4.051369863e-05,False
2024-03-25,60,random_forest,"{'max_depth': 3, 'min_samples_leaf': 20}",0,0.2195090409,0.5375133184,0.2429776407,0.0004781482279,1,-0.004642831445,4.051369863e-05,False
2024-03-26,60,random_forest,"{'max_depth': 3, 'min_samples_leaf': 20}",0,0.2240710237,0.5135809729,0.2623480034,0.0005897855458,1,0.002798414668,4.051369863e-05,False
2024-03-27,60,random_forest,"{'max_depth': 3, 'min_samples_leaf': 20}",0,0.2135099954,0.5204740165,0.2660159881,0.0007267524687,1,-0.0002676069132,4.043949772e-05,False
2024-03-28,60,random_forest,"{'max_depth': 3, 'min_samples_leaf': 20}",0,0.2182757449,0.5285701693,0.2531540858,0.000573599531,1,-0.003188140953,4.051369863e-05,False
2024-04-01,60,random_forest,"{'max_depth': 3, 'min_samples_leaf': 20}",0,0.2263008694,0.5253114484,0.2483876822,0.0004533887885,1,0.001157835559,4.03652968e-05,False
2024-04-02,60,random_forest,"{'max_depth': 3, 'min_samples_leaf': 20}",0,0.2540222023,0.4191960197,0.3267817779,0.0008113342585,1,0.003264317747,4.021689498e-05,False
2024-04-03,60,random_forest,"{'max_depth': 3, 'min_samples_leaf': 20}",0,0.2506593178,0.4339779674,0.3153627148,0.0007523511621,1,-0.01996105563,4.021689498e-05,False
2024-04-04,60,random_forest,"{'max_depth': 3, 'min_samples_leaf': 20}",0,0.2751194955,0.3247906147,0.4000898898,0.001194979486,1,0.007716771943,4.014269406e-05,False
2024-04-05,60,random_forest,"{'max_depth': 3, 'min_samples_leaf': 20}",0,0.2613083464,0.4239734532,0.3147182004,0.0006391363151,1,-0.0008283803296,4.029109589e-05,False
2024-04-08,60,random_forest,"{'max_depth': 3, 'min_samples_leaf': 20}",0,0.2590011603,0.4380031279,0.3029957117,0.0005669771774,1,-0.002267036973,4.029109589e-05,False
2024-04-09,60,random_forest,"{'max_depth': 3, 'min_samples_leaf': 20}",0,0.254017767,0.4651029444,0.2808792886,0.0004372291081,0,0.001246425657,4.029109589e-05,False
2024-04-10,60,random_forest,"{'max_depth': 3, 'min_samples_leaf': 20}",0,0.283682303,0.3341736876,0.3821440094,0.0009618920265,1,0.004498928386,4.043949772e-05,False
2024-04-11,60,random_forest,"{'max_depth': 3, 'min_samples_leaf': 20}",0,0.2617367918,0.4252982109,0.3129649973,0.0006205023547,1,-0.006843301673,4.043949772e-05,False
2024-04-12,60,random_forest,"{'max_depth': 3, 'min_samples_leaf': 20}",0,0.2696061355,0.3123467425,0.4180471219,0.001397243723,1,-0.02073261618,4.043949772e-05,False
2024-04-15,60,random_forest,"{'max_depth': 3, 'min_samples_leaf': 20}",0,0.2753595623,0.3115822249,0.4130582128,0.00129825015,1,-0.002792418133,4.043949772e-05,False
2024-04-16,60,random_forest,"{'max_depth': 3, 'min_samples_leaf': 20}",0,0.2788815238,0.3173930616,0.4037254147,0.001186472566,1,-0.01086849153,4.043949772e-05,False
2024-04-17,60,random_forest,"{'max_depth': 3, 'min_samples_leaf': 20}",0,0.272348906,0.3286149215,0.3990361725,0.001214479306,1,-0.004900637253,4.043949772e-05,False
2024-04-18,60,random_forest,"{'max_depth': 3, 'min_samples_leaf': 20}",0,0.2793802279,0.3355797314,0.3850400407,0.001029112584,1,-0.00856959545,4.051369863e-05,False
2024-04-19,60,random_forest,"{'max_depth': 3, 'min_samples_leaf': 20}",0,0.2713579577,0.3164968621,0.4121451802,0.001331376903,1,0.003796506199,4.043949772e-05,False
2024-04-22,60,random_forest,"{'max_depth': 3, 'min_samples_leaf': 20}",0,0.2715749185,0.3606919342,0.3677331473,0.0009671758807,1,0.007712533658,4.021689498e-05,False
2024-04-23,61,random_forest,"{'max_depth': 3, 'min_samples_leaf': 20}",0,0.2723128749,0.440526434,0.2871606911,0.0002769155649,0,-0.002270202886,4.043949772e-05,False
2024-04-24,61,random_forest,"{'max_depth': 3, 'min_samples_leaf': 20}",0,0.2763583945,0.4701824418,0.2534591636,-3.812861131e-05,0,0.008634155268,4.051369863e-05,False
2024-04-25,61,random_forest,"{'max_depth': 3, 'min_samples_leaf': 20}",0,0.2770915035,0.4316580165,0.29125048,0.0002616601431,0,0.003772101528,4.058789954e-05,False
2024-04-26,61,random_forest,"{'max_depth': 3, 'min_samples_leaf': 20}",0,0.2559268749,0.4949635438,0.2491095814,0.0001338944744,0,-5.881057432e-05,4.051369863e-05,False
2024-04-29,61,random_forest,"{'max_depth': 3, 'min_samples_leaf': 20}",0,0.2341296083,0.5734683593,0.1924020324,-0.0001058714834,0,-0.01293846652,4.043949772e-05,False
2024-04-30,61,random_forest,"{'max_depth': 3, 'min_samples_leaf': 20}",0,0.2697086434,0.4595011368,0.2707902198,0.000170262887,0,-0.002054327724,4.051369863e-05,False
2024-05-01,61,random_forest,"{'max_depth': 3, 'min_samples_leaf': 20}",0,0.2827177082,0.3363252388,0.380957053,0.0009338356307,1,0.001745522012,4.051369863e-05,False
2024-05-02,61,random_forest,"{'max_depth': 3, 'min_samples_leaf': 20}",0,0.24999173,0.4579798105,0.2920284595,0.0005430524684,1,0.0002543332234,4.051369863e-05,False
2024-05-03,61,random_forest,"{'max_depth': 3, 'min_samples_leaf': 20}",0,0.214346649,0.5937227016,0.1919306494,9.109697609e-05,0,0.005489065362,4.043949772e-05,False
2024-05-06,61,random_forest,"{'max_depth': 3, 'min_samples_leaf': 20}",0,0.2005233146,0.6588843465,0.140592339,-0.0001859558451,0,-0.0008114670981,4.043949772e-05,False
2024-05-07,61,random_forest,"{'max_depth': 3, 'min_samples_leaf': 20}",0,0.2079069566,0.6169148467,0.1751781967,2.026955083e-05,0,0.003745667326,4.043949772e-05,False
2024-05-08,61,random_forest,"{'max_depth': 3, 'min_samples_leaf': 20}",0,0.2088251212,0.6442971807,0.1468776981,-0.0002191229614,0,0.005392512378,4.043949772e-05,False
2024-05-09,61,random_forest,"{'max_depth': 3, 'min_samples_leaf': 20}",0,0.2087492392,0.6066411678,0.184609593,8.839412184e-05,0,-0.001858858043,4.051369863e-05,False
2024-05-10,61,random_forest,"{'max_depth': 3, 'min_samples_leaf': 20}",0,0.2111737102,0.6069926393,0.1818336505,4.121787652e-05,0,-0.003157578998,4.058789954e-05,False
2024-05-13,61,random_forest,"{'max_depth': 3, 'min_samples_leaf': 20}",0,0.213320629,0.5929436918,0.1937356792,0.0001161855159,0,0.004202572292,4.043949772e-05,False
2024-05-14,61,random_forest,"{'max_depth': 3, 'min_samples_leaf': 20}",0,0.2071698624,0.6090527618,0.1837773758,9.765945416e-05,0,0.007511956531,4.03652968e-05,False
2024-05-15,61,random_forest,"{'max_depth': 3, 'min_samples_leaf': 20}",0,0.2003083296,0.6463576174,0.153334053,-8.018811188e-05,0,-0.002245795952,4.043949772e-05,False
2024-05-16,61,random_forest,"{'max_depth': 3, 'min_samples_leaf': 20}",0,0.207338301,0.6365927333,0.1560689657,-0.0001293097341,0,0.001210292238,4.043949772e-05,False
2024-05-17,61,random_forest,"{'max_depth': 3, 'min_samples_leaf': 20}",0,0.2059898496,0.6301029267,0.1639072237,-5.19004601e-05,0,0.0009252605801,4.051369863e-05,False
2024-05-20,61,random_forest,"{'max_depth': 3, 'min_samples_leaf': 20}",0,0.2186048829,0.5590939315,0.2223011857,0.0002947767715,0,0.00392978381,4.043949772e-05,False
2024-05-21,61,random_forest,"{'max_depth': 3, 'min_samples_leaf': 20}",0,0.2210926624,0.5403119453,0.2385953923,0.0004019914534,0,-0.001545288402,4.043949772e-05,False
2024-05-22,62,random_forest,"{'max_depth': 3, 'min_samples_leaf': 20}",0,0.2066881347,0.5332426745,0.2600691909,0.0007286837893,1,-0.01313419345,4.043949772e-05,False
2024-05-23,62,random_forest,"{'max_depth': 3, 'min_samples_leaf': 20}",0,0.208351086,0.5206147274,0.2710341866,0.0008005404504,1,0.003012270448,4.051369863e-05,False
2024-05-24,62,random_forest,"{'max_depth': 3, 'min_samples_leaf': 20}",0,0.2027695916,0.5601362425,0.2370941659,0.0005825258562,1,-0.0008675241439,4.051369863e-05,False
2024-05-28,62,random_forest,"{'max_depth': 3, 'min_samples_leaf': 20}",0,0.2059365689,0.5402794424,0.2537839887,0.0006854497072,1,0.0007989327411,4.051369863e-05,False
2024-05-29,62,random_forest,"{'max_depth': 3, 'min_samples_leaf': 20}",0,0.230508323,0.5430612474,0.2264304295,0.0002148723907,0,-0.003641489587,4.051369863e-05,False
2024-05-30,62,random_forest,"{'max_depth': 3, 'min_samples_leaf': 20}",0,0.2636727889,0.3838835663,0.3524436448,0.0008981230302,1,0.007219328354,4.051369863e-05,False
2024-05-31,62,random_forest,"{'max_depth': 3, 'min_samples_leaf': 20}",0,0.2675945674,0.3490428365,0.383362596,0.001108527482,1,-0.002306210957,4.051369863e-05,False
2024-06-03,62,random_forest,"{'max_depth': 3, 'min_samples_leaf': 20}",0,0.2373812189,0.4263871188,0.3362316623,0.001033628826,1,0.003665981453,4.095890411e-05,False
2024-06-04,62,random_forest,"{'max_depth': 3, 'min_samples_leaf': 20}",0,0.1965177196,0.3890058885,0.4144763918,0.002081253324,1,0.007347746258,4.095890411e-05,False
2024-06-05,62,random_forest,"{'max_depth': 3, 'min_samples_leaf': 20}",0,0.1813536559,0.6047117406,0.2139346035,0.0006123586335,1,-0.0005981669149,4.08847032e-05,False
2024-06-06,62,random_forest,"{'max_depth': 3, 'min_samples_leaf': 20}",0,0.1805127873,0.6505876382,0.1688995745,0.0002564810027,0,0.0006559170647,4.08847032e-05,False
2024-06-07,62,random_forest,"{'max_depth': 3, 'min_samples_leaf': 20}",0,0.1936744018,0.6532723055,0.1530532926,-5.245470708e-06,0,0.004651300797,4.095890411e-05,False
2024-06-10,62,random_forest,"{'max_depth': 3, 'min_samples_leaf': 20}",0,0.2048419725,0.5920004926,0.2031575349,0.0002869019931,0,0.005392560625,4.095890411e-05,False
2024-06-11,62,random_forest,"{'max_depth': 3, 'min_samples_leaf': 20}",0,0.1966753801,0.6278257271,0.1754988929,0.0001459358234,0,-0.000498531275,4.095890411e-05,False
2024-06-12,62,random_forest,"{'max_depth': 3, 'min_samples_leaf': 20}",0,0.1949289895,0.6329442254,0.1721267851,0.0001363643891,0,-0.001288800895,4.08847032e-05,False
2024-06-13,62,random_forest,"{'max_depth': 3, 'min_samples_leaf': 20}",0,0.1947449028,0.6285337204,0.1767213768,0.0001754094132,0,0.003512839169,4.08847032e-05,False
2024-06-14,62,random_forest,"{'max_depth': 3, 'min_samples_leaf': 20}",0,0.1805727586,0.6253625691,0.1940646723,0.0004594994291,1,0.009260548873,4.08847032e-05,False
2024-06-17,62,random_forest,"{'max_depth': 3, 'min_samples_leaf': 20}",0,0.2060860201,0.5738295635,0.2200844164,0.0004112491771,0,0.002430764522,4.095890411e-05,False
2024-06-18,62,random_forest,"{'max_depth': 3, 'min_samples_leaf': 20}",0,0.2053442691,0.576864512,0.2177912189,0.0004002173777,0,-0.004440889667,4.081050228e-05,False
2024-06-20,62,random_forest,"{'max_depth': 3, 'min_samples_leaf': 20}",0,0.2194947302,0.482997687,0.2975075828,0.0009017184711,1,0.0002020305282,4.081050228e-05,False
2024-06-21,62,random_forest,"{'max_depth': 3, 'min_samples_leaf': 20}",0,0.216873738,0.5013284284,0.2817978336,0.0008011868439,1,-0.002921071544,4.073630137e-05,False
2024-06-24,63,random_forest,"{'max_depth': 3, 'min_samples_leaf': 20}",0,0.198825241,0.5670008199,0.2341739391,0.0006045799872,1,0.001544195416,4.081050228e-05,False
2024-06-25,63,random_forest,"{'max_depth': 3, 'min_samples_leaf': 20}",0,0.2042828538,0.5535606183,0.2421565279,0.0006135814542,1,0.003347509106,4.073630137e-05,False
2024-06-26,63,random_forest,"{'max_depth': 3, 'min_samples_leaf': 20}",0,0.2138466495,0.5225705732,0.2635827773,0.0006892434621,1,0.001833617597,4.081050228e-05,False
2024-06-27,63,random_forest,"{'max_depth': 3, 'min_samples_leaf': 20}",0,0.2054421682,0.5549107582,0.2396470736,0.0005816342476,1,-0.005373204581,4.073630137e-05,False
2024-06-28,63,random_forest,"{'max_depth': 3, 'min_samples_leaf': 20}",0,0.2267598565,0.4677008918,0.3055392518,0.0008962908243,1,-0.0005314553526,4.066210046e-05,False
2024-07-01,63,random_forest,"{'max_depth': 3, 'min_samples_leaf': 20}",0,0.2268808601,0.4862298871,0.2868892528,0.0007448972084,1,0.00976641061,4.058789954e-05,False
2024-07-02,63,random_forest,"{'max_depth': 3, 'min_samples_leaf': 20}",0,0.23164991,0.5016334443,0.2667166457,0.0005341691976,1,0.005048423509,2.185502283e-05,False
2024-07-03,63,random_forest,"{'max_depth': 3, 'min_samples_leaf': 20}",0,0.2004241624,0.5918882632,0.2076875744,0.0003751206006,0,0.005201433678,4.058789954e-05,False
2024-07-05,63,random_forest,"{'max_depth': 3, 'min_samples_leaf': 20}",0,0.1940626643,0.590673846,0.2152634897,0.0005005491815,1,-0.0002880115357,4.051369863e-05,False
2024-07-08,63,random_forest,"{'max_depth': 3, 'min_samples_leaf': 20}",0,0.2002736277,0.5814366348,0.2182897375,0.0004620128516,1,-0.0007910012912,4.051369863e-05,False
2024-07-09,63,random_forest,"{'max_depth': 3, 'min_samples_leaf': 20}",0,0.2136164563,0.4976059559,0.2887775878,0.000894441163,1,0.007629202819,4.051369863e-05,False
2024-07-10,63,random_forest,"{'max_depth': 3, 'min_samples_leaf': 20}",0,0.2003521486,0.5830689753,0.2165788761,0.0004474419045,1,-0.008834464885,4.051369863e-05,False
2024-07-11,63,random_forest,"{'max_depth': 3, 'min_samples_leaf': 20}",0,0.2059010093,0.4950931399,0.2990058508,0.001054938735,1,0.004232170607,4.03652968e-05,False
2024-07-12,63,random_forest,"{'max_depth': 3, 'min_samples_leaf': 20}",0,0.2100504729,0.5079275558,0.2820219712,0.0008761611185,1,-0.0008896322095,4.029109589e-05,False
2024-07-15,63,random_forest,"{'max_depth': 3, 'min_samples_leaf': 20}",0,0.2153752153,0.5111890411,0.2734357435,0.0007530976497,1,0.00353543493,4.029109589e-05,False
2024-07-16,63,random_forest,"{'max_depth': 3, 'min_samples_leaf': 20}",0,0.204598278,0.5692190528,0.2261826692,0.0004817668269,1,-0.003328534983,4.029109589e-05,False
2024-07-17,63,random_forest,"{'max_depth': 3, 'min_samples_leaf': 20}",0,0.2310507701,0.4420253006,0.3269239293,0.001025020803,1,-0.01047436319,4.029109589e-05,False
2024-07-18,63,random_forest,"{'max_depth': 3, 'min_samples_leaf': 20}",0,0.2640705755,0.3377925127,0.3981369118,0.001264003295,1,-0.006209030834,4.029109589e-05,False
2024-07-19,63,random_forest,"{'max_depth': 3, 'min_samples_leaf': 20}",0,0.2694911061,0.3091003975,0.4214084964,0.001396485943,1,0.002983769264,4.029109589e-05,False
2024-07-22,63,random_forest,"{'max_depth': 3, 'min_samples_leaf': 20}",0,0.2368334026,0.4226714462,0.3404951512,0.001075729707,1,-0.001370412926,4.029109589e-05,False
2024-07-23,63,random_forest,"{'max_depth': 3, 'min_samples_leaf': 20}",0,0.2408415616,0.4097743536,0.3493840848,0.001106708761,1,-0.01390155053,4.014269406e-05,False
2024-07-24,64,random_forest,"{'max_depth': 3, 'min_samples_leaf': 20}",0,0.2746218688,0.3104514399,0.4149266913,0.001279313819,1,-0.00543087214,4.006849315e-05,False
2024-07-25,64,random_forest,"{'max_depth': 3, 'min_samples_leaf': 20}",0,0.2784255421,0.3054610092,0.4161134487,0.001250303186,1,0.003983132401,3.999429224e-05,False
2024-07-26,64,random_forest,"{'max_depth': 3, 'min_samples_leaf': 20}",0,0.2642376142,0.3463295072,0.3894328786,0.001180413678,1,-0.002307625462,3.992009132e-05,False
2024-07-29,64,random_forest,"{'max_depth': 3, 'min_samples_leaf': 20}",0,0.2500663871,0.3598976475,0.3900359654,0.001328709848,1,-0.007798502008,4.014269406e-05,False
2024-07-30,64,random_forest,"{'max_depth': 3, 'min_samples_leaf': 20}",0,0.2479658414,0.3557624004,0.3962717582,0.001399881671,1,0.003333485837,4.006849315e-05,False
2024-07-31,64,random_forest,"{'max_depth': 3, 'min_samples_leaf': 20}",0,0.2417441883,0.4012567488,0.3569990629,0.001148565086,1,-0.01730097075,4.014269406e-05,False
2024-08-01,64,random_forest,"{'max_depth': 3, 'min_samples_leaf': 20}",0,0.2149191158,0.2362906861,0.5487901981,0.002955072411,1,-0.005319599898,3.984589041e-05,False
2024-08-02,64,random_forest,"{'max_depth': 3, 'min_samples_leaf': 20}",0,0.2223608204,0.1942903251,0.5833488545,0.003156310104,1,0.01121880633,3.925228311e-05,False
2024-08-05,64,random_forest,"{'max_depth': 3, 'min_samples_leaf': 20}",0,0.2343658592,0.1951783445,0.5704557964,0.00293158615,1,0.005643183788,3.969748858e-05,False
2024-08-06,64,random_forest,"{'max_depth': 3, 'min_samples_leaf': 20}",0,0.2260878771,0.2049866657,0.5689254572,0.00300314498,1,-0.01856301787,3.962328767e-05,False
2024-08-07,64,random_forest,"{'max_depth': 3, 'min_samples_leaf': 20}",0,0.2532107676,0.3353331035,0.4114561289,0.001468304559,1,0.01286490343,3.962328767e-05,False
2024-08-08,64,random_forest,"{'max_depth': 3, 'min_samples_leaf': 20}",0,0.2341755639,0.4410132483,0.3248111878,0.0009675860096,1,0.006002138,3.962328767e-05,False
2024-08-09,64,random_forest,"{'max_depth': 3, 'min_samples_leaf': 20}",0,0.2384980358,0.4421391535,0.3193628107,0.0008802211866,1,-0.001759612217,3.954908676e-05,False
2024-08-12,64,random_forest,"{'max_depth': 3, 'min_samples_leaf': 20}",0,0.2409593976,0.5057665878,0.2532740146,0.0003263848618,0,0.01026959984,3.954908676e-05,False
2024-08-13,64,random_forest,"{'max_depth': 3, 'min_samples_leaf': 20}",0,0.2139256558,0.5729156916,0.2131586527,0.0002790260117,0,0.001657961524,3.947488584e-05,False
2024-08-14,64,random_forest,"{'max_depth': 3, 'min_samples_leaf': 20}",0,0.1839894714,0.6263919247,0.1896186039,0.0003937059582,0,0.006496828769,3.947488584e-05,False
2024-08-15,64,random_forest,"{'max_depth': 3, 'min_samples_leaf': 20}",0,0.1638642699,0.6876875647,0.1484481654,0.0002679610853,0,0.005241040793,3.962328767e-05,False
2024-08-16,64,random_forest,"{'max_depth': 3, 'min_samples_leaf': 20}",0,0.1633781194,0.6844702513,0.1521516293,0.000302522193,0,0.008797081628,3.954908676e-05,False
2024-08-19,64,random_forest,"{'max_depth': 3, 'min_samples_leaf': 20}",0,0.1525629638,0.7098547272,0.137582309,0.0002954146721,0,-0.0008048148861,3.940068493e-05,False
2024-08-20,64,random_forest,"{'max_depth': 3, 'min_samples_leaf': 20}",0,0.1807426747,0.6327507842,0.1865065411,0.0004016702916,0,0.001518437233,3.925228311e-05,False
2024-08-21,64,random_forest,"{'max_depth': 3, 'min_samples_leaf': 20}",0,0.1690936964,0.6600501786,0.1708561251,0.000394352242,0,-0.01126995676,3.902968037e-05,False
2024-08-22,65,random_forest,"{'max_depth': 3, 'min_samples_leaf': 20}",0,0.2066531228,0.5439049374,0.2494419398,0.0006453614974,1,0.0046467133,3.917808219e-05,False
2024-08-23,65,random_forest,"{'max_depth': 3, 'min_samples_leaf': 20}",0,0.1979170957,0.5663065524,0.2357763519,0.0006243819718,1,-0.00424378471,3.895547945e-05,False
2024-08-26,65,random_forest,"{'max_depth': 3, 'min_samples_leaf': 20}",0,0.2019684185,0.5626089321,0.2354226494,0.0005804572194,1,0.003699811284,3.888127854e-05,False
2024-08-27,65,random_forest,"{'max_depth': 3, 'min_samples_leaf': 20}",0,0.1843779422,0.6034495039,0.2121725539,0.0005724241831,1,-0.005185285486,3.880707763e-05,False
2024-08-28,65,random_forest,"{'max_depth': 3, 'min_samples_leaf': 20}",0,0.2224472458,0.5200344596,0.2575182946,0.0005499394053,1,-0.0034981028,3.86586758e-05,False
2024-08-29,65,random_forest,"{'max_depth': 3, 'min_samples_leaf': 20}",0,0.2025884637,0.5577529104,0.2396586259,0.0006081357661,1,0.005189245188,3.873287671e-05,False
2024-08-30,65,random_forest,"{'max_depth': 3, 'min_samples_leaf': 20}",0,0.1957330577,0.5728993801,0.2313675621,0.0006111797026,1,-0.01496949701,3.86586758e-05,False
2024-09-03,65,random_forest,"{'max_depth': 3, 'min_samples_leaf': 20}",0,0.2823179154,0.3971409528,0.3205411318,0.0004480925856,1,0.001363140682,3.851027397e-05,False
2024-09-04,65,random_forest,"{'max_depth': 3, 'min_samples_leaf': 20}",0,0.2560212754,0.4368728023,0.3071059223,0.0006070601339,1,-0.002323565952,3.843607306e-05,False
2024-09-05,65,random_forest,"{'max_depth': 3, 'min_samples_leaf': 20}",0,0.269110466,0.3873951054,0.3434944286,0.0007660982459,1,-0.01742011317,3.821347032e-05,False
2024-09-06,65,random_forest,"{'max_depth': 3, 'min_samples_leaf': 20}",0,0.292579678,0.326466829,0.3809534931,0.0008284466706,1,0.003231338735,3.806506849e-05,False
2024-09-09,65,random_forest,"{'max_depth': 3, 'min_samples_leaf': 20}",0,0.2444262878,0.3144736328,0.4411000794,0.001799116068,1,0.0007841428882,3.791666667e-05,False
2024-09-10,65,random_forest,"{'max_depth': 3, 'min_samples_leaf': 20}",0,0.2500625076,0.3369175333,0.4130199591,0.001516787336,1,0.01042458645,3.75456621e-05,False
2024-09-11,65,random_forest,"{'max_depth': 3, 'min_samples_leaf': 20}",0,0.2354886904,0.4852135878,0.2792977218,0.0005923158661,1,0.007351249477,3.784246575e-05,False
2024-09-12,65,random_forest,"{'max_depth': 3, 'min_samples_leaf': 20}",0,0.1814664826,0.5936875083,0.2248460091,0.0007035769012,1,0.004109248873,3.75456621e-05,False
2024-09-13,65,random_forest,"{'max_depth': 3, 'min_samples_leaf': 20}",0,0.1580254534,0.651616458,0.1903580885,0.0006647673721,1,0.00195826653,3.687785388e-05,False
2024-09-16,65,random_forest,"{'max_depth': 3, 'min_samples_leaf': 20}",0,0.1593273015,0.6443050001,0.1963676984,0.0006997533154,1,-0.003592228619,3.680365297e-05,False
2024-09-17,65,random_forest,"{'max_depth': 3, 'min_samples_leaf': 20}",0,0.1879217393,0.5965302159,0.2155480448,0.0005635500569,1,-0.004150789254,3.672945205e-05,False
2024-09-18,65,random_forest,"{'max_depth': 3, 'min_samples_leaf': 20}",0,0.2313830581,0.5069749,0.2616420419,0.0004923795069,1,-5.258971867e-05,3.591324201e-05,False
2024-09-19,65,random_forest,"{'max_depth': 3, 'min_samples_leaf': 20}",0,0.178711334,0.6239682906,0.1973203754,0.0005107996915,1,0.0007219869781,3.561643836e-05,False
2024-09-20,65,random_forest,"{'max_depth': 3, 'min_samples_leaf': 20}",0,0.1845568184,0.6089868061,0.2064563755,0.0005247736748,1,0.0005795413384,3.524543379e-05,False
2024-09-23,66,random_forest,"{'max_depth': 3, 'min_samples_leaf': 20}",0,0.1674800605,0.6555072892,0.1770126503,0.0004550179086,1,0.001437398972,3.502283105e-05,False
2024-09-24,66,random_forest,"{'max_depth': 3, 'min_samples_leaf': 20}",0,0.184706419,0.6050984607,0.2101951203,0.0005462608566,1,-0.001926036653,3.480022831e-05,False
2024-09-25,66,random_forest,"{'max_depth': 3, 'min_samples_leaf': 20}",0,0.1957829538,0.5838230913,0.2203939549,0.000515702147,1,-0.003621325625,3.480022831e-05,False
2024-09-26,66,random_forest,"{'max_depth': 3, 'min_samples_leaf': 20}",0,0.1934122438,0.5864383305,0.2201494258,0.0005377715373,1,-0.003348582859,3.47260274e-05,False
2024-09-27,66,random_forest,"{'max_depth': 3, 'min_samples_leaf': 20}",0,0.2092386612,0.5637909272,0.2269704117,0.0004320085382,0,0.005855381841,3.47260274e-05,False
2024-09-30,66,random_forest,"{'max_depth': 3, 'min_samples_leaf': 20}",0,0.2002012479,0.5719149961,0.227883756,0.0005309248977,1,-0.008336290691,3.509703196e-05,False
2024-10-01,66,random_forest,"{'max_depth': 3, 'min_samples_leaf': 20}",0,0.2362280965,0.5042658615,0.2595060421,0.0004191152352,0,0.002025617556,3.494863014e-05,False
2024-10-02,66,random_forest,"{'max_depth': 3, 'min_samples_leaf': 20}",0,0.231645417,0.5215839221,0.2467706609,0.0003635336394,0,0.0008108113381,3.480022831e-05,False
2024-10-03,66,random_forest,"{'max_depth': 3, 'min_samples_leaf': 20}",0,0.3082462605,0.4201797218,0.2715740176,-0.0002141454043,0,0.001100733568,3.47260274e-05,False
2024-10-04,66,random_forest,"{'max_depth': 3, 'min_samples_leaf': 20}",0,0.2222507074,0.5487883389,0.2289609537,0.0003160716063,0,-0.006126378605,3.509703196e-05,False
2024-10-07,66,random_forest,"{'max_depth': 3, 'min_samples_leaf': 20}",0,0.3018706867,0.4311020148,0.2670272985,-0.0001859515499,0,0.004821009187,3.539383562e-05,False
2024-10-08,66,random_forest,"{'max_depth': 3, 'min_samples_leaf': 20}",0,0.2191456745,0.5523186915,0.2285356341,0.0003441353543,0,0.006944032426,3.524543379e-05,False
2024-10-09,66,random_forest,"{'max_depth': 3, 'min_samples_leaf': 20}",0,0.2053989786,0.5695219793,0.2250790422,0.0004557730976,1,0.0006252241783,3.524543379e-05,False
2024-10-10,66,random_forest,"{'max_depth': 3, 'min_samples_leaf': 20}",0,0.2037128125,0.5874474484,0.2088397391,0.0003427620812,0,0.006127991251,3.524543379e-05,False
2024-10-11,66,random_forest,"{'max_depth': 3, 'min_samples_leaf': 20}",0,0.1945179569,0.6017594839,0.2037225592,0.0003949606406,0,0.005333671842,3.509703196e-05,False
2024-10-14,66,random_forest,"{'max_depth': 3, 'min_samples_leaf': 20}",0,0.181364401,0.631939027,0.186696572,0.0003918753349,0,-0.008227984228,3.509703196e-05,False
2024-10-15,66,random_forest,"{'max_depth': 3, 'min_samples_leaf': 20}",0,0.2131126539,0.5545078102,0.2323795359,0.0004360787305,1,0.004346404433,3.509703196e-05,False
2024-10-16,66,random_forest,"{'max_depth': 3, 'min_samples_leaf': 20}",0,0.2117781944,0.5568211004,0.2314007052,0.0004417622979,1,-0.006076014616,3.502283105e-05,False
2024-10-17,66,random_forest,"{'max_depth': 3, 'min_samples_leaf': 20}",0,0.2107670712,0.5561554503,0.2330774785,0.0004654440558,1,0.0008903376154,3.517123288e-05,False
2024-10-18,66,random_forest,"{'max_depth': 3, 'min_samples_leaf': 20}",0,0.2000360587,0.5817053467,0.2182585946,0.0004554871696,1,-0.0003767589767,3.509703196e-05,False
2024-10-21,66,random_forest,"{'max_depth': 3, 'min_samples_leaf': 20}",0,0.2181576392,0.5480319662,0.2338103946,0.0003964083894,0,0.003906754357,3.509703196e-05,False
2024-10-22,67,random_forest,"{'max_depth': 3, 'min_samples_leaf': 20}",0,0.2271198607,0.5310598795,0.2418202598,0.0003702455074,0,-0.005625743144,3.502283105e-05,False
2024-10-23,67,random_forest,"{'max_depth': 3, 'min_samples_leaf': 20}",0,0.2975672282,0.4265239249,0.2759088469,-7.081234833e-05,0,-0.00127588932,3.509703196e-05,False
2024-10-24,67,random_forest,"{'max_depth': 3, 'min_samples_leaf': 20}",0,0.2728743999,0.4589641438,0.2681614563,0.0001172699993,0,-0.004247617039,3.487442922e-05,False
2024-10-25,67,random_forest,"{'max_depth': 3, 'min_samples_leaf': 20}",0,0.2887665734,0.4349584605,0.2762749661,2.114745965e-05,0,-0.003003879131,3.509703196e-05,False
2024-10-28,67,random_forest,"{'max_depth': 3, 'min_samples_leaf': 20}",0,0.2475554462,0.5111607876,0.2412837662,0.0001592099477,0,0.003311277154,3.487442922e-05,False
2024-10-29,67,random_forest,"{'max_depth': 3, 'min_samples_leaf': 20}",0,0.239387048,0.5059856705,0.2546272815,0.0003482086463,0,-0.002201944465,3.487442922e-05,False
2024-10-30,67,random_forest,"{'max_depth': 3, 'min_samples_leaf': 20}",0,0.2523465677,0.4892875629,0.2583658694,0.0002468874366,0,-0.01202304359,3.465182648e-05,False
2024-10-31,67,random_forest,"{'max_depth': 3, 'min_samples_leaf': 20}",0,0.3185182621,0.3782341824,0.3032475555,-6.488481964e-05,0,-0.0004901443615,3.442922374e-05,False
2024-11-01,67,random_forest,"{'max_depth': 3, 'min_samples_leaf': 20}",0,0.3268988045,0.3725347793,0.3005664162,-0.0001710458664,0,-0.002398534847,3.4206621e-05,False
2024-11-04,67,random_forest,"{'max_depth': 3, 'min_samples_leaf': 20}",0,0.2958980623,0.41643761,0.2876643277,3.97722322e-05,0,0.01044262193,3.450342466e-05,False
2024-11-05,67,random_forest,"{'max_depth': 3, 'min_samples_leaf': 20}",0,0.2393178958,0.5235704472,0.237111657,0.0002093007081,0,0.003122820527,3.442922374e-05,False
2024-11-06,67,random_forest,"{'max_depth': 3, 'min_samples_leaf': 20}",0,0.1787671194,0.6218927786,0.199340102,0.0005208736803,1,0.004265812689,3.442922374e-05,False
2024-11-07,67,random_forest,"{'max_depth': 3, 'min_samples_leaf': 20}",0,0.1668440925,0.6397097725,0.193446135,0.0005945286872,1,0.003388328037,3.435502283e-05,False
2024-11-08,67,random_forest,"{'max_depth': 3, 'min_samples_leaf': 20}",0,0.1746611033,0.6284375443,0.1969013525,0.0005429788278,1,-0.001750533886,3.435502283e-05,False
2024-11-11,67,random_forest,"{'max_depth': 3, 'min_samples_leaf': 20}",0,0.182450406,0.6143457805,0.2032038134,0.0005144031501,1,-0.002973154698,3.435502283e-05,False
2024-11-12,67,random_forest,"{'max_depth': 3, 'min_samples_leaf': 20}",0,0.1898356465,0.5869320095,0.223232344,0.0005993187162,1,-0.0003013085622,3.435502283e-05,False
2024-11-13,67,random_forest,"{'max_depth': 3, 'min_samples_leaf': 20}",0,0.1913989885,0.5790071722,0.2295938394,0.000634205467,1,-0.006646406757,3.413242009e-05,False
2024-11-14,67,random_forest,"{'max_depth': 3, 'min_samples_leaf': 20}",0,0.2060471823,0.5535636079,0.2403892097,0.000572044702,1,-0.006731959065,3.4206621e-05,False
2024-11-15,67,random_forest,"{'max_depth': 3, 'min_samples_leaf': 20}",0,0.2835798533,0.4386211767,0.2777989701,8.577172886e-05,0,0.003292371183,3.413242009e-05,False
2024-11-18,67,random_forest,"{'max_depth': 3, 'min_samples_leaf': 20}",0,0.2557559513,0.4810282591,0.2632157895,0.0002510486908,0,0.009560236071,3.435502283e-05,False
2024-11-19,67,random_forest,"{'max_depth': 3, 'min_samples_leaf': 20}",0,0.2535216528,0.4816471335,0.2648312137,0.0002865301451,0,0.0002032505598,3.428082192e-05,False
2024-11-20,68,random_forest,"{'max_depth': 3, 'min_samples_leaf': 20}",0,0.2510519513,0.4655014408,0.2834466079,0.0004533990472,1,0.0004549350092,3.428082192e-05,False
2024-11-21,68,random_forest,"{'max_depth': 3, 'min_samples_leaf': 20}",0,0.2185653183,0.542065963,0.2393687187,0.0004286618461,0,0.003116323553,3.435502283e-05,False
2024-11-22,68,random_forest,"{'max_depth': 3, 'min_samples_leaf': 20}",0,0.2097597267,0.5554098563,0.234830417,0.0004811039255,1,-0.003319305708,3.435502283e-05,False
2024-11-25,68,random_forest,"{'max_depth': 3, 'min_samples_leaf': 20}",0,0.1940400962,0.5775202984,0.2284396053,0.0005883810469,1,0.00308957358,3.428082192e-05,False
2024-11-26,68,random_forest,"{'max_depth': 3, 'min_samples_leaf': 20}",0,0.1900179713,0.590223866,0.2197581626,0.0005595793873,1,-0.002714593411,3.4206621e-05,False
2024-11-27,68,random_forest,"{'max_depth': 3, 'min_samples_leaf': 20}",0,0.2009982509,0.5506686407,0.2483331083,0.0006771231717,1,0.004819422279,1.837899543e-05,False
2024-11-29,68,random_forest,"{'max_depth': 3, 'min_samples_leaf': 20}",0,0.1896767676,0.5639552627,0.2463679697,0.000775441601,1,0.001094638554,3.398401826e-05,False
2024-12-02,68,random_forest,"{'max_depth': 3, 'min_samples_leaf': 20}",0,0.1960963503,0.5402936552,0.2636099945,0.000848440314,1,0.0008617285901,3.346461187e-05,False
2024-12-03,68,random_forest,"{'max_depth': 3, 'min_samples_leaf': 20}",0,0.1937669572,0.5803525611,0.2258804818,0.0005707020226,1,0.003351829122,3.331621005e-05,False
2024-12-04,68,random_forest,"{'max_depth': 3, 'min_samples_leaf': 20}",0,0.1977633255,0.5530365974,0.2492000771,0.0007166195501,1,-0.001645657099,3.316780822e-05,False
2024-12-05,68,random_forest,"{'max_depth': 3, 'min_samples_leaf': 20}",0,0.2002925428,0.5674475171,0.2322599401,0.0005559173331,1,0.0006091055858,3.309360731e-05,False
2024-12-06,68,random_forest,"{'max_depth': 3, 'min_samples_leaf': 20}",0,0.2055348837,0.541607949,0.2528571674,0.0006675553602,1,-0.004953199544,3.279680365e-05,False
2024-12-09,68,random_forest,"{'max_depth': 3, 'min_samples_leaf': 20}",0,0.2191024947,0.5306348022,0.250262703,0.0005102193101,1,-0.004245349753,3.279680365e-05,False
2024-12-10,68,random_forest,"{'max_depth': 3, 'min_samples_leaf': 20}",0,0.2292897559,0.5120008734,0.2587093707,0.0004750644839,1,0.00277327188,3.272260274e-05,False
2024-12-11,68,random_forest,"{'max_depth': 3, 'min_samples_leaf': 20}",0,0.2180975639,0.5312062836,0.2506961525,0.0005237990889,1,-0.003709320979,3.25e-05,False
2024-12-12,68,random_forest,"{'max_depth': 3, 'min_samples_leaf': 20}",0,0.2282490503,0.5166326213,0.2551183284,0.0004568769567,1,-0.003611481357,3.227739726e-05,False
2024-12-13,68,random_forest,"{'max_depth': 3, 'min_samples_leaf': 20}",0,0.2349589662,0.511642989,0.2533980448,0.0003755757699,0,0.001303594043,3.220319635e-05,False
2024-12-16,68,random_forest,"{'max_depth': 3, 'min_samples_leaf': 20}",0,0.2408781645,0.4948338897,0.2642879458,0.0004029042416,0,0.0001654703965,3.242579909e-05,False
2024-12-17,68,random_forest,"{'max_depth': 3, 'min_samples_leaf': 20}",0,0.2557060529,0.4811635848,0.2631303623,0.0002443479626,0,-0.02930552623,3.25e-05,False
2024-12-18,68,random_forest,"{'max_depth': 3, 'min_samples_leaf': 20}",0,0.3169956933,0.3755313396,0.307472967,-1.884486936e-05,0,-0.008894767759,3.235159817e-05,False
2024-12-19,68,random_forest,"{'max_depth': 3, 'min_samples_leaf': 20}",0,0.3340535779,0.3615095722,0.3044368499,-0.000214853326,0,0.01612321804,3.227739726e-05,False
2024-12-20,69,random_forest,"{'max_depth': 3, 'min_samples_leaf': 20}",0,0.3081212162,0.3713853617,0.3204934222,0.0001634901022,0,0.006430956132,3.220319635e-05,False
2024-12-23,69,random_forest,"{'max_depth': 3, 'min_samples_leaf': 20}",0,0.2893081046,0.4210189021,0.2896729933,0.0001069314939,0,0.008791044944,1.742009132e-05,False
2024-12-24,69,random_forest,"{'max_depth': 3, 'min_samples_leaf': 20}",0,0.2054640339,0.5644111204,0.2301248457,0.0004752380949,1,0.003069269251,3.264840183e-05,False
2024-12-26,69,random_forest,"{'max_depth': 3, 'min_samples_leaf': 20}",0,0.2112088785,0.5574294966,0.2313616249,0.0004273322901,0,-0.004233973214,3.227739726e-05,False
2024-12-27,69,random_forest,"{'max_depth': 3, 'min_samples_leaf': 20}",0,0.2694328275,0.4506030524,0.2799641201,0.0002293761887,0,0.0005612548652,3.198059361e-05,False
2024-12-30,69,random_forest,"{'max_depth': 3, 'min_samples_leaf': 20}",0,0.2903815418,0.4006261455,0.3089923128,0.0002501709421,0,-0.006492441552,3.242579909e-05,False
2024-12-31,69,random_forest,"{'max_depth': 3, 'min_samples_leaf': 20}",0,0.2870874086,0.4010025651,0.3119100263,0.0003065577263,0,-0.008059179659,3.242579909e-05,False
2025-01-02,69,random_forest,"{'max_depth': 3, 'min_samples_leaf': 20}",0,0.2833452638,0.4082548665,0.3083998698,0.0003161999214,0,0.007522990528,3.235159817e-05,False
2025-01-03,69,random_forest,"{'max_depth': 3, 'min_samples_leaf': 20}",0,0.2329775271,0.5274685975,0.2395538754,0.0002737569406,0,-0.001526211471,3.220319635e-05,False
2025-01-06,69,random_forest,"{'max_depth': 3, 'min_samples_leaf': 20}",0,0.2228088375,0.5513392477,0.2258519148,0.0002667611302,0,-0.01471323069,3.227739726e-05,False
2025-01-07,69,random_forest,"{'max_depth': 3, 'min_samples_leaf': 20}",0,0.2779238323,0.4531817722,0.2688943955,5.573668821e-05,0,0.001341902596,3.227739726e-05,False
2025-01-08,69,random_forest,"{'max_depth': 3, 'min_samples_leaf': 20}",0,0.2853148195,0.4390358938,0.2756492868,3.527427966e-05,0,-0.009199861004,3.227739726e-05,False
2025-01-10,69,random_forest,"{'max_depth': 3, 'min_samples_leaf': 20}",0,0.3100295703,0.3771370613,0.3128333684,8.32271059e-05,0,0.009760833197,3.235159817e-05,False
2025-01-13,69,random_forest,"{'max_depth': 3, 'min_samples_leaf': 20}",0,0.3174193228,0.3847994973,0.2977811799,-0.0001110911249,0,-0.003713435234,3.242579909e-05,False
2025-01-14,69,random_forest,"{'max_depth': 3, 'min_samples_leaf': 20}",0,0.3121988097,0.3886919293,0.299109261,-4.800800174e-05,0,0.004150241523,3.235159817e-05,False
2025-01-15,69,random_forest,"{'max_depth': 3, 'min_samples_leaf': 20}",0,0.1928742142,0.596411565,0.2107142208,0.0004470724145,1,-0.004257987281,3.227739726e-05,False
2025-01-16,69,random_forest,"{'max_depth': 3, 'min_samples_leaf': 20}",0,0.2092725479,0.5711799268,0.2195475254,0.0003526088273,0,0.001038587491,3.220319635e-05,False
2025-01-17,69,random_forest,"{'max_depth': 3, 'min_samples_leaf': 20}",0,0.1774539508,0.6148976089,0.2076484403,0.0005776856953,1,0.003962250271,3.220319635e-05,False
2025-01-21,69,random_forest,"{'max_depth': 3, 'min_samples_leaf': 20}",0,0.1588946734,0.6521327895,0.1889725371,0.0006154032041,1,0.0008582314703,3.235159817e-05,False
2025-01-22,69,random_forest,"{'max_depth': 3, 'min_samples_leaf': 20}",0,0.1634292611,0.6507962067,0.1857745322,0.0005443083938,1,0.006520323964,3.235159817e-05,False
2025-01-23,69,random_forest,"{'max_depth': 3, 'min_samples_leaf': 20}",0,0.1552555249,0.6757128497,0.1690316254,0.0004930070242,1,-0.003017377406,3.235159817e-05,False
2025-01-24,70,random_forest,"{'max_depth': 3, 'min_samples_leaf': 20}",0,0.1786380814,0.6300163914,0.1913455271,0.0004329032698,1,0.007666309489,3.227739726e-05,False
2025-01-27,70,random_forest,"{'max_depth': 3, 'min_samples_leaf': 20}",0,0.2109585178,0.5412948912,0.2477465911,0.000557789318,1,0.006493330966,3.205479452e-05,False
2025-01-28,70,random_forest,"{'max_depth': 3, 'min_samples_leaf': 20}",0,0.1925905926,0.5869370804,0.2204723269,0.0005249042905,1,-0.003163673876,3.198059361e-05,False
2025-01-29,70,random_forest,"{'max_depth': 3, 'min_samples_leaf': 20}",0,0.2048925045,0.5642905008,0.2308169947,0.0004837866731,1,0.001788124928,3.198059361e-05,False
2025-01-30,70,random_forest,"{'max_depth': 3, 'min_samples_leaf': 20}",0,0.1960784292,0.5808419832,0.2230795876,0.0005106510529,1,-0.009349782166,3.190639269e-05,False
2025-01-31,70,random_forest,"{'max_depth': 3, 'min_samples_leaf': 20}",0,0.2204936266,0.5219744867,0.2575318867,0.0005400046535,1,0.008605188008,3.198059361e-05,False
2025-02-03,70,random_forest,"{'max_depth': 3, 'min_samples_leaf': 20}",0,0.2457266879,0.4653387913,0.2889345208,0.0005368366076,1,0.006607249582,3.220319635e-05,False
2025-02-04,70,random_forest,"{'max_depth': 3, 'min_samples_leaf': 20}",0,0.224227612,0.493412412,0.2823599759,0.00070038437,1,0.005960235796,3.212899543e-05,False
2025-02-05,70,random_forest,"{'max_depth': 3, 'min_samples_leaf': 20}",0,0.1975947865,0.5663514291,0.2360537845,0.0005988274355,1,0.0005445916828,3.212899543e-05,False
2025-02-06,70,random_forest,"{'max_depth': 3, 'min_samples_leaf': 20}",0,0.1878842308,0.5873147423,0.2248010269,0.0006066783568,1,-0.01008419144,3.220319635e-05,False
2025-02-07,70,random_forest,"{'max_depth': 3, 'min_samples_leaf': 20}",0,0.2164812671,0.5170198895,0.2664988434,0.0006517758128,1,0.001357459534,3.227739726e-05,False
2025-02-10,70,random_forest,"{'max_depth': 3, 'min_samples_leaf': 20}",0,0.2086615086,0.5565900395,0.2347484519,0.0004772634042,1,0.004580549036,3.227739726e-05,False
2025-02-11,70,random_forest,"{'max_depth': 3, 'min_samples_leaf': 20}",0,0.2110688053,0.5426238915,0.2463073032,0.0005452100548,1,0.006942545205,3.227739726e-05,False
2025-02-12,70,random_forest,"{'max_depth': 3, 'min_samples_leaf': 20}",0,0.2186334485,0.5325533653,0.2488131861,0.0004891991355,1,0.008685151226,3.227739726e-05,False
2025-02-13,70,random_forest,"{'max_depth': 3, 'min_samples_leaf': 20}",0,0.1878268668,0.5926751219,0.2194980113,0.0005649882269,1,-0.0003934653563,3.220319635e-05,False
2025-02-14,70,random_forest,"{'max_depth': 3, 'min_samples_leaf': 20}",0,0.1985221937,0.5744160634,0.227061743,0.0005178432927,1,0.0009985354731,3.220319635e-05,False
2025-02-18,70,random_forest,"{'max_depth': 3, 'min_samples_leaf': 20}",0,0.1738748536,0.6323517054,0.1937734411,0.0005000988017,1,0.004671478255,3.220319635e-05,False
2025-02-19,70,random_forest,"{'max_depth': 3, 'min_samples_leaf': 20}",0,0.1914815398,0.5851645461,0.223353914,0.000559011174,1,-0.001896806743,3.220319635e-05,False
2025-02-20,70,random_forest,"{'max_depth': 3, 'min_samples_leaf': 20}",0,0.2113462785,0.5284816654,0.2601720561,0.0006529284156,1,-0.0167496577,3.212899543e-05,False
2025-02-21,70,random_forest,"{'max_depth': 3, 'min_samples_leaf': 20}",0,0.2539452945,0.41249734,0.3335573656,0.0008099393528,1,-0.007989763485,3.205479452e-05,False
2025-02-24,70,random_forest,"{'max_depth': 3, 'min_samples_leaf': 20}",0,0.2527415057,0.4202809705,0.3269775238,0.0007695879267,1,-0.004873204611,3.198059361e-05,False
2025-02-25,71,random_forest,"{'max_depth': 3, 'min_samples_leaf': 20}",0,0.2462462019,0.3104376107,0.4433161874,0.001762040196,1,-0.002332513348,3.190639269e-05,False
2025-02-26,71,random_forest,"{'max_depth': 3, 'min_samples_leaf': 20}",0,0.225768573,0.3460401649,0.4281912621,0.001847632412,1,-0.01977044193,3.198059361e-05,False
2025-02-27,71,random_forest,"{'max_depth': 3, 'min_samples_leaf': 20}",0,0.2473335499,0.3189427462,0.4337237039,0.001674774577,1,0.01472094267,3.205479452e-05,False
2025-02-28,71,random_forest,"{'max_depth': 3, 'min_samples_leaf': 20}",0,0.2558772964,0.3735900513,0.3705326522,0.001086020541,1,-0.02081581624,3.205479452e-05,False
2025-03-03,71,random_forest,"{'max_depth': 3, 'min_samples_leaf': 20}",0,0.2519933422,0.3244557553,0.4235509026,0.001546962796,1,-0.004916314277,3.227739726e-05,False
2025-03-04,71,random_forest,"{'max_depth': 3, 'min_samples_leaf': 20}",0,0.2706305635,0.3843115585,0.3450578779,0.0007349356752,1,0.01104578744,3.220319635e-05,False
2025-03-05,71,random_forest,"{'max_depth': 3, 'min_samples_leaf': 20}",0,0.2691123726,0.4006528951,0.3302347323,0.000632252373,1,-0.004813301115,3.227739726e-05,False
2025-03-06,71,random_forest,"{'max_depth': 3, 'min_samples_leaf': 20}",0,0.2775531496,0.388653022,0.3337938284,0.0005756833974,1,0.008793060492,3.220319635e-05,False
2025-03-07,71,random_forest,"{'max_depth': 3, 'min_samples_leaf': 20}",0,0.2694508828,0.3996305094,0.3309186078,0.0006342897316,1,-0.01235048096,3.220319635e-05,False
2025-03-10,71,random_forest,"{'max_depth': 3, 'min_samples_leaf': 20}",0,0.2796105821,0.3820926335,0.3382967844,0.0005908228775,1,-0.006221025065,3.212899543e-05,False
2025-03-11,71,random_forest,"{'max_depth': 3, 'min_samples_leaf': 20}",0,0.2804813758,0.3806200757,0.3388985485,0.0005868536262,1,-0.005870088907,3.220319635e-05,False
2025-03-12,71,random_forest,"{'max_depth': 3, 'min_samples_leaf': 20}",0,0.2644678912,0.4194136003,0.3161185085,0.0005666356451,1,-0.01265914794,3.227739726e-05,False
2025-03-13,71,random_forest,"{'max_depth': 3, 'min_samples_leaf': 20}",0,0.2604754964,0.4154968836,0.32402762,0.000669722537,1,0.01204799838,3.220319635e-05,False
2025-03-14,71,random_forest,"{'max_depth': 3, 'min_samples_leaf': 20}",0,0.2368452838,0.4758463848,0.2873083314,0.0006151882325,1,0.007747199897,3.212899543e-05,False
2025-03-17,71,random_forest,"{'max_depth': 3, 'min_samples_leaf': 20}",0,0.2386015268,0.4949276578,0.2664708154,0.0004317156214,0,-0.006692578366,3.220319635e-05,False
2025-03-18,71,random_forest,"{'max_depth': 3, 'min_samples_leaf': 20}",0,0.236579343,0.4934934633,0.2699271937,0.0004795562795,1,0.007639940516,3.220319635e-05,False
2025-03-19,71,random_forest,"{'max_depth': 3, 'min_samples_leaf': 20}",0,0.229954298,0.497657303,0.2723883991,0.0005657694793,1,0.003834294352,3.212899543e-05,False
2025-03-20,71,random_forest,"{'max_depth': 3, 'min_samples_leaf': 20}",0,0.2246668222,0.5185275961,0.2568055817,0.000494949313,1,0.008403574028,3.212899543e-05,False
2025-03-21,71,random_forest,"{'max_depth': 3, 'min_samples_leaf': 20}",0,0.2368031311,0.4794029815,0.2837938874,0.0005876467579,1,0.005746372328,3.212899543e-05,False
2025-03-24,71,random_forest,"{'max_depth': 3, 'min_samples_leaf': 20}",0,0.1981343013,0.60336557,0.1985001287,0.0002978366862,0,0.0002781751355,3.212899543e-05,False
2025-03-25,71,random_forest,"{'max_depth': 3, 'min_samples_leaf': 20}",0,0.1877332893,0.6230491229,0.1892175878,0.0003285768906,0,-0.01147442681,3.212899543e-05,False
2025-03-26,72,majority_baseline,{},0,0.2431879154,0.5034699065,0.2533421782,0.0002687334283,0,-0.0001762678065,3.212899543e-05,False
2025-03-27,72,majority_baseline,{},0,0.2431879154,0.5034699065,0.2533421782,0.0002687334283,0,-0.0174527535,3.212899543e-05,False
2025-03-28,72,majority_baseline,{},0,0.2431879154,0.5034699065,0.2533421782,0.0002687334283,0,0.01738718752,3.212899543e-05,False
2025-03-31,72,majority_baseline,{},0,0.2431879154,0.5034699065,0.2533421782,0.0002687334283,0,0.006314393095,3.205479452e-05,False
2025-04-01,72,majority_baseline,{},0,0.2431879154,0.5034699065,0.2533421782,0.0002687334283,0,0.01706158359,3.205479452e-05,False
2025-04-02,72,majority_baseline,{},0,0.2431879154,0.5034699065,0.2533421782,0.0002687334283,0,-0.01542802985,3.205479452e-05,False
2025-04-03,72,majority_baseline,{},0,0.2431879154,0.5034699065,0.2533421782,0.0002687334283,0,-0.0351175067,3.198059361e-05,False
2025-04-04,72,majority_baseline,{},0,0.2431879154,0.5034699065,0.2533421782,0.0002687334283,0,0.03105133461,3.175799087e-05,False
2025-04-07,72,majority_baseline,{},0,0.2431879154,0.5034699065,0.2533421782,0.0002687334283,0,-0.04863368546,3.183219178e-05,False
2025-04-08,72,majority_baseline,{},0,0.2431879154,0.5034699065,0.2533421782,0.0002687334283,0,0.1118271571,3.198059361e-05,False
2025-04-09,72,majority_baseline,{},0,0.2431879154,0.5034699065,0.2533421782,0.0002687334283,0,-0.01426229603,3.227739726e-05,False
2025-04-10,72,majority_baseline,{},0,0.2431879154,0.5034699065,0.2533421782,0.0002687334283,0,0.02089824776,3.220319635e-05,False
2025-04-11,72,majority_baseline,{},0,0.2431879154,0.5034699065,0.2533421782,0.0002687334283,0,-0.009061653808,3.220319635e-05,False
2025-04-14,72,majority_baseline,{},0,0.2431879154,0.5034699065,0.2533421782,0.0002687334283,0,-0.003817143268,3.212899543e-05,False
2025-04-15,72,majority_baseline,{},0,0.2431879154,0.5034699065,0.2533421782,0.0002687334283,0,-0.01132263692,3.212899543e-05,False
2025-04-16,72,majority_baseline,{},0,0.2431879154,0.5034699065,0.2533421782,0.0002687334283,0,-0.002331213498,3.212899543e-05,False
2025-04-17,72,majority_baseline,{},0,0.2431879154,0.5034699065,0.2533421782,0.0002687334283,0,-0.01396877852,3.220319635e-05,False
2025-04-21,72,majority_baseline,{},0,0.2431879154,0.5034699065,0.2533421782,0.0002687334283,0,0.01366936809,3.220319635e-05,False
2025-04-22,72,majority_baseline,{},0,0.2431879154,0.5034699065,0.2533421782,0.0002687334283,0,-0.009270413895,3.212899543e-05,False
2025-04-23,72,majority_baseline,{},0,0.2431879154,0.5034699065,0.2533421782,0.0002687334283,0,0.01857585385,3.212899543e-05,False
2025-04-24,72,majority_baseline,{},0,0.2431879154,0.5034699065,0.2533421782,0.0002687334283,0,0.007298984808,3.205479452e-05,False
2025-04-25,73,majority_baseline,{},0,0.2564676382,0.4902700146,0.2532623472,0.0001581739271,0,-0.0009794139391,3.205479452e-05,False
2025-04-28,73,majority_baseline,{},0,0.2564676382,0.4902700146,0.2532623472,0.0001581739271,0,0.009855958983,3.205479452e-05,False
2025-04-29,73,majority_baseline,{},0,0.2564676382,0.4902700146,0.2532623472,0.0001581739271,0,0.01272891251,3.198059361e-05,False
2025-04-30,73,majority_baseline,{},0,0.2564676382,0.4902700146,0.2532623472,0.0001581739271,0,-0.003390660483,3.198059361e-05,False
2025-05-01,73,majority_baseline,{},0,0.2564676382,0.4902700146,0.2532623472,0.0001581739271,0,0.003594690182,3.198059361e-05,False
2025-05-02,73,majority_baseline,{},0,0.2564676382,0.4902700146,0.2532623472,0.0001581739271,0,0.001670907527,3.212899543e-05,False
2025-05-05,73,majority_baseline,{},0,0.2564676382,0.4902700146,0.2532623472,0.0001581739271,0,0.001559326707,3.212899543e-05,False
2025-05-06,73,majority_baseline,{},0,0.2564676382,0.4902700146,0.2532623472,0.0001581739271,0,0.001785236052,3.212899543e-05,False
2025-05-07,73,majority_baseline,{},0,0.2564676382,0.4902700146,0.2532623472,0.0001581739271,0,-0.0003184359351,3.220319635e-05,False
2025-05-08,73,majority_baseline,{},0,0.2564676382,0.4902700146,0.2532623472,0.0001581739271,0,-0.003777633356,3.220319635e-05,False
2025-05-09,73,majority_baseline,{},0,0.2564676382,0.4902700146,0.2532623472,0.0001581739271,0,0.002614098103,3.220319635e-05,False
2025-05-12,73,majority_baseline,{},0,0.2564676382,0.4902700146,0.2532623472,0.0001581739271,0,0.005879319583,3.279680365e-05,False
2025-05-13,73,majority_baseline,{},0,0.2564676382,0.4902700146,0.2532623472,0.0001581739271,0,-0.0003742207847,3.272260274e-05,False
2025-05-14,73,majority_baseline,{},0,0.2564676382,0.4902700146,0.2532623472,0.0001581739271,0,0.008368099698,3.272260274e-05,False
2025-05-15,73,majority_baseline,{},0,0.2564676382,0.4902700146,0.2532623472,0.0001581739271,0,0.004989449822,3.25e-05,False
2025-05-16,73,majority_baseline,{},0,0.2564676382,0.4902700146,0.2532623472,0.0001581739271,0,0.01147764028,3.242579909e-05,False
2025-05-19,73,majority_baseline,{},0,0.2564676382,0.4902700146,0.2532623472,0.0001581739271,0,-0.00040474661,3.257420091e-05,False
2025-05-20,73,majority_baseline,{},0,0.2564676382,0.4902700146,0.2532623472,0.0001581739271,0,-0.009482729096,3.25e-05,False
2025-05-21,73,majority_baseline,{},0,0.2564676382,0.4902700146,0.2532623472,0.0001581739271,0,0.0007380869183,3.235159817e-05,False
2025-05-22,73,majority_baseline,{},0,0.2564676382,0.4902700146,0.2532623472,0.0001581739271,0,0.005434225046,3.242579909e-05,False
2025-05-23,73,majority_baseline,{},0,0.2564676382,0.4902700146,0.2532623472,0.0001581739271,0,0.008667935705,3.235159817e-05,False
2025-05-27,74,majority_baseline,{},0,0.2433329277,0.5000278753,0.2566391971,0.0003420410663,0,-0.006474435444,3.227739726e-05,False
2025-05-28,74,majority_baseline,{},0,0.2433329277,0.5000278753,0.2566391971,0.0003420410663,0,-0.005075388229,3.227739726e-05,False
2025-05-29,74,majority_baseline,{},0,0.2433329277,0.5000278753,0.2566391971,0.0003420410663,0,0.0007811148025,3.235159817e-05,False
2025-05-30,74,majority_baseline,{},0,0.2433329277,0.5000278753,0.2566391971,0.0003420410663,0,0.008421825338,3.235159817e-05,False
2025-06-02,74,majority_baseline,{},0,0.2433329277,0.5000278753,0.2566391971,0.0003420410663,0,0.006330823219,3.294520548e-05,False
2025-06-03,74,majority_baseline,{},0,0.2433329277,0.5000278753,0.2566391971,0.0003420410663,0,-0.001725457675,3.287100457e-05,False
2025-06-04,74,majority_baseline,{},0,0.2433329277,0.5000278753,0.2566391971,0.0003420410663,0,-0.007663633219,3.294520548e-05,False
2025-06-05,74,majority_baseline,{},0,0.2433329277,0.5000278753,0.2566391971,0.0003420410663,0,0.0008018599722,3.294520548e-05,False
2025-06-06,74,majority_baseline,{},0,0.2433329277,0.5000278753,0.2566391971,0.0003420410663,0,-6.666121658e-05,3.287100457e-05,False
2025-06-09,74,majority_baseline,{},0,0.2433329277,0.5000278753,0.2566391971,0.0003420410663,0,0.004764997146,3.294520548e-05,False
2025-06-10,74,majority_baseline,{},0,0.2433329277,0.5000278753,0.2566391971,0.0003420410663,0,-0.004683985338,3.301940639e-05,False
2025-06-11,74,majority_baseline,{},0,0.2433329277,0.5000278753,0.2566391971,0.0003420410663,0,0.006233213068,3.301940639e-05,False
2025-06-12,74,majority_baseline,{},0,0.2433329277,0.5000278753,0.2566391971,0.0003420410663,0,-0.002506265497,3.309360731e-05,False
2025-06-13,74,majority_baseline,{},0,0.2433329277,0.5000278753,0.2566391971,0.0003420410663,0,0.003797415357,3.301940639e-05,False
2025-06-16,74,majority_baseline,{},0,0.2433329277,0.5000278753,0.2566391971,0.0003420410663,0,-0.004465091472,3.287100457e-05,False
2025-06-17,74,majority_baseline,{},0,0.2433329277,0.5000278753,0.2566391971,0.0003420410663,0,-0.001671011284,3.279680365e-05,False
2025-06-18,74,majority_baseline,{},0,0.2433329277,0.5000278753,0.2566391971,0.0003420410663,0,-0.006851792375,3.279680365e-05,False
2025-06-20,74,majority_baseline,{},0,0.2433329277,0.5000278753,0.2566391971,0.0003420410663,0,0.008587736315,3.257420091e-05,False
2025-06-23,74,majority_baseline,{},0,0.2433329277,0.5000278753,0.2566391971,0.0003420410663,0,0.004054096497,3.25e-05,False
2025-06-24,74,majority_baseline,{},0,0.2433329277,0.5000278753,0.2566391971,0.0003420410663,0,-0.001299498386,3.25e-05,False
2025-06-25,74,majority_baseline,{},0,0.2433329277,0.5000278753,0.2566391971,0.0003420410663,0,0.004729149821,3.25e-05,False
2025-06-26,75,majority_baseline,{},0,0.2466659299,0.4966665463,0.2566675238,0.0003083368874,0,0.003312178908,3.257420091e-05,False
2025-06-27,75,majority_baseline,{},0,0.2466659299,0.4966665463,0.2566675238,0.0003083368874,0,0.0007612339913,3.257420091e-05,False
2025-06-30,75,majority_baseline,{},0,0.2466659299,0.4966665463,0.2566675238,0.0003083368874,0,0.002092996111,3.272260274e-05,False
2025-07-01,75,majority_baseline,{},0,0.2466659299,0.4966665463,0.2566675238,0.0003083368874,0,0.005200606066,3.264840183e-05,False
2025-07-02,75,majority_baseline,{},0,0.2466659299,0.4966665463,0.2566675238,0.0003083368874,0,0.004642966648,1.761986301e-05,False
2025-07-03,75,majority_baseline,{},0,0.2466659299,0.4966665463,0.2566675238,0.0003083368874,0,-0.004299269721,3.279680365e-05,False
2025-07-07,75,majority_baseline,{},0,0.2466659299,0.4966665463,0.2566675238,0.0003083368874,0,-0.001625410353,3.279680365e-05,False
2025-07-08,75,majority_baseline,{},0,0.2466659299,0.4966665463,0.2566675238,0.0003083368874,0,0.002071355322,3.279680365e-05,False
2025-07-09,75,majority_baseline,{},0,0.2466659299,0.4966665463,0.2566675238,0.0003083368874,0,0.002595314053,3.279680365e-05,False
2025-07-10,75,majority_baseline,{},0,0.2466659299,0.4966665463,0.2566675238,0.0003083368874,0,0.001413117645,3.279680365e-05,False
2025-07-11,75,majority_baseline,{},0,0.2466659299,0.4966665463,0.2566675238,0.0003083368874,0,0.002647834458,3.272260274e-05,False
2025-07-14,75,majority_baseline,{},0,0.2466659299,0.4966665463,0.2566675238,0.0003083368874,0,-0.008573439474,3.279680365e-05,False
2025-07-15,75,majority_baseline,{},0,0.2466659299,0.4966665463,0.2566675238,0.0003083368874,0,0.0007695200909,3.279680365e-05,False
2025-07-16,75,majority_baseline,{},0,0.2466659299,0.4966665463,0.2566675238,0.0003083368874,0,0.005829521947,3.272260274e-05,False
2025-07-17,75,majority_baseline,{},0,0.2466659299,0.4966665463,0.2566675238,0.0003083368874,0,-0.002733149145,3.272260274e-05,False
2025-07-18,75,majority_baseline,{},0,0.2466659299,0.4966665463,0.2566675238,0.0003083368874,0,0,3.264840183e-05,False
2025-07-21,75,majority_baseline,{},0,0.2466659299,0.4966665463,0.2566675238,0.0003083368874,0,-0.0003814818527,3.272260274e-05,False
2025-07-22,75,majority_baseline,{},0,0.2466659299,0.4966665463,0.2566675238,0.0003083368874,0,0.004211913944,3.272260274e-05,False
2025-07-23,75,majority_baseline,{},0,0.2466659299,0.4966665463,0.2566675238,0.0003083368874,0,-0.0002836316094,3.272260274e-05,False
2025-07-24,75,majority_baseline,{},0,0.2466659299,0.4966665463,0.2566675238,0.0003083368874,0,0.003164824841,3.279680365e-05,False
2025-07-25,75,majority_baseline,{},0,0.2466659299,0.4966665463,0.2566675238,0.0003083368874,0,-0.0008470509371,3.279680365e-05,False
2025-07-28,76,majority_baseline,{},0,0.2433346021,0.5033336717,0.2533317262,0.0003204122755,0,-0.00484055134,3.264840183e-05,False
2025-07-29,76,majority_baseline,{},0,0.2433346021,0.5033336717,0.2533317262,0.0003204122755,0,-0.002295824801,3.264840183e-05,False
2025-07-30,76,majority_baseline,{},0,0.2433346021,0.5033336717,0.2533317262,0.0003204122755,0,-0.01154099494,3.272260274e-05,False
2025-07-31,76,majority_baseline,{},0,0.2433346021,0.5033336717,0.2533317262,0.0003204122755,0,-0.007312816855,3.272260274e-05,False
2025-08-01,76,majority_baseline,{},0,0.2433346021,0.5033336717,0.2533317262,0.0003204122755,0,0.008790576806,3.227739726e-05,False
2025-08-04,76,majority_baseline,{},0,0.2433346021,0.5033336717,0.2533317262,0.0003204122755,0,-0.006046324671,3.227739726e-05,False
2025-08-05,76,majority_baseline,{},0,0.2433346021,0.5033336717,0.2533317262,0.0003204122755,0,0.00592964249,3.220319635e-05,False
2025-08-06,76,majority_baseline,{},0,0.2433346021,0.5033336717,0.2533317262,0.0003204122755,0,-0.006271203047,3.205479452e-05,False
2025-08-07,76,majority_baseline,{},0,0.2433346021,0.5033336717,0.2533317262,0.0003204122755,0,0.004920662253,3.205479452e-05,False
2025-08-08,76,majority_baseline,{},0,0.2433346021,0.5033336717,0.2533317262,0.0003204122755,0,-0.00241589913,3.205479452e-05,False
2025-08-11,76,majority_baseline,{},0,0.2433346021,0.5033336717,0.2533317262,0.0003204122755,0,0.006893456921,3.220319635e-05,False
2025-08-12,76,majority_baseline,{},0,0.2433346021,0.5033336717,0.2533317262,0.0003204122755,0,-3.094776562e-05,3.212899543e-05,False
2025-08-13,76,majority_baseline,{},0,0.2433346021,0.5033336717,0.2533317262,0.0003204122755,0,0.003360404233,3.183219178e-05,False
2025-08-14,76,majority_baseline,{},0,0.2433346021,0.5033336717,0.2533317262,0.0003204122755,0,-0.003947410778,3.190639269e-05,False
2025-08-15,76,majority_baseline,{},0,0.2433346021,0.5033336717,0.2533317262,0.0003204122755,0,0.0006844451581,3.190639269e-05,False
2025-08-18,76,majority_baseline,{},0,0.2433346021,0.5033336717,0.2533317262,0.0003204122755,0,-0.005146780645,3.212899543e-05,False
2025-08-19,76,majority_baseline,{},0,0.2433346021,0.5033336717,0.2533317262,0.0003204122755,0,-0.002017577502,3.190639269e-05,False
2025-08-20,76,majority_baseline,{},0,0.2433346021,0.5033336717,0.2533317262,0.0003204122755,0,-0.0011473589,3.190639269e-05,False
2025-08-21,76,majority_baseline,{},0,0.2433346021,0.5033336717,0.2533317262,0.0003204122755,0,0.01183828972,3.205479452e-05,False
2025-08-22,76,majority_baseline,{},0,0.2433346021,0.5033336717,0.2533317262,0.0003204122755,0,-0.002437748238,3.168378995e-05,False
2025-08-25,76,majority_baseline,{},0,0.2433346021,0.5033336717,0.2533317262,0.0003204122755,0,0.004609095167,3.183219178e-05,False
2025-08-26,77,majority_baseline,{},0,0.2633111004,0.4866733472,0.2500155524,8.625669747e-05,0,0.00319592522,3.175799087e-05,False
2025-08-27,77,majority_baseline,{},0,0.2633111004,0.4866733472,0.2500155524,8.625669747e-05,0,0.002595625579,3.160958904e-05,False
2025-08-28,77,majority_baseline,{},0,0.2633111004,0.4866733472,0.2500155524,8.625669747e-05,0,-0.003737598703,3.160958904e-05,False
2025-08-29,77,majority_baseline,{},0,0.2633111004,0.4866733472,0.2500155524,8.625669747e-05,0,0.004345128683,3.13869863e-05,False
2025-09-02,77,majority_baseline,{},0,0.2633111004,0.4866733472,0.2500155524,8.625669747e-05,0,0.001664940546,3.116438356e-05,False
2025-09-03,77,majority_baseline,{},0,0.2633111004,0.4866733472,0.2500155524,8.625669747e-05,0,0.007293399168,3.101598174e-05,False
2025-09-04,77,majority_baseline,{},0,0.2633111004,0.4866733472,0.2500155524,8.625669747e-05,0,-0.006508243261,3.086757991e-05,False
2025-09-05,77,majority_baseline,{},0,0.2633111004,0.4866733472,0.2500155524,8.625669747e-05,0,0.0003237982104,3.019977169e-05,False
2025-09-08,77,majority_baseline,{},0,0.2633111004,0.4866733472,0.2500155524,8.625669747e-05,0,0.002095700038,3.042237443e-05,False
2025-09-09,77,majority_baseline,{},0,0.2633111004,0.4866733472,0.2500155524,8.625669747e-05,0,-0.002157175735,3.042237443e-05,False
2025-09-10,77,majority_baseline,{},0,0.2633111004,0.4866733472,0.2500155524,8.625669747e-05,0,0.005273796504,3.034817352e-05,False
2025-09-11,77,majority_baseline,{},0,0.2633111004,0.4866733472,0.2500155524,8.625669747e-05,0,-0.0002889331446,3.02739726e-05,False
2025-09-12,77,majority_baseline,{},0,0.2633111004,0.4866733472,0.2500155524,8.625669747e-05,0,0.001925229739,3.02739726e-05,False
2025-09-15,77,majority_baseline,{},0,0.2633111004,0.4866733472,0.2500155524,8.625669747e-05,0,-0.002222278821,3.012557078e-05,False
2025-09-16,77,majority_baseline,{},0,0.2633111004,0.4866733472,0.2500155524,8.625669747e-05,0,-0.001257582569,2.997716895e-05,False
2025-09-17,77,majority_baseline,{},0,0.2633111004,0.4866733472,0.2500155524,8.625669747e-05,0,0.0005589978066,2.982876712e-05,False
2025-09-18,77,majority_baseline,{},0,0.2633111004,0.4866733472,0.2500155524,8.625669747e-05,0,0.002068447816,2.990296804e-05,False
2025-09-19,77,majority_baseline,{},0,0.2633111004,0.4866733472,0.2500155524,8.625669747e-05,0,0.007006968608,2.990296804e-05,False
2025-09-22,77,majority_baseline,{},0,0.2633111004,0.4866733472,0.2500155524,8.625669747e-05,0,-0.005264502147,2.96803653e-05,False
2025-09-23,77,majority_baseline,{},0,0.2633111004,0.4866733472,0.2500155524,8.625669747e-05,0,-0.005131652093,2.96803653e-05,False
2025-09-24,77,majority_baseline,{},0,0.2633111004,0.4866733472,0.2500155524,8.625669747e-05,0,0.0001671661905,2.982876712e-05,False
2025-09-25,78,majority_baseline,{},0,0.2632783447,0.5033638387,0.2333578167,-4.61445863e-05,0,0.003502596569,2.997716895e-05,False
2025-09-26,78,majority_baseline,{},0,0.2632783447,0.5033638387,0.2333578167,-4.61445863e-05,0,-0.001023530406,2.982876712e-05,False
2025-09-29,78,majority_baseline,{},0,0.2632783447,0.5033638387,0.2333578167,-4.61445863e-05,0,0.004902478361,2.997716895e-05,False
2025-09-30,78,majority_baseline,{},0,0.2632783447,0.5033638387,0.2333578167,-4.61445863e-05,0,0.007961803706,2.982876712e-05,False
2025-10-01,78,majority_baseline,{},0,0.2632783447,0.5033638387,0.2333578167,-4.61445863e-05,0,-0.001834650583,2.975456621e-05,False
2025-10-02,78,majority_baseline,{},0,0.2632783447,0.5033638387,0.2333578167,-4.61445863e-05,0,-0.001164149124,2.982876712e-05,False
2025-10-03,78,majority_baseline,{},0,0.2632783447,0.5033638387,0.2333578167,-4.61445863e-05,0,-1.490388658e-05,2.990296804e-05,False
2025-10-06,78,majority_baseline,{},0,0.2632783447,0.5033638387,0.2333578167,-4.61445863e-05,0,-0.005085174173,2.982876712e-05,False
2025-10-07,78,majority_baseline,{},0,0.2632783447,0.5033638387,0.2333578167,-4.61445863e-05,0,0.004267042718,2.975456621e-05,False
2025-10-08,78,majority_baseline,{},0,0.2632783447,0.5033638387,0.2333578167,-4.61445863e-05,0,-0.003518857535,2.975456621e-05,False
2025-10-09,78,majority_baseline,{},0,0.2632783447,0.5033638387,0.2333578167,-4.61445863e-05,0,-0.02843197777,2.990296804e-05,False
2025-10-10,78,majority_baseline,{},0,0.2632783447,0.5033638387,0.2333578167,-4.61445863e-05,0,0.003617578829,2.982876712e-05,False
2025-10-13,78,majority_baseline,{},0,0.2632783447,0.5033638387,0.2333578167,-4.61445863e-05,0,0.007699678441,2.982876712e-05,False
2025-10-14,78,majority_baseline,{},0,0.2632783447,0.5033638387,0.2333578167,-4.61445863e-05,0,-0.002474467427,2.982876712e-05,False
2025-10-15,78,majority_baseline,{},0,0.2632783447,0.5033638387,0.2333578167,-4.61445863e-05,0,-0.009267857407,2.990296804e-05,False
2025-10-16,78,majority_baseline,{},0,0.2632783447,0.5033638387,0.2333578167,-4.61445863e-05,0,0.007414730446,2.982876712e-05,False
2025-10-17,78,majority_baseline,{},0,0.2632783447,0.5033638387,0.2333578167,-4.61445863e-05,0,0.005964125779,2.96803653e-05,False
2025-10-20,78,majority_baseline,{},0,0.2632783447,0.5033638387,0.2333578167,-4.61445863e-05,0,-0.0002234366974,2.945776256e-05,False
2025-10-21,78,majority_baseline,{},0,0.2632783447,0.5033638387,0.2333578167,-4.61445863e-05,0,-0.00625001813,2.938356164e-05,False
2025-10-22,78,majority_baseline,{},0,0.2632783447,0.5033638387,0.2333578167,-4.61445863e-05,0,0.005448145066,2.938356164e-05,False
2025-10-23,78,majority_baseline,{},0,0.2632783447,0.5033638387,0.2333578167,-4.61445863e-05,0,0.001167811927,2.930936073e-05,False
2025-10-24,79,majority_baseline,{},0,0.2533578804,0.4966933633,0.2499487563,0.0001844454678,0,0.003676431193,2.91609589e-05,False
2025-10-27,79,majority_baseline,{},0,0.2533578804,0.4966933633,0.2499487563,0.0001844454678,0,1.45691703e-05,2.886415525e-05,False
2025-10-28,79,majority_baseline,{},0,0.2533578804,0.4966933633,0.2499487563,0.0001844454678,0,-0.0019310549,2.886415525e-05,False
2025-10-29,79,majority_baseline,{},0,0.2533578804,0.4966933633,0.2499487563,0.0001844454678,0,-0.005951172956,2.91609589e-05,False
2025-10-30,79,majority_baseline,{},0,0.2533578804,0.4966933633,0.2499487563,0.0001844454678,0,-0.004350082601,2.908675799e-05,False
2025-10-31,79,majority_baseline,{},0,0.2533578804,0.4966933633,0.2499487563,0.0001844454678,0,-0.003398072164,2.886415525e-05,False
2025-11-03,79,majority_baseline,{},0,0.2533578804,0.4966933633,0.2499487563,0.0001844454678,0,-0.001286765692,2.953196347e-05,False
2025-11-04,79,majority_baseline,{},0,0.2533578804,0.4966933633,0.2499487563,0.0001844454678,0,0.003852020442,2.938356164e-05,False
2025-11-05,79,majority_baseline,{},0,0.2533578804,0.4966933633,0.2499487563,0.0001844454678,0,-0.009106055582,2.938356164e-05,False
2025-11-06,79,majority_baseline,{},0,0.2533578804,0.4966933633,0.2499487563,0.0001844454678,0,0.004581452135,2.91609589e-05,False
2025-11-07,79,majority_baseline,{},0,0.2533578804,0.4966933633,0.2499487563,0.0001844454678,0,0.006201660032,2.908675799e-05,False
2025-11-10,79,majority_baseline,{},0,0.2533578804,0.4966933633,0.2499487563,0.0001844454678,0,0.004485605846,2.930936073e-05,False
2025-11-11,79,majority_baseline,{},0,0.2533578804,0.4966933633,0.2499487563,0.0001844454678,0,-0.002058986244,2.930936073e-05,False
2025-11-12,79,majority_baseline,{},0,0.2533578804,0.4966933633,0.2499487563,0.0001844454678,0,-0.01243206761,2.930936073e-05,False
2025-11-13,79,majority_baseline,{},0,0.2533578804,0.4966933633,0.2499487563,0.0001844454678,0,0.009843980483,2.938356164e-05,False
2025-11-14,79,majority_baseline,{},0,0.2533578804,0.4966933633,0.2499487563,0.0001844454678,0,-0.006017663433,2.930936073e-05,False
2025-11-17,79,majority_baseline,{},0,0.2533578804,0.4966933633,0.2499487563,0.0001844454678,0,-0.003050836202,2.945776256e-05,False
2025-11-18,79,majority_baseline,{},0,0.2533578804,0.4966933633,0.2499487563,0.0001844454678,0,0.002799684522,2.923515982e-05,False
2025-11-19,79,majority_baseline,{},0,0.2533578804,0.4966933633,0.2499487563,0.0001844454678,0,-0.03028628581,2.930936073e-05,False
2025-11-20,79,majority_baseline,{},0,0.2533578804,0.4966933633,0.2499487563,0.0001844454678,0,0.006075935534,2.923515982e-05,False
2025-11-21,79,majority_baseline,{},0,0.2533578804,0.4966933633,0.2499487563,0.0001844454678,0,0.009114333916,2.893835616e-05,False
2025-11-24,80,majority_baseline,{},0,0.2633316646,0.4800063888,0.2566619466,0.0001250626501,0,0.009556876965,2.901255708e-05,False
2025-11-25,80,majority_baseline,{},0,0.2633316646,0.4800063888,0.2566619466,0.0001250626501,0,0.003025231726,2.893835616e-05,False
2025-11-26,80,majority_baseline,{},0,0.2633316646,0.4800063888,0.2566619466,0.0001250626501,0,0.003715931851,1.566210046e-05,False
2025-11-28,80,majority_baseline,{},0,0.2633316646,0.4800063888,0.2566619466,0.0001250626501,0,0.002150855102,2.878995434e-05,False
2025-12-01,80,majority_baseline,{},0,0.2633316646,0.4800063888,0.2566619466,0.0001250626501,0,-0.0005718466526,2.827054795e-05,False
2025-12-02,80,majority_baseline,{},0,0.2633316646,0.4800063888,0.2566619466,0.0001250626501,0,0.004878274516,2.797374429e-05,False
2025-12-03,80,majority_baseline,{},0,0.2633316646,0.4800063888,0.2566619466,0.0001250626501,0,-0.001327846397,2.760273973e-05,False
2025-12-04,80,majority_baseline,{},0,0.2633316646,0.4800063888,0.2566619466,0.0001250626501,0,0.0003209938845,2.752853881e-05,False
2025-12-05,80,majority_baseline,{},0,0.2633316646,0.4800063888,0.2566619466,0.0001250626501,0,-0.004311192826,2.752853881e-05,False
2025-12-08,80,majority_baseline,{},0,0.2633316646,0.4800063888,0.2566619466,0.0001250626501,0,-0.0001610867882,2.767694064e-05,False
2025-12-09,80,majority_baseline,{},0,0.2633316646,0.4800063888,0.2566619466,0.0001250626501,0,0.007340028514,2.767694064e-05,False
2025-12-10,80,majority_baseline,{},0,0.2633316646,0.4800063888,0.2566619466,0.0001250626501,0,0.005881962968,2.738013699e-05,False
2025-12-11,80,majority_baseline,{},0,0.2633316646,0.4800063888,0.2566619466,0.0001250626501,0,-0.009314520004,2.715753425e-05,False
2025-12-12,80,majority_baseline,{},0,0.2633316646,0.4800063888,0.2566619466,0.0001250626501,0,-0.007305990444,2.693493151e-05,False
2025-12-15,80,majority_baseline,{},0,0.2633316646,0.4800063888,0.2566619466,0.0001250626501,0,-0.0005299903278,2.708333333e-05,False
2025-12-16,80,majority_baseline,{},0,0.2633316646,0.4800063888,0.2566619466,0.0001250626501,0,-0.01248729954,2.700913242e-05,False
2025-12-17,80,majority_baseline,{},0,0.2633316646,0.4800063888,0.2566619466,0.0001250626501,0,-0.001667657842,2.700913242e-05,False
2025-12-18,80,majority_baseline,{},0,0.2633316646,0.4800063888,0.2566619466,0.0001250626501,0,0.005911999641,2.686073059e-05,False
2025-12-19,80,majority_baseline,{},0,0.2633316646,0.4800063888,0.2566619466,0.0001250626501,0,0.001301305161,2.686073059e-05,False
2025-12-22,80,majority_baseline,{},0,0.2633316646,0.4800063888,0.2566619466,0.0001250626501,0,0.005907180809,2.700913242e-05,False
2025-12-23,80,majority_baseline,{},0,0.2633316646,0.4800063888,0.2566619466,0.0001250626501,0,0.003532222753,1.458333333e-05,False
2025-12-24,81,majority_baseline,{},0,0.2600109745,0.480016705,0.2599723205,0.0001900230484,0,-0.0004778423279,2.738013699e-05,False
2025-12-26,81,majority_baseline,{},0,0.2600109745,0.480016705,0.2599723205,0.0001900230484,0,0.0004508793923,2.700913242e-05,False
2025-12-29,81,majority_baseline,{},0,0.2600109745,0.480016705,0.2599723205,0.0001900230484,0,-0.0006400500699,2.730593607e-05,False
2025-12-30,81,majority_baseline,{},0,0.2600109745,0.480016705,0.2599723205,0.0001900230484,0,-0.007596751168,2.708333333e-05,False
2025-12-31,81,majority_baseline,{},0,0.2600109745,0.480016705,0.2599723205,0.0001900230484,0,-0.003704246594,2.723173516e-05,False
2026-01-02,81,majority_baseline,{},0,0.2600109745,0.480016705,0.2599723205,0.0001900230484,0,0.001718753074,2.708333333e-05,False
2026-01-05,81,majority_baseline,{},0,0.2600109745,0.480016705,0.2599723205,0.0001900230484,0,0.005640115867,2.700913242e-05,False
2026-01-06,81,majority_baseline,{},0,0.2600109745,0.480016705,0.2599723205,0.0001900230484,0,-0.003770619797,2.693493151e-05,False
2026-01-07,81,majority_baseline,{},0,0.2600109745,0.480016705,0.2599723205,0.0001900230484,0,0.001001716549,2.686073059e-05,False
2026-01-08,81,majority_baseline,{},0,0.2600109745,0.480016705,0.2599723205,0.0001900230484,0,0.00498096301,2.686073059e-05,False
2026-01-09,81,majority_baseline,{},0,0.2600109745,0.480016705,0.2599723205,0.0001900230484,0,0.006486333106,2.686073059e-05,False
2026-01-12,81,majority_baseline,{},0,0.2600109745,0.480016705,0.2599723205,0.0001900230484,0,-0.002473034499,2.723173516e-05,False
2026-01-13,81,majority_baseline,{},0,0.2600109745,0.480016705,0.2599723205,0.0001900230484,0,-0.0009262152241,2.723173516e-05,False
2026-01-14,81,majority_baseline,{},0,0.2600109745,0.480016705,0.2599723205,0.0001900230484,0,-0.003354618042,2.723173516e-05,False
2026-01-15,81,majority_baseline,{},0,0.2600109745,0.480016705,0.2599723205,0.0001900230484,0,-0.002883257171,2.730593607e-05,False
2026-01-16,81,majority_baseline,{},0,0.2600109745,0.480016705,0.2599723205,0.0001900230484,0,-0.005737388955,2.723173516e-05,False
2026-01-20,81,majority_baseline,{},0,0.2600109745,0.480016705,0.2599723205,0.0001900230484,0,0.0084602366,2.74543379e-05,False
2026-01-21,81,majority_baseline,{},0,0.2600109745,0.480016705,0.2599723205,0.0001900230484,0,-0.001261136663,2.74543379e-05,False
2026-01-22,81,majority_baseline,{},0,0.2600109745,0.480016705,0.2599723205,0.0001900230484,0,0.001569361426,2.752853881e-05,False
2026-01-23,81,majority_baseline,{},0,0.2600109745,0.480016705,0.2599723205,0.0001900230484,0,0.00324405889,2.74543379e-05,False
2026-01-26,81,majority_baseline,{},0,0.2600109745,0.480016705,0.2599723205,0.0001900230484,0,0.00188711523,2.723173516e-05,False
2026-01-27,82,majority_baseline,{},0,0.2633185041,0.4767087123,0.2599727837,0.0001565513207,0,-0.002338433403,2.723173516e-05,False
2026-01-28,82,majority_baseline,{},0,0.2633185041,0.4767087123,0.2599727837,0.0001565513207,0,-0.003374598396,2.730593607e-05,False
2026-01-29,82,majority_baseline,{},0,0.2633185041,0.4767087123,0.2599727837,0.0001565513207,0,0.0002601839932,2.723173516e-05,False
2026-01-30,82,majority_baseline,{},0,0.2633185041,0.4767087123,0.2599727837,0.0001565513207,0,0.008454357643,2.723173516e-05,False
2026-02-02,82,majority_baseline,{},0,0.2633185041,0.4767087123,0.2599727837,0.0001565513207,0,-0.009594795273,2.738013699e-05,False
2026-02-03,82,majority_baseline,{},0,0.2633185041,0.4767087123,0.2599727837,0.0001565513207,0,-0.006025890181,2.738013699e-05,False
2026-02-04,82,majority_baseline,{},0,0.2633185041,0.4767087123,0.2599727837,0.0001565513207,0,-0.004875623833,2.738013699e-05,False
2026-02-05,82,majority_baseline,{},0,0.2633185041,0.4767087123,0.2599727837,0.0001565513207,0,0.01344168825,2.723173516e-05,False
2026-02-06,82,majority_baseline,{},0,0.2633185041,0.4767087123,0.2599727837,0.0001565513207,0,0.006570783266,2.730593607e-05,False
2026-02-09,82,majority_baseline,{},0,0.2633185041,0.4767087123,0.2599727837,0.0001565513207,0,-0.004072259895,2.738013699e-05,False
2026-02-10,82,majority_baseline,{},0,0.2633185041,0.4767087123,0.2599727837,0.0001565513207,0,-0.006361367223,2.738013699e-05,False
2026-02-11,82,majority_baseline,{},0,0.2633185041,0.4767087123,0.2599727837,0.0001565513207,0,-0.01868225805,2.74543379e-05,False
2026-02-12,82,majority_baseline,{},0,0.2633185041,0.4767087123,0.2599727837,0.0001565513207,0,8.801296807e-05,2.74543379e-05,False
2026-02-13,82,majority_baseline,{},0,0.2633185041,0.4767087123,0.2599727837,0.0001565513207,0,0.003984416196,2.730593607e-05,False
2026-02-17,82,majority_baseline,{},0,0.2633185041,0.4767087123,0.2599727837,0.0001565513207,0,0.003318555742,2.738013699e-05,False
2026-02-18,82,majority_baseline,{},0,0.2633185041,0.4767087123,0.2599727837,0.0001565513207,0,0.0009358235015,2.74543379e-05,False
2026-02-19,82,majority_baseline,{},0,0.2633185041,0.4767087123,0.2599727837,0.0001565513207,0,0.01042030903,2.738013699e-05,False
2026-02-20,82,majority_baseline,{},0,0.2633185041,0.4767087123,0.2599727837,0.0001565513207,0,-0.007908934352,2.738013699e-05,False
2026-02-23,82,majority_baseline,{},0,0.2633185041,0.4767087123,0.2599727837,0.0001565513207,0,0.007992302318,2.738013699e-05,False
2026-02-24,82,majority_baseline,{},0,0.2633185041,0.4767087123,0.2599727837,0.0001565513207,0,0.004303271302,2.738013699e-05,False
2026-02-25,82,majority_baseline,{},0,0.2633185041,0.4767087123,0.2599727837,0.0001565513207,0,-0.005740885861,2.738013699e-05,False
2026-02-26,83,majority_baseline,{},0,0.276620498,0.4533492315,0.2700302706,9.879001238e-05,0,0.004245360463,2.730593607e-05,False
2026-02-27,83,majority_baseline,{},0,0.276620498,0.4533492315,0.2700302706,9.879001238e-05,0,0.01131573968,2.723173516e-05,False
2026-03-02,83,majority_baseline,{},0,0.276620498,0.4533492315,0.2700302706,9.879001238e-05,0,0.00780674241,2.760273973e-05,False
2026-03-03,83,majority_baseline,{},0,0.276620498,0.4533492315,0.2700302706,9.879001238e-05,0,0.005134750426,2.752853881e-05,False
2026-03-04,83,majority_baseline,{},0,0.276620498,0.4533492315,0.2700302706,9.879001238e-05,0,-0.001128928444,2.752853881e-05,False
2026-03-05,83,majority_baseline,{},0,0.276620498,0.4533492315,0.2700302706,9.879001238e-05,0,-0.001529481799,2.74543379e-05,False
2026-03-06,83,majority_baseline,{},0,0.276620498,0.4533492315,0.2700302706,9.879001238e-05,0,0.01782740533,2.738013699e-05,False
2026-03-09,83,majority_baseline,{},0,0.276620498,0.4533492315,0.2700302706,9.879001238e-05,0,-0.0007967568577,2.752853881e-05,False
2026-03-10,83,majority_baseline,{},0,0.276620498,0.4533492315,0.2700302706,9.879001238e-05,0,-0.001844800586,2.752853881e-05,False
2026-03-11,83,majority_baseline,{},0,0.276620498,0.4533492315,0.2700302706,9.879001238e-05,0,-0.00759874808,2.752853881e-05,False
2026-03-12,83,majority_baseline,{},0,0.276620498,0.4533492315,0.2700302706,9.879001238e-05,0,-0.01042933536,2.760273973e-05,False
2026-03-13,83,majority_baseline,{},0,0.276620498,0.4533492315,0.2700302706,9.879001238e-05,0,0.0009725372532,2.760273973e-05,False
2026-03-16,83,majority_baseline,{},0,0.276620498,0.4533492315,0.2700302706,9.879001238e-05,0,-0.002379625736,2.760273973e-05,False
2026-03-17,83,majority_baseline,{},0,0.276620498,0.4533492315,0.2700302706,9.879001238e-05,0,-0.01036865293,2.760273973e-05,False
2026-03-18,83,majority_baseline,{},0,0.276620498,0.4533492315,0.2700302706,9.879001238e-05,0,0.004307680995,2.767694064e-05,False
2026-03-19,83,majority_baseline,{},0,0.276620498,0.4533492315,0.2700302706,9.879001238e-05,0,-0.0120942595,2.767694064e-05,False
2026-03-20,83,majority_baseline,{},0,0.276620498,0.4533492315,0.2700302706,9.879001238e-05,0,-0.004087714639,2.775114155e-05,False
2026-03-23,83,majority_baseline,{},0,0.276620498,0.4533492315,0.2700302706,9.879001238e-05,0,0.002855716516,2.775114155e-05,False
2026-03-24,83,majority_baseline,{},0,0.276620498,0.4533492315,0.2700302706,9.879001238e-05,0,-0.002808653285,2.775114155e-05,False
2026-03-25,83,majority_baseline,{},0,0.276620498,0.4533492315,0.2700302706,9.879001238e-05,0,-0.01068915559,2.767694064e-05,False
2026-03-26,83,majority_baseline,{},0,0.276620498,0.4533492315,0.2700302706,9.879001238e-05,0,-0.01308945238,2.767694064e-05,False
2026-03-27,84,logistic,"{'C': 0.01, 'class_weight': None}",0,0.3992948415,0.2619363209,0.3387688376,-0.0005886467766,-1,-0.01271658755,2.767694064e-05,False
2026-03-30,84,logistic,"{'C': 0.01, 'class_weight': None}",0,0.3361699499,0.2710213951,0.3928086549,0.0004844808508,1,0.01784208903,2.752853881e-05,False
2026-03-31,84,logistic,"{'C': 0.01, 'class_weight': None}",0,0.3770465811,0.2972544856,0.3256989333,-0.0004706934612,-1,0.002049190624,2.74543379e-05,False
2026-04-01,84,logistic,"{'C': 0.01, 'class_weight': None}",0,0.328284749,0.3752375465,0.2964777045,-0.0002168392052,0,0.01455715243,2.74543379e-05,False
2026-04-02,84,logistic,"{'C': 0.01, 'class_weight': None}",0,0.2820147333,0.4980054232,0.2199798435,-0.0003711876859,0,0.004680888317,2.74543379e-05,False
2026-04-06,84,logistic,"{'C': 0.01, 'class_weight': None}",0,0.262086037,0.5186468344,0.2192671286,-0.000176432378,0,0.003913722968,2.760273973e-05,False
2026-04-07,84,logistic,"{'C': 0.01, 'class_weight': None}",0,0.2593158391,0.5213631824,0.2193209785,-0.0001481210523,0,-0.0005618132201,2.752853881e-05,False
2026-04-08,84,logistic,"{'C': 0.01, 'class_weight': None}",0,0.1617461115,0.6686067284,0.16964716,0.0004311118685,1,0.00751281206,2.738013699e-05,False
2026-04-09,84,logistic,"{'C': 0.01, 'class_weight': None}",0,0.1507580989,0.7034395927,0.1458023084,0.0003484397276,0,-0.002729973117,2.730593607e-05,False
2026-04-10,84,logistic,"{'C': 0.01, 'class_weight': None}",0,0.1200544307,0.7644397624,0.115505807,0.0004118709594,0,0.01282827645,2.738013699e-05,False
2026-04-13,84,logistic,"{'C': 0.01, 'class_weight': None}",0,0.1475082913,0.7071520282,0.1453396805,0.0003773915643,0,0.009844580439,2.752853881e-05,False
2026-04-14,84,logistic,"{'C': 0.01, 'class_weight': None}",0,0.120228774,0.7402964204,0.1394748056,0.0006043609898,1,0.006731284217,2.752853881e-05,False
2026-04-15,84,logistic,"{'C': 0.01, 'class_weight': None}",0,0.1177102447,0.7629075231,0.1193822321,0.0004668736518,1,0.0008558120467,2.752853881e-05,False
2026-04-16,84,logistic,"{'C': 0.01, 'class_weight': None}",0,0.1127070842,0.7723842759,0.1149086399,0.0004809636965,1,0.005664599051,2.74543379e-05,False
2026-04-17,84,logistic,"{'C': 0.01, 'class_weight': None}",0,0.09181451613,0.8001534029,0.108032081,0.000635466214,1,-8.473521766e-05,2.74543379e-05,False
2026-04-20,84,logistic,"{'C': 0.01, 'class_weight': None}",0,0.1248431858,0.7415136414,0.1336431728,0.0005106693373,1,-0.008728968712,2.752853881e-05,False
2026-04-21,84,logistic,"{'C': 0.01, 'class_weight': None}",0,0.1696948585,0.6789988519,0.1513062896,0.0002024940523,0,0.002904882561,2.738013699e-05,False
2026-04-22,84,logistic,"{'C': 0.01, 'class_weight': None}",0,0.147098031,0.7004896941,0.1524122749,0.0004388359637,1,-0.00147989831,2.738013699e-05,False
2026-04-23,84,logistic,"{'C': 0.01, 'class_weight': None}",0,0.1769781058,0.6567592608,0.1662626334,0.000250412827,0,0.004488220192,2.738013699e-05,False
2026-04-24,84,logistic,"{'C': 0.01, 'class_weight': None}",0,0.1242544217,0.7450696266,0.1306759517,0.0004925474271,1,0.002804380536,2.738013699e-05,False
2026-04-27,84,logistic,"{'C': 0.01, 'class_weight': None}",0,0.1703155086,0.6738144984,0.155869993,0.0002332329762,0,-0.0001826372764,2.730593607e-05,False
2026-04-28,85,logistic,"{'C': 0.01, 'class_weight': None}",0,0.2152904222,0.5873078002,0.1974017776,0.000141201698,0,0.0008157765463,2.730593607e-05,False
2026-04-29,85,logistic,"{'C': 0.01, 'class_weight': None}",0,0.2623224351,0.5358509997,0.2018265652,-0.0002958793637,0,0.005639237424,2.730593607e-05,False
2026-04-30,85,logistic,"{'C': 0.01, 'class_weight': None}",0,0.2253666808,0.5523083029,0.2223250163,0.0002418932745,0,-0.0008318551368,2.730593607e-05,False
2026-05-01,85,logistic,"{'C': 0.01, 'class_weight': None}",0,0.2312335468,0.5513305101,0.2174359431,0.0001432683217,0,-0.002860829564,2.730593607e-05,False
2026-05-04,85,logistic,"{'C': 0.01, 'class_weight': None}",0,0.2825313971,0.5070276371,0.2104409657,-0.0004292729254,-1,0.002770965756,2.74543379e-05,False
2026-05-05,85,logistic,"{'C': 0.01, 'class_weight': None}",0,0.2488282364,0.5275080919,0.2236636717,1.681815275e-05,0,0.007786810725,2.738013699e-05,False
2026-05-06,85,logistic,"{'C': 0.01, 'class_weight': None}",0,0.223126254,0.5365063078,0.2403674382,0.0004106666016,0,-0.004720727521,2.738013699e-05,False
2026-05-07,85,logistic,"{'C': 0.01, 'class_weight': None}",0,0.2576602228,0.5162149762,0.2261248011,-5.204606471e-05,0,0.003660215867,2.738013699e-05,False
2026-05-08,85,logistic,"{'C': 0.01, 'class_weight': None}",0,0.180716905,0.6199660017,0.1993170933,0.0005043922022,1,0.003869883365,2.738013699e-05,False
2026-05-11,85,logistic,"{'C': 0.01, 'class_weight': None}",0,0.2647089007,0.5125545945,0.2227365048,-0.0001503904923,0,0.001750570699,2.74543379e-05,False
2026-05-12,85,logistic,"{'C': 0.01, 'class_weight': None}",0,0.2627217645,0.5058642746,0.2314139609,-6.007251595e-05,0,0.005199977041,2.74543379e-05,False
2026-05-13,85,logistic,"{'C': 0.01, 'class_weight': None}",0,0.2588630113,0.5338920719,0.2072449168,-0.000217173168,0,0.006078072162,2.738013699e-05,False
2026-05-14,85,logistic,"{'C': 0.01, 'class_weight': None}",0,0.2375840944,0.5509872831,0.2114286225,3.071552093e-05,0,-0.003531990392,2.738013699e-05,False
2026-05-15,85,logistic,"{'C': 0.01, 'class_weight': None}",0,0.3057247588,0.5014455956,0.1928296456,-0.0008052513151,-1,-0.001594951056,2.738013699e-05,False
2026-05-18,85,logistic,"{'C': 0.01, 'class_weight': None}",0,0.30703993,0.462772189,0.230187881,-0.0005156670117,-1,-0.001429065489,2.730593607e-05,False
2026-05-19,85,logistic,"{'C': 0.01, 'class_weight': None}",0,0.3876809306,0.3512824954,0.261036574,-0.001076534136,-1,0.007530110945,2.723173516e-05,False
2026-05-20,85,logistic,"{'C': 0.01, 'class_weight': None}",0,0.3240670703,0.3943113921,0.2816215377,-0.0002699905869,0,0.005523605487,2.708333333e-05,False
2026-05-21,85,logistic,"{'C': 0.01, 'class_weight': None}",0,0.3545721669,0.395468067,0.2499597661,-0.0008333814121,-1,-0.000803998205,2.730593607e-05,False
2026-05-22,85,logistic,"{'C': 0.01, 'class_weight': None}",0,0.3098983677,0.4374035395,0.2526980928,-0.0003619531117,0,0.0007733458226,2.730593607e-05,False
2026-05-26,85,logistic,"{'C': 0.01, 'class_weight': None}",0,0.3004177076,0.3961711707,0.3034111217,0.0001444404485,0,-0.0005593209282,2.730593607e-05,False
2026-05-27,85,logistic,"{'C': 0.01, 'class_weight': None}",0,0.2679997444,0.4358039466,0.296196309,0.000411950231,0,0.005798034695,2.730593607e-05,False
2026-05-28,86,logistic,"{'C': 0.01, 'class_weight': None}",0,0.2306090479,0.4822562606,0.2871346915,0.0007247324365,1,0.0007672390975,2.738013699e-05,False
2026-05-29,86,logistic,"{'C': 0.01, 'class_weight': None}",0,0.2164212729,0.5045418104,0.2790369167,0.0008020489868,1,0.004209903525,2.738013699e-05,False
2026-06-01,86,logistic,"{'C': 0.01, 'class_weight': None}",0,0.2481426338,0.4310416915,0.3208156747,0.0008196397182,1,0.003355187905,2.804794521e-05,False
2026-06-02,86,logistic,"{'C': 0.01, 'class_weight': None}",0,0.224843024,0.511084092,0.2640728841,0.0005970957738,1,-0.005157335721,2.797374429e-05,False
2026-06-03,86,logistic,"{'C': 0.01, 'class_weight': None}",0,0.2754723606,0.4075715578,0.3169560816,0.0005141618456,1,0.006634824363,2.804794521e-05,False
2026-06-04,86,logistic,"{'C': 0.01, 'class_weight': None}",0,0.2398536662,0.4582405899,0.3019057439,0.0007507391653,1,-0.01961958468,2.804794521e-05,False
2026-06-05,86,logistic,"{'C': 0.01, 'class_weight': None}",0,0.3215953453,0.3131261099,0.3652785448,0.000439786007,1,-0.005569326662,2.804794521e-05,False
2026-06-08,86,logistic,"{'C': 0.01, 'class_weight': None}",0,0.3366561027,0.2972907714,0.3660531258,0.000294787501,0,-0.008848509399,2.819634703e-05,False
2026-06-09,86,logistic,"{'C': 0.01, 'class_weight': None}",0,0.3276935048,0.2759593838,0.3963471114,0.0006285030053,1,-0.01085373651,2.812214612e-05,False
2026-06-10,86,logistic,"{'C': 0.01, 'class_weight': None}",0,0.3818622957,0.2339987741,0.3841389302,-1.364037909e-05,0,0.01234974453,2.812214612e-05,False
2026-06-11,86,logistic,"{'C': 0.01, 'class_weight': None}",0,0.298060362,0.2922223438,0.4097172942,0.00103362418,1,0.001404028572,2.804794521e-05,False
2026-06-12,86,logistic,"{'C': 0.01, 'class_weight': None}",0,0.2700406855,0.4039768453,0.3259824692,0.0006413215784,1,0.003963611904,2.804794521e-05,False
2026-06-15,86,logistic,"{'C': 0.01, 'class_weight': None}",0,0.2451547812,0.440293809,0.3145514098,0.0007992449207,1,-0.005592698771,2.812214612e-05,False
2026-06-16,86,logistic,"{'C': 0.01, 'class_weight': None}",0,0.2452588195,0.4178171066,0.3369240739,0.000978191231,1,-0.01374962577,2.812214612e-05,False
2026-06-17,86,logistic,"{'C': 0.01, 'class_weight': None}",0,0.2799921401,0.3523038923,0.3677039676,0.0008770505712,1,-0.001364100228,2.841894977e-05,False
2026-06-18,86,logistic,"{'C': 0.01, 'class_weight': None}",0,0.254035931,0.3894031501,0.3565609189,0.001048038286,1,-0.004426905906,2.841894977e-05,False
2026-06-22,86,logistic,"{'C': 0.01, 'class_weight': None}",0,0.2720059485,0.4408363115,0.28715774,0.0003092377175,0,-0.0003134060598,2.85673516e-05,False
2026-06-23,86,logistic,"{'C': 0.01, 'class_weight': None}",0,0.3076231152,0.3621029079,0.330273977,0.0002984695487,0,-0.002625233272,2.85673516e-05,False
2026-06-24,86,logistic,"{'C': 0.01, 'class_weight': None}",0,0.236608205,0.3973585431,0.366033252,0.001299242074,1,-0.006238899822,2.85673516e-05,False
2026-06-25,86,logistic,"{'C': 0.01, 'class_weight': None}",0,0.2672169443,0.3599365044,0.3728465513,0.001046703347,1,5.48432668e-05,2.849315068e-05,False
2026-06-26,86,logistic,"{'C': 0.01, 'class_weight': None}",0,0.2418532362,0.4161121365,0.3420346273,0.0010535029,1,0.006068959204,2.841894977e-05,False
2026-06-29,87,logistic,"{'C': 0.01, 'class_weight': None}",0,0.2596513095,0.4373313163,0.3030173742,0.0005427175096,1,0.00739257465,2.871575342e-05,False
2026-06-30,87,logistic,"{'C': 0.01, 'class_weight': None}",0,0.2581191096,0.4710940649,0.2707868256,0.0002988541609,0,0.001020147383,2.871575342e-05,False
2026-07-01,87,logistic,"{'C': 0.01, 'class_weight': None}",0,0.2555264433,0.467737628,0.2767359287,0.0003727727521,0,-0.003505479013,2.85673516e-05,False
2026-07-02,87,logistic,"{'C': 0.01, 'class_weight': None}",0,0.2424761091,0.5045351261,0.2529887648,0.0003129392522,0,0.003392418107,2.834474886e-05,False
2026-07-06,87,logistic,"{'C': 0.01, 'class_weight': None}",0,0.1990255208,0.5738776153,0.2270968639,0.0005414584347,1,-0.003345617016,2.871575342e-05,False
2026-07-07,87,logistic,"{'C': 0.01, 'class_weight': None}",0,0.2423243633,0.5247052975,0.2329703392,0.0001534342653,0,0.003014224906,2.864155251e-05,False
2026-07-08,87,logistic,"{'C': 0.01, 'class_weight': None}",0,0.2469716181,0.5115654434,0.2414629385,0.000175032138,0,0.005834008888,2.871575342e-05,False
2026-07-09,87,logistic,"{'C': 0.01, 'class_weight': None}",0,0.2205911451,0.5380819803,0.2413268746,0.0004391330822,1,0.003856159095,2.841894977e-05,False
2026-07-10,87,logistic,"{'C': 0.01, 'class_weight': None}",0,0.1814941716,0.6138759352,0.2046298933,0.0005369693325,1,-0.004385540857,2.85673516e-05,False
2026-07-13,87,logistic,"{'C': 0.01, 'class_weight': None}",0,0.2869245332,0.4642000988,0.248875368,-0.000166976847,0,0.001225238754,2.886415525e-05,False
2026-07-14,87,logistic,"{'C': 0.01, 'class_weight': None}",0,0.2477232835,0.4921614988,0.2601152177,0.0003175168675,0,0.0007557374409,2.849315068e-05,False
2026-07-15,87,logistic,"{'C': 0.01, 'class_weight': None}",0,0.2173449549,0.5206704162,0.261984629,0.0006379393947,1,-0.002710079007,2.841894977e-05,False
2026-07-16,87,logistic,"{'C': 0.01, 'class_weight': None}",0,0.2731703571,0.4591451989,0.267684444,0.00012259231,0,0.001630499235,2.849315068e-05,False
2026-07-17,87,logistic,"{'C': 0.01, 'class_weight': None}",0,0.2898348515,0.4175025783,0.2926625701,0.0001559956725,0,-0.00665270623,2.85673516e-05,False
2026-07-20,87,logistic,"{'C': 0.01, 'class_weight': None}",0,0.351109003,0.3543975769,0.29449342,-0.0004452485399,-1,0.002666592556,2.864155251e-05,False
2026-07-21,87,logistic,"{'C': 0.01, 'class_weight': None}",0,0.2794039497,0.453095467,0.2675005833,5.844876486e-05,0,0.001058072386,2.871575342e-05,False
2026-07-22,87,logistic,"{'C': 0.01, 'class_weight': None}",0,0.3098335812,0.4316946893,0.2584717295,-0.0003200808483,0,-0.001609481596,2.886415525e-05,False
2026-07-23,87,logistic,"{'C': 0.01, 'class_weight': None}",0,0.3475669322,0.3609801552,0.2914529126,-0.00043409928,-1,0.000568689516,2.930936073e-05,False
2026-07-24,87,logistic,"{'C': 0.01, 'class_weight': None}",0,0.307874474,0.4229360153,0.2691895107,-0.0002141714702,0,-0.007812952451,2.938356164e-05,False
2026-07-27,87,logistic,"{'C': 0.01, 'class_weight': None}",0,0.3059853255,0.3924739524,0.3015407221,6.505635336e-05,0,0.002259206692,2.938356164e-05,False
2026-07-28,87,logistic,"{'C': 0.01, 'class_weight': None}",0,0.3004680528,0.3846692708,0.3148626764,0.0002276832247,0,-0.01420320975,2.893835616e-05,False
2026-07-29,88,logistic,"{'C': 0.01, 'class_weight': None}",0,0.332476255,0.3587005161,0.3088232289,-0.0001455979411,0,0.007662542889,2.841894977e-05,False
2026-07-30,88,logistic,"{'C': 0.01, 'class_weight': None}",0,0.2838701976,0.4323407051,0.2837890973,0.0001403744986,0,0.003155767072,2.834474886e-05,False
2026-07-31,88,logistic,"{'C': 0.01, 'class_weight': None}",0,0.2701761152,0.4879786214,0.2418452634,-5.974882609e-05,0,0.01098150682,2.841894977e-05,False
2026-08-03,88,logistic,"{'C': 0.01, 'class_weight': None}",0,0.2570093259,0.4709003896,0.2720902845,0.0003155907324,0,0.01406730228,2.901255708e-05,False
2026-08-04,88,logistic,"{'C': 0.01, 'class_weight': None}",0,0.2428733638,0.5211995617,0.2359270744,0.0001664024681,0,-0.00781078532,2.886415525e-05,False
2026-08-05,88,logistic,"{'C': 0.01, 'class_weight': None}",0,0.2207173838,0.5611822239,0.2181003922,0.0002451452368,0,-0.002142304505,2.886415525e-05,False
2026-08-06,88,logistic,"{'C': 0.01, 'class_weight': None}",0,0.2215377199,0.5648566263,0.2136056538,0.0002007602073,0,0.002905229752,2.893835616e-05,False
2026-08-07,88,logistic,"{'C': 0.01, 'class_weight': None}",0,0.1995154278,0.5843683504,0.2161162218,0.0004417730478,1,0.0005566317805,2.871575342e-05,False
2026-08-10,88,logistic,"{'C': 0.01, 'class_weight': None}",0,0.2231299043,0.5600636471,0.2168064485,0.0002105454893,0,-0.005125729862,2.886415525e-05,False
2026-08-11,88,logistic,"{'C': 0.01, 'class_weight': None}",0,0.2228024597,0.5541178262,0.2230797141,0.0002642963594,0,-0.00286562938,2.886415525e-05,False
2026-08-12,88,logistic,"{'C': 0.01, 'class_weight': None}",0,0.2250452374,0.5504762137,0.2244785489,0.0002530616632,0,0.003884535237,2.871575342e-05,False
2026-08-13,88,logistic,"{'C': 0.01, 'class_weight': None}",0,0.2199190668,0.5458753508,0.2342055823,0.0003827140657,0,-0.002825739412,2.871575342e-05,False
2026-08-14,88,logistic,"{'C': 0.01, 'class_weight': None}",0,0.2178537304,0.5721601334,0.2099861362,0.0002085807048,0,-0.004522159593,2.864155251e-05,False
2026-08-17,88,logistic,"{'C': 0.01, 'class_weight': None}",0,0.2494007487,0.5154938467,0.2351054046,9.434270941e-05,0,-0.001626121998,2.871575342e-05,False
2026-08-18,88,logistic,"{'C': 0.01, 'class_weight': None}",0,0.2628325732,0.4795133603,0.2576540665,0.0001410640203,0,-0.001687506912,2.864155251e-05,False
2026-08-19,88,logistic,"{'C': 0.01, 'class_weight': None}",0,0.259960388,0.4745510756,0.2654885364,0.0002328904752,0,-0.004386712496,2.864155251e-05,False
2026-08-20,88,logistic,"{'C': 0.01, 'class_weight': None}",0,0.3005454866,0.4275728029,0.2718817105,-0.0001226205894,0,-0.0004308036098,2.871575342e-05,False
