date,step,label,raw_short,raw_flat,raw_long,cal_short,cal_flat,cal_long,calibration_skipped
2019-03-21,0,-1,0.25,0.5,0.25,0.2729545228,0.4601682731,0.2668772041,False
2019-03-22,0,0,0.25,0.5,0.25,0.2729545228,0.4601682731,0.2668772041,False
2019-03-25,0,0,0.25,0.5,0.25,0.2729545228,0.4601682731,0.2668772041,False
2019-03-26,0,-1,0.25,0.5,0.25,0.2729545228,0.4601682731,0.2668772041,False
2019-03-27,0,0,0.25,0.5,0.25,0.2729545228,0.4601682731,0.2668772041,False
2019-03-28,0,0,0.25,0.5,0.25,0.2729545228,0.4601682731,0.2668772041,False
2019-03-29,0,1,0.25,0.5,0.25,0.2729545228,0.4601682731,0.2668772041,False
2019-04-01,0,0,0.25,0.5,0.25,0.2729545228,0.4601682731,0.2668772041,False
2019-04-02,0,0,0.25,0.5,0.25,0.2729545228,0.4601682731,0.2668772041,False
2019-04-03,0,0,0.25,0.5,0.25,0.2729545228,0.4601682731,0.2668772041,False
2019-04-04,0,0,0.25,0.5,0.25,0.2729545228,0.4601682731,0.2668772041,False
2019-04-05,0,0,0.25,0.5,0.25,0.2729545228,0.4601682731,0.2668772041,False
2019-04-08,0,0,0.25,0.5,0.25,0.2729545228,0.4601682731,0.2668772041,False
2019-04-09,0,0,0.25,0.5,0.25,0.2729545228,0.4601682731,0.2668772041,False
2019-04-10,0,0,0.25,0.5,0.25,0.2729545228,0.4601682731,0.2668772041,False
2019-04-11,0,0,0.25,0.5,0.25,0.2729545228,0.4601682731,0.2668772041,False
2019-04-12,0,0,0.25,0.5,0.25,0.2729545228,0.4601682731,0.2668772041,False
2019-04-15,0,0,0.25,0.5,0.25,0.2729545228,0.4601682731,0.2668772041,False
2019-04-16,0,-1,0.25,0.5,0.25,0.2729545228,0.4601682731,0.2668772041,False
2019-04-17,0,0,0.25,0.5,0.25,0.2729545228,0.4601682731,0.2668772041,False
2019-04-18,0,1,0.25,0.5,0.25,0.2729545228,0.4601682731,0.2668772041,False
2019-04-22,1,1,0.2507345739,0.4985308521,0.2507345739,0.2533437135,0.4899967412,0.2566595453,False
2019-04-23,1,-1,0.2507345739,0.4985308521,0.2507345739,0.2533437135,0.4899967412,0.2566595453,False
2019-04-24,1,0,0.2507345739,0.4985308521,0.2507345739,0.2533437135,0.4899967412,0.2566595453,False
2019-04-25,1,1,0.2507345739,0.4985308521,0.2507345739,0.2533437135,0.4899967412,0.2566595453,False
2019-04-26,1,0,0.2507345739,0.4985308521,0.2507345739,0.2533437135,0.4899967412,0.2566595453,False
2019-04-29,1,0,0.2507345739,0.4985308521,0.2507345739,0.2533437135,0.4899967412,0.2566595453,False
2019-04-30,1,-1,0.2507345739,0.4985308521,0.2507345739,0.2533437135,0.4899967412,0.2566595453,False
2019-05-01,1,-1,0.2507345739,0.4985308521,0.2507345739,0.2533437135,0.4899967412,0.2566595453,False
2019-05-02,1,1,0.2507345739,0.4985308521,0.2507345739,0.2533437135,0.4899967412,0.2566595453,False
2019-05-03,1,1,0.2507345739,0.4985308521,0.2507345739,0.2533437135,0.4899967412,0.2566595453,False
2019-05-06,1,-1,0.2507345739,0.4985308521,0.2507345739,0.2533437135,0.4899967412,0.2566595453,False
2019-05-07,1,0,0.2507345739,0.4985308521,0.2507345739,0.2533437135,0.4899967412,0.2566595453,False
2019-05-08,1,1,0.2507345739,0.4985308521,0.2507345739,0.2533437135,0.4899967412,0.2566595453,False
2019-05-09,1,1,0.2507345739,0.4985308521,0.2507345739,0.2533437135,0.4899967412,0.2566595453,False
2019-05-10,1,-1,0.2507345739,0.4985308521,0.2507345739,0.2533437135,0.4899967412,0.2566595453,False
2019-05-13,1,1,0.2507345739,0.4985308521,0.2507345739,0.2533437135,0.4899967412,0.2566595453,False
2019-05-14,1,1,0.2507345739,0.4985308521,0.2507345739,0.2533437135,0.4899967412,0.2566595453,False
2019-05-15,1,1,0.2507345739,0.4985308521,0.2507345739,0.2533437135,0.4899967412,0.2566595453,False
2019-05-16,1,0,0.2507345739,0.4985308521,0.2507345739,0.2533437135,0.4899967412,0.2566595453,False
2019-05-17,1,0,0.2507345739,0.4985308521,0.2507345739,0.2533437135,0.4899967412,0.2566595453,False
2019-05-20,1,0,0.2507345739,0.4985308521,0.2507345739,0.2533437135,0.4899967412,0.2566595453,False
2019-05-21,2,0,0.2504798464,0.4990403071,0.2504798464,0.2571518746,0.483197196,0.2596509294,False
2019-05-22,2,-1,0.2504798464,0.4990403071,0.2504798464,0.2571518746,0.483197196,0.2596509294,False
2019-05-23,2,0,0.2504798464,0.4990403071,0.2504798464,0.2571518746,0.483197196,0.2596509294,False
2019-05-24,2,-1,0.2504798464,0.4990403071,0.2504798464,0.2571518746,0.483197196,0.2596509294,False
2019-05-28,2,0,0.2504798464,0.4990403071,0.2504798464,0.2571518746,0.483197196,0.2596509294,False
2019-05-29,2,0,0.2504798464,0.4990403071,0.2504798464,0.2571518746,0.483197196,0.2596509294,False
2019-05-30,2,0,0.2504798464,0.4990403071,0.2504798464,0.2571518746,0.483197196,0.2596509294,False
2019-05-31,2,0,0.2504798464,0.4990403071,0.2504798464,0.2571518746,0.483197196,0.2596509294,False
2019-06-03,2,1,0.2504798464,0.4990403071,0.2504798464,0.2571518746,0.483197196,0.2596509294,False
2019-06-04,2,0,0.2504798464,0.4990403071,0.2504798464,0.2571518746,0.483197196,0.2596509294,False
2019-06-05,2,1,0.2504798464,0.4990403071,0.2504798464,0.2571518746,0.483197196,0.2596509294,False
2019-06-06,2,1,0.2504798464,0.4990403071,0.2504798464,0.2571518746,0.483197196,0.2596509294,False
2019-06-07,2,0,0.2504798464,0.4990403071,0.2504798464,0.2571518746,0.483197196,0.2596509294,False
2019-06-10,2,-1,0.2504798464,0.4990403071,0.2504798464,0.2571518746,0.483197196,0.2596509294,False
2019-06-11,2,0,0.2504798464,0.4990403071,0.2504798464,0.2571518746,0.483197196,0.2596509294,False
2019-06-12,2,0,0.2504798464,0.4990403071,0.2504798464,0.2571518746,0.483197196,0.2596509294,False
2019-06-13,2,0,0.2504798464,0.4990403071,0.2504798464,0.2571518746,0.483197196,0.2596509294,False
2019-06-14,2,0,0.2504798464,0.4990403071,0.2504798464,0.2571518746,0.483197196,0.2596509294,False
2019-06-17,2,0,0.2504798464,0.4990403071,0.2504798464,0.2571518746,0.483197196,0.2596509294,False
2019-06-18,2,0,0.2504798464,0.4990403071,0.2504798464,0.2571518746,0.483197196,0.2596509294,False
2019-06-19,2,0,0.2504798464,0.4990403071,0.2504798464,0.2571518746,0.483197196,0.2596509294,False
2019-06-20,3,0,0.2502351834,0.4995296331,0.2502351834,0.2469801536,0.4899595318,0.2630603146,False
2019-06-21,3,0,0.2502351834,0.4995296331,0.2502351834,0.2469801536,0.4899595318,0.2630603146,False
2019-06-24,3,-1,0.2502351834,0.4995296331,0.2502351834,0.2469801536,0.4899595318,0.2630603146,False
2019-06-25,3,-1,0.2502351834,0.4995296331,0.2502351834,0.2469801536,0.4899595318,0.2630603146,False
2019-06-26,3,0,0.2502351834,0.4995296331,0.2502351834,0.2469801536,0.4899595318,0.2630603146,False
2019-06-27,3,0,0.2502351834,0.4995296331,0.2502351834,0.2469801536,0.4899595318,0.2630603146,False
2019-06-28,3,-1,0.2502351834,0.4995296331,0.2502351834,0.2469801536,0.4899595318,0.2630603146,False
2019-07-01,3,0,0.2502351834,0.4995296331,0.2502351834,0.2469801536,0.4899595318,0.2630603146,False
2019-07-02,3,1,0.2502351834,0.4995296331,0.2502351834,0.2469801536,0.4899595318,0.2630603146,False
2019-07-03,3,1,0.2502351834,0.4995296331,0.2502351834,0.2469801536,0.4899595318,0.2630603146,False
2019-07-05,3,0,0.2502351834,0.4995296331,0.2502351834,0.2469801536,0.4899595318,0.2630603146,False
2019-07-08,3,1,0.2502351834,0.4995296331,0.2502351834,0.2469801536,0.4899595318,0.2630603146,False
2019-07-09,3,0,0.2502351834,0.4995296331,0.2502351834,0.2469801536,0.4899595318,0.2630603146,False
2019-07-10,3,0,0.2502351834,0.4995296331,0.2502351834,0.2469801536,0.4899595318,0.2630603146,False
2019-07-11,3,1,0.2502351834,0.4995296331,0.2502351834,0.2469801536,0.4899595318,0.2630603146,False
2019-07-12,3,0,0.2502351834,0.4995296331,0.2502351834,0.2469801536,0.4899595318,0.2630603146,False
2019-07-15,3,-1,0.2502351834,0.4995296331,0.2502351834,0.2469801536,0.4899595318,0.2630603146,False
2019-07-16,3,-1,0.2502351834,0.4995296331,0.2502351834,0.2469801536,0.4899595318,0.2630603146,False
2019-07-17,3,1,0.2502351834,0.4995296331,0.2502351834,0.2469801536,0.4899595318,0.2630603146,False
2019-07-18,3,-1,0.2502351834,0.4995296331,0.2502351834,0.2469801536,0.4899595318,0.2630603146,False
2019-07-19,3,0,0.2502351834,0.4995296331,0.2502351834,0.2469801536,0.4899595318,0.2630603146,False
2019-07-22,4,1,0.25,0.5,0.25,0.2467142722,0.486822886,0.2664628418,False
2019-07-23,4,1,0.25,0.5,0.25,0.2467142722,0.486822886,0.2664628418,False
2019-07-24,4,-1,0.25,0.5,0.25,0.2467142722,0.486822886,0.2664628418,False
2019-07-25,4,1,0.25,0.5,0.25,0.2467142722,0.486822886,0.2664628418,False
2019-07-26,4,0,0.25,0.5,0.25,0.2467142722,0.486822886,0.2664628418,False
2019-07-29,4,1,0.25,0.5,0.25,0.2467142722,0.486822886,0.2664628418,False
2019-07-30,4,-1,0.25,0.5,0.25,0.2467142722,0.486822886,0.2664628418,False
2019-07-31,4,-1,0.25,0.5,0.25,0.2467142722,0.486822886,0.2664628418,False
2019-08-01,4,-1,0.25,0.5,0.25,0.2467142722,0.486822886,0.2664628418,False
2019-08-02,4,-1,0.25,0.5,0.25,0.2467142722,0.486822886,0.2664628418,False
2019-08-05,4,1,0.25,0.5,0.25,0.2467142722,0.486822886,0.2664628418,False
2019-08-06,4,1,0.25,0.5,0.25,0.2467142722,0.486822886,0.2664628418,False
2019-08-07,4,1,0.25,0.5,0.25,0.2467142722,0.486822886,0.2664628418,False
2019-08-08,4,0,0.25,0.5,0.25,0.2467142722,0.486822886,0.2664628418,False
2019-08-09,4,-1,0.25,0.5,0.25,0.2467142722,0.486822886,0.2664628418,False
2019-08-12,4,1,0.25,0.5,0.25,0.2467142722,0.486822886,0.2664628418,False
2019-08-13,4,-1,0.25,0.5,0.25,0.2467142722,0.486822886,0.2664628418,False
2019-08-14,4,0,0.25,0.5,0.25,0.2467142722,0.486822886,0.2664628418,False
2019-08-15,4,1,0.25,0.5,0.25,0.2467142722,0.486822886,0.2664628418,False
2019-08-16,4,0,0.25,0.5,0.25,0.2467142722,0.486822886,0.2664628418,False
2019-08-19,4,-1,0.25,0.5,0.25,0.2467142722,0.486822886,0.2664628418,False
2019-08-20,5,0,0.250678733,0.4986425339,0.250678733,0.2598949326,0.4702065239,0.2698985435,False
2019-08-21,5,0,0.250678733,0.4986425339,0.250678733,0.2598949326,0.4702065239,0.2698985435,False
2019-08-22,5,-1,0.250678733,0.4986425339,0.250678733,0.2598949326,0.4702065239,0.2698985435,False
2019-08-23,5,0,0.250678733,0.4986425339,0.250678733,0.2598949326,0.4702065239,0.2698985435,False
2019-08-26,5,-1,0.250678733,0.4986425339,0.250678733,0.2598949326,0.4702065239,0.2698985435,False
2019-08-27,5,1,0.250678733,0.4986425339,0.250678733,0.2598949326,0.4702065239,0.2698985435,False
2019-08-28,5,0,0.250678733,0.4986425339,0.250678733,0.2598949326,0.4702065239,0.2698985435,False
2019-08-29,5,0,0.250678733,0.4986425339,0.250678733,0.2598949326,0.4702065239,0.2698985435,False
2019-08-30,5,0,0.250678733,0.4986425339,0.250678733,0.2598949326,0.4702065239,0.2698985435,False
2019-09-03,5,0,0.250678733,0.4986425339,0.250678733,0.2598949326,0.4702065239,0.2698985435,False
2019-09-04,5,0,0.250678733,0.4986425339,0.250678733,0.2598949326,0.4702065239,0.2698985435,False
2019-09-05,5,0,0.250678733,0.4986425339,0.250678733,0.2598949326,0.4702065239,0.2698985435,False
2019-09-06,5,0,0.250678733,0.4986425339,0.250678733,0.2598949326,0.4702065239,0.2698985435,False
2019-09-09,5,0,0.250678733,0.4986425339,0.250678733,0.2598949326,0.4702065239,0.2698985435,False
2019-09-10,5,0,0.250678733,0.4986425339,0.250678733,0.2598949326,0.4702065239,0.2698985435,False
2019-09-11,5,0,0.250678733,0.4986425339,0.250678733,0.2598949326,0.4702065239,0.2698985435,False
2019-09-12,5,0,0.250678733,0.4986425339,0.250678733,0.2598949326,0.4702065239,0.2698985435,False
2019-09-13,5,0,0.250678733,0.4986425339,0.250678733,0.2598949326,0.4702065239,0.2698985435,False
2019-09-16,5,0,0.250678733,0.4986425339,0.250678733,0.2598949326,0.4702065239,0.2698985435,False
2019-09-17,5,0,0.250678733,0.4986425339,0.250678733,0.2598949326,0.4702065239,0.2698985435,False
2019-09-18,5,0,0.250678733,0.4986425339,0.250678733,0.2598949326,0.4702065239,0.2698985435,False
2019-09-19,6,-1,0.2504440497,0.4991119005,0.2504440497,0.2500238407,0.4933114141,0.2566647452,False
2019-09-20,6,0,0.2504440497,0.4991119005,0.2504440497,0.2500238407,0.4933114141,0.2566647452,False
2019-09-23,6,-1,0.2504440497,0.4991119005,0.2504440497,0.2500238407,0.4933114141,0.2566647452,False
2019-09-24,6,1,0.2504440497,0.4991119005,0.2504440497,0.2500238407,0.4933114141,0.2566647452,False
2019-09-25,6,0,0.2504440497,0.4991119005,0.2504440497,0.2500238407,0.4933114141,0.2566647452,False
2019-09-26,6,-1,0.2504440497,0.4991119005,0.2504440497,0.2500238407,0.4933114141,0.2566647452,False
2019-09-27,6,1,0.2504440497,0.4991119005,0.2504440497,0.2500238407,0.4933114141,0.2566647452,False
2019-09-30,6,-1,0.2504440497,0.4991119005,0.2504440497,0.2500238407,0.4933114141,0.2566647452,False
2019-10-01,6,-1,0.2504440497,0.4991119005,0.2504440497,0.2500238407,0.4933114141,0.2566647452,False
2019-10-02,6,1,0.2504440497,0.4991119005,0.2504440497,0.2500238407,0.4933114141,0.2566647452,False
2019-10-03,6,1,0.2504440497,0.4991119005,0.2504440497,0.2500238407,0.4933114141,0.2566647452,False
2019-10-04,6,0,0.2504440497,0.4991119005,0.2504440497,0.2500238407,0.4933114141,0.2566647452,False
2019-10-07,6,-1,0.2504440497,0.4991119005,0.2504440497,0.2500238407,0.4933114141,0.2566647452,False
2019-10-08,6,0,0.2504440497,0.4991119005,0.2504440497,0.2500238407,0.4933114141,0.2566647452,False
2019-10-09,6,1,0.2504440497,0.4991119005,0.2504440497,0.2500238407,0.4933114141,0.2566647452,False
2019-10-10,6,0,0.2504440497,0.4991119005,0.2504440497,0.2500238407,0.4933114141,0.2566647452,False
2019-10-11,6,0,0.2504440497,0.4991119005,0.2504440497,0.2500238407,0.4933114141,0.2566647452,False
2019-10-14,6,1,0.2504440497,0.4991119005,0.2504440497,0.2500238407,0.4933114141,0.2566647452,False
2019-10-15,6,0,0.2504440497,0.4991119005,0.2504440497,0.2500238407,0.4933114141,0.2566647452,False
2019-10-16,6,0,0.2504440497,0.4991119005,0.2504440497,0.2500238407,0.4933114141,0.2566647452,False
2019-10-17,6,0,0.2504440497,0.4991119005,0.2504440497,0.2500238407,0.4933114141,0.2566647452,False
2019-10-18,7,0,0.2502179599,0.4995640802,0.2502179599,0.2575885131,0.4858769043,0.2565345827,False
2019-10-21,7,-1,0.2502179599,0.4995640802,0.2502179599,0.2575885131,0.4858769043,0.2565345827,False
2019-10-22,7,0,0.2502179599,0.4995640802,0.2502179599,0.2575885131,0.4858769043,0.2565345827,False
2019-10-23,7,0,0.2502179599,0.4995640802,0.2502179599,0.2575885131,0.4858769043,0.2565345827,False
2019-10-24,7,1,0.2502179599,0.4995640802,0.2502179599,0.2575885131,0.4858769043,0.2565345827,False
2019-10-25,7,0,0.2502179599,0.4995640802,0.2502179599,0.2575885131,0.4858769043,0.2565345827,False
2019-10-28,7,0,0.2502179599,0.4995640802,0.2502179599,0.2575885131,0.4858769043,0.2565345827,False
2019-10-29,7,0,0.2502179599,0.4995640802,0.2502179599,0.2575885131,0.4858769043,0.2565345827,False
2019-10-30,7,0,0.2502179599,0.4995640802,0.2502179599,0.2575885131,0.4858769043,0.2565345827,False
2019-10-31,7,1,0.2502179599,0.4995640802,0.2502179599,0.2575885131,0.4858769043,0.2565345827,False
2019-11-01,7,0,0.2502179599,0.4995640802,0.2502179599,0.2575885131,0.4858769043,0.2565345827,False
2019-11-04,7,0,0.2502179599,0.4995640802,0.2502179599,0.2575885131,0.4858769043,0.2565345827,False
2019-11-05,7,0,0.2502179599,0.4995640802,0.2502179599,0.2575885131,0.4858769043,0.2565345827,False
2019-11-06,7,0,0.2502179599,0.4995640802,0.2502179599,0.2575885131,0.4858769043,0.2565345827,False
2019-11-07,7,1,0.2502179599,0.4995640802,0.2502179599,0.2575885131,0.4858769043,0.2565345827,False
2019-11-08,7,1,0.2502179599,0.4995640802,0.2502179599,0.2575885131,0.4858769043,0.2565345827,False
2019-11-11,7,0,0.2502179599,0.4995640802,0.2502179599,0.2575885131,0.4858769043,0.2565345827,False
2019-11-12,7,1,0.2502179599,0.4995640802,0.2502179599,0.2575885131,0.4858769043,0.2565345827,False
2019-11-13,7,1,0.2502179599,0.4995640802,0.2502179599,0.2575885131,0.4858769043,0.2565345827,False
2019-11-14,7,1,0.2502179599,0.4995640802,0.2502179599,0.2575885131,0.4858769043,0.2565345827,False
2019-11-15,7,0,0.2502179599,0.4995640802,0.2502179599,0.2575885131,0.4858769043,0.2565345827,False
2019-11-18,8,-1,0.25,0.5,0.25,0.2473210145,0.496075636,0.2566033495,False
2019-11-19,8,-1,0.25,0.5,0.25,0.2473210145,0.496075636,0.2566033495,False
2019-11-20,8,-1,0.25,0.5,0.25,0.2473210145,0.496075636,0.2566033495,False
2019-11-21,8,0,0.25,0.5,0.25,0.2473210145,0.496075636,0.2566033495,False
2019-11-22,8,1,0.25,0.5,0.25,0.2473210145,0.496075636,0.2566033495,False
2019-11-25,8,1,0.25,0.5,0.25,0.2473210145,0.496075636,0.2566033495,False
2019-11-26,8,1,0.25,0.5,0.25,0.2473210145,0.496075636,0.2566033495,False
2019-11-27,8,-1,0.25,0.5,0.25,0.2473210145,0.496075636,0.2566033495,False
2019-11-29,8,-1,0.25,0.5,0.25,0.2473210145,0.496075636,0.2566033495,False
2019-12-02,8,1,0.25,0.5,0.25,0.2473210145,0.496075636,0.2566033495,False
2019-12-03,8,1,0.25,0.5,0.25,0.2473210145,0.496075636,0.2566033495,False
2019-12-04,8,0,0.25,0.5,0.25,0.2473210145,0.496075636,0.2566033495,False
2019-12-05,8,1,0.25,0.5,0.25,0.2473210145,0.496075636,0.2566033495,False
2019-12-06,8,0,0.25,0.5,0.25,0.2473210145,0.496075636,0.2566033495,False
2019-12-09,8,0,0.25,0.5,0.25,0.2473210145,0.496075636,0.2566033495,False
2019-12-10,8,0,0.25,0.5,0.25,0.2473210145,0.496075636,0.2566033495,False
2019-12-11,8,1,0.25,0.5,0.25,0.2473210145,0.496075636,0.2566033495,False
2019-12-12,8,0,0.25,0.5,0.25,0.2473210145,0.496075636,0.2566033495,False
2019-12-13,8,0,0.25,0.5,0.25,0.2473210145,0.496075636,0.2566033495,False
2019-12-16,8,0,0.25,0.5,0.25,0.2473210145,0.496075636,0.2566033495,False
2019-12-17,8,0,0.25,0.5,0.25,0.2473210145,0.496075636,0.2566033495,False
2019-12-18,9,1,0.2506307822,0.4987384357,0.2506307822,0.2400649047,0.4999386309,0.2599964644,False
2019-12-19,9,0,0.2506307822,0.4987384357,0.2506307822,0.2400649047,0.4999386309,0.2599964644,False
2019-12-20,9,0,0.2506307822,0.4987384357,0.2506307822,0.2400649047,0.4999386309,0.2599964644,False
2019-12-23,9,0,0.2506307822,0.4987384357,0.2506307822,0.2400649047,0.4999386309,0.2599964644,False
2019-12-24,9,1,0.2506307822,0.4987384357,0.2506307822,0.2400649047,0.4999386309,0.2599964644,False
2019-12-26,9,-1,0.2506307822,0.4987384357,0.2506307822,0.2400649047,0.4999386309,0.2599964644,False
2019-12-27,9,-1,0.2506307822,0.4987384357,0.2506307822,0.2400649047,0.4999386309,0.2599964644,False
2019-12-30,9,1,0.2506307822,0.4987384357,0.2506307822,0.2400649047,0.4999386309,0.2599964644,False
2019-12-31,9,1,0.2506307822,0.4987384357,0.2506307822,0.2400649047,0.4999386309,0.2599964644,False
2020-01-02,9,1,0.2506307822,0.4987384357,0.2506307822,0.2400649047,0.4999386309,0.2599964644,False
2020-01-03,9,1,0.2506307822,0.4987384357,0.2506307822,0.2400649047,0.4999386309,0.2599964644,False
2020-01-06,9,0,0.2506307822,0.4987384357,0.2506307822,0.2400649047,0.4999386309,0.2599964644,False
2020-01-07,9,1,0.2506307822,0.4987384357,0.2506307822,0.2400649047,0.4999386309,0.2599964644,False
2020-01-08,9,0,0.2506307822,0.4987384357,0.2506307822,0.2400649047,0.4999386309,0.2599964644,False
2020-01-09,9,-1,0.2506307822,0.4987384357,0.2506307822,0.2400649047,0.4999386309,0.2599964644,False
2020-01-10,9,1,0.2506307822,0.4987384357,0.2506307822,0.2400649047,0.4999386309,0.2599964644,False
2020-01-13,9,0,0.2506307822,0.4987384357,0.2506307822,0.2400649047,0.4999386309,0.2599964644,False
2020-01-14,9,1,0.2506307822,0.4987384357,0.2506307822,0.2400649047,0.4999386309,0.2599964644,False
2020-01-15,9,1,0.2506307822,0.4987384357,0.2506307822,0.2400649047,0.4999386309,0.2599964644,False
2020-01-16,9,0,0.2506307822,0.4987384357,0.2506307822,0.2400649047,0.4999386309,0.2599964644,False
2020-01-17,9,0,0.2506307822,0.4987384357,0.2506307822,0.2400649047,0.4999386309,0.2599964644,False
2020-01-21,10,-1,0.2504132231,0.4991735537,0.2504132231,0.2298857737,0.4999728388,0.2701413876,False
2020-01-22,10,1,0.2504132231,0.4991735537,0.2504132231,0.2298857737,0.4999728388,0.2701413876,False
2020-01-23,10,-1,0.2504132231,0.4991735537,0.2504132231,0.2298857737,0.4999728388,0.2701413876,False
2020-01-24,10,0,0.2504132231,0.4991735537,0.2504132231,0.2298857737,0.4999728388,0.2701413876,False
2020-01-27,10,1,0.2504132231,0.4991735537,0.2504132231,0.2298857737,0.4999728388,0.2701413876,False
2020-01-28,10,-1,0.2504132231,0.4991735537,0.2504132231,0.2298857737,0.4999728388,0.2701413876,False
2020-01-29,10,1,0.2504132231,0.4991735537,0.2504132231,0.2298857737,0.4999728388,0.2701413876,False
2020-01-30,10,-1,0.2504132231,0.4991735537,0.2504132231,0.2298857737,0.4999728388,0.2701413876,False
2020-01-31,10,0,0.2504132231,0.4991735537,0.2504132231,0.2298857737,0.4999728388,0.2701413876,False
2020-02-03,10,0,0.2504132231,0.4991735537,0.2504132231,0.2298857737,0.4999728388,0.2701413876,False
2020-02-04,10,0,0.2504132231,0.4991735537,0.2504132231,0.2298857737,0.4999728388,0.2701413876,False
2020-02-05,10,0,0.2504132231,0.4991735537,0.2504132231,0.2298857737,0.4999728388,0.2701413876,False
2020-02-06,10,0,0.2504132231,0.4991735537,0.2504132231,0.2298857737,0.4999728388,0.2701413876,False
2020-02-07,10,1,0.2504132231,0.4991735537,0.2504132231,0.2298857737,0.4999728388,0.2701413876,False
2020-02-10,10,0,0.2504132231,0.4991735537,0.2504132231,0.2298857737,0.4999728388,0.2701413876,False
2020-02-11,10,0,0.2504132231,0.4991735537,0.2504132231,0.2298857737,0.4999728388,0.2701413876,False
2020-02-12,10,0,0.2504132231,0.4991735537,0.2504132231,0.2298857737,0.4999728388,0.2701413876,False
2020-02-13,10,0,0.2504132231,0.4991735537,0.2504132231,0.2298857737,0.4999728388,0.2701413876,False
2020-02-14,10,0,0.2504132231,0.4991735537,0.2504132231,0.2298857737,0.4999728388,0.2701413876,False
2020-02-18,10,0,0.2504132231,0.4991735537,0.2504132231,0.2298857737,0.4999728388,0.2701413876,False
2020-02-19,10,0,0.2504132231,0.4991735537,0.2504132231,0.2298857737,0.4999728388,0.2701413876,False
2020-02-20,11,-1,0.2502030869,0.4995938262,0.2502030869,0.2265539795,0.5136157215,0.259830299,False
2020-02-21,11,0,0.2502030869,0.4995938262,0.2502030869,0.2265539795,0.5136157215,0.259830299,False
2020-02-24,11,-1,0.2502030869,0.4995938262,0.2502030869,0.2265539795,0.5136157215,0.259830299,False
2020-02-25,11,-1,0.2502030869,0.4995938262,0.2502030869,0.2265539795,0.5136157215,0.259830299,False
2020-02-26,11,-1,0.2502030869,0.4995938262,0.2502030869,0.2265539795,0.5136157215,0.259830299,False
2020-02-27,11,1,0.2502030869,0.4995938262,0.2502030869,0.2265539795,0.5136157215,0.259830299,False
2020-02-28,11,1,0.2502030869,0.4995938262,0.2502030869,0.2265539795,0.5136157215,0.259830299,False
2020-03-02,11,-1,0.2502030869,0.4995938262,0.2502030869,0.2265539795,0.5136157215,0.259830299,False
2020-03-03,11,1,0.2502030869,0.4995938262,0.2502030869,0.2265539795,0.5136157215,0.259830299,False
2020-03-04,11,0,0.2502030869,0.4995938262,0.2502030869,0.2265539795,0.5136157215,0.259830299,False
2020-03-05,11,1,0.2502030869,0.4995938262,0.2502030869,0.2265539795,0.5136157215,0.259830299,False
2020-03-06,11,0,0.2502030869,0.4995938262,0.2502030869,0.2265539795,0.5136157215,0.259830299,False
2020-03-09,11,0,0.2502030869,0.4995938262,0.2502030869,0.2265539795,0.5136157215,0.259830299,False
2020-03-10,11,-1,0.2502030869,0.4995938262,0.2502030869,0.2265539795,0.5136157215,0.259830299,False
2020-03-11,11,-1,0.2502030869,0.4995938262,0.2502030869,0.2265539795,0.5136157215,0.259830299,False
2020-03-12,11,1,0.2502030869,0.4995938262,0.2502030869,0.2265539795,0.5136157215,0.259830299,False
2020-03-13,11,0,0.2502030869,0.4995938262,0.2502030869,0.2265539795,0.5136157215,0.259830299,False
2020-03-16,11,1,0.2502030869,0.4995938262,0.2502030869,0.2265539795,0.5136157215,0.259830299,False
2020-03-17,11,0,0.2502030869,0.4995938262,0.2502030869,0.2265539795,0.5136157215,0.259830299,False
2020-03-18,11,0,0.2502030869,0.4995938262,0.2502030869,0.2265539795,0.5136157215,0.259830299,False
2020-03-19,11,-1,0.2502030869,0.4995938262,0.2502030869,0.2265539795,0.5136157215,0.259830299,False
2020-03-20,12,-1,0.25,0.5,0.25,0.2136903748,0.5234772961,0.2628323292,False
2020-03-23,12,1,0.25,0.5,0.25,0.2136903748,0.5234772961,0.2628323292,False
2020-03-24,12,0,0.25,0.5,0.25,0.2136903748,0.5234772961,0.2628323292,False
2020-03-25,12,1,0.25,0.5,0.25,0.2136903748,0.5234772961,0.2628323292,False
2020-03-26,12,0,0.25,0.5,0.25,0.2136903748,0.5234772961,0.2628323292,False
2020-03-27,12,0,0.25,0.5,0.25,0.2136903748,0.5234772961,0.2628323292,False
2020-03-30,12,0,0.25,0.5,0.25,0.2136903748,0.5234772961,0.2628323292,False
2020-03-31,12,0,0.25,0.5,0.25,0.2136903748,0.5234772961,0.2628323292,False
2020-04-01,12,0,0.25,0.5,0.25,0.2136903748,0.5234772961,0.2628323292,False
2020-04-02,12,0,0.25,0.5,0.25,0.2136903748,0.5234772961,0.2628323292,False
2020-04-03,12,0,0.25,0.5,0.25,0.2136903748,0.5234772961,0.2628323292,False
2020-04-06,12,-1,0.25,0.5,0.25,0.2136903748,0.5234772961,0.2628323292,False
2020-04-07,12,0,0.25,0.5,0.25,0.2136903748,0.5234772961,0.2628323292,False
2020-04-08,12,0,0.25,0.5,0.25,0.2136903748,0.5234772961,0.2628323292,False
2020-04-09,12,0,0.25,0.5,0.25,0.2136903748,0.5234772961,0.2628323292,False
2020-04-13,12,0,0.25,0.5,0.25,0.2136903748,0.5234772961,0.2628323292,False
2020-04-14,12,0,0.25,0.5,0.25,0.2136903748,0.5234772961,0.2628323292,False
2020-04-15,12,0,0.25,0.5,0.25,0.2136903748,0.5234772961,0.2628323292,False
2020-04-16,12,0,0.25,0.5,0.25,0.2136903748,0.5234772961,0.2628323292,False
2020-04-17,12,0,0.25,0.5,0.25,0.2136903748,0.5234772961,0.2628323292,False
2020-04-20,12,0,0.25,0.5,0.25,0.2136903748,0.5234772961,0.2628323292,False
2020-04-21,13,0,0.2505891595,0.4988216811,0.2505891595,0.2200413548,0.5232656961,0.2566929491,False
2020-04-22,13,0,0.2505891595,0.4988216811,0.2505891595,0.2200413548,0.5232656961,0.2566929491,False
2020-04-23,13,0,0.2505891595,0.4988216811,0.2505891595,0.2200413548,0.5232656961,0.2566929491,False
2020-04-24,13,0,0.2505891595,0.4988216811,0.2505891595,0.2200413548,0.5232656961,0.2566929491,False
2020-04-27,13,-1,0.2505891595,0.4988216811,0.2505891595,0.2200413548,0.5232656961,0.2566929491,False
2020-04-28,13,0,0.2505891595,0.4988216811,0.2505891595,0.2200413548,0.5232656961,0.2566929491,False
2020-04-29,13,0,0.2505891595,0.4988216811,0.2505891595,0.2200413548,0.5232656961,0.2566929491,False
2020-04-30,13,0,0.2505891595,0.4988216811,0.2505891595,0.2200413548,0.5232656961,0.2566929491,False
2020-05-01,13,0,0.2505891595,0.4988216811,0.2505891595,0.2200413548,0.5232656961,0.2566929491,False
2020-05-04,13,0,0.2505891595,0.4988216811,0.2505891595,0.2200413548,0.5232656961,0.2566929491,False
2020-05-05,13,-1,0.2505891595,0.4988216811,0.2505891595,0.2200413548,0.5232656961,0.2566929491,False
2020-05-06,13,0,0.2505891595,0.4988216811,0.2505891595,0.2200413548,0.5232656961,0.2566929491,False
2020-05-07,13,0,0.2505891595,0.4988216811,0.2505891595,0.2200413548,0.5232656961,0.2566929491,False
2020-05-08,13,0,0.2505891595,0.4988216811,0.2505891595,0.2200413548,0.5232656961,0.2566929491,False
2020-05-11,13,-1,0.2505891595,0.4988216811,0.2505891595,0.2200413548,0.5232656961,0.2566929491,False
2020-05-12,13,-1,0.2505891595,0.4988216811,0.2505891595,0.2200413548,0.5232656961,0.2566929491,False
2020-05-13,13,1,0.2505891595,0.4988216811,0.2505891595,0.2200413548,0.5232656961,0.2566929491,False
2020-05-14,13,1,0.2505891595,0.4988216811,0.2505891595,0.2200413548,0.5232656961,0.2566929491,False
2020-05-15,13,0,0.2505891595,0.4988216811,0.2505891595,0.2200413548,0.5232656961,0.2566929491,False
2020-05-18,13,-1,0.2505891595,0.4988216811,0.2505891595,0.2200413548,0.5232656961,0.2566929491,False
2020-05-19,13,0,0.2505891595,0.4988216811,0.2505891595,0.2200413548,0.5232656961,0.2566929491,False
2020-05-20,14,-1,0.2503863988,0.4992272025,0.2503863988,0.2231485734,0.5268907988,0.2499606278,False
2020-05-21,14,0,0.2503863988,0.4992272025,0.2503863988,0.2231485734,0.5268907988,0.2499606278,False
2020-05-22,14,-1,0.2503863988,0.4992272025,0.2503863988,0.2231485734,0.5268907988,0.2499606278,False
2020-05-26,14,0,0.2503863988,0.4992272025,0.2503863988,0.2231485734,0.5268907988,0.2499606278,False
2020-05-27,14,0,0.2503863988,0.4992272025,0.2503863988,0.2231485734,0.5268907988,0.2499606278,False
2020-05-28,14,0,0.2503863988,0.4992272025,0.2503863988,0.2231485734,0.5268907988,0.2499606278,False
2020-05-29,14,0,0.2503863988,0.4992272025,0.2503863988,0.2231485734,0.5268907988,0.2499606278,False
2020-06-01,14,0,0.2503863988,0.4992272025,0.2503863988,0.2231485734,0.5268907988,0.2499606278,False
2020-06-02,14,1,0.2503863988,0.4992272025,0.2503863988,0.2231485734,0.5268907988,0.2499606278,False
2020-06-03,14,0,0.2503863988,0.4992272025,0.2503863988,0.2231485734,0.5268907988,0.2499606278,False
2020-06-04,14,1,0.2503863988,0.4992272025,0.2503863988,0.2231485734,0.5268907988,0.2499606278,False
2020-06-05,14,1,0.2503863988,0.4992272025,0.2503863988,0.2231485734,0.5268907988,0.2499606278,False
2020-06-08,14,0,0.2503863988,0.4992272025,0.2503863988,0.2231485734,0.5268907988,0.2499606278,False
2020-06-09,14,-1,0.2503863988,0.4992272025,0.2503863988,0.2231485734,0.5268907988,0.2499606278,False
2020-06-10,14,-1,0.2503863988,0.4992272025,0.2503863988,0.2231485734,0.5268907988,0.2499606278,False
2020-06-11,14,-1,0.2503863988,0.4992272025,0.2503863988,0.2231485734,0.5268907988,0.2499606278,False
2020-06-12,14,1,0.2503863988,0.4992272025,0.2503863988,0.2231485734,0.5268907988,0.2499606278,False
2020-06-15,14,-1,0.2503863988,0.4992272025,0.2503863988,0.2231485734,0.5268907988,0.2499606278,False
2020-06-16,14,-1,0.2503863988,0.4992272025,0.2503863988,0.2231485734,0.5268907988,0.2499606278,False
2020-06-17,14,0,0.2503863988,0.4992272025,0.2503863988,0.2231485734,0.5268907988,0.2499606278,False
2020-06-18,14,-1,0.2503863988,0.4992272025,0.2503863988,0.2231485734,0.5268907988,0.2499606278,False
2020-06-19,15,1,0.2501901141,0.4996197719,0.2501901141,0.230240083,0.5160020359,0.2537578812,False
2020-06-22,15,0,0.2501901141,0.4996197719,0.2501901141,0.230240083,0.5160020359,0.2537578812,False
2020-06-23,15,-1,0.2501901141,0.4996197719,0.2501901141,0.230240083,0.5160020359,0.2537578812,False
2020-06-24,15,1,0.2501901141,0.4996197719,0.2501901141,0.230240083,0.5160020359,0.2537578812,False
2020-06-25,15,-1,0.2501901141,0.4996197719,0.2501901141,0.230240083,0.5160020359,0.2537578812,False
2020-06-26,15,1,0.2501901141,0.4996197719,0.2501901141,0.230240083,0.5160020359,0.2537578812,False
2020-06-29,15,1,0.2501901141,0.4996197719,0.2501901141,0.230240083,0.5160020359,0.2537578812,False
2020-06-30,15,0,0.2501901141,0.4996197719,0.2501901141,0.230240083,0.5160020359,0.2537578812,False
2020-07-01,15,0,0.2501901141,0.4996197719,0.2501901141,0.230240083,0.5160020359,0.2537578812,False
2020-07-02,15,0,0.2501901141,0.4996197719,0.2501901141,0.230240083,0.5160020359,0.2537578812,False
2020-07-06,15,0,0.2501901141,0.4996197719,0.2501901141,0.230240083,0.5160020359,0.2537578812,False
2020-07-07,15,0,0.2501901141,0.4996197719,0.2501901141,0.230240083,0.5160020359,0.2537578812,False
2020-07-08,15,-1,0.2501901141,0.4996197719,0.2501901141,0.230240083,0.5160020359,0.2537578812,False
2020-07-09,15,1,0.2501901141,0.4996197719,0.2501901141,0.230240083,0.5160020359,0.2537578812,False
2020-07-10,15,-1,0.2501901141,0.4996197719,0.2501901141,0.230240083,0.5160020359,0.2537578812,False
2020-07-13,15,1,0.2501901141,0.4996197719,0.2501901141,0.230240083,0.5160020359,0.2537578812,False
2020-07-14,15,0,0.2501901141,0.4996197719,0.2501901141,0.230240083,0.5160020359,0.2537578812,False
2020-07-15,15,0,0.2501901141,0.4996197719,0.2501901141,0.230240083,0.5160020359,0.2537578812,False
2020-07-16,15,0,0.2501901141,0.4996197719,0.2501901141,0.230240083,0.5160020359,0.2537578812,False
2020-07-17,15,1,0.2501901141,0.4996197719,0.2501901141,0.230240083,0.5160020359,0.2537578812,False
2020-07-20,15,0,0.2501901141,0.4996197719,0.2501901141,0.230240083,0.5160020359,0.2537578812,False
2020-07-21,16,1,0.25,0.5,0.25,0.2234225527,0.5232646052,0.2533128421,False
2020-07-22,16,-1,0.25,0.5,0.25,0.2234225527,0.5232646052,0.2533128421,False
2020-07-23,16,0,0.25,0.5,0.25,0.2234225527,0.5232646052,0.2533128421,False
2020-07-24,16,0,0.25,0.5,0.25,0.2234225527,0.5232646052,0.2533128421,False
2020-07-27,16,-1,0.25,0.5,0.25,0.2234225527,0.5232646052,0.2533128421,False
2020-07-28,16,1,0.25,0.5,0.25,0.2234225527,0.5232646052,0.2533128421,False
2020-07-29,16,1,0.25,0.5,0.25,0.2234225527,0.5232646052,0.2533128421,False
2020-07-30,16,0,0.25,0.5,0.25,0.2234225527,0.5232646052,0.2533128421,False
2020-07-31,16,0,0.25,0.5,0.25,0.2234225527,0.5232646052,0.2533128421,False
2020-08-03,16,1,0.25,0.5,0.25,0.2234225527,0.5232646052,0.2533128421,False
2020-08-04,16,0,0.25,0.5,0.25,0.2234225527,0.5232646052,0.2533128421,False
2020-08-05,16,1,0.25,0.5,0.25,0.2234225527,0.5232646052,0.2533128421,False
2020-08-06,16,1,0.25,0.5,0.25,0.2234225527,0.5232646052,0.2533128421,False
2020-08-07,16,0,0.25,0.5,0.25,0.2234225527,0.5232646052,0.2533128421,False
2020-08-10,16,-1,0.25,0.5,0.25,0.2234225527,0.5232646052,0.2533128421,False
2020-08-11,16,1,0.25,0.5,0.25,0.2234225527,0.5232646052,0.2533128421,False
2020-08-12,16,0,0.25,0.5,0.25,0.2234225527,0.5232646052,0.2533128421,False
2020-08-13,16,0,0.25,0.5,0.25,0.2234225527,0.5232646052,0.2533128421,False
2020-08-14,16,0,0.25,0.5,0.25,0.2234225527,0.5232646052,0.2533128421,False
2020-08-17,16,0,0.25,0.5,0.25,0.2234225527,0.5232646052,0.2533128421,False
2020-08-18,16,-1,0.25,0.5,0.25,0.2234225527,0.5232646052,0.2533128421,False
2020-08-19,17,1,0.2505526898,0.4988946205,0.2505526898,0.2267363897,0.519681019,0.2535825912,False
2020-08-20,17,1,0.2505526898,0.4988946205,0.2505526898,0.2267363897,0.519681019,0.2535825912,False
2020-08-21,17,0,0.2505526898,0.4988946205,0.2505526898,0.2267363897,0.519681019,0.2535825912,False
2020-08-24,17,0,0.2505526898,0.4988946205,0.2505526898,0.2267363897,0.519681019,0.2535825912,False
2020-08-25,17,1,0.2505526898,0.4988946205,0.2505526898,0.2267363897,0.519681019,0.2535825912,False
2020-08-26,17,0,0.2505526898,0.4988946205,0.2505526898,0.2267363897,0.519681019,0.2535825912,False
2020-08-27,17,1,0.2505526898,0.4988946205,0.2505526898,0.2267363897,0.519681019,0.2535825912,False
2020-08-28,17,-1,0.2505526898,0.4988946205,0.2505526898,0.2267363897,0.519681019,0.2535825912,False
2020-08-31,17,1,0.2505526898,0.4988946205,0.2505526898,0.2267363897,0.519681019,0.2535825912,False
2020-09-01,17,1,0.2505526898,0.4988946205,0.2505526898,0.2267363897,0.519681019,0.2535825912,False
2020-09-02,17,-1,0.2505526898,0.4988946205,0.2505526898,0.2267363897,0.519681019,0.2535825912,False
2020-09-03,17,-1,0.2505526898,0.4988946205,0.2505526898,0.2267363897,0.519681019,0.2535825912,False
2020-09-04,17,-1,0.2505526898,0.4988946205,0.2505526898,0.2267363897,0.519681019,0.2535825912,False
2020-09-08,17,1,0.2505526898,0.4988946205,0.2505526898,0.2267363897,0.519681019,0.2535825912,False
2020-09-09,17,-1,0.2505526898,0.4988946205,0.2505526898,0.2267363897,0.519681019,0.2535825912,False
2020-09-10,17,-1,0.2505526898,0.4988946205,0.2505526898,0.2267363897,0.519681019,0.2535825912,False
2020-09-11,17,0,0.2505526898,0.4988946205,0.2505526898,0.2267363897,0.519681019,0.2535825912,False
2020-09-14,17,0,0.2505526898,0.4988946205,0.2505526898,0.2267363897,0.519681019,0.2535825912,False
2020-09-15,17,-1,0.2505526898,0.4988946205,0.2505526898,0.2267363897,0.519681019,0.2535825912,False
2020-09-16,17,0,0.2505526898,0.4988946205,0.2505526898,0.2267363897,0.519681019,0.2535825912,False
2020-09-17,17,-1,0.2505526898,0.4988946205,0.2505526898,0.2267363897,0.519681019,0.2535825912,False
2020-09-18,18,0,0.2503628447,0.4992743106,0.2503628447,0.2401350786,0.5032559314,0.2566089901,False
2020-09-21,18,0,0.2503628447,0.4992743106,0.2503628447,0.2401350786,0.5032559314,0.2566089901,False
2020-09-22,18,-1,0.2503628447,0.4992743106,0.2503628447,0.2401350786,0.5032559314,0.2566089901,False
2020-09-23,18,0,0.2503628447,0.4992743106,0.2503628447,0.2401350786,0.5032559314,0.2566089901,False
2020-09-24,18,1,0.2503628447,0.4992743106,0.2503628447,0.2401350786,0.5032559314,0.2566089901,False
2020-09-25,18,0,0.2503628447,0.4992743106,0.2503628447,0.2401350786,0.5032559314,0.2566089901,False
2020-09-28,18,0,0.2503628447,0.4992743106,0.2503628447,0.2401350786,0.5032559314,0.2566089901,False
2020-09-29,18,0,0.2503628447,0.4992743106,0.2503628447,0.2401350786,0.5032559314,0.2566089901,False
2020-09-30,18,0,0.2503628447,0.4992743106,0.2503628447,0.2401350786,0.5032559314,0.2566089901,False
2020-10-01,18,0,0.2503628447,0.4992743106,0.2503628447,0.2401350786,0.5032559314,0.2566089901,False
2020-10-02,18,1,0.2503628447,0.4992743106,0.2503628447,0.2401350786,0.5032559314,0.2566089901,False
2020-10-05,18,-1,0.2503628447,0.4992743106,0.2503628447,0.2401350786,0.5032559314,0.2566089901,False
2020-10-06,18,1,0.2503628447,0.4992743106,0.2503628447,0.2401350786,0.5032559314,0.2566089901,False
2020-10-07,18,0,0.2503628447,0.4992743106,0.2503628447,0.2401350786,0.5032559314,0.2566089901,False
2020-10-08,18,0,0.2503628447,0.4992743106,0.2503628447,0.2401350786,0.5032559314,0.2566089901,False
2020-10-09,18,1,0.2503628447,0.4992743106,0.2503628447,0.2401350786,0.5032559314,0.2566089901,False
2020-10-12,18,-1,0.2503628447,0.4992743106,0.2503628447,0.2401350786,0.5032559314,0.2566089901,False
2020-10-13,18,-1,0.2503628447,0.4992743106,0.2503628447,0.2401350786,0.5032559314,0.2566089901,False
2020-10-14,18,1,0.2503628447,0.4992743106,0.2503628447,0.2401350786,0.5032559314,0.2566089901,False
2020-10-15,18,0,0.2503628447,0.4992743106,0.2503628447,0.2401350786,0.5032559314,0.2566089901,False
2020-10-16,18,-1,0.2503628447,0.4992743106,0.2503628447,0.2401350786,0.5032559314,0.2566089901,False
2020-10-19,19,0,0.2501786991,0.4996426019,0.2501786991,0.2269502003,0.526326083,0.2467237167,False
2020-10-20,19,0,0.2501786991,0.4996426019,0.2501786991,0.2269502003,0.526326083,0.2467237167,False
2020-10-21,19,0,0.2501786991,0.4996426019,0.2501786991,0.2269502003,0.526326083,0.2467237167,False
2020-10-22,19,0,0.2501786991,0.4996426019,0.2501786991,0.2269502003,0.526326083,0.2467237167,False
2020-10-23,19,-1,0.2501786991,0.4996426019,0.2501786991,0.2269502003,0.526326083,0.2467237167,False
2020-10-26,19,-1,0.2501786991,0.4996426019,0.2501786991,0.2269502003,0.526326083,0.2467237167,False
2020-10-27,19,-1,0.2501786991,0.4996426019,0.2501786991,0.2269502003,0.526326083,0.2467237167,False
2020-10-28,19,1,0.2501786991,0.4996426019,0.2501786991,0.2269502003,0.526326083,0.2467237167,False
2020-10-29,19,-1,0.2501786991,0.4996426019,0.2501786991,0.2269502003,0.526326083,0.2467237167,False
2020-10-30,19,0,0.2501786991,0.4996426019,0.2501786991,0.2269502003,0.526326083,0.2467237167,False
2020-11-02,19,1,0.2501786991,0.4996426019,0.2501786991,0.2269502003,0.526326083,0.2467237167,False
2020-11-03,19,1,0.2501786991,0.4996426019,0.2501786991,0.2269502003,0.526326083,0.2467237167,False
2020-11-04,19,0,0.2501786991,0.4996426019,0.2501786991,0.2269502003,0.526326083,0.2467237167,False
2020-11-05,19,0,0.2501786991,0.4996426019,0.2501786991,0.2269502003,0.526326083,0.2467237167,False
2020-11-06,19,-1,0.2501786991,0.4996426019,0.2501786991,0.2269502003,0.526326083,0.2467237167,False
2020-11-09,19,0,0.2501786991,0.4996426019,0.2501786991,0.2269502003,0.526326083,0.2467237167,False
2020-11-10,19,0,0.2501786991,0.4996426019,0.2501786991,0.2269502003,0.526326083,0.2467237167,False
2020-11-11,19,-1,0.2501786991,0.4996426019,0.2501786991,0.2269502003,0.526326083,0.2467237167,False
2020-11-12,19,1,0.2501786991,0.4996426019,0.2501786991,0.2269502003,0.526326083,0.2467237167,False
2020-11-13,19,0,0.2501786991,0.4996426019,0.2501786991,0.2269502003,0.526326083,0.2467237167,False
2020-11-16,19,0,0.2501786991,0.4996426019,0.2501786991,0.2269502003,0.526326083,0.2467237167,False
2020-11-17,20,-1,0.25,0.5,0.25,0.2269274298,0.5195660447,0.2535065255,False
2020-11-18,20,0,0.25,0.5,0.25,0.2269274298,0.5195660447,0.2535065255,False
2020-11-19,20,-1,0.25,0.5,0.25,0.2269274298,0.5195660447,0.2535065255,False
2020-11-20,20,0,0.25,0.5,0.25,0.2269274298,0.5195660447,0.2535065255,False
2020-11-23,20,1,0.25,0.5,0.25,0.2269274298,0.5195660447,0.2535065255,False
2020-11-24,20,0,0.25,0.5,0.25,0.2269274298,0.5195660447,0.2535065255,False
2020-11-25,20,0,0.25,0.5,0.25,0.2269274298,0.5195660447,0.2535065255,False
2020-11-27,20,0,0.25,0.5,0.25,0.2269274298,0.5195660447,0.2535065255,False
2020-11-30,20,0,0.25,0.5,0.25,0.2269274298,0.5195660447,0.2535065255,False
2020-12-01,20,1,0.25,0.5,0.25,0.2269274298,0.5195660447,0.2535065255,False
2020-12-02,20,0,0.25,0.5,0.25,0.2269274298,0.5195660447,0.2535065255,False
2020-12-03,20,1,0.25,0.5,0.25,0.2269274298,0.5195660447,0.2535065255,False
2020-12-04,20,0,0.25,0.5,0.25,0.2269274298,0.5195660447,0.2535065255,False
2020-12-07,20,1,0.25,0.5,0.25,0.2269274298,0.5195660447,0.2535065255,False
2020-12-08,20,-1,0.25,0.5,0.25,0.2269274298,0.5195660447,0.2535065255,False
2020-12-09,20,0,0.25,0.5,0.25,0.2269274298,0.5195660447,0.2535065255,False
2020-12-10,20,0,0.25,0.5,0.25,0.2269274298,0.5195660447,0.2535065255,False
2020-12-11,20,-1,0.25,0.5,0.25,0.2269274298,0.5195660447,0.2535065255,False
2020-12-14,20,1,0.25,0.5,0.25,0.2269274298,0.5195660447,0.2535065255,False
2020-12-15,20,0,0.25,0.5,0.25,0.2269274298,0.5195660447,0.2535065255,False
2020-12-16,20,0,0.25,0.5,0.25,0.2269274298,0.5195660447,0.2535065255,False
2020-12-17,21,-1,0.2505204719,0.4989590562,0.2505204719,0.2269294349,0.5163575321,0.2567130329,False
2020-12-18,21,1,0.2505204719,0.4989590562,0.2505204719,0.2269294349,0.5163575321,0.2567130329,False
2020-12-21,21,-1,0.2505204719,0.4989590562,0.2505204719,0.2269294349,0.5163575321,0.2567130329,False
2020-12-22,21,0,0.2505204719,0.4989590562,0.2505204719,0.2269294349,0.5163575321,0.2567130329,False
2020-12-23,21,0,0.2505204719,0.4989590562,0.2505204719,0.2269294349,0.5163575321,0.2567130329,False
2020-12-24,21,0,0.2505204719,0.4989590562,0.2505204719,0.2269294349,0.5163575321,0.2567130329,False
2020-12-28,21,-1,0.2505204719,0.4989590562,0.2505204719,0.2269294349,0.5163575321,0.2567130329,False
2020-12-29,21,0,0.2505204719,0.4989590562,0.2505204719,0.2269294349,0.5163575321,0.2567130329,False
2020-12-30,21,1,0.2505204719,0.4989590562,0.2505204719,0.2269294349,0.5163575321,0.2567130329,False
2020-12-31,21,-1,0.2505204719,0.4989590562,0.2505204719,0.2269294349,0.5163575321,0.2567130329,False
2021-01-04,21,1,0.2505204719,0.4989590562,0.2505204719,0.2269294349,0.5163575321,0.2567130329,False
2021-01-05,21,1,0.2505204719,0.4989590562,0.2505204719,0.2269294349,0.5163575321,0.2567130329,False
2021-01-06,21,1,0.2505204719,0.4989590562,0.2505204719,0.2269294349,0.5163575321,0.2567130329,False
2021-01-07,21,0,0.2505204719,0.4989590562,0.2505204719,0.2269294349,0.5163575321,0.2567130329,False
2021-01-08,21,0,0.2505204719,0.4989590562,0.2505204719,0.2269294349,0.5163575321,0.2567130329,False
2021-01-11,21,0,0.2505204719,0.4989590562,0.2505204719,0.2269294349,0.5163575321,0.2567130329,False
2021-01-12,21,0,0.2505204719,0.4989590562,0.2505204719,0.2269294349,0.5163575321,0.2567130329,False
2021-01-13,21,-1,0.2505204719,0.4989590562,0.2505204719,0.2269294349,0.5163575321,0.2567130329,False
2021-01-14,21,-1,0.2505204719,0.4989590562,0.2505204719,0.2269294349,0.5163575321,0.2567130329,False
2021-01-15,21,0,0.2505204719,0.4989590562,0.2505204719,0.2269294349,0.5163575321,0.2567130329,False
2021-01-19,21,1,0.2505204719,0.4989590562,0.2505204719,0.2269294349,0.5163575321,0.2567130329,False
2021-01-20,22,0,0.2503419973,0.4993160055,0.2503419973,0.2399286854,0.4967452207,0.2633260939,False
2021-01-21,22,0,0.2503419973,0.4993160055,0.2503419973,0.2399286854,0.4967452207,0.2633260939,False
2021-01-22,22,0,0.2503419973,0.4993160055,0.2503419973,0.2399286854,0.4967452207,0.2633260939,False
2021-01-25,22,-1,0.2503419973,0.4993160055,0.2503419973,0.2399286854,0.4967452207,0.2633260939,False
2021-01-26,22,-1,0.2503419973,0.4993160055,0.2503419973,0.2399286854,0.4967452207,0.2633260939,False
2021-01-27,22,0,0.2503419973,0.4993160055,0.2503419973,0.2399286854,0.4967452207,0.2633260939,False
2021-01-28,22,-1,0.2503419973,0.4993160055,0.2503419973,0.2399286854,0.4967452207,0.2633260939,False
2021-01-29,22,1,0.2503419973,0.4993160055,0.2503419973,0.2399286854,0.4967452207,0.2633260939,False
2021-02-01,22,0,0.2503419973,0.4993160055,0.2503419973,0.2399286854,0.4967452207,0.2633260939,False
2021-02-02,22,0,0.2503419973,0.4993160055,0.2503419973,0.2399286854,0.4967452207,0.2633260939,False
2021-02-03,22,1,0.2503419973,0.4993160055,0.2503419973,0.2399286854,0.4967452207,0.2633260939,False
2021-02-04,22,0,0.2503419973,0.4993160055,0.2503419973,0.2399286854,0.4967452207,0.2633260939,False
2021-02-05,22,0,0.2503419973,0.4993160055,0.2503419973,0.2399286854,0.4967452207,0.2633260939,False
2021-02-08,22,0,0.2503419973,0.4993160055,0.2503419973,0.2399286854,0.4967452207,0.2633260939,False
2021-02-09,22,-1,0.2503419973,0.4993160055,0.2503419973,0.2399286854,0.4967452207,0.2633260939,False
2021-02-10,22,0,0.2503419973,0.4993160055,0.2503419973,0.2399286854,0.4967452207,0.2633260939,False
2021-02-11,22,1,0.2503419973,0.4993160055,0.2503419973,0.2399286854,0.4967452207,0.2633260939,False
2021-02-12,22,-1,0.2503419973,0.4993160055,0.2503419973,0.2399286854,0.4967452207,0.2633260939,False
2021-02-16,22,0,0.2503419973,0.4993160055,0.2503419973,0.2399286854,0.4967452207,0.2633260939,False
2021-02-17,22,0,0.2503419973,0.4993160055,0.2503419973,0.2399286854,0.4967452207,0.2633260939,False
2021-02-18,22,-1,0.2503419973,0.4993160055,0.2503419973,0.2399286854,0.4967452207,0.2633260939,False
2021-02-19,23,0,0.2501685772,0.4996628456,0.2501685772,0.2400176214,0.5165592651,0.2434231135,False
2021-02-22,23,1,0.2501685772,0.4996628456,0.2501685772,0.2400176214,0.5165592651,0.2434231135,False
2021-02-23,23,1,0.2501685772,0.4996628456,0.2501685772,0.2400176214,0.5165592651,0.2434231135,False
2021-02-24,23,-1,0.2501685772,0.4996628456,0.2501685772,0.2400176214,0.5165592651,0.2434231135,False
2021-02-25,23,-1,0.2501685772,0.4996628456,0.2501685772,0.2400176214,0.5165592651,0.2434231135,False
2021-02-26,23,1,0.2501685772,0.4996628456,0.2501685772,0.2400176214,0.5165592651,0.2434231135,False
2021-03-01,23,-1,0.2501685772,0.4996628456,0.2501685772,0.2400176214,0.5165592651,0.2434231135,False
2021-03-02,23,-1,0.2501685772,0.4996628456,0.2501685772,0.2400176214,0.5165592651,0.2434231135,False
2021-03-03,23,-1,0.2501685772,0.4996628456,0.2501685772,0.2400176214,0.5165592651,0.2434231135,False
2021-03-04,23,1,0.2501685772,0.4996628456,0.2501685772,0.2400176214,0.5165592651,0.2434231135,False
2021-03-05,23,-1,0.2501685772,0.4996628456,0.2501685772,0.2400176214,0.5165592651,0.2434231135,False
2021-03-08,23,0,0.2501685772,0.4996628456,0.2501685772,0.2400176214,0.5165592651,0.2434231135,False
2021-03-09,23,0,0.2501685772,0.4996628456,0.2501685772,0.2400176214,0.5165592651,0.2434231135,False
2021-03-10,23,0,0.2501685772,0.4996628456,0.2501685772,0.2400176214,0.5165592651,0.2434231135,False
2021-03-11,23,0,0.2501685772,0.4996628456,0.2501685772,0.2400176214,0.5165592651,0.2434231135,False
2021-03-12,23,0,0.2501685772,0.4996628456,0.2501685772,0.2400176214,0.5165592651,0.2434231135,False
2021-03-15,23,0,0.2501685772,0.4996628456,0.2501685772,0.2400176214,0.5165592651,0.2434231135,False
2021-03-16,23,1,0.2501685772,0.4996628456,0.2501685772,0.2400176214,0.5165592651,0.2434231135,False
2021-03-17,23,-1,0.2501685772,0.4996628456,0.2501685772,0.2400176214,0.5165592651,0.2434231135,False
2021-03-18,23,0,0.2501685772,0.4996628456,0.2501685772,0.2400176214,0.5165592651,0.2434231135,False
2021-03-19,23,1,0.2501685772,0.4996628456,0.2501685772,0.2400176214,0.5165592651,0.2434231135,False
2021-03-22,24,-1,0.2334503625,0.6013775243,0.1651721132,0.2465662765,0.605289738,0.1481439855,False
2021-03-23,24,-1,0.2483643489,0.5195734907,0.2320621603,0.2604338339,0.5181342312,0.2214319348,False
2021-03-24,24,1,0.2719894932,0.4680798325,0.2599306742,0.2811403674,0.4641044343,0.2547551983,False
2021-03-25,24,1,0.2643445066,0.495807533,0.2398479604,0.2743395929,0.4941961313,0.2314642759,False
2021-03-26,24,0,0.2248399523,0.5583889662,0.2167710815,0.2400050806,0.5571630134,0.202831906,False
2021-03-29,24,0,0.2450549889,0.5217915659,0.2331534453,0.257589492,0.5200438632,0.2223666448,False
2021-03-30,24,0,0.2463926297,0.5150550648,0.2385523055,0.2587979368,0.5127407779,0.2284612853,False
2021-03-31,24,1,0.2467748333,0.5096302176,0.2435949491,0.2591746024,0.5067277825,0.2340976151,False
2021-04-01,24,1,0.1746888547,0.6828128433,0.142498302,0.19598284,0.6816248348,0.1223923252,False
2021-04-05,24,0,0.1992155701,0.645722569,0.155061861,0.2171564988,0.6467972227,0.1360462785,False
2021-04-06,24,0,0.2418130386,0.5354746968,0.2227122646,0.2546778581,0.5347286176,0.2105935243,False
2021-04-07,24,0,0.1990325538,0.6357062835,0.1652611627,0.2171708041,0.6362794962,0.1465496997,False
2021-04-08,24,1,0.1988056735,0.6394711146,0.1617232119,0.2169195052,0.6401991374,0.1428813574,False
2021-04-09,24,0,0.2168818684,0.6042114813,0.1789066503,0.2326507776,0.6056350864,0.161714136,False
2021-04-12,24,0,0.2320519345,0.5494252451,0.2185228204,0.2462255176,0.5485090779,0.2052654045,False
2021-04-13,24,-1,0.2175949817,0.5953434049,0.1870616134,0.2333896605,0.5962170883,0.1703932512,False
2021-04-14,24,1,0.2438235324,0.5367448396,0.219431628,0.2563703738,0.5364846683,0.2071449579,False
2021-04-15,24,0,0.2290576711,0.5457292639,0.225213065,0.2437262412,0.5439145402,0.2123592186,False
2021-04-16,24,0,0.2508656031,0.4762368065,0.2728975903,0.2629055249,0.4698035513,0.2672909238,False
2021-04-19,24,-1,0.2617367072,0.4702690768,0.267994216,0.2722884308,0.4648651852,0.262846384,False
2021-04-20,24,1,0.2525457191,0.4813253063,0.2661289746,0.2643236125,0.4758367631,0.2598396244,False
2021-04-21,25,-1,0.2396341441,0.5131914539,0.247174402,0.2501534822,0.5049524963,0.2448940215,False
2021-04-22,25,1,0.2662858971,0.4053149103,0.3283991926,0.2699819808,0.3947492445,0.3352687747,False
2021-04-23,25,0,0.237285443,0.5244511907,0.2382633663,0.2483757885,0.5163983066,0.2352259049,False
2021-04-26,25,0,0.2426832504,0.5301372525,0.2271794971,0.2522381607,0.5236505362,0.2241113031,False
2021-04-27,25,0,0.2560279229,0.4941908372,0.2497812399,0.2621731118,0.488267024,0.2495598642,False
2021-04-28,25,0,0.2514946857,0.5038108615,0.2446944528,0.2588160871,0.4975659916,0.2436179213,False
2021-04-29,25,0,0.2572116792,0.4645872889,0.2782010319,0.2631970735,0.4567434679,0.2800594586,False
2021-04-30,25,-1,0.2869008519,0.3962410034,0.3168581447,0.2851555011,0.3887894071,0.3260550917,False
2021-05-03,25,0,0.252388567,0.4970908372,0.2505205958,0.2595096541,0.4905738058,0.2499165401,False
2021-05-04,25,-1,0.2852900132,0.4089499903,0.3057599965,0.2839555982,0.4022820151,0.3137623868,False
2021-05-05,25,1,0.2582087005,0.4815691452,0.2602221542,0.2638368834,0.4751984482,0.2609646684,False
2021-05-06,25,1,0.2396572716,0.5192065056,0.2411362228,0.2501294826,0.5113542313,0.2385162861,False
2021-05-07,25,-1,0.2423127559,0.5157653044,0.2419219398,0.2520764719,0.5082829669,0.2396405612,False
2021-05-10,25,0,0.265322125,0.4330919534,0.3015859216,0.2692329359,0.4244916616,0.3062754025,False
2021-05-11,25,-1,0.3292689793,0.3269603188,0.3437707019,0.3166827218,0.320682945,0.3626343331,False
2021-05-12,25,1,0.3259503241,0.3202558187,0.3537938573,0.3141182449,0.3128147246,0.3730670305,False
2021-05-13,25,1,0.3201990677,0.3409268662,0.3388740661,0.3098959708,0.3344566132,0.3556474159,False
2021-05-14,25,0,0.2458543851,0.5086599037,0.2454857112,0.2546916452,0.5014961639,0.2438121909,False
2021-05-17,25,-1,0.2498715038,0.4987076875,0.2514208087,0.2576713939,0.4917515655,0.2505770407,False
2021-05-18,25,1,0.2738052727,0.4441931611,0.2820015662,0.2754131942,0.4381945964,0.2863922094,False
2021-05-19,25,1,0.3213839128,0.3467638608,0.3318522265,0.3108171725,0.3410492355,0.348133592,False
2021-05-20,26,-1,0.2549048689,0.4968751419,0.2482199893,0.2592164417,0.4777826442,0.2630009141,False
2021-05-21,26,0,0.2681905644,0.4598874118,0.2719220239,0.2660844536,0.4368839537,0.2970315927,False
2021-05-24,26,-1,0.2322363953,0.5561306853,0.2116329194,0.2466606772,0.5419827255,0.2113565973,False
2021-05-25,26,0,0.2282889689,0.5345489668,0.2371620642,0.2427637722,0.5132187244,0.2440175034,False
2021-05-26,26,0,0.2249612478,0.597080711,0.1779580412,0.2433103511,0.5892577479,0.167431901,False
2021-05-27,26,0,0.2379230266,0.577922457,0.1841545164,0.2515509771,0.5717165972,0.1767324257,False
2021-05-28,26,-1,0.2297826424,0.5510283898,0.2191889678,0.2446957032,0.5344837003,0.2208205966,False
2021-06-01,26,0,0.2374771473,0.5342557361,0.2282671166,0.2491808588,0.5170095775,0.2338095637,False
2021-06-02,26,0,0.2286855768,0.5723603222,0.1989541009,0.2449384671,0.5605340167,0.1945275162,False
2021-06-03,26,0,0.2357830635,0.5617985765,0.20241836,0.2493977925,0.5506951348,0.1999070727,False
2021-06-04,26,0,0.1951688002,0.6338977231,0.1709334768,0.2241505952,0.6201357779,0.1557136269,False
2021-06-07,26,0,0.2145193938,0.5740663561,0.2114142501,0.2352164106,0.5561038834,0.208679706,False
2021-06-08,26,-1,0.2170105137,0.5325175172,0.2504719692,0.2347850331,0.5056640646,0.2595509023,False
2021-06-09,26,0,0.2337288474,0.5152347197,0.2510364328,0.2454297922,0.4915044245,0.2630657833,False
2021-06-10,26,0,0.2193436691,0.5437284553,0.2369278756,0.2370377677,0.5206382748,0.2423239576,False
2021-06-11,26,0,0.2205365104,0.5532340157,0.2262294739,0.2383729211,0.5330061984,0.2286208804,False
2021-06-14,26,-1,0.2201789012,0.5575970862,0.2222240126,0.2383470105,0.538270153,0.2233828365,False
2021-06-15,26,-1,0.2237305599,0.5442952771,0.231974163,0.2401227936,0.5233233714,0.236553835,False
2021-06-16,26,0,0.2636760757,0.4551419618,0.2811819625,0.2624810329,0.4290787631,0.3084402039,False
2021-06-17,26,-1,0.2692744565,0.4582927047,0.2724328387,0.2667424154,0.435330298,0.2979272866,False
2021-06-18,26,1,0.3138689456,0.298979183,0.3871518714,0.2841656841,0.2583950467,0.4574392692,False
2021-06-21,27,1,0.2698042309,0.4697201715,0.2604755977,0.2885392889,0.4440899621,0.267370749,False
2021-06-22,27,0,0.2369107005,0.5304289509,0.2326603486,0.2642168304,0.502741135,0.2330420347,False
2021-06-23,27,0,0.2523729105,0.5189348926,0.2286921969,0.2757422946,0.4938778995,0.2303798059,False
2021-06-24,27,0,0.2292331224,0.5572091938,0.2135576838,0.258502373,0.5299467235,0.2115509035,False
2021-06-25,27,0,0.2308852485,0.5518789996,0.2172357519,0.2597378538,0.5245731339,0.2156890123,False
2021-06-28,27,0,0.2277272532,0.5491877943,0.2230849525,0.2573842932,0.5209117872,0.2217039196,False
2021-06-29,27,0,0.2325727902,0.5519095592,0.2155176506,0.2609952701,0.5250092864,0.2139954435,False
2021-06-30,27,1,0.2085228568,0.5822324068,0.2092447363,0.2430156233,0.5519948683,0.2049895084,False
2021-07-01,27,1,0.1969674238,0.6222679786,0.1807645976,0.2342052244,0.5920285365,0.173766239,False
2021-07-02,27,0,0.1840452023,0.638022697,0.1779321007,0.2244208859,0.6057167626,0.1698623515,False
2021-07-06,27,0,0.2376044772,0.4714821545,0.2909133683,0.2643910678,0.4390109959,0.2965979363,False
2021-07-07,27,1,0.239575885,0.4802516957,0.2801724193,0.2659455535,0.4489116322,0.2851428143,False
2021-07-08,27,1,0.2933830608,0.3956203992,0.31099654,0.3053026715,0.3681312222,0.3265661063,False
2021-07-09,27,1,0.2327790694,0.5250020746,0.2422188559,0.2611178612,0.4958950088,0.24298713,False
2021-07-12,27,0,0.2423875656,0.4964040055,0.2612084289,0.268169522,0.4670420375,0.2647884405,False
2021-07-13,27,-1,0.2342657724,0.5327275912,0.2330066364,0.2622467794,0.5046166117,0.2331366089,False
2021-07-14,27,0,0.233773456,0.5232139826,0.2430125614,0.2618552225,0.4941850968,0.2439596807,False
2021-07-15,27,-1,0.2407246008,0.4987983314,0.2604770679,0.2669399221,0.4692699247,0.2637901532,False
2021-07-16,27,-1,0.3018577799,0.3384334556,0.3597087645,0.3103261453,0.308075697,0.3815981576,False
2021-07-19,27,1,0.3281864761,0.2790953882,0.3927181357,0.328382707,0.2494389392,0.4221783538,False
2021-07-20,27,1,0.3477885301,0.3315260275,0.3206854424,0.3456512367,0.3084471303,0.345901633,False
2021-07-21,28,0,0.2456982278,0.5115307405,0.2427710317,0.2665284773,0.470086916,0.2633846067,False
2021-07-22,28,1,0.2392286962,0.534777503,0.2259938008,0.2631844579,0.493306823,0.2435087191,False
2021-07-23,28,1,0.2320770811,0.5449514362,0.2229714827,0.2588805903,0.5019845858,0.2391348239,False
2021-07-26,28,0,0.2291913555,0.5641761123,0.2066325322,0.2576363031,0.522054514,0.2203091829,False
2021-07-27,28,0,0.2772961429,0.4425510071,0.2801528499,0.2841536712,0.4052140753,0.3106322534,False
2021-07-28,28,0,0.2410704547,0.5194147253,0.2395148201,0.2638157359,0.4771443288,0.2590399353,False
2021-07-29,28,0,0.2391732965,0.5379771826,0.2228495209,0.2632633483,0.4967939825,0.2399426692,False
2021-07-30,28,-1,0.2427735322,0.5193066844,0.2379197834,0.264921902,0.477594398,0.2574837,False
2021-08-02,28,1,0.2570388735,0.4716585765,0.27130255,0.2722581402,0.4304763679,0.2972654919,False
2021-08-03,28,0,0.2299951898,0.5328329854,0.2371718248,0.2571014926,0.4880597022,0.2548388052,False
2021-08-04,28,0,0.2485504435,0.4926654319,0.2587841246,0.267626726,0.4505195228,0.2818537512,False
2021-08-05,28,0,0.2324937192,0.5487063226,0.2187999582,0.2592805092,0.5062399484,0.2344795424,False
2021-08-06,28,0,0.2271246873,0.5615223942,0.2113529185,0.2562044544,0.5184101628,0.2253853828,False
2021-08-09,28,0,0.2316581401,0.551653548,0.2166883119,0.2588353542,0.5091790775,0.2319855683,False
2021-08-10,28,0,0.2129503034,0.5865713446,0.200478352,0.247724805,0.5408352072,0.2114399878,False
2021-08-11,28,0,0.2068123567,0.5961359913,0.197051652,0.2439875667,0.5491126564,0.2068997769,False
2021-08-12,28,0,0.2034621161,0.5983237263,0.1982141576,0.2418616796,0.5503115758,0.2078267446,False
2021-08-13,28,1,0.1979976686,0.6169366149,0.1850657165,0.2387592452,0.5686915435,0.1925492113,False
2021-08-16,28,0,0.2012788,0.5923809372,0.2063402629,0.2402804485,0.5430618633,0.2166576882,False
2021-08-17,28,-1,0.2645359976,0.4582575554,0.277206447,0.2765437111,0.4183191807,0.3051371082,False
2021-08-18,28,1,0.3467269899,0.2780317916,0.3752412185,0.3203226925,0.2493120531,0.4303652544,False
2021-08-19,29,1,0.3659786686,0.256114156,0.3779071754,0.3447145987,0.1890343119,0.4662510894,False
2021-08-20,29,1,0.2638868396,0.4744338127,0.2616793478,0.2700769399,0.440864861,0.2890581992,False
2021-08-23,29,0,0.2218745446,0.5583127605,0.2198126949,0.2363145523,0.5379670121,0.2257184356,False
2021-08-24,29,0,0.2290717349,0.5605988053,0.2103294598,0.2423175229,0.5435382248,0.2141442523,False
2021-08-25,29,-1,0.2235812248,0.5705151126,0.2059036626,0.2378514753,0.5545487111,0.2075998136,False
2021-08-26,29,1,0.2579179502,0.4849721483,0.2571099016,0.2652662611,0.4530081592,0.2817255796,False
2021-08-27,29,1,0.2306536618,0.5282872398,0.2410590984,0.2431799193,0.5014432408,0.25537684,False
2021-08-30,29,0,0.2184726392,0.5635185267,0.2180088341,0.2335536561,0.5435776491,0.2228686948,False
2021-08-31,29,0,0.2189654036,0.5731083491,0.2079262474,0.2340568038,0.5562769943,0.2096662019,False
2021-09-01,29,0,0.1971646081,0.6532591839,0.149576208,0.2163285914,0.649784351,0.1338870575,False
2021-09-02,29,0,0.2014670169,0.6453096268,0.1532233563,0.219832238,0.6415602493,0.1386075127,False
2021-09-03,29,-1,0.2152744438,0.5817468726,0.2029786835,0.2310793901,0.5661814791,0.2027391308,False
2021-09-07,29,0,0.2520308934,0.5230279777,0.2249411289,0.2611010567,0.5019431331,0.2369558102,False
2021-09-08,29,-1,0.2525103181,0.5093594927,0.2381301891,0.2612524878,0.4838313607,0.2549161515,False
2021-09-09,29,-1,0.3013533644,0.3900740564,0.3085725791,0.2990068318,0.3400335607,0.3609596076,False
2021-09-10,29,-1,0.318824515,0.3386218647,0.3425536203,0.310855244,0.2785081209,0.4106366351,False
2021-09-13,29,-1,0.3270722911,0.3258492484,0.3470784605,0.317136091,0.2644446242,0.4184192847,False
2021-09-14,29,1,0.3257571277,0.3178061092,0.3564367631,0.3152229033,0.2543209412,0.4304561554,False
2021-09-15,29,0,0.2762162871,0.4486444015,0.2751393114,0.2798392326,0.4102815179,0.3098792494,False
2021-09-16,29,-1,0.294423193,0.4112097389,0.2943670681,0.2940820305,0.3659080025,0.340009967,False
2021-09-17,29,0,0.3422387219,0.2799710914,0.3777901867,0.3261208683,0.2124563845,0.4614227472,False
2021-09-20,30,-1,0.3572703431,0.25369849,0.3890311669,0.3426599919,0.2159511155,0.4413888926,False
2021-09-21,30,1,0.3335337269,0.2768295748,0.3896366983,0.3231876036,0.2386967905,0.4381156059,False
2021-09-22,30,1,0.3216360866,0.3473860544,0.330977859,0.3136305593,0.3158936127,0.3704758279,False
2021-09-23,30,1,0.2453114678,0.5212938508,0.2333946814,0.2491500185,0.5016638294,0.2491861521,False
2021-09-24,30,0,0.2351757532,0.5527024774,0.2121217694,0.2404754108,0.5351012303,0.2244233588,False
2021-09-27,30,-1,0.2645777224,0.5016944548,0.2337278228,0.2649353472,0.4831768539,0.2518877989,False
2021-09-28,30,0,0.3428243231,0.2989583765,0.3582173003,0.3311975507,0.264080379,0.4047220704,False
2021-09-29,30,-1,0.3206825942,0.3449149919,0.3344024139,0.3128468827,0.3129604041,0.3741927133,False
2021-09-30,30,1,0.3295220639,0.3194501608,0.3510277752,0.3201911344,0.2853899508,0.3944189148,False
2021-10-01,30,-1,0.2821467146,0.4433324582,0.2745208272,0.2801933733,0.419528362,0.3002782646,False
2021-10-04,30,1,0.291576717,0.4008813352,0.3075419479,0.2884808973,0.3724417019,0.3390774008,False
2021-10-05,30,1,0.2656968059,0.4964031364,0.2379000577,0.2659392107,0.4773432047,0.2567175846,False
2021-10-06,30,0,0.2572553974,0.4987430381,0.2440015645,0.2591280214,0.4783653835,0.2625065951,False
2021-10-07,30,0,0.2370506293,0.5451569209,0.2177924498,0.2421113271,0.5269840862,0.2309045867,False
2021-10-08,30,-1,0.2384873831,0.5323078559,0.2292047609,0.2435051898,0.5127677547,0.2437270555,False
2021-10-11,30,-1,0.2497927102,0.5177220029,0.2324852869,0.2527916534,0.498503129,0.2487052176,False
2021-10-12,30,0,0.240671519,0.5345745742,0.2247539068,0.2451960497,0.51577137,0.2390325804,False
2021-10-13,30,1,0.2374548513,0.5539389717,0.208606177,0.2422580083,0.5369705271,0.2207714646,False
2021-10-14,30,0,0.182998288,0.6876897319,0.1293119802,0.1970826862,0.6722910632,0.1306262506,False
2021-10-15,30,1,0.1806007177,0.695004771,0.1243945113,0.1951063968,0.6795818039,0.1253117992,False
2021-10-18,30,0,0.1729174072,0.7039964648,0.123086128,0.188939302,0.6874843376,0.1235763604,False
2021-10-19,31,0,0.1802844172,0.6891100161,0.1306055667,0.1898873092,0.7010758634,0.1090368274,False
2021-10-20,31,0,0.1714698888,0.7023910951,0.1261390161,0.1819140225,0.7144525674,0.1036334101,False
2021-10-21,31,0,0.1722353502,0.7000144597,0.1277501901,0.1826249803,0.7119048016,0.1054702181,False
2021-10-22,31,0,0.1975614239,0.6265429656,0.1758956105,0.2063311189,0.6291472253,0.1645216558,False
2021-10-25,31,0,0.1760530346,0.6898387032,0.1341082621,0.1861504848,0.7010051659,0.1128443493,False
2021-10-26,31,-1,0.2004209827,0.6119817813,0.1875972361,0.2091185826,0.6112411797,0.1796402377,False
2021-10-27,31,1,0.2186576679,0.5549165551,0.226425777,0.2264789303,0.5406628908,0.2328581789,False
2021-10-28,31,1,0.2239214151,0.5530408662,0.2230377187,0.231407228,0.5396268229,0.2289659491,False
2021-10-29,31,0,0.225323387,0.5428949277,0.2317816853,0.2327853349,0.5262124273,0.2410022378,False
2021-11-01,31,1,0.2378799012,0.5215715147,0.2405485841,0.2447203547,0.5005047079,0.2547749373,False
2021-11-02,31,1,0.2460183951,0.4879331026,0.2660485022,0.2524544885,0.456150535,0.2913949764,False
2021-11-03,31,1,0.2417502739,0.5114148245,0.2468349016,0.2484200455,0.487552696,0.2640272585,False
2021-11-04,31,0,0.2441004317,0.513969852,0.2419297163,0.2506548616,0.491746041,0.2575990974,False
2021-11-05,31,0,0.2574611,0.4616515697,0.2808873303,0.2632683403,0.4226338944,0.3140977652,False
2021-11-08,31,-1,0.2779718332,0.4465116007,0.2755165661,0.2831069657,0.4067543515,0.3101386827,False
2021-11-09,31,-1,0.2817937022,0.4058639678,0.3123423299,0.2859034152,0.3514638469,0.3626327379,False
2021-11-10,31,-1,0.2884849992,0.3820165338,0.329498467,0.2916418703,0.3206228087,0.3877353209,False
2021-11-11,31,1,0.2692524572,0.4692578653,0.2614896775,0.2748190546,0.4363073296,0.2888736159,False
2021-11-12,31,-1,0.2407081482,0.538777418,0.2205144338,0.2472944669,0.5249697222,0.2277358109,False
2021-11-15,31,1,0.2523032143,0.5161531947,0.231543591,0.2584773642,0.4970708453,0.2444517905,False
2021-11-16,31,-1,0.2599772363,0.4828134572,0.2572093065,0.2658814398,0.4527787299,0.2813398303,False
2021-11-17,32,0,0.2968430554,0.4347259612,0.2684309834,0.3051562913,0.3861760915,0.3086676172,False
2021-11-18,32,0,0.2944145998,0.4226046795,0.2829807207,0.3022240793,0.368292724,0.3294831967,False
2021-11-19,32,-1,0.2888575401,0.4180643022,0.2930781577,0.2964243109,0.3604654517,0.3431102374,False
2021-11-22,32,0,0.3087058686,0.3469183258,0.3443758056,0.3119650525,0.2682390054,0.4197959421,False
2021-11-23,32,1,0.3057718557,0.3781713228,0.3160568215,0.3113306616,0.3092514913,0.3794178472,False
2021-11-24,32,-1,0.2997410567,0.4051450595,0.2951138839,0.306801583,0.3450748057,0.3481236113,False
2021-11-26,32,0,0.3169775625,0.2699171827,0.4131052548,0.3124780712,0.1765376097,0.5109843191,False
2021-11-29,32,-1,0.3379617115,0.3270924266,0.3349458619,0.3400867787,0.2480082248,0.4119049965,False
2021-11-30,32,-1,0.3249028109,0.2494440027,0.4256531864,0.3176532602,0.155319108,0.5270276318,False
2021-12-01,32,1,0.3173385873,0.2641997069,0.4184617058,0.3121587947,0.1703116243,0.5175295811,False
2021-12-02,32,-1,0.3311391369,0.3008441112,0.3680167519,0.3301459588,0.2141560982,0.4556979431,False
2021-12-03,32,1,0.2951723736,0.3077888091,0.3970388173,0.2951851776,0.2172576389,0.4875571835,False
2021-12-06,32,1,0.3041188349,0.3751718377,0.3207093274,0.3094493462,0.3048189565,0.3857316973,False
2021-12-07,32,0,0.2095199885,0.5859640627,0.2045159488,0.2218992287,0.5739512006,0.2041495707,False
2021-12-08,32,0,0.1998399048,0.6198120488,0.1803480464,0.2126874718,0.6164334469,0.1708790813,False
2021-12-09,32,0,0.2324168111,0.5495953156,0.2179878732,0.2435120702,0.5308535215,0.2256344084,False
2021-12-10,32,-1,0.1867181506,0.6645218519,0.1487599975,0.2001925928,0.6699335117,0.1298738956,False
2021-12-13,32,0,0.2195209372,0.5551147426,0.2253643202,0.2313472041,0.5345035962,0.2341491997,False
2021-12-14,32,1,0.2380051444,0.5313285143,0.2306663413,0.2488355944,0.5069073778,0.2442570278,False
2021-12-15,32,-1,0.207787973,0.5958490685,0.1963629585,0.220224011,0.586845309,0.1929306799,False
2021-12-16,32,0,0.2290603103,0.5487849249,0.2221547648,0.2403426028,0.5286624168,0.2309949804,False
2021-12-17,33,0,0.2324189373,0.5040078942,0.2635731685,0.2502019481,0.4608031545,0.2889948974,False
2021-12-20,33,1,0.2396060798,0.5039029317,0.2564909885,0.2580028411,0.4619945452,0.2800026137,False
2021-12-21,33,1,0.2501353514,0.5250191098,0.2248455388,0.2687165104,0.4944181597,0.2368653299,False
2021-12-22,33,0,0.208439204,0.6059017715,0.1856590244,0.2211933159,0.5994089368,0.1793977472,False
2021-12-23,33,1,0.1990539347,0.6466328507,0.1543132146,0.2099078528,0.6510091648,0.1390829823,False
2021-12-27,33,0,0.1963739436,0.6391224875,0.164503569,0.2074910889,0.641010549,0.1514983622,False
2021-12-28,33,0,0.1841161611,0.6627509651,0.1531328739,0.1942295869,0.6689775773,0.1367928358,False
2021-12-29,33,0,0.1746059614,0.7060245561,0.1193694825,0.1833274567,0.7194176317,0.09725491162,False
2021-12-30,33,0,0.2192771596,0.5705125596,0.2102102809,0.2339343047,0.5529718585,0.2130938368,False
2021-12-31,33,0,0.2202435959,0.5716145552,0.2081418489,0.2349091937,0.5546904359,0.2104003704,False
2022-01-03,33,0,0.2052852201,0.6118396993,0.1828750805,0.2176950735,0.6067904355,0.175514491,False
2022-01-04,33,-1,0.2198127746,0.5890291332,0.1911580922,0.2337285084,0.578625895,0.1876455966,False
2022-01-05,33,0,0.2656739102,0.4449756766,0.2893504132,0.2877919672,0.3814049705,0.3308030624,False
2022-01-06,33,-1,0.2801657579,0.4502532782,0.2695809639,0.3039389544,0.3914634406,0.304597605,False
2022-01-07,33,1,0.276642548,0.4543253394,0.2690321126,0.2999375761,0.3967644571,0.3032979669,False
2022-01-10,33,1,0.2853172804,0.4319612801,0.2827214396,0.3098665477,0.3659094261,0.3242240261,False
2022-01-11,33,0,0.2747200297,0.4691487434,0.2561312269,0.2975212243,0.4179651894,0.2845135863,False
2022-01-12,33,-1,0.2528825097,0.5232965612,0.2238209291,0.2717611529,0.4924602652,0.2357785819,False
2022-01-13,33,1,0.2956401532,0.3612489465,0.3431109003,0.3200262676,0.2690433033,0.4109304291,False
2022-01-14,33,-1,0.2761330381,0.4350303035,0.2888366584,0.2995290079,0.3688283542,0.3316426379,False
2022-01-18,33,-1,0.3287144935,0.2837356435,0.387549863,0.3512887774,0.1762757809,0.4724354417,False
2022-01-19,34,-1,0.351625977,0.2737343194,0.3746397036,0.3895612988,0.1361523306,0.4742863706,False
2022-01-20,34,-1,0.3603109418,0.2737704509,0.3659186073,0.4012034624,0.1365412251,0.4622553125,False
2022-01-21,34,1,0.3400806679,0.2832845768,0.3766347554,0.3759081647,0.146203286,0.4778885493,False
2022-01-24,34,0,0.3587966697,0.2820401483,0.359163182,0.4008012022,0.1456177486,0.4535810492,False
2022-01-25,34,-1,0.3547538097,0.2748730234,0.3703731669,0.3939663163,0.1375134947,0.468520189,False
2022-01-26,34,-1,0.3253698952,0.3068828158,0.367747289,0.3598590567,0.1731676477,0.4669732956,False
2022-01-27,34,1,0.2929872254,0.3376837511,0.3693290235,0.3199531098,0.2106833276,0.4693635625,False
2022-01-28,34,1,0.3066101115,0.374693134,0.3186967546,0.3406483117,0.2636760283,0.39567566,False
2022-01-31,34,0,0.225815834,0.5470320145,0.2271521515,0.2305833715,0.5272401814,0.2421764471,False
2022-02-01,34,0,0.2144891317,0.5907359625,0.1947749058,0.2141948569,0.5928025516,0.1930025915,False
2022-02-02,34,-1,0.209516782,0.6013234946,0.1891597234,0.2076463402,0.6078149419,0.1845387178,False
2022-02-03,34,0,0.2400576099,0.5221636858,0.2377787043,0.2498627006,0.4897544532,0.2603828462,False
2022-02-04,34,-1,0.2383962613,0.5469107635,0.2146929753,0.2462288775,0.5288657891,0.2249053334,False
2022-02-07,34,1,0.2458167586,0.5571029034,0.197080338,0.2547341194,0.5457300929,0.1995357877,False
2022-02-08,34,0,0.220807429,0.6129435975,0.1662489735,0.220315336,0.62594668,0.153737984,False
2022-02-09,34,0,0.1860479821,0.6892917207,0.1246602972,0.1763353404,0.7240771672,0.09958749241,False
2022-02-10,34,-1,0.2518763028,0.5381447827,0.2099789145,0.263746158,0.5168546574,0.2193991847,False
2022-02-11,34,0,0.258416329,0.4611956451,0.2803880259,0.2763835189,0.3935312944,0.3300851867,False
2022-02-14,34,0,0.3044695057,0.3988850438,0.2966454505,0.3385552479,0.2999223343,0.3615224178,False
2022-02-15,34,0,0.2936239364,0.4330231342,0.2733529294,0.3238877209,0.3524318621,0.3236804169,False
2022-02-16,34,-1,0.2467488524,0.536741359,0.2165097886,0.2573863298,0.513958127,0.2286555433,False
2022-02-17,35,-1,0.259898019,0.469396346,0.2707056351,0.2846090845,0.4142310446,0.3011598709,False
2022-02-18,35,0,0.2575781139,0.4651448491,0.2772770371,0.2819475709,0.4073931433,0.3106592857,False
2022-02-22,35,-1,0.294963471,0.3730106766,0.3320258524,0.3347138978,0.2689845967,0.3963015055,False
2022-02-23,35,1,0.2915743844,0.3433425954,0.3650830201,0.329715515,0.2270766785,0.4432078064,False
2022-02-24,35,1,0.3186389515,0.3233953866,0.3579656619,0.3645550885,0.2015872661,0.4338576454,False
2022-02-25,35,1,0.2374426868,0.5398513963,0.2227059169,0.2502734058,0.5215011612,0.228225433,False
2022-02-28,35,-1,0.2907817585,0.385984401,0.3232338404,0.3290913452,0.2877830546,0.3831256001,False
2022-03-01,35,1,0.2991791846,0.3136675979,0.3871532175,0.3382004772,0.1884918828,0.47330764,False
2022-03-02,35,-1,0.2755860638,0.4439228259,0.2804911103,0.3067191732,0.3754439649,0.3178368619,False
2022-03-03,35,0,0.2698062242,0.4237812269,0.3064125489,0.3003112814,0.3437699963,0.3559187222,False
2022-03-04,35,-1,0.2767670301,0.4109076656,0.3123253043,0.3099697201,0.3244629772,0.3655673027,False
2022-03-07,35,-1,0.3081210781,0.3025970384,0.3892818835,0.3490683069,0.1750859562,0.4758457369,False
2022-03-08,35,0,0.3080259747,0.3313163016,0.3606577237,0.3509471349,0.2115789872,0.4374738779,False
2022-03-09,35,0,0.2747316431,0.4398475452,0.2854208117,0.3058659494,0.3690255729,0.3251084777,False
2022-03-10,35,-1,0.2569378666,0.4969858355,0.2460762978,0.2785286482,0.4571574787,0.2643138731,False
2022-03-11,35,-1,0.2512704919,0.4945461366,0.2541833715,0.2715692118,0.4529369006,0.2754938876,False
2022-03-14,35,1,0.254277023,0.4910750584,0.2546479186,0.2756748489,0.4477489156,0.2765762355,False
2022-03-15,35,1,0.2450167539,0.5386609274,0.2163223187,0.2597061728,0.5202310981,0.2200627291,False
2022-03-16,35,1,0.2034271547,0.6216941624,0.1748786829,0.2029741737,0.6363297528,0.1606960735,False
2022-03-17,35,1,0.1959085345,0.6480351472,0.1560563183,0.1926531487,0.670442765,0.1369040864,False
2022-03-18,35,0,0.1919477175,0.6864393888,0.1216128937,0.1860386277,0.7169649495,0.09699642273,False
2022-03-21,36,1,0.2027706288,0.671315757,0.1259136142,0.1946679744,0.6902688714,0.1150631542,False
2022-03-22,36,-1,0.1884608811,0.6921865617,0.1193525572,0.1751394529,0.7173021628,0.1075583843,False
2022-03-23,36,1,0.2161728908,0.6244214953,0.1594056139,0.2160197122,0.6292508212,0.1547294666,False
2022-03-24,36,0,0.1852415208,0.6962694006,0.1184890786,0.1708742495,0.7225493338,0.1065764166,False
2022-03-25,36,1,0.2013555608,0.654318308,0.1443261312,0.194045496,0.6696628613,0.1362916427,False
2022-03-28,36,0,0.1874300234,0.6932278821,0.1193420945,0.1737839327,0.7186776311,0.1075384362,False
2022-03-29,36,0,0.1905721051,0.686606141,0.1228217539,0.1781145694,0.7104410489,0.1114443817,False
2022-03-30,36,-1,0.2016587436,0.659856514,0.1384847424,0.1940377206,0.6764924315,0.1294698479,False
2022-03-31,36,0,0.2256128007,0.5382524224,0.2361347769,0.2377925371,0.507430471,0.2547769918,False
2022-04-01,36,1,0.2363958219,0.5308404181,0.23276376,0.2537862326,0.4953587038,0.2508550636,False
2022-04-04,36,-1,0.2161462381,0.6031845516,0.1806692103,0.2179995718,0.6008808644,0.1811195638,False
2022-04-05,36,0,0.26206959,0.485034922,0.2528954881,0.2959067755,0.4240762656,0.280016959,False
2022-04-06,36,1,0.2595434932,0.4550713892,0.2853851176,0.2955645306,0.3790659595,0.3253695098,False
2022-04-07,36,0,0.273524423,0.470300182,0.2561753951,0.3142286876,0.4007200357,0.2850512767,False
2022-04-08,36,-1,0.2756755819,0.4688796065,0.2554448115,0.3175139255,0.3983689044,0.2841171701,False
2022-04-11,36,-1,0.306768119,0.3676551757,0.3255767052,0.3712084089,0.2485768784,0.3802147127,False
2022-04-12,36,1,0.3163638035,0.3598620638,0.3237741327,0.3854304933,0.2374557473,0.3771137594,False
2022-04-13,36,-1,0.270669914,0.4666220778,0.2627080082,0.3105179777,0.3954571024,0.2940249199,False
2022-04-14,36,0,0.2777152979,0.4374723896,0.2848123125,0.3238955816,0.3510587318,0.3250456867,False
2022-04-18,36,1,0.2797193011,0.4574409137,0.2628397852,0.3247133089,0.3807774109,0.2945092802,False
2022-04-19,36,-1,0.2645789916,0.4895492323,0.2458717761,0.2989746252,0.4306198837,0.2704054911,False
2022-04-20,37,-1,0.2429113977,0.5443388654,0.2127497369,0.2670546038,0.487996108,0.2449492882,False
2022-04-21,37,-1,0.29720326,0.3833875608,0.3194091792,0.3645638452,0.2600128283,0.3754233265,False
2022-04-22,37,1,0.3717545921,0.2529965024,0.3752489055,0.4669057166,0.1115705648,0.4215237187,False
2022-04-25,37,-1,0.3536626111,0.3015416852,0.3447957037,0.4457477664,0.1590613376,0.395190896,False
2022-04-26,37,0,0.349887023,0.2506836273,0.3994293497,0.4380143915,0.1107431518,0.4512424567,False
2022-04-27,37,1,0.3489848866,0.2855240979,0.3654910155,0.4390036916,0.1431922165,0.417804092,False
2022-04-28,37,-1,0.3212997061,0.3343898294,0.3443104645,0.4013286693,0.1978037249,0.4008676059,False
2022-04-29,37,0,0.3436854717,0.2868076013,0.3695069269,0.4319166159,0.1448437224,0.4232396617,False
2022-05-02,37,0,0.3342550432,0.3278215305,0.3379234264,0.4194105079,0.1890935964,0.3914958957,False
2022-05-03,37,1,0.3234454737,0.3586125976,0.3179419287,0.4032765513,0.2260987505,0.3706246982,False
2022-05-04,37,-1,0.2357347806,0.5457893371,0.2184758824,0.2567904635,0.4913879376,0.251821599,False
2022-05-05,37,0,0.3098657945,0.3192622933,0.3708719122,0.3856146925,0.1818508514,0.4325344561,False
2022-05-06,37,-1,0.3085047379,0.3744256171,0.3170696451,0.381292485,0.2472773994,0.3714301155,False
2022-05-09,37,-1,0.3311322786,0.2865662356,0.3823014858,0.4148287059,0.1455309141,0.43964038,False
2022-05-10,37,-1,0.2919522376,0.3932864543,0.314761308,0.3562135246,0.2734148732,0.3703716022,False
2022-05-11,37,0,0.2920690453,0.3856520807,0.3222788739,0.3570464177,0.2635778986,0.3793756837,False
2022-05-12,37,1,0.2506619965,0.4233751866,0.3259628169,0.2935418618,0.3193713587,0.3870867795,False
2022-05-13,37,0,0.2472770441,0.480226616,0.2724963398,0.2819132997,0.3983469764,0.319739724,False
2022-05-16,37,0,0.243081376,0.4965373416,0.2603812824,0.27376415,0.4218251712,0.3044106788,False
2022-05-17,37,-1,0.211041314,0.5933933679,0.1955653181,0.2167363407,0.5603893092,0.2228743502,False
2022-05-18,37,0,0.2696853612,0.4389979309,0.2913167078,0.3193572068,0.3376142553,0.3430285379,False
2022-05-19,38,-1,0.2686832111,0.4548757574,0.2764410315,0.3098432758,0.378500036,0.3116566882,False
2022-05-20,38,0,0.2682019056,0.4369116599,0.2948864346,0.3106778196,0.3562310195,0.3330911609,False
2022-05-23,38,0,0.2217752149,0.5727470671,0.205477718,0.2376623513,0.533115493,0.2292221557,False
2022-05-24,38,1,0.2393979623,0.4674308534,0.2931711843,0.2697980409,0.3983036051,0.331898354,False
2022-05-25,38,1,0.2197211282,0.5802033771,0.2000754947,0.2343827439,0.5426538143,0.2229634418,False
2022-05-26,38,1,0.1972278489,0.6385346066,0.1642375445,0.2011931585,0.617067972,0.1817388695,False
2022-05-27,38,0,0.1983036221,0.6320807268,0.1696156511,0.2029765454,0.6091759932,0.1878474614,False
2022-05-31,38,-1,0.2205037385,0.5926461065,0.186850155,0.2344091523,0.5578269766,0.2077638711,False
2022-06-01,38,1,0.2384457757,0.5567664632,0.2047877611,0.2608058666,0.5106326391,0.2285614943,False
2022-06-02,38,0,0.2146780938,0.6055530818,0.1797688244,0.225872828,0.5745292879,0.1995978841,False
2022-06-03,38,0,0.2260151018,0.5683549752,0.205629923,0.2435580329,0.5270020097,0.2294399574,False
2022-06-06,38,1,0.2232928076,0.5741947732,0.2025124192,0.2395227312,0.5346647582,0.2258125105,False
2022-06-07,38,0,0.2130467406,0.5945771016,0.1923761579,0.2245919332,0.5613841042,0.2140239626,False
2022-06-08,38,-1,0.2441244872,0.54321868,0.2126568328,0.2694583233,0.4928522078,0.2376894689,False
2022-06-09,38,-1,0.2734829045,0.4727149336,0.2538021619,0.3146204085,0.4001097574,0.285269834,False
2022-06-10,38,-1,0.2986869324,0.3968600124,0.3044530553,0.3539237468,0.30357783,0.3424984232,False
2022-06-13,38,-1,0.3379359623,0.311449254,0.3506147837,0.408129423,0.2026363482,0.3892342288,False
2022-06-14,38,0,0.3360806828,0.3474793896,0.3164399276,0.4049651615,0.2422577553,0.3527770831,False
2022-06-15,38,-1,0.3451902541,0.3335868587,0.3212228872,0.4169750402,0.2260147212,0.3570102387,False
2022-06-16,38,0,0.3376813063,0.320342306,0.3419763877,0.4077035379,0.2121858415,0.3801106206,False
2022-06-17,38,0,0.3291659762,0.3506384408,0.3201955829,0.3959913987,0.2464502108,0.3575583904,False
2022-06-21,39,1,0.3039872381,0.4087722699,0.2872404919,0.3647030064,0.3303138053,0.3049831883,False
2022-06-22,39,0,0.2683414498,0.3976524636,0.3340060866,0.3238470552,0.3244356702,0.3517172746,False
2022-06-23,39,1,0.2397374118,0.4844781601,0.275784428,0.2817949272,0.4205994269,0.2976056459,False
2022-06-24,39,0,0.2171316906,0.5738551656,0.2090131437,0.246725283,0.5197038479,0.2335708691,False
2022-06-27,39,-1,0.2193742376,0.5873423857,0.1932833767,0.2483515685,0.5334286962,0.2182197352,False
2022-06-28,39,0,0.2282372843,0.5479617592,0.2238009565,0.2622994633,0.4900229443,0.2476775924,False
2022-06-29,39,0,0.2219965425,0.5664522155,0.2115512421,0.2532089893,0.5108551961,0.2359358146,False
2022-06-30,39,1,0.2612700801,0.4610845505,0.2776453695,0.3097839248,0.3918553694,0.2983607058,False
2022-07-01,39,1,0.2112328531,0.5709245273,0.2178426196,0.2398179105,0.5178967076,0.242285382,False
2022-07-05,39,0,0.2244950555,0.5247496821,0.2507552624,0.2597732713,0.4662910621,0.2739356665,False
2022-07-06,39,1,0.2153838588,0.5532651063,0.2313510349,0.2462959998,0.4983681034,0.2553358968,False
2022-07-07,39,0,0.205124796,0.6003778597,0.1944973444,0.2301279514,0.5502278888,0.2196441598,False
2022-07-08,39,0,0.2059164783,0.6090808494,0.1850026722,0.230440457,0.5592000023,0.2103595407,False
2022-07-11,39,0,0.2488538311,0.5157650048,0.2353811641,0.2899175535,0.4518102162,0.2582722303,False
2022-07-12,39,1,0.28256666,0.4488554555,0.2685778844,0.3360966436,0.3752756286,0.2886277278,False
2022-07-13,39,1,0.2720326519,0.461367024,0.2666003241,0.3225293091,0.3901989917,0.2872716992,False
2022-07-14,39,0,0.2695291181,0.4534013745,0.2770695074,0.3203110151,0.3823066,0.2973823849,False
2022-07-15,39,-1,0.2071009144,0.580996346,0.2119027396,0.234007331,0.5294100402,0.2365826287,False
2022-07-18,39,1,0.2668761297,0.4750593875,0.2580644828,0.3151451877,0.4054948726,0.2793599397,False
2022-07-19,39,0,0.1937648091,0.6225607368,0.1836744541,0.2147739078,0.5759993955,0.2092266967,False
2022-07-20,39,1,0.1984185527,0.616983104,0.1845983433,0.2207990064,0.5691310899,0.2100699037,False
2022-07-21,40,-1,0.1842438873,0.6375596556,0.178196457,0.1884472833,0.5952459979,0.2163067188,False
2022-07-22,40,0,0.2037773363,0.5831071956,0.2131154682,0.2161441858,0.5335828286,0.2502729857,False
2022-07-25,40,-1,0.1982352641,0.6040208448,0.197743891,0.207836783,0.5568316825,0.2353315346,False
2022-07-26,40,1,0.2171862529,0.5437600696,0.2390536775,0.2357846739,0.4891197992,0.2750955269,False
2022-07-27,40,1,0.1971088567,0.595915551,0.2069755924,0.2069604023,0.5485955446,0.2444440531,False
2022-07-28,40,1,0.1868533197,0.634105219,0.1790414613,0.1918715058,0.5910308327,0.2170976615,False
2022-07-29,40,0,0.1961885896,0.6065226629,0.1972887475,0.2051278624,0.5599361729,0.2349359647,False
2022-08-01,40,0,0.1994753268,0.6004852266,0.2000394467,0.2096110917,0.5528307457,0.2375581626,False
2022-08-02,40,1,0.2231744064,0.5608319112,0.2159936824,0.2419918828,0.5056136356,0.2523944817,False
2022-08-03,40,0,0.2050338973,0.6012917578,0.1936743449,0.2164869598,0.5523722448,0.2311407954,False
2022-08-04,40,1,0.2067164336,0.581935185,0.2113483815,0.2198970557,0.5316559353,0.248447009,False
2022-08-05,40,-1,0.1983730924,0.6184111462,0.1832157614,0.207101246,0.5719091019,0.2209896522,False
2022-08-08,40,0,0.213833909,0.5644803772,0.2216857138,0.2300408814,0.5116517129,0.2583074057,False
2022-08-09,40,0,0.2401813879,0.5221999305,0.2376186816,0.2662602501,0.4611545056,0.2725852444,False
2022-08-10,40,-1,0.1895446845,0.6332005978,0.1772547177,0.1952580362,0.589470483,0.2152714809,False
2022-08-11,40,1,0.2015749038,0.6122406231,0.1861844731,0.2114708032,0.5646827885,0.2238464083,False
2022-08-12,40,1,0.2143594975,0.5818354381,0.2038050644,0.2294509861,0.5297430415,0.2408059724,False
2022-08-15,40,0,0.2186022738,0.5836268125,0.1977709137,0.2346209033,0.5306266011,0.2347524956,False
2022-08-16,40,0,0.218176585,0.5864281604,0.1953952546,0.2338924491,0.5336707854,0.2324367655,False
2022-08-17,40,0,0.2120938002,0.584326316,0.2035798838,0.2264470108,0.5328933566,0.2406596326,False
2022-08-18,40,-1,0.2257567564,0.5556215771,0.2186216665,0.2456118542,0.4995386391,0.2548495067,False
2022-08-19,41,-1,0.2802208767,0.4438174647,0.2759616586,0.3243776673,0.3666602903,0.3089620424,False
2022-08-22,41,0,0.3407153373,0.3496050877,0.309679575,0.4033887611,0.2714096001,0.3252016388,False
2022-08-23,41,0,0.3175164711,0.4057283576,0.2767551712,0.3717485179,0.3240277145,0.3042237676,False
2022-08-24,41,1,0.3198258997,0.3747598061,0.3054142942,0.3774836945,0.2970914195,0.325424886,False
2022-08-25,41,-1,0.2871369048,0.4577929895,0.2550701057,0.3312828503,0.376976647,0.2917405027,False
2022-08-26,41,0,0.3513494257,0.3046630101,0.3439875642,0.419488224,0.2321518889,0.3483598871,False
2022-08-29,41,-1,0.3234804624,0.3647135427,0.3118059949,0.3826386265,0.2877606322,0.3296007413,False
2022-08-30,41,-1,0.3518736015,0.3116036942,0.3365227043,0.4193669531,0.2377641584,0.3428688885,False
2022-08-31,41,1,0.3354735076,0.3245439989,0.3399824934,0.4001111745,0.2515451164,0.3483437091,False
2022-09-01,41,-1,0.3420843005,0.3363939815,0.3215217181,0.4062238767,0.2601196104,0.3336565128,False
2022-09-02,41,-1,0.3424993556,0.3172940844,0.34020656,0.4085909496,0.2441808837,0.3472281668,False
2022-09-06,41,1,0.3254845405,0.3751055396,0.2994099199,0.3838533394,0.2961110182,0.3200356424,False
2022-09-07,41,1,0.2906956065,0.4409846878,0.2683197057,0.3371166463,0.3613219527,0.3015614011,False
2022-09-08,41,1,0.2838962358,0.4476396504,0.2684641138,0.3284008317,0.3689873341,0.3026118342,False
2022-09-09,41,0,0.2290757391,0.5540053891,0.2169188719,0.2518530417,0.4804332043,0.267713754,False
2022-09-12,41,-1,0.216215525,0.5838289211,0.1999555539,0.2334774488,0.5118214241,0.2547011271,False
2022-09-13,41,0,0.3290307853,0.3679273985,0.3030418161,0.3885626471,0.2892593627,0.3221779902,False
2022-09-14,41,-1,0.3170031076,0.3976233926,0.2853734998,0.3719722426,0.3172204259,0.3108073315,False
2022-09-15,41,0,0.311775326,0.4002051944,0.2880194796,0.3657256605,0.3206831234,0.313591216,False
2022-09-16,41,1,0.3090740819,0.390814953,0.3001109651,0.3635531548,0.3132911358,0.3231557094,False
2022-09-19,41,0,0.2966945298,0.4387888308,0.2645166393,0.3443957472,0.357807062,0.2977971908,False
2022-09-20,42,-1,0.309843635,0.4277649283,0.2623914367,0.3530405209,0.3589407407,0.2880187385,False
2022-09-21,42,0,0.335987155,0.3460069214,0.3180059236,0.3833263756,0.2952826621,0.3213909623,False
2022-09-22,42,-1,0.3162417741,0.4140731116,0.2696851143,0.3600053071,0.3478056088,0.2921890841,False
2022-09-23,42,0,0.350412603,0.34029246,0.309294937,0.3968450245,0.2888900138,0.3142649616,False
2022-09-26,42,-1,0.3175108873,0.4093065947,0.273182518,0.3615260946,0.3441203185,0.2943535869,False
2022-09-27,42,1,0.3592204124,0.3448972537,0.2958823339,0.4043518673,0.2908367204,0.3048114123,False
2022-09-28,42,-1,0.3387200483,0.3589050901,0.3023748616,0.3848152967,0.3041113725,0.3110733308,False
2022-09-29,42,-1,0.3344988875,0.3610614162,0.3044396962,0.3807934439,0.3063586426,0.3128479136,False
2022-09-30,42,1,0.3485037282,0.3458435699,0.305652702,0.3946906218,0.2931676897,0.3121416885,False
2022-10-03,42,1,0.260082546,0.3748948886,0.3650225654,0.3082797477,0.330220558,0.3614996943,False
2022-10-04,42,1,0.2108322492,0.5676767923,0.2214909585,0.2450753944,0.4857848675,0.2691397381,False
2022-10-05,42,0,0.2292854412,0.5816852157,0.1890293431,0.2638255454,0.4920572979,0.2441171566,False
2022-10-06,42,-1,0.2354909831,0.5626717464,0.2018372705,0.2712439148,0.4757763221,0.2529797631,False
2022-10-07,42,-1,0.3080754157,0.4285618889,0.2633626954,0.3513106161,0.3598566172,0.2888327668,False
2022-10-10,42,0,0.3020107746,0.4354429287,0.2625462967,0.3450743411,0.3660381756,0.2888874832,False
2022-10-11,42,0,0.3058816725,0.4311294653,0.2629888623,0.349053933,0.362145459,0.288800608,False
2022-10-12,42,1,0.2987079013,0.4255719013,0.2757201974,0.3425790215,0.3594923146,0.2979286639,False
2022-10-13,42,-1,0.3034646983,0.4355478225,0.2609874792,0.3464562417,0.3658317632,0.2877119951,False
2022-10-14,42,0,0.3138438409,0.3789694147,0.3071867444,0.3602774977,0.3228494978,0.3168730045,False
2022-10-17,42,-1,0.2506073858,0.5149430078,0.2344496064,0.2893994024,0.4358531323,0.2747474654,False
2022-10-18,42,0,0.2302189443,0.5708765203,0.1989045354,0.2653346296,0.4833975027,0.2512678676,False
2022-10-19,43,0,0.2355273063,0.5566147033,0.2078579904,0.2859750704,0.4581542759,0.2558706537,False
2022-10-20,43,1,0.2523281099,0.5198781942,0.2277936959,0.3042289551,0.4279268896,0.2678441554,False
2022-10-21,43,0,0.2571167839,0.5206381541,0.2222450619,0.3089438681,0.4274376247,0.2636185072,False
2022-10-24,43,1,0.2055702104,0.623363098,0.1710666917,0.25254002,0.515472768,0.231987212,False
2022-10-25,43,0,0.203825659,0.6185831779,0.1775911631,0.2508168274,0.5121848376,0.2369983349,False
2022-10-26,43,-1,0.2077596491,0.604791434,0.1874489168,0.2554472303,0.5006452306,0.243907539,False
2022-10-27,43,1,0.2181722944,0.5305300903,0.2512976153,0.2691554981,0.4434602467,0.2873842552,False
2022-10-28,43,0,0.2057500185,0.6018932455,0.192356736,0.2534078061,0.4989406174,0.2476515765,False
2022-10-31,43,-1,0.2142050103,0.5993723804,0.1864226093,0.2624396004,0.4949666455,0.242593754,False
2022-11-01,43,-1,0.2170010792,0.5863905439,0.1966083769,0.2658039677,0.4845143065,0.2496817258,False
2022-11-02,43,0,0.2964110567,0.3741758204,0.3294131229,0.3531382041,0.3189628817,0.3278989142,False
2022-11-03,43,0,0.302023872,0.4276081699,0.2703679581,0.3556511973,0.3540666121,0.2902821906,False
2022-11-04,43,0,0.3013679124,0.4092196993,0.2894123884,0.3559141296,0.3417350648,0.3023508056,False
2022-11-07,43,0,0.2769505011,0.4924137425,0.2306357565,0.3293316332,0.4034261607,0.2672422061,False
2022-11-08,43,-1,0.2515545558,0.5094695675,0.2389758767,0.3038689847,0.4207167195,0.2754142958,False
2022-11-09,43,1,0.2905306862,0.4337020286,0.2757672853,0.3446898788,0.3603182222,0.294991899,False
2022-11-10,43,0,0.2145578496,0.5409613485,0.2444808019,0.2649672005,0.4518403846,0.2831924149,False
2022-11-11,43,0,0.1968210367,0.5909532751,0.2122256882,0.244264619,0.4930015084,0.2627338726,False
2022-11-14,43,0,0.2058826295,0.5852297644,0.2088876061,0.2541335723,0.4863958445,0.2594705832,False
2022-11-15,43,0,0.2038348865,0.5652463089,0.2309188046,0.2527227458,0.4721850447,0.2750922095,False
2022-11-16,43,1,0.2150173353,0.5308080193,0.2541746453,0.2658660775,0.4444446587,0.2896892639,False
2022-11-17,44,0,0.2157286686,0.5690443752,0.2152269561,0.2693335209,0.460201261,0.2704652181,False
2022-11-18,44,0,0.2225405447,0.5461250516,0.2313344037,0.2762797728,0.445872517,0.2778477102,False
2022-11-21,44,0,0.218651812,0.5664372426,0.2149109454,0.2719951942,0.4580107642,0.2699940416,False
2022-11-22,44,0,0.1938965681,0.624697367,0.1814060648,0.2475148775,0.4976974795,0.254787643,False
2022-11-23,44,0,0.2012758347,0.6131702687,0.1855538966,0.2546705064,0.4889957971,0.2563336965,False
2022-11-25,44,-1,0.1963311567,0.6141241095,0.1895447338,0.2501511172,0.4908614396,0.2589874432,False
2022-11-28,44,0,0.2781095846,0.4208057395,0.3010846759,0.3284334687,0.3669007018,0.3046658295,False
2022-11-29,44,1,0.2803099837,0.4242631228,0.2954268935,0.3299315109,0.3682443684,0.3018241207,False
2022-11-30,44,0,0.2103025876,0.5923046276,0.1973927848,0.2635730289,0.4746555088,0.2617714624,False
2022-12-01,44,1,0.1911882534,0.6092224211,0.1995893255,0.2456533954,0.4894363857,0.2649102189,False
2022-12-02,44,-1,0.1906644782,0.6204213774,0.1889141443,0.244715174,0.4960674071,0.2592174189,False
2022-12-05,44,-1,0.2816338093,0.4244406255,0.2939255653,0.3309470155,0.3680655111,0.3009874734,False
2022-12-06,44,0,0.2427536853,0.3301885261,0.4270577886,0.306202767,0.3263019586,0.3674952744,False
2022-12-07,44,0,0.2386514513,0.3316389418,0.4297096069,0.3026622696,0.3279654406,0.3693722898,False
2022-12-08,44,0,0.2773159032,0.4294731767,0.2932109202,0.3272864217,0.3715695727,0.3011440056,False
2022-12-09,44,1,0.2795420778,0.4344031856,0.2860547365,0.3287251488,0.3736713628,0.2976034884,False
2022-12-12,44,-1,0.2363110334,0.5515018354,0.2121871312,0.2877670521,0.4454485649,0.266784383,False
2022-12-13,44,-1,0.2370767176,0.534259684,0.2286635984,0.2891880524,0.4358630371,0.2749489105,False
2022-12-14,44,-1,0.2557361602,0.4923006135,0.2519632263,0.3066334475,0.4091090407,0.2842575118,False
2022-12-15,44,0,0.2809127872,0.3612485143,0.3578386985,0.3345846335,0.3352141992,0.3302011673,False
2022-12-16,44,-1,0.2811184887,0.3652574896,0.3536240217,0.3344574606,0.3372873083,0.3282552311,False
2022-12-19,45,0,0.2899611422,0.3998080039,0.3102308539,0.3328115344,0.3738992676,0.293289198,False
2022-12-20,45,1,0.2996985718,0.4141468497,0.2861545786,0.3381936961,0.3776623425,0.2841439615,False
2022-12-21,45,-1,0.302276594,0.4174752895,0.2802481166,0.3396408877,0.3784772657,0.2818818466,False
2022-12-22,45,1,0.3055305988,0.3915757532,0.302893648,0.3433514752,0.3674337048,0.28921482,False
2022-12-23,45,0,0.3001303347,0.4222276522,0.2776420132,0.3379805089,0.3808118225,0.2812076685,False
2022-12-27,45,-1,0.3074990632,0.4078814031,0.2846195338,0.3435541553,0.3735949533,0.2828508915,False
2022-12-28,45,1,0.3087167333,0.4053782925,0.2859049742,0.3444815844,0.3723515563,0.2831668593,False
2022-12-29,45,0,0.2709667006,0.4733631876,0.2556701118,0.3159365839,0.4074738684,0.2765895478,False
2022-12-30,45,-1,0.2666855755,0.4899326855,0.2433817391,0.3121850692,0.4151167786,0.2726981522,False
2023-01-03,45,0,0.2704310653,0.4681440114,0.2614249234,0.3158516132,0.4054921929,0.2786561939,False
2023-01-04,45,-1,0.2395183232,0.5128704331,0.2476112437,0.2920859731,0.4307984936,0.2771155334,False
2023-01-05,45,1,0.2778906857,0.4240639779,0.2980453365,0.3233590676,0.3861903898,0.2904505427,False
2023-01-06,45,-1,0.2153583388,0.538196239,0.2464454222,0.2731367306,0.4473899329,0.2794733365,False
2023-01-09,45,1,0.2029623808,0.5818536112,0.215184008,0.2616772314,0.4690952024,0.2692275662,False
2023-01-10,45,1,0.1948568634,0.6348579403,0.1702851963,0.25317776,0.4947891742,0.2520330658,False
2023-01-11,45,0,0.1883242902,0.6470842395,0.1645914704,0.2474763768,0.5022627912,0.250260832,False
2023-01-12,45,1,0.1958484899,0.6108167066,0.1933348035,0.2548867246,0.4836705162,0.2614427592,False
2023-01-13,45,0,0.1944522842,0.6409725263,0.1645751895,0.2526367086,0.497731594,0.2496316974,False
2023-01-17,45,-1,0.195479223,0.6165410293,0.1879797477,0.2543659629,0.4863171781,0.259316859,False
2023-01-18,45,0,0.251981858,0.411170593,0.336847549,0.3065513253,0.3868267727,0.306621902,False
2023-01-19,45,1,0.2856393163,0.3869004387,0.327460245,0.3308427409,0.3695916742,0.2995655849,False
2023-01-20,46,1,0.2280612811,0.5450559711,0.2268827478,0.2963307456,0.4395617419,0.2641075125,False
2023-01-23,46,0,0.1900914382,0.6421763208,0.1677322409,0.269888584,0.4879015083,0.2422099077,False
2023-01-24,46,1,0.1936109835,0.6358467688,0.1705422477,0.2724227725,0.4843704916,0.2432067359,False
2023-01-25,46,0,0.1993553201,0.6037196515,0.1969250284,0.2766325716,0.4690277758,0.2543396527,False
2023-01-26,46,0,0.1826274779,0.6535738017,0.1637987204,0.2644364335,0.4945562767,0.2410072898,False
2023-01-27,46,-1,0.1890142016,0.6478040268,0.1631817716,0.2691001891,0.4907164426,0.2401833683,False
2023-01-30,46,1,0.2191955887,0.5748674638,0.2059369476,0.2902701808,0.4533301714,0.2563996478,False
2023-01-31,46,1,0.2046937979,0.5856894233,0.2096167788,0.2804584776,0.4603533199,0.2591882025,False
2023-02-01,46,0,0.2102369675,0.5898776452,0.1998853873,0.2841770988,0.461181512,0.2546413892,False
2023-02-02,46,0,0.2209675413,0.5761810394,0.2028514193,0.2914282742,0.4535994196,0.2549723063,False
2023-02-03,46,0,0.2079610615,0.5982211809,0.1938177576,0.2825772742,0.4651572387,0.2522654871,False
2023-02-06,46,1,0.2128598374,0.5976610805,0.1894790821,0.28589683,0.4641074059,0.2499957642,False
2023-02-07,46,-1,0.2175708572,0.5644998951,0.2179292478,0.2892938832,0.4492660704,0.2614400464,False
2023-02-08,46,-1,0.2447303846,0.525146542,0.2301230734,0.3070873271,0.4289333004,0.2639793725,False
2023-02-09,46,0,0.2989536025,0.432916579,0.2681298186,0.3404557911,0.3854422639,0.274101945,False
2023-02-10,46,1,0.3029123758,0.4239390121,0.273148612,0.3428541973,0.3815003569,0.2756454458,False
2023-02-13,46,0,0.2330473687,0.564114984,0.2028376473,0.2993656796,0.4466544343,0.2539798861,False
2023-02-14,46,1,0.2555387321,0.5111332743,0.2333279936,0.3138952564,0.4217523884,0.2643523552,False
2023-02-15,46,0,0.2318060924,0.57446682,0.1937270876,0.2985119848,0.4512090704,0.2502789448,False
2023-02-16,46,0,0.2998262761,0.4106934794,0.2894802445,0.3414202046,0.3768013245,0.2817784709,False
2023-02-17,46,-1,0.311983681,0.36501981,0.322996509,0.349403479,0.3577687595,0.2928277616,False
2023-02-21,47,0,0.3293530428,0.3911486591,0.2794982981,0.3409457761,0.3830589313,0.2759952926,False
2023-02-22,47,0,0.3208447284,0.3791766918,0.2999785798,0.3369454241,0.381091982,0.2819625939,False
2023-02-23,47,0,0.3346048473,0.3561759036,0.3092192491,0.3454774968,0.3716068835,0.2829156197,False
2023-02-24,47,-1,0.3338222121,0.3603119574,0.3058658305,0.3448442093,0.3729994471,0.2821563436,False
2023-02-27,47,0,0.2966815254,0.4133880004,0.2899304742,0.3220585111,0.3960120159,0.281929473,False
2023-02-28,47,0,0.2891456053,0.3690783548,0.3417760399,0.3199369615,0.3843485487,0.2957144899,False
2023-03-01,47,1,0.3041372164,0.3813017345,0.3145610492,0.3277102247,0.38497829,0.2873114852,False
2023-03-02,47,1,0.3119258375,0.4203733338,0.2677008287,0.3302185351,0.3950515829,0.274729882,False
2023-03-03,47,0,0.2248926196,0.5573079434,0.217799437,0.27367263,0.4554009685,0.2709264015,False
2023-03-06,47,-1,0.2299351708,0.5572473976,0.2128174316,0.2769331396,0.4541438256,0.2689230348,False
2023-03-07,47,0,0.2723751617,0.4409441265,0.2866807118,0.3069661271,0.409268488,0.2837653849,False
2023-03-08,47,-1,0.2629997698,0.4812557295,0.2557445007,0.2998713391,0.4232879799,0.2768406811,False
2023-03-09,47,-1,0.2809637978,0.3602041832,0.358832019,0.31573376,0.3833684092,0.3008978308,False
2023-03-10,47,1,0.2630179776,0.2924206733,0.4445613491,0.3092255486,0.3658038326,0.3249706188,False
2023-03-13,47,0,0.2753523118,0.2763590166,0.4482886716,0.317613046,0.3578674895,0.3245194645,False
2023-03-14,47,1,0.2896919238,0.3288768108,0.3814312654,0.3224734326,0.3719318812,0.3055946862,False
2023-03-15,47,1,0.2623775799,0.3204606393,0.4171617808,0.3070921281,0.3750185125,0.3178893594,False
2023-03-16,47,-1,0.23609756,0.497371344,0.266531096,0.2828058516,0.4343645586,0.2828295898,False
2023-03-17,47,1,0.2554119764,0.309492279,0.4350957446,0.3035621535,0.3730255019,0.3234123446,False
2023-03-20,47,0,0.2140308937,0.5951864226,0.1907826838,0.2654540493,0.4702288319,0.2643171188,False
2023-03-21,47,-1,0.2042341697,0.6250960261,0.1706698042,0.2580654126,0.4827325001,0.2592020873,False
2023-03-22,48,-1,0.2154464078,0.5959109573,0.1886426349,0.2927040049,0.4326718743,0.2746241208,False
2023-03-23,48,1,0.1204943384,0.5340412559,0.3454644056,0.242240866,0.4466140737,0.3111450603,False
2023-03-24,48,0,0.08996123896,0.744091418,0.165947343,0.2274004131,0.4783795535,0.2942200335,False
2023-03-27,48,0,0.2050354875,0.6736257206,0.1213387918,0.2922194669,0.4437236261,0.2640569069,False
2023-03-28,48,0,0.2411249449,0.5523242888,0.2065507663,0.3016290398,0.4245361958,0.2738347644,False
2023-03-29,48,0,0.2386651782,0.5883676105,0.1729672113,0.3023002006,0.4286014535,0.2690983459,False
2023-03-30,48,1,0.3216958562,0.5043392551,0.1739648887,0.3299478197,0.4103332827,0.2597188977,False
2023-03-31,48,0,0.2370119481,0.6625558938,0.1004321581,0.3063447273,0.4385291477,0.255126125,False
2023-04-03,48,-1,0.2493981566,0.5432713076,0.2073305357,0.3045758575,0.4225290346,0.2728951079,False
2023-04-04,48,0,0.07140921934,0.2503792256,0.6782115551,0.1999734863,0.4385937791,0.3614327347,False
2023-04-05,48,1,0.1432921867,0.2343303137,0.6223774996,0.2483839643,0.4162318887,0.335384147,False
2023-04-06,48,1,0.2151257045,0.2859016216,0.4989726739,0.2830919233,0.407036138,0.3098719387,False
2023-04-10,48,0,0.3467979746,0.4400701793,0.2131318461,0.3355364372,0.401697107,0.2627664558,False
2023-04-11,48,-1,0.3107653144,0.3706213556,0.31861333,0.3207659861,0.4000593946,0.2791746192,False
2023-04-12,48,1,0.1633767517,0.5125783244,0.3240449239,0.2654950345,0.4343794023,0.3001255632,False
2023-04-13,48,0,0.1334612645,0.748900774,0.1176379615,0.2581757905,0.4671016423,0.2747225672,False
2023-04-14,48,0,0.2428735366,0.6169198865,0.1402065769,0.3056694449,0.4314300761,0.262900479,False
2023-04-17,48,-1,0.1283719898,0.6106846937,0.2609433165,0.2492068911,0.4514414341,0.2993516748,False
2023-04-18,48,1,0.2003967279,0.4066417464,0.3929615257,0.27986187,0.4187601256,0.3013780044,False
2023-04-19,48,0,0.2322023454,0.4935155371,0.2742821175,0.2957496447,0.42049228,0.2837580753,False
2023-04-20,48,0,0.2582913228,0.503553425,0.2381552522,0.3064337555,0.4176420591,0.2759241854,False
2023-04-21,49,0,0.2603900059,0.5095782038,0.2300317903,0.2951093337,0.4320615828,0.2728290835,False
2023-04-24,49,-1,0.2262299417,0.3939675841,0.3798024742,0.2799977007,0.4156393437,0.3043629557,False
2023-04-25,49,-1,0.1941689861,0.3399591317,0.4658718822,0.2681844945,0.4097255551,0.3220899505,False
2023-04-26,49,1,0.2574149424,0.2714742151,0.4711108425,0.285453796,0.3962703331,0.3182758709,False
2023-04-27,49,1,0.3436412297,0.423248092,0.2331106783,0.3146527493,0.4165103513,0.2688368994,False
2023-04-28,49,0,0.2066379767,0.5117490421,0.2816129812,0.278155213,0.4344231654,0.2874216216,False
2023-05-01,49,-1,0.3236433972,0.4567474595,0.2196091432,0.3108780082,0.4222360861,0.2668859057,False
2023-05-02,49,-1,0.2681002837,0.3893327235,0.3425669929,0.2921760357,0.4130858091,0.2947381553,False
2023-05-03,49,-1,0.1929957776,0.4721638814,0.334840341,0.2720555686,0.4291215283,0.2988229031,False
2023-05-04,49,1,0.207123821,0.2544584322,0.5384177468,0.2700084588,0.3961439699,0.3338475712,False
2023-05-05,49,0,0.1703121135,0.6444715171,0.1852163695,0.2715249139,0.4598611923,0.2686138937,False
2023-05-08,49,0,0.4070111265,0.4944306438,0.0985582297,0.3393687967,0.4322543786,0.2283768247,False
2023-05-09,49,0,0.215186612,0.7268317163,0.05798167169,0.2983233533,0.4840660659,0.2176105808,False
2023-05-10,49,0,0.248380387,0.376860492,0.374759121,0.2860476063,0.4120771722,0.3018752215,False
2023-05-11,49,-1,0.2512986646,0.4916525981,0.2570487373,0.2914451411,0.4293427551,0.2792121039,False
2023-05-12,49,0,0.3514502759,0.5093859194,0.1391638047,0.3228298207,0.4324427583,0.244727421,False
2023-05-15,49,-1,0.3264167412,0.4924140895,0.1811691693,0.3138897063,0.4285409036,0.2575693901,False
2023-05-16,49,1,0.3058597794,0.5438950094,0.1502452112,0.311392737,0.4383460415,0.2502612215,False
2023-05-17,49,1,0.2146836915,0.6215350994,0.1637812091,0.2866751476,0.4538481908,0.2594766616,False
2023-05-18,49,0,0.1936307691,0.6042215477,0.2021476832,0.2780590066,0.4509565972,0.2709843962,False
2023-05-19,49,0,0.220635821,0.6179966246,0.1613675544,0.2885519088,0.4530482849,0.2583998063,False
2023-05-22,50,-1,0.1812077909,0.6570823518,0.1617098573,0.2649941929,0.4629587713,0.2720470358,False
2023-05-23,50,0,0.2367078148,0.4626533222,0.3006388629,0.2816552775,0.4294013133,0.2889434092,False
2023-05-24,50,0,0.2320510455,0.4177481431,0.3502008114,0.2802177839,0.4241677921,0.295614424,False
2023-05-25,50,1,0.3516025738,0.2801667519,0.3682306743,0.3127571912,0.3961756147,0.2910671941,False
2023-05-26,50,-1,0.1970063251,0.653886742,0.1491069329,0.2706465302,0.4608715806,0.2684818892,False
2023-05-30,50,0,0.2469921434,0.6057193638,0.1472884928,0.2862799929,0.4488492385,0.2648707686,False
2023-05-31,50,1,0.2616043921,0.3991273539,0.339268254,0.2887955339,0.4189490314,0.2922554348,False
2023-06-01,50,1,0.1145317318,0.6744516173,0.2110166509,0.2372973902,0.4755514613,0.2871511485,False
2023-06-02,50,0,0.07500902922,0.8060820504,0.1189089203,0.2156047459,0.5100019253,0.2743933288,False
2023-06-05,50,0,0.2265546222,0.5828727084,0.1905726695,0.2794074587,0.4468124974,0.2737800439,False
2023-06-06,50,-1,0.0997046451,0.7319737988,0.1683215561,0.2300168862,0.4884540507,0.2815290631,False
2023-06-07,50,1,0.2234811728,0.4628509346,0.3136678926,0.2776465513,0.4307741849,0.2915792638,False
2023-06-08,50,0,0.1941159056,0.6363617841,0.1695223103,0.2693218006,0.4581980967,0.2724801027,False
2023-06-09,50,1,0.1937516806,0.6011013871,0.2051469323,0.2687548918,0.4527551841,0.2784899241,False
2023-06-12,50,0,0.1696352119,0.624600318,0.2057644701,0.2603074024,0.4591223448,0.2805702528,False
2023-06-13,50,0,0.1506516353,0.6013418356,0.2480065291,0.2528165864,0.4583600123,0.2888234013,False
2023-06-14,50,1,0.1585422206,0.539706762,0.3017510174,0.2556910964,0.4487697177,0.2955391858,False
2023-06-15,50,-1,0.2765380784,0.5002005968,0.2232613248,0.2934105608,0.4308667676,0.2757226716,False
2023-06-16,50,0,0.1696805366,0.5625444628,0.2677750006,0.2599346912,0.4502423294,0.2898229794,False
2023-06-20,50,0,0.1749480139,0.3754549158,0.4495970703,0.2618253244,0.4255567531,0.3126179225,False
2023-06-21,50,1,0.1588138752,0.3281688149,0.5130173098,0.2561400218,0.4216776414,0.3221823367,False
2023-06-22,51,0,0.1323343943,0.7157166971,0.1519489086,0.2643688964,0.495275645,0.2403554586,False
2023-06-23,51,0,0.1016654394,0.4426832513,0.4556513093,0.245100649,0.4311816477,0.3237177032,False
2023-06-26,51,1,0.1772009042,0.2540555307,0.5687435651,0.2602053102,0.3916893784,0.3481053114,False
2023-06-27,51,0,0.1554934298,0.6348013151,0.2097052552,0.2668017757,0.4737384288,0.2594597955,False
2023-06-28,51,1,0.2402575632,0.4427336132,0.3170088236,0.2787540739,0.4335978772,0.2876480489,False
2023-06-29,51,1,0.2031479164,0.6461353052,0.1507167783,0.280243052,0.4806851659,0.2390717822,False
2023-06-30,51,0,0.1774621711,0.5881426041,0.2343952249,0.2703661461,0.4632221714,0.2664116825,False
2023-07-03,51,0,0.2829434148,0.5526107253,0.1644458599,0.2935714726,0.4626950662,0.2437334613,False
2023-07-05,51,0,0.5198599646,0.4210315437,0.05910849166,0.3442568796,0.4618789531,0.1938641673,False
2023-07-06,51,0,0.4498457318,0.4039064286,0.1462478396,0.3210033939,0.4414845621,0.237512044,False
2023-07-07,51,1,0.4310145963,0.4004865023,0.1684989013,0.3163275668,0.4382287091,0.2454437241,False
2023-07-10,51,1,0.3377756849,0.4844558805,0.1777684345,0.3014246601,0.4503005054,0.2482748345,False
2023-07-11,51,0,0.263373707,0.5295257388,0.2071005542,0.2875803983,0.4547731041,0.2576464976,False
2023-07-12,51,1,0.1483724366,0.4882231367,0.3634044266,0.2594343447,0.4402459574,0.3003196979,False
2023-07-13,51,-1,0.09219084339,0.3348121643,0.5729969923,0.2392113251,0.4090956727,0.3516930022,False
2023-07-14,51,1,0.1460119817,0.4383424704,0.4156455479,0.257365973,0.4299621343,0.3126718927,False
2023-07-17,51,1,0.2581522267,0.3892800756,0.3525676977,0.2805974779,0.4231109065,0.2962916156,False
2023-07-18,51,0,0.3974172999,0.4083072318,0.1942754683,0.3094616385,0.4367422411,0.2537961203,False
2023-07-19,51,-1,0.4791544642,0.3132648091,0.2075807267,0.3211303091,0.4203331834,0.2585365075,False
2023-07-20,51,-1,0.2605568255,0.631593896,0.1078492785,0.2947479942,0.4841303652,0.2211216406,False
2023-07-21,51,0,0.3016310705,0.6008102046,0.09755872494,0.3030436006,0.4807828192,0.2161735801,False
2023-07-24,52,1,0.3374351516,0.5026286329,0.1599362155,0.286024576,0.4880524499,0.2259229741,False
2023-07-25,52,0,0.3561816042,0.4715787365,0.1722396593,0.2889447881,0.4779995378,0.2330556741,False
2023-07-26,52,-1,0.3137593976,0.4853544436,0.2008861588,0.2761552919,0.475845374,0.247999334,False
2023-07-27,52,0,0.2560449776,0.5479129248,0.1960420975,0.2627100124,0.4920526415,0.2452373461,False
2023-07-28,52,0,0.3236161593,0.5282285858,0.1481552549,0.2842092275,0.4969333359,0.2188574366,False
2023-07-31,52,0,0.3594309126,0.4820436515,0.158525436,0.2913016684,0.4834160402,0.2252822914,False
2023-08-01,52,-1,0.3751925772,0.4598405004,0.1649669223,0.2941529573,0.4767129142,0.2291341285,False
2023-08-02,52,0,0.3246164936,0.3427301919,0.3326533146,0.2687674486,0.4231071552,0.3081253962,False
2023-08-03,52,-1,0.3856378007,0.3456137179,0.2687484814,0.2868391762,0.4318331422,0.2813276817,False
2023-08-04,52,1,0.3174668949,0.3168749531,0.365658152,0.2652683456,0.4130394328,0.3216922216,False
2023-08-07,52,0,0.2749028239,0.2685080285,0.4565891476,0.2509281597,0.391538659,0.3575331814,False
2023-08-08,52,-1,0.3320083944,0.3622818846,0.305709721,0.2721249778,0.431076757,0.2967982652,False
2023-08-09,52,-1,0.1979847472,0.2616842192,0.5403310336,0.2279932696,0.3824602557,0.3895464747,False
2023-08-10,52,1,0.4317492446,0.2051452004,0.363105555,0.2923354958,0.3832563211,0.3244081831,False
2023-08-11,52,1,0.3603368759,0.4139580038,0.2257051203,0.2845765582,0.4546369698,0.260786472,False
2023-08-14,52,-1,0.1916607482,0.5788362433,0.2295030085,0.2430035784,0.4949106545,0.2620857672,False
2023-08-15,52,-1,0.3755986081,0.2773922828,0.3470091091,0.2796675756,0.4050408224,0.315291602,False
2023-08-16,52,-1,0.2645341162,0.3215459009,0.4139199829,0.2503725232,0.4093152034,0.3403122734,False
2023-08-17,52,1,0.3455602232,0.2985137884,0.3559259884,0.2722649086,0.4094728332,0.3182622582,False
2023-08-18,52,1,0.4514884332,0.3205825599,0.2279290069,0.3051368234,0.431582801,0.2632803757,False
2023-08-21,52,-1,0.2158494323,0.3880865175,0.3960640502,0.2392611894,0.4277644091,0.3329744015,False
2023-08-22,53,1,0.4091183247,0.252080748,0.3388009272,0.3183805442,0.3724725271,0.3091469287,False
2023-08-23,53,-1,0.2958042886,0.4582071994,0.245988512,0.2905836171,0.4528028281,0.2566135548,False
2023-08-24,53,0,0.3424971272,0.2931982084,0.3643046644,0.2941810978,0.383451057,0.3223678453,False
2023-08-25,53,0,0.3516981266,0.4254939941,0.2228078793,0.3120897721,0.4459797186,0.2419305093,False
2023-08-28,53,1,0.2688255024,0.3450178755,0.3861566221,0.2677826638,0.3980280591,0.334189277,False
2023-08-29,53,0,0.09861368037,0.5146154783,0.3867708413,0.1973108756,0.4595532128,0.3431359117,False
2023-08-30,53,0,0.1419960339,0.6752451073,0.1827588588,0.23650711,0.5436353813,0.2198575087,False
2023-08-31,53,-1,0.2750941081,0.5058221345,0.2190837574,0.2865915775,0.4729580464,0.2404503761,False
2023-09-01,53,-1,0.2270087074,0.5934921322,0.1794991604,0.273762078,0.5109124301,0.2153254919,False
2023-09-05,53,-1,0.1934565297,0.7467659826,0.05977748777,0.278594702,0.6080745962,0.1133307018,False
2023-09-06,53,0,0.1547716369,0.6589980794,0.1862302837,0.2423318399,0.5358822291,0.221785931,False
2023-09-07,53,0,0.2359561788,0.5366260994,0.2274177217,0.2714845636,0.4821662621,0.2463491743,False
2023-09-08,53,0,0.1836850456,0.6055919191,0.2107230354,0.2526503578,0.5102116598,0.2371379824,False
2023-09-11,53,0,0.2827270007,0.540875079,0.1763979203,0.2948213109,0.4928216358,0.2123570533,False
2023-09-12,53,0,0.2493108744,0.5060178118,0.2446713138,0.274469934,0.4689383714,0.2565916946,False
2023-09-13,53,0,0.3278915561,0.3731831743,0.2989252696,0.2955414036,0.4176728132,0.2867857833,False
2023-09-14,53,-1,0.1216319044,0.4746054369,0.4037626587,0.208326738,0.4421029268,0.3495703352,False
2023-09-15,53,0,0.2419817657,0.5431047512,0.2149134831,0.2751484884,0.4864605465,0.2383909651,False
2023-09-18,53,0,0.3312195521,0.4387836137,0.2299968342,0.3043988536,0.4490629916,0.2465381547,False
2023-09-19,53,-1,0.4100885806,0.3694073187,0.2205041008,0.3315306062,0.4282482427,0.2402211511,False
2023-09-20,53,-1,0.2252560956,0.4957606324,0.278983272,0.2621140802,0.4606532652,0.2772326545,False
2023-09-21,54,-1,0.4053755973,0.3010607884,0.2935636144,0.3600304219,0.3478132453,0.2921563328,False
2023-09-22,54,1,0.3373166698,0.2358404326,0.4268428976,0.3187572122,0.3016943152,0.3795484727,False
2023-09-25,54,-1,0.3616347693,0.2560417643,0.3823234665,0.3328284046,0.316107252,0.3510643434,False
2023-09-26,54,0,0.2008020326,0.1668760422,0.6323219253,0.2429237269,0.2484464941,0.5086297789,False
2023-09-27,54,1,0.3255073401,0.1907756084,0.4837170515,0.3104329298,0.2728232898,0.4167437804,False
2023-09-28,54,-1,0.3119365651,0.2141282602,0.4739351748,0.3043381137,0.286307199,0.4093546873,False
2023-09-29,54,0,0.3212521804,0.2617975141,0.4169503055,0.3118614331,0.3157052388,0.3724333281,False
2023-10-02,54,-1,0.359694452,0.273515031,0.366790517,0.3330087643,0.3263366843,0.3406545514,False
2023-10-03,54,1,0.3092309766,0.2089365827,0.4818324406,0.3026834866,0.282889151,0.4144273624,False
2023-10-04,54,0,0.3330692783,0.2533381359,0.4135925858,0.317560072,0.3117866055,0.3706533226,False
2023-10-05,54,1,0.3550227928,0.3079316929,0.3370455143,0.3331599969,0.346170673,0.3206693301,False
2023-10-06,54,1,0.2141521957,0.635451316,0.1503964883,0.2835871913,0.5327733136,0.1836394952,False
2023-10-09,54,0,0.142947577,0.7271170076,0.1299354154,0.2426197959,0.5911819063,0.1661982977,False
2023-10-10,54,0,0.2182676426,0.589348356,0.1923840015,0.2814675913,0.5007878763,0.2177445324,False
2023-10-11,54,-1,0.1469734927,0.6867904268,0.1662360806,0.2423649309,0.560025396,0.1976096731,False
2023-10-12,54,-1,0.2451521224,0.6021625939,0.1526852837,0.2998830471,0.5145996271,0.1855173258,False
2023-10-13,54,1,0.3012786123,0.5273934515,0.1713279362,0.3256250936,0.4734553015,0.200919605,False
2023-10-16,54,1,0.2836697386,0.5065708143,0.2097594472,0.3125666834,0.4566097255,0.2308235911,False
2023-10-17,54,-1,0.1594105678,0.703848498,0.1367409342,0.2527835363,0.5750894805,0.1721269832,False
2023-10-18,54,-1,0.2534626906,0.5063493392,0.2401879702,0.2947220947,0.4519235667,0.2533543386,False
2023-10-19,54,-1,0.207082899,0.5426662193,0.2502508817,0.2702374318,0.468685474,0.2610770942,False
2023-10-20,55,0,0.381257608,0.3647814704,0.2539609217,0.3539397197,0.3878980039,0.2581622764,False
2023-10-23,55,0,0.1998498324,0.3886253016,0.411524866,0.2672611981,0.3860923808,0.346646421,False
2023-10-24,55,-1,0.3974544599,0.2675634414,0.3349820987,0.3555353061,0.3384656513,0.3059990425,False
2023-10-25,55,-1,0.3457086607,0.4025764837,0.2517148556,0.3395968859,0.4039495275,0.2564535865,False
2023-10-26,55,-1,0.2308801685,0.2619260857,0.5071937458,0.2773654895,0.3244934944,0.3981410161,False
2023-10-27,55,1,0.265369471,0.1929041528,0.5417263762,0.2920500488,0.2890154914,0.4189344597,False
2023-10-30,55,0,0.2281329307,0.4008835283,0.370983541,0.2822576508,0.3935301749,0.3242121743,False
2023-10-31,55,1,0.2144843116,0.5970847075,0.1884309809,0.2875807032,0.4956270453,0.2167922516,False
2023-11-01,55,1,0.2815297633,0.4255013586,0.2929688781,0.3099928475,0.4096083118,0.2803988407,False
2023-11-02,55,0,0.0792931187,0.80382975,0.1168771313,0.2085375312,0.6253682561,0.1660942127,False
2023-11-03,55,0,0.1196359531,0.3983421472,0.4820218998,0.2220558444,0.3894637005,0.3884804551,False
2023-11-06,55,0,0.1164440718,0.6306097026,0.2529462257,0.2301562295,0.5091170168,0.2607267537,False
2023-11-07,55,0,0.1016781674,0.5867046941,0.3116171384,0.2177799399,0.4854146956,0.2968053645,False
2023-11-08,55,-1,0.1052469736,0.3566128411,0.5381401853,0.2107487547,0.3692244778,0.4200267675,False
2023-11-09,55,1,0.3140256895,0.4294970235,0.256477287,0.3261737464,0.4146983189,0.2591279346,False
2023-11-10,55,0,0.118133745,0.7680244904,0.1138417646,0.2386289161,0.5988399504,0.1625311335,False
2023-11-13,55,1,0.1751637404,0.6306191506,0.194217109,0.2673669097,0.5114703641,0.2211627262,False
2023-11-14,55,0,0.1026586107,0.7536000669,0.1437413224,0.225945478,0.5870781571,0.1869763648,False
2023-11-15,55,0,0.09531129266,0.7871798827,0.1175088246,0.2217160307,0.6121819262,0.1661020431,False
2023-11-16,55,0,0.09794657009,0.7022290759,0.199824354,0.2198935752,0.5525032279,0.2276031968,False
2023-11-17,55,1,0.1626279665,0.5577270959,0.2796449376,0.2556159715,0.4697944921,0.2745895364,False
2023-11-20,56,0,0.2130664184,0.3697334983,0.4172000833,0.2621104839,0.3810845195,0.3568049967,False
2023-11-21,56,0,0.1424375642,0.6303628138,0.2271996219,0.2431814359,0.5296960828,0.2271224812,False
2023-11-22,56,0,0.2107845012,0.4700376025,0.3191778963,0.2674975745,0.4398776273,0.2926247982,False
2023-11-24,56,0,0.1982500729,0.6515246761,0.150225251,0.2748635459,0.5561225234,0.1690139307,False
2023-11-27,56,0,0.1706146906,0.6860001801,0.1433851294,0.2625645917,0.5747582509,0.1626771573,False
2023-11-28,56,-1,0.1531896894,0.4121459704,0.4346643402,0.2359273994,0.3980554214,0.3660171792,False
2023-11-29,56,0,0.0781263997,0.5809314599,0.3409421404,0.2008470521,0.4920460959,0.307106852,False
2023-11-30,56,1,0.2258970078,0.3956027039,0.3785002883,0.2696041793,0.398053113,0.3323427077,False
2023-12-01,56,0,0.1927303053,0.3092351707,0.498034524,0.2492900419,0.3432100243,0.4074999338,False
2023-12-04,56,0,0.2215308349,0.5301810888,0.2482880763,0.2769767322,0.4789046286,0.2441186392,False
2023-12-05,56,-1,0.2396276039,0.4690921505,0.2912802456,0.2810124789,0.4442250581,0.274762463,False
2023-12-06,56,0,0.1962308492,0.3183470909,0.4854220599,0.2514051846,0.3489643368,0.3996304786,False
2023-12-07,56,1,0.2096230233,0.3337055374,0.4566714393,0.2584235729,0.3596182471,0.38195818,False
2023-12-08,56,1,0.2601323913,0.5482659841,0.1916016247,0.2973487217,0.4990440226,0.2036072557,False
2023-12-11,56,1,0.1989712506,0.5094033917,0.2916253577,0.2645193483,0.4618485648,0.2736320869,False
2023-12-12,56,1,0.1789761092,0.6407174025,0.1803064883,0.2637269984,0.5437538395,0.192519162,False
2023-12-13,56,0,0.2787141181,0.4946341043,0.2266517776,0.3015241021,0.4679383116,0.2305375863,False
2023-12-14,56,0,0.21806092,0.3556097765,0.4263293036,0.2635509708,0.3735281812,0.362920848,False
2023-12-15,56,0,0.3088515728,0.192767709,0.4983807182,0.2957530164,0.2853267416,0.4189202419,False
2023-12-18,56,1,0.2374329436,0.2009194584,0.561647598,0.2645827205,0.2821330693,0.4532842102,False
2023-12-19,56,-1,0.2070102122,0.4520279784,0.3409618094,0.2645020373,0.4285098095,0.3069881532,False
2023-12-20,57,0,0.2554077497,0.575537937,0.1690543134,0.2780484757,0.5374739903,0.1844775339,False
2023-12-21,57,0,0.3246042443,0.5352355185,0.1401602372,0.3098053305,0.5251421511,0.1650525184,False
2023-12-22,57,1,0.2983314541,0.5306677704,0.1710007755,0.2964505401,0.5162351092,0.1873143506,False
2023-12-26,57,0,0.375206939,0.4972169536,0.1275761073,0.3324684788,0.5107652775,0.1567662437,False
2023-12-27,57,0,0.3480522593,0.527392622,0.1245551187,0.3211445687,0.5254112996,0.1534441317,False
2023-12-28,57,-1,0.4080942555,0.4701678711,0.1217378735,0.3471649057,0.4997395929,0.1530955015,False
2023-12-29,57,0,0.3917087863,0.3662079482,0.2420832656,0.3318770089,0.4269091002,0.241213891,False
2024-01-02,57,-1,0.2872215074,0.4117671512,0.3010113414,0.2856922585,0.4399020697,0.2744056718,False
2024-01-03,57,0,0.1559685974,0.3129580553,0.5310733474,0.221155816,0.3675413004,0.4113028836,False
2024-01-04,57,0,0.2722802447,0.4239475122,0.3037722431,0.2793074695,0.4452583034,0.2754342271,False
2024-01-05,57,1,0.2541550541,0.4247117935,0.3211331524,0.2710385662,0.443394981,0.2855664528,False
2024-01-08,57,1,0.2556603434,0.5990423638,0.1452972928,0.2795788825,0.5535886732,0.1668324443,False
2024-01-09,57,1,0.3167253498,0.4889862811,0.1942883691,0.3028316122,0.4925149035,0.2046534843,False
2024-01-10,57,0,0.1935324788,0.6020217673,0.204445754,0.2483927933,0.5439636809,0.2076435258,False
2024-01-11,57,0,0.2981171157,0.4537503303,0.248132554,0.2923252116,0.4671045662,0.2405702223,False
2024-01-12,57,0,0.3649159504,0.3204815416,0.314602508,0.3179745858,0.3940906957,0.2879347186,False
2024-01-16,57,0,0.1625477093,0.3886093915,0.4488428992,0.2263270596,0.41297732,0.3606956204,False
2024-01-17,57,1,0.2611466888,0.4245274327,0.3143258786,0.2742370137,0.444163952,0.2815990342,False
2024-01-18,57,1,0.3227883509,0.3057212046,0.3714904444,0.2987335792,0.3795805176,0.3216859032,False
2024-01-19,57,0,0.193539792,0.60552049,0.200939718,0.2485344064,0.5462337935,0.2052318,False
2024-01-22,57,0,0.214823687,0.6841204832,0.1010558297,0.2637786369,0.6060414094,0.1301799537,False
2024-01-23,58,-1,0.1837799551,0.7169571958,0.09926284911,0.2304905108,0.6237199829,0.1457895063,False
2024-01-24,58,0,0.2965751227,0.4691412678,0.2342836095,0.2769521009,0.4824625291,0.24058537,False
2024-01-25,58,0,0.2422265802,0.5003922777,0.2573811421,0.2522372778,0.4946373842,0.2531253379,False
2024-01-26,58,1,0.2632782526,0.5495546565,0.1871670908,0.2641223158,0.5253850901,0.2104925942,False
2024-01-29,58,0,0.2956968245,0.5775599004,0.126743275,0.2820539779,0.5486021973,0.1693438248,False
2024-01-30,58,-1,0.4015701916,0.4442120291,0.1542177793,0.3263157758,0.4820808333,0.1916033908,False
2024-01-31,58,1,0.2300752612,0.3305841343,0.4393406045,0.2437171345,0.4009997064,0.3552831592,False
2024-02-01,58,1,0.1272580988,0.3052343201,0.5675075812,0.190580688,0.3830582636,0.4263610484,False
2024-02-02,58,0,0.3372401303,0.4904928003,0.1722670694,0.2973005384,0.5003626635,0.2023367981,False
2024-02-05,58,0,0.1288634531,0.7811325198,0.09000402705,0.1998465175,0.6629635073,0.1371899752,False
2024-02-06,58,0,0.1951604762,0.7513968938,0.05344262992,0.240349263,0.6567379805,0.1029127565,False
2024-02-07,58,0,0.1659256344,0.6642085036,0.169865862,0.2180303355,0.5841947061,0.1977749584,False
2024-02-08,58,1,0.238957851,0.6322323133,0.1288098358,0.2559886611,0.5741757233,0.1698356155,False
2024-02-09,58,0,0.240720171,0.6286759323,0.1306038967,0.2567069321,0.5720967359,0.1711963321,False
2024-02-12,58,0,0.2994716102,0.4166657124,0.2838626774,0.2767847903,0.4532647706,0.269950439,False
2024-02-13,58,0,0.3076477713,0.3761120399,0.3162401888,0.2796805265,0.4314502193,0.2888692541,False
2024-02-14,58,1,0.3020963758,0.5229260011,0.1749776232,0.2818721435,0.5148009732,0.2033268833,False
2024-02-15,58,-1,0.189720492,0.7039896506,0.1062898574,0.2331629761,0.6152077944,0.1516292295,False
2024-02-16,58,0,0.2852324976,0.5711979525,0.1435695499,0.2762262453,0.5423464582,0.1814272965,False
2024-02-20,58,0,0.3055613903,0.4052753262,0.2891632834,0.2793051229,0.4474798047,0.2732150724,False
2024-02-21,58,1,0.3313474689,0.356976189,0.3116763421,0.2900647678,0.4227385277,0.2871967045,False
2024-02-22,59,0,0.1379272618,0.7972344305,0.06483830771,0.2191873226,0.6983288214,0.08248385604,False
2024-02-23,59,-1,0.1423248718,0.683188439,0.1744866892,0.2176225982,0.5960062533,0.1863711485,False
2024-02-26,59,0,0.2105120229,0.6039050323,0.1855829448,0.242411873,0.5547946781,0.2027934489,False
2024-02-27,59,0,0.1785523974,0.6549792052,0.1664683974,0.2315794128,0.5857580947,0.1826624925,False
2024-02-28,59,0,0.1930507765,0.6012960104,0.205653213,0.2354590203,0.5461859608,0.2183550189,False
2024-02-29,59,1,0.2542105197,0.4914441619,0.2543453184,0.2549156972,0.477621848,0.2674624548,False
2024-03-01,59,0,0.2686207611,0.4903149644,0.2410642746,0.2603896569,0.4814579934,0.2581523497,False
2024-03-04,59,-1,0.3274688943,0.556861991,0.1156691147,0.2883553248,0.5635509776,0.1480936975,False
2024-03-05,59,0,0.1577296219,0.2715937673,0.5706766109,0.2141282583,0.2874927472,0.4983789944,False
2024-03-06,59,0,0.1816519502,0.2700856014,0.5482624484,0.2229278015,0.2902230748,0.4868491237,False
2024-03-07,59,-1,0.2501286845,0.5573558188,0.1925154967,0.2560554072,0.5306132971,0.2133312958,False
2024-03-08,59,0,0.156048801,0.5481011362,0.2958500628,0.2195040935,0.4924410862,0.2880548203,False
2024-03-11,59,1,0.2699869129,0.3807284934,0.3492845937,0.2571237183,0.3940980486,0.348778233,False
2024-03-12,59,0,0.2216943148,0.6432618248,0.1350438604,0.2486254158,0.5935652627,0.1578093216,False
2024-03-13,59,-1,0.1911210085,0.5359098945,0.272969097,0.2325821225,0.4931636811,0.2742541964,False
2024-03-14,59,0,0.2541359752,0.5311528396,0.2147111853,0.2564818734,0.5101296435,0.2333884832,False
2024-03-15,59,0,0.3416710982,0.3167793957,0.3415495061,0.282431833,0.3606440221,0.3569241449,False
2024-03-18,59,1,0.2351987615,0.4866354113,0.2781658273,0.2475625736,0.4677925508,0.2846448756,False
2024-03-19,59,1,0.2213288412,0.6058519247,0.1728192341,0.246777551,0.560657505,0.1925649441,False
2024-03-20,59,0,0.07596197136,0.8460929123,0.07794511632,0.1896547972,0.7175357539,0.0928094489,False
2024-03-21,59,0,0.2105608714,0.6493754272,0.1400637015,0.2443441829,0.5941123069,0.1615435102,False
2024-03-22,60,0,0.2210804713,0.5777656233,0.2011539054,0.2156831984,0.5768048213,0.2075119803,False
2024-03-25,60,-1,0.2301704764,0.5427655963,0.2270639273,0.2195090409,0.5375133184,0.2429776407,False
2024-03-26,60,0,0.2390480216,0.5201944145,0.2407575638,0.2240710237,0.5135809729,0.2623480034,False
2024-03-27,60,0,0.2234244732,0.5315847419,0.2449907849,0.2135099954,0.5204740165,0.2660159881,False
2024-03-28,60,-1,0.2293339529,0.5358971199,0.2347689272,0.2182757449,0.5285701693,0.2531540858,False
2024-04-01,60,0,0.2409467536,0.5289011744,0.230152072,0.2263008694,0.5253114484,0.2483876822,False
2024-04-02,60,1,0.2918376791,0.425048861,0.2831134599,0.2540222023,0.4191960197,0.3267817779,False
2024-04-03,60,-1,0.2853277266,0.4392991482,0.2753731252,0.2506593178,0.4339779674,0.3153627148,False
2024-04-04,60,1,0.3335326679,0.3335759543,0.3328913778,0.2751194955,0.3247906147,0.4000898898,False
2024-04-05,60,0,0.3011386205,0.4258558845,0.273005495,0.2613083464,0.4239734532,0.3147182004,False
2024-04-08,60,0,0.2962045993,0.4388681133,0.2649272874,0.2590011603,0.4380031279,0.3029957117,False
2024-04-09,60,0,0.2860617144,0.4641700282,0.2497682573,0.254017767,0.4651029444,0.2808792886,False
2024-04-10,60,1,0.3435450823,0.3388004383,0.3176544794,0.283682303,0.3341736876,0.3821440094,False
2024-04-11,60,-1,0.3015453656,0.4267939115,0.2716607228,0.2617367918,0.4252982109,0.3129649973,False
2024-04-12,60,-1,0.3278741776,0.3243273796,0.3477984429,0.2696061355,0.3123467425,0.4180471219,False
2024-04-15,60,0,0.3357890255,0.3216159545,0.34259502,0.2753595623,0.3115822249,0.4130582128,False
2024-04-16,60,-1,0.3396595953,0.3256072017,0.334733203,0.2788815238,0.3173930616,0.4037254147,False
2024-04-17,60,-1,0.3292442213,0.3380083784,0.3327474003,0.272348906,0.3286149215,0.3990361725,False
2024-04-18,60,-1,0.3376475729,0.3416208876,0.3207315396,0.2793802279,0.3355797314,0.3850400407,False
2024-04-19,60,1,0.3296581373,0.3274662789,0.3428755838,0.2713579577,0.3164968621,0.4121451802,False
2024-04-22,60,1,0.3236032075,0.3667315269,0.3096652656,0.2715749185,0.3606919342,0.3677331473,False
2024-04-23,61,0,0.2882095807,0.4493551835,0.2624352358,0.2723128749,0.440526434,0.2871606911,False
2024-04-24,61,1,0.2898890263,0.469624437,0.2404865367,0.2763583945,0.4701824418,0.2534591636,False
2024-04-25,61,0,0.2943068586,0.4412295566,0.2644635849,0.2770915035,0.4316580165,0.29125048,False
2024-04-26,61,0,0.26518224,0.4949687817,0.2398489784,0.2559268749,0.4949635438,0.2491095814,False
2024-04-29,61,-1,0.2348815713,0.5608572722,0.2042611566,0.2341296083,0.5734683593,0.1924020324,False
2024-04-30,61,0,0.2835567016,0.4641481234,0.252295175,0.2697086434,0.4595011368,0.2707902198,False
2024-05-01,61,0,0.3112323118,0.3676224547,0.3211452335,0.2827177082,0.3363252388,0.380957053,False
2024-05-02,61,0,0.2617318958,0.4700149981,0.2682531061,0.24999173,0.4579798105,0.2920284595,False
2024-05-03,61,1,0.2107067683,0.5837530103,0.2055402214,0.214346649,0.5937227016,0.1919306494,False
2024-05-06,61,0,0.1913906454,0.6389862864,0.1696230682,0.2005233146,0.6588843465,0.140592339,False
2024-05-07,61,0,0.2019192566,0.6037629201,0.1943178233,0.2079069566,0.6169148467,0.1751781967,False
2024-05-08,61,1,0.2018080275,0.6243790829,0.1738128896,0.2088251212,0.6442971807,0.1468776981,False
2024-05-09,61,0,0.2034358366,0.5956781431,0.2008860202,0.2087492392,0.6066411678,0.184609593,False
2024-05-10,61,0,0.2062675025,0.5949707347,0.1987617628,0.2111737102,0.6069926393,0.1818336505,False
2024-05-13,61,1,0.2095489915,0.5835824636,0.2068685449,0.213320629,0.5929436918,0.1937356792,False
2024-05-14,61,1,0.2014510974,0.5981262569,0.2004226456,0.2071698624,0.6090527618,0.1837773758,False
2024-05-15,61,0,0.1916041211,0.6292978092,0.1790980696,0.2003083296,0.6463576174,0.153334053,False
2024-05-16,61,0,0.2003491254,0.6190001498,0.1806507249,0.207338301,0.6365927333,0.1560689657,False
2024-05-17,61,0,0.1990336585,0.6145541452,0.1864121963,0.2059898496,0.6301029267,0.1639072237,False
2024-05-20,61,1,0.2177919302,0.5563541266,0.2258539432,0.2186048829,0.5590939315,0.2223011857,False
2024-05-21,61,0,0.2219686059,0.5415238339,0.2365075602,0.2210926624,0.5403119453,0.2385953923,False
2024-05-22,62,-1,0.224170149,0.5268857985,0.2489440525,0.2066881347,0.5332426745,0.2600691909,False
2024-05-23,62,0,0.2266258977,0.5184935316,0.2548805707,0.208351086,0.5206147274,0.2710341866,False
2024-05-24,62,0,0.2186129499,0.5450131585,0.2363738916,0.2027695916,0.5601362425,0.2370941659,False
2024-05-28,62,0,0.2229970072,0.5315075275,0.2454954653,0.2059365689,0.5402794424,0.2537839887,False
2024-05-29,62,-1,0.2484718214,0.5241281749,0.2274000036,0.230508323,0.5430612474,0.2264304295,False
2024-05-30,62,1,0.2918542644,0.4165055777,0.2916401579,0.2636727889,0.3838835663,0.3524436448,False
2024-05-31,62,0,0.298809405,0.3935188994,0.3076716955,0.2675945674,0.3490428365,0.383362596,False
2024-06-03,62,1,0.2626136253,0.4506696214,0.2867167533,0.2373812189,0.4263871188,0.3362316623,False
2024-06-04,62,1,0.2225854776,0.4400706163,0.3373439061,0.1965177196,0.3890058885,0.4144763918,False
2024-06-05,62,0,0.1932776209,0.5816698508,0.2250525283,0.1813536559,0.6047117406,0.2139346035,False
2024-06-06,62,0,0.1905503032,0.6118875543,0.1975621425,0.1805127873,0.6505876382,0.1688995745,False
2024-06-07,62,1,0.2051450461,0.6084297223,0.1864252316,0.1936744018,0.6532723055,0.1530532926,False
2024-06-10,62,1,0.2193868009,0.5641501192,0.2164630799,0.2048419725,0.5920004926,0.2031575349,False
2024-06-11,62,0,0.2092050685,0.59035465,0.2004402815,0.1966753801,0.6278257271,0.1754988929,False
2024-06-12,62,0,0.2071209514,0.5943981862,0.1984808624,0.1949289895,0.6329442254,0.1721267851,False
2024-06-13,62,1,0.207064505,0.5915813451,0.2013541499,0.1947449028,0.6285337204,0.1767213768,False
2024-06-14,62,1,0.1915428015,0.5952739744,0.2131832241,0.1805727586,0.6253625691,0.1940646723,False
2024-06-17,62,0,0.221501479,0.5522526368,0.2262458843,0.2060860201,0.5738295635,0.2200844164,False
2024-06-18,62,-1,0.2205732371,0.5544373963,0.2249893666,0.2053442691,0.576864512,0.2177912189,False
2024-06-20,62,0,0.2405063244,0.4913885791,0.2681050964,0.2194947302,0.482997687,0.2975075828,False
2024-06-21,62,-1,0.2366650834,0.5035366379,0.2597982787,0.216873738,0.5013284284,0.2817978336,False
2024-06-24,63,0,0.2221951778,0.5438714121,0.2339334101,0.198825241,0.5670008199,0.2341739391,False
2024-06-25,63,1,0.2282718376,0.5332076118,0.2385205506,0.2042828538,0.5535606183,0.2421565279,False
2024-06-26,63,0,0.2390581529,0.5098526668,0.2510891803,0.2138466495,0.5225705732,0.2635827773,False
2024-06-27,63,-1,0.2294447247,0.5337562673,0.236799008,0.2054421682,0.5549107582,0.2396470736,False
2024-06-28,63,0,0.2540153455,0.4703507556,0.2756338989,0.2267598565,0.4677008918,0.3055392518,False
2024-07-01,63,1,0.2534751191,0.4824009303,0.2641239506,0.2268808601,0.4862298871,0.2868892528,False
2024-07-02,63,1,0.2577532812,0.4911407631,0.2511059557,0.23164991,0.5016334443,0.2667166457,False
2024-07-03,63,1,0.2232876544,0.5602032865,0.2165090591,0.2004241624,0.5918882632,0.2076875744,False
2024-07-05,63,0,0.2165722229,0.5613670882,0.2220606888,0.1940626643,0.590673846,0.2152634897,False
2024-07-08,63,0,0.2233634328,0.5531512974,0.2234852698,0.2002736277,0.5814366348,0.2182897375,False
2024-07-09,63,1,0.2396202768,0.4935208776,0.2668588456,0.2136164563,0.4976059559,0.2887775878,False
2024-07-10,63,-1,0.2234082638,0.5542322889,0.2223594473,0.2003521486,0.5830689753,0.2165788761,False
2024-07-11,63,1,0.2317563291,0.4940724574,0.2741712135,0.2059010093,0.4950931399,0.2990058508,False
2024-07-12,63,0,0.2356138794,0.5013204041,0.2630657166,0.2100504729,0.5079275558,0.2820219712,False
2024-07-15,63,1,0.2409775819,0.5019322973,0.2570901208,0.2153752153,0.5111890411,0.2734357435,False
2024-07-16,63,-1,0.2281975459,0.5435854075,0.2282170466,0.204598278,0.5692190528,0.2261826692,False
2024-07-17,63,-1,0.259310465,0.4524657017,0.2882238333,0.2310507701,0.4420253006,0.3269239293,False
2024-07-18,63,-1,0.2967744243,0.3759056282,0.3273199475,0.2640705755,0.3377925127,0.3981369118,False
2024-07-19,63,0,0.3038033732,0.3551965917,0.3410000351,0.2694911061,0.3091003975,0.4214084964,False
2024-07-22,63,0,0.2658763608,0.4383504995,0.2957731397,0.2368334026,0.4226714462,0.3404951512,False
2024-07-23,63,-1,0.2704119871,0.4289170137,0.3006709992,0.2408415616,0.4097743536,0.3493840848,False
2024-07-24,64,-1,0.3118306806,0.3448185699,0.3433507495,0.2746218688,0.3104514399,0.4149266913,False
2024-07-25,64,0,0.3159486128,0.340323558,0.3437278292,0.2784255421,0.3054610092,0.4161134487,False
2024-07-26,64,0,0.2996093004,0.3743639336,0.326026766,0.2642376142,0.3463295072,0.3894328786,False
2024-07-29,64,-1,0.2843900487,0.3872649923,0.328344959,0.2500663871,0.3598976475,0.3900359654,False
2024-07-30,64,0,0.2823441411,0.3844484641,0.3332073948,0.2479658414,0.3557624004,0.3962717582,False
2024-07-31,64,-1,0.2742373716,0.4203866434,0.3053759849,0.2417441883,0.4012567488,0.3569990629,False
2024-08-01,64,-1,0.2507014259,0.2914496809,0.4578488932,0.2149191158,0.2362906861,0.5487901981,False
2024-08-02,64,1,0.2607042631,0.2528689179,0.4864268189,0.2223608204,0.1942903251,0.5833488545,False
2024-08-05,64,0,0.2742753222,0.2525870115,0.4731376663,0.2343658592,0.1951783445,0.5704557964,False
2024-08-06,64,-1,0.26451208,0.2623303325,0.4731575875,0.2260878771,0.2049866657,0.5689254572,False
2024-08-07,64,1,0.2886203546,0.3676929557,0.3436866896,0.2532107676,0.3353331035,0.4114561289,False
2024-08-08,64,0,0.2650501522,0.4519100669,0.2830397809,0.2341755639,0.4410132483,0.3248111878,False
2024-08-09,64,0,0.2695697764,0.4518239922,0.2786062314,0.2384980358,0.4421391535,0.3193628107,False
2024-08-12,64,1,0.2704873705,0.4986543565,0.230858273,0.2409593976,0.5057665878,0.2532740146,False
2024-08-13,64,0,0.2403454406,0.5557490058,0.2039055537,0.2139256558,0.5729156916,0.2131586527,False
2024-08-14,64,0,0.2064769126,0.6050998281,0.1884232593,0.1839894714,0.6263919247,0.1896186039,False
2024-08-15,64,0,0.1827767543,0.6598123996,0.1574108461,0.1638642699,0.6876875647,0.1484481654,False
2024-08-16,64,1,0.1822648556,0.657330328,0.1604048164,0.1633781194,0.6844702513,0.1521516293,False
2024-08-19,64,0,0.1694743225,0.6813919944,0.1491336831,0.1525629638,0.7098547272,0.137582309,False
2024-08-20,64,0,0.2027347245,0.6110037909,0.1862614846,0.1807426747,0.6327507842,0.1865065411,False
2024-08-21,64,-1,0.1891451044,0.6359757576,0.1748791379,0.1690936964,0.6600501786,0.1708561251,False
2024-08-22,65,0,0.2304551049,0.5370435924,0.2325013027,0.2066531228,0.5439049374,0.2494419398,False
2024-08-23,65,0,0.222625387,0.5593226903,0.2180519227,0.1979170957,0.5663065524,0.2357763519,False
2024-08-26,65,0,0.2267229725,0.5558070185,0.217470009,0.2019684185,0.5626089321,0.2354226494,False
2024-08-27,65,0,0.210272541,0.596849516,0.192877943,0.1843779422,0.6034495039,0.2121725539,False
2024-08-28,65,0,0.2454955544,0.5140605904,0.2404438552,0.2224472458,0.5200344596,0.2575182946,False
2024-08-29,65,0,0.2270639008,0.550879827,0.2220562723,0.2025884637,0.5577529104,0.2396586259,False
2024-08-30,65,-1,0.2207033903,0.565951893,0.2133447167,0.1957330577,0.5728993801,0.2313675621,False
2024-09-03,65,0,0.2972263073,0.3982378937,0.304535799,0.2823179154,0.3971409528,0.3205411318,False
2024-09-04,65,0,0.2737289345,0.4345027477,0.2917683178,0.2560212754,0.4368728023,0.3071059223,False
2024-09-05,65,-1,0.2826668772,0.3879934955,0.3293396273,0.269110466,0.3873951054,0.3434944286,False
2024-09-06,65,0,0.3008224926,0.3322802022,0.3668973052,0.292579678,0.326466829,0.3809534931,False
2024-09-09,65,0,0.2511982958,0.3182223315,0.4305793727,0.2444262878,0.3144736328,0.4411000794,False
2024-09-10,65,1,0.2587002169,0.3393003312,0.4019994519,0.2500625076,0.3369175333,0.4130199591,False
2024-09-11,65,1,0.2564758041,0.4802960898,0.2632281062,0.2354886904,0.4852135878,0.2792977218,False
2024-09-12,65,0,0.2065885342,0.5865296911,0.2068817746,0.1814664826,0.5936875083,0.2248460091,False
2024-09-13,65,0,0.1838971955,0.6460607501,0.1700420544,0.1580254534,0.651616458,0.1903580885,False
2024-09-16,65,-1,0.1850264933,0.6383958144,0.1765776923,0.1593273015,0.6443050001,0.1963676984,False
2024-09-17,65,-1,0.2137122051,0.5898718857,0.1964159092,0.1879217393,0.5965302159,0.2155480448,False
2024-09-18,65,0,0.2539288816,0.5016351064,0.244436012,0.2313830581,0.5069749,0.2616420419,False
2024-09-19,65,0,0.2051940314,0.617922376,0.1768835926,0.178711334,0.6239682906,0.1973203754,False
2024-09-20,65,0,0.2107606199,0.6026145801,0.1866248,0.1845568184,0.6089868061,0.2064563755,False
2024-09-23,66,0,0.1850212744,0.6574799167,0.157498809,0.1674800605,0.6555072892,0.1770126503,False
2024-09-24,66,0,0.2012892369,0.5999671949,0.1987435682,0.184706419,0.6050984607,0.2101951203,False
2024-09-25,66,-1,0.2120833873,0.5764530796,0.2114635331,0.1957829538,0.5838230913,0.2203939549,False
2024-09-26,66,0,0.2096498677,0.5791597305,0.2111904017,0.1934122438,0.5864383305,0.2201494258,False
2024-09-27,66,1,0.2254446211,0.5549853904,0.2195699885,0.2092386612,0.5637909272,0.2269704117,False
2024-09-30,66,-1,0.2160857053,0.5630450677,0.220869227,0.2002012479,0.5719149961,0.227883756,False
2024-10-01,66,0,0.2499581303,0.48986838,0.2601734897,0.2362280965,0.5042658615,0.2595060421,False
2024-10-02,66,0,0.2465628085,0.5092256377,0.2442115538,0.231645417,0.5215839221,0.2467706609,False
2024-10-03,66,0,0.3200741549,0.4059656663,0.2739601788,0.3082462605,0.4201797218,0.2715740176,False
2024-10-04,66,-1,0.2386053007,0.5395142347,0.2218804646,0.2222507074,0.5487883389,0.2289609537,False
2024-10-07,66,1,0.3143925716,0.4172058387,0.2684015897,0.3018706867,0.4311020148,0.2670272985,False
2024-10-08,66,1,0.2354674384,0.5431405241,0.2213920375,0.2191456745,0.5523186915,0.2285356341,False
2024-10-09,66,0,0.2216474871,0.5611134991,0.2172390138,0.2053989786,0.5695219793,0.2250790422,False
2024-10-10,66,1,0.2211096892,0.5821160836,0.1967742272,0.2037128125,0.5874474484,0.2088397391,False
2024-10-11,66,1,0.211918005,0.5976193749,0.1904626201,0.1945179569,0.6017594839,0.2037225592,False
2024-10-14,66,-1,0.1991835811,0.6314783305,0.1693380883,0.181364401,0.631939027,0.186696572,False
2024-10-15,66,1,0.2289773971,0.5446757505,0.2263468524,0.2131126539,0.5545078102,0.2323795359,False
2024-10-16,66,-1,0.2276918538,0.5471772262,0.2251309201,0.2117781944,0.5568211004,0.2314007052,False
2024-10-17,66,0,0.226519885,0.5462120708,0.2272680442,0.2107670712,0.5561554503,0.2330774785,False
2024-10-18,66,0,0.2166318164,0.5746669147,0.2087012689,0.2000360587,0.5817053467,0.2182585946,False
2024-10-21,66,1,0.2340137069,0.5379132811,0.228073012,0.2181576392,0.5480319662,0.2338103946,False
2024-10-22,67,-1,0.2466790799,0.5259626619,0.2273582582,0.2271198607,0.5310598795,0.2418202598,False
2024-10-23,67,0,0.3156593662,0.4052481419,0.2790924919,0.2975672282,0.4265239249,0.2759088469,False
2024-10-24,67,-1,0.2913363674,0.4416287252,0.2670349074,0.2728743999,0.4589641438,0.2681614563,False
2024-10-25,67,-1,0.3065883402,0.4140594538,0.279352206,0.2887665734,0.4349584605,0.2762749661,False
2024-10-28,67,1,0.2681384708,0.5047216223,0.2271399069,0.2475554462,0.5111607876,0.2412837662,False
2024-10-29,67,0,0.2582150776,0.4954810907,0.2463038318,0.239387048,0.5059856705,0.2546272815,False
2024-10-30,67,-1,0.2712799601,0.4765921125,0.2521279274,0.2523465677,0.4892875629,0.2583658694,False
2024-10-31,67,0,0.3326690861,0.3480581944,0.3192727195,0.3185182621,0.3782341824,0.3032475555,False
2024-11-01,67,0,0.3415501506,0.3427836248,0.3156662246,0.3268988045,0.3725347793,0.3005664162,False
2024-11-04,67,1,0.3122316114,0.3916457965,0.2961225922,0.2958980623,0.41643761,0.2876643277,False
2024-11-05,67,0,0.2599236084,0.5192050131,0.2208713785,0.2393178958,0.5235704472,0.237111657,False
2024-11-06,67,0,0.1985860191,0.635343084,0.166070897,0.1787671194,0.6218927786,0.199340102,False
2024-11-07,67,0,0.1861058713,0.6560523047,0.157841824,0.1668440925,0.6397097725,0.193446135,False
2024-11-08,67,0,0.1943183078,0.6430191468,0.1626625453,0.1746611033,0.6284375443,0.1969013525,False
2024-11-11,67,0,0.2023098356,0.626227313,0.1714628514,0.182450406,0.6143457805,0.2032038134,False
2024-11-12,67,0,0.2088931326,0.5913529137,0.1997539537,0.1898356465,0.5869320095,0.223232344,False
2024-11-13,67,-1,0.2100891556,0.5810382476,0.2088725968,0.1913989885,0.5790071722,0.2295938394,False
2024-11-14,67,-1,0.2246815954,0.5505696626,0.224748742,0.2060471823,0.5535636079,0.2403892097,False
2024-11-15,67,0,0.3010601796,0.4175296716,0.2814101488,0.2835798533,0.4386211767,0.2777989701,False
2024-11-18,67,1,0.2742545643,0.4664440487,0.2593013871,0.2557559513,0.4810282591,0.2632157895,False
2024-11-19,67,0,0.2717523451,0.4666572517,0.2615904032,0.2535216528,0.4816471335,0.2648312137,False
2024-11-20,68,0,0.2760739464,0.4337507555,0.2901752982,0.2510519513,0.4655014408,0.2834466079,False
2024-11-21,68,0,0.2440096281,0.5238782487,0.2321121232,0.2185653183,0.542065963,0.2393687187,False
2024-11-22,68,0,0.2345375752,0.5393009368,0.226161488,0.2097597267,0.5554098563,0.234830417,False
2024-11-25,68,0,0.2174097137,0.5647813103,0.217808976,0.1940400962,0.5775202984,0.2284396053,False
2024-11-26,68,0,0.2133686127,0.5802063294,0.2064250579,0.1900179713,0.590223866,0.2197581626,False
2024-11-27,68,1,0.2239754754,0.5319546297,0.244069895,0.2009982509,0.5506686407,0.2483331083,False
2024-11-29,68,0,0.2115325193,0.5469373628,0.2415301178,0.1896767676,0.5639552627,0.2463679697,False
2024-12-02,68,0,0.2175685344,0.5180519861,0.2643794795,0.1960963503,0.5402936552,0.2636099945,False
2024-12-03,68,0,0.2172428828,0.5683137566,0.2144433606,0.1937669572,0.5803525611,0.2258804818,False
2024-12-04,68,0,0.2203359204,0.5344256049,0.2452384747,0.1977633255,0.5530365974,0.2492000771,False
2024-12-05,68,0,0.2241646221,0.5530210491,0.2228143288,0.2002925428,0.5674475171,0.2322599401,False
2024-12-06,68,-1,0.2287036684,0.5212542365,0.2500420951,0.2055348837,0.541607949,0.2528571674,False
2024-12-09,68,-1,0.243861291,0.5096164584,0.2465222506,0.2191024947,0.5306348022,0.250262703,False
2024-12-10,68,1,0.2544499881,0.487900679,0.2576493329,0.2292897559,0.5120008734,0.2587093707,False
2024-12-11,68,-1,0.2427225568,0.5101751853,0.2471022579,0.2180975639,0.5312062836,0.2506961525,False
2024-12-12,68,-1,0.2535788949,0.493521795,0.2528993101,0.2282490503,0.5166326213,0.2551183284,False
2024-12-13,68,0,0.2610784692,0.4883406665,0.2505808643,0.2349589662,0.511642989,0.2533980448,False
2024-12-16,68,0,0.266691519,0.4683527137,0.2649557673,0.2408781645,0.4948338897,0.2642879458,False
2024-12-17,68,-1,0.2829530813,0.4537279578,0.2633189609,0.2557060529,0.4811635848,0.2631303623,False
2024-12-18,68,-1,0.3436615643,0.3356621949,0.3206762409,0.3169956933,0.3755313396,0.307472967,False
2024-12-19,68,1,0.3618847655,0.3216412217,0.3164740128,0.3340535779,0.3615095722,0.3044368499,False
2024-12-20,69,1,0.3320522607,0.3341442146,0.3338035247,0.3081212162,0.3713853617,0.3204934222,False
2024-12-23,69,1,0.3170085978,0.386989283,0.2960021192,0.2893081046,0.4210189021,0.2896729933,False
2024-12-24,69,0,0.2334577502,0.5443447255,0.2221975244,0.2054640339,0.5644111204,0.2301248457,False
2024-12-26,69,-1,0.239690025,0.5366705613,0.2236394137,0.2112088785,0.5574294966,0.2313616249,False
2024-12-27,69,0,0.2974565863,0.4181190553,0.2844243584,0.2694328275,0.4506030524,0.2799641201,False
2024-12-30,69,-1,0.3155311691,0.3641851854,0.3202836455,0.2903815418,0.4006261455,0.3089923128,False
2024-12-31,69,-1,0.3117472569,0.3641754557,0.3240772874,0.2870874086,0.4010025651,0.3119100263,False
2025-01-02,69,1,0.3083568841,0.3717938842,0.3198492318,0.2833452638,0.4082548665,0.3083998698,False
2025-01-03,69,0,0.2627881558,0.5035906072,0.2336212369,0.2329775271,0.5274685975,0.2395538754,False
2025-01-06,69,-1,0.2528892994,0.5309318279,0.2161788727,0.2228088375,0.5513392477,0.2258519148,False
2025-01-07,69,0,0.3077420414,0.4222956319,0.2699623268,0.2779238323,0.4531817722,0.2688943955,False
2025-01-08,69,-1,0.3146627346,0.4070085144,0.2783287511,0.2853148195,0.4390358938,0.2756492868,False
2025-01-10,69,1,0.3351047445,0.3406784707,0.3242167848,0.3100295703,0.3771370613,0.3128333684,False
2025-01-13,69,0,0.3448408204,0.3500551796,0.305104,0.3174193228,0.3847994973,0.2977811799,False
2025-01-14,69,0,0.3393080538,0.353711188,0.3069807582,0.3121988097,0.3886919293,0.299109261,False
2025-01-15,69,0,0.220876066,0.5817360854,0.1973878485,0.1928742142,0.596411565,0.2107142208,False
2025-01-16,69,0,0.2384774843,0.5531361135,0.2083864022,0.2092725479,0.5711799268,0.2195475254,False
2025-01-17,69,0,0.2037874004,0.6024097957,0.1938028039,0.1774539508,0.6148976089,0.2076484403,False
2025-01-21,69,0,0.1837454938,0.6460108031,0.1702437031,0.1588946734,0.6521327895,0.1889725371,False
2025-01-22,69,1,0.189046746,0.6448648309,0.1660884231,0.1634292611,0.6507962067,0.1857745322,False
2025-01-23,69,0,0.1803623798,0.6744138104,0.1452238099,0.1552555249,0.6757128497,0.1690316254,False
2025-01-24,70,1,0.2067353496,0.6112102526,0.1820543978,0.1786380814,0.6300163914,0.1913455271,False
2025-01-27,70,1,0.2501041725,0.4977948922,0.2521009353,0.2109585178,0.5412948912,0.2477465911,False
2025-01-28,70,0,0.225537,0.5557284482,0.2187345518,0.1925905926,0.5869370804,0.2204723269,False
2025-01-29,70,0,0.2427953277,0.5264655328,0.2307391395,0.2048925045,0.5642905008,0.2308169947,False
2025-01-30,70,-1,0.2304784562,0.5477927259,0.2217288179,0.1960784292,0.5808419832,0.2230795876,False
2025-01-31,70,1,0.262916019,0.4736802068,0.2634037741,0.2204936266,0.5219744867,0.2575318867,False
2025-02-03,70,1,0.2950397994,0.4055279458,0.2994322548,0.2457266879,0.4653387913,0.2889345208,False
2025-02-04,70,1,0.2655176052,0.4394649412,0.2950174536,0.224227612,0.493412412,0.2823599759,False
2025-02-05,70,0,0.2316516206,0.5297000256,0.2386483538,0.1975947865,0.5663514291,0.2360537845,False
2025-02-06,70,-1,0.2182738521,0.5566761192,0.2250500288,0.1878842308,0.5873147423,0.2248010269,False
2025-02-07,70,0,0.2561893714,0.4680444129,0.2757662157,0.2164812671,0.5170198895,0.2664988434,False
2025-02-10,70,1,0.2479660113,0.5166572306,0.2353767581,0.2086615086,0.5565900395,0.2347484519,False
2025-02-11,70,1,0.2504028201,0.4994015861,0.2501955938,0.2110688053,0.5426238915,0.2463073032,False
2025-02-12,70,1,0.2611290953,0.4865529398,0.2523179649,0.2186334485,0.5325533653,0.2488131861,False
2025-02-13,70,0,0.2185794827,0.5633809889,0.2180395284,0.1878268668,0.5926751219,0.2194980113,False
2025-02-14,70,0,0.2337579809,0.5395847476,0.2266572715,0.1985221937,0.5744160634,0.227061743,False
2025-02-18,70,1,0.1995269587,0.614774825,0.1856982163,0.1738748536,0.6323517054,0.1937734411,False
2025-02-19,70,0,0.2236843875,0.5536366806,0.2226789319,0.1914815398,0.5851645461,0.223353914,False
2025-02-20,70,-1,0.2494377357,0.4822244807,0.2683377836,0.2113462785,0.5284816654,0.2601720561,False
2025-02-21,70,-1,0.3002411101,0.3461016549,0.353657235,0.2539452945,0.41249734,0.3335573656,False
2025-02-24,70,-1,0.2995413008,0.3546591517,0.3457995474,0.2527415057,0.4202809705,0.3269775238,False
2025-02-25,71,0,0.2640139359,0.2681567132,0.4678293508,0.2462462019,0.3104376107,0.4433161874,False
2025-02-26,71,-1,0.2390898261,0.3049972577,0.4559129162,0.225768573,0.3460401649,0.4281912621,False
2025-02-27,71,1,0.2665437231,0.276645019,0.4568112578,0.2473335499,0.3189427462,0.4337237039,False
2025-02-28,71,-1,0.2854029481,0.3326259932,0.3819710587,0.2558772964,0.3735900513,0.3705326522,False
2025-03-03,71,-1,0.2737941749,0.2820433298,0.4441624953,0.2519933422,0.3244557553,0.4235509026,False
2025-03-04,71,1,0.308088379,0.3432725193,0.3486391017,0.2706305635,0.3843115585,0.3450578779,False
2025-03-05,71,-1,0.3079855595,0.3607498315,0.331264609,0.2691123726,0.4006528951,0.3302347323,False
2025-03-06,71,1,0.3186635222,0.3475207543,0.3338157235,0.2775531496,0.388653022,0.3337938284,False
2025-03-07,71,-1,0.308346986,0.3596372091,0.3320158049,0.2694508828,0.3996305094,0.3309186078,False
2025-03-10,71,-1,0.3207681875,0.3404823133,0.3387494992,0.2796105821,0.3820926335,0.3382967844,False
2025-03-11,71,-1,0.3218280808,0.3388873291,0.3392845902,0.2804813758,0.3806200757,0.3388985485,False
2025-03-12,71,-1,0.303568921,0.3812402505,0.3151908285,0.2644678912,0.4194136003,0.3161185085,False
2025-03-13,71,1,0.2972654711,0.3772216939,0.325512835,0.2604754964,0.4154968836,0.32402762,False
2025-03-14,71,1,0.2694031682,0.4456204392,0.2849763926,0.2368452838,0.4758463848,0.2873083314,False
2025-03-17,71,-1,0.2739387843,0.467132114,0.2589291017,0.2386015268,0.4949276578,0.2664708154,False
2025-03-18,71,1,0.2708049081,0.4656716542,0.2635234377,0.236579343,0.4934934633,0.2699271937,False
2025-03-19,71,0,0.2614035623,0.4709690155,0.2676274222,0.229954298,0.497657303,0.2723883991,False
2025-03-20,71,1,0.2555148566,0.4954230617,0.2490620816,0.2246668222,0.5185275961,0.2568055817,False
2025-03-21,71,0,0.2697097853,0.4496496249,0.2806405899,0.2368031311,0.4794029815,0.2837938874,False
2025-03-24,71,0,0.2223286904,0.5976003238,0.1800709857,0.1981343013,0.60336557,0.1985001287,False
2025-03-25,71,-1,0.2079789906,0.6222906711,0.1697303383,0.1877332893,0.6230491229,0.1892175878,False
2025-03-26,72,0,0.25,0.5,0.25,0.2431879154,0.5034699065,0.2533421782,False
2025-03-27,72,-1,0.25,0.5,0.25,0.2431879154,0.5034699065,0.2533421782,False
2025-03-28,72,1,0.25,0.5,0.25,0.2431879154,0.5034699065,0.2533421782,False
2025-03-31,72,0,0.25,0.5,0.25,0.2431879154,0.5034699065,0.2533421782,False
2025-04-01,72,1,0.25,0.5,0.25,0.2431879154,0.5034699065,0.2533421782,False
2025-04-02,72,-1,0.25,0.5,0.25,0.2431879154,0.5034699065,0.2533421782,False
2025-04-03,72,-1,0.25,0.5,0.25,0.2431879154,0.5034699065,0.2533421782,False
2025-04-04,72,1,0.25,0.5,0.25,0.2431879154,0.5034699065,0.2533421782,False
2025-04-07,72,-1,0.25,0.5,0.25,0.2431879154,0.5034699065,0.2533421782,False
2025-04-08,72,1,0.25,0.5,0.25,0.2431879154,0.5034699065,0.2533421782,False
2025-04-09,72,-1,0.25,0.5,0.25,0.2431879154,0.5034699065,0.2533421782,False
2025-04-10,72,1,0.25,0.5,0.25,0.2431879154,0.5034699065,0.2533421782,False
2025-04-11,72,0,0.25,0.5,0.25,0.2431879154,0.5034699065,0.2533421782,False
2025-04-14,72,0,0.25,0.5,0.25,0.2431879154,0.5034699065,0.2533421782,False
2025-04-15,72,0,0.25,0.5,0.25,0.2431879154,0.5034699065,0.2533421782,False
2025-04-16,72,0,0.25,0.5,0.25,0.2431879154,0.5034699065,0.2533421782,False
2025-04-17,72,-1,0.25,0.5,0.25,0.2431879154,0.5034699065,0.2533421782,False
2025-04-21,72,0,0.25,0.5,0.25,0.2431879154,0.5034699065,0.2533421782,False
2025-04-22,72,0,0.25,0.5,0.25,0.2431879154,0.5034699065,0.2533421782,False
2025-04-23,72,1,0.25,0.5,0.25,0.2431879154,0.5034699065,0.2533421782,False
2025-04-24,72,0,0.25,0.5,0.25,0.2431879154,0.5034699065,0.2533421782,False
2025-04-25,73,0,0.2502960916,0.4994078168,0.2502960916,0.2564676382,0.4902700146,0.2532623472,False
2025-04-28,73,0,0.2502960916,0.4994078168,0.2502960916,0.2564676382,0.4902700146,0.2532623472,False
2025-04-29,73,0,0.2502960916,0.4994078168,0.2502960916,0.2564676382,0.4902700146,0.2532623472,False
2025-04-30,73,0,0.2502960916,0.4994078168,0.2502960916,0.2564676382,0.4902700146,0.2532623472,False
2025-05-01,73,0,0.2502960916,0.4994078168,0.2502960916,0.2564676382,0.4902700146,0.2532623472,False
2025-05-02,73,0,0.2502960916,0.4994078168,0.2502960916,0.2564676382,0.4902700146,0.2532623472,False
2025-05-05,73,0,0.2502960916,0.4994078168,0.2502960916,0.2564676382,0.4902700146,0.2532623472,False
2025-05-06,73,0,0.2502960916,0.4994078168,0.2502960916,0.2564676382,0.4902700146,0.2532623472,False
2025-05-07,73,0,0.2502960916,0.4994078168,0.2502960916,0.2564676382,0.4902700146,0.2532623472,False
2025-05-08,73,0,0.2502960916,0.4994078168,0.2502960916,0.2564676382,0.4902700146,0.2532623472,False
2025-05-09,73,0,0.2502960916,0.4994078168,0.2502960916,0.2564676382,0.4902700146,0.2532623472,False
2025-05-12,73,0,0.2502960916,0.4994078168,0.2502960916,0.2564676382,0.4902700146,0.2532623472,False
2025-05-13,73,0,0.2502960916,0.4994078168,0.2502960916,0.2564676382,0.4902700146,0.2532623472,False
2025-05-14,73,1,0.2502960916,0.4994078168,0.2502960916,0.2564676382,0.4902700146,0.2532623472,False
2025-05-15,73,0,0.2502960916,0.4994078168,0.2502960916,0.2564676382,0.4902700146,0.2532623472,False
2025-05-16,73,1,0.2502960916,0.4994078168,0.2502960916,0.2564676382,0.4902700146,0.2532623472,False
2025-05-19,73,0,0.2502960916,0.4994078168,0.2502960916,0.2564676382,0.4902700146,0.2532623472,False
2025-05-20,73,-1,0.2502960916,0.4994078168,0.2502960916,0.2564676382,0.4902700146,0.2532623472,False
2025-05-21,73,0,0.2502960916,0.4994078168,0.2502960916,0.2564676382,0.4902700146,0.2532623472,False
2025-05-22,73,1,0.2502960916,0.4994078168,0.2502960916,0.2564676382,0.4902700146,0.2532623472,False
2025-05-23,73,1,0.2502960916,0.4994078168,0.2502960916,0.2564676382,0.4902700146,0.2532623472,False
2025-05-27,74,-1,0.2501957713,0.4996084573,0.2501957713,0.2433329277,0.5000278753,0.2566391971,False
2025-05-28,74,-1,0.2501957713,0.4996084573,0.2501957713,0.2433329277,0.5000278753,0.2566391971,False
2025-05-29,74,0,0.2501957713,0.4996084573,0.2501957713,0.2433329277,0.5000278753,0.2566391971,False
2025-05-30,74,1,0.2501957713,0.4996084573,0.2501957713,0.2433329277,0.5000278753,0.2566391971,False
2025-06-02,74,1,0.2501957713,0.4996084573,0.2501957713,0.2433329277,0.5000278753,0.2566391971,False
2025-06-03,74,0,0.2501957713,0.4996084573,0.2501957713,0.2433329277,0.5000278753,0.2566391971,False
2025-06-04,74,-1,0.2501957713,0.4996084573,0.2501957713,0.2433329277,0.5000278753,0.2566391971,False
2025-06-05,74,0,0.2501957713,0.4996084573,0.2501957713,0.2433329277,0.5000278753,0.2566391971,False
2025-06-06,74,0,0.2501957713,0.4996084573,0.2501957713,0.2433329277,0.5000278753,0.2566391971,False
2025-06-09,74,0,0.2501957713,0.4996084573,0.2501957713,0.2433329277,0.5000278753,0.2566391971,False
2025-06-10,74,-1,0.2501957713,0.4996084573,0.2501957713,0.2433329277,0.5000278753,0.2566391971,False
2025-06-11,74,1,0.2501957713,0.4996084573,0.2501957713,0.2433329277,0.5000278753,0.2566391971,False
2025-06-12,74,0,0.2501957713,0.4996084573,0.2501957713,0.2433329277,0.5000278753,0.2566391971,False
2025-06-13,74,0,0.2501957713,0.4996084573,0.2501957713,0.2433329277,0.5000278753,0.2566391971,False
2025-06-16,74,-1,0.2501957713,0.4996084573,0.2501957713,0.2433329277,0.5000278753,0.2566391971,False
2025-06-17,74,0,0.2501957713,0.4996084573,0.2501957713,0.2433329277,0.5000278753,0.2566391971,False
2025-06-18,74,-1,0.2501957713,0.4996084573,0.2501957713,0.2433329277,0.5000278753,0.2566391971,False
2025-06-20,74,1,0.2501957713,0.4996084573,0.2501957713,0.2433329277,0.5000278753,0.2566391971,False
2025-06-23,74,0,0.2501957713,0.4996084573,0.2501957713,0.2433329277,0.5000278753,0.2566391971,False
2025-06-24,74,0,0.2501957713,0.4996084573,0.2501957713,0.2433329277,0.5000278753,0.2566391971,False
2025-06-25,74,1,0.2501957713,0.4996084573,0.2501957713,0.2433329277,0.5000278753,0.2566391971,False
2025-06-26,75,0,0.2500970874,0.4998058252,0.2500970874,0.2466659299,0.4966665463,0.2566675238,False
2025-06-27,75,0,0.2500970874,0.4998058252,0.2500970874,0.2466659299,0.4966665463,0.2566675238,False
2025-06-30,75,0,0.2500970874,0.4998058252,0.2500970874,0.2466659299,0.4966665463,0.2566675238,False
2025-07-01,75,1,0.2500970874,0.4998058252,0.2500970874,0.2466659299,0.4966665463,0.2566675238,False
2025-07-02,75,1,0.2500970874,0.4998058252,0.2500970874,0.2466659299,0.4966665463,0.2566675238,False
2025-07-03,75,-1,0.2500970874,0.4998058252,0.2500970874,0.2466659299,0.4966665463,0.2566675238,False
2025-07-07,75,0,0.2500970874,0.4998058252,0.2500970874,0.2466659299,0.4966665463,0.2566675238,False
2025-07-08,75,0,0.2500970874,0.4998058252,0.2500970874,0.2466659299,0.4966665463,0.2566675238,False
2025-07-09,75,0,0.2500970874,0.4998058252,0.2500970874,0.2466659299,0.4966665463,0.2566675238,False
2025-07-10,75,0,0.2500970874,0.4998058252,0.2500970874,0.2466659299,0.4966665463,0.2566675238,False
2025-07-11,75,0,0.2500970874,0.4998058252,0.2500970874,0.2466659299,0.4966665463,0.2566675238,False
2025-07-14,75,-1,0.2500970874,0.4998058252,0.2500970874,0.2466659299,0.4966665463,0.2566675238,False
2025-07-15,75,0,0.2500970874,0.4998058252,0.2500970874,0.2466659299,0.4966665463,0.2566675238,False
2025-07-16,75,1,0.2500970874,0.4998058252,0.2500970874,0.2466659299,0.4966665463,0.2566675238,False
2025-07-17,75,-1,0.2500970874,0.4998058252,0.2500970874,0.2466659299,0.4966665463,0.2566675238,False
2025-07-18,75,0,0.2500970874,0.4998058252,0.2500970874,0.2466659299,0.4966665463,0.2566675238,False
2025-07-21,75,0,0.2500970874,0.4998058252,0.2500970874,0.2466659299,0.4966665463,0.2566675238,False
2025-07-22,75,1,0.2500970874,0.4998058252,0.2500970874,0.2466659299,0.4966665463,0.2566675238,False
2025-07-23,75,0,0.2500970874,0.4998058252,0.2500970874,0.2466659299,0.4966665463,0.2566675238,False
2025-07-24,75,1,0.2500970874,0.4998058252,0.2500970874,0.2466659299,0.4966665463,0.2566675238,False
2025-07-25,75,0,0.2500970874,0.4998058252,0.2500970874,0.2466659299,0.4966665463,0.2566675238,False
2025-07-28,76,-1,0.25,0.5,0.25,0.2433346021,0.5033336717,0.2533317262,False
2025-07-29,76,-1,0.25,0.5,0.25,0.2433346021,0.5033336717,0.2533317262,False
2025-07-30,76,-1,0.25,0.5,0.25,0.2433346021,0.5033336717,0.2533317262,False
2025-07-31,76,-1,0.25,0.5,0.25,0.2433346021,0.5033336717,0.2533317262,False
2025-08-01,76,1,0.25,0.5,0.25,0.2433346021,0.5033336717,0.2533317262,False
2025-08-04,76,-1,0.25,0.5,0.25,0.2433346021,0.5033336717,0.2533317262,False
2025-08-05,76,1,0.25,0.5,0.25,0.2433346021,0.5033336717,0.2533317262,False
2025-08-06,76,-1,0.25,0.5,0.25,0.2433346021,0.5033336717,0.2533317262,False
2025-08-07,76,1,0.25,0.5,0.25,0.2433346021,0.5033336717,0.2533317262,False
2025-08-08,76,0,0.25,0.5,0.25,0.2433346021,0.5033336717,0.2533317262,False
2025-08-11,76,1,0.25,0.5,0.25,0.2433346021,0.5033336717,0.2533317262,False
2025-08-12,76,0,0.25,0.5,0.25,0.2433346021,0.5033336717,0.2533317262,False
2025-08-13,76,0,0.25,0.5,0.25,0.2433346021,0.5033336717,0.2533317262,False
2025-08-14,76,-1,0.25,0.5,0.25,0.2433346021,0.5033336717,0.2533317262,False
2025-08-15,76,0,0.25,0.5,0.25,0.2433346021,0.5033336717,0.2533317262,False
2025-08-18,76,-1,0.25,0.5,0.25,0.2433346021,0.5033336717,0.2533317262,False
2025-08-19,76,0,0.25,0.5,0.25,0.2433346021,0.5033336717,0.2533317262,False
2025-08-20,76,0,0.25,0.5,0.25,0.2433346021,0.5033336717,0.2533317262,False
2025-08-21,76,1,0.25,0.5,0.25,0.2433346021,0.5033336717,0.2533317262,False
2025-08-22,76,0,0.25,0.5,0.25,0.2433346021,0.5033336717,0.2533317262,False
2025-08-25,76,1,0.25,0.5,0.25,0.2433346021,0.5033336717,0.2533317262,False
2025-08-26,77,0,0.2502865877,0.4994268246,0.2502865877,0.2633111004,0.4866733472,0.2500155524,False
2025-08-27,77,0,0.2502865877,0.4994268246,0.2502865877,0.2633111004,0.4866733472,0.2500155524,False
2025-08-28,77,-1,0.2502865877,0.4994268246,0.2502865877,0.2633111004,0.4866733472,0.2500155524,False
2025-08-29,77,1,0.2502865877,0.4994268246,0.2502865877,0.2633111004,0.4866733472,0.2500155524,False
2025-09-02,77,0,0.2502865877,0.4994268246,0.2502865877,0.2633111004,0.4866733472,0.2500155524,False
2025-09-03,77,1,0.2502865877,0.4994268246,0.2502865877,0.2633111004,0.4866733472,0.2500155524,False
2025-09-04,77,-1,0.2502865877,0.4994268246,0.2502865877,0.2633111004,0.4866733472,0.2500155524,False
2025-09-05,77,0,0.2502865877,0.4994268246,0.2502865877,0.2633111004,0.4866733472,0.2500155524,False
2025-09-08,77,0,0.2502865877,0.4994268246,0.2502865877,0.2633111004,0.4866733472,0.2500155524,False
2025-09-09,77,0,0.2502865877,0.4994268246,0.2502865877,0.2633111004,0.4866733472,0.2500155524,False
2025-09-10,77,1,0.2502865877,0.4994268246,0.2502865877,0.2633111004,0.4866733472,0.2500155524,False
2025-09-11,77,0,0.2502865877,0.4994268246,0.2502865877,0.2633111004,0.4866733472,0.2500155524,False
2025-09-12,77,0,0.2502865877,0.4994268246,0.2502865877,0.2633111004,0.4866733472,0.2500155524,False
2025-09-15,77,0,0.2502865877,0.4994268246,0.2502865877,0.2633111004,0.4866733472,0.2500155524,False
2025-09-16,77,0,0.2502865877,0.4994268246,0.2502865877,0.2633111004,0.4866733472,0.2500155524,False
2025-09-17,77,0,0.2502865877,0.4994268246,0.2502865877,0.2633111004,0.4866733472,0.2500155524,False
2025-09-18,77,0,0.2502865877,0.4994268246,0.2502865877,0.2633111004,0.4866733472,0.2500155524,False
2025-09-19,77,1,0.2502865877,0.4994268246,0.2502865877,0.2633111004,0.4866733472,0.2500155524,False
2025-09-22,77,-1,0.2502865877,0.4994268246,0.2502865877,0.2633111004,0.4866733472,0.2500155524,False
2025-09-23,77,-1,0.2502865877,0.4994268246,0.2502865877,0.2633111004,0.4866733472,0.2500155524,False
2025-09-24,77,0,0.2502865877,0.4994268246,0.2502865877,0.2633111004,0.4866733472,0.2500155524,False
2025-09-25,78,1,0.2501895375,0.4996209249,0.2501895375,0.2632783447,0.5033638387,0.2333578167,False
2025-09-26,78,0,0.2501895375,0.4996209249,0.2501895375,0.2632783447,0.5033638387,0.2333578167,False
2025-09-29,78,1,0.2501895375,0.4996209249,0.2501895375,0.2632783447,0.5033638387,0.2333578167,False
2025-09-30,78,1,0.2501895375,0.4996209249,0.2501895375,0.2632783447,0.5033638387,0.2333578167,False
2025-10-01,78,-1,0.2501895375,0.4996209249,0.2501895375,0.2632783447,0.5033638387,0.2333578167,False
2025-10-02,78,0,0.2501895375,0.4996209249,0.2501895375,0.2632783447,0.5033638387,0.2333578167,False
2025-10-03,78,0,0.2501895375,0.4996209249,0.2501895375,0.2632783447,0.5033638387,0.2333578167,False
2025-10-06,78,-1,0.2501895375,0.4996209249,0.2501895375,0.2632783447,0.5033638387,0.2333578167,False
2025-10-07,78,1,0.2501895375,0.4996209249,0.2501895375,0.2632783447,0.5033638387,0.2333578167,False
2025-10-08,78,-1,0.2501895375,0.4996209249,0.2501895375,0.2632783447,0.5033638387,0.2333578167,False
2025-10-09,78,-1,0.2501895375,0.4996209249,0.2501895375,0.2632783447,0.5033638387,0.2333578167,False
2025-10-10,78,0,0.2501895375,0.4996209249,0.2501895375,0.2632783447,0.5033638387,0.2333578167,False
2025-10-13,78,1,0.2501895375,0.4996209249,0.2501895375,0.2632783447,0.5033638387,0.2333578167,False
2025-10-14,78,0,0.2501895375,0.4996209249,0.2501895375,0.2632783447,0.5033638387,0.2333578167,False
2025-10-15,78,-1,0.2501895375,0.4996209249,0.2501895375,0.2632783447,0.5033638387,0.2333578167,False
2025-10-16,78,1,0.2501895375,0.4996209249,0.2501895375,0.2632783447,0.5033638387,0.2333578167,False
2025-10-17,78,1,0.2501895375,0.4996209249,0.2501895375,0.2632783447,0.5033638387,0.2333578167,False
2025-10-20,78,0,0.2501895375,0.4996209249,0.2501895375,0.2632783447,0.5033638387,0.2333578167,False
2025-10-21,78,-1,0.2501895375,0.4996209249,0.2501895375,0.2632783447,0.5033638387,0.2333578167,False
2025-10-22,78,1,0.2501895375,0.4996209249,0.2501895375,0.2632783447,0.5033638387,0.2333578167,False
2025-10-23,78,0,0.2501895375,0.4996209249,0.2501895375,0.2632783447,0.5033638387,0.2333578167,False
2025-10-24,79,0,0.2500940203,0.4998119594,0.2500940203,0.2533578804,0.4966933633,0.2499487563,False
2025-10-27,79,0,0.2500940203,0.4998119594,0.2500940203,0.2533578804,0.4966933633,0.2499487563,False
2025-10-28,79,0,0.2500940203,0.4998119594,0.2500940203,0.2533578804,0.4966933633,0.2499487563,False
2025-10-29,79,-1,0.2500940203,0.4998119594,0.2500940203,0.2533578804,0.4966933633,0.2499487563,False
2025-10-30,79,-1,0.2500940203,0.4998119594,0.2500940203,0.2533578804,0.4966933633,0.2499487563,False
2025-10-31,79,0,0.2500940203,0.4998119594,0.2500940203,0.2533578804,0.4966933633,0.2499487563,False
2025-11-03,79,0,0.2500940203,0.4998119594,0.2500940203,0.2533578804,0.4966933633,0.2499487563,False
2025-11-04,79,0,0.2500940203,0.4998119594,0.2500940203,0.2533578804,0.4966933633,0.2499487563,False
2025-11-05,79,-1,0.2500940203,0.4998119594,0.2500940203,0.2533578804,0.4966933633,0.2499487563,False
2025-11-06,79,0,0.2500940203,0.4998119594,0.2500940203,0.2533578804,0.4966933633,0.2499487563,False
2025-11-07,79,1,0.2500940203,0.4998119594,0.2500940203,0.2533578804,0.4966933633,0.2499487563,False
2025-11-10,79,1,0.2500940203,0.4998119594,0.2500940203,0.2533578804,0.4966933633,0.2499487563,False
2025-11-11,79,0,0.2500940203,0.4998119594,0.2500940203,0.2533578804,0.4966933633,0.2499487563,False
2025-11-12,79,-1,0.2500940203,0.4998119594,0.2500940203,0.2533578804,0.4966933633,0.2499487563,False
2025-11-13,79,1,0.2500940203,0.4998119594,0.2500940203,0.2533578804,0.4966933633,0.2499487563,False
2025-11-14,79,-1,0.2500940203,0.4998119594,0.2500940203,0.2533578804,0.4966933633,0.2499487563,False
2025-11-17,79,0,0.2500940203,0.4998119594,0.2500940203,0.2533578804,0.4966933633,0.2499487563,False
2025-11-18,79,0,0.2500940203,0.4998119594,0.2500940203,0.2533578804,0.4966933633,0.2499487563,False
2025-11-19,79,-1,0.2500940203,0.4998119594,0.2500940203,0.2533578804,0.4966933633,0.2499487563,False
2025-11-20,79,1,0.2500940203,0.4998119594,0.2500940203,0.2533578804,0.4966933633,0.2499487563,False
2025-11-21,79,1,0.2500940203,0.4998119594,0.2500940203,0.2533578804,0.4966933633,0.2499487563,False
2025-11-24,80,1,0.25,0.5,0.25,0.2633316646,0.4800063888,0.2566619466,False
2025-11-25,80,0,0.25,0.5,0.25,0.2633316646,0.4800063888,0.2566619466,False
2025-11-26,80,0,0.25,0.5,0.25,0.2633316646,0.4800063888,0.2566619466,False
2025-11-28,80,0,0.25,0.5,0.25,0.2633316646,0.4800063888,0.2566619466,False
2025-12-01,80,0,0.25,0.5,0.25,0.2633316646,0.4800063888,0.2566619466,False
2025-12-02,80,0,0.25,0.5,0.25,0.2633316646,0.4800063888,0.2566619466,False
2025-12-03,80,0,0.25,0.5,0.25,0.2633316646,0.4800063888,0.2566619466,False
2025-12-04,80,0,0.25,0.5,0.25,0.2633316646,0.4800063888,0.2566619466,False
2025-12-05,80,-1,0.25,0.5,0.25,0.2633316646,0.4800063888,0.2566619466,False
2025-12-08,80,0,0.25,0.5,0.25,0.2633316646,0.4800063888,0.2566619466,False
2025-12-09,80,1,0.25,0.5,0.25,0.2633316646,0.4800063888,0.2566619466,False
2025-12-10,80,1,0.25,0.5,0.25,0.2633316646,0.4800063888,0.2566619466,False
2025-12-11,80,-1,0.25,0.5,0.25,0.2633316646,0.4800063888,0.2566619466,False
2025-12-12,80,-1,0.25,0.5,0.25,0.2633316646,0.4800063888,0.2566619466,False
2025-12-15,80,0,0.25,0.5,0.25,0.2633316646,0.4800063888,0.2566619466,False
2025-12-16,80,-1,0.25,0.5,0.25,0.2633316646,0.4800063888,0.2566619466,False
2025-12-17,80,0,0.25,0.5,0.25,0.2633316646,0.4800063888,0.2566619466,False
2025-12-18,80,1,0.25,0.5,0.25,0.2633316646,0.4800063888,0.2566619466,False
2025-12-19,80,0,0.25,0.5,0.25,0.2633316646,0.4800063888,0.2566619466,False
2025-12-22,80,1,0.25,0.5,0.25,0.2633316646,0.4800063888,0.2566619466,False
2025-12-23,80,1,0.25,0.5,0.25,0.2633316646,0.4800063888,0.2566619466,False
2025-12-24,81,0,0.2502776749,0.4994446501,0.2502776749,0.2600109745,0.480016705,0.2599723205,False
2025-12-26,81,0,0.2502776749,0.4994446501,0.2502776749,0.2600109745,0.480016705,0.2599723205,False
2025-12-29,81,0,0.2502776749,0.4994446501,0.2502776749,0.2600109745,0.480016705,0.2599723205,False
2025-12-30,81,-1,0.2502776749,0.4994446501,0.2502776749,0.2600109745,0.480016705,0.2599723205,False
2025-12-31,81,-1,0.2502776749,0.4994446501,0.2502776749,0.2600109745,0.480016705,0.2599723205,False
2026-01-02,81,0,0.2502776749,0.4994446501,0.2502776749,0.2600109745,0.480016705,0.2599723205,False
2026-01-05,81,1,0.2502776749,0.4994446501,0.2502776749,0.2600109745,0.480016705,0.2599723205,False
2026-01-06,81,-1,0.2502776749,0.4994446501,0.2502776749,0.2600109745,0.480016705,0.2599723205,False
2026-01-07,81,0,0.2502776749,0.4994446501,0.2502776749,0.2600109745,0.480016705,0.2599723205,False
2026-01-08,81,1,0.2502776749,0.4994446501,0.2502776749,0.2600109745,0.480016705,0.2599723205,False
2026-01-09,81,1,0.2502776749,0.4994446501,0.2502776749,0.2600109745,0.480016705,0.2599723205,False
2026-01-12,81,-1,0.2502776749,0.4994446501,0.2502776749,0.2600109745,0.480016705,0.2599723205,False
2026-01-13,81,0,0.2502776749,0.4994446501,0.2502776749,0.2600109745,0.480016705,0.2599723205,False
2026-01-14,81,-1,0.2502776749,0.4994446501,0.2502776749,0.2600109745,0.480016705,0.2599723205,False
2026-01-15,81,-1,0.2502776749,0.4994446501,0.2502776749,0.2600109745,0.480016705,0.2599723205,False
2026-01-16,81,-1,0.2502776749,0.4994446501,0.2502776749,0.2600109745,0.480016705,0.2599723205,False
2026-01-20,81,1,0.2502776749,0.4994446501,0.2502776749,0.2600109745,0.480016705,0.2599723205,False
2026-01-21,81,0,0.2502776749,0.4994446501,0.2502776749,0.2600109745,0.480016705,0.2599723205,False
2026-01-22,81,0,0.2502776749,0.4994446501,0.2502776749,0.2600109745,0.480016705,0.2599723205,False
2026-01-23,81,0,0.2502776749,0.4994446501,0.2502776749,0.2600109745,0.480016705,0.2599723205,False
2026-01-26,81,0,0.2502776749,0.4994446501,0.2502776749,0.2600109745,0.480016705,0.2599723205,False
2026-01-27,82,0,0.2501836885,0.4996326231,0.2501836885,0.2633185041,0.4767087123,0.2599727837,False
2026-01-28,82,-1,0.2501836885,0.4996326231,0.2501836885,0.2633185041,0.4767087123,0.2599727837,False
2026-01-29,82,0,0.2501836885,0.4996326231,0.2501836885,0.2633185041,0.4767087123,0.2599727837,False
2026-01-30,82,1,0.2501836885,0.4996326231,0.2501836885,0.2633185041,0.4767087123,0.2599727837,False
2026-02-02,82,-1,0.2501836885,0.4996326231,0.2501836885,0.2633185041,0.4767087123,0.2599727837,False
2026-02-03,82,-1,0.2501836885,0.4996326231,0.2501836885,0.2633185041,0.4767087123,0.2599727837,False
2026-02-04,82,-1,0.2501836885,0.4996326231,0.2501836885,0.2633185041,0.4767087123,0.2599727837,False
2026-02-05,82,1,0.2501836885,0.4996326231,0.2501836885,0.2633185041,0.4767087123,0.2599727837,False
2026-02-06,82,1,0.2501836885,0.4996326231,0.2501836885,0.2633185041,0.4767087123,0.2599727837,False
2026-02-09,82,-1,0.2501836885,0.4996326231,0.2501836885,0.2633185041,0.4767087123,0.2599727837,False
2026-02-10,82,-1,0.2501836885,0.4996326231,0.2501836885,0.2633185041,0.4767087123,0.2599727837,False
2026-02-11,82,-1,0.2501836885,0.4996326231,0.2501836885,0.2633185041,0.4767087123,0.2599727837,False
2026-02-12,82,0,0.2501836885,0.4996326231,0.2501836885,0.2633185041,0.4767087123,0.2599727837,False
2026-02-13,82,0,0.2501836885,0.4996326231,0.2501836885,0.2633185041,0.4767087123,0.2599727837,False
2026-02-17,82,0,0.2501836885,0.4996326231,0.2501836885,0.2633185041,0.4767087123,0.2599727837,False
2026-02-18,82,0,0.2501836885,0.4996326231,0.2501836885,0.2633185041,0.4767087123,0.2599727837,False
2026-02-19,82,1,0.2501836885,0.4996326231,0.2501836885,0.2633185041,0.4767087123,0.2599727837,False
2026-02-20,82,-1,0.2501836885,0.4996326231,0.2501836885,0.2633185041,0.4767087123,0.2599727837,False
2026-02-23,82,1,0.2501836885,0.4996326231,0.2501836885,0.2633185041,0.4767087123,0.2599727837,False
2026-02-24,82,1,0.2501836885,0.4996326231,0.2501836885,0.2633185041,0.4767087123,0.2599727837,False
2026-02-25,82,-1,0.2501836885,0.4996326231,0.2501836885,0.2633185041,0.4767087123,0.2599727837,False
2026-02-26,83,0,0.2500911411,0.4998177178,0.2500911411,0.276620498,0.4533492315,0.2700302706,False
2026-02-27,83,1,0.2500911411,0.4998177178,0.2500911411,0.276620498,0.4533492315,0.2700302706,False
2026-03-02,83,1,0.2500911411,0.4998177178,0.2500911411,0.276620498,0.4533492315,0.2700302706,False
2026-03-03,83,1,0.2500911411,0.4998177178,0.2500911411,0.276620498,0.4533492315,0.2700302706,False
2026-03-04,83,0,0.2500911411,0.4998177178,0.2500911411,0.276620498,0.4533492315,0.2700302706,False
2026-03-05,83,0,0.2500911411,0.4998177178,0.2500911411,0.276620498,0.4533492315,0.2700302706,False
2026-03-06,83,1,0.2500911411,0.4998177178,0.2500911411,0.276620498,0.4533492315,0.2700302706,False
2026-03-09,83,0,0.2500911411,0.4998177178,0.2500911411,0.276620498,0.4533492315,0.2700302706,False
2026-03-10,83,0,0.2500911411,0.4998177178,0.2500911411,0.276620498,0.4533492315,0.2700302706,False
2026-03-11,83,-1,0.2500911411,0.4998177178,0.2500911411,0.276620498,0.4533492315,0.2700302706,False
2026-03-12,83,-1,0.2500911411,0.4998177178,0.2500911411,0.276620498,0.4533492315,0.2700302706,False
2026-03-13,83,0,0.2500911411,0.4998177178,0.2500911411,0.276620498,0.4533492315,0.2700302706,False
2026-03-16,83,0,0.2500911411,0.4998177178,0.2500911411,0.276620498,0.4533492315,0.2700302706,False
2026-03-17,83,-1,0.2500911411,0.4998177178,0.2500911411,0.276620498,0.4533492315,0.2700302706,False
2026-03-18,83,0,0.2500911411,0.4998177178,0.2500911411,0.276620498,0.4533492315,0.2700302706,False
2026-03-19,83,-1,0.2500911411,0.4998177178,0.2500911411,0.276620498,0.4533492315,0.2700302706,False
2026-03-20,83,-1,0.2500911411,0.4998177178,0.2500911411,0.276620498,0.4533492315,0.2700302706,False
2026-03-23,83,0,0.2500911411,0.4998177178,0.2500911411,0.276620498,0.4533492315,0.2700302706,False
2026-03-24,83,0,0.2500911411,0.4998177178,0.2500911411,0.276620498,0.4533492315,0.2700302706,False
2026-03-25,83,-1,0.2500911411,0.4998177178,0.2500911411,0.276620498,0.4533492315,0.2700302706,False
2026-03-26,83,-1,0.2500911411,0.4998177178,0.2500911411,0.276620498,0.4533492315,0.2700302706,False
2026-03-27,84,-1,0.3594947602,0.3147081185,0.3257971213,0.3992948415,0.2619363209,0.3387688376,False
2026-03-30,84,1,0.2990794394,0.3195784887,0.3813420719,0.3361699499,0.2710213951,0.3928086549,False
2026-03-31,84,0,0.3407538005,0.3469334126,0.3123127869,0.3770465811,0.2972544856,0.3256989333,False
2026-04-01,84,1,0.3003095392,0.4167115695,0.2829788913,0.328284749,0.3752375465,0.2964777045,False
2026-04-02,84,0,0.2661276955,0.5288085513,0.2050637532,0.2820147333,0.4980054232,0.2199798435,False
2026-04-06,84,0,0.2483067545,0.5468344342,0.2048588113,0.262086037,0.5186468344,0.2192671286,False
2026-04-07,84,0,0.2458131398,0.5491969175,0.2049899427,0.2593158391,0.5213631824,0.2193209785,False
2026-04-08,84,1,0.1594059027,0.6854507503,0.1551433469,0.1617461115,0.6686067284,0.16964716,False
2026-04-09,84,0,0.1498663073,0.7198785132,0.1302551795,0.1507580989,0.7034395927,0.1458023084,False
2026-04-10,84,1,0.1210983366,0.7798045266,0.09909713677,0.1200544307,0.7644397624,0.115505807,False
2026-04-13,84,1,0.1468006173,0.7233929934,0.1298063893,0.1475082913,0.7071520282,0.1453396805,False
2026-04-14,84,1,0.1209223196,0.7551685599,0.1239091205,0.120228774,0.7402964204,0.1394748056,False
2026-04-15,84,0,0.1187945834,0.7781305222,0.1030748944,0.1177102447,0.7629075231,0.1193822321,False
2026-04-16,84,0,0.1140028822,0.7874953935,0.09850172423,0.1127070842,0.7723842759,0.1149086399,False
2026-04-17,84,0,0.09371807368,0.8147887445,0.09149318185,0.09181451613,0.8001534029,0.108032081,False
2026-04-20,84,-1,0.1254527527,0.7567542526,0.1177929947,0.1248431858,0.7415136414,0.1336431728,False
2026-04-21,84,0,0.1675447829,0.6966798627,0.1357753544,0.1696948585,0.6789988519,0.1513062896,False
2026-04-22,84,0,0.1462106227,0.7165697032,0.1372196742,0.147098031,0.7004896941,0.1524122749,False
2026-04-23,84,0,0.1737740076,0.6748960649,0.1513299274,0.1769781058,0.6567592608,0.1662626334,False
2026-04-24,84,0,0.1249382577,0.7603494818,0.1147122605,0.1242544217,0.7450696266,0.1306759517,False
2026-04-27,84,0,0.167960061,0.6915011153,0.1405388237,0.1703155086,0.6738144984,0.155869993,False
2026-04-28,85,0,0.2088957734,0.6099011364,0.1812030903,0.2152904222,0.5873078002,0.1974017776,False
2026-04-29,85,1,0.2495874884,0.5642574901,0.1861550215,0.2623224351,0.5358509997,0.2018265652,False
2026-04-30,85,0,0.2158588705,0.5748548288,0.2092863006,0.2253666808,0.5523083029,0.2223250163,False
2026-05-01,85,0,0.2213250795,0.5749110585,0.203763862,0.2312335468,0.5513305101,0.2174359431,False
2026-05-04,85,0,0.266369672,0.5377482546,0.1958820734,0.2825313971,0.5070276371,0.2104409657,False
2026-05-05,85,1,0.236045477,0.5531728047,0.2107817184,0.2488282364,0.5275080919,0.2236636717,False
2026-05-06,85,-1,0.212512912,0.5578592558,0.2296278322,0.223126254,0.5365063078,0.2403674382,False
2026-05-07,85,1,0.2434552527,0.5429826902,0.213562057,0.2576602228,0.5162149762,0.2261248011,False
2026-05-08,85,1,0.1783495234,0.6382107509,0.1834397257,0.180716905,0.6199660017,0.1993170933,False
2026-05-11,85,0,0.2498372898,0.5404196168,0.2097430933,0.2647089007,0.5125545945,0.2227365048,False
2026-05-12,85,1,0.2473445031,0.5331201188,0.2195353781,0.2627217645,0.5058642746,0.2314139609,False
2026-05-13,85,1,0.2461251642,0.5616146889,0.1922601469,0.2588630113,0.5338920719,0.2072449168,False
2026-05-14,85,-1,0.2273086277,0.5757089969,0.1969823754,0.2375840944,0.5509872831,0.2114286225,False
2026-05-15,85,0,0.2881778465,0.53575859,0.1760635636,0.3057247588,0.5014455956,0.1928296456,False
2026-05-18,85,0,0.2856228641,0.4961186078,0.2182585281,0.30703993,0.462772189,0.230187881,False
2026-05-19,85,1,0.3518533432,0.3941709025,0.2539757543,0.3876809306,0.3512824954,0.261036574,False
2026-05-20,85,1,0.2946882941,0.4288706069,0.2764410989,0.3240670703,0.3943113921,0.2816215377,False
2026-05-21,85,0,0.3244574957,0.4345705983,0.240971906,0.3545721669,0.395468067,0.2499597661,False
2026-05-22,85,0,0.2857237684,0.4705521908,0.2437240408,0.3098983677,0.4374035395,0.2526980928,False
2026-05-26,85,0,0.2723445238,0.4271583973,0.3004970789,0.3004177076,0.3961711707,0.3034111217,False
2026-05-27,85,1,0.2457751233,0.4620692086,0.2921556681,0.2679997444,0.4358039466,0.296196309,False
2026-05-28,86,0,0.242503962,0.4944765481,0.2630194899,0.2306090479,0.4822562606,0.2871346915,False
2026-05-29,86,1,0.2267737048,0.5184264662,0.2547998291,0.2164212729,0.5045418104,0.2790369167,False
2026-06-01,86,1,0.2606688275,0.4398159099,0.2995152627,0.2481426338,0.4310416915,0.3208156747,False
2026-06-02,86,-1,0.2369229537,0.5253491733,0.237727873,0.224843024,0.511084092,0.2640728841,False
2026-06-03,86,1,0.2914992802,0.4149952096,0.2935055102,0.2754723606,0.4075715578,0.3169560816,False
2026-06-04,86,-1,0.2522719475,0.4687927424,0.2789353101,0.2398536662,0.4582405899,0.3019057439,False
2026-06-05,86,-1,0.3396585365,0.3162537941,0.3440876694,0.3215953453,0.3131261099,0.3652785448,False
2026-06-08,86,-1,0.3560938275,0.2999486619,0.3439575106,0.3366561027,0.2972907714,0.3660531258,False
2026-06-09,86,-1,0.3442471128,0.2778309101,0.3779219771,0.3276935048,0.2759593838,0.3963471114,False
2026-06-10,86,1,0.403780428,0.2352218316,0.3609977404,0.3818622957,0.2339987741,0.3841389302,False
2026-06-11,86,0,0.3109239392,0.2943456138,0.3947304469,0.298060362,0.2922223438,0.4097172942,False
2026-06-12,86,0,0.2849336187,0.4111841865,0.3038821948,0.2700406855,0.4039768453,0.3259824692,False
2026-06-15,86,-1,0.2576267881,0.4496588735,0.2927143384,0.2451547812,0.440293809,0.3145514098,False
2026-06-16,86,-1,0.2565985616,0.4257245146,0.3176769238,0.2452588195,0.4178171066,0.3369240739,False
2026-06-17,86,0,0.2936027447,0.3568050284,0.3495922269,0.2799921401,0.3523038923,0.3677039676,False
2026-06-18,86,-1,0.2653615234,0.3956494135,0.3389890631,0.254035931,0.3894031501,0.3565609189,False
2026-06-22,86,0,0.2891687406,0.450164424,0.2606668355,0.2720059485,0.4408363115,0.28715774,False
2026-06-23,86,0,0.3264838556,0.3672486483,0.3062674962,0.3076231152,0.3621029079,0.330273977,False
2026-06-24,86,-1,0.2453815692,0.4038764704,0.3507419604,0.236608205,0.3973585431,0.366033252,False
2026-06-25,86,0,0.2791167776,0.3646941336,0.3561890888,0.2672169443,0.3599365044,0.3728465513,False
2026-06-26,86,1,0.252513506,0.42388037,0.323606124,0.2418532362,0.4161121365,0.3420346273,False
2026-06-29,87,1,0.2575013376,0.4324222259,0.3100764365,0.2596513095,0.4373313163,0.3030173742,False
2026-06-30,87,0,0.260994517,0.4787885491,0.2602169339,0.2581191096,0.4710940649,0.2707868256,False
2026-07-01,87,0,0.2569791562,0.4735014413,0.2695194026,0.2555264433,0.467737628,0.2767359287,False
2026-07-02,87,0,0.2450025029,0.5218409785,0.2331565187,0.2424761091,0.5045351261,0.2529887648,False
2026-07-06,87,0,0.1964131206,0.6088301782,0.1947567012,0.1990255208,0.5738776153,0.2270968639,False
2026-07-07,87,0,0.2474594941,0.5499456737,0.2025948322,0.2423243633,0.5247052975,0.2329703392,False
2026-07-08,87,1,0.2519534221,0.5326796718,0.215366906,0.2469716181,0.5115654434,0.2414629385,False
2026-07-09,87,0,0.2204298716,0.5637416887,0.2158284398,0.2205911451,0.5380819803,0.2413268746,False
2026-07-10,87,-1,0.1777058288,0.6602630768,0.1620310944,0.1814941716,0.6138759352,0.2046298933,False
2026-07-13,87,0,0.2989857327,0.4755050182,0.2255092491,0.2869245332,0.4642000988,0.248875368,False
2026-07-14,87,0,0.2502450422,0.505750866,0.2440040918,0.2477232835,0.4921614988,0.2601152177,False
2026-07-15,87,0,0.2140169348,0.5383178507,0.2476652145,0.2173449549,0.5206704162,0.261984629,False
2026-07-16,87,0,0.2794191115,0.4656437477,0.2549371408,0.2731703571,0.4591451989,0.267684444,False
2026-07-17,87,-1,0.2947835731,0.412205875,0.2930105519,0.2898348515,0.4175025783,0.2926625701,False
2026-07-20,87,0,0.3665348969,0.3402582737,0.2932068294,0.351109003,0.3543975769,0.29449342,False
2026-07-21,87,0,0.2868922501,0.4586608405,0.2544469094,0.2794039497,0.453095467,0.2675005833,False
2026-07-22,87,0,0.3249302196,0.4356035522,0.2394662283,0.3098335812,0.4316946893,0.2584717295,False
2026-07-23,87,0,0.3630732772,0.3482150444,0.2887116783,0.3475669322,0.3609801552,0.2914529126,False
2026-07-24,87,-1,0.3206142711,0.4233330596,0.2560526693,0.307874474,0.4229360153,0.2691895107,False
2026-07-27,87,0,0.312058877,0.3818987962,0.3060423268,0.3059853255,0.3924739524,0.3015407221,False
2026-07-28,87,-1,0.3029223413,0.3703897024,0.3266879563,0.3004680528,0.3846692708,0.3148626764,False
2026-07-29,88,1,0.3793932622,0.2735871025,0.3470196353,0.332476255,0.3587005161,0.3088232289,False
2026-07-30,88,0,0.2974853675,0.3979151212,0.3045995113,0.2838701976,0.4323407051,0.2837890973,False
2026-07-31,88,1,0.2822709428,0.5027018444,0.2150272129,0.2701761152,0.4879786214,0.2418452634,False
2026-08-03,88,1,0.2499204243,0.467132862,0.2829467137,0.2570093259,0.4709003896,0.2720902845,False
2026-08-04,88,-1,0.2313725189,0.5628140463,0.2058134347,0.2428733638,0.5211995617,0.2359270744,False
2026-08-05,88,0,0.1937226381,0.6348577191,0.1714196428,0.2207173838,0.5611822239,0.2181003922,False
2026-08-06,88,0,0.1957513157,0.6416712419,0.1625774424,0.2215377199,0.5648566263,0.2136056538,False
2026-08-07,88,0,0.1576052272,0.673556188,0.1688385849,0.1995154278,0.5843683504,0.2161162218,False
2026-08-10,88,-1,0.1981894818,0.6331213478,0.1686891704,0.2231299043,0.5600636471,0.2168064485,False
2026-08-11,88,0,0.1967509398,0.6220682136,0.1811808466,0.2228024597,0.5541178262,0.2230797141,False
2026-08-12,88,0,0.2005624167,0.6156112126,0.1838263706,0.2250452374,0.5504762137,0.2244785489,False
2026-08-13,88,0,0.1899421182,0.6058400324,0.2042178494,0.2199190668,0.5458753508,0.2342055823,False
2026-08-14,88,-1,0.1896527207,0.6544358937,0.1559113856,0.2178537304,0.5721601334,0.2099861362,False
2026-08-17,88,0,0.243779941,0.552827797,0.203392262,0.2494007487,0.5154938467,0.2351054046,False
2026-08-18,88,0,0.2645463491,0.4852724073,0.2501812436,0.2628325732,0.4795133603,0.2576540665,False
2026-08-19,88,-1,0.2571592065,0.4749831228,0.2678576706,0.259960388,0.4745510756,0.2654885364,False
2026-08-20,88,0,0.3332925799,0.3916471313,0.2750602888,0.3005454866,0.4275728029,0.2718817105,False
